Date,Open,High,Low,Close,Volume
1990-01-02,359.69,359.69,359.69,359.69,
1990-01-03,358.76,358.76,358.76,358.76,
1990-01-04,355.67,355.67,355.67,355.67,
1990-01-05,352.2,352.2,352.2,352.2,
1990-01-08,353.79,353.79,353.79,353.79,
1990-01-09,349.62,349.62,349.62,349.62,
1990-01-10,347.31,347.31,347.31,347.31,
1990-01-11,348.53,348.53,348.53,348.53,
1990-01-12,339.93,339.93,339.93,339.93,
1990-01-15,337.0,337.0,337.0,337.0,
1990-01-16,340.75,340.75,340.75,340.75,
1990-01-17,337.4,337.4,337.4,337.4,
1990-01-18,338.19,338.19,338.19,338.19,
1990-01-19,339.15,339.15,339.15,339.15,
1990-01-22,330.38,330.38,330.38,330.38,
1990-01-23,331.61,331.61,331.61,331.61,
1990-01-24,330.26,330.26,330.26,330.26,
1990-01-25,326.08,326.08,326.08,326.08,
1990-01-26,325.8,325.8,325.8,325.8,
1990-01-29,325.2,325.2,325.2,325.2,
1990-01-30,322.98,322.98,322.98,322.98,
1990-01-31,329.08,329.08,329.08,329.08,
1990-02-01,328.79,328.79,328.79,328.79,
1990-02-02,330.92,330.92,330.92,330.92,
1990-02-05,331.85,331.85,331.85,331.85,
1990-02-06,329.66,329.66,329.66,329.66,
1990-02-07,333.75,333.75,333.75,333.75,
1990-02-08,332.96,332.96,332.96,332.96,
1990-02-09,333.62,333.62,333.62,333.62,
1990-02-12,330.08,330.08,330.08,330.08,
1990-02-13,331.02,331.02,331.02,331.02,
1990-02-14,332.01,332.01,332.01,332.01,
1990-02-15,334.89,334.89,334.89,334.89,
1990-02-16,332.72,332.72,332.72,332.72,
1990-02-20,327.99,327.99,327.99,327.99,
1990-02-21,327.67,327.67,327.67,327.67,
1990-02-22,325.7,325.7,325.7,325.7,
1990-02-23,324.15,324.15,324.15,324.15,
1990-02-26,328.67,328.67,328.67,328.67,
1990-02-27,330.26,330.26,330.26,330.26,
1990-02-28,331.89,331.89,331.89,331.89,
1990-03-01,332.74,332.74,332.74,332.74,
1990-03-02,335.54,335.54,335.54,335.54,
1990-03-05,333.74,333.74,333.74,333.74,
1990-03-06,337.93,337.93,337.93,337.93,
1990-03-07,336.95,336.95,336.95,336.95,
1990-03-08,340.27,340.27,340.27,340.27,
1990-03-09,337.93,337.93,337.93,337.93,
1990-03-12,338.67,338.67,338.67,338.67,
1990-03-13,336.0,336.0,336.0,336.0,
1990-03-14,336.87,336.87,336.87,336.87,
1990-03-15,338.07,338.07,338.07,338.07,
1990-03-16,341.91,341.91,341.91,341.91,
1990-03-19,343.53,343.53,343.53,343.53,
1990-03-20,341.57,341.57,341.57,341.57,
1990-03-21,339.74,339.74,339.74,339.74,
1990-03-22,335.69,335.69,335.69,335.69,
1990-03-23,337.22,337.22,337.22,337.22,
1990-03-26,337.63,337.63,337.63,337.63,
1990-03-27,341.5,341.5,341.5,341.5,
1990-03-28,342.0,342.0,342.0,342.0,
1990-03-29,340.79,340.79,340.79,340.79,
1990-03-30,339.94,339.94,339.94,339.94,
1990-04-02,338.7,338.7,338.7,338.7,
1990-04-03,343.64,343.64,343.64,343.64,
1990-04-04,341.09,341.09,341.09,341.09,
1990-04-05,340.73,340.73,340.73,340.73,
1990-04-06,340.08,340.08,340.08,340.08,
1990-04-09,341.37,341.37,341.37,341.37,
1990-04-10,342.07,342.07,342.07,342.07,
1990-04-11,341.92,341.92,341.92,341.92,
1990-04-12,344.34,344.34,344.34,344.34,
1990-04-16,344.74,344.74,344.74,344.74,
1990-04-17,344.68,344.68,344.68,344.68,
1990-04-18,340.72,340.72,340.72,340.72,
1990-04-19,338.09,338.09,338.09,338.09,
1990-04-20,335.12,335.12,335.12,335.12,
1990-04-23,331.05,331.05,331.05,331.05,
1990-04-24,330.36,330.36,330.36,330.36,
1990-04-25,332.03,332.03,332.03,332.03,
1990-04-26,332.92,332.92,332.92,332.92,
1990-04-27,329.11,329.11,329.11,329.11,
1990-04-30,330.8,330.8,330.8,330.8,
1990-05-01,332.25,332.25,332.25,332.25,
1990-05-02,334.48,334.48,334.48,334.48,
1990-05-03,335.57,335.57,335.57,335.57,
1990-05-04,338.39,338.39,338.39,338.39,
1990-05-07,340.53,340.53,340.53,340.53,
1990-05-08,342.01,342.01,342.01,342.01,
1990-05-09,342.86,342.86,342.86,342.86,
1990-05-10,343.82,343.82,343.82,343.82,
1990-05-11,352.0,352.0,352.0,352.0,
1990-05-14,354.75,354.75,354.75,354.75,
1990-05-15,354.28,354.28,354.28,354.28,
1990-05-16,354.0,354.0,354.0,354.0,
1990-05-17,354.47,354.47,354.47,354.47,
1990-05-18,354.64,354.64,354.64,354.64,
1990-05-21,358.0,358.0,358.0,358.0,
1990-05-22,358.43,358.43,358.43,358.43,
1990-05-23,359.29,359.29,359.29,359.29,
1990-05-24,358.41,358.41,358.41,358.41,
1990-05-25,354.58,354.58,354.58,354.58,
1990-05-29,360.65,360.65,360.65,360.65,
1990-05-30,360.86,360.86,360.86,360.86,
1990-05-31,361.23,361.23,361.23,361.23,
1990-06-01,363.16,363.16,363.16,363.16,
1990-06-04,367.4,367.4,367.4,367.4,
1990-06-05,366.64,366.64,366.64,366.64,
1990-06-06,364.96,364.96,364.96,364.96,
1990-06-07,363.15,363.15,363.15,363.15,
1990-06-08,358.71,358.71,358.71,358.71,
1990-06-11,361.63,361.63,361.63,361.63,
1990-06-12,366.25,366.25,366.25,366.25,
1990-06-13,364.9,364.9,364.9,364.9,
1990-06-14,362.9,362.9,362.9,362.9,
1990-06-15,362.91,362.91,362.91,362.91,
1990-06-18,356.88,356.88,356.88,356.88,
1990-06-19,358.47,358.47,358.47,358.47,
1990-06-20,359.1,359.1,359.1,359.1,
1990-06-21,360.47,360.47,360.47,360.47,
1990-06-22,355.43,355.43,355.43,355.43,
1990-06-25,352.31,352.31,352.31,352.31,
1990-06-26,352.06,352.06,352.06,352.06,
1990-06-27,355.14,355.14,355.14,355.14,
1990-06-28,357.63,357.63,357.63,357.63,
1990-06-29,358.02,358.02,358.02,358.02,
1990-07-02,359.54,359.54,359.54,359.54,
1990-07-03,360.16,360.16,360.16,360.16,
1990-07-05,355.68,355.68,355.68,355.68,
1990-07-06,358.42,358.42,358.42,358.42,
1990-07-09,359.52,359.52,359.52,359.52,
1990-07-10,356.49,356.49,356.49,356.49,
1990-07-11,361.23,361.23,361.23,361.23,
1990-07-12,365.44,365.44,365.44,365.44,
1990-07-13,367.31,367.31,367.31,367.31,
1990-07-16,368.95,368.95,368.95,368.95,
1990-07-17,367.52,367.52,367.52,367.52,
1990-07-18,364.22,364.22,364.22,364.22,
1990-07-19,365.32,365.32,365.32,365.32,
1990-07-20,361.61,361.61,361.61,361.61,
1990-07-23,355.31,355.31,355.31,355.31,
1990-07-24,355.79,355.79,355.79,355.79,
1990-07-25,357.09,357.09,357.09,357.09,
1990-07-26,355.91,355.91,355.91,355.91,
1990-07-27,353.44,353.44,353.44,353.44,
1990-07-30,355.55,355.55,355.55,355.55,
1990-07-31,356.15,356.15,356.15,356.15,
1990-08-01,355.52,355.52,355.52,355.52,
1990-08-02,351.48,351.48,351.48,351.48,
1990-08-03,344.86,344.86,344.86,344.86,
1990-08-06,334.43,334.43,334.43,334.43,
1990-08-07,334.83,334.83,334.83,334.83,
1990-08-08,338.35,338.35,338.35,338.35,
1990-08-09,339.94,339.94,339.94,339.94,
1990-08-10,335.52,335.52,335.52,335.52,
1990-08-13,338.84,338.84,338.84,338.84,
1990-08-14,339.39,339.39,339.39,339.39,
1990-08-15,340.06,340.06,340.06,340.06,
1990-08-16,332.39,332.39,332.39,332.39,
1990-08-17,327.83,327.83,327.83,327.83,
1990-08-20,328.51,328.51,328.51,328.51,
1990-08-21,321.86,321.86,321.86,321.86,
1990-08-22,316.55,316.55,316.55,316.55,
1990-08-23,307.06,307.06,307.06,307.06,
1990-08-24,311.51,311.51,311.51,311.51,
1990-08-27,321.44,321.44,321.44,321.44,
1990-08-28,321.34,321.34,321.34,321.34,
1990-08-29,324.19,324.19,324.19,324.19,
1990-08-30,318.71,318.71,318.71,318.71,
1990-08-31,322.56,322.56,322.56,322.56,
1990-09-04,323.09,323.09,323.09,323.09,
1990-09-05,324.39,324.39,324.39,324.39,
1990-09-06,320.46,320.46,320.46,320.46,
1990-09-07,323.4,323.4,323.4,323.4,
1990-09-10,321.63,321.63,321.63,321.63,
1990-09-11,321.04,321.04,321.04,321.04,
1990-09-12,322.54,322.54,322.54,322.54,
1990-09-13,318.65,318.65,318.65,318.65,
1990-09-14,316.83,316.83,316.83,316.83,
1990-09-17,317.77,317.77,317.77,317.77,
1990-09-18,318.6,318.6,318.6,318.6,
1990-09-19,316.6,316.6,316.6,316.6,
1990-09-20,311.48,311.48,311.48,311.48,
1990-09-21,311.32,311.32,311.32,311.32,
1990-09-24,304.59,304.59,304.59,304.59,
1990-09-25,308.26,308.26,308.26,308.26,
1990-09-26,305.06,305.06,305.06,305.06,
1990-09-27,300.97,300.97,300.97,300.97,
1990-09-28,306.05,306.05,306.05,306.05,
1990-10-01,314.94,314.94,314.94,314.94,
1990-10-02,315.21,315.21,315.21,315.21,
1990-10-03,311.4,311.4,311.4,311.4,
1990-10-04,312.69,312.69,312.69,312.69,
1990-10-05,311.5,311.5,311.5,311.5,
1990-10-08,313.48,313.48,313.48,313.48,
1990-10-09,305.1,305.1,305.1,305.1,
1990-10-10,300.39,300.39,300.39,300.39,
1990-10-11,295.46,295.46,295.46,295.46,
1990-10-12,300.03,300.03,300.03,300.03,
1990-10-15,303.23,303.23,303.23,303.23,
1990-10-16,298.92,298.92,298.92,298.92,
1990-10-17,298.76,298.76,298.76,298.76,
1990-10-18,305.74,305.74,305.74,305.74,
1990-10-19,312.48,312.48,312.48,312.48,
1990-10-22,314.76,314.76,314.76,314.76,
1990-10-23,312.36,312.36,312.36,312.36,
1990-10-24,312.6,312.6,312.6,312.6,
1990-10-25,310.17,310.17,310.17,310.17,
1990-10-26,304.71,304.71,304.71,304.71,
1990-10-29,301.88,301.88,301.88,301.88,
1990-10-30,304.06,304.06,304.06,304.06,
1990-10-31,304.0,304.0,304.0,304.0,
1990-11-01,307.02,307.02,307.02,307.02,
1990-11-02,311.85,311.85,311.85,311.85,
1990-11-05,314.59,314.59,314.59,314.59,
1990-11-06,311.62,311.62,311.62,311.62,
1990-11-07,306.01,306.01,306.01,306.01,
1990-11-08,307.61,307.61,307.61,307.61,
1990-11-09,313.74,313.74,313.74,313.74,
1990-11-12,319.48,319.48,319.48,319.48,
1990-11-13,317.67,317.67,317.67,317.67,
1990-11-14,320.4,320.4,320.4,320.4,
1990-11-15,317.02,317.02,317.02,317.02,
1990-11-16,317.12,317.12,317.12,317.12,
1990-11-19,319.34,319.34,319.34,319.34,
1990-11-20,315.31,315.31,315.31,315.31,
1990-11-21,316.03,316.03,316.03,316.03,
1990-11-23,315.1,315.1,315.1,315.1,
1990-11-26,316.51,316.51,316.51,316.51,
1990-11-27,318.1,318.1,318.1,318.1,
1990-11-28,317.95,317.95,317.95,317.95,
1990-11-29,316.42,316.42,316.42,316.42,
1990-11-30,322.22,322.22,322.22,322.22,
1990-12-03,324.1,324.1,324.1,324.1,
1990-12-04,326.35,326.35,326.35,326.35,
1990-12-05,329.92,329.92,329.92,329.92,
1990-12-06,329.07,329.07,329.07,329.07,
1990-12-07,327.75,327.75,327.75,327.75,
1990-12-10,328.89,328.89,328.89,328.89,
1990-12-11,326.44,326.44,326.44,326.44,
1990-12-12,330.19,330.19,330.19,330.19,
1990-12-13,329.34,329.34,329.34,329.34,
1990-12-14,326.82,326.82,326.82,326.82,
1990-12-17,326.02,326.02,326.02,326.02,
1990-12-18,330.05,330.05,330.05,330.05,
1990-12-19,330.2,330.2,330.2,330.2,
1990-12-20,330.12,330.12,330.12,330.12,
1990-12-21,331.75,331.75,331.75,331.75,
1990-12-24,329.9,329.9,329.9,329.9,
1990-12-26,330.85,330.85,330.85,330.85,
1990-12-27,328.29,328.29,328.29,328.29,
1990-12-28,328.72,328.72,328.72,328.72,
1990-12-31,330.22,330.22,330.22,330.22,
1991-01-02,326.45,326.45,326.45,326.45,
1991-01-03,321.91,321.91,321.91,321.91,
1991-01-04,321.0,321.0,321.0,321.0,
1991-01-07,315.44,315.44,315.44,315.44,
1991-01-08,314.9,314.9,314.9,314.9,
1991-01-09,311.49,311.49,311.49,311.49,
1991-01-10,314.53,314.53,314.53,314.53,
1991-01-11,315.23,315.23,315.23,315.23,
1991-01-14,312.49,312.49,312.49,312.49,
1991-01-15,313.73,313.73,313.73,313.73,
1991-01-16,316.17,316.17,316.17,316.17,
1991-01-17,327.97,327.97,327.97,327.97,
1991-01-18,332.23,332.23,332.23,332.23,
1991-01-21,331.06,331.06,331.06,331.06,
1991-01-22,328.31,328.31,328.31,328.31,
1991-01-23,330.21,330.21,330.21,330.21,
1991-01-24,334.78,334.78,334.78,334.78,
1991-01-25,336.07,336.07,336.07,336.07,
1991-01-28,336.03,336.03,336.03,336.03,
1991-01-29,335.84,335.84,335.84,335.84,
1991-01-30,340.91,340.91,340.91,340.91,
1991-01-31,343.93,343.93,343.93,343.93,
1991-02-01,343.05,343.05,343.05,343.05,
1991-02-04,348.34,348.34,348.34,348.34,
1991-02-05,351.26,351.26,351.26,351.26,
1991-02-06,358.07,358.07,358.07,358.07,
1991-02-07,356.52,356.52,356.52,356.52,
1991-02-08,359.35,359.35,359.35,359.35,
1991-02-11,368.58,368.58,368.58,368.58,
1991-02-12,365.5,365.5,365.5,365.5,
1991-02-13,369.02,369.02,369.02,369.02,
1991-02-14,364.22,364.22,364.22,364.22,
1991-02-15,369.06,369.06,369.06,369.06,
1991-02-19,369.39,369.39,369.39,369.39,
1991-02-20,365.14,365.14,365.14,365.14,
1991-02-21,364.97,364.97,364.97,364.97,
1991-02-22,365.65,365.65,365.65,365.65,
1991-02-25,367.26,367.26,367.26,367.26,
1991-02-26,362.81,362.81,362.81,362.81,
1991-02-27,367.74,367.74,367.74,367.74,
1991-02-28,367.07,367.07,367.07,367.07,
1991-03-01,370.47,370.47,370.47,370.47,
1991-03-04,369.33,369.33,369.33,369.33,
1991-03-05,376.72,376.72,376.72,376.72,
1991-03-06,376.17,376.17,376.17,376.17,
1991-03-07,375.91,375.91,375.91,375.91,
1991-03-08,374.95,374.95,374.95,374.95,
1991-03-11,372.96,372.96,372.96,372.96,
1991-03-12,370.03,370.03,370.03,370.03,
1991-03-13,374.57,374.57,374.57,374.57,
1991-03-14,373.5,373.5,373.5,373.5,
1991-03-15,373.59,373.59,373.59,373.59,
1991-03-18,372.11,372.11,372.11,372.11,
1991-03-19,366.59,366.59,366.59,366.59,
1991-03-20,367.92,367.92,367.92,367.92,
1991-03-21,366.58,366.58,366.58,366.58,
1991-03-22,367.48,367.48,367.48,367.48,
1991-03-25,369.83,369.83,369.83,369.83,
1991-03-26,376.3,376.3,376.3,376.3,
1991-03-27,375.35,375.35,375.35,375.35,
1991-03-28,375.22,375.22,375.22,375.22,
1991-04-01,371.3,371.3,371.3,371.3,
1991-04-02,379.5,379.5,379.5,379.5,
1991-04-03,378.94,378.94,378.94,378.94,
1991-04-04,379.77,379.77,379.77,379.77,
1991-04-05,375.36,375.36,375.36,375.36,
1991-04-08,378.66,378.66,378.66,378.66,
1991-04-09,373.56,373.56,373.56,373.56,
1991-04-10,373.15,373.15,373.15,373.15,
1991-04-11,377.63,377.63,377.63,377.63,
1991-04-12,380.4,380.4,380.4,380.4,
1991-04-15,381.19,381.19,381.19,381.19,
1991-04-16,387.62,387.62,387.62,387.62,
1991-04-17,390.45,390.45,390.45,390.45,
1991-04-18,388.46,388.46,388.46,388.46,
1991-04-19,384.2,384.2,384.2,384.2,
1991-04-22,380.95,380.95,380.95,380.95,
1991-04-23,381.76,381.76,381.76,381.76,
1991-04-24,382.76,382.76,382.76,382.76,
1991-04-25,379.25,379.25,379.25,379.25,
1991-04-26,379.02,379.02,379.02,379.02,
1991-04-29,373.66,373.66,373.66,373.66,
1991-04-30,375.34,375.34,375.34,375.34,
1991-05-01,380.29,380.29,380.29,380.29,
1991-05-02,380.52,380.52,380.52,380.52,
1991-05-03,380.8,380.8,380.8,380.8,
1991-05-06,380.08,380.08,380.08,380.08,
1991-05-07,377.32,377.32,377.32,377.32,
1991-05-08,378.51,378.51,378.51,378.51,
1991-05-09,383.25,383.25,383.25,383.25,
1991-05-10,375.74,375.74,375.74,375.74,
1991-05-13,376.76,376.76,376.76,376.76,
1991-05-14,371.62,371.62,371.62,371.62,
1991-05-15,368.57,368.57,368.57,368.57,
1991-05-16,372.19,372.19,372.19,372.19,
1991-05-17,372.39,372.39,372.39,372.39,
1991-05-20,372.28,372.28,372.28,372.28,
1991-05-21,375.35,375.35,375.35,375.35,
1991-05-22,376.19,376.19,376.19,376.19,
1991-05-23,374.96,374.96,374.96,374.96,
1991-05-24,377.49,377.49,377.49,377.49,
1991-05-28,381.94,381.94,381.94,381.94,
1991-05-29,382.79,382.79,382.79,382.79,
1991-05-30,386.96,386.96,386.96,386.96,
1991-05-31,389.83,389.83,389.83,389.83,
1991-06-03,388.06,388.06,388.06,388.06,
1991-06-04,387.74,387.74,387.74,387.74,
1991-06-05,385.09,385.09,385.09,385.09,
1991-06-06,383.63,383.63,383.63,383.63,
1991-06-07,379.43,379.43,379.43,379.43,
1991-06-10,378.57,378.57,378.57,378.57,
1991-06-11,381.05,381.05,381.05,381.05,
1991-06-12,376.65,376.65,376.65,376.65,
1991-06-13,377.63,377.63,377.63,377.63,
1991-06-14,382.29,382.29,382.29,382.29,
1991-06-17,380.13,380.13,380.13,380.13,
1991-06-18,378.59,378.59,378.59,378.59,
1991-06-19,375.09,375.09,375.09,375.09,
1991-06-20,375.42,375.42,375.42,375.42,
1991-06-21,377.75,377.75,377.75,377.75,
1991-06-24,370.94,370.94,370.94,370.94,
1991-06-25,370.65,370.65,370.65,370.65,
1991-06-26,371.59,371.59,371.59,371.59,
1991-06-27,374.4,374.4,374.4,374.4,
1991-06-28,371.16,371.16,371.16,371.16,
1991-07-01,377.92,377.92,377.92,377.92,
1991-07-02,377.47,377.47,377.47,377.47,
1991-07-03,373.33,373.33,373.33,373.33,
1991-07-05,374.08,374.08,374.08,374.08,
1991-07-08,377.94,377.94,377.94,377.94,
1991-07-09,376.11,376.11,376.11,376.11,
1991-07-10,375.74,375.74,375.74,375.74,
1991-07-11,376.97,376.97,376.97,376.97,
1991-07-12,380.25,380.25,380.25,380.25,
1991-07-15,382.39,382.39,382.39,382.39,
1991-07-16,381.54,381.54,381.54,381.54,
1991-07-17,381.18,381.18,381.18,381.18,
1991-07-18,385.37,385.37,385.37,385.37,
1991-07-19,384.22,384.22,384.22,384.22,
1991-07-22,382.88,382.88,382.88,382.88,
1991-07-23,379.42,379.42,379.42,379.42,
1991-07-24,378.64,378.64,378.64,378.64,
1991-07-25,380.96,380.96,380.96,380.96,
1991-07-26,380.93,380.93,380.93,380.93,
1991-07-29,383.15,383.15,383.15,383.15,
1991-07-30,386.69,386.69,386.69,386.69,
1991-07-31,387.81,387.81,387.81,387.81,
1991-08-01,387.12,387.12,387.12,387.12,
1991-08-02,387.18,387.18,387.18,387.18,
1991-08-05,385.06,385.06,385.06,385.06,
1991-08-06,390.62,390.62,390.62,390.62,
1991-08-07,390.56,390.56,390.56,390.56,
1991-08-08,389.32,389.32,389.32,389.32,
1991-08-09,387.12,387.12,387.12,387.12,
1991-08-12,388.02,388.02,388.02,388.02,
1991-08-13,389.62,389.62,389.62,389.62,
1991-08-14,389.9,389.9,389.9,389.9,
1991-08-15,389.33,389.33,389.33,389.33,
1991-08-16,385.58,385.58,385.58,385.58,
1991-08-19,376.47,376.47,376.47,376.47,
1991-08-20,379.43,379.43,379.43,379.43,
1991-08-21,390.59,390.59,390.59,390.59,
1991-08-22,391.33,391.33,391.33,391.33,
1991-08-23,394.17,394.17,394.17,394.17,
1991-08-26,393.85,393.85,393.85,393.85,
1991-08-27,393.06,393.06,393.06,393.06,
1991-08-28,396.64,396.64,396.64,396.64,
1991-08-29,396.47,396.47,396.47,396.47,
1991-08-30,395.43,395.43,395.43,395.43,
1991-09-03,392.15,392.15,392.15,392.15,
1991-09-04,389.97,389.97,389.97,389.97,
1991-09-05,389.14,389.14,389.14,389.14,
1991-09-06,389.1,389.1,389.1,389.1,
1991-09-09,388.57,388.57,388.57,388.57,
1991-09-10,384.56,384.56,384.56,384.56,
1991-09-11,385.09,385.09,385.09,385.09,
1991-09-12,387.34,387.34,387.34,387.34,
1991-09-13,383.59,383.59,383.59,383.59,
1991-09-16,385.78,385.78,385.78,385.78,
1991-09-17,385.5,385.5,385.5,385.5,
1991-09-18,386.94,386.94,386.94,386.94,
1991-09-19,387.56,387.56,387.56,387.56,
1991-09-20,387.92,387.92,387.92,387.92,
1991-09-23,385.92,385.92,385.92,385.92,
1991-09-24,387.71,387.71,387.71,387.71,
1991-09-25,386.88,386.88,386.88,386.88,
1991-09-26,386.49,386.49,386.49,386.49,
1991-09-27,385.9,385.9,385.9,385.9,
1991-09-30,387.86,387.86,387.86,387.86,
1991-10-01,389.2,389.2,389.2,389.2,
1991-10-02,388.26,388.26,388.26,388.26,
1991-10-03,384.47,384.47,384.47,384.47,
1991-10-04,381.25,381.25,381.25,381.25,
1991-10-07,379.5,379.5,379.5,379.5,
1991-10-08,380.67,380.67,380.67,380.67,
1991-10-09,376.8,376.8,376.8,376.8,
1991-10-10,380.55,380.55,380.55,380.55,
1991-10-11,381.45,381.45,381.45,381.45,
1991-10-14,386.47,386.47,386.47,386.47,
1991-10-15,391.01,391.01,391.01,391.01,
1991-10-16,392.8,392.8,392.8,392.8,
1991-10-17,391.92,391.92,391.92,391.92,
1991-10-18,392.5,392.5,392.5,392.5,
1991-10-21,390.02,390.02,390.02,390.02,
1991-10-22,387.83,387.83,387.83,387.83,
1991-10-23,387.94,387.94,387.94,387.94,
1991-10-24,385.07,385.07,385.07,385.07,
1991-10-25,384.2,384.2,384.2,384.2,
1991-10-28,389.52,389.52,389.52,389.52,
1991-10-29,391.48,391.48,391.48,391.48,
1991-10-30,392.96,392.96,392.96,392.96,
1991-10-31,392.45,392.45,392.45,392.45,
1991-11-01,391.32,391.32,391.32,391.32,
1991-11-04,390.28,390.28,390.28,390.28,
1991-11-05,388.71,388.71,388.71,388.71,
1991-11-06,389.97,389.97,389.97,389.97,
1991-11-07,393.72,393.72,393.72,393.72,
1991-11-08,392.89,392.89,392.89,392.89,
1991-11-11,393.12,393.12,393.12,393.12,
1991-11-12,396.74,396.74,396.74,396.74,
1991-11-13,397.41,397.41,397.41,397.41,
1991-11-14,397.15,397.15,397.15,397.15,
1991-11-15,382.62,382.62,382.62,382.62,
1991-11-18,385.24,385.24,385.24,385.24,
1991-11-19,379.42,379.42,379.42,379.42,
1991-11-20,378.53,378.53,378.53,378.53,
1991-11-21,380.06,380.06,380.06,380.06,
1991-11-22,376.14,376.14,376.14,376.14,
1991-11-25,375.34,375.34,375.34,375.34,
1991-11-26,377.96,377.96,377.96,377.96,
1991-11-27,376.55,376.55,376.55,376.55,
1991-11-29,375.22,375.22,375.22,375.22,
1991-12-02,381.4,381.4,381.4,381.4,
1991-12-03,380.96,380.96,380.96,380.96,
1991-12-04,380.07,380.07,380.07,380.07,
1991-12-05,377.39,377.39,377.39,377.39,
1991-12-06,379.1,379.1,379.1,379.1,
1991-12-09,378.26,378.26,378.26,378.26,
1991-12-10,377.9,377.9,377.9,377.9,
1991-12-11,377.7,377.7,377.7,377.7,
1991-12-12,381.55,381.55,381.55,381.55,
1991-12-13,384.47,384.47,384.47,384.47,
1991-12-16,384.46,384.46,384.46,384.46,
1991-12-17,382.74,382.74,382.74,382.74,
1991-12-18,383.48,383.48,383.48,383.48,
1991-12-19,382.52,382.52,382.52,382.52,
1991-12-20,387.04,387.04,387.04,387.04,
1991-12-23,396.82,396.82,396.82,396.82,
1991-12-24,399.33,399.33,399.33,399.33,
1991-12-26,404.84,404.84,404.84,404.84,
1991-12-27,406.46,406.46,406.46,406.46,
1991-12-30,415.14,415.14,415.14,415.14,
1991-12-31,417.09,417.09,417.09,417.09,
1992-01-02,417.26,417.26,417.26,417.26,
1992-01-03,419.34,419.34,419.34,419.34,
1992-01-06,417.96,417.96,417.96,417.96,
1992-01-07,417.4,417.4,417.4,417.4,
1992-01-08,418.1,418.1,418.1,418.1,
1992-01-09,417.61,417.61,417.61,417.61,
1992-01-10,415.1,415.1,415.1,415.1,
1992-01-13,414.34,414.34,414.34,414.34,
1992-01-14,420.44,420.44,420.44,420.44,
1992-01-15,420.77,420.77,420.77,420.77,
1992-01-16,418.21,418.21,418.21,418.21,
1992-01-17,418.86,418.86,418.86,418.86,
1992-01-20,416.36,416.36,416.36,416.36,
1992-01-21,412.64,412.64,412.64,412.64,
1992-01-22,418.13,418.13,418.13,418.13,
1992-01-23,414.96,414.96,414.96,414.96,
1992-01-24,415.48,415.48,415.48,415.48,
1992-01-27,414.99,414.99,414.99,414.99,
1992-01-28,414.96,414.96,414.96,414.96,
1992-01-29,410.34,410.34,410.34,410.34,
1992-01-30,411.62,411.62,411.62,411.62,
1992-01-31,408.78,408.78,408.78,408.78,
1992-02-03,409.53,409.53,409.53,409.53,
1992-02-04,413.85,413.85,413.85,413.85,
1992-02-05,413.84,413.84,413.84,413.84,
1992-02-06,413.82,413.82,413.82,413.82,
1992-02-07,411.09,411.09,411.09,411.09,
1992-02-10,413.77,413.77,413.77,413.77,
1992-02-11,413.76,413.76,413.76,413.76,
1992-02-12,417.13,417.13,417.13,417.13,
1992-02-13,413.69,413.69,413.69,413.69,
1992-02-14,412.48,412.48,412.48,412.48,
1992-02-18,407.38,407.38,407.38,407.38,
1992-02-19,408.26,408.26,408.26,408.26,
1992-02-20,413.9,413.9,413.9,413.9,
1992-02-21,411.43,411.43,411.43,411.43,
1992-02-24,412.27,412.27,412.27,412.27,
1992-02-25,410.45,410.45,410.45,410.45,
1992-02-26,415.35,415.35,415.35,415.35,
1992-02-27,413.86,413.86,413.86,413.86,
1992-02-28,412.7,412.7,412.7,412.7,
1992-03-02,412.45,412.45,412.45,412.45,
1992-03-03,412.85,412.85,412.85,412.85,
1992-03-04,409.33,409.33,409.33,409.33,
1992-03-05,406.51,406.51,406.51,406.51,
1992-03-06,404.44,404.44,404.44,404.44,
1992-03-09,405.21,405.21,405.21,405.21,
1992-03-10,406.89,406.89,406.89,406.89,
1992-03-11,404.03,404.03,404.03,404.03,
1992-03-12,403.89,403.89,403.89,403.89,
1992-03-13,405.84,405.84,405.84,405.84,
1992-03-16,406.39,406.39,406.39,406.39,
1992-03-17,409.58,409.58,409.58,409.58,
1992-03-18,409.15,409.15,409.15,409.15,
1992-03-19,409.8,409.8,409.8,409.8,
1992-03-20,411.3,411.3,411.3,411.3,
1992-03-23,409.91,409.91,409.91,409.91,
1992-03-24,408.88,408.88,408.88,408.88,
1992-03-25,407.52,407.52,407.52,407.52,
1992-03-26,407.86,407.86,407.86,407.86,
1992-03-27,403.5,403.5,403.5,403.5,
1992-03-30,403.0,403.0,403.0,403.0,
1992-03-31,403.69,403.69,403.69,403.69,
1992-04-01,404.23,404.23,404.23,404.23,
1992-04-02,400.5,400.5,400.5,400.5,
1992-04-03,401.55,401.55,401.55,401.55,
1992-04-06,405.59,405.59,405.59,405.59,
1992-04-07,398.06,398.06,398.06,398.06,
1992-04-08,394.5,394.5,394.5,394.5,
1992-04-09,400.64,400.64,400.64,400.64,
1992-04-10,404.29,404.29,404.29,404.29,
1992-04-13,406.08,406.08,406.08,406.08,
1992-04-14,412.39,412.39,412.39,412.39,
1992-04-15,416.28,416.28,416.28,416.28,
1992-04-16,416.04,416.04,416.04,416.04,
1992-04-20,410.18,410.18,410.18,410.18,
1992-04-21,410.26,410.26,410.26,410.26,
1992-04-22,409.81,409.81,409.81,409.81,
1992-04-23,411.6,411.6,411.6,411.6,
1992-04-24,409.02,409.02,409.02,409.02,
1992-04-27,408.45,408.45,408.45,408.45,
1992-04-28,409.11,409.11,409.11,409.11,
1992-04-29,412.02,412.02,412.02,412.02,
1992-04-30,414.95,414.95,414.95,414.95,
1992-05-01,412.53,412.53,412.53,412.53,
1992-05-04,416.91,416.91,416.91,416.91,
1992-05-05,416.84,416.84,416.84,416.84,
1992-05-06,416.79,416.79,416.79,416.79,
1992-05-07,415.85,415.85,415.85,415.85,
1992-05-08,416.05,416.05,416.05,416.05,
1992-05-11,418.49,418.49,418.49,418.49,
1992-05-12,416.29,416.29,416.29,416.29,
1992-05-13,416.45,416.45,416.45,416.45,
1992-05-14,413.14,413.14,413.14,413.14,
1992-05-15,410.09,410.09,410.09,410.09,
1992-05-18,412.81,412.81,412.81,412.81,
1992-05-19,416.37,416.37,416.37,416.37,
1992-05-20,415.39,415.39,415.39,415.39,
1992-05-21,412.6,412.6,412.6,412.6,
1992-05-22,414.02,414.02,414.02,414.02,
1992-05-26,411.41,411.41,411.41,411.41,
1992-05-27,412.17,412.17,412.17,412.17,
1992-05-28,416.74,416.74,416.74,416.74,
1992-05-29,415.35,415.35,415.35,415.35,
1992-06-01,417.3,417.3,417.3,417.3,
1992-06-02,413.5,413.5,413.5,413.5,
1992-06-03,414.59,414.59,414.59,414.59,
1992-06-04,413.26,413.26,413.26,413.26,
1992-06-05,413.48,413.48,413.48,413.48,
1992-06-08,413.36,413.36,413.36,413.36,
1992-06-09,410.06,410.06,410.06,410.06,
1992-06-10,407.25,407.25,407.25,407.25,
1992-06-11,409.05,409.05,409.05,409.05,
1992-06-12,409.76,409.76,409.76,409.76,
1992-06-15,410.29,410.29,410.29,410.29,
1992-06-16,408.32,408.32,408.32,408.32,
1992-06-17,402.26,402.26,402.26,402.26,
1992-06-18,400.96,400.96,400.96,400.96,
1992-06-19,403.67,403.67,403.67,403.67,
1992-06-22,403.4,403.4,403.4,403.4,
1992-06-23,404.04,404.04,404.04,404.04,
1992-06-24,403.84,403.84,403.84,403.84,
1992-06-25,403.12,403.12,403.12,403.12,
1992-06-26,403.45,403.45,403.45,403.45,
1992-06-29,408.94,408.94,408.94,408.94,
1992-06-30,408.14,408.14,408.14,408.14,
1992-07-01,412.88,412.88,412.88,412.88,
1992-07-02,411.77,411.77,411.77,411.77,
1992-07-06,413.84,413.84,413.84,413.84,
1992-07-07,409.16,409.16,409.16,409.16,
1992-07-08,410.28,410.28,410.28,410.28,
1992-07-09,414.23,414.23,414.23,414.23,
1992-07-10,414.62,414.62,414.62,414.62,
1992-07-13,414.87,414.87,414.87,414.87,
1992-07-14,417.68,417.68,417.68,417.68,
1992-07-15,417.1,417.1,417.1,417.1,
1992-07-16,417.54,417.54,417.54,417.54,
1992-07-17,415.62,415.62,415.62,415.62,
1992-07-20,413.75,413.75,413.75,413.75,
1992-07-21,413.76,413.76,413.76,413.76,
1992-07-22,410.93,410.93,410.93,410.93,
1992-07-23,412.08,412.08,412.08,412.08,
1992-07-24,411.6,411.6,411.6,411.6,
1992-07-27,411.54,411.54,411.54,411.54,
1992-07-28,417.52,417.52,417.52,417.52,
1992-07-29,422.23,422.23,422.23,422.23,
1992-07-30,423.92,423.92,423.92,423.92,
1992-07-31,424.21,424.21,424.21,424.21,
1992-08-03,425.09,425.09,425.09,425.09,
1992-08-04,424.36,424.36,424.36,424.36,
1992-08-05,422.19,422.19,422.19,422.19,
1992-08-06,420.59,420.59,420.59,420.59,
1992-08-07,418.88,418.88,418.88,418.88,
1992-08-10,419.42,419.42,419.42,419.42,
1992-08-11,418.9,418.9,418.9,418.9,
1992-08-12,417.78,417.78,417.78,417.78,
1992-08-13,417.73,417.73,417.73,417.73,
1992-08-14,419.91,419.91,419.91,419.91,
1992-08-17,420.74,420.74,420.74,420.74,
1992-08-18,421.34,421.34,421.34,421.34,
1992-08-19,418.19,418.19,418.19,418.19,
1992-08-20,418.26,418.26,418.26,418.26,
1992-08-21,414.85,414.85,414.85,414.85,
1992-08-24,410.72,410.72,410.72,410.72,
1992-08-25,411.61,411.61,411.61,411.61,
1992-08-26,413.51,413.51,413.51,413.51,
1992-08-27,413.53,413.53,413.53,413.53,
1992-08-28,414.84,414.84,414.84,414.84,
1992-08-31,414.03,414.03,414.03,414.03,
1992-09-01,416.07,416.07,416.07,416.07,
1992-09-02,417.98,417.98,417.98,417.98,
1992-09-03,417.98,417.98,417.98,417.98,
1992-09-04,417.08,417.08,417.08,417.08,
1992-09-08,414.44,414.44,414.44,414.44,
1992-09-09,416.36,416.36,416.36,416.36,
1992-09-10,419.95,419.95,419.95,419.95,
1992-09-11,419.58,419.58,419.58,419.58,
1992-09-14,425.27,425.27,425.27,425.27,
1992-09-15,419.77,419.77,419.77,419.77,
1992-09-16,419.92,419.92,419.92,419.92,
1992-09-17,419.93,419.93,419.93,419.93,
1992-09-18,422.93,422.93,422.93,422.93,
1992-09-21,422.14,422.14,422.14,422.14,
1992-09-22,417.14,417.14,417.14,417.14,
1992-09-23,417.44,417.44,417.44,417.44,
1992-09-24,418.47,418.47,418.47,418.47,
1992-09-25,414.35,414.35,414.35,414.35,
1992-09-28,416.62,416.62,416.62,416.62,
1992-09-29,416.8,416.8,416.8,416.8,
1992-09-30,417.8,417.8,417.8,417.8,
1992-10-01,416.29,416.29,416.29,416.29,
1992-10-02,410.47,410.47,410.47,410.47,
1992-10-05,407.57,407.57,407.57,407.57,
1992-10-06,407.18,407.18,407.18,407.18,
1992-10-07,404.25,404.25,404.25,404.25,
1992-10-08,407.75,407.75,407.75,407.75,
1992-10-09,402.66,402.66,402.66,402.66,
1992-10-12,407.44,407.44,407.44,407.44,
1992-10-13,409.3,409.3,409.3,409.3,
1992-10-14,409.37,409.37,409.37,409.37,
1992-10-15,409.6,409.6,409.6,409.6,
1992-10-16,411.73,411.73,411.73,411.73,
1992-10-19,414.98,414.98,414.98,414.98,
1992-10-20,415.48,415.48,415.48,415.48,
1992-10-21,415.67,415.67,415.67,415.67,
1992-10-22,414.9,414.9,414.9,414.9,
1992-10-23,414.1,414.1,414.1,414.1,
1992-10-26,418.16,418.16,418.16,418.16,
1992-10-27,418.49,418.49,418.49,418.49,
1992-10-28,420.13,420.13,420.13,420.13,
1992-10-29,420.86,420.86,420.86,420.86,
1992-10-30,418.68,418.68,418.68,418.68,
1992-11-02,422.75,422.75,422.75,422.75,
1992-11-03,419.92,419.92,419.92,419.92,
1992-11-04,417.11,417.11,417.11,417.11,
1992-11-05,418.34,418.34,418.34,418.34,
1992-11-06,417.58,417.58,417.58,417.58,
1992-11-09,418.59,418.59,418.59,418.59,
1992-11-10,418.62,418.62,418.62,418.62,
1992-11-11,422.2,422.2,422.2,422.2,
1992-11-12,422.87,422.87,422.87,422.87,
1992-11-13,422.43,422.43,422.43,422.43,
1992-11-16,420.68,420.68,420.68,420.68,
1992-11-17,419.27,419.27,419.27,419.27,
1992-11-18,422.85,422.85,422.85,422.85,
1992-11-19,423.61,423.61,423.61,423.61,
1992-11-20,426.65,426.65,426.65,426.65,
1992-11-23,425.12,425.12,425.12,425.12,
1992-11-24,427.59,427.59,427.59,427.59,
1992-11-25,429.19,429.19,429.19,429.19,
1992-11-27,430.16,430.16,430.16,430.16,
1992-11-30,431.35,431.35,431.35,431.35,
1992-12-01,430.78,430.78,430.78,430.78,
1992-12-02,429.89,429.89,429.89,429.89,
1992-12-03,429.91,429.91,429.91,429.91,
1992-12-04,432.06,432.06,432.06,432.06,
1992-12-07,435.31,435.31,435.31,435.31,
1992-12-08,436.99,436.99,436.99,436.99,
1992-12-09,435.65,435.65,435.65,435.65,
1992-12-10,434.64,434.64,434.64,434.64,
1992-12-11,433.73,433.73,433.73,433.73,
1992-12-14,432.84,432.84,432.84,432.84,
1992-12-15,432.57,432.57,432.57,432.57,
1992-12-16,431.52,431.52,431.52,431.52,
1992-12-17,435.43,435.43,435.43,435.43,
1992-12-18,441.28,441.28,441.28,441.28,
1992-12-21,440.7,440.7,440.7,440.7,
1992-12-22,440.31,440.31,440.31,440.31,
1992-12-23,439.03,439.03,439.03,439.03,
1992-12-24,439.77,439.77,439.77,439.77,
1992-12-28,439.15,439.15,439.15,439.15,
1992-12-29,437.98,437.98,437.98,437.98,
1992-12-30,438.82,438.82,438.82,438.82,
1992-12-31,435.71,435.71,435.71,435.71,
1993-01-04,435.38,435.38,435.38,435.38,
1993-01-05,434.34,434.34,434.34,434.34,
1993-01-06,434.52,434.52,434.52,434.52,
1993-01-07,430.73,430.73,430.73,430.73,
1993-01-08,429.05,429.05,429.05,429.05,
1993-01-11,430.95,430.95,430.95,430.95,
1993-01-12,431.04,431.04,431.04,431.04,
1993-01-13,433.03,433.03,433.03,433.03,
1993-01-14,435.94,435.94,435.94,435.94,
1993-01-15,437.15,437.15,437.15,437.15,
1993-01-18,436.84,436.84,436.84,436.84,
1993-01-19,435.13,435.13,435.13,435.13,
1993-01-20,433.37,433.37,433.37,433.37,
1993-01-21,435.49,435.49,435.49,435.49,
1993-01-22,436.11,436.11,436.11,436.11,
1993-01-25,440.01,440.01,440.01,440.01,
1993-01-26,439.95,439.95,439.95,439.95,
1993-01-27,438.11,438.11,438.11,438.11,
1993-01-28,438.66,438.66,438.66,438.66,
1993-01-29,438.78,438.78,438.78,438.78,
1993-02-01,442.52,442.52,442.52,442.52,
1993-02-02,442.55,442.55,442.55,442.55,
1993-02-03,447.2,447.2,447.2,447.2,
1993-02-04,449.56,449.56,449.56,449.56,
1993-02-05,448.93,448.93,448.93,448.93,
1993-02-08,447.85,447.85,447.85,447.85,
1993-02-09,445.33,445.33,445.33,445.33,
1993-02-10,446.23,446.23,446.23,446.23,
1993-02-11,447.66,447.66,447.66,447.66,
1993-02-12,444.58,444.58,444.58,444.58,
1993-02-16,433.91,433.91,433.91,433.91,
1993-02-17,433.3,433.3,433.3,433.3,
1993-02-18,431.9,431.9,431.9,431.9,
1993-02-19,434.22,434.22,434.22,434.22,
1993-02-22,435.24,435.24,435.24,435.24,
1993-02-23,434.8,434.8,434.8,434.8,
1993-02-24,440.87,440.87,440.87,440.87,
1993-02-25,442.34,442.34,442.34,442.34,
1993-02-26,443.38,443.38,443.38,443.38,
1993-03-01,442.01,442.01,442.01,442.01,
1993-03-02,447.9,447.9,447.9,447.9,
1993-03-03,449.26,449.26,449.26,449.26,
1993-03-04,447.34,447.34,447.34,447.34,
1993-03-05,446.11,446.11,446.11,446.11,
1993-03-08,454.71,454.71,454.71,454.71,
1993-03-09,454.4,454.4,454.4,454.4,
1993-03-10,456.33,456.33,456.33,456.33,
1993-03-11,453.72,453.72,453.72,453.72,
1993-03-12,449.83,449.83,449.83,449.83,
1993-03-15,451.43,451.43,451.43,451.43,
1993-03-16,451.37,451.37,451.37,451.37,
1993-03-17,448.31,448.31,448.31,448.31,
1993-03-18,451.89,451.89,451.89,451.89,
1993-03-19,450.18,450.18,450.18,450.18,
1993-03-22,448.88,448.88,448.88,448.88,
1993-03-23,448.76,448.76,448.76,448.76,
1993-03-24,448.07,448.07,448.07,448.07,
1993-03-25,450.88,450.88,450.88,450.88,
1993-03-26,447.78,447.78,447.78,447.78,
1993-03-29,450.77,450.77,450.77,450.77,
1993-03-30,451.97,451.97,451.97,451.97,
1993-03-31,451.67,451.67,451.67,451.67,
1993-04-01,450.3,450.3,450.3,450.3,
1993-04-02,441.39,441.39,441.39,441.39,
1993-04-05,442.29,442.29,442.29,442.29,
1993-04-06,441.16,441.16,441.16,441.16,
1993-04-07,442.73,442.73,442.73,442.73,
1993-04-08,441.84,441.84,441.84,441.84,
1993-04-12,448.37,448.37,448.37,448.37,
1993-04-13,449.22,449.22,449.22,449.22,
1993-04-14,448.66,448.66,448.66,448.66,
1993-04-15,448.4,448.4,448.4,448.4,
1993-04-16,448.94,448.94,448.94,448.94,
1993-04-19,447.46,447.46,447.46,447.46,
1993-04-20,445.1,445.1,445.1,445.1,
1993-04-21,443.63,443.63,443.63,443.63,
1993-04-22,439.46,439.46,439.46,439.46,
1993-04-23,437.03,437.03,437.03,437.03,
1993-04-26,433.54,433.54,433.54,433.54,
1993-04-27,438.01,438.01,438.01,438.01,
1993-04-28,438.02,438.02,438.02,438.02,
1993-04-29,438.89,438.89,438.89,438.89,
1993-04-30,440.19,440.19,440.19,440.19,
1993-05-03,442.46,442.46,442.46,442.46,
1993-05-04,444.05,444.05,444.05,444.05,
1993-05-05,444.52,444.52,444.52,444.52,
1993-05-06,443.26,443.26,443.26,443.26,
1993-05-07,442.31,442.31,442.31,442.31,
1993-05-10,442.8,442.8,442.8,442.8,
1993-05-11,444.36,444.36,444.36,444.36,
1993-05-12,444.8,444.8,444.8,444.8,
1993-05-13,439.23,439.23,439.23,439.23,
1993-05-14,439.56,439.56,439.56,439.56,
1993-05-17,440.37,440.37,440.37,440.37,
1993-05-18,440.32,440.32,440.32,440.32,
1993-05-19,447.57,447.57,447.57,447.57,
1993-05-20,450.59,450.59,450.59,450.59,
1993-05-21,445.84,445.84,445.84,445.84,
1993-05-24,448.0,448.0,448.0,448.0,
1993-05-25,448.85,448.85,448.85,448.85,
1993-05-26,453.44,453.44,453.44,453.44,
1993-05-27,452.41,452.41,452.41,452.41,
1993-05-28,450.19,450.19,450.19,450.19,
1993-06-01,453.83,453.83,453.83,453.83,
1993-06-02,453.85,453.85,453.85,453.85,
1993-06-03,452.49,452.49,452.49,452.49,
1993-06-04,450.06,450.06,450.06,450.06,
1993-06-07,447.69,447.69,447.69,447.69,
1993-06-08,444.71,444.71,444.71,444.71,
1993-06-09,445.78,445.78,445.78,445.78,
1993-06-10,445.38,445.38,445.38,445.38,
1993-06-11,447.26,447.26,447.26,447.26,
1993-06-14,447.71,447.71,447.71,447.71,
1993-06-15,446.27,446.27,446.27,446.27,
1993-06-16,447.43,447.43,447.43,447.43,
1993-06-17,448.54,448.54,448.54,448.54,
1993-06-18,443.68,443.68,443.68,443.68,
1993-06-21,446.22,446.22,446.22,446.22,
1993-06-22,445.93,445.93,445.93,445.93,
1993-06-23,443.19,443.19,443.19,443.19,
1993-06-24,446.62,446.62,446.62,446.62,
1993-06-25,447.6,447.6,447.6,447.6,
1993-06-28,451.85,451.85,451.85,451.85,
1993-06-29,450.69,450.69,450.69,450.69,
1993-06-30,450.53,450.53,450.53,450.53,
1993-07-01,449.02,449.02,449.02,449.02,
1993-07-02,445.84,445.84,445.84,445.84,
1993-07-06,441.43,441.43,441.43,441.43,
1993-07-07,442.83,442.83,442.83,442.83,
1993-07-08,448.64,448.64,448.64,448.64,
1993-07-09,448.11,448.11,448.11,448.11,
1993-07-12,448.98,448.98,448.98,448.98,
1993-07-13,448.09,448.09,448.09,448.09,
1993-07-14,450.08,450.08,450.08,450.08,
1993-07-15,449.22,449.22,449.22,449.22,
1993-07-16,445.75,445.75,445.75,445.75,
1993-07-19,446.03,446.03,446.03,446.03,
1993-07-20,447.31,447.31,447.31,447.31,
1993-07-21,447.18,447.18,447.18,447.18,
1993-07-22,444.51,444.51,444.51,444.51,
1993-07-23,447.1,447.1,447.1,447.1,
1993-07-26,449.09,449.09,449.09,449.09,
1993-07-27,448.24,448.24,448.24,448.24,
1993-07-28,447.19,447.19,447.19,447.19,
1993-07-29,450.24,450.24,450.24,450.24,
1993-07-30,448.13,448.13,448.13,448.13,
1993-08-02,450.15,450.15,450.15,450.15,
1993-08-03,449.27,449.27,449.27,449.27,
1993-08-04,448.54,448.54,448.54,448.54,
1993-08-05,448.13,448.13,448.13,448.13,
1993-08-06,448.68,448.68,448.68,448.68,
1993-08-09,450.72,450.72,450.72,450.72,
1993-08-10,449.45,449.45,449.45,449.45,
1993-08-11,450.46,450.46,450.46,450.46,
1993-08-12,448.96,448.96,448.96,448.96,
1993-08-13,450.14,450.14,450.14,450.14,
1993-08-16,452.38,452.38,452.38,452.38,
1993-08-17,453.13,453.13,453.13,453.13,
1993-08-18,456.04,456.04,456.04,456.04,
1993-08-19,456.43,456.43,456.43,456.43,
1993-08-20,456.16,456.16,456.16,456.16,
1993-08-23,455.23,455.23,455.23,455.23,
1993-08-24,459.77,459.77,459.77,459.77,
1993-08-25,460.13,460.13,460.13,460.13,
1993-08-26,461.04,461.04,461.04,461.04,
1993-08-27,460.54,460.54,460.54,460.54,
1993-08-30,461.9,461.9,461.9,461.9,
1993-08-31,463.56,463.56,463.56,463.56,
1993-09-01,463.15,463.15,463.15,463.15,
1993-09-02,461.3,461.3,461.3,461.3,
1993-09-03,461.34,461.34,461.34,461.34,
1993-09-07,458.52,458.52,458.52,458.52,
1993-09-08,456.65,456.65,456.65,456.65,
1993-09-09,457.5,457.5,457.5,457.5,
1993-09-10,461.72,461.72,461.72,461.72,
1993-09-13,462.06,462.06,462.06,462.06,
1993-09-14,459.9,459.9,459.9,459.9,
1993-09-15,461.6,461.6,461.6,461.6,
1993-09-16,459.43,459.43,459.43,459.43,
1993-09-17,458.83,458.83,458.83,458.83,
1993-09-20,455.05,455.05,455.05,455.05,
1993-09-21,452.95,452.95,452.95,452.95,
1993-09-22,456.2,456.2,456.2,456.2,
1993-09-23,457.74,457.74,457.74,457.74,
1993-09-24,457.63,457.63,457.63,457.63,
1993-09-27,461.8,461.8,461.8,461.8,
1993-09-28,461.53,461.53,461.53,461.53,
1993-09-29,460.11,460.11,460.11,460.11,
1993-09-30,458.93,458.93,458.93,458.93,
1993-10-01,461.28,461.28,461.28,461.28,
1993-10-04,461.34,461.34,461.34,461.34,
1993-10-05,461.2,461.2,461.2,461.2,
1993-10-06,460.74,460.74,460.74,460.74,
1993-10-07,459.18,459.18,459.18,459.18,
1993-10-08,460.31,460.31,460.31,460.31,
1993-10-11,460.88,460.88,460.88,460.88,
1993-10-12,461.12,461.12,461.12,461.12,
1993-10-13,461.49,461.49,461.49,461.49,
1993-10-14,466.83,466.83,466.83,466.83,
1993-10-15,469.5,469.5,469.5,469.5,
1993-10-18,468.45,468.45,468.45,468.45,
1993-10-19,466.21,466.21,466.21,466.21,
1993-10-20,466.07,466.07,466.07,466.07,
1993-10-21,465.36,465.36,465.36,465.36,
1993-10-22,463.27,463.27,463.27,463.27,
1993-10-25,464.2,464.2,464.2,464.2,
1993-10-26,464.3,464.3,464.3,464.3,
1993-10-27,464.61,464.61,464.61,464.61,
1993-10-28,467.73,467.73,467.73,467.73,
1993-10-29,467.83,467.83,467.83,467.83,
1993-11-01,469.1,469.1,469.1,469.1,
1993-11-02,468.44,468.44,468.44,468.44,
1993-11-03,463.02,463.02,463.02,463.02,
1993-11-04,457.49,457.49,457.49,457.49,
1993-11-05,459.57,459.57,459.57,459.57,
1993-11-08,460.21,460.21,460.21,460.21,
1993-11-09,460.33,460.33,460.33,460.33,
1993-11-10,463.72,463.72,463.72,463.72,
1993-11-11,462.64,462.64,462.64,462.64,
1993-11-12,465.39,465.39,465.39,465.39,
1993-11-15,463.75,463.75,463.75,463.75,
1993-11-16,466.74,466.74,466.74,466.74,
1993-11-17,464.81,464.81,464.81,464.81,
1993-11-18,463.62,463.62,463.62,463.62,
1993-11-19,462.6,462.6,462.6,462.6,
1993-11-22,459.13,459.13,459.13,459.13,
1993-11-23,461.03,461.03,461.03,461.03,
1993-11-24,462.36,462.36,462.36,462.36,
1993-11-26,463.06,463.06,463.06,463.06,
1993-11-29,461.9,461.9,461.9,461.9,
1993-11-30,461.79,461.79,461.79,461.79,
1993-12-01,461.89,461.89,461.89,461.89,
1993-12-02,463.11,463.11,463.11,463.11,
1993-12-03,464.89,464.89,464.89,464.89,
1993-12-06,466.43,466.43,466.43,466.43,
1993-12-07,466.76,466.76,466.76,466.76,
1993-12-08,466.29,466.29,466.29,466.29,
1993-12-09,464.18,464.18,464.18,464.18,
1993-12-10,463.93,463.93,463.93,463.93,
1993-12-13,465.7,465.7,465.7,465.7,
1993-12-14,463.06,463.06,463.06,463.06,
1993-12-15,461.84,461.84,461.84,461.84,
1993-12-16,463.34,463.34,463.34,463.34,
1993-12-17,466.38,466.38,466.38,466.38,
1993-12-20,465.85,465.85,465.85,465.85,
1993-12-21,465.3,465.3,465.3,465.3,
1993-12-22,467.32,467.32,467.32,467.32,
1993-12-23,467.38,467.38,467.38,467.38,
1993-12-27,470.54,470.54,470.54,470.54,
1993-12-28,470.94,470.94,470.94,470.94,
1993-12-29,470.58,470.58,470.58,470.58,
1993-12-30,468.64,468.64,468.64,468.64,
1993-12-31,466.45,466.45,466.45,466.45,
1994-01-03,465.44,465.44,465.44,465.44,
1994-01-04,466.89,466.89,466.89,466.89,
1994-01-05,467.55,467.55,467.55,467.55,
1994-01-06,467.12,467.12,467.12,467.12,
1994-01-07,469.9,469.9,469.9,469.9,
1994-01-10,475.27,475.27,475.27,475.27,
1994-01-11,474.13,474.13,474.13,474.13,
1994-01-12,474.17,474.17,474.17,474.17,
1994-01-13,472.47,472.47,472.47,472.47,
1994-01-14,474.91,474.91,474.91,474.91,
1994-01-17,473.3,473.3,473.3,473.3,
1994-01-18,474.25,474.25,474.25,474.25,
1994-01-19,474.3,474.3,474.3,474.3,
1994-01-20,474.98,474.98,474.98,474.98,
1994-01-21,474.72,474.72,474.72,474.72,
1994-01-24,471.97,471.97,471.97,471.97,
1994-01-25,470.92,470.92,470.92,470.92,
1994-01-26,473.2,473.2,473.2,473.2,
1994-01-27,477.05,477.05,477.05,477.05,
1994-01-28,478.7,478.7,478.7,478.7,
1994-01-31,481.61,481.61,481.61,481.61,
1994-02-01,479.62,479.62,479.62,479.62,
1994-02-02,482.0,482.0,482.0,482.0,
1994-02-03,480.71,480.71,480.71,480.71,
1994-02-04,469.81,469.81,469.81,469.81,
1994-02-07,471.76,471.76,471.76,471.76,
1994-02-08,471.05,471.05,471.05,471.05,
1994-02-09,472.77,472.77,472.77,472.77,
1994-02-10,468.93,468.93,468.93,468.93,
1994-02-11,470.18,470.18,470.18,470.18,
1994-02-14,470.23,470.23,470.23,470.23,
1994-02-15,472.52,472.52,472.52,472.52,
1994-02-16,472.79,472.79,472.79,472.79,
1994-02-17,470.34,470.34,470.34,470.34,
1994-02-18,467.69,467.69,467.69,467.69,
1994-02-22,471.46,471.46,471.46,471.46,
1994-02-23,470.69,470.69,470.69,470.69,
1994-02-24,464.26,464.26,464.26,464.26,
1994-02-25,466.07,466.07,466.07,466.07,
1994-02-28,467.14,467.14,467.14,467.14,
1994-03-01,464.44,464.44,464.44,464.44,
1994-03-02,464.81,464.81,464.81,464.81,
1994-03-03,463.01,463.01,463.01,463.01,
1994-03-04,464.74,464.74,464.74,464.74,
1994-03-07,466.91,466.91,466.91,466.91,
1994-03-08,465.88,465.88,465.88,465.88,
1994-03-09,467.06,467.06,467.06,467.06,
1994-03-10,463.9,463.9,463.9,463.9,
1994-03-11,466.44,466.44,466.44,466.44,
1994-03-14,467.39,467.39,467.39,467.39,
1994-03-15,467.01,467.01,467.01,467.01,
1994-03-16,469.42,469.42,469.42,469.42,
1994-03-17,470.9,470.9,470.9,470.9,
1994-03-18,471.06,471.06,471.06,471.06,
1994-03-21,468.54,468.54,468.54,468.54,
1994-03-22,468.8,468.8,468.8,468.8,
1994-03-23,468.54,468.54,468.54,468.54,
1994-03-24,464.35,464.35,464.35,464.35,
1994-03-25,460.58,460.58,460.58,460.58,
1994-03-28,460.0,460.0,460.0,460.0,
1994-03-29,452.48,452.48,452.48,452.48,
1994-03-30,445.55,445.55,445.55,445.55,
1994-03-31,445.77,445.77,445.77,445.77,
1994-04-04,438.92,438.92,438.92,438.92,
1994-04-05,448.29,448.29,448.29,448.29,
1994-04-06,448.05,448.05,448.05,448.05,
1994-04-07,450.88,450.88,450.88,450.88,
1994-04-08,447.1,447.1,447.1,447.1,
1994-04-11,449.87,449.87,449.87,449.87,
1994-04-12,447.57,447.57,447.57,447.57,
1994-04-13,446.26,446.26,446.26,446.26,
1994-04-14,446.38,446.38,446.38,446.38,
1994-04-15,446.18,446.18,446.18,446.18,
1994-04-18,442.46,442.46,442.46,442.46,
1994-04-19,442.54,442.54,442.54,442.54,
1994-04-20,441.96,441.96,441.96,441.96,
1994-04-21,448.73,448.73,448.73,448.73,
1994-04-22,447.63,447.63,447.63,447.63,
1994-04-25,452.71,452.71,452.71,452.71,
1994-04-26,451.87,451.87,451.87,451.87,
1994-04-28,449.1,449.1,449.1,449.1,
1994-04-29,450.91,450.91,450.91,450.91,
1994-05-02,453.02,453.02,453.02,453.02,
1994-05-03,453.03,453.03,453.03,453.03,
1994-05-04,451.72,451.72,451.72,451.72,
1994-05-05,451.38,451.38,451.38,451.38,
1994-05-06,447.82,447.82,447.82,447.82,
1994-05-09,442.32,442.32,442.32,442.32,
1994-05-10,446.01,446.01,446.01,446.01,
1994-05-11,441.49,441.49,441.49,441.49,
1994-05-12,443.75,443.75,443.75,443.75,
1994-05-13,444.14,444.14,444.14,444.14,
1994-05-16,444.49,444.49,444.49,444.49,
1994-05-17,449.37,449.37,449.37,449.37,
1994-05-18,453.69,453.69,453.69,453.69,
1994-05-19,456.48,456.48,456.48,456.48,
1994-05-20,454.92,454.92,454.92,454.92,
1994-05-23,453.2,453.2,453.2,453.2,
1994-05-24,454.81,454.81,454.81,454.81,
1994-05-25,456.34,456.34,456.34,456.34,
1994-05-26,457.06,457.06,457.06,457.06,
1994-05-27,457.33,457.33,457.33,457.33,
1994-05-31,456.5,456.5,456.5,456.5,
1994-06-01,457.63,457.63,457.63,457.63,
1994-06-02,457.65,457.65,457.65,457.65,
1994-06-03,460.13,460.13,460.13,460.13,
1994-06-06,458.88,458.88,458.88,458.88,
1994-06-07,458.21,458.21,458.21,458.21,
1994-06-08,457.06,457.06,457.06,457.06,
1994-06-09,457.86,457.86,457.86,457.86,
1994-06-10,458.67,458.67,458.67,458.67,
1994-06-13,459.1,459.1,459.1,459.1,
1994-06-14,462.37,462.37,462.37,462.37,
1994-06-15,460.61,460.61,460.61,460.61,
1994-06-16,461.93,461.93,461.93,461.93,
1994-06-17,458.45,458.45,458.45,458.45,
1994-06-20,455.48,455.48,455.48,455.48,
1994-06-21,451.34,451.34,451.34,451.34,
1994-06-22,453.09,453.09,453.09,453.09,
1994-06-23,449.63,449.63,449.63,449.63,
1994-06-24,442.8,442.8,442.8,442.8,
1994-06-27,447.31,447.31,447.31,447.31,
1994-06-28,446.07,446.07,446.07,446.07,
1994-06-29,447.63,447.63,447.63,447.63,
1994-06-30,444.27,444.27,444.27,444.27,
1994-07-01,446.2,446.2,446.2,446.2,
1994-07-05,446.37,446.37,446.37,446.37,
1994-07-06,446.13,446.13,446.13,446.13,
1994-07-07,448.38,448.38,448.38,448.38,
1994-07-08,449.55,449.55,449.55,449.55,
1994-07-11,448.06,448.06,448.06,448.06,
1994-07-12,447.95,447.95,447.95,447.95,
1994-07-13,448.73,448.73,448.73,448.73,
1994-07-14,453.41,453.41,453.41,453.41,
1994-07-15,454.16,454.16,454.16,454.16,
1994-07-18,455.22,455.22,455.22,455.22,
1994-07-19,453.86,453.86,453.86,453.86,
1994-07-20,451.6,451.6,451.6,451.6,
1994-07-21,452.61,452.61,452.61,452.61,
1994-07-22,453.11,453.11,453.11,453.11,
1994-07-25,454.25,454.25,454.25,454.25,
1994-07-26,453.36,453.36,453.36,453.36,
1994-07-27,452.57,452.57,452.57,452.57,
1994-07-28,454.24,454.24,454.24,454.24,
1994-07-29,458.26,458.26,458.26,458.26,
1994-08-01,461.01,461.01,461.01,461.01,
1994-08-02,460.56,460.56,460.56,460.56,
1994-08-03,461.45,461.45,461.45,461.45,
1994-08-04,458.4,458.4,458.4,458.4,
1994-08-05,457.09,457.09,457.09,457.09,
1994-08-08,457.89,457.89,457.89,457.89,
1994-08-09,457.92,457.92,457.92,457.92,
1994-08-10,460.3,460.3,460.3,460.3,
1994-08-11,458.88,458.88,458.88,458.88,
1994-08-12,461.94,461.94,461.94,461.94,
1994-08-15,461.23,461.23,461.23,461.23,
1994-08-16,465.01,465.01,465.01,465.01,
1994-08-17,465.17,465.17,465.17,465.17,
1994-08-18,463.17,463.17,463.17,463.17,
1994-08-19,463.68,463.68,463.68,463.68,
1994-08-22,462.32,462.32,462.32,462.32,
1994-08-23,464.51,464.51,464.51,464.51,
1994-08-24,469.03,469.03,469.03,469.03,
1994-08-25,468.08,468.08,468.08,468.08,
1994-08-26,473.8,473.8,473.8,473.8,
1994-08-29,474.59,474.59,474.59,474.59,
1994-08-30,476.07,476.07,476.07,476.07,
1994-08-31,475.49,475.49,475.49,475.49,
1994-09-01,473.17,473.17,473.17,473.17,
1994-09-02,470.99,470.99,470.99,470.99,
1994-09-06,471.86,471.86,471.86,471.86,
1994-09-07,470.99,470.99,470.99,470.99,
1994-09-08,473.14,473.14,473.14,473.14,
1994-09-09,468.18,468.18,468.18,468.18,
1994-09-12,466.21,466.21,466.21,466.21,
1994-09-13,467.51,467.51,467.51,467.51,
1994-09-14,468.8,468.8,468.8,468.8,
1994-09-15,474.81,474.81,474.81,474.81,
1994-09-16,471.19,471.19,471.19,471.19,
1994-09-19,470.85,470.85,470.85,470.85,
1994-09-20,463.36,463.36,463.36,463.36,
1994-09-21,461.46,461.46,461.46,461.46,
1994-09-22,461.27,461.27,461.27,461.27,
1994-09-23,459.67,459.67,459.67,459.67,
1994-09-26,460.82,460.82,460.82,460.82,
1994-09-27,462.05,462.05,462.05,462.05,
1994-09-28,464.84,464.84,464.84,464.84,
1994-09-29,462.24,462.24,462.24,462.24,
1994-09-30,462.71,462.71,462.71,462.71,
1994-10-03,461.74,461.74,461.74,461.74,
1994-10-04,454.59,454.59,454.59,454.59,
1994-10-05,453.52,453.52,453.52,453.52,
1994-10-06,452.36,452.36,452.36,452.36,
1994-10-07,455.1,455.1,455.1,455.1,
1994-10-10,459.04,459.04,459.04,459.04,
1994-10-11,465.79,465.79,465.79,465.79,
1994-10-12,465.47,465.47,465.47,465.47,
1994-10-13,467.79,467.79,467.79,467.79,
1994-10-14,469.1,469.1,469.1,469.1,
1994-10-17,468.96,468.96,468.96,468.96,
1994-10-18,467.66,467.66,467.66,467.66,
1994-10-19,470.28,470.28,470.28,470.28,
1994-10-20,466.85,466.85,466.85,466.85,
1994-10-21,464.89,464.89,464.89,464.89,
1994-10-24,460.83,460.83,460.83,460.83,
1994-10-25,461.53,461.53,461.53,461.53,
1994-10-26,462.62,462.62,462.62,462.62,
1994-10-27,465.85,465.85,465.85,465.85,
1994-10-28,473.77,473.77,473.77,473.77,
1994-10-31,472.35,472.35,472.35,472.35,
1994-11-01,468.42,468.42,468.42,468.42,
1994-11-02,466.51,466.51,466.51,466.51,
1994-11-03,467.91,467.91,467.91,467.91,
1994-11-04,462.28,462.28,462.28,462.28,
1994-11-07,463.07,463.07,463.07,463.07,
1994-11-08,465.65,465.65,465.65,465.65,
1994-11-09,465.4,465.4,465.4,465.4,
1994-11-10,464.37,464.37,464.37,464.37,
1994-11-11,462.35,462.35,462.35,462.35,
1994-11-14,466.04,466.04,466.04,466.04,
1994-11-15,465.03,465.03,465.03,465.03,
1994-11-16,465.62,465.62,465.62,465.62,
1994-11-17,463.57,463.57,463.57,463.57,
1994-11-18,461.47,461.47,461.47,461.47,
1994-11-21,458.3,458.3,458.3,458.3,
1994-11-22,450.09,450.09,450.09,450.09,
1994-11-23,449.93,449.93,449.93,449.93,
1994-11-25,452.29,452.29,452.29,452.29,
1994-11-28,454.16,454.16,454.16,454.16,
1994-11-29,455.17,455.17,455.17,455.17,
1994-11-30,453.69,453.69,453.69,453.69,
1994-12-01,448.92,448.92,448.92,448.92,
1994-12-02,453.3,453.3,453.3,453.3,
1994-12-05,453.32,453.32,453.32,453.32,
1994-12-06,453.11,453.11,453.11,453.11,
1994-12-07,451.23,451.23,451.23,451.23,
1994-12-08,445.45,445.45,445.45,445.45,
1994-12-09,446.96,446.96,446.96,446.96,
1994-12-12,449.47,449.47,449.47,449.47,
1994-12-13,450.15,450.15,450.15,450.15,
1994-12-14,454.97,454.97,454.97,454.97,
1994-12-15,455.34,455.34,455.34,455.34,
1994-12-16,458.8,458.8,458.8,458.8,
1994-12-19,457.91,457.91,457.91,457.91,
1994-12-20,457.1,457.1,457.1,457.1,
1994-12-21,459.61,459.61,459.61,459.61,
1994-12-22,459.68,459.68,459.68,459.68,
1994-12-23,459.83,459.83,459.83,459.83,
1994-12-27,462.47,462.47,462.47,462.47,
1994-12-28,460.86,460.86,460.86,460.86,
1994-12-29,461.17,461.17,461.17,461.17,
1994-12-30,459.27,459.27,459.27,459.27,
1995-01-03,459.11,459.11,459.11,459.11,
1995-01-04,460.71,460.71,460.71,460.71,
1995-01-05,460.34,460.34,460.34,460.34,
1995-01-06,460.68,460.68,460.68,460.68,
1995-01-09,460.83,460.83,460.83,460.83,
1995-01-10,461.68,461.68,461.68,461.68,
1995-01-11,461.66,461.66,461.66,461.66,
1995-01-12,461.64,461.64,461.64,461.64,
1995-01-13,465.97,465.97,465.97,465.97,
1995-01-16,469.38,469.38,469.38,469.38,
1995-01-17,470.05,470.05,470.05,470.05,
1995-01-18,469.71,469.71,469.71,469.71,
1995-01-19,466.95,466.95,466.95,466.95,
1995-01-20,464.78,464.78,464.78,464.78,
1995-01-23,465.82,465.82,465.82,465.82,
1995-01-24,465.86,465.86,465.86,465.86,
1995-01-25,467.44,467.44,467.44,467.44,
1995-01-26,468.32,468.32,468.32,468.32,
1995-01-27,470.39,470.39,470.39,470.39,
1995-01-30,468.51,468.51,468.51,468.51,
1995-01-31,470.42,470.42,470.42,470.42,
1995-02-01,470.4,470.4,470.4,470.4,
1995-02-02,472.79,472.79,472.79,472.79,
1995-02-03,478.65,478.65,478.65,478.65,
1995-02-06,481.14,481.14,481.14,481.14,
1995-02-07,480.81,480.81,480.81,480.81,
1995-02-08,481.19,481.19,481.19,481.19,
1995-02-09,480.19,480.19,480.19,480.19,
1995-02-10,481.46,481.46,481.46,481.46,
1995-02-13,481.65,481.65,481.65,481.65,
1995-02-14,482.55,482.55,482.55,482.55,
1995-02-15,484.54,484.54,484.54,484.54,
1995-02-16,485.22,485.22,485.22,485.22,
1995-02-17,481.97,481.97,481.97,481.97,
1995-02-21,482.72,482.72,482.72,482.72,
1995-02-22,485.07,485.07,485.07,485.07,
1995-02-23,486.91,486.91,486.91,486.91,
1995-02-24,488.11,488.11,488.11,488.11,
1995-02-27,483.81,483.81,483.81,483.81,
1995-02-28,487.39,487.39,487.39,487.39,
1995-03-01,485.65,485.65,485.65,485.65,
1995-03-02,485.13,485.13,485.13,485.13,
1995-03-03,485.42,485.42,485.42,485.42,
1995-03-06,485.63,485.63,485.63,485.63,
1995-03-07,482.12,482.12,482.12,482.12,
1995-03-08,483.14,483.14,483.14,483.14,
1995-03-09,483.16,483.16,483.16,483.16,
1995-03-10,489.57,489.57,489.57,489.57,
1995-03-13,490.05,490.05,490.05,490.05,
1995-03-14,492.89,492.89,492.89,492.89,
1995-03-15,491.88,491.88,491.88,491.88,
1995-03-16,495.41,495.41,495.41,495.41,
1995-03-17,495.52,495.52,495.52,495.52,
1995-03-20,496.14,496.14,496.14,496.14,
1995-03-21,495.07,495.07,495.07,495.07,
1995-03-22,495.67,495.67,495.67,495.67,
1995-03-23,495.95,495.95,495.95,495.95,
1995-03-24,500.97,500.97,500.97,500.97,
1995-03-27,503.2,503.2,503.2,503.2,
1995-03-28,503.9,503.9,503.9,503.9,
1995-03-29,503.12,503.12,503.12,503.12,
1995-03-30,502.22,502.22,502.22,502.22,
1995-03-31,500.71,500.71,500.71,500.71,
1995-04-03,501.85,501.85,501.85,501.85,
1995-04-04,505.24,505.24,505.24,505.24,
1995-04-05,505.57,505.57,505.57,505.57,
1995-04-06,506.08,506.08,506.08,506.08,
1995-04-07,506.42,506.42,506.42,506.42,
1995-04-10,507.01,507.01,507.01,507.01,
1995-04-11,505.53,505.53,505.53,505.53,
1995-04-12,507.17,507.17,507.17,507.17,
1995-04-13,509.23,509.23,509.23,509.23,
1995-04-17,506.13,506.13,506.13,506.13,
1995-04-18,505.37,505.37,505.37,505.37,
1995-04-19,504.92,504.92,504.92,504.92,
1995-04-20,505.29,505.29,505.29,505.29,
1995-04-21,508.49,508.49,508.49,508.49,
1995-04-24,512.89,512.89,512.89,512.89,
1995-04-25,512.1,512.1,512.1,512.1,
1995-04-26,512.66,512.66,512.66,512.66,
1995-04-27,513.55,513.55,513.55,513.55,
1995-04-28,514.71,514.71,514.71,514.71,
1995-05-01,514.26,514.26,514.26,514.26,
1995-05-02,514.86,514.86,514.86,514.86,
1995-05-03,520.48,520.48,520.48,520.48,
1995-05-04,520.54,520.54,520.54,520.54,
1995-05-05,520.12,520.12,520.12,520.12,
1995-05-08,523.96,523.96,523.96,523.96,
1995-05-09,523.56,523.56,523.56,523.56,
1995-05-10,524.36,524.36,524.36,524.36,
1995-05-11,524.37,524.37,524.37,524.37,
1995-05-12,525.55,525.55,525.55,525.55,
1995-05-15,527.74,527.74,527.74,527.74,
1995-05-16,528.19,528.19,528.19,528.19,
1995-05-17,527.07,527.07,527.07,527.07,
1995-05-18,519.58,519.58,519.58,519.58,
1995-05-19,519.19,519.19,519.19,519.19,
1995-05-22,523.65,523.65,523.65,523.65,
1995-05-23,528.59,528.59,528.59,528.59,
1995-05-24,528.61,528.61,528.61,528.61,
1995-05-25,528.59,528.59,528.59,528.59,
1995-05-26,523.65,523.65,523.65,523.65,
1995-05-30,523.58,523.58,523.58,523.58,
1995-05-31,533.4,533.4,533.4,533.4,
1995-06-01,533.49,533.49,533.49,533.49,
1995-06-02,532.51,532.51,532.51,532.51,
1995-06-05,535.6,535.6,535.6,535.6,
1995-06-06,535.55,535.55,535.55,535.55,
1995-06-07,533.13,533.13,533.13,533.13,
1995-06-08,532.35,532.35,532.35,532.35,
1995-06-09,527.94,527.94,527.94,527.94,
1995-06-12,530.88,530.88,530.88,530.88,
1995-06-13,536.05,536.05,536.05,536.05,
1995-06-14,536.47,536.47,536.47,536.47,
1995-06-15,537.12,537.12,537.12,537.12,
1995-06-16,539.83,539.83,539.83,539.83,
1995-06-19,545.22,545.22,545.22,545.22,
1995-06-20,544.98,544.98,544.98,544.98,
1995-06-21,543.98,543.98,543.98,543.98,
1995-06-22,551.07,551.07,551.07,551.07,
1995-06-23,549.71,549.71,549.71,549.71,
1995-06-26,544.13,544.13,544.13,544.13,
1995-06-27,542.43,542.43,542.43,542.43,
1995-06-28,544.73,544.73,544.73,544.73,
1995-06-29,543.87,543.87,543.87,543.87,
1995-06-30,544.75,544.75,544.75,544.75,
1995-07-03,547.09,547.09,547.09,547.09,
1995-07-05,547.26,547.26,547.26,547.26,
1995-07-06,553.99,553.99,553.99,553.99,
1995-07-07,556.37,556.37,556.37,556.37,
1995-07-10,557.19,557.19,557.19,557.19,
1995-07-11,554.78,554.78,554.78,554.78,
1995-07-12,560.89,560.89,560.89,560.89,
1995-07-13,561.0,561.0,561.0,561.0,
1995-07-14,559.89,559.89,559.89,559.89,
1995-07-17,562.72,562.72,562.72,562.72,
1995-07-18,558.46,558.46,558.46,558.46,
1995-07-19,550.98,550.98,550.98,550.98,
1995-07-20,553.54,553.54,553.54,553.54,
1995-07-21,553.62,553.62,553.62,553.62,
1995-07-24,556.63,556.63,556.63,556.63,
1995-07-25,561.1,561.1,561.1,561.1,
1995-07-26,561.61,561.61,561.61,561.61,
1995-07-27,565.22,565.22,565.22,565.22,
1995-07-28,562.93,562.93,562.93,562.93,
1995-07-31,562.06,562.06,562.06,562.06,
1995-08-01,559.64,559.64,559.64,559.64,
1995-08-02,558.8,558.8,558.8,558.8,
1995-08-03,558.75,558.75,558.75,558.75,
1995-08-04,558.94,558.94,558.94,558.94,
1995-08-07,560.03,560.03,560.03,560.03,
1995-08-08,560.39,560.39,560.39,560.39,
1995-08-09,559.71,559.71,559.71,559.71,
1995-08-10,557.45,557.45,557.45,557.45,
1995-08-11,555.11,555.11,555.11,555.11,
1995-08-14,559.74,559.74,559.74,559.74,
1995-08-15,558.57,558.57,558.57,558.57,
1995-08-16,559.97,559.97,559.97,559.97,
1995-08-17,559.04,559.04,559.04,559.04,
1995-08-18,559.21,559.21,559.21,559.21,
1995-08-21,558.11,558.11,558.11,558.11,
1995-08-22,559.52,559.52,559.52,559.52,
1995-08-23,557.14,557.14,557.14,557.14,
1995-08-24,557.46,557.46,557.46,557.46,
1995-08-25,560.1,560.1,560.1,560.1,
1995-08-28,559.05,559.05,559.05,559.05,
1995-08-29,560.0,560.0,560.0,560.0,
1995-08-30,560.92,560.92,560.92,560.92,
1995-08-31,561.88,561.88,561.88,561.88,
1995-09-01,563.84,563.84,563.84,563.84,
1995-09-05,569.17,569.17,569.17,569.17,
1995-09-06,570.17,570.17,570.17,570.17,
1995-09-07,570.29,570.29,570.29,570.29,
1995-09-08,572.68,572.68,572.68,572.68,
1995-09-11,573.91,573.91,573.91,573.91,
1995-09-12,576.51,576.51,576.51,576.51,
1995-09-13,578.77,578.77,578.77,578.77,
1995-09-14,583.61,583.61,583.61,583.61,
1995-09-15,583.35,583.35,583.35,583.35,
1995-09-18,582.77,582.77,582.77,582.77,
1995-09-19,584.2,584.2,584.2,584.2,
1995-09-20,586.77,586.77,586.77,586.77,
1995-09-21,583.0,583.0,583.0,583.0,
1995-09-22,581.73,581.73,581.73,581.73,
1995-09-25,581.81,581.81,581.81,581.81,
1995-09-26,581.41,581.41,581.41,581.41,
1995-09-27,581.04,581.04,581.04,581.04,
1995-09-28,585.87,585.87,585.87,585.87,
1995-09-29,584.41,584.41,584.41,584.41,
1995-10-02,581.72,581.72,581.72,581.72,
1995-10-03,582.34,582.34,582.34,582.34,
1995-10-04,581.47,581.47,581.47,581.47,
1995-10-05,582.63,582.63,582.63,582.63,
1995-10-06,582.49,582.49,582.49,582.49,
1995-10-09,578.37,578.37,578.37,578.37,
1995-10-10,577.52,577.52,577.52,577.52,
1995-10-11,579.46,579.46,579.46,579.46,
1995-10-12,583.1,583.1,583.1,583.1,
1995-10-13,584.5,584.5,584.5,584.5,
1995-10-16,583.03,583.03,583.03,583.03,
1995-10-17,586.78,586.78,586.78,586.78,
1995-10-18,587.44,587.44,587.44,587.44,
1995-10-19,590.65,590.65,590.65,590.65,
1995-10-20,587.46,587.46,587.46,587.46,
1995-10-23,585.06,585.06,585.06,585.06,
1995-10-24,586.54,586.54,586.54,586.54,
1995-10-25,582.47,582.47,582.47,582.47,
1995-10-26,576.72,576.72,576.72,576.72,
1995-10-27,579.7,579.7,579.7,579.7,
1995-10-30,583.25,583.25,583.25,583.25,
1995-10-31,581.5,581.5,581.5,581.5,
1995-11-01,584.22,584.22,584.22,584.22,
1995-11-02,589.72,589.72,589.72,589.72,
1995-11-03,590.57,590.57,590.57,590.57,
1995-11-06,588.46,588.46,588.46,588.46,
1995-11-07,586.32,586.32,586.32,586.32,
1995-11-08,591.71,591.71,591.71,591.71,
1995-11-09,593.26,593.26,593.26,593.26,
1995-11-10,592.72,592.72,592.72,592.72,
1995-11-13,592.3,592.3,592.3,592.3,
1995-11-14,589.29,589.29,589.29,589.29,
1995-11-15,593.96,593.96,593.96,593.96,
1995-11-16,597.34,597.34,597.34,597.34,
1995-11-17,600.07,600.07,600.07,600.07,
1995-11-20,596.85,596.85,596.85,596.85,
1995-11-21,600.24,600.24,600.24,600.24,
1995-11-22,598.4,598.4,598.4,598.4,
1995-11-24,599.97,599.97,599.97,599.97,
1995-11-27,601.32,601.32,601.32,601.32,
1995-11-28,606.45,606.45,606.45,606.45,
1995-11-29,607.64,607.64,607.64,607.64,
1995-11-30,605.37,605.37,605.37,605.37,
1995-12-01,606.98,606.98,606.98,606.98,
1995-12-04,613.68,613.68,613.68,613.68,
1995-12-05,617.68,617.68,617.68,617.68,
1995-12-06,620.18,620.18,620.18,620.18,
1995-12-07,616.17,616.17,616.17,616.17,
1995-12-08,617.48,617.48,617.48,617.48,
1995-12-11,619.52,619.52,619.52,619.52,
1995-12-12,618.78,618.78,618.78,618.78,
1995-12-13,621.69,621.69,621.69,621.69,
1995-12-14,616.92,616.92,616.92,616.92,
1995-12-15,616.34,616.34,616.34,616.34,
1995-12-18,606.81,606.81,606.81,606.81,
1995-12-19,611.93,611.93,611.93,611.93,
1995-12-20,605.94,605.94,605.94,605.94,
1995-12-21,610.49,610.49,610.49,610.49,
1995-12-22,611.95,611.95,611.95,611.95,
1995-12-26,614.3,614.3,614.3,614.3,
1995-12-27,614.53,614.53,614.53,614.53,
1995-12-28,614.12,614.12,614.12,614.12,
1995-12-29,615.93,615.93,615.93,615.93,
1996-01-02,620.73,620.73,620.73,620.73,
1996-01-03,621.32,621.32,621.32,621.32,
1996-01-04,617.7,617.7,617.7,617.7,
1996-01-05,616.71,616.71,616.71,616.71,
1996-01-08,618.46,618.46,618.46,618.46,
1996-01-09,609.45,609.45,609.45,609.45,
1996-01-10,598.48,598.48,598.48,598.48,
1996-01-11,602.69,602.69,602.69,602.69,
1996-01-12,601.81,601.81,601.81,601.81,
1996-01-15,599.82,599.82,599.82,599.82,
1996-01-16,608.44,608.44,608.44,608.44,
1996-01-17,606.37,606.37,606.37,606.37,
1996-01-18,608.24,608.24,608.24,608.24,
1996-01-19,611.83,611.83,611.83,611.83,
1996-01-22,613.4,613.4,613.4,613.4,
1996-01-23,612.79,612.79,612.79,612.79,
1996-01-24,619.96,619.96,619.96,619.96,
1996-01-25,617.03,617.03,617.03,617.03,
1996-01-26,621.62,621.62,621.62,621.62,
1996-01-29,624.22,624.22,624.22,624.22,
1996-01-30,630.15,630.15,630.15,630.15,
1996-01-31,636.02,636.02,636.02,636.02,
1996-02-01,638.46,638.46,638.46,638.46,
1996-02-02,635.84,635.84,635.84,635.84,
1996-02-05,641.43,641.43,641.43,641.43,
1996-02-06,646.33,646.33,646.33,646.33,
1996-02-07,649.93,649.93,649.93,649.93,
1996-02-08,656.07,656.07,656.07,656.07,
1996-02-09,656.37,656.37,656.37,656.37,
1996-02-12,661.45,661.45,661.45,661.45,
1996-02-13,660.51,660.51,660.51,660.51,
1996-02-14,655.58,655.58,655.58,655.58,
1996-02-15,651.32,651.32,651.32,651.32,
1996-02-16,647.98,647.98,647.98,647.98,
1996-02-20,640.65,640.65,640.65,640.65,
1996-02-21,648.1,648.1,648.1,648.1,
1996-02-22,658.86,658.86,658.86,658.86,
1996-02-23,659.08,659.08,659.08,659.08,
1996-02-26,650.46,650.46,650.46,650.46,
1996-02-27,647.24,647.24,647.24,647.24,
1996-02-28,644.75,644.75,644.75,644.75,
1996-02-29,640.43,640.43,640.43,640.43,
1996-03-01,644.37,644.37,644.37,644.37,
1996-03-04,650.81,650.81,650.81,650.81,
1996-03-05,655.79,655.79,655.79,655.79,
1996-03-06,652.0,652.0,652.0,652.0,
1996-03-07,653.65,653.65,653.65,653.65,
1996-03-08,633.5,633.5,633.5,633.5,
1996-03-11,640.02,640.02,640.02,640.02,
1996-03-12,637.09,637.09,637.09,637.09,
1996-03-13,638.55,638.55,638.55,638.55,
1996-03-14,640.87,640.87,640.87,640.87,
1996-03-15,641.43,641.43,641.43,641.43,
1996-03-18,652.65,652.65,652.65,652.65,
1996-03-19,651.69,651.69,651.69,651.69,
1996-03-20,649.98,649.98,649.98,649.98,
1996-03-21,649.19,649.19,649.19,649.19,
1996-03-22,650.62,650.62,650.62,650.62,
1996-03-25,650.04,650.04,650.04,650.04,
1996-03-26,652.97,652.97,652.97,652.97,
1996-03-27,648.91,648.91,648.91,648.91,
1996-03-28,648.94,648.94,648.94,648.94,
1996-03-29,645.5,645.5,645.5,645.5,
1996-04-01,653.73,653.73,653.73,653.73,
1996-04-02,655.26,655.26,655.26,655.26,
1996-04-03,655.88,655.88,655.88,655.88,
1996-04-04,655.86,655.86,655.86,655.86,
1996-04-08,644.24,644.24,644.24,644.24,
1996-04-09,642.19,642.19,642.19,642.19,
1996-04-10,633.5,633.5,633.5,633.5,
1996-04-11,631.18,631.18,631.18,631.18,
1996-04-12,636.71,636.71,636.71,636.71,
1996-04-15,642.49,642.49,642.49,642.49,
1996-04-16,645.0,645.0,645.0,645.0,
1996-04-17,641.61,641.61,641.61,641.61,
1996-04-18,643.61,643.61,643.61,643.61,
1996-04-19,645.07,645.07,645.07,645.07,
1996-04-22,647.89,647.89,647.89,647.89,
1996-04-23,651.58,651.58,651.58,651.58,
1996-04-24,650.17,650.17,650.17,650.17,
1996-04-25,652.87,652.87,652.87,652.87,
1996-04-26,653.46,653.46,653.46,653.46,
1996-04-29,654.16,654.16,654.16,654.16,
1996-04-30,654.17,654.17,654.17,654.17,
1996-05-01,654.58,654.58,654.58,654.58,
1996-05-02,643.38,643.38,643.38,643.38,
1996-05-03,641.63,641.63,641.63,641.63,
1996-05-06,640.81,640.81,640.81,640.81,
1996-05-07,638.26,638.26,638.26,638.26,
1996-05-08,644.77,644.77,644.77,644.77,
1996-05-09,645.44,645.44,645.44,645.44,
1996-05-10,652.09,652.09,652.09,652.09,
1996-05-13,661.51,661.51,661.51,661.51,
1996-05-14,665.6,665.6,665.6,665.6,
1996-05-15,665.42,665.42,665.42,665.42,
1996-05-16,664.85,664.85,664.85,664.85,
1996-05-17,668.91,668.91,668.91,668.91,
1996-05-20,673.15,673.15,673.15,673.15,
1996-05-21,672.76,672.76,672.76,672.76,
1996-05-22,678.42,678.42,678.42,678.42,
1996-05-23,676.0,676.0,676.0,676.0,
1996-05-24,678.51,678.51,678.51,678.51,
1996-05-28,672.23,672.23,672.23,672.23,
1996-05-29,667.93,667.93,667.93,667.93,
1996-05-30,671.7,671.7,671.7,671.7,
1996-05-31,669.12,669.12,669.12,669.12,
1996-06-03,667.68,667.68,667.68,667.68,
1996-06-04,672.56,672.56,672.56,672.56,
1996-06-05,678.44,678.44,678.44,678.44,
1996-06-06,673.03,673.03,673.03,673.03,
1996-06-07,673.31,673.31,673.31,673.31,
1996-06-10,672.16,672.16,672.16,672.16,
1996-06-11,670.97,670.97,670.97,670.97,
1996-06-12,669.04,669.04,669.04,669.04,
1996-06-13,667.92,667.92,667.92,667.92,
1996-06-14,665.85,665.85,665.85,665.85,
1996-06-17,665.16,665.16,665.16,665.16,
1996-06-18,662.06,662.06,662.06,662.06,
1996-06-19,661.96,661.96,661.96,661.96,
1996-06-20,662.1,662.1,662.1,662.1,
1996-06-21,666.84,666.84,666.84,666.84,
1996-06-24,668.85,668.85,668.85,668.85,
1996-06-25,668.48,668.48,668.48,668.48,
1996-06-26,664.39,664.39,664.39,664.39,
1996-06-27,668.55,668.55,668.55,668.55,
1996-06-28,670.63,670.63,670.63,670.63,
1996-07-01,675.88,675.88,675.88,675.88,
1996-07-02,673.61,673.61,673.61,673.61,
1996-07-03,672.4,672.4,672.4,672.4,
1996-07-05,657.44,657.44,657.44,657.44,
1996-07-08,652.54,652.54,652.54,652.54,
1996-07-09,654.75,654.75,654.75,654.75,
1996-07-10,656.06,656.06,656.06,656.06,
1996-07-11,645.67,645.67,645.67,645.67,
1996-07-12,646.19,646.19,646.19,646.19,
1996-07-15,629.8,629.8,629.8,629.8,
1996-07-16,628.37,628.37,628.37,628.37,
1996-07-17,634.07,634.07,634.07,634.07,
1996-07-18,643.56,643.56,643.56,643.56,
1996-07-19,638.73,638.73,638.73,638.73,
1996-07-22,633.77,633.77,633.77,633.77,
1996-07-23,626.87,626.87,626.87,626.87,
1996-07-24,626.65,626.65,626.65,626.65,
1996-07-25,631.17,631.17,631.17,631.17,
1996-07-26,635.9,635.9,635.9,635.9,
1996-07-29,630.91,630.91,630.91,630.91,
1996-07-30,635.26,635.26,635.26,635.26,
1996-07-31,639.95,639.95,639.95,639.95,
1996-08-01,650.02,650.02,650.02,650.02,
1996-08-02,662.49,662.49,662.49,662.49,
1996-08-05,660.23,660.23,660.23,660.23,
1996-08-06,662.38,662.38,662.38,662.38,
1996-08-07,664.16,664.16,664.16,664.16,
1996-08-08,662.59,662.59,662.59,662.59,
1996-08-09,662.1,662.1,662.1,662.1,
1996-08-12,665.77,665.77,665.77,665.77,
1996-08-13,660.2,660.2,660.2,660.2,
1996-08-14,662.05,662.05,662.05,662.05,
1996-08-15,662.28,662.28,662.28,662.28,
1996-08-16,665.21,665.21,665.21,665.21,
1996-08-19,666.58,666.58,666.58,666.58,
1996-08-20,665.69,665.69,665.69,665.69,
1996-08-21,665.07,665.07,665.07,665.07,
1996-08-22,670.68,670.68,670.68,670.68,
1996-08-23,667.03,667.03,667.03,667.03,
1996-08-26,663.88,663.88,663.88,663.88,
1996-08-27,666.4,666.4,666.4,666.4,
1996-08-28,664.81,664.81,664.81,664.81,
1996-08-29,657.4,657.4,657.4,657.4,
1996-08-30,651.99,651.99,651.99,651.99,
1996-09-03,654.72,654.72,654.72,654.72,
1996-09-04,655.61,655.61,655.61,655.61,
1996-09-05,649.44,649.44,649.44,649.44,
1996-09-06,655.68,655.68,655.68,655.68,
1996-09-09,663.76,663.76,663.76,663.76,
1996-09-10,663.81,663.81,663.81,663.81,
1996-09-11,667.28,667.28,667.28,667.28,
1996-09-12,671.15,671.15,671.15,671.15,
1996-09-13,680.54,680.54,680.54,680.54,
1996-09-16,683.98,683.98,683.98,683.98,
1996-09-17,682.94,682.94,682.94,682.94,
1996-09-18,681.47,681.47,681.47,681.47,
1996-09-19,683.0,683.0,683.0,683.0,
1996-09-20,687.03,687.03,687.03,687.03,
1996-09-23,686.48,686.48,686.48,686.48,
1996-09-24,685.61,685.61,685.61,685.61,
1996-09-25,685.83,685.83,685.83,685.83,
1996-09-26,685.86,685.86,685.86,685.86,
1996-09-27,686.19,686.19,686.19,686.19,
1996-09-30,687.33,687.33,687.33,687.33,
1996-10-01,689.08,689.08,689.08,689.08,
1996-10-02,694.01,694.01,694.01,694.01,
1996-10-03,692.78,692.78,692.78,692.78,
1996-10-04,701.46,701.46,701.46,701.46,
1996-10-07,703.34,703.34,703.34,703.34,
1996-10-08,700.64,700.64,700.64,700.64,
1996-10-09,696.74,696.74,696.74,696.74,
1996-10-10,694.61,694.61,694.61,694.61,
1996-10-11,700.66,700.66,700.66,700.66,
1996-10-14,703.54,703.54,703.54,703.54,
1996-10-15,702.57,702.57,702.57,702.57,
1996-10-16,704.41,704.41,704.41,704.41,
1996-10-17,706.99,706.99,706.99,706.99,
1996-10-18,710.82,710.82,710.82,710.82,
1996-10-21,709.85,709.85,709.85,709.85,
1996-10-22,706.57,706.57,706.57,706.57,
1996-10-23,707.27,707.27,707.27,707.27,
1996-10-24,702.29,702.29,702.29,702.29,
1996-10-25,700.92,700.92,700.92,700.92,
1996-10-28,697.26,697.26,697.26,697.26,
1996-10-29,701.5,701.5,701.5,701.5,
1996-10-30,700.9,700.9,700.9,700.9,
1996-10-31,705.27,705.27,705.27,705.27,
1996-11-01,703.77,703.77,703.77,703.77,
1996-11-04,706.73,706.73,706.73,706.73,
1996-11-05,714.14,714.14,714.14,714.14,
1996-11-06,724.59,724.59,724.59,724.59,
1996-11-07,727.65,727.65,727.65,727.65,
1996-11-08,730.82,730.82,730.82,730.82,
1996-11-11,731.87,731.87,731.87,731.87,
1996-11-12,729.56,729.56,729.56,729.56,
1996-11-13,731.13,731.13,731.13,731.13,
1996-11-14,735.88,735.88,735.88,735.88,
1996-11-15,737.62,737.62,737.62,737.62,
1996-11-18,737.02,737.02,737.02,737.02,
1996-11-19,742.16,742.16,742.16,742.16,
1996-11-20,743.95,743.95,743.95,743.95,
1996-11-21,742.75,742.75,742.75,742.75,
1996-11-22,748.73,748.73,748.73,748.73,
1996-11-25,757.03,757.03,757.03,757.03,
1996-11-26,755.96,755.96,755.96,755.96,
1996-11-27,755.0,755.0,755.0,755.0,
1996-11-29,757.02,757.02,757.02,757.02,
1996-12-02,756.56,756.56,756.56,756.56,
1996-12-03,748.28,748.28,748.28,748.28,
1996-12-04,745.1,745.1,745.1,745.1,
1996-12-05,744.38,744.38,744.38,744.38,
1996-12-06,739.6,739.6,739.6,739.6,
1996-12-09,749.76,749.76,749.76,749.76,
1996-12-10,747.54,747.54,747.54,747.54,
1996-12-11,740.73,740.73,740.73,740.73,
1996-12-12,729.3,729.3,729.3,729.3,
1996-12-13,728.64,728.64,728.64,728.64,
1996-12-16,720.98,720.98,720.98,720.98,
1996-12-17,726.04,726.04,726.04,726.04,
1996-12-18,731.54,731.54,731.54,731.54,
1996-12-19,745.76,745.76,745.76,745.76,
1996-12-20,748.87,748.87,748.87,748.87,
1996-12-23,746.92,746.92,746.92,746.92,
1996-12-24,751.03,751.03,751.03,751.03,
1996-12-26,755.82,755.82,755.82,755.82,
1996-12-27,756.79,756.79,756.79,756.79,
1996-12-30,753.85,753.85,753.85,753.85,
1996-12-31,740.74,740.74,740.74,740.74,
1997-01-02,737.01,737.01,737.01,737.01,
1997-01-03,748.03,748.03,748.03,748.03,
1997-01-06,747.65,747.65,747.65,747.65,
1997-01-07,753.23,753.23,753.23,753.23,
1997-01-08,748.41,748.41,748.41,748.41,
1997-01-09,754.85,754.85,754.85,754.85,
1997-01-10,759.5,759.5,759.5,759.5,
1997-01-13,759.51,759.51,759.51,759.51,
1997-01-14,768.86,768.86,768.86,768.86,
1997-01-15,767.2,767.2,767.2,767.2,
1997-01-16,769.75,769.75,769.75,769.75,
1997-01-17,776.17,776.17,776.17,776.17,
1997-01-20,776.7,776.7,776.7,776.7,
1997-01-21,782.72,782.72,782.72,782.72,
1997-01-22,786.23,786.23,786.23,786.23,
1997-01-23,777.56,777.56,777.56,777.56,
1997-01-24,770.52,770.52,770.52,770.52,
1997-01-27,765.02,765.02,765.02,765.02,
1997-01-28,765.02,765.02,765.02,765.02,
1997-01-29,772.5,772.5,772.5,772.5,
1997-01-30,784.17,784.17,784.17,784.17,
1997-01-31,786.16,786.16,786.16,786.16,
1997-02-03,786.73,786.73,786.73,786.73,
1997-02-04,789.26,789.26,789.26,789.26,
1997-02-05,778.28,778.28,778.28,778.28,
1997-02-06,780.15,780.15,780.15,780.15,
1997-02-07,789.56,789.56,789.56,789.56,
1997-02-10,785.43,785.43,785.43,785.43,
1997-02-11,789.59,789.59,789.59,789.59,
1997-02-12,802.77,802.77,802.77,802.77,
1997-02-13,811.82,811.82,811.82,811.82,
1997-02-14,808.48,808.48,808.48,808.48,
1997-02-18,816.29,816.29,816.29,816.29,
1997-02-19,812.49,812.49,812.49,812.49,
1997-02-20,802.8,802.8,802.8,802.8,
1997-02-21,801.77,801.77,801.77,801.77,
1997-02-24,810.28,810.28,810.28,810.28,
1997-02-25,812.03,812.03,812.03,812.03,
1997-02-26,805.68,805.68,805.68,805.68,
1997-02-27,795.07,795.07,795.07,795.07,
1997-02-28,790.82,790.82,790.82,790.82,
1997-03-03,795.31,795.31,795.31,795.31,
1997-03-04,790.95,790.95,790.95,790.95,
1997-03-05,801.99,801.99,801.99,801.99,
1997-03-06,798.56,798.56,798.56,798.56,
1997-03-07,804.97,804.97,804.97,804.97,
1997-03-10,813.65,813.65,813.65,813.65,
1997-03-11,811.34,811.34,811.34,811.34,
1997-03-12,804.26,804.26,804.26,804.26,
1997-03-13,789.56,789.56,789.56,789.56,
1997-03-14,793.17,793.17,793.17,793.17,
1997-03-17,795.71,795.71,795.71,795.71,
1997-03-18,789.66,789.66,789.66,789.66,
1997-03-19,785.77,785.77,785.77,785.77,
1997-03-20,782.65,782.65,782.65,782.65,
1997-03-21,784.1,784.1,784.1,784.1,
1997-03-24,790.89,790.89,790.89,790.89,
1997-03-25,789.07,789.07,789.07,789.07,
1997-03-26,790.5,790.5,790.5,790.5,
1997-03-27,773.88,773.88,773.88,773.88,
1997-03-31,757.12,757.12,757.12,757.12,
1997-04-01,759.64,759.64,759.64,759.64,
1997-04-02,750.11,750.11,750.11,750.11,
1997-04-03,750.32,750.32,750.32,750.32,
1997-04-04,757.9,757.9,757.9,757.9,
1997-04-07,762.13,762.13,762.13,762.13,
1997-04-08,766.12,766.12,766.12,766.12,
1997-04-09,760.6,760.6,760.6,760.6,
1997-04-10,758.34,758.34,758.34,758.34,
1997-04-11,737.65,737.65,737.65,737.65,
1997-04-14,743.73,743.73,743.73,743.73,
1997-04-15,754.72,754.72,754.72,754.72,
1997-04-16,763.53,763.53,763.53,763.53,
1997-04-17,761.77,761.77,761.77,761.77,
1997-04-18,766.34,766.34,766.34,766.34,
1997-04-21,760.37,760.37,760.37,760.37,
1997-04-22,774.61,774.61,774.61,774.61,
1997-04-23,773.64,773.64,773.64,773.64,
1997-04-24,771.18,771.18,771.18,771.18,
1997-04-25,765.37,765.37,765.37,765.37,
1997-04-28,772.96,772.96,772.96,772.96,
1997-04-29,794.05,794.05,794.05,794.05,
1997-04-30,801.34,801.34,801.34,801.34,
1997-05-01,798.53,798.53,798.53,798.53,
1997-05-02,812.97,812.97,812.97,812.97,
1997-05-05,830.29,830.29,830.29,830.29,
1997-05-06,827.76,827.76,827.76,827.76,
1997-05-07,815.62,815.62,815.62,815.62,
1997-05-08,820.26,820.26,820.26,820.26,
1997-05-09,824.78,824.78,824.78,824.78,
1997-05-12,837.66,837.66,837.66,837.66,
1997-05-13,833.13,833.13,833.13,833.13,
1997-05-14,836.04,836.04,836.04,836.04,
1997-05-15,841.88,841.88,841.88,841.88,
1997-05-16,829.75,829.75,829.75,829.75,
1997-05-19,833.27,833.27,833.27,833.27,
1997-05-20,841.66,841.66,841.66,841.66,
1997-05-21,839.35,839.35,839.35,839.35,
1997-05-22,835.66,835.66,835.66,835.66,
1997-05-23,847.03,847.03,847.03,847.03,
1997-05-27,849.71,849.71,849.71,849.71,
1997-05-28,847.21,847.21,847.21,847.21,
1997-05-29,844.08,844.08,844.08,844.08,
1997-05-30,848.28,848.28,848.28,848.28,
1997-06-02,846.36,846.36,846.36,846.36,
1997-06-03,845.48,845.48,845.48,845.48,
1997-06-04,840.11,840.11,840.11,840.11,
1997-06-05,843.43,843.43,843.43,843.43,
1997-06-06,858.01,858.01,858.01,858.01,
1997-06-09,862.91,862.91,862.91,862.91,
1997-06-10,865.27,865.27,865.27,865.27,
1997-06-11,869.57,869.57,869.57,869.57,
1997-06-12,883.46,883.46,883.46,883.46,
1997-06-13,893.27,893.27,893.27,893.27,
1997-06-16,893.9,893.9,893.9,893.9,
1997-06-17,894.42,894.42,894.42,894.42,
1997-06-18,889.06,889.06,889.06,889.06,
1997-06-19,897.99,897.99,897.99,897.99,
1997-06-20,898.7,898.7,898.7,898.7,
1997-06-23,878.62,878.62,878.62,878.62,
1997-06-24,896.34,896.34,896.34,896.34,
1997-06-25,888.99,888.99,888.99,888.99,
1997-06-26,883.68,883.68,883.68,883.68,
1997-06-27,887.3,887.3,887.3,887.3,
1997-06-30,885.14,885.14,885.14,885.14,
1997-07-01,891.03,891.03,891.03,891.03,
1997-07-02,904.03,904.03,904.03,904.03,
1997-07-03,916.92,916.92,916.92,916.92,
1997-07-07,912.2,912.2,912.2,912.2,
1997-07-08,918.75,918.75,918.75,918.75,
1997-07-09,907.54,907.54,907.54,907.54,
1997-07-10,913.78,913.78,913.78,913.78,
1997-07-11,916.68,916.68,916.68,916.68,
1997-07-14,918.38,918.38,918.38,918.38,
1997-07-15,925.76,925.76,925.76,925.76,
1997-07-16,936.59,936.59,936.59,936.59,
1997-07-17,931.61,931.61,931.61,931.61,
1997-07-18,915.3,915.3,915.3,915.3,
1997-07-21,912.94,912.94,912.94,912.94,
1997-07-22,933.98,933.98,933.98,933.98,
1997-07-23,936.56,936.56,936.56,936.56,
1997-07-24,940.3,940.3,940.3,940.3,
1997-07-25,938.79,938.79,938.79,938.79,
1997-07-28,936.45,936.45,936.45,936.45,
1997-07-29,942.29,942.29,942.29,942.29,
1997-07-30,952.29,952.29,952.29,952.29,
1997-07-31,954.31,954.31,954.31,954.31,
1997-08-01,947.14,947.14,947.14,947.14,
1997-08-04,950.3,950.3,950.3,950.3,
1997-08-05,952.37,952.37,952.37,952.37,
1997-08-06,960.32,960.32,960.32,960.32,
1997-08-07,951.19,951.19,951.19,951.19,
1997-08-08,933.54,933.54,933.54,933.54,
1997-08-11,937.0,937.0,937.0,937.0,
1997-08-12,926.53,926.53,926.53,926.53,
1997-08-13,922.02,922.02,922.02,922.02,
1997-08-14,924.77,924.77,924.77,924.77,
1997-08-15,900.81,900.81,900.81,900.81,
1997-08-18,912.49,912.49,912.49,912.49,
1997-08-19,926.01,926.01,926.01,926.01,
1997-08-20,939.35,939.35,939.35,939.35,
1997-08-21,925.05,925.05,925.05,925.05,
1997-08-22,923.54,923.54,923.54,923.54,
1997-08-25,920.16,920.16,920.16,920.16,
1997-08-26,913.02,913.02,913.02,913.02,
1997-08-27,913.7,913.7,913.7,913.7,
1997-08-28,903.67,903.67,903.67,903.67,
1997-08-29,899.47,899.47,899.47,899.47,
1997-09-02,927.58,927.58,927.58,927.58,
1997-09-03,927.86,927.86,927.86,927.86,
1997-09-04,930.87,930.87,930.87,930.87,
1997-09-05,929.05,929.05,929.05,929.05,
1997-09-08,931.2,931.2,931.2,931.2,
1997-09-09,933.62,933.62,933.62,933.62,
1997-09-10,919.03,919.03,919.03,919.03,
1997-09-11,912.59,912.59,912.59,912.59,
1997-09-12,923.91,923.91,923.91,923.91,
1997-09-15,919.77,919.77,919.77,919.77,
1997-09-16,945.64,945.64,945.64,945.64,
1997-09-17,943.0,943.0,943.0,943.0,
1997-09-18,947.29,947.29,947.29,947.29,
1997-09-19,950.51,950.51,950.51,950.51,
1997-09-22,955.43,955.43,955.43,955.43,
1997-09-23,951.93,951.93,951.93,951.93,
1997-09-24,944.48,944.48,944.48,944.48,
1997-09-25,937.91,937.91,937.91,937.91,
1997-09-26,945.22,945.22,945.22,945.22,
1997-09-29,953.34,953.34,953.34,953.34,
1997-09-30,947.28,947.28,947.28,947.28,
1997-10-01,955.41,955.41,955.41,955.41,
1997-10-02,960.46,960.46,960.46,960.46,
1997-10-03,965.03,965.03,965.03,965.03,
1997-10-06,972.69,972.69,972.69,972.69,
1997-10-07,983.12,983.12,983.12,983.12,
1997-10-08,973.84,973.84,973.84,973.84,
1997-10-09,970.62,970.62,970.62,970.62,
1997-10-10,966.98,966.98,966.98,966.98,
1997-10-13,968.1,968.1,968.1,968.1,
1997-10-14,970.28,970.28,970.28,970.28,
1997-10-15,965.72,965.72,965.72,965.72,
1997-10-16,955.25,955.25,955.25,955.25,
1997-10-17,944.16,944.16,944.16,944.16,
1997-10-20,955.61,955.61,955.61,955.61,
1997-10-21,972.28,972.28,972.28,972.28,
1997-10-22,968.49,968.49,968.49,968.49,
1997-10-23,950.69,950.69,950.69,950.69,
1997-10-24,941.64,941.64,941.64,941.64,
1997-10-27,876.99,876.99,876.99,876.99,
1997-10-28,921.85,921.85,921.85,921.85,
1997-10-29,919.16,919.16,919.16,919.16,
1997-10-30,903.68,903.68,903.68,903.68,
1997-10-31,914.62,914.62,914.62,914.62,
1997-11-03,938.99,938.99,938.99,938.99,
1997-11-04,940.76,940.76,940.76,940.76,
1997-11-05,942.76,942.76,942.76,942.76,
1997-11-06,938.03,938.03,938.03,938.03,
1997-11-07,927.51,927.51,927.51,927.51,
1997-11-10,921.13,921.13,921.13,921.13,
1997-11-11,923.78,923.78,923.78,923.78,
1997-11-12,905.96,905.96,905.96,905.96,
1997-11-13,916.66,916.66,916.66,916.66,
1997-11-14,928.35,928.35,928.35,928.35,
1997-11-17,946.2,946.2,946.2,946.2,
1997-11-18,938.23,938.23,938.23,938.23,
1997-11-19,944.59,944.59,944.59,944.59,
1997-11-20,958.98,958.98,958.98,958.98,
1997-11-21,963.09,963.09,963.09,963.09,
1997-11-24,946.67,946.67,946.67,946.67,
1997-11-25,950.82,950.82,950.82,950.82,
1997-11-26,951.64,951.64,951.64,951.64,
1997-11-28,955.4,955.4,955.4,955.4,
1997-12-01,974.77,974.77,974.77,974.77,
1997-12-02,971.68,971.68,971.68,971.68,
1997-12-03,976.77,976.77,976.77,976.77,
1997-12-04,973.1,973.1,973.1,973.1,
1997-12-05,983.79,983.79,983.79,983.79,
1997-12-08,982.37,982.37,982.37,982.37,
1997-12-09,975.78,975.78,975.78,975.78,
1997-12-10,969.79,969.79,969.79,969.79,
1997-12-11,954.94,954.94,954.94,954.94,
1997-12-12,953.39,953.39,953.39,953.39,
1997-12-15,963.39,963.39,963.39,963.39,
1997-12-16,968.04,968.04,968.04,968.04,
1997-12-17,965.54,965.54,965.54,965.54,
1997-12-18,955.3,955.3,955.3,955.3,
1997-12-19,946.78,946.78,946.78,946.78,
1997-12-22,953.7,953.7,953.7,953.7,
1997-12-23,939.13,939.13,939.13,939.13,
1997-12-24,932.7,932.7,932.7,932.7,
1997-12-26,936.46,936.46,936.46,936.46,
1997-12-29,953.35,953.35,953.35,953.35,
1997-12-30,970.84,970.84,970.84,970.84,
1997-12-31,970.43,970.43,970.43,970.43,
1998-01-02,975.04,975.04,975.04,975.04,
1998-01-05,977.07,977.07,977.07,977.07,
1998-01-06,966.58,966.58,966.58,966.58,
1998-01-07,964.0,964.0,964.0,964.0,
1998-01-08,956.05,956.05,956.05,956.05,
1998-01-09,927.69,927.69,927.69,927.69,
1998-01-12,939.21,939.21,939.21,939.21,
1998-01-13,952.12,952.12,952.12,952.12,
1998-01-14,957.94,957.94,957.94,957.94,
1998-01-15,950.73,950.73,950.73,950.73,
1998-01-16,961.51,961.51,961.51,961.51,
1998-01-20,978.6,978.6,978.6,978.6,
1998-01-21,970.81,970.81,970.81,970.81,
1998-01-22,963.04,963.04,963.04,963.04,
1998-01-23,957.59,957.59,957.59,957.59,
1998-01-26,956.95,956.95,956.95,956.95,
1998-01-27,969.02,969.02,969.02,969.02,
1998-01-28,977.46,977.46,977.46,977.46,
1998-01-29,985.49,985.49,985.49,985.49,
1998-01-30,980.28,980.28,980.28,980.28,
1998-02-02,1001.27,1001.27,1001.27,1001.27,
1998-02-03,1006.0,1006.0,1006.0,1006.0,
1998-02-04,1006.9,1006.9,1006.9,1006.9,
1998-02-05,1003.54,1003.54,1003.54,1003.54,
1998-02-06,1012.46,1012.46,1012.46,1012.46,
1998-02-09,1010.74,1010.74,1010.74,1010.74,
1998-02-10,1019.01,1019.01,1019.01,1019.01,
1998-02-11,1020.01,1020.01,1020.01,1020.01,
1998-02-12,1024.14,1024.14,1024.14,1024.14,
1998-02-13,1020.09,1020.09,1020.09,1020.09,
1998-02-17,1022.76,1022.76,1022.76,1022.76,
1998-02-18,1032.08,1032.08,1032.08,1032.08,
1998-02-19,1028.28,1028.28,1028.28,1028.28,
1998-02-20,1034.21,1034.21,1034.21,1034.21,
1998-02-23,1038.14,1038.14,1038.14,1038.14,
1998-02-24,1030.56,1030.56,1030.56,1030.56,
1998-02-25,1042.9,1042.9,1042.9,1042.9,
1998-02-26,1048.67,1048.67,1048.67,1048.67,
1998-02-27,1049.34,1049.34,1049.34,1049.34,
1998-03-02,1047.7,1047.7,1047.7,1047.7,
1998-03-03,1052.02,1052.02,1052.02,1052.02,
1998-03-04,1047.33,1047.33,1047.33,1047.33,
1998-03-05,1035.05,1035.05,1035.05,1035.05,
1998-03-06,1055.69,1055.69,1055.69,1055.69,
1998-03-09,1052.31,1052.31,1052.31,1052.31,
1998-03-10,1064.25,1064.25,1064.25,1064.25,
1998-03-11,1068.47,1068.47,1068.47,1068.47,
1998-03-12,1069.92,1069.92,1069.92,1069.92,
1998-03-13,1068.61,1068.61,1068.61,1068.61,
1998-03-16,1079.27,1079.27,1079.27,1079.27,
1998-03-17,1080.45,1080.45,1080.45,1080.45,
1998-03-18,1085.52,1085.52,1085.52,1085.52,
1998-03-19,1089.74,1089.74,1089.74,1089.74,
1998-03-20,1099.16,1099.16,1099.16,1099.16,
1998-03-23,1095.55,1095.55,1095.55,1095.55,
1998-03-24,1105.65,1105.65,1105.65,1105.65,
1998-03-25,1101.93,1101.93,1101.93,1101.93,
1998-03-26,1100.8,1100.8,1100.8,1100.8,
1998-03-27,1095.44,1095.44,1095.44,1095.44,
1998-03-30,1093.6,1093.6,1093.6,1093.6,
1998-03-31,1101.75,1101.75,1101.75,1101.75,
1998-04-01,1108.15,1108.15,1108.15,1108.15,
1998-04-02,1120.01,1120.01,1120.01,1120.01,
1998-04-03,1122.7,1122.7,1122.7,1122.7,
1998-04-06,1121.38,1121.38,1121.38,1121.38,
1998-04-07,1109.55,1109.55,1109.55,1109.55,
1998-04-08,1101.65,1101.65,1101.65,1101.65,
1998-04-09,1110.67,1110.67,1110.67,1110.67,
1998-04-13,1109.69,1109.69,1109.69,1109.69,
1998-04-14,1115.75,1115.75,1115.75,1115.75,
1998-04-15,1119.32,1119.32,1119.32,1119.32,
1998-04-16,1108.17,1108.17,1108.17,1108.17,
1998-04-17,1122.72,1122.72,1122.72,1122.72,
1998-04-20,1123.65,1123.65,1123.65,1123.65,
1998-04-21,1126.67,1126.67,1126.67,1126.67,
1998-04-22,1130.54,1130.54,1130.54,1130.54,
1998-04-23,1119.58,1119.58,1119.58,1119.58,
1998-04-24,1107.9,1107.9,1107.9,1107.9,
1998-04-27,1086.54,1086.54,1086.54,1086.54,
1998-04-28,1085.11,1085.11,1085.11,1085.11,
1998-04-29,1094.62,1094.62,1094.62,1094.62,
1998-04-30,1111.75,1111.75,1111.75,1111.75,
1998-05-01,1121.0,1121.0,1121.0,1121.0,
1998-05-04,1122.07,1122.07,1122.07,1122.07,
1998-05-05,1115.5,1115.5,1115.5,1115.5,
1998-05-06,1104.92,1104.92,1104.92,1104.92,
1998-05-07,1095.14,1095.14,1095.14,1095.14,
1998-05-08,1108.14,1108.14,1108.14,1108.14,
1998-05-11,1106.64,1106.64,1106.64,1106.64,
1998-05-12,1115.79,1115.79,1115.79,1115.79,
1998-05-13,1118.86,1118.86,1118.86,1118.86,
1998-05-14,1117.37,1117.37,1117.37,1117.37,
1998-05-15,1108.73,1108.73,1108.73,1108.73,
1998-05-18,1105.82,1105.82,1105.82,1105.82,
1998-05-19,1109.52,1109.52,1109.52,1109.52,
1998-05-20,1119.06,1119.06,1119.06,1119.06,
1998-05-21,1114.64,1114.64,1114.64,1114.64,
1998-05-22,1110.47,1110.47,1110.47,1110.47,
1998-05-26,1094.02,1094.02,1094.02,1094.02,
1998-05-27,1092.23,1092.23,1092.23,1092.23,
1998-05-28,1097.6,1097.6,1097.6,1097.6,
1998-05-29,1090.82,1090.82,1090.82,1090.82,
1998-06-01,1090.98,1090.98,1090.98,1090.98,
1998-06-02,1093.22,1093.22,1093.22,1093.22,
1998-06-03,1082.73,1082.73,1082.73,1082.73,
1998-06-04,1094.83,1094.83,1094.83,1094.83,
1998-06-05,1113.86,1113.86,1113.86,1113.86,
1998-06-08,1115.72,1115.72,1115.72,1115.72,
1998-06-09,1118.41,1118.41,1118.41,1118.41,
1998-06-10,1112.28,1112.28,1112.28,1112.28,
1998-06-11,1094.58,1094.58,1094.58,1094.58,
1998-06-12,1098.84,1098.84,1098.84,1098.84,
1998-06-15,1077.01,1077.01,1077.01,1077.01,
1998-06-16,1087.59,1087.59,1087.59,1087.59,
1998-06-17,1107.11,1107.11,1107.11,1107.11,
1998-06-18,1106.37,1106.37,1106.37,1106.37,
1998-06-19,1100.65,1100.65,1100.65,1100.65,
1998-06-22,1103.21,1103.21,1103.21,1103.21,
1998-06-23,1119.49,1119.49,1119.49,1119.49,
1998-06-24,1132.88,1132.88,1132.88,1132.88,
1998-06-25,1129.28,1129.28,1129.28,1129.28,
1998-06-26,1133.2,1133.2,1133.2,1133.2,
1998-06-29,1138.49,1138.49,1138.49,1138.49,
1998-06-30,1133.84,1133.84,1133.84,1133.84,
1998-07-01,1148.56,1148.56,1148.56,1148.56,
1998-07-02,1146.42,1146.42,1146.42,1146.42,
1998-07-06,1157.33,1157.33,1157.33,1157.33,
1998-07-07,1154.66,1154.66,1154.66,1154.66,
1998-07-08,1166.38,1166.38,1166.38,1166.38,
1998-07-09,1158.56,1158.56,1158.56,1158.56,
1998-07-10,1164.33,1164.33,1164.33,1164.33,
1998-07-13,1165.19,1165.19,1165.19,1165.19,
1998-07-14,1177.58,1177.58,1177.58,1177.58,
1998-07-15,1174.81,1174.81,1174.81,1174.81,
1998-07-16,1183.99,1183.99,1183.99,1183.99,
1998-07-17,1186.75,1186.75,1186.75,1186.75,
1998-07-20,1184.1,1184.1,1184.1,1184.1,
1998-07-21,1165.07,1165.07,1165.07,1165.07,
1998-07-22,1164.08,1164.08,1164.08,1164.08,
1998-07-23,1139.75,1139.75,1139.75,1139.75,
1998-07-24,1140.8,1140.8,1140.8,1140.8,
1998-07-27,1147.27,1147.27,1147.27,1147.27,
1998-07-28,1130.24,1130.24,1130.24,1130.24,
1998-07-29,1125.21,1125.21,1125.21,1125.21,
1998-07-30,1142.95,1142.95,1142.95,1142.95,
1998-07-31,1120.67,1120.67,1120.67,1120.67,
1998-08-03,1112.44,1112.44,1112.44,1112.44,
1998-08-04,1072.12,1072.12,1072.12,1072.12,
1998-08-05,1081.43,1081.43,1081.43,1081.43,
1998-08-06,1089.63,1089.63,1089.63,1089.63,
1998-08-07,1089.45,1089.45,1089.45,1089.45,
1998-08-10,1083.14,1083.14,1083.14,1083.14,
1998-08-11,1068.98,1068.98,1068.98,1068.98,
1998-08-12,1084.22,1084.22,1084.22,1084.22,
1998-08-13,1074.91,1074.91,1074.91,1074.91,
1998-08-14,1062.75,1062.75,1062.75,1062.75,
1998-08-17,1083.67,1083.67,1083.67,1083.67,
1998-08-18,1101.2,1101.2,1101.2,1101.2,
1998-08-19,1098.06,1098.06,1098.06,1098.06,
1998-08-20,1091.6,1091.6,1091.6,1091.6,
1998-08-21,1081.24,1081.24,1081.24,1081.24,
1998-08-24,1088.14,1088.14,1088.14,1088.14,
1998-08-25,1092.85,1092.85,1092.85,1092.85,
1998-08-26,1084.19,1084.19,1084.19,1084.19,
1998-08-27,1042.59,1042.59,1042.59,1042.59,
1998-08-28,1027.14,1027.14,1027.14,1027.14,
1998-08-31,957.28,957.28,957.28,957.28,
1998-09-01,994.26,994.26,994.26,994.26,
1998-09-02,990.48,990.48,990.48,990.48,
1998-09-03,982.26,982.26,982.26,982.26,
1998-09-04,973.89,973.89,973.89,973.89,
1998-09-08,1023.46,1023.46,1023.46,1023.46,
1998-09-09,1006.2,1006.2,1006.2,1006.2,
1998-09-10,980.19,980.19,980.19,980.19,
1998-09-11,1009.06,1009.06,1009.06,1009.06,
1998-09-14,1029.72,1029.72,1029.72,1029.72,
1998-09-15,1037.68,1037.68,1037.68,1037.68,
1998-09-16,1045.48,1045.48,1045.48,1045.48,
1998-09-17,1018.87,1018.87,1018.87,1018.87,
1998-09-18,1020.09,1020.09,1020.09,1020.09,
1998-09-21,1023.89,1023.89,1023.89,1023.89,
1998-09-22,1029.63,1029.63,1029.63,1029.63,
1998-09-23,1066.09,1066.09,1066.09,1066.09,
1998-09-24,1042.72,1042.72,1042.72,1042.72,
1998-09-25,1044.75,1044.75,1044.75,1044.75,
1998-09-28,1048.69,1048.69,1048.69,1048.69,
1998-09-29,1049.02,1049.02,1049.02,1049.02,
1998-09-30,1017.01,1017.01,1017.01,1017.01,
1998-10-01,986.39,986.39,986.39,986.39,
1998-10-02,1002.6,1002.6,1002.6,1002.6,
1998-10-05,988.56,988.56,988.56,988.56,
1998-10-06,984.59,984.59,984.59,984.59,
1998-10-07,970.68,970.68,970.68,970.68,
1998-10-08,959.44,959.44,959.44,959.44,
1998-10-09,984.39,984.39,984.39,984.39,
1998-10-12,997.71,997.71,997.71,997.71,
1998-10-13,994.8,994.8,994.8,994.8,
1998-10-14,1005.53,1005.53,1005.53,1005.53,
1998-10-15,1047.49,1047.49,1047.49,1047.49,
1998-10-16,1056.42,1056.42,1056.42,1056.42,
1998-10-19,1062.39,1062.39,1062.39,1062.39,
1998-10-20,1063.93,1063.93,1063.93,1063.93,
1998-10-21,1069.92,1069.92,1069.92,1069.92,
1998-10-22,1078.48,1078.48,1078.48,1078.48,
1998-10-23,1070.67,1070.67,1070.67,1070.67,
1998-10-26,1072.32,1072.32,1072.32,1072.32,
1998-10-27,1065.34,1065.34,1065.34,1065.34,
1998-10-28,1068.09,1068.09,1068.09,1068.09,
1998-10-29,1085.93,1085.93,1085.93,1085.93,
1998-10-30,1098.67,1098.67,1098.67,1098.67,
1998-11-02,1111.6,1111.6,1111.6,1111.6,
1998-11-03,1110.84,1110.84,1110.84,1110.84,
1998-11-04,1118.67,1118.67,1118.67,1118.67,
1998-11-05,1133.85,1133.85,1133.85,1133.85,
1998-11-06,1141.01,1141.01,1141.01,1141.01,
1998-11-09,1130.2,1130.2,1130.2,1130.2,
1998-11-10,1128.26,1128.26,1128.26,1128.26,
1998-11-11,1120.97,1120.97,1120.97,1120.97,
1998-11-12,1117.69,1117.69,1117.69,1117.69,
1998-11-13,1125.72,1125.72,1125.72,1125.72,
1998-11-16,1135.87,1135.87,1135.87,1135.87,
1998-11-17,1139.32,1139.32,1139.32,1139.32,
1998-11-18,1144.48,1144.48,1144.48,1144.48,
1998-11-19,1152.61,1152.61,1152.61,1152.61,
1998-11-20,1163.55,1163.55,1163.55,1163.55,
1998-11-23,1188.21,1188.21,1188.21,1188.21,
1998-11-24,1182.99,1182.99,1182.99,1182.99,
1998-11-25,1186.87,1186.87,1186.87,1186.87,
1998-11-27,1192.33,1192.33,1192.33,1192.33,
1998-11-30,1163.63,1163.63,1163.63,1163.63,
1998-12-01,1175.28,1175.28,1175.28,1175.28,
1998-12-02,1171.25,1171.25,1171.25,1171.25,
1998-12-03,1150.14,1150.14,1150.14,1150.14,
1998-12-04,1176.74,1176.74,1176.74,1176.74,
1998-12-07,1187.7,1187.7,1187.7,1187.7,
1998-12-08,1181.38,1181.38,1181.38,1181.38,
1998-12-09,1183.49,1183.49,1183.49,1183.49,
1998-12-10,1165.02,1165.02,1165.02,1165.02,
1998-12-11,1166.46,1166.46,1166.46,1166.46,
1998-12-14,1141.2,1141.2,1141.2,1141.2,
1998-12-15,1162.83,1162.83,1162.83,1162.83,
1998-12-16,1161.94,1161.94,1161.94,1161.94,
1998-12-17,1179.98,1179.98,1179.98,1179.98,
1998-12-18,1188.03,1188.03,1188.03,1188.03,
1998-12-21,1202.84,1202.84,1202.84,1202.84,
1998-12-22,1203.57,1203.57,1203.57,1203.57,
1998-12-23,1228.54,1228.54,1228.54,1228.54,
1998-12-24,1226.27,1226.27,1226.27,1226.27,
1998-12-28,1225.49,1225.49,1225.49,1225.49,
1998-12-29,1241.81,1241.81,1241.81,1241.81,
1998-12-30,1231.93,1231.93,1231.93,1231.93,
1998-12-31,1229.23,1229.23,1229.23,1229.23,
1999-01-04,1228.1,1228.1,1228.1,1228.1,
1999-01-05,1244.78,1244.78,1244.78,1244.78,
1999-01-06,1272.34,1272.34,1272.34,1272.34,
1999-01-07,1269.73,1269.73,1269.73,1269.73,
1999-01-08,1275.09,1275.09,1275.09,1275.09,
1999-01-11,1263.88,1263.88,1263.88,1263.88,
1999-01-12,1239.51,1239.51,1239.51,1239.51,
1999-01-13,1234.4,1234.4,1234.4,1234.4,
1999-01-14,1212.19,1212.19,1212.19,1212.19,
1999-01-15,1243.26,1243.26,1243.26,1243.26,
1999-01-19,1252.0,1252.0,1252.0,1252.0,
1999-01-20,1256.62,1256.62,1256.62,1256.62,
1999-01-21,1235.16,1235.16,1235.16,1235.16,
1999-01-22,1225.19,1225.19,1225.19,1225.19,
1999-01-25,1233.98,1233.98,1233.98,1233.98,
1999-01-26,1252.31,1252.31,1252.31,1252.31,
1999-01-27,1243.17,1243.17,1243.17,1243.17,
1999-01-28,1265.37,1265.37,1265.37,1265.37,
1999-01-29,1279.64,1279.64,1279.64,1279.64,
1999-02-01,1273.0,1273.0,1273.0,1273.0,
1999-02-02,1261.99,1261.99,1261.99,1261.99,
1999-02-03,1272.07,1272.07,1272.07,1272.07,
1999-02-04,1248.49,1248.49,1248.49,1248.49,
1999-02-05,1239.4,1239.4,1239.4,1239.4,
1999-02-08,1243.77,1243.77,1243.77,1243.77,
1999-02-09,1216.14,1216.14,1216.14,1216.14,
1999-02-10,1223.55,1223.55,1223.55,1223.55,
1999-02-11,1254.04,1254.04,1254.04,1254.04,
1999-02-12,1230.13,1230.13,1230.13,1230.13,
1999-02-16,1241.87,1241.87,1241.87,1241.87,
1999-02-17,1224.03,1224.03,1224.03,1224.03,
1999-02-18,1237.28,1237.28,1237.28,1237.28,
1999-02-19,1239.22,1239.22,1239.22,1239.22,
1999-02-22,1272.14,1272.14,1272.14,1272.14,
1999-02-23,1271.18,1271.18,1271.18,1271.18,
1999-02-24,1253.41,1253.41,1253.41,1253.41,
1999-02-25,1245.02,1245.02,1245.02,1245.02,
1999-02-26,1238.33,1238.33,1238.33,1238.33,
1999-03-01,1236.16,1236.16,1236.16,1236.16,
1999-03-02,1225.5,1225.5,1225.5,1225.5,
1999-03-03,1227.7,1227.7,1227.7,1227.7,
1999-03-04,1246.64,1246.64,1246.64,1246.64,
1999-03-05,1275.47,1275.47,1275.47,1275.47,
1999-03-08,1282.73,1282.73,1282.73,1282.73,
1999-03-09,1279.84,1279.84,1279.84,1279.84,
1999-03-10,1286.84,1286.84,1286.84,1286.84,
1999-03-11,1297.68,1297.68,1297.68,1297.68,
1999-03-12,1294.59,1294.59,1294.59,1294.59,
1999-03-15,1307.26,1307.26,1307.26,1307.26,
1999-03-16,1306.38,1306.38,1306.38,1306.38,
1999-03-17,1297.82,1297.82,1297.82,1297.82,
1999-03-18,1316.55,1316.55,1316.55,1316.55,
1999-03-19,1299.29,1299.29,1299.29,1299.29,
1999-03-22,1297.01,1297.01,1297.01,1297.01,
1999-03-23,1262.14,1262.14,1262.14,1262.14,
1999-03-24,1268.59,1268.59,1268.59,1268.59,
1999-03-25,1289.99,1289.99,1289.99,1289.99,
1999-03-26,1282.8,1282.8,1282.8,1282.8,
1999-03-29,1310.17,1310.17,1310.17,1310.17,
1999-03-30,1300.75,1300.75,1300.75,1300.75,
1999-03-31,1286.37,1286.37,1286.37,1286.37,
1999-04-01,1293.72,1293.72,1293.72,1293.72,
1999-04-05,1321.12,1321.12,1321.12,1321.12,
1999-04-06,1317.89,1317.89,1317.89,1317.89,
1999-04-07,1326.89,1326.89,1326.89,1326.89,
1999-04-08,1343.98,1343.98,1343.98,1343.98,
1999-04-09,1348.35,1348.35,1348.35,1348.35,
1999-04-12,1358.63,1358.63,1358.63,1358.63,
1999-04-13,1349.82,1349.82,1349.82,1349.82,
1999-04-14,1328.44,1328.44,1328.44,1328.44,
1999-04-15,1322.85,1322.85,1322.85,1322.85,
1999-04-16,1319.0,1319.0,1319.0,1319.0,
1999-04-19,1289.48,1289.48,1289.48,1289.48,
1999-04-20,1306.17,1306.17,1306.17,1306.17,
1999-04-21,1336.12,1336.12,1336.12,1336.12,
1999-04-22,1358.82,1358.82,1358.82,1358.82,
1999-04-23,1356.85,1356.85,1356.85,1356.85,
1999-04-26,1360.04,1360.04,1360.04,1360.04,
1999-04-27,1362.8,1362.8,1362.8,1362.8,
1999-04-28,1350.91,1350.91,1350.91,1350.91,
1999-04-29,1342.83,1342.83,1342.83,1342.83,
1999-04-30,1335.18,1335.18,1335.18,1335.18,
1999-05-03,1354.63,1354.63,1354.63,1354.63,
1999-05-04,1332.0,1332.0,1332.0,1332.0,
1999-05-05,1347.31,1347.31,1347.31,1347.31,
1999-05-06,1332.05,1332.05,1332.05,1332.05,
1999-05-07,1345.0,1345.0,1345.0,1345.0,
1999-05-10,1340.3,1340.3,1340.3,1340.3,
1999-05-11,1355.61,1355.61,1355.61,1355.61,
1999-05-12,1364.0,1364.0,1364.0,1364.0,
1999-05-13,1367.56,1367.56,1367.56,1367.56,
1999-05-14,1337.8,1337.8,1337.8,1337.8,
1999-05-17,1339.49,1339.49,1339.49,1339.49,
1999-05-18,1333.32,1333.32,1333.32,1333.32,
1999-05-19,1344.23,1344.23,1344.23,1344.23,
1999-05-20,1338.83,1338.83,1338.83,1338.83,
1999-05-21,1330.29,1330.29,1330.29,1330.29,
1999-05-24,1306.65,1306.65,1306.65,1306.65,
1999-05-25,1284.4,1284.4,1284.4,1284.4,
1999-05-26,1304.76,1304.76,1304.76,1304.76,
1999-05-27,1281.41,1281.41,1281.41,1281.41,
1999-05-28,1301.84,1301.84,1301.84,1301.84,
1999-06-01,1294.26,1294.26,1294.26,1294.26,
1999-06-02,1294.81,1294.81,1294.81,1294.81,
1999-06-03,1299.54,1299.54,1299.54,1299.54,
1999-06-04,1327.75,1327.75,1327.75,1327.75,
1999-06-07,1334.52,1334.52,1334.52,1334.52,
1999-06-08,1317.33,1317.33,1317.33,1317.33,
1999-06-09,1318.64,1318.64,1318.64,1318.64,
1999-06-10,1302.82,1302.82,1302.82,1302.82,
1999-06-11,1293.64,1293.64,1293.64,1293.64,
1999-06-14,1294.0,1294.0,1294.0,1294.0,
1999-06-15,1301.16,1301.16,1301.16,1301.16,
1999-06-16,1330.41,1330.41,1330.41,1330.41,
1999-06-17,1339.9,1339.9,1339.9,1339.9,
1999-06-18,1342.84,1342.84,1342.84,1342.84,
1999-06-21,1349.0,1349.0,1349.0,1349.0,
1999-06-22,1335.88,1335.88,1335.88,1335.88,
1999-06-23,1333.06,1333.06,1333.06,1333.06,
1999-06-24,1315.78,1315.78,1315.78,1315.78,
1999-06-25,1315.31,1315.31,1315.31,1315.31,
1999-06-28,1331.35,1331.35,1331.35,1331.35,
1999-06-29,1351.45,1351.45,1351.45,1351.45,
1999-06-30,1372.71,1372.71,1372.71,1372.71,
1999-07-01,1380.96,1380.96,1380.96,1380.96,
1999-07-02,1391.22,1391.22,1391.22,1391.22,
1999-07-06,1388.12,1388.12,1388.12,1388.12,
1999-07-07,1395.86,1395.86,1395.86,1395.86,
1999-07-08,1394.42,1394.42,1394.42,1394.42,
1999-07-09,1403.28,1403.28,1403.28,1403.28,
1999-07-12,1399.1,1399.1,1399.1,1399.1,
1999-07-13,1393.56,1393.56,1393.56,1393.56,
1999-07-14,1398.17,1398.17,1398.17,1398.17,
1999-07-15,1409.62,1409.62,1409.62,1409.62,
1999-07-16,1418.78,1418.78,1418.78,1418.78,
1999-07-19,1407.65,1407.65,1407.65,1407.65,
1999-07-20,1377.1,1377.1,1377.1,1377.1,
1999-07-21,1379.29,1379.29,1379.29,1379.29,
1999-07-22,1360.97,1360.97,1360.97,1360.97,
1999-07-23,1356.94,1356.94,1356.94,1356.94,
1999-07-26,1347.76,1347.76,1347.76,1347.76,
1999-07-27,1362.84,1362.84,1362.84,1362.84,
1999-07-28,1365.4,1365.4,1365.4,1365.4,
1999-07-29,1341.03,1341.03,1341.03,1341.03,
1999-07-30,1328.72,1328.72,1328.72,1328.72,
1999-08-02,1328.05,1328.05,1328.05,1328.05,
1999-08-03,1322.18,1322.18,1322.18,1322.18,
1999-08-04,1305.33,1305.33,1305.33,1305.33,
1999-08-05,1313.71,1313.71,1313.71,1313.71,
1999-08-06,1300.29,1300.29,1300.29,1300.29,
1999-08-09,1297.8,1297.8,1297.8,1297.8,
1999-08-10,1281.43,1281.43,1281.43,1281.43,
1999-08-11,1301.93,1301.93,1301.93,1301.93,
1999-08-12,1298.16,1298.16,1298.16,1298.16,
1999-08-13,1327.68,1327.68,1327.68,1327.68,
1999-08-16,1330.77,1330.77,1330.77,1330.77,
1999-08-17,1344.16,1344.16,1344.16,1344.16,
1999-08-18,1332.84,1332.84,1332.84,1332.84,
1999-08-19,1323.59,1323.59,1323.59,1323.59,
1999-08-20,1336.61,1336.61,1336.61,1336.61,
1999-08-23,1360.22,1360.22,1360.22,1360.22,
1999-08-24,1363.5,1363.5,1363.5,1363.5,
1999-08-25,1381.79,1381.79,1381.79,1381.79,
1999-08-26,1362.01,1362.01,1362.01,1362.01,
1999-08-27,1348.27,1348.27,1348.27,1348.27,
1999-08-30,1324.02,1324.02,1324.02,1324.02,
1999-08-31,1320.41,1320.41,1320.41,1320.41,
1999-09-01,1331.07,1331.07,1331.07,1331.07,
1999-09-02,1319.11,1319.11,1319.11,1319.11,
1999-09-03,1357.24,1357.24,1357.24,1357.24,
1999-09-07,1350.45,1350.45,1350.45,1350.45,
1999-09-08,1344.15,1344.15,1344.15,1344.15,
1999-09-09,1347.66,1347.66,1347.66,1347.66,
1999-09-10,1351.66,1351.66,1351.66,1351.66,
1999-09-13,1344.13,1344.13,1344.13,1344.13,
1999-09-14,1336.29,1336.29,1336.29,1336.29,
1999-09-15,1317.97,1317.97,1317.97,1317.97,
1999-09-16,1318.48,1318.48,1318.48,1318.48,
1999-09-17,1335.42,1335.42,1335.42,1335.42,
1999-09-20,1335.53,1335.53,1335.53,1335.53,
1999-09-21,1307.58,1307.58,1307.58,1307.58,
1999-09-22,1310.51,1310.51,1310.51,1310.51,
1999-09-23,1280.41,1280.41,1280.41,1280.41,
1999-09-24,1277.36,1277.36,1277.36,1277.36,
1999-09-27,1283.31,1283.31,1283.31,1283.31,
1999-09-28,1282.2,1282.2,1282.2,1282.2,
1999-09-29,1268.37,1268.37,1268.37,1268.37,
1999-09-30,1282.71,1282.71,1282.71,1282.71,
1999-10-01,1282.81,1282.81,1282.81,1282.81,
1999-10-04,1304.6,1304.6,1304.6,1304.6,
1999-10-05,1301.35,1301.35,1301.35,1301.35,
1999-10-06,1325.4,1325.4,1325.4,1325.4,
1999-10-07,1317.64,1317.64,1317.64,1317.64,
1999-10-08,1336.02,1336.02,1336.02,1336.02,
1999-10-11,1335.21,1335.21,1335.21,1335.21,
1999-10-12,1313.04,1313.04,1313.04,1313.04,
1999-10-13,1285.55,1285.55,1285.55,1285.55,
1999-10-14,1283.42,1283.42,1283.42,1283.42,
1999-10-15,1247.41,1247.41,1247.41,1247.41,
1999-10-18,1254.13,1254.13,1254.13,1254.13,
1999-10-19,1261.32,1261.32,1261.32,1261.32,
1999-10-20,1289.43,1289.43,1289.43,1289.43,
1999-10-21,1283.61,1283.61,1283.61,1283.61,
1999-10-22,1301.65,1301.65,1301.65,1301.65,
1999-10-25,1293.63,1293.63,1293.63,1293.63,
1999-10-26,1281.91,1281.91,1281.91,1281.91,
1999-10-27,1296.71,1296.71,1296.71,1296.71,
1999-10-28,1342.44,1342.44,1342.44,1342.44,
1999-10-29,1362.93,1362.93,1362.93,1362.93,
1999-11-01,1354.12,1354.12,1354.12,1354.12,
1999-11-02,1347.74,1347.74,1347.74,1347.74,
1999-11-03,1354.93,1354.93,1354.93,1354.93,
1999-11-04,1362.64,1362.64,1362.64,1362.64,
1999-11-05,1370.23,1370.23,1370.23,1370.23,
1999-11-08,1377.01,1377.01,1377.01,1377.01,
1999-11-09,1365.28,1365.28,1365.28,1365.28,
1999-11-10,1373.46,1373.46,1373.46,1373.46,
1999-11-11,1381.46,1381.46,1381.46,1381.46,
1999-11-12,1396.06,1396.06,1396.06,1396.06,
1999-11-15,1394.39,1394.39,1394.39,1394.39,
1999-11-16,1420.07,1420.07,1420.07,1420.07,
1999-11-17,1410.71,1410.71,1410.71,1410.71,
1999-11-18,1424.94,1424.94,1424.94,1424.94,
1999-11-19,1422.0,1422.0,1422.0,1422.0,
1999-11-22,1420.94,1420.94,1420.94,1420.94,
1999-11-23,1404.64,1404.64,1404.64,1404.64,
1999-11-24,1417.08,1417.08,1417.08,1417.08,
1999-11-26,1416.62,1416.62,1416.62,1416.62,
1999-11-29,1407.83,1407.83,1407.83,1407.83,
1999-11-30,1388.91,1388.91,1388.91,1388.91,
1999-12-01,1397.72,1397.72,1397.72,1397.72,
1999-12-02,1409.04,1409.04,1409.04,1409.04,
1999-12-03,1433.3,1433.3,1433.3,1433.3,
1999-12-06,1423.33,1423.33,1423.33,1423.33,
1999-12-07,1409.17,1409.17,1409.17,1409.17,
1999-12-08,1403.88,1403.88,1403.88,1403.88,
1999-12-09,1408.11,1408.11,1408.11,1408.11,
1999-12-10,1417.04,1417.04,1417.04,1417.04,
1999-12-13,1415.22,1415.22,1415.22,1415.22,
1999-12-14,1403.17,1403.17,1403.17,1403.17,
1999-12-15,1413.33,1413.33,1413.33,1413.33,
1999-12-16,1418.78,1418.78,1418.78,1418.78,
1999-12-17,1421.03,1421.03,1421.03,1421.03,
1999-12-20,1418.09,1418.09,1418.09,1418.09,
1999-12-21,1433.43,1433.43,1433.43,1433.43,
1999-12-22,1436.13,1436.13,1436.13,1436.13,
1999-12-23,1458.34,1458.34,1458.34,1458.34,
1999-12-27,1457.1,1457.1,1457.1,1457.1,
1999-12-28,1457.66,1457.66,1457.66,1457.66,
1999-12-29,1463.46,1463.46,1463.46,1463.46,
1999-12-30,1464.47,1464.47,1464.47,1464.47,
1999-12-31,1469.25,1469.25,1469.25,1469.25,
2000-01-03,1455.22,1455.22,1455.22,1455.22,
2000-01-04,1399.42,1399.42,1399.42,1399.42,
2000-01-05,1402.11,1402.11,1402.11,1402.11,
2000-01-06,1403.45,1403.45,1403.45,1403.45,
2000-01-07,1441.47,1441.47,1441.47,1441.47,
2000-01-10,1457.6,1457.6,1457.6,1457.6,
2000-01-11,1438.56,1438.56,1438.56,1438.56,
2000-01-12,1432.25,1432.25,1432.25,1432.25,
2000-01-13,1449.68,1449.68,1449.68,1449.68,
2000-01-14,1465.15,1465.15,1465.15,1465.15,
2000-01-18,1455.14,1455.14,1455.14,1455.14,
2000-01-19,1455.9,1455.9,1455.9,1455.9,
2000-01-20,1445.57,1445.57,1445.57,1445.57,
2000-01-21,1441.36,1441.36,1441.36,1441.36,
2000-01-24,1401.53,1401.53,1401.53,1401.53,
2000-01-25,1410.03,1410.03,1410.03,1410.03,
2000-01-26,1404.09,1404.09,1404.09,1404.09,
2000-01-27,1398.56,1398.56,1398.56,1398.56,
2000-01-28,1360.16,1360.16,1360.16,1360.16,
2000-01-31,1394.46,1394.46,1394.46,1394.46,
2000-02-01,1409.28,1409.28,1409.28,1409.28,
2000-02-02,1409.12,1409.12,1409.12,1409.12,
2000-02-03,1424.97,1424.97,1424.97,1424.97,
2000-02-04,1424.37,1424.37,1424.37,1424.37,
2000-02-07,1424.24,1424.24,1424.24,1424.24,
2000-02-08,1441.72,1441.72,1441.72,1441.72,
2000-02-09,1411.71,1411.71,1411.71,1411.71,
2000-02-10,1416.83,1416.83,1416.83,1416.83,
2000-02-11,1387.12,1387.12,1387.12,1387.12,
2000-02-14,1389.94,1389.94,1389.94,1389.94,
2000-02-15,1402.05,1402.05,1402.05,1402.05,
2000-02-16,1387.67,1387.67,1387.67,1387.67,
2000-02-17,1388.26,1388.26,1388.26,1388.26,
2000-02-18,1346.09,1346.09,1346.09,1346.09,
2000-02-22,1352.17,1352.17,1352.17,1352.17,
2000-02-23,1360.69,1360.69,1360.69,1360.69,
2000-02-24,1353.43,1353.43,1353.43,1353.43,
2000-02-25,1333.36,1333.36,1333.36,1333.36,
2000-02-28,1348.05,1348.05,1348.05,1348.05,
2000-02-29,1366.42,1366.42,1366.42,1366.42,
2000-03-01,1379.19,1379.19,1379.19,1379.19,
2000-03-02,1381.76,1381.76,1381.76,1381.76,
2000-03-03,1409.17,1409.17,1409.17,1409.17,
2000-03-06,1391.28,1391.28,1391.28,1391.28,
2000-03-07,1355.62,1355.62,1355.62,1355.62,
2000-03-08,1366.7,1366.7,1366.7,1366.7,
2000-03-09,1401.69,1401.69,1401.69,1401.69,
2000-03-10,1395.07,1395.07,1395.07,1395.07,
2000-03-13,1383.62,1383.62,1383.62,1383.62,
2000-03-14,1359.15,1359.15,1359.15,1359.15,
2000-03-15,1392.14,1392.14,1392.14,1392.14,
2000-03-16,1458.47,1458.47,1458.47,1458.47,
2000-03-17,1464.47,1464.47,1464.47,1464.47,
2000-03-20,1456.63,1456.63,1456.63,1456.63,
2000-03-21,1493.87,1493.87,1493.87,1493.87,
2000-03-22,1500.64,1500.64,1500.64,1500.64,
2000-03-23,1527.35,1527.35,1527.35,1527.35,
2000-03-24,1527.46,1527.46,1527.46,1527.46,
2000-03-27,1523.86,1523.86,1523.86,1523.86,
2000-03-28,1507.73,1507.73,1507.73,1507.73,
2000-03-29,1508.52,1508.52,1508.52,1508.52,
2000-03-30,1487.92,1487.92,1487.92,1487.92,
2000-03-31,1498.58,1498.58,1498.58,1498.58,
2000-04-03,1505.97,1505.97,1505.97,1505.97,
2000-04-04,1494.73,1494.73,1494.73,1494.73,
2000-04-05,1487.37,1487.37,1487.37,1487.37,
2000-04-06,1501.34,1501.34,1501.34,1501.34,
2000-04-07,1516.35,1516.35,1516.35,1516.35,
2000-04-10,1504.46,1504.46,1504.46,1504.46,
2000-04-11,1500.59,1500.59,1500.59,1500.59,
2000-04-12,1467.17,1467.17,1467.17,1467.17,
2000-04-13,1440.51,1440.51,1440.51,1440.51,
2000-04-14,1356.56,1356.56,1356.56,1356.56,
2000-04-17,1401.44,1401.44,1401.44,1401.44,
2000-04-18,1441.61,1441.61,1441.61,1441.61,
2000-04-19,1427.47,1427.47,1427.47,1427.47,
2000-04-20,1434.54,1434.54,1434.54,1434.54,
2000-04-24,1429.86,1429.86,1429.86,1429.86,
2000-04-25,1477.44,1477.44,1477.44,1477.44,
2000-04-26,1460.99,1460.99,1460.99,1460.99,
2000-04-27,1464.92,1464.92,1464.92,1464.92,
2000-04-28,1452.43,1452.43,1452.43,1452.43,
2000-05-01,1468.25,1468.25,1468.25,1468.25,
2000-05-02,1446.29,1446.29,1446.29,1446.29,
2000-05-03,1415.1,1415.1,1415.1,1415.1,
2000-05-04,1409.57,1409.57,1409.57,1409.57,
2000-05-05,1432.63,1432.63,1432.63,1432.63,
2000-05-08,1424.17,1424.17,1424.17,1424.17,
2000-05-09,1412.14,1412.14,1412.14,1412.14,
2000-05-10,1383.05,1383.05,1383.05,1383.05,
2000-05-11,1407.81,1407.81,1407.81,1407.81,
2000-05-12,1420.96,1420.96,1420.96,1420.96,
2000-05-15,1452.36,1452.36,1452.36,1452.36,
2000-05-16,1466.04,1466.04,1466.04,1466.04,
2000-05-17,1447.8,1447.8,1447.8,1447.8,
2000-05-18,1437.21,1437.21,1437.21,1437.21,
2000-05-19,1406.95,1406.95,1406.95,1406.95,
2000-05-22,1400.72,1400.72,1400.72,1400.72,
2000-05-23,1373.86,1373.86,1373.86,1373.86,
2000-05-24,1399.05,1399.05,1399.05,1399.05,
2000-05-25,1381.52,1381.52,1381.52,1381.52,
2000-05-26,1378.02,1378.02,1378.02,1378.02,
2000-05-30,1422.45,1422.45,1422.45,1422.45,
2000-05-31,1420.6,1420.6,1420.6,1420.6,
2000-06-01,1448.81,1448.81,1448.81,1448.81,
2000-06-02,1477.26,1477.26,1477.26,1477.26,
2000-06-05,1467.63,1467.63,1467.63,1467.63,
2000-06-06,1457.84,1457.84,1457.84,1457.84,
2000-06-07,1471.36,1471.36,1471.36,1471.36,
2000-06-08,1461.67,1461.67,1461.67,1461.67,
2000-06-09,1456.95,1456.95,1456.95,1456.95,
2000-06-12,1446.0,1446.0,1446.0,1446.0,
2000-06-13,1469.44,1469.44,1469.44,1469.44,
2000-06-14,1470.54,1470.54,1470.54,1470.54,
2000-06-15,1478.73,1478.73,1478.73,1478.73,
2000-06-16,1464.46,1464.46,1464.46,1464.46,
2000-06-19,1486.0,1486.0,1486.0,1486.0,
2000-06-20,1475.95,1475.95,1475.95,1475.95,
2000-06-21,1479.13,1479.13,1479.13,1479.13,
2000-06-22,1452.18,1452.18,1452.18,1452.18,
2000-06-23,1441.48,1441.48,1441.48,1441.48,
2000-06-26,1455.31,1455.31,1455.31,1455.31,
2000-06-27,1450.55,1450.55,1450.55,1450.55,
2000-06-28,1454.82,1454.82,1454.82,1454.82,
2000-06-29,1442.39,1442.39,1442.39,1442.39,
2000-06-30,1454.6,1454.6,1454.6,1454.6,
2000-07-03,1469.54,1469.54,1469.54,1469.54,
2000-07-05,1446.23,1446.23,1446.23,1446.23,
2000-07-06,1456.67,1456.67,1456.67,1456.67,
2000-07-07,1478.9,1478.9,1478.9,1478.9,
2000-07-10,1475.62,1475.62,1475.62,1475.62,
2000-07-11,1480.88,1480.88,1480.88,1480.88,
2000-07-12,1492.92,1492.92,1492.92,1492.92,
2000-07-13,1495.84,1495.84,1495.84,1495.84,
2000-07-14,1509.98,1509.98,1509.98,1509.98,
2000-07-17,1510.49,1510.49,1510.49,1510.49,
2000-07-18,1493.74,1493.74,1493.74,1493.74,
2000-07-19,1481.96,1481.96,1481.96,1481.96,
2000-07-20,1495.57,1495.57,1495.57,1495.57,
2000-07-21,1480.19,1480.19,1480.19,1480.19,
2000-07-24,1464.29,1464.29,1464.29,1464.29,
2000-07-25,1474.47,1474.47,1474.47,1474.47,
2000-07-26,1452.42,1452.42,1452.42,1452.42,
2000-07-27,1449.62,1449.62,1449.62,1449.62,
2000-07-28,1419.89,1419.89,1419.89,1419.89,
2000-07-31,1430.83,1430.83,1430.83,1430.83,
2000-08-01,1438.1,1438.1,1438.1,1438.1,
2000-08-02,1438.7,1438.7,1438.7,1438.7,
2000-08-03,1452.56,1452.56,1452.56,1452.56,
2000-08-04,1462.93,1462.93,1462.93,1462.93,
2000-08-07,1479.32,1479.32,1479.32,1479.32,
2000-08-08,1482.8,1482.8,1482.8,1482.8,
2000-08-09,1472.87,1472.87,1472.87,1472.87,
2000-08-10,1460.25,1460.25,1460.25,1460.25,
2000-08-11,1471.84,1471.84,1471.84,1471.84,
2000-08-14,1491.56,1491.56,1491.56,1491.56,
2000-08-15,1484.43,1484.43,1484.43,1484.43,
2000-08-16,1479.85,1479.85,1479.85,1479.85,
2000-08-17,1496.07,1496.07,1496.07,1496.07,
2000-08-18,1491.72,1491.72,1491.72,1491.72,
2000-08-21,1499.48,1499.48,1499.48,1499.48,
2000-08-22,1498.13,1498.13,1498.13,1498.13,
2000-08-23,1505.97,1505.97,1505.97,1505.97,
2000-08-24,1508.31,1508.31,1508.31,1508.31,
2000-08-25,1506.45,1506.45,1506.45,1506.45,
2000-08-28,1514.09,1514.09,1514.09,1514.09,
2000-08-29,1509.84,1509.84,1509.84,1509.84,
2000-08-30,1502.59,1502.59,1502.59,1502.59,
2000-08-31,1517.68,1517.68,1517.68,1517.68,
2000-09-01,1520.77,1520.77,1520.77,1520.77,
2000-09-05,1507.08,1507.08,1507.08,1507.08,
2000-09-06,1492.25,1492.25,1492.25,1492.25,
2000-09-07,1502.51,1502.51,1502.51,1502.51,
2000-09-08,1494.5,1494.5,1494.5,1494.5,
2000-09-11,1489.26,1489.26,1489.26,1489.26,
2000-09-12,1481.99,1481.99,1481.99,1481.99,
2000-09-13,1484.91,1484.91,1484.91,1484.91,
2000-09-14,1480.87,1480.87,1480.87,1480.87,
2000-09-15,1465.81,1465.81,1465.81,1465.81,
2000-09-18,1444.51,1444.51,1444.51,1444.51,
2000-09-19,1459.9,1459.9,1459.9,1459.9,
2000-09-20,1451.34,1451.34,1451.34,1451.34,
2000-09-21,1449.05,1449.05,1449.05,1449.05,
2000-09-22,1448.72,1448.72,1448.72,1448.72,
2000-09-25,1439.03,1439.03,1439.03,1439.03,
2000-09-26,1427.21,1427.21,1427.21,1427.21,
2000-09-27,1426.57,1426.57,1426.57,1426.57,
2000-09-28,1458.29,1458.29,1458.29,1458.29,
2000-09-29,1436.51,1436.51,1436.51,1436.51,
2000-10-02,1436.23,1436.23,1436.23,1436.23,
2000-10-03,1426.46,1426.46,1426.46,1426.46,
2000-10-04,1434.32,1434.32,1434.32,1434.32,
2000-10-05,1436.28,1436.28,1436.28,1436.28,
2000-10-06,1408.99,1408.99,1408.99,1408.99,
2000-10-09,1402.03,1402.03,1402.03,1402.03,
2000-10-10,1387.02,1387.02,1387.02,1387.02,
2000-10-11,1364.59,1364.59,1364.59,1364.59,
2000-10-12,1329.78,1329.78,1329.78,1329.78,
2000-10-13,1374.17,1374.17,1374.17,1374.17,
2000-10-16,1374.62,1374.62,1374.62,1374.62,
2000-10-17,1349.97,1349.97,1349.97,1349.97,
2000-10-18,1342.13,1342.13,1342.13,1342.13,
2000-10-19,1388.76,1388.76,1388.76,1388.76,
2000-10-20,1396.93,1396.93,1396.93,1396.93,
2000-10-23,1395.78,1395.78,1395.78,1395.78,
2000-10-24,1398.13,1398.13,1398.13,1398.13,
2000-10-25,1364.9,1364.9,1364.9,1364.9,
2000-10-26,1364.44,1364.44,1364.44,1364.44,
2000-10-27,1379.58,1379.58,1379.58,1379.58,
2000-10-30,1398.66,1398.66,1398.66,1398.66,
2000-10-31,1429.4,1429.4,1429.4,1429.4,
2000-11-01,1421.22,1421.22,1421.22,1421.22,
2000-11-02,1428.32,1428.32,1428.32,1428.32,
2000-11-03,1426.69,1426.69,1426.69,1426.69,
2000-11-06,1432.19,1432.19,1432.19,1432.19,
2000-11-07,1431.87,1431.87,1431.87,1431.87,
2000-11-08,1409.28,1409.28,1409.28,1409.28,
2000-11-09,1400.14,1400.14,1400.14,1400.14,
2000-11-10,1365.98,1365.98,1365.98,1365.98,
2000-11-13,1351.26,1351.26,1351.26,1351.26,
2000-11-14,1382.95,1382.95,1382.95,1382.95,
2000-11-15,1389.81,1389.81,1389.81,1389.81,
2000-11-16,1372.32,1372.32,1372.32,1372.32,
2000-11-17,1367.72,1367.72,1367.72,1367.72,
2000-11-20,1342.62,1342.62,1342.62,1342.62,
2000-11-21,1347.35,1347.35,1347.35,1347.35,
2000-11-22,1322.36,1322.36,1322.36,1322.36,
2000-11-24,1341.77,1341.77,1341.77,1341.77,
2000-11-27,1348.97,1348.97,1348.97,1348.97,
2000-11-28,1336.09,1336.09,1336.09,1336.09,
2000-11-29,1341.93,1341.93,1341.93,1341.93,
2000-11-30,1314.95,1314.95,1314.95,1314.95,
2000-12-01,1315.23,1315.23,1315.23,1315.23,
2000-12-04,1324.97,1324.97,1324.97,1324.97,
2000-12-05,1376.54,1376.54,1376.54,1376.54,
2000-12-06,1351.46,1351.46,1351.46,1351.46,
2000-12-07,1343.55,1343.55,1343.55,1343.55,
2000-12-08,1369.89,1369.89,1369.89,1369.89,
2000-12-11,1380.2,1380.2,1380.2,1380.2,
2000-12-12,1371.18,1371.18,1371.18,1371.18,
2000-12-13,1359.99,1359.99,1359.99,1359.99,
2000-12-14,1340.93,1340.93,1340.93,1340.93,
2000-12-15,1312.15,1312.15,1312.15,1312.15,
2000-12-18,1322.74,1322.74,1322.74,1322.74,
2000-12-19,1305.6,1305.6,1305.6,1305.6,
2000-12-20,1264.74,1264.74,1264.74,1264.74,
2000-12-21,1274.86,1274.86,1274.86,1274.86,
2000-12-22,1305.95,1305.95,1305.95,1305.95,
2000-12-26,1315.19,1315.19,1315.19,1315.19,
2000-12-27,1328.92,1328.92,1328.92,1328.92,
2000-12-28,1334.22,1334.22,1334.22,1334.22,
2000-12-29,1320.28,1320.28,1320.28,1320.28,
2001-01-02,1283.27,1283.27,1283.27,1283.27,
2001-01-03,1347.56,1347.56,1347.56,1347.56,
2001-01-04,1333.34,1333.34,1333.34,1333.34,
2001-01-05,1298.35,1298.35,1298.35,1298.35,
2001-01-08,1295.86,1295.86,1295.86,1295.86,
2001-01-09,1300.8,1300.8,1300.8,1300.8,
2001-01-10,1313.27,1313.27,1313.27,1313.27,
2001-01-11,1326.82,1326.82,1326.82,1326.82,
2001-01-12,1318.55,1318.55,1318.55,1318.55,
2001-01-16,1326.65,1326.65,1326.65,1326.65,
2001-01-17,1329.47,1329.47,1329.47,1329.47,
2001-01-18,1347.97,1347.97,1347.97,1347.97,
2001-01-19,1342.54,1342.54,1342.54,1342.54,
2001-01-22,1342.9,1342.9,1342.9,1342.9,
2001-01-23,1360.4,1360.4,1360.4,1360.4,
2001-01-24,1364.3,1364.3,1364.3,1364.3,
2001-01-25,1357.51,1357.51,1357.51,1357.51,
2001-01-26,1354.95,1354.95,1354.95,1354.95,
2001-01-29,1364.17,1364.17,1364.17,1364.17,
2001-01-30,1373.73,1373.73,1373.73,1373.73,
2001-01-31,1366.01,1366.01,1366.01,1366.01,
2001-02-01,1373.47,1373.47,1373.47,1373.47,
2001-02-02,1349.47,1349.47,1349.47,1349.47,
2001-02-05,1354.31,1354.31,1354.31,1354.31,
2001-02-06,1352.26,1352.26,1352.26,1352.26,
2001-02-07,1340.89,1340.89,1340.89,1340.89,
2001-02-08,1332.53,1332.53,1332.53,1332.53,
2001-02-09,1314.76,1314.76,1314.76,1314.76,
2001-02-12,1330.31,1330.31,1330.31,1330.31,
2001-02-13,1318.8,1318.8,1318.8,1318.8,
2001-02-14,1315.92,1315.92,1315.92,1315.92,
2001-02-15,1326.61,1326.61,1326.61,1326.61,
2001-02-16,1301.53,1301.53,1301.53,1301.53,
2001-02-20,1278.94,1278.94,1278.94,1278.94,
2001-02-21,1255.27,1255.27,1255.27,1255.27,
2001-02-22,1252.82,1252.82,1252.82,1252.82,
2001-02-23,1245.86,1245.86,1245.86,1245.86,
2001-02-26,1267.65,1267.65,1267.65,1267.65,
2001-02-27,1257.94,1257.94,1257.94,1257.94,
2001-02-28,1239.94,1239.94,1239.94,1239.94,
2001-03-01,1241.23,1241.23,1241.23,1241.23,
2001-03-02,1234.18,1234.18,1234.18,1234.18,
2001-03-05,1241.41,1241.41,1241.41,1241.41,
2001-03-06,1253.8,1253.8,1253.8,1253.8,
2001-03-07,1261.89,1261.89,1261.89,1261.89,
2001-03-08,1264.74,1264.74,1264.74,1264.74,
2001-03-09,1233.42,1233.42,1233.42,1233.42,
2001-03-12,1180.16,1180.16,1180.16,1180.16,
2001-03-13,1197.66,1197.66,1197.66,1197.66,
2001-03-14,1166.71,1166.71,1166.71,1166.71,
2001-03-15,1173.56,1173.56,1173.56,1173.56,
2001-03-16,1150.53,1150.53,1150.53,1150.53,
2001-03-19,1170.81,1170.81,1170.81,1170.81,
2001-03-20,1142.62,1142.62,1142.62,1142.62,
2001-03-21,1122.14,1122.14,1122.14,1122.14,
2001-03-22,1117.58,1117.58,1117.58,1117.58,
2001-03-23,1139.83,1139.83,1139.83,1139.83,
2001-03-26,1152.69,1152.69,1152.69,1152.69,
2001-03-27,1182.17,1182.17,1182.17,1182.17,
2001-03-28,1153.29,1153.29,1153.29,1153.29,
2001-03-29,1147.95,1147.95,1147.95,1147.95,
2001-03-30,1160.33,1160.33,1160.33,1160.33,
2001-04-02,1145.87,1145.87,1145.87,1145.87,
2001-04-03,1106.46,1106.46,1106.46,1106.46,
2001-04-04,1103.25,1103.25,1103.25,1103.25,
2001-04-05,1151.44,1151.44,1151.44,1151.44,
2001-04-06,1128.43,1128.43,1128.43,1128.43,
2001-04-09,1137.59,1137.59,1137.59,1137.59,
2001-04-10,1168.38,1168.38,1168.38,1168.38,
2001-04-11,1165.89,1165.89,1165.89,1165.89,
2001-04-12,1183.5,1183.5,1183.5,1183.5,
2001-04-16,1179.68,1179.68,1179.68,1179.68,
2001-04-17,1191.81,1191.81,1191.81,1191.81,
2001-04-18,1238.16,1238.16,1238.16,1238.16,
2001-04-19,1253.69,1253.69,1253.69,1253.69,
2001-04-20,1242.98,1242.98,1242.98,1242.98,
2001-04-23,1224.36,1224.36,1224.36,1224.36,
2001-04-24,1209.47,1209.47,1209.47,1209.47,
2001-04-25,1228.75,1228.75,1228.75,1228.75,
2001-04-26,1234.52,1234.52,1234.52,1234.52,
2001-04-27,1253.05,1253.05,1253.05,1253.05,
2001-04-30,1249.46,1249.46,1249.46,1249.46,
2001-05-01,1266.44,1266.44,1266.44,1266.44,
2001-05-02,1267.43,1267.43,1267.43,1267.43,
2001-05-03,1248.58,1248.58,1248.58,1248.58,
2001-05-04,1266.61,1266.61,1266.61,1266.61,
2001-05-07,1263.51,1263.51,1263.51,1263.51,
2001-05-08,1261.2,1261.2,1261.2,1261.2,
2001-05-09,1255.54,1255.54,1255.54,1255.54,
2001-05-10,1255.18,1255.18,1255.18,1255.18,
2001-05-11,1245.67,1245.67,1245.67,1245.67,
2001-05-14,1248.92,1248.92,1248.92,1248.92,
2001-05-15,1249.44,1249.44,1249.44,1249.44,
2001-05-16,1284.99,1284.99,1284.99,1284.99,
2001-05-17,1288.49,1288.49,1288.49,1288.49,
2001-05-18,1291.96,1291.96,1291.96,1291.96,
2001-05-21,1312.83,1312.83,1312.83,1312.83,
2001-05-22,1309.38,1309.38,1309.38,1309.38,
2001-05-23,1289.05,1289.05,1289.05,1289.05,
2001-05-24,1293.17,1293.17,1293.17,1293.17,
2001-05-25,1277.89,1277.89,1277.89,1277.89,
2001-05-29,1267.93,1267.93,1267.93,1267.93,
2001-05-30,1248.08,1248.08,1248.08,1248.08,
2001-05-31,1255.82,1255.82,1255.82,1255.82,
2001-06-01,1260.67,1260.67,1260.67,1260.67,
2001-06-04,1267.11,1267.11,1267.11,1267.11,
2001-06-05,1283.57,1283.57,1283.57,1283.57,
2001-06-06,1270.03,1270.03,1270.03,1270.03,
2001-06-07,1276.96,1276.96,1276.96,1276.96,
2001-06-08,1264.96,1264.96,1264.96,1264.96,
2001-06-11,1254.39,1254.39,1254.39,1254.39,
2001-06-12,1255.85,1255.85,1255.85,1255.85,
2001-06-13,1241.6,1241.6,1241.6,1241.6,
2001-06-14,1219.87,1219.87,1219.87,1219.87,
2001-06-15,1214.36,1214.36,1214.36,1214.36,
2001-06-18,1208.43,1208.43,1208.43,1208.43,
2001-06-19,1212.58,1212.58,1212.58,1212.58,
2001-06-20,1223.14,1223.14,1223.14,1223.14,
2001-06-21,1237.04,1237.04,1237.04,1237.04,
2001-06-22,1225.35,1225.35,1225.35,1225.35,
2001-06-25,1218.6,1218.6,1218.6,1218.6,
2001-06-26,1216.76,1216.76,1216.76,1216.76,
2001-06-27,1211.07,1211.07,1211.07,1211.07,
2001-06-28,1226.2,1226.2,1226.2,1226.2,
2001-06-29,1224.38,1224.38,1224.38,1224.38,
2001-07-02,1236.72,1236.72,1236.72,1236.72,
2001-07-03,1234.45,1234.45,1234.45,1234.45,
2001-07-05,1219.24,1219.24,1219.24,1219.24,
2001-07-06,1190.59,1190.59,1190.59,1190.59,
2001-07-09,1198.78,1198.78,1198.78,1198.78,
2001-07-10,1181.52,1181.52,1181.52,1181.52,
2001-07-11,1180.18,1180.18,1180.18,1180.18,
2001-07-12,1208.14,1208.14,1208.14,1208.14,
2001-07-13,1215.68,1215.68,1215.68,1215.68,
2001-07-16,1202.45,1202.45,1202.45,1202.45,
2001-07-17,1214.44,1214.44,1214.44,1214.44,
2001-07-18,1207.71,1207.71,1207.71,1207.71,
2001-07-19,1215.02,1215.02,1215.02,1215.02,
2001-07-20,1210.85,1210.85,1210.85,1210.85,
2001-07-23,1191.03,1191.03,1191.03,1191.03,
2001-07-24,1171.65,1171.65,1171.65,1171.65,
2001-07-25,1190.49,1190.49,1190.49,1190.49,
2001-07-26,1202.93,1202.93,1202.93,1202.93,
2001-07-27,1205.82,1205.82,1205.82,1205.82,
2001-07-30,1204.52,1204.52,1204.52,1204.52,
2001-07-31,1211.23,1211.23,1211.23,1211.23,
2001-08-01,1215.93,1215.93,1215.93,1215.93,
2001-08-02,1220.75,1220.75,1220.75,1220.75,
2001-08-03,1214.35,1214.35,1214.35,1214.35,
2001-08-06,1200.48,1200.48,1200.48,1200.48,
2001-08-07,1204.4,1204.4,1204.4,1204.4,
2001-08-08,1183.53,1183.53,1183.53,1183.53,
2001-08-09,1183.43,1183.43,1183.43,1183.43,
2001-08-10,1190.16,1190.16,1190.16,1190.16,
2001-08-13,1191.29,1191.29,1191.29,1191.29,
2001-08-14,1186.73,1186.73,1186.73,1186.73,
2001-08-15,1178.02,1178.02,1178.02,1178.02,
2001-08-16,1181.66,1181.66,1181.66,1181.66,
2001-08-17,1161.97,1161.97,1161.97,1161.97,
2001-08-20,1171.41,1171.41,1171.41,1171.41,
2001-08-21,1157.26,1157.26,1157.26,1157.26,
2001-08-22,1165.31,1165.31,1165.31,1165.31,
2001-08-23,1162.09,1162.09,1162.09,1162.09,
2001-08-24,1184.93,1184.93,1184.93,1184.93,
2001-08-27,1179.21,1179.21,1179.21,1179.21,
2001-08-28,1161.51,1161.51,1161.51,1161.51,
2001-08-29,1148.56,1148.56,1148.56,1148.56,
2001-08-30,1129.03,1129.03,1129.03,1129.03,
2001-08-31,1133.58,1133.58,1133.58,1133.58,
2001-09-04,1132.94,1132.94,1132.94,1132.94,
2001-09-05,1131.74,1131.74,1131.74,1131.74,
2001-09-06,1106.4,1106.4,1106.4,1106.4,
2001-09-07,1085.78,1085.78,1085.78,1085.78,
2001-09-10,1092.54,1092.54,1092.54,1092.54,
2001-09-17,1038.77,1038.77,1038.77,1038.77,
2001-09-18,1032.74,1032.74,1032.74,1032.74,
2001-09-19,1016.1,1016.1,1016.1,1016.1,
2001-09-20,984.54,984.54,984.54,984.54,
2001-09-21,965.8,965.8,965.8,965.8,
2001-09-24,1003.45,1003.45,1003.45,1003.45,
2001-09-25,1012.27,1012.27,1012.27,1012.27,
2001-09-26,1007.04,1007.04,1007.04,1007.04,
2001-09-27,1018.61,1018.61,1018.61,1018.61,
2001-09-28,1040.94,1040.94,1040.94,1040.94,
2001-10-01,1038.55,1038.55,1038.55,1038.55,
2001-10-02,1051.33,1051.33,1051.33,1051.33,
2001-10-03,1072.28,1072.28,1072.28,1072.28,
2001-10-04,1069.63,1069.63,1069.63,1069.63,
2001-10-05,1071.38,1071.38,1071.38,1071.38,
2001-10-08,1062.44,1062.44,1062.44,1062.44,
2001-10-09,1056.75,1056.75,1056.75,1056.75,
2001-10-10,1080.99,1080.99,1080.99,1080.99,
2001-10-11,1097.43,1097.43,1097.43,1097.43,
2001-10-12,1091.65,1091.65,1091.65,1091.65,
2001-10-15,1089.98,1089.98,1089.98,1089.98,
2001-10-16,1097.54,1097.54,1097.54,1097.54,
2001-10-17,1077.09,1077.09,1077.09,1077.09,
2001-10-18,1068.61,1068.61,1068.61,1068.61,
2001-10-19,1073.48,1073.48,1073.48,1073.48,
2001-10-22,1089.9,1089.9,1089.9,1089.9,
2001-10-23,1084.78,1084.78,1084.78,1084.78,
2001-10-24,1085.2,1085.2,1085.2,1085.2,
2001-10-25,1100.09,1100.09,1100.09,1100.09,
2001-10-26,1104.61,1104.61,1104.61,1104.61,
2001-10-29,1078.3,1078.3,1078.3,1078.3,
2001-10-30,1059.79,1059.79,1059.79,1059.79,
2001-10-31,1059.78,1059.78,1059.78,1059.78,
2001-11-01,1084.1,1084.1,1084.1,1084.1,
2001-11-02,1087.2,1087.2,1087.2,1087.2,
2001-11-05,1102.84,1102.84,1102.84,1102.84,
2001-11-06,1118.86,1118.86,1118.86,1118.86,
2001-11-07,1115.8,1115.8,1115.8,1115.8,
2001-11-08,1118.54,1118.54,1118.54,1118.54,
2001-11-09,1120.31,1120.31,1120.31,1120.31,
2001-11-12,1118.33,1118.33,1118.33,1118.33,
2001-11-13,1139.09,1139.09,1139.09,1139.09,
2001-11-14,1141.21,1141.21,1141.21,1141.21,
2001-11-15,1142.24,1142.24,1142.24,1142.24,
2001-11-16,1138.65,1138.65,1138.65,1138.65,
2001-11-19,1151.06,1151.06,1151.06,1151.06,
2001-11-20,1142.66,1142.66,1142.66,1142.66,
2001-11-21,1137.03,1137.03,1137.03,1137.03,
2001-11-23,1150.34,1150.34,1150.34,1150.34,
2001-11-26,1157.42,1157.42,1157.42,1157.42,
2001-11-27,1149.5,1149.5,1149.5,1149.5,
2001-11-28,1128.52,1128.52,1128.52,1128.52,
2001-11-29,1140.2,1140.2,1140.2,1140.2,
2001-11-30,1139.45,1139.45,1139.45,1139.45,
2001-12-03,1129.9,1129.9,1129.9,1129.9,
2001-12-04,1144.8,1144.8,1144.8,1144.8,
2001-12-05,1170.35,1170.35,1170.35,1170.35,
2001-12-06,1167.1,1167.1,1167.1,1167.1,
2001-12-07,1158.31,1158.31,1158.31,1158.31,
2001-12-10,1139.93,1139.93,1139.93,1139.93,
2001-12-11,1136.76,1136.76,1136.76,1136.76,
2001-12-12,1137.07,1137.07,1137.07,1137.07,
2001-12-13,1119.38,1119.38,1119.38,1119.38,
2001-12-14,1123.09,1123.09,1123.09,1123.09,
2001-12-17,1134.36,1134.36,1134.36,1134.36,
2001-12-18,1142.92,1142.92,1142.92,1142.92,
2001-12-19,1149.56,1149.56,1149.56,1149.56,
2001-12-20,1139.93,1139.93,1139.93,1139.93,
2001-12-21,1144.89,1144.89,1144.89,1144.89,
2001-12-24,1144.65,1144.65,1144.65,1144.65,
2001-12-26,1149.37,1149.37,1149.37,1149.37,
2001-12-27,1157.13,1157.13,1157.13,1157.13,
2001-12-28,1161.02,1161.02,1161.02,1161.02,
2001-12-31,1148.08,1148.08,1148.08,1148.08,
2002-01-02,1154.67,1154.67,1154.67,1154.67,
2002-01-03,1165.27,1165.27,1165.27,1165.27,
2002-01-04,1172.51,1172.51,1172.51,1172.51,
2002-01-07,1164.89,1164.89,1164.89,1164.89,
2002-01-08,1160.71,1160.71,1160.71,1160.71,
2002-01-09,1155.14,1155.14,1155.14,1155.14,
2002-01-10,1156.55,1156.55,1156.55,1156.55,
2002-01-11,1145.6,1145.6,1145.6,1145.6,
2002-01-14,1138.41,1138.41,1138.41,1138.41,
2002-01-15,1146.19,1146.19,1146.19,1146.19,
2002-01-16,1127.57,1127.57,1127.57,1127.57,
2002-01-17,1138.88,1138.88,1138.88,1138.88,
2002-01-18,1127.58,1127.58,1127.58,1127.58,
2002-01-22,1119.31,1119.31,1119.31,1119.31,
2002-01-23,1128.18,1128.18,1128.18,1128.18,
2002-01-24,1132.15,1132.15,1132.15,1132.15,
2002-01-25,1133.28,1133.28,1133.28,1133.28,
2002-01-28,1133.06,1133.06,1133.06,1133.06,
2002-01-29,1100.64,1100.64,1100.64,1100.64,
2002-01-30,1113.57,1113.57,1113.57,1113.57,
2002-01-31,1130.2,1130.2,1130.2,1130.2,
2002-02-01,1122.2,1122.2,1122.2,1122.2,
2002-02-04,1094.44,1094.44,1094.44,1094.44,
2002-02-05,1090.02,1090.02,1090.02,1090.02,
2002-02-06,1083.51,1083.51,1083.51,1083.51,
2002-02-07,1080.17,1080.17,1080.17,1080.17,
2002-02-08,1096.22,1096.22,1096.22,1096.22,
2002-02-11,1111.94,1111.94,1111.94,1111.94,
2002-02-12,1107.5,1107.5,1107.5,1107.5,
2002-02-13,1118.51,1118.51,1118.51,1118.51,
2002-02-14,1116.48,1116.48,1116.48,1116.48,
2002-02-15,1104.18,1104.18,1104.18,1104.18,
2002-02-19,1083.34,1083.34,1083.34,1083.34,
2002-02-20,1097.98,1097.98,1097.98,1097.98,
2002-02-21,1080.95,1080.95,1080.95,1080.95,
2002-02-22,1089.84,1089.84,1089.84,1089.84,
2002-02-25,1109.43,1109.43,1109.43,1109.43,
2002-02-26,1109.38,1109.38,1109.38,1109.38,
2002-02-27,1109.89,1109.89,1109.89,1109.89,
2002-02-28,1106.73,1106.73,1106.73,1106.73,
2002-03-01,1131.78,1131.78,1131.78,1131.78,
2002-03-04,1153.84,1153.84,1153.84,1153.84,
2002-03-05,1146.14,1146.14,1146.14,1146.14,
2002-03-06,1162.77,1162.77,1162.77,1162.77,
2002-03-07,1157.54,1157.54,1157.54,1157.54,
2002-03-08,1164.31,1164.31,1164.31,1164.31,
2002-03-11,1168.26,1168.26,1168.26,1168.26,
2002-03-12,1165.58,1165.58,1165.58,1165.58,
2002-03-13,1154.09,1154.09,1154.09,1154.09,
2002-03-14,1153.04,1153.04,1153.04,1153.04,
2002-03-15,1166.16,1166.16,1166.16,1166.16,
2002-03-18,1165.55,1165.55,1165.55,1165.55,
2002-03-19,1170.29,1170.29,1170.29,1170.29,
2002-03-20,1151.85,1151.85,1151.85,1151.85,
2002-03-21,1153.59,1153.59,1153.59,1153.59,
2002-03-22,1148.7,1148.7,1148.7,1148.7,
2002-03-25,1131.87,1131.87,1131.87,1131.87,
2002-03-26,1138.49,1138.49,1138.49,1138.49,
2002-03-27,1144.58,1144.58,1144.58,1144.58,
2002-03-28,1147.39,1147.39,1147.39,1147.39,
2002-04-01,1146.54,1146.54,1146.54,1146.54,
2002-04-02,1136.76,1136.76,1136.76,1136.76,
2002-04-03,1125.4,1125.4,1125.4,1125.4,
2002-04-04,1126.34,1126.34,1126.34,1126.34,
2002-04-05,1122.73,1122.73,1122.73,1122.73,
2002-04-08,1125.29,1125.29,1125.29,1125.29,
2002-04-09,1117.8,1117.8,1117.8,1117.8,
2002-04-10,1130.47,1130.47,1130.47,1130.47,
2002-04-11,1103.69,1103.69,1103.69,1103.69,
2002-04-12,1111.01,1111.01,1111.01,1111.01,
2002-04-15,1102.55,1102.55,1102.55,1102.55,
2002-04-16,1128.37,1128.37,1128.37,1128.37,
2002-04-17,1126.07,1126.07,1126.07,1126.07,
2002-04-18,1124.47,1124.47,1124.47,1124.47,
2002-04-19,1125.17,1125.17,1125.17,1125.17,
2002-04-22,1107.83,1107.83,1107.83,1107.83,
2002-04-23,1100.96,1100.96,1100.96,1100.96,
2002-04-24,1093.14,1093.14,1093.14,1093.14,
2002-04-25,1091.48,1091.48,1091.48,1091.48,
2002-04-26,1076.32,1076.32,1076.32,1076.32,
2002-04-29,1065.45,1065.45,1065.45,1065.45,
2002-04-30,1076.92,1076.92,1076.92,1076.92,
2002-05-01,1086.46,1086.46,1086.46,1086.46,
2002-05-02,1084.56,1084.56,1084.56,1084.56,
2002-05-03,1073.43,1073.43,1073.43,1073.43,
2002-05-06,1052.67,1052.67,1052.67,1052.67,
2002-05-07,1049.49,1049.49,1049.49,1049.49,
2002-05-08,1088.85,1088.85,1088.85,1088.85,
2002-05-09,1073.01,1073.01,1073.01,1073.01,
2002-05-10,1054.99,1054.99,1054.99,1054.99,
2002-05-13,1074.56,1074.56,1074.56,1074.56,
2002-05-14,1097.28,1097.28,1097.28,1097.28,
2002-05-15,1091.07,1091.07,1091.07,1091.07,
2002-05-16,1098.23,1098.23,1098.23,1098.23,
2002-05-17,1106.59,1106.59,1106.59,1106.59,
2002-05-20,1091.88,1091.88,1091.88,1091.88,
2002-05-21,1079.88,1079.88,1079.88,1079.88,
2002-05-22,1086.02,1086.02,1086.02,1086.02,
2002-05-23,1097.08,1097.08,1097.08,1097.08,
2002-05-24,1083.82,1083.82,1083.82,1083.82,
2002-05-28,1074.55,1074.55,1074.55,1074.55,
2002-05-29,1067.66,1067.66,1067.66,1067.66,
2002-05-30,1064.66,1064.66,1064.66,1064.66,
2002-05-31,1067.14,1067.14,1067.14,1067.14,
2002-06-03,1040.68,1040.68,1040.68,1040.68,
2002-06-04,1040.69,1040.69,1040.69,1040.69,
2002-06-05,1049.9,1049.9,1049.9,1049.9,
2002-06-06,1029.15,1029.15,1029.15,1029.15,
2002-06-07,1027.53,1027.53,1027.53,1027.53,
2002-06-10,1030.74,1030.74,1030.74,1030.74,
2002-06-11,1013.6,1013.6,1013.6,1013.6,
2002-06-12,1020.26,1020.26,1020.26,1020.26,
2002-06-13,1009.56,1009.56,1009.56,1009.56,
2002-06-14,1007.27,1007.27,1007.27,1007.27,
2002-06-17,1036.17,1036.17,1036.17,1036.17,
2002-06-18,1037.14,1037.14,1037.14,1037.14,
2002-06-19,1019.99,1019.99,1019.99,1019.99,
2002-06-20,1006.29,1006.29,1006.29,1006.29,
2002-06-21,989.14,989.14,989.14,989.14,
2002-06-24,992.72,992.72,992.72,992.72,
2002-06-25,976.14,976.14,976.14,976.14,
2002-06-26,973.53,973.53,973.53,973.53,
2002-06-27,990.64,990.64,990.64,990.64,
2002-06-28,989.82,989.82,989.82,989.82,
2002-07-01,968.65,968.65,968.65,968.65,
2002-07-02,948.09,948.09,948.09,948.09,
2002-07-03,953.99,953.99,953.99,953.99,
2002-07-05,989.03,989.03,989.03,989.03,
2002-07-08,976.98,976.98,976.98,976.98,
2002-07-09,952.83,952.83,952.83,952.83,
2002-07-10,920.47,920.47,920.47,920.47,
2002-07-11,927.37,927.37,927.37,927.37,
2002-07-12,921.39,921.39,921.39,921.39,
2002-07-15,917.93,917.93,917.93,917.93,
2002-07-16,900.94,900.94,900.94,900.94,
2002-07-17,906.04,906.04,906.04,906.04,
2002-07-18,881.56,881.56,881.56,881.56,
2002-07-19,847.75,847.75,847.75,847.75,
2002-07-22,819.85,819.85,819.85,819.85,
2002-07-23,797.7,797.7,797.7,797.7,
2002-07-24,843.43,843.43,843.43,843.43,
2002-07-25,838.68,838.68,838.68,838.68,
2002-07-26,852.84,852.84,852.84,852.84,
2002-07-29,898.96,898.96,898.96,898.96,
2002-07-30,902.78,902.78,902.78,902.78,
2002-07-31,911.62,911.62,911.62,911.62,
2002-08-01,884.66,884.66,884.66,884.66,
2002-08-02,864.24,864.24,864.24,864.24,
2002-08-05,834.6,834.6,834.6,834.6,
2002-08-06,859.57,859.57,859.57,859.57,
2002-08-07,876.77,876.77,876.77,876.77,
2002-08-08,905.46,905.46,905.46,905.46,
2002-08-09,908.64,908.64,908.64,908.64,
2002-08-12,903.8,903.8,903.8,903.8,
2002-08-13,884.21,884.21,884.21,884.21,
2002-08-14,919.62,919.62,919.62,919.62,
2002-08-15,930.25,930.25,930.25,930.25,
2002-08-16,928.77,928.77,928.77,928.77,
2002-08-19,950.7,950.7,950.7,950.7,
2002-08-20,937.43,937.43,937.43,937.43,
2002-08-21,949.36,949.36,949.36,949.36,
2002-08-22,962.7,962.7,962.7,962.7,
2002-08-23,940.86,940.86,940.86,940.86,
2002-08-26,947.95,947.95,947.95,947.95,
2002-08-27,934.82,934.82,934.82,934.82,
2002-08-28,917.87,917.87,917.87,917.87,
2002-08-29,917.8,917.8,917.8,917.8,
2002-08-30,916.07,916.07,916.07,916.07,
2002-09-03,878.02,878.02,878.02,878.02,
2002-09-04,893.4,893.4,893.4,893.4,
2002-09-05,879.15,879.15,879.15,879.15,
2002-09-06,893.92,893.92,893.92,893.92,
2002-09-09,902.96,902.96,902.96,902.96,
2002-09-10,909.58,909.58,909.58,909.58,
2002-09-11,909.45,909.45,909.45,909.45,
2002-09-12,886.91,886.91,886.91,886.91,
2002-09-13,889.81,889.81,889.81,889.81,
2002-09-16,891.1,891.1,891.1,891.1,
2002-09-17,873.52,873.52,873.52,873.52,
2002-09-18,869.46,869.46,869.46,869.46,
2002-09-19,843.32,843.32,843.32,843.32,
2002-09-20,845.39,845.39,845.39,845.39,
2002-09-23,833.7,833.7,833.7,833.7,
2002-09-24,819.29,819.29,819.29,819.29,
2002-09-25,839.66,839.66,839.66,839.66,
2002-09-26,854.95,854.95,854.95,854.95,
2002-09-27,827.37,827.37,827.37,827.37,
2002-09-30,815.28,815.28,815.28,815.28,
2002-10-01,847.91,847.91,847.91,847.91,
2002-10-02,827.91,827.91,827.91,827.91,
2002-10-03,818.95,818.95,818.95,818.95,
2002-10-04,800.58,800.58,800.58,800.58,
2002-10-07,785.28,785.28,785.28,785.28,
2002-10-08,798.55,798.55,798.55,798.55,
2002-10-09,776.76,776.76,776.76,776.76,
2002-10-10,803.92,803.92,803.92,803.92,
2002-10-11,835.32,835.32,835.32,835.32,
2002-10-14,841.44,841.44,841.44,841.44,
2002-10-15,881.27,881.27,881.27,881.27,
2002-10-16,860.02,860.02,860.02,860.02,
2002-10-17,879.2,879.2,879.2,879.2,
2002-10-18,884.39,884.39,884.39,884.39,
2002-10-21,899.72,899.72,899.72,899.72,
2002-10-22,890.16,890.16,890.16,890.16,
2002-10-23,896.14,896.14,896.14,896.14,
2002-10-24,882.5,882.5,882.5,882.5,
2002-10-25,897.65,897.65,897.65,897.65,
2002-10-28,890.23,890.23,890.23,890.23,
2002-10-29,882.15,882.15,882.15,882.15,
2002-10-30,890.71,890.71,890.71,890.71,
2002-10-31,885.76,885.76,885.76,885.76,
2002-11-01,900.96,900.96,900.96,900.96,
2002-11-04,908.35,908.35,908.35,908.35,
2002-11-05,915.39,915.39,915.39,915.39,
2002-11-06,923.76,923.76,923.76,923.76,
2002-11-07,902.65,902.65,902.65,902.65,
2002-11-08,894.74,894.74,894.74,894.74,
2002-11-11,876.19,876.19,876.19,876.19,
2002-11-12,882.95,882.95,882.95,882.95,
2002-11-13,882.53,882.53,882.53,882.53,
2002-11-14,904.27,904.27,904.27,904.27,
2002-11-15,909.83,909.83,909.83,909.83,
2002-11-18,900.36,900.36,900.36,900.36,
2002-11-19,896.74,896.74,896.74,896.74,
2002-11-20,914.15,914.15,914.15,914.15,
2002-11-21,933.76,933.76,933.76,933.76,
2002-11-22,930.55,930.55,930.55,930.55,
2002-11-25,932.87,932.87,932.87,932.87,
2002-11-26,913.31,913.31,913.31,913.31,
2002-11-27,938.87,938.87,938.87,938.87,
2002-11-29,936.31,936.31,936.31,936.31,
2002-12-02,934.53,934.53,934.53,934.53,
2002-12-03,920.75,920.75,920.75,920.75,
2002-12-04,917.58,917.58,917.58,917.58,
2002-12-05,906.55,906.55,906.55,906.55,
2002-12-06,912.23,912.23,912.23,912.23,
2002-12-09,892.0,892.0,892.0,892.0,
2002-12-10,904.45,904.45,904.45,904.45,
2002-12-11,904.96,904.96,904.96,904.96,
2002-12-12,901.58,901.58,901.58,901.58,
2002-12-13,889.48,889.48,889.48,889.48,
2002-12-16,910.4,910.4,910.4,910.4,
2002-12-17,902.99,902.99,902.99,902.99,
2002-12-18,891.12,891.12,891.12,891.12,
2002-12-19,884.25,884.25,884.25,884.25,
2002-12-20,895.76,895.76,895.76,895.76,
2002-12-23,897.38,897.38,897.38,897.38,
2002-12-24,892.47,892.47,892.47,892.47,
2002-12-26,889.66,889.66,889.66,889.66,
2002-12-27,875.4,875.4,875.4,875.4,
2002-12-30,879.39,879.39,879.39,879.39,
2002-12-31,879.82,879.82,879.82,879.82,
2003-01-02,909.03,909.03,909.03,909.03,
2003-01-03,908.59,908.59,908.59,908.59,
2003-01-06,929.01,929.01,929.01,929.01,
2003-01-07,922.93,922.93,922.93,922.93,
2003-01-08,909.93,909.93,909.93,909.93,
2003-01-09,927.57,927.57,927.57,927.57,
2003-01-10,927.57,927.57,927.57,927.57,
2003-01-13,926.26,926.26,926.26,926.26,
2003-01-14,931.66,931.66,931.66,931.66,
2003-01-15,918.22,918.22,918.22,918.22,
2003-01-16,914.6,914.6,914.6,914.6,
2003-01-17,901.78,901.78,901.78,901.78,
2003-01-21,887.62,887.62,887.62,887.62,
2003-01-22,878.36,878.36,878.36,878.36,
2003-01-23,887.34,887.34,887.34,887.34,
2003-01-24,861.4,861.4,861.4,861.4,
2003-01-27,847.48,847.48,847.48,847.48,
2003-01-28,858.54,858.54,858.54,858.54,
2003-01-29,864.36,864.36,864.36,864.36,
2003-01-30,844.61,844.61,844.61,844.61,
2003-01-31,855.7,855.7,855.7,855.7,
2003-02-03,860.32,860.32,860.32,860.32,
2003-02-04,848.2,848.2,848.2,848.2,
2003-02-05,843.59,843.59,843.59,843.59,
2003-02-06,838.15,838.15,838.15,838.15,
2003-02-07,829.69,829.69,829.69,829.69,
2003-02-10,835.97,835.97,835.97,835.97,
2003-02-11,829.2,829.2,829.2,829.2,
2003-02-12,818.68,818.68,818.68,818.68,
2003-02-13,817.37,817.37,817.37,817.37,
2003-02-14,834.89,834.89,834.89,834.89,
2003-02-18,851.17,851.17,851.17,851.17,
2003-02-19,845.13,845.13,845.13,845.13,
2003-02-20,837.1,837.1,837.1,837.1,
2003-02-21,848.17,848.17,848.17,848.17,
2003-02-24,832.58,832.58,832.58,832.58,
2003-02-25,838.57,838.57,838.57,838.57,
2003-02-26,827.55,827.55,827.55,827.55,
2003-02-27,837.28,837.28,837.28,837.28,
2003-02-28,841.15,841.15,841.15,841.15,
2003-03-03,834.81,834.81,834.81,834.81,
2003-03-04,821.99,821.99,821.99,821.99,
2003-03-05,829.85,829.85,829.85,829.85,
2003-03-06,822.1,822.1,822.1,822.1,
2003-03-07,828.89,828.89,828.89,828.89,
2003-03-10,807.48,807.48,807.48,807.48,
2003-03-11,800.73,800.73,800.73,800.73,
2003-03-12,804.19,804.19,804.19,804.19,
2003-03-13,831.9,831.9,831.9,831.9,
2003-03-14,833.27,833.27,833.27,833.27,
2003-03-17,862.79,862.79,862.79,862.79,
2003-03-18,866.45,866.45,866.45,866.45,
2003-03-19,874.02,874.02,874.02,874.02,
2003-03-20,875.67,875.67,875.67,875.67,
2003-03-21,895.79,895.79,895.79,895.79,
2003-03-24,864.23,864.23,864.23,864.23,
2003-03-25,874.74,874.74,874.74,874.74,
2003-03-26,869.95,869.95,869.95,869.95,
2003-03-27,868.52,868.52,868.52,868.52,
2003-03-28,863.5,863.5,863.5,863.5,
2003-03-31,848.18,848.18,848.18,848.18,
2003-04-01,858.48,858.48,858.48,858.48,
2003-04-02,880.9,880.9,880.9,880.9,
2003-04-03,876.45,876.45,876.45,876.45,
2003-04-04,878.85,878.85,878.85,878.85,
2003-04-07,879.93,879.93,879.93,879.93,
2003-04-08,878.29,878.29,878.29,878.29,
2003-04-09,865.99,865.99,865.99,865.99,
2003-04-10,871.58,871.58,871.58,871.58,
2003-04-11,868.3,868.3,868.3,868.3,
2003-04-14,885.23,885.23,885.23,885.23,
2003-04-15,890.81,890.81,890.81,890.81,
2003-04-16,879.91,879.91,879.91,879.91,
2003-04-17,893.58,893.58,893.58,893.58,
2003-04-21,892.01,892.01,892.01,892.01,
2003-04-22,911.37,911.37,911.37,911.37,
2003-04-23,919.02,919.02,919.02,919.02,
2003-04-24,911.43,911.43,911.43,911.43,
2003-04-25,898.81,898.81,898.81,898.81,
2003-04-28,914.84,914.84,914.84,914.84,
2003-04-29,917.84,917.84,917.84,917.84,
2003-04-30,916.92,916.92,916.92,916.92,
2003-05-01,916.3,916.3,916.3,916.3,
2003-05-02,930.08,930.08,930.08,930.08,
2003-05-05,926.55,926.55,926.55,926.55,
2003-05-06,934.39,934.39,934.39,934.39,
2003-05-07,929.62,929.62,929.62,929.62,
2003-05-08,920.27,920.27,920.27,920.27,
2003-05-09,933.41,933.41,933.41,933.41,
2003-05-12,945.11,945.11,945.11,945.11,
2003-05-13,942.3,942.3,942.3,942.3,
2003-05-14,939.28,939.28,939.28,939.28,
2003-05-15,946.67,946.67,946.67,946.67,
2003-05-16,944.3,944.3,944.3,944.3,
2003-05-19,920.77,920.77,920.77,920.77,
2003-05-20,919.73,919.73,919.73,919.73,
2003-05-21,923.42,923.42,923.42,923.42,
2003-05-22,931.87,931.87,931.87,931.87,
2003-05-23,933.22,933.22,933.22,933.22,
2003-05-27,951.48,951.48,951.48,951.48,
2003-05-28,953.22,953.22,953.22,953.22,
2003-05-29,949.64,949.64,949.64,949.64,
2003-05-30,963.59,963.59,963.59,963.59,
2003-06-02,967.0,967.0,967.0,967.0,
2003-06-03,971.56,971.56,971.56,971.56,
2003-06-04,986.24,986.24,986.24,986.24,
2003-06-05,990.14,990.14,990.14,990.14,
2003-06-06,987.76,987.76,987.76,987.76,
2003-06-09,975.93,975.93,975.93,975.93,
2003-06-10,984.84,984.84,984.84,984.84,
2003-06-11,997.48,997.48,997.48,997.48,
2003-06-12,998.51,998.51,998.51,998.51,
2003-06-13,988.61,988.61,988.61,988.61,
2003-06-16,1010.74,1010.74,1010.74,1010.74,
2003-06-17,1011.66,1011.66,1011.66,1011.66,
2003-06-18,1010.09,1010.09,1010.09,1010.09,
2003-06-19,994.7,994.7,994.7,994.7,
2003-06-20,995.69,995.69,995.69,995.69,
2003-06-23,981.64,981.64,981.64,981.64,
2003-06-24,983.45,983.45,983.45,983.45,
2003-06-25,975.32,975.32,975.32,975.32,
2003-06-26,985.82,985.82,985.82,985.82,
2003-06-27,976.22,976.22,976.22,976.22,
2003-06-30,974.5,974.5,974.5,974.5,
2003-07-01,982.32,982.32,982.32,982.32,
2003-07-02,993.75,993.75,993.75,993.75,
2003-07-03,985.7,985.7,985.7,985.7,
2003-07-07,1004.42,1004.42,1004.42,1004.42,
2003-07-08,1007.84,1007.84,1007.84,1007.84,
2003-07-09,1002.21,1002.21,1002.21,1002.21,
2003-07-10,988.7,988.7,988.7,988.7,
2003-07-11,998.14,998.14,998.14,998.14,
2003-07-14,1003.86,1003.86,1003.86,1003.86,
2003-07-15,1000.42,1000.42,1000.42,1000.42,
2003-07-16,994.09,994.09,994.09,994.09,
2003-07-17,981.73,981.73,981.73,981.73,
2003-07-18,993.32,993.32,993.32,993.32,
2003-07-21,978.8,978.8,978.8,978.8,
2003-07-22,988.11,988.11,988.11,988.11,
2003-07-23,988.61,988.61,988.61,988.61,
2003-07-24,981.6,981.6,981.6,981.6,
2003-07-25,998.68,998.68,998.68,998.68,
2003-07-28,996.52,996.52,996.52,996.52,
2003-07-29,989.28,989.28,989.28,989.28,
2003-07-30,987.49,987.49,987.49,987.49,
2003-07-31,990.31,990.31,990.31,990.31,
2003-08-01,980.15,980.15,980.15,980.15,
2003-08-04,982.82,982.82,982.82,982.82,
2003-08-05,965.46,965.46,965.46,965.46,
2003-08-06,967.08,967.08,967.08,967.08,
2003-08-07,974.12,974.12,974.12,974.12,
2003-08-08,977.59,977.59,977.59,977.59,
2003-08-11,980.59,980.59,980.59,980.59,
2003-08-12,990.35,990.35,990.35,990.35,
2003-08-13,984.03,984.03,984.03,984.03,
2003-08-14,990.51,990.51,990.51,990.51,
2003-08-15,990.67,990.67,990.67,990.67,
2003-08-18,999.74,999.74,999.74,999.74,
2003-08-19,1002.35,1002.35,1002.35,1002.35,
2003-08-20,1000.3,1000.3,1000.3,1000.3,
2003-08-21,1003.27,1003.27,1003.27,1003.27,
2003-08-22,993.06,993.06,993.06,993.06,
2003-08-25,993.71,993.71,993.71,993.71,
2003-08-26,996.73,996.73,996.73,996.73,
2003-08-27,996.79,996.79,996.79,996.79,
2003-08-28,1002.84,1002.84,1002.84,1002.84,
2003-08-29,1008.01,1008.01,1008.01,1008.01,
2003-09-02,1021.99,1021.99,1021.99,1021.99,
2003-09-03,1026.27,1026.27,1026.27,1026.27,
2003-09-04,1027.97,1027.97,1027.97,1027.97,
2003-09-05,1021.39,1021.39,1021.39,1021.39,
2003-09-08,1031.64,1031.64,1031.64,1031.64,
2003-09-09,1023.17,1023.17,1023.17,1023.17,
2003-09-10,1010.92,1010.92,1010.92,1010.92,
2003-09-11,1016.42,1016.42,1016.42,1016.42,
2003-09-12,1018.63,1018.63,1018.63,1018.63,
2003-09-15,1014.81,1014.81,1014.81,1014.81,
2003-09-16,1029.32,1029.32,1029.32,1029.32,
2003-09-17,1025.97,1025.97,1025.97,1025.97,
2003-09-18,1039.58,1039.58,1039.58,1039.58,
2003-09-19,1036.3,1036.3,1036.3,1036.3,
2003-09-22,1022.82,1022.82,1022.82,1022.82,
2003-09-23,1029.03,1029.03,1029.03,1029.03,
2003-09-24,1009.38,1009.38,1009.38,1009.38,
2003-09-25,1003.27,1003.27,1003.27,1003.27,
2003-09-26,996.85,996.85,996.85,996.85,
2003-09-29,1006.58,1006.58,1006.58,1006.58,
2003-09-30,995.97,995.97,995.97,995.97,
2003-10-01,1018.22,1018.22,1018.22,1018.22,
2003-10-02,1020.24,1020.24,1020.24,1020.24,
2003-10-03,1029.85,1029.85,1029.85,1029.85,
2003-10-06,1034.35,1034.35,1034.35,1034.35,
2003-10-07,1039.25,1039.25,1039.25,1039.25,
2003-10-08,1033.78,1033.78,1033.78,1033.78,
2003-10-09,1038.73,1038.73,1038.73,1038.73,
2003-10-10,1038.06,1038.06,1038.06,1038.06,
2003-10-13,1045.35,1045.35,1045.35,1045.35,
2003-10-14,1049.48,1049.48,1049.48,1049.48,
2003-10-15,1046.76,1046.76,1046.76,1046.76,
2003-10-16,1050.07,1050.07,1050.07,1050.07,
2003-10-17,1039.32,1039.32,1039.32,1039.32,
2003-10-20,1044.68,1044.68,1044.68,1044.68,
2003-10-21,1046.03,1046.03,1046.03,1046.03,
2003-10-22,1030.36,1030.36,1030.36,1030.36,
2003-10-23,1033.77,1033.77,1033.77,1033.77,
2003-10-24,1028.91,1028.91,1028.91,1028.91,
2003-10-27,1031.13,1031.13,1031.13,1031.13,
2003-10-28,1046.79,1046.79,1046.79,1046.79,
2003-10-29,1048.11,1048.11,1048.11,1048.11,
2003-10-30,1046.94,1046.94,1046.94,1046.94,
2003-10-31,1050.71,1050.71,1050.71,1050.71,
2003-11-03,1059.02,1059.02,1059.02,1059.02,
2003-11-04,1053.25,1053.25,1053.25,1053.25,
2003-11-05,1051.81,1051.81,1051.81,1051.81,
2003-11-06,1058.05,1058.05,1058.05,1058.05,
2003-11-07,1053.21,1053.21,1053.21,1053.21,
2003-11-10,1047.11,1047.11,1047.11,1047.11,
2003-11-11,1046.57,1046.57,1046.57,1046.57,
2003-11-12,1058.53,1058.53,1058.53,1058.53,
2003-11-13,1058.41,1058.41,1058.41,1058.41,
2003-11-14,1050.35,1050.35,1050.35,1050.35,
2003-11-17,1043.63,1043.63,1043.63,1043.63,
2003-11-18,1034.15,1034.15,1034.15,1034.15,
2003-11-19,1042.44,1042.44,1042.44,1042.44,
2003-11-20,1033.65,1033.65,1033.65,1033.65,
2003-11-21,1035.28,1035.28,1035.28,1035.28,
2003-11-24,1052.08,1052.08,1052.08,1052.08,
2003-11-25,1053.89,1053.89,1053.89,1053.89,
2003-11-26,1058.45,1058.45,1058.45,1058.45,
2003-11-28,1058.2,1058.2,1058.2,1058.2,
2003-12-01,1070.12,1070.12,1070.12,1070.12,
2003-12-02,1066.62,1066.62,1066.62,1066.62,
2003-12-03,1064.73,1064.73,1064.73,1064.73,
2003-12-04,1069.72,1069.72,1069.72,1069.72,
2003-12-05,1061.5,1061.5,1061.5,1061.5,
2003-12-08,1069.3,1069.3,1069.3,1069.3,
2003-12-09,1060.18,1060.18,1060.18,1060.18,
2003-12-10,1059.05,1059.05,1059.05,1059.05,
2003-12-11,1071.21,1071.21,1071.21,1071.21,
2003-12-12,1074.14,1074.14,1074.14,1074.14,
2003-12-15,1068.04,1068.04,1068.04,1068.04,
2003-12-16,1075.13,1075.13,1075.13,1075.13,
2003-12-17,1076.48,1076.48,1076.48,1076.48,
2003-12-18,1089.18,1089.18,1089.18,1089.18,
2003-12-19,1088.66,1088.66,1088.66,1088.66,
2003-12-22,1092.94,1092.94,1092.94,1092.94,
2003-12-23,1096.02,1096.02,1096.02,1096.02,
2003-12-24,1094.04,1094.04,1094.04,1094.04,
2003-12-26,1095.89,1095.89,1095.89,1095.89,
2003-12-29,1109.48,1109.48,1109.48,1109.48,
2003-12-30,1109.64,1109.64,1109.64,1109.64,
2003-12-31,1111.92,1111.92,1111.92,1111.92,
2004-01-02,1108.48,1108.48,1108.48,1108.48,
2004-01-05,1122.22,1122.22,1122.22,1122.22,
2004-01-06,1123.67,1123.67,1123.67,1123.67,
2004-01-07,1126.33,1126.33,1126.33,1126.33,
2004-01-08,1131.92,1131.92,1131.92,1131.92,
2004-01-09,1121.86,1121.86,1121.86,1121.86,
2004-01-12,1127.23,1127.23,1127.23,1127.23,
2004-01-13,1121.22,1121.22,1121.22,1121.22,
2004-01-14,1130.52,1130.52,1130.52,1130.52,
2004-01-15,1132.05,1132.05,1132.05,1132.05,
2004-01-16,1139.83,1139.83,1139.83,1139.83,
2004-01-20,1138.77,1138.77,1138.77,1138.77,
2004-01-21,1147.62,1147.62,1147.62,1147.62,
2004-01-22,1143.94,1143.94,1143.94,1143.94,
2004-01-23,1141.55,1141.55,1141.55,1141.55,
2004-01-26,1155.37,1155.37,1155.37,1155.37,
2004-01-27,1144.05,1144.05,1144.05,1144.05,
2004-01-28,1128.48,1128.48,1128.48,1128.48,
2004-01-29,1134.11,1134.11,1134.11,1134.11,
2004-01-30,1131.13,1131.13,1131.13,1131.13,
2004-02-02,1135.26,1135.26,1135.26,1135.26,
2004-02-03,1136.03,1136.03,1136.03,1136.03,
2004-02-04,1126.52,1126.52,1126.52,1126.52,
2004-02-05,1128.59,1128.59,1128.59,1128.59,
2004-02-06,1142.76,1142.76,1142.76,1142.76,
2004-02-09,1139.81,1139.81,1139.81,1139.81,
2004-02-10,1145.54,1145.54,1145.54,1145.54,
2004-02-11,1157.76,1157.76,1157.76,1157.76,
2004-02-12,1152.11,1152.11,1152.11,1152.11,
2004-02-13,1145.81,1145.81,1145.81,1145.81,
2004-02-17,1156.99,1156.99,1156.99,1156.99,
2004-02-18,1151.82,1151.82,1151.82,1151.82,
2004-02-19,1147.06,1147.06,1147.06,1147.06,
2004-02-20,1144.11,1144.11,1144.11,1144.11,
2004-02-23,1140.99,1140.99,1140.99,1140.99,
2004-02-24,1139.09,1139.09,1139.09,1139.09,
2004-02-25,1143.67,1143.67,1143.67,1143.67,
2004-02-26,1144.91,1144.91,1144.91,1144.91,
2004-02-27,1144.94,1144.94,1144.94,1144.94,
2004-03-01,1155.97,1155.97,1155.97,1155.97,
2004-03-02,1149.1,1149.1,1149.1,1149.1,
2004-03-03,1151.03,1151.03,1151.03,1151.03,
2004-03-04,1154.87,1154.87,1154.87,1154.87,
2004-03-05,1156.86,1156.86,1156.86,1156.86,
2004-03-08,1147.2,1147.2,1147.2,1147.2,
2004-03-09,1140.58,1140.58,1140.58,1140.58,
2004-03-10,1123.89,1123.89,1123.89,1123.89,
2004-03-11,1106.78,1106.78,1106.78,1106.78,
2004-03-12,1120.57,1120.57,1120.57,1120.57,
2004-03-15,1104.49,1104.49,1104.49,1104.49,
2004-03-16,1110.7,1110.7,1110.7,1110.7,
2004-03-17,1123.75,1123.75,1123.75,1123.75,
2004-03-18,1122.32,1122.32,1122.32,1122.32,
2004-03-19,1109.78,1109.78,1109.78,1109.78,
2004-03-22,1095.4,1095.4,1095.4,1095.4,
2004-03-23,1093.95,1093.95,1093.95,1093.95,
2004-03-24,1091.33,1091.33,1091.33,1091.33,
2004-03-25,1109.19,1109.19,1109.19,1109.19,
2004-03-26,1108.06,1108.06,1108.06,1108.06,
2004-03-29,1122.47,1122.47,1122.47,1122.47,
2004-03-30,1127.0,1127.0,1127.0,1127.0,
2004-03-31,1126.21,1126.21,1126.21,1126.21,
2004-04-01,1132.17,1132.17,1132.17,1132.17,
2004-04-02,1141.81,1141.81,1141.81,1141.81,
2004-04-05,1150.57,1150.57,1150.57,1150.57,
2004-04-06,1148.16,1148.16,1148.16,1148.16,
2004-04-07,1140.53,1140.53,1140.53,1140.53,
2004-04-08,1139.32,1139.32,1139.32,1139.32,
2004-04-12,1145.2,1145.2,1145.2,1145.2,
2004-04-13,1129.44,1129.44,1129.44,1129.44,
2004-04-14,1128.17,1128.17,1128.17,1128.17,
2004-04-15,1128.84,1128.84,1128.84,1128.84,
2004-04-16,1134.61,1134.61,1134.61,1134.61,
2004-04-19,1135.82,1135.82,1135.82,1135.82,
2004-04-20,1118.15,1118.15,1118.15,1118.15,
2004-04-21,1124.09,1124.09,1124.09,1124.09,
2004-04-22,1139.93,1139.93,1139.93,1139.93,
2004-04-23,1140.6,1140.6,1140.6,1140.6,
2004-04-26,1135.53,1135.53,1135.53,1135.53,
2004-04-27,1138.11,1138.11,1138.11,1138.11,
2004-04-28,1122.41,1122.41,1122.41,1122.41,
2004-04-29,1113.89,1113.89,1113.89,1113.89,
2004-04-30,1107.3,1107.3,1107.3,1107.3,
2004-05-03,1117.49,1117.49,1117.49,1117.49,
2004-05-04,1119.55,1119.55,1119.55,1119.55,
2004-05-05,1121.53,1121.53,1121.53,1121.53,
2004-05-06,1113.99,1113.99,1113.99,1113.99,
2004-05-07,1098.7,1098.7,1098.7,1098.7,
2004-05-10,1087.12,1087.12,1087.12,1087.12,
2004-05-11,1095.45,1095.45,1095.45,1095.45,
2004-05-12,1097.28,1097.28,1097.28,1097.28,
2004-05-13,1096.44,1096.44,1096.44,1096.44,
2004-05-14,1095.7,1095.7,1095.7,1095.7,
2004-05-17,1084.1,1084.1,1084.1,1084.1,
2004-05-18,1091.49,1091.49,1091.49,1091.49,
2004-05-19,1088.68,1088.68,1088.68,1088.68,
2004-05-20,1089.19,1089.19,1089.19,1089.19,
2004-05-21,1093.56,1093.56,1093.56,1093.56,
2004-05-24,1095.41,1095.41,1095.41,1095.41,
2004-05-25,1113.05,1113.05,1113.05,1113.05,
2004-05-26,1114.94,1114.94,1114.94,1114.94,
2004-05-27,1121.28,1121.28,1121.28,1121.28,
2004-05-28,1120.68,1120.68,1120.68,1120.68,
2004-06-01,1121.2,1121.2,1121.2,1121.2,
2004-06-02,1124.99,1124.99,1124.99,1124.99,
2004-06-03,1116.64,1116.64,1116.64,1116.64,
2004-06-04,1122.5,1122.5,1122.5,1122.5,
2004-06-07,1140.42,1140.42,1140.42,1140.42,
2004-06-08,1142.18,1142.18,1142.18,1142.18,
2004-06-09,1131.33,1131.33,1131.33,1131.33,
2004-06-10,1136.47,1136.47,1136.47,1136.47,
2004-06-14,1125.29,1125.29,1125.29,1125.29,
2004-06-15,1132.01,1132.01,1132.01,1132.01,
2004-06-16,1133.56,1133.56,1133.56,1133.56,
2004-06-17,1132.05,1132.05,1132.05,1132.05,
2004-06-18,1135.02,1135.02,1135.02,1135.02,
2004-06-21,1130.3,1130.3,1130.3,1130.3,
2004-06-22,1134.41,1134.41,1134.41,1134.41,
2004-06-23,1144.06,1144.06,1144.06,1144.06,
2004-06-24,1140.65,1140.65,1140.65,1140.65,
2004-06-25,1134.43,1134.43,1134.43,1134.43,
2004-06-28,1133.35,1133.35,1133.35,1133.35,
2004-06-29,1136.2,1136.2,1136.2,1136.2,
2004-06-30,1140.84,1140.84,1140.84,1140.84,
2004-07-01,1128.94,1128.94,1128.94,1128.94,
2004-07-02,1125.38,1125.38,1125.38,1125.38,
2004-07-06,1116.21,1116.21,1116.21,1116.21,
2004-07-07,1118.33,1118.33,1118.33,1118.33,
2004-07-08,1109.11,1109.11,1109.11,1109.11,
2004-07-09,1112.81,1112.81,1112.81,1112.81,
2004-07-12,1114.35,1114.35,1114.35,1114.35,
2004-07-13,1115.14,1115.14,1115.14,1115.14,
2004-07-14,1111.47,1111.47,1111.47,1111.47,
2004-07-15,1106.69,1106.69,1106.69,1106.69,
2004-07-16,1101.39,1101.39,1101.39,1101.39,
2004-07-19,1100.9,1100.9,1100.9,1100.9,
2004-07-20,1108.67,1108.67,1108.67,1108.67,
2004-07-21,1093.88,1093.88,1093.88,1093.88,
2004-07-22,1096.84,1096.84,1096.84,1096.84,
2004-07-23,1086.2,1086.2,1086.2,1086.2,
2004-07-26,1084.07,1084.07,1084.07,1084.07,
2004-07-27,1094.83,1094.83,1094.83,1094.83,
2004-07-28,1095.42,1095.42,1095.42,1095.42,
2004-07-29,1100.43,1100.43,1100.43,1100.43,
2004-07-30,1101.72,1101.72,1101.72,1101.72,
2004-08-02,1106.62,1106.62,1106.62,1106.62,
2004-08-03,1099.69,1099.69,1099.69,1099.69,
2004-08-04,1098.63,1098.63,1098.63,1098.63,
2004-08-05,1080.7,1080.7,1080.7,1080.7,
2004-08-06,1063.97,1063.97,1063.97,1063.97,
2004-08-09,1065.22,1065.22,1065.22,1065.22,
2004-08-10,1079.04,1079.04,1079.04,1079.04,
2004-08-11,1075.79,1075.79,1075.79,1075.79,
2004-08-12,1063.23,1063.23,1063.23,1063.23,
2004-08-13,1064.8,1064.8,1064.8,1064.8,
2004-08-16,1079.34,1079.34,1079.34,1079.34,
2004-08-17,1081.71,1081.71,1081.71,1081.71,
2004-08-18,1095.17,1095.17,1095.17,1095.17,
2004-08-19,1091.23,1091.23,1091.23,1091.23,
2004-08-20,1098.35,1098.35,1098.35,1098.35,
2004-08-23,1095.68,1095.68,1095.68,1095.68,
2004-08-24,1096.19,1096.19,1096.19,1096.19,
2004-08-25,1104.96,1104.96,1104.96,1104.96,
2004-08-26,1105.09,1105.09,1105.09,1105.09,
2004-08-27,1107.77,1107.77,1107.77,1107.77,
2004-08-30,1099.15,1099.15,1099.15,1099.15,
2004-08-31,1104.24,1104.24,1104.24,1104.24,
2004-09-01,1105.91,1105.91,1105.91,1105.91,
2004-09-02,1118.31,1118.31,1118.31,1118.31,
2004-09-03,1113.63,1113.63,1113.63,1113.63,
2004-09-07,1121.3,1121.3,1121.3,1121.3,
2004-09-08,1116.27,1116.27,1116.27,1116.27,
2004-09-09,1118.38,1118.38,1118.38,1118.38,
2004-09-10,1123.92,1123.92,1123.92,1123.92,
2004-09-13,1125.82,1125.82,1125.82,1125.82,
2004-09-14,1128.33,1128.33,1128.33,1128.33,
2004-09-15,1120.37,1120.37,1120.37,1120.37,
2004-09-16,1123.5,1123.5,1123.5,1123.5,
2004-09-17,1128.55,1128.55,1128.55,1128.55,
2004-09-20,1122.2,1122.2,1122.2,1122.2,
2004-09-21,1129.3,1129.3,1129.3,1129.3,
2004-09-22,1113.56,1113.56,1113.56,1113.56,
2004-09-23,1108.36,1108.36,1108.36,1108.36,
2004-09-24,1110.11,1110.11,1110.11,1110.11,
2004-09-27,1103.52,1103.52,1103.52,1103.52,
2004-09-28,1110.06,1110.06,1110.06,1110.06,
2004-09-29,1114.8,1114.8,1114.8,1114.8,
2004-09-30,1114.58,1114.58,1114.58,1114.58,
2004-10-01,1131.5,1131.5,1131.5,1131.5,
2004-10-04,1135.17,1135.17,1135.17,1135.17,
2004-10-05,1134.48,1134.48,1134.48,1134.48,
2004-10-06,1142.05,1142.05,1142.05,1142.05,
2004-10-07,1130.65,1130.65,1130.65,1130.65,
2004-10-08,1122.14,1122.14,1122.14,1122.14,
2004-10-11,1124.39,1124.39,1124.39,1124.39,
2004-10-12,1121.84,1121.84,1121.84,1121.84,
2004-10-13,1113.65,1113.65,1113.65,1113.65,
2004-10-14,1103.29,1103.29,1103.29,1103.29,
2004-10-15,1108.2,1108.2,1108.2,1108.2,
2004-10-18,1114.02,1114.02,1114.02,1114.02,
2004-10-19,1103.23,1103.23,1103.23,1103.23,
2004-10-20,1103.66,1103.66,1103.66,1103.66,
2004-10-21,1106.49,1106.49,1106.49,1106.49,
2004-10-22,1095.74,1095.74,1095.74,1095.74,
2004-10-25,1094.8,1094.8,1094.8,1094.8,
2004-10-26,1111.09,1111.09,1111.09,1111.09,
2004-10-27,1125.4,1125.4,1125.4,1125.4,
2004-10-28,1127.44,1127.44,1127.44,1127.44,
2004-10-29,1130.2,1130.2,1130.2,1130.2,
2004-11-01,1130.51,1130.51,1130.51,1130.51,
2004-11-02,1130.56,1130.56,1130.56,1130.56,
2004-11-03,1143.2,1143.2,1143.2,1143.2,
2004-11-04,1161.67,1161.67,1161.67,1161.67,
2004-11-05,1166.17,1166.17,1166.17,1166.17,
2004-11-08,1164.89,1164.89,1164.89,1164.89,
2004-11-09,1164.08,1164.08,1164.08,1164.08,
2004-11-10,1162.91,1162.91,1162.91,1162.91,
2004-11-11,1173.48,1173.48,1173.48,1173.48,
2004-11-12,1184.17,1184.17,1184.17,1184.17,
2004-11-15,1183.81,1183.81,1183.81,1183.81,
2004-11-16,1175.43,1175.43,1175.43,1175.43,
2004-11-17,1181.94,1181.94,1181.94,1181.94,
2004-11-18,1183.55,1183.55,1183.55,1183.55,
2004-11-19,1170.34,1170.34,1170.34,1170.34,
2004-11-22,1177.24,1177.24,1177.24,1177.24,
2004-11-23,1176.94,1176.94,1176.94,1176.94,
2004-11-24,1181.76,1181.76,1181.76,1181.76,
2004-11-26,1182.65,1182.65,1182.65,1182.65,
2004-11-29,1178.57,1178.57,1178.57,1178.57,
2004-11-30,1173.82,1173.82,1173.82,1173.82,
2004-12-01,1191.37,1191.37,1191.37,1191.37,
2004-12-02,1190.33,1190.33,1190.33,1190.33,
2004-12-03,1191.17,1191.17,1191.17,1191.17,
2004-12-06,1190.25,1190.25,1190.25,1190.25,
2004-12-07,1177.07,1177.07,1177.07,1177.07,
2004-12-08,1182.81,1182.81,1182.81,1182.81,
2004-12-09,1189.24,1189.24,1189.24,1189.24,
2004-12-10,1188.0,1188.0,1188.0,1188.0,
2004-12-13,1198.68,1198.68,1198.68,1198.68,
2004-12-14,1203.38,1203.38,1203.38,1203.38,
2004-12-15,1205.72,1205.72,1205.72,1205.72,
2004-12-16,1203.21,1203.21,1203.21,1203.21,
2004-12-17,1194.2,1194.2,1194.2,1194.2,
2004-12-20,1194.65,1194.65,1194.65,1194.65,
2004-12-21,1205.45,1205.45,1205.45,1205.45,
2004-12-22,1209.57,1209.57,1209.57,1209.57,
2004-12-23,1210.13,1210.13,1210.13,1210.13,
2004-12-27,1204.92,1204.92,1204.92,1204.92,
2004-12-28,1213.54,1213.54,1213.54,1213.54,
2004-12-29,1213.45,1213.45,1213.45,1213.45,
2004-12-30,1213.55,1213.55,1213.55,1213.55,
2004-12-31,1211.92,1211.92,1211.92,1211.92,
2005-01-03,1202.08,1202.08,1202.08,1202.08,
2005-01-04,1188.05,1188.05,1188.05,1188.05,
2005-01-05,1183.74,1183.74,1183.74,1183.74,
2005-01-06,1187.89,1187.89,1187.89,1187.89,
2005-01-07,1186.19,1186.19,1186.19,1186.19,
2005-01-10,1190.25,1190.25,1190.25,1190.25,
2005-01-11,1182.99,1182.99,1182.99,1182.99,
2005-01-12,1187.7,1187.7,1187.7,1187.7,
2005-01-13,1177.45,1177.45,1177.45,1177.45,
2005-01-14,1184.52,1184.52,1184.52,1184.52,
2005-01-18,1195.98,1195.98,1195.98,1195.98,
2005-01-19,1184.63,1184.63,1184.63,1184.63,
2005-01-20,1175.41,1175.41,1175.41,1175.41,
2005-01-21,1167.87,1167.87,1167.87,1167.87,
2005-01-24,1163.75,1163.75,1163.75,1163.75,
2005-01-25,1168.41,1168.41,1168.41,1168.41,
2005-01-26,1174.07,1174.07,1174.07,1174.07,
2005-01-27,1174.55,1174.55,1174.55,1174.55,
2005-01-28,1171.36,1171.36,1171.36,1171.36,
2005-01-31,1181.27,1181.27,1181.27,1181.27,
2005-02-01,1189.41,1189.41,1189.41,1189.41,
2005-02-02,1193.19,1193.19,1193.19,1193.19,
2005-02-03,1189.89,1189.89,1189.89,1189.89,
2005-02-04,1203.03,1203.03,1203.03,1203.03,
2005-02-07,1201.72,1201.72,1201.72,1201.72,
2005-02-08,1202.3,1202.3,1202.3,1202.3,
2005-02-09,1191.99,1191.99,1191.99,1191.99,
2005-02-10,1197.01,1197.01,1197.01,1197.01,
2005-02-11,1205.3,1205.3,1205.3,1205.3,
2005-02-14,1206.14,1206.14,1206.14,1206.14,
2005-02-15,1210.12,1210.12,1210.12,1210.12,
2005-02-16,1210.34,1210.34,1210.34,1210.34,
2005-02-17,1200.75,1200.75,1200.75,1200.75,
2005-02-18,1201.59,1201.59,1201.59,1201.59,
2005-02-22,1184.16,1184.16,1184.16,1184.16,
2005-02-23,1190.8,1190.8,1190.8,1190.8,
2005-02-24,1200.2,1200.2,1200.2,1200.2,
2005-02-25,1211.37,1211.37,1211.37,1211.37,
2005-02-28,1203.6,1203.6,1203.6,1203.6,
2005-03-01,1210.41,1210.41,1210.41,1210.41,
2005-03-02,1210.08,1210.08,1210.08,1210.08,
2005-03-03,1210.47,1210.47,1210.47,1210.47,
2005-03-04,1222.12,1222.12,1222.12,1222.12,
2005-03-07,1225.31,1225.31,1225.31,1225.31,
2005-03-08,1219.43,1219.43,1219.43,1219.43,
2005-03-09,1207.01,1207.01,1207.01,1207.01,
2005-03-10,1209.25,1209.25,1209.25,1209.25,
2005-03-11,1200.08,1200.08,1200.08,1200.08,
2005-03-14,1206.83,1206.83,1206.83,1206.83,
2005-03-15,1197.75,1197.75,1197.75,1197.75,
2005-03-16,1188.07,1188.07,1188.07,1188.07,
2005-03-17,1190.21,1190.21,1190.21,1190.21,
2005-03-18,1189.65,1189.65,1189.65,1189.65,
2005-03-21,1183.78,1183.78,1183.78,1183.78,
2005-03-22,1171.71,1171.71,1171.71,1171.71,
2005-03-23,1172.53,1172.53,1172.53,1172.53,
2005-03-24,1171.42,1171.42,1171.42,1171.42,
2005-03-28,1174.28,1174.28,1174.28,1174.28,
2005-03-29,1165.36,1165.36,1165.36,1165.36,
2005-03-30,1181.41,1181.41,1181.41,1181.41,
2005-03-31,1180.59,1180.59,1180.59,1180.59,
2005-04-01,1172.92,1172.92,1172.92,1172.92,
2005-04-04,1176.12,1176.12,1176.12,1176.12,
2005-04-05,1181.39,1181.39,1181.39,1181.39,
2005-04-06,1184.07,1184.07,1184.07,1184.07,
2005-04-07,1191.14,1191.14,1191.14,1191.14,
2005-04-08,1181.2,1181.2,1181.2,1181.2,
2005-04-11,1181.21,1181.21,1181.21,1181.21,
2005-04-12,1187.76,1187.76,1187.76,1187.76,
2005-04-13,1173.79,1173.79,1173.79,1173.79,
2005-04-14,1162.05,1162.05,1162.05,1162.05,
2005-04-15,1142.62,1142.62,1142.62,1142.62,
2005-04-18,1145.98,1145.98,1145.98,1145.98,
2005-04-19,1152.78,1152.78,1152.78,1152.78,
2005-04-20,1137.5,1137.5,1137.5,1137.5,
2005-04-21,1159.95,1159.95,1159.95,1159.95,
2005-04-22,1152.12,1152.12,1152.12,1152.12,
2005-04-25,1162.1,1162.1,1162.1,1162.1,
2005-04-26,1151.83,1151.83,1151.83,1151.83,
2005-04-27,1156.38,1156.38,1156.38,1156.38,
2005-04-28,1143.22,1143.22,1143.22,1143.22,
2005-04-29,1156.85,1156.85,1156.85,1156.85,
2005-05-02,1162.16,1162.16,1162.16,1162.16,
2005-05-03,1161.17,1161.17,1161.17,1161.17,
2005-05-04,1175.65,1175.65,1175.65,1175.65,
2005-05-05,1172.63,1172.63,1172.63,1172.63,
2005-05-06,1171.35,1171.35,1171.35,1171.35,
2005-05-09,1178.84,1178.84,1178.84,1178.84,
2005-05-10,1166.22,1166.22,1166.22,1166.22,
2005-05-11,1171.11,1171.11,1171.11,1171.11,
2005-05-12,1159.36,1159.36,1159.36,1159.36,
2005-05-13,1154.05,1154.05,1154.05,1154.05,
2005-05-16,1165.69,1165.69,1165.69,1165.69,
2005-05-17,1173.8,1173.8,1173.8,1173.8,
2005-05-18,1185.56,1185.56,1185.56,1185.56,
2005-05-19,1191.08,1191.08,1191.08,1191.08,
2005-05-20,1189.28,1189.28,1189.28,1189.28,
2005-05-23,1193.86,1193.86,1193.86,1193.86,
2005-05-24,1194.07,1194.07,1194.07,1194.07,
2005-05-25,1190.01,1190.01,1190.01,1190.01,
2005-05-26,1197.62,1197.62,1197.62,1197.62,
2005-05-27,1198.78,1198.78,1198.78,1198.78,
2005-05-31,1191.5,1191.5,1191.5,1191.5,
2005-06-01,1202.22,1202.22,1202.22,1202.22,
2005-06-02,1204.29,1204.29,1204.29,1204.29,
2005-06-03,1196.02,1196.02,1196.02,1196.02,
2005-06-06,1197.51,1197.51,1197.51,1197.51,
2005-06-07,1197.26,1197.26,1197.26,1197.26,
2005-06-08,1194.67,1194.67,1194.67,1194.67,
2005-06-09,1200.93,1200.93,1200.93,1200.93,
2005-06-10,1198.11,1198.11,1198.11,1198.11,
2005-06-13,1200.82,1200.82,1200.82,1200.82,
2005-06-14,1203.91,1203.91,1203.91,1203.91,
2005-06-15,1206.58,1206.58,1206.58,1206.58,
2005-06-16,1210.96,1210.96,1210.96,1210.96,
2005-06-17,1216.96,1216.96,1216.96,1216.96,
2005-06-20,1216.1,1216.1,1216.1,1216.1,
2005-06-21,1213.61,1213.61,1213.61,1213.61,
2005-06-22,1213.88,1213.88,1213.88,1213.88,
2005-06-23,1200.73,1200.73,1200.73,1200.73,
2005-06-24,1191.57,1191.57,1191.57,1191.57,
2005-06-27,1190.69,1190.69,1190.69,1190.69,
2005-06-28,1201.57,1201.57,1201.57,1201.57,
2005-06-29,1199.85,1199.85,1199.85,1199.85,
2005-06-30,1191.33,1191.33,1191.33,1191.33,
2005-07-01,1194.44,1194.44,1194.44,1194.44,
2005-07-05,1204.99,1204.99,1204.99,1204.99,
2005-07-06,1194.94,1194.94,1194.94,1194.94,
2005-07-07,1197.87,1197.87,1197.87,1197.87,
2005-07-08,1211.86,1211.86,1211.86,1211.86,
2005-07-11,1219.44,1219.44,1219.44,1219.44,
2005-07-12,1222.21,1222.21,1222.21,1222.21,
2005-07-13,1223.29,1223.29,1223.29,1223.29,
2005-07-14,1226.5,1226.5,1226.5,1226.5,
2005-07-15,1227.92,1227.92,1227.92,1227.92,
2005-07-18,1221.13,1221.13,1221.13,1221.13,
2005-07-19,1229.35,1229.35,1229.35,1229.35,
2005-07-20,1235.2,1235.2,1235.2,1235.2,
2005-07-21,1227.04,1227.04,1227.04,1227.04,
2005-07-22,1233.68,1233.68,1233.68,1233.68,
2005-07-25,1229.03,1229.03,1229.03,1229.03,
2005-07-26,1231.16,1231.16,1231.16,1231.16,
2005-07-27,1236.79,1236.79,1236.79,1236.79,
2005-07-28,1243.72,1243.72,1243.72,1243.72,
2005-07-29,1234.18,1234.18,1234.18,1234.18,
2005-08-01,1235.35,1235.35,1235.35,1235.35,
2005-08-02,1244.12,1244.12,1244.12,1244.12,
2005-08-03,1245.04,1245.04,1245.04,1245.04,
2005-08-04,1235.86,1235.86,1235.86,1235.86,
2005-08-05,1226.42,1226.42,1226.42,1226.42,
2005-08-08,1223.13,1223.13,1223.13,1223.13,
2005-08-09,1231.38,1231.38,1231.38,1231.38,
2005-08-10,1229.13,1229.13,1229.13,1229.13,
2005-08-11,1237.81,1237.81,1237.81,1237.81,
2005-08-12,1230.39,1230.39,1230.39,1230.39,
2005-08-15,1233.87,1233.87,1233.87,1233.87,
2005-08-16,1219.34,1219.34,1219.34,1219.34,
2005-08-17,1220.24,1220.24,1220.24,1220.24,
2005-08-18,1219.02,1219.02,1219.02,1219.02,
2005-08-19,1219.71,1219.71,1219.71,1219.71,
2005-08-22,1221.73,1221.73,1221.73,1221.73,
2005-08-23,1217.59,1217.59,1217.59,1217.59,
2005-08-24,1209.59,1209.59,1209.59,1209.59,
2005-08-25,1212.37,1212.37,1212.37,1212.37,
2005-08-26,1205.1,1205.1,1205.1,1205.1,
2005-08-29,1212.28,1212.28,1212.28,1212.28,
2005-08-30,1208.41,1208.41,1208.41,1208.41,
2005-08-31,1220.33,1220.33,1220.33,1220.33,
2005-09-01,1221.59,1221.59,1221.59,1221.59,
2005-09-02,1218.02,1218.02,1218.02,1218.02,
2005-09-06,1233.39,1233.39,1233.39,1233.39,
2005-09-07,1236.36,1236.36,1236.36,1236.36,
2005-09-08,1231.67,1231.67,1231.67,1231.67,
2005-09-09,1241.48,1241.48,1241.48,1241.48,
2005-09-12,1240.56,1240.56,1240.56,1240.56,
2005-09-13,1231.2,1231.2,1231.2,1231.2,
2005-09-14,1227.16,1227.16,1227.16,1227.16,
2005-09-15,1227.73,1227.73,1227.73,1227.73,
2005-09-16,1237.91,1237.91,1237.91,1237.91,
2005-09-19,1231.02,1231.02,1231.02,1231.02,
2005-09-20,1221.34,1221.34,1221.34,1221.34,
2005-09-21,1210.2,1210.2,1210.2,1210.2,
2005-09-22,1214.62,1214.62,1214.62,1214.62,
2005-09-23,1215.29,1215.29,1215.29,1215.29,
2005-09-26,1215.63,1215.63,1215.63,1215.63,
2005-09-27,1215.66,1215.66,1215.66,1215.66,
2005-09-28,1216.89,1216.89,1216.89,1216.89,
2005-09-29,1227.68,1227.68,1227.68,1227.68,
2005-09-30,1228.81,1228.81,1228.81,1228.81,
2005-10-03,1226.7,1226.7,1226.7,1226.7,
2005-10-04,1214.47,1214.47,1214.47,1214.47,
2005-10-05,1196.39,1196.39,1196.39,1196.39,
2005-10-06,1191.49,1191.49,1191.49,1191.49,
2005-10-07,1195.9,1195.9,1195.9,1195.9,
2005-10-10,1187.33,1187.33,1187.33,1187.33,
2005-10-11,1184.87,1184.87,1184.87,1184.87,
2005-10-12,1177.68,1177.68,1177.68,1177.68,
2005-10-13,1176.84,1176.84,1176.84,1176.84,
2005-10-14,1186.57,1186.57,1186.57,1186.57,
2005-10-17,1190.1,1190.1,1190.1,1190.1,
2005-10-18,1178.14,1178.14,1178.14,1178.14,
2005-10-19,1195.76,1195.76,1195.76,1195.76,
2005-10-20,1177.8,1177.8,1177.8,1177.8,
2005-10-21,1179.59,1179.59,1179.59,1179.59,
2005-10-24,1199.38,1199.38,1199.38,1199.38,
2005-10-25,1196.54,1196.54,1196.54,1196.54,
2005-10-26,1191.38,1191.38,1191.38,1191.38,
2005-10-27,1178.9,1178.9,1178.9,1178.9,
2005-10-28,1198.41,1198.41,1198.41,1198.41,
2005-10-31,1207.01,1207.01,1207.01,1207.01,
2005-11-01,1202.76,1202.76,1202.76,1202.76,
2005-11-02,1214.76,1214.76,1214.76,1214.76,
2005-11-03,1219.94,1219.94,1219.94,1219.94,
2005-11-04,1220.14,1220.14,1220.14,1220.14,
2005-11-07,1222.81,1222.81,1222.81,1222.81,
2005-11-08,1218.59,1218.59,1218.59,1218.59,
2005-11-09,1220.65,1220.65,1220.65,1220.65,
2005-11-10,1230.96,1230.96,1230.96,1230.96,
2005-11-11,1234.72,1234.72,1234.72,1234.72,
2005-11-14,1233.76,1233.76,1233.76,1233.76,
2005-11-15,1229.01,1229.01,1229.01,1229.01,
2005-11-16,1231.21,1231.21,1231.21,1231.21,
2005-11-17,1242.8,1242.8,1242.8,1242.8,
2005-11-18,1248.27,1248.27,1248.27,1248.27,
2005-11-21,1254.85,1254.85,1254.85,1254.85,
2005-11-22,1261.23,1261.23,1261.23,1261.23,
2005-11-23,1265.61,1265.61,1265.61,1265.61,
2005-11-25,1268.25,1268.25,1268.25,1268.25,
2005-11-28,1257.46,1257.46,1257.46,1257.46,
2005-11-29,1257.48,1257.48,1257.48,1257.48,
2005-11-30,1249.48,1249.48,1249.48,1249.48,
2005-12-01,1264.67,1264.67,1264.67,1264.67,
2005-12-02,1265.08,1265.08,1265.08,1265.08,
2005-12-05,1262.09,1262.09,1262.09,1262.09,
2005-12-06,1263.7,1263.7,1263.7,1263.7,
2005-12-07,1257.37,1257.37,1257.37,1257.37,
2005-12-08,1255.84,1255.84,1255.84,1255.84,
2005-12-09,1259.37,1259.37,1259.37,1259.37,
2005-12-12,1260.43,1260.43,1260.43,1260.43,
2005-12-13,1267.43,1267.43,1267.43,1267.43,
2005-12-14,1272.74,1272.74,1272.74,1272.74,
2005-12-15,1270.94,1270.94,1270.94,1270.94,
2005-12-16,1267.32,1267.32,1267.32,1267.32,
2005-12-19,1259.92,1259.92,1259.92,1259.92,
2005-12-20,1259.62,1259.62,1259.62,1259.62,
2005-12-21,1262.79,1262.79,1262.79,1262.79,
2005-12-22,1268.12,1268.12,1268.12,1268.12,
2005-12-23,1268.66,1268.66,1268.66,1268.66,
2005-12-27,1256.54,1256.54,1256.54,1256.54,
2005-12-28,1258.17,1258.17,1258.17,1258.17,
2005-12-29,1254.42,1254.42,1254.42,1254.42,
2005-12-30,1248.29,1248.29,1248.29,1248.29,
2006-01-03,1268.8,1268.8,1268.8,1268.8,
2006-01-04,1273.46,1273.46,1273.46,1273.46,
2006-01-05,1273.48,1273.48,1273.48,1273.48,
2006-01-06,1285.45,1285.45,1285.45,1285.45,
2006-01-09,1290.15,1290.15,1290.15,1290.15,
2006-01-10,1289.69,1289.69,1289.69,1289.69,
2006-01-11,1294.18,1294.18,1294.18,1294.18,
2006-01-12,1286.06,1286.06,1286.06,1286.06,
2006-01-13,1287.61,1287.61,1287.61,1287.61,
2006-01-17,1282.93,1282.93,1282.93,1282.93,
2006-01-18,1277.93,1277.93,1277.93,1277.93,
2006-01-19,1285.04,1285.04,1285.04,1285.04,
2006-01-20,1261.49,1261.49,1261.49,1261.49,
2006-01-23,1263.82,1263.82,1263.82,1263.82,
2006-01-24,1266.86,1266.86,1266.86,1266.86,
2006-01-25,1264.68,1264.68,1264.68,1264.68,
2006-01-26,1273.83,1273.83,1273.83,1273.83,
2006-01-27,1283.72,1283.72,1283.72,1283.72,
2006-01-30,1285.19,1285.19,1285.19,1285.19,
2006-01-31,1280.08,1280.08,1280.08,1280.08,
2006-02-01,1282.46,1282.46,1282.46,1282.46,
2006-02-02,1270.84,1270.84,1270.84,1270.84,
2006-02-03,1264.03,1264.03,1264.03,1264.03,
2006-02-06,1265.02,1265.02,1265.02,1265.02,
2006-02-07,1254.78,1254.78,1254.78,1254.78,
2006-02-08,1265.65,1265.65,1265.65,1265.65,
2006-02-09,1263.78,1263.78,1263.78,1263.78,
2006-02-10,1266.99,1266.99,1266.99,1266.99,
2006-02-13,1262.86,1262.86,1262.86,1262.86,
2006-02-14,1275.53,1275.53,1275.53,1275.53,
2006-02-15,1280.0,1280.0,1280.0,1280.0,
2006-02-16,1289.38,1289.38,1289.38,1289.38,
2006-02-17,1287.24,1287.24,1287.24,1287.24,
2006-02-21,1283.03,1283.03,1283.03,1283.03,
2006-02-22,1292.67,1292.67,1292.67,1292.67,
2006-02-23,1287.79,1287.79,1287.79,1287.79,
2006-02-24,1289.43,1289.43,1289.43,1289.43,
2006-02-27,1294.12,1294.12,1294.12,1294.12,
2006-02-28,1280.66,1280.66,1280.66,1280.66,
2006-03-01,1291.24,1291.24,1291.24,1291.24,
2006-03-02,1289.14,1289.14,1289.14,1289.14,
2006-03-03,1287.23,1287.23,1287.23,1287.23,
2006-03-06,1278.26,1278.26,1278.26,1278.26,
2006-03-07,1275.88,1275.88,1275.88,1275.88,
2006-03-08,1278.47,1278.47,1278.47,1278.47,
2006-03-09,1272.23,1272.23,1272.23,1272.23,
2006-03-10,1281.42,1281.42,1281.42,1281.42,
2006-03-13,1284.13,1284.13,1284.13,1284.13,
2006-03-14,1297.48,1297.48,1297.48,1297.48,
2006-03-15,1303.02,1303.02,1303.02,1303.02,
2006-03-16,1305.33,1305.33,1305.33,1305.33,
2006-03-17,1307.25,1307.25,1307.25,1307.25,
2006-03-20,1305.08,1305.08,1305.08,1305.08,
2006-03-21,1297.23,1297.23,1297.23,1297.23,
2006-03-22,1305.04,1305.04,1305.04,1305.04,
2006-03-23,1301.67,1301.67,1301.67,1301.67,
2006-03-24,1302.95,1302.95,1302.95,1302.95,
2006-03-27,1301.61,1301.61,1301.61,1301.61,
2006-03-28,1293.23,1293.23,1293.23,1293.23,
2006-03-29,1302.89,1302.89,1302.89,1302.89,
2006-03-30,1300.25,1300.25,1300.25,1300.25,
2006-03-31,1294.87,1294.87,1294.87,1294.87,
2006-04-03,1297.81,1297.81,1297.81,1297.81,
2006-04-04,1305.93,1305.93,1305.93,1305.93,
2006-04-05,1311.56,1311.56,1311.56,1311.56,
2006-04-06,1309.04,1309.04,1309.04,1309.04,
2006-04-07,1295.5,1295.5,1295.5,1295.5,
2006-04-10,1296.62,1296.62,1296.62,1296.62,
2006-04-11,1286.57,1286.57,1286.57,1286.57,
2006-04-12,1288.12,1288.12,1288.12,1288.12,
2006-04-13,1289.12,1289.12,1289.12,1289.12,
2006-04-17,1285.33,1285.33,1285.33,1285.33,
2006-04-18,1307.28,1307.28,1307.28,1307.28,
2006-04-19,1309.93,1309.93,1309.93,1309.93,
2006-04-20,1311.46,1311.46,1311.46,1311.46,
2006-04-21,1311.28,1311.28,1311.28,1311.28,
2006-04-24,1308.11,1308.11,1308.11,1308.11,
2006-04-25,1301.74,1301.74,1301.74,1301.74,
2006-04-26,1305.41,1305.41,1305.41,1305.41,
2006-04-27,1309.72,1309.72,1309.72,1309.72,
2006-04-28,1310.61,1310.61,1310.61,1310.61,
2006-05-01,1305.19,1305.19,1305.19,1305.19,
2006-05-02,1313.21,1313.21,1313.21,1313.21,
2006-05-03,1308.12,1308.12,1308.12,1308.12,
2006-05-04,1312.25,1312.25,1312.25,1312.25,
2006-05-05,1325.76,1325.76,1325.76,1325.76,
2006-05-08,1324.66,1324.66,1324.66,1324.66,
2006-05-09,1325.14,1325.14,1325.14,1325.14,
2006-05-10,1322.85,1322.85,1322.85,1322.85,
2006-05-11,1305.92,1305.92,1305.92,1305.92,
2006-05-12,1291.24,1291.24,1291.24,1291.24,
2006-05-15,1294.5,1294.5,1294.5,1294.5,
2006-05-16,1292.08,1292.08,1292.08,1292.08,
2006-05-17,1270.32,1270.32,1270.32,1270.32,
2006-05-18,1261.81,1261.81,1261.81,1261.81,
2006-05-19,1267.03,1267.03,1267.03,1267.03,
2006-05-22,1262.07,1262.07,1262.07,1262.07,
2006-05-23,1256.58,1256.58,1256.58,1256.58,
2006-05-24,1258.57,1258.57,1258.57,1258.57,
2006-05-25,1272.88,1272.88,1272.88,1272.88,
2006-05-26,1280.16,1280.16,1280.16,1280.16,
2006-05-30,1259.87,1259.87,1259.87,1259.87,
2006-05-31,1270.09,1270.09,1270.09,1270.09,
2006-06-01,1285.71,1285.71,1285.71,1285.71,
2006-06-02,1288.22,1288.22,1288.22,1288.22,
2006-06-05,1265.29,1265.29,1265.29,1265.29,
2006-06-06,1263.85,1263.85,1263.85,1263.85,
2006-06-07,1256.15,1256.15,1256.15,1256.15,
2006-06-08,1257.93,1257.93,1257.93,1257.93,
2006-06-09,1252.3,1252.3,1252.3,1252.3,
2006-06-12,1237.44,1237.44,1237.44,1237.44,
2006-06-13,1223.69,1223.69,1223.69,1223.69,
2006-06-14,1230.04,1230.04,1230.04,1230.04,
2006-06-15,1256.16,1256.16,1256.16,1256.16,
2006-06-16,1251.54,1251.54,1251.54,1251.54,
2006-06-19,1240.13,1240.13,1240.13,1240.13,
2006-06-20,1240.12,1240.12,1240.12,1240.12,
2006-06-21,1252.2,1252.2,1252.2,1252.2,
2006-06-22,1245.6,1245.6,1245.6,1245.6,
2006-06-23,1244.5,1244.5,1244.5,1244.5,
2006-06-26,1250.56,1250.56,1250.56,1250.56,
2006-06-27,1239.2,1239.2,1239.2,1239.2,
2006-06-28,1246.0,1246.0,1246.0,1246.0,
2006-06-29,1272.87,1272.87,1272.87,1272.87,
2006-06-30,1270.2,1270.2,1270.2,1270.2,
2006-07-03,1280.19,1280.19,1280.19,1280.19,
2006-07-05,1270.91,1270.91,1270.91,1270.91,
2006-07-06,1274.08,1274.08,1274.08,1274.08,
2006-07-07,1265.48,1265.48,1265.48,1265.48,
2006-07-10,1267.34,1267.34,1267.34,1267.34,
2006-07-11,1272.43,1272.43,1272.43,1272.43,
2006-07-12,1258.6,1258.6,1258.6,1258.6,
2006-07-13,1242.28,1242.28,1242.28,1242.28,
2006-07-14,1236.2,1236.2,1236.2,1236.2,
2006-07-17,1234.49,1234.49,1234.49,1234.49,
2006-07-18,1236.86,1236.86,1236.86,1236.86,
2006-07-19,1259.81,1259.81,1259.81,1259.81,
2006-07-20,1249.13,1249.13,1249.13,1249.13,
2006-07-21,1240.29,1240.29,1240.29,1240.29,
2006-07-24,1260.91,1260.91,1260.91,1260.91,
2006-07-25,1268.88,1268.88,1268.88,1268.88,
2006-07-26,1268.4,1268.4,1268.4,1268.4,
2006-07-27,1263.2,1263.2,1263.2,1263.2,
2006-07-28,1278.55,1278.55,1278.55,1278.55,
2006-07-31,1276.66,1276.66,1276.66,1276.66,
2006-08-01,1270.92,1270.92,1270.92,1270.92,
2006-08-02,1277.41,1277.41,1277.41,1277.41,
2006-08-03,1280.27,1280.27,1280.27,1280.27,
2006-08-04,1279.36,1279.36,1279.36,1279.36,
2006-08-07,1275.77,1275.77,1275.77,1275.77,
2006-08-08,1271.48,1271.48,1271.48,1271.48,
2006-08-09,1265.95,1265.95,1265.95,1265.95,
2006-08-10,1271.81,1271.81,1271.81,1271.81,
2006-08-11,1266.74,1266.74,1266.74,1266.74,
2006-08-14,1268.21,1268.21,1268.21,1268.21,
2006-08-15,1285.58,1285.58,1285.58,1285.58,
2006-08-16,1295.43,1295.43,1295.43,1295.43,
2006-08-17,1297.48,1297.48,1297.48,1297.48,
2006-08-18,1302.3,1302.3,1302.3,1302.3,
2006-08-21,1297.52,1297.52,1297.52,1297.52,
2006-08-22,1298.82,1298.82,1298.82,1298.82,
2006-08-23,1292.99,1292.99,1292.99,1292.99,
2006-08-24,1296.06,1296.06,1296.06,1296.06,
2006-08-25,1295.09,1295.09,1295.09,1295.09,
2006-08-28,1301.78,1301.78,1301.78,1301.78,
2006-08-29,1304.28,1304.28,1304.28,1304.28,
2006-08-30,1305.37,1305.37,1305.37,1305.37,
2006-08-31,1303.82,1303.82,1303.82,1303.82,
2006-09-01,1311.01,1311.01,1311.01,1311.01,
2006-09-05,1313.25,1313.25,1313.25,1313.25,
2006-09-06,1300.26,1300.26,1300.26,1300.26,
2006-09-07,1294.02,1294.02,1294.02,1294.02,
2006-09-08,1298.92,1298.92,1298.92,1298.92,
2006-09-11,1299.54,1299.54,1299.54,1299.54,
2006-09-12,1313.0,1313.0,1313.0,1313.0,
2006-09-13,1318.07,1318.07,1318.07,1318.07,
2006-09-14,1316.28,1316.28,1316.28,1316.28,
2006-09-15,1319.66,1319.66,1319.66,1319.66,
2006-09-18,1321.18,1321.18,1321.18,1321.18,
2006-09-19,1317.64,1317.64,1317.64,1317.64,
2006-09-20,1325.18,1325.18,1325.18,1325.18,
2006-09-21,1318.03,1318.03,1318.03,1318.03,
2006-09-22,1314.78,1314.78,1314.78,1314.78,
2006-09-25,1326.37,1326.37,1326.37,1326.37,
2006-09-26,1336.35,1336.35,1336.35,1336.35,
2006-09-27,1336.59,1336.59,1336.59,1336.59,
2006-09-28,1338.88,1338.88,1338.88,1338.88,
2006-09-29,1335.85,1335.85,1335.85,1335.85,
2006-10-02,1331.32,1331.32,1331.32,1331.32,
2006-10-03,1334.11,1334.11,1334.11,1334.11,
2006-10-04,1350.2,1350.2,1350.2,1350.2,
2006-10-05,1353.22,1353.22,1353.22,1353.22,
2006-10-06,1349.59,1349.59,1349.59,1349.59,
2006-10-09,1350.66,1350.66,1350.66,1350.66,
2006-10-10,1353.42,1353.42,1353.42,1353.42,
2006-10-11,1349.95,1349.95,1349.95,1349.95,
2006-10-12,1362.83,1362.83,1362.83,1362.83,
2006-10-13,1365.62,1365.62,1365.62,1365.62,
2006-10-16,1369.06,1369.06,1369.06,1369.06,
2006-10-17,1364.05,1364.05,1364.05,1364.05,
2006-10-18,1365.8,1365.8,1365.8,1365.8,
2006-10-19,1366.96,1366.96,1366.96,1366.96,
2006-10-20,1368.6,1368.6,1368.6,1368.6,
2006-10-23,1377.02,1377.02,1377.02,1377.02,
2006-10-24,1377.38,1377.38,1377.38,1377.38,
2006-10-25,1382.22,1382.22,1382.22,1382.22,
2006-10-26,1389.08,1389.08,1389.08,1389.08,
2006-10-27,1377.34,1377.34,1377.34,1377.34,
2006-10-30,1377.93,1377.93,1377.93,1377.93,
2006-10-31,1377.94,1377.94,1377.94,1377.94,
2006-11-01,1367.81,1367.81,1367.81,1367.81,
2006-11-02,1367.34,1367.34,1367.34,1367.34,
2006-11-03,1364.3,1364.3,1364.3,1364.3,
2006-11-06,1379.78,1379.78,1379.78,1379.78,
2006-11-07,1382.84,1382.84,1382.84,1382.84,
2006-11-08,1385.72,1385.72,1385.72,1385.72,
2006-11-09,1378.33,1378.33,1378.33,1378.33,
2006-11-10,1380.9,1380.9,1380.9,1380.9,
2006-11-13,1384.42,1384.42,1384.42,1384.42,
2006-11-14,1393.22,1393.22,1393.22,1393.22,
2006-11-15,1396.57,1396.57,1396.57,1396.57,
2006-11-16,1399.76,1399.76,1399.76,1399.76,
2006-11-17,1401.2,1401.2,1401.2,1401.2,
2006-11-20,1400.5,1400.5,1400.5,1400.5,
2006-11-21,1402.81,1402.81,1402.81,1402.81,
2006-11-22,1406.09,1406.09,1406.09,1406.09,
2006-11-24,1400.95,1400.95,1400.95,1400.95,
2006-11-27,1381.96,1381.96,1381.96,1381.96,
2006-11-28,1386.72,1386.72,1386.72,1386.72,
2006-11-29,1399.48,1399.48,1399.48,1399.48,
2006-11-30,1400.63,1400.63,1400.63,1400.63,
2006-12-01,1396.71,1396.71,1396.71,1396.71,
2006-12-04,1409.12,1409.12,1409.12,1409.12,
2006-12-05,1414.76,1414.76,1414.76,1414.76,
2006-12-06,1412.9,1412.9,1412.9,1412.9,
2006-12-07,1407.29,1407.29,1407.29,1407.29,
2006-12-08,1409.84,1409.84,1409.84,1409.84,
2006-12-11,1413.04,1413.04,1413.04,1413.04,
2006-12-12,1411.56,1411.56,1411.56,1411.56,
2006-12-13,1413.21,1413.21,1413.21,1413.21,
2006-12-14,1425.49,1425.49,1425.49,1425.49,
2006-12-15,1427.09,1427.09,1427.09,1427.09,
2006-12-18,1422.48,1422.48,1422.48,1422.48,
2006-12-19,1425.55,1425.55,1425.55,1425.55,
2006-12-20,1423.53,1423.53,1423.53,1423.53,
2006-12-21,1418.3,1418.3,1418.3,1418.3,
2006-12-22,1410.76,1410.76,1410.76,1410.76,
2006-12-26,1416.9,1416.9,1416.9,1416.9,
2006-12-27,1426.84,1426.84,1426.84,1426.84,
2006-12-28,1424.73,1424.73,1424.73,1424.73,
2006-12-29,1418.3,1418.3,1418.3,1418.3,
2007-01-03,1416.6,1416.6,1416.6,1416.6,
2007-01-04,1418.34,1418.34,1418.34,1418.34,
2007-01-05,1409.71,1409.71,1409.71,1409.71,
2007-01-08,1412.84,1412.84,1412.84,1412.84,
2007-01-09,1412.11,1412.11,1412.11,1412.11,
2007-01-10,1414.85,1414.85,1414.85,1414.85,
2007-01-11,1423.82,1423.82,1423.82,1423.82,
2007-01-12,1430.73,1430.73,1430.73,1430.73,
2007-01-16,1431.9,1431.9,1431.9,1431.9,
2007-01-17,1430.62,1430.62,1430.62,1430.62,
2007-01-18,1426.37,1426.37,1426.37,1426.37,
2007-01-19,1430.5,1430.5,1430.5,1430.5,
2007-01-22,1422.95,1422.95,1422.95,1422.95,
2007-01-23,1427.99,1427.99,1427.99,1427.99,
2007-01-24,1440.13,1440.13,1440.13,1440.13,
2007-01-25,1423.9,1423.9,1423.9,1423.9,
2007-01-26,1422.18,1422.18,1422.18,1422.18,
2007-01-29,1420.62,1420.62,1420.62,1420.62,
2007-01-30,1428.82,1428.82,1428.82,1428.82,
2007-01-31,1438.24,1438.24,1438.24,1438.24,
2007-02-01,1445.94,1445.94,1445.94,1445.94,
2007-02-02,1448.39,1448.39,1448.39,1448.39,
2007-02-05,1446.99,1446.99,1446.99,1446.99,
2007-02-06,1448.0,1448.0,1448.0,1448.0,
2007-02-07,1450.02,1450.02,1450.02,1450.02,
2007-02-08,1448.31,1448.31,1448.31,1448.31,
2007-02-09,1438.06,1438.06,1438.06,1438.06,
2007-02-12,1433.37,1433.37,1433.37,1433.37,
2007-02-13,1444.26,1444.26,1444.26,1444.26,
2007-02-14,1455.3,1455.3,1455.3,1455.3,
2007-02-15,1456.81,1456.81,1456.81,1456.81,
2007-02-16,1455.54,1455.54,1455.54,1455.54,
2007-02-20,1459.68,1459.68,1459.68,1459.68,
2007-02-21,1457.63,1457.63,1457.63,1457.63,
2007-02-22,1456.38,1456.38,1456.38,1456.38,
2007-02-23,1451.19,1451.19,1451.19,1451.19,
2007-02-26,1449.37,1449.37,1449.37,1449.37,
2007-02-27,1399.04,1399.04,1399.04,1399.04,
2007-02-28,1406.82,1406.82,1406.82,1406.82,
2007-03-01,1403.17,1403.17,1403.17,1403.17,
2007-03-02,1387.17,1387.17,1387.17,1387.17,
2007-03-05,1374.12,1374.12,1374.12,1374.12,
2007-03-06,1395.41,1395.41,1395.41,1395.41,
2007-03-07,1391.97,1391.97,1391.97,1391.97,
2007-03-08,1401.89,1401.89,1401.89,1401.89,
2007-03-09,1402.84,1402.84,1402.84,1402.84,
2007-03-12,1406.6,1406.6,1406.6,1406.6,
2007-03-13,1377.95,1377.95,1377.95,1377.95,
2007-03-14,1387.17,1387.17,1387.17,1387.17,
2007-03-15,1392.28,1392.28,1392.28,1392.28,
2007-03-16,1386.95,1386.95,1386.95,1386.95,
2007-03-19,1402.06,1402.06,1402.06,1402.06,
2007-03-20,1410.94,1410.94,1410.94,1410.94,
2007-03-21,1435.04,1435.04,1435.04,1435.04,
2007-03-22,1434.54,1434.54,1434.54,1434.54,
2007-03-23,1436.11,1436.11,1436.11,1436.11,
2007-03-26,1437.5,1437.5,1437.5,1437.5,
2007-03-27,1428.61,1428.61,1428.61,1428.61,
2007-03-28,1417.23,1417.23,1417.23,1417.23,
2007-03-29,1422.53,1422.53,1422.53,1422.53,
2007-03-30,1420.86,1420.86,1420.86,1420.86,
2007-04-02,1424.55,1424.55,1424.55,1424.55,
2007-04-03,1437.77,1437.77,1437.77,1437.77,
2007-04-04,1439.37,1439.37,1439.37,1439.37,
2007-04-05,1443.76,1443.76,1443.76,1443.76,
2007-04-09,1444.61,1444.61,1444.61,1444.61,
2007-04-10,1448.39,1448.39,1448.39,1448.39,
2007-04-11,1438.87,1438.87,1438.87,1438.87,
2007-04-12,1447.8,1447.8,1447.8,1447.8,
2007-04-13,1452.85,1452.85,1452.85,1452.85,
2007-04-16,1468.33,1468.33,1468.33,1468.33,
2007-04-17,1471.48,1471.48,1471.48,1471.48,
2007-04-18,1472.5,1472.5,1472.5,1472.5,
2007-04-19,1470.73,1470.73,1470.73,1470.73,
2007-04-20,1484.35,1484.35,1484.35,1484.35,
2007-04-23,1480.93,1480.93,1480.93,1480.93,
2007-04-24,1480.41,1480.41,1480.41,1480.41,
2007-04-25,1495.42,1495.42,1495.42,1495.42,
2007-04-26,1494.25,1494.25,1494.25,1494.25,
2007-04-27,1494.07,1494.07,1494.07,1494.07,
2007-04-30,1482.37,1482.37,1482.37,1482.37,
2007-05-01,1486.3,1486.3,1486.3,1486.3,
2007-05-02,1495.92,1495.92,1495.92,1495.92,
2007-05-03,1502.39,1502.39,1502.39,1502.39,
2007-05-04,1505.62,1505.62,1505.62,1505.62,
2007-05-07,1509.48,1509.48,1509.48,1509.48,
2007-05-08,1507.72,1507.72,1507.72,1507.72,
2007-05-09,1512.58,1512.58,1512.58,1512.58,
2007-05-10,1491.47,1491.47,1491.47,1491.47,
2007-05-11,1505.85,1505.85,1505.85,1505.85,
2007-05-14,1503.15,1503.15,1503.15,1503.15,
2007-05-15,1501.19,1501.19,1501.19,1501.19,
2007-05-16,1514.14,1514.14,1514.14,1514.14,
2007-05-17,1512.75,1512.75,1512.75,1512.75,
2007-05-18,1522.75,1522.75,1522.75,1522.75,
2007-05-21,1525.1,1525.1,1525.1,1525.1,
2007-05-22,1524.12,1524.12,1524.12,1524.12,
2007-05-23,1522.28,1522.28,1522.28,1522.28,
2007-05-24,1507.51,1507.51,1507.51,1507.51,
2007-05-25,1515.73,1515.73,1515.73,1515.73,
2007-05-29,1518.11,1518.11,1518.11,1518.11,
2007-05-30,1530.23,1530.23,1530.23,1530.23,
2007-05-31,1530.62,1530.62,1530.62,1530.62,
2007-06-01,1536.34,1536.34,1536.34,1536.34,
2007-06-04,1539.18,1539.18,1539.18,1539.18,
2007-06-05,1530.95,1530.95,1530.95,1530.95,
2007-06-06,1517.38,1517.38,1517.38,1517.38,
2007-06-07,1490.72,1490.72,1490.72,1490.72,
2007-06-08,1507.67,1507.67,1507.67,1507.67,
2007-06-11,1509.12,1509.12,1509.12,1509.12,
2007-06-12,1493.0,1493.0,1493.0,1493.0,
2007-06-13,1515.67,1515.67,1515.67,1515.67,
2007-06-14,1522.97,1522.97,1522.97,1522.97,
2007-06-15,1532.91,1532.91,1532.91,1532.91,
2007-06-18,1531.05,1531.05,1531.05,1531.05,
2007-06-19,1533.7,1533.7,1533.7,1533.7,
2007-06-20,1512.84,1512.84,1512.84,1512.84,
2007-06-21,1522.19,1522.19,1522.19,1522.19,
2007-06-22,1502.56,1502.56,1502.56,1502.56,
2007-06-25,1497.74,1497.74,1497.74,1497.74,
2007-06-26,1492.89,1492.89,1492.89,1492.89,
2007-06-27,1506.34,1506.34,1506.34,1506.34,
2007-06-28,1505.71,1505.71,1505.71,1505.71,
2007-06-29,1503.35,1503.35,1503.35,1503.35,
2007-07-02,1519.43,1519.43,1519.43,1519.43,
2007-07-03,1524.87,1524.87,1524.87,1524.87,
2007-07-05,1525.4,1525.4,1525.4,1525.4,
2007-07-06,1530.44,1530.44,1530.44,1530.44,
2007-07-09,1531.85,1531.85,1531.85,1531.85,
2007-07-10,1510.12,1510.12,1510.12,1510.12,
2007-07-11,1518.76,1518.76,1518.76,1518.76,
2007-07-12,1547.7,1547.7,1547.7,1547.7,
2007-07-13,1552.5,1552.5,1552.5,1552.5,
2007-07-16,1549.52,1549.52,1549.52,1549.52,
2007-07-17,1549.37,1549.37,1549.37,1549.37,
2007-07-18,1546.17,1546.17,1546.17,1546.17,
2007-07-19,1553.08,1553.08,1553.08,1553.08,
2007-07-20,1534.1,1534.1,1534.1,1534.1,
2007-07-23,1541.57,1541.57,1541.57,1541.57,
2007-07-24,1511.04,1511.04,1511.04,1511.04,
2007-07-25,1518.09,1518.09,1518.09,1518.09,
2007-07-26,1482.66,1482.66,1482.66,1482.66,
2007-07-27,1458.95,1458.95,1458.95,1458.95,
2007-07-30,1473.91,1473.91,1473.91,1473.91,
2007-07-31,1455.27,1455.27,1455.27,1455.27,
2007-08-01,1465.81,1465.81,1465.81,1465.81,
2007-08-02,1472.2,1472.2,1472.2,1472.2,
2007-08-03,1433.06,1433.06,1433.06,1433.06,
2007-08-06,1467.67,1467.67,1467.67,1467.67,
2007-08-07,1476.71,1476.71,1476.71,1476.71,
2007-08-08,1497.49,1497.49,1497.49,1497.49,
2007-08-09,1453.09,1453.09,1453.09,1453.09,
2007-08-10,1453.64,1453.64,1453.64,1453.64,
2007-08-13,1452.92,1452.92,1452.92,1452.92,
2007-08-14,1426.54,1426.54,1426.54,1426.54,
2007-08-15,1406.7,1406.7,1406.7,1406.7,
2007-08-16,1411.27,1411.27,1411.27,1411.27,
2007-08-17,1445.94,1445.94,1445.94,1445.94,
2007-08-20,1445.55,1445.55,1445.55,1445.55,
2007-08-21,1447.12,1447.12,1447.12,1447.12,
2007-08-22,1464.07,1464.07,1464.07,1464.07,
2007-08-23,1462.5,1462.5,1462.5,1462.5,
2007-08-24,1479.37,1479.37,1479.37,1479.37,
2007-08-27,1466.79,1466.79,1466.79,1466.79,
2007-08-28,1432.36,1432.36,1432.36,1432.36,
2007-08-29,1463.76,1463.76,1463.76,1463.76,
2007-08-30,1457.64,1457.64,1457.64,1457.64,
2007-08-31,1473.99,1473.99,1473.99,1473.99,
2007-09-04,1489.42,1489.42,1489.42,1489.42,
2007-09-05,1472.29,1472.29,1472.29,1472.29,
2007-09-06,1478.55,1478.55,1478.55,1478.55,
2007-09-07,1453.55,1453.55,1453.55,1453.55,
2007-09-10,1451.7,1451.7,1451.7,1451.7,
2007-09-11,1471.49,1471.49,1471.49,1471.49,
2007-09-12,1471.56,1471.56,1471.56,1471.56,
2007-09-13,1483.95,1483.95,1483.95,1483.95,
2007-09-14,1484.25,1484.25,1484.25,1484.25,
2007-09-17,1476.65,1476.65,1476.65,1476.65,
2007-09-18,1519.78,1519.78,1519.78,1519.78,
2007-09-19,1529.03,1529.03,1529.03,1529.03,
2007-09-20,1518.75,1518.75,1518.75,1518.75,
2007-09-21,1525.75,1525.75,1525.75,1525.75,
2007-09-24,1517.73,1517.73,1517.73,1517.73,
2007-09-25,1517.21,1517.21,1517.21,1517.21,
2007-09-26,1525.42,1525.42,1525.42,1525.42,
2007-09-27,1531.38,1531.38,1531.38,1531.38,
2007-09-28,1526.75,1526.75,1526.75,1526.75,
2007-10-01,1547.04,1547.04,1547.04,1547.04,
2007-10-02,1546.63,1546.63,1546.63,1546.63,
2007-10-03,1539.59,1539.59,1539.59,1539.59,
2007-10-04,1542.84,1542.84,1542.84,1542.84,
2007-10-05,1557.59,1557.59,1557.59,1557.59,
2007-10-08,1552.58,1552.58,1552.58,1552.58,
2007-10-09,1565.15,1565.15,1565.15,1565.15,
2007-10-10,1562.47,1562.47,1562.47,1562.47,
2007-10-11,1554.41,1554.41,1554.41,1554.41,
2007-10-12,1561.8,1561.8,1561.8,1561.8,
2007-10-15,1548.71,1548.71,1548.71,1548.71,
2007-10-16,1538.53,1538.53,1538.53,1538.53,
2007-10-17,1541.24,1541.24,1541.24,1541.24,
2007-10-18,1540.08,1540.08,1540.08,1540.08,
2007-10-19,1500.63,1500.63,1500.63,1500.63,
2007-10-22,1506.33,1506.33,1506.33,1506.33,
2007-10-23,1519.59,1519.59,1519.59,1519.59,
2007-10-24,1515.88,1515.88,1515.88,1515.88,
2007-10-25,1514.4,1514.4,1514.4,1514.4,
2007-10-26,1535.28,1535.28,1535.28,1535.28,
2007-10-29,1540.98,1540.98,1540.98,1540.98,
2007-10-30,1531.02,1531.02,1531.02,1531.02,
2007-10-31,1549.38,1549.38,1549.38,1549.38,
2007-11-01,1508.44,1508.44,1508.44,1508.44,
2007-11-02,1509.65,1509.65,1509.65,1509.65,
2007-11-05,1502.17,1502.17,1502.17,1502.17,
2007-11-06,1520.27,1520.27,1520.27,1520.27,
2007-11-07,1475.62,1475.62,1475.62,1475.62,
2007-11-08,1474.77,1474.77,1474.77,1474.77,
2007-11-09,1453.7,1453.7,1453.7,1453.7,
2007-11-12,1439.18,1439.18,1439.18,1439.18,
2007-11-13,1481.05,1481.05,1481.05,1481.05,
2007-11-14,1470.58,1470.58,1470.58,1470.58,
2007-11-15,1451.15,1451.15,1451.15,1451.15,
2007-11-16,1458.74,1458.74,1458.74,1458.74,
2007-11-19,1433.27,1433.27,1433.27,1433.27,
2007-11-20,1439.7,1439.7,1439.7,1439.7,
2007-11-21,1416.77,1416.77,1416.77,1416.77,
2007-11-23,1440.7,1440.7,1440.7,1440.7,
2007-11-26,1407.22,1407.22,1407.22,1407.22,
2007-11-27,1428.23,1428.23,1428.23,1428.23,
2007-11-28,1469.02,1469.02,1469.02,1469.02,
2007-11-29,1469.72,1469.72,1469.72,1469.72,
2007-11-30,1481.14,1481.14,1481.14,1481.14,
2007-12-03,1472.42,1472.42,1472.42,1472.42,
2007-12-04,1462.79,1462.79,1462.79,1462.79,
2007-12-05,1485.01,1485.01,1485.01,1485.01,
2007-12-06,1507.34,1507.34,1507.34,1507.34,
2007-12-07,1504.66,1504.66,1504.66,1504.66,
2007-12-10,1515.96,1515.96,1515.96,1515.96,
2007-12-11,1477.65,1477.65,1477.65,1477.65,
2007-12-12,1486.59,1486.59,1486.59,1486.59,
2007-12-13,1488.41,1488.41,1488.41,1488.41,
2007-12-14,1467.95,1467.95,1467.95,1467.95,
2007-12-17,1445.9,1445.9,1445.9,1445.9,
2007-12-18,1454.98,1454.98,1454.98,1454.98,
2007-12-19,1453.0,1453.0,1453.0,1453.0,
2007-12-20,1460.12,1460.12,1460.12,1460.12,
2007-12-21,1484.46,1484.46,1484.46,1484.46,
2007-12-24,1496.45,1496.45,1496.45,1496.45,
2007-12-26,1497.66,1497.66,1497.66,1497.66,
2007-12-27,1476.27,1476.27,1476.27,1476.27,
2007-12-28,1478.49,1478.49,1478.49,1478.49,
2007-12-31,1468.36,1468.36,1468.36,1468.36,
2008-01-02,1447.16,1447.16,1447.16,1447.16,
2008-01-03,1447.16,1447.16,1447.16,1447.16,
2008-01-04,1411.63,1411.63,1411.63,1411.63,
2008-01-07,1416.18,1416.18,1416.18,1416.18,
2008-01-08,1390.19,1390.19,1390.19,1390.19,
2008-01-09,1409.13,1409.13,1409.13,1409.13,
2008-01-10,1420.33,1420.33,1420.33,1420.33,
2008-01-11,1401.02,1401.02,1401.02,1401.02,
2008-01-14,1416.25,1416.25,1416.25,1416.25,
2008-01-15,1380.95,1380.95,1380.95,1380.95,
2008-01-16,1373.2,1373.2,1373.2,1373.2,
2008-01-17,1333.25,1333.25,1333.25,1333.25,
2008-01-18,1325.19,1325.19,1325.19,1325.19,
2008-01-22,1310.5,1310.5,1310.5,1310.5,
2008-01-23,1338.6,1338.6,1338.6,1338.6,
2008-01-24,1352.07,1352.07,1352.07,1352.07,
2008-01-25,1330.61,1330.61,1330.61,1330.61,
2008-01-28,1353.96,1353.96,1353.96,1353.96,
2008-01-29,1362.3,1362.3,1362.3,1362.3,
2008-01-30,1355.81,1355.81,1355.81,1355.81,
2008-01-31,1378.55,1378.55,1378.55,1378.55,
2008-02-01,1395.42,1395.42,1395.42,1395.42,
2008-02-04,1380.82,1380.82,1380.82,1380.82,
2008-02-05,1336.64,1336.64,1336.64,1336.64,
2008-02-06,1326.45,1326.45,1326.45,1326.45,
2008-02-07,1336.91,1336.91,1336.91,1336.91,
2008-02-08,1331.29,1331.29,1331.29,1331.29,
2008-02-11,1339.13,1339.13,1339.13,1339.13,
2008-02-12,1348.86,1348.86,1348.86,1348.86,
2008-02-13,1367.21,1367.21,1367.21,1367.21,
2008-02-14,1348.86,1348.86,1348.86,1348.86,
2008-02-15,1349.99,1349.99,1349.99,1349.99,
2008-02-19,1348.78,1348.78,1348.78,1348.78,
2008-02-20,1360.03,1360.03,1360.03,1360.03,
2008-02-21,1342.53,1342.53,1342.53,1342.53,
2008-02-22,1353.11,1353.11,1353.11,1353.11,
2008-02-25,1371.8,1371.8,1371.8,1371.8,
2008-02-26,1381.29,1381.29,1381.29,1381.29,
2008-02-27,1380.02,1380.02,1380.02,1380.02,
2008-02-28,1367.68,1367.68,1367.68,1367.68,
2008-02-29,1330.63,1330.63,1330.63,1330.63,
2008-03-03,1331.34,1331.34,1331.34,1331.34,
2008-03-04,1326.75,1326.75,1326.75,1326.75,
2008-03-05,1333.7,1333.7,1333.7,1333.7,
2008-03-06,1304.34,1304.34,1304.34,1304.34,
2008-03-07,1293.37,1293.37,1293.37,1293.37,
2008-03-10,1273.37,1273.37,1273.37,1273.37,
2008-03-11,1320.65,1320.65,1320.65,1320.65,
2008-03-12,1308.77,1308.77,1308.77,1308.77,
2008-03-13,1315.48,1315.48,1315.48,1315.48,
2008-03-14,1288.14,1288.14,1288.14,1288.14,
2008-03-17,1276.6,1276.6,1276.6,1276.6,
2008-03-18,1330.74,1330.74,1330.74,1330.74,
2008-03-19,1298.42,1298.42,1298.42,1298.42,
2008-03-20,1329.51,1329.51,1329.51,1329.51,
2008-03-24,1349.88,1349.88,1349.88,1349.88,
2008-03-25,1352.99,1352.99,1352.99,1352.99,
2008-03-26,1341.13,1341.13,1341.13,1341.13,
2008-03-27,1325.76,1325.76,1325.76,1325.76,
2008-03-28,1315.22,1315.22,1315.22,1315.22,
2008-03-31,1322.7,1322.7,1322.7,1322.7,
2008-04-01,1370.18,1370.18,1370.18,1370.18,
2008-04-02,1367.53,1367.53,1367.53,1367.53,
2008-04-03,1369.31,1369.31,1369.31,1369.31,
2008-04-04,1370.4,1370.4,1370.4,1370.4,
2008-04-07,1372.54,1372.54,1372.54,1372.54,
2008-04-08,1365.54,1365.54,1365.54,1365.54,
2008-04-09,1354.49,1354.49,1354.49,1354.49,
2008-04-10,1360.55,1360.55,1360.55,1360.55,
2008-04-11,1332.83,1332.83,1332.83,1332.83,
2008-04-14,1328.32,1328.32,1328.32,1328.32,
2008-04-15,1334.43,1334.43,1334.43,1334.43,
2008-04-16,1364.71,1364.71,1364.71,1364.71,
2008-04-17,1365.56,1365.56,1365.56,1365.56,
2008-04-18,1390.33,1390.33,1390.33,1390.33,
2008-04-21,1388.17,1388.17,1388.17,1388.17,
2008-04-22,1375.94,1375.94,1375.94,1375.94,
2008-04-23,1379.93,1379.93,1379.93,1379.93,
2008-04-24,1388.82,1388.82,1388.82,1388.82,
2008-04-25,1397.84,1397.84,1397.84,1397.84,
2008-04-28,1396.37,1396.37,1396.37,1396.37,
2008-04-29,1390.94,1390.94,1390.94,1390.94,
2008-04-30,1385.59,1385.59,1385.59,1385.59,
2008-05-01,1409.34,1409.34,1409.34,1409.34,
2008-05-02,1413.9,1413.9,1413.9,1413.9,
2008-05-05,1407.49,1407.49,1407.49,1407.49,
2008-05-06,1418.26,1418.26,1418.26,1418.26,
2008-05-07,1392.57,1392.57,1392.57,1392.57,
2008-05-08,1397.68,1397.68,1397.68,1397.68,
2008-05-09,1388.28,1388.28,1388.28,1388.28,
2008-05-12,1403.58,1403.58,1403.58,1403.58,
2008-05-13,1403.04,1403.04,1403.04,1403.04,
2008-05-14,1408.66,1408.66,1408.66,1408.66,
2008-05-15,1423.57,1423.57,1423.57,1423.57,
2008-05-16,1425.35,1425.35,1425.35,1425.35,
2008-05-19,1426.63,1426.63,1426.63,1426.63,
2008-05-20,1413.4,1413.4,1413.4,1413.4,
2008-05-21,1390.71,1390.71,1390.71,1390.71,
2008-05-22,1394.35,1394.35,1394.35,1394.35,
2008-05-23,1375.93,1375.93,1375.93,1375.93,
2008-05-27,1385.35,1385.35,1385.35,1385.35,
2008-05-28,1390.84,1390.84,1390.84,1390.84,
2008-05-29,1398.26,1398.26,1398.26,1398.26,
2008-05-30,1400.38,1400.38,1400.38,1400.38,
2008-06-02,1385.67,1385.67,1385.67,1385.67,
2008-06-03,1377.65,1377.65,1377.65,1377.65,
2008-06-04,1377.2,1377.2,1377.2,1377.2,
2008-06-05,1404.05,1404.05,1404.05,1404.05,
2008-06-06,1360.68,1360.68,1360.68,1360.68,
2008-06-09,1361.76,1361.76,1361.76,1361.76,
2008-06-10,1358.44,1358.44,1358.44,1358.44,
2008-06-11,1335.49,1335.49,1335.49,1335.49,
2008-06-12,1339.87,1339.87,1339.87,1339.87,
2008-06-13,1360.03,1360.03,1360.03,1360.03,
2008-06-16,1360.14,1360.14,1360.14,1360.14,
2008-06-17,1350.93,1350.93,1350.93,1350.93,
2008-06-18,1337.81,1337.81,1337.81,1337.81,
2008-06-19,1342.83,1342.83,1342.83,1342.83,
2008-06-20,1317.93,1317.93,1317.93,1317.93,
2008-06-23,1318.0,1318.0,1318.0,1318.0,
2008-06-24,1314.29,1314.29,1314.29,1314.29,
2008-06-25,1321.97,1321.97,1321.97,1321.97,
2008-06-26,1283.15,1283.15,1283.15,1283.15,
2008-06-27,1278.38,1278.38,1278.38,1278.38,
2008-06-30,1280.0,1280.0,1280.0,1280.0,
2008-07-01,1284.91,1284.91,1284.91,1284.91,
2008-07-02,1261.52,1261.52,1261.52,1261.52,
2008-07-03,1262.9,1262.9,1262.9,1262.9,
2008-07-07,1252.31,1252.31,1252.31,1252.31,
2008-07-08,1273.7,1273.7,1273.7,1273.7,
2008-07-09,1244.69,1244.69,1244.69,1244.69,
2008-07-10,1253.39,1253.39,1253.39,1253.39,
2008-07-11,1239.49,1239.49,1239.49,1239.49,
2008-07-14,1228.3,1228.3,1228.3,1228.3,
2008-07-15,1214.91,1214.91,1214.91,1214.91,
2008-07-16,1245.36,1245.36,1245.36,1245.36,
2008-07-17,1260.32,1260.32,1260.32,1260.32,
2008-07-18,1260.68,1260.68,1260.68,1260.68,
2008-07-21,1260.0,1260.0,1260.0,1260.0,
2008-07-22,1277.0,1277.0,1277.0,1277.0,
2008-07-23,1282.19,1282.19,1282.19,1282.19,
2008-07-24,1252.54,1252.54,1252.54,1252.54,
2008-07-25,1257.76,1257.76,1257.76,1257.76,
2008-07-28,1234.37,1234.37,1234.37,1234.37,
2008-07-29,1263.2,1263.2,1263.2,1263.2,
2008-07-30,1284.26,1284.26,1284.26,1284.26,
2008-07-31,1267.38,1267.38,1267.38,1267.38,
2008-08-01,1260.31,1260.31,1260.31,1260.31,
2008-08-04,1249.01,1249.01,1249.01,1249.01,
2008-08-05,1284.88,1284.88,1284.88,1284.88,
2008-08-06,1289.19,1289.19,1289.19,1289.19,
2008-08-07,1266.07,1266.07,1266.07,1266.07,
2008-08-08,1296.32,1296.32,1296.32,1296.32,
2008-08-11,1305.32,1305.32,1305.32,1305.32,
2008-08-12,1289.59,1289.59,1289.59,1289.59,
2008-08-13,1285.83,1285.83,1285.83,1285.83,
2008-08-14,1292.93,1292.93,1292.93,1292.93,
2008-08-15,1298.2,1298.2,1298.2,1298.2,
2008-08-18,1278.6,1278.6,1278.6,1278.6,
2008-08-19,1266.69,1266.69,1266.69,1266.69,
2008-08-20,1274.54,1274.54,1274.54,1274.54,
2008-08-21,1277.72,1277.72,1277.72,1277.72,
2008-08-22,1292.2,1292.2,1292.2,1292.2,
2008-08-25,1266.84,1266.84,1266.84,1266.84,
2008-08-26,1271.51,1271.51,1271.51,1271.51,
2008-08-27,1281.66,1281.66,1281.66,1281.66,
2008-08-28,1300.68,1300.68,1300.68,1300.68,
2008-08-29,1282.83,1282.83,1282.83,1282.83,
2008-09-02,1277.58,1277.58,1277.58,1277.58,
2008-09-03,1274.98,1274.98,1274.98,1274.98,
2008-09-04,1236.83,1236.83,1236.83,1236.83,
2008-09-05,1242.31,1242.31,1242.31,1242.31,
2008-09-08,1267.79,1267.79,1267.79,1267.79,
2008-09-09,1224.51,1224.51,1224.51,1224.51,
2008-09-10,1232.04,1232.04,1232.04,1232.04,
2008-09-11,1249.05,1249.05,1249.05,1249.05,
2008-09-12,1251.7,1251.7,1251.7,1251.7,
2008-09-15,1192.7,1192.7,1192.7,1192.7,
2008-09-16,1213.6,1213.6,1213.6,1213.6,
2008-09-17,1156.39,1156.39,1156.39,1156.39,
2008-09-18,1206.51,1206.51,1206.51,1206.51,
2008-09-19,1255.08,1255.08,1255.08,1255.08,
2008-09-22,1207.09,1207.09,1207.09,1207.09,
2008-09-23,1188.22,1188.22,1188.22,1188.22,
2008-09-24,1185.87,1185.87,1185.87,1185.87,
2008-09-25,1209.18,1209.18,1209.18,1209.18,
2008-09-26,1213.27,1213.27,1213.27,1213.27,
2008-09-29,1106.42,1106.42,1106.42,1106.42,
2008-09-30,1166.36,1166.36,1166.36,1166.36,
2008-10-01,1161.06,1161.06,1161.06,1161.06,
2008-10-02,1114.28,1114.28,1114.28,1114.28,
2008-10-03,1099.23,1099.23,1099.23,1099.23,
2008-10-06,1056.89,1056.89,1056.89,1056.89,
2008-10-07,996.23,996.23,996.23,996.23,
2008-10-08,984.94,984.94,984.94,984.94,
2008-10-09,909.92,909.92,909.92,909.92,
2008-10-10,899.22,899.22,899.22,899.22,
2008-10-13,1003.35,1003.35,1003.35,1003.35,
2008-10-14,998.01,998.01,998.01,998.01,
2008-10-15,907.84,907.84,907.84,907.84,
2008-10-16,946.43,946.43,946.43,946.43,
2008-10-17,940.55,940.55,940.55,940.55,
2008-10-20,985.4,985.4,985.4,985.4,
2008-10-21,955.05,955.05,955.05,955.05,
2008-10-22,896.78,896.78,896.78,896.78,
2008-10-23,908.11,908.11,908.11,908.11,
2008-10-24,876.77,876.77,876.77,876.77,
2008-10-27,848.92,848.92,848.92,848.92,
2008-10-28,940.51,940.51,940.51,940.51,
2008-10-29,930.09,930.09,930.09,930.09,
2008-10-30,954.09,954.09,954.09,954.09,
2008-10-31,968.75,968.75,968.75,968.75,
2008-11-03,966.3,966.3,966.3,966.3,
2008-11-04,1005.75,1005.75,1005.75,1005.75,
2008-11-05,952.77,952.77,952.77,952.77,
2008-11-06,904.88,904.88,904.88,904.88,
2008-11-07,930.99,930.99,930.99,930.99,
2008-11-10,919.21,919.21,919.21,919.21,
2008-11-11,898.95,898.95,898.95,898.95,
2008-11-12,852.3,852.3,852.3,852.3,
2008-11-13,911.29,911.29,911.29,911.29,
2008-11-14,873.29,873.29,873.29,873.29,
2008-11-17,850.75,850.75,850.75,850.75,
2008-11-18,859.12,859.12,859.12,859.12,
2008-11-19,806.58,806.58,806.58,806.58,
2008-11-20,752.44,752.44,752.44,752.44,
2008-11-21,800.03,800.03,800.03,800.03,
2008-11-24,851.81,851.81,851.81,851.81,
2008-11-25,857.39,857.39,857.39,857.39,
2008-11-26,887.68,887.68,887.68,887.68,
2008-11-28,896.24,896.24,896.24,896.24,
2008-12-01,816.21,816.21,816.21,816.21,
2008-12-02,848.81,848.81,848.81,848.81,
2008-12-03,870.74,870.74,870.74,870.74,
2008-12-04,845.22,845.22,845.22,845.22,
2008-12-05,876.07,876.07,876.07,876.07,
2008-12-08,909.7,909.7,909.7,909.7,
2008-12-09,888.67,888.67,888.67,888.67,
2008-12-10,899.24,899.24,899.24,899.24,
2008-12-11,873.59,873.59,873.59,873.59,
2008-12-12,879.73,879.73,879.73,879.73,
2008-12-15,868.57,868.57,868.57,868.57,
2008-12-16,913.18,913.18,913.18,913.18,
2008-12-17,904.42,904.42,904.42,904.42,
2008-12-18,885.28,885.28,885.28,885.28,
2008-12-19,887.88,887.88,887.88,887.88,
2008-12-22,871.63,871.63,871.63,871.63,
2008-12-23,863.16,863.16,863.16,863.16,
2008-12-24,868.15,868.15,868.15,868.15,
2008-12-26,872.8,872.8,872.8,872.8,
2008-12-29,869.42,869.42,869.42,869.42,
2008-12-30,890.64,890.64,890.64,890.64,
2008-12-31,903.25,903.25,903.25,903.25,
2009-01-02,931.8,931.8,931.8,931.8,
2009-01-05,927.45,927.45,927.45,927.45,
2009-01-06,934.7,934.7,934.7,934.7,
2009-01-07,906.65,906.65,906.65,906.65,
2009-01-08,909.73,909.73,909.73,909.73,
2009-01-09,890.35,890.35,890.35,890.35,
2009-01-12,870.26,870.26,870.26,870.26,
2009-01-13,871.79,871.79,871.79,871.79,
2009-01-14,842.62,842.62,842.62,842.62,
2009-01-15,843.74,843.74,843.74,843.74,
2009-01-16,850.12,850.12,850.12,850.12,
2009-01-20,805.22,805.22,805.22,805.22,
2009-01-21,840.24,840.24,840.24,840.24,
2009-01-22,827.5,827.5,827.5,827.5,
2009-01-23,831.95,831.95,831.95,831.95,
2009-01-26,836.57,836.57,836.57,836.57,
2009-01-27,845.71,845.71,845.71,845.71,
2009-01-28,874.09,874.09,874.09,874.09,
2009-01-29,845.14,845.14,845.14,845.14,
2009-01-30,825.88,825.88,825.88,825.88,
2009-02-02,825.44,825.44,825.44,825.44,
2009-02-03,838.51,838.51,838.51,838.51,
2009-02-04,832.23,832.23,832.23,832.23,
2009-02-05,845.85,845.85,845.85,845.85,
2009-02-06,868.6,868.6,868.6,868.6,
2009-02-09,869.89,869.89,869.89,869.89,
2009-02-10,827.16,827.16,827.16,827.16,
2009-02-11,833.74,833.74,833.74,833.74,
2009-02-12,835.19,835.19,835.19,835.19,
2009-02-13,826.84,826.84,826.84,826.84,
2009-02-17,789.17,789.17,789.17,789.17,
2009-02-18,788.42,788.42,788.42,788.42,
2009-02-19,778.94,778.94,778.94,778.94,
2009-02-20,770.05,770.05,770.05,770.05,
2009-02-23,743.33,743.33,743.33,743.33,
2009-02-24,773.14,773.14,773.14,773.14,
2009-02-25,764.9,764.9,764.9,764.9,
2009-02-26,752.83,752.83,752.83,752.83,
2009-02-27,735.09,735.09,735.09,735.09,
2009-03-02,700.82,700.82,700.82,700.82,
2009-03-03,696.33,696.33,696.33,696.33,
2009-03-04,712.87,712.87,712.87,712.87,
2009-03-05,682.55,682.55,682.55,682.55,
2009-03-06,683.38,683.38,683.38,683.38,
2009-03-09,676.53,676.53,676.53,676.53,
2009-03-10,719.6,719.6,719.6,719.6,
2009-03-11,721.36,721.36,721.36,721.36,
2009-03-12,750.74,750.74,750.74,750.74,
2009-03-13,756.55,756.55,756.55,756.55,
2009-03-16,753.89,753.89,753.89,753.89,
2009-03-17,778.12,778.12,778.12,778.12,
2009-03-18,794.35,794.35,794.35,794.35,
2009-03-19,784.04,784.04,784.04,784.04,
2009-03-20,768.54,768.54,768.54,768.54,
2009-03-23,822.92,822.92,822.92,822.92,
2009-03-24,806.12,806.12,806.12,806.12,
2009-03-25,813.88,813.88,813.88,813.88,
2009-03-26,832.86,832.86,832.86,832.86,
2009-03-27,815.94,815.94,815.94,815.94,
2009-03-30,787.53,787.53,787.53,787.53,
2009-03-31,797.87,797.87,797.87,797.87,
2009-04-01,811.08,811.08,811.08,811.08,
2009-04-02,834.38,834.38,834.38,834.38,
2009-04-03,842.5,842.5,842.5,842.5,
2009-04-06,835.48,835.48,835.48,835.48,
2009-04-07,815.55,815.55,815.55,815.55,
2009-04-08,825.16,825.16,825.16,825.16,
2009-04-09,856.56,856.56,856.56,856.56,
2009-04-13,858.73,858.73,858.73,858.73,
2009-04-14,841.5,841.5,841.5,841.5,
2009-04-15,852.06,852.06,852.06,852.06,
2009-04-16,865.3,865.3,865.3,865.3,
2009-04-17,869.6,869.6,869.6,869.6,
2009-04-20,832.39,832.39,832.39,832.39,
2009-04-21,850.08,850.08,850.08,850.08,
2009-04-22,843.55,843.55,843.55,843.55,
2009-04-23,851.92,851.92,851.92,851.92,
2009-04-24,866.23,866.23,866.23,866.23,
2009-04-27,857.51,857.51,857.51,857.51,
2009-04-28,855.16,855.16,855.16,855.16,
2009-04-29,873.64,873.64,873.64,873.64,
2009-04-30,872.81,872.81,872.81,872.81,
2009-05-01,877.52,877.52,877.52,877.52,
2009-05-04,907.24,907.24,907.24,907.24,
2009-05-05,903.8,903.8,903.8,903.8,
2009-05-06,919.53,919.53,919.53,919.53,
2009-05-07,907.39,907.39,907.39,907.39,
2009-05-08,929.23,929.23,929.23,929.23,
2009-05-11,909.24,909.24,909.24,909.24,
2009-05-12,908.35,908.35,908.35,908.35,
2009-05-13,883.92,883.92,883.92,883.92,
2009-05-14,893.07,893.07,893.07,893.07,
2009-05-15,882.88,882.88,882.88,882.88,
2009-05-18,909.71,909.71,909.71,909.71,
2009-05-19,908.13,908.13,908.13,908.13,
2009-05-20,903.47,903.47,903.47,903.47,
2009-05-21,888.33,888.33,888.33,888.33,
2009-05-22,887.0,887.0,887.0,887.0,
2009-05-26,910.33,910.33,910.33,910.33,
2009-05-27,893.06,893.06,893.06,893.06,
2009-05-28,906.83,906.83,906.83,906.83,
2009-05-29,919.14,919.14,919.14,919.14,
2009-06-01,942.87,942.87,942.87,942.87,
2009-06-02,944.74,944.74,944.74,944.74,
2009-06-03,931.76,931.76,931.76,931.76,
2009-06-04,942.46,942.46,942.46,942.46,
2009-06-05,940.09,940.09,940.09,940.09,
2009-06-08,939.14,939.14,939.14,939.14,
2009-06-09,942.43,942.43,942.43,942.43,
2009-06-10,939.15,939.15,939.15,939.15,
2009-06-11,944.89,944.89,944.89,944.89,
2009-06-12,946.21,946.21,946.21,946.21,
2009-06-15,923.72,923.72,923.72,923.72,
2009-06-16,911.97,911.97,911.97,911.97,
2009-06-17,910.71,910.71,910.71,910.71,
2009-06-18,918.37,918.37,918.37,918.37,
2009-06-19,921.23,921.23,921.23,921.23,
2009-06-22,893.04,893.04,893.04,893.04,
2009-06-23,895.1,895.1,895.1,895.1,
2009-06-24,900.94,900.94,900.94,900.94,
2009-06-25,920.26,920.26,920.26,920.26,
2009-06-26,918.9,918.9,918.9,918.9,
2009-06-29,927.23,927.23,927.23,927.23,
2009-06-30,919.32,919.32,919.32,919.32,
2009-07-01,923.33,923.33,923.33,923.33,
2009-07-02,896.42,896.42,896.42,896.42,
2009-07-06,898.72,898.72,898.72,898.72,
2009-07-07,881.03,881.03,881.03,881.03,
2009-07-08,879.56,879.56,879.56,879.56,
2009-07-09,882.68,882.68,882.68,882.68,
2009-07-10,879.13,879.13,879.13,879.13,
2009-07-13,901.05,901.05,901.05,901.05,
2009-07-14,905.84,905.84,905.84,905.84,
2009-07-15,932.68,932.68,932.68,932.68,
2009-07-16,940.74,940.74,940.74,940.74,
2009-07-17,940.38,940.38,940.38,940.38,
2009-07-20,951.13,951.13,951.13,951.13,
2009-07-21,954.58,954.58,954.58,954.58,
2009-07-22,954.07,954.07,954.07,954.07,
2009-07-23,976.29,976.29,976.29,976.29,
2009-07-24,979.26,979.26,979.26,979.26,
2009-07-27,982.18,982.18,982.18,982.18,
2009-07-28,979.62,979.62,979.62,979.62,
2009-07-29,975.15,975.15,975.15,975.15,
2009-07-30,986.75,986.75,986.75,986.75,
2009-07-31,987.48,987.48,987.48,987.48,
2009-08-03,1002.63,1002.63,1002.63,1002.63,
2009-08-04,1005.65,1005.65,1005.65,1005.65,
2009-08-05,1002.72,1002.72,1002.72,1002.72,
2009-08-06,997.08,997.08,997.08,997.08,
2009-08-07,1010.48,1010.48,1010.48,1010.48,
2009-08-10,1007.1,1007.1,1007.1,1007.1,
2009-08-11,994.35,994.35,994.35,994.35,
2009-08-12,1005.81,1005.81,1005.81,1005.81,
2009-08-13,1012.73,1012.73,1012.73,1012.73,
2009-08-14,1004.09,1004.09,1004.09,1004.09,
2009-08-17,979.73,979.73,979.73,979.73,
2009-08-18,989.67,989.67,989.67,989.67,
2009-08-19,996.46,996.46,996.46,996.46,
2009-08-20,1007.37,1007.37,1007.37,1007.37,
2009-08-21,1026.13,1026.13,1026.13,1026.13,
2009-08-24,1025.57,1025.57,1025.57,1025.57,
2009-08-25,1028.0,1028.0,1028.0,1028.0,
2009-08-26,1028.12,1028.12,1028.12,1028.12,
2009-08-27,1030.98,1030.98,1030.98,1030.98,
2009-08-28,1028.93,1028.93,1028.93,1028.93,
2009-08-31,1020.62,1020.62,1020.62,1020.62,
2009-09-01,998.04,998.04,998.04,998.04,
2009-09-02,994.75,994.75,994.75,994.75,
2009-09-03,1003.24,1003.24,1003.24,1003.24,
2009-09-04,1016.4,1016.4,1016.4,1016.4,
2009-09-08,1025.39,1025.39,1025.39,1025.39,
2009-09-09,1033.37,1033.37,1033.37,1033.37,
2009-09-10,1044.14,1044.14,1044.14,1044.14,
2009-09-11,1042.73,1042.73,1042.73,1042.73,
2009-09-14,1049.34,1049.34,1049.34,1049.34,
2009-09-15,1052.63,1052.63,1052.63,1052.63,
2009-09-16,1068.76,1068.76,1068.76,1068.76,
2009-09-17,1065.49,1065.49,1065.49,1065.49,
2009-09-18,1068.3,1068.3,1068.3,1068.3,
2009-09-21,1064.66,1064.66,1064.66,1064.66,
2009-09-22,1071.66,1071.66,1071.66,1071.66,
2009-09-23,1060.87,1060.87,1060.87,1060.87,
2009-09-24,1050.78,1050.78,1050.78,1050.78,
2009-09-25,1044.38,1044.38,1044.38,1044.38,
2009-09-28,1062.98,1062.98,1062.98,1062.98,
2009-09-29,1060.61,1060.61,1060.61,1060.61,
2009-09-30,1057.08,1057.08,1057.08,1057.08,
2009-10-01,1029.85,1029.85,1029.85,1029.85,
2009-10-02,1025.21,1025.21,1025.21,1025.21,
2009-10-05,1040.46,1040.46,1040.46,1040.46,
2009-10-06,1054.72,1054.72,1054.72,1054.72,
2009-10-07,1057.58,1057.58,1057.58,1057.58,
2009-10-08,1065.48,1065.48,1065.48,1065.48,
2009-10-09,1071.49,1071.49,1071.49,1071.49,
2009-10-12,1076.19,1076.19,1076.19,1076.19,
2009-10-13,1073.19,1073.19,1073.19,1073.19,
2009-10-14,1092.02,1092.02,1092.02,1092.02,
2009-10-15,1096.56,1096.56,1096.56,1096.56,
2009-10-16,1087.68,1087.68,1087.68,1087.68,
2009-10-19,1097.91,1097.91,1097.91,1097.91,
2009-10-20,1091.06,1091.06,1091.06,1091.06,
2009-10-21,1081.4,1081.4,1081.4,1081.4,
2009-10-22,1092.91,1092.91,1092.91,1092.91,
2009-10-23,1079.6,1079.6,1079.6,1079.6,
2009-10-26,1066.95,1066.95,1066.95,1066.95,
2009-10-27,1063.41,1063.41,1063.41,1063.41,
2009-10-28,1042.63,1042.63,1042.63,1042.63,
2009-10-29,1066.11,1066.11,1066.11,1066.11,
2009-10-30,1036.19,1036.19,1036.19,1036.19,
2009-11-02,1042.88,1042.88,1042.88,1042.88,
2009-11-03,1045.41,1045.41,1045.41,1045.41,
2009-11-04,1046.5,1046.5,1046.5,1046.5,
2009-11-05,1066.63,1066.63,1066.63,1066.63,
2009-11-06,1069.3,1069.3,1069.3,1069.3,
2009-11-09,1093.08,1093.08,1093.08,1093.08,
2009-11-10,1093.01,1093.01,1093.01,1093.01,
2009-11-11,1098.51,1098.51,1098.51,1098.51,
2009-11-12,1087.24,1087.24,1087.24,1087.24,
2009-11-13,1093.48,1093.48,1093.48,1093.48,
2009-11-16,1109.3,1109.3,1109.3,1109.3,
2009-11-17,1110.32,1110.32,1110.32,1110.32,
2009-11-18,1109.8,1109.8,1109.8,1109.8,
2009-11-19,1094.9,1094.9,1094.9,1094.9,
2009-11-20,1091.38,1091.38,1091.38,1091.38,
2009-11-23,1106.24,1106.24,1106.24,1106.24,
2009-11-24,1105.65,1105.65,1105.65,1105.65,
2009-11-25,1110.63,1110.63,1110.63,1110.63,
2009-11-27,1091.49,1091.49,1091.49,1091.49,
2009-11-30,1095.63,1095.63,1095.63,1095.63,
2009-12-01,1108.86,1108.86,1108.86,1108.86,
2009-12-02,1109.24,1109.24,1109.24,1109.24,
2009-12-03,1099.92,1099.92,1099.92,1099.92,
2009-12-04,1105.98,1105.98,1105.98,1105.98,
2009-12-07,1103.25,1103.25,1103.25,1103.25,
2009-12-08,1091.94,1091.94,1091.94,1091.94,
2009-12-09,1095.95,1095.95,1095.95,1095.95,
2009-12-10,1102.35,1102.35,1102.35,1102.35,
2009-12-11,1106.41,1106.41,1106.41,1106.41,
2009-12-14,1114.11,1114.11,1114.11,1114.11,
2009-12-15,1107.93,1107.93,1107.93,1107.93,
2009-12-16,1109.18,1109.18,1109.18,1109.18,
2009-12-17,1096.08,1096.08,1096.08,1096.08,
2009-12-18,1102.47,1102.47,1102.47,1102.47,
2009-12-21,1114.05,1114.05,1114.05,1114.05,
2009-12-22,1118.02,1118.02,1118.02,1118.02,
2009-12-23,1120.59,1120.59,1120.59,1120.59,
2009-12-24,1126.48,1126.48,1126.48,1126.48,
2009-12-28,1127.78,1127.78,1127.78,1127.78,
2009-12-29,1126.2,1126.2,1126.2,1126.2,
2009-12-30,1126.42,1126.42,1126.42,1126.42,
2009-12-31,1115.1,1115.1,1115.1,1115.1,
2010-01-04,1132.99,1132.99,1132.99,1132.99,
2010-01-05,1136.52,1136.52,1136.52,1136.52,
2010-01-06,1137.14,1137.14,1137.14,1137.14,
2010-01-07,1141.69,1141.69,1141.69,1141.69,
2010-01-08,1144.98,1144.98,1144.98,1144.98,
2010-01-11,1146.98,1146.98,1146.98,1146.98,
2010-01-12,1136.22,1136.22,1136.22,1136.22,
2010-01-13,1145.68,1145.68,1145.68,1145.68,
2010-01-14,1148.46,1148.46,1148.46,1148.46,
2010-01-15,1136.03,1136.03,1136.03,1136.03,
2010-01-19,1150.23,1150.23,1150.23,1150.23,
2010-01-20,1138.04,1138.04,1138.04,1138.04,
2010-01-21,1116.48,1116.48,1116.48,1116.48,
2010-01-22,1091.76,1091.76,1091.76,1091.76,
2010-01-25,1096.78,1096.78,1096.78,1096.78,
2010-01-26,1092.17,1092.17,1092.17,1092.17,
2010-01-27,1097.5,1097.5,1097.5,1097.5,
2010-01-28,1084.53,1084.53,1084.53,1084.53,
2010-01-29,1073.87,1073.87,1073.87,1073.87,
2010-02-01,1089.19,1089.19,1089.19,1089.19,
2010-02-02,1103.32,1103.32,1103.32,1103.32,
2010-02-03,1097.28,1097.28,1097.28,1097.28,
2010-02-04,1063.11,1063.11,1063.11,1063.11,
2010-02-05,1066.19,1066.19,1066.19,1066.19,
2010-02-08,1056.74,1056.74,1056.74,1056.74,
2010-02-09,1070.52,1070.52,1070.52,1070.52,
2010-02-10,1068.13,1068.13,1068.13,1068.13,
2010-02-11,1078.47,1078.47,1078.47,1078.47,
2010-02-12,1075.51,1075.51,1075.51,1075.51,
2010-02-16,1094.87,1094.87,1094.87,1094.87,
2010-02-17,1099.51,1099.51,1099.51,1099.51,
2010-02-18,1106.75,1106.75,1106.75,1106.75,
2010-02-19,1109.17,1109.17,1109.17,1109.17,
2010-02-22,1108.01,1108.01,1108.01,1108.01,
2010-02-23,1094.6,1094.6,1094.6,1094.6,
2010-02-24,1105.24,1105.24,1105.24,1105.24,
2010-02-25,1102.94,1102.94,1102.94,1102.94,
2010-02-26,1104.49,1104.49,1104.49,1104.49,
2010-03-01,1115.71,1115.71,1115.71,1115.71,
2010-03-02,1118.31,1118.31,1118.31,1118.31,
2010-03-03,1118.79,1118.79,1118.79,1118.79,
2010-03-04,1122.97,1122.97,1122.97,1122.97,
2010-03-05,1138.7,1138.7,1138.7,1138.7,
2010-03-08,1138.5,1138.5,1138.5,1138.5,
2010-03-09,1140.45,1140.45,1140.45,1140.45,
2010-03-10,1145.61,1145.61,1145.61,1145.61,
2010-03-11,1150.24,1150.24,1150.24,1150.24,
2010-03-12,1149.99,1149.99,1149.99,1149.99,
2010-03-15,1150.51,1150.51,1150.51,1150.51,
2010-03-16,1159.46,1159.46,1159.46,1159.46,
2010-03-17,1166.21,1166.21,1166.21,1166.21,
2010-03-18,1165.83,1165.83,1165.83,1165.83,
2010-03-19,1159.9,1159.9,1159.9,1159.9,
2010-03-22,1165.81,1165.81,1165.81,1165.81,
2010-03-23,1174.17,1174.17,1174.17,1174.17,
2010-03-24,1167.72,1167.72,1167.72,1167.72,
2010-03-25,1165.73,1165.73,1165.73,1165.73,
2010-03-26,1166.59,1166.59,1166.59,1166.59,
2010-03-29,1173.22,1173.22,1173.22,1173.22,
2010-03-30,1173.27,1173.27,1173.27,1173.27,
2010-03-31,1169.43,1169.43,1169.43,1169.43,
2010-04-01,1178.1,1178.1,1178.1,1178.1,
2010-04-05,1187.44,1187.44,1187.44,1187.44,
2010-04-06,1189.44,1189.44,1189.44,1189.44,
2010-04-07,1182.45,1182.45,1182.45,1182.45,
2010-04-08,1186.44,1186.44,1186.44,1186.44,
2010-04-09,1194.37,1194.37,1194.37,1194.37,
2010-04-12,1196.48,1196.48,1196.48,1196.48,
2010-04-13,1197.3,1197.3,1197.3,1197.3,
2010-04-14,1210.65,1210.65,1210.65,1210.65,
2010-04-15,1211.67,1211.67,1211.67,1211.67,
2010-04-16,1192.13,1192.13,1192.13,1192.13,
2010-04-19,1197.52,1197.52,1197.52,1197.52,
2010-04-20,1207.17,1207.17,1207.17,1207.17,
2010-04-21,1205.94,1205.94,1205.94,1205.94,
2010-04-22,1208.67,1208.67,1208.67,1208.67,
2010-04-23,1217.28,1217.28,1217.28,1217.28,
2010-04-26,1212.05,1212.05,1212.05,1212.05,
2010-04-27,1183.71,1183.71,1183.71,1183.71,
2010-04-28,1191.36,1191.36,1191.36,1191.36,
2010-04-29,1206.78,1206.78,1206.78,1206.78,
2010-04-30,1186.69,1186.69,1186.69,1186.69,
2010-05-03,1202.26,1202.26,1202.26,1202.26,
2010-05-04,1173.6,1173.6,1173.6,1173.6,
2010-05-05,1165.87,1165.87,1165.87,1165.87,
2010-05-06,1128.15,1128.15,1128.15,1128.15,
2010-05-07,1110.88,1110.88,1110.88,1110.88,
2010-05-10,1159.73,1159.73,1159.73,1159.73,
2010-05-11,1155.79,1155.79,1155.79,1155.79,
2010-05-12,1171.67,1171.67,1171.67,1171.67,
2010-05-13,1157.44,1157.44,1157.44,1157.44,
2010-05-14,1135.68,1135.68,1135.68,1135.68,
2010-05-17,1136.94,1136.94,1136.94,1136.94,
2010-05-18,1120.8,1120.8,1120.8,1120.8,
2010-05-19,1115.05,1115.05,1115.05,1115.05,
2010-05-20,1071.59,1071.59,1071.59,1071.59,
2010-05-21,1087.69,1087.69,1087.69,1087.69,
2010-05-24,1073.65,1073.65,1073.65,1073.65,
2010-05-25,1074.03,1074.03,1074.03,1074.03,
2010-05-26,1067.95,1067.95,1067.95,1067.95,
2010-05-27,1103.06,1103.06,1103.06,1103.06,
2010-05-28,1089.41,1089.41,1089.41,1089.41,
2010-06-01,1070.71,1070.71,1070.71,1070.71,
2010-06-02,1098.38,1098.38,1098.38,1098.38,
2010-06-03,1102.83,1102.83,1102.83,1102.83,
2010-06-04,1064.88,1064.88,1064.88,1064.88,
2010-06-07,1050.47,1050.47,1050.47,1050.47,
2010-06-08,1062.0,1062.0,1062.0,1062.0,
2010-06-09,1055.69,1055.69,1055.69,1055.69,
2010-06-10,1086.84,1086.84,1086.84,1086.84,
2010-06-11,1091.6,1091.6,1091.6,1091.6,
2010-06-14,1089.63,1089.63,1089.63,1089.63,
2010-06-15,1115.23,1115.23,1115.23,1115.23,
2010-06-16,1114.61,1114.61,1114.61,1114.61,
2010-06-17,1116.04,1116.04,1116.04,1116.04,
2010-06-18,1117.51,1117.51,1117.51,1117.51,
2010-06-21,1113.2,1113.2,1113.2,1113.2,
2010-06-22,1095.31,1095.31,1095.31,1095.31,
2010-06-23,1092.04,1092.04,1092.04,1092.04,
2010-06-24,1073.69,1073.69,1073.69,1073.69,
2010-06-25,1076.76,1076.76,1076.76,1076.76,
2010-06-28,1074.57,1074.57,1074.57,1074.57,
2010-06-29,1041.24,1041.24,1041.24,1041.24,
2010-06-30,1030.71,1030.71,1030.71,1030.71,
2010-07-01,1027.37,1027.37,1027.37,1027.37,
2010-07-02,1022.58,1022.58,1022.58,1022.58,
2010-07-06,1028.06,1028.06,1028.06,1028.06,
2010-07-07,1060.27,1060.27,1060.27,1060.27,
2010-07-08,1070.25,1070.25,1070.25,1070.25,
2010-07-09,1077.96,1077.96,1077.96,1077.96,
2010-07-12,1078.75,1078.75,1078.75,1078.75,
2010-07-13,1095.34,1095.34,1095.34,1095.34,
2010-07-14,1095.17,1095.17,1095.17,1095.17,
2010-07-15,1096.48,1096.48,1096.48,1096.48,
2010-07-16,1064.88,1064.88,1064.88,1064.88,
2010-07-19,1071.25,1071.25,1071.25,1071.25,
2010-07-20,1083.48,1083.48,1083.48,1083.48,
2010-07-21,1069.59,1069.59,1069.59,1069.59,
2010-07-22,1093.67,1093.67,1093.67,1093.67,
2010-07-23,1102.66,1102.66,1102.66,1102.66,
2010-07-26,1115.01,1115.01,1115.01,1115.01,
2010-07-27,1113.84,1113.84,1113.84,1113.84,
2010-07-28,1106.13,1106.13,1106.13,1106.13,
2010-07-29,1101.53,1101.53,1101.53,1101.53,
2010-07-30,1101.6,1101.6,1101.6,1101.6,
2010-08-02,1125.86,1125.86,1125.86,1125.86,
2010-08-03,1120.46,1120.46,1120.46,1120.46,
2010-08-04,1127.24,1127.24,1127.24,1127.24,
2010-08-05,1125.81,1125.81,1125.81,1125.81,
2010-08-06,1121.64,1121.64,1121.64,1121.64,
2010-08-09,1127.79,1127.79,1127.79,1127.79,
2010-08-10,1121.06,1121.06,1121.06,1121.06,
2010-08-11,1089.47,1089.47,1089.47,1089.47,
2010-08-12,1083.61,1083.61,1083.61,1083.61,
2010-08-13,1079.25,1079.25,1079.25,1079.25,
2010-08-16,1079.38,1079.38,1079.38,1079.38,
2010-08-17,1092.54,1092.54,1092.54,1092.54,
2010-08-18,1094.16,1094.16,1094.16,1094.16,
2010-08-19,1075.63,1075.63,1075.63,1075.63,
2010-08-20,1071.69,1071.69,1071.69,1071.69,
2010-08-23,1067.36,1067.36,1067.36,1067.36,
2010-08-24,1051.87,1051.87,1051.87,1051.87,
2010-08-25,1055.33,1055.33,1055.33,1055.33,
2010-08-26,1047.22,1047.22,1047.22,1047.22,
2010-08-27,1064.59,1064.59,1064.59,1064.59,
2010-08-30,1048.92,1048.92,1048.92,1048.92,
2010-08-31,1049.33,1049.33,1049.33,1049.33,
2010-09-01,1080.29,1080.29,1080.29,1080.29,
2010-09-02,1090.1,1090.1,1090.1,1090.1,
2010-09-03,1104.51,1104.51,1104.51,1104.51,
2010-09-07,1091.84,1091.84,1091.84,1091.84,
2010-09-08,1098.87,1098.87,1098.87,1098.87,
2010-09-09,1104.18,1104.18,1104.18,1104.18,
2010-09-10,1109.55,1109.55,1109.55,1109.55,
2010-09-13,1121.9,1121.9,1121.9,1121.9,
2010-09-14,1121.1,1121.1,1121.1,1121.1,
2010-09-15,1125.07,1125.07,1125.07,1125.07,
2010-09-16,1124.66,1124.66,1124.66,1124.66,
2010-09-17,1125.59,1125.59,1125.59,1125.59,
2010-09-20,1142.71,1142.71,1142.71,1142.71,
2010-09-21,1139.78,1139.78,1139.78,1139.78,
2010-09-22,1134.28,1134.28,1134.28,1134.28,
2010-09-23,1124.83,1124.83,1124.83,1124.83,
2010-09-24,1148.67,1148.67,1148.67,1148.67,
2010-09-27,1142.16,1142.16,1142.16,1142.16,
2010-09-28,1147.7,1147.7,1147.7,1147.7,
2010-09-29,1144.73,1144.73,1144.73,1144.73,
2010-09-30,1141.2,1141.2,1141.2,1141.2,
2010-10-01,1146.24,1146.24,1146.24,1146.24,
2010-10-04,1137.03,1137.03,1137.03,1137.03,
2010-10-05,1160.75,1160.75,1160.75,1160.75,
2010-10-06,1159.97,1159.97,1159.97,1159.97,
2010-10-07,1158.06,1158.06,1158.06,1158.06,
2010-10-08,1165.15,1165.15,1165.15,1165.15,
2010-10-11,1165.32,1165.32,1165.32,1165.32,
2010-10-12,1169.77,1169.77,1169.77,1169.77,
2010-10-13,1178.1,1178.1,1178.1,1178.1,
2010-10-14,1173.81,1173.81,1173.81,1173.81,
2010-10-15,1176.19,1176.19,1176.19,1176.19,
2010-10-18,1184.71,1184.71,1184.71,1184.71,
2010-10-19,1165.9,1165.9,1165.9,1165.9,
2010-10-20,1178.17,1178.17,1178.17,1178.17,
2010-10-21,1180.26,1180.26,1180.26,1180.26,
2010-10-22,1183.08,1183.08,1183.08,1183.08,
2010-10-25,1185.62,1185.62,1185.62,1185.62,
2010-10-26,1185.64,1185.64,1185.64,1185.64,
2010-10-27,1182.45,1182.45,1182.45,1182.45,
2010-10-28,1183.78,1183.78,1183.78,1183.78,
2010-10-29,1183.26,1183.26,1183.26,1183.26,
2010-11-01,1184.38,1184.38,1184.38,1184.38,
2010-11-02,1193.57,1193.57,1193.57,1193.57,
2010-11-03,1197.96,1197.96,1197.96,1197.96,
2010-11-04,1221.06,1221.06,1221.06,1221.06,
2010-11-05,1225.85,1225.85,1225.85,1225.85,
2010-11-08,1223.25,1223.25,1223.25,1223.25,
2010-11-09,1213.4,1213.4,1213.4,1213.4,
2010-11-10,1218.71,1218.71,1218.71,1218.71,
2010-11-11,1213.54,1213.54,1213.54,1213.54,
2010-11-12,1199.21,1199.21,1199.21,1199.21,
2010-11-15,1197.75,1197.75,1197.75,1197.75,
2010-11-16,1178.34,1178.34,1178.34,1178.34,
2010-11-17,1178.59,1178.59,1178.59,1178.59,
2010-11-18,1196.69,1196.69,1196.69,1196.69,
2010-11-19,1199.73,1199.73,1199.73,1199.73,
2010-11-22,1197.84,1197.84,1197.84,1197.84,
2010-11-23,1180.73,1180.73,1180.73,1180.73,
2010-11-24,1198.35,1198.35,1198.35,1198.35,
2010-11-26,1189.4,1189.4,1189.4,1189.4,
2010-11-29,1187.76,1187.76,1187.76,1187.76,
2010-11-30,1180.55,1180.55,1180.55,1180.55,
2010-12-01,1206.07,1206.07,1206.07,1206.07,
2010-12-02,1221.53,1221.53,1221.53,1221.53,
2010-12-03,1224.71,1224.71,1224.71,1224.71,
2010-12-06,1223.12,1223.12,1223.12,1223.12,
2010-12-07,1223.75,1223.75,1223.75,1223.75,
2010-12-08,1228.28,1228.28,1228.28,1228.28,
2010-12-09,1233.0,1233.0,1233.0,1233.0,
2010-12-10,1240.4,1240.4,1240.4,1240.4,
2010-12-13,1240.46,1240.46,1240.46,1240.46,
2010-12-14,1241.59,1241.59,1241.59,1241.59,
2010-12-15,1235.23,1235.23,1235.23,1235.23,
2010-12-16,1242.87,1242.87,1242.87,1242.87,
2010-12-17,1243.91,1243.91,1243.91,1243.91,
2010-12-20,1247.08,1247.08,1247.08,1247.08,
2010-12-21,1254.6,1254.6,1254.6,1254.6,
2010-12-22,1258.84,1258.84,1258.84,1258.84,
2010-12-23,1256.77,1256.77,1256.77,1256.77,
2010-12-27,1257.54,1257.54,1257.54,1257.54,
2010-12-28,1258.51,1258.51,1258.51,1258.51,
2010-12-29,1259.78,1259.78,1259.78,1259.78,
2010-12-30,1257.88,1257.88,1257.88,1257.88,
2010-12-31,1257.64,1257.64,1257.64,1257.64,
2011-01-03,1271.87,1271.87,1271.87,1271.87,
2011-01-04,1270.2,1270.2,1270.2,1270.2,
2011-01-05,1276.56,1276.56,1276.56,1276.56,
2011-01-06,1273.85,1273.85,1273.85,1273.85,
2011-01-07,1271.5,1271.5,1271.5,1271.5,
2011-01-10,1269.75,1269.75,1269.75,1269.75,
2011-01-11,1274.48,1274.48,1274.48,1274.48,
2011-01-12,1285.96,1285.96,1285.96,1285.96,
2011-01-13,1283.76,1283.76,1283.76,1283.76,
2011-01-14,1293.24,1293.24,1293.24,1293.24,
2011-01-18,1295.02,1295.02,1295.02,1295.02,
2011-01-19,1281.92,1281.92,1281.92,1281.92,
2011-01-20,1280.26,1280.26,1280.26,1280.26,
2011-01-21,1283.35,1283.35,1283.35,1283.35,
2011-01-24,1290.84,1290.84,1290.84,1290.84,
2011-01-25,1291.18,1291.18,1291.18,1291.18,
2011-01-26,1296.63,1296.63,1296.63,1296.63,
2011-01-27,1299.54,1299.54,1299.54,1299.54,
2011-01-28,1276.34,1276.34,1276.34,1276.34,
2011-01-31,1286.12,1286.12,1286.12,1286.12,
2011-02-01,1307.59,1307.59,1307.59,1307.59,
2011-02-02,1304.03,1304.03,1304.03,1304.03,
2011-02-03,1307.1,1307.1,1307.1,1307.1,
2011-02-04,1310.87,1310.87,1310.87,1310.87,
2011-02-07,1319.05,1319.05,1319.05,1319.05,
2011-02-08,1324.57,1324.57,1324.57,1324.57,
2011-02-09,1320.88,1320.88,1320.88,1320.88,
2011-02-10,1321.87,1321.87,1321.87,1321.87,
2011-02-11,1329.15,1329.15,1329.15,1329.15,
2011-02-14,1332.32,1332.32,1332.32,1332.32,
2011-02-15,1328.01,1328.01,1328.01,1328.01,
2011-02-16,1336.32,1336.32,1336.32,1336.32,
2011-02-17,1340.43,1340.43,1340.43,1340.43,
2011-02-18,1343.01,1343.01,1343.01,1343.01,
2011-02-22,1315.44,1315.44,1315.44,1315.44,
2011-02-23,1307.4,1307.4,1307.4,1307.4,
2011-02-24,1306.1,1306.1,1306.1,1306.1,
2011-02-25,1319.88,1319.88,1319.88,1319.88,
2011-02-28,1327.22,1327.22,1327.22,1327.22,
2011-03-01,1306.33,1306.33,1306.33,1306.33,
2011-03-02,1308.44,1308.44,1308.44,1308.44,
2011-03-03,1330.97,1330.97,1330.97,1330.97,
2011-03-04,1321.15,1321.15,1321.15,1321.15,
2011-03-07,1310.13,1310.13,1310.13,1310.13,
2011-03-08,1321.82,1321.82,1321.82,1321.82,
2011-03-09,1320.02,1320.02,1320.02,1320.02,
2011-03-10,1295.11,1295.11,1295.11,1295.11,
2011-03-11,1304.28,1304.28,1304.28,1304.28,
2011-03-14,1296.39,1296.39,1296.39,1296.39,
2011-03-15,1281.87,1281.87,1281.87,1281.87,
2011-03-16,1256.88,1256.88,1256.88,1256.88,
2011-03-17,1273.72,1273.72,1273.72,1273.72,
2011-03-18,1279.21,1279.21,1279.21,1279.21,
2011-03-21,1298.38,1298.38,1298.38,1298.38,
2011-03-22,1293.77,1293.77,1293.77,1293.77,
2011-03-23,1297.54,1297.54,1297.54,1297.54,
2011-03-24,1309.66,1309.66,1309.66,1309.66,
2011-03-25,1313.8,1313.8,1313.8,1313.8,
2011-03-28,1310.19,1310.19,1310.19,1310.19,
2011-03-29,1319.44,1319.44,1319.44,1319.44,
2011-03-30,1328.26,1328.26,1328.26,1328.26,
2011-03-31,1325.83,1325.83,1325.83,1325.83,
2011-04-01,1332.41,1332.41,1332.41,1332.41,
2011-04-04,1332.87,1332.87,1332.87,1332.87,
2011-04-05,1332.63,1332.63,1332.63,1332.63,
2011-04-06,1335.54,1335.54,1335.54,1335.54,
2011-04-07,1333.51,1333.51,1333.51,1333.51,
2011-04-08,1328.17,1328.17,1328.17,1328.17,
2011-04-11,1324.46,1324.46,1324.46,1324.46,
2011-04-12,1314.16,1314.16,1314.16,1314.16,
2011-04-13,1314.41,1314.41,1314.41,1314.41,
2011-04-14,1314.52,1314.52,1314.52,1314.52,
2011-04-15,1319.68,1319.68,1319.68,1319.68,
2011-04-18,1305.14,1305.14,1305.14,1305.14,
2011-04-19,1312.62,1312.62,1312.62,1312.62,
2011-04-20,1330.36,1330.36,1330.36,1330.36,
2011-04-21,1337.38,1337.38,1337.38,1337.38,
2011-04-25,1335.25,1335.25,1335.25,1335.25,
2011-04-26,1347.24,1347.24,1347.24,1347.24,
2011-04-27,1355.66,1355.66,1355.66,1355.66,
2011-04-28,1360.48,1360.48,1360.48,1360.48,
2011-04-29,1363.61,1363.61,1363.61,1363.61,
2011-05-02,1361.22,1361.22,1361.22,1361.22,
2011-05-03,1356.62,1356.62,1356.62,1356.62,
2011-05-04,1347.32,1347.32,1347.32,1347.32,
2011-05-05,1335.1,1335.1,1335.1,1335.1,
2011-05-06,1340.2,1340.2,1340.2,1340.2,
2011-05-09,1346.29,1346.29,1346.29,1346.29,
2011-05-10,1357.16,1357.16,1357.16,1357.16,
2011-05-11,1342.08,1342.08,1342.08,1342.08,
2011-05-12,1348.65,1348.65,1348.65,1348.65,
2011-05-13,1337.77,1337.77,1337.77,1337.77,
2011-05-16,1329.47,1329.47,1329.47,1329.47,
2011-05-17,1328.98,1328.98,1328.98,1328.98,
2011-05-18,1340.68,1340.68,1340.68,1340.68,
2011-05-19,1343.6,1343.6,1343.6,1343.6,
2011-05-20,1333.27,1333.27,1333.27,1333.27,
2011-05-23,1317.37,1317.37,1317.37,1317.37,
2011-05-24,1316.28,1316.28,1316.28,1316.28,
2011-05-25,1320.47,1320.47,1320.47,1320.47,
2011-05-26,1325.69,1325.69,1325.69,1325.69,
2011-05-27,1331.1,1331.1,1331.1,1331.1,
2011-05-31,1345.2,1345.2,1345.2,1345.2,
2011-06-01,1314.55,1314.55,1314.55,1314.55,
2011-06-02,1312.94,1312.94,1312.94,1312.94,
2011-06-03,1300.16,1300.16,1300.16,1300.16,
2011-06-06,1286.17,1286.17,1286.17,1286.17,
2011-06-07,1284.94,1284.94,1284.94,1284.94,
2011-06-08,1279.56,1279.56,1279.56,1279.56,
2011-06-09,1289.0,1289.0,1289.0,1289.0,
2011-06-10,1270.98,1270.98,1270.98,1270.98,
2011-06-13,1271.83,1271.83,1271.83,1271.83,
2011-06-14,1287.87,1287.87,1287.87,1287.87,
2011-06-15,1265.42,1265.42,1265.42,1265.42,
2011-06-16,1267.64,1267.64,1267.64,1267.64,
2011-06-17,1271.5,1271.5,1271.5,1271.5,
2011-06-20,1278.36,1278.36,1278.36,1278.36,
2011-06-21,1295.52,1295.52,1295.52,1295.52,
2011-06-22,1287.14,1287.14,1287.14,1287.14,
2011-06-23,1283.5,1283.5,1283.5,1283.5,
2011-06-24,1268.45,1268.45,1268.45,1268.45,
2011-06-27,1280.1,1280.1,1280.1,1280.1,
2011-06-28,1296.67,1296.67,1296.67,1296.67,
2011-06-29,1307.41,1307.41,1307.41,1307.41,
2011-06-30,1320.64,1320.64,1320.64,1320.64,
2011-07-01,1339.67,1339.67,1339.67,1339.67,
2011-07-05,1337.88,1337.88,1337.88,1337.88,
2011-07-06,1339.22,1339.22,1339.22,1339.22,
2011-07-07,1353.22,1353.22,1353.22,1353.22,
2011-07-08,1343.8,1343.8,1343.8,1343.8,
2011-07-11,1319.49,1319.49,1319.49,1319.49,
2011-07-12,1313.64,1313.64,1313.64,1313.64,
2011-07-13,1317.72,1317.72,1317.72,1317.72,
2011-07-14,1308.87,1308.87,1308.87,1308.87,
2011-07-15,1316.14,1316.14,1316.14,1316.14,
2011-07-18,1305.44,1305.44,1305.44,1305.44,
2011-07-19,1326.73,1326.73,1326.73,1326.73,
2011-07-20,1325.84,1325.84,1325.84,1325.84,
2011-07-21,1343.8,1343.8,1343.8,1343.8,
2011-07-22,1345.02,1345.02,1345.02,1345.02,
2011-07-25,1337.43,1337.43,1337.43,1337.43,
2011-07-26,1331.94,1331.94,1331.94,1331.94,
2011-07-27,1304.89,1304.89,1304.89,1304.89,
2011-07-28,1300.67,1300.67,1300.67,1300.67,
2011-07-29,1292.28,1292.28,1292.28,1292.28,
2011-08-01,1286.94,1286.94,1286.94,1286.94,
2011-08-02,1254.05,1254.05,1254.05,1254.05,
2011-08-03,1260.34,1260.34,1260.34,1260.34,
2011-08-04,1200.07,1200.07,1200.07,1200.07,
2011-08-05,1199.38,1199.38,1199.38,1199.38,
2011-08-08,1119.46,1119.46,1119.46,1119.46,
2011-08-09,1172.53,1172.53,1172.53,1172.53,
2011-08-10,1120.76,1120.76,1120.76,1120.76,
2011-08-11,1172.64,1172.64,1172.64,1172.64,
2011-08-12,1178.81,1178.81,1178.81,1178.81,
2011-08-15,1204.49,1204.49,1204.49,1204.49,
2011-08-16,1192.76,1192.76,1192.76,1192.76,
2011-08-17,1193.89,1193.89,1193.89,1193.89,
2011-08-18,1140.65,1140.65,1140.65,1140.65,
2011-08-19,1123.53,1123.53,1123.53,1123.53,
2011-08-22,1123.82,1123.82,1123.82,1123.82,
2011-08-23,1162.35,1162.35,1162.35,1162.35,
2011-08-24,1177.6,1177.6,1177.6,1177.6,
2011-08-25,1159.27,1159.27,1159.27,1159.27,
2011-08-26,1176.8,1176.8,1176.8,1176.8,
2011-08-29,1210.08,1210.08,1210.08,1210.08,
2011-08-30,1212.92,1212.92,1212.92,1212.92,
2011-08-31,1218.89,1218.89,1218.89,1218.89,
2011-09-01,1204.42,1204.42,1204.42,1204.42,
2011-09-02,1173.97,1173.97,1173.97,1173.97,
2011-09-06,1165.24,1165.24,1165.24,1165.24,
2011-09-07,1198.62,1198.62,1198.62,1198.62,
2011-09-08,1185.9,1185.9,1185.9,1185.9,
2011-09-09,1154.23,1154.23,1154.23,1154.23,
2011-09-12,1162.27,1162.27,1162.27,1162.27,
2011-09-13,1172.87,1172.87,1172.87,1172.87,
2011-09-14,1188.68,1188.68,1188.68,1188.68,
2011-09-15,1209.11,1209.11,1209.11,1209.11,
2011-09-16,1216.01,1216.01,1216.01,1216.01,
2011-09-19,1204.09,1204.09,1204.09,1204.09,
2011-09-20,1202.09,1202.09,1202.09,1202.09,
2011-09-21,1166.76,1166.76,1166.76,1166.76,
2011-09-22,1129.56,1129.56,1129.56,1129.56,
2011-09-23,1136.43,1136.43,1136.43,1136.43,
2011-09-26,1162.95,1162.95,1162.95,1162.95,
2011-09-27,1175.38,1175.38,1175.38,1175.38,
2011-09-28,1151.06,1151.06,1151.06,1151.06,
2011-09-29,1160.4,1160.4,1160.4,1160.4,
2011-09-30,1131.42,1131.42,1131.42,1131.42,
2011-10-03,1099.23,1099.23,1099.23,1099.23,
2011-10-04,1123.95,1123.95,1123.95,1123.95,
2011-10-05,1144.03,1144.03,1144.03,1144.03,
2011-10-06,1164.97,1164.97,1164.97,1164.97,
2011-10-07,1155.46,1155.46,1155.46,1155.46,
2011-10-10,1194.89,1194.89,1194.89,1194.89,
2011-10-11,1195.54,1195.54,1195.54,1195.54,
2011-10-12,1207.25,1207.25,1207.25,1207.25,
2011-10-13,1203.66,1203.66,1203.66,1203.66,
2011-10-14,1224.58,1224.58,1224.58,1224.58,
2011-10-17,1200.86,1200.86,1200.86,1200.86,
2011-10-18,1225.38,1225.38,1225.38,1225.38,
2011-10-19,1209.88,1209.88,1209.88,1209.88,
2011-10-20,1215.39,1215.39,1215.39,1215.39,
2011-10-21,1238.25,1238.25,1238.25,1238.25,
2011-10-24,1254.19,1254.19,1254.19,1254.19,
2011-10-25,1229.05,1229.05,1229.05,1229.05,
2011-10-26,1242.0,1242.0,1242.0,1242.0,
2011-10-27,1284.59,1284.59,1284.59,1284.59,
2011-10-28,1285.09,1285.09,1285.09,1285.09,
2011-10-31,1253.3,1253.3,1253.3,1253.3,
2011-11-01,1218.28,1218.28,1218.28,1218.28,
2011-11-02,1237.9,1237.9,1237.9,1237.9,
2011-11-03,1261.15,1261.15,1261.15,1261.15,
2011-11-04,1253.23,1253.23,1253.23,1253.23,
2011-11-07,1261.12,1261.12,1261.12,1261.12,
2011-11-08,1275.92,1275.92,1275.92,1275.92,
2011-11-09,1229.1,1229.1,1229.1,1229.1,
2011-11-10,1239.7,1239.7,1239.7,1239.7,
2011-11-11,1263.85,1263.85,1263.85,1263.85,
2011-11-14,1251.78,1251.78,1251.78,1251.78,
2011-11-15,1257.81,1257.81,1257.81,1257.81,
2011-11-16,1236.91,1236.91,1236.91,1236.91,
2011-11-17,1216.13,1216.13,1216.13,1216.13,
2011-11-18,1215.65,1215.65,1215.65,1215.65,
2011-11-21,1192.98,1192.98,1192.98,1192.98,
2011-11-22,1188.04,1188.04,1188.04,1188.04,
2011-11-23,1161.79,1161.79,1161.79,1161.79,
2011-11-25,1158.67,1158.67,1158.67,1158.67,
2011-11-28,1192.55,1192.55,1192.55,1192.55,
2011-11-29,1195.19,1195.19,1195.19,1195.19,
2011-11-30,1246.96,1246.96,1246.96,1246.96,
2011-12-01,1244.58,1244.58,1244.58,1244.58,
2011-12-02,1244.28,1244.28,1244.28,1244.28,
2011-12-05,1257.08,1257.08,1257.08,1257.08,
2011-12-06,1258.47,1258.47,1258.47,1258.47,
2011-12-07,1261.01,1261.01,1261.01,1261.01,
2011-12-08,1234.35,1234.35,1234.35,1234.35,
2011-12-09,1255.19,1255.19,1255.19,1255.19,
2011-12-12,1236.47,1236.47,1236.47,1236.47,
2011-12-13,1225.73,1225.73,1225.73,1225.73,
2011-12-14,1211.82,1211.82,1211.82,1211.82,
2011-12-15,1215.75,1215.75,1215.75,1215.75,
2011-12-16,1219.66,1219.66,1219.66,1219.66,
2011-12-19,1205.35,1205.35,1205.35,1205.35,
2011-12-20,1241.3,1241.3,1241.3,1241.3,
2011-12-21,1243.72,1243.72,1243.72,1243.72,
2011-12-22,1254.0,1254.0,1254.0,1254.0,
2011-12-23,1265.33,1265.33,1265.33,1265.33,
2011-12-27,1265.43,1265.43,1265.43,1265.43,
2011-12-28,1249.64,1249.64,1249.64,1249.64,
2011-12-29,1263.02,1263.02,1263.02,1263.02,
2011-12-30,1257.6,1257.6,1257.6,1257.6,
2012-01-03,1277.06,1277.06,1277.06,1277.06,
2012-01-04,1277.3,1277.3,1277.3,1277.3,
2012-01-05,1281.06,1281.06,1281.06,1281.06,
2012-01-06,1277.81,1277.81,1277.81,1277.81,
2012-01-09,1280.7,1280.7,1280.7,1280.7,
2012-01-10,1292.08,1292.08,1292.08,1292.08,
2012-01-11,1292.48,1292.48,1292.48,1292.48,
2012-01-12,1295.5,1295.5,1295.5,1295.5,
2012-01-13,1289.09,1289.09,1289.09,1289.09,
2012-01-17,1293.67,1293.67,1293.67,1293.67,
2012-01-18,1308.04,1308.04,1308.04,1308.04,
2012-01-19,1314.5,1314.5,1314.5,1314.5,
2012-01-20,1315.38,1315.38,1315.38,1315.38,
2012-01-23,1316.0,1316.0,1316.0,1316.0,
2012-01-24,1314.65,1314.65,1314.65,1314.65,
2012-01-25,1326.06,1326.06,1326.06,1326.06,
2012-01-26,1318.43,1318.43,1318.43,1318.43,
2012-01-27,1316.33,1316.33,1316.33,1316.33,
2012-01-30,1313.01,1313.01,1313.01,1313.01,
2012-01-31,1312.41,1312.41,1312.41,1312.41,
2012-02-01,1324.09,1324.09,1324.09,1324.09,
2012-02-02,1325.54,1325.54,1325.54,1325.54,
2012-02-03,1344.9,1344.9,1344.9,1344.9,
2012-02-06,1344.33,1344.33,1344.33,1344.33,
2012-02-07,1347.05,1347.05,1347.05,1347.05,
2012-02-08,1349.96,1349.96,1349.96,1349.96,
2012-02-09,1351.95,1351.95,1351.95,1351.95,
2012-02-10,1342.64,1342.64,1342.64,1342.64,
2012-02-13,1351.77,1351.77,1351.77,1351.77,
2012-02-14,1350.5,1350.5,1350.5,1350.5,
2012-02-15,1343.23,1343.23,1343.23,1343.23,
2012-02-16,1358.04,1358.04,1358.04,1358.04,
2012-02-17,1361.23,1361.23,1361.23,1361.23,
2012-02-21,1362.21,1362.21,1362.21,1362.21,
2012-02-22,1357.66,1357.66,1357.66,1357.66,
2012-02-23,1363.46,1363.46,1363.46,1363.46,
2012-02-24,1365.74,1365.74,1365.74,1365.74,
2012-02-27,1367.59,1367.59,1367.59,1367.59,
2012-02-28,1372.18,1372.18,1372.18,1372.18,
2012-02-29,1365.68,1365.68,1365.68,1365.68,
2012-03-01,1374.09,1374.09,1374.09,1374.09,
2012-03-02,1369.63,1369.63,1369.63,1369.63,
2012-03-05,1364.33,1364.33,1364.33,1364.33,
2012-03-06,1343.36,1343.36,1343.36,1343.36,
2012-03-07,1352.63,1352.63,1352.63,1352.63,
2012-03-08,1365.91,1365.91,1365.91,1365.91,
2012-03-09,1370.87,1370.87,1370.87,1370.87,
2012-03-12,1371.09,1371.09,1371.09,1371.09,
2012-03-13,1395.95,1395.95,1395.95,1395.95,
2012-03-14,1394.28,1394.28,1394.28,1394.28,
2012-03-15,1402.6,1402.6,1402.6,1402.6,
2012-03-16,1404.17,1404.17,1404.17,1404.17,
2012-03-19,1409.75,1409.75,1409.75,1409.75,
2012-03-20,1405.52,1405.52,1405.52,1405.52,
2012-03-21,1402.89,1402.89,1402.89,1402.89,
2012-03-22,1392.78,1392.78,1392.78,1392.78,
2012-03-23,1397.11,1397.11,1397.11,1397.11,
2012-03-26,1416.51,1416.51,1416.51,1416.51,
2012-03-27,1412.52,1412.52,1412.52,1412.52,
2012-03-28,1405.54,1405.54,1405.54,1405.54,
2012-03-29,1403.28,1403.28,1403.28,1403.28,
2012-03-30,1408.47,1408.47,1408.47,1408.47,
2012-04-02,1419.04,1419.04,1419.04,1419.04,
2012-04-03,1413.38,1413.38,1413.38,1413.38,
2012-04-04,1398.96,1398.96,1398.96,1398.96,
2012-04-05,1398.08,1398.08,1398.08,1398.08,
2012-04-09,1382.2,1382.2,1382.2,1382.2,
2012-04-10,1358.59,1358.59,1358.59,1358.59,
2012-04-11,1368.71,1368.71,1368.71,1368.71,
2012-04-12,1387.57,1387.57,1387.57,1387.57,
2012-04-13,1370.26,1370.26,1370.26,1370.26,
2012-04-16,1369.57,1369.57,1369.57,1369.57,
2012-04-17,1390.78,1390.78,1390.78,1390.78,
2012-04-18,1385.14,1385.14,1385.14,1385.14,
2012-04-19,1376.92,1376.92,1376.92,1376.92,
2012-04-20,1378.53,1378.53,1378.53,1378.53,
2012-04-23,1366.94,1366.94,1366.94,1366.94,
2012-04-24,1371.97,1371.97,1371.97,1371.97,
2012-04-25,1390.69,1390.69,1390.69,1390.69,
2012-04-26,1399.98,1399.98,1399.98,1399.98,
2012-04-27,1403.36,1403.36,1403.36,1403.36,
2012-04-30,1397.91,1397.91,1397.91,1397.91,
2012-05-01,1405.82,1405.82,1405.82,1405.82,
2012-05-02,1402.31,1402.31,1402.31,1402.31,
2012-05-03,1391.57,1391.57,1391.57,1391.57,
2012-05-04,1369.1,1369.1,1369.1,1369.1,
2012-05-07,1369.58,1369.58,1369.58,1369.58,
2012-05-08,1363.72,1363.72,1363.72,1363.72,
2012-05-09,1354.58,1354.58,1354.58,1354.58,
2012-05-10,1357.99,1357.99,1357.99,1357.99,
2012-05-11,1353.39,1353.39,1353.39,1353.39,
2012-05-14,1338.35,1338.35,1338.35,1338.35,
2012-05-15,1330.66,1330.66,1330.66,1330.66,
2012-05-16,1324.8,1324.8,1324.8,1324.8,
2012-05-17,1304.86,1304.86,1304.86,1304.86,
2012-05-18,1295.22,1295.22,1295.22,1295.22,
2012-05-21,1315.99,1315.99,1315.99,1315.99,
2012-05-22,1316.63,1316.63,1316.63,1316.63,
2012-05-23,1318.86,1318.86,1318.86,1318.86,
2012-05-24,1320.68,1320.68,1320.68,1320.68,
2012-05-25,1317.82,1317.82,1317.82,1317.82,
2012-05-29,1332.42,1332.42,1332.42,1332.42,
2012-05-30,1313.32,1313.32,1313.32,1313.32,
2012-05-31,1310.33,1310.33,1310.33,1310.33,
2012-06-01,1278.04,1278.04,1278.04,1278.04,
2012-06-04,1278.18,1278.18,1278.18,1278.18,
2012-06-05,1285.5,1285.5,1285.5,1285.5,
2012-06-06,1315.13,1315.13,1315.13,1315.13,
2012-06-07,1314.99,1314.99,1314.99,1314.99,
2012-06-08,1325.66,1325.66,1325.66,1325.66,
2012-06-11,1308.93,1308.93,1308.93,1308.93,
2012-06-12,1324.18,1324.18,1324.18,1324.18,
2012-06-13,1314.88,1314.88,1314.88,1314.88,
2012-06-14,1329.1,1329.1,1329.1,1329.1,
2012-06-15,1342.84,1342.84,1342.84,1342.84,
2012-06-18,1344.78,1344.78,1344.78,1344.78,
2012-06-19,1357.98,1357.98,1357.98,1357.98,
2012-06-20,1355.69,1355.69,1355.69,1355.69,
2012-06-21,1325.51,1325.51,1325.51,1325.51,
2012-06-22,1335.02,1335.02,1335.02,1335.02,
2012-06-25,1313.72,1313.72,1313.72,1313.72,
2012-06-26,1319.99,1319.99,1319.99,1319.99,
2012-06-27,1331.85,1331.85,1331.85,1331.85,
2012-06-28,1329.04,1329.04,1329.04,1329.04,
2012-06-29,1362.16,1362.16,1362.16,1362.16,
2012-07-02,1365.51,1365.51,1365.51,1365.51,
2012-07-03,1374.02,1374.02,1374.02,1374.02,
2012-07-05,1367.58,1367.58,1367.58,1367.58,
2012-07-06,1354.68,1354.68,1354.68,1354.68,
2012-07-09,1352.46,1352.46,1352.46,1352.46,
2012-07-10,1341.47,1341.47,1341.47,1341.47,
2012-07-11,1341.45,1341.45,1341.45,1341.45,
2012-07-12,1334.76,1334.76,1334.76,1334.76,
2012-07-13,1356.78,1356.78,1356.78,1356.78,
2012-07-16,1353.64,1353.64,1353.64,1353.64,
2012-07-17,1363.67,1363.67,1363.67,1363.67,
2012-07-18,1372.78,1372.78,1372.78,1372.78,
2012-07-19,1376.51,1376.51,1376.51,1376.51,
2012-07-20,1362.66,1362.66,1362.66,1362.66,
2012-07-23,1350.52,1350.52,1350.52,1350.52,
2012-07-24,1338.31,1338.31,1338.31,1338.31,
2012-07-25,1337.89,1337.89,1337.89,1337.89,
2012-07-26,1360.02,1360.02,1360.02,1360.02,
2012-07-27,1385.97,1385.97,1385.97,1385.97,
2012-07-30,1385.3,1385.3,1385.3,1385.3,
2012-07-31,1379.32,1379.32,1379.32,1379.32,
2012-08-01,1375.32,1375.32,1375.32,1375.32,
2012-08-02,1365.0,1365.0,1365.0,1365.0,
2012-08-03,1390.99,1390.99,1390.99,1390.99,
2012-08-06,1394.23,1394.23,1394.23,1394.23,
2012-08-07,1401.35,1401.35,1401.35,1401.35,
2012-08-08,1402.22,1402.22,1402.22,1402.22,
2012-08-09,1402.8,1402.8,1402.8,1402.8,
2012-08-10,1405.87,1405.87,1405.87,1405.87,
2012-08-13,1404.11,1404.11,1404.11,1404.11,
2012-08-14,1403.93,1403.93,1403.93,1403.93,
2012-08-15,1405.53,1405.53,1405.53,1405.53,
2012-08-16,1415.51,1415.51,1415.51,1415.51,
2012-08-17,1418.16,1418.16,1418.16,1418.16,
2012-08-20,1418.13,1418.13,1418.13,1418.13,
2012-08-21,1413.17,1413.17,1413.17,1413.17,
2012-08-22,1413.49,1413.49,1413.49,1413.49,
2012-08-23,1402.08,1402.08,1402.08,1402.08,
2012-08-24,1411.13,1411.13,1411.13,1411.13,
2012-08-27,1410.44,1410.44,1410.44,1410.44,
2012-08-28,1409.3,1409.3,1409.3,1409.3,
2012-08-29,1410.49,1410.49,1410.49,1410.49,
2012-08-30,1399.48,1399.48,1399.48,1399.48,
2012-08-31,1406.58,1406.58,1406.58,1406.58,
2012-09-04,1404.94,1404.94,1404.94,1404.94,
2012-09-05,1403.44,1403.44,1403.44,1403.44,
2012-09-06,1432.12,1432.12,1432.12,1432.12,
2012-09-07,1437.92,1437.92,1437.92,1437.92,
2012-09-10,1429.08,1429.08,1429.08,1429.08,
2012-09-11,1433.56,1433.56,1433.56,1433.56,
2012-09-12,1436.56,1436.56,1436.56,1436.56,
2012-09-13,1459.99,1459.99,1459.99,1459.99,
2012-09-14,1465.77,1465.77,1465.77,1465.77,
2012-09-17,1461.19,1461.19,1461.19,1461.19,
2012-09-18,1459.32,1459.32,1459.32,1459.32,
2012-09-19,1461.05,1461.05,1461.05,1461.05,
2012-09-20,1460.26,1460.26,1460.26,1460.26,
2012-09-21,1460.15,1460.15,1460.15,1460.15,
2012-09-24,1456.89,1456.89,1456.89,1456.89,
2012-09-25,1441.59,1441.59,1441.59,1441.59,
2012-09-26,1433.32,1433.32,1433.32,1433.32,
2012-09-27,1447.15,1447.15,1447.15,1447.15,
2012-09-28,1440.67,1440.67,1440.67,1440.67,
2012-10-01,1444.49,1444.49,1444.49,1444.49,
2012-10-02,1445.75,1445.75,1445.75,1445.75,
2012-10-03,1450.99,1450.99,1450.99,1450.99,
2012-10-04,1461.4,1461.4,1461.4,1461.4,
2012-10-05,1460.93,1460.93,1460.93,1460.93,
2012-10-08,1455.88,1455.88,1455.88,1455.88,
2012-10-09,1441.48,1441.48,1441.48,1441.48,
2012-10-10,1432.56,1432.56,1432.56,1432.56,
2012-10-11,1432.84,1432.84,1432.84,1432.84,
2012-10-12,1428.59,1428.59,1428.59,1428.59,
2012-10-15,1440.13,1440.13,1440.13,1440.13,
2012-10-16,1454.92,1454.92,1454.92,1454.92,
2012-10-17,1460.91,1460.91,1460.91,1460.91,
2012-10-18,1457.34,1457.34,1457.34,1457.34,
2012-10-19,1433.19,1433.19,1433.19,1433.19,
2012-10-22,1433.82,1433.82,1433.82,1433.82,
2012-10-23,1413.11,1413.11,1413.11,1413.11,
2012-10-24,1408.75,1408.75,1408.75,1408.75,
2012-10-25,1412.97,1412.97,1412.97,1412.97,
2012-10-26,1411.94,1411.94,1411.94,1411.94,
2012-10-31,1412.16,1412.16,1412.16,1412.16,
2012-11-01,1427.59,1427.59,1427.59,1427.59,
2012-11-02,1414.2,1414.2,1414.2,1414.2,
2012-11-05,1417.26,1417.26,1417.26,1417.26,
2012-11-06,1428.39,1428.39,1428.39,1428.39,
2012-11-07,1394.53,1394.53,1394.53,1394.53,
2012-11-08,1377.51,1377.51,1377.51,1377.51,
2012-11-09,1379.85,1379.85,1379.85,1379.85,
2012-11-12,1380.03,1380.03,1380.03,1380.03,
2012-11-13,1374.53,1374.53,1374.53,1374.53,
2012-11-14,1355.49,1355.49,1355.49,1355.49,
2012-11-15,1353.33,1353.33,1353.33,1353.33,
2012-11-16,1359.88,1359.88,1359.88,1359.88,
2012-11-19,1386.89,1386.89,1386.89,1386.89,
2012-11-20,1387.81,1387.81,1387.81,1387.81,
2012-11-21,1391.03,1391.03,1391.03,1391.03,
2012-11-23,1409.15,1409.15,1409.15,1409.15,
2012-11-26,1406.29,1406.29,1406.29,1406.29,
2012-11-27,1398.94,1398.94,1398.94,1398.94,
2012-11-28,1409.93,1409.93,1409.93,1409.93,
2012-11-29,1415.95,1415.95,1415.95,1415.95,
2012-11-30,1416.18,1416.18,1416.18,1416.18,
2012-12-03,1409.46,1409.46,1409.46,1409.46,
2012-12-04,1407.05,1407.05,1407.05,1407.05,
2012-12-05,1409.28,1409.28,1409.28,1409.28,
2012-12-06,1413.94,1413.94,1413.94,1413.94,
2012-12-07,1418.07,1418.07,1418.07,1418.07,
2012-12-10,1418.55,1418.55,1418.55,1418.55,
2012-12-11,1427.84,1427.84,1427.84,1427.84,
2012-12-12,1428.48,1428.48,1428.48,1428.48,
2012-12-13,1419.45,1419.45,1419.45,1419.45,
2012-12-14,1413.58,1413.58,1413.58,1413.58,
2012-12-17,1430.36,1430.36,1430.36,1430.36,
2012-12-18,1446.79,1446.79,1446.79,1446.79,
2012-12-19,1435.81,1435.81,1435.81,1435.81,
2012-12-20,1443.69,1443.69,1443.69,1443.69,
2012-12-21,1430.15,1430.15,1430.15,1430.15,
2012-12-24,1426.66,1426.66,1426.66,1426.66,
2012-12-26,1419.83,1419.83,1419.83,1419.83,
2012-12-27,1418.1,1418.1,1418.1,1418.1,
2012-12-28,1402.43,1402.43,1402.43,1402.43,
2012-12-31,1426.19,1426.19,1426.19,1426.19,
2013-01-02,1462.42,1462.42,1462.42,1462.42,
2013-01-03,1459.37,1459.37,1459.37,1459.37,
2013-01-04,1466.47,1466.47,1466.47,1466.47,
2013-01-07,1461.89,1461.89,1461.89,1461.89,
2013-01-08,1457.15,1457.15,1457.15,1457.15,
2013-01-09,1461.02,1461.02,1461.02,1461.02,
2013-01-10,1472.12,1472.12,1472.12,1472.12,
2013-01-11,1472.05,1472.05,1472.05,1472.05,
2013-01-14,1470.68,1470.68,1470.68,1470.68,
2013-01-15,1472.34,1472.34,1472.34,1472.34,
2013-01-16,1472.63,1472.63,1472.63,1472.63,
2013-01-17,1480.94,1480.94,1480.94,1480.94,
2013-01-18,1485.98,1485.98,1485.98,1485.98,
2013-01-22,1492.56,1492.56,1492.56,1492.56,
2013-01-23,1494.81,1494.81,1494.81,1494.81,
2013-01-24,1494.82,1494.82,1494.82,1494.82,
2013-01-25,1502.96,1502.96,1502.96,1502.96,
2013-01-28,1500.18,1500.18,1500.18,1500.18,
2013-01-29,1507.84,1507.84,1507.84,1507.84,
2013-01-30,1501.96,1501.96,1501.96,1501.96,
2013-01-31,1498.11,1498.11,1498.11,1498.11,
2013-02-01,1513.17,1513.17,1513.17,1513.17,
2013-02-04,1495.71,1495.71,1495.71,1495.71,
2013-02-05,1511.29,1511.29,1511.29,1511.29,
2013-02-06,1512.12,1512.12,1512.12,1512.12,
2013-02-07,1509.39,1509.39,1509.39,1509.39,
2013-02-08,1517.93,1517.93,1517.93,1517.93,
2013-02-11,1517.01,1517.01,1517.01,1517.01,
2013-02-12,1519.43,1519.43,1519.43,1519.43,
2013-02-13,1520.33,1520.33,1520.33,1520.33,
2013-02-14,1521.38,1521.38,1521.38,1521.38,
2013-02-15,1519.79,1519.79,1519.79,1519.79,
2013-02-19,1530.94,1530.94,1530.94,1530.94,
2013-02-20,1511.95,1511.95,1511.95,1511.95,
2013-02-21,1502.42,1502.42,1502.42,1502.42,
2013-02-22,1515.6,1515.6,1515.6,1515.6,
2013-02-25,1487.85,1487.85,1487.85,1487.85,
2013-02-26,1496.94,1496.94,1496.94,1496.94,
2013-02-27,1515.99,1515.99,1515.99,1515.99,
2013-02-28,1514.68,1514.68,1514.68,1514.68,
2013-03-01,1518.2,1518.2,1518.2,1518.2,
2013-03-04,1525.2,1525.2,1525.2,1525.2,
2013-03-05,1539.79,1539.79,1539.79,1539.79,
2013-03-06,1541.46,1541.46,1541.46,1541.46,
2013-03-07,1544.26,1544.26,1544.26,1544.26,
2013-03-08,1551.18,1551.18,1551.18,1551.18,
2013-03-11,1556.22,1556.22,1556.22,1556.22,
2013-03-12,1552.48,1552.48,1552.48,1552.48,
2013-03-13,1554.52,1554.52,1554.52,1554.52,
2013-03-14,1563.23,1563.23,1563.23,1563.23,
2013-03-15,1560.7,1560.7,1560.7,1560.7,
2013-03-18,1552.1,1552.1,1552.1,1552.1,
2013-03-19,1548.34,1548.34,1548.34,1548.34,
2013-03-20,1558.71,1558.71,1558.71,1558.71,
2013-03-21,1545.8,1545.8,1545.8,1545.8,
2013-03-22,1556.89,1556.89,1556.89,1556.89,
2013-03-25,1551.69,1551.69,1551.69,1551.69,
2013-03-26,1563.77,1563.77,1563.77,1563.77,
2013-03-27,1562.85,1562.85,1562.85,1562.85,
2013-03-28,1569.19,1569.19,1569.19,1569.19,
2013-04-01,1562.17,1562.17,1562.17,1562.17,
2013-04-02,1570.25,1570.25,1570.25,1570.25,
2013-04-03,1553.69,1553.69,1553.69,1553.69,
2013-04-04,1559.98,1559.98,1559.98,1559.98,
2013-04-05,1553.28,1553.28,1553.28,1553.28,
2013-04-08,1563.07,1563.07,1563.07,1563.07,
2013-04-09,1568.61,1568.61,1568.61,1568.61,
2013-04-10,1587.73,1587.73,1587.73,1587.73,
2013-04-11,1593.37,1593.37,1593.37,1593.37,
2013-04-12,1588.85,1588.85,1588.85,1588.85,
2013-04-15,1552.36,1552.36,1552.36,1552.36,
2013-04-16,1574.57,1574.57,1574.57,1574.57,
2013-04-17,1552.01,1552.01,1552.01,1552.01,
2013-04-18,1541.61,1541.61,1541.61,1541.61,
2013-04-19,1555.25,1555.25,1555.25,1555.25,
2013-04-22,1562.5,1562.5,1562.5,1562.5,
2013-04-23,1578.78,1578.78,1578.78,1578.78,
2013-04-24,1578.79,1578.79,1578.79,1578.79,
2013-04-25,1585.16,1585.16,1585.16,1585.16,
2013-04-26,1582.24,1582.24,1582.24,1582.24,
2013-04-29,1593.61,1593.61,1593.61,1593.61,
2013-04-30,1597.57,1597.57,1597.57,1597.57,
2013-05-01,1582.7,1582.7,1582.7,1582.7,
2013-05-02,1597.59,1597.59,1597.59,1597.59,
2013-05-03,1614.42,1614.42,1614.42,1614.42,
2013-05-06,1617.5,1617.5,1617.5,1617.5,
2013-05-07,1625.96,1625.96,1625.96,1625.96,
2013-05-08,1632.69,1632.69,1632.69,1632.69,
2013-05-09,1626.67,1626.67,1626.67,1626.67,
2013-05-10,1633.7,1633.7,1633.7,1633.7,
2013-05-13,1633.77,1633.77,1633.77,1633.77,
2013-05-14,1650.34,1650.34,1650.34,1650.34,
2013-05-15,1658.78,1658.78,1658.78,1658.78,
2013-05-16,1650.47,1650.47,1650.47,1650.47,
2013-05-17,1667.47,1667.47,1667.47,1667.47,
2013-05-20,1666.29,1666.29,1666.29,1666.29,
2013-05-21,1669.16,1669.16,1669.16,1669.16,
2013-05-22,1655.35,1655.35,1655.35,1655.35,
2013-05-23,1650.51,1650.51,1650.51,1650.51,
2013-05-24,1649.6,1649.6,1649.6,1649.6,
2013-05-28,1660.06,1660.06,1660.06,1660.06,
2013-05-29,1648.36,1648.36,1648.36,1648.36,
2013-05-30,1654.41,1654.41,1654.41,1654.41,
2013-05-31,1630.74,1630.74,1630.74,1630.74,
2013-06-03,1640.42,1640.42,1640.42,1640.42,
2013-06-04,1631.38,1631.38,1631.38,1631.38,
2013-06-05,1608.9,1608.9,1608.9,1608.9,
2013-06-06,1622.56,1622.56,1622.56,1622.56,
2013-06-07,1643.38,1643.38,1643.38,1643.38,
2013-06-10,1642.81,1642.81,1642.81,1642.81,
2013-06-11,1626.13,1626.13,1626.13,1626.13,
2013-06-12,1612.52,1612.52,1612.52,1612.52,
2013-06-13,1636.36,1636.36,1636.36,1636.36,
2013-06-14,1626.73,1626.73,1626.73,1626.73,
2013-06-17,1639.04,1639.04,1639.04,1639.04,
2013-06-18,1651.81,1651.81,1651.81,1651.81,
2013-06-19,1628.93,1628.93,1628.93,1628.93,
2013-06-20,1588.19,1588.19,1588.19,1588.19,
2013-06-21,1592.43,1592.43,1592.43,1592.43,
2013-06-24,1573.09,1573.09,1573.09,1573.09,
2013-06-25,1588.03,1588.03,1588.03,1588.03,
2013-06-26,1603.26,1603.26,1603.26,1603.26,
2013-06-27,1613.2,1613.2,1613.2,1613.2,
2013-06-28,1606.28,1606.28,1606.28,1606.28,
2013-07-01,1614.96,1614.96,1614.96,1614.96,
2013-07-02,1614.08,1614.08,1614.08,1614.08,
2013-07-03,1615.41,1615.41,1615.41,1615.41,
2013-07-05,1631.89,1631.89,1631.89,1631.89,
2013-07-08,1640.46,1640.46,1640.46,1640.46,
2013-07-09,1652.32,1652.32,1652.32,1652.32,
2013-07-10,1652.62,1652.62,1652.62,1652.62,
2013-07-11,1675.02,1675.02,1675.02,1675.02,
2013-07-12,1680.19,1680.19,1680.19,1680.19,
2013-07-15,1682.5,1682.5,1682.5,1682.5,
2013-07-16,1676.26,1676.26,1676.26,1676.26,
2013-07-17,1680.91,1680.91,1680.91,1680.91,
2013-07-18,1689.37,1689.37,1689.37,1689.37,
2013-07-19,1692.09,1692.09,1692.09,1692.09,
2013-07-22,1695.53,1695.53,1695.53,1695.53,
2013-07-23,1692.39,1692.39,1692.39,1692.39,
2013-07-24,1685.94,1685.94,1685.94,1685.94,
2013-07-25,1690.25,1690.25,1690.25,1690.25,
2013-07-26,1691.65,1691.65,1691.65,1691.65,
2013-07-29,1685.33,1685.33,1685.33,1685.33,
2013-07-30,1685.96,1685.96,1685.96,1685.96,
2013-07-31,1685.73,1685.73,1685.73,1685.73,
2013-08-01,1706.87,1706.87,1706.87,1706.87,
2013-08-02,1709.67,1709.67,1709.67,1709.67,
2013-08-05,1707.14,1707.14,1707.14,1707.14,
2013-08-06,1697.37,1697.37,1697.37,1697.37,
2013-08-07,1690.91,1690.91,1690.91,1690.91,
2013-08-08,1697.48,1697.48,1697.48,1697.48,
2013-08-09,1691.42,1691.42,1691.42,1691.42,
2013-08-12,1689.47,1689.47,1689.47,1689.47,
2013-08-13,1694.16,1694.16,1694.16,1694.16,
2013-08-14,1685.39,1685.39,1685.39,1685.39,
2013-08-15,1661.32,1661.32,1661.32,1661.32,
2013-08-16,1655.83,1655.83,1655.83,1655.83,
2013-08-19,1646.06,1646.06,1646.06,1646.06,
2013-08-20,1652.35,1652.35,1652.35,1652.35,
2013-08-21,1642.8,1642.8,1642.8,1642.8,
2013-08-22,1656.96,1656.96,1656.96,1656.96,
2013-08-23,1663.5,1663.5,1663.5,1663.5,
2013-08-26,1656.78,1656.78,1656.78,1656.78,
2013-08-27,1630.48,1630.48,1630.48,1630.48,
2013-08-28,1634.96,1634.96,1634.96,1634.96,
2013-08-29,1638.17,1638.17,1638.17,1638.17,
2013-08-30,1632.97,1632.97,1632.97,1632.97,
2013-09-03,1639.77,1639.77,1639.77,1639.77,
2013-09-04,1653.08,1653.08,1653.08,1653.08,
2013-09-05,1655.08,1655.08,1655.08,1655.08,
2013-09-06,1655.17,1655.17,1655.17,1655.17,
2013-09-09,1671.71,1671.71,1671.71,1671.71,
2013-09-10,1683.99,1683.99,1683.99,1683.99,
2013-09-11,1689.13,1689.13,1689.13,1689.13,
2013-09-12,1683.42,1683.42,1683.42,1683.42,
2013-09-13,1687.99,1687.99,1687.99,1687.99,
2013-09-16,1697.6,1697.6,1697.6,1697.6,
2013-09-17,1704.76,1704.76,1704.76,1704.76,
2013-09-18,1725.52,1725.52,1725.52,1725.52,
2013-09-19,1722.34,1722.34,1722.34,1722.34,
2013-09-20,1709.91,1709.91,1709.91,1709.91,
2013-09-23,1701.84,1701.84,1701.84,1701.84,
2013-09-24,1697.42,1697.42,1697.42,1697.42,
2013-09-25,1692.77,1692.77,1692.77,1692.77,
2013-09-26,1698.67,1698.67,1698.67,1698.67,
2013-09-27,1691.75,1691.75,1691.75,1691.75,
2013-09-30,1681.55,1681.55,1681.55,1681.55,
2013-10-01,1695.0,1695.0,1695.0,1695.0,
2013-10-02,1693.87,1693.87,1693.87,1693.87,
2013-10-03,1678.66,1678.66,1678.66,1678.66,
2013-10-04,1690.5,1690.5,1690.5,1690.5,
2013-10-07,1676.12,1676.12,1676.12,1676.12,
2013-10-08,1655.45,1655.45,1655.45,1655.45,
2013-10-09,1656.4,1656.4,1656.4,1656.4,
2013-10-10,1692.56,1692.56,1692.56,1692.56,
2013-10-11,1703.2,1703.2,1703.2,1703.2,
2013-10-14,1710.14,1710.14,1710.14,1710.14,
2013-10-15,1698.06,1698.06,1698.06,1698.06,
2013-10-16,1721.54,1721.54,1721.54,1721.54,
2013-10-17,1733.15,1733.15,1733.15,1733.15,
2013-10-18,1744.5,1744.5,1744.5,1744.5,
2013-10-21,1744.66,1744.66,1744.66,1744.66,
2013-10-22,1754.67,1754.67,1754.67,1754.67,
2013-10-23,1746.38,1746.38,1746.38,1746.38,
2013-10-24,1752.07,1752.07,1752.07,1752.07,
2013-10-25,1759.77,1759.77,1759.77,1759.77,
2013-10-28,1762.11,1762.11,1762.11,1762.11,
2013-10-29,1771.95,1771.95,1771.95,1771.95,
2013-10-30,1763.31,1763.31,1763.31,1763.31,
2013-10-31,1756.54,1756.54,1756.54,1756.54,
2013-11-01,1761.64,1761.64,1761.64,1761.64,
2013-11-04,1767.93,1767.93,1767.93,1767.93,
2013-11-05,1762.97,1762.97,1762.97,1762.97,
2013-11-06,1770.49,1770.49,1770.49,1770.49,
2013-11-07,1747.15,1747.15,1747.15,1747.15,
2013-11-08,1770.61,1770.61,1770.61,1770.61,
2013-11-11,1771.89,1771.89,1771.89,1771.89,
2013-11-12,1767.69,1767.69,1767.69,1767.69,
2013-11-13,1782.0,1782.0,1782.0,1782.0,
2013-11-14,1790.62,1790.62,1790.62,1790.62,
2013-11-15,1798.18,1798.18,1798.18,1798.18,
2013-11-18,1791.53,1791.53,1791.53,1791.53,
2013-11-19,1787.87,1787.87,1787.87,1787.87,
2013-11-20,1781.37,1781.37,1781.37,1781.37,
2013-11-21,1795.85,1795.85,1795.85,1795.85,
2013-11-22,1804.76,1804.76,1804.76,1804.76,
2013-11-25,1802.48,1802.48,1802.48,1802.48,
2013-11-26,1802.75,1802.75,1802.75,1802.75,
2013-11-27,1807.23,1807.23,1807.23,1807.23,
2013-11-29,1805.81,1805.81,1805.81,1805.81,
2013-12-02,1800.9,1800.9,1800.9,1800.9,
2013-12-03,1795.15,1795.15,1795.15,1795.15,
2013-12-04,1792.81,1792.81,1792.81,1792.81,
2013-12-05,1785.03,1785.03,1785.03,1785.03,
2013-12-06,1805.09,1805.09,1805.09,1805.09,
2013-12-09,1808.37,1808.37,1808.37,1808.37,
2013-12-10,1802.62,1802.62,1802.62,1802.62,
2013-12-11,1782.22,1782.22,1782.22,1782.22,
2013-12-12,1775.5,1775.5,1775.5,1775.5,
2013-12-13,1775.32,1775.32,1775.32,1775.32,
2013-12-16,1786.54,1786.54,1786.54,1786.54,
2013-12-17,1781.0,1781.0,1781.0,1781.0,
2013-12-18,1810.65,1810.65,1810.65,1810.65,
2013-12-19,1809.6,1809.6,1809.6,1809.6,
2013-12-20,1818.32,1818.32,1818.32,1818.32,
2013-12-23,1827.99,1827.99,1827.99,1827.99,
2013-12-24,1833.32,1833.32,1833.32,1833.32,
2013-12-26,1842.02,1842.02,1842.02,1842.02,
2013-12-27,1841.4,1841.4,1841.4,1841.4,
2013-12-30,1841.07,1841.07,1841.07,1841.07,
2013-12-31,1848.36,1848.36,1848.36,1848.36,
2014-01-02,1831.98,1831.98,1831.98,1831.98,
2014-01-03,1831.37,1831.37,1831.37,1831.37,
2014-01-06,1826.77,1826.77,1826.77,1826.77,
2014-01-07,1837.88,1837.88,1837.88,1837.88,
2014-01-08,1837.49,1837.49,1837.49,1837.49,
2014-01-09,1838.13,1838.13,1838.13,1838.13,
2014-01-10,1842.37,1842.37,1842.37,1842.37,
2014-01-13,1819.2,1819.2,1819.2,1819.2,
2014-01-14,1838.88,1838.88,1838.88,1838.88,
2014-01-15,1848.38,1848.38,1848.38,1848.38,
2014-01-16,1845.89,1845.89,1845.89,1845.89,
2014-01-17,1838.7,1838.7,1838.7,1838.7,
2014-01-21,1843.8,1843.8,1843.8,1843.8,
2014-01-22,1844.86,1844.86,1844.86,1844.86,
2014-01-23,1828.46,1828.46,1828.46,1828.46,
2014-01-24,1790.29,1790.29,1790.29,1790.29,
2014-01-27,1781.56,1781.56,1781.56,1781.56,
2014-01-28,1792.5,1792.5,1792.5,1792.5,
2014-01-29,1774.2,1774.2,1774.2,1774.2,
2014-01-30,1794.19,1794.19,1794.19,1794.19,
2014-01-31,1782.59,1782.59,1782.59,1782.59,
2014-02-03,1741.89,1741.89,1741.89,1741.89,
2014-02-04,1755.2,1755.2,1755.2,1755.2,
2014-02-05,1751.64,1751.64,1751.64,1751.64,
2014-02-06,1773.43,1773.43,1773.43,1773.43,
2014-02-07,1797.02,1797.02,1797.02,1797.02,
2014-02-10,1799.84,1799.84,1799.84,1799.84,
2014-02-11,1819.75,1819.75,1819.75,1819.75,
2014-02-12,1819.26,1819.26,1819.26,1819.26,
2014-02-13,1829.83,1829.83,1829.83,1829.83,
2014-02-14,1838.63,1838.63,1838.63,1838.63,
2014-02-18,1840.76,1840.76,1840.76,1840.76,
2014-02-19,1828.75,1828.75,1828.75,1828.75,
2014-02-20,1839.78,1839.78,1839.78,1839.78,
2014-02-21,1836.25,1836.25,1836.25,1836.25,
2014-02-24,1847.61,1847.61,1847.61,1847.61,
2014-02-25,1845.12,1845.12,1845.12,1845.12,
2014-02-26,1845.16,1845.16,1845.16,1845.16,
2014-02-27,1854.29,1854.29,1854.29,1854.29,
2014-02-28,1859.45,1859.45,1859.45,1859.45,
2014-03-03,1845.73,1845.73,1845.73,1845.73,
2014-03-04,1873.91,1873.91,1873.91,1873.91,
2014-03-05,1873.81,1873.81,1873.81,1873.81,
2014-03-06,1877.03,1877.03,1877.03,1877.03,
2014-03-07,1878.04,1878.04,1878.04,1878.04,
2014-03-10,1877.17,1877.17,1877.17,1877.17,
2014-03-11,1867.63,1867.63,1867.63,1867.63,
2014-03-12,1868.2,1868.2,1868.2,1868.2,
2014-03-13,1846.34,1846.34,1846.34,1846.34,
2014-03-14,1841.13,1841.13,1841.13,1841.13,
2014-03-17,1858.83,1858.83,1858.83,1858.83,
2014-03-18,1872.25,1872.25,1872.25,1872.25,
2014-03-19,1860.77,1860.77,1860.77,1860.77,
2014-03-20,1872.01,1872.01,1872.01,1872.01,
2014-03-21,1866.52,1866.52,1866.52,1866.52,
2014-03-24,1857.44,1857.44,1857.44,1857.44,
2014-03-25,1865.62,1865.62,1865.62,1865.62,
2014-03-26,1852.56,1852.56,1852.56,1852.56,
2014-03-27,1849.04,1849.04,1849.04,1849.04,
2014-03-28,1857.62,1857.62,1857.62,1857.62,
2014-03-31,1872.34,1872.34,1872.34,1872.34,
2014-04-01,1885.52,1885.52,1885.52,1885.52,
2014-04-02,1890.9,1890.9,1890.9,1890.9,
2014-04-03,1888.77,1888.77,1888.77,1888.77,
2014-04-04,1865.09,1865.09,1865.09,1865.09,
2014-04-07,1845.04,1845.04,1845.04,1845.04,
2014-04-08,1851.96,1851.96,1851.96,1851.96,
2014-04-09,1872.18,1872.18,1872.18,1872.18,
2014-04-10,1833.08,1833.08,1833.08,1833.08,
2014-04-11,1815.69,1815.69,1815.69,1815.69,
2014-04-14,1830.61,1830.61,1830.61,1830.61,
2014-04-15,1842.98,1842.98,1842.98,1842.98,
2014-04-16,1862.31,1862.31,1862.31,1862.31,
2014-04-17,1864.85,1864.85,1864.85,1864.85,
2014-04-21,1871.89,1871.89,1871.89,1871.89,
2014-04-22,1879.55,1879.55,1879.55,1879.55,
2014-04-23,1875.39,1875.39,1875.39,1875.39,
2014-04-24,1878.61,1878.61,1878.61,1878.61,
2014-04-25,1863.4,1863.4,1863.4,1863.4,
2014-04-28,1869.43,1869.43,1869.43,1869.43,
2014-04-29,1878.33,1878.33,1878.33,1878.33,
2014-04-30,1883.95,1883.95,1883.95,1883.95,
2014-05-01,1883.68,1883.68,1883.68,1883.68,
2014-05-02,1881.14,1881.14,1881.14,1881.14,
2014-05-05,1884.66,1884.66,1884.66,1884.66,
2014-05-06,1867.72,1867.72,1867.72,1867.72,
2014-05-07,1878.21,1878.21,1878.21,1878.21,
2014-05-08,1875.63,1875.63,1875.63,1875.63,
2014-05-09,1878.48,1878.48,1878.48,1878.48,
2014-05-12,1896.65,1896.65,1896.65,1896.65,
2014-05-13,1897.45,1897.45,1897.45,1897.45,
2014-05-14,1888.53,1888.53,1888.53,1888.53,
2014-05-15,1870.85,1870.85,1870.85,1870.85,
2014-05-16,1877.86,1877.86,1877.86,1877.86,
2014-05-19,1885.08,1885.08,1885.08,1885.08,
2014-05-20,1872.83,1872.83,1872.83,1872.83,
2014-05-21,1888.03,1888.03,1888.03,1888.03,
2014-05-22,1892.49,1892.49,1892.49,1892.49,
2014-05-23,1900.53,1900.53,1900.53,1900.53,
2014-05-27,1911.91,1911.91,1911.91,1911.91,
2014-05-28,1909.78,1909.78,1909.78,1909.78,
2014-05-29,1920.03,1920.03,1920.03,1920.03,
2014-05-30,1923.57,1923.57,1923.57,1923.57,
2014-06-02,1924.97,1924.97,1924.97,1924.97,
2014-06-03,1924.24,1924.24,1924.24,1924.24,
2014-06-04,1927.88,1927.88,1927.88,1927.88,
2014-06-05,1940.46,1940.46,1940.46,1940.46,
2014-06-06,1949.44,1949.44,1949.44,1949.44,
2014-06-09,1951.27,1951.27,1951.27,1951.27,
2014-06-10,1950.79,1950.79,1950.79,1950.79,
2014-06-11,1943.89,1943.89,1943.89,1943.89,
2014-06-12,1930.11,1930.11,1930.11,1930.11,
2014-06-13,1936.16,1936.16,1936.16,1936.16,
2014-06-16,1937.78,1937.78,1937.78,1937.78,
2014-06-17,1941.99,1941.99,1941.99,1941.99,
2014-06-18,1956.98,1956.98,1956.98,1956.98,
2014-06-19,1959.48,1959.48,1959.48,1959.48,
2014-06-20,1962.87,1962.87,1962.87,1962.87,
2014-06-23,1962.61,1962.61,1962.61,1962.61,
2014-06-24,1949.98,1949.98,1949.98,1949.98,
2014-06-25,1959.53,1959.53,1959.53,1959.53,
2014-06-26,1957.22,1957.22,1957.22,1957.22,
2014-06-27,1960.96,1960.96,1960.96,1960.96,
2014-06-30,1960.23,1960.23,1960.23,1960.23,
2014-07-01,1973.32,1973.32,1973.32,1973.32,
2014-07-02,1974.62,1974.62,1974.62,1974.62,
2014-07-03,1985.44,1985.44,1985.44,1985.44,
2014-07-07,1977.65,1977.65,1977.65,1977.65,
2014-07-08,1963.71,1963.71,1963.71,1963.71,
2014-07-09,1972.83,1972.83,1972.83,1972.83,
2014-07-10,1964.68,1964.68,1964.68,1964.68,
2014-07-11,1967.57,1967.57,1967.57,1967.57,
2014-07-14,1977.1,1977.1,1977.1,1977.1,
2014-07-15,1973.28,1973.28,1973.28,1973.28,
2014-07-16,1981.57,1981.57,1981.57,1981.57,
2014-07-17,1958.12,1958.12,1958.12,1958.12,
2014-07-18,1978.22,1978.22,1978.22,1978.22,
2014-07-21,1973.63,1973.63,1973.63,1973.63,
2014-07-22,1983.53,1983.53,1983.53,1983.53,
2014-07-23,1987.01,1987.01,1987.01,1987.01,
2014-07-24,1987.98,1987.98,1987.98,1987.98,
2014-07-25,1978.34,1978.34,1978.34,1978.34,
2014-07-28,1978.91,1978.91,1978.91,1978.91,
2014-07-29,1969.95,1969.95,1969.95,1969.95,
2014-07-30,1970.07,1970.07,1970.07,1970.07,
2014-07-31,1930.67,1930.67,1930.67,1930.67,
2014-08-01,1925.15,1925.15,1925.15,1925.15,
2014-08-04,1938.99,1938.99,1938.99,1938.99,
2014-08-05,1920.21,1920.21,1920.21,1920.21,
2014-08-06,1920.24,1920.24,1920.24,1920.24,
2014-08-07,1909.57,1909.57,1909.57,1909.57,
2014-08-08,1931.59,1931.59,1931.59,1931.59,
2014-08-11,1936.92,1936.92,1936.92,1936.92,
2014-08-12,1933.75,1933.75,1933.75,1933.75,
2014-08-13,1946.72,1946.72,1946.72,1946.72,
2014-08-14,1955.18,1955.18,1955.18,1955.18,
2014-08-15,1955.06,1955.06,1955.06,1955.06,
2014-08-18,1971.74,1971.74,1971.74,1971.74,
2014-08-19,1981.6,1981.6,1981.6,1981.6,
2014-08-20,1986.51,1986.51,1986.51,1986.51,
2014-08-21,1992.37,1992.37,1992.37,1992.37,
2014-08-22,1988.4,1988.4,1988.4,1988.4,
2014-08-25,1997.92,1997.92,1997.92,1997.92,
2014-08-26,2000.02,2000.02,2000.02,2000.02,
2014-08-27,2000.12,2000.12,2000.12,2000.12,
2014-08-28,1996.74,1996.74,1996.74,1996.74,
2014-08-29,2003.37,2003.37,2003.37,2003.37,
2014-09-02,2002.28,2002.28,2002.28,2002.28,
2014-09-03,2000.72,2000.72,2000.72,2000.72,
2014-09-04,1997.65,1997.65,1997.65,1997.65,
2014-09-05,2007.71,2007.71,2007.71,2007.71,
2014-09-08,2001.54,2001.54,2001.54,2001.54,
2014-09-09,1988.44,1988.44,1988.44,1988.44,
2014-09-10,1995.69,1995.69,1995.69,1995.69,
2014-09-11,1997.45,1997.45,1997.45,1997.45,
2014-09-12,1985.54,1985.54,1985.54,1985.54,
2014-09-15,1984.13,1984.13,1984.13,1984.13,
2014-09-16,1998.98,1998.98,1998.98,1998.98,
2014-09-17,2001.57,2001.57,2001.57,2001.57,
2014-09-18,2011.36,2011.36,2011.36,2011.36,
2014-09-19,2010.4,2010.4,2010.4,2010.4,
2014-09-22,1994.29,1994.29,1994.29,1994.29,
2014-09-23,1982.77,1982.77,1982.77,1982.77,
2014-09-24,1998.3,1998.3,1998.3,1998.3,
2014-09-25,1965.99,1965.99,1965.99,1965.99,
2014-09-26,1982.85,1982.85,1982.85,1982.85,
2014-09-29,1977.8,1977.8,1977.8,1977.8,
2014-09-30,1972.29,1972.29,1972.29,1972.29,
2014-10-01,1946.16,1946.16,1946.16,1946.16,
2014-10-02,1946.17,1946.17,1946.17,1946.17,
2014-10-03,1967.9,1967.9,1967.9,1967.9,
2014-10-06,1964.82,1964.82,1964.82,1964.82,
2014-10-07,1935.1,1935.1,1935.1,1935.1,
2014-10-08,1968.89,1968.89,1968.89,1968.89,
2014-10-09,1928.21,1928.21,1928.21,1928.21,
2014-10-10,1906.13,1906.13,1906.13,1906.13,
2014-10-13,1874.74,1874.74,1874.74,1874.74,
2014-10-14,1877.7,1877.7,1877.7,1877.7,
2014-10-15,1862.49,1862.49,1862.49,1862.49,
2014-10-16,1862.76,1862.76,1862.76,1862.76,
2014-10-17,1886.76,1886.76,1886.76,1886.76,
2014-10-20,1904.01,1904.01,1904.01,1904.01,
2014-10-21,1941.28,1941.28,1941.28,1941.28,
2014-10-22,1927.11,1927.11,1927.11,1927.11,
2014-10-23,1950.82,1950.82,1950.82,1950.82,
2014-10-24,1964.58,1964.58,1964.58,1964.58,
2014-10-27,1961.63,1961.63,1961.63,1961.63,
2014-10-28,1985.05,1985.05,1985.05,1985.05,
2014-10-29,1982.3,1982.3,1982.3,1982.3,
2014-10-30,1994.65,1994.65,1994.65,1994.65,
2014-10-31,2018.05,2018.05,2018.05,2018.05,
2014-11-03,2017.81,2017.81,2017.81,2017.81,
2014-11-04,2012.1,2012.1,2012.1,2012.1,
2014-11-05,2023.57,2023.57,2023.57,2023.57,
2014-11-06,2031.21,2031.21,2031.21,2031.21,
2014-11-07,2031.92,2031.92,2031.92,2031.92,
2014-11-10,2038.26,2038.26,2038.26,2038.26,
2014-11-11,2039.68,2039.68,2039.68,2039.68,
2014-11-12,2038.25,2038.25,2038.25,2038.25,
2014-11-13,2039.33,2039.33,2039.33,2039.33,
2014-11-14,2039.82,2039.82,2039.82,2039.82,
2014-11-17,2041.32,2041.32,2041.32,2041.32,
2014-11-18,2051.8,2051.8,2051.8,2051.8,
2014-11-19,2048.72,2048.72,2048.72,2048.72,
2014-11-20,2052.75,2052.75,2052.75,2052.75,
2014-11-21,2063.5,2063.5,2063.5,2063.5,
2014-11-24,2069.41,2069.41,2069.41,2069.41,
2014-11-25,2067.03,2067.03,2067.03,2067.03,
2014-11-26,2072.83,2072.83,2072.83,2072.83,
2014-11-28,2067.56,2067.56,2067.56,2067.56,
2014-12-01,2053.44,2053.44,2053.44,2053.44,
2014-12-02,2066.55,2066.55,2066.55,2066.55,
2014-12-03,2074.33,2074.33,2074.33,2074.33,
2014-12-04,2071.92,2071.92,2071.92,2071.92,
2014-12-05,2075.37,2075.37,2075.37,2075.37,
2014-12-08,2060.31,2060.31,2060.31,2060.31,
2014-12-09,2059.82,2059.82,2059.82,2059.82,
2014-12-10,2026.14,2026.14,2026.14,2026.14,
2014-12-11,2035.33,2035.33,2035.33,2035.33,
2014-12-12,2002.33,2002.33,2002.33,2002.33,
2014-12-15,1989.63,1989.63,1989.63,1989.63,
2014-12-16,1972.74,1972.74,1972.74,1972.74,
2014-12-17,2012.89,2012.89,2012.89,2012.89,
2014-12-18,2061.23,2061.23,2061.23,2061.23,
2014-12-19,2070.65,2070.65,2070.65,2070.65,
2014-12-22,2078.54,2078.54,2078.54,2078.54,
2014-12-23,2082.17,2082.17,2082.17,2082.17,
2014-12-24,2081.88,2081.88,2081.88,2081.88,
2014-12-26,2088.77,2088.77,2088.77,2088.77,
2014-12-29,2090.57,2090.57,2090.57,2090.57,
2014-12-30,2080.35,2080.35,2080.35,2080.35,
2014-12-31,2058.9,2058.9,2058.9,2058.9,
2015-01-02,2058.2,2058.2,2058.2,2058.2,
2015-01-05,2020.58,2020.58,2020.58,2020.58,
2015-01-06,2002.61,2002.61,2002.61,2002.61,
2015-01-07,2025.9,2025.9,2025.9,2025.9,
2015-01-08,2062.14,2062.14,2062.14,2062.14,
2015-01-09,2044.81,2044.81,2044.81,2044.81,
2015-01-12,2028.26,2028.26,2028.26,2028.26,
2015-01-13,2023.03,2023.03,2023.03,2023.03,
2015-01-14,2011.27,2011.27,2011.27,2011.27,
2015-01-15,1992.67,1992.67,1992.67,1992.67,
2015-01-16,2019.42,2019.42,2019.42,2019.42,
2015-01-20,2022.55,2022.55,2022.55,2022.55,
2015-01-21,2032.12,2032.12,2032.12,2032.12,
2015-01-22,2063.15,2063.15,2063.15,2063.15,
2015-01-23,2051.82,2051.82,2051.82,2051.82,
2015-01-26,2057.09,2057.09,2057.09,2057.09,
2015-01-27,2029.55,2029.55,2029.55,2029.55,
2015-01-28,2002.16,2002.16,2002.16,2002.16,
2015-01-29,2021.25,2021.25,2021.25,2021.25,
2015-01-30,1994.99,1994.99,1994.99,1994.99,
2015-02-02,2020.85,2020.85,2020.85,2020.85,
2015-02-03,2050.03,2050.03,2050.03,2050.03,
2015-02-04,2041.51,2041.51,2041.51,2041.51,
2015-02-05,2062.52,2062.52,2062.52,2062.52,
2015-02-06,2055.47,2055.47,2055.47,2055.47,
2015-02-09,2046.74,2046.74,2046.74,2046.74,
2015-02-10,2068.59,2068.59,2068.59,2068.59,
2015-02-11,2068.53,2068.53,2068.53,2068.53,
2015-02-12,2088.48,2088.48,2088.48,2088.48,
2015-02-13,2096.99,2096.99,2096.99,2096.99,
2015-02-17,2100.34,2100.34,2100.34,2100.34,
2015-02-18,2099.68,2099.68,2099.68,2099.68,
2015-02-19,2097.45,2097.45,2097.45,2097.45,
2015-02-20,2110.3,2110.3,2110.3,2110.3,
2015-02-23,2109.66,2109.66,2109.66,2109.66,
2015-02-24,2115.48,2115.48,2115.48,2115.48,
2015-02-25,2113.86,2113.86,2113.86,2113.86,
2015-02-26,2110.74,2110.74,2110.74,2110.74,
2015-02-27,2104.5,2104.5,2104.5,2104.5,
2015-03-02,2117.39,2117.39,2117.39,2117.39,
2015-03-03,2107.78,2107.78,2107.78,2107.78,
2015-03-04,2098.53,2098.53,2098.53,2098.53,
2015-03-05,2101.04,2101.04,2101.04,2101.04,
2015-03-06,2071.26,2071.26,2071.26,2071.26,
2015-03-09,2079.43,2079.43,2079.43,2079.43,
2015-03-10,2044.16,2044.16,2044.16,2044.16,
2015-03-11,2040.24,2040.24,2040.24,2040.24,
2015-03-12,2065.95,2065.95,2065.95,2065.95,
2015-03-13,2053.4,2053.4,2053.4,2053.4,
2015-03-16,2081.19,2081.19,2081.19,2081.19,
2015-03-17,2074.28,2074.28,2074.28,2074.28,
2015-03-18,2099.5,2099.5,2099.5,2099.5,
2015-03-19,2089.27,2089.27,2089.27,2089.27,
2015-03-20,2108.1,2108.1,2108.1,2108.1,
2015-03-23,2104.42,2104.42,2104.42,2104.42,
2015-03-24,2091.5,2091.5,2091.5,2091.5,
2015-03-25,2061.05,2061.05,2061.05,2061.05,
2015-03-26,2056.15,2056.15,2056.15,2056.15,
2015-03-27,2061.02,2061.02,2061.02,2061.02,
2015-03-30,2086.24,2086.24,2086.24,2086.24,
2015-03-31,2067.89,2067.89,2067.89,2067.89,
2015-04-01,2059.69,2059.69,2059.69,2059.69,
2015-04-02,2066.96,2066.96,2066.96,2066.96,
2015-04-06,2080.62,2080.62,2080.62,2080.62,
2015-04-07,2076.33,2076.33,2076.33,2076.33,
2015-04-08,2081.9,2081.9,2081.9,2081.9,
2015-04-09,2091.18,2091.18,2091.18,2091.18,
2015-04-10,2102.06,2102.06,2102.06,2102.06,
2015-04-13,2092.43,2092.43,2092.43,2092.43,
2015-04-14,2095.84,2095.84,2095.84,2095.84,
2015-04-15,2106.63,2106.63,2106.63,2106.63,
2015-04-16,2104.99,2104.99,2104.99,2104.99,
2015-04-17,2081.18,2081.18,2081.18,2081.18,
2015-04-20,2100.4,2100.4,2100.4,2100.4,
2015-04-21,2097.29,2097.29,2097.29,2097.29,
2015-04-22,2107.96,2107.96,2107.96,2107.96,
2015-04-23,2112.93,2112.93,2112.93,2112.93,
2015-04-24,2117.69,2117.69,2117.69,2117.69,
2015-04-27,2108.92,2108.92,2108.92,2108.92,
2015-04-28,2114.76,2114.76,2114.76,2114.76,
2015-04-29,2106.85,2106.85,2106.85,2106.85,
2015-04-30,2085.51,2085.51,2085.51,2085.51,
2015-05-01,2108.29,2108.29,2108.29,2108.29,
2015-05-04,2114.49,2114.49,2114.49,2114.49,
2015-05-05,2089.46,2089.46,2089.46,2089.46,
2015-05-06,2080.15,2080.15,2080.15,2080.15,
2015-05-07,2088.0,2088.0,2088.0,2088.0,
2015-05-08,2116.1,2116.1,2116.1,2116.1,
2015-05-11,2105.33,2105.33,2105.33,2105.33,
2015-05-12,2099.12,2099.12,2099.12,2099.12,
2015-05-13,2098.48,2098.48,2098.48,2098.48,
2015-05-14,2121.1,2121.1,2121.1,2121.1,
2015-05-15,2122.73,2122.73,2122.73,2122.73,
2015-05-18,2129.2,2129.2,2129.2,2129.2,
2015-05-19,2127.83,2127.83,2127.83,2127.83,
2015-05-20,2125.85,2125.85,2125.85,2125.85,
2015-05-21,2130.82,2130.82,2130.82,2130.82,
2015-05-22,2126.06,2126.06,2126.06,2126.06,
2015-05-26,2104.2,2104.2,2104.2,2104.2,
2015-05-27,2123.48,2123.48,2123.48,2123.48,
2015-05-28,2120.79,2120.79,2120.79,2120.79,
2015-05-29,2107.39,2107.39,2107.39,2107.39,
2015-06-01,2111.73,2111.73,2111.73,2111.73,
2015-06-02,2109.6,2109.6,2109.6,2109.6,
2015-06-03,2114.07,2114.07,2114.07,2114.07,
2015-06-04,2095.84,2095.84,2095.84,2095.84,
2015-06-05,2092.83,2092.83,2092.83,2092.83,
2015-06-08,2079.28,2079.28,2079.28,2079.28,
2015-06-09,2080.15,2080.15,2080.15,2080.15,
2015-06-10,2105.2,2105.2,2105.2,2105.2,
2015-06-11,2108.86,2108.86,2108.86,2108.86,
2015-06-12,2094.11,2094.11,2094.11,2094.11,
2015-06-15,2084.43,2084.43,2084.43,2084.43,
2015-06-16,2096.29,2096.29,2096.29,2096.29,
2015-06-17,2100.44,2100.44,2100.44,2100.44,
2015-06-18,2121.24,2121.24,2121.24,2121.24,
2015-06-19,2109.99,2109.99,2109.99,2109.99,
2015-06-22,2122.85,2122.85,2122.85,2122.85,
2015-06-23,2124.2,2124.2,2124.2,2124.2,
2015-06-24,2108.58,2108.58,2108.58,2108.58,
2015-06-25,2102.31,2102.31,2102.31,2102.31,
2015-06-26,2101.49,2101.49,2101.49,2101.49,
2015-06-29,2057.64,2057.64,2057.64,2057.64,
2015-06-30,2063.11,2063.11,2063.11,2063.11,
2015-07-01,2077.42,2077.42,2077.42,2077.42,
2015-07-02,2076.78,2076.78,2076.78,2076.78,
2015-07-06,2068.76,2068.76,2068.76,2068.76,
2015-07-07,2081.34,2081.34,2081.34,2081.34,
2015-07-08,2046.68,2046.68,2046.68,2046.68,
2015-07-09,2051.31,2051.31,2051.31,2051.31,
2015-07-10,2076.62,2076.62,2076.62,2076.62,
2015-07-13,2099.6,2099.6,2099.6,2099.6,
2015-07-14,2108.95,2108.95,2108.95,2108.95,
2015-07-15,2107.4,2107.4,2107.4,2107.4,
2015-07-16,2124.29,2124.29,2124.29,2124.29,
2015-07-17,2126.64,2126.64,2126.64,2126.64,
2015-07-20,2128.28,2128.28,2128.28,2128.28,
2015-07-21,2119.21,2119.21,2119.21,2119.21,
2015-07-22,2114.15,2114.15,2114.15,2114.15,
2015-07-23,2102.15,2102.15,2102.15,2102.15,
2015-07-24,2079.65,2079.65,2079.65,2079.65,
2015-07-27,2067.64,2067.64,2067.64,2067.64,
2015-07-28,2093.25,2093.25,2093.25,2093.25,
2015-07-29,2108.57,2108.57,2108.57,2108.57,
2015-07-30,2108.63,2108.63,2108.63,2108.63,
2015-07-31,2103.84,2103.84,2103.84,2103.84,
2015-08-03,2098.04,2098.04,2098.04,2098.04,
2015-08-04,2093.32,2093.32,2093.32,2093.32,
2015-08-05,2099.84,2099.84,2099.84,2099.84,
2015-08-06,2083.56,2083.56,2083.56,2083.56,
2015-08-07,2077.57,2077.57,2077.57,2077.57,
2015-08-10,2104.18,2104.18,2104.18,2104.18,
2015-08-11,2084.07,2084.07,2084.07,2084.07,
2015-08-12,2086.05,2086.05,2086.05,2086.05,
2015-08-13,2083.39,2083.39,2083.39,2083.39,
2015-08-14,2091.54,2091.54,2091.54,2091.54,
2015-08-17,2102.44,2102.44,2102.44,2102.44,
2015-08-18,2096.92,2096.92,2096.92,2096.92,
2015-08-19,2079.61,2079.61,2079.61,2079.61,
2015-08-20,2035.73,2035.73,2035.73,2035.73,
2015-08-21,1970.89,1970.89,1970.89,1970.89,
2015-08-24,1893.21,1893.21,1893.21,1893.21,
2015-08-25,1867.61,1867.61,1867.61,1867.61,
2015-08-26,1940.51,1940.51,1940.51,1940.51,
2015-08-27,1987.66,1987.66,1987.66,1987.66,
2015-08-28,1988.87,1988.87,1988.87,1988.87,
2015-08-31,1972.18,1972.18,1972.18,1972.18,
2015-09-01,1913.85,1913.85,1913.85,1913.85,
2015-09-02,1948.86,1948.86,1948.86,1948.86,
2015-09-03,1951.13,1951.13,1951.13,1951.13,
2015-09-04,1921.22,1921.22,1921.22,1921.22,
2015-09-08,1969.41,1969.41,1969.41,1969.41,
2015-09-09,1942.04,1942.04,1942.04,1942.04,
2015-09-10,1952.29,1952.29,1952.29,1952.29,
2015-09-11,1961.05,1961.05,1961.05,1961.05,
2015-09-14,1953.03,1953.03,1953.03,1953.03,
2015-09-15,1978.09,1978.09,1978.09,1978.09,
2015-09-16,1995.31,1995.31,1995.31,1995.31,
2015-09-17,1990.2,1990.2,1990.2,1990.2,
2015-09-18,1958.03,1958.03,1958.03,1958.03,
2015-09-21,1966.97,1966.97,1966.97,1966.97,
2015-09-22,1942.74,1942.74,1942.74,1942.74,
2015-09-23,1938.76,1938.76,1938.76,1938.76,
2015-09-24,1932.24,1932.24,1932.24,1932.24,
2015-09-25,1931.34,1931.34,1931.34,1931.34,
2015-09-28,1881.77,1881.77,1881.77,1881.77,
2015-09-29,1884.09,1884.09,1884.09,1884.09,
2015-09-30,1920.03,1920.03,1920.03,1920.03,
2015-10-01,1923.82,1923.82,1923.82,1923.82,
2015-10-02,1951.36,1951.36,1951.36,1951.36,
2015-10-05,1987.05,1987.05,1987.05,1987.05,
2015-10-06,1979.92,1979.92,1979.92,1979.92,
2015-10-07,1995.83,1995.83,1995.83,1995.83,
2015-10-08,2013.43,2013.43,2013.43,2013.43,
2015-10-09,2014.89,2014.89,2014.89,2014.89,
2015-10-12,2017.46,2017.46,2017.46,2017.46,
2015-10-13,2003.69,2003.69,2003.69,2003.69,
2015-10-14,1994.24,1994.24,1994.24,1994.24,
2015-10-15,2023.86,2023.86,2023.86,2023.86,
2015-10-16,2033.11,2033.11,2033.11,2033.11,
2015-10-19,2033.66,2033.66,2033.66,2033.66,
2015-10-20,2030.77,2030.77,2030.77,2030.77,
2015-10-21,2018.94,2018.94,2018.94,2018.94,
2015-10-22,2052.51,2052.51,2052.51,2052.51,
2015-10-23,2075.15,2075.15,2075.15,2075.15,
2015-10-26,2071.18,2071.18,2071.18,2071.18,
2015-10-27,2065.89,2065.89,2065.89,2065.89,
2015-10-28,2090.35,2090.35,2090.35,2090.35,
2015-10-29,2089.41,2089.41,2089.41,2089.41,
2015-10-30,2079.36,2079.36,2079.36,2079.36,
2015-11-02,2104.05,2104.05,2104.05,2104.05,
2015-11-03,2109.79,2109.79,2109.79,2109.79,
2015-11-04,2102.31,2102.31,2102.31,2102.31,
2015-11-05,2099.93,2099.93,2099.93,2099.93,
2015-11-06,2099.2,2099.2,2099.2,2099.2,
2015-11-09,2078.58,2078.58,2078.58,2078.58,
2015-11-10,2081.72,2081.72,2081.72,2081.72,
2015-11-11,2075.0,2075.0,2075.0,2075.0,
2015-11-12,2045.97,2045.97,2045.97,2045.97,
2015-11-13,2023.04,2023.04,2023.04,2023.04,
2015-11-16,2053.19,2053.19,2053.19,2053.19,
2015-11-17,2050.44,2050.44,2050.44,2050.44,
2015-11-18,2083.58,2083.58,2083.58,2083.58,
2015-11-19,2081.24,2081.24,2081.24,2081.24,
2015-11-20,2089.17,2089.17,2089.17,2089.17,
2015-11-23,2086.59,2086.59,2086.59,2086.59,
2015-11-24,2089.14,2089.14,2089.14,2089.14,
2015-11-25,2088.87,2088.87,2088.87,2088.87,
2015-11-27,2090.11,2090.11,2090.11,2090.11,
2015-11-30,2080.41,2080.41,2080.41,2080.41,
2015-12-01,2102.63,2102.63,2102.63,2102.63,
2015-12-02,2079.51,2079.51,2079.51,2079.51,
2015-12-03,2049.62,2049.62,2049.62,2049.62,
2015-12-04,2091.69,2091.69,2091.69,2091.69,
2015-12-07,2077.07,2077.07,2077.07,2077.07,
2015-12-08,2063.59,2063.59,2063.59,2063.59,
2015-12-09,2047.62,2047.62,2047.62,2047.62,
2015-12-10,2052.23,2052.23,2052.23,2052.23,
2015-12-11,2012.37,2012.37,2012.37,2012.37,
2015-12-14,2021.94,2021.94,2021.94,2021.94,
2015-12-15,2043.41,2043.41,2043.41,2043.41,
2015-12-16,2073.07,2073.07,2073.07,2073.07,
2015-12-17,2041.89,2041.89,2041.89,2041.89,
2015-12-18,2005.55,2005.55,2005.55,2005.55,
2015-12-21,2021.15,2021.15,2021.15,2021.15,
2015-12-22,2038.97,2038.97,2038.97,2038.97,
2015-12-23,2064.29,2064.29,2064.29,2064.29,
2015-12-24,2060.99,2060.99,2060.99,2060.99,
2015-12-28,2056.5,2056.5,2056.5,2056.5,
2015-12-29,2078.36,2078.36,2078.36,2078.36,
2015-12-30,2063.36,2063.36,2063.36,2063.36,
2015-12-31,2043.94,2043.94,2043.94,2043.94,
2016-01-04,2012.66,2012.66,2012.66,2012.66,
2016-01-05,2016.71,2016.71,2016.71,2016.71,
2016-01-06,1990.26,1990.26,1990.26,1990.26,
2016-01-07,1943.09,1943.09,1943.09,1943.09,
2016-01-08,1922.03,1922.03,1922.03,1922.03,
2016-01-11,1923.67,1923.67,1923.67,1923.67,
2016-01-12,1938.68,1938.68,1938.68,1938.68,
2016-01-13,1890.28,1890.28,1890.28,1890.28,
2016-01-14,1921.84,1921.84,1921.84,1921.84,
2016-01-15,1880.33,1880.33,1880.33,1880.33,
2016-01-19,1881.33,1881.33,1881.33,1881.33,
2016-01-20,1859.33,1859.33,1859.33,1859.33,
2016-01-21,1868.99,1868.99,1868.99,1868.99,
2016-01-22,1906.9,1906.9,1906.9,1906.9,
2016-01-25,1877.08,1877.08,1877.08,1877.08,
2016-01-26,1903.63,1903.63,1903.63,1903.63,
2016-01-27,1882.95,1882.95,1882.95,1882.95,
2016-01-28,1893.36,1893.36,1893.36,1893.36,
2016-01-29,1940.24,1940.24,1940.24,1940.24,
2016-02-01,1939.38,1939.38,1939.38,1939.38,
2016-02-02,1903.03,1903.03,1903.03,1903.03,
2016-02-03,1912.53,1912.53,1912.53,1912.53,
2016-02-04,1915.45,1915.45,1915.45,1915.45,
2016-02-05,1880.05,1880.05,1880.05,1880.05,
2016-02-08,1853.44,1853.44,1853.44,1853.44,
2016-02-09,1852.21,1852.21,1852.21,1852.21,
2016-02-10,1851.86,1851.86,1851.86,1851.86,
2016-02-11,1829.08,1829.08,1829.08,1829.08,
2016-02-12,1864.78,1864.78,1864.78,1864.78,
2016-02-16,1895.58,1895.58,1895.58,1895.58,
2016-02-17,1926.82,1926.82,1926.82,1926.82,
2016-02-18,1917.83,1917.83,1917.83,1917.83,
2016-02-19,1917.78,1917.78,1917.78,1917.78,
2016-02-22,1945.5,1945.5,1945.5,1945.5,
2016-02-23,1921.27,1921.27,1921.27,1921.27,
2016-02-24,1929.8,1929.8,1929.8,1929.8,
2016-02-25,1951.7,1951.7,1951.7,1951.7,
2016-02-26,1948.05,1948.05,1948.05,1948.05,
2016-02-29,1932.23,1932.23,1932.23,1932.23,
2016-03-01,1978.35,1978.35,1978.35,1978.35,
2016-03-02,1986.45,1986.45,1986.45,1986.45,
2016-03-03,1993.4,1993.4,1993.4,1993.4,
2016-03-04,1999.99,1999.99,1999.99,1999.99,
2016-03-07,2001.76,2001.76,2001.76,2001.76,
2016-03-08,1979.26,1979.26,1979.26,1979.26,
2016-03-09,1989.26,1989.26,1989.26,1989.26,
2016-03-10,1989.57,1989.57,1989.57,1989.57,
2016-03-11,2022.19,2022.19,2022.19,2022.19,
2016-03-14,2019.64,2019.64,2019.64,2019.64,
2016-03-15,2015.93,2015.93,2015.93,2015.93,
2016-03-16,2027.22,2027.22,2027.22,2027.22,
2016-03-17,2040.59,2040.59,2040.59,2040.59,
2016-03-18,2049.58,2049.58,2049.58,2049.58,
2016-03-21,2051.6,2051.6,2051.6,2051.6,
2016-03-22,2049.8,2049.8,2049.8,2049.8,
2016-03-23,2036.71,2036.71,2036.71,2036.71,
2016-03-24,2035.94,2035.94,2035.94,2035.94,
2016-03-28,2037.05,2037.05,2037.05,2037.05,
2016-03-29,2055.01,2055.01,2055.01,2055.01,
2016-03-30,2063.95,2063.95,2063.95,2063.95,
2016-03-31,2059.74,2059.74,2059.74,2059.74,
2016-04-01,2072.78,2072.78,2072.78,2072.78,
2016-04-04,2066.13,2066.13,2066.13,2066.13,
2016-04-05,2045.17,2045.17,2045.17,2045.17,
2016-04-06,2066.66,2066.66,2066.66,2066.66,
2016-04-07,2041.91,2041.91,2041.91,2041.91,
2016-04-08,2047.6,2047.6,2047.6,2047.6,
2016-04-11,2041.99,2041.99,2041.99,2041.99,
2016-04-12,2061.72,2061.72,2061.72,2061.72,
2016-04-13,2082.42,2082.42,2082.42,2082.42,
2016-04-14,2082.78,2082.78,2082.78,2082.78,
2016-04-15,2080.73,2080.73,2080.73,2080.73,
2016-04-18,2094.34,2094.34,2094.34,2094.34,
2016-04-19,2100.8,2100.8,2100.8,2100.8,
2016-04-20,2102.4,2102.4,2102.4,2102.4,
2016-04-21,2091.48,2091.48,2091.48,2091.48,
2016-04-22,2091.58,2091.58,2091.58,2091.58,
2016-04-25,2087.79,2087.79,2087.79,2087.79,
2016-04-26,2091.7,2091.7,2091.7,2091.7,
2016-04-27,2095.15,2095.15,2095.15,2095.15,
2016-04-28,2075.81,2075.81,2075.81,2075.81,
2016-04-29,2065.3,2065.3,2065.3,2065.3,
2016-05-02,2081.43,2081.43,2081.43,2081.43,
2016-05-03,2063.37,2063.37,2063.37,2063.37,
2016-05-04,2051.12,2051.12,2051.12,2051.12,
2016-05-05,2050.63,2050.63,2050.63,2050.63,
2016-05-06,2057.14,2057.14,2057.14,2057.14,
2016-05-09,2058.69,2058.69,2058.69,2058.69,
2016-05-10,2084.39,2084.39,2084.39,2084.39,
2016-05-11,2064.46,2064.46,2064.46,2064.46,
2016-05-12,2064.11,2064.11,2064.11,2064.11,
2016-05-13,2046.61,2046.61,2046.61,2046.61,
2016-05-16,2066.66,2066.66,2066.66,2066.66,
2016-05-17,2047.21,2047.21,2047.21,2047.21,
2016-05-18,2047.63,2047.63,2047.63,2047.63,
2016-05-19,2040.04,2040.04,2040.04,2040.04,
2016-05-20,2052.32,2052.32,2052.32,2052.32,
2016-05-23,2048.04,2048.04,2048.04,2048.04,
2016-05-24,2076.06,2076.06,2076.06,2076.06,
2016-05-25,2090.54,2090.54,2090.54,2090.54,
2016-05-26,2090.1,2090.1,2090.1,2090.1,
2016-05-27,2099.06,2099.06,2099.06,2099.06,
2016-05-31,2096.95,2096.95,2096.95,2096.95,
2016-06-01,2099.33,2099.33,2099.33,2099.33,
2016-06-02,2105.26,2105.26,2105.26,2105.26,
2016-06-03,2099.13,2099.13,2099.13,2099.13,
2016-06-06,2109.41,2109.41,2109.41,2109.41,
2016-06-07,2112.13,2112.13,2112.13,2112.13,
2016-06-08,2119.12,2119.12,2119.12,2119.12,
2016-06-09,2115.48,2115.48,2115.48,2115.48,
2016-06-10,2096.07,2096.07,2096.07,2096.07,
2016-06-13,2079.06,2079.06,2079.06,2079.06,
2016-06-14,2075.32,2075.32,2075.32,2075.32,
2016-06-15,2071.5,2071.5,2071.5,2071.5,
2016-06-16,2077.99,2077.99,2077.99,2077.99,
2016-06-17,2071.22,2071.22,2071.22,2071.22,
2016-06-20,2083.25,2083.25,2083.25,2083.25,
2016-06-21,2088.9,2088.9,2088.9,2088.9,
2016-06-22,2085.45,2085.45,2085.45,2085.45,
2016-06-23,2113.32,2113.32,2113.32,2113.32,
2016-06-24,2037.41,2037.41,2037.41,2037.41,
2016-06-27,2000.54,2000.54,2000.54,2000.54,
2016-06-28,2036.09,2036.09,2036.09,2036.09,
2016-06-29,2070.77,2070.77,2070.77,2070.77,
2016-06-30,2098.86,2098.86,2098.86,2098.86,
2016-07-01,2102.95,2102.95,2102.95,2102.95,
2016-07-05,2088.55,2088.55,2088.55,2088.55,
2016-07-06,2099.73,2099.73,2099.73,2099.73,
2016-07-07,2097.9,2097.9,2097.9,2097.9,
2016-07-08,2129.9,2129.9,2129.9,2129.9,
2016-07-11,2137.16,2137.16,2137.16,2137.16,
2016-07-12,2152.14,2152.14,2152.14,2152.14,
2016-07-13,2152.43,2152.43,2152.43,2152.43,
2016-07-14,2163.75,2163.75,2163.75,2163.75,
2016-07-15,2161.74,2161.74,2161.74,2161.74,
2016-07-18,2166.89,2166.89,2166.89,2166.89,
2016-07-19,2163.78,2163.78,2163.78,2163.78,
2016-07-20,2173.02,2173.02,2173.02,2173.02,
2016-07-21,2165.17,2165.17,2165.17,2165.17,
2016-07-22,2175.03,2175.03,2175.03,2175.03,
2016-07-25,2168.48,2168.48,2168.48,2168.48,
2016-07-26,2169.18,2169.18,2169.18,2169.18,
2016-07-27,2166.58,2166.58,2166.58,2166.58,
2016-07-28,2170.06,2170.06,2170.06,2170.06,
2016-07-29,2173.6,2173.6,2173.6,2173.6,
2016-08-01,2170.84,2170.84,2170.84,2170.84,
2016-08-02,2157.03,2157.03,2157.03,2157.03,
2016-08-03,2163.79,2163.79,2163.79,2163.79,
2016-08-04,2164.25,2164.25,2164.25,2164.25,
2016-08-05,2182.87,2182.87,2182.87,2182.87,
2016-08-08,2180.89,2180.89,2180.89,2180.89,
2016-08-09,2181.74,2181.74,2181.74,2181.74,
2016-08-10,2175.49,2175.49,2175.49,2175.49,
2016-08-11,2185.79,2185.79,2185.79,2185.79,
2016-08-12,2184.05,2184.05,2184.05,2184.05,
2016-08-15,2190.15,2190.15,2190.15,2190.15,
2016-08-16,2178.15,2178.15,2178.15,2178.15,
2016-08-17,2182.22,2182.22,2182.22,2182.22,
2016-08-18,2187.02,2187.02,2187.02,2187.02,
2016-08-19,2183.87,2183.87,2183.87,2183.87,
2016-08-22,2182.64,2182.64,2182.64,2182.64,
2016-08-23,2186.9,2186.9,2186.9,2186.9,
2016-08-24,2175.44,2175.44,2175.44,2175.44,
2016-08-25,2172.47,2172.47,2172.47,2172.47,
2016-08-26,2169.04,2169.04,2169.04,2169.04,
2016-08-29,2180.38,2180.38,2180.38,2180.38,
2016-08-30,2176.12,2176.12,2176.12,2176.12,
2016-08-31,2170.95,2170.95,2170.95,2170.95,
2016-09-01,2170.86,2170.86,2170.86,2170.86,
2016-09-02,2179.98,2179.98,2179.98,2179.98,
2016-09-06,2186.48,2186.48,2186.48,2186.48,
2016-09-07,2186.16,2186.16,2186.16,2186.16,
2016-09-08,2181.3,2181.3,2181.3,2181.3,
2016-09-09,2127.81,2127.81,2127.81,2127.81,
2016-09-12,2159.04,2159.04,2159.04,2159.04,
2016-09-13,2127.02,2127.02,2127.02,2127.02,
2016-09-14,2125.77,2125.77,2125.77,2125.77,
2016-09-15,2147.26,2147.26,2147.26,2147.26,
2016-09-16,2139.16,2139.16,2139.16,2139.16,
2016-09-19,2139.12,2139.12,2139.12,2139.12,
2016-09-20,2139.76,2139.76,2139.76,2139.76,
2016-09-21,2163.12,2163.12,2163.12,2163.12,
2016-09-22,2177.18,2177.18,2177.18,2177.18,
2016-09-23,2164.69,2164.69,2164.69,2164.69,
2016-09-26,2146.1,2146.1,2146.1,2146.1,
2016-09-27,2159.93,2159.93,2159.93,2159.93,
2016-09-28,2171.37,2171.37,2171.37,2171.37,
2016-09-29,2151.13,2151.13,2151.13,2151.13,
2016-09-30,2168.27,2168.27,2168.27,2168.27,
2016-10-03,2161.2,2161.2,2161.2,2161.2,
2016-10-04,2150.49,2150.49,2150.49,2150.49,
2016-10-05,2159.73,2159.73,2159.73,2159.73,
2016-10-06,2160.77,2160.77,2160.77,2160.77,
2016-10-07,2153.74,2153.74,2153.74,2153.74,
2016-10-10,2163.66,2163.66,2163.66,2163.66,
2016-10-11,2136.73,2136.73,2136.73,2136.73,
2016-10-12,2139.18,2139.18,2139.18,2139.18,
2016-10-13,2132.55,2132.55,2132.55,2132.55,
2016-10-14,2132.98,2132.98,2132.98,2132.98,
2016-10-17,2126.5,2126.5,2126.5,2126.5,
2016-10-18,2139.6,2139.6,2139.6,2139.6,
2016-10-19,2144.29,2144.29,2144.29,2144.29,
2016-10-20,2141.34,2141.34,2141.34,2141.34,
2016-10-21,2141.16,2141.16,2141.16,2141.16,
2016-10-24,2151.33,2151.33,2151.33,2151.33,
2016-10-25,2143.16,2143.16,2143.16,2143.16,
2016-10-26,2139.43,2139.43,2139.43,2139.43,
2016-10-27,2133.04,2133.04,2133.04,2133.04,
2016-10-28,2126.41,2126.41,2126.41,2126.41,
2016-10-31,2126.15,2126.15,2126.15,2126.15,
2016-11-01,2111.72,2111.72,2111.72,2111.72,
2016-11-02,2097.94,2097.94,2097.94,2097.94,
2016-11-03,2088.66,2088.66,2088.66,2088.66,
2016-11-04,2085.18,2085.18,2085.18,2085.18,
2016-11-07,2131.52,2131.52,2131.52,2131.52,
2016-11-08,2139.56,2139.56,2139.56,2139.56,
2016-11-09,2163.26,2163.26,2163.26,2163.26,
2016-11-10,2167.48,2167.48,2167.48,2167.48,
2016-11-11,2164.45,2164.45,2164.45,2164.45,
2016-11-14,2164.2,2164.2,2164.2,2164.2,
2016-11-15,2180.39,2180.39,2180.39,2180.39,
2016-11-16,2176.94,2176.94,2176.94,2176.94,
2016-11-17,2187.12,2187.12,2187.12,2187.12,
2016-11-18,2181.9,2181.9,2181.9,2181.9,
2016-11-21,2198.18,2198.18,2198.18,2198.18,
2016-11-22,2202.94,2202.94,2202.94,2202.94,
2016-11-23,2204.72,2204.72,2204.72,2204.72,
2016-11-25,2213.35,2213.35,2213.35,2213.35,
2016-11-28,2201.72,2201.72,2201.72,2201.72,
2016-11-29,2204.66,2204.66,2204.66,2204.66,
2016-11-30,2198.81,2198.81,2198.81,2198.81,
2016-12-01,2191.08,2191.08,2191.08,2191.08,
2016-12-02,2191.95,2191.95,2191.95,2191.95,
2016-12-05,2204.71,2204.71,2204.71,2204.71,
2016-12-06,2212.23,2212.23,2212.23,2212.23,
2016-12-07,2241.35,2241.35,2241.35,2241.35,
2016-12-08,2246.19,2246.19,2246.19,2246.19,
2016-12-09,2259.53,2259.53,2259.53,2259.53,
2016-12-12,2256.96,2256.96,2256.96,2256.96,
2016-12-13,2271.72,2271.72,2271.72,2271.72,
2016-12-14,2253.28,2253.28,2253.28,2253.28,
2016-12-15,2262.03,2262.03,2262.03,2262.03,
2016-12-16,2258.07,2258.07,2258.07,2258.07,
2016-12-19,2262.53,2262.53,2262.53,2262.53,
2016-12-20,2270.76,2270.76,2270.76,2270.76,
2016-12-21,2265.18,2265.18,2265.18,2265.18,
2016-12-22,2260.96,2260.96,2260.96,2260.96,
2016-12-23,2263.79,2263.79,2263.79,2263.79,
2016-12-27,2268.88,2268.88,2268.88,2268.88,
2016-12-28,2249.92,2249.92,2249.92,2249.92,
2016-12-29,2249.26,2249.26,2249.26,2249.26,
2016-12-30,2238.83,2238.83,2238.83,2238.83,
2017-01-03,2257.83,2257.83,2257.83,2257.83,
2017-01-04,2270.75,2270.75,2270.75,2270.75,
2017-01-05,2269.0,2269.0,2269.0,2269.0,
2017-01-06,2276.98,2276.98,2276.98,2276.98,
2017-01-09,2268.9,2268.9,2268.9,2268.9,
2017-01-10,2268.9,2268.9,2268.9,2268.9,
2017-01-11,2275.32,2275.32,2275.32,2275.32,
2017-01-12,2270.44,2270.44,2270.44,2270.44,
2017-01-13,2274.64,2274.64,2274.64,2274.64,
2017-01-17,2267.89,2267.89,2267.89,2267.89,
2017-01-18,2271.89,2271.89,2271.89,2271.89,
2017-01-19,2263.69,2263.69,2263.69,2263.69,
2017-01-20,2271.31,2271.31,2271.31,2271.31,
2017-01-23,2265.2,2265.2,2265.2,2265.2,
2017-01-24,2280.07,2280.07,2280.07,2280.07,
2017-01-25,2298.37,2298.37,2298.37,2298.37,
2017-01-26,2296.68,2296.68,2296.68,2296.68,
2017-01-27,2294.69,2294.69,2294.69,2294.69,
2017-01-30,2280.9,2280.9,2280.9,2280.9,
2017-01-31,2278.87,2278.87,2278.87,2278.87,
2017-02-01,2279.55,2279.55,2279.55,2279.55,
2017-02-02,2280.85,2280.85,2280.85,2280.85,
2017-02-03,2297.42,2297.42,2297.42,2297.42,
2017-02-06,2292.56,2292.56,2292.56,2292.56,
2017-02-07,2293.08,2293.08,2293.08,2293.08,
2017-02-08,2294.67,2294.67,2294.67,2294.67,
2017-02-09,2307.87,2307.87,2307.87,2307.87,
2017-02-10,2316.1,2316.1,2316.1,2316.1,
2017-02-13,2328.25,2328.25,2328.25,2328.25,
2017-02-14,2337.58,2337.58,2337.58,2337.58,
2017-02-15,2349.25,2349.25,2349.25,2349.25,
2017-02-16,2347.22,2347.22,2347.22,2347.22,
2017-02-17,2351.16,2351.16,2351.16,2351.16,
2017-02-21,2365.38,2365.38,2365.38,2365.38,
2017-02-22,2362.82,2362.82,2362.82,2362.82,
2017-02-23,2363.81,2363.81,2363.81,2363.81,
2017-02-24,2367.34,2367.34,2367.34,2367.34,
2017-02-27,2369.75,2369.75,2369.75,2369.75,
2017-02-28,2363.64,2363.64,2363.64,2363.64,
2017-03-01,2395.96,2395.96,2395.96,2395.96,
2017-03-02,2381.92,2381.92,2381.92,2381.92,
2017-03-03,2383.12,2383.12,2383.12,2383.12,
2017-03-06,2375.31,2375.31,2375.31,2375.31,
2017-03-07,2368.39,2368.39,2368.39,2368.39,
2017-03-08,2362.98,2362.98,2362.98,2362.98,
2017-03-09,2364.87,2364.87,2364.87,2364.87,
2017-03-10,2372.6,2372.6,2372.6,2372.6,
2017-03-13,2373.47,2373.47,2373.47,2373.47,
2017-03-14,2365.45,2365.45,2365.45,2365.45,
2017-03-15,2385.26,2385.26,2385.26,2385.26,
2017-03-16,2381.38,2381.38,2381.38,2381.38,
2017-03-17,2378.25,2378.25,2378.25,2378.25,
2017-03-20,2373.47,2373.47,2373.47,2373.47,
2017-03-21,2344.02,2344.02,2344.02,2344.02,
2017-03-22,2348.45,2348.45,2348.45,2348.45,
2017-03-23,2345.96,2345.96,2345.96,2345.96,
2017-03-24,2343.98,2343.98,2343.98,2343.98,
2017-03-27,2341.59,2341.59,2341.59,2341.59,
2017-03-28,2358.57,2358.57,2358.57,2358.57,
2017-03-29,2361.13,2361.13,2361.13,2361.13,
2017-03-30,2368.06,2368.06,2368.06,2368.06,
2017-03-31,2362.72,2362.72,2362.72,2362.72,
2017-04-03,2358.84,2358.84,2358.84,2358.84,
2017-04-04,2360.16,2360.16,2360.16,2360.16,
2017-04-05,2352.95,2352.95,2352.95,2352.95,
2017-04-06,2357.49,2357.49,2357.49,2357.49,
2017-04-07,2355.54,2355.54,2355.54,2355.54,
2017-04-10,2357.16,2357.16,2357.16,2357.16,
2017-04-11,2353.78,2353.78,2353.78,2353.78,
2017-04-12,2344.93,2344.93,2344.93,2344.93,
2017-04-13,2328.95,2328.95,2328.95,2328.95,
2017-04-17,2349.01,2349.01,2349.01,2349.01,
2017-04-18,2342.19,2342.19,2342.19,2342.19,
2017-04-19,2338.17,2338.17,2338.17,2338.17,
2017-04-20,2355.84,2355.84,2355.84,2355.84,
2017-04-21,2348.69,2348.69,2348.69,2348.69,
2017-04-24,2374.15,2374.15,2374.15,2374.15,
2017-04-25,2388.61,2388.61,2388.61,2388.61,
2017-04-26,2387.45,2387.45,2387.45,2387.45,
2017-04-27,2388.77,2388.77,2388.77,2388.77,
2017-04-28,2384.2,2384.2,2384.2,2384.2,
2017-05-01,2388.33,2388.33,2388.33,2388.33,
2017-05-02,2391.17,2391.17,2391.17,2391.17,
2017-05-03,2388.13,2388.13,2388.13,2388.13,
2017-05-04,2389.52,2389.52,2389.52,2389.52,
2017-05-05,2399.29,2399.29,2399.29,2399.29,
2017-05-08,2399.38,2399.38,2399.38,2399.38,
2017-05-09,2396.92,2396.92,2396.92,2396.92,
2017-05-10,2399.63,2399.63,2399.63,2399.63,
2017-05-11,2394.44,2394.44,2394.44,2394.44,
2017-05-12,2390.9,2390.9,2390.9,2390.9,
2017-05-15,2402.32,2402.32,2402.32,2402.32,
2017-05-16,2400.67,2400.67,2400.67,2400.67,
2017-05-17,2357.03,2357.03,2357.03,2357.03,
2017-05-18,2365.72,2365.72,2365.72,2365.72,
2017-05-19,2381.73,2381.73,2381.73,2381.73,
2017-05-22,2394.02,2394.02,2394.02,2394.02,
2017-05-23,2398.42,2398.42,2398.42,2398.42,
2017-05-24,2404.39,2404.39,2404.39,2404.39,
2017-05-25,2415.07,2415.07,2415.07,2415.07,
2017-05-26,2415.82,2415.82,2415.82,2415.82,
2017-05-30,2412.91,2412.91,2412.91,2412.91,
2017-05-31,2411.8,2411.8,2411.8,2411.8,
2017-06-01,2430.06,2430.06,2430.06,2430.06,
2017-06-02,2439.07,2439.07,2439.07,2439.07,
2017-06-05,2436.1,2436.1,2436.1,2436.1,
2017-06-06,2429.33,2429.33,2429.33,2429.33,
2017-06-07,2433.14,2433.14,2433.14,2433.14,
2017-06-08,2433.79,2433.79,2433.79,2433.79,
2017-06-09,2431.77,2431.77,2431.77,2431.77,
2017-06-12,2429.39,2429.39,2429.39,2429.39,
2017-06-13,2440.35,2440.35,2440.35,2440.35,
2017-06-14,2437.92,2437.92,2437.92,2437.92,
2017-06-15,2432.46,2432.46,2432.46,2432.46,
2017-06-16,2433.15,2433.15,2433.15,2433.15,
2017-06-19,2453.46,2453.46,2453.46,2453.46,
2017-06-20,2437.03,2437.03,2437.03,2437.03,
2017-06-21,2435.61,2435.61,2435.61,2435.61,
2017-06-22,2434.5,2434.5,2434.5,2434.5,
2017-06-23,2438.3,2438.3,2438.3,2438.3,
2017-06-26,2439.07,2439.07,2439.07,2439.07,
2017-06-27,2419.38,2419.38,2419.38,2419.38,
2017-06-28,2440.69,2440.69,2440.69,2440.69,
2017-06-29,2419.7,2419.7,2419.7,2419.7,
2017-06-30,2423.41,2423.41,2423.41,2423.41,
2017-07-03,2429.01,2429.01,2429.01,2429.01,
2017-07-05,2432.54,2432.54,2432.54,2432.54,
2017-07-06,2409.75,2409.75,2409.75,2409.75,
2017-07-07,2425.18,2425.18,2425.18,2425.18,
2017-07-10,2427.43,2427.43,2427.43,2427.43,
2017-07-11,2425.53,2425.53,2425.53,2425.53,
2017-07-12,2443.25,2443.25,2443.25,2443.25,
2017-07-13,2447.83,2447.83,2447.83,2447.83,
2017-07-14,2459.27,2459.27,2459.27,2459.27,
2017-07-17,2459.14,2459.14,2459.14,2459.14,
2017-07-18,2460.61,2460.61,2460.61,2460.61,
2017-07-19,2473.83,2473.83,2473.83,2473.83,
2017-07-20,2473.45,2473.45,2473.45,2473.45,
2017-07-21,2472.54,2472.54,2472.54,2472.54,
2017-07-24,2469.91,2469.91,2469.91,2469.91,
2017-07-25,2477.13,2477.13,2477.13,2477.13,
2017-07-26,2477.83,2477.83,2477.83,2477.83,
2017-07-27,2475.42,2475.42,2475.42,2475.42,
2017-07-28,2472.1,2472.1,2472.1,2472.1,
2017-07-31,2470.3,2470.3,2470.3,2470.3,
2017-08-01,2476.35,2476.35,2476.35,2476.35,
2017-08-02,2477.57,2477.57,2477.57,2477.57,
2017-08-03,2472.16,2472.16,2472.16,2472.16,
2017-08-04,2476.83,2476.83,2476.83,2476.83,
2017-08-07,2480.91,2480.91,2480.91,2480.91,
2017-08-08,2474.92,2474.92,2474.92,2474.92,
2017-08-09,2474.02,2474.02,2474.02,2474.02,
2017-08-10,2438.21,2438.21,2438.21,2438.21,
2017-08-11,2441.32,2441.32,2441.32,2441.32,
2017-08-14,2465.84,2465.84,2465.84,2465.84,
2017-08-15,2464.61,2464.61,2464.61,2464.61,
2017-08-16,2468.11,2468.11,2468.11,2468.11,
2017-08-17,2430.01,2430.01,2430.01,2430.01,
2017-08-18,2425.55,2425.55,2425.55,2425.55,
2017-08-21,2428.37,2428.37,2428.37,2428.37,
2017-08-22,2452.51,2452.51,2452.51,2452.51,
2017-08-23,2444.04,2444.04,2444.04,2444.04,
2017-08-24,2438.97,2438.97,2438.97,2438.97,
2017-08-25,2443.05,2443.05,2443.05,2443.05,
2017-08-28,2444.24,2444.24,2444.24,2444.24,
2017-08-29,2446.3,2446.3,2446.3,2446.3,
2017-08-30,2457.59,2457.59,2457.59,2457.59,
2017-08-31,2471.65,2471.65,2471.65,2471.65,
2017-09-01,2476.55,2476.55,2476.55,2476.55,
2017-09-05,2457.85,2457.85,2457.85,2457.85,
2017-09-06,2465.54,2465.54,2465.54,2465.54,
2017-09-07,2465.1,2465.1,2465.1,2465.1,
2017-09-08,2461.43,2461.43,2461.43,2461.43,
2017-09-11,2488.11,2488.11,2488.11,2488.11,
2017-09-12,2496.48,2496.48,2496.48,2496.48,
2017-09-13,2498.37,2498.37,2498.37,2498.37,
2017-09-14,2495.62,2495.62,2495.62,2495.62,
2017-09-15,2500.23,2500.23,2500.23,2500.23,
2017-09-18,2503.87,2503.87,2503.87,2503.87,
2017-09-19,2506.65,2506.65,2506.65,2506.65,
2017-09-20,2508.24,2508.24,2508.24,2508.24,
2017-09-21,2500.6,2500.6,2500.6,2500.6,
2017-09-22,2502.22,2502.22,2502.22,2502.22,
2017-09-25,2496.66,2496.66,2496.66,2496.66,
2017-09-26,2496.84,2496.84,2496.84,2496.84,
2017-09-27,2507.04,2507.04,2507.04,2507.04,
2017-09-28,2510.06,2510.06,2510.06,2510.06,
2017-09-29,2519.36,2519.36,2519.36,2519.36,
2017-10-02,2529.12,2529.12,2529.12,2529.12,
2017-10-03,2534.58,2534.58,2534.58,2534.58,
2017-10-04,2537.74,2537.74,2537.74,2537.74,
2017-10-05,2552.07,2552.07,2552.07,2552.07,
2017-10-06,2549.33,2549.33,2549.33,2549.33,
2017-10-09,2544.73,2544.73,2544.73,2544.73,
2017-10-10,2550.64,2550.64,2550.64,2550.64,
2017-10-11,2555.24,2555.24,2555.24,2555.24,
2017-10-12,2550.93,2550.93,2550.93,2550.93,
2017-10-13,2553.17,2553.17,2553.17,2553.17,
2017-10-16,2557.64,2557.64,2557.64,2557.64,
2017-10-17,2559.36,2559.36,2559.36,2559.36,
2017-10-18,2561.26,2561.26,2561.26,2561.26,
2017-10-19,2562.1,2562.1,2562.1,2562.1,
2017-10-20,2575.21,2575.21,2575.21,2575.21,
2017-10-23,2564.98,2564.98,2564.98,2564.98,
2017-10-24,2569.13,2569.13,2569.13,2569.13,
2017-10-25,2557.15,2557.15,2557.15,2557.15,
2017-10-26,2560.4,2560.4,2560.4,2560.4,
2017-10-27,2581.07,2581.07,2581.07,2581.07,
2017-10-30,2572.83,2572.83,2572.83,2572.83,
2017-10-31,2575.26,2575.26,2575.26,2575.26,
2017-11-01,2579.36,2579.36,2579.36,2579.36,
2017-11-02,2579.85,2579.85,2579.85,2579.85,
2017-11-03,2587.84,2587.84,2587.84,2587.84,
2017-11-06,2591.13,2591.13,2591.13,2591.13,
2017-11-07,2590.64,2590.64,2590.64,2590.64,
2017-11-08,2594.38,2594.38,2594.38,2594.38,
2017-11-09,2584.62,2584.62,2584.62,2584.62,
2017-11-10,2582.3,2582.3,2582.3,2582.3,
2017-11-13,2584.84,2584.84,2584.84,2584.84,
2017-11-14,2578.87,2578.87,2578.87,2578.87,
2017-11-15,2564.62,2564.62,2564.62,2564.62,
2017-11-16,2585.64,2585.64,2585.64,2585.64,
2017-11-17,2578.85,2578.85,2578.85,2578.85,
2017-11-20,2582.14,2582.14,2582.14,2582.14,
2017-11-21,2599.03,2599.03,2599.03,2599.03,
2017-11-22,2597.08,2597.08,2597.08,2597.08,
2017-11-24,2602.42,2602.42,2602.42,2602.42,
2017-11-27,2601.42,2601.42,2601.42,2601.42,
2017-11-28,2627.04,2627.04,2627.04,2627.04,
2017-11-29,2626.07,2626.07,2626.07,2626.07,
2017-11-30,2647.58,2647.58,2647.58,2647.58,
2017-12-01,2642.22,2642.22,2642.22,2642.22,
2017-12-04,2639.44,2639.44,2639.44,2639.44,
2017-12-05,2629.57,2629.57,2629.57,2629.57,
2017-12-06,2629.27,2629.27,2629.27,2629.27,
2017-12-07,2636.98,2636.98,2636.98,2636.98,
2017-12-08,2651.5,2651.5,2651.5,2651.5,
2017-12-11,2659.99,2659.99,2659.99,2659.99,
2017-12-12,2664.11,2664.11,2664.11,2664.11,
2017-12-13,2662.85,2662.85,2662.85,2662.85,
2017-12-14,2652.01,2652.01,2652.01,2652.01,
2017-12-15,2675.81,2675.81,2675.81,2675.81,
2017-12-18,2690.16,2690.16,2690.16,2690.16,
2017-12-19,2681.47,2681.47,2681.47,2681.47,
2017-12-20,2679.25,2679.25,2679.25,2679.25,
2017-12-21,2684.57,2684.57,2684.57,2684.57,
2017-12-22,2683.34,2683.34,2683.34,2683.34,
2017-12-26,2680.5,2680.5,2680.5,2680.5,
2017-12-27,2682.62,2682.62,2682.62,2682.62,
2017-12-28,2687.54,2687.54,2687.54,2687.54,
2017-12-29,2673.61,2673.61,2673.61,2673.61,
2018-01-02,2695.81,2695.81,2695.81,2695.81,
2018-01-03,2713.06,2713.06,2713.06,2713.06,
2018-01-04,2723.99,2723.99,2723.99,2723.99,
2018-01-05,2743.15,2743.15,2743.15,2743.15,
2018-01-08,2747.71,2747.71,2747.71,2747.71,
2018-01-09,2751.29,2751.29,2751.29,2751.29,
2018-01-10,2748.23,2748.23,2748.23,2748.23,
2018-01-11,2767.56,2767.56,2767.56,2767.56,
2018-01-12,2786.24,2786.24,2786.24,2786.24,
2018-01-16,2776.42,2776.42,2776.42,2776.42,
2018-01-17,2802.56,2802.56,2802.56,2802.56,
2018-01-18,2798.03,2798.03,2798.03,2798.03,
2018-01-19,2810.3,2810.3,2810.3,2810.3,
2018-01-22,2832.97,2832.97,2832.97,2832.97,
2018-01-23,2839.13,2839.13,2839.13,2839.13,
2018-01-24,2837.54,2837.54,2837.54,2837.54,
2018-01-25,2839.25,2839.25,2839.25,2839.25,
2018-01-26,2872.87,2872.87,2872.87,2872.87,
2018-01-29,2853.53,2853.53,2853.53,2853.53,
2018-01-30,2822.43,2822.43,2822.43,2822.43,
2018-01-31,2823.81,2823.81,2823.81,2823.81,
2018-02-01,2821.98,2821.98,2821.98,2821.98,
2018-02-02,2762.13,2762.13,2762.13,2762.13,
2018-02-05,2648.94,2648.94,2648.94,2648.94,
2018-02-06,2695.14,2695.14,2695.14,2695.14,
2018-02-07,2681.66,2681.66,2681.66,2681.66,
2018-02-08,2581.0,2581.0,2581.0,2581.0,
2018-02-09,2619.55,2619.55,2619.55,2619.55,
2018-02-12,2656.0,2656.0,2656.0,2656.0,
2018-02-13,2662.94,2662.94,2662.94,2662.94,
2018-02-14,2698.63,2698.63,2698.63,2698.63,
2018-02-15,2731.2,2731.2,2731.2,2731.2,
2018-02-16,2732.22,2732.22,2732.22,2732.22,
2018-02-20,2716.26,2716.26,2716.26,2716.26,
2018-02-21,2701.33,2701.33,2701.33,2701.33,
2018-02-22,2703.96,2703.96,2703.96,2703.96,
2018-02-23,2747.3,2747.3,2747.3,2747.3,
2018-02-26,2779.6,2779.6,2779.6,2779.6,
2018-02-27,2744.28,2744.28,2744.28,2744.28,
2018-02-28,2713.83,2713.83,2713.83,2713.83,
2018-03-01,2677.67,2677.67,2677.67,2677.67,
2018-03-02,2691.25,2691.25,2691.25,2691.25,
2018-03-05,2720.94,2720.94,2720.94,2720.94,
2018-03-06,2728.12,2728.12,2728.12,2728.12,
2018-03-07,2726.8,2726.8,2726.8,2726.8,
2018-03-08,2738.97,2738.97,2738.97,2738.97,
2018-03-09,2786.57,2786.57,2786.57,2786.57,
2018-03-12,2783.02,2783.02,2783.02,2783.02,
2018-03-13,2765.31,2765.31,2765.31,2765.31,
2018-03-14,2749.48,2749.48,2749.48,2749.48,
2018-03-15,2747.33,2747.33,2747.33,2747.33,
2018-03-16,2752.01,2752.01,2752.01,2752.01,
2018-03-19,2712.92,2712.92,2712.92,2712.92,
2018-03-20,2716.94,2716.94,2716.94,2716.94,
2018-03-21,2711.93,2711.93,2711.93,2711.93,
2018-03-22,2643.69,2643.69,2643.69,2643.69,
2018-03-23,2588.26,2588.26,2588.26,2588.26,
2018-03-26,2658.55,2658.55,2658.55,2658.55,
2018-03-27,2612.62,2612.62,2612.62,2612.62,
2018-03-28,2605.0,2605.0,2605.0,2605.0,
2018-03-29,2640.87,2640.87,2640.87,2640.87,
2018-04-02,2581.88,2581.88,2581.88,2581.88,
2018-04-03,2614.45,2614.45,2614.45,2614.45,
2018-04-04,2644.69,2644.69,2644.69,2644.69,
2018-04-05,2662.84,2662.84,2662.84,2662.84,
2018-04-06,2604.47,2604.47,2604.47,2604.47,
2018-04-09,2613.16,2613.16,2613.16,2613.16,
2018-04-10,2656.87,2656.87,2656.87,2656.87,
2018-04-11,2642.19,2642.19,2642.19,2642.19,
2018-04-12,2663.99,2663.99,2663.99,2663.99,
2018-04-13,2656.3,2656.3,2656.3,2656.3,
2018-04-16,2677.84,2677.84,2677.84,2677.84,
2018-04-17,2706.39,2706.39,2706.39,2706.39,
2018-04-18,2708.64,2708.64,2708.64,2708.64,
2018-04-19,2693.13,2693.13,2693.13,2693.13,
2018-04-20,2670.14,2670.14,2670.14,2670.14,
2018-04-23,2670.29,2670.29,2670.29,2670.29,
2018-04-24,2634.56,2634.56,2634.56,2634.56,
2018-04-25,2639.4,2639.4,2639.4,2639.4,
2018-04-26,2666.94,2666.94,2666.94,2666.94,
2018-04-27,2669.91,2669.91,2669.91,2669.91,
2018-04-30,2648.05,2648.05,2648.05,2648.05,
2018-05-01,2654.8,2654.8,2654.8,2654.8,
2018-05-02,2635.67,2635.67,2635.67,2635.67,
2018-05-03,2629.73,2629.73,2629.73,2629.73,
2018-05-04,2663.42,2663.42,2663.42,2663.42,
2018-05-07,2672.63,2672.63,2672.63,2672.63,
2018-05-08,2671.92,2671.92,2671.92,2671.92,
2018-05-09,2697.79,2697.79,2697.79,2697.79,
2018-05-10,2723.07,2723.07,2723.07,2723.07,
2018-05-11,2727.72,2727.72,2727.72,2727.72,
2018-05-14,2730.13,2730.13,2730.13,2730.13,
2018-05-15,2711.45,2711.45,2711.45,2711.45,
2018-05-16,2722.46,2722.46,2722.46,2722.46,
2018-05-17,2720.13,2720.13,2720.13,2720.13,
2018-05-18,2712.97,2712.97,2712.97,2712.97,
2018-05-21,2733.01,2733.01,2733.01,2733.01,
2018-05-22,2724.44,2724.44,2724.44,2724.44,
2018-05-23,2733.29,2733.29,2733.29,2733.29,
2018-05-24,2727.76,2727.76,2727.76,2727.76,
2018-05-25,2721.33,2721.33,2721.33,2721.33,
2018-05-29,2689.86,2689.86,2689.86,2689.86,
2018-05-30,2724.01,2724.01,2724.01,2724.01,
2018-05-31,2705.27,2705.27,2705.27,2705.27,
2018-06-01,2734.62,2734.62,2734.62,2734.62,
2018-06-04,2746.87,2746.87,2746.87,2746.87,
2018-06-05,2748.8,2748.8,2748.8,2748.8,
2018-06-06,2772.35,2772.35,2772.35,2772.35,
2018-06-07,2770.37,2770.37,2770.37,2770.37,
2018-06-08,2779.03,2779.03,2779.03,2779.03,
2018-06-11,2782.0,2782.0,2782.0,2782.0,
2018-06-12,2786.85,2786.85,2786.85,2786.85,
2018-06-13,2775.63,2775.63,2775.63,2775.63,
2018-06-14,2782.49,2782.49,2782.49,2782.49,
2018-06-15,2779.66,2779.66,2779.66,2779.66,
2018-06-18,2773.75,2773.75,2773.75,2773.75,
2018-06-19,2762.59,2762.59,2762.59,2762.59,
2018-06-20,2767.32,2767.32,2767.32,2767.32,
2018-06-21,2749.76,2749.76,2749.76,2749.76,
2018-06-22,2754.88,2754.88,2754.88,2754.88,
2018-06-25,2717.07,2717.07,2717.07,2717.07,
2018-06-26,2723.06,2723.06,2723.06,2723.06,
2018-06-27,2699.63,2699.63,2699.63,2699.63,
2018-06-28,2716.31,2716.31,2716.31,2716.31,
2018-06-29,2718.37,2718.37,2718.37,2718.37,
2018-07-02,2726.71,2726.71,2726.71,2726.71,
2018-07-03,2713.22,2713.22,2713.22,2713.22,
2018-07-05,2736.61,2736.61,2736.61,2736.61,
2018-07-06,2759.82,2759.82,2759.82,2759.82,
2018-07-09,2784.17,2784.17,2784.17,2784.17,
2018-07-10,2793.84,2793.84,2793.84,2793.84,
2018-07-11,2774.02,2774.02,2774.02,2774.02,
2018-07-12,2798.29,2798.29,2798.29,2798.29,
2018-07-13,2801.31,2801.31,2801.31,2801.31,
2018-07-16,2798.43,2798.43,2798.43,2798.43,
2018-07-17,2809.55,2809.55,2809.55,2809.55,
2018-07-18,2815.62,2815.62,2815.62,2815.62,
2018-07-19,2804.49,2804.49,2804.49,2804.49,
2018-07-20,2801.83,2801.83,2801.83,2801.83,
2018-07-23,2806.98,2806.98,2806.98,2806.98,
2018-07-24,2820.4,2820.4,2820.4,2820.4,
2018-07-25,2846.07,2846.07,2846.07,2846.07,
2018-07-26,2837.44,2837.44,2837.44,2837.44,
2018-07-27,2818.82,2818.82,2818.82,2818.82,
2018-07-30,2802.6,2802.6,2802.6,2802.6,
2018-07-31,2816.29,2816.29,2816.29,2816.29,
2018-08-01,2813.36,2813.36,2813.36,2813.36,
2018-08-02,2827.22,2827.22,2827.22,2827.22,
2018-08-03,2840.35,2840.35,2840.35,2840.35,
2018-08-06,2850.4,2850.4,2850.4,2850.4,
2018-08-07,2858.45,2858.45,2858.45,2858.45,
2018-08-08,2857.7,2857.7,2857.7,2857.7,
2018-08-09,2853.58,2853.58,2853.58,2853.58,
2018-08-10,2833.28,2833.28,2833.28,2833.28,
2018-08-13,2821.93,2821.93,2821.93,2821.93,
2018-08-14,2839.96,2839.96,2839.96,2839.96,
2018-08-15,2818.37,2818.37,2818.37,2818.37,
2018-08-16,2840.69,2840.69,2840.69,2840.69,
2018-08-17,2850.13,2850.13,2850.13,2850.13,
2018-08-20,2857.05,2857.05,2857.05,2857.05,
2018-08-21,2862.96,2862.96,2862.96,2862.96,
2018-08-22,2861.82,2861.82,2861.82,2861.82,
2018-08-23,2856.98,2856.98,2856.98,2856.98,
2018-08-24,2874.69,2874.69,2874.69,2874.69,
2018-08-27,2896.74,2896.74,2896.74,2896.74,
2018-08-28,2897.52,2897.52,2897.52,2897.52,
2018-08-29,2914.04,2914.04,2914.04,2914.04,
2018-08-30,2901.13,2901.13,2901.13,2901.13,
2018-08-31,2901.52,2901.52,2901.52,2901.52,
2018-09-04,2896.72,2896.72,2896.72,2896.72,
2018-09-05,2888.6,2888.6,2888.6,2888.6,
2018-09-06,2878.05,2878.05,2878.05,2878.05,
2018-09-07,2871.68,2871.68,2871.68,2871.68,
2018-09-10,2877.13,2877.13,2877.13,2877.13,
2018-09-11,2887.89,2887.89,2887.89,2887.89,
2018-09-12,2888.92,2888.92,2888.92,2888.92,
2018-09-13,2904.18,2904.18,2904.18,2904.18,
2018-09-14,2904.98,2904.98,2904.98,2904.98,
2018-09-17,2888.8,2888.8,2888.8,2888.8,
2018-09-18,2904.31,2904.31,2904.31,2904.31,
2018-09-19,2907.95,2907.95,2907.95,2907.95,
2018-09-20,2930.75,2930.75,2930.75,2930.75,
2018-09-21,2929.67,2929.67,2929.67,2929.67,
2018-09-24,2919.37,2919.37,2919.37,2919.37,
2018-09-25,2915.56,2915.56,2915.56,2915.56,
2018-09-26,2905.97,2905.97,2905.97,2905.97,
2018-09-27,2914.0,2914.0,2914.0,2914.0,
2018-09-28,2913.98,2913.98,2913.98,2913.98,
2018-10-01,2924.59,2924.59,2924.59,2924.59,
2018-10-02,2923.43,2923.43,2923.43,2923.43,
2018-10-03,2925.51,2925.51,2925.51,2925.51,
2018-10-04,2901.61,2901.61,2901.61,2901.61,
2018-10-05,2885.57,2885.57,2885.57,2885.57,
2018-10-08,2884.43,2884.43,2884.43,2884.43,
2018-10-09,2880.34,2880.34,2880.34,2880.34,
2018-10-10,2785.68,2785.68,2785.68,2785.68,
2018-10-11,2728.37,2728.37,2728.37,2728.37,
2018-10-12,2767.13,2767.13,2767.13,2767.13,
2018-10-15,2750.79,2750.79,2750.79,2750.79,
2018-10-16,2809.92,2809.92,2809.92,2809.92,
2018-10-17,2809.21,2809.21,2809.21,2809.21,
2018-10-18,2768.78,2768.78,2768.78,2768.78,
2018-10-19,2767.78,2767.78,2767.78,2767.78,
2018-10-22,2755.88,2755.88,2755.88,2755.88,
2018-10-23,2740.69,2740.69,2740.69,2740.69,
2018-10-24,2656.1,2656.1,2656.1,2656.1,
2018-10-25,2705.57,2705.57,2705.57,2705.57,
2018-10-26,2658.69,2658.69,2658.69,2658.69,
2018-10-29,2641.25,2641.25,2641.25,2641.25,
2018-10-30,2682.63,2682.63,2682.63,2682.63,
2018-10-31,2711.74,2711.74,2711.74,2711.74,
2018-11-01,2740.37,2740.37,2740.37,2740.37,
2018-11-02,2723.06,2723.06,2723.06,2723.06,
2018-11-05,2738.31,2738.31,2738.31,2738.31,
2018-11-06,2755.45,2755.45,2755.45,2755.45,
2018-11-07,2813.89,2813.89,2813.89,2813.89,
2018-11-08,2806.83,2806.83,2806.83,2806.83,
2018-11-09,2781.01,2781.01,2781.01,2781.01,
2018-11-12,2726.22,2726.22,2726.22,2726.22,
2018-11-13,2722.18,2722.18,2722.18,2722.18,
2018-11-14,2701.58,2701.58,2701.58,2701.58,
2018-11-15,2730.2,2730.2,2730.2,2730.2,
2018-11-16,2736.27,2736.27,2736.27,2736.27,
2018-11-19,2690.73,2690.73,2690.73,2690.73,
2018-11-20,2641.89,2641.89,2641.89,2641.89,
2018-11-21,2649.93,2649.93,2649.93,2649.93,
2018-11-23,2632.56,2632.56,2632.56,2632.56,
2018-11-26,2673.45,2673.45,2673.45,2673.45,
2018-11-27,2682.17,2682.17,2682.17,2682.17,
2018-11-28,2743.79,2743.79,2743.79,2743.79,
2018-11-29,2737.8,2737.8,2737.8,2737.8,
2018-11-30,2760.17,2760.17,2760.17,2760.17,
2018-12-03,2790.37,2790.37,2790.37,2790.37,
2018-12-04,2700.06,2700.06,2700.06,2700.06,
2018-12-06,2695.95,2695.95,2695.95,2695.95,
2018-12-07,2633.08,2633.08,2633.08,2633.08,
2018-12-10,2637.72,2637.72,2637.72,2637.72,
2018-12-11,2636.78,2636.78,2636.78,2636.78,
2018-12-12,2651.07,2651.07,2651.07,2651.07,
2018-12-13,2650.54,2650.54,2650.54,2650.54,
2018-12-14,2599.95,2599.95,2599.95,2599.95,
2018-12-17,2545.94,2545.94,2545.94,2545.94,
2018-12-18,2546.16,2546.16,2546.16,2546.16,
2018-12-19,2506.96,2506.96,2506.96,2506.96,
2018-12-20,2467.42,2467.42,2467.42,2467.42,
2018-12-21,2416.62,2416.62,2416.62,2416.62,
2018-12-24,2351.1,2351.1,2351.1,2351.1,
2018-12-26,2467.7,2467.7,2467.7,2467.7,
2018-12-27,2488.83,2488.83,2488.83,2488.83,
2018-12-28,2485.74,2485.74,2485.74,2485.74,
2018-12-31,2506.85,2506.85,2506.85,2506.85,
2019-01-02,2510.03,2510.03,2510.03,2510.03,
2019-01-03,2447.89,2447.89,2447.89,2447.89,
2019-01-04,2531.94,2531.94,2531.94,2531.94,
2019-01-07,2549.69,2549.69,2549.69,2549.69,
2019-01-08,2574.41,2574.41,2574.41,2574.41,
2019-01-09,2584.96,2584.96,2584.96,2584.96,
2019-01-10,2596.64,2596.64,2596.64,2596.64,
2019-01-11,2596.26,2596.26,2596.26,2596.26,
2019-01-14,2582.61,2582.61,2582.61,2582.61,
2019-01-15,2610.3,2610.3,2610.3,2610.3,
2019-01-16,2616.1,2616.1,2616.1,2616.1,
2019-01-17,2635.96,2635.96,2635.96,2635.96,
2019-01-18,2670.71,2670.71,2670.71,2670.71,
2019-01-22,2632.9,2632.9,2632.9,2632.9,
2019-01-23,2638.7,2638.7,2638.7,2638.7,
2019-01-24,2642.33,2642.33,2642.33,2642.33,
2019-01-25,2664.76,2664.76,2664.76,2664.76,
2019-01-28,2643.85,2643.85,2643.85,2643.85,
2019-01-29,2640.0,2640.0,2640.0,2640.0,
2019-01-30,2681.05,2681.05,2681.05,2681.05,
2019-01-31,2704.1,2704.1,2704.1,2704.1,
2019-02-01,2706.53,2706.53,2706.53,2706.53,
2019-02-04,2724.87,2724.87,2724.87,2724.87,
2019-02-05,2737.7,2737.7,2737.7,2737.7,
2019-02-06,2731.61,2731.61,2731.61,2731.61,
2019-02-07,2706.05,2706.05,2706.05,2706.05,
2019-02-08,2707.88,2707.88,2707.88,2707.88,
2019-02-11,2709.8,2709.8,2709.8,2709.8,
2019-02-12,2744.73,2744.73,2744.73,2744.73,
2019-02-13,2753.03,2753.03,2753.03,2753.03,
2019-02-14,2745.73,2745.73,2745.73,2745.73,
2019-02-15,2775.6,2775.6,2775.6,2775.6,
2019-02-19,2779.76,2779.76,2779.76,2779.76,
2019-02-20,2784.7,2784.7,2784.7,2784.7,
2019-02-21,2774.88,2774.88,2774.88,2774.88,
2019-02-22,2792.67,2792.67,2792.67,2792.67,
2019-02-25,2796.11,2796.11,2796.11,2796.11,
2019-02-26,2793.9,2793.9,2793.9,2793.9,
2019-02-27,2792.38,2792.38,2792.38,2792.38,
2019-02-28,2784.49,2784.49,2784.49,2784.49,
2019-03-01,2803.69,2803.69,2803.69,2803.69,
2019-03-04,2792.81,2792.81,2792.81,2792.81,
2019-03-05,2789.65,2789.65,2789.65,2789.65,
2019-03-06,2771.45,2771.45,2771.45,2771.45,
2019-03-07,2748.93,2748.93,2748.93,2748.93,
2019-03-08,2743.07,2743.07,2743.07,2743.07,
2019-03-11,2783.3,2783.3,2783.3,2783.3,
2019-03-12,2791.52,2791.52,2791.52,2791.52,
2019-03-13,2810.92,2810.92,2810.92,2810.92,
2019-03-14,2808.48,2808.48,2808.48,2808.48,
2019-03-15,2822.48,2822.48,2822.48,2822.48,
2019-03-18,2832.94,2832.94,2832.94,2832.94,
2019-03-19,2832.57,2832.57,2832.57,2832.57,
2019-03-20,2824.23,2824.23,2824.23,2824.23,
2019-03-21,2854.88,2854.88,2854.88,2854.88,
2019-03-22,2800.71,2800.71,2800.71,2800.71,
2019-03-25,2798.36,2798.36,2798.36,2798.36,
2019-03-26,2818.46,2818.46,2818.46,2818.46,
2019-03-27,2805.37,2805.37,2805.37,2805.37,
2019-03-28,2815.44,2815.44,2815.44,2815.44,
2019-03-29,2834.4,2834.4,2834.4,2834.4,
2019-04-01,2867.19,2867.19,2867.19,2867.19,
2019-04-02,2867.24,2867.24,2867.24,2867.24,
2019-04-03,2873.4,2873.4,2873.4,2873.4,
2019-04-04,2879.39,2879.39,2879.39,2879.39,
2019-04-05,2892.74,2892.74,2892.74,2892.74,
2019-04-08,2895.77,2895.77,2895.77,2895.77,
2019-04-09,2878.2,2878.2,2878.2,2878.2,
2019-04-10,2888.21,2888.21,2888.21,2888.21,
2019-04-11,2888.32,2888.32,2888.32,2888.32,
2019-04-12,2907.41,2907.41,2907.41,2907.41,
2019-04-15,2905.58,2905.58,2905.58,2905.58,
2019-04-16,2907.06,2907.06,2907.06,2907.06,
2019-04-17,2900.45,2900.45,2900.45,2900.45,
2019-04-18,2905.03,2905.03,2905.03,2905.03,
2019-04-22,2907.97,2907.97,2907.97,2907.97,
2019-04-23,2933.68,2933.68,2933.68,2933.68,
2019-04-24,2927.25,2927.25,2927.25,2927.25,
2019-04-25,2926.17,2926.17,2926.17,2926.17,
2019-04-26,2939.88,2939.88,2939.88,2939.88,
2019-04-29,2943.03,2943.03,2943.03,2943.03,
2019-04-30,2945.83,2945.83,2945.83,2945.83,
2019-05-01,2923.73,2923.73,2923.73,2923.73,
2019-05-02,2917.52,2917.52,2917.52,2917.52,
2019-05-03,2945.64,2945.64,2945.64,2945.64,
2019-05-06,2932.47,2932.47,2932.47,2932.47,
2019-05-07,2884.05,2884.05,2884.05,2884.05,
2019-05-08,2879.42,2879.42,2879.42,2879.42,
2019-05-09,2870.72,2870.72,2870.72,2870.72,
2019-05-10,2881.4,2881.4,2881.4,2881.4,
2019-05-13,2811.87,2811.87,2811.87,2811.87,
2019-05-14,2834.41,2834.41,2834.41,2834.41,
2019-05-15,2850.96,2850.96,2850.96,2850.96,
2019-05-16,2876.32,2876.32,2876.32,2876.32,
2019-05-17,2859.53,2859.53,2859.53,2859.53,
2019-05-20,2840.23,2840.23,2840.23,2840.23,
2019-05-21,2864.36,2864.36,2864.36,2864.36,
2019-05-22,2856.27,2856.27,2856.27,2856.27,
2019-05-23,2822.24,2822.24,2822.24,2822.24,
2019-05-24,2826.06,2826.06,2826.06,2826.06,
2019-05-28,2802.39,2802.39,2802.39,2802.39,
2019-05-29,2783.02,2783.02,2783.02,2783.02,
2019-05-30,2788.86,2788.86,2788.86,2788.86,
2019-05-31,2752.06,2752.06,2752.06,2752.06,
2019-06-03,2744.45,2744.45,2744.45,2744.45,
2019-06-04,2803.27,2803.27,2803.27,2803.27,
2019-06-05,2826.15,2826.15,2826.15,2826.15,
2019-06-06,2843.49,2843.49,2843.49,2843.49,
2019-06-07,2873.34,2873.34,2873.34,2873.34,
2019-06-10,2886.73,2886.73,2886.73,2886.73,
2019-06-11,2885.72,2885.72,2885.72,2885.72,
2019-06-12,2879.84,2879.84,2879.84,2879.84,
2019-06-13,2891.64,2891.64,2891.64,2891.64,
2019-06-14,2886.98,2886.98,2886.98,2886.98,
2019-06-17,2889.67,2889.67,2889.67,2889.67,
2019-06-18,2917.75,2917.75,2917.75,2917.75,
2019-06-19,2926.46,2926.46,2926.46,2926.46,
2019-06-20,2954.18,2954.18,2954.18,2954.18,
2019-06-21,2950.46,2950.46,2950.46,2950.46,
2019-06-24,2945.35,2945.35,2945.35,2945.35,
2019-06-25,2917.38,2917.38,2917.38,2917.38,
2019-06-26,2913.78,2913.78,2913.78,2913.78,
2019-06-27,2924.92,2924.92,2924.92,2924.92,
2019-06-28,2941.76,2941.76,2941.76,2941.76,
2019-07-01,2964.33,2964.33,2964.33,2964.33,
2019-07-02,2973.01,2973.01,2973.01,2973.01,
2019-07-03,2995.82,2995.82,2995.82,2995.82,
2019-07-05,2990.41,2990.41,2990.41,2990.41,
2019-07-08,2975.95,2975.95,2975.95,2975.95,
2019-07-09,2979.63,2979.63,2979.63,2979.63,
2019-07-10,2993.07,2993.07,2993.07,2993.07,
2019-07-11,2999.91,2999.91,2999.91,2999.91,
2019-07-12,3013.77,3013.77,3013.77,3013.77,
2019-07-15,3014.3,3014.3,3014.3,3014.3,
2019-07-16,3004.04,3004.04,3004.04,3004.04,
2019-07-17,2984.42,2984.42,2984.42,2984.42,
2019-07-18,2995.11,2995.11,2995.11,2995.11,
2019-07-19,2976.61,2976.61,2976.61,2976.61,
2019-07-22,2985.03,2985.03,2985.03,2985.03,
2019-07-23,3005.47,3005.47,3005.47,3005.47,
2019-07-24,3019.56,3019.56,3019.56,3019.56,
2019-07-25,3003.67,3003.67,3003.67,3003.67,
2019-07-26,3025.86,3025.86,3025.86,3025.86,
2019-07-29,3020.97,3020.97,3020.97,3020.97,
2019-07-30,3013.18,3013.18,3013.18,3013.18,
2019-07-31,2980.38,2980.38,2980.38,2980.38,
2019-08-01,2953.56,2953.56,2953.56,2953.56,
2019-08-02,2932.05,2932.05,2932.05,2932.05,
2019-08-05,2844.74,2844.74,2844.74,2844.74,
2019-08-06,2881.77,2881.77,2881.77,2881.77,
2019-08-07,2883.98,2883.98,2883.98,2883.98,
2019-08-08,2938.09,2938.09,2938.09,2938.09,
2019-08-09,2918.65,2918.65,2918.65,2918.65,
2019-08-12,2882.7,2882.7,2882.7,2882.7,
2019-08-13,2926.32,2926.32,2926.32,2926.32,
2019-08-14,2840.6,2840.6,2840.6,2840.6,
2019-08-15,2847.6,2847.6,2847.6,2847.6,
2019-08-16,2888.68,2888.68,2888.68,2888.68,
2019-08-19,2923.65,2923.65,2923.65,2923.65,
2019-08-20,2900.51,2900.51,2900.51,2900.51,
2019-08-21,2924.43,2924.43,2924.43,2924.43,
2019-08-22,2922.95,2922.95,2922.95,2922.95,
2019-08-23,2847.11,2847.11,2847.11,2847.11,
2019-08-26,2878.38,2878.38,2878.38,2878.38,
2019-08-27,2869.16,2869.16,2869.16,2869.16,
2019-08-28,2887.94,2887.94,2887.94,2887.94,
2019-08-29,2924.58,2924.58,2924.58,2924.58,
2019-08-30,2926.46,2926.46,2926.46,2926.46,
2019-09-03,2906.27,2906.27,2906.27,2906.27,
2019-09-04,2937.78,2937.78,2937.78,2937.78,
2019-09-05,2976.0,2976.0,2976.0,2976.0,
2019-09-06,2978.71,2978.71,2978.71,2978.71,
2019-09-09,2978.43,2978.43,2978.43,2978.43,
2019-09-10,2979.39,2979.39,2979.39,2979.39,
2019-09-11,3000.93,3000.93,3000.93,3000.93,
2019-09-12,3009.57,3009.57,3009.57,3009.57,
2019-09-13,3007.39,3007.39,3007.39,3007.39,
2019-09-16,2997.96,2997.96,2997.96,2997.96,
2019-09-17,3005.7,3005.7,3005.7,3005.7,
2019-09-18,3006.73,3006.73,3006.73,3006.73,
2019-09-19,3006.79,3006.79,3006.79,3006.79,
2019-09-20,2992.07,2992.07,2992.07,2992.07,
2019-09-23,2991.78,2991.78,2991.78,2991.78,
2019-09-24,2966.6,2966.6,2966.6,2966.6,
2019-09-25,2984.87,2984.87,2984.87,2984.87,
2019-09-26,2977.62,2977.62,2977.62,2977.62,
2019-09-27,2961.79,2961.79,2961.79,2961.79,
2019-09-30,2976.74,2976.74,2976.74,2976.74,
2019-10-01,2940.25,2940.25,2940.25,2940.25,
2019-10-02,2887.61,2887.61,2887.61,2887.61,
2019-10-03,2910.63,2910.63,2910.63,2910.63,
2019-10-04,2952.01,2952.01,2952.01,2952.01,
2019-10-07,2938.79,2938.79,2938.79,2938.79,
2019-10-08,2893.06,2893.06,2893.06,2893.06,
2019-10-09,2919.4,2919.4,2919.4,2919.4,
2019-10-10,2938.13,2938.13,2938.13,2938.13,
2019-10-11,2970.27,2970.27,2970.27,2970.27,
2019-10-14,2966.15,2966.15,2966.15,2966.15,
2019-10-15,2995.68,2995.68,2995.68,2995.68,
2019-10-16,2989.69,2989.69,2989.69,2989.69,
2019-10-17,2997.95,2997.95,2997.95,2997.95,
2019-10-18,2986.2,2986.2,2986.2,2986.2,
2019-10-21,3006.72,3006.72,3006.72,3006.72,
2019-10-22,2995.99,2995.99,2995.99,2995.99,
2019-10-23,3004.52,3004.52,3004.52,3004.52,
2019-10-24,3010.29,3010.29,3010.29,3010.29,
2019-10-25,3022.55,3022.55,3022.55,3022.55,
2019-10-28,3039.42,3039.42,3039.42,3039.42,
2019-10-29,3036.89,3036.89,3036.89,3036.89,
2019-10-30,3046.77,3046.77,3046.77,3046.77,
2019-10-31,3037.56,3037.56,3037.56,3037.56,
2019-11-01,3066.91,3066.91,3066.91,3066.91,
2019-11-04,3078.27,3078.27,3078.27,3078.27,
2019-11-05,3074.62,3074.62,3074.62,3074.62,
2019-11-06,3076.78,3076.78,3076.78,3076.78,
2019-11-07,3085.18,3085.18,3085.18,3085.18,
2019-11-08,3093.08,3093.08,3093.08,3093.08,
2019-11-11,3087.01,3087.01,3087.01,3087.01,
2019-11-12,3091.84,3091.84,3091.84,3091.84,
2019-11-13,3094.04,3094.04,3094.04,3094.04,
2019-11-14,3096.63,3096.63,3096.63,3096.63,
2019-11-15,3120.46,3120.46,3120.46,3120.46,
2019-11-18,3122.03,3122.03,3122.03,3122.03,
2019-11-19,3120.18,3120.18,3120.18,3120.18,
2019-11-20,3108.46,3108.46,3108.46,3108.46,
2019-11-21,3103.54,3103.54,3103.54,3103.54,
2019-11-22,3110.29,3110.29,3110.29,3110.29,
2019-11-25,3133.64,3133.64,3133.64,3133.64,
2019-11-26,3140.52,3140.52,3140.52,3140.52,
2019-11-27,3153.63,3153.63,3153.63,3153.63,
2019-11-29,3140.98,3140.98,3140.98,3140.98,
2019-12-02,3113.87,3113.87,3113.87,3113.87,
2019-12-03,3093.2,3093.2,3093.2,3093.2,
2019-12-04,3112.76,3112.76,3112.76,3112.76,
2019-12-05,3117.43,3117.43,3117.43,3117.43,
2019-12-06,3145.91,3145.91,3145.91,3145.91,
2019-12-09,3135.96,3135.96,3135.96,3135.96,
2019-12-10,3132.52,3132.52,3132.52,3132.52,
2019-12-11,3141.63,3141.63,3141.63,3141.63,
2019-12-12,3168.57,3168.57,3168.57,3168.57,
2019-12-13,3168.8,3168.8,3168.8,3168.8,
2019-12-16,3191.45,3191.45,3191.45,3191.45,
2019-12-17,3192.52,3192.52,3192.52,3192.52,
2019-12-18,3191.14,3191.14,3191.14,3191.14,
2019-12-19,3205.37,3205.37,3205.37,3205.37,
2019-12-20,3221.22,3221.22,3221.22,3221.22,
2019-12-23,3224.01,3224.01,3224.01,3224.01,
2019-12-24,3223.38,3223.38,3223.38,3223.38,
2019-12-26,3239.91,3239.91,3239.91,3239.91,
2019-12-27,3240.02,3240.02,3240.02,3240.02,
2019-12-30,3221.29,3221.29,3221.29,3221.29,
2019-12-31,3230.78,3230.78,3230.78,3230.78,
2020-01-02,3257.85,3257.85,3257.85,3257.85,
2020-01-03,3234.85,3234.85,3234.85,3234.85,
2020-01-06,3246.28,3246.28,3246.28,3246.28,
2020-01-07,3237.18,3237.18,3237.18,3237.18,
2020-01-08,3253.05,3253.05,3253.05,3253.05,
2020-01-09,3274.7,3274.7,3274.7,3274.7,
2020-01-10,3265.35,3265.35,3265.35,3265.35,
2020-01-13,3288.13,3288.13,3288.13,3288.13,
2020-01-14,3283.15,3283.15,3283.15,3283.15,
2020-01-15,3289.29,3289.29,3289.29,3289.29,
2020-01-16,3316.81,3316.81,3316.81,3316.81,
2020-01-17,3329.62,3329.62,3329.62,3329.62,
2020-01-21,3320.79,3320.79,3320.79,3320.79,
2020-01-22,3321.75,3321.75,3321.75,3321.75,
2020-01-23,3325.54,3325.54,3325.54,3325.54,
2020-01-24,3295.47,3295.47,3295.47,3295.47,
2020-01-27,3243.63,3243.63,3243.63,3243.63,
2020-01-28,3276.24,3276.24,3276.24,3276.24,
2020-01-29,3273.4,3273.4,3273.4,3273.4,
2020-01-30,3283.66,3283.66,3283.66,3283.66,
2020-01-31,3225.52,3225.52,3225.52,3225.52,
2020-02-03,3248.92,3248.92,3248.92,3248.92,
2020-02-04,3297.59,3297.59,3297.59,3297.59,
2020-02-05,3334.69,3334.69,3334.69,3334.69,
2020-02-06,3345.78,3345.78,3345.78,3345.78,
2020-02-07,3327.71,3327.71,3327.71,3327.71,
2020-02-10,3352.09,3352.09,3352.09,3352.09,
2020-02-11,3357.75,3357.75,3357.75,3357.75,
2020-02-12,3379.45,3379.45,3379.45,3379.45,
2020-02-13,3373.94,3373.94,3373.94,3373.94,
2020-02-14,3380.16,3380.16,3380.16,3380.16,
2020-02-18,3370.29,3370.29,3370.29,3370.29,
2020-02-19,3386.15,3386.15,3386.15,3386.15,
2020-02-20,3373.23,3373.23,3373.23,3373.23,
2020-02-21,3337.75,3337.75,3337.75,3337.75,
2020-02-24,3225.89,3225.89,3225.89,3225.89,
2020-02-25,3128.21,3128.21,3128.21,3128.21,
2020-02-26,3116.39,3116.39,3116.39,3116.39,
2020-02-27,2978.76,2978.76,2978.76,2978.76,
2020-02-28,2954.22,2954.22,2954.22,2954.22,
2020-03-02,3090.23,3090.23,3090.23,3090.23,
2020-03-03,3003.37,3003.37,3003.37,3003.37,
2020-03-04,3130.12,3130.12,3130.12,3130.12,
2020-03-05,3023.94,3023.94,3023.94,3023.94,
2020-03-06,2972.37,2972.37,2972.37,2972.37,
2020-03-09,2746.56,2746.56,2746.56,2746.56,
2020-03-10,2882.23,2882.23,2882.23,2882.23,
2020-03-11,2741.38,2741.38,2741.38,2741.38,
2020-03-12,2480.64,2480.64,2480.64,2480.64,
2020-03-13,2711.02,2711.02,2711.02,2711.02,
2020-03-16,2386.13,2386.13,2386.13,2386.13,
2020-03-17,2529.19,2529.19,2529.19,2529.19,
2020-03-18,2398.1,2398.1,2398.1,2398.1,
2020-03-19,2409.39,2409.39,2409.39,2409.39,
2020-03-20,2304.92,2304.92,2304.92,2304.92,
2020-03-23,2237.4,2237.4,2237.4,2237.4,
2020-03-24,2447.33,2447.33,2447.33,2447.33,
2020-03-25,2475.56,2475.56,2475.56,2475.56,
2020-03-26,2630.07,2630.07,2630.07,2630.07,
2020-03-27,2541.47,2541.47,2541.47,2541.47,
2020-03-30,2626.65,2626.65,2626.65,2626.65,
2020-03-31,2584.59,2584.59,2584.59,2584.59,
2020-04-01,2470.5,2470.5,2470.5,2470.5,
2020-04-02,2526.9,2526.9,2526.9,2526.9,
2020-04-03,2488.65,2488.65,2488.65,2488.65,
2020-04-06,2663.68,2663.68,2663.68,2663.68,
2020-04-07,2659.41,2659.41,2659.41,2659.41,
2020-04-08,2749.98,2749.98,2749.98,2749.98,
2020-04-09,2789.82,2789.82,2789.82,2789.82,
2020-04-13,2761.63,2761.63,2761.63,2761.63,
2020-04-14,2846.06,2846.06,2846.06,2846.06,
2020-04-15,2783.36,2783.36,2783.36,2783.36,
2020-04-16,2799.55,2799.55,2799.55,2799.55,
2020-04-17,2874.56,2874.56,2874.56,2874.56,
2020-04-20,2823.16,2823.16,2823.16,2823.16,
2020-04-21,2736.56,2736.56,2736.56,2736.56,
2020-04-22,2799.31,2799.31,2799.31,2799.31,
2020-04-23,2797.8,2797.8,2797.8,2797.8,
2020-04-24,2836.74,2836.74,2836.74,2836.74,
2020-04-27,2878.48,2878.48,2878.48,2878.48,
2020-04-28,2863.39,2863.39,2863.39,2863.39,
2020-04-29,2939.51,2939.51,2939.51,2939.51,
2020-04-30,2912.43,2912.43,2912.43,2912.43,
2020-05-01,2830.71,2830.71,2830.71,2830.71,
2020-05-04,2842.74,2842.74,2842.74,2842.74,
2020-05-05,2868.44,2868.44,2868.44,2868.44,
2020-05-06,2848.42,2848.42,2848.42,2848.42,
2020-05-07,2881.19,2881.19,2881.19,2881.19,
2020-05-08,2929.8,2929.8,2929.8,2929.8,
2020-05-11,2930.19,2930.19,2930.19,2930.19,
2020-05-12,2870.12,2870.12,2870.12,2870.12,
2020-05-13,2820.0,2820.0,2820.0,2820.0,
2020-05-14,2852.5,2852.5,2852.5,2852.5,
2020-05-15,2863.7,2863.7,2863.7,2863.7,
2020-05-18,2953.91,2953.91,2953.91,2953.91,
2020-05-19,2922.94,2922.94,2922.94,2922.94,
2020-05-20,2971.61,2971.61,2971.61,2971.61,
2020-05-21,2948.51,2948.51,2948.51,2948.51,
2020-05-22,2955.45,2955.45,2955.45,2955.45,
2020-05-26,2991.77,2991.77,2991.77,2991.77,
2020-05-27,3036.13,3036.13,3036.13,3036.13,
2020-05-28,3029.73,3029.73,3029.73,3029.73,
2020-05-29,3044.31,3044.31,3044.31,3044.31,
2020-06-01,3055.73,3055.73,3055.73,3055.73,
2020-06-02,3080.82,3080.82,3080.82,3080.82,
2020-06-03,3122.87,3122.87,3122.87,3122.87,
2020-06-04,3112.35,3112.35,3112.35,3112.35,
2020-06-05,3193.93,3193.93,3193.93,3193.93,
2020-06-08,3232.39,3232.39,3232.39,3232.39,
2020-06-09,3207.18,3207.18,3207.18,3207.18,
2020-06-10,3190.14,3190.14,3190.14,3190.14,
2020-06-11,3002.1,3002.1,3002.1,3002.1,
2020-06-12,3041.31,3041.31,3041.31,3041.31,
2020-06-15,3066.59,3066.59,3066.59,3066.59,
2020-06-16,3124.74,3124.74,3124.74,3124.74,
2020-06-17,3113.49,3113.49,3113.49,3113.49,
2020-06-18,3115.34,3115.34,3115.34,3115.34,
2020-06-19,3097.74,3097.74,3097.74,3097.74,
2020-06-22,3117.86,3117.86,3117.86,3117.86,
2020-06-23,3131.29,3131.29,3131.29,3131.29,
2020-06-24,3050.33,3050.33,3050.33,3050.33,
2020-06-25,3083.76,3083.76,3083.76,3083.76,
2020-06-26,3009.05,3009.05,3009.05,3009.05,
2020-06-29,3053.24,3053.24,3053.24,3053.24,
2020-06-30,3100.29,3100.29,3100.29,3100.29,
2020-07-01,3115.86,3115.86,3115.86,3115.86,
2020-07-02,3130.01,3130.01,3130.01,3130.01,
2020-07-06,3179.72,3179.72,3179.72,3179.72,
2020-07-07,3145.32,3145.32,3145.32,3145.32,
2020-07-08,3169.94,3169.94,3169.94,3169.94,
2020-07-09,3152.05,3152.05,3152.05,3152.05,
2020-07-10,3185.04,3185.04,3185.04,3185.04,
2020-07-13,3155.22,3155.22,3155.22,3155.22,
2020-07-14,3197.52,3197.52,3197.52,3197.52,
2020-07-15,3226.56,3226.56,3226.56,3226.56,
2020-07-16,3215.57,3215.57,3215.57,3215.57,
2020-07-17,3224.73,3224.73,3224.73,3224.73,
2020-07-20,3251.84,3251.84,3251.84,3251.84,
2020-07-21,3257.3,3257.3,3257.3,3257.3,
2020-07-22,3276.02,3276.02,3276.02,3276.02,
2020-07-23,3235.66,3235.66,3235.66,3235.66,
2020-07-24,3215.63,3215.63,3215.63,3215.63,
2020-07-27,3239.41,3239.41,3239.41,3239.41,
2020-07-28,3218.44,3218.44,3218.44,3218.44,
2020-07-29,3258.44,3258.44,3258.44,3258.44,
2020-07-30,3246.22,3246.22,3246.22,3246.22,
2020-07-31,3271.12,3271.12,3271.12,3271.12,
2020-08-03,3294.61,3294.61,3294.61,3294.61,
2020-08-04,3306.51,3306.51,3306.51,3306.51,
2020-08-05,3327.77,3327.77,3327.77,3327.77,
2020-08-06,3349.16,3349.16,3349.16,3349.16,
2020-08-07,3351.28,3351.28,3351.28,3351.28,
2020-08-10,3360.47,3360.47,3360.47,3360.47,
2020-08-11,3333.69,3333.69,3333.69,3333.69,
2020-08-12,3380.35,3380.35,3380.35,3380.35,
2020-08-13,3373.43,3373.43,3373.43,3373.43,
2020-08-14,3372.85,3372.85,3372.85,3372.85,
2020-08-17,3381.99,3381.99,3381.99,3381.99,
2020-08-18,3389.78,3389.78,3389.78,3389.78,
2020-08-19,3374.85,3374.85,3374.85,3374.85,
2020-08-20,3385.51,3385.51,3385.51,3385.51,
2020-08-21,3397.16,3397.16,3397.16,3397.16,
2020-08-24,3431.28,3431.28,3431.28,3431.28,
2020-08-25,3443.62,3443.62,3443.62,3443.62,
2020-08-26,3478.73,3478.73,3478.73,3478.73,
2020-08-27,3484.55,3484.55,3484.55,3484.55,
2020-08-28,3508.01,3508.01,3508.01,3508.01,
2020-08-31,3500.31,3500.31,3500.31,3500.31,
2020-09-01,3526.65,3526.65,3526.65,3526.65,
2020-09-02,3580.84,3580.84,3580.84,3580.84,
2020-09-03,3455.06,3455.06,3455.06,3455.06,
2020-09-04,3426.96,3426.96,3426.96,3426.96,
2020-09-08,3331.84,3331.84,3331.84,3331.84,
2020-09-09,3398.96,3398.96,3398.96,3398.96,
2020-09-10,3339.19,3339.19,3339.19,3339.19,
2020-09-11,3340.97,3340.97,3340.97,3340.97,
2020-09-14,3383.54,3383.54,3383.54,3383.54,
2020-09-15,3401.2,3401.2,3401.2,3401.2,
2020-09-16,3385.49,3385.49,3385.49,3385.49,
2020-09-17,3357.01,3357.01,3357.01,3357.01,
2020-09-18,3319.47,3319.47,3319.47,3319.47,
2020-09-21,3281.06,3281.06,3281.06,3281.06,
2020-09-22,3315.57,3315.57,3315.57,3315.57,
2020-09-23,3236.92,3236.92,3236.92,3236.92,
2020-09-24,3246.59,3246.59,3246.59,3246.59,
2020-09-25,3298.46,3298.46,3298.46,3298.46,
2020-09-28,3351.6,3351.6,3351.6,3351.6,
2020-09-29,3335.47,3335.47,3335.47,3335.47,
2020-09-30,3363.0,3363.0,3363.0,3363.0,
2020-10-01,3380.8,3380.8,3380.8,3380.8,
2020-10-02,3348.42,3348.42,3348.42,3348.42,
2020-10-05,3408.6,3408.6,3408.6,3408.6,
2020-10-06,3360.97,3360.97,3360.97,3360.97,
2020-10-07,3419.44,3419.44,3419.44,3419.44,
2020-10-08,3446.83,3446.83,3446.83,3446.83,
2020-10-09,3477.14,3477.14,3477.14,3477.14,
2020-10-12,3534.22,3534.22,3534.22,3534.22,
2020-10-13,3511.93,3511.93,3511.93,3511.93,
2020-10-14,3488.67,3488.67,3488.67,3488.67,
2020-10-15,3483.34,3483.34,3483.34,3483.34,
2020-10-16,3483.81,3483.81,3483.81,3483.81,
2020-10-19,3426.92,3426.92,3426.92,3426.92,
2020-10-20,3443.12,3443.12,3443.12,3443.12,
2020-10-21,3435.56,3435.56,3435.56,3435.56,
2020-10-22,3453.49,3453.49,3453.49,3453.49,
2020-10-23,3465.39,3465.39,3465.39,3465.39,
2020-10-26,3400.97,3400.97,3400.97,3400.97,
2020-10-27,3390.68,3390.68,3390.68,3390.68,
2020-10-28,3271.03,3271.03,3271.03,3271.03,
2020-10-29,3310.11,3310.11,3310.11,3310.11,
2020-10-30,3269.96,3269.96,3269.96,3269.96,
2020-11-02,3310.24,3310.24,3310.24,3310.24,
2020-11-03,3369.16,3369.16,3369.16,3369.16,
2020-11-04,3443.44,3443.44,3443.44,3443.44,
2020-11-05,3510.45,3510.45,3510.45,3510.45,
2020-11-06,3509.44,3509.44,3509.44,3509.44,
2020-11-09,3550.5,3550.5,3550.5,3550.5,
2020-11-10,3545.53,3545.53,3545.53,3545.53,
2020-11-11,3572.66,3572.66,3572.66,3572.66,
2020-11-12,3537.01,3537.01,3537.01,3537.01,
2020-11-13,3585.15,3585.15,3585.15,3585.15,
2020-11-16,3626.91,3626.91,3626.91,3626.91,
2020-11-17,3609.53,3609.53,3609.53,3609.53,
2020-11-18,3567.79,3567.79,3567.79,3567.79,
2020-11-19,3581.87,3581.87,3581.87,3581.87,
2020-11-20,3557.54,3557.54,3557.54,3557.54,
2020-11-23,3577.59,3577.59,3577.59,3577.59,
2020-11-24,3635.41,3635.41,3635.41,3635.41,
2020-11-25,3629.65,3629.65,3629.65,3629.65,
2020-11-27,3638.35,3638.35,3638.35,3638.35,
2020-11-30,3621.63,3621.63,3621.63,3621.63,
2020-12-01,3662.45,3662.45,3662.45,3662.45,
2020-12-02,3669.01,3669.01,3669.01,3669.01,
2020-12-03,3666.72,3666.72,3666.72,3666.72,
2020-12-04,3699.12,3699.12,3699.12,3699.12,
2020-12-07,3691.96,3691.96,3691.96,3691.96,
2020-12-08,3702.25,3702.25,3702.25,3702.25,
2020-12-09,3672.82,3672.82,3672.82,3672.82,
2020-12-10,3668.1,3668.1,3668.1,3668.1,
2020-12-11,3663.46,3663.46,3663.46,3663.46,
2020-12-14,3647.49,3647.49,3647.49,3647.49,
2020-12-15,3694.62,3694.62,3694.62,3694.62,
2020-12-16,3701.17,3701.17,3701.17,3701.17,
2020-12-17,3722.48,3722.48,3722.48,3722.48,
2020-12-18,3709.41,3709.41,3709.41,3709.41,
2020-12-21,3694.92,3694.92,3694.92,3694.92,
2020-12-22,3687.26,3687.26,3687.26,3687.26,
2020-12-23,3690.01,3690.01,3690.01,3690.01,
2020-12-24,3703.06,3703.06,3703.06,3703.06,
2020-12-28,3735.36,3735.36,3735.36,3735.36,
2020-12-29,3727.04,3727.04,3727.04,3727.04,
2020-12-30,3732.04,3732.04,3732.04,3732.04,
2020-12-31,3756.07,3756.07,3756.07,3756.07,
2021-01-04,3700.65,3700.65,3700.65,3700.65,
2021-01-05,3726.86,3726.86,3726.86,3726.86,
2021-01-06,3748.14,3748.14,3748.14,3748.14,
2021-01-07,3803.79,3803.79,3803.79,3803.79,
2021-01-08,3824.68,3824.68,3824.68,3824.68,
2021-01-11,3799.61,3799.61,3799.61,3799.61,
2021-01-12,3801.19,3801.19,3801.19,3801.19,
2021-01-13,3809.84,3809.84,3809.84,3809.84,
2021-01-14,3795.54,3795.54,3795.54,3795.54,
2021-01-15,3768.25,3768.25,3768.25,3768.25,
2021-01-19,3798.91,3798.91,3798.91,3798.91,
2021-01-20,3851.85,3851.85,3851.85,3851.85,
2021-01-21,3853.07,3853.07,3853.07,3853.07,
2021-01-22,3841.47,3841.47,3841.47,3841.47,
2021-01-25,3855.36,3855.36,3855.36,3855.36,
2021-01-26,3849.62,3849.62,3849.62,3849.62,
2021-01-27,3750.77,3750.77,3750.77,3750.77,
2021-01-28,3787.38,3787.38,3787.38,3787.38,
2021-01-29,3714.24,3714.24,3714.24,3714.24,
2021-02-01,3773.86,3773.86,3773.86,3773.86,
2021-02-02,3826.31,3826.31,3826.31,3826.31,
2021-02-03,3830.17,3830.17,3830.17,3830.17,
2021-02-04,3871.74,3871.74,3871.74,3871.74,
2021-02-05,3886.83,3886.83,3886.83,3886.83,
2021-02-08,3915.59,3915.59,3915.59,3915.59,
2021-02-09,3911.23,3911.23,3911.23,3911.23,
2021-02-10,3909.88,3909.88,3909.88,3909.88,
2021-02-11,3916.38,3916.38,3916.38,3916.38,
2021-02-12,3934.83,3934.83,3934.83,3934.83,
2021-02-16,3932.59,3932.59,3932.59,3932.59,
2021-02-17,3931.33,3931.33,3931.33,3931.33,
2021-02-18,3913.97,3913.97,3913.97,3913.97,
2021-02-19,3906.71,3906.71,3906.71,3906.71,
2021-02-22,3876.5,3876.5,3876.5,3876.5,
2021-02-23,3881.37,3881.37,3881.37,3881.37,
2021-02-24,3925.43,3925.43,3925.43,3925.43,
2021-02-25,3829.34,3829.34,3829.34,3829.34,
2021-02-26,3811.15,3811.15,3811.15,3811.15,
2021-03-01,3901.82,3901.82,3901.82,3901.82,
2021-03-02,3870.29,3870.29,3870.29,3870.29,
2021-03-03,3819.72,3819.72,3819.72,3819.72,
2021-03-04,3768.47,3768.47,3768.47,3768.47,
2021-03-05,3841.94,3841.94,3841.94,3841.94,
2021-03-08,3821.35,3821.35,3821.35,3821.35,
2021-03-09,3875.44,3875.44,3875.44,3875.44,
2021-03-10,3898.81,3898.81,3898.81,3898.81,
2021-03-11,3939.34,3939.34,3939.34,3939.34,
2021-03-12,3943.34,3943.34,3943.34,3943.34,
2021-03-15,3968.94,3968.94,3968.94,3968.94,
2021-03-16,3962.71,3962.71,3962.71,3962.71,
2021-03-17,3974.12,3974.12,3974.12,3974.12,
2021-03-18,3915.46,3915.46,3915.46,3915.46,
2021-03-19,3913.1,3913.1,3913.1,3913.1,
2021-03-22,3940.59,3940.59,3940.59,3940.59,
2021-03-23,3910.52,3910.52,3910.52,3910.52,
2021-03-24,3889.14,3889.14,3889.14,3889.14,
2021-03-25,3909.52,3909.52,3909.52,3909.52,
2021-03-26,3974.54,3974.54,3974.54,3974.54,
2021-03-29,3971.09,3971.09,3971.09,3971.09,
2021-03-30,3958.55,3958.55,3958.55,3958.55,
2021-03-31,3972.89,3972.89,3972.89,3972.89,
2021-04-01,4019.87,4019.87,4019.87,4019.87,
2021-04-05,4077.91,4077.91,4077.91,4077.91,
2021-04-06,4073.94,4073.94,4073.94,4073.94,
2021-04-07,4079.95,4079.95,4079.95,4079.95,
2021-04-08,4097.17,4097.17,4097.17,4097.17,
2021-04-09,4128.8,4128.8,4128.8,4128.8,
2021-04-12,4127.99,4127.99,4127.99,4127.99,
2021-04-13,4141.59,4141.59,4141.59,4141.59,
2021-04-14,4124.66,4124.66,4124.66,4124.66,
2021-04-15,4170.42,4170.42,4170.42,4170.42,
2021-04-16,4185.47,4185.47,4185.47,4185.47,
2021-04-19,4163.26,4163.26,4163.26,4163.26,
2021-04-20,4134.94,4134.94,4134.94,4134.94,
2021-04-21,4173.42,4173.42,4173.42,4173.42,
2021-04-22,4134.98,4134.98,4134.98,4134.98,
2021-04-23,4180.17,4180.17,4180.17,4180.17,
2021-04-26,4187.62,4187.62,4187.62,4187.62,
2021-04-27,4186.72,4186.72,4186.72,4186.72,
2021-04-28,4183.18,4183.18,4183.18,4183.18,
2021-04-29,4211.47,4211.47,4211.47,4211.47,
2021-04-30,4181.17,4181.17,4181.17,4181.17,
2021-05-03,4192.66,4192.66,4192.66,4192.66,
2021-05-04,4164.66,4164.66,4164.66,4164.66,
2021-05-05,4167.59,4167.59,4167.59,4167.59,
2021-05-06,4201.62,4201.62,4201.62,4201.62,
2021-05-07,4232.6,4232.6,4232.6,4232.6,
2021-05-10,4188.43,4188.43,4188.43,4188.43,
2021-05-11,4152.1,4152.1,4152.1,4152.1,
2021-05-12,4063.04,4063.04,4063.04,4063.04,
2021-05-13,4112.5,4112.5,4112.5,4112.5,
2021-05-14,4173.85,4173.85,4173.85,4173.85,
2021-05-17,4163.29,4163.29,4163.29,4163.29,
2021-05-18,4127.83,4127.83,4127.83,4127.83,
2021-05-19,4115.68,4115.68,4115.68,4115.68,
2021-05-20,4159.12,4159.12,4159.12,4159.12,
2021-05-21,4155.86,4155.86,4155.86,4155.86,
2021-05-24,4197.05,4197.05,4197.05,4197.05,
2021-05-25,4188.13,4188.13,4188.13,4188.13,
2021-05-26,4195.99,4195.99,4195.99,4195.99,
2021-05-27,4200.88,4200.88,4200.88,4200.88,
2021-05-28,4204.11,4204.11,4204.11,4204.11,
2021-06-01,4202.04,4202.04,4202.04,4202.04,
2021-06-02,4208.12,4208.12,4208.12,4208.12,
2021-06-03,4192.85,4192.85,4192.85,4192.85,
2021-06-04,4229.89,4229.89,4229.89,4229.89,
2021-06-07,4226.52,4226.52,4226.52,4226.52,
2021-06-08,4227.26,4227.26,4227.26,4227.26,
2021-06-09,4219.55,4219.55,4219.55,4219.55,
2021-06-10,4239.18,4239.18,4239.18,4239.18,
2021-06-11,4247.44,4247.44,4247.44,4247.44,
2021-06-14,4255.15,4255.15,4255.15,4255.15,
2021-06-15,4246.59,4246.59,4246.59,4246.59,
2021-06-16,4223.7,4223.7,4223.7,4223.7,
2021-06-17,4221.86,4221.86,4221.86,4221.86,
2021-06-18,4166.45,4166.45,4166.45,4166.45,
2021-06-21,4224.79,4224.79,4224.79,4224.79,
2021-06-22,4246.44,4246.44,4246.44,4246.44,
2021-06-23,4241.84,4241.84,4241.84,4241.84,
2021-06-24,4266.49,4266.49,4266.49,4266.49,
2021-06-25,4280.7,4280.7,4280.7,4280.7,
2021-06-28,4290.61,4290.61,4290.61,4290.61,
2021-06-29,4291.8,4291.8,4291.8,4291.8,
2021-06-30,4297.5,4297.5,4297.5,4297.5,
2021-07-01,4319.94,4319.94,4319.94,4319.94,
2021-07-02,4352.34,4352.34,4352.34,4352.34,
2021-07-06,4343.54,4343.54,4343.54,4343.54,
2021-07-07,4358.13,4358.13,4358.13,4358.13,
2021-07-08,4320.82,4320.82,4320.82,4320.82,
2021-07-09,4369.55,4369.55,4369.55,4369.55,
2021-07-12,4384.63,4384.63,4384.63,4384.63,
2021-07-13,4369.21,4369.21,4369.21,4369.21,
2021-07-14,4374.3,4374.3,4374.3,4374.3,
2021-07-15,4360.03,4360.03,4360.03,4360.03,
2021-07-16,4327.16,4327.16,4327.16,4327.16,
2021-07-19,4258.49,4258.49,4258.49,4258.49,
2021-07-20,4323.06,4323.06,4323.06,4323.06,
2021-07-21,4358.69,4358.69,4358.69,4358.69,
2021-07-22,4367.48,4367.48,4367.48,4367.48,
2021-07-23,4411.79,4411.79,4411.79,4411.79,
2021-07-26,4422.3,4422.3,4422.3,4422.3,
2021-07-27,4401.46,4401.46,4401.46,4401.46,
2021-07-28,4400.64,4400.64,4400.64,4400.64,
2021-07-29,4419.15,4419.15,4419.15,4419.15,
2021-07-30,4395.26,4395.26,4395.26,4395.26,
2021-08-02,4387.16,4387.16,4387.16,4387.16,
2021-08-03,4423.15,4423.15,4423.15,4423.15,
2021-08-04,4402.66,4402.66,4402.66,4402.66,
2021-08-05,4429.1,4429.1,4429.1,4429.1,
2021-08-06,4436.52,4436.52,4436.52,4436.52,
2021-08-09,4432.35,4432.35,4432.35,4432.35,
2021-08-10,4436.75,4436.75,4436.75,4436.75,
2021-08-11,4442.41,4442.41,4442.41,4442.41,
2021-08-12,4460.83,4460.83,4460.83,4460.83,
2021-08-13,4468.0,4468.0,4468.0,4468.0,
2021-08-16,4479.71,4479.71,4479.71,4479.71,
2021-08-17,4448.08,4448.08,4448.08,4448.08,
2021-08-18,4400.27,4400.27,4400.27,4400.27,
2021-08-19,4405.8,4405.8,4405.8,4405.8,
2021-08-20,4441.67,4441.67,4441.67,4441.67,
2021-08-23,4479.53,4479.53,4479.53,4479.53,
2021-08-24,4486.23,4486.23,4486.23,4486.23,
2021-08-25,4496.19,4496.19,4496.19,4496.19,
2021-08-26,4470.0,4470.0,4470.0,4470.0,
2021-08-27,4509.37,4509.37,4509.37,4509.37,
2021-08-30,4528.79,4528.79,4528.79,4528.79,
2021-08-31,4522.68,4522.68,4522.68,4522.68,
2021-09-01,4524.09,4524.09,4524.09,4524.09,
2021-09-02,4536.95,4536.95,4536.95,4536.95,
2021-09-03,4535.43,4535.43,4535.43,4535.43,
2021-09-07,4520.03,4520.03,4520.03,4520.03,
2021-09-08,4514.07,4514.07,4514.07,4514.07,
2021-09-09,4493.28,4493.28,4493.28,4493.28,
2021-09-10,4458.58,4458.58,4458.58,4458.58,
2021-09-13,4468.73,4468.73,4468.73,4468.73,
2021-09-14,4443.05,4443.05,4443.05,4443.05,
2021-09-15,4480.7,4480.7,4480.7,4480.7,
2021-09-16,4473.75,4473.75,4473.75,4473.75,
2021-09-17,4432.99,4432.99,4432.99,4432.99,
2021-09-20,4357.73,4357.73,4357.73,4357.73,
2021-09-21,4354.19,4354.19,4354.19,4354.19,
2021-09-22,4395.64,4395.64,4395.64,4395.64,
2021-09-23,4448.98,4448.98,4448.98,4448.98,
2021-09-24,4455.48,4455.48,4455.48,4455.48,
2021-09-27,4443.11,4443.11,4443.11,4443.11,
2021-09-28,4352.63,4352.63,4352.63,4352.63,
2021-09-29,4359.46,4359.46,4359.46,4359.46,
2021-09-30,4307.54,4307.54,4307.54,4307.54,
2021-10-01,4357.04,4357.04,4357.04,4357.04,
2021-10-04,4300.46,4300.46,4300.46,4300.46,
2021-10-05,4345.72,4345.72,4345.72,4345.72,
2021-10-06,4363.55,4363.55,4363.55,4363.55,
2021-10-07,4399.76,4399.76,4399.76,4399.76,
2021-10-08,4391.34,4391.34,4391.34,4391.34,
2021-10-11,4361.19,4361.19,4361.19,4361.19,
2021-10-12,4350.65,4350.65,4350.65,4350.65,
2021-10-13,4363.8,4363.8,4363.8,4363.8,
2021-10-14,4438.26,4438.26,4438.26,4438.26,
2021-10-15,4471.37,4471.37,4471.37,4471.37,
2021-10-18,4486.46,4486.46,4486.46,4486.46,
2021-10-19,4519.63,4519.63,4519.63,4519.63,
2021-10-20,4536.19,4536.19,4536.19,4536.19,
2021-10-21,4549.78,4549.78,4549.78,4549.78,
2021-10-22,4544.9,4544.9,4544.9,4544.9,
2021-10-25,4566.48,4566.48,4566.48,4566.48,
2021-10-26,4574.79,4574.79,4574.79,4574.79,
2021-10-27,4551.68,4551.68,4551.68,4551.68,
2021-10-28,4596.42,4596.42,4596.42,4596.42,
2021-10-29,4605.38,4605.38,4605.38,4605.38,
2021-11-01,4613.67,4613.67,4613.67,4613.67,
2021-11-02,4630.65,4630.65,4630.65,4630.65,
2021-11-03,4660.57,4660.57,4660.57,4660.57,
2021-11-04,4680.06,4680.06,4680.06,4680.06,
2021-11-05,4697.53,4697.53,4697.53,4697.53,
2021-11-08,4701.7,4701.7,4701.7,4701.7,
2021-11-09,4685.25,4685.25,4685.25,4685.25,
2021-11-10,4646.71,4646.71,4646.71,4646.71,
2021-11-11,4649.27,4649.27,4649.27,4649.27,
2021-11-12,4682.85,4682.85,4682.85,4682.85,
2021-11-15,4682.8,4682.8,4682.8,4682.8,
2021-11-16,4700.9,4700.9,4700.9,4700.9,
2021-11-17,4688.67,4688.67,4688.67,4688.67,
2021-11-18,4704.54,4704.54,4704.54,4704.54,
2021-11-19,4697.96,4697.96,4697.96,4697.96,
2021-11-22,4682.94,4682.94,4682.94,4682.94,
2021-11-23,4690.7,4690.7,4690.7,4690.7,
2021-11-24,4701.46,4701.46,4701.46,4701.46,
2021-11-26,4594.62,4594.62,4594.62,4594.62,
2021-11-29,4655.27,4655.27,4655.27,4655.27,
2021-11-30,4567.0,4567.0,4567.0,4567.0,
2021-12-01,4513.04,4513.04,4513.04,4513.04,
2021-12-02,4577.1,4577.1,4577.1,4577.1,
2021-12-03,4538.43,4538.43,4538.43,4538.43,
2021-12-06,4591.67,4591.67,4591.67,4591.67,
2021-12-07,4686.75,4686.75,4686.75,4686.75,
2021-12-08,4701.21,4701.21,4701.21,4701.21,
2021-12-09,4667.45,4667.45,4667.45,4667.45,
2021-12-10,4712.02,4712.02,4712.02,4712.02,
2021-12-13,4668.97,4668.97,4668.97,4668.97,
2021-12-14,4634.09,4634.09,4634.09,4634.09,
2021-12-15,4709.85,4709.85,4709.85,4709.85,
2021-12-16,4668.67,4668.67,4668.67,4668.67,
2021-12-17,4620.64,4620.64,4620.64,4620.64,
2021-12-20,4568.02,4568.02,4568.02,4568.02,
2021-12-21,4649.23,4649.23,4649.23,4649.23,
2021-12-22,4696.56,4696.56,4696.56,4696.56,
2021-12-23,4725.79,4725.79,4725.79,4725.79,
2021-12-27,4791.19,4791.19,4791.19,4791.19,
2021-12-28,4786.35,4786.35,4786.35,4786.35,
2021-12-29,4793.06,4793.06,4793.06,4793.06,
2021-12-30,4778.73,4778.73,4778.73,4778.73,
2021-12-31,4766.18,4766.18,4766.18,4766.18,
2022-01-03,4796.56,4796.56,4796.56,4796.56,
2022-01-04,4793.54,4793.54,4793.54,4793.54,
2022-01-05,4700.58,4700.58,4700.58,4700.58,
2022-01-06,4696.05,4696.05,4696.05,4696.05,
2022-01-07,4677.03,4677.03,4677.03,4677.03,
2022-01-10,4670.29,4670.29,4670.29,4670.29,
2022-01-11,4713.07,4713.07,4713.07,4713.07,
2022-01-12,4726.35,4726.35,4726.35,4726.35,
2022-01-13,4659.03,4659.03,4659.03,4659.03,
2022-01-14,4662.85,4662.85,4662.85,4662.85,
2022-01-18,4577.11,4577.11,4577.11,4577.11,
2022-01-19,4532.76,4532.76,4532.76,4532.76,
2022-01-20,4482.73,4482.73,4482.73,4482.73,
2022-01-21,4397.94,4397.94,4397.94,4397.94,
2022-01-24,4410.13,4410.13,4410.13,4410.13,
2022-01-25,4356.45,4356.45,4356.45,4356.45,
2022-01-26,4349.93,4349.93,4349.93,4349.93,
2022-01-27,4326.51,4326.51,4326.51,4326.51,
2022-01-28,4431.85,4431.85,4431.85,4431.85,
2022-01-31,4515.55,4515.55,4515.55,4515.55,
2022-02-01,4546.54,4546.54,4546.54,4546.54,
2022-02-02,4589.38,4589.38,4589.38,4589.38,
2022-02-03,4477.44,4477.44,4477.44,4477.44,
2022-02-04,4500.53,4500.53,4500.53,4500.53,
2022-02-07,4483.87,4483.87,4483.87,4483.87,
2022-02-08,4521.54,4521.54,4521.54,4521.54,
2022-02-09,4587.18,4587.18,4587.18,4587.18,
2022-02-10,4504.08,4504.08,4504.08,4504.08,
2022-02-11,4418.64,4418.64,4418.64,4418.64,
2022-02-14,4401.67,4401.67,4401.67,4401.67,
2022-02-15,4471.07,4471.07,4471.07,4471.07,
2022-02-16,4475.01,4475.01,4475.01,4475.01,
2022-02-17,4380.26,4380.26,4380.26,4380.26,
2022-02-18,4348.87,4348.87,4348.87,4348.87,
2022-02-22,4304.76,4304.76,4304.76,4304.76,
2022-02-23,4225.5,4225.5,4225.5,4225.5,
2022-02-24,4288.7,4288.7,4288.7,4288.7,
2022-02-25,4384.65,4384.65,4384.65,4384.65,
2022-02-28,4373.94,4373.94,4373.94,4373.94,
2022-03-01,4306.26,4306.26,4306.26,4306.26,
2022-03-02,4386.54,4386.54,4386.54,4386.54,
2022-03-03,4363.49,4363.49,4363.49,4363.49,
2022-03-04,4328.87,4328.87,4328.87,4328.87,
2022-03-07,4201.09,4201.09,4201.09,4201.09,
2022-03-08,4170.7,4170.7,4170.7,4170.7,
2022-03-09,4277.88,4277.88,4277.88,4277.88,
2022-03-10,4259.52,4259.52,4259.52,4259.52,
2022-03-11,4204.31,4204.31,4204.31,4204.31,
2022-03-14,4173.11,4173.11,4173.11,4173.11,
2022-03-15,4262.45,4262.45,4262.45,4262.45,
2022-03-16,4357.86,4357.86,4357.86,4357.86,
2022-03-17,4411.67,4411.67,4411.67,4411.67,
2022-03-18,4463.12,4463.12,4463.12,4463.12,
2022-03-21,4461.18,4461.18,4461.18,4461.18,
2022-03-22,4511.61,4511.61,4511.61,4511.61,
2022-03-23,4456.24,4456.24,4456.24,4456.24,
2022-03-24,4520.16,4520.16,4520.16,4520.16,
2022-03-25,4543.06,4543.06,4543.06,4543.06,
2022-03-28,4575.52,4575.52,4575.52,4575.52,
2022-03-29,4631.6,4631.6,4631.6,4631.6,
2022-03-30,4602.45,4602.45,4602.45,4602.45,
2022-03-31,4530.41,4530.41,4530.41,4530.41,
2022-04-01,4545.86,4545.86,4545.86,4545.86,
2022-04-04,4582.64,4582.64,4582.64,4582.64,
2022-04-05,4525.12,4525.12,4525.12,4525.12,
2022-04-06,4481.15,4481.15,4481.15,4481.15,
2022-04-07,4500.21,4500.21,4500.21,4500.21,
2022-04-08,4488.28,4488.28,4488.28,4488.28,
2022-04-11,4412.53,4412.53,4412.53,4412.53,
2022-04-12,4397.45,4397.45,4397.45,4397.45,
2022-04-13,4446.59,4446.59,4446.59,4446.59,
2022-04-14,4392.59,4392.59,4392.59,4392.59,
2022-04-18,4391.69,4391.69,4391.69,4391.69,
2022-04-19,4462.21,4462.21,4462.21,4462.21,
2022-04-20,4459.45,4459.45,4459.45,4459.45,
2022-04-21,4393.66,4393.66,4393.66,4393.66,
2022-04-22,4271.78,4271.78,4271.78,4271.78,
2022-04-25,4296.12,4296.12,4296.12,4296.12,
2022-04-26,4175.2,4175.2,4175.2,4175.2,
2022-04-27,4183.96,4183.96,4183.96,4183.96,
2022-04-28,4287.5,4287.5,4287.5,4287.5,
2022-04-29,4131.93,4131.93,4131.93,4131.93,
2022-05-02,4155.38,4155.38,4155.38,4155.38,
2022-05-03,4175.48,4175.48,4175.48,4175.48,
2022-05-04,4300.17,4300.17,4300.17,4300.17,
2022-05-05,4146.87,4146.87,4146.87,4146.87,
2022-05-06,4123.34,4123.34,4123.34,4123.34,
2022-05-09,3991.24,3991.24,3991.24,3991.24,
2022-05-10,4001.05,4001.05,4001.05,4001.05,
2022-05-11,3935.18,3935.18,3935.18,3935.18,
2022-05-12,3930.08,3930.08,3930.08,3930.08,
2022-05-13,4023.89,4023.89,4023.89,4023.89,
2022-05-16,4008.01,4008.01,4008.01,4008.01,
2022-05-17,4088.85,4088.85,4088.85,4088.85,
2022-05-18,3923.68,3923.68,3923.68,3923.68,
2022-05-19,3900.79,3900.79,3900.79,3900.79,
2022-05-20,3901.36,3901.36,3901.36,3901.36,
2022-05-23,3973.75,3973.75,3973.75,3973.75,
2022-05-24,3941.48,3941.48,3941.48,3941.48,
2022-05-25,3978.73,3978.73,3978.73,3978.73,
2022-05-26,4057.84,4057.84,4057.84,4057.84,
2022-05-27,4158.24,4158.24,4158.24,4158.24,
2022-05-31,4132.15,4132.15,4132.15,4132.15,
2022-06-01,4101.23,4101.23,4101.23,4101.23,
2022-06-02,4176.82,4176.82,4176.82,4176.82,
2022-06-03,4108.54,4108.54,4108.54,4108.54,
2022-06-06,4121.43,4121.43,4121.43,4121.43,
2022-06-07,4160.68,4160.68,4160.68,4160.68,
2022-06-08,4115.77,4115.77,4115.77,4115.77,
2022-06-09,4017.82,4017.82,4017.82,4017.82,
2022-06-10,3900.86,3900.86,3900.86,3900.86,
2022-06-13,3749.63,3749.63,3749.63,3749.63,
2022-06-14,3735.48,3735.48,3735.48,3735.48,
2022-06-15,3789.99,3789.99,3789.99,3789.99,
2022-06-16,3666.77,3666.77,3666.77,3666.77,
2022-06-17,3674.84,3674.84,3674.84,3674.84,
2022-06-21,3764.79,3764.79,3764.79,3764.79,
2022-06-22,3759.89,3759.89,3759.89,3759.89,
2022-06-23,3795.73,3795.73,3795.73,3795.73,
2022-06-24,3911.74,3911.74,3911.74,3911.74,
2022-06-27,3900.11,3900.11,3900.11,3900.11,
2022-06-28,3821.55,3821.55,3821.55,3821.55,
2022-06-29,3818.83,3818.83,3818.83,3818.83,
2022-06-30,3785.38,3785.38,3785.38,3785.38,
2022-07-01,3825.33,3825.33,3825.33,3825.33,
2022-07-05,3831.39,3831.39,3831.39,3831.39,
2022-07-06,3845.08,3845.08,3845.08,3845.08,
2022-07-07,3902.62,3902.62,3902.62,3902.62,
2022-07-08,3899.38,3899.38,3899.38,3899.38,
2022-07-11,3854.43,3854.43,3854.43,3854.43,
2022-07-12,3818.8,3818.8,3818.8,3818.8,
2022-07-13,3801.78,3801.78,3801.78,3801.78,
2022-07-14,3790.38,3790.38,3790.38,3790.38,
2022-07-15,3863.16,3863.16,3863.16,3863.16,
2022-07-18,3830.85,3830.85,3830.85,3830.85,
2022-07-19,3936.69,3936.69,3936.69,3936.69,
2022-07-20,3959.9,3959.9,3959.9,3959.9,
2022-07-21,3998.95,3998.95,3998.95,3998.95,
2022-07-22,3961.63,3961.63,3961.63,3961.63,
2022-07-25,3966.84,3966.84,3966.84,3966.84,
2022-07-26,3921.05,3921.05,3921.05,3921.05,
2022-07-27,4023.61,4023.61,4023.61,4023.61,
2022-07-28,4072.43,4072.43,4072.43,4072.43,
2022-07-29,4130.29,4130.29,4130.29,4130.29,
2022-08-01,4118.63,4118.63,4118.63,4118.63,
2022-08-02,4091.19,4091.19,4091.19,4091.19,
2022-08-03,4155.17,4155.17,4155.17,4155.17,
2022-08-04,4151.94,4151.94,4151.94,4151.94,
2022-08-05,4145.19,4145.19,4145.19,4145.19,
2022-08-08,4140.06,4140.06,4140.06,4140.06,
2022-08-09,4122.47,4122.47,4122.47,4122.47,
2022-08-10,4210.24,4210.24,4210.24,4210.24,
2022-08-11,4207.27,4207.27,4207.27,4207.27,
2022-08-12,4280.15,4280.15,4280.15,4280.15,
2022-08-15,4297.14,4297.14,4297.14,4297.14,
2022-08-16,4305.2,4305.2,4305.2,4305.2,
2022-08-17,4274.04,4274.04,4274.04,4274.04,
2022-08-18,4283.74,4283.74,4283.74,4283.74,
2022-08-19,4228.48,4228.48,4228.48,4228.48,
2022-08-22,4137.99,4137.99,4137.99,4137.99,
2022-08-23,4128.73,4128.73,4128.73,4128.73,
2022-08-24,4140.77,4140.77,4140.77,4140.77,
2022-08-25,4199.12,4199.12,4199.12,4199.12,
2022-08-26,4057.66,4057.66,4057.66,4057.66,
2022-08-29,4030.61,4030.61,4030.61,4030.61,
2022-08-30,3986.16,3986.16,3986.16,3986.16,
2022-08-31,3955.0,3955.0,3955.0,3955.0,
2022-09-01,3966.85,3966.85,3966.85,3966.85,
2022-09-02,3924.26,3924.26,3924.26,3924.26,
2022-09-06,3908.19,3908.19,3908.19,3908.19,
2022-09-07,3979.87,3979.87,3979.87,3979.87,
2022-09-08,4006.18,4006.18,4006.18,4006.18,
2022-09-09,4067.36,4067.36,4067.36,4067.36,
2022-09-12,4110.41,4110.41,4110.41,4110.41,
2022-09-13,3932.69,3932.69,3932.69,3932.69,
2022-09-14,3946.01,3946.01,3946.01,3946.01,
2022-09-15,3901.35,3901.35,3901.35,3901.35,
2022-09-16,3873.33,3873.33,3873.33,3873.33,
2022-09-19,3899.89,3899.89,3899.89,3899.89,
2022-09-20,3855.93,3855.93,3855.93,3855.93,
2022-09-21,3789.93,3789.93,3789.93,3789.93,
2022-09-22,3757.99,3757.99,3757.99,3757.99,
2022-09-23,3693.23,3693.23,3693.23,3693.23,
2022-09-26,3655.04,3655.04,3655.04,3655.04,
2022-09-27,3647.29,3647.29,3647.29,3647.29,
2022-09-28,3719.04,3719.04,3719.04,3719.04,
2022-09-29,3640.47,3640.47,3640.47,3640.47,
2022-09-30,3585.62,3585.62,3585.62,3585.62,
2022-10-03,3678.43,3678.43,3678.43,3678.43,
2022-10-04,3790.93,3790.93,3790.93,3790.93,
2022-10-05,3783.28,3783.28,3783.28,3783.28,
2022-10-06,3744.52,3744.52,3744.52,3744.52,
2022-10-07,3639.66,3639.66,3639.66,3639.66,
2022-10-10,3612.39,3612.39,3612.39,3612.39,
2022-10-11,3588.84,3588.84,3588.84,3588.84,
2022-10-12,3577.03,3577.03,3577.03,3577.03,
2022-10-13,3669.91,3669.91,3669.91,3669.91,
2022-10-14,3583.07,3583.07,3583.07,3583.07,
2022-10-17,3677.95,3677.95,3677.95,3677.95,
2022-10-18,3719.98,3719.98,3719.98,3719.98,
2022-10-19,3695.16,3695.16,3695.16,3695.16,
2022-10-20,3665.78,3665.78,3665.78,3665.78,
2022-10-21,3752.75,3752.75,3752.75,3752.75,
2022-10-24,3797.34,3797.34,3797.34,3797.34,
2022-10-25,3859.11,3859.11,3859.11,3859.11,
2022-10-26,3830.6,3830.6,3830.6,3830.6,
2022-10-27,3807.3,3807.3,3807.3,3807.3,
2022-10-28,3901.06,3901.06,3901.06,3901.06,
2022-10-31,3871.98,3871.98,3871.98,3871.98,
2022-11-01,3856.1,3856.1,3856.1,3856.1,
2022-11-02,3759.69,3759.69,3759.69,3759.69,
2022-11-03,3719.89,3719.89,3719.89,3719.89,
2022-11-04,3770.55,3770.55,3770.55,3770.55,
2022-11-07,3806.8,3806.8,3806.8,3806.8,
2022-11-08,3828.11,3828.11,3828.11,3828.11,
2022-11-09,3748.57,3748.57,3748.57,3748.57,
2022-11-10,3956.37,3956.37,3956.37,3956.37,
2022-11-11,3992.93,3992.93,3992.93,3992.93,
2022-11-14,3957.25,3957.25,3957.25,3957.25,
2022-11-15,3991.73,3991.73,3991.73,3991.73,
2022-11-16,3958.79,3958.79,3958.79,3958.79,
2022-11-17,3946.56,3946.56,3946.56,3946.56,
2022-11-18,3965.34,3965.34,3965.34,3965.34,
2022-11-21,3949.94,3949.94,3949.94,3949.94,
2022-11-22,4003.58,4003.58,4003.58,4003.58,
2022-11-23,4027.26,4027.26,4027.26,4027.26,
2022-11-25,4026.12,4026.12,4026.12,4026.12,
2022-11-28,3963.94,3963.94,3963.94,3963.94,
2022-11-29,3957.63,3957.63,3957.63,3957.63,
2022-11-30,4080.11,4080.11,4080.11,4080.11,
2022-12-01,4076.57,4076.57,4076.57,4076.57,
2022-12-02,4071.7,4071.7,4071.7,4071.7,
2022-12-05,3998.84,3998.84,3998.84,3998.84,
2022-12-06,3941.26,3941.26,3941.26,3941.26,
2022-12-07,3933.92,3933.92,3933.92,3933.92,
2022-12-08,3963.51,3963.51,3963.51,3963.51,
2022-12-09,3934.38,3934.38,3934.38,3934.38,
2022-12-12,3990.56,3990.56,3990.56,3990.56,
2022-12-13,4019.65,4019.65,4019.65,4019.65,
2022-12-14,3995.32,3995.32,3995.32,3995.32,
2022-12-15,3895.75,3895.75,3895.75,3895.75,
2022-12-16,3852.36,3852.36,3852.36,3852.36,
2022-12-19,3817.66,3817.66,3817.66,3817.66,
2022-12-20,3821.62,3821.62,3821.62,3821.62,
2022-12-21,3878.44,3878.44,3878.44,3878.44,
2022-12-22,3822.39,3822.39,3822.39,3822.39,
2022-12-23,3844.82,3844.82,3844.82,3844.82,
2022-12-27,3829.25,3829.25,3829.25,3829.25,
2022-12-28,3783.22,3783.22,3783.22,3783.22,
