Date,Open,High,Low,Close,Volume
1990-01-02,4.125,4.125,4.125,4.125,
1990-01-03,4.0,4.0,4.0,4.0,
1990-01-04,3.938,3.938,3.938,3.938,
1990-01-05,3.812,3.812,3.812,3.812,
1990-01-08,3.812,3.812,3.812,3.812,
1990-01-09,3.875,3.875,3.875,3.875,
1990-01-10,3.812,3.812,3.812,3.812,
1990-01-11,3.875,3.875,3.875,3.875,
1990-01-12,3.75,3.75,3.75,3.75,
1990-01-15,3.625,3.625,3.625,3.625,
1990-01-16,3.938,3.938,3.938,3.938,
1990-01-17,3.812,3.812,3.812,3.812,
1990-01-18,3.812,3.812,3.812,3.812,
1990-01-19,3.75,3.75,3.75,3.75,
1990-01-22,3.75,3.75,3.75,3.75,
1990-01-23,3.688,3.688,3.688,3.688,
1990-01-24,3.812,3.812,3.812,3.812,
1990-01-25,3.812,3.812,3.812,3.812,
1990-01-26,3.688,3.688,3.688,3.688,
1990-01-29,3.688,3.688,3.688,3.688,
1990-01-30,3.625,3.625,3.625,3.625,
1990-01-31,3.625,3.625,3.625,3.625,
1990-02-01,3.625,3.625,3.625,3.625,
1990-02-02,3.5,3.5,3.5,3.5,
1990-02-05,3.562,3.562,3.562,3.562,
1990-02-06,3.5,3.5,3.5,3.5,
1990-02-07,3.688,3.688,3.688,3.688,
1990-02-08,3.688,3.688,3.688,3.688,
1990-02-09,3.625,3.625,3.625,3.625,
1990-02-12,3.5,3.5,3.5,3.5,
1990-02-13,3.562,3.562,3.562,3.562,
1990-02-14,3.562,3.562,3.562,3.562,
1990-02-15,3.562,3.562,3.562,3.562,
1990-02-16,3.625,3.625,3.625,3.625,
1990-02-20,3.562,3.562,3.562,3.562,
1990-02-21,3.75,3.75,3.75,3.75,
1990-02-22,3.875,3.875,3.875,3.875,
1990-02-23,3.875,3.875,3.875,3.875,
1990-02-26,4.062,4.062,4.062,4.062,
1990-02-27,4.312,4.312,4.312,4.312,
1990-02-28,4.125,4.125,4.125,4.125,
1990-03-01,4.375,4.375,4.375,4.375,
1990-03-02,4.5,4.5,4.5,4.5,
1990-03-05,4.625,4.625,4.625,4.625,
1990-03-06,4.562,4.562,4.562,4.562,
1990-03-07,4.5,4.5,4.5,4.5,
1990-03-08,4.5,4.5,4.5,4.5,
1990-03-09,4.5,4.5,4.5,4.5,
1990-03-12,4.438,4.438,4.438,4.438,
1990-03-13,4.438,4.438,4.438,4.438,
1990-03-14,4.562,4.562,4.562,4.562,
1990-03-15,4.5,4.5,4.5,4.5,
1990-03-16,4.625,4.625,4.625,4.625,
1990-03-19,4.812,4.812,4.812,4.812,
1990-03-20,4.5,4.5,4.5,4.5,
1990-03-21,4.75,4.75,4.75,4.75,
1990-03-22,4.812,4.812,4.812,4.812,
1990-03-23,4.938,4.938,4.938,4.938,
1990-03-26,4.812,4.812,4.812,4.812,
1990-03-27,4.875,4.875,4.875,4.875,
1990-03-28,4.75,4.75,4.75,4.75,
1990-03-29,4.688,4.688,4.688,4.688,
1990-03-30,4.562,4.562,4.562,4.562,
1990-04-02,4.688,4.688,4.688,4.688,
1990-04-03,4.625,4.625,4.625,4.625,
1990-04-04,4.562,4.562,4.562,4.562,
1990-04-05,4.5,4.5,4.5,4.5,
1990-04-06,4.438,4.438,4.438,4.438,
1990-04-09,4.25,4.25,4.25,4.25,
1990-04-10,4.375,4.375,4.375,4.375,
1990-04-11,4.438,4.438,4.438,4.438,
1990-04-12,4.438,4.438,4.438,4.438,
1990-04-16,4.312,4.312,4.312,4.312,
1990-04-17,4.438,4.438,4.438,4.438,
1990-04-18,4.375,4.375,4.375,4.375,
1990-04-19,4.312,4.312,4.312,4.312,
1990-04-20,4.312,4.312,4.312,4.312,
1990-04-23,4.188,4.188,4.188,4.188,
1990-04-24,4.188,4.188,4.188,4.188,
1990-04-25,4.188,4.188,4.188,4.188,
1990-04-26,4.312,4.312,4.312,4.312,
1990-04-27,4.312,4.312,4.312,4.312,
1990-04-30,4.375,4.375,4.375,4.375,
1990-05-01,4.375,4.375,4.375,4.375,
1990-05-02,4.312,4.312,4.312,4.312,
1990-05-03,4.312,4.312,4.312,4.312,
1990-05-04,4.188,4.188,4.188,4.188,
1990-05-07,4.312,4.312,4.312,4.312,
1990-05-08,4.5,4.5,4.5,4.5,
1990-05-09,4.5,4.5,4.5,4.5,
1990-05-10,4.562,4.562,4.562,4.562,
1990-05-11,4.75,4.75,4.75,4.75,
1990-05-14,4.938,4.938,4.938,4.938,
1990-05-15,5.062,5.062,5.062,5.062,
1990-05-16,5.0,5.0,5.0,5.0,
1990-05-17,5.25,5.25,5.25,5.25,
1990-05-18,5.188,5.188,5.188,5.188,
1990-05-21,5.375,5.375,5.375,5.375,
1990-05-22,5.375,5.375,5.375,5.375,
1990-05-23,5.562,5.562,5.562,5.562,
1990-05-24,5.438,5.438,5.438,5.438,
1990-05-25,5.375,5.375,5.375,5.375,
1990-05-29,5.5,5.5,5.5,5.5,
1990-05-30,5.375,5.375,5.375,5.375,
1990-05-31,5.25,5.25,5.25,5.25,
1990-06-01,5.25,5.25,5.25,5.25,
1990-06-04,5.375,5.375,5.375,5.375,
1990-06-05,5.062,5.062,5.062,5.062,
1990-06-06,5.125,5.125,5.125,5.125,
1990-06-07,4.875,4.875,4.875,4.875,
1990-06-08,4.812,4.812,4.812,4.812,
1990-06-11,4.875,4.875,4.875,4.875,
1990-06-12,4.938,4.938,4.938,4.938,
1990-06-13,4.938,4.938,4.938,4.938,
1990-06-14,4.688,4.688,4.688,4.688,
1990-06-15,4.688,4.688,4.688,4.688,
1990-06-18,4.625,4.625,4.625,4.625,
1990-06-19,4.625,4.625,4.625,4.625,
1990-06-20,4.562,4.562,4.562,4.562,
1990-06-21,4.625,4.625,4.625,4.625,
1990-06-22,4.5,4.5,4.5,4.5,
1990-06-25,4.5,4.5,4.5,4.5,
1990-06-26,4.5,4.5,4.5,4.5,
1990-06-27,4.562,4.562,4.562,4.562,
1990-06-28,4.688,4.688,4.688,4.688,
1990-06-29,4.75,4.75,4.75,4.75,
1990-07-02,4.875,4.875,4.875,4.875,
1990-07-03,4.75,4.75,4.75,4.75,
1990-07-05,4.75,4.75,4.75,4.75,
1990-07-06,4.812,4.812,4.812,4.812,
1990-07-09,4.688,4.688,4.688,4.688,
1990-07-10,4.5,4.5,4.5,4.5,
1990-07-11,4.688,4.688,4.688,4.688,
1990-07-12,4.688,4.688,4.688,4.688,
1990-07-13,4.812,4.812,4.812,4.812,
1990-07-16,4.812,4.812,4.812,4.812,
1990-07-17,4.688,4.688,4.688,4.688,
1990-07-18,4.562,4.562,4.562,4.562,
1990-07-19,4.5,4.5,4.5,4.5,
1990-07-20,3.625,3.625,3.625,3.625,
1990-07-23,3.562,3.562,3.562,3.562,
1990-07-24,3.562,3.562,3.562,3.562,
1990-07-25,3.625,3.625,3.625,3.625,
1990-07-26,3.625,3.625,3.625,3.625,
1990-07-27,3.562,3.562,3.562,3.562,
1990-07-30,3.562,3.562,3.562,3.562,
1990-07-31,3.5,3.5,3.5,3.5,
1990-08-01,3.438,3.438,3.438,3.438,
1990-08-02,3.188,3.188,3.188,3.188,
1990-08-03,3.062,3.062,3.062,3.062,
1990-08-06,2.812,2.812,2.812,2.812,
1990-08-07,2.688,2.688,2.688,2.688,
1990-08-08,2.812,2.812,2.812,2.812,
1990-08-09,2.812,2.812,2.812,2.812,
1990-08-10,2.75,2.75,2.75,2.75,
1990-08-13,2.875,2.875,2.875,2.875,
1990-08-14,3.0,3.0,3.0,3.0,
1990-08-15,3.0,3.0,3.0,3.0,
1990-08-16,2.938,2.938,2.938,2.938,
1990-08-17,2.875,2.875,2.875,2.875,
1990-08-20,2.875,2.875,2.875,2.875,
1990-08-21,2.75,2.75,2.75,2.75,
1990-08-22,2.812,2.812,2.812,2.812,
1990-08-23,2.75,2.75,2.75,2.75,
1990-08-24,2.75,2.75,2.75,2.75,
1990-08-27,2.875,2.875,2.875,2.875,
1990-08-28,2.812,2.812,2.812,2.812,
1990-08-29,2.625,2.625,2.625,2.625,
1990-08-30,2.625,2.625,2.625,2.625,
1990-08-31,2.688,2.688,2.688,2.688,
1990-09-04,2.812,2.812,2.812,2.812,
1990-09-05,2.938,2.938,2.938,2.938,
1990-09-06,2.938,2.938,2.938,2.938,
1990-09-07,3.125,3.125,3.125,3.125,
1990-09-10,3.0,3.0,3.0,3.0,
1990-09-11,3.0,3.0,3.0,3.0,
1990-09-12,2.938,2.938,2.938,2.938,
1990-09-13,2.938,2.938,2.938,2.938,
1990-09-14,2.875,2.875,2.875,2.875,
1990-09-17,2.875,2.875,2.875,2.875,
1990-09-18,2.812,2.812,2.812,2.812,
1990-09-19,2.875,2.875,2.875,2.875,
1990-09-20,2.812,2.812,2.812,2.812,
1990-09-21,2.75,2.75,2.75,2.75,
1990-09-24,2.625,2.625,2.625,2.625,
1990-09-25,2.625,2.625,2.625,2.625,
1990-09-26,2.688,2.688,2.688,2.688,
1990-09-27,2.625,2.625,2.625,2.625,
1990-09-28,2.562,2.562,2.562,2.562,
1990-10-01,2.688,2.688,2.688,2.688,
1990-10-02,2.688,2.688,2.688,2.688,
1990-10-03,2.5,2.5,2.5,2.5,
1990-10-04,2.438,2.438,2.438,2.438,
1990-10-05,2.5,2.5,2.5,2.5,
1990-10-08,2.312,2.312,2.312,2.312,
1990-10-09,2.0,2.0,2.0,2.0,
1990-10-10,1.938,1.938,1.938,1.938,
1990-10-11,2.125,2.125,2.125,2.125,
1990-10-12,2.0,2.0,2.0,2.0,
1990-10-15,2.062,2.062,2.062,2.062,
1990-10-16,2.0,2.0,2.0,2.0,
1990-10-17,1.875,1.875,1.875,1.875,
1990-10-18,1.938,1.938,1.938,1.938,
1990-10-19,2.0,2.0,2.0,2.0,
1990-10-22,2.0,2.0,2.0,2.0,
1990-10-23,2.0,2.0,2.0,2.0,
1990-10-24,2.0,2.0,2.0,2.0,
1990-10-25,2.062,2.062,2.062,2.062,
1990-10-26,2.062,2.062,2.062,2.062,
1990-10-29,2.0,2.0,2.0,2.0,
1990-10-30,2.0,2.0,2.0,2.0,
1990-10-31,1.938,1.938,1.938,1.938,
1990-11-01,1.938,1.938,1.938,1.938,
1990-11-02,1.875,1.875,1.875,1.875,
1990-11-05,1.875,1.875,1.875,1.875,
1990-11-06,1.875,1.875,1.875,1.875,
1990-11-07,1.875,1.875,1.875,1.875,
1990-11-08,1.938,1.938,1.938,1.938,
1990-11-09,1.938,1.938,1.938,1.938,
1990-11-12,2.312,2.312,2.312,2.312,
1990-11-13,2.312,2.312,2.312,2.312,
1990-11-14,2.375,2.375,2.375,2.375,
1990-11-15,2.125,2.125,2.125,2.125,
1990-11-16,2.125,2.125,2.125,2.125,
1990-11-19,2.062,2.062,2.062,2.062,
1990-11-20,2.062,2.062,2.062,2.062,
1990-11-21,2.125,2.125,2.125,2.125,
1990-11-23,2.0,2.0,2.0,2.0,
1990-11-26,2.062,2.062,2.062,2.062,
1990-11-27,2.062,2.062,2.062,2.062,
1990-11-28,2.125,2.125,2.125,2.125,
1990-11-29,2.062,2.062,2.062,2.062,
1990-11-30,2.188,2.188,2.188,2.188,
1990-12-03,2.188,2.188,2.188,2.188,
1990-12-04,2.188,2.188,2.188,2.188,
1990-12-05,2.312,2.312,2.312,2.312,
1990-12-06,2.25,2.25,2.25,2.25,
1990-12-07,2.312,2.312,2.312,2.312,
1990-12-10,2.562,2.562,2.562,2.562,
1990-12-11,2.438,2.438,2.438,2.438,
1990-12-12,2.438,2.438,2.438,2.438,
1990-12-13,2.438,2.438,2.438,2.438,
1990-12-14,2.438,2.438,2.438,2.438,
1990-12-17,2.438,2.438,2.438,2.438,
1990-12-18,2.5,2.5,2.5,2.5,
1990-12-19,2.625,2.625,2.625,2.625,
1990-12-20,2.625,2.625,2.625,2.625,
1990-12-21,2.688,2.688,2.688,2.688,
1990-12-24,2.562,2.562,2.562,2.562,
1990-12-26,2.562,2.562,2.562,2.562,
1990-12-27,2.438,2.438,2.438,2.438,
1990-12-28,2.375,2.375,2.375,2.375,
1990-12-31,2.438,2.438,2.438,2.438,
1991-01-02,2.5,2.5,2.5,2.5,
1991-01-03,2.562,2.562,2.562,2.562,
1991-01-04,2.562,2.562,2.562,2.562,
1991-01-07,2.5,2.5,2.5,2.5,
1991-01-08,2.5,2.5,2.5,2.5,
1991-01-09,2.375,2.375,2.375,2.375,
1991-01-10,2.438,2.438,2.438,2.438,
1991-01-11,2.5,2.5,2.5,2.5,
1991-01-14,2.375,2.375,2.375,2.375,
1991-01-15,2.562,2.562,2.562,2.562,
1991-01-16,2.688,2.688,2.688,2.688,
1991-01-17,2.812,2.812,2.812,2.812,
1991-01-18,2.812,2.812,2.812,2.812,
1991-01-21,2.812,2.812,2.812,2.812,
1991-01-22,2.938,2.938,2.938,2.938,
1991-01-23,3.25,3.25,3.25,3.25,
1991-01-24,3.438,3.438,3.438,3.438,
1991-01-25,3.625,3.625,3.625,3.625,
1991-01-28,3.438,3.438,3.438,3.438,
1991-01-29,3.438,3.438,3.438,3.438,
1991-01-30,3.5,3.5,3.5,3.5,
1991-01-31,3.625,3.625,3.625,3.625,
1991-02-01,3.75,3.75,3.75,3.75,
1991-02-04,4.062,4.062,4.062,4.062,
1991-02-05,4.0,4.0,4.0,4.0,
1991-02-06,3.938,3.938,3.938,3.938,
1991-02-07,4.062,4.062,4.062,4.062,
1991-02-08,3.938,3.938,3.938,3.938,
1991-02-11,4.062,4.062,4.062,4.062,
1991-02-12,4.062,4.062,4.062,4.062,
1991-02-13,4.062,4.062,4.062,4.062,
1991-02-14,3.875,3.875,3.875,3.875,
1991-02-15,3.938,3.938,3.938,3.938,
1991-02-19,3.938,3.938,3.938,3.938,
1991-02-20,4.062,4.062,4.062,4.062,
1991-02-21,4.0,4.0,4.0,4.0,
1991-02-22,3.875,3.875,3.875,3.875,
1991-02-25,3.688,3.688,3.688,3.688,
1991-02-26,3.75,3.75,3.75,3.75,
1991-02-27,4.062,4.062,4.062,4.062,
1991-02-28,4.062,4.062,4.062,4.062,
1991-03-01,4.0,4.0,4.0,4.0,
1991-03-04,4.625,4.625,4.625,4.625,
1991-03-05,4.875,4.875,4.875,4.875,
1991-03-06,4.812,4.812,4.812,4.812,
1991-03-07,4.75,4.75,4.75,4.75,
1991-03-08,4.688,4.688,4.688,4.688,
1991-03-11,4.688,4.688,4.688,4.688,
1991-03-12,4.562,4.562,4.562,4.562,
1991-03-13,4.812,4.812,4.812,4.812,
1991-03-14,5.125,5.125,5.125,5.125,
1991-03-15,5.125,5.125,5.125,5.125,
1991-03-18,5.188,5.188,5.188,5.188,
1991-03-19,5.375,5.375,5.375,5.375,
1991-03-20,5.25,5.25,5.25,5.25,
1991-03-21,5.5,5.5,5.5,5.5,
1991-03-22,5.625,5.625,5.625,5.625,
1991-03-25,5.562,5.562,5.562,5.562,
1991-03-26,5.5,5.5,5.5,5.5,
1991-03-27,5.25,5.25,5.25,5.25,
1991-03-28,5.25,5.25,5.25,5.25,
1991-04-01,5.062,5.062,5.062,5.062,
1991-04-02,5.312,5.312,5.312,5.312,
1991-04-03,5.375,5.375,5.375,5.375,
1991-04-04,5.562,5.562,5.562,5.562,
1991-04-05,5.688,5.688,5.688,5.688,
1991-04-08,5.812,5.812,5.812,5.812,
1991-04-09,5.75,5.75,5.75,5.75,
1991-04-10,5.812,5.812,5.812,5.812,
1991-04-11,6.312,6.312,6.312,6.312,
1991-04-12,6.812,6.812,6.812,6.812,
1991-04-15,6.75,6.75,6.75,6.75,
1991-04-16,6.938,6.938,6.938,6.938,
1991-04-17,7.125,7.125,7.125,7.125,
1991-04-18,6.938,6.938,6.938,6.938,
1991-04-19,6.75,6.75,6.75,6.75,
1991-04-22,6.25,6.25,6.25,6.25,
1991-04-23,6.438,6.438,6.438,6.438,
1991-04-24,6.5,6.5,6.5,6.5,
1991-04-25,6.375,6.375,6.375,6.375,
1991-04-26,6.188,6.188,6.188,6.188,
1991-04-29,6.188,6.188,6.188,6.188,
1991-04-30,6.125,6.125,6.125,6.125,
1991-05-01,6.188,6.188,6.188,6.188,
1991-05-02,6.0,6.0,6.0,6.0,
1991-05-03,6.062,6.062,6.062,6.062,
1991-05-06,6.0,6.0,6.0,6.0,
1991-05-07,5.812,5.812,5.812,5.812,
1991-05-08,5.938,5.938,5.938,5.938,
1991-05-09,6.312,6.312,6.312,6.312,
1991-05-10,6.125,6.125,6.125,6.125,
1991-05-13,6.0,6.0,6.0,6.0,
1991-05-14,5.938,5.938,5.938,5.938,
1991-05-15,5.562,5.562,5.562,5.562,
1991-05-16,5.562,5.562,5.562,5.562,
1991-05-17,5.5,5.5,5.5,5.5,
1991-05-20,5.688,5.688,5.688,5.688,
1991-05-21,6.0,6.0,6.0,6.0,
1991-05-22,6.5,6.5,6.5,6.5,
1991-05-23,6.438,6.438,6.438,6.438,
1991-05-24,6.5,6.5,6.5,6.5,
1991-05-28,6.5,6.5,6.5,6.5,
1991-05-29,6.438,6.438,6.438,6.438,
1991-05-30,6.625,6.625,6.625,6.625,
1991-05-31,6.75,6.75,6.75,6.75,
1991-06-03,7.0,7.0,7.0,7.0,
1991-06-04,7.0,7.0,7.0,7.0,
1991-06-05,6.75,6.75,6.75,6.75,
1991-06-06,6.75,6.75,6.75,6.75,
1991-06-07,6.5,6.5,6.5,6.5,
1991-06-10,6.625,6.625,6.625,6.625,
1991-06-11,6.75,6.75,6.75,6.75,
1991-06-12,6.375,6.375,6.375,6.375,
1991-06-13,6.375,6.375,6.375,6.375,
1991-06-14,6.438,6.438,6.438,6.438,
1991-06-17,6.375,6.375,6.375,6.375,
1991-06-18,6.125,6.125,6.125,6.125,
1991-06-19,6.062,6.062,6.062,6.062,
1991-06-20,6.0,6.0,6.0,6.0,
1991-06-21,6.0,6.0,6.0,6.0,
1991-06-24,5.75,5.75,5.75,5.75,
1991-06-25,5.875,5.875,5.875,5.875,
1991-06-26,5.812,5.812,5.812,5.812,
1991-06-27,5.812,5.812,5.812,5.812,
1991-06-28,6.0,6.0,6.0,6.0,
1991-07-01,6.188,6.188,6.188,6.188,
1991-07-02,6.0,6.0,6.0,6.0,
1991-07-03,5.75,5.75,5.75,5.75,
1991-07-05,5.688,5.688,5.688,5.688,
1991-07-08,5.75,5.75,5.75,5.75,
1991-07-09,5.938,5.938,5.938,5.938,
1991-07-10,6.188,6.188,6.188,6.188,
1991-07-11,6.438,6.438,6.438,6.438,
1991-07-12,6.5,6.5,6.5,6.5,
1991-07-15,6.75,6.75,6.75,6.75,
1991-07-16,5.938,5.938,5.938,5.938,
1991-07-17,5.812,5.812,5.812,5.812,
1991-07-18,5.812,5.812,5.812,5.812,
1991-07-19,5.562,5.562,5.562,5.562,
1991-07-22,5.438,5.438,5.438,5.438,
1991-07-23,5.188,5.188,5.188,5.188,
1991-07-24,5.312,5.312,5.312,5.312,
1991-07-25,5.312,5.312,5.312,5.312,
1991-07-26,5.188,5.188,5.188,5.188,
1991-07-29,5.125,5.125,5.125,5.125,
1991-07-30,5.375,5.375,5.375,5.375,
1991-07-31,5.562,5.562,5.562,5.562,
1991-08-01,5.75,5.75,5.75,5.75,
1991-08-02,5.75,5.75,5.75,5.75,
1991-08-05,5.625,5.625,5.625,5.625,
1991-08-06,5.688,5.688,5.688,5.688,
1991-08-07,5.688,5.688,5.688,5.688,
1991-08-08,5.688,5.688,5.688,5.688,
1991-08-09,5.5,5.5,5.5,5.5,
1991-08-12,5.562,5.562,5.562,5.562,
1991-08-13,5.688,5.688,5.688,5.688,
1991-08-14,5.75,5.75,5.75,5.75,
1991-08-15,5.688,5.688,5.688,5.688,
1991-08-16,5.562,5.562,5.562,5.562,
1991-08-19,5.312,5.312,5.312,5.312,
1991-08-20,5.5,5.5,5.5,5.5,
1991-08-21,5.688,5.688,5.688,5.688,
1991-08-22,5.875,5.875,5.875,5.875,
1991-08-23,5.75,5.75,5.75,5.75,
1991-08-26,5.75,5.75,5.75,5.75,
1991-08-27,5.75,5.75,5.75,5.75,
1991-08-28,6.062,6.062,6.062,6.062,
1991-08-29,6.062,6.062,6.062,6.062,
1991-08-30,6.188,6.188,6.188,6.188,
1991-09-03,6.0,6.0,6.0,6.0,
1991-09-04,6.0,6.0,6.0,6.0,
1991-09-05,5.812,5.812,5.812,5.812,
1991-09-06,5.938,5.938,5.938,5.938,
1991-09-09,6.0,6.0,6.0,6.0,
1991-09-10,5.812,5.812,5.812,5.812,
1991-09-11,5.938,5.938,5.938,5.938,
1991-09-12,5.875,5.875,5.875,5.875,
1991-09-13,5.625,5.625,5.625,5.625,
1991-09-16,5.375,5.375,5.375,5.375,
1991-09-17,5.125,5.125,5.125,5.125,
1991-09-18,5.375,5.375,5.375,5.375,
1991-09-19,5.25,5.25,5.25,5.25,
1991-09-20,5.188,5.188,5.188,5.188,
1991-09-23,5.125,5.125,5.125,5.125,
1991-09-24,5.062,5.062,5.062,5.062,
1991-09-25,5.125,5.125,5.125,5.125,
1991-09-26,5.25,5.25,5.25,5.25,
1991-09-27,4.812,4.812,4.812,4.812,
1991-09-30,4.688,4.688,4.688,4.688,
1991-10-01,4.5,4.5,4.5,4.5,
1991-10-02,4.688,4.688,4.688,4.688,
1991-10-03,4.312,4.312,4.312,4.312,
1991-10-04,4.5,4.5,4.5,4.5,
1991-10-07,4.5,4.5,4.5,4.5,
1991-10-08,4.5,4.5,4.5,4.5,
1991-10-09,4.625,4.625,4.625,4.625,
1991-10-10,5.0,5.0,5.0,5.0,
1991-10-11,5.25,5.25,5.25,5.25,
1991-10-14,5.562,5.562,5.562,5.562,
1991-10-15,5.5,5.5,5.5,5.5,
1991-10-16,5.688,5.688,5.688,5.688,
1991-10-17,5.562,5.562,5.562,5.562,
1991-10-18,5.562,5.562,5.562,5.562,
1991-10-21,5.375,5.375,5.375,5.375,
1991-10-22,5.438,5.438,5.438,5.438,
1991-10-23,5.375,5.375,5.375,5.375,
1991-10-24,5.312,5.312,5.312,5.312,
1991-10-25,5.188,5.188,5.188,5.188,
1991-10-28,5.312,5.312,5.312,5.312,
1991-10-29,5.5,5.5,5.5,5.5,
1991-10-30,5.562,5.562,5.562,5.562,
1991-10-31,6.375,6.375,6.375,6.375,
1991-11-01,6.125,6.125,6.125,6.125,
1991-11-04,6.125,6.125,6.125,6.125,
1991-11-05,6.188,6.188,6.188,6.188,
1991-11-06,6.312,6.312,6.312,6.312,
1991-11-07,6.625,6.625,6.625,6.625,
1991-11-08,6.5,6.5,6.5,6.5,
1991-11-11,6.5,6.5,6.5,6.5,
1991-11-12,6.562,6.562,6.562,6.562,
1991-11-13,7.0,7.0,7.0,7.0,
1991-11-14,6.875,6.875,6.875,6.875,
1991-11-15,6.312,6.312,6.312,6.312,
1991-11-18,6.5,6.5,6.5,6.5,
1991-11-19,6.25,6.25,6.25,6.25,
1991-11-20,6.375,6.375,6.375,6.375,
1991-11-21,6.5,6.5,6.5,6.5,
1991-11-22,6.938,6.938,6.938,6.938,
1991-11-25,6.938,6.938,6.938,6.938,
1991-11-26,7.062,7.062,7.062,7.062,
1991-11-27,7.188,7.188,7.188,7.188,
1991-11-29,7.188,7.188,7.188,7.188,
1991-12-02,7.125,7.125,7.125,7.125,
1991-12-03,7.438,7.438,7.438,7.438,
1991-12-04,7.5,7.5,7.5,7.5,
1991-12-05,7.5,7.5,7.5,7.5,
1991-12-06,7.562,7.562,7.562,7.562,
1991-12-09,7.438,7.438,7.438,7.438,
1991-12-10,7.438,7.438,7.438,7.438,
1991-12-11,7.562,7.562,7.562,7.562,
1991-12-12,7.875,7.875,7.875,7.875,
1991-12-13,7.875,7.875,7.875,7.875,
1991-12-16,7.875,7.875,7.875,7.875,
1991-12-17,7.75,7.75,7.75,7.75,
1991-12-18,7.5,7.5,7.5,7.5,
1991-12-19,8.375,8.375,8.375,8.375,
1991-12-20,8.25,8.25,8.25,8.25,
1991-12-23,8.688,8.688,8.688,8.688,
1991-12-24,8.75,8.75,8.75,8.75,
1991-12-26,8.5,8.5,8.5,8.5,
1991-12-27,8.375,8.375,8.375,8.375,
1991-12-30,8.5,8.5,8.5,8.5,
1991-12-31,8.75,8.75,8.75,8.75,
1992-01-02,8.938,8.938,8.938,8.938,
1992-01-03,9.125,9.125,9.125,9.125,
1992-01-06,9.625,9.625,9.625,9.625,
1992-01-07,9.938,9.938,9.938,9.938,
1992-01-08,9.5,9.5,9.5,9.5,
1992-01-09,9.438,9.438,9.438,9.438,
1992-01-10,9.562,9.562,9.562,9.562,
1992-01-13,9.938,9.938,9.938,9.938,
1992-01-14,10.062,10.062,10.062,10.062,
1992-01-15,9.625,9.625,9.625,9.625,
1992-01-16,8.875,8.875,8.875,8.875,
1992-01-17,9.312,9.312,9.312,9.312,
1992-01-20,9.688,9.688,9.688,9.688,
1992-01-21,10.0,10.0,10.0,10.0,
1992-01-22,10.5,10.5,10.5,10.5,
1992-01-23,10.312,10.312,10.312,10.312,
1992-01-24,10.312,10.312,10.312,10.312,
1992-01-27,10.5,10.5,10.5,10.5,
1992-01-28,10.375,10.375,10.375,10.375,
1992-01-29,10.5,10.5,10.5,10.5,
1992-01-30,9.625,9.625,9.625,9.625,
1992-01-31,9.438,9.438,9.438,9.438,
1992-02-03,9.75,9.75,9.75,9.75,
1992-02-04,10.312,10.312,10.312,10.312,
1992-02-05,10.625,10.625,10.625,10.625,
1992-02-06,10.062,10.062,10.062,10.062,
1992-02-07,10.125,10.125,10.125,10.125,
1992-02-10,10.375,10.375,10.375,10.375,
1992-02-11,10.312,10.312,10.312,10.312,
1992-02-12,10.375,10.375,10.375,10.375,
1992-02-13,10.0,10.0,10.0,10.0,
1992-02-14,9.688,9.688,9.688,9.688,
1992-02-18,9.75,9.75,9.75,9.75,
1992-02-19,9.625,9.625,9.625,9.625,
1992-02-20,9.938,9.938,9.938,9.938,
1992-02-21,9.75,9.75,9.75,9.75,
1992-02-24,9.562,9.562,9.562,9.562,
1992-02-25,9.625,9.625,9.625,9.625,
1992-02-26,9.125,9.125,9.125,9.125,
1992-02-27,9.0,9.0,9.0,9.0,
1992-02-28,9.188,9.188,9.188,9.188,
1992-03-02,9.062,9.062,9.062,9.062,
1992-03-03,8.938,8.938,8.938,8.938,
1992-03-04,8.625,8.625,8.625,8.625,
1992-03-05,8.25,8.25,8.25,8.25,
1992-03-06,8.562,8.562,8.562,8.562,
1992-03-09,9.0,9.0,9.0,9.0,
1992-03-10,9.125,9.125,9.125,9.125,
1992-03-11,8.938,8.938,8.938,8.938,
1992-03-12,8.812,8.812,8.812,8.812,
1992-03-13,8.938,8.938,8.938,8.938,
1992-03-16,8.938,8.938,8.938,8.938,
1992-03-17,9.0,9.0,9.0,9.0,
1992-03-18,9.375,9.375,9.375,9.375,
1992-03-19,9.25,9.25,9.25,9.25,
1992-03-20,9.375,9.375,9.375,9.375,
1992-03-23,9.375,9.375,9.375,9.375,
1992-03-24,9.125,9.125,9.125,9.125,
1992-03-25,9.625,9.625,9.625,9.625,
1992-03-26,9.562,9.562,9.562,9.562,
1992-03-27,8.75,8.75,8.75,8.75,
1992-03-30,8.688,8.688,8.688,8.688,
1992-03-31,8.875,8.875,8.875,8.875,
1992-04-01,8.812,8.812,8.812,8.812,
1992-04-02,8.875,8.875,8.875,8.875,
1992-04-03,8.875,8.875,8.875,8.875,
1992-04-06,9.438,9.438,9.438,9.438,
1992-04-07,8.812,8.812,8.812,8.812,
1992-04-08,8.812,8.812,8.812,8.812,
1992-04-09,8.5,8.5,8.5,8.5,
1992-04-10,8.312,8.312,8.312,8.312,
1992-04-13,8.312,8.312,8.312,8.312,
1992-04-14,8.688,8.688,8.688,8.688,
1992-04-15,8.75,8.75,8.75,8.75,
1992-04-16,8.438,8.438,8.438,8.438,
1992-04-20,8.188,8.188,8.188,8.188,
1992-04-21,8.188,8.188,8.188,8.188,
1992-04-22,8.0,8.0,8.0,8.0,
1992-04-23,7.5,7.5,7.5,7.5,
1992-04-24,7.5,7.5,7.5,7.5,
1992-04-27,7.625,7.625,7.625,7.625,
1992-04-28,7.75,7.75,7.75,7.75,
1992-04-29,8.375,8.375,8.375,8.375,
1992-04-30,8.938,8.938,8.938,8.938,
1992-05-01,8.438,8.438,8.438,8.438,
1992-05-04,8.5,8.5,8.5,8.5,
1992-05-05,9.0,9.0,9.0,9.0,
1992-05-06,8.875,8.875,8.875,8.875,
1992-05-07,9.0,9.0,9.0,9.0,
1992-05-08,8.938,8.938,8.938,8.938,
1992-05-11,9.062,9.062,9.062,9.062,
1992-05-12,9.0,9.0,9.0,9.0,
1992-05-13,8.75,8.75,8.75,8.75,
1992-05-14,7.812,7.812,7.812,7.812,
1992-05-15,7.75,7.75,7.75,7.75,
1992-05-18,7.5,7.5,7.5,7.5,
1992-05-19,8.0,8.0,8.0,8.0,
1992-05-20,7.438,7.438,7.438,7.438,
1992-05-21,7.5,7.5,7.5,7.5,
1992-05-22,7.688,7.688,7.688,7.688,
1992-05-26,7.625,7.625,7.625,7.625,
1992-05-27,7.688,7.688,7.688,7.688,
1992-05-28,7.812,7.812,7.812,7.812,
1992-05-29,7.875,7.875,7.875,7.875,
1992-06-01,7.75,7.75,7.75,7.75,
1992-06-02,7.688,7.688,7.688,7.688,
1992-06-03,7.625,7.625,7.625,7.625,
1992-06-04,7.5,7.5,7.5,7.5,
1992-06-05,7.5,7.5,7.5,7.5,
1992-06-08,7.312,7.312,7.312,7.312,
1992-06-09,7.688,7.688,7.688,7.688,
1992-06-10,7.938,7.938,7.938,7.938,
1992-06-11,7.875,7.875,7.875,7.875,
1992-06-12,7.438,7.438,7.438,7.438,
1992-06-15,7.688,7.688,7.688,7.688,
1992-06-16,7.5,7.5,7.5,7.5,
1992-06-17,7.25,7.25,7.25,7.25,
1992-06-18,4.5,4.5,4.5,4.5,
1992-06-19,4.688,4.688,4.688,4.688,
1992-06-22,4.875,4.875,4.875,4.875,
1992-06-23,4.562,4.562,4.562,4.562,
1992-06-24,4.438,4.438,4.438,4.438,
1992-06-25,4.375,4.375,4.375,4.375,
1992-06-26,4.312,4.312,4.312,4.312,
1992-06-29,4.438,4.438,4.438,4.438,
1992-06-30,4.375,4.375,4.375,4.375,
1992-07-01,4.375,4.375,4.375,4.375,
1992-07-02,3.812,3.812,3.812,3.812,
1992-07-06,3.812,3.812,3.812,3.812,
1992-07-07,3.875,3.875,3.875,3.875,
1992-07-08,3.875,3.875,3.875,3.875,
1992-07-09,4.0,4.0,4.0,4.0,
1992-07-10,4.125,4.125,4.125,4.125,
1992-07-13,4.25,4.25,4.25,4.25,
1992-07-14,4.375,4.375,4.375,4.375,
1992-07-15,4.438,4.438,4.438,4.438,
1992-07-16,4.438,4.438,4.438,4.438,
1992-07-17,4.312,4.312,4.312,4.312,
1992-07-20,4.312,4.312,4.312,4.312,
1992-07-21,4.438,4.438,4.438,4.438,
1992-07-22,4.312,4.312,4.312,4.312,
1992-07-23,4.312,4.312,4.312,4.312,
1992-07-24,4.188,4.188,4.188,4.188,
1992-07-27,4.25,4.25,4.25,4.25,
1992-07-28,4.25,4.25,4.25,4.25,
1992-07-29,4.312,4.312,4.312,4.312,
1992-07-30,4.312,4.312,4.312,4.312,
1992-07-31,4.438,4.438,4.438,4.438,
1992-08-03,4.75,4.75,4.75,4.75,
1992-08-04,4.688,4.688,4.688,4.688,
1992-08-05,4.625,4.625,4.625,4.625,
1992-08-06,4.688,4.688,4.688,4.688,
1992-08-07,4.688,4.688,4.688,4.688,
1992-08-10,4.562,4.562,4.562,4.562,
1992-08-11,4.5,4.5,4.5,4.5,
1992-08-12,4.5,4.5,4.5,4.5,
1992-08-13,4.625,4.625,4.625,4.625,
1992-08-14,4.688,4.688,4.688,4.688,
1992-08-17,4.562,4.562,4.562,4.562,
1992-08-18,4.5,4.5,4.5,4.5,
1992-08-19,4.5,4.5,4.5,4.5,
1992-08-20,4.438,4.438,4.438,4.438,
1992-08-21,4.312,4.312,4.312,4.312,
1992-08-24,4.25,4.25,4.25,4.25,
1992-08-25,4.562,4.562,4.562,4.562,
1992-08-26,4.75,4.75,4.75,4.75,
1992-08-27,4.812,4.812,4.812,4.812,
1992-08-28,4.75,4.75,4.75,4.75,
1992-08-31,5.062,5.062,5.062,5.062,
1992-09-01,5.25,5.25,5.25,5.25,
1992-09-02,5.688,5.688,5.688,5.688,
1992-09-03,5.688,5.688,5.688,5.688,
1992-09-04,5.562,5.562,5.562,5.562,
1992-09-08,5.5,5.5,5.5,5.5,
1992-09-09,5.75,5.75,5.75,5.75,
1992-09-10,6.125,6.125,6.125,6.125,
1992-09-11,6.188,6.188,6.188,6.188,
1992-09-14,6.125,6.125,6.125,6.125,
1992-09-15,6.125,6.125,6.125,6.125,
1992-09-16,6.062,6.062,6.062,6.062,
1992-09-17,6.125,6.125,6.125,6.125,
1992-09-18,6.125,6.125,6.125,6.125,
1992-09-21,6.125,6.125,6.125,6.125,
1992-09-22,6.0,6.0,6.0,6.0,
1992-09-23,5.812,5.812,5.812,5.812,
1992-09-24,5.875,5.875,5.875,5.875,
1992-09-25,5.75,5.75,5.75,5.75,
1992-09-28,5.75,5.75,5.75,5.75,
1992-09-29,5.75,5.75,5.75,5.75,
1992-09-30,5.625,5.625,5.625,5.625,
1992-10-01,5.438,5.438,5.438,5.438,
1992-10-02,5.625,5.625,5.625,5.625,
1992-10-05,5.875,5.875,5.875,5.875,
1992-10-06,6.438,6.438,6.438,6.438,
1992-10-07,6.188,6.188,6.188,6.188,
1992-10-08,6.188,6.188,6.188,6.188,
1992-10-09,5.938,5.938,5.938,5.938,
1992-10-12,6.25,6.25,6.25,6.25,
1992-10-13,6.375,6.375,6.375,6.375,
1992-10-14,6.375,6.375,6.375,6.375,
1992-10-15,6.312,6.312,6.312,6.312,
1992-10-16,6.5,6.5,6.5,6.5,
1992-10-19,6.875,6.875,6.875,6.875,
1992-10-20,7.0,7.0,7.0,7.0,
1992-10-21,7.125,7.125,7.125,7.125,
1992-10-22,7.188,7.188,7.188,7.188,
1992-10-23,7.188,7.188,7.188,7.188,
1992-10-26,7.312,7.312,7.312,7.312,
1992-10-27,7.375,7.375,7.375,7.375,
1992-10-28,7.75,7.75,7.75,7.75,
1992-10-29,7.938,7.938,7.938,7.938,
1992-10-30,8.25,8.25,8.25,8.25,
1992-11-02,7.938,7.938,7.938,7.938,
1992-11-03,7.75,7.75,7.75,7.75,
1992-11-04,8.125,8.125,8.125,8.125,
1992-11-05,8.188,8.188,8.188,8.188,
1992-11-06,8.125,8.125,8.125,8.125,
1992-11-09,8.0,8.0,8.0,8.0,
1992-11-10,8.0,8.0,8.0,8.0,
1992-11-11,8.188,8.188,8.188,8.188,
1992-11-12,8.188,8.188,8.188,8.188,
1992-11-13,8.25,8.25,8.25,8.25,
1992-11-16,8.188,8.188,8.188,8.188,
1992-11-17,8.062,8.062,8.062,8.062,
1992-11-18,8.188,8.188,8.188,8.188,
1992-11-19,9.0,9.0,9.0,9.0,
1992-11-20,9.188,9.188,9.188,9.188,
1992-11-23,9.25,9.25,9.25,9.25,
1992-11-24,9.0,9.0,9.0,9.0,
1992-11-25,8.812,8.812,8.812,8.812,
1992-11-27,8.688,8.688,8.688,8.688,
1992-11-30,8.938,8.938,8.938,8.938,
1992-12-01,9.125,9.125,9.125,9.125,
1992-12-02,8.938,8.938,8.938,8.938,
1992-12-03,8.062,8.062,8.062,8.062,
1992-12-04,8.375,8.375,8.375,8.375,
1992-12-07,8.812,8.812,8.812,8.812,
1992-12-08,8.812,8.812,8.812,8.812,
1992-12-09,8.625,8.625,8.625,8.625,
1992-12-10,8.438,8.438,8.438,8.438,
1992-12-11,8.375,8.375,8.375,8.375,
1992-12-14,8.375,8.375,8.375,8.375,
1992-12-15,8.188,8.188,8.188,8.188,
1992-12-16,8.312,8.312,8.312,8.312,
1992-12-17,9.0,9.0,9.0,9.0,
1992-12-18,9.125,9.125,9.125,9.125,
1992-12-21,9.125,9.125,9.125,9.125,
1992-12-22,9.188,9.188,9.188,9.188,
1992-12-23,8.812,8.812,8.812,8.812,
1992-12-24,8.812,8.812,8.812,8.812,
1992-12-28,8.875,8.875,8.875,8.875,
1992-12-29,8.938,8.938,8.938,8.938,
1992-12-30,9.062,9.062,9.062,9.062,
1992-12-31,9.062,9.062,9.062,9.062,
1993-01-04,8.812,8.812,8.812,8.812,
1993-01-05,9.5,9.5,9.5,9.5,
1993-01-06,9.875,9.875,9.875,9.875,
1993-01-07,10.0,10.0,10.0,10.0,
1993-01-08,9.625,9.625,9.625,9.625,
1993-01-11,9.938,9.938,9.938,9.938,
1993-01-12,9.75,9.75,9.75,9.75,
1993-01-13,9.875,9.875,9.875,9.875,
1993-01-14,10.188,10.188,10.188,10.188,
1993-01-15,10.0,10.0,10.0,10.0,
1993-01-18,10.0,10.0,10.0,10.0,
1993-01-19,10.312,10.312,10.312,10.312,
1993-01-20,10.062,10.062,10.062,10.062,
1993-01-21,10.0,10.0,10.0,10.0,
1993-01-22,9.875,9.875,9.875,9.875,
1993-01-25,9.938,9.938,9.938,9.938,
1993-01-26,9.812,9.812,9.812,9.812,
1993-01-27,9.688,9.688,9.688,9.688,
1993-01-28,9.5,9.5,9.5,9.5,
1993-01-29,9.375,9.375,9.375,9.375,
1993-02-01,9.562,9.562,9.562,9.562,
1993-02-02,10.125,10.125,10.125,10.125,
1993-02-03,10.25,10.25,10.25,10.25,
1993-02-04,10.062,10.062,10.062,10.062,
1993-02-05,9.812,9.812,9.812,9.812,
1993-02-08,9.875,9.875,9.875,9.875,
1993-02-09,9.875,9.875,9.875,9.875,
1993-02-10,9.875,9.875,9.875,9.875,
1993-02-11,10.5,10.5,10.5,10.5,
1993-02-12,10.688,10.688,10.688,10.688,
1993-02-16,9.875,9.875,9.875,9.875,
1993-02-17,10.188,10.188,10.188,10.188,
1993-02-18,10.562,10.562,10.562,10.562,
1993-02-19,11.062,11.062,11.062,11.062,
1993-02-22,10.875,10.875,10.875,10.875,
1993-02-23,10.688,10.688,10.688,10.688,
1993-02-24,11.0,11.0,11.0,11.0,
1993-02-25,11.062,11.062,11.062,11.062,
1993-02-26,10.875,10.875,10.875,10.875,
1993-03-01,10.625,10.625,10.625,10.625,
1993-03-02,11.125,11.125,11.125,11.125,
1993-03-03,11.438,11.438,11.438,11.438,
1993-03-04,11.312,11.312,11.312,11.312,
1993-03-05,11.625,11.625,11.625,11.625,
1993-03-08,12.0,12.0,12.0,12.0,
1993-03-09,11.812,11.812,11.812,11.812,
1993-03-10,11.812,11.812,11.812,11.812,
1993-03-11,11.875,11.875,11.875,11.875,
1993-03-12,11.875,11.875,11.875,11.875,
1993-03-15,11.938,11.938,11.938,11.938,
1993-03-16,11.75,11.75,11.75,11.75,
1993-03-17,11.562,11.562,11.562,11.562,
1993-03-18,11.625,11.625,11.625,11.625,
1993-03-19,11.312,11.312,11.312,11.312,
1993-03-22,11.125,11.125,11.125,11.125,
1993-03-23,11.0,11.0,11.0,11.0,
1993-03-24,11.125,11.125,11.125,11.125,
1993-03-25,11.562,11.562,11.562,11.562,
1993-03-26,11.375,11.375,11.375,11.375,
1993-03-29,11.438,11.438,11.438,11.438,
1993-03-30,11.5,11.5,11.5,11.5,
1993-03-31,11.5,11.5,11.5,11.5,
1993-04-01,11.312,11.312,11.312,11.312,
1993-04-02,10.688,10.688,10.688,10.688,
1993-04-05,11.125,11.125,11.125,11.125,
1993-04-06,11.75,11.75,11.75,11.75,
1993-04-07,12.562,12.562,12.562,12.562,
1993-04-08,12.438,12.438,12.438,12.438,
1993-04-12,12.938,12.938,12.938,12.938,
1993-04-13,12.375,12.375,12.375,12.375,
1993-04-14,12.25,12.25,12.25,12.25,
1993-04-15,12.188,12.188,12.188,12.188,
1993-04-16,12.062,12.062,12.062,12.062,
1993-04-19,14.0,14.0,14.0,14.0,
1993-04-20,13.812,13.812,13.812,13.812,
1993-04-21,14.5,14.5,14.5,14.5,
1993-04-22,15.5,15.5,15.5,15.5,
1993-04-23,15.25,15.25,15.25,15.25,
1993-04-26,14.5,14.5,14.5,14.5,
1993-04-27,14.875,14.875,14.875,14.875,
1993-04-28,15.062,15.062,15.062,15.062,
1993-04-29,14.562,14.562,14.562,14.562,
1993-04-30,14.062,14.062,14.062,14.062,
1993-05-03,14.688,14.688,14.688,14.688,
1993-05-04,15.125,15.125,15.125,15.125,
1993-05-05,14.75,14.75,14.75,14.75,
1993-05-06,14.375,14.375,14.375,14.375,
1993-05-07,14.75,14.75,14.75,14.75,
1993-05-10,14.75,14.75,14.75,14.75,
1993-05-11,14.562,14.562,14.562,14.562,
1993-05-12,14.438,14.438,14.438,14.438,
1993-05-13,14.438,14.438,14.438,14.438,
1993-05-14,14.25,14.25,14.25,14.25,
1993-05-17,14.0,14.0,14.0,14.0,
1993-05-18,14.25,14.25,14.25,14.25,
1993-05-19,14.562,14.562,14.562,14.562,
1993-05-20,14.375,14.375,14.375,14.375,
1993-05-21,14.438,14.438,14.438,14.438,
1993-05-24,14.5,14.5,14.5,14.5,
1993-05-25,14.812,14.812,14.812,14.812,
1993-05-26,15.188,15.188,15.188,15.188,
1993-05-27,14.688,14.688,14.688,14.688,
1993-05-28,14.312,14.312,14.312,14.312,
1993-06-01,14.125,14.125,14.125,14.125,
1993-06-02,13.812,13.812,13.812,13.812,
1993-06-03,14.25,14.25,14.25,14.25,
1993-06-04,14.0,14.0,14.0,14.0,
1993-06-07,11.875,11.875,11.875,11.875,
1993-06-08,11.938,11.938,11.938,11.938,
1993-06-09,11.5,11.5,11.5,11.5,
1993-06-10,11.125,11.125,11.125,11.125,
1993-06-11,10.562,10.562,10.562,10.562,
1993-06-14,10.688,10.688,10.688,10.688,
1993-06-15,10.875,10.875,10.875,10.875,
1993-06-16,10.5,10.5,10.5,10.5,
1993-06-17,10.312,10.312,10.312,10.312,
1993-06-18,10.375,10.375,10.375,10.375,
1993-06-21,10.688,10.688,10.688,10.688,
1993-06-22,10.688,10.688,10.688,10.688,
1993-06-23,10.562,10.562,10.562,10.562,
1993-06-24,10.625,10.625,10.625,10.625,
1993-06-25,10.688,10.688,10.688,10.688,
1993-06-28,11.062,11.062,11.062,11.062,
1993-06-29,12.0,12.0,12.0,12.0,
1993-06-30,12.062,12.062,12.062,12.062,
1993-07-01,12.062,12.062,12.062,12.062,
1993-07-02,11.938,11.938,11.938,11.938,
1993-07-06,11.625,11.625,11.625,11.625,
1993-07-07,12.0,12.0,12.0,12.0,
1993-07-08,12.438,12.438,12.438,12.438,
1993-07-09,12.438,12.438,12.438,12.438,
1993-07-12,12.312,12.312,12.312,12.312,
1993-07-13,12.312,12.312,12.312,12.312,
1993-07-14,12.5,12.5,12.5,12.5,
1993-07-15,12.188,12.188,12.188,12.188,
1993-07-16,11.5,11.5,11.5,11.5,
1993-07-19,11.625,11.625,11.625,11.625,
1993-07-20,12.25,12.25,12.25,12.25,
1993-07-21,12.438,12.438,12.438,12.438,
1993-07-22,12.188,12.188,12.188,12.188,
1993-07-23,12.188,12.188,12.188,12.188,
1993-07-26,12.312,12.312,12.312,12.312,
1993-07-27,12.188,12.188,12.188,12.188,
1993-07-28,12.125,12.125,12.125,12.125,
1993-07-29,11.938,11.938,11.938,11.938,
1993-07-30,11.938,11.938,11.938,11.938,
1993-08-02,12.312,12.312,12.312,12.312,
1993-08-03,12.5,12.5,12.5,12.5,
1993-08-04,12.938,12.938,12.938,12.938,
1993-08-05,13.5,13.5,13.5,13.5,
1993-08-06,14.125,14.125,14.125,14.125,
1993-08-09,14.312,14.312,14.312,14.312,
1993-08-10,14.188,14.188,14.188,14.188,
1993-08-11,14.812,14.812,14.812,14.812,
1993-08-12,15.062,15.062,15.062,15.062,
1993-08-13,15.125,15.125,15.125,15.125,
1993-08-16,15.625,15.625,15.625,15.625,
1993-08-17,15.938,15.938,15.938,15.938,
1993-08-18,15.688,15.688,15.688,15.688,
1993-08-19,15.0,15.0,15.0,15.0,
1993-08-20,15.5,15.5,15.5,15.5,
1993-08-23,15.812,15.812,15.812,15.812,
1993-08-24,15.5,15.5,15.5,15.5,
1993-08-25,15.312,15.312,15.312,15.312,
1993-08-26,15.438,15.438,15.438,15.438,
1993-08-27,15.625,15.625,15.625,15.625,
1993-08-30,15.75,15.75,15.75,15.75,
1993-08-31,16.188,16.188,16.188,16.188,
1993-09-01,15.812,15.812,15.812,15.812,
1993-09-02,15.5,15.5,15.5,15.5,
1993-09-03,14.5,14.5,14.5,14.5,
1993-09-07,13.812,13.812,13.812,13.812,
1993-09-08,13.688,13.688,13.688,13.688,
1993-09-09,13.875,13.875,13.875,13.875,
1993-09-10,14.25,14.25,14.25,14.25,
1993-09-13,14.188,14.188,14.188,14.188,
1993-09-14,13.875,13.875,13.875,13.875,
1993-09-15,13.875,13.875,13.875,13.875,
1993-09-16,14.375,14.375,14.375,14.375,
1993-09-17,14.688,14.688,14.688,14.688,
1993-09-20,14.875,14.875,14.875,14.875,
1993-09-21,14.438,14.438,14.438,14.438,
1993-09-22,14.938,14.938,14.938,14.938,
1993-09-23,15.062,15.062,15.062,15.062,
1993-09-24,15.0,15.0,15.0,15.0,
1993-09-27,14.688,14.688,14.688,14.688,
1993-09-28,15.0,15.0,15.0,15.0,
1993-09-29,14.062,14.062,14.062,14.062,
1993-09-30,13.188,13.188,13.188,13.188,
1993-10-01,12.938,12.938,12.938,12.938,
1993-10-04,13.375,13.375,13.375,13.375,
1993-10-05,11.0,11.0,11.0,11.0,
1993-10-06,10.5,10.5,10.5,10.5,
1993-10-07,10.375,10.375,10.375,10.375,
1993-10-08,10.25,10.25,10.25,10.25,
1993-10-11,10.062,10.062,10.062,10.062,
1993-10-12,10.188,10.188,10.188,10.188,
1993-10-13,10.062,10.062,10.062,10.062,
1993-10-14,9.938,9.938,9.938,9.938,
1993-10-15,10.125,10.125,10.125,10.125,
1993-10-18,10.062,10.062,10.062,10.062,
1993-10-19,9.75,9.75,9.75,9.75,
1993-10-20,9.438,9.438,9.438,9.438,
1993-10-21,9.938,9.938,9.938,9.938,
1993-10-22,10.0,10.0,10.0,10.0,
1993-10-25,9.875,9.875,9.875,9.875,
1993-10-26,9.688,9.688,9.688,9.688,
1993-10-27,9.938,9.938,9.938,9.938,
1993-10-28,9.875,9.875,9.875,9.875,
1993-10-29,9.875,9.875,9.875,9.875,
1993-11-01,10.188,10.188,10.188,10.188,
1993-11-02,10.125,10.125,10.125,10.125,
1993-11-03,9.812,9.812,9.812,9.812,
1993-11-04,9.438,9.438,9.438,9.438,
1993-11-05,9.625,9.625,9.625,9.625,
1993-11-08,9.5,9.5,9.5,9.5,
1993-11-09,9.438,9.438,9.438,9.438,
1993-11-10,9.812,9.812,9.812,9.812,
1993-11-11,10.0,10.0,10.0,10.0,
1993-11-12,9.875,9.875,9.875,9.875,
1993-11-15,10.0,10.0,10.0,10.0,
1993-11-16,9.812,9.812,9.812,9.812,
1993-11-17,9.5,9.5,9.5,9.5,
1993-11-18,9.125,9.125,9.125,9.125,
1993-11-19,9.25,9.25,9.25,9.25,
1993-11-22,9.125,9.125,9.125,9.125,
1993-11-23,9.25,9.25,9.25,9.25,
1993-11-24,9.5,9.5,9.5,9.5,
1993-11-26,9.562,9.562,9.562,9.562,
1993-11-29,9.438,9.438,9.438,9.438,
1993-11-30,9.5,9.5,9.5,9.5,
1993-12-01,9.438,9.438,9.438,9.438,
1993-12-02,9.312,9.312,9.312,9.312,
1993-12-03,9.25,9.25,9.25,9.25,
1993-12-06,8.875,8.875,8.875,8.875,
1993-12-07,9.062,9.062,9.062,9.062,
1993-12-08,9.062,9.062,9.062,9.062,
1993-12-09,8.812,8.812,8.812,8.812,
1993-12-10,8.812,8.812,8.812,8.812,
1993-12-13,9.062,9.062,9.062,9.062,
1993-12-14,9.0,9.0,9.0,9.0,
1993-12-15,9.0,9.0,9.0,9.0,
1993-12-16,8.812,8.812,8.812,8.812,
1993-12-17,8.938,8.938,8.938,8.938,
1993-12-20,8.875,8.875,8.875,8.875,
1993-12-21,8.562,8.562,8.562,8.562,
1993-12-22,8.688,8.688,8.688,8.688,
1993-12-23,8.688,8.688,8.688,8.688,
1993-12-27,8.75,8.75,8.75,8.75,
1993-12-28,9.062,9.062,9.062,9.062,
1993-12-29,8.875,8.875,8.875,8.875,
1993-12-30,8.875,8.875,8.875,8.875,
1993-12-31,8.875,8.875,8.875,8.875,
1994-01-03,8.938,8.938,8.938,8.938,
1994-01-04,9.125,9.125,9.125,9.125,
1994-01-05,9.062,9.062,9.062,9.062,
1994-01-06,9.125,9.125,9.125,9.125,
1994-01-07,9.188,9.188,9.188,9.188,
1994-01-10,9.062,9.062,9.062,9.062,
1994-01-11,8.875,8.875,8.875,8.875,
1994-01-12,8.938,8.938,8.938,8.938,
1994-01-13,9.062,9.062,9.062,9.062,
1994-01-14,9.438,9.438,9.438,9.438,
1994-01-17,9.75,9.75,9.75,9.75,
1994-01-18,9.75,9.75,9.75,9.75,
1994-01-19,9.562,9.562,9.562,9.562,
1994-01-20,9.375,9.375,9.375,9.375,
1994-01-21,9.625,9.625,9.625,9.625,
1994-01-24,10.25,10.25,10.25,10.25,
1994-01-25,10.0,10.0,10.0,10.0,
1994-01-26,10.312,10.312,10.312,10.312,
1994-01-27,10.375,10.375,10.375,10.375,
1994-01-28,10.188,10.188,10.188,10.188,
1994-01-31,10.25,10.25,10.25,10.25,
1994-02-01,10.125,10.125,10.125,10.125,
1994-02-02,10.312,10.312,10.312,10.312,
1994-02-03,10.438,10.438,10.438,10.438,
1994-02-04,10.188,10.188,10.188,10.188,
1994-02-07,10.188,10.188,10.188,10.188,
1994-02-08,11.0,11.0,11.0,11.0,
1994-02-09,10.938,10.938,10.938,10.938,
1994-02-10,10.875,10.875,10.875,10.875,
1994-02-11,10.625,10.625,10.625,10.625,
1994-02-14,10.688,10.688,10.688,10.688,
1994-02-15,10.938,10.938,10.938,10.938,
1994-02-16,10.875,10.875,10.875,10.875,
1994-02-17,11.0,11.0,11.0,11.0,
1994-02-18,10.875,10.875,10.875,10.875,
1994-02-22,10.875,10.875,10.875,10.875,
1994-02-23,10.938,10.938,10.938,10.938,
1994-02-24,10.75,10.75,10.75,10.75,
1994-02-25,10.625,10.625,10.625,10.625,
1994-02-28,10.75,10.75,10.75,10.75,
1994-03-01,10.875,10.875,10.875,10.875,
1994-03-02,10.875,10.875,10.875,10.875,
1994-03-03,11.75,11.75,11.75,11.75,
1994-03-04,11.688,11.688,11.688,11.688,
1994-03-07,11.312,11.312,11.312,11.312,
1994-03-08,10.75,10.75,10.75,10.75,
1994-03-09,11.375,11.375,11.375,11.375,
1994-03-10,14.438,14.438,14.438,14.438,
1994-03-11,14.125,14.125,14.125,14.125,
1994-03-14,13.875,13.875,13.875,13.875,
1994-03-15,14.312,14.312,14.312,14.312,
1994-03-16,14.75,14.75,14.75,14.75,
1994-03-17,14.812,14.812,14.812,14.812,
1994-03-18,14.875,14.875,14.875,14.875,
1994-03-21,15.438,15.438,15.438,15.438,
1994-03-22,15.625,15.625,15.625,15.625,
1994-03-23,15.375,15.375,15.375,15.375,
1994-03-24,15.0,15.0,15.0,15.0,
1994-03-25,14.812,14.812,14.812,14.812,
1994-03-28,14.562,14.562,14.562,14.562,
1994-03-29,14.625,14.625,14.625,14.625,
1994-03-30,15.438,15.438,15.438,15.438,
1994-03-31,15.625,15.625,15.625,15.625,
1994-04-04,15.5,15.5,15.5,15.5,
1994-04-05,15.125,15.125,15.125,15.125,
1994-04-06,14.625,14.625,14.625,14.625,
1994-04-07,14.25,14.25,14.25,14.25,
1994-04-08,14.0,14.0,14.0,14.0,
1994-04-11,13.812,13.812,13.812,13.812,
1994-04-12,12.812,12.812,12.812,12.812,
1994-04-13,12.75,12.75,12.75,12.75,
1994-04-14,12.562,12.562,12.562,12.562,
1994-04-15,12.0,12.0,12.0,12.0,
1994-04-18,12.0,12.0,12.0,12.0,
1994-04-19,11.812,11.812,11.812,11.812,
1994-04-20,12.0,12.0,12.0,12.0,
1994-04-21,12.812,12.812,12.812,12.812,
1994-04-22,12.75,12.75,12.75,12.75,
1994-04-25,12.875,12.875,12.875,12.875,
1994-04-26,13.438,13.438,13.438,13.438,
1994-04-28,13.0,13.0,13.0,13.0,
1994-04-29,13.188,13.188,13.188,13.188,
1994-05-02,13.375,13.375,13.375,13.375,
1994-05-03,12.938,12.938,12.938,12.938,
1994-05-04,12.625,12.625,12.625,12.625,
1994-05-05,12.5,12.5,12.5,12.5,
1994-05-06,12.25,12.25,12.25,12.25,
1994-05-09,12.375,12.375,12.375,12.375,
1994-05-10,12.625,12.625,12.625,12.625,
1994-05-11,12.062,12.062,12.062,12.062,
1994-05-12,11.875,11.875,11.875,11.875,
1994-05-13,11.875,11.875,11.875,11.875,
1994-05-16,11.812,11.812,11.812,11.812,
1994-05-17,11.812,11.812,11.812,11.812,
1994-05-18,12.438,12.438,12.438,12.438,
1994-05-19,12.812,12.812,12.812,12.812,
1994-05-20,12.562,12.562,12.562,12.562,
1994-05-23,12.938,12.938,12.938,12.938,
1994-05-24,13.5,13.5,13.5,13.5,
1994-05-25,13.5,13.5,13.5,13.5,
1994-05-26,13.375,13.375,13.375,13.375,
1994-05-27,13.125,13.125,13.125,13.125,
1994-05-31,13.5,13.5,13.5,13.5,
1994-06-01,14.438,14.438,14.438,14.438,
1994-06-02,14.562,14.562,14.562,14.562,
1994-06-03,14.125,14.125,14.125,14.125,
1994-06-06,14.0,14.0,14.0,14.0,
1994-06-07,13.875,13.875,13.875,13.875,
1994-06-08,13.188,13.188,13.188,13.188,
1994-06-09,13.062,13.062,13.062,13.062,
1994-06-10,13.438,13.438,13.438,13.438,
1994-06-13,13.312,13.312,13.312,13.312,
1994-06-14,13.438,13.438,13.438,13.438,
1994-06-15,13.25,13.25,13.25,13.25,
1994-06-16,13.0,13.0,13.0,13.0,
1994-06-17,13.0,13.0,13.0,13.0,
1994-06-20,12.75,12.75,12.75,12.75,
1994-06-21,12.375,12.375,12.375,12.375,
1994-06-22,12.875,12.875,12.875,12.875,
1994-06-23,12.312,12.312,12.312,12.312,
1994-06-24,12.188,12.188,12.188,12.188,
1994-06-27,12.75,12.75,12.75,12.75,
1994-06-28,13.062,13.062,13.062,13.062,
1994-06-29,13.25,13.25,13.25,13.25,
1994-06-30,12.5,12.5,12.5,12.5,
1994-07-01,13.0,13.0,13.0,13.0,
1994-07-05,12.938,12.938,12.938,12.938,
1994-07-06,12.5,12.5,12.5,12.5,
1994-07-07,13.188,13.188,13.188,13.188,
1994-07-08,13.375,13.375,13.375,13.375,
1994-07-11,13.5,13.5,13.5,13.5,
1994-07-12,13.375,13.375,13.375,13.375,
1994-07-13,13.25,13.25,13.25,13.25,
1994-07-14,13.0,13.0,13.0,13.0,
1994-07-15,12.688,12.688,12.688,12.688,
1994-07-18,12.75,12.75,12.75,12.75,
1994-07-19,12.375,12.375,12.375,12.375,
1994-07-20,12.312,12.312,12.312,12.312,
1994-07-21,12.938,12.938,12.938,12.938,
1994-07-22,12.938,12.938,12.938,12.938,
1994-07-25,12.75,12.75,12.75,12.75,
1994-07-26,12.812,12.812,12.812,12.812,
1994-07-27,12.812,12.812,12.812,12.812,
1994-07-28,12.875,12.875,12.875,12.875,
1994-07-29,13.5,13.5,13.5,13.5,
1994-08-01,13.5,13.5,13.5,13.5,
1994-08-02,13.438,13.438,13.438,13.438,
1994-08-03,13.438,13.438,13.438,13.438,
1994-08-04,13.188,13.188,13.188,13.188,
1994-08-05,13.312,13.312,13.312,13.312,
1994-08-08,13.562,13.562,13.562,13.562,
1994-08-09,13.812,13.812,13.812,13.812,
1994-08-10,14.062,14.062,14.062,14.062,
1994-08-11,14.062,14.062,14.062,14.062,
1994-08-12,14.188,14.188,14.188,14.188,
1994-08-15,14.125,14.125,14.125,14.125,
1994-08-16,14.0,14.0,14.0,14.0,
1994-08-17,14.375,14.375,14.375,14.375,
1994-08-18,14.25,14.25,14.25,14.25,
1994-08-19,14.375,14.375,14.375,14.375,
1994-08-22,14.375,14.375,14.375,14.375,
1994-08-23,14.5,14.5,14.5,14.5,
1994-08-24,14.562,14.562,14.562,14.562,
1994-08-25,14.562,14.562,14.562,14.562,
1994-08-26,14.688,14.688,14.688,14.688,
1994-08-29,14.5,14.5,14.5,14.5,
1994-08-30,14.75,14.75,14.75,14.75,
1994-08-31,14.5,14.5,14.5,14.5,
1994-09-01,13.75,13.75,13.75,13.75,
1994-09-02,14.062,14.062,14.062,14.062,
1994-09-06,13.938,13.938,13.938,13.938,
1994-09-07,13.812,13.812,13.812,13.812,
1994-09-08,14.062,14.062,14.062,14.062,
1994-09-09,13.938,13.938,13.938,13.938,
1994-09-12,13.75,13.75,13.75,13.75,
1994-09-13,14.188,14.188,14.188,14.188,
1994-09-14,14.5,14.5,14.5,14.5,
1994-09-15,14.688,14.688,14.688,14.688,
1994-09-16,15.0,15.0,15.0,15.0,
1994-09-19,15.0,15.0,15.0,15.0,
1994-09-20,14.812,14.812,14.812,14.812,
1994-09-21,14.562,14.562,14.562,14.562,
1994-09-22,14.875,14.875,14.875,14.875,
1994-09-23,15.0,15.0,15.0,15.0,
1994-09-26,14.75,14.75,14.75,14.75,
1994-09-27,14.812,14.812,14.812,14.812,
1994-09-28,15.0,15.0,15.0,15.0,
1994-09-29,14.812,14.812,14.812,14.812,
1994-09-30,14.875,14.875,14.875,14.875,
1994-10-03,13.25,13.25,13.25,13.25,
1994-10-04,12.562,12.562,12.562,12.562,
1994-10-05,12.625,12.625,12.625,12.625,
1994-10-06,12.25,12.25,12.25,12.25,
1994-10-07,12.312,12.312,12.312,12.312,
1994-10-10,12.625,12.625,12.625,12.625,
1994-10-11,12.312,12.312,12.312,12.312,
1994-10-12,11.75,11.75,11.75,11.75,
1994-10-13,11.625,11.625,11.625,11.625,
1994-10-14,11.375,11.375,11.375,11.375,
1994-10-17,11.812,11.812,11.812,11.812,
1994-10-18,11.688,11.688,11.688,11.688,
1994-10-19,11.562,11.562,11.562,11.562,
1994-10-20,11.75,11.75,11.75,11.75,
1994-10-21,11.875,11.875,11.875,11.875,
1994-10-24,12.312,12.312,12.312,12.312,
1994-10-25,12.125,12.125,12.125,12.125,
1994-10-26,12.25,12.25,12.25,12.25,
1994-10-27,12.938,12.938,12.938,12.938,
1994-10-28,13.188,13.188,13.188,13.188,
1994-10-31,13.188,13.188,13.188,13.188,
1994-11-01,12.875,12.875,12.875,12.875,
1994-11-02,13.188,13.188,13.188,13.188,
1994-11-03,13.188,13.188,13.188,13.188,
1994-11-04,13.0,13.0,13.0,13.0,
1994-11-07,12.812,12.812,12.812,12.812,
1994-11-08,12.875,12.875,12.875,12.875,
1994-11-09,12.938,12.938,12.938,12.938,
1994-11-10,12.375,12.375,12.375,12.375,
1994-11-11,12.25,12.25,12.25,12.25,
1994-11-14,12.25,12.25,12.25,12.25,
1994-11-15,12.375,12.375,12.375,12.375,
1994-11-16,12.312,12.312,12.312,12.312,
1994-11-17,12.438,12.438,12.438,12.438,
1994-11-18,12.625,12.625,12.625,12.625,
1994-11-21,12.812,12.812,12.812,12.812,
1994-11-22,12.438,12.438,12.438,12.438,
1994-11-23,12.375,12.375,12.375,12.375,
1994-11-25,12.625,12.625,12.625,12.625,
1994-11-28,12.688,12.688,12.688,12.688,
1994-11-29,12.688,12.688,12.688,12.688,
1994-11-30,12.625,12.625,12.625,12.625,
1994-12-01,12.438,12.438,12.438,12.438,
1994-12-02,12.5,12.5,12.5,12.5,
1994-12-05,12.562,12.562,12.562,12.562,
1994-12-06,12.312,12.312,12.312,12.312,
1994-12-07,12.0,12.0,12.0,12.0,
1994-12-08,11.75,11.75,11.75,11.75,
1994-12-09,11.875,11.875,11.875,11.875,
1994-12-12,11.625,11.625,11.625,11.625,
1994-12-13,11.375,11.375,11.375,11.375,
1994-12-14,11.688,11.688,11.688,11.688,
1994-12-15,11.812,11.812,11.812,11.812,
1994-12-16,11.562,11.562,11.562,11.562,
1994-12-19,11.25,11.25,11.25,11.25,
1994-12-20,11.438,11.438,11.438,11.438,
1994-12-21,11.438,11.438,11.438,11.438,
1994-12-22,11.438,11.438,11.438,11.438,
1994-12-23,11.438,11.438,11.438,11.438,
1994-12-27,12.0,12.0,12.0,12.0,
1994-12-28,12.062,12.062,12.062,12.062,
1994-12-29,12.375,12.375,12.375,12.375,
1994-12-30,12.438,12.438,12.438,12.438,
1995-01-03,12.5,12.5,12.5,12.5,
1995-01-04,12.812,12.812,12.812,12.812,
1995-01-05,12.75,12.75,12.75,12.75,
1995-01-06,13.938,13.938,13.938,13.938,
1995-01-09,14.438,14.438,14.438,14.438,
1995-01-10,14.562,14.562,14.562,14.562,
1995-01-11,14.312,14.312,14.312,14.312,
1995-01-12,15.875,15.875,15.875,15.875,
1995-01-13,15.75,15.75,15.75,15.75,
1995-01-16,15.938,15.938,15.938,15.938,
1995-01-17,15.75,15.75,15.75,15.75,
1995-01-18,16.062,16.062,16.062,16.062,
1995-01-19,16.0,16.0,16.0,16.0,
1995-01-20,15.688,15.688,15.688,15.688,
1995-01-23,15.375,15.375,15.375,15.375,
1995-01-24,15.625,15.625,15.625,15.625,
1995-01-25,15.25,15.25,15.25,15.25,
1995-01-26,15.062,15.062,15.062,15.062,
1995-01-27,15.125,15.125,15.125,15.125,
1995-01-30,14.875,14.875,14.875,14.875,
1995-01-31,14.688,14.688,14.688,14.688,
1995-02-01,15.125,15.125,15.125,15.125,
1995-02-02,15.438,15.438,15.438,15.438,
1995-02-03,15.688,15.688,15.688,15.688,
1995-02-06,15.812,15.812,15.812,15.812,
1995-02-07,15.25,15.25,15.25,15.25,
1995-02-08,15.312,15.312,15.312,15.312,
1995-02-09,15.625,15.625,15.625,15.625,
1995-02-10,15.75,15.75,15.75,15.75,
1995-02-13,15.5,15.5,15.5,15.5,
1995-02-14,15.375,15.375,15.375,15.375,
1995-02-15,15.375,15.375,15.375,15.375,
1995-02-16,15.562,15.562,15.562,15.562,
1995-02-17,15.375,15.375,15.375,15.375,
1995-02-21,14.812,14.812,14.812,14.812,
1995-02-22,15.0,15.0,15.0,15.0,
1995-02-23,14.75,14.75,14.75,14.75,
1995-02-24,14.875,14.875,14.875,14.875,
1995-02-27,14.75,14.75,14.75,14.75,
1995-02-28,15.188,15.188,15.188,15.188,
1995-03-01,14.938,14.938,14.938,14.938,
1995-03-02,14.875,14.875,14.875,14.875,
1995-03-03,15.75,15.75,15.75,15.75,
1995-03-06,17.125,17.125,17.125,17.125,
1995-03-07,16.812,16.812,16.812,16.812,
1995-03-08,16.75,16.75,16.75,16.75,
1995-03-09,17.062,17.062,17.062,17.062,
1995-03-10,16.938,16.938,16.938,16.938,
1995-03-13,17.25,17.25,17.25,17.25,
1995-03-14,17.438,17.438,17.438,17.438,
1995-03-15,17.312,17.312,17.312,17.312,
1995-03-16,17.5,17.5,17.5,17.5,
1995-03-17,17.25,17.25,17.25,17.25,
1995-03-20,17.25,17.25,17.25,17.25,
1995-03-21,17.0,17.0,17.0,17.0,
1995-03-22,16.625,16.625,16.625,16.625,
1995-03-23,17.5,17.5,17.5,17.5,
1995-03-24,17.188,17.188,17.188,17.188,
1995-03-27,17.438,17.438,17.438,17.438,
1995-03-28,17.375,17.375,17.375,17.375,
1995-03-29,17.188,17.188,17.188,17.188,
1995-03-30,17.125,17.125,17.125,17.125,
1995-03-31,16.938,16.938,16.938,16.938,
1995-04-03,17.062,17.062,17.062,17.062,
1995-04-04,17.5,17.5,17.5,17.5,
1995-04-05,17.375,17.375,17.375,17.375,
1995-04-06,17.688,17.688,17.688,17.688,
1995-04-07,18.438,18.438,18.438,18.438,
1995-04-10,18.375,18.375,18.375,18.375,
1995-04-11,16.75,16.75,16.75,16.75,
1995-04-12,17.25,17.25,17.25,17.25,
1995-04-13,17.438,17.438,17.438,17.438,
1995-04-17,16.812,16.812,16.812,16.812,
1995-04-18,16.938,16.938,16.938,16.938,
1995-04-19,16.375,16.375,16.375,16.375,
1995-04-20,16.75,16.75,16.75,16.75,
1995-04-21,17.0,17.0,17.0,17.0,
1995-04-24,17.438,17.438,17.438,17.438,
1995-04-25,17.562,17.562,17.562,17.562,
1995-04-26,18.125,18.125,18.125,18.125,
1995-04-27,18.25,18.25,18.25,18.25,
1995-04-28,18.0,18.0,18.0,18.0,
1995-05-01,17.625,17.625,17.625,17.625,
1995-05-02,17.375,17.375,17.375,17.375,
1995-05-03,17.375,17.375,17.375,17.375,
1995-05-04,17.375,17.375,17.375,17.375,
1995-05-05,17.312,17.312,17.312,17.312,
1995-05-08,17.688,17.688,17.688,17.688,
1995-05-09,17.938,17.938,17.938,17.938,
1995-05-10,18.562,18.562,18.562,18.562,
1995-05-11,18.5,18.5,18.5,18.5,
1995-05-12,17.812,17.812,17.812,17.812,
1995-05-15,17.875,17.875,17.875,17.875,
1995-05-16,17.812,17.812,17.812,17.812,
1995-05-17,17.562,17.562,17.562,17.562,
1995-05-18,17.375,17.375,17.375,17.375,
1995-05-19,17.438,17.438,17.438,17.438,
1995-05-22,17.312,17.312,17.312,17.312,
1995-05-23,17.562,17.562,17.562,17.562,
1995-05-24,17.438,17.438,17.438,17.438,
1995-05-25,17.062,17.062,17.062,17.062,
1995-05-26,17.0,17.0,17.0,17.0,
1995-05-30,16.438,16.438,16.438,16.438,
1995-05-31,16.5,16.5,16.5,16.5,
1995-06-01,16.938,16.938,16.938,16.938,
1995-06-02,17.062,17.062,17.062,17.062,
1995-06-05,17.312,17.312,17.312,17.312,
1995-06-06,17.0,17.0,17.0,17.0,
1995-06-07,16.875,16.875,16.875,16.875,
1995-06-08,17.188,17.188,17.188,17.188,
1995-06-09,17.188,17.188,17.188,17.188,
1995-06-12,17.25,17.25,17.25,17.25,
1995-06-13,17.625,17.625,17.625,17.625,
1995-06-14,17.875,17.875,17.875,17.875,
1995-06-15,17.688,17.688,17.688,17.688,
1995-06-16,17.375,17.375,17.375,17.375,
1995-06-19,18.5,18.5,18.5,18.5,
1995-06-20,18.25,18.25,18.25,18.25,
1995-06-21,17.688,17.688,17.688,17.688,
1995-06-22,18.312,18.312,18.312,18.312,
1995-06-23,19.438,19.438,19.438,19.438,
1995-06-26,18.438,18.438,18.438,18.438,
1995-06-27,18.125,18.125,18.125,18.125,
1995-06-28,18.312,18.312,18.312,18.312,
1995-06-29,18.25,18.25,18.25,18.25,
1995-06-30,18.25,18.25,18.25,18.25,
1995-07-03,18.125,18.125,18.125,18.125,
1995-07-05,17.688,17.688,17.688,17.688,
1995-07-06,17.688,17.688,17.688,17.688,
1995-07-07,17.75,17.75,17.75,17.75,
1995-07-10,17.062,17.062,17.062,17.062,
1995-07-11,17.188,17.188,17.188,17.188,
1995-07-12,17.875,17.875,17.875,17.875,
1995-07-13,17.438,17.438,17.438,17.438,
1995-07-14,17.438,17.438,17.438,17.438,
1995-07-17,17.188,17.188,17.188,17.188,
1995-07-18,16.875,16.875,16.875,16.875,
1995-07-19,16.312,16.312,16.312,16.312,
1995-07-20,16.312,16.312,16.312,16.312,
1995-07-21,16.125,16.125,16.125,16.125,
1995-07-24,16.75,16.75,16.75,16.75,
1995-07-25,16.812,16.812,16.812,16.812,
1995-07-26,16.562,16.562,16.562,16.562,
1995-07-27,16.75,16.75,16.75,16.75,
1995-07-28,16.625,16.625,16.625,16.625,
1995-07-31,16.312,16.312,16.312,16.312,
1995-08-01,15.812,15.812,15.812,15.812,
1995-08-02,15.5,15.5,15.5,15.5,
1995-08-03,15.875,15.875,15.875,15.875,
1995-08-04,16.0,16.0,16.0,16.0,
1995-08-07,16.125,16.125,16.125,16.125,
1995-08-08,16.125,16.125,16.125,16.125,
1995-08-09,16.5,16.5,16.5,16.5,
1995-08-10,16.5,16.5,16.5,16.5,
1995-08-11,16.75,16.75,16.75,16.75,
1995-08-14,17.25,17.25,17.25,17.25,
1995-08-15,17.25,17.25,17.25,17.25,
1995-08-16,17.688,17.688,17.688,17.688,
1995-08-17,17.75,17.75,17.75,17.75,
1995-08-18,17.562,17.562,17.562,17.562,
1995-08-21,17.188,17.188,17.188,17.188,
1995-08-22,16.875,16.875,16.875,16.875,
1995-08-23,16.75,16.75,16.75,16.75,
1995-08-24,16.75,16.75,16.75,16.75,
1995-08-25,16.438,16.438,16.438,16.438,
1995-08-28,16.125,16.125,16.125,16.125,
1995-08-29,16.5,16.5,16.5,16.5,
1995-08-30,16.688,16.688,16.688,16.688,
1995-08-31,16.875,16.875,16.875,16.875,
1995-09-01,16.875,16.875,16.875,16.875,
1995-09-05,17.312,17.312,17.312,17.312,
1995-09-06,17.562,17.562,17.562,17.562,
1995-09-07,17.562,17.562,17.562,17.562,
1995-09-08,17.125,17.125,17.125,17.125,
1995-09-11,17.062,17.062,17.062,17.062,
1995-09-12,17.312,17.312,17.312,17.312,
1995-09-13,17.5,17.5,17.5,17.5,
1995-09-14,17.25,17.25,17.25,17.25,
1995-09-15,17.0,17.0,17.0,17.0,
1995-09-18,17.188,17.188,17.188,17.188,
1995-09-19,17.062,17.062,17.062,17.062,
1995-09-20,17.188,17.188,17.188,17.188,
1995-09-21,16.562,16.562,16.562,16.562,
1995-09-22,16.562,16.562,16.562,16.562,
1995-09-25,15.562,15.562,15.562,15.562,
1995-09-26,14.875,14.875,14.875,14.875,
1995-09-27,14.562,14.562,14.562,14.562,
1995-09-28,15.0,15.0,15.0,15.0,
1995-09-29,14.562,14.562,14.562,14.562,
1995-10-02,14.312,14.312,14.312,14.312,
1995-10-03,14.438,14.438,14.438,14.438,
1995-10-04,13.75,13.75,13.75,13.75,
1995-10-05,13.625,13.625,13.625,13.625,
1995-10-06,13.688,13.688,13.688,13.688,
1995-10-09,13.125,13.125,13.125,13.125,
1995-10-10,12.5,12.5,12.5,12.5,
1995-10-11,13.438,13.438,13.438,13.438,
1995-10-12,13.875,13.875,13.875,13.875,
1995-10-13,13.812,13.812,13.812,13.812,
1995-10-16,13.5,13.5,13.5,13.5,
1995-10-17,13.938,13.938,13.938,13.938,
1995-10-18,13.812,13.812,13.812,13.812,
1995-10-19,13.438,13.438,13.438,13.438,
1995-10-20,13.062,13.062,13.062,13.062,
1995-10-23,13.75,13.75,13.75,13.75,
1995-10-24,13.125,13.125,13.125,13.125,
1995-10-25,12.75,12.75,12.75,12.75,
1995-10-26,12.5,12.5,12.5,12.5,
1995-10-27,12.25,12.25,12.25,12.25,
1995-10-30,12.25,12.25,12.25,12.25,
1995-10-31,11.75,11.75,11.75,11.75,
1995-11-01,11.375,11.375,11.375,11.375,
1995-11-02,11.625,11.625,11.625,11.625,
1995-11-03,11.438,11.438,11.438,11.438,
1995-11-06,11.25,11.25,11.25,11.25,
1995-11-07,11.25,11.25,11.25,11.25,
1995-11-08,10.5,10.5,10.5,10.5,
1995-11-09,11.188,11.188,11.188,11.188,
1995-11-10,10.875,10.875,10.875,10.875,
1995-11-13,10.562,10.562,10.562,10.562,
1995-11-14,10.5,10.5,10.5,10.5,
1995-11-15,10.812,10.812,10.812,10.812,
1995-11-16,10.875,10.875,10.875,10.875,
1995-11-17,10.75,10.75,10.75,10.75,
1995-11-20,10.688,10.688,10.688,10.688,
1995-11-21,10.25,10.25,10.25,10.25,
1995-11-22,10.188,10.188,10.188,10.188,
1995-11-24,10.375,10.375,10.375,10.375,
1995-11-27,10.375,10.375,10.375,10.375,
1995-11-28,10.312,10.312,10.312,10.312,
1995-11-29,10.562,10.562,10.562,10.562,
1995-11-30,10.25,10.25,10.25,10.25,
1995-12-01,9.75,9.75,9.75,9.75,
1995-12-04,10.188,10.188,10.188,10.188,
1995-12-05,10.062,10.062,10.062,10.062,
1995-12-06,10.0,10.0,10.0,10.0,
1995-12-07,9.875,9.875,9.875,9.875,
1995-12-08,9.938,9.938,9.938,9.938,
1995-12-11,9.688,9.688,9.688,9.688,
1995-12-12,9.312,9.312,9.312,9.312,
1995-12-13,9.062,9.062,9.062,9.062,
1995-12-14,9.312,9.312,9.312,9.312,
1995-12-15,9.125,9.125,9.125,9.125,
1995-12-18,8.562,8.562,8.562,8.562,
1995-12-19,8.75,8.75,8.75,8.75,
1995-12-20,8.438,8.438,8.438,8.438,
1995-12-21,8.625,8.625,8.625,8.625,
1995-12-22,8.688,8.688,8.688,8.688,
1995-12-26,8.625,8.625,8.625,8.625,
1995-12-27,8.5,8.5,8.5,8.5,
1995-12-28,8.312,8.312,8.312,8.312,
1995-12-29,8.25,8.25,8.25,8.25,
1996-01-02,8.625,8.625,8.625,8.625,
1996-01-03,8.562,8.562,8.562,8.562,
1996-01-04,8.375,8.375,8.375,8.375,
1996-01-05,9.062,9.062,9.062,9.062,
1996-01-08,8.688,8.688,8.688,8.688,
1996-01-09,8.25,8.25,8.25,8.25,
1996-01-10,8.812,8.812,8.812,8.812,
1996-01-11,8.938,8.938,8.938,8.938,
1996-01-12,9.0,9.0,9.0,9.0,
1996-01-15,8.75,8.75,8.75,8.75,
1996-01-16,9.5,9.5,9.5,9.5,
1996-01-17,9.375,9.375,9.375,9.375,
1996-01-18,9.438,9.438,9.438,9.438,
1996-01-19,9.312,9.312,9.312,9.312,
1996-01-22,9.625,9.625,9.625,9.625,
1996-01-23,9.688,9.688,9.688,9.688,
1996-01-24,10.375,10.375,10.375,10.375,
1996-01-25,10.25,10.25,10.25,10.25,
1996-01-26,10.062,10.062,10.062,10.062,
1996-01-29,10.0,10.0,10.0,10.0,
1996-01-30,10.0,10.0,10.0,10.0,
1996-01-31,9.875,9.875,9.875,9.875,
1996-02-01,10.25,10.25,10.25,10.25,
1996-02-02,10.062,10.062,10.062,10.062,
1996-02-05,10.312,10.312,10.312,10.312,
1996-02-06,10.438,10.438,10.438,10.438,
1996-02-07,10.312,10.312,10.312,10.312,
1996-02-08,10.062,10.062,10.062,10.062,
1996-02-09,10.562,10.562,10.562,10.562,
1996-02-12,10.5,10.5,10.5,10.5,
1996-02-13,10.25,10.25,10.25,10.25,
1996-02-14,10.125,10.125,10.125,10.125,
1996-02-15,10.0,10.0,10.0,10.0,
1996-02-16,10.0,10.0,10.0,10.0,
1996-02-20,9.938,9.938,9.938,9.938,
1996-02-21,9.938,9.938,9.938,9.938,
1996-02-22,10.312,10.312,10.312,10.312,
1996-02-23,10.25,10.25,10.25,10.25,
1996-02-26,9.875,9.875,9.875,9.875,
1996-02-27,9.875,9.875,9.875,9.875,
1996-02-28,9.5,9.5,9.5,9.5,
1996-02-29,9.688,9.688,9.688,9.688,
1996-03-01,9.562,9.562,9.562,9.562,
1996-03-04,9.375,9.375,9.375,9.375,
1996-03-05,9.375,9.375,9.375,9.375,
1996-03-06,8.938,8.938,8.938,8.938,
1996-03-07,8.625,8.625,8.625,8.625,
1996-03-08,8.75,8.75,8.75,8.75,
1996-03-11,8.812,8.812,8.812,8.812,
1996-03-12,8.625,8.625,8.625,8.625,
1996-03-13,8.625,8.625,8.625,8.625,
1996-03-14,8.625,8.625,8.625,8.625,
1996-03-15,8.875,8.875,8.875,8.875,
1996-03-18,9.062,9.062,9.062,9.062,
1996-03-19,9.062,9.062,9.062,9.062,
1996-03-20,8.688,8.688,8.688,8.688,
1996-03-21,8.625,8.625,8.625,8.625,
1996-03-22,8.438,8.438,8.438,8.438,
1996-03-25,8.438,8.438,8.438,8.438,
1996-03-26,8.625,8.625,8.625,8.625,
1996-03-27,8.875,8.875,8.875,8.875,
1996-03-28,8.75,8.75,8.75,8.75,
1996-03-29,8.688,8.688,8.688,8.688,
1996-04-01,8.812,8.812,8.812,8.812,
1996-04-02,8.75,8.75,8.75,8.75,
1996-04-03,8.75,8.75,8.75,8.75,
1996-04-04,8.625,8.625,8.625,8.625,
1996-04-08,8.938,8.938,8.938,8.938,
1996-04-09,8.812,8.812,8.812,8.812,
1996-04-10,8.75,8.75,8.75,8.75,
1996-04-11,8.625,8.625,8.625,8.625,
1996-04-12,8.562,8.562,8.562,8.562,
1996-04-15,8.625,8.625,8.625,8.625,
1996-04-16,8.562,8.562,8.562,8.562,
1996-04-17,8.438,8.438,8.438,8.438,
1996-04-18,8.625,8.625,8.625,8.625,
1996-04-19,8.688,8.688,8.688,8.688,
1996-04-22,8.688,8.688,8.688,8.688,
1996-04-23,8.688,8.688,8.688,8.688,
1996-04-24,9.188,9.188,9.188,9.188,
1996-04-25,9.375,9.375,9.375,9.375,
1996-04-26,9.25,9.25,9.25,9.25,
1996-04-29,9.062,9.062,9.062,9.062,
1996-04-30,9.312,9.312,9.312,9.312,
1996-05-01,9.562,9.562,9.562,9.562,
1996-05-02,9.688,9.688,9.688,9.688,
1996-05-03,9.75,9.75,9.75,9.75,
1996-05-06,9.688,9.688,9.688,9.688,
1996-05-07,9.5,9.5,9.5,9.5,
1996-05-08,9.5,9.5,9.5,9.5,
1996-05-09,9.375,9.375,9.375,9.375,
1996-05-10,9.125,9.125,9.125,9.125,
1996-05-13,9.375,9.375,9.375,9.375,
1996-05-14,9.375,9.375,9.375,9.375,
1996-05-15,9.188,9.188,9.188,9.188,
1996-05-16,9.312,9.312,9.312,9.312,
1996-05-17,9.688,9.688,9.688,9.688,
1996-05-20,9.188,9.188,9.188,9.188,
1996-05-21,8.812,8.812,8.812,8.812,
1996-05-22,8.812,8.812,8.812,8.812,
1996-05-23,8.75,8.75,8.75,8.75,
1996-05-24,8.688,8.688,8.688,8.688,
1996-05-28,8.875,8.875,8.875,8.875,
1996-05-29,8.812,8.812,8.812,8.812,
1996-05-30,8.875,8.875,8.875,8.875,
1996-05-31,8.812,8.812,8.812,8.812,
1996-06-03,8.75,8.75,8.75,8.75,
1996-06-04,8.75,8.75,8.75,8.75,
1996-06-05,8.75,8.75,8.75,8.75,
1996-06-06,8.562,8.562,8.562,8.562,
1996-06-07,8.688,8.688,8.688,8.688,
1996-06-10,8.438,8.438,8.438,8.438,
1996-06-11,8.375,8.375,8.375,8.375,
1996-06-12,8.438,8.438,8.438,8.438,
1996-06-13,8.375,8.375,8.375,8.375,
1996-06-14,8.125,8.125,8.125,8.125,
1996-06-17,8.062,8.062,8.062,8.062,
1996-06-18,7.625,7.625,7.625,7.625,
1996-06-19,7.812,7.812,7.812,7.812,
1996-06-20,7.875,7.875,7.875,7.875,
1996-06-21,7.125,7.125,7.125,7.125,
1996-06-24,7.062,7.062,7.062,7.062,
1996-06-25,6.938,6.938,6.938,6.938,
1996-06-26,6.625,6.625,6.625,6.625,
1996-06-27,6.625,6.625,6.625,6.625,
1996-06-28,6.812,6.812,6.812,6.812,
1996-07-01,7.0,7.0,7.0,7.0,
1996-07-02,6.812,6.812,6.812,6.812,
1996-07-03,6.875,6.875,6.875,6.875,
1996-07-05,6.812,6.812,6.812,6.812,
1996-07-08,6.562,6.562,6.562,6.562,
1996-07-09,6.562,6.562,6.562,6.562,
1996-07-10,6.5,6.5,6.5,6.5,
1996-07-11,6.125,6.125,6.125,6.125,
1996-07-12,6.062,6.062,6.062,6.062,
1996-07-15,5.938,5.938,5.938,5.938,
1996-07-16,5.875,5.875,5.875,5.875,
1996-07-17,5.938,5.938,5.938,5.938,
1996-07-18,5.625,5.625,5.625,5.625,
1996-07-19,5.562,5.562,5.562,5.562,
1996-07-22,5.438,5.438,5.438,5.438,
1996-07-23,5.375,5.375,5.375,5.375,
1996-07-24,5.312,5.312,5.312,5.312,
1996-07-25,5.25,5.25,5.25,5.25,
1996-07-26,6.188,6.188,6.188,6.188,
1996-07-29,6.062,6.062,6.062,6.062,
1996-07-30,6.0,6.0,6.0,6.0,
1996-07-31,6.062,6.062,6.062,6.062,
1996-08-01,6.188,6.188,6.188,6.188,
1996-08-02,6.25,6.25,6.25,6.25,
1996-08-05,6.25,6.25,6.25,6.25,
1996-08-06,6.5,6.5,6.5,6.5,
1996-08-07,7.062,7.062,7.062,7.062,
1996-08-08,6.938,6.938,6.938,6.938,
1996-08-09,6.938,6.938,6.938,6.938,
1996-08-12,6.875,6.875,6.875,6.875,
1996-08-13,6.625,6.625,6.625,6.625,
1996-08-14,6.75,6.75,6.75,6.75,
1996-08-15,6.688,6.688,6.688,6.688,
1996-08-16,6.562,6.562,6.562,6.562,
1996-08-19,6.562,6.562,6.562,6.562,
1996-08-20,6.438,6.438,6.438,6.438,
1996-08-21,6.5,6.5,6.5,6.5,
1996-08-22,6.562,6.562,6.562,6.562,
1996-08-23,6.312,6.312,6.312,6.312,
1996-08-26,6.312,6.312,6.312,6.312,
1996-08-27,6.188,6.188,6.188,6.188,
1996-08-28,6.125,6.125,6.125,6.125,
1996-08-29,6.375,6.375,6.375,6.375,
1996-08-30,6.375,6.375,6.375,6.375,
1996-09-03,6.25,6.25,6.25,6.25,
1996-09-04,6.312,6.312,6.312,6.312,
1996-09-05,6.125,6.125,6.125,6.125,
1996-09-06,6.188,6.188,6.188,6.188,
1996-09-09,6.438,6.438,6.438,6.438,
1996-09-10,6.438,6.438,6.438,6.438,
1996-09-11,6.5,6.5,6.5,6.5,
1996-09-12,6.5,6.5,6.5,6.5,
1996-09-13,6.5,6.5,6.5,6.5,
1996-09-16,6.688,6.688,6.688,6.688,
1996-09-17,7.062,7.062,7.062,7.062,
1996-09-18,7.0,7.0,7.0,7.0,
1996-09-19,7.125,7.125,7.125,7.125,
1996-09-20,7.188,7.188,7.188,7.188,
1996-09-23,7.062,7.062,7.062,7.062,
1996-09-24,7.5,7.5,7.5,7.5,
1996-09-25,8.0,8.0,8.0,8.0,
1996-09-26,7.625,7.625,7.625,7.625,
1996-09-27,7.375,7.375,7.375,7.375,
1996-09-30,7.375,7.375,7.375,7.375,
1996-10-01,7.188,7.188,7.188,7.188,
1996-10-02,7.25,7.25,7.25,7.25,
1996-10-03,7.125,7.125,7.125,7.125,
1996-10-04,7.25,7.25,7.25,7.25,
1996-10-07,7.875,7.875,7.875,7.875,
1996-10-08,8.062,8.062,8.062,8.062,
1996-10-09,7.875,7.875,7.875,7.875,
1996-10-10,7.938,7.938,7.938,7.938,
1996-10-11,8.062,8.062,8.062,8.062,
1996-10-14,8.812,8.812,8.812,8.812,
1996-10-15,8.938,8.938,8.938,8.938,
1996-10-16,8.812,8.812,8.812,8.812,
1996-10-17,8.75,8.75,8.75,8.75,
1996-10-18,8.688,8.688,8.688,8.688,
1996-10-21,8.812,8.812,8.812,8.812,
1996-10-22,8.688,8.688,8.688,8.688,
1996-10-23,8.812,8.812,8.812,8.812,
1996-10-24,8.625,8.625,8.625,8.625,
1996-10-25,8.75,8.75,8.75,8.75,
1996-10-28,8.938,8.938,8.938,8.938,
1996-10-29,8.938,8.938,8.938,8.938,
1996-10-30,8.875,8.875,8.875,8.875,
1996-10-31,8.875,8.875,8.875,8.875,
1996-11-01,8.875,8.875,8.875,8.875,
1996-11-04,9.438,9.438,9.438,9.438,
1996-11-05,9.5,9.5,9.5,9.5,
1996-11-06,9.875,9.875,9.875,9.875,
1996-11-07,10.188,10.188,10.188,10.188,
1996-11-08,10.125,10.125,10.125,10.125,
1996-11-11,10.25,10.25,10.25,10.25,
1996-11-12,10.0,10.0,10.0,10.0,
1996-11-13,10.812,10.812,10.812,10.812,
1996-11-14,12.375,12.375,12.375,12.375,
1996-11-15,12.562,12.562,12.562,12.562,
1996-11-18,12.438,12.438,12.438,12.438,
1996-11-19,12.625,12.625,12.625,12.625,
1996-11-20,12.438,12.438,12.438,12.438,
1996-11-21,12.188,12.188,12.188,12.188,
1996-11-22,12.375,12.375,12.375,12.375,
1996-11-25,12.312,12.312,12.312,12.312,
1996-11-26,12.375,12.375,12.375,12.375,
1996-11-27,12.188,12.188,12.188,12.188,
1996-11-29,12.125,12.125,12.125,12.125,
1996-12-02,12.688,12.688,12.688,12.688,
1996-12-03,12.062,12.062,12.062,12.062,
1996-12-04,12.125,12.125,12.125,12.125,
1996-12-05,11.688,11.688,11.688,11.688,
1996-12-06,12.875,12.875,12.875,12.875,
1996-12-09,13.312,13.312,13.312,13.312,
1996-12-10,13.062,13.062,13.062,13.062,
1996-12-11,13.438,13.438,13.438,13.438,
1996-12-12,13.562,13.562,13.562,13.562,
1996-12-13,14.0,14.0,14.0,14.0,
1996-12-16,13.312,13.312,13.312,13.312,
1996-12-17,12.75,12.75,12.75,12.75,
1996-12-18,13.5,13.5,13.5,13.5,
1996-12-19,13.312,13.312,13.312,13.312,
1996-12-20,13.0,13.0,13.0,13.0,
1996-12-23,12.938,12.938,12.938,12.938,
1996-12-24,13.062,13.062,13.062,13.062,
1996-12-26,13.188,13.188,13.188,13.188,
1996-12-27,13.062,13.062,13.062,13.062,
1996-12-30,12.875,12.875,12.875,12.875,
1996-12-31,12.875,12.875,12.875,12.875,
1997-01-02,13.562,13.562,13.562,13.562,
1997-01-03,14.0,14.0,14.0,14.0,
1997-01-06,14.25,14.25,14.25,14.25,
1997-01-07,14.938,14.938,14.938,14.938,
1997-01-08,14.438,14.438,14.438,14.438,
1997-01-09,13.75,13.75,13.75,13.75,
1997-01-10,13.875,13.875,13.875,13.875,
1997-01-13,14.5,14.5,14.5,14.5,
1997-01-14,16.25,16.25,16.25,16.25,
1997-01-15,16.812,16.812,16.812,16.812,
1997-01-16,16.875,16.875,16.875,16.875,
1997-01-17,17.5,17.5,17.5,17.5,
1997-01-20,17.188,17.188,17.188,17.188,
1997-01-21,17.125,17.125,17.125,17.125,
1997-01-22,16.875,16.875,16.875,16.875,
1997-01-23,16.25,16.25,16.25,16.25,
1997-01-24,15.875,15.875,15.875,15.875,
1997-01-27,15.375,15.375,15.375,15.375,
1997-01-28,15.812,15.812,15.812,15.812,
1997-01-29,16.438,16.438,16.438,16.438,
1997-01-30,17.562,17.562,17.562,17.562,
1997-01-31,17.562,17.562,17.562,17.562,
1997-02-03,16.938,16.938,16.938,16.938,
1997-02-04,16.938,16.938,16.938,16.938,
1997-02-05,16.375,16.375,16.375,16.375,
1997-02-06,16.812,16.812,16.812,16.812,
1997-02-07,17.25,17.25,17.25,17.25,
1997-02-10,16.5,16.5,16.5,16.5,
1997-02-11,16.0,16.0,16.0,16.0,
1997-02-12,17.125,17.125,17.125,17.125,
1997-02-13,17.062,17.062,17.062,17.062,
1997-02-14,16.938,16.938,16.938,16.938,
1997-02-18,17.25,17.25,17.25,17.25,
1997-02-19,17.75,17.75,17.75,17.75,
1997-02-20,18.188,18.188,18.188,18.188,
1997-02-21,17.375,17.375,17.375,17.375,
1997-02-24,18.188,18.188,18.188,18.188,
1997-02-25,18.312,18.312,18.312,18.312,
1997-02-26,18.062,18.062,18.062,18.062,
1997-02-27,17.688,17.688,17.688,17.688,
1997-02-28,18.0,18.0,18.0,18.0,
1997-03-03,17.938,17.938,17.938,17.938,
1997-03-04,19.25,19.25,19.25,19.25,
1997-03-05,19.125,19.125,19.125,19.125,
1997-03-06,18.875,18.875,18.875,18.875,
1997-03-07,19.75,19.75,19.75,19.75,
1997-03-10,20.0,20.0,20.0,20.0,
1997-03-11,20.812,20.812,20.812,20.812,
1997-03-12,22.938,22.938,22.938,22.938,
1997-03-13,23.688,23.688,23.688,23.688,
1997-03-14,22.25,22.25,22.25,22.25,
1997-03-17,22.625,22.625,22.625,22.625,
1997-03-18,20.938,20.938,20.938,20.938,
1997-03-19,19.75,19.75,19.75,19.75,
1997-03-20,20.062,20.062,20.062,20.062,
1997-03-21,19.562,19.562,19.562,19.562,
1997-03-24,18.812,18.812,18.812,18.812,
1997-03-25,20.375,20.375,20.375,20.375,
1997-03-26,21.125,21.125,21.125,21.125,
1997-03-27,20.5,20.5,20.5,20.5,
1997-03-31,20.75,20.75,20.75,20.75,
1997-04-01,19.812,19.812,19.812,19.812,
1997-04-02,19.75,19.75,19.75,19.75,
1997-04-03,19.0,19.0,19.0,19.0,
1997-04-04,19.812,19.812,19.812,19.812,
1997-04-07,21.5,21.5,21.5,21.5,
1997-04-08,21.688,21.688,21.688,21.688,
1997-04-09,20.875,20.875,20.875,20.875,
1997-04-10,19.875,19.875,19.875,19.875,
1997-04-11,19.125,19.125,19.125,19.125,
1997-04-14,19.125,19.125,19.125,19.125,
1997-04-15,18.75,18.75,18.75,18.75,
1997-04-16,19.125,19.125,19.125,19.125,
1997-04-17,19.312,19.312,19.312,19.312,
1997-04-18,18.375,18.375,18.375,18.375,
1997-04-21,17.75,17.75,17.75,17.75,
1997-04-22,19.0,19.0,19.0,19.0,
1997-04-23,18.75,18.75,18.75,18.75,
1997-04-24,20.75,20.75,20.75,20.75,
1997-04-25,20.312,20.312,20.312,20.312,
1997-04-28,20.625,20.625,20.625,20.625,
1997-04-29,21.312,21.312,21.312,21.312,
1997-04-30,21.25,21.25,21.25,21.25,
1997-05-01,21.75,21.75,21.75,21.75,
1997-05-02,22.0,22.0,22.0,22.0,
1997-05-05,22.25,22.25,22.25,22.25,
1997-05-06,21.438,21.438,21.438,21.438,
1997-05-07,21.812,21.812,21.812,21.812,
1997-05-08,22.375,22.375,22.375,22.375,
1997-05-09,22.5,22.5,22.5,22.5,
1997-05-12,21.625,21.625,21.625,21.625,
1997-05-13,21.938,21.938,21.938,21.938,
1997-05-14,21.562,21.562,21.562,21.562,
1997-05-15,22.0,22.0,22.0,22.0,
1997-05-16,21.312,21.312,21.312,21.312,
1997-05-19,20.0,20.0,20.0,20.0,
1997-05-20,21.125,21.125,21.125,21.125,
1997-05-21,20.562,20.562,20.562,20.562,
1997-05-22,20.5,20.5,20.5,20.5,
1997-05-23,20.438,20.438,20.438,20.438,
1997-05-27,21.062,21.062,21.062,21.062,
1997-05-28,21.125,21.125,21.125,21.125,
1997-05-29,19.938,19.938,19.938,19.938,
1997-05-30,20.0,20.0,20.0,20.0,
1997-06-02,19.875,19.875,19.875,19.875,
1997-06-03,19.375,19.375,19.375,19.375,
1997-06-04,19.375,19.375,19.375,19.375,
1997-06-05,18.75,18.75,18.75,18.75,
1997-06-06,19.312,19.312,19.312,19.312,
1997-06-09,20.312,20.312,20.312,20.312,
1997-06-10,19.562,19.562,19.562,19.562,
1997-06-11,19.688,19.688,19.688,19.688,
1997-06-12,19.0,19.0,19.0,19.0,
1997-06-13,18.438,18.438,18.438,18.438,
1997-06-16,18.875,18.875,18.875,18.875,
1997-06-17,19.562,19.562,19.562,19.562,
1997-06-18,19.312,19.312,19.312,19.312,
1997-06-19,18.938,18.938,18.938,18.938,
1997-06-20,18.469,18.469,18.469,18.469,
1997-06-23,18.5,18.5,18.5,18.5,
1997-06-24,18.75,18.75,18.75,18.75,
1997-06-25,19.062,19.062,19.062,19.062,
1997-06-26,18.156,18.156,18.156,18.156,
1997-06-27,17.875,17.875,17.875,17.875,
1997-06-30,17.938,17.938,17.938,17.938,
1997-07-01,17.375,17.375,17.375,17.375,
1997-07-02,17.531,17.531,17.531,17.531,
1997-07-03,17.969,17.969,17.969,17.969,
1997-07-07,19.0,19.0,19.0,19.0,
1997-07-08,18.875,18.875,18.875,18.875,
1997-07-09,19.5,19.5,19.5,19.5,
1997-07-10,19.219,19.219,19.219,19.219,
1997-07-11,18.969,18.969,18.969,18.969,
1997-07-14,19.281,19.281,19.281,19.281,
1997-07-15,19.344,19.344,19.344,19.344,
1997-07-16,20.0,20.0,20.0,20.0,
1997-07-17,19.656,19.656,19.656,19.656,
1997-07-18,18.656,18.656,18.656,18.656,
1997-07-21,18.062,18.062,18.062,18.062,
1997-07-22,18.594,18.594,18.594,18.594,
1997-07-23,18.156,18.156,18.156,18.156,
1997-07-24,17.875,17.875,17.875,17.875,
1997-07-25,17.562,17.562,17.562,17.562,
1997-07-28,17.75,17.75,17.75,17.75,
1997-07-29,17.25,17.25,17.25,17.25,
1997-07-30,16.906,16.906,16.906,16.906,
1997-07-31,17.562,17.562,17.562,17.562,
1997-08-01,18.188,18.188,18.188,18.188,
1997-08-04,18.531,18.531,18.531,18.531,
1997-08-05,19.188,19.188,19.188,19.188,
1997-08-06,19.094,19.094,19.094,19.094,
1997-08-07,18.438,18.438,18.438,18.438,
1997-08-08,18.031,18.031,18.031,18.031,
1997-08-11,17.812,17.812,17.812,17.812,
1997-08-12,17.875,17.875,17.875,17.875,
1997-08-13,19.0,19.0,19.0,19.0,
1997-08-14,19.0,19.0,19.0,19.0,
1997-08-15,18.75,18.75,18.75,18.75,
1997-08-18,21.25,21.25,21.25,21.25,
1997-08-19,20.688,20.688,20.688,20.688,
1997-08-20,20.562,20.562,20.562,20.562,
1997-08-21,20.969,20.969,20.969,20.969,
1997-08-22,20.906,20.906,20.906,20.906,
1997-08-25,20.531,20.531,20.531,20.531,
1997-08-26,19.75,19.75,19.75,19.75,
1997-08-27,19.562,19.562,19.562,19.562,
1997-08-28,19.25,19.25,19.25,19.25,
1997-08-29,18.812,18.812,18.812,18.812,
1997-09-02,19.438,19.438,19.438,19.438,
1997-09-03,19.438,19.438,19.438,19.438,
1997-09-04,17.625,17.625,17.625,17.625,
1997-09-05,17.656,17.656,17.656,17.656,
1997-09-08,17.0,17.0,17.0,17.0,
1997-09-09,16.875,16.875,16.875,16.875,
1997-09-10,16.375,16.375,16.375,16.375,
1997-09-11,17.062,17.062,17.062,17.062,
1997-09-12,17.75,17.75,17.75,17.75,
1997-09-15,17.0,17.0,17.0,17.0,
1997-09-16,17.031,17.031,17.031,17.031,
1997-09-17,16.531,16.531,16.531,16.531,
1997-09-18,16.094,16.094,16.094,16.094,
1997-09-19,16.25,16.25,16.25,16.25,
1997-09-22,16.594,16.594,16.594,16.594,
1997-09-23,16.25,16.25,16.25,16.25,
1997-09-24,15.625,15.625,15.625,15.625,
1997-09-25,16.312,16.312,16.312,16.312,
1997-09-26,16.188,16.188,16.188,16.188,
1997-09-29,16.375,16.375,16.375,16.375,
1997-09-30,16.281,16.281,16.281,16.281,
1997-10-01,13.5,13.5,13.5,13.5,
1997-10-02,14.406,14.406,14.406,14.406,
1997-10-03,14.906,14.906,14.906,14.906,
1997-10-06,14.031,14.031,14.031,14.031,
1997-10-07,15.0,15.0,15.0,15.0,
1997-10-08,15.312,15.312,15.312,15.312,
1997-10-09,15.594,15.594,15.594,15.594,
1997-10-10,15.406,15.406,15.406,15.406,
1997-10-13,15.344,15.344,15.344,15.344,
1997-10-14,14.906,14.906,14.906,14.906,
1997-10-15,14.75,14.75,14.75,14.75,
1997-10-16,14.375,14.375,14.375,14.375,
1997-10-17,14.062,14.062,14.062,14.062,
1997-10-20,14.031,14.031,14.031,14.031,
1997-10-21,14.719,14.719,14.719,14.719,
1997-10-22,14.188,14.188,14.188,14.188,
1997-10-23,13.75,13.75,13.75,13.75,
1997-10-24,13.094,13.094,13.094,13.094,
1997-10-27,10.5,10.5,10.5,10.5,
1997-10-28,12.5,12.5,12.5,12.5,
1997-10-29,12.062,12.062,12.062,12.062,
1997-10-30,11.094,11.094,11.094,11.094,
1997-10-31,11.5,11.5,11.5,11.5,
1997-11-03,12.031,12.031,12.031,12.031,
1997-11-04,11.969,11.969,11.969,11.969,
1997-11-05,12.062,12.062,12.062,12.062,
1997-11-06,10.938,10.938,10.938,10.938,
1997-11-07,11.281,11.281,11.281,11.281,
1997-11-10,10.625,10.625,10.625,10.625,
1997-11-11,10.812,10.812,10.812,10.812,
1997-11-12,9.969,9.969,9.969,9.969,
1997-11-13,10.562,10.562,10.562,10.562,
1997-11-14,10.219,10.219,10.219,10.219,
1997-11-17,11.0,11.0,11.0,11.0,
1997-11-18,10.969,10.969,10.969,10.969,
1997-11-19,10.469,10.469,10.469,10.469,
1997-11-20,11.406,11.406,11.406,11.406,
1997-11-21,11.312,11.312,11.312,11.312,
1997-11-24,11.125,11.125,11.125,11.125,
1997-11-25,11.062,11.062,11.062,11.062,
1997-11-26,10.781,10.781,10.781,10.781,
1997-11-28,10.906,10.906,10.906,10.906,
1997-12-01,11.281,11.281,11.281,11.281,
1997-12-02,10.688,10.688,10.688,10.688,
1997-12-03,10.75,10.75,10.75,10.75,
1997-12-04,10.469,10.469,10.469,10.469,
1997-12-05,10.562,10.562,10.562,10.562,
1997-12-08,10.938,10.938,10.938,10.938,
1997-12-09,10.406,10.406,10.406,10.406,
1997-12-10,9.938,9.938,9.938,9.938,
1997-12-11,9.344,9.344,9.344,9.344,
1997-12-12,9.094,9.094,9.094,9.094,
1997-12-15,9.219,9.219,9.219,9.219,
1997-12-16,9.156,9.156,9.156,9.156,
1997-12-17,9.469,9.469,9.469,9.469,
1997-12-18,9.125,9.125,9.125,9.125,
1997-12-19,9.406,9.406,9.406,9.406,
1997-12-22,9.281,9.281,9.281,9.281,
1997-12-23,8.969,8.969,8.969,8.969,
1997-12-24,8.875,8.875,8.875,8.875,
1997-12-26,8.781,8.781,8.781,8.781,
1997-12-29,8.688,8.688,8.688,8.688,
1997-12-30,8.562,8.562,8.562,8.562,
1997-12-31,8.875,8.875,8.875,8.875,
1998-01-02,9.656,9.656,9.656,9.656,
1998-01-05,9.656,9.656,9.656,9.656,
1998-01-06,9.969,9.969,9.969,9.969,
1998-01-07,9.5,9.5,9.5,9.5,
1998-01-08,9.469,9.469,9.469,9.469,
1998-01-09,9.125,9.125,9.125,9.125,
1998-01-12,8.875,8.875,8.875,8.875,
1998-01-13,10.438,10.438,10.438,10.438,
1998-01-14,9.219,9.219,9.219,9.219,
1998-01-15,9.031,9.031,9.031,9.031,
1998-01-16,8.906,8.906,8.906,8.906,
1998-01-20,9.281,9.281,9.281,9.281,
1998-01-21,9.281,9.281,9.281,9.281,
1998-01-22,9.188,9.188,9.188,9.188,
1998-01-23,9.062,9.062,9.062,9.062,
1998-01-26,9.469,9.469,9.469,9.469,
1998-01-27,9.375,9.375,9.375,9.375,
1998-01-28,9.594,9.594,9.594,9.594,
1998-01-29,9.875,9.875,9.875,9.875,
1998-01-30,10.094,10.094,10.094,10.094,
1998-02-02,10.031,10.031,10.031,10.031,
1998-02-03,10.0,10.0,10.0,10.0,
1998-02-04,10.0,10.0,10.0,10.0,
1998-02-05,9.531,9.531,9.531,9.531,
1998-02-06,9.25,9.25,9.25,9.25,
1998-02-09,9.562,9.562,9.562,9.562,
1998-02-10,9.688,9.688,9.688,9.688,
1998-02-11,9.562,9.562,9.562,9.562,
1998-02-12,9.5,9.5,9.5,9.5,
1998-02-13,9.562,9.562,9.562,9.562,
1998-02-17,9.469,9.469,9.469,9.469,
1998-02-18,9.562,9.562,9.562,9.562,
1998-02-19,9.75,9.75,9.75,9.75,
1998-02-20,9.875,9.875,9.875,9.875,
1998-02-23,10.375,10.375,10.375,10.375,
1998-02-24,10.344,10.344,10.344,10.344,
1998-02-25,10.875,10.875,10.875,10.875,
1998-02-26,12.562,12.562,12.562,12.562,
1998-02-27,11.75,11.75,11.75,11.75,
1998-03-02,11.125,11.125,11.125,11.125,
1998-03-03,11.406,11.406,11.406,11.406,
1998-03-04,10.25,10.25,10.25,10.25,
1998-03-05,10.5,10.5,10.5,10.5,
1998-03-06,10.906,10.906,10.906,10.906,
1998-03-09,10.281,10.281,10.281,10.281,
1998-03-10,10.875,10.875,10.875,10.875,
1998-03-11,10.688,10.688,10.688,10.688,
1998-03-12,11.086,11.086,11.086,11.086,
1998-03-13,10.969,10.969,10.969,10.969,
1998-03-16,11.5,11.5,11.5,11.5,
1998-03-17,11.031,11.031,11.031,11.031,
1998-03-18,11.156,11.156,11.156,11.156,
1998-03-19,11.969,11.969,11.969,11.969,
1998-03-20,11.188,11.188,11.188,11.188,
1998-03-23,11.406,11.406,11.406,11.406,
1998-03-24,11.531,11.531,11.531,11.531,
1998-03-25,11.469,11.469,11.469,11.469,
1998-03-26,11.688,11.688,11.688,11.688,
1998-03-27,12.344,12.344,12.344,12.344,
1998-03-30,13.281,13.281,13.281,13.281,
1998-03-31,14.531,14.531,14.531,14.531,
1998-04-01,14.969,14.969,14.969,14.969,
1998-04-02,14.844,14.844,14.844,14.844,
1998-04-03,14.281,14.281,14.281,14.281,
1998-04-06,15.219,15.219,15.219,15.219,
1998-04-07,15.25,15.25,15.25,15.25,
1998-04-08,13.656,13.656,13.656,13.656,
1998-04-09,13.312,13.312,13.312,13.312,
1998-04-13,12.656,12.656,12.656,12.656,
1998-04-14,13.125,13.125,13.125,13.125,
1998-04-15,13.125,13.125,13.125,13.125,
1998-04-16,12.875,12.875,12.875,12.875,
1998-04-17,13.875,13.875,13.875,13.875,
1998-04-20,13.938,13.938,13.938,13.938,
1998-04-21,13.875,13.875,13.875,13.875,
1998-04-22,14.281,14.281,14.281,14.281,
1998-04-23,14.656,14.656,14.656,14.656,
1998-04-24,14.562,14.562,14.562,14.562,
1998-04-27,14.094,14.094,14.094,14.094,
1998-04-28,13.719,13.719,13.719,13.719,
1998-04-29,14.0,14.0,14.0,14.0,
1998-04-30,13.875,13.875,13.875,13.875,
1998-05-01,13.781,13.781,13.781,13.781,
1998-05-04,13.312,13.312,13.312,13.312,
1998-05-05,12.875,12.875,12.875,12.875,
1998-05-06,12.719,12.719,12.719,12.719,
1998-05-07,12.688,12.688,12.688,12.688,
1998-05-08,12.969,12.969,12.969,12.969,
1998-05-11,12.688,12.688,12.688,12.688,
1998-05-12,13.0,13.0,13.0,13.0,
1998-05-13,13.0,13.0,13.0,13.0,
1998-05-14,12.562,12.562,12.562,12.562,
1998-05-15,11.125,11.125,11.125,11.125,
1998-05-18,11.094,11.094,11.094,11.094,
1998-05-19,11.188,11.188,11.188,11.188,
1998-05-20,10.312,10.312,10.312,10.312,
1998-05-21,10.094,10.094,10.094,10.094,
1998-05-22,10.031,10.031,10.031,10.031,
1998-05-26,10.0,10.0,10.0,10.0,
1998-05-27,9.969,9.969,9.969,9.969,
1998-05-28,10.062,10.062,10.062,10.062,
1998-05-29,9.781,9.781,9.781,9.781,
1998-06-01,9.625,9.625,9.625,9.625,
1998-06-02,9.375,9.375,9.375,9.375,
1998-06-03,9.0,9.0,9.0,9.0,
1998-06-04,9.188,9.188,9.188,9.188,
1998-06-05,9.156,9.156,9.156,9.156,
1998-06-08,9.062,9.062,9.062,9.062,
1998-06-09,9.312,9.312,9.312,9.312,
1998-06-10,8.812,8.812,8.812,8.812,
1998-06-11,8.812,8.812,8.812,8.812,
1998-06-12,8.438,8.438,8.438,8.438,
1998-06-15,8.5,8.5,8.5,8.5,
1998-06-16,8.906,8.906,8.906,8.906,
1998-06-17,8.812,8.812,8.812,8.812,
1998-06-18,9.0,9.0,9.0,9.0,
1998-06-19,8.75,8.75,8.75,8.75,
1998-06-22,9.125,9.125,9.125,9.125,
1998-06-23,8.938,8.938,8.938,8.938,
1998-06-24,9.125,9.125,9.125,9.125,
1998-06-25,9.0,9.0,9.0,9.0,
1998-06-26,8.875,8.875,8.875,8.875,
1998-06-29,8.688,8.688,8.688,8.688,
1998-06-30,8.531,8.531,8.531,8.531,
1998-07-01,8.375,8.375,8.375,8.375,
1998-07-02,8.375,8.375,8.375,8.375,
1998-07-06,8.25,8.25,8.25,8.25,
1998-07-07,9.0,9.0,9.0,9.0,
1998-07-08,9.062,9.062,9.062,9.062,
1998-07-09,7.938,7.938,7.938,7.938,
1998-07-10,7.844,7.844,7.844,7.844,
1998-07-13,7.719,7.719,7.719,7.719,
1998-07-14,8.188,8.188,8.188,8.188,
1998-07-15,8.688,8.688,8.688,8.688,
1998-07-16,8.375,8.375,8.375,8.375,
1998-07-17,8.281,8.281,8.281,8.281,
1998-07-20,8.688,8.688,8.688,8.688,
1998-07-21,8.844,8.844,8.844,8.844,
1998-07-22,8.281,8.281,8.281,8.281,
1998-07-23,8.188,8.188,8.188,8.188,
1998-07-24,8.125,8.125,8.125,8.125,
1998-07-27,8.156,8.156,8.156,8.156,
1998-07-28,8.25,8.25,8.25,8.25,
1998-07-29,7.844,7.844,7.844,7.844,
1998-07-30,8.562,8.562,8.562,8.562,
1998-07-31,8.625,8.625,8.625,8.625,
1998-08-03,8.438,8.438,8.438,8.438,
1998-08-04,8.0,8.0,8.0,8.0,
1998-08-05,7.938,7.938,7.938,7.938,
1998-08-06,8.375,8.375,8.375,8.375,
1998-08-07,9.0,9.0,9.0,9.0,
1998-08-10,9.0,9.0,9.0,9.0,
1998-08-11,8.938,8.938,8.938,8.938,
1998-08-12,9.312,9.312,9.312,9.312,
1998-08-13,9.0,9.0,9.0,9.0,
1998-08-14,9.0,9.0,9.0,9.0,
1998-08-17,9.438,9.438,9.438,9.438,
1998-08-18,10.031,10.031,10.031,10.031,
1998-08-19,9.406,9.406,9.406,9.406,
1998-08-20,8.906,8.906,8.906,8.906,
1998-08-21,8.812,8.812,8.812,8.812,
1998-08-24,8.656,8.656,8.656,8.656,
1998-08-25,8.781,8.781,8.781,8.781,
1998-08-26,8.5,8.5,8.5,8.5,
1998-08-27,7.688,7.688,7.688,7.688,
1998-08-28,7.594,7.594,7.594,7.594,
1998-08-31,6.5,6.5,6.5,6.5,
1998-09-01,7.188,7.188,7.188,7.188,
1998-09-02,7.344,7.344,7.344,7.344,
1998-09-03,7.0,7.0,7.0,7.0,
1998-09-04,7.125,7.125,7.125,7.125,
1998-09-08,7.562,7.562,7.562,7.562,
1998-09-09,8.125,8.125,8.125,8.125,
1998-09-10,8.094,8.094,8.094,8.094,
1998-09-11,8.625,8.625,8.625,8.625,
1998-09-14,8.406,8.406,8.406,8.406,
1998-09-15,8.469,8.469,8.469,8.469,
1998-09-16,8.375,8.375,8.375,8.375,
1998-09-17,8.875,8.875,8.875,8.875,
1998-09-18,8.969,8.969,8.969,8.969,
1998-09-21,9.0,9.0,9.0,9.0,
1998-09-22,9.375,9.375,9.375,9.375,
1998-09-23,10.469,10.469,10.469,10.469,
1998-09-24,9.969,9.969,9.969,9.969,
1998-09-25,10.219,10.219,10.219,10.219,
1998-09-28,9.781,9.781,9.781,9.781,
1998-09-29,9.406,9.406,9.406,9.406,
1998-09-30,9.281,9.281,9.281,9.281,
1998-10-01,8.812,8.812,8.812,8.812,
1998-10-02,9.375,9.375,9.375,9.375,
1998-10-05,9.188,9.188,9.188,9.188,
1998-10-06,9.938,9.938,9.938,9.938,
1998-10-07,7.875,7.875,7.875,7.875,
1998-10-08,7.0,7.0,7.0,7.0,
1998-10-09,7.594,7.594,7.594,7.594,
1998-10-12,8.0,8.0,8.0,8.0,
1998-10-13,7.844,7.844,7.844,7.844,
1998-10-14,8.031,8.031,8.031,8.031,
1998-10-15,8.469,8.469,8.469,8.469,
1998-10-16,8.594,8.594,8.594,8.594,
1998-10-19,8.469,8.469,8.469,8.469,
1998-10-20,8.562,8.562,8.562,8.562,
1998-10-21,8.594,8.594,8.594,8.594,
1998-10-22,8.5,8.5,8.5,8.5,
1998-10-23,8.719,8.719,8.719,8.719,
1998-10-26,8.719,8.719,8.719,8.719,
1998-10-27,8.719,8.719,8.719,8.719,
1998-10-28,9.406,9.406,9.406,9.406,
1998-10-29,9.938,9.938,9.938,9.938,
1998-10-30,11.281,11.281,11.281,11.281,
1998-11-02,11.562,11.562,11.562,11.562,
1998-11-03,11.719,11.719,11.719,11.719,
1998-11-04,12.562,12.562,12.562,12.562,
1998-11-05,12.312,12.312,12.312,12.312,
1998-11-06,12.219,12.219,12.219,12.219,
1998-11-09,12.5,12.5,12.5,12.5,
1998-11-10,13.25,13.25,13.25,13.25,
1998-11-11,13.5,13.5,13.5,13.5,
1998-11-12,13.75,13.75,13.75,13.75,
1998-11-13,13.375,13.375,13.375,13.375,
1998-11-16,13.844,13.844,13.844,13.844,
1998-11-17,13.531,13.531,13.531,13.531,
1998-11-18,13.844,13.844,13.844,13.844,
1998-11-19,14.312,14.312,14.312,14.312,
1998-11-20,13.719,13.719,13.719,13.719,
1998-11-23,13.25,13.25,13.25,13.25,
1998-11-24,12.812,12.812,12.812,12.812,
1998-11-25,14.562,14.562,14.562,14.562,
1998-11-27,14.594,14.594,14.594,14.594,
1998-11-30,13.844,13.844,13.844,13.844,
1998-12-01,14.594,14.594,14.594,14.594,
1998-12-02,14.312,14.312,14.312,14.312,
1998-12-03,14.75,14.75,14.75,14.75,
1998-12-04,15.688,15.688,15.688,15.688,
1998-12-07,15.75,15.75,15.75,15.75,
1998-12-08,16.0,16.0,16.0,16.0,
1998-12-09,15.469,15.469,15.469,15.469,
1998-12-10,14.875,14.875,14.875,14.875,
1998-12-11,15.094,15.094,15.094,15.094,
1998-12-14,14.281,14.281,14.281,14.281,
1998-12-15,14.375,14.375,14.375,14.375,
1998-12-16,13.719,13.719,13.719,13.719,
1998-12-17,14.0,14.0,14.0,14.0,
1998-12-18,14.031,14.031,14.031,14.031,
1998-12-21,14.438,14.438,14.438,14.438,
1998-12-22,14.375,14.375,14.375,14.375,
1998-12-23,13.844,13.844,13.844,13.844,
1998-12-24,14.0,14.0,14.0,14.0,
1998-12-28,13.656,13.656,13.656,13.656,
1998-12-29,13.75,13.75,13.75,13.75,
1998-12-30,14.562,14.562,14.562,14.562,
1998-12-31,14.5,14.5,14.5,14.5,
1999-01-04,14.0,14.0,14.0,14.0,
1999-01-05,13.844,13.844,13.844,13.844,
1999-01-06,13.625,13.625,13.625,13.625,
1999-01-07,13.719,13.719,13.719,13.719,
1999-01-08,14.0,14.0,14.0,14.0,
1999-01-11,15.938,15.938,15.938,15.938,
1999-01-12,15.75,15.75,15.75,15.75,
1999-01-13,13.875,13.875,13.875,13.875,
1999-01-14,11.25,11.25,11.25,11.25,
1999-01-15,11.188,11.188,11.188,11.188,
1999-01-19,11.062,11.062,11.062,11.062,
1999-01-20,11.0,11.0,11.0,11.0,
1999-01-21,10.5,10.5,10.5,10.5,
1999-01-22,10.781,10.781,10.781,10.781,
1999-01-25,10.719,10.719,10.719,10.719,
1999-01-26,11.0,11.0,11.0,11.0,
1999-01-27,10.625,10.625,10.625,10.625,
1999-01-28,11.438,11.438,11.438,11.438,
1999-01-29,11.469,11.469,11.469,11.469,
1999-02-01,12.438,12.438,12.438,12.438,
1999-02-02,12.156,12.156,12.156,12.156,
1999-02-03,10.469,10.469,10.469,10.469,
1999-02-04,9.469,9.469,9.469,9.469,
1999-02-05,8.406,8.406,8.406,8.406,
1999-02-08,8.562,8.562,8.562,8.562,
1999-02-09,8.375,8.375,8.375,8.375,
1999-02-10,8.312,8.312,8.312,8.312,
1999-02-11,8.594,8.594,8.594,8.594,
1999-02-12,8.781,8.781,8.781,8.781,
1999-02-16,8.531,8.531,8.531,8.531,
1999-02-17,8.5,8.5,8.5,8.5,
1999-02-18,8.562,8.562,8.562,8.562,
1999-02-19,8.812,8.812,8.812,8.812,
1999-02-22,9.656,9.656,9.656,9.656,
1999-02-23,9.375,9.375,9.375,9.375,
1999-02-24,9.281,9.281,9.281,9.281,
1999-02-25,9.062,9.062,9.062,9.062,
1999-02-26,8.938,8.938,8.938,8.938,
1999-03-01,9.156,9.156,9.156,9.156,
1999-03-02,9.25,9.25,9.25,9.25,
1999-03-03,9.062,9.062,9.062,9.062,
1999-03-04,9.25,9.25,9.25,9.25,
1999-03-05,9.219,9.219,9.219,9.219,
1999-03-08,9.469,9.469,9.469,9.469,
1999-03-09,8.75,8.75,8.75,8.75,
1999-03-10,8.688,8.688,8.688,8.688,
1999-03-11,8.5,8.5,8.5,8.5,
1999-03-12,8.25,8.25,8.25,8.25,
1999-03-15,8.156,8.156,8.156,8.156,
1999-03-16,8.5,8.5,8.5,8.5,
1999-03-17,8.438,8.438,8.438,8.438,
1999-03-18,8.281,8.281,8.281,8.281,
1999-03-19,8.031,8.031,8.031,8.031,
1999-03-22,8.031,8.031,8.031,8.031,
1999-03-23,7.844,7.844,7.844,7.844,
1999-03-24,7.875,7.875,7.875,7.875,
1999-03-25,8.062,8.062,8.062,8.062,
1999-03-26,8.0,8.0,8.0,8.0,
1999-03-29,7.938,7.938,7.938,7.938,
1999-03-30,7.875,7.875,7.875,7.875,
1999-03-31,7.75,7.75,7.75,7.75,
1999-04-01,7.812,7.812,7.812,7.812,
1999-04-05,7.844,7.844,7.844,7.844,
1999-04-06,7.875,7.875,7.875,7.875,
1999-04-07,8.094,8.094,8.094,8.094,
1999-04-08,7.781,7.781,7.781,7.781,
1999-04-09,7.812,7.812,7.812,7.812,
1999-04-12,7.531,7.531,7.531,7.531,
1999-04-13,7.5,7.5,7.5,7.5,
1999-04-14,7.375,7.375,7.375,7.375,
1999-04-15,8.188,8.188,8.188,8.188,
1999-04-16,8.188,8.188,8.188,8.188,
1999-04-19,7.969,7.969,7.969,7.969,
1999-04-20,8.0,8.0,8.0,8.0,
1999-04-21,8.406,8.406,8.406,8.406,
1999-04-22,8.469,8.469,8.469,8.469,
1999-04-23,8.562,8.562,8.562,8.562,
1999-04-26,8.375,8.375,8.375,8.375,
1999-04-27,8.344,8.344,8.344,8.344,
1999-04-28,8.188,8.188,8.188,8.188,
1999-04-29,8.25,8.25,8.25,8.25,
1999-04-30,8.25,8.25,8.25,8.25,
1999-05-03,8.219,8.219,8.219,8.219,
1999-05-04,8.312,8.312,8.312,8.312,
1999-05-05,8.656,8.656,8.656,8.656,
1999-05-06,8.656,8.656,8.656,8.656,
1999-05-07,8.812,8.812,8.812,8.812,
1999-05-10,9.344,9.344,9.344,9.344,
1999-05-11,9.75,9.75,9.75,9.75,
1999-05-12,9.75,9.75,9.75,9.75,
1999-05-13,9.156,9.156,9.156,9.156,
1999-05-14,9.375,9.375,9.375,9.375,
1999-05-17,9.438,9.438,9.438,9.438,
1999-05-18,9.688,9.688,9.688,9.688,
1999-05-19,10.812,10.812,10.812,10.812,
1999-05-20,10.188,10.188,10.188,10.188,
1999-05-21,10.25,10.25,10.25,10.25,
1999-05-24,9.531,9.531,9.531,9.531,
1999-05-25,9.219,9.219,9.219,9.219,
1999-05-26,9.656,9.656,9.656,9.656,
1999-05-27,9.438,9.438,9.438,9.438,
1999-05-28,9.25,9.25,9.25,9.25,
1999-06-01,9.281,9.281,9.281,9.281,
1999-06-02,9.25,9.25,9.25,9.25,
1999-06-03,8.906,8.906,8.906,8.906,
1999-06-04,8.969,8.969,8.969,8.969,
1999-06-07,8.969,8.969,8.969,8.969,
1999-06-08,8.844,8.844,8.844,8.844,
1999-06-09,8.719,8.719,8.719,8.719,
1999-06-10,8.688,8.688,8.688,8.688,
1999-06-11,8.406,8.406,8.406,8.406,
1999-06-14,8.469,8.469,8.469,8.469,
1999-06-15,9.156,9.156,9.156,9.156,
1999-06-16,9.125,9.125,9.125,9.125,
1999-06-17,9.188,9.188,9.188,9.188,
1999-06-18,9.375,9.375,9.375,9.375,
1999-06-21,9.594,9.594,9.594,9.594,
1999-06-22,9.625,9.625,9.625,9.625,
1999-06-23,9.094,9.094,9.094,9.094,
1999-06-24,8.531,8.531,8.531,8.531,
1999-06-25,8.625,8.625,8.625,8.625,
1999-06-28,8.562,8.562,8.562,8.562,
1999-06-29,9.031,9.031,9.031,9.031,
1999-06-30,9.031,9.031,9.031,9.031,
1999-07-01,8.688,8.688,8.688,8.688,
1999-07-02,8.594,8.594,8.594,8.594,
1999-07-06,8.562,8.562,8.562,8.562,
1999-07-07,8.438,8.438,8.438,8.438,
1999-07-08,8.688,8.688,8.688,8.688,
1999-07-09,8.5,8.5,8.5,8.5,
1999-07-12,8.688,8.688,8.688,8.688,
1999-07-13,8.531,8.531,8.531,8.531,
1999-07-14,9.0,9.0,9.0,9.0,
1999-07-15,8.844,8.844,8.844,8.844,
1999-07-16,8.781,8.781,8.781,8.781,
1999-07-19,8.656,8.656,8.656,8.656,
1999-07-20,8.375,8.375,8.375,8.375,
1999-07-21,8.5,8.5,8.5,8.5,
1999-07-22,8.156,8.156,8.156,8.156,
1999-07-23,8.062,8.062,8.062,8.062,
1999-07-26,8.188,8.188,8.188,8.188,
1999-07-27,8.281,8.281,8.281,8.281,
1999-07-28,8.406,8.406,8.406,8.406,
1999-07-29,8.75,8.75,8.75,8.75,
1999-07-30,8.688,8.688,8.688,8.688,
1999-08-02,8.5,8.5,8.5,8.5,
1999-08-03,8.312,8.312,8.312,8.312,
1999-08-04,8.156,8.156,8.156,8.156,
1999-08-05,8.062,8.062,8.062,8.062,
1999-08-06,8.688,8.688,8.688,8.688,
1999-08-09,9.625,9.625,9.625,9.625,
1999-08-10,9.219,9.219,9.219,9.219,
1999-08-11,9.469,9.469,9.469,9.469,
1999-08-12,9.25,9.25,9.25,9.25,
1999-08-13,9.469,9.469,9.469,9.469,
1999-08-16,9.375,9.375,9.375,9.375,
1999-08-17,9.312,9.312,9.312,9.312,
1999-08-18,9.281,9.281,9.281,9.281,
1999-08-19,9.062,9.062,9.062,9.062,
1999-08-20,9.125,9.125,9.125,9.125,
1999-08-23,9.594,9.594,9.594,9.594,
1999-08-24,9.375,9.375,9.375,9.375,
1999-08-25,9.5,9.5,9.5,9.5,
1999-08-26,9.438,9.438,9.438,9.438,
1999-08-27,9.844,9.844,9.844,9.844,
1999-08-30,10.125,10.125,10.125,10.125,
1999-08-31,10.344,10.344,10.344,10.344,
1999-09-01,9.938,9.938,9.938,9.938,
1999-09-02,9.906,9.906,9.906,9.906,
1999-09-03,10.5,10.5,10.5,10.5,
1999-09-07,11.625,11.625,11.625,11.625,
1999-09-08,10.844,10.844,10.844,10.844,
1999-09-09,11.125,11.125,11.125,11.125,
1999-09-10,10.844,10.844,10.844,10.844,
1999-09-13,10.625,10.625,10.625,10.625,
1999-09-14,10.875,10.875,10.875,10.875,
1999-09-15,10.531,10.531,10.531,10.531,
1999-09-16,10.0,10.0,10.0,10.0,
1999-09-17,10.156,10.156,10.156,10.156,
1999-09-20,9.656,9.656,9.656,9.656,
1999-09-21,9.25,9.25,9.25,9.25,
1999-09-22,9.469,9.469,9.469,9.469,
1999-09-23,8.625,8.625,8.625,8.625,
1999-09-24,8.719,8.719,8.719,8.719,
1999-09-27,9.031,9.031,9.031,9.031,
1999-09-28,8.594,8.594,8.594,8.594,
1999-09-29,8.688,8.688,8.688,8.688,
1999-09-30,8.594,8.594,8.594,8.594,
1999-10-01,8.625,8.625,8.625,8.625,
1999-10-04,8.938,8.938,8.938,8.938,
1999-10-05,9.312,9.312,9.312,9.312,
1999-10-06,9.719,9.719,9.719,9.719,
1999-10-07,9.312,9.312,9.312,9.312,
1999-10-08,9.281,9.281,9.281,9.281,
1999-10-11,9.5,9.5,9.5,9.5,
1999-10-12,9.375,9.375,9.375,9.375,
1999-10-13,9.125,9.125,9.125,9.125,
1999-10-14,9.0,9.0,9.0,9.0,
1999-10-15,8.781,8.781,8.781,8.781,
1999-10-18,8.625,8.625,8.625,8.625,
1999-10-19,8.219,8.219,8.219,8.219,
1999-10-20,8.5,8.5,8.5,8.5,
1999-10-21,9.438,9.438,9.438,9.438,
1999-10-22,9.344,9.344,9.344,9.344,
1999-10-25,9.531,9.531,9.531,9.531,
1999-10-26,9.562,9.562,9.562,9.562,
1999-10-27,9.219,9.219,9.219,9.219,
1999-10-28,9.5,9.5,9.5,9.5,
1999-10-29,9.906,9.906,9.906,9.906,
1999-11-01,10.156,10.156,10.156,10.156,
1999-11-02,10.281,10.281,10.281,10.281,
1999-11-03,10.656,10.656,10.656,10.656,
1999-11-04,10.312,10.312,10.312,10.312,
1999-11-05,10.625,10.625,10.625,10.625,
1999-11-08,10.719,10.719,10.719,10.719,
1999-11-09,10.531,10.531,10.531,10.531,
1999-11-10,11.5,11.5,11.5,11.5,
1999-11-11,14.125,14.125,14.125,14.125,
1999-11-12,13.281,13.281,13.281,13.281,
1999-11-15,12.781,12.781,12.781,12.781,
1999-11-16,12.875,12.875,12.875,12.875,
1999-11-17,13.344,13.344,13.344,13.344,
1999-11-18,13.0,13.0,13.0,13.0,
1999-11-19,13.562,13.562,13.562,13.562,
1999-11-22,13.469,13.469,13.469,13.469,
1999-11-23,13.5,13.5,13.5,13.5,
1999-11-24,13.625,13.625,13.625,13.625,
1999-11-26,13.844,13.844,13.844,13.844,
1999-11-29,15.25,15.25,15.25,15.25,
1999-11-30,14.125,14.125,14.125,14.125,
1999-12-01,13.75,13.75,13.75,13.75,
1999-12-02,15.25,15.25,15.25,15.25,
1999-12-03,15.75,15.75,15.75,15.75,
1999-12-06,15.719,15.719,15.719,15.719,
1999-12-07,15.875,15.875,15.875,15.875,
1999-12-08,14.875,14.875,14.875,14.875,
1999-12-09,14.688,14.688,14.688,14.688,
1999-12-10,14.625,14.625,14.625,14.625,
1999-12-13,14.531,14.531,14.531,14.531,
1999-12-14,13.812,13.812,13.812,13.812,
1999-12-15,13.562,13.562,13.562,13.562,
1999-12-16,14.75,14.75,14.75,14.75,
1999-12-17,14.406,14.406,14.406,14.406,
1999-12-20,14.625,14.625,14.625,14.625,
1999-12-21,15.031,15.031,15.031,15.031,
1999-12-22,14.406,14.406,14.406,14.406,
1999-12-23,14.312,14.312,14.312,14.312,
1999-12-27,14.469,14.469,14.469,14.469,
1999-12-28,14.375,14.375,14.375,14.375,
1999-12-29,14.219,14.219,14.219,14.219,
1999-12-30,14.219,14.219,14.219,14.219,
1999-12-31,14.469,14.469,14.469,14.469,
2000-01-03,15.5,15.5,15.5,15.5,
2000-01-04,14.625,14.625,14.625,14.625,
2000-01-05,15.0,15.0,15.0,15.0,
2000-01-06,16.0,16.0,16.0,16.0,
2000-01-07,16.25,16.25,16.25,16.25,
2000-01-10,17.5,17.5,17.5,17.5,
2000-01-11,17.25,17.25,17.25,17.25,
2000-01-12,18.125,18.125,18.125,18.125,
2000-01-13,18.875,18.875,18.875,18.875,
2000-01-14,20.188,20.188,20.188,20.188,
2000-01-18,19.5,19.5,19.5,19.5,
2000-01-19,19.594,19.594,19.594,19.594,
2000-01-20,19.5,19.5,19.5,19.5,
2000-01-21,18.938,18.938,18.938,18.938,
2000-01-24,17.25,17.25,17.25,17.25,
2000-01-25,20.0,20.0,20.0,20.0,
2000-01-26,18.5,18.5,18.5,18.5,
2000-01-27,18.469,18.469,18.469,18.469,
2000-01-28,17.625,17.625,17.625,17.625,
2000-01-31,18.0,18.0,18.0,18.0,
2000-02-01,18.281,18.281,18.281,18.281,
2000-02-02,18.031,18.031,18.031,18.031,
2000-02-03,19.5,19.5,19.5,19.5,
2000-02-04,19.281,19.281,19.281,19.281,
2000-02-07,20.656,20.656,20.656,20.656,
2000-02-08,20.688,20.688,20.688,20.688,
2000-02-09,21.031,21.031,21.031,21.031,
2000-02-10,21.25,21.25,21.25,21.25,
2000-02-11,22.75,22.75,22.75,22.75,
2000-02-14,21.625,21.625,21.625,21.625,
2000-02-15,21.75,21.75,21.75,21.75,
2000-02-16,21.875,21.875,21.875,21.875,
2000-02-17,21.5,21.5,21.5,21.5,
2000-02-18,21.5,21.5,21.5,21.5,
2000-02-22,20.906,20.906,20.906,20.906,
2000-02-23,20.531,20.531,20.531,20.531,
2000-02-24,21.281,21.281,21.281,21.281,
2000-02-25,20.25,20.25,20.25,20.25,
2000-02-28,18.875,18.875,18.875,18.875,
2000-02-29,19.75,19.75,19.75,19.75,
2000-03-01,20.25,20.25,20.25,20.25,
2000-03-02,19.625,19.625,19.625,19.625,
2000-03-03,20.75,20.75,20.75,20.75,
2000-03-06,23.75,23.75,23.75,23.75,
2000-03-07,27.5,27.5,27.5,27.5,
2000-03-08,26.75,26.75,26.75,26.75,
2000-03-09,29.062,29.062,29.062,29.062,
2000-03-10,26.0,26.0,26.0,26.0,
2000-03-13,25.75,25.75,25.75,25.75,
2000-03-14,24.0,24.0,24.0,24.0,
2000-03-15,24.625,24.625,24.625,24.625,
2000-03-16,24.594,24.594,24.594,24.594,
2000-03-17,25.0,25.0,25.0,25.0,
2000-03-20,26.875,26.875,26.875,26.875,
2000-03-21,27.406,27.406,27.406,27.406,
2000-03-22,28.75,28.75,28.75,28.75,
2000-03-23,27.688,27.688,27.688,27.688,
2000-03-24,27.0,27.0,27.0,27.0,
2000-03-27,27.094,27.094,27.094,27.094,
2000-03-28,27.562,27.562,27.562,27.562,
2000-03-29,27.375,27.375,27.375,27.375,
2000-03-30,30.0,30.0,30.0,30.0,
2000-03-31,29.5,29.5,29.5,29.5,
2000-04-03,30.438,30.438,30.438,30.438,
2000-04-04,30.562,30.562,30.562,30.562,
2000-04-05,34.188,34.188,34.188,34.188,
2000-04-06,35.5,35.5,35.5,35.5,
2000-04-07,37.75,37.75,37.75,37.75,
2000-04-10,37.75,37.75,37.75,37.75,
2000-04-11,35.312,35.312,35.312,35.312,
2000-04-12,38.0,38.0,38.0,38.0,
2000-04-13,35.5,35.5,35.5,35.5,
2000-04-14,33.0,33.0,33.0,33.0,
2000-04-17,36.312,36.312,36.312,36.312,
2000-04-18,39.5,39.5,39.5,39.5,
2000-04-19,37.625,37.625,37.625,37.625,
2000-04-20,39.125,39.125,39.125,39.125,
2000-04-24,40.5,40.5,40.5,40.5,
2000-04-25,43.75,43.75,43.75,43.75,
2000-04-26,41.125,41.125,41.125,41.125,
2000-04-27,42.625,42.625,42.625,42.625,
2000-04-28,43.75,43.75,43.75,43.75,
2000-05-01,44.188,44.188,44.188,44.188,
2000-05-02,44.75,44.75,44.75,44.75,
2000-05-03,43.875,43.875,43.875,43.875,
2000-05-04,45.0,45.0,45.0,45.0,
2000-05-05,46.0,46.0,46.0,46.0,
2000-05-08,44.375,44.375,44.375,44.375,
2000-05-09,41.75,41.75,41.75,41.75,
2000-05-10,39.969,39.969,39.969,39.969,
2000-05-11,43.875,43.875,43.875,43.875,
2000-05-12,42.844,42.844,42.844,42.844,
2000-05-15,42.75,42.75,42.75,42.75,
2000-05-16,44.25,44.25,44.25,44.25,
2000-05-17,42.5,42.5,42.5,42.5,
2000-05-18,43.25,43.25,43.25,43.25,
2000-05-19,41.906,41.906,41.906,41.906,
2000-05-22,40.25,40.25,40.25,40.25,
2000-05-23,37.75,37.75,37.75,37.75,
2000-05-24,36.344,36.344,36.344,36.344,
2000-05-25,35.312,35.312,35.312,35.312,
2000-05-26,37.0,37.0,37.0,37.0,
2000-05-30,43.0,43.0,43.0,43.0,
2000-05-31,40.875,40.875,40.875,40.875,
2000-06-01,42.0,42.0,42.0,42.0,
2000-06-02,45.062,45.062,45.062,45.062,
2000-06-05,45.562,45.562,45.562,45.562,
2000-06-06,45.125,45.125,45.125,45.125,
2000-06-07,43.5,43.5,43.5,43.5,
2000-06-08,43.562,43.562,43.562,43.562,
2000-06-09,44.375,44.375,44.375,44.375,
2000-06-12,42.75,42.75,42.75,42.75,
2000-06-13,44.0,44.0,44.0,44.0,
2000-06-14,41.875,41.875,41.875,41.875,
2000-06-15,41.438,41.438,41.438,41.438,
2000-06-16,41.25,41.25,41.25,41.25,
2000-06-19,45.906,45.906,45.906,45.906,
2000-06-20,45.625,45.625,45.625,45.625,
2000-06-21,47.5,47.5,47.5,47.5,
2000-06-22,45.625,45.625,45.625,45.625,
2000-06-23,43.875,43.875,43.875,43.875,
2000-06-26,43.625,43.625,43.625,43.625,
2000-06-27,42.125,42.125,42.125,42.125,
2000-06-28,40.344,40.344,40.344,40.344,
2000-06-29,38.125,38.125,38.125,38.125,
2000-06-30,38.625,38.625,38.625,38.625,
2000-07-03,42.125,42.125,42.125,42.125,
2000-07-05,37.625,37.625,37.625,37.625,
2000-07-06,38.75,38.75,38.75,38.75,
2000-07-07,41.0,41.0,41.0,41.0,
2000-07-10,42.5,42.5,42.5,42.5,
2000-07-11,41.75,41.75,41.75,41.75,
2000-07-12,42.156,42.156,42.156,42.156,
2000-07-13,42.75,42.75,42.75,42.75,
2000-07-14,45.0,45.0,45.0,45.0,
2000-07-17,45.625,45.625,45.625,45.625,
2000-07-18,45.5,45.5,45.5,45.5,
2000-07-19,45.125,45.125,45.125,45.125,
2000-07-20,43.062,43.062,43.062,43.062,
2000-07-21,40.062,40.062,40.062,40.062,
2000-07-24,39.0,39.0,39.0,39.0,
2000-07-25,39.375,39.375,39.375,39.375,
2000-07-26,38.094,38.094,38.094,38.094,
2000-07-27,35.0,35.0,35.0,35.0,
2000-07-28,35.5,35.5,35.5,35.5,
2000-07-31,36.0,36.0,36.0,36.0,
2000-08-01,33.875,33.875,33.875,33.875,
2000-08-02,31.25,31.25,31.25,31.25,
2000-08-03,32.75,32.75,32.75,32.75,
2000-08-04,31.375,31.375,31.375,31.375,
2000-08-07,32.5,32.5,32.5,32.5,
2000-08-08,30.625,30.625,30.625,30.625,
2000-08-09,30.875,30.875,30.875,30.875,
2000-08-10,28.5,28.5,28.5,28.5,
2000-08-11,28.875,28.875,28.875,28.875,
2000-08-14,31.5,31.5,31.5,31.5,
2000-08-15,32.0,32.0,32.0,32.0,
2000-08-16,32.625,32.625,32.625,32.625,
2000-08-17,34.062,34.062,34.062,34.062,
2000-08-18,35.125,35.125,35.125,35.125,
2000-08-21,34.094,34.094,34.094,34.094,
2000-08-22,34.438,34.438,34.438,34.438,
2000-08-23,34.75,34.75,34.75,34.75,
2000-08-24,34.938,34.938,34.938,34.938,
2000-08-25,34.5,34.5,34.5,34.5,
2000-08-28,34.5,34.5,34.5,34.5,
2000-08-29,34.75,34.75,34.75,34.75,
2000-08-30,35.0,35.0,35.0,35.0,
2000-08-31,37.5,37.5,37.5,37.5,
2000-09-01,37.5,37.5,37.5,37.5,
2000-09-05,34.75,34.75,34.75,34.75,
2000-09-06,32.0,32.0,32.0,32.0,
2000-09-07,33.0,33.0,33.0,33.0,
2000-09-08,31.875,31.875,31.875,31.875,
2000-09-11,32.25,32.25,32.25,32.25,
2000-09-12,30.5,30.5,30.5,30.5,
2000-09-13,29.0,29.0,29.0,29.0,
2000-09-14,28.375,28.375,28.375,28.375,
2000-09-15,27.75,27.75,27.75,27.75,
2000-09-18,26.5,26.5,26.5,26.5,
2000-09-19,30.375,30.375,30.375,30.375,
2000-09-20,29.688,29.688,29.688,29.688,
2000-09-21,23.938,23.938,23.938,23.938,
2000-09-22,26.5,26.5,26.5,26.5,
2000-09-25,25.938,25.938,25.938,25.938,
2000-09-26,24.875,24.875,24.875,24.875,
2000-09-27,24.0,24.0,24.0,24.0,
2000-09-28,23.625,23.625,23.625,23.625,
2000-09-29,24.0,24.0,24.0,24.0,
2000-10-02,23.25,23.25,23.25,23.25,
2000-10-03,23.688,23.688,23.688,23.688,
2000-10-04,24.5,24.5,24.5,24.5,
2000-10-05,23.5,23.5,23.5,23.5,
2000-10-06,22.0,22.0,22.0,22.0,
2000-10-09,22.375,22.375,22.375,22.375,
2000-10-10,22.75,22.75,22.75,22.75,
2000-10-11,23.5,23.5,23.5,23.5,
2000-10-12,22.562,22.562,22.562,22.562,
2000-10-13,21.875,21.875,21.875,21.875,
2000-10-16,20.375,20.375,20.375,20.375,
2000-10-17,18.375,18.375,18.375,18.375,
2000-10-18,18.125,18.125,18.125,18.125,
2000-10-19,21.812,21.812,21.812,21.812,
2000-10-20,22.125,22.125,22.125,22.125,
2000-10-23,21.875,21.875,21.875,21.875,
2000-10-24,20.188,20.188,20.188,20.188,
2000-10-25,19.188,19.188,19.188,19.188,
2000-10-26,20.312,20.312,20.312,20.312,
2000-10-27,20.438,20.438,20.438,20.438,
2000-10-30,20.25,20.25,20.25,20.25,
2000-10-31,22.625,22.625,22.625,22.625,
2000-11-01,23.812,23.812,23.812,23.812,
2000-11-02,23.75,23.75,23.75,23.75,
2000-11-03,23.75,23.75,23.75,23.75,
2000-11-06,24.312,24.312,24.312,24.312,
2000-11-07,22.562,22.562,22.562,22.562,
2000-11-08,21.688,21.688,21.688,21.688,
2000-11-09,21.0,21.0,21.0,21.0,
2000-11-10,20.062,20.062,20.062,20.062,
2000-11-13,21.312,21.312,21.312,21.312,
2000-11-14,21.75,21.75,21.75,21.75,
2000-11-15,21.938,21.938,21.938,21.938,
2000-11-16,20.562,20.562,20.562,20.562,
2000-11-17,20.562,20.562,20.562,20.562,
2000-11-20,20.375,20.375,20.375,20.375,
2000-11-21,19.938,19.938,19.938,19.938,
2000-11-22,19.625,19.625,19.625,19.625,
2000-11-24,20.812,20.812,20.812,20.812,
2000-11-27,19.0,19.0,19.0,19.0,
2000-11-28,17.75,17.75,17.75,17.75,
2000-11-29,17.062,17.062,17.062,17.062,
2000-11-30,15.25,15.25,15.25,15.25,
2000-12-01,15.438,15.438,15.438,15.438,
2000-12-04,15.375,15.375,15.375,15.375,
2000-12-05,15.75,15.75,15.75,15.75,
2000-12-06,14.438,14.438,14.438,14.438,
2000-12-07,14.5,14.5,14.5,14.5,
2000-12-08,16.062,16.062,16.062,16.062,
2000-12-11,17.312,17.312,17.312,17.312,
2000-12-12,17.25,17.25,17.25,17.25,
2000-12-13,16.75,16.75,16.75,16.75,
2000-12-14,16.5,16.5,16.5,16.5,
2000-12-15,16.188,16.188,16.188,16.188,
2000-12-18,15.25,15.25,15.25,15.25,
2000-12-19,15.375,15.375,15.375,15.375,
2000-12-20,14.562,14.562,14.562,14.562,
2000-12-21,13.688,13.688,13.688,13.688,
2000-12-22,14.312,14.312,14.312,14.312,
2000-12-26,14.125,14.125,14.125,14.125,
2000-12-27,14.625,14.625,14.625,14.625,
2000-12-28,14.312,14.312,14.312,14.312,
2000-12-29,13.812,13.812,13.812,13.812,
2001-01-02,14.375,14.375,14.375,14.375,
2001-01-03,16.25,16.25,16.25,16.25,
2001-01-04,16.688,16.688,16.688,16.688,
2001-01-05,16.0,16.0,16.0,16.0,
2001-01-08,16.188,16.188,16.188,16.188,
2001-01-09,16.75,16.75,16.75,16.75,
2001-01-10,17.125,17.125,17.125,17.125,
2001-01-11,18.188,18.188,18.188,18.188,
2001-01-12,17.812,17.812,17.812,17.812,
2001-01-16,17.125,17.125,17.125,17.125,
2001-01-17,18.5,18.5,18.5,18.5,
2001-01-18,22.688,22.688,22.688,22.688,
2001-01-19,22.0,22.0,22.0,22.0,
2001-01-22,21.438,21.438,21.438,21.438,
2001-01-23,22.312,22.312,22.312,22.312,
2001-01-24,22.688,22.688,22.688,22.688,
2001-01-25,21.938,21.938,21.938,21.938,
2001-01-26,21.375,21.375,21.375,21.375,
2001-01-29,23.0,23.0,23.0,23.0,
2001-01-30,24.02,24.02,24.02,24.02,
2001-01-31,24.6,24.6,24.6,24.6,
2001-02-01,25.71,25.71,25.71,25.71,
2001-02-02,23.89,23.89,23.89,23.89,
2001-02-05,24.0,24.0,24.0,24.0,
2001-02-06,24.05,24.05,24.05,24.05,
2001-02-07,23.57,23.57,23.57,23.57,
2001-02-08,24.0,24.0,24.0,24.0,
2001-02-09,24.37,24.37,24.37,24.37,
2001-02-12,24.0,24.0,24.0,24.0,
2001-02-13,24.01,24.01,24.01,24.01,
2001-02-14,24.95,24.95,24.95,24.95,
2001-02-15,26.23,26.23,26.23,26.23,
2001-02-16,24.71,24.71,24.71,24.71,
2001-02-20,22.57,22.57,22.57,22.57,
2001-02-21,23.0,23.0,23.0,23.0,
2001-02-22,21.0,21.0,21.0,21.0,
2001-02-23,22.1,22.1,22.1,22.1,
2001-02-26,22.83,22.83,22.83,22.83,
2001-02-27,21.98,21.98,21.98,21.98,
2001-02-28,21.5,21.5,21.5,21.5,
2001-03-01,20.95,20.95,20.95,20.95,
2001-03-02,21.74,21.74,21.74,21.74,
2001-03-05,23.13,23.13,23.13,23.13,
2001-03-06,24.75,24.75,24.75,24.75,
2001-03-07,25.1,25.1,25.1,25.1,
2001-03-08,26.0,26.0,26.0,26.0,
2001-03-09,23.3,23.3,23.3,23.3,
2001-03-12,22.73,22.73,22.73,22.73,
2001-03-13,23.78,23.78,23.78,23.78,
2001-03-14,23.94,23.94,23.94,23.94,
2001-03-15,23.56,23.56,23.56,23.56,
2001-03-16,23.4,23.4,23.4,23.4,
2001-03-19,23.73,23.73,23.73,23.73,
2001-03-20,22.43,22.43,22.43,22.43,
2001-03-21,23.29,23.29,23.29,23.29,
2001-03-22,26.45,26.45,26.45,26.45,
2001-03-23,29.44,29.44,29.44,29.44,
2001-03-26,28.74,28.74,28.74,28.74,
2001-03-27,29.69,29.69,29.69,29.69,
2001-03-28,27.7,27.7,27.7,27.7,
2001-03-29,28.3,28.3,28.3,28.3,
2001-03-30,26.54,26.54,26.54,26.54,
2001-04-02,25.5,25.5,25.5,25.5,
2001-04-03,23.68,23.68,23.68,23.68,
2001-04-04,20.74,20.74,20.74,20.74,
2001-04-05,23.02,23.02,23.02,23.02,
2001-04-06,20.05,20.05,20.05,20.05,
2001-04-09,19.7,19.7,19.7,19.7,
2001-04-10,21.32,21.32,21.32,21.32,
2001-04-11,23.51,23.51,23.51,23.51,
2001-04-12,24.85,24.85,24.85,24.85,
2001-04-16,23.5,23.5,23.5,23.5,
2001-04-17,23.0,23.0,23.0,23.0,
2001-04-18,27.85,27.85,27.85,27.85,
2001-04-19,29.01,29.01,29.01,29.01,
2001-04-20,29.0,29.0,29.0,29.0,
2001-04-23,27.6,27.6,27.6,27.6,
2001-04-24,27.35,27.35,27.35,27.35,
2001-04-25,26.9,26.9,26.9,26.9,
2001-04-26,27.51,27.51,27.51,27.51,
2001-04-27,30.0,30.0,30.0,30.0,
2001-04-30,31.0,31.0,31.0,31.0,
2001-05-01,31.86,31.86,31.86,31.86,
2001-05-02,32.95,32.95,32.95,32.95,
2001-05-03,32.61,32.61,32.61,32.61,
2001-05-04,30.99,30.99,30.99,30.99,
2001-05-07,30.01,30.01,30.01,30.01,
2001-05-08,29.75,29.75,29.75,29.75,
2001-05-09,28.15,28.15,28.15,28.15,
2001-05-10,28.7,28.7,28.7,28.7,
2001-05-11,27.68,27.68,27.68,27.68,
2001-05-14,27.2,27.2,27.2,27.2,
2001-05-15,29.14,29.14,29.14,29.14,
2001-05-16,31.5,31.5,31.5,31.5,
2001-05-17,31.55,31.55,31.55,31.55,
2001-05-18,32.49,32.49,32.49,32.49,
2001-05-21,34.4,34.4,34.4,34.4,
2001-05-22,33.99,33.99,33.99,33.99,
2001-05-23,32.66,32.66,32.66,32.66,
2001-05-24,31.95,31.95,31.95,31.95,
2001-05-25,31.94,31.94,31.94,31.94,
2001-05-29,29.43,29.43,29.43,29.43,
2001-05-30,27.95,27.95,27.95,27.95,
2001-05-31,28.25,28.25,28.25,28.25,
2001-06-01,29.6,29.6,29.6,29.6,
2001-06-04,27.61,27.61,27.61,27.61,
2001-06-05,28.9,28.9,28.9,28.9,
2001-06-06,28.37,28.37,28.37,28.37,
2001-06-07,30.28,30.28,30.28,30.28,
2001-06-08,31.1,31.1,31.1,31.1,
2001-06-11,30.05,30.05,30.05,30.05,
2001-06-12,29.67,29.67,29.67,29.67,
2001-06-13,29.28,29.28,29.28,29.28,
2001-06-14,27.44,27.44,27.44,27.44,
2001-06-15,27.56,27.56,27.56,27.56,
2001-06-18,26.4,26.4,26.4,26.4,
2001-06-19,24.99,24.99,24.99,24.99,
2001-06-20,23.95,23.95,23.95,23.95,
2001-06-21,24.48,24.48,24.48,24.48,
2001-06-22,24.67,24.67,24.67,24.67,
2001-06-25,25.29,25.29,25.29,25.29,
2001-06-26,26.15,26.15,26.15,26.15,
2001-06-27,26.5,26.5,26.5,26.5,
2001-06-28,27.43,27.43,27.43,27.43,
2001-06-29,28.9,28.9,28.9,28.9,
2001-07-02,29.74,29.74,29.74,29.74,
2001-07-03,29.76,29.76,29.76,29.76,
2001-07-05,28.64,28.64,28.64,28.64,
2001-07-06,20.8,20.8,20.8,20.8,
2001-07-09,21.2,21.2,21.2,21.2,
2001-07-10,21.0,21.0,21.0,21.0,
2001-07-11,21.12,21.12,21.12,21.12,
2001-07-12,22.7,22.7,22.7,22.7,
2001-07-13,21.08,21.08,21.08,21.08,
2001-07-16,20.0,20.0,20.0,20.0,
2001-07-17,20.42,20.42,20.42,20.42,
2001-07-18,17.87,17.87,17.87,17.87,
2001-07-19,17.54,17.54,17.54,17.54,
2001-07-20,17.0,17.0,17.0,17.0,
2001-07-23,16.87,16.87,16.87,16.87,
2001-07-24,16.38,16.38,16.38,16.38,
2001-07-25,16.3,16.3,16.3,16.3,
2001-07-26,17.5,17.5,17.5,17.5,
2001-07-27,17.68,17.68,17.68,17.68,
2001-07-30,18.21,18.21,18.21,18.21,
2001-07-31,18.26,18.26,18.26,18.26,
2001-08-01,18.9,18.9,18.9,18.9,
2001-08-02,19.76,19.76,19.76,19.76,
2001-08-03,19.25,19.25,19.25,19.25,
2001-08-06,17.62,17.62,17.62,17.62,
2001-08-07,17.55,17.55,17.55,17.55,
2001-08-08,16.7,16.7,16.7,16.7,
2001-08-09,16.69,16.69,16.69,16.69,
2001-08-10,16.21,16.21,16.21,16.21,
2001-08-13,16.61,16.61,16.61,16.61,
2001-08-14,15.5,15.5,15.5,15.5,
2001-08-15,14.75,14.75,14.75,14.75,
2001-08-16,15.0,15.0,15.0,15.0,
2001-08-17,14.39,14.39,14.39,14.39,
2001-08-20,14.46,14.46,14.46,14.46,
2001-08-21,14.75,14.75,14.75,14.75,
2001-08-22,14.51,14.51,14.51,14.51,
2001-08-23,14.3,14.3,14.3,14.3,
2001-08-24,15.0,15.0,15.0,15.0,
2001-08-27,15.3,15.3,15.3,15.3,
2001-08-28,14.86,14.86,14.86,14.86,
2001-08-29,14.2,14.2,14.2,14.2,
2001-08-30,13.29,13.29,13.29,13.29,
2001-08-31,13.55,13.55,13.55,13.55,
2001-09-04,12.95,12.95,12.95,12.95,
2001-09-05,12.05,12.05,12.05,12.05,
2001-09-06,11.4,11.4,11.4,11.4,
2001-09-07,11.5,11.5,11.5,11.5,
2001-09-10,11.85,11.85,11.85,11.85,
2001-09-17,10.14,10.14,10.14,10.14,
2001-09-18,9.5,9.5,9.5,9.5,
2001-09-19,9.11,9.11,9.11,9.11,
2001-09-20,8.99,8.99,8.99,8.99,
2001-09-21,9.3,9.3,9.3,9.3,
2001-09-24,9.81,9.81,9.81,9.81,
2001-09-25,9.05,9.05,9.05,9.05,
2001-09-26,8.35,8.35,8.35,8.35,
2001-09-27,8.0,8.0,8.0,8.0,
2001-09-28,8.15,8.15,8.15,8.15,
2001-10-01,7.93,7.93,7.93,7.93,
2001-10-02,8.0,8.0,8.0,8.0,
2001-10-03,8.46,8.46,8.46,8.46,
2001-10-04,9.0,9.0,9.0,9.0,
2001-10-05,8.6,8.6,8.6,8.6,
2001-10-08,8.78,8.78,8.78,8.78,
2001-10-09,8.86,8.86,8.86,8.86,
2001-10-10,9.59,9.59,9.59,9.59,
2001-10-11,10.5,10.5,10.5,10.5,
2001-10-12,10.4,10.4,10.4,10.4,
2001-10-15,10.23,10.23,10.23,10.23,
2001-10-16,10.61,10.61,10.61,10.61,
2001-10-17,9.71,9.71,9.71,9.71,
2001-10-18,9.5,9.5,9.5,9.5,
2001-10-19,9.19,9.19,9.19,9.19,
2001-10-22,9.58,9.58,9.58,9.58,
2001-10-23,9.66,9.66,9.66,9.66,
2001-10-24,9.95,9.95,9.95,9.95,
2001-10-25,10.26,10.26,10.26,10.26,
2001-10-26,10.34,10.34,10.34,10.34,
2001-10-29,9.56,9.56,9.56,9.56,
2001-10-30,9.43,9.43,9.43,9.43,
2001-10-31,9.84,9.84,9.84,9.84,
2001-11-01,11.5,11.5,11.5,11.5,
2001-11-02,12.25,12.25,12.25,12.25,
2001-11-05,13.04,13.04,13.04,13.04,
2001-11-06,13.0,13.0,13.0,13.0,
2001-11-07,13.52,13.52,13.52,13.52,
2001-11-08,12.4,12.4,12.4,12.4,
2001-11-09,12.39,12.39,12.39,12.39,
2001-11-12,12.8,12.8,12.8,12.8,
2001-11-13,13.65,13.65,13.65,13.65,
2001-11-14,14.0,14.0,14.0,14.0,
2001-11-15,13.75,13.75,13.75,13.75,
2001-11-16,13.65,13.65,13.65,13.65,
2001-11-19,13.65,13.65,13.65,13.65,
2001-11-20,13.19,13.19,13.19,13.19,
2001-11-21,13.34,13.34,13.34,13.34,
2001-11-23,13.36,13.36,13.36,13.36,
2001-11-26,14.15,14.15,14.15,14.15,
2001-11-27,13.8,13.8,13.8,13.8,
2001-11-28,13.21,13.21,13.21,13.21,
2001-11-29,13.53,13.53,13.53,13.53,
2001-11-30,13.56,13.56,13.56,13.56,
2001-12-03,14.05,14.05,14.05,14.05,
2001-12-04,14.9,14.9,14.9,14.9,
2001-12-05,16.24,16.24,16.24,16.24,
2001-12-06,16.25,16.25,16.25,16.25,
2001-12-07,17.85,17.85,17.85,17.85,
2001-12-10,17.5,17.5,17.5,17.5,
2001-12-11,17.86,17.86,17.86,17.86,
2001-12-12,18.31,18.31,18.31,18.31,
2001-12-13,16.18,16.18,16.18,16.18,
2001-12-14,17.47,17.47,17.47,17.47,
2001-12-17,17.8,17.8,17.8,17.8,
2001-12-18,17.58,17.58,17.58,17.58,
2001-12-19,16.96,16.96,16.96,16.96,
2001-12-20,15.65,15.65,15.65,15.65,
2001-12-21,15.87,15.87,15.87,15.87,
2001-12-24,15.56,15.56,15.56,15.56,
2001-12-26,15.62,15.62,15.62,15.62,
2001-12-27,16.12,16.12,16.12,16.12,
2001-12-28,16.38,16.38,16.38,16.38,
2001-12-31,15.86,15.86,15.86,15.86,
2002-01-02,16.39,16.39,16.39,16.39,
2002-01-03,19.37,19.37,19.37,19.37,
2002-01-04,20.0,20.0,20.0,20.0,
2002-01-07,19.98,19.98,19.98,19.98,
2002-01-08,19.9,19.9,19.9,19.9,
2002-01-09,19.09,19.09,19.09,19.09,
2002-01-10,18.64,18.64,18.64,18.64,
2002-01-11,19.15,19.15,19.15,19.15,
2002-01-14,19.61,19.61,19.61,19.61,
2002-01-15,19.15,19.15,19.15,19.15,
2002-01-16,17.9,17.9,17.9,17.9,
2002-01-17,17.28,17.28,17.28,17.28,
2002-01-18,16.81,16.81,16.81,16.81,
2002-01-22,16.29,16.29,16.29,16.29,
2002-01-23,16.7,16.7,16.7,16.7,
2002-01-24,16.13,16.13,16.13,16.13,
2002-01-25,16.3,16.3,16.3,16.3,
2002-01-28,16.36,16.36,16.36,16.36,
2002-01-29,15.89,15.89,15.89,15.89,
2002-01-30,15.76,15.76,15.76,15.76,
2002-01-31,16.05,16.05,16.05,16.05,
2002-02-01,15.8,15.8,15.8,15.8,
2002-02-04,15.05,15.05,15.05,15.05,
2002-02-05,14.58,14.58,14.58,14.58,
2002-02-06,14.05,14.05,14.05,14.05,
2002-02-07,13.49,13.49,13.49,13.49,
2002-02-08,15.25,15.25,15.25,15.25,
2002-02-11,15.0,15.0,15.0,15.0,
2002-02-12,15.12,15.12,15.12,15.12,
2002-02-13,15.5,15.5,15.5,15.5,
2002-02-14,14.85,14.85,14.85,14.85,
2002-02-15,14.52,14.52,14.52,14.52,
2002-02-19,13.76,13.76,13.76,13.76,
2002-02-20,14.72,14.72,14.72,14.72,
2002-02-21,13.14,13.14,13.14,13.14,
2002-02-22,12.85,12.85,12.85,12.85,
2002-02-25,13.57,13.57,13.57,13.57,
2002-02-26,13.7,13.7,13.7,13.7,
2002-02-27,14.02,14.02,14.02,14.02,
2002-02-28,13.5,13.5,13.5,13.5,
2002-03-01,15.15,15.15,15.15,15.15,
2002-03-04,15.24,15.24,15.24,15.24,
2002-03-05,15.74,15.74,15.74,15.74,
2002-03-06,15.46,15.46,15.46,15.46,
2002-03-07,15.31,15.31,15.31,15.31,
2002-03-08,16.21,16.21,16.21,16.21,
2002-03-11,16.25,16.25,16.25,16.25,
2002-03-12,15.75,15.75,15.75,15.75,
2002-03-13,14.3,14.3,14.3,14.3,
2002-03-14,14.35,14.35,14.35,14.35,
2002-03-15,14.6,14.6,14.6,14.6,
2002-03-18,14.82,14.82,14.82,14.82,
2002-03-19,14.79,14.79,14.79,14.79,
2002-03-20,14.17,14.17,14.17,14.17,
2002-03-21,14.49,14.49,14.49,14.49,
2002-03-22,14.76,14.76,14.76,14.76,
2002-03-25,14.13,14.13,14.13,14.13,
2002-03-26,14.36,14.36,14.36,14.36,
2002-03-27,14.14,14.14,14.14,14.14,
2002-03-28,14.71,14.71,14.71,14.71,
2002-04-01,14.75,14.75,14.75,14.75,
2002-04-02,14.17,14.17,14.17,14.17,
2002-04-03,13.8,13.8,13.8,13.8,
2002-04-04,13.76,13.76,13.76,13.76,
2002-04-05,13.5,13.5,13.5,13.5,
2002-04-08,13.75,13.75,13.75,13.75,
2002-04-09,13.36,13.36,13.36,13.36,
2002-04-10,13.5,13.5,13.5,13.5,
2002-04-11,13.23,13.23,13.23,13.23,
2002-04-12,13.15,13.15,13.15,13.15,
2002-04-15,13.5,13.5,13.5,13.5,
2002-04-16,14.35,14.35,14.35,14.35,
2002-04-17,14.82,14.82,14.82,14.82,
2002-04-18,12.6,12.6,12.6,12.6,
2002-04-19,12.16,12.16,12.16,12.16,
2002-04-22,11.48,11.48,11.48,11.48,
2002-04-23,11.84,11.84,11.84,11.84,
2002-04-24,11.69,11.69,11.69,11.69,
2002-04-25,11.35,11.35,11.35,11.35,
2002-04-26,11.2,11.2,11.2,11.2,
2002-04-29,11.0,11.0,11.0,11.0,
2002-04-30,11.18,11.18,11.18,11.18,
2002-05-01,11.52,11.52,11.52,11.52,
2002-05-02,11.34,11.34,11.34,11.34,
2002-05-03,11.05,11.05,11.05,11.05,
2002-05-06,10.61,10.61,10.61,10.61,
2002-05-07,10.64,10.64,10.64,10.64,
2002-05-08,11.51,11.51,11.51,11.51,
2002-05-09,11.41,11.41,11.41,11.41,
2002-05-10,11.04,11.04,11.04,11.04,
2002-05-13,11.5,11.5,11.5,11.5,
2002-05-14,12.4,12.4,12.4,12.4,
2002-05-15,12.51,12.51,12.51,12.51,
2002-05-16,12.4,12.4,12.4,12.4,
2002-05-17,12.2,12.2,12.2,12.2,
2002-05-20,12.14,12.14,12.14,12.14,
2002-05-21,11.74,11.74,11.74,11.74,
2002-05-22,11.78,11.78,11.78,11.78,
2002-05-23,12.0,12.0,12.0,12.0,
2002-05-24,11.65,11.65,11.65,11.65,
2002-05-28,11.73,11.73,11.73,11.73,
2002-05-29,11.6,11.6,11.6,11.6,
2002-05-30,11.38,11.38,11.38,11.38,
2002-05-31,11.43,11.43,11.43,11.43,
2002-06-03,10.76,10.76,10.76,10.76,
2002-06-04,10.99,10.99,10.99,10.99,
2002-06-05,10.97,10.97,10.97,10.97,
2002-06-06,10.61,10.61,10.61,10.61,
2002-06-07,9.81,9.81,9.81,9.81,
2002-06-10,9.89,9.89,9.89,9.89,
2002-06-11,9.33,9.33,9.33,9.33,
2002-06-12,9.67,9.67,9.67,9.67,
2002-06-13,9.39,9.39,9.39,9.39,
2002-06-14,9.6,9.6,9.6,9.6,
2002-06-17,10.8,10.8,10.8,10.8,
2002-06-18,10.3,10.3,10.3,10.3,
2002-06-19,8.7,8.7,8.7,8.7,
2002-06-20,8.27,8.27,8.27,8.27,
2002-06-21,8.04,8.04,8.04,8.04,
2002-06-24,8.7,8.7,8.7,8.7,
2002-06-25,8.38,8.38,8.38,8.38,
2002-06-26,8.97,8.97,8.97,8.97,
2002-06-27,9.05,9.05,9.05,9.05,
2002-06-28,9.72,9.72,9.72,9.72,
2002-07-01,9.14,9.14,9.14,9.14,
2002-07-02,8.8,8.8,8.8,8.8,
2002-07-03,8.43,8.43,8.43,8.43,
2002-07-05,9.34,9.34,9.34,9.34,
2002-07-08,9.05,9.05,9.05,9.05,
2002-07-09,8.98,8.98,8.98,8.98,
2002-07-10,9.01,9.01,9.01,9.01,
2002-07-11,9.33,9.33,9.33,9.33,
2002-07-12,9.1,9.1,9.1,9.1,
2002-07-15,9.25,9.25,9.25,9.25,
2002-07-16,9.4,9.4,9.4,9.4,
2002-07-17,9.33,9.33,9.33,9.33,
2002-07-18,8.72,8.72,8.72,8.72,
2002-07-19,8.49,8.49,8.49,8.49,
2002-07-22,8.42,8.42,8.42,8.42,
2002-07-23,8.15,8.15,8.15,8.15,
2002-07-24,8.46,8.46,8.46,8.46,
2002-07-25,7.86,7.86,7.86,7.86,
2002-07-26,7.82,7.82,7.82,7.82,
2002-07-29,8.15,8.15,8.15,8.15,
2002-07-30,8.45,8.45,8.45,8.45,
2002-07-31,8.03,8.03,8.03,8.03,
2002-08-01,7.73,7.73,7.73,7.73,
2002-08-02,7.31,7.31,7.31,7.31,
2002-08-05,7.57,7.57,7.57,7.57,
2002-08-06,8.32,8.32,8.32,8.32,
2002-08-07,8.6,8.6,8.6,8.6,
2002-08-08,8.94,8.94,8.94,8.94,
2002-08-09,8.83,8.83,8.83,8.83,
2002-08-12,8.83,8.83,8.83,8.83,
2002-08-13,8.5,8.5,8.5,8.5,
2002-08-14,9.05,9.05,9.05,9.05,
2002-08-15,9.1,9.1,9.1,9.1,
2002-08-16,9.93,9.93,9.93,9.93,
2002-08-19,10.5,10.5,10.5,10.5,
2002-08-20,10.19,10.19,10.19,10.19,
2002-08-21,10.7,10.7,10.7,10.7,
2002-08-22,10.41,10.41,10.41,10.41,
2002-08-23,9.67,9.67,9.67,9.67,
2002-08-26,9.72,9.72,9.72,9.72,
2002-08-27,9.09,9.09,9.09,9.09,
2002-08-28,8.7,8.7,8.7,8.7,
2002-08-29,8.76,8.76,8.76,8.76,
2002-08-30,8.85,8.85,8.85,8.85,
2002-09-03,8.26,8.26,8.26,8.26,
2002-09-04,8.45,8.45,8.45,8.45,
2002-09-05,7.99,7.99,7.99,7.99,
2002-09-06,8.04,8.04,8.04,8.04,
2002-09-09,7.97,7.97,7.97,7.97,
2002-09-10,8.27,8.27,8.27,8.27,
2002-09-11,8.24,8.24,8.24,8.24,
2002-09-12,7.64,7.64,7.64,7.64,
2002-09-13,7.21,7.21,7.21,7.21,
2002-09-16,7.03,7.03,7.03,7.03,
2002-09-17,6.83,6.83,6.83,6.83,
2002-09-18,6.78,6.78,6.78,6.78,
2002-09-19,6.27,6.27,6.27,6.27,
2002-09-20,6.4,6.4,6.4,6.4,
2002-09-23,5.98,5.98,5.98,5.98,
2002-09-24,5.75,5.75,5.75,5.75,
2002-09-25,5.93,5.93,5.93,5.93,
2002-09-26,6.07,6.07,6.07,6.07,
2002-09-27,5.74,5.74,5.74,5.74,
2002-09-30,5.34,5.34,5.34,5.34,
2002-10-01,5.27,5.27,5.27,5.27,
2002-10-02,5.37,5.37,5.37,5.37,
2002-10-03,3.63,3.63,3.63,3.63,
2002-10-04,3.51,3.51,3.51,3.51,
2002-10-07,3.2,3.2,3.2,3.2,
2002-10-08,3.55,3.55,3.55,3.55,
2002-10-09,3.56,3.56,3.56,3.56,
2002-10-10,3.63,3.63,3.63,3.63,
2002-10-11,3.76,3.76,3.76,3.76,
2002-10-14,3.93,3.93,3.93,3.93,
2002-10-15,4.2,4.2,4.2,4.2,
2002-10-16,3.49,3.49,3.49,3.49,
2002-10-17,4.33,4.33,4.33,4.33,
2002-10-18,4.4,4.4,4.4,4.4,
2002-10-21,5.55,5.55,5.55,5.55,
2002-10-22,5.32,5.32,5.32,5.32,
2002-10-23,5.85,5.85,5.85,5.85,
2002-10-24,5.92,5.92,5.92,5.92,
2002-10-25,6.09,6.09,6.09,6.09,
2002-10-28,6.11,6.11,6.11,6.11,
2002-10-29,5.83,5.83,5.83,5.83,
2002-10-30,6.32,6.32,6.32,6.32,
2002-10-31,6.14,6.14,6.14,6.14,
2002-11-01,6.51,6.51,6.51,6.51,
2002-11-04,6.73,6.73,6.73,6.73,
2002-11-05,6.8,6.8,6.8,6.8,
2002-11-06,7.23,7.23,7.23,7.23,
2002-11-07,6.82,6.82,6.82,6.82,
2002-11-08,6.1,6.1,6.1,6.1,
2002-11-11,5.95,5.95,5.95,5.95,
2002-11-12,6.37,6.37,6.37,6.37,
2002-11-13,6.33,6.33,6.33,6.33,
2002-11-14,6.59,6.59,6.59,6.59,
2002-11-15,6.48,6.48,6.48,6.48,
2002-11-18,6.52,6.52,6.52,6.52,
2002-11-19,5.58,5.58,5.58,5.58,
2002-11-20,5.55,5.55,5.55,5.55,
2002-11-21,6.14,6.14,6.14,6.14,
2002-11-22,6.86,6.86,6.86,6.86,
2002-11-25,7.95,7.95,7.95,7.95,
2002-11-26,7.96,7.96,7.96,7.96,
2002-11-27,8.55,8.55,8.55,8.55,
2002-11-29,9.0,9.0,9.0,9.0,
2002-12-02,8.93,8.93,8.93,8.93,
2002-12-03,8.12,8.12,8.12,8.12,
2002-12-04,7.85,7.85,7.85,7.85,
2002-12-05,8.25,8.25,8.25,8.25,
2002-12-06,8.11,8.11,8.11,8.11,
2002-12-09,7.31,7.31,7.31,7.31,
2002-12-10,7.95,7.95,7.95,7.95,
2002-12-11,7.72,7.72,7.72,7.72,
2002-12-12,7.75,7.75,7.75,7.75,
2002-12-13,7.32,7.32,7.32,7.32,
2002-12-16,7.47,7.47,7.47,7.47,
2002-12-17,7.34,7.34,7.34,7.34,
2002-12-18,6.67,6.67,6.67,6.67,
2002-12-19,6.47,6.47,6.47,6.47,
2002-12-20,6.62,6.62,6.62,6.62,
2002-12-23,6.76,6.76,6.76,6.76,
2002-12-24,6.57,6.57,6.57,6.57,
2002-12-26,6.46,6.46,6.46,6.46,
2002-12-27,6.35,6.35,6.35,6.35,
2002-12-30,6.35,6.35,6.35,6.35,
2002-12-31,6.46,6.46,6.46,6.46,
2003-01-02,7.01,7.01,7.01,7.01,
2003-01-03,6.94,6.94,6.94,6.94,
2003-01-06,7.16,7.16,7.16,7.16,
2003-01-07,7.17,7.17,7.17,7.17,
2003-01-08,6.69,6.69,6.69,6.69,
2003-01-09,6.91,6.91,6.91,6.91,
2003-01-10,7.41,7.41,7.41,7.41,
2003-01-13,7.45,7.45,7.45,7.45,
2003-01-14,7.43,7.43,7.43,7.43,
2003-01-15,7.45,7.45,7.45,7.45,
2003-01-16,7.2,7.2,7.2,7.2,
2003-01-17,6.03,6.03,6.03,6.03,
2003-01-21,6.0,6.0,6.0,6.0,
2003-01-22,5.72,5.72,5.72,5.72,
2003-01-23,5.65,5.65,5.65,5.65,
2003-01-24,5.43,5.43,5.43,5.43,
2003-01-27,5.28,5.28,5.28,5.28,
2003-01-28,5.3,5.3,5.3,5.3,
2003-01-29,5.61,5.61,5.61,5.61,
2003-01-30,5.17,5.17,5.17,5.17,
2003-01-31,5.24,5.24,5.24,5.24,
2003-02-03,5.05,5.05,5.05,5.05,
2003-02-04,5.06,5.06,5.06,5.06,
2003-02-05,5.03,5.03,5.03,5.03,
2003-02-06,5.07,5.07,5.07,5.07,
2003-02-07,5.04,5.04,5.04,5.04,
2003-02-10,5.17,5.17,5.17,5.17,
2003-02-11,5.08,5.08,5.08,5.08,
2003-02-12,4.94,4.94,4.94,4.94,
2003-02-13,5.0,5.0,5.0,5.0,
2003-02-14,5.1,5.1,5.1,5.1,
2003-02-18,5.48,5.48,5.48,5.48,
2003-02-19,5.58,5.58,5.58,5.58,
2003-02-20,5.33,5.33,5.33,5.33,
2003-02-21,5.39,5.39,5.39,5.39,
2003-02-24,5.31,5.31,5.31,5.31,
2003-02-25,5.25,5.25,5.25,5.25,
2003-02-26,5.15,5.15,5.15,5.15,
2003-02-27,5.23,5.23,5.23,5.23,
2003-02-28,5.49,5.49,5.49,5.49,
2003-03-03,5.37,5.37,5.37,5.37,
2003-03-04,5.26,5.26,5.26,5.26,
2003-03-05,5.42,5.42,5.42,5.42,
2003-03-06,5.32,5.32,5.32,5.32,
2003-03-07,5.25,5.25,5.25,5.25,
2003-03-10,5.53,5.53,5.53,5.53,
2003-03-11,5.6,5.6,5.6,5.6,
2003-03-12,5.52,5.52,5.52,5.52,
2003-03-13,5.79,5.79,5.79,5.79,
2003-03-14,5.77,5.77,5.77,5.77,
2003-03-17,5.81,5.81,5.81,5.81,
2003-03-18,6.55,6.55,6.55,6.55,
2003-03-19,6.87,6.87,6.87,6.87,
2003-03-20,7.05,7.05,7.05,7.05,
2003-03-21,7.15,7.15,7.15,7.15,
2003-03-24,6.59,6.59,6.59,6.59,
2003-03-25,6.69,6.69,6.69,6.69,
2003-03-26,6.46,6.46,6.46,6.46,
2003-03-27,6.44,6.44,6.44,6.44,
2003-03-28,6.22,6.22,6.22,6.22,
2003-03-31,6.18,6.18,6.18,6.18,
2003-04-01,6.38,6.38,6.38,6.38,
2003-04-02,7.0,7.0,7.0,7.0,
2003-04-03,7.2,7.2,7.2,7.2,
2003-04-04,7.1,7.1,7.1,7.1,
2003-04-07,7.15,7.15,7.15,7.15,
2003-04-08,7.0,7.0,7.0,7.0,
2003-04-09,6.92,6.92,6.92,6.92,
2003-04-10,6.98,6.98,6.98,6.98,
2003-04-11,7.15,7.15,7.15,7.15,
2003-04-14,7.4,7.4,7.4,7.4,
2003-04-15,7.6,7.6,7.6,7.6,
2003-04-16,7.9,7.9,7.9,7.9,
2003-04-17,8.03,8.03,8.03,8.03,
2003-04-21,8.32,8.32,8.32,8.32,
2003-04-22,8.44,8.44,8.44,8.44,
2003-04-23,8.38,8.38,8.38,8.38,
2003-04-24,7.8,7.8,7.8,7.8,
2003-04-25,7.54,7.54,7.54,7.54,
2003-04-28,7.59,7.59,7.59,7.59,
2003-04-29,7.66,7.66,7.66,7.66,
2003-04-30,7.44,7.44,7.44,7.44,
2003-05-01,7.36,7.36,7.36,7.36,
2003-05-02,7.4,7.4,7.4,7.4,
2003-05-05,7.57,7.57,7.57,7.57,
2003-05-06,7.64,7.64,7.64,7.64,
2003-05-07,7.49,7.49,7.49,7.49,
2003-05-08,7.25,7.25,7.25,7.25,
2003-05-09,7.35,7.35,7.35,7.35,
2003-05-12,7.43,7.43,7.43,7.43,
2003-05-13,7.5,7.5,7.5,7.5,
2003-05-14,7.52,7.52,7.52,7.52,
2003-05-15,7.47,7.47,7.47,7.47,
2003-05-16,7.6,7.6,7.6,7.6,
2003-05-19,7.21,7.21,7.21,7.21,
2003-05-20,7.0,7.0,7.0,7.0,
2003-05-21,7.05,7.05,7.05,7.05,
2003-05-22,7.05,7.05,7.05,7.05,
2003-05-23,6.91,6.91,6.91,6.91,
2003-05-27,7.2,7.2,7.2,7.2,
2003-05-28,7.32,7.32,7.32,7.32,
2003-05-29,7.42,7.42,7.42,7.42,
2003-05-30,7.28,7.28,7.28,7.28,
2003-06-02,6.87,6.87,6.87,6.87,
2003-06-03,6.94,6.94,6.94,6.94,
2003-06-04,7.01,7.01,7.01,7.01,
2003-06-05,7.02,7.02,7.02,7.02,
2003-06-06,6.93,6.93,6.93,6.93,
2003-06-09,6.55,6.55,6.55,6.55,
2003-06-10,6.68,6.68,6.68,6.68,
2003-06-11,6.41,6.41,6.41,6.41,
2003-06-12,6.9,6.9,6.9,6.9,
2003-06-13,6.52,6.52,6.52,6.52,
2003-06-16,6.61,6.61,6.61,6.61,
2003-06-17,6.58,6.58,6.58,6.58,
2003-06-18,6.75,6.75,6.75,6.75,
2003-06-19,6.81,6.81,6.81,6.81,
2003-06-20,6.79,6.79,6.79,6.79,
2003-06-23,6.59,6.59,6.59,6.59,
2003-06-24,6.31,6.31,6.31,6.31,
2003-06-25,6.35,6.35,6.35,6.35,
2003-06-26,6.55,6.55,6.55,6.55,
2003-06-27,6.38,6.38,6.38,6.38,
2003-06-30,6.41,6.41,6.41,6.41,
2003-07-01,6.54,6.54,6.54,6.54,
2003-07-02,6.75,6.75,6.75,6.75,
2003-07-03,6.71,6.71,6.71,6.71,
2003-07-07,7.18,7.18,7.18,7.18,
2003-07-08,7.1,7.1,7.1,7.1,
2003-07-09,7.12,7.12,7.12,7.12,
2003-07-10,7.05,7.05,7.05,7.05,
2003-07-11,7.2,7.2,7.2,7.2,
2003-07-14,7.2,7.2,7.2,7.2,
2003-07-15,7.28,7.28,7.28,7.28,
2003-07-16,7.32,7.32,7.32,7.32,
2003-07-17,7.27,7.27,7.27,7.27,
2003-07-18,7.12,7.12,7.12,7.12,
2003-07-21,7.1,7.1,7.1,7.1,
2003-07-22,7.29,7.29,7.29,7.29,
2003-07-23,7.19,7.19,7.19,7.19,
2003-07-24,7.06,7.06,7.06,7.06,
2003-07-25,7.16,7.16,7.16,7.16,
2003-07-28,7.33,7.33,7.33,7.33,
2003-07-29,7.31,7.31,7.31,7.31,
2003-07-30,7.28,7.28,7.28,7.28,
2003-07-31,7.3,7.3,7.3,7.3,
2003-08-01,7.19,7.19,7.19,7.19,
2003-08-04,7.22,7.22,7.22,7.22,
2003-08-05,7.27,7.27,7.27,7.27,
2003-08-06,7.26,7.26,7.26,7.26,
2003-08-07,7.56,7.56,7.56,7.56,
2003-08-08,7.26,7.26,7.26,7.26,
2003-08-11,7.39,7.39,7.39,7.39,
2003-08-12,7.4,7.4,7.4,7.4,
2003-08-13,7.57,7.57,7.57,7.57,
2003-08-14,7.82,7.82,7.82,7.82,
2003-08-15,7.8,7.8,7.8,7.8,
2003-08-18,8.91,8.91,8.91,8.91,
2003-08-19,9.23,9.23,9.23,9.23,
2003-08-20,9.12,9.12,9.12,9.12,
2003-08-21,9.45,9.45,9.45,9.45,
2003-08-22,9.91,9.91,9.91,9.91,
2003-08-25,10.09,10.09,10.09,10.09,
2003-08-26,10.1,10.1,10.1,10.1,
2003-08-27,10.24,10.24,10.24,10.24,
2003-08-28,10.92,10.92,10.92,10.92,
2003-08-29,11.29,11.29,11.29,11.29,
2003-09-02,11.16,11.16,11.16,11.16,
2003-09-03,11.01,11.01,11.01,11.01,
2003-09-04,11.7,11.7,11.7,11.7,
2003-09-05,12.1,12.1,12.1,12.1,
2003-09-08,12.45,12.45,12.45,12.45,
2003-09-09,12.28,12.28,12.28,12.28,
2003-09-10,11.26,11.26,11.26,11.26,
2003-09-11,11.83,11.83,11.83,11.83,
2003-09-12,12.16,12.16,12.16,12.16,
2003-09-15,11.9,11.9,11.9,11.9,
2003-09-16,12.24,12.24,12.24,12.24,
2003-09-17,12.5,12.5,12.5,12.5,
2003-09-18,12.79,12.79,12.79,12.79,
2003-09-19,12.68,12.68,12.68,12.68,
2003-09-22,12.42,12.42,12.42,12.42,
2003-09-23,12.38,12.38,12.38,12.38,
2003-09-24,11.55,11.55,11.55,11.55,
2003-09-25,11.37,11.37,11.37,11.37,
2003-09-26,10.87,10.87,10.87,10.87,
2003-09-29,11.2,11.2,11.2,11.2,
2003-09-30,11.11,11.11,11.11,11.11,
2003-10-01,11.17,11.17,11.17,11.17,
2003-10-02,11.69,11.69,11.69,11.69,
2003-10-03,11.89,11.89,11.89,11.89,
2003-10-06,12.16,12.16,12.16,12.16,
2003-10-07,12.79,12.79,12.79,12.79,
2003-10-08,12.96,12.96,12.96,12.96,
2003-10-09,13.09,13.09,13.09,13.09,
2003-10-10,13.24,13.24,13.24,13.24,
2003-10-13,13.4,13.4,13.4,13.4,
2003-10-14,13.63,13.63,13.63,13.63,
2003-10-15,13.66,13.66,13.66,13.66,
2003-10-16,13.96,13.96,13.96,13.96,
2003-10-17,13.99,13.99,13.99,13.99,
2003-10-20,14.12,14.12,14.12,14.12,
2003-10-21,14.29,14.29,14.29,14.29,
2003-10-22,13.96,13.96,13.96,13.96,
2003-10-23,13.65,13.65,13.65,13.65,
2003-10-24,13.59,13.59,13.59,13.59,
2003-10-27,13.85,13.85,13.85,13.85,
2003-10-28,14.85,14.85,14.85,14.85,
2003-10-29,15.09,15.09,15.09,15.09,
2003-10-30,15.18,15.18,15.18,15.18,
2003-10-31,15.2,15.2,15.2,15.2,
2003-11-03,15.93,15.93,15.93,15.93,
2003-11-04,16.55,16.55,16.55,16.55,
2003-11-05,17.01,17.01,17.01,17.01,
2003-11-06,17.04,17.04,17.04,17.04,
2003-11-07,17.01,17.01,17.01,17.01,
2003-11-10,16.82,16.82,16.82,16.82,
2003-11-11,16.62,16.62,16.62,16.62,
2003-11-12,18.08,18.08,18.08,18.08,
2003-11-13,18.29,18.29,18.29,18.29,
2003-11-14,17.86,17.86,17.86,17.86,
2003-11-17,17.36,17.36,17.36,17.36,
2003-11-18,17.33,17.33,17.33,17.33,
2003-11-19,17.6,17.6,17.6,17.6,
2003-11-20,16.5,16.5,16.5,16.5,
2003-11-21,16.8,16.8,16.8,16.8,
2003-11-24,17.41,17.41,17.41,17.41,
2003-11-25,17.49,17.49,17.49,17.49,
2003-11-26,17.73,17.73,17.73,17.73,
2003-11-28,17.97,17.97,17.97,17.97,
2003-12-01,18.07,18.07,18.07,18.07,
2003-12-02,17.9,17.9,17.9,17.9,
2003-12-03,17.29,17.29,17.29,17.29,
2003-12-04,16.66,16.66,16.66,16.66,
2003-12-05,16.07,16.07,16.07,16.07,
2003-12-08,15.74,15.74,15.74,15.74,
2003-12-09,14.92,14.92,14.92,14.92,
2003-12-10,14.68,14.68,14.68,14.68,
2003-12-11,15.19,15.19,15.19,15.19,
2003-12-12,15.27,15.27,15.27,15.27,
2003-12-15,14.73,14.73,14.73,14.73,
2003-12-16,14.36,14.36,14.36,14.36,
2003-12-17,13.99,13.99,13.99,13.99,
2003-12-18,14.56,14.56,14.56,14.56,
2003-12-19,14.26,14.26,14.26,14.26,
2003-12-22,14.23,14.23,14.23,14.23,
2003-12-23,14.67,14.67,14.67,14.67,
2003-12-24,14.51,14.51,14.51,14.51,
2003-12-26,14.7,14.7,14.7,14.7,
2003-12-29,15.28,15.28,15.28,15.28,
2003-12-30,15.11,15.11,15.11,15.11,
2003-12-31,14.9,14.9,14.9,14.9,
2004-01-02,14.86,14.86,14.86,14.86,
2004-01-05,15.2,15.2,15.2,15.2,
2004-01-06,15.61,15.61,15.61,15.61,
2004-01-07,15.66,15.66,15.66,15.66,
2004-01-08,15.93,15.93,15.93,15.93,
2004-01-09,15.54,15.54,15.54,15.54,
2004-01-12,15.77,15.77,15.77,15.77,
2004-01-13,15.19,15.19,15.19,15.19,
2004-01-14,15.2,15.2,15.2,15.2,
2004-01-15,15.9,15.9,15.9,15.9,
2004-01-16,16.76,16.76,16.76,16.76,
2004-01-20,17.38,17.38,17.38,17.38,
2004-01-21,15.9,15.9,15.9,15.9,
2004-01-22,15.43,15.43,15.43,15.43,
2004-01-23,15.32,15.32,15.32,15.32,
2004-01-26,15.6,15.6,15.6,15.6,
2004-01-27,15.56,15.56,15.56,15.56,
2004-01-28,15.3,15.3,15.3,15.3,
2004-01-29,14.68,14.68,14.68,14.68,
2004-01-30,14.86,14.86,14.86,14.86,
2004-02-02,14.64,14.64,14.64,14.64,
2004-02-03,14.75,14.75,14.75,14.75,
2004-02-04,14.13,14.13,14.13,14.13,
2004-02-05,14.17,14.17,14.17,14.17,
2004-02-06,14.94,14.94,14.94,14.94,
2004-02-09,15.06,15.06,15.06,15.06,
2004-02-10,15.54,15.54,15.54,15.54,
2004-02-11,15.71,15.71,15.71,15.71,
2004-02-12,15.09,15.09,15.09,15.09,
2004-02-13,14.94,14.94,14.94,14.94,
2004-02-17,14.93,14.93,14.93,14.93,
2004-02-18,15.3,15.3,15.3,15.3,
2004-02-19,14.97,14.97,14.97,14.97,
2004-02-20,14.65,14.65,14.65,14.65,
2004-02-23,13.99,13.99,13.99,13.99,
2004-02-24,14.01,14.01,14.01,14.01,
2004-02-25,14.52,14.52,14.52,14.52,
2004-02-26,15.05,15.05,15.05,15.05,
2004-02-27,15.0,15.0,15.0,15.0,
2004-03-01,14.89,14.89,14.89,14.89,
2004-03-02,14.93,14.93,14.93,14.93,
2004-03-03,14.7,14.7,14.7,14.7,
2004-03-04,15.39,15.39,15.39,15.39,
2004-03-05,15.36,15.36,15.36,15.36,
2004-03-08,14.7,14.7,14.7,14.7,
2004-03-09,14.53,14.53,14.53,14.53,
2004-03-10,14.43,14.43,14.43,14.43,
2004-03-11,14.44,14.44,14.44,14.44,
2004-03-12,15.0,15.0,15.0,15.0,
2004-03-15,14.6,14.6,14.6,14.6,
2004-03-16,14.92,14.92,14.92,14.92,
2004-03-17,15.35,15.35,15.35,15.35,
2004-03-18,15.35,15.35,15.35,15.35,
2004-03-19,15.25,15.25,15.25,15.25,
2004-03-22,14.79,14.79,14.79,14.79,
2004-03-23,14.86,14.86,14.86,14.86,
2004-03-24,15.54,15.54,15.54,15.54,
2004-03-25,15.87,15.87,15.87,15.87,
2004-03-26,15.51,15.51,15.51,15.51,
2004-03-29,15.73,15.73,15.73,15.73,
2004-03-30,16.03,16.03,16.03,16.03,
2004-03-31,16.23,16.23,16.23,16.23,
2004-04-01,16.79,16.79,16.79,16.79,
2004-04-02,17.45,17.45,17.45,17.45,
2004-04-05,17.43,17.43,17.43,17.43,
2004-04-06,17.1,17.1,17.1,17.1,
2004-04-07,16.9,16.9,16.9,16.9,
2004-04-08,17.0,17.0,17.0,17.0,
2004-04-12,17.37,17.37,17.37,17.37,
2004-04-13,17.16,17.16,17.16,17.16,
2004-04-14,17.12,17.12,17.12,17.12,
2004-04-15,16.22,16.22,16.22,16.22,
2004-04-16,16.05,16.05,16.05,16.05,
2004-04-19,16.29,16.29,16.29,16.29,
2004-04-20,15.79,15.79,15.79,15.79,
2004-04-21,16.28,16.28,16.28,16.28,
2004-04-22,16.46,16.46,16.46,16.46,
2004-04-23,16.36,16.36,16.36,16.36,
2004-04-26,16.0,16.0,16.0,16.0,
2004-04-27,15.59,15.59,15.59,15.59,
2004-04-28,15.17,15.17,15.17,15.17,
2004-04-29,14.6,14.6,14.6,14.6,
2004-04-30,14.22,14.22,14.22,14.22,
2004-05-03,14.22,14.22,14.22,14.22,
2004-05-04,14.46,14.46,14.46,14.46,
2004-05-05,14.35,14.35,14.35,14.35,
2004-05-06,14.37,14.37,14.37,14.37,
2004-05-07,14.91,14.91,14.91,14.91,
2004-05-10,15.02,15.02,15.02,15.02,
2004-05-11,15.48,15.48,15.48,15.48,
2004-05-12,15.14,15.14,15.14,15.14,
2004-05-13,14.67,14.67,14.67,14.67,
2004-05-14,13.87,13.87,13.87,13.87,
2004-05-17,13.88,13.88,13.88,13.88,
2004-05-18,13.95,13.95,13.95,13.95,
2004-05-19,14.49,14.49,14.49,14.49,
2004-05-20,14.19,14.19,14.19,14.19,
2004-05-21,14.24,14.24,14.24,14.24,
2004-05-24,14.36,14.36,14.36,14.36,
2004-05-25,14.92,14.92,14.92,14.92,
2004-05-26,15.12,15.12,15.12,15.12,
2004-05-27,15.2,15.2,15.2,15.2,
2004-05-28,15.55,15.55,15.55,15.55,
2004-06-01,15.3,15.3,15.3,15.3,
2004-06-02,15.08,15.08,15.08,15.08,
2004-06-03,14.59,14.59,14.59,14.59,
2004-06-04,15.12,15.12,15.12,15.12,
2004-06-07,15.8,15.8,15.8,15.8,
2004-06-08,16.18,16.18,16.18,16.18,
2004-06-09,15.51,15.51,15.51,15.51,
2004-06-10,15.75,15.75,15.75,15.75,
2004-06-14,15.15,15.15,15.15,15.15,
2004-06-15,15.39,15.39,15.39,15.39,
2004-06-16,15.24,15.24,15.24,15.24,
2004-06-17,14.76,14.76,14.76,14.76,
2004-06-18,14.88,14.88,14.88,14.88,
2004-06-21,14.1,14.1,14.1,14.1,
2004-06-22,14.67,14.67,14.67,14.67,
2004-06-23,15.4,15.4,15.4,15.4,
2004-06-24,15.32,15.32,15.32,15.32,
2004-06-25,15.5,15.5,15.5,15.5,
2004-06-28,15.29,15.29,15.29,15.29,
2004-06-29,15.82,15.82,15.82,15.82,
2004-06-30,15.9,15.9,15.9,15.9,
2004-07-01,15.5,15.5,15.5,15.5,
2004-07-02,15.27,15.27,15.27,15.27,
2004-07-06,14.81,14.81,14.81,14.81,
2004-07-07,15.2,15.2,15.2,15.2,
2004-07-08,15.1,15.1,15.1,15.1,
2004-07-09,14.81,14.81,14.81,14.81,
2004-07-12,14.43,14.43,14.43,14.43,
2004-07-13,14.5,14.5,14.5,14.5,
2004-07-14,13.74,13.74,13.74,13.74,
2004-07-15,12.97,12.97,12.97,12.97,
2004-07-16,12.64,12.64,12.64,12.64,
2004-07-19,12.55,12.55,12.55,12.55,
2004-07-20,12.68,12.68,12.68,12.68,
2004-07-21,12.12,12.12,12.12,12.12,
2004-07-22,12.64,12.64,12.64,12.64,
2004-07-23,12.12,12.12,12.12,12.12,
2004-07-26,11.65,11.65,11.65,11.65,
2004-07-27,11.61,11.61,11.61,11.61,
2004-07-28,11.33,11.33,11.33,11.33,
2004-07-29,11.84,11.84,11.84,11.84,
2004-07-30,12.49,12.49,12.49,12.49,
2004-08-02,12.29,12.29,12.29,12.29,
2004-08-03,11.6,11.6,11.6,11.6,
2004-08-04,11.86,11.86,11.86,11.86,
2004-08-05,11.81,11.81,11.81,11.81,
2004-08-06,11.26,11.26,11.26,11.26,
2004-08-09,11.17,11.17,11.17,11.17,
2004-08-10,11.52,11.52,11.52,11.52,
2004-08-11,10.93,10.93,10.93,10.93,
2004-08-12,10.9,10.9,10.9,10.9,
2004-08-13,11.06,11.06,11.06,11.06,
2004-08-16,11.24,11.24,11.24,11.24,
2004-08-17,11.38,11.38,11.38,11.38,
2004-08-18,11.87,11.87,11.87,11.87,
2004-08-19,11.75,11.75,11.75,11.75,
2004-08-20,11.97,11.97,11.97,11.97,
2004-08-23,12.26,12.26,12.26,12.26,
2004-08-24,11.95,11.95,11.95,11.95,
2004-08-25,12.2,12.2,12.2,12.2,
2004-08-26,11.82,11.82,11.82,11.82,
2004-08-27,11.96,11.96,11.96,11.96,
2004-08-30,11.59,11.59,11.59,11.59,
2004-08-31,11.43,11.43,11.43,11.43,
2004-09-01,11.7,11.7,11.7,11.7,
2004-09-02,11.68,11.68,11.68,11.68,
2004-09-03,10.9,10.9,10.9,10.9,
2004-09-07,10.97,10.97,10.97,10.97,
2004-09-08,10.86,10.86,10.86,10.86,
2004-09-09,11.6,11.6,11.6,11.6,
2004-09-10,12.21,12.21,12.21,12.21,
2004-09-13,12.9,12.9,12.9,12.9,
2004-09-14,12.7,12.7,12.7,12.7,
2004-09-15,12.22,12.22,12.22,12.22,
2004-09-16,12.17,12.17,12.17,12.17,
2004-09-17,12.7,12.7,12.7,12.7,
2004-09-20,12.79,12.79,12.79,12.79,
2004-09-21,13.03,13.03,13.03,13.03,
2004-09-22,12.98,12.98,12.98,12.98,
2004-09-23,12.82,12.82,12.82,12.82,
2004-09-24,12.42,12.42,12.42,12.42,
2004-09-27,12.47,12.47,12.47,12.47,
2004-09-28,12.46,12.46,12.46,12.46,
2004-09-29,12.8,12.8,12.8,12.8,
2004-09-30,13.0,13.0,13.0,13.0,
2004-10-01,13.43,13.43,13.43,13.43,
2004-10-04,13.7,13.7,13.7,13.7,
2004-10-05,13.68,13.68,13.68,13.68,
2004-10-06,13.97,13.97,13.97,13.97,
2004-10-07,14.11,14.11,14.11,14.11,
2004-10-08,13.5,13.5,13.5,13.5,
2004-10-11,13.95,13.95,13.95,13.95,
2004-10-12,13.7,13.7,13.7,13.7,
2004-10-13,13.84,13.84,13.84,13.84,
2004-10-14,13.59,13.59,13.59,13.59,
2004-10-15,14.0,14.0,14.0,14.0,
2004-10-18,14.19,14.19,14.19,14.19,
2004-10-19,14.75,14.75,14.75,14.75,
2004-10-20,15.41,15.41,15.41,15.41,
2004-10-21,15.95,15.95,15.95,15.95,
2004-10-22,15.56,15.56,15.56,15.56,
2004-10-25,15.5,15.5,15.5,15.5,
2004-10-26,15.62,15.62,15.62,15.62,
2004-10-27,16.23,16.23,16.23,16.23,
2004-10-28,16.69,16.69,16.69,16.69,
2004-10-29,16.82,16.82,16.82,16.82,
2004-11-01,17.34,17.34,17.34,17.34,
2004-11-02,17.7,17.7,17.7,17.7,
2004-11-03,17.1,17.1,17.1,17.1,
2004-11-04,16.98,16.98,16.98,16.98,
2004-11-05,17.09,17.09,17.09,17.09,
2004-11-08,17.37,17.37,17.37,17.37,
2004-11-09,17.22,17.22,17.22,17.22,
2004-11-10,17.29,17.29,17.29,17.29,
2004-11-11,18.59,18.59,18.59,18.59,
2004-11-12,21.02,21.02,21.02,21.02,
2004-11-15,20.98,20.98,20.98,20.98,
2004-11-16,20.88,20.88,20.88,20.88,
2004-11-17,21.99,21.99,21.99,21.99,
2004-11-18,21.96,21.96,21.96,21.96,
2004-11-19,20.81,20.81,20.81,20.81,
2004-11-22,20.96,20.96,20.96,20.96,
2004-11-23,21.39,21.39,21.39,21.39,
2004-11-24,21.57,21.57,21.57,21.57,
2004-11-26,21.54,21.54,21.54,21.54,
2004-11-29,21.23,21.23,21.23,21.23,
2004-11-30,21.28,21.28,21.28,21.28,
2004-12-01,22.61,22.61,22.61,22.61,
2004-12-02,22.62,22.62,22.62,22.62,
2004-12-03,23.22,23.22,23.22,23.22,
2004-12-06,24.85,24.85,24.85,24.85,
2004-12-07,23.49,23.49,23.49,23.49,
2004-12-08,22.9,22.9,22.9,22.9,
2004-12-09,22.1,22.1,22.1,22.1,
2004-12-10,21.83,21.83,21.83,21.83,
2004-12-13,22.11,22.11,22.11,22.11,
2004-12-14,22.54,22.54,22.54,22.54,
2004-12-15,22.64,22.64,22.64,22.64,
2004-12-16,22.49,22.49,22.49,22.49,
2004-12-17,22.43,22.43,22.43,22.43,
2004-12-20,21.84,21.84,21.84,21.84,
2004-12-21,21.73,21.73,21.73,21.73,
2004-12-22,21.83,21.83,21.83,21.83,
2004-12-23,22.12,22.12,22.12,22.12,
2004-12-27,21.9,21.9,21.9,21.9,
2004-12-28,21.73,21.73,21.73,21.73,
2004-12-29,21.96,21.96,21.96,21.96,
2004-12-30,21.95,21.95,21.95,21.95,
2004-12-31,22.02,22.02,22.02,22.02,
2005-01-03,21.41,21.41,21.41,21.41,
2005-01-04,20.21,20.21,20.21,20.21,
2005-01-05,19.75,19.75,19.75,19.75,
2005-01-06,19.72,19.72,19.72,19.72,
2005-01-07,19.92,19.92,19.92,19.92,
2005-01-10,20.13,20.13,20.13,20.13,
2005-01-11,14.86,14.86,14.86,14.86,
2005-01-12,15.02,15.02,15.02,15.02,
2005-01-13,15.16,15.16,15.16,15.16,
2005-01-14,15.16,15.16,15.16,15.16,
2005-01-18,15.5,15.5,15.5,15.5,
2005-01-19,15.5,15.5,15.5,15.5,
2005-01-20,15.64,15.64,15.64,15.64,
2005-01-21,15.49,15.49,15.49,15.49,
2005-01-24,15.16,15.16,15.16,15.16,
2005-01-25,15.75,15.75,15.75,15.75,
2005-01-26,15.98,15.98,15.98,15.98,
2005-01-27,16.12,16.12,16.12,16.12,
2005-01-28,15.71,15.71,15.71,15.71,
2005-01-31,15.8,15.8,15.8,15.8,
2005-02-01,16.27,16.27,16.27,16.27,
2005-02-02,16.66,16.66,16.66,16.66,
2005-02-03,16.67,16.67,16.67,16.67,
2005-02-04,17.49,17.49,17.49,17.49,
2005-02-07,17.22,17.22,17.22,17.22,
2005-02-08,17.64,17.64,17.64,17.64,
2005-02-09,17.94,17.94,17.94,17.94,
2005-02-10,17.75,17.75,17.75,17.75,
2005-02-11,18.11,18.11,18.11,18.11,
2005-02-14,18.24,18.24,18.24,18.24,
2005-02-15,17.68,17.68,17.68,17.68,
2005-02-16,17.45,17.45,17.45,17.45,
2005-02-17,17.06,17.06,17.06,17.06,
2005-02-18,16.9,16.9,16.9,16.9,
2005-02-22,17.0,17.0,17.0,17.0,
2005-02-23,16.6,16.6,16.6,16.6,
2005-02-24,17.62,17.62,17.62,17.62,
2005-02-25,17.77,17.77,17.77,17.77,
2005-02-28,17.45,17.45,17.45,17.45,
2005-03-01,17.96,17.96,17.96,17.96,
2005-03-02,17.65,17.65,17.65,17.65,
2005-03-03,17.52,17.52,17.52,17.52,
2005-03-04,17.43,17.43,17.43,17.43,
2005-03-07,17.47,17.47,17.47,17.47,
2005-03-08,17.12,17.12,17.12,17.12,
2005-03-09,16.94,16.94,16.94,16.94,
2005-03-10,17.02,17.02,17.02,17.02,
2005-03-11,16.36,16.36,16.36,16.36,
2005-03-14,16.44,16.44,16.44,16.44,
2005-03-15,16.07,16.07,16.07,16.07,
2005-03-16,16.03,16.03,16.03,16.03,
2005-03-17,16.12,16.12,16.12,16.12,
2005-03-18,16.08,16.08,16.08,16.08,
2005-03-21,15.75,15.75,15.75,15.75,
2005-03-22,15.38,15.38,15.38,15.38,
2005-03-23,15.65,15.65,15.65,15.65,
2005-03-24,16.12,16.12,16.12,16.12,
2005-03-28,15.47,15.47,15.47,15.47,
2005-03-29,15.42,15.42,15.42,15.42,
2005-03-30,16.21,16.21,16.21,16.21,
2005-03-31,16.12,16.12,16.12,16.12,
2005-04-01,16.19,16.19,16.19,16.19,
2005-04-04,15.95,15.95,15.95,15.95,
2005-04-05,15.85,15.85,15.85,15.85,
2005-04-06,15.74,15.74,15.74,15.74,
2005-04-07,16.18,16.18,16.18,16.18,
2005-04-08,17.09,17.09,17.09,17.09,
2005-04-11,17.02,17.02,17.02,17.02,
2005-04-12,17.23,17.23,17.23,17.23,
2005-04-13,17.06,17.06,17.06,17.06,
2005-04-14,16.26,16.26,16.26,16.26,
2005-04-15,15.45,15.45,15.45,15.45,
2005-04-18,15.28,15.28,15.28,15.28,
2005-04-19,15.28,15.28,15.28,15.28,
2005-04-20,14.65,14.65,14.65,14.65,
2005-04-21,14.99,14.99,14.99,14.99,
2005-04-22,14.6,14.6,14.6,14.6,
2005-04-25,14.7,14.7,14.7,14.7,
2005-04-26,14.62,14.62,14.62,14.62,
2005-04-27,14.51,14.51,14.51,14.51,
2005-04-28,14.16,14.16,14.16,14.16,
2005-04-29,14.23,14.23,14.23,14.23,
2005-05-02,14.32,14.32,14.32,14.32,
2005-05-03,14.36,14.36,14.36,14.36,
2005-05-04,14.68,14.68,14.68,14.68,
2005-05-05,14.74,14.74,14.74,14.74,
2005-05-06,14.9,14.9,14.9,14.9,
2005-05-09,15.05,15.05,15.05,15.05,
2005-05-10,15.07,15.07,15.07,15.07,
2005-05-11,15.09,15.09,15.09,15.09,
2005-05-12,15.3,15.3,15.3,15.3,
2005-05-13,15.48,15.48,15.48,15.48,
2005-05-16,15.67,15.67,15.67,15.67,
2005-05-17,15.67,15.67,15.67,15.67,
2005-05-18,15.82,15.82,15.82,15.82,
2005-05-19,15.86,15.86,15.86,15.86,
2005-05-20,16.0,16.0,16.0,16.0,
2005-05-23,15.95,15.95,15.95,15.95,
2005-05-24,16.12,16.12,16.12,16.12,
2005-05-25,16.16,16.16,16.16,16.16,
2005-05-26,16.36,16.36,16.36,16.36,
2005-05-27,16.21,16.21,16.21,16.21,
2005-05-31,16.4,16.4,16.4,16.4,
2005-06-01,16.72,16.72,16.72,16.72,
2005-06-02,17.05,17.05,17.05,17.05,
2005-06-03,17.08,17.08,17.08,17.08,
2005-06-06,17.01,17.01,17.01,17.01,
2005-06-07,17.56,17.56,17.56,17.56,
2005-06-08,17.8,17.8,17.8,17.8,
2005-06-09,18.21,18.21,18.21,18.21,
2005-06-10,17.57,17.57,17.57,17.57,
2005-06-13,17.32,17.32,17.32,17.32,
2005-06-14,17.08,17.08,17.08,17.08,
2005-06-15,17.05,17.05,17.05,17.05,
2005-06-16,17.39,17.39,17.39,17.39,
2005-06-17,17.44,17.44,17.44,17.44,
2005-06-20,17.53,17.53,17.53,17.53,
2005-06-21,17.8,17.8,17.8,17.8,
2005-06-22,17.91,17.91,17.91,17.91,
2005-06-23,17.62,17.62,17.62,17.62,
2005-06-24,17.17,17.17,17.17,17.17,
2005-06-27,16.65,16.65,16.65,16.65,
2005-06-28,17.7,17.7,17.7,17.7,
2005-06-29,17.37,17.37,17.37,17.37,
2005-06-30,17.34,17.34,17.34,17.34,
2005-07-01,17.45,17.45,17.45,17.45,
2005-07-05,18.04,18.04,18.04,18.04,
2005-07-06,18.51,18.51,18.51,18.51,
2005-07-07,18.73,18.73,18.73,18.73,
2005-07-08,18.94,18.94,18.94,18.94,
2005-07-11,19.01,19.01,19.01,19.01,
2005-07-12,19.37,19.37,19.37,19.37,
2005-07-13,19.25,19.25,19.25,19.25,
2005-07-14,19.88,19.88,19.88,19.88,
2005-07-15,20.01,20.01,20.01,20.01,
2005-07-18,19.94,19.94,19.94,19.94,
2005-07-19,20.67,20.67,20.67,20.67,
2005-07-20,20.59,20.59,20.59,20.59,
2005-07-21,20.37,20.37,20.37,20.37,
2005-07-22,20.49,20.49,20.49,20.49,
2005-07-25,19.75,19.75,19.75,19.75,
2005-07-26,19.85,19.85,19.85,19.85,
2005-07-27,20.1,20.1,20.1,20.1,
2005-07-28,20.27,20.27,20.27,20.27,
2005-07-29,20.08,20.08,20.08,20.08,
2005-08-01,20.05,20.05,20.05,20.05,
2005-08-02,20.42,20.42,20.42,20.42,
2005-08-03,20.65,20.65,20.65,20.65,
2005-08-04,20.15,20.15,20.15,20.15,
2005-08-05,19.91,19.91,19.91,19.91,
2005-08-08,19.96,19.96,19.96,19.96,
2005-08-09,20.42,20.42,20.42,20.42,
2005-08-10,20.6,20.6,20.6,20.6,
2005-08-11,20.69,20.69,20.69,20.69,
2005-08-12,20.7,20.7,20.7,20.7,
2005-08-15,20.85,20.85,20.85,20.85,
2005-08-16,20.3,20.3,20.3,20.3,
2005-08-17,21.19,21.19,21.19,21.19,
2005-08-18,20.87,20.87,20.87,20.87,
2005-08-19,20.55,20.55,20.55,20.55,
2005-08-22,20.63,20.63,20.63,20.63,
2005-08-23,20.5,20.5,20.5,20.5,
2005-08-24,20.65,20.65,20.65,20.65,
2005-08-25,20.99,20.99,20.99,20.99,
2005-08-26,21.0,21.0,21.0,21.0,
2005-08-29,20.84,20.84,20.84,20.84,
2005-08-30,20.37,20.37,20.37,20.37,
2005-08-31,20.77,20.77,20.77,20.77,
2005-09-01,20.88,20.88,20.88,20.88,
2005-09-02,20.9,20.9,20.9,20.9,
2005-09-06,21.52,21.52,21.52,21.52,
2005-09-07,22.55,22.55,22.55,22.55,
2005-09-08,23.08,23.08,23.08,23.08,
2005-09-09,23.85,23.85,23.85,23.85,
2005-09-12,23.38,23.38,23.38,23.38,
2005-09-13,23.3,23.3,23.3,23.3,
2005-09-14,23.63,23.63,23.63,23.63,
2005-09-15,23.64,23.64,23.64,23.64,
2005-09-16,22.65,22.65,22.65,22.65,
2005-09-19,22.34,22.34,22.34,22.34,
2005-09-20,23.0,23.0,23.0,23.0,
2005-09-21,22.1,22.1,22.1,22.1,
2005-09-22,22.21,22.21,22.21,22.21,
2005-09-23,22.98,22.98,22.98,22.98,
2005-09-26,23.63,23.63,23.63,23.63,
2005-09-27,23.77,23.77,23.77,23.77,
2005-09-28,24.17,24.17,24.17,24.17,
2005-09-29,24.87,24.87,24.87,24.87,
2005-09-30,25.2,25.2,25.2,25.2,
2005-10-03,25.66,25.66,25.66,25.66,
2005-10-04,24.36,24.36,24.36,24.36,
2005-10-05,24.0,24.0,24.0,24.0,
2005-10-06,23.83,23.83,23.83,23.83,
2005-10-07,24.0,24.0,24.0,24.0,
2005-10-10,23.11,23.11,23.11,23.11,
2005-10-11,24.0,24.0,24.0,24.0,
2005-10-12,21.0,21.0,21.0,21.0,
2005-10-13,21.63,21.63,21.63,21.63,
2005-10-14,21.19,21.19,21.19,21.19,
2005-10-17,21.37,21.37,21.37,21.37,
2005-10-18,21.05,21.05,21.05,21.05,
2005-10-19,21.34,21.34,21.34,21.34,
2005-10-20,21.0,21.0,21.0,21.0,
2005-10-21,21.85,21.85,21.85,21.85,
2005-10-24,22.12,22.12,22.12,22.12,
2005-10-25,22.35,22.35,22.35,22.35,
2005-10-26,22.82,22.82,22.82,22.82,
2005-10-27,21.82,21.82,21.82,21.82,
2005-10-28,22.32,22.32,22.32,22.32,
2005-10-31,23.22,23.22,23.22,23.22,
2005-11-01,23.08,23.08,23.08,23.08,
2005-11-02,24.2,24.2,24.2,24.2,
2005-11-03,24.5,24.5,24.5,24.5,
2005-11-04,24.63,24.63,24.63,24.63,
2005-11-07,24.89,24.89,24.89,24.89,
2005-11-08,24.54,24.54,24.54,24.54,
2005-11-09,24.52,24.52,24.52,24.52,
2005-11-10,24.82,24.82,24.82,24.82,
2005-11-11,24.76,24.76,24.76,24.76,
2005-11-14,25.0,25.0,25.0,25.0,
2005-11-15,25.5,25.5,25.5,25.5,
2005-11-16,25.55,25.55,25.55,25.55,
2005-11-17,25.89,25.89,25.89,25.89,
2005-11-18,26.74,26.74,26.74,26.74,
2005-11-21,27.04,27.04,27.04,27.04,
2005-11-22,27.09,27.09,27.09,27.09,
2005-11-23,26.22,26.22,26.22,26.22,
2005-11-25,26.52,26.52,26.52,26.52,
2005-11-28,26.49,26.49,26.49,26.49,
2005-11-29,25.58,25.58,25.58,25.58,
2005-11-30,26.18,26.18,26.18,26.18,
2005-12-01,27.41,27.41,27.41,27.41,
2005-12-02,27.95,27.95,27.95,27.95,
2005-12-05,27.27,27.27,27.27,27.27,
2005-12-06,26.95,26.95,26.95,26.95,
2005-12-07,26.67,26.67,26.67,26.67,
2005-12-08,25.65,25.65,25.65,25.65,
2005-12-09,26.9,26.9,26.9,26.9,
2005-12-12,26.99,26.99,26.99,26.99,
2005-12-13,27.03,27.03,27.03,27.03,
2005-12-14,27.55,27.55,27.55,27.55,
2005-12-15,27.9,27.9,27.9,27.9,
2005-12-16,28.17,28.17,28.17,28.17,
2005-12-19,28.12,28.12,28.12,28.12,
2005-12-20,29.22,29.22,29.22,29.22,
2005-12-21,29.34,29.34,29.34,29.34,
2005-12-22,30.02,30.02,30.02,30.02,
2005-12-23,30.5,30.5,30.5,30.5,
2005-12-27,31.2,31.2,31.2,31.2,
2005-12-28,31.7,31.7,31.7,31.7,
2005-12-29,30.53,30.53,30.53,30.53,
2005-12-30,30.6,30.6,30.6,30.6,
2006-01-03,32.4,32.4,32.4,32.4,
2006-01-04,32.56,32.56,32.56,32.56,
2006-01-05,33.68,33.68,33.68,33.68,
2006-01-06,33.78,33.78,33.78,33.78,
2006-01-09,33.25,33.25,33.25,33.25,
2006-01-10,34.93,34.93,34.93,34.93,
2006-01-11,36.27,36.27,36.27,36.27,
2006-01-12,35.35,35.35,35.35,35.35,
2006-01-13,34.13,34.13,34.13,34.13,
2006-01-17,32.86,32.86,32.86,32.86,
2006-01-18,34.15,34.15,34.15,34.15,
2006-01-19,37.13,37.13,37.13,37.13,
2006-01-20,35.7,35.7,35.7,35.7,
2006-01-23,35.47,35.47,35.47,35.47,
2006-01-24,36.77,36.77,36.77,36.77,
2006-01-25,38.38,38.38,38.38,38.38,
2006-01-26,40.41,40.41,40.41,40.41,
2006-01-27,39.85,39.85,39.85,39.85,
2006-01-30,41.4,41.4,41.4,41.4,
2006-01-31,41.8,41.8,41.8,41.8,
2006-02-01,42.1,42.1,42.1,42.1,
2006-02-02,41.02,41.02,41.02,41.02,
2006-02-03,39.54,39.54,39.54,39.54,
2006-02-06,41.22,41.22,41.22,41.22,
2006-02-07,41.01,41.01,41.01,41.01,
2006-02-08,40.86,40.86,40.86,40.86,
2006-02-09,40.06,40.06,40.06,40.06,
2006-02-10,40.1,40.1,40.1,40.1,
2006-02-13,38.96,38.96,38.96,38.96,
2006-02-14,40.22,40.22,40.22,40.22,
2006-02-15,40.24,40.24,40.24,40.24,
2006-02-16,41.74,41.74,41.74,41.74,
2006-02-17,40.33,40.33,40.33,40.33,
2006-02-21,40.05,40.05,40.05,40.05,
2006-02-22,40.8,40.8,40.8,40.8,
2006-02-23,40.39,40.39,40.39,40.39,
2006-02-24,40.54,40.54,40.54,40.54,
2006-02-27,40.62,40.62,40.62,40.62,
2006-02-28,38.67,38.67,38.67,38.67,
2006-03-01,40.07,40.07,40.07,40.07,
2006-03-02,41.33,41.33,41.33,41.33,
2006-03-03,39.51,39.51,39.51,39.51,
2006-03-06,39.39,39.39,39.39,39.39,
2006-03-07,38.27,38.27,38.27,38.27,
2006-03-08,37.09,37.09,37.09,37.09,
2006-03-09,36.21,36.21,36.21,36.21,
2006-03-10,36.63,36.63,36.63,36.63,
2006-03-13,34.0,34.0,34.0,34.0,
2006-03-14,34.99,34.99,34.99,34.99,
2006-03-15,35.12,35.12,35.12,35.12,
2006-03-16,34.08,34.08,34.08,34.08,
2006-03-17,33.95,33.95,33.95,33.95,
2006-03-20,34.15,34.15,34.15,34.15,
2006-03-21,34.44,34.44,34.44,34.44,
2006-03-22,34.37,34.37,34.37,34.37,
2006-03-23,34.75,34.75,34.75,34.75,
2006-03-24,36.13,36.13,36.13,36.13,
2006-03-27,35.33,35.33,35.33,35.33,
2006-03-28,34.09,34.09,34.09,34.09,
2006-03-29,34.29,34.29,34.29,34.29,
2006-03-30,33.59,33.59,33.59,33.59,
2006-03-31,33.16,33.16,33.16,33.16,
2006-04-03,33.18,33.18,33.18,33.18,
2006-04-04,33.43,33.43,33.43,33.43,
2006-04-05,34.78,34.78,34.78,34.78,
2006-04-06,34.7,34.7,34.7,34.7,
2006-04-07,33.69,33.69,33.69,33.69,
2006-04-10,34.57,34.57,34.57,34.57,
2006-04-11,34.35,34.35,34.35,34.35,
2006-04-12,35.42,35.42,35.42,35.42,
2006-04-13,31.8,31.8,31.8,31.8,
2006-04-17,30.6,30.6,30.6,30.6,
2006-04-18,31.23,31.23,31.23,31.23,
2006-04-19,31.54,31.54,31.54,31.54,
2006-04-20,31.38,31.38,31.38,31.38,
2006-04-21,31.73,31.73,31.73,31.73,
2006-04-24,32.81,32.81,32.81,32.81,
2006-04-25,33.41,33.41,33.41,33.41,
2006-04-26,32.8,32.8,32.8,32.8,
2006-04-27,32.8,32.8,32.8,32.8,
2006-04-28,32.35,32.35,32.35,32.35,
2006-05-01,31.79,31.79,31.79,31.79,
2006-05-02,32.62,32.62,32.62,32.62,
2006-05-03,33.27,33.27,33.27,33.27,
2006-05-04,33.95,33.95,33.95,33.95,
2006-05-05,34.43,34.43,34.43,34.43,
2006-05-08,33.95,33.95,33.95,33.95,
2006-05-09,34.16,34.16,34.16,34.16,
2006-05-10,32.83,32.83,32.83,32.83,
2006-05-11,31.49,31.49,31.49,31.49,
2006-05-12,31.66,31.66,31.66,31.66,
2006-05-15,31.12,31.12,31.12,31.12,
2006-05-16,30.81,30.81,30.81,30.81,
2006-05-17,30.77,30.77,30.77,30.77,
2006-05-18,31.35,31.35,31.35,31.35,
2006-05-19,34.95,34.95,34.95,34.95,
2006-05-22,33.18,33.18,33.18,33.18,
2006-05-23,31.79,31.79,31.79,31.79,
2006-05-24,31.18,31.18,31.18,31.18,
2006-05-25,30.97,30.97,30.97,30.97,
2006-05-26,31.63,31.63,31.63,31.63,
2006-05-30,30.48,30.48,30.48,30.48,
2006-05-31,30.89,30.89,30.89,30.89,
2006-06-01,31.39,31.39,31.39,31.39,
2006-06-02,30.1,30.1,30.1,30.1,
2006-06-05,29.06,29.06,29.06,29.06,
2006-06-06,28.95,28.95,28.95,28.95,
2006-06-07,28.0,28.0,28.0,28.0,
2006-06-08,27.03,27.03,27.03,27.03,
2006-06-09,26.75,26.75,26.75,26.75,
2006-06-12,25.68,25.68,25.68,25.68,
2006-06-13,24.39,24.39,24.39,24.39,
2006-06-14,25.11,25.11,25.11,25.11,
2006-06-15,26.11,26.11,26.11,26.11,
2006-06-16,25.64,25.64,25.64,25.64,
2006-06-19,24.95,24.95,24.95,24.95,
2006-06-20,24.87,24.87,24.87,24.87,
2006-06-21,25.42,25.42,25.42,25.42,
2006-06-22,25.37,25.37,25.37,25.37,
2006-06-23,25.14,25.14,25.14,25.14,
2006-06-26,24.66,24.66,24.66,24.66,
2006-06-27,24.26,24.26,24.26,24.26,
2006-06-28,23.89,23.89,23.89,23.89,
2006-06-29,24.81,24.81,24.81,24.81,
2006-06-30,24.42,24.42,24.42,24.42,
2006-07-03,24.6,24.6,24.6,24.6,
2006-07-05,23.9,23.9,23.9,23.9,
2006-07-06,23.83,23.83,23.83,23.83,
2006-07-07,23.56,23.56,23.56,23.56,
2006-07-10,22.51,22.51,22.51,22.51,
2006-07-11,22.98,22.98,22.98,22.98,
2006-07-12,22.84,22.84,22.84,22.84,
2006-07-13,22.13,22.13,22.13,22.13,
2006-07-14,21.6,21.6,21.6,21.6,
2006-07-17,20.92,20.92,20.92,20.92,
2006-07-18,20.55,20.55,20.55,20.55,
2006-07-19,21.46,21.46,21.46,21.46,
2006-07-20,21.65,21.65,21.65,21.65,
2006-07-21,18.26,18.26,18.26,18.26,
2006-07-24,17.39,17.39,17.39,17.39,
2006-07-25,17.8,17.8,17.8,17.8,
2006-07-26,18.25,18.25,18.25,18.25,
2006-07-27,18.06,18.06,18.06,18.06,
2006-07-28,19.1,19.1,19.1,19.1,
2006-07-31,19.39,19.39,19.39,19.39,
2006-08-01,19.1,19.1,19.1,19.1,
2006-08-02,19.6,19.6,19.6,19.6,
2006-08-03,20.45,20.45,20.45,20.45,
2006-08-04,20.47,20.47,20.47,20.47,
2006-08-07,20.22,20.22,20.22,20.22,
2006-08-08,20.12,20.12,20.12,20.12,
2006-08-09,19.85,19.85,19.85,19.85,
2006-08-10,20.01,20.01,20.01,20.01,
2006-08-11,19.78,19.78,19.78,19.78,
2006-08-14,19.87,19.87,19.87,19.87,
2006-08-15,20.87,20.87,20.87,20.87,
2006-08-16,22.57,22.57,22.57,22.57,
2006-08-17,24.2,24.2,24.2,24.2,
2006-08-18,23.93,23.93,23.93,23.93,
2006-08-21,23.4,23.4,23.4,23.4,
2006-08-22,24.88,24.88,24.88,24.88,
2006-08-23,24.9,24.9,24.9,24.9,
2006-08-24,24.76,24.76,24.76,24.76,
2006-08-25,24.56,24.56,24.56,24.56,
2006-08-28,23.92,23.92,23.92,23.92,
2006-08-29,24.4,24.4,24.4,24.4,
2006-08-30,25.03,25.03,25.03,25.03,
2006-08-31,24.99,24.99,24.99,24.99,
2006-09-01,24.66,24.66,24.66,24.66,
2006-09-05,26.22,26.22,26.22,26.22,
2006-09-06,24.53,24.53,24.53,24.53,
2006-09-07,24.59,24.59,24.59,24.59,
2006-09-08,25.8,25.8,25.8,25.8,
2006-09-11,25.66,25.66,25.66,25.66,
2006-09-12,26.48,26.48,26.48,26.48,
2006-09-13,27.15,27.15,27.15,27.15,
2006-09-14,27.02,27.02,27.02,27.02,
2006-09-15,26.53,26.53,26.53,26.53,
2006-09-18,27.32,27.32,27.32,27.32,
2006-09-19,26.93,26.93,26.93,26.93,
2006-09-20,27.38,27.38,27.38,27.38,
2006-09-21,26.98,26.98,26.98,26.98,
2006-09-22,26.21,26.21,26.21,26.21,
2006-09-25,26.77,26.77,26.77,26.77,
2006-09-26,25.99,25.99,25.99,25.99,
2006-09-27,25.32,25.32,25.32,25.32,
2006-09-28,25.07,25.07,25.07,25.07,
2006-09-29,24.85,24.85,24.85,24.85,
2006-10-02,24.81,24.81,24.81,24.81,
2006-10-03,24.13,24.13,24.13,24.13,
2006-10-04,25.03,25.03,25.03,25.03,
2006-10-05,25.11,25.11,25.11,25.11,
2006-10-06,24.01,24.01,24.01,24.01,
2006-10-09,23.0,23.0,23.0,23.0,
2006-10-10,23.14,23.14,23.14,23.14,
2006-10-11,24.27,24.27,24.27,24.27,
2006-10-12,24.69,24.69,24.69,24.69,
2006-10-13,25.23,25.23,25.23,25.23,
2006-10-16,25.38,25.38,25.38,25.38,
2006-10-17,24.48,24.48,24.48,24.48,
2006-10-18,24.23,24.23,24.23,24.23,
2006-10-19,21.01,21.01,21.01,21.01,
2006-10-20,20.12,20.12,20.12,20.12,
2006-10-23,20.24,20.24,20.24,20.24,
2006-10-24,20.32,20.32,20.32,20.32,
2006-10-25,20.83,20.83,20.83,20.83,
2006-10-26,21.5,21.5,21.5,21.5,
2006-10-27,20.86,20.86,20.86,20.86,
2006-10-30,21.32,21.32,21.32,21.32,
2006-10-31,21.27,21.27,21.27,21.27,
2006-11-01,20.73,20.73,20.73,20.73,
2006-11-02,20.85,20.85,20.85,20.85,
2006-11-03,20.88,20.88,20.88,20.88,
2006-11-06,21.39,21.39,21.39,21.39,
2006-11-07,21.56,21.56,21.56,21.56,
2006-11-08,21.25,21.25,21.25,21.25,
2006-11-09,20.89,20.89,20.89,20.89,
2006-11-10,21.07,21.07,21.07,21.07,
2006-11-13,21.2,21.2,21.2,21.2,
2006-11-14,21.34,21.34,21.34,21.34,
2006-11-15,21.71,21.71,21.71,21.71,
2006-11-16,21.74,21.74,21.74,21.74,
2006-11-17,21.45,21.45,21.45,21.45,
2006-11-20,21.44,21.44,21.44,21.44,
2006-11-21,21.24,21.24,21.24,21.24,
2006-11-22,21.77,21.77,21.77,21.77,
2006-11-24,21.8,21.8,21.8,21.8,
2006-11-27,21.83,21.83,21.83,21.83,
2006-11-28,21.93,21.93,21.93,21.93,
2006-11-29,21.41,21.41,21.41,21.41,
2006-11-30,21.57,21.57,21.57,21.57,
2006-12-01,20.69,20.69,20.69,20.69,
2006-12-04,21.04,21.04,21.04,21.04,
2006-12-05,21.34,21.34,21.34,21.34,
2006-12-06,21.49,21.49,21.49,21.49,
2006-12-07,21.05,21.05,21.05,21.05,
2006-12-08,20.93,20.93,20.93,20.93,
2006-12-11,20.69,20.69,20.69,20.69,
2006-12-12,20.47,20.47,20.47,20.47,
2006-12-13,20.17,20.17,20.17,20.17,
2006-12-14,22.71,22.71,22.71,22.71,
2006-12-15,22.12,22.12,22.12,22.12,
2006-12-18,21.97,21.97,21.97,21.97,
2006-12-19,21.64,21.64,21.64,21.64,
2006-12-20,21.85,21.85,21.85,21.85,
2006-12-21,20.95,20.95,20.95,20.95,
2006-12-22,20.77,20.77,20.77,20.77,
2006-12-26,20.6,20.6,20.6,20.6,
2006-12-27,20.7,20.7,20.7,20.7,
2006-12-28,20.57,20.57,20.57,20.57,
2006-12-29,20.35,20.35,20.35,20.35,
2007-01-03,19.52,19.52,19.52,19.52,
2007-01-04,19.79,19.79,19.79,19.79,
2007-01-05,19.71,19.71,19.71,19.71,
2007-01-08,19.47,19.47,19.47,19.47,
2007-01-09,19.65,19.65,19.65,19.65,
2007-01-10,20.01,20.01,20.01,20.01,
2007-01-11,20.18,20.18,20.18,20.18,
2007-01-12,18.26,18.26,18.26,18.26,
2007-01-16,18.13,18.13,18.13,18.13,
2007-01-17,18.2,18.2,18.2,18.2,
2007-01-18,17.92,17.92,17.92,17.92,
2007-01-19,17.73,17.73,17.73,17.73,
2007-01-22,17.53,17.53,17.53,17.53,
2007-01-23,17.51,17.51,17.51,17.51,
2007-01-24,16.03,16.03,16.03,16.03,
2007-01-25,16.05,16.05,16.05,16.05,
2007-01-26,16.22,16.22,16.22,16.22,
2007-01-29,15.95,15.95,15.95,15.95,
2007-01-30,15.79,15.79,15.79,15.79,
2007-01-31,15.55,15.55,15.55,15.55,
2007-02-01,15.77,15.77,15.77,15.77,
2007-02-02,15.69,15.69,15.69,15.69,
2007-02-05,15.6,15.6,15.6,15.6,
2007-02-06,15.32,15.32,15.32,15.32,
2007-02-07,15.5,15.5,15.5,15.5,
2007-02-08,15.13,15.13,15.13,15.13,
2007-02-09,14.9,14.9,14.9,14.9,
2007-02-12,14.69,14.69,14.69,14.69,
2007-02-13,14.6,14.6,14.6,14.6,
2007-02-14,14.95,14.95,14.95,14.95,
2007-02-15,14.83,14.83,14.83,14.83,
2007-02-16,14.94,14.94,14.94,14.94,
2007-02-20,14.92,14.92,14.92,14.92,
2007-02-21,14.56,14.56,14.56,14.56,
2007-02-22,14.54,14.54,14.54,14.54,
2007-02-23,14.69,14.69,14.69,14.69,
2007-02-26,15.68,15.68,15.68,15.68,
2007-02-27,15.08,15.08,15.08,15.08,
2007-02-28,15.07,15.07,15.07,15.07,
2007-03-01,14.79,14.79,14.79,14.79,
2007-03-02,14.18,14.18,14.18,14.18,
2007-03-05,13.95,13.95,13.95,13.95,
2007-03-06,14.09,14.09,14.09,14.09,
2007-03-07,14.1,14.1,14.1,14.1,
2007-03-08,14.19,14.19,14.19,14.19,
2007-03-09,14.2,14.2,14.2,14.2,
2007-03-12,14.17,14.17,14.17,14.17,
2007-03-13,13.94,13.94,13.94,13.94,
2007-03-14,14.13,14.13,14.13,14.13,
2007-03-15,13.93,13.93,13.93,13.93,
2007-03-16,14.01,14.01,14.01,14.01,
2007-03-19,13.72,13.72,13.72,13.72,
2007-03-20,13.41,13.41,13.41,13.41,
2007-03-21,13.6,13.6,13.6,13.6,
2007-03-22,13.35,13.35,13.35,13.35,
2007-03-23,13.5,13.5,13.5,13.5,
2007-03-26,13.55,13.55,13.55,13.55,
2007-03-27,13.5,13.5,13.5,13.5,
2007-03-28,13.38,13.38,13.38,13.38,
2007-03-29,13.08,13.08,13.08,13.08,
2007-03-30,13.06,13.06,13.06,13.06,
2007-04-02,12.83,12.83,12.83,12.83,
2007-04-03,12.9,12.9,12.9,12.9,
2007-04-04,12.71,12.71,12.71,12.71,
2007-04-05,12.86,12.86,12.86,12.86,
2007-04-09,13.35,13.35,13.35,13.35,
2007-04-10,13.27,13.27,13.27,13.27,
2007-04-11,13.19,13.19,13.19,13.19,
2007-04-12,13.66,13.66,13.66,13.66,
2007-04-13,13.57,13.57,13.57,13.57,
2007-04-16,13.52,13.52,13.52,13.52,
2007-04-17,13.47,13.47,13.47,13.47,
2007-04-18,13.91,13.91,13.91,13.91,
2007-04-19,14.28,14.28,14.28,14.28,
2007-04-20,14.16,14.16,14.16,14.16,
2007-04-23,14.04,14.04,14.04,14.04,
2007-04-24,14.57,14.57,14.57,14.57,
2007-04-25,14.65,14.65,14.65,14.65,
2007-04-26,14.5,14.5,14.5,14.5,
2007-04-27,14.32,14.32,14.32,14.32,
2007-04-30,13.82,13.82,13.82,13.82,
2007-05-01,13.54,13.54,13.54,13.54,
2007-05-02,13.63,13.63,13.63,13.63,
2007-05-03,13.69,13.69,13.69,13.69,
2007-05-04,13.53,13.53,13.53,13.53,
2007-05-07,13.28,13.28,13.28,13.28,
2007-05-08,13.18,13.18,13.18,13.18,
2007-05-09,13.57,13.57,13.57,13.57,
2007-05-10,14.05,14.05,14.05,14.05,
2007-05-11,14.68,14.68,14.68,14.68,
2007-05-14,15.36,15.36,15.36,15.36,
2007-05-15,15.4,15.4,15.4,15.4,
2007-05-16,15.58,15.58,15.58,15.58,
2007-05-17,15.43,15.43,15.43,15.43,
2007-05-18,15.59,15.59,15.59,15.59,
2007-05-21,15.43,15.43,15.43,15.43,
2007-05-22,15.42,15.42,15.42,15.42,
2007-05-23,15.21,15.21,15.21,15.21,
2007-05-24,14.88,14.88,14.88,14.88,
2007-05-25,14.76,14.76,14.76,14.76,
2007-05-29,14.6,14.6,14.6,14.6,
2007-05-30,14.37,14.37,14.37,14.37,
2007-05-31,14.27,14.27,14.27,14.27,
2007-06-01,14.31,14.31,14.31,14.31,
2007-06-04,14.17,14.17,14.17,14.17,
2007-06-05,13.98,13.98,13.98,13.98,
2007-06-06,13.63,13.63,13.63,13.63,
2007-06-07,13.68,13.68,13.68,13.68,
2007-06-08,14.07,14.07,14.07,14.07,
2007-06-11,13.91,13.91,13.91,13.91,
2007-06-12,13.8,13.8,13.8,13.8,
2007-06-13,13.96,13.96,13.96,13.96,
2007-06-14,13.78,13.78,13.78,13.78,
2007-06-15,13.63,13.63,13.63,13.63,
2007-06-18,13.51,13.51,13.51,13.51,
2007-06-19,13.57,13.57,13.57,13.57,
2007-06-20,13.64,13.64,13.64,13.64,
2007-06-21,14.72,14.72,14.72,14.72,
2007-06-22,14.57,14.57,14.57,14.57,
2007-06-25,14.28,14.28,14.28,14.28,
2007-06-26,14.18,14.18,14.18,14.18,
2007-06-27,14.58,14.58,14.58,14.58,
2007-06-28,14.49,14.49,14.49,14.49,
2007-06-29,14.3,14.3,14.3,14.3,
2007-07-02,14.36,14.36,14.36,14.36,
2007-07-03,14.36,14.36,14.36,14.36,
2007-07-05,14.19,14.19,14.19,14.19,
2007-07-06,14.39,14.39,14.39,14.39,
2007-07-09,14.57,14.57,14.57,14.57,
2007-07-10,14.43,14.43,14.43,14.43,
2007-07-11,14.65,14.65,14.65,14.65,
2007-07-12,15.36,15.36,15.36,15.36,
2007-07-13,15.43,15.43,15.43,15.43,
2007-07-16,15.72,15.72,15.72,15.72,
2007-07-17,15.84,15.84,15.84,15.84,
2007-07-18,15.46,15.46,15.46,15.46,
2007-07-19,15.78,15.78,15.78,15.78,
2007-07-20,15.5,15.5,15.5,15.5,
2007-07-23,15.36,15.36,15.36,15.36,
2007-07-24,15.21,15.21,15.21,15.21,
2007-07-25,15.58,15.58,15.58,15.58,
2007-07-26,14.73,14.73,14.73,14.73,
2007-07-27,13.87,13.87,13.87,13.87,
2007-07-30,13.79,13.79,13.79,13.79,
2007-07-31,13.54,13.54,13.54,13.54,
2007-08-01,13.41,13.41,13.41,13.41,
2007-08-02,13.4,13.4,13.4,13.4,
2007-08-03,12.85,12.85,12.85,12.85,
2007-08-06,12.77,12.77,12.77,12.77,
2007-08-07,12.63,12.63,12.63,12.63,
2007-08-08,13.42,13.42,13.42,13.42,
2007-08-09,13.08,13.08,13.08,13.08,
2007-08-10,13.01,13.01,13.01,13.01,
2007-08-13,12.84,12.84,12.84,12.84,
2007-08-14,12.54,12.54,12.54,12.54,
2007-08-15,11.95,11.95,11.95,11.95,
2007-08-16,11.64,11.64,11.64,11.64,
2007-08-17,11.89,11.89,11.89,11.89,
2007-08-20,12.1,12.1,12.1,12.1,
2007-08-21,12.17,12.17,12.17,12.17,
2007-08-22,12.01,12.01,12.01,12.01,
2007-08-23,12.06,12.06,12.06,12.06,
2007-08-24,12.13,12.13,12.13,12.13,
2007-08-27,11.98,11.98,11.98,11.98,
2007-08-28,11.66,11.66,11.66,11.66,
2007-08-29,12.3,12.3,12.3,12.3,
2007-08-30,12.42,12.42,12.42,12.42,
2007-08-31,13.0,13.0,13.0,13.0,
2007-09-04,13.17,13.17,13.17,13.17,
2007-09-05,12.9,12.9,12.9,12.9,
2007-09-06,12.94,12.94,12.94,12.94,
2007-09-07,12.61,12.61,12.61,12.61,
2007-09-10,12.94,12.94,12.94,12.94,
2007-09-11,12.97,12.97,12.97,12.97,
2007-09-12,12.83,12.83,12.83,12.83,
2007-09-13,12.73,12.73,12.73,12.73,
2007-09-14,12.69,12.69,12.69,12.69,
2007-09-17,12.84,12.84,12.84,12.84,
2007-09-18,13.3,13.3,13.3,13.3,
2007-09-19,13.1,13.1,13.1,13.1,
2007-09-20,13.35,13.35,13.35,13.35,
2007-09-21,13.24,13.24,13.24,13.24,
2007-09-24,13.48,13.48,13.48,13.48,
2007-09-25,13.81,13.81,13.81,13.81,
2007-09-26,13.75,13.75,13.75,13.75,
2007-09-27,13.28,13.28,13.28,13.28,
2007-09-28,13.2,13.2,13.2,13.2,
2007-10-01,13.23,13.23,13.23,13.23,
2007-10-02,13.2,13.2,13.2,13.2,
2007-10-03,13.23,13.23,13.23,13.23,
2007-10-04,13.35,13.35,13.35,13.35,
2007-10-05,13.63,13.63,13.63,13.63,
2007-10-08,13.63,13.63,13.63,13.63,
2007-10-09,13.79,13.79,13.79,13.79,
2007-10-10,14.02,14.02,14.02,14.02,
2007-10-11,13.8,13.8,13.8,13.8,
2007-10-12,13.94,13.94,13.94,13.94,
2007-10-15,13.98,13.98,13.98,13.98,
2007-10-16,13.96,13.96,13.96,13.96,
2007-10-17,14.11,14.11,14.11,14.11,
2007-10-18,14.55,14.55,14.55,14.55,
2007-10-19,13.8,13.8,13.8,13.8,
2007-10-22,13.75,13.75,13.75,13.75,
2007-10-23,13.73,13.73,13.73,13.73,
2007-10-24,13.12,13.12,13.12,13.12,
2007-10-25,12.75,12.75,12.75,12.75,
2007-10-26,12.89,12.89,12.89,12.89,
2007-10-29,12.88,12.88,12.88,12.88,
2007-10-30,13.0,13.0,13.0,13.0,
2007-10-31,13.08,13.08,13.08,13.08,
2007-11-01,12.8,12.8,12.8,12.8,
2007-11-02,13.17,13.17,13.17,13.17,
2007-11-05,13.42,13.42,13.42,13.42,
2007-11-06,13.43,13.43,13.43,13.43,
2007-11-07,13.01,13.01,13.01,13.01,
2007-11-08,12.51,12.51,12.51,12.51,
2007-11-09,12.37,12.37,12.37,12.37,
2007-11-12,11.95,11.95,11.95,11.95,
2007-11-13,12.4,12.4,12.4,12.4,
2007-11-14,12.28,12.28,12.28,12.28,
2007-11-15,12.7,12.7,12.7,12.7,
2007-11-16,12.64,12.64,12.64,12.64,
2007-11-19,12.07,12.07,12.07,12.07,
2007-11-20,11.28,11.28,11.28,11.28,
2007-11-21,10.83,10.83,10.83,10.83,
2007-11-23,10.78,10.78,10.78,10.78,
2007-11-26,10.27,10.27,10.27,10.27,
2007-11-27,10.15,10.15,10.15,10.15,
2007-11-28,10.35,10.35,10.35,10.35,
2007-11-29,10.14,10.14,10.14,10.14,
2007-11-30,9.76,9.76,9.76,9.76,
2007-12-03,9.66,9.66,9.66,9.66,
2007-12-04,9.25,9.25,9.25,9.25,
2007-12-05,8.91,8.91,8.91,8.91,
2007-12-06,9.07,9.07,9.07,9.07,
2007-12-07,9.05,9.05,9.05,9.05,
2007-12-10,9.18,9.18,9.18,9.18,
2007-12-11,9.07,9.07,9.07,9.07,
2007-12-12,8.97,8.97,8.97,8.97,
2007-12-13,8.84,8.84,8.84,8.84,
2007-12-14,8.43,8.43,8.43,8.43,
2007-12-17,7.95,7.95,7.95,7.95,
2007-12-18,7.68,7.68,7.68,7.68,
2007-12-19,7.98,7.98,7.98,7.98,
2007-12-20,7.97,7.97,7.97,7.97,
2007-12-21,7.79,7.79,7.79,7.79,
2007-12-24,7.77,7.77,7.77,7.77,
2007-12-26,7.77,7.77,7.77,7.77,
2007-12-27,7.53,7.53,7.53,7.53,
2007-12-28,7.32,7.32,7.32,7.32,
2007-12-31,7.5,7.5,7.5,7.5,
2008-01-02,7.14,7.14,7.14,7.14,
2008-01-03,6.77,6.77,6.77,6.77,
2008-01-04,6.25,6.25,6.25,6.25,
2008-01-07,6.08,6.08,6.08,6.08,
2008-01-08,6.0,6.0,6.0,6.0,
2008-01-09,5.53,5.53,5.53,5.53,
2008-01-10,5.96,5.96,5.96,5.96,
2008-01-11,6.25,6.25,6.25,6.25,
2008-01-14,6.41,6.41,6.41,6.41,
2008-01-15,6.12,6.12,6.12,6.12,
2008-01-16,6.57,6.57,6.57,6.57,
2008-01-17,6.34,6.34,6.34,6.34,
2008-01-18,7.07,7.07,7.07,7.07,
2008-01-22,6.83,6.83,6.83,6.83,
2008-01-23,7.56,7.56,7.56,7.56,
2008-01-24,7.58,7.58,7.58,7.58,
2008-01-25,7.15,7.15,7.15,7.15,
2008-01-28,7.46,7.46,7.46,7.46,
2008-01-29,7.61,7.61,7.61,7.61,
2008-01-30,7.61,7.61,7.61,7.61,
2008-01-31,7.59,7.59,7.59,7.59,
2008-02-01,8.0,8.0,8.0,8.0,
2008-02-04,7.92,7.92,7.92,7.92,
2008-02-05,7.21,7.21,7.21,7.21,
2008-02-06,6.74,6.74,6.74,6.74,
2008-02-07,6.59,6.59,6.59,6.59,
2008-02-08,6.34,6.34,6.34,6.34,
2008-02-11,6.28,6.28,6.28,6.28,
2008-02-12,6.41,6.41,6.41,6.41,
2008-02-13,6.7,6.7,6.7,6.7,
2008-02-14,6.53,6.53,6.53,6.53,
2008-02-15,6.45,6.45,6.45,6.45,
2008-02-19,6.5,6.5,6.5,6.5,
2008-02-20,6.83,6.83,6.83,6.83,
2008-02-21,6.96,6.96,6.96,6.96,
2008-02-22,6.71,6.71,6.71,6.71,
2008-02-25,6.97,6.97,6.97,6.97,
2008-02-26,7.13,7.13,7.13,7.13,
2008-02-27,7.28,7.28,7.28,7.28,
2008-02-28,7.02,7.02,7.02,7.02,
2008-02-29,7.21,7.21,7.21,7.21,
2008-03-03,6.76,6.76,6.76,6.76,
2008-03-04,6.76,6.76,6.76,6.76,
2008-03-05,6.84,6.84,6.84,6.84,
2008-03-06,6.49,6.49,6.49,6.49,
2008-03-07,6.49,6.49,6.49,6.49,
2008-03-10,6.16,6.16,6.16,6.16,
2008-03-11,6.48,6.48,6.48,6.48,
2008-03-12,6.43,6.43,6.43,6.43,
2008-03-13,6.73,6.73,6.73,6.73,
2008-03-14,6.38,6.38,6.38,6.38,
2008-03-17,6.34,6.34,6.34,6.34,
2008-03-18,6.39,6.39,6.39,6.39,
2008-03-19,6.15,6.15,6.15,6.15,
2008-03-20,6.11,6.11,6.11,6.11,
2008-03-24,6.21,6.21,6.21,6.21,
2008-03-25,6.3,6.3,6.3,6.3,
2008-03-26,6.22,6.22,6.22,6.22,
2008-03-27,6.16,6.16,6.16,6.16,
2008-03-28,5.91,5.91,5.91,5.91,
2008-03-31,5.89,5.89,5.89,5.89,
2008-04-01,6.07,6.07,6.07,6.07,
2008-04-02,6.19,6.19,6.19,6.19,
2008-04-03,6.26,6.26,6.26,6.26,
2008-04-04,6.23,6.23,6.23,6.23,
2008-04-07,6.34,6.34,6.34,6.34,
2008-04-08,6.03,6.03,6.03,6.03,
2008-04-09,6.26,6.26,6.26,6.26,
2008-04-10,6.27,6.27,6.27,6.27,
2008-04-11,6.01,6.01,6.01,6.01,
2008-04-14,5.86,5.86,5.86,5.86,
2008-04-15,5.78,5.78,5.78,5.78,
2008-04-16,6.07,6.07,6.07,6.07,
2008-04-17,6.19,6.19,6.19,6.19,
2008-04-18,6.11,6.11,6.11,6.11,
2008-04-21,6.14,6.14,6.14,6.14,
2008-04-22,5.96,5.96,5.96,5.96,
2008-04-23,5.92,5.92,5.92,5.92,
2008-04-24,6.03,6.03,6.03,6.03,
2008-04-25,6.06,6.06,6.06,6.06,
2008-04-28,6.0,6.0,6.0,6.0,
2008-04-29,6.02,6.02,6.02,6.02,
2008-04-30,5.96,5.96,5.96,5.96,
2008-05-01,6.22,6.22,6.22,6.22,
2008-05-02,6.16,6.16,6.16,6.16,
2008-05-05,6.53,6.53,6.53,6.53,
2008-05-06,7.12,7.12,7.12,7.12,
2008-05-07,6.91,6.91,6.91,6.91,
2008-05-08,6.93,6.93,6.93,6.93,
2008-05-09,6.94,6.94,6.94,6.94,
2008-05-12,7.16,7.16,7.16,7.16,
2008-05-13,7.19,7.19,7.19,7.19,
2008-05-14,7.16,7.16,7.16,7.16,
2008-05-15,7.41,7.41,7.41,7.41,
2008-05-16,7.26,7.26,7.26,7.26,
2008-05-19,7.1,7.1,7.1,7.1,
2008-05-20,7.12,7.12,7.12,7.12,
2008-05-21,7.08,7.08,7.08,7.08,
2008-05-22,7.07,7.07,7.07,7.07,
2008-05-23,6.88,6.88,6.88,6.88,
2008-05-27,6.92,6.92,6.92,6.92,
2008-05-28,6.82,6.82,6.82,6.82,
2008-05-29,6.77,6.77,6.77,6.77,
2008-05-30,6.88,6.88,6.88,6.88,
2008-06-02,6.8,6.8,6.8,6.8,
2008-06-03,6.81,6.81,6.81,6.81,
2008-06-04,7.19,7.19,7.19,7.19,
2008-06-05,7.78,7.78,7.78,7.78,
2008-06-06,7.43,7.43,7.43,7.43,
2008-06-09,7.68,7.68,7.68,7.68,
2008-06-10,7.43,7.43,7.43,7.43,
2008-06-11,6.96,6.96,6.96,6.96,
2008-06-12,7.14,7.14,7.14,7.14,
2008-06-13,7.52,7.52,7.52,7.52,
2008-06-16,7.71,7.71,7.71,7.71,
2008-06-17,7.72,7.72,7.72,7.72,
2008-06-18,7.29,7.29,7.29,7.29,
2008-06-19,7.33,7.33,7.33,7.33,
2008-06-20,6.99,6.99,6.99,6.99,
2008-06-23,6.55,6.55,6.55,6.55,
2008-06-24,6.24,6.24,6.24,6.24,
2008-06-25,6.43,6.43,6.43,6.43,
2008-06-26,6.13,6.13,6.13,6.13,
2008-06-27,5.95,5.95,5.95,5.95,
2008-06-30,5.83,5.83,5.83,5.83,
2008-07-01,5.65,5.65,5.65,5.65,
2008-07-02,5.44,5.44,5.44,5.44,
2008-07-03,5.3,5.3,5.3,5.3,
2008-07-07,5.38,5.38,5.38,5.38,
2008-07-08,5.53,5.53,5.53,5.53,
2008-07-09,5.06,5.06,5.06,5.06,
2008-07-10,4.96,4.96,4.96,4.96,
2008-07-11,4.84,4.84,4.84,4.84,
2008-07-14,4.82,4.82,4.82,4.82,
2008-07-15,4.72,4.72,4.72,4.72,
2008-07-16,5.06,5.06,5.06,5.06,
2008-07-17,5.3,5.3,5.3,5.3,
2008-07-18,4.65,4.65,4.65,4.65,
2008-07-21,4.59,4.59,4.59,4.59,
2008-07-22,4.41,4.41,4.41,4.41,
2008-07-23,4.67,4.67,4.67,4.67,
2008-07-24,4.37,4.37,4.37,4.37,
2008-07-25,4.36,4.36,4.36,4.36,
2008-07-28,4.19,4.19,4.19,4.19,
2008-07-29,4.21,4.21,4.21,4.21,
2008-07-30,4.23,4.23,4.23,4.23,
2008-07-31,4.21,4.21,4.21,4.21,
2008-08-01,4.28,4.28,4.28,4.28,
2008-08-04,4.48,4.48,4.48,4.48,
2008-08-05,4.6,4.6,4.6,4.6,
2008-08-06,4.8,4.8,4.8,4.8,
2008-08-07,5.03,5.03,5.03,5.03,
2008-08-08,5.13,5.13,5.13,5.13,
2008-08-11,5.11,5.11,5.11,5.11,
2008-08-12,5.21,5.21,5.21,5.21,
2008-08-13,5.15,5.15,5.15,5.15,
2008-08-14,5.3,5.3,5.3,5.3,
2008-08-15,5.64,5.64,5.64,5.64,
2008-08-18,5.91,5.91,5.91,5.91,
2008-08-19,5.58,5.58,5.58,5.58,
2008-08-20,5.7,5.7,5.7,5.7,
2008-08-21,5.76,5.76,5.76,5.76,
2008-08-22,5.81,5.81,5.81,5.81,
2008-08-25,5.93,5.93,5.93,5.93,
2008-08-26,5.93,5.93,5.93,5.93,
2008-08-27,6.07,6.07,6.07,6.07,
2008-08-28,6.25,6.25,6.25,6.25,
2008-08-29,6.29,6.29,6.29,6.29,
2008-09-02,6.34,6.34,6.34,6.34,
2008-09-03,6.15,6.15,6.15,6.15,
2008-09-04,5.84,5.84,5.84,5.84,
2008-09-05,5.96,5.96,5.96,5.96,
2008-09-08,6.07,6.07,6.07,6.07,
2008-09-09,5.77,5.77,5.77,5.77,
2008-09-10,5.78,5.78,5.78,5.78,
2008-09-11,5.71,5.71,5.71,5.71,
2008-09-12,5.75,5.75,5.75,5.75,
2008-09-15,5.18,5.18,5.18,5.18,
2008-09-16,5.26,5.26,5.26,5.26,
2008-09-17,4.9,4.9,4.9,4.9,
2008-09-18,5.3,5.3,5.3,5.3,
2008-09-19,5.42,5.42,5.42,5.42,
2008-09-22,4.99,4.99,4.99,4.99,
2008-09-23,4.94,4.94,4.94,4.94,
2008-09-24,4.88,4.88,4.88,4.88,
2008-09-25,5.23,5.23,5.23,5.23,
2008-09-26,5.16,5.16,5.16,5.16,
2008-09-29,4.29,4.29,4.29,4.29,
2008-09-30,5.25,5.25,5.25,5.25,
2008-10-01,4.74,4.74,4.74,4.74,
2008-10-02,4.14,4.14,4.14,4.14,
2008-10-03,4.53,4.53,4.53,4.53,
2008-10-06,4.23,4.23,4.23,4.23,
2008-10-07,4.59,4.59,4.59,4.59,
2008-10-08,4.05,4.05,4.05,4.05,
2008-10-09,4.04,4.04,4.04,4.04,
2008-10-10,3.81,3.81,3.81,3.81,
2008-10-13,4.21,4.21,4.21,4.21,
2008-10-14,4.27,4.27,4.27,4.27,
2008-10-15,3.91,3.91,3.91,3.91,
2008-10-16,4.12,4.12,4.12,4.12,
2008-10-17,4.21,4.21,4.21,4.21,
2008-10-20,4.11,4.11,4.11,4.11,
2008-10-21,3.91,3.91,3.91,3.91,
2008-10-22,3.62,3.62,3.62,3.62,
2008-10-23,3.28,3.28,3.28,3.28,
2008-10-24,3.03,3.03,3.03,3.03,
2008-10-27,2.94,2.94,2.94,2.94,
2008-10-28,2.84,2.84,2.84,2.84,
2008-10-29,2.98,2.98,2.98,2.98,
2008-10-30,3.56,3.56,3.56,3.56,
2008-10-31,3.5,3.5,3.5,3.5,
2008-11-03,3.61,3.61,3.61,3.61,
2008-11-04,3.8,3.8,3.8,3.8,
2008-11-05,3.55,3.55,3.55,3.55,
2008-11-06,3.17,3.17,3.17,3.17,
2008-11-07,3.16,3.16,3.16,3.16,
2008-11-10,3.04,3.04,3.04,3.04,
2008-11-11,2.96,2.96,2.96,2.96,
2008-11-12,2.57,2.57,2.57,2.57,
2008-11-13,2.7,2.7,2.7,2.7,
2008-11-14,2.43,2.43,2.43,2.43,
2008-11-17,2.5,2.5,2.5,2.5,
2008-11-18,2.5,2.5,2.5,2.5,
2008-11-19,2.12,2.12,2.12,2.12,
2008-11-20,1.91,1.91,1.91,1.91,
2008-11-21,1.82,1.82,1.82,1.82,
2008-11-24,1.86,1.86,1.86,1.86,
2008-11-25,1.8,1.8,1.8,1.8,
2008-11-26,2.13,2.13,2.13,2.13,
2008-11-28,2.36,2.36,2.36,2.36,
2008-12-01,2.0,2.0,2.0,2.0,
2008-12-02,2.03,2.03,2.03,2.03,
2008-12-03,2.2,2.2,2.2,2.2,
2008-12-04,2.08,2.08,2.08,2.08,
2008-12-05,2.13,2.13,2.13,2.13,
2008-12-08,2.1,2.1,2.1,2.1,
2008-12-09,2.27,2.27,2.27,2.27,
2008-12-10,2.2,2.2,2.2,2.2,
2008-12-11,2.2,2.2,2.2,2.2,
2008-12-12,2.28,2.28,2.28,2.28,
2008-12-15,2.21,2.21,2.21,2.21,
2008-12-16,2.25,2.25,2.25,2.25,
2008-12-17,2.29,2.29,2.29,2.29,
2008-12-18,2.23,2.23,2.23,2.23,
2008-12-19,2.27,2.27,2.27,2.27,
2008-12-22,2.02,2.02,2.02,2.02,
2008-12-23,1.96,1.96,1.96,1.96,
2008-12-24,1.99,1.99,1.99,1.99,
2008-12-26,2.18,2.18,2.18,2.18,
2008-12-29,2.1,2.1,2.1,2.1,
2008-12-30,2.21,2.21,2.21,2.21,
2008-12-31,2.16,2.16,2.16,2.16,
2009-01-02,2.38,2.38,2.38,2.38,
2009-01-05,2.67,2.67,2.67,2.67,
2009-01-06,2.78,2.78,2.78,2.78,
2009-01-07,2.66,2.66,2.66,2.66,
2009-01-08,2.74,2.74,2.74,2.74,
2009-01-09,2.69,2.69,2.69,2.69,
2009-01-12,2.52,2.52,2.52,2.52,
2009-01-13,2.38,2.38,2.38,2.38,
2009-01-14,2.15,2.15,2.15,2.15,
2009-01-15,2.26,2.26,2.26,2.26,
2009-01-16,2.29,2.29,2.29,2.29,
2009-01-20,2.0,2.0,2.0,2.0,
2009-01-21,2.25,2.25,2.25,2.25,
2009-01-22,2.02,2.02,2.02,2.02,
2009-01-23,2.07,2.07,2.07,2.07,
2009-01-26,2.01,2.01,2.01,2.01,
2009-01-27,2.14,2.14,2.14,2.14,
2009-01-28,2.35,2.35,2.35,2.35,
2009-01-29,2.2,2.2,2.2,2.2,
2009-01-30,2.19,2.19,2.19,2.19,
2009-02-02,2.15,2.15,2.15,2.15,
2009-02-03,2.21,2.21,2.21,2.21,
2009-02-04,2.27,2.27,2.27,2.27,
2009-02-05,2.36,2.36,2.36,2.36,
2009-02-06,2.41,2.41,2.41,2.41,
2009-02-09,2.36,2.36,2.36,2.36,
2009-02-10,2.11,2.11,2.11,2.11,
2009-02-11,2.15,2.15,2.15,2.15,
2009-02-12,2.28,2.28,2.28,2.28,
2009-02-13,2.42,2.42,2.42,2.42,
2009-02-17,2.37,2.37,2.37,2.37,
2009-02-18,2.2,2.2,2.2,2.2,
2009-02-19,2.12,2.12,2.12,2.12,
2009-02-20,2.03,2.03,2.03,2.03,
2009-02-23,2.02,2.02,2.02,2.02,
2009-02-24,2.12,2.12,2.12,2.12,
2009-02-25,2.22,2.22,2.22,2.22,
2009-02-26,2.09,2.09,2.09,2.09,
2009-02-27,2.18,2.18,2.18,2.18,
2009-03-02,2.01,2.01,2.01,2.01,
2009-03-03,2.07,2.07,2.07,2.07,
2009-03-04,2.3,2.3,2.3,2.3,
2009-03-05,2.16,2.16,2.16,2.16,
2009-03-06,2.14,2.14,2.14,2.14,
2009-03-09,2.14,2.14,2.14,2.14,
2009-03-10,2.32,2.32,2.32,2.32,
2009-03-11,2.31,2.31,2.31,2.31,
2009-03-12,2.4,2.4,2.4,2.4,
2009-03-13,2.52,2.52,2.52,2.52,
2009-03-16,2.48,2.48,2.48,2.48,
2009-03-17,2.76,2.76,2.76,2.76,
2009-03-18,2.97,2.97,2.97,2.97,
2009-03-19,2.96,2.96,2.96,2.96,
2009-03-20,2.67,2.67,2.67,2.67,
2009-03-23,3.02,3.02,3.02,3.02,
2009-03-24,3.14,3.14,3.14,3.14,
2009-03-25,3.17,3.17,3.17,3.17,
2009-03-26,3.56,3.56,3.56,3.56,
2009-03-27,3.37,3.37,3.37,3.37,
2009-03-30,3.19,3.19,3.19,3.19,
2009-03-31,3.05,3.05,3.05,3.05,
2009-04-01,3.02,3.02,3.02,3.02,
2009-04-02,3.16,3.16,3.16,3.16,
2009-04-03,3.43,3.43,3.43,3.43,
2009-04-06,3.53,3.53,3.53,3.53,
2009-04-07,3.44,3.44,3.44,3.44,
2009-04-08,3.68,3.68,3.68,3.68,
2009-04-09,3.75,3.75,3.75,3.75,
2009-04-13,3.61,3.61,3.61,3.61,
2009-04-14,3.63,3.63,3.63,3.63,
2009-04-15,3.44,3.44,3.44,3.44,
2009-04-16,3.57,3.57,3.57,3.57,
2009-04-17,3.56,3.56,3.56,3.56,
2009-04-20,3.31,3.31,3.31,3.31,
2009-04-21,3.36,3.36,3.36,3.36,
2009-04-22,3.33,3.33,3.33,3.33,
2009-04-23,3.53,3.53,3.53,3.53,
2009-04-24,3.51,3.51,3.51,3.51,
2009-04-27,3.47,3.47,3.47,3.47,
2009-04-28,3.41,3.41,3.41,3.41,
2009-04-29,3.51,3.51,3.51,3.51,
2009-04-30,3.61,3.61,3.61,3.61,
2009-05-01,3.82,3.82,3.82,3.82,
2009-05-04,4.26,4.26,4.26,4.26,
2009-05-05,4.32,4.32,4.32,4.32,
2009-05-06,4.31,4.31,4.31,4.31,
2009-05-07,4.01,4.01,4.01,4.01,
2009-05-08,3.93,3.93,3.93,3.93,
2009-05-11,4.22,4.22,4.22,4.22,
2009-05-12,4.35,4.35,4.35,4.35,
2009-05-13,4.38,4.38,4.38,4.38,
2009-05-14,4.24,4.24,4.24,4.24,
2009-05-15,4.01,4.01,4.01,4.01,
2009-05-18,4.14,4.14,4.14,4.14,
2009-05-19,4.39,4.39,4.39,4.39,
2009-05-20,4.5,4.5,4.5,4.5,
2009-05-21,4.34,4.34,4.34,4.34,
2009-05-22,4.26,4.26,4.26,4.26,
2009-05-26,4.53,4.53,4.53,4.53,
2009-05-27,4.71,4.71,4.71,4.71,
2009-05-28,4.7,4.7,4.7,4.7,
2009-05-29,4.54,4.54,4.54,4.54,
2009-06-01,4.73,4.73,4.73,4.73,
2009-06-02,4.56,4.56,4.56,4.56,
2009-06-03,4.48,4.48,4.48,4.48,
2009-06-04,4.65,4.65,4.65,4.65,
2009-06-05,4.63,4.63,4.63,4.63,
2009-06-08,4.61,4.61,4.61,4.61,
2009-06-09,4.75,4.75,4.75,4.75,
2009-06-10,4.82,4.82,4.82,4.82,
2009-06-11,4.7,4.7,4.7,4.7,
2009-06-12,4.47,4.47,4.47,4.47,
2009-06-15,4.26,4.26,4.26,4.26,
2009-06-16,4.13,4.13,4.13,4.13,
2009-06-17,4.08,4.08,4.08,4.08,
2009-06-18,3.85,3.85,3.85,3.85,
2009-06-19,3.87,3.87,3.87,3.87,
2009-06-22,3.62,3.62,3.62,3.62,
2009-06-23,3.55,3.55,3.55,3.55,
2009-06-24,3.66,3.66,3.66,3.66,
2009-06-25,3.64,3.64,3.64,3.64,
2009-06-26,3.62,3.62,3.62,3.62,
2009-06-29,3.72,3.72,3.72,3.72,
2009-06-30,3.87,3.87,3.87,3.87,
2009-07-01,3.91,3.91,3.91,3.91,
2009-07-02,3.78,3.78,3.78,3.78,
2009-07-06,3.55,3.55,3.55,3.55,
2009-07-07,3.43,3.43,3.43,3.43,
2009-07-08,3.36,3.36,3.36,3.36,
2009-07-09,3.48,3.48,3.48,3.48,
2009-07-10,3.49,3.49,3.49,3.49,
2009-07-13,3.56,3.56,3.56,3.56,
2009-07-14,3.55,3.55,3.55,3.55,
2009-07-15,3.86,3.86,3.86,3.86,
2009-07-16,3.92,3.92,3.92,3.92,
2009-07-17,4.0,4.0,4.0,4.0,
2009-07-20,4.17,4.17,4.17,4.17,
2009-07-21,4.08,4.08,4.08,4.08,
2009-07-22,3.55,3.55,3.55,3.55,
2009-07-23,3.59,3.59,3.59,3.59,
2009-07-24,3.77,3.77,3.77,3.77,
2009-07-27,3.8,3.8,3.8,3.8,
2009-07-28,3.77,3.77,3.77,3.77,
2009-07-29,3.71,3.71,3.71,3.71,
2009-07-30,3.66,3.66,3.66,3.66,
2009-07-31,3.66,3.66,3.66,3.66,
2009-08-03,3.74,3.74,3.74,3.74,
2009-08-04,3.76,3.76,3.76,3.76,
2009-08-05,3.75,3.75,3.75,3.75,
2009-08-06,3.71,3.71,3.71,3.71,
2009-08-07,3.7,3.7,3.7,3.7,
2009-08-10,3.68,3.68,3.68,3.68,
2009-08-11,3.59,3.59,3.59,3.59,
2009-08-12,3.59,3.59,3.59,3.59,
2009-08-13,3.68,3.68,3.68,3.68,
2009-08-14,3.69,3.69,3.69,3.69,
2009-08-17,3.55,3.55,3.55,3.55,
2009-08-18,3.56,3.56,3.56,3.56,
2009-08-19,3.52,3.52,3.52,3.52,
2009-08-20,3.52,3.52,3.52,3.52,
2009-08-21,3.7,3.7,3.7,3.7,
2009-08-24,4.0,4.0,4.0,4.0,
2009-08-25,4.02,4.02,4.02,4.02,
2009-08-26,4.06,4.06,4.06,4.06,
2009-08-27,4.23,4.23,4.23,4.23,
2009-08-28,4.47,4.47,4.47,4.47,
2009-08-31,4.36,4.36,4.36,4.36,
2009-09-01,4.22,4.22,4.22,4.22,
2009-09-02,4.28,4.28,4.28,4.28,
2009-09-03,4.53,4.53,4.53,4.53,
2009-09-04,4.53,4.53,4.53,4.53,
2009-09-08,5.19,5.19,5.19,5.19,
2009-09-09,5.2,5.2,5.2,5.2,
2009-09-10,5.38,5.38,5.38,5.38,
2009-09-11,5.68,5.68,5.68,5.68,
2009-09-14,5.72,5.72,5.72,5.72,
2009-09-15,5.88,5.88,5.88,5.88,
2009-09-16,5.69,5.69,5.69,5.69,
2009-09-17,5.67,5.67,5.67,5.67,
2009-09-18,5.7,5.7,5.7,5.7,
2009-09-21,5.81,5.81,5.81,5.81,
2009-09-22,6.08,6.08,6.08,6.08,
2009-09-23,6.02,6.02,6.02,6.02,
2009-09-24,5.66,5.66,5.66,5.66,
2009-09-25,5.83,5.83,5.83,5.83,
2009-09-28,5.94,5.94,5.94,5.94,
2009-09-29,5.78,5.78,5.78,5.78,
2009-09-30,5.66,5.66,5.66,5.66,
2009-10-01,5.39,5.39,5.39,5.39,
2009-10-02,5.31,5.31,5.31,5.31,
2009-10-05,5.54,5.54,5.54,5.54,
2009-10-06,5.64,5.64,5.64,5.64,
2009-10-07,5.54,5.54,5.54,5.54,
2009-10-08,5.51,5.51,5.51,5.51,
2009-10-09,5.88,5.88,5.88,5.88,
2009-10-12,6.14,6.14,6.14,6.14,
2009-10-13,6.08,6.08,6.08,6.08,
2009-10-14,6.25,6.25,6.25,6.25,
2009-10-15,6.19,6.19,6.19,6.19,
2009-10-16,5.74,5.74,5.74,5.74,
2009-10-19,5.87,5.87,5.87,5.87,
2009-10-20,5.98,5.98,5.98,5.98,
2009-10-21,5.77,5.77,5.77,5.77,
2009-10-22,5.83,5.83,5.83,5.83,
2009-10-23,5.6,5.6,5.6,5.6,
2009-10-26,5.42,5.42,5.42,5.42,
2009-10-27,5.15,5.15,5.15,5.15,
2009-10-28,4.85,4.85,4.85,4.85,
2009-10-29,4.93,4.93,4.93,4.93,
2009-10-30,4.6,4.6,4.6,4.6,
2009-11-02,4.6,4.6,4.6,4.6,
2009-11-03,4.64,4.64,4.64,4.64,
2009-11-04,4.69,4.69,4.69,4.69,
2009-11-05,4.83,4.83,4.83,4.83,
2009-11-06,5.04,5.04,5.04,5.04,
2009-11-09,5.21,5.21,5.21,5.21,
2009-11-10,5.14,5.14,5.14,5.14,
2009-11-11,5.32,5.32,5.32,5.32,
2009-11-12,6.48,6.48,6.48,6.48,
2009-11-13,6.53,6.53,6.53,6.53,
2009-11-16,6.43,6.43,6.43,6.43,
2009-11-17,6.62,6.62,6.62,6.62,
2009-11-18,7.32,7.32,7.32,7.32,
2009-11-19,7.05,7.05,7.05,7.05,
2009-11-20,6.95,6.95,6.95,6.95,
2009-11-23,7.0,7.0,7.0,7.0,
2009-11-24,6.95,6.95,6.95,6.95,
2009-11-25,7.11,7.11,7.11,7.11,
2009-11-27,6.85,6.85,6.85,6.85,
2009-11-30,7.01,7.01,7.01,7.01,
2009-12-01,7.2,7.2,7.2,7.2,
2009-12-02,7.3,7.3,7.3,7.3,
2009-12-03,8.03,8.03,8.03,8.03,
2009-12-04,7.86,7.86,7.86,7.86,
2009-12-07,8.52,8.52,8.52,8.52,
2009-12-08,8.67,8.67,8.67,8.67,
2009-12-09,8.71,8.71,8.71,8.71,
2009-12-10,8.58,8.58,8.58,8.58,
2009-12-11,8.64,8.64,8.64,8.64,
2009-12-14,8.68,8.68,8.68,8.68,
2009-12-15,8.82,8.82,8.82,8.82,
2009-12-16,9.15,9.15,9.15,9.15,
2009-12-17,9.12,9.12,9.12,9.12,
2009-12-18,9.05,9.05,9.05,9.05,
2009-12-21,9.53,9.53,9.53,9.53,
2009-12-22,9.43,9.43,9.43,9.43,
2009-12-23,9.67,9.67,9.67,9.67,
2009-12-24,9.91,9.91,9.91,9.91,
2009-12-28,9.83,9.83,9.83,9.83,
2009-12-29,9.75,9.75,9.75,9.75,
2009-12-30,9.72,9.72,9.72,9.72,
2009-12-31,9.68,9.68,9.68,9.68,
2010-01-04,9.7,9.7,9.7,9.7,
2010-01-05,9.71,9.71,9.71,9.71,
2010-01-06,9.57,9.57,9.57,9.57,
2010-01-07,9.47,9.47,9.47,9.47,
2010-01-08,9.43,9.43,9.43,9.43,
2010-01-11,9.14,9.14,9.14,9.14,
2010-01-12,8.65,8.65,8.65,8.65,
2010-01-13,9.15,9.15,9.15,9.15,
2010-01-14,9.0,9.0,9.0,9.0,
2010-01-15,8.84,8.84,8.84,8.84,
2010-01-19,9.01,9.01,9.01,9.01,
2010-01-20,8.87,8.87,8.87,8.87,
2010-01-21,8.99,8.99,8.99,8.99,
2010-01-22,7.88,7.88,7.88,7.88,
2010-01-25,8.07,8.07,8.07,8.07,
2010-01-26,8.09,8.09,8.09,8.09,
2010-01-27,8.19,8.19,8.19,8.19,
2010-01-28,7.88,7.88,7.88,7.88,
2010-01-29,7.46,7.46,7.46,7.46,
2010-02-01,7.98,7.98,7.98,7.98,
2010-02-02,7.91,7.91,7.91,7.91,
2010-02-03,7.81,7.81,7.81,7.81,
2010-02-04,7.19,7.19,7.19,7.19,
2010-02-05,7.35,7.35,7.35,7.35,
2010-02-08,7.42,7.42,7.42,7.42,
2010-02-09,7.54,7.54,7.54,7.54,
2010-02-10,7.64,7.64,7.64,7.64,
2010-02-11,7.84,7.84,7.84,7.84,
2010-02-12,7.87,7.87,7.87,7.87,
2010-02-16,8.06,8.06,8.06,8.06,
2010-02-17,8.03,8.03,8.03,8.03,
2010-02-18,7.95,7.95,7.95,7.95,
2010-02-19,7.93,7.93,7.93,7.93,
2010-02-22,7.9,7.9,7.9,7.9,
2010-02-23,7.79,7.79,7.79,7.79,
2010-02-24,8.05,8.05,8.05,8.05,
2010-02-25,7.89,7.89,7.89,7.89,
2010-02-26,7.91,7.91,7.91,7.91,
2010-03-01,8.21,8.21,8.21,8.21,
2010-03-02,8.38,8.38,8.38,8.38,
2010-03-03,8.35,8.35,8.35,8.35,
2010-03-04,8.5,8.5,8.5,8.5,
2010-03-05,8.61,8.61,8.61,8.61,
2010-03-08,8.64,8.64,8.64,8.64,
2010-03-09,8.63,8.63,8.63,8.63,
2010-03-10,8.92,8.92,8.92,8.92,
2010-03-11,8.95,8.95,8.95,8.95,
2010-03-12,8.93,8.93,8.93,8.93,
2010-03-15,8.92,8.92,8.92,8.92,
2010-03-16,9.4,9.4,9.4,9.4,
2010-03-17,9.67,9.67,9.67,9.67,
2010-03-18,9.39,9.39,9.39,9.39,
2010-03-19,9.11,9.11,9.11,9.11,
2010-03-22,9.31,9.31,9.31,9.31,
2010-03-23,9.45,9.45,9.45,9.45,
2010-03-24,9.23,9.23,9.23,9.23,
2010-03-25,9.03,9.03,9.03,9.03,
2010-03-26,9.02,9.02,9.02,9.02,
2010-03-29,9.11,9.11,9.11,9.11,
2010-03-30,9.27,9.27,9.27,9.27,
2010-03-31,9.27,9.27,9.27,9.27,
2010-04-01,9.37,9.37,9.37,9.37,
2010-04-05,9.53,9.53,9.53,9.53,
2010-04-06,9.35,9.35,9.35,9.35,
2010-04-07,9.66,9.66,9.66,9.66,
2010-04-08,9.42,9.42,9.42,9.42,
2010-04-09,9.3,9.3,9.3,9.3,
2010-04-12,9.42,9.42,9.42,9.42,
2010-04-13,9.56,9.56,9.56,9.56,
2010-04-14,9.89,9.89,9.89,9.89,
2010-04-15,10.16,10.16,10.16,10.16,
2010-04-16,9.81,9.81,9.81,9.81,
2010-04-19,9.58,9.58,9.58,9.58,
2010-04-20,9.77,9.77,9.77,9.77,
2010-04-21,9.78,9.78,9.78,9.78,
2010-04-22,9.86,9.86,9.86,9.86,
2010-04-23,9.76,9.76,9.76,9.76,
2010-04-26,9.97,9.97,9.97,9.97,
2010-04-27,9.58,9.58,9.58,9.58,
2010-04-28,9.55,9.55,9.55,9.55,
2010-04-29,9.72,9.72,9.72,9.72,
2010-04-30,9.07,9.07,9.07,9.07,
2010-05-03,9.29,9.29,9.29,9.29,
2010-05-04,8.68,8.68,8.68,8.68,
2010-05-05,8.58,8.58,8.58,8.58,
2010-05-06,8.27,8.27,8.27,8.27,
2010-05-07,8.38,8.38,8.38,8.38,
2010-05-10,8.99,8.99,8.99,8.99,
2010-05-11,9.07,9.07,9.07,9.07,
2010-05-12,9.49,9.49,9.49,9.49,
2010-05-13,9.42,9.42,9.42,9.42,
2010-05-14,8.8,8.8,8.8,8.8,
2010-05-17,8.85,8.85,8.85,8.85,
2010-05-18,8.42,8.42,8.42,8.42,
2010-05-19,8.47,8.47,8.47,8.47,
2010-05-20,8.09,8.09,8.09,8.09,
2010-05-21,8.4,8.4,8.4,8.4,
2010-05-24,8.09,8.09,8.09,8.09,
2010-05-25,8.15,8.15,8.15,8.15,
2010-05-26,8.22,8.22,8.22,8.22,
2010-05-27,8.8,8.8,8.8,8.8,
2010-05-28,8.57,8.57,8.57,8.57,
2010-06-01,8.14,8.14,8.14,8.14,
2010-06-02,8.54,8.54,8.54,8.54,
2010-06-03,8.69,8.69,8.69,8.69,
2010-06-04,8.11,8.11,8.11,8.11,
2010-06-07,7.71,7.71,7.71,7.71,
2010-06-08,7.77,7.77,7.77,7.77,
2010-06-09,7.61,7.61,7.61,7.61,
2010-06-10,8.01,8.01,8.01,8.01,
2010-06-11,8.12,8.12,8.12,8.12,
2010-06-14,8.28,8.28,8.28,8.28,
2010-06-15,8.82,8.82,8.82,8.82,
2010-06-16,8.9,8.9,8.9,8.9,
2010-06-17,8.91,8.91,8.91,8.91,
2010-06-18,8.83,8.83,8.83,8.83,
2010-06-21,8.8,8.8,8.8,8.8,
2010-06-22,8.58,8.58,8.58,8.58,
2010-06-23,8.56,8.56,8.56,8.56,
2010-06-24,8.13,8.13,8.13,8.13,
2010-06-25,8.09,8.09,8.09,8.09,
2010-06-28,8.05,8.05,8.05,8.05,
2010-06-29,7.48,7.48,7.48,7.48,
2010-06-30,7.32,7.32,7.32,7.32,
2010-07-01,7.39,7.39,7.39,7.39,
2010-07-02,7.17,7.17,7.17,7.17,
2010-07-06,7.04,7.04,7.04,7.04,
2010-07-07,7.39,7.39,7.39,7.39,
2010-07-08,7.37,7.37,7.37,7.37,
2010-07-09,7.34,7.34,7.34,7.34,
2010-07-12,7.36,7.36,7.36,7.36,
2010-07-13,7.52,7.52,7.52,7.52,
2010-07-14,7.44,7.44,7.44,7.44,
2010-07-15,7.41,7.41,7.41,7.41,
2010-07-16,7.37,7.37,7.37,7.37,
2010-07-19,7.44,7.44,7.44,7.44,
2010-07-20,7.6,7.6,7.6,7.6,
2010-07-21,7.4,7.4,7.4,7.4,
2010-07-22,7.61,7.61,7.61,7.61,
2010-07-23,7.82,7.82,7.82,7.82,
2010-07-26,8.07,8.07,8.07,8.07,
2010-07-27,8.21,8.21,8.21,8.21,
2010-07-28,7.98,7.98,7.98,7.98,
2010-07-29,7.78,7.78,7.78,7.78,
2010-07-30,7.49,7.49,7.49,7.49,
2010-08-02,7.65,7.65,7.65,7.65,
2010-08-03,7.51,7.51,7.51,7.51,
2010-08-04,7.52,7.52,7.52,7.52,
2010-08-05,7.5,7.5,7.5,7.5,
2010-08-06,7.45,7.45,7.45,7.45,
2010-08-09,7.42,7.42,7.42,7.42,
2010-08-10,6.83,6.83,6.83,6.83,
2010-08-11,6.49,6.49,6.49,6.49,
2010-08-12,6.57,6.57,6.57,6.57,
2010-08-13,6.49,6.49,6.49,6.49,
2010-08-16,6.62,6.62,6.62,6.62,
2010-08-17,6.63,6.63,6.63,6.63,
2010-08-18,6.57,6.57,6.57,6.57,
2010-08-19,6.42,6.42,6.42,6.42,
2010-08-20,6.25,6.25,6.25,6.25,
2010-08-23,6.14,6.14,6.14,6.14,
2010-08-24,5.99,5.99,5.99,5.99,
2010-08-25,6.13,6.13,6.13,6.13,
2010-08-26,5.87,5.87,5.87,5.87,
2010-08-27,6.08,6.08,6.08,6.08,
2010-08-30,5.78,5.78,5.78,5.78,
2010-08-31,5.61,5.61,5.61,5.61,
2010-09-01,5.76,5.76,5.76,5.76,
2010-09-02,5.93,5.93,5.93,5.93,
2010-09-03,6.09,6.09,6.09,6.09,
2010-09-07,5.95,5.95,5.95,5.95,
2010-09-08,5.83,5.83,5.83,5.83,
2010-09-09,5.86,5.86,5.86,5.86,
2010-09-10,5.81,5.81,5.81,5.81,
2010-09-13,6.18,6.18,6.18,6.18,
2010-09-14,6.27,6.27,6.27,6.27,
2010-09-15,6.22,6.22,6.22,6.22,
2010-09-16,6.15,6.15,6.15,6.15,
2010-09-17,6.12,6.12,6.12,6.12,
2010-09-20,6.09,6.09,6.09,6.09,
2010-09-21,6.17,6.17,6.17,6.17,
2010-09-22,6.26,6.26,6.26,6.26,
2010-09-23,6.4,6.4,6.4,6.4,
2010-09-24,6.84,6.84,6.84,6.84,
2010-09-27,7.02,7.02,7.02,7.02,
2010-09-28,6.95,6.95,6.95,6.95,
2010-09-29,7.28,7.28,7.28,7.28,
2010-09-30,7.11,7.11,7.11,7.11,
2010-10-01,7.05,7.05,7.05,7.05,
2010-10-04,6.94,6.94,6.94,6.94,
2010-10-05,6.98,6.98,6.98,6.98,
2010-10-06,6.86,6.86,6.86,6.86,
2010-10-07,6.87,6.87,6.87,6.87,
2010-10-08,7.05,7.05,7.05,7.05,
2010-10-11,7.24,7.24,7.24,7.24,
2010-10-12,7.3,7.3,7.3,7.3,
2010-10-13,7.22,7.22,7.22,7.22,
2010-10-14,7.14,7.14,7.14,7.14,
2010-10-15,7.12,7.12,7.12,7.12,
2010-10-18,6.96,6.96,6.96,6.96,
2010-10-19,6.95,6.95,6.95,6.95,
2010-10-20,6.82,6.82,6.82,6.82,
2010-10-21,6.89,6.89,6.89,6.89,
2010-10-22,6.89,6.89,6.89,6.89,
2010-10-25,7.26,7.26,7.26,7.26,
2010-10-26,7.2,7.2,7.2,7.2,
2010-10-27,7.35,7.35,7.35,7.35,
2010-10-28,7.63,7.63,7.63,7.63,
2010-10-29,7.34,7.34,7.34,7.34,
2010-11-01,7.36,7.36,7.36,7.36,
2010-11-02,7.54,7.54,7.54,7.54,
2010-11-03,7.64,7.64,7.64,7.64,
2010-11-04,8.0,8.0,8.0,8.0,
2010-11-05,8.04,8.04,8.04,8.04,
2010-11-08,8.14,8.14,8.14,8.14,
2010-11-09,7.91,7.91,7.91,7.91,
2010-11-10,7.75,7.75,7.75,7.75,
2010-11-11,7.63,7.63,7.63,7.63,
2010-11-12,7.63,7.63,7.63,7.63,
2010-11-15,7.57,7.57,7.57,7.57,
2010-11-16,7.43,7.43,7.43,7.43,
2010-11-17,7.33,7.33,7.33,7.33,
2010-11-18,7.35,7.35,7.35,7.35,
2010-11-19,7.47,7.47,7.47,7.47,
2010-11-22,7.41,7.41,7.41,7.41,
2010-11-23,7.32,7.32,7.32,7.32,
2010-11-24,7.62,7.62,7.62,7.62,
2010-11-26,7.55,7.55,7.55,7.55,
2010-11-29,7.38,7.38,7.38,7.38,
2010-11-30,7.29,7.29,7.29,7.29,
2010-12-01,7.51,7.51,7.51,7.51,
2010-12-02,7.54,7.54,7.54,7.54,
2010-12-03,7.65,7.65,7.65,7.65,
2010-12-06,7.82,7.82,7.82,7.82,
2010-12-07,8.02,8.02,8.02,8.02,
2010-12-08,8.17,8.17,8.17,8.17,
2010-12-09,7.95,7.95,7.95,7.95,
2010-12-10,8.07,8.07,8.07,8.07,
2010-12-13,8.23,8.23,8.23,8.23,
2010-12-14,8.05,8.05,8.05,8.05,
2010-12-15,8.02,8.02,8.02,8.02,
2010-12-16,8.03,8.03,8.03,8.03,
2010-12-17,8.1,8.1,8.1,8.1,
2010-12-20,8.24,8.24,8.24,8.24,
2010-12-21,8.14,8.14,8.14,8.14,
2010-12-22,8.11,8.11,8.11,8.11,
2010-12-23,8.04,8.04,8.04,8.04,
2010-12-27,8.05,8.05,8.05,8.05,
2010-12-28,8.09,8.09,8.09,8.09,
2010-12-29,8.08,8.08,8.08,8.08,
2010-12-30,8.14,8.14,8.14,8.14,
2010-12-31,8.18,8.18,8.18,8.18,
2011-01-03,8.47,8.47,8.47,8.47,
2011-01-04,8.77,8.77,8.77,8.77,
2011-01-05,8.91,8.91,8.91,8.91,
2011-01-06,8.69,8.69,8.69,8.69,
2011-01-07,8.83,8.83,8.83,8.83,
2011-01-10,9.19,9.19,9.19,9.19,
2011-01-11,8.36,8.36,8.36,8.36,
2011-01-12,8.39,8.39,8.39,8.39,
2011-01-13,8.26,8.26,8.26,8.26,
2011-01-14,8.2,8.2,8.2,8.2,
2011-01-18,8.1,8.1,8.1,8.1,
2011-01-19,7.93,7.93,7.93,7.93,
2011-01-20,8.02,8.02,8.02,8.02,
2011-01-21,7.54,7.54,7.54,7.54,
2011-01-24,7.68,7.68,7.68,7.68,
2011-01-25,7.48,7.48,7.48,7.48,
2011-01-26,7.49,7.49,7.49,7.49,
2011-01-27,7.75,7.75,7.75,7.75,
2011-01-28,7.49,7.49,7.49,7.49,
2011-01-31,7.83,7.83,7.83,7.83,
2011-02-01,8.22,8.22,8.22,8.22,
2011-02-02,8.29,8.29,8.29,8.29,
2011-02-03,8.33,8.33,8.33,8.33,
2011-02-04,8.4,8.4,8.4,8.4,
2011-02-07,8.33,8.33,8.33,8.33,
2011-02-08,8.24,8.24,8.24,8.24,
2011-02-09,8.23,8.23,8.23,8.23,
2011-02-10,8.22,8.22,8.22,8.22,
2011-02-11,8.28,8.28,8.28,8.28,
2011-02-14,8.63,8.63,8.63,8.63,
2011-02-15,8.6,8.6,8.6,8.6,
2011-02-16,8.99,8.99,8.99,8.99,
2011-02-17,9.44,9.44,9.44,9.44,
2011-02-18,9.18,9.18,9.18,9.18,
2011-02-22,8.85,8.85,8.85,8.85,
2011-02-23,8.55,8.55,8.55,8.55,
2011-02-24,9.1,9.1,9.1,9.1,
2011-02-25,9.29,9.29,9.29,9.29,
2011-02-28,9.21,9.21,9.21,9.21,
2011-03-01,9.03,9.03,9.03,9.03,
2011-03-02,9.17,9.17,9.17,9.17,
2011-03-03,9.28,9.28,9.28,9.28,
2011-03-04,9.23,9.23,9.23,9.23,
2011-03-07,8.84,8.84,8.84,8.84,
2011-03-08,8.99,8.99,8.99,8.99,
2011-03-09,8.67,8.67,8.67,8.67,
2011-03-10,8.42,8.42,8.42,8.42,
2011-03-11,8.65,8.65,8.65,8.65,
2011-03-14,8.43,8.43,8.43,8.43,
2011-03-15,8.28,8.28,8.28,8.28,
2011-03-16,8.12,8.12,8.12,8.12,
2011-03-17,8.31,8.31,8.31,8.31,
2011-03-18,8.55,8.55,8.55,8.55,
2011-03-21,8.55,8.55,8.55,8.55,
2011-03-22,8.36,8.36,8.36,8.36,
2011-03-23,8.59,8.59,8.59,8.59,
2011-03-24,8.83,8.83,8.83,8.83,
2011-03-25,8.88,8.88,8.88,8.88,
2011-03-28,8.69,8.69,8.69,8.69,
2011-03-29,8.68,8.68,8.68,8.68,
2011-03-30,8.79,8.79,8.79,8.79,
2011-03-31,8.6,8.6,8.6,8.6,
2011-04-01,8.36,8.36,8.36,8.36,
2011-04-04,8.1,8.1,8.1,8.1,
2011-04-05,8.11,8.11,8.11,8.11,
2011-04-06,8.43,8.43,8.43,8.43,
2011-04-07,8.41,8.41,8.41,8.41,
2011-04-08,8.47,8.47,8.47,8.47,
2011-04-11,8.42,8.42,8.42,8.42,
2011-04-12,8.26,8.26,8.26,8.26,
2011-04-13,8.2,8.2,8.2,8.2,
2011-04-14,8.19,8.19,8.19,8.19,
2011-04-15,8.27,8.27,8.27,8.27,
2011-04-18,8.2,8.2,8.2,8.2,
2011-04-19,8.27,8.27,8.27,8.27,
2011-04-20,8.63,8.63,8.63,8.63,
2011-04-21,8.71,8.71,8.71,8.71,
2011-04-25,8.7,8.7,8.7,8.7,
2011-04-26,8.88,8.88,8.88,8.88,
2011-04-27,8.95,8.95,8.95,8.95,
2011-04-28,9.07,9.07,9.07,9.07,
2011-04-29,9.1,9.1,9.1,9.1,
2011-05-02,9.03,9.03,9.03,9.03,
2011-05-03,8.8,8.8,8.8,8.8,
2011-05-04,8.79,8.79,8.79,8.79,
2011-05-05,8.87,8.87,8.87,8.87,
2011-05-06,8.92,8.92,8.92,8.92,
2011-05-09,8.94,8.94,8.94,8.94,
2011-05-10,8.94,8.94,8.94,8.94,
2011-05-11,8.88,8.88,8.88,8.88,
2011-05-12,8.93,8.93,8.93,8.93,
2011-05-13,8.9,8.9,8.9,8.9,
2011-05-16,8.67,8.67,8.67,8.67,
2011-05-17,8.54,8.54,8.54,8.54,
2011-05-18,8.67,8.67,8.67,8.67,
2011-05-19,8.64,8.64,8.64,8.64,
2011-05-20,8.62,8.62,8.62,8.62,
2011-05-23,8.49,8.49,8.49,8.49,
2011-05-24,8.39,8.39,8.39,8.39,
2011-05-25,8.43,8.43,8.43,8.43,
2011-05-26,8.48,8.48,8.48,8.48,
2011-05-27,8.49,8.49,8.49,8.49,
2011-05-31,8.68,8.68,8.68,8.68,
2011-06-01,8.37,8.37,8.37,8.37,
2011-06-02,8.24,8.24,8.24,8.24,
2011-06-03,7.97,7.97,7.97,7.97,
2011-06-06,7.8,7.8,7.8,7.8,
2011-06-07,7.71,7.71,7.71,7.71,
2011-06-08,7.62,7.62,7.62,7.62,
2011-06-09,7.64,7.64,7.64,7.64,
2011-06-10,7.59,7.59,7.59,7.59,
2011-06-13,7.54,7.54,7.54,7.54,
2011-06-14,7.67,7.67,7.67,7.67,
2011-06-15,7.5,7.5,7.5,7.5,
2011-06-16,7.19,7.19,7.19,7.19,
2011-06-17,7.0,7.0,7.0,7.0,
2011-06-20,6.89,6.89,6.89,6.89,
2011-06-21,7.22,7.22,7.22,7.22,
2011-06-22,7.06,7.06,7.06,7.06,
2011-06-23,7.06,7.06,7.06,7.06,
2011-06-24,6.9,6.9,6.9,6.9,
2011-06-27,6.92,6.92,6.92,6.92,
2011-06-28,6.95,6.95,6.95,6.95,
2011-06-29,6.89,6.89,6.89,6.89,
2011-06-30,6.99,6.99,6.99,6.99,
2011-07-01,7.11,7.11,7.11,7.11,
2011-07-05,7.14,7.14,7.14,7.14,
2011-07-06,7.0,7.0,7.0,7.0,
2011-07-07,7.15,7.15,7.15,7.15,
2011-07-08,6.95,6.95,6.95,6.95,
2011-07-11,6.76,6.76,6.76,6.76,
2011-07-12,6.43,6.43,6.43,6.43,
2011-07-13,6.48,6.48,6.48,6.48,
2011-07-14,6.44,6.44,6.44,6.44,
2011-07-15,6.43,6.43,6.43,6.43,
2011-07-18,6.18,6.18,6.18,6.18,
2011-07-19,6.48,6.48,6.48,6.48,
2011-07-20,6.6,6.6,6.6,6.6,
2011-07-21,6.5,6.5,6.5,6.5,
2011-07-22,7.75,7.75,7.75,7.75,
2011-07-25,7.63,7.63,7.63,7.63,
2011-07-26,7.66,7.66,7.66,7.66,
2011-07-27,7.51,7.51,7.51,7.51,
2011-07-28,7.42,7.42,7.42,7.42,
2011-07-29,7.34,7.34,7.34,7.34,
2011-08-01,7.22,7.22,7.22,7.22,
2011-08-02,7.11,7.11,7.11,7.11,
2011-08-03,7.16,7.16,7.16,7.16,
2011-08-04,6.5,6.5,6.5,6.5,
2011-08-05,6.56,6.56,6.56,6.56,
2011-08-08,5.94,5.94,5.94,5.94,
2011-08-09,6.18,6.18,6.18,6.18,
2011-08-10,5.85,5.85,5.85,5.85,
2011-08-11,6.17,6.17,6.17,6.17,
2011-08-12,6.21,6.21,6.21,6.21,
2011-08-15,6.43,6.43,6.43,6.43,
2011-08-16,6.34,6.34,6.34,6.34,
2011-08-17,6.14,6.14,6.14,6.14,
2011-08-18,5.79,5.79,5.79,5.79,
2011-08-19,5.98,5.98,5.98,5.98,
2011-08-22,6.05,6.05,6.05,6.05,
2011-08-23,6.5,6.5,6.5,6.5,
2011-08-24,6.34,6.34,6.34,6.34,
2011-08-25,6.37,6.37,6.37,6.37,
2011-08-26,6.49,6.49,6.49,6.49,
2011-08-29,6.83,6.83,6.83,6.83,
2011-08-30,6.84,6.84,6.84,6.84,
2011-08-31,6.83,6.83,6.83,6.83,
2011-09-01,6.68,6.68,6.68,6.68,
2011-09-02,6.32,6.32,6.32,6.32,
2011-09-06,6.27,6.27,6.27,6.27,
2011-09-07,6.76,6.76,6.76,6.76,
2011-09-08,6.81,6.81,6.81,6.81,
2011-09-09,6.52,6.52,6.52,6.52,
2011-09-12,6.71,6.71,6.71,6.71,
2011-09-13,6.96,6.96,6.96,6.96,
2011-09-14,7.21,7.21,7.21,7.21,
2011-09-15,7.34,7.34,7.34,7.34,
2011-09-16,7.2,7.2,7.2,7.2,
2011-09-19,6.92,6.92,6.92,6.92,
2011-09-20,6.74,6.74,6.74,6.74,
2011-09-21,6.48,6.48,6.48,6.48,
2011-09-22,6.12,6.12,6.12,6.12,
2011-09-23,6.17,6.17,6.17,6.17,
2011-09-26,6.4,6.4,6.4,6.4,
2011-09-27,6.49,6.49,6.49,6.49,
2011-09-28,6.15,6.15,6.15,6.15,
2011-09-29,5.31,5.31,5.31,5.31,
2011-09-30,5.08,5.08,5.08,5.08,
2011-10-03,4.53,4.53,4.53,4.53,
2011-10-04,4.72,4.72,4.72,4.72,
2011-10-05,4.83,4.83,4.83,4.83,
2011-10-06,4.85,4.85,4.85,4.85,
2011-10-07,4.73,4.73,4.73,4.73,
2011-10-10,4.84,4.84,4.84,4.84,
2011-10-11,4.86,4.86,4.86,4.86,
2011-10-12,4.93,4.93,4.93,4.93,
2011-10-13,4.97,4.97,4.97,4.97,
2011-10-14,4.92,4.92,4.92,4.92,
2011-10-17,4.67,4.67,4.67,4.67,
2011-10-18,4.83,4.83,4.83,4.83,
2011-10-19,4.73,4.73,4.73,4.73,
2011-10-20,4.54,4.54,4.54,4.54,
2011-10-21,4.72,4.72,4.72,4.72,
2011-10-24,5.06,5.06,5.06,5.06,
2011-10-25,4.91,4.91,4.91,4.91,
2011-10-26,5.1,5.1,5.1,5.1,
2011-10-27,5.54,5.54,5.54,5.54,
2011-10-28,5.94,5.94,5.94,5.94,
2011-10-31,5.83,5.83,5.83,5.83,
2011-11-01,5.3,5.3,5.3,5.3,
2011-11-02,5.46,5.46,5.46,5.46,
2011-11-03,5.73,5.73,5.73,5.73,
2011-11-04,5.67,5.67,5.67,5.67,
2011-11-07,5.68,5.68,5.68,5.68,
2011-11-08,5.75,5.75,5.75,5.75,
2011-11-09,5.38,5.38,5.38,5.38,
2011-11-10,5.66,5.66,5.66,5.66,
2011-11-11,5.95,5.95,5.95,5.95,
2011-11-14,5.79,5.79,5.79,5.79,
2011-11-15,5.76,5.76,5.76,5.76,
2011-11-16,5.68,5.68,5.68,5.68,
2011-11-17,5.44,5.44,5.44,5.44,
2011-11-18,5.47,5.47,5.47,5.47,
2011-11-21,5.42,5.42,5.42,5.42,
2011-11-22,5.3,5.3,5.3,5.3,
2011-11-23,5.05,5.05,5.05,5.05,
2011-11-25,4.99,4.99,4.99,4.99,
2011-11-28,5.3,5.3,5.3,5.3,
2011-11-29,5.32,5.32,5.32,5.32,
2011-11-30,5.69,5.69,5.69,5.69,
2011-12-01,5.7,5.7,5.7,5.7,
2011-12-02,5.65,5.65,5.65,5.65,
2011-12-05,5.76,5.76,5.76,5.76,
2011-12-06,5.66,5.66,5.66,5.66,
2011-12-07,5.72,5.72,5.72,5.72,
2011-12-08,5.47,5.47,5.47,5.47,
2011-12-09,5.54,5.54,5.54,5.54,
2011-12-12,5.3,5.3,5.3,5.3,
2011-12-13,5.18,5.18,5.18,5.18,
2011-12-14,5.07,5.07,5.07,5.07,
2011-12-15,5.04,5.04,5.04,5.04,
2011-12-16,5.13,5.13,5.13,5.13,
2011-12-19,4.86,4.86,4.86,4.86,
2011-12-20,5.19,5.19,5.19,5.19,
2011-12-21,5.08,5.08,5.08,5.08,
2011-12-22,5.45,5.45,5.45,5.45,
2011-12-23,5.41,5.41,5.41,5.41,
2011-12-27,5.38,5.38,5.38,5.38,
2011-12-28,5.28,5.28,5.28,5.28,
2011-12-29,5.34,5.34,5.34,5.34,
2011-12-30,5.4,5.4,5.4,5.4,
2012-01-03,5.48,5.48,5.48,5.48,
2012-01-04,5.46,5.46,5.46,5.46,
2012-01-05,5.46,5.46,5.46,5.46,
2012-01-06,5.43,5.43,5.43,5.43,
2012-01-09,5.59,5.59,5.59,5.59,
2012-01-10,5.71,5.71,5.71,5.71,
2012-01-11,5.81,5.81,5.81,5.81,
2012-01-12,5.82,5.82,5.82,5.82,
2012-01-13,5.66,5.66,5.66,5.66,
2012-01-17,5.73,5.73,5.73,5.73,
2012-01-18,5.97,5.97,5.97,5.97,
2012-01-19,6.22,6.22,6.22,6.22,
2012-01-20,6.42,6.42,6.42,6.42,
2012-01-23,6.52,6.52,6.52,6.52,
2012-01-24,6.53,6.53,6.53,6.53,
2012-01-25,6.73,6.73,6.73,6.73,
2012-01-26,6.77,6.77,6.77,6.77,
2012-01-27,6.82,6.82,6.82,6.82,
2012-01-30,6.74,6.74,6.74,6.74,
2012-01-31,6.71,6.71,6.71,6.71,
2012-02-01,6.9,6.9,6.9,6.9,
2012-02-02,6.93,6.93,6.93,6.93,
2012-02-03,7.08,7.08,7.08,7.08,
2012-02-06,6.92,6.92,6.92,6.92,
2012-02-07,7.13,7.13,7.13,7.13,
2012-02-08,7.25,7.25,7.25,7.25,
2012-02-09,7.24,7.24,7.24,7.24,
2012-02-10,7.05,7.05,7.05,7.05,
2012-02-13,7.29,7.29,7.29,7.29,
2012-02-14,7.32,7.32,7.32,7.32,
2012-02-15,7.3,7.3,7.3,7.3,
2012-02-16,7.59,7.59,7.59,7.59,
2012-02-17,7.42,7.42,7.42,7.42,
2012-02-21,7.28,7.28,7.28,7.28,
2012-02-22,7.14,7.14,7.14,7.14,
2012-02-23,7.29,7.29,7.29,7.29,
2012-02-24,7.46,7.46,7.46,7.46,
2012-02-27,7.47,7.47,7.47,7.47,
2012-02-28,7.52,7.52,7.52,7.52,
2012-02-29,7.35,7.35,7.35,7.35,
2012-03-01,7.51,7.51,7.51,7.51,
2012-03-02,7.46,7.46,7.46,7.46,
2012-03-05,7.07,7.07,7.07,7.07,
2012-03-06,6.9,6.9,6.9,6.9,
2012-03-07,7.17,7.17,7.17,7.17,
2012-03-08,7.47,7.47,7.47,7.47,
2012-03-09,7.58,7.58,7.58,7.58,
2012-03-12,7.5,7.5,7.5,7.5,
2012-03-13,7.76,7.76,7.76,7.76,
2012-03-14,7.76,7.76,7.76,7.76,
2012-03-15,8.25,8.25,8.25,8.25,
2012-03-16,8.2,8.2,8.2,8.2,
2012-03-19,8.18,8.18,8.18,8.18,
2012-03-20,8.06,8.06,8.06,8.06,
2012-03-21,8.04,8.04,8.04,8.04,
2012-03-22,8.03,8.03,8.03,8.03,
2012-03-23,8.09,8.09,8.09,8.09,
2012-03-26,8.24,8.24,8.24,8.24,
2012-03-27,8.19,8.19,8.19,8.19,
2012-03-28,8.08,8.08,8.08,8.08,
2012-03-29,8.12,8.12,8.12,8.12,
2012-03-30,8.02,8.02,8.02,8.02,
2012-04-02,8.2,8.2,8.2,8.2,
2012-04-03,7.98,7.98,7.98,7.98,
2012-04-04,7.81,7.81,7.81,7.81,
2012-04-05,7.87,7.87,7.87,7.87,
2012-04-09,7.75,7.75,7.75,7.75,
2012-04-10,7.53,7.53,7.53,7.53,
2012-04-11,7.64,7.64,7.64,7.64,
2012-04-12,7.92,7.92,7.92,7.92,
2012-04-13,7.73,7.73,7.73,7.73,
2012-04-16,7.7,7.7,7.7,7.7,
2012-04-17,7.94,7.94,7.94,7.94,
2012-04-18,7.97,7.97,7.97,7.97,
2012-04-19,7.97,7.97,7.97,7.97,
2012-04-20,7.76,7.76,7.76,7.76,
2012-04-23,7.39,7.39,7.39,7.39,
2012-04-24,7.31,7.31,7.31,7.31,
2012-04-25,7.39,7.39,7.39,7.39,
2012-04-26,7.45,7.45,7.45,7.45,
2012-04-27,7.33,7.33,7.33,7.33,
2012-04-30,7.36,7.36,7.36,7.36,
2012-05-01,7.59,7.59,7.59,7.59,
2012-05-02,7.63,7.63,7.63,7.63,
2012-05-03,7.41,7.41,7.41,7.41,
2012-05-04,7.18,7.18,7.18,7.18,
2012-05-07,7.18,7.18,7.18,7.18,
2012-05-08,7.03,7.03,7.03,7.03,
2012-05-09,6.86,6.86,6.86,6.86,
2012-05-10,6.78,6.78,6.78,6.78,
2012-05-11,6.78,6.78,6.78,6.78,
2012-05-14,6.75,6.75,6.75,6.75,
2012-05-15,6.6,6.6,6.6,6.6,
2012-05-16,6.39,6.39,6.39,6.39,
2012-05-17,6.13,6.13,6.13,6.13,
2012-05-18,6.01,6.01,6.01,6.01,
2012-05-21,6.3,6.3,6.3,6.3,
2012-05-22,6.16,6.16,6.16,6.16,
2012-05-23,6.08,6.08,6.08,6.08,
2012-05-24,6.02,6.02,6.02,6.02,
2012-05-25,6.22,6.22,6.22,6.22,
2012-05-29,6.46,6.46,6.46,6.46,
2012-05-30,6.15,6.15,6.15,6.15,
2012-05-31,6.08,6.08,6.08,6.08,
2012-06-01,5.73,5.73,5.73,5.73,
2012-06-04,5.63,5.63,5.63,5.63,
2012-06-05,5.83,5.83,5.83,5.83,
2012-06-06,6.02,6.02,6.02,6.02,
2012-06-07,5.76,5.76,5.76,5.76,
2012-06-08,5.91,5.91,5.91,5.91,
2012-06-11,5.69,5.69,5.69,5.69,
2012-06-12,5.91,5.91,5.91,5.91,
2012-06-13,5.76,5.76,5.76,5.76,
2012-06-14,5.76,5.76,5.76,5.76,
2012-06-15,5.87,5.87,5.87,5.87,
2012-06-18,5.93,5.93,5.93,5.93,
2012-06-19,5.81,5.81,5.81,5.81,
2012-06-20,6.06,6.06,6.06,6.06,
2012-06-21,5.72,5.72,5.72,5.72,
2012-06-22,5.73,5.73,5.73,5.73,
2012-06-25,5.41,5.41,5.41,5.41,
2012-06-26,5.44,5.44,5.44,5.44,
2012-06-27,5.5,5.5,5.5,5.5,
2012-06-28,5.41,5.41,5.41,5.41,
2012-06-29,5.73,5.73,5.73,5.73,
2012-07-02,5.75,5.75,5.75,5.75,
2012-07-03,6.03,6.03,6.03,6.03,
2012-07-05,5.88,5.88,5.88,5.88,
2012-07-06,5.75,5.75,5.75,5.75,
2012-07-09,5.62,5.62,5.62,5.62,
2012-07-10,4.99,4.99,4.99,4.99,
2012-07-11,4.89,4.89,4.89,4.89,
2012-07-12,4.88,4.88,4.88,4.88,
2012-07-13,4.9,4.9,4.9,4.9,
2012-07-16,4.83,4.83,4.83,4.83,
2012-07-17,4.87,4.87,4.87,4.87,
2012-07-18,4.89,4.89,4.89,4.89,
2012-07-19,4.86,4.86,4.86,4.86,
2012-07-20,4.22,4.22,4.22,4.22,
2012-07-23,4.15,4.15,4.15,4.15,
2012-07-24,4.06,4.06,4.06,4.06,
2012-07-25,4.01,4.01,4.01,4.01,
2012-07-26,4.04,4.04,4.04,4.04,
2012-07-27,4.09,4.09,4.09,4.09,
2012-07-30,4.1,4.1,4.1,4.1,
2012-07-31,4.06,4.06,4.06,4.06,
2012-08-01,4.05,4.05,4.05,4.05,
2012-08-02,3.97,3.97,3.97,3.97,
2012-08-03,4.09,4.09,4.09,4.09,
2012-08-06,4.01,4.01,4.01,4.01,
2012-08-07,4.02,4.02,4.02,4.02,
2012-08-08,4.4,4.4,4.4,4.4,
2012-08-09,4.37,4.37,4.37,4.37,
2012-08-10,4.34,4.34,4.34,4.34,
2012-08-13,4.26,4.26,4.26,4.26,
2012-08-14,4.12,4.12,4.12,4.12,
2012-08-15,4.19,4.19,4.19,4.19,
2012-08-16,4.17,4.17,4.17,4.17,
2012-08-17,4.1,4.1,4.1,4.1,
2012-08-20,4.09,4.09,4.09,4.09,
2012-08-21,4.07,4.07,4.07,4.07,
2012-08-22,4.01,4.01,4.01,4.01,
2012-08-23,3.9,3.9,3.9,3.9,
2012-08-24,3.94,3.94,3.94,3.94,
2012-08-27,3.85,3.85,3.85,3.85,
2012-08-28,3.79,3.79,3.79,3.79,
2012-08-29,3.77,3.77,3.77,3.77,
2012-08-30,3.7,3.7,3.7,3.7,
2012-08-31,3.72,3.72,3.72,3.72,
2012-09-04,3.64,3.64,3.64,3.64,
2012-09-05,3.51,3.51,3.51,3.51,
2012-09-06,3.66,3.66,3.66,3.66,
2012-09-07,3.45,3.45,3.45,3.45,
2012-09-10,3.47,3.47,3.47,3.47,
2012-09-11,3.75,3.75,3.75,3.75,
2012-09-12,3.89,3.89,3.89,3.89,
2012-09-13,3.92,3.92,3.92,3.92,
2012-09-14,3.9,3.9,3.9,3.9,
2012-09-17,4.01,4.01,4.01,4.01,
2012-09-18,3.62,3.62,3.62,3.62,
2012-09-19,3.66,3.66,3.66,3.66,
2012-09-20,3.59,3.59,3.59,3.59,
2012-09-21,3.6,3.6,3.6,3.6,
2012-09-24,3.46,3.46,3.46,3.46,
2012-09-25,3.28,3.28,3.28,3.28,
2012-09-26,3.32,3.32,3.32,3.32,
2012-09-27,3.43,3.43,3.43,3.43,
2012-09-28,3.37,3.37,3.37,3.37,
2012-10-01,3.28,3.28,3.28,3.28,
2012-10-02,3.27,3.27,3.27,3.27,
2012-10-03,3.12,3.12,3.12,3.12,
2012-10-04,3.22,3.22,3.22,3.22,
2012-10-05,3.22,3.22,3.22,3.22,
2012-10-08,3.19,3.19,3.19,3.19,
2012-10-09,3.25,3.25,3.25,3.25,
2012-10-10,3.15,3.15,3.15,3.15,
2012-10-11,3.2,3.2,3.2,3.2,
2012-10-12,2.74,2.74,2.74,2.74,
2012-10-15,2.75,2.75,2.75,2.75,
2012-10-16,2.68,2.68,2.68,2.68,
2012-10-17,2.77,2.77,2.77,2.77,
2012-10-18,2.62,2.62,2.62,2.62,
2012-10-19,2.18,2.18,2.18,2.18,
2012-10-22,2.1,2.1,2.1,2.1,
2012-10-23,2.14,2.14,2.14,2.14,
2012-10-24,2.08,2.08,2.08,2.08,
2012-10-25,2.12,2.12,2.12,2.12,
2012-10-26,2.07,2.07,2.07,2.07,
2012-10-31,2.05,2.05,2.05,2.05,
2012-11-01,2.14,2.14,2.14,2.14,
2012-11-02,2.1,2.1,2.1,2.1,
2012-11-05,2.11,2.11,2.11,2.11,
2012-11-06,2.07,2.07,2.07,2.07,
2012-11-07,2.01,2.01,2.01,2.01,
2012-11-08,1.98,1.98,1.98,1.98,
2012-11-09,2.03,2.03,2.03,2.03,
2012-11-12,1.99,1.99,1.99,1.99,
2012-11-13,2.09,2.09,2.09,2.09,
2012-11-14,1.93,1.93,1.93,1.93,
2012-11-15,1.87,1.87,1.87,1.87,
2012-11-16,1.86,1.86,1.86,1.86,
2012-11-19,1.92,1.92,1.92,1.92,
2012-11-20,1.88,1.88,1.88,1.88,
2012-11-21,1.87,1.87,1.87,1.87,
2012-11-23,1.95,1.95,1.95,1.95,
2012-11-26,1.87,1.87,1.87,1.87,
2012-11-27,1.88,1.88,1.88,1.88,
2012-11-28,1.96,1.96,1.96,1.96,
2012-11-29,2.04,2.04,2.04,2.04,
2012-11-30,2.2,2.2,2.2,2.2,
2012-12-03,2.36,2.36,2.36,2.36,
2012-12-04,2.26,2.26,2.26,2.26,
2012-12-05,2.29,2.29,2.29,2.29,
2012-12-06,2.34,2.34,2.34,2.34,
2012-12-07,2.36,2.36,2.36,2.36,
2012-12-10,2.32,2.32,2.32,2.32,
2012-12-11,2.33,2.33,2.33,2.33,
2012-12-12,2.37,2.37,2.37,2.37,
2012-12-13,2.41,2.41,2.41,2.41,
2012-12-14,2.39,2.39,2.39,2.39,
2012-12-17,2.46,2.46,2.46,2.46,
2012-12-18,2.52,2.52,2.52,2.52,
2012-12-19,2.52,2.52,2.52,2.52,
2012-12-20,2.4,2.4,2.4,2.4,
2012-12-21,2.59,2.59,2.59,2.59,
2012-12-24,2.48,2.48,2.48,2.48,
2012-12-26,2.43,2.43,2.43,2.43,
2012-12-27,2.39,2.39,2.39,2.39,
2012-12-28,2.28,2.28,2.28,2.28,
2012-12-31,2.4,2.4,2.4,2.4,
2013-01-02,2.53,2.53,2.53,2.53,
2013-01-03,2.49,2.49,2.49,2.49,
2013-01-04,2.59,2.59,2.59,2.59,
2013-01-07,2.67,2.67,2.67,2.67,
2013-01-08,2.67,2.67,2.67,2.67,
2013-01-09,2.63,2.63,2.63,2.63,
2013-01-10,2.62,2.62,2.62,2.62,
2013-01-11,2.67,2.67,2.67,2.67,
2013-01-14,2.64,2.64,2.64,2.64,
2013-01-15,2.68,2.68,2.68,2.68,
2013-01-16,2.72,2.72,2.72,2.72,
2013-01-17,2.74,2.74,2.74,2.74,
2013-01-18,2.46,2.46,2.46,2.46,
2013-01-22,2.45,2.45,2.45,2.45,
2013-01-23,2.73,2.73,2.73,2.73,
2013-01-24,2.79,2.79,2.79,2.79,
2013-01-25,2.85,2.85,2.85,2.85,
2013-01-28,2.82,2.82,2.82,2.82,
2013-01-29,2.74,2.74,2.74,2.74,
2013-01-30,2.65,2.65,2.65,2.65,
2013-01-31,2.6,2.6,2.6,2.6,
2013-02-01,2.6,2.6,2.6,2.6,
2013-02-04,2.52,2.52,2.52,2.52,
2013-02-05,2.6,2.6,2.6,2.6,
2013-02-06,2.6,2.6,2.6,2.6,
2013-02-07,2.57,2.57,2.57,2.57,
2013-02-08,2.59,2.59,2.59,2.59,
2013-02-11,2.67,2.67,2.67,2.67,
2013-02-12,2.77,2.77,2.77,2.77,
2013-02-13,2.75,2.75,2.75,2.75,
2013-02-14,2.75,2.75,2.75,2.75,
2013-02-15,2.71,2.71,2.71,2.71,
2013-02-19,2.82,2.82,2.82,2.82,
2013-02-20,2.7,2.7,2.7,2.7,
2013-02-21,2.6,2.6,2.6,2.6,
2013-02-22,2.61,2.61,2.61,2.61,
2013-02-25,2.53,2.53,2.53,2.53,
2013-02-26,2.46,2.46,2.46,2.46,
2013-02-27,2.53,2.53,2.53,2.53,
2013-02-28,2.49,2.49,2.49,2.49,
2013-03-01,2.42,2.42,2.42,2.42,
2013-03-04,2.4,2.4,2.4,2.4,
2013-03-05,2.43,2.43,2.43,2.43,
2013-03-06,2.43,2.43,2.43,2.43,
2013-03-07,2.55,2.55,2.55,2.55,
2013-03-08,2.56,2.56,2.56,2.56,
2013-03-11,2.59,2.59,2.59,2.59,
2013-03-12,2.61,2.61,2.61,2.61,
2013-03-13,2.6,2.6,2.6,2.6,
2013-03-14,2.63,2.63,2.63,2.63,
2013-03-15,2.6,2.6,2.6,2.6,
2013-03-18,2.65,2.65,2.65,2.65,
2013-03-19,2.67,2.67,2.67,2.67,
2013-03-20,2.75,2.75,2.75,2.75,
2013-03-21,2.64,2.64,2.64,2.64,
2013-03-22,2.54,2.54,2.54,2.54,
2013-03-25,2.51,2.51,2.51,2.51,
2013-03-26,2.54,2.54,2.54,2.54,
2013-03-27,2.55,2.55,2.55,2.55,
2013-03-28,2.55,2.55,2.55,2.55,
2013-04-01,2.44,2.44,2.44,2.44,
2013-04-02,2.39,2.39,2.39,2.39,
2013-04-03,2.32,2.32,2.32,2.32,
2013-04-04,2.33,2.33,2.33,2.33,
2013-04-05,2.29,2.29,2.29,2.29,
2013-04-08,2.59,2.59,2.59,2.59,
2013-04-09,2.63,2.63,2.63,2.63,
2013-04-10,2.61,2.61,2.61,2.61,
2013-04-11,2.52,2.52,2.52,2.52,
2013-04-12,2.48,2.48,2.48,2.48,
2013-04-15,2.4,2.4,2.4,2.4,
2013-04-16,2.44,2.44,2.44,2.44,
2013-04-17,2.4,2.4,2.4,2.4,
2013-04-18,2.51,2.51,2.51,2.51,
2013-04-19,2.47,2.47,2.47,2.47,
2013-04-22,2.46,2.46,2.46,2.46,
2013-04-23,2.53,2.53,2.53,2.53,
2013-04-24,2.61,2.61,2.61,2.61,
2013-04-25,2.68,2.68,2.68,2.68,
2013-04-26,2.64,2.64,2.64,2.64,
2013-04-29,2.68,2.68,2.68,2.68,
2013-04-30,2.82,2.82,2.82,2.82,
2013-05-01,3.22,3.22,3.22,3.22,
2013-05-02,3.41,3.41,3.41,3.41,
2013-05-03,3.6,3.6,3.6,3.6,
2013-05-06,3.61,3.61,3.61,3.61,
2013-05-07,3.54,3.54,3.54,3.54,
2013-05-08,3.83,3.83,3.83,3.83,
2013-05-09,3.86,3.86,3.86,3.86,
2013-05-10,3.95,3.95,3.95,3.95,
2013-05-13,4.17,4.17,4.17,4.17,
2013-05-14,4.26,4.26,4.26,4.26,
2013-05-15,4.38,4.38,4.38,4.38,
2013-05-16,3.83,3.83,3.83,3.83,
2013-05-17,4.07,4.07,4.07,4.07,
2013-05-20,4.1,4.1,4.1,4.1,
2013-05-21,4.02,4.02,4.02,4.02,
2013-05-22,3.96,3.96,3.96,3.96,
2013-05-23,4.01,4.01,4.01,4.01,
2013-05-24,4.05,4.05,4.05,4.05,
2013-05-28,4.05,4.05,4.05,4.05,
2013-05-29,3.98,3.98,3.98,3.98,
2013-05-30,4.04,4.04,4.04,4.04,
2013-05-31,4.0,4.0,4.0,4.0,
2013-06-03,3.96,3.96,3.96,3.96,
2013-06-04,4.01,4.01,4.01,4.01,
2013-06-05,3.91,3.91,3.91,3.91,
2013-06-06,3.94,3.94,3.94,3.94,
2013-06-07,3.91,3.91,3.91,3.91,
2013-06-10,4.06,4.06,4.06,4.06,
2013-06-11,3.96,3.96,3.96,3.96,
2013-06-12,3.9,3.9,3.9,3.9,
2013-06-13,3.95,3.95,3.95,3.95,
2013-06-14,3.94,3.94,3.94,3.94,
2013-06-17,4.05,4.05,4.05,4.05,
2013-06-18,4.09,4.09,4.09,4.09,
2013-06-19,4.07,4.07,4.07,4.07,
2013-06-20,3.87,3.87,3.87,3.87,
2013-06-21,4.0,4.0,4.0,4.0,
2013-06-24,4.05,4.05,4.05,4.05,
2013-06-25,4.15,4.15,4.15,4.15,
2013-06-26,4.14,4.14,4.14,4.14,
2013-06-27,4.08,4.08,4.08,4.08,
2013-06-28,4.08,4.08,4.08,4.08,
2013-07-01,4.1,4.1,4.1,4.1,
2013-07-02,3.97,3.97,3.97,3.97,
2013-07-03,4.06,4.06,4.06,4.06,
2013-07-05,4.07,4.07,4.07,4.07,
2013-07-08,4.0,4.0,4.0,4.0,
2013-07-09,4.05,4.05,4.05,4.05,
2013-07-10,3.98,3.98,3.98,3.98,
2013-07-11,4.45,4.45,4.45,4.45,
2013-07-12,4.32,4.32,4.32,4.32,
2013-07-15,4.4,4.4,4.4,4.4,
2013-07-16,4.43,4.43,4.43,4.43,
2013-07-17,4.38,4.38,4.38,4.38,
2013-07-18,4.64,4.64,4.64,4.64,
2013-07-19,4.03,4.03,4.03,4.03,
2013-07-22,3.9,3.9,3.9,3.9,
2013-07-23,3.66,3.66,3.66,3.66,
2013-07-24,3.63,3.63,3.63,3.63,
2013-07-25,3.7,3.7,3.7,3.7,
2013-07-26,3.82,3.82,3.82,3.82,
2013-07-29,3.75,3.75,3.75,3.75,
2013-07-30,3.82,3.82,3.82,3.82,
2013-07-31,3.77,3.77,3.77,3.77,
2013-08-01,3.81,3.81,3.81,3.81,
2013-08-02,3.8,3.8,3.8,3.8,
2013-08-05,3.82,3.82,3.82,3.82,
2013-08-06,3.72,3.72,3.72,3.72,
2013-08-07,3.69,3.69,3.69,3.69,
2013-08-08,3.71,3.71,3.71,3.71,
2013-08-09,3.65,3.65,3.65,3.65,
2013-08-12,3.65,3.65,3.65,3.65,
2013-08-13,3.69,3.69,3.69,3.69,
2013-08-14,3.82,3.82,3.82,3.82,
2013-08-15,3.69,3.69,3.69,3.69,
2013-08-16,3.66,3.66,3.66,3.66,
2013-08-19,3.6,3.6,3.6,3.6,
2013-08-20,3.63,3.63,3.63,3.63,
2013-08-21,3.61,3.61,3.61,3.61,
2013-08-22,3.63,3.63,3.63,3.63,
2013-08-23,3.65,3.65,3.65,3.65,
2013-08-26,3.58,3.58,3.58,3.58,
2013-08-27,3.39,3.39,3.39,3.39,
2013-08-28,3.42,3.42,3.42,3.42,
2013-08-29,3.38,3.38,3.38,3.38,
2013-08-30,3.27,3.27,3.27,3.27,
2013-09-03,3.27,3.27,3.27,3.27,
2013-09-04,3.31,3.31,3.31,3.31,
2013-09-05,3.41,3.41,3.41,3.41,
2013-09-06,3.57,3.57,3.57,3.57,
2013-09-09,3.69,3.69,3.69,3.69,
2013-09-10,3.87,3.87,3.87,3.87,
2013-09-11,3.82,3.82,3.82,3.82,
2013-09-12,3.75,3.75,3.75,3.75,
2013-09-13,3.83,3.83,3.83,3.83,
2013-09-16,3.82,3.82,3.82,3.82,
2013-09-17,3.85,3.85,3.85,3.85,
2013-09-18,3.93,3.93,3.93,3.93,
2013-09-19,3.95,3.95,3.95,3.95,
2013-09-20,3.83,3.83,3.83,3.83,
2013-09-23,3.79,3.79,3.79,3.79,
2013-09-24,3.8,3.8,3.8,3.8,
2013-09-25,3.91,3.91,3.91,3.91,
2013-09-26,3.89,3.89,3.89,3.89,
2013-09-27,3.86,3.86,3.86,3.86,
2013-09-30,3.81,3.81,3.81,3.81,
2013-10-01,3.86,3.86,3.86,3.86,
2013-10-02,3.9,3.9,3.9,3.9,
2013-10-03,3.9,3.9,3.9,3.9,
2013-10-04,3.91,3.91,3.91,3.91,
2013-10-07,3.86,3.86,3.86,3.86,
2013-10-08,3.72,3.72,3.72,3.72,
2013-10-09,3.65,3.65,3.65,3.65,
2013-10-10,3.79,3.79,3.79,3.79,
2013-10-11,3.83,3.83,3.83,3.83,
2013-10-14,3.97,3.97,3.97,3.97,
2013-10-15,4.02,4.02,4.02,4.02,
2013-10-16,4.09,4.09,4.09,4.09,
2013-10-17,4.09,4.09,4.09,4.09,
2013-10-18,3.53,3.53,3.53,3.53,
2013-10-21,3.37,3.37,3.37,3.37,
2013-10-22,3.18,3.18,3.18,3.18,
2013-10-23,3.14,3.14,3.14,3.14,
2013-10-24,3.23,3.23,3.23,3.23,
2013-10-25,3.34,3.34,3.34,3.34,
2013-10-28,3.32,3.32,3.32,3.32,
2013-10-29,3.33,3.33,3.33,3.33,
2013-10-30,3.3,3.3,3.3,3.3,
2013-10-31,3.34,3.34,3.34,3.34,
2013-11-01,3.31,3.31,3.31,3.31,
2013-11-04,3.32,3.32,3.32,3.32,
2013-11-05,3.33,3.33,3.33,3.33,
2013-11-06,3.32,3.32,3.32,3.32,
2013-11-07,3.28,3.28,3.28,3.28,
2013-11-08,3.27,3.27,3.27,3.27,
2013-11-11,3.34,3.34,3.34,3.34,
2013-11-12,3.44,3.44,3.44,3.44,
2013-11-13,3.54,3.54,3.54,3.54,
2013-11-14,3.52,3.52,3.52,3.52,
2013-11-15,3.5,3.5,3.5,3.5,
2013-11-18,3.47,3.47,3.47,3.47,
2013-11-19,3.42,3.42,3.42,3.42,
2013-11-20,3.42,3.42,3.42,3.42,
2013-11-21,3.37,3.37,3.37,3.37,
2013-11-22,3.34,3.34,3.34,3.34,
2013-11-25,3.39,3.39,3.39,3.39,
2013-11-26,3.45,3.45,3.45,3.45,
2013-11-27,3.56,3.56,3.56,3.56,
2013-11-29,3.64,3.64,3.64,3.64,
2013-12-02,3.66,3.66,3.66,3.66,
2013-12-03,3.62,3.62,3.62,3.62,
2013-12-04,3.57,3.57,3.57,3.57,
2013-12-05,3.64,3.64,3.64,3.64,
2013-12-06,3.66,3.66,3.66,3.66,
2013-12-09,3.63,3.63,3.63,3.63,
2013-12-10,3.72,3.72,3.72,3.72,
2013-12-11,3.68,3.68,3.68,3.68,
2013-12-12,3.69,3.69,3.69,3.69,
2013-12-13,3.69,3.69,3.69,3.69,
2013-12-16,3.59,3.59,3.59,3.59,
2013-12-17,3.65,3.65,3.65,3.65,
2013-12-18,3.65,3.65,3.65,3.65,
2013-12-19,3.65,3.65,3.65,3.65,
2013-12-20,3.69,3.69,3.69,3.69,
2013-12-23,3.75,3.75,3.75,3.75,
2013-12-24,3.77,3.77,3.77,3.77,
2013-12-26,3.8,3.8,3.8,3.8,
2013-12-27,3.78,3.78,3.78,3.78,
2013-12-30,3.85,3.85,3.85,3.85,
2013-12-31,3.87,3.87,3.87,3.87,
2014-01-02,3.95,3.95,3.95,3.95,
2014-01-03,4.0,4.0,4.0,4.0,
2014-01-06,4.13,4.13,4.13,4.13,
2014-01-07,4.18,4.18,4.18,4.18,
2014-01-08,4.18,4.18,4.18,4.18,
2014-01-09,4.09,4.09,4.09,4.09,
2014-01-10,4.17,4.17,4.17,4.17,
2014-01-13,4.13,4.13,4.13,4.13,
2014-01-14,4.3,4.3,4.3,4.3,
2014-01-15,4.47,4.47,4.47,4.47,
2014-01-16,4.38,4.38,4.38,4.38,
2014-01-17,4.18,4.18,4.18,4.18,
2014-01-21,4.17,4.17,4.17,4.17,
2014-01-22,3.67,3.67,3.67,3.67,
2014-01-23,3.62,3.62,3.62,3.62,
2014-01-24,3.47,3.47,3.47,3.47,
2014-01-27,3.41,3.41,3.41,3.41,
2014-01-28,3.54,3.54,3.54,3.54,
2014-01-29,3.48,3.48,3.48,3.48,
2014-01-30,3.48,3.48,3.48,3.48,
2014-01-31,3.43,3.43,3.43,3.43,
2014-02-03,3.33,3.33,3.33,3.33,
2014-02-04,3.37,3.37,3.37,3.37,
2014-02-05,3.31,3.31,3.31,3.31,
2014-02-06,3.41,3.41,3.41,3.41,
2014-02-07,3.47,3.47,3.47,3.47,
2014-02-10,3.63,3.63,3.63,3.63,
2014-02-11,3.7,3.7,3.7,3.7,
2014-02-12,3.69,3.69,3.69,3.69,
2014-02-13,3.7,3.7,3.7,3.7,
2014-02-14,3.69,3.69,3.69,3.69,
2014-02-18,3.7,3.7,3.7,3.7,
2014-02-19,3.72,3.72,3.72,3.72,
2014-02-20,3.69,3.69,3.69,3.69,
2014-02-21,3.69,3.69,3.69,3.69,
2014-02-24,3.71,3.71,3.71,3.71,
2014-02-25,3.69,3.69,3.69,3.69,
2014-02-26,3.7,3.7,3.7,3.7,
2014-02-27,3.71,3.71,3.71,3.71,
2014-02-28,3.71,3.71,3.71,3.71,
2014-03-03,3.67,3.67,3.67,3.67,
2014-03-04,3.7,3.7,3.7,3.7,
2014-03-05,3.71,3.71,3.71,3.71,
2014-03-06,3.73,3.73,3.73,3.73,
2014-03-07,3.95,3.95,3.95,3.95,
2014-03-10,3.81,3.81,3.81,3.81,
2014-03-11,3.85,3.85,3.85,3.85,
2014-03-12,3.91,3.91,3.91,3.91,
2014-03-13,3.86,3.86,3.86,3.86,
2014-03-14,3.85,3.85,3.85,3.85,
2014-03-17,3.8,3.8,3.8,3.8,
2014-03-18,3.89,3.89,3.89,3.89,
2014-03-19,3.98,3.98,3.98,3.98,
2014-03-20,4.05,4.05,4.05,4.05,
2014-03-21,4.04,4.04,4.04,4.04,
2014-03-24,4.05,4.05,4.05,4.05,
2014-03-25,4.05,4.05,4.05,4.05,
2014-03-26,4.05,4.05,4.05,4.05,
2014-03-27,3.91,3.91,3.91,3.91,
2014-03-28,3.88,3.88,3.88,3.88,
2014-03-31,4.01,4.01,4.01,4.01,
2014-04-01,4.07,4.07,4.07,4.07,
2014-04-02,4.06,4.06,4.06,4.06,
2014-04-03,4.0,4.0,4.0,4.0,
2014-04-04,4.01,4.01,4.01,4.01,
2014-04-07,3.88,3.88,3.88,3.88,
2014-04-08,3.99,3.99,3.99,3.99,
2014-04-09,3.98,3.98,3.98,3.98,
2014-04-10,3.85,3.85,3.85,3.85,
2014-04-11,3.65,3.65,3.65,3.65,
2014-04-14,3.71,3.71,3.71,3.71,
2014-04-15,3.79,3.79,3.79,3.79,
2014-04-16,3.76,3.76,3.76,3.76,
2014-04-17,3.69,3.69,3.69,3.69,
2014-04-21,4.12,4.12,4.12,4.12,
2014-04-22,4.3,4.3,4.3,4.3,
2014-04-23,4.25,4.25,4.25,4.25,
2014-04-24,4.28,4.28,4.28,4.28,
2014-04-25,4.05,4.05,4.05,4.05,
2014-04-28,3.96,3.96,3.96,3.96,
2014-04-29,4.03,4.03,4.03,4.03,
2014-04-30,4.09,4.09,4.09,4.09,
2014-05-01,4.2,4.2,4.2,4.2,
2014-05-02,4.12,4.12,4.12,4.12,
2014-05-05,4.09,4.09,4.09,4.09,
2014-05-06,4.01,4.01,4.01,4.01,
2014-05-07,3.97,3.97,3.97,3.97,
2014-05-08,3.93,3.93,3.93,3.93,
2014-05-09,3.87,3.87,3.87,3.87,
2014-05-12,3.97,3.97,3.97,3.97,
2014-05-13,4.03,4.03,4.03,4.03,
2014-05-14,3.98,3.98,3.98,3.98,
2014-05-15,3.96,3.96,3.96,3.96,
2014-05-16,4.02,4.02,4.02,4.02,
2014-05-19,4.09,4.09,4.09,4.09,
2014-05-20,4.05,4.05,4.05,4.05,
2014-05-21,4.1,4.1,4.1,4.1,
2014-05-22,4.01,4.01,4.01,4.01,
2014-05-23,4.02,4.02,4.02,4.02,
2014-05-27,4.04,4.04,4.04,4.04,
2014-05-28,4.0,4.0,4.0,4.0,
2014-05-29,4.03,4.03,4.03,4.03,
2014-05-30,4.0,4.0,4.0,4.0,
2014-06-02,3.97,3.97,3.97,3.97,
2014-06-03,3.94,3.94,3.94,3.94,
2014-06-04,4.04,4.04,4.04,4.04,
2014-06-05,4.08,4.08,4.08,4.08,
2014-06-06,4.06,4.06,4.06,4.06,
2014-06-09,4.07,4.07,4.07,4.07,
2014-06-10,4.2,4.2,4.2,4.2,
2014-06-11,4.29,4.29,4.29,4.29,
2014-06-12,4.29,4.29,4.29,4.29,
2014-06-13,4.28,4.28,4.28,4.28,
2014-06-16,4.44,4.44,4.44,4.44,
2014-06-17,4.47,4.47,4.47,4.47,
2014-06-18,4.4,4.4,4.4,4.4,
2014-06-19,4.36,4.36,4.36,4.36,
2014-06-20,4.1,4.1,4.1,4.1,
2014-06-23,4.01,4.01,4.01,4.01,
2014-06-24,3.94,3.94,3.94,3.94,
2014-06-25,3.96,3.96,3.96,3.96,
2014-06-26,4.03,4.03,4.03,4.03,
2014-06-27,4.11,4.11,4.11,4.11,
2014-06-30,4.19,4.19,4.19,4.19,
2014-07-01,4.22,4.22,4.22,4.22,
2014-07-02,4.34,4.34,4.34,4.34,
2014-07-03,4.24,4.24,4.24,4.24,
2014-07-07,4.26,4.26,4.26,4.26,
2014-07-08,4.22,4.22,4.22,4.22,
2014-07-09,4.23,4.23,4.23,4.23,
2014-07-10,4.29,4.29,4.29,4.29,
2014-07-11,4.37,4.37,4.37,4.37,
2014-07-14,4.64,4.64,4.64,4.64,
2014-07-15,4.53,4.53,4.53,4.53,
2014-07-16,4.66,4.66,4.66,4.66,
2014-07-17,4.57,4.57,4.57,4.57,
2014-07-18,3.83,3.83,3.83,3.83,
2014-07-21,3.78,3.78,3.78,3.78,
2014-07-22,3.8,3.8,3.8,3.8,
2014-07-23,3.76,3.76,3.76,3.76,
2014-07-24,3.73,3.73,3.73,3.73,
2014-07-25,3.76,3.76,3.76,3.76,
2014-07-28,3.73,3.73,3.73,3.73,
2014-07-29,3.79,3.79,3.79,3.79,
2014-07-30,3.82,3.82,3.82,3.82,
2014-07-31,3.91,3.91,3.91,3.91,
2014-08-01,3.97,3.97,3.97,3.97,
2014-08-04,4.0,4.0,4.0,4.0,
2014-08-05,4.08,4.08,4.08,4.08,
2014-08-06,4.12,4.12,4.12,4.12,
2014-08-07,4.1,4.1,4.1,4.1,
2014-08-08,4.12,4.12,4.12,4.12,
2014-08-11,4.14,4.14,4.14,4.14,
2014-08-12,4.08,4.08,4.08,4.08,
2014-08-13,4.11,4.11,4.11,4.11,
2014-08-14,4.08,4.08,4.08,4.08,
2014-08-15,4.13,4.13,4.13,4.13,
2014-08-18,4.21,4.21,4.21,4.21,
2014-08-19,4.27,4.27,4.27,4.27,
2014-08-20,4.28,4.28,4.28,4.28,
2014-08-21,4.24,4.24,4.24,4.24,
2014-08-22,4.25,4.25,4.25,4.25,
2014-08-25,4.18,4.18,4.18,4.18,
2014-08-26,4.19,4.19,4.19,4.19,
2014-08-27,4.16,4.16,4.16,4.16,
2014-08-28,4.14,4.14,4.14,4.14,
2014-08-29,4.17,4.17,4.17,4.17,
2014-09-02,4.16,4.16,4.16,4.16,
2014-09-03,4.19,4.19,4.19,4.19,
2014-09-04,4.15,4.15,4.15,4.15,
2014-09-05,4.15,4.15,4.15,4.15,
2014-09-08,4.13,4.13,4.13,4.13,
2014-09-09,4.08,4.08,4.08,4.08,
2014-09-10,4.08,4.08,4.08,4.08,
2014-09-11,4.08,4.08,4.08,4.08,
2014-09-12,3.96,3.96,3.96,3.96,
2014-09-15,3.91,3.91,3.91,3.91,
2014-09-16,3.81,3.81,3.81,3.81,
2014-09-17,3.82,3.82,3.82,3.82,
2014-09-18,3.88,3.88,3.88,3.88,
2014-09-19,3.81,3.81,3.81,3.81,
2014-09-22,3.76,3.76,3.76,3.76,
2014-09-23,3.69,3.69,3.69,3.69,
2014-09-24,3.7,3.7,3.7,3.7,
2014-09-25,3.63,3.63,3.63,3.63,
2014-09-26,3.6,3.6,3.6,3.6,
2014-09-29,3.55,3.55,3.55,3.55,
2014-09-30,3.41,3.41,3.41,3.41,
2014-10-01,3.35,3.35,3.35,3.35,
2014-10-02,3.39,3.39,3.39,3.39,
2014-10-03,3.4,3.4,3.4,3.4,
2014-10-06,3.36,3.36,3.36,3.36,
2014-10-07,3.28,3.28,3.28,3.28,
2014-10-08,3.28,3.28,3.28,3.28,
2014-10-09,2.95,2.95,2.95,2.95,
2014-10-10,2.72,2.72,2.72,2.72,
2014-10-13,2.74,2.74,2.74,2.74,
2014-10-14,2.62,2.62,2.62,2.62,
2014-10-15,2.61,2.61,2.61,2.61,
2014-10-16,2.64,2.64,2.64,2.64,
2014-10-17,2.72,2.72,2.72,2.72,
2014-10-20,2.67,2.67,2.67,2.67,
2014-10-21,2.77,2.77,2.77,2.77,
2014-10-22,2.64,2.64,2.64,2.64,
2014-10-23,2.69,2.69,2.69,2.69,
2014-10-24,2.68,2.68,2.68,2.68,
2014-10-27,2.66,2.66,2.66,2.66,
2014-10-28,2.72,2.72,2.72,2.72,
2014-10-29,2.77,2.77,2.77,2.77,
2014-10-30,2.75,2.75,2.75,2.75,
2014-10-31,2.8,2.8,2.8,2.8,
2014-11-03,2.87,2.87,2.87,2.87,
2014-11-04,2.83,2.83,2.83,2.83,
2014-11-05,2.8,2.8,2.8,2.8,
2014-11-06,2.76,2.76,2.76,2.76,
2014-11-07,2.78,2.78,2.78,2.78,
2014-11-10,2.76,2.76,2.76,2.76,
2014-11-11,2.73,2.73,2.73,2.73,
2014-11-12,2.71,2.71,2.71,2.71,
2014-11-13,2.66,2.66,2.66,2.66,
2014-11-14,2.61,2.61,2.61,2.61,
2014-11-17,2.67,2.67,2.67,2.67,
2014-11-18,2.65,2.65,2.65,2.65,
2014-11-19,2.63,2.63,2.63,2.63,
2014-11-20,2.69,2.69,2.69,2.69,
2014-11-21,2.77,2.77,2.77,2.77,
2014-11-24,2.83,2.83,2.83,2.83,
2014-11-25,2.83,2.83,2.83,2.83,
2014-11-26,2.84,2.84,2.84,2.84,
2014-11-28,2.79,2.79,2.79,2.79,
2014-12-01,2.67,2.67,2.67,2.67,
2014-12-02,2.68,2.68,2.68,2.68,
2014-12-03,2.74,2.74,2.74,2.74,
2014-12-04,2.69,2.69,2.69,2.69,
2014-12-05,2.66,2.66,2.66,2.66,
2014-12-08,2.58,2.58,2.58,2.58,
2014-12-09,2.59,2.59,2.59,2.59,
2014-12-10,2.48,2.48,2.48,2.48,
2014-12-11,2.49,2.49,2.49,2.49,
2014-12-12,2.52,2.52,2.52,2.52,
2014-12-15,2.47,2.47,2.47,2.47,
2014-12-16,2.5,2.5,2.5,2.5,
2014-12-17,2.55,2.55,2.55,2.55,
2014-12-18,2.55,2.55,2.55,2.55,
2014-12-19,2.57,2.57,2.57,2.57,
2014-12-22,2.66,2.66,2.66,2.66,
2014-12-23,2.67,2.67,2.67,2.67,
2014-12-24,2.65,2.65,2.65,2.65,
2014-12-26,2.65,2.65,2.65,2.65,
2014-12-29,2.66,2.66,2.66,2.66,
2014-12-30,2.63,2.63,2.63,2.63,
2014-12-31,2.67,2.67,2.67,2.67,
2015-01-02,2.67,2.67,2.67,2.67,
2015-01-05,2.66,2.66,2.66,2.66,
2015-01-06,2.63,2.63,2.63,2.63,
2015-01-07,2.58,2.58,2.58,2.58,
2015-01-08,2.61,2.61,2.61,2.61,
2015-01-09,2.63,2.63,2.63,2.63,
2015-01-12,2.63,2.63,2.63,2.63,
2015-01-13,2.66,2.66,2.66,2.66,
2015-01-14,2.63,2.63,2.63,2.63,
2015-01-15,2.52,2.52,2.52,2.52,
2015-01-16,2.39,2.39,2.39,2.39,
2015-01-20,2.24,2.24,2.24,2.24,
2015-01-21,2.45,2.45,2.45,2.45,
2015-01-22,2.47,2.47,2.47,2.47,
2015-01-23,2.45,2.45,2.45,2.45,
2015-01-26,2.61,2.61,2.61,2.61,
2015-01-27,2.7,2.7,2.7,2.7,
2015-01-28,2.63,2.63,2.63,2.63,
2015-01-29,2.61,2.61,2.61,2.61,
2015-01-30,2.57,2.57,2.57,2.57,
2015-02-02,2.67,2.67,2.67,2.67,
2015-02-03,2.76,2.76,2.76,2.76,
2015-02-04,2.85,2.85,2.85,2.85,
2015-02-05,3.31,3.31,3.31,3.31,
2015-02-06,3.03,3.03,3.03,3.03,
2015-02-09,3.04,3.04,3.04,3.04,
2015-02-10,3.04,3.04,3.04,3.04,
2015-02-11,3.07,3.07,3.07,3.07,
2015-02-12,3.12,3.12,3.12,3.12,
2015-02-13,3.15,3.15,3.15,3.15,
2015-02-17,3.11,3.11,3.11,3.11,
2015-02-18,3.08,3.08,3.08,3.08,
2015-02-19,3.06,3.06,3.06,3.06,
2015-02-20,3.06,3.06,3.06,3.06,
2015-02-23,3.06,3.06,3.06,3.06,
2015-02-24,3.11,3.11,3.11,3.11,
2015-02-25,3.1,3.1,3.1,3.1,
2015-02-26,3.08,3.08,3.08,3.08,
2015-02-27,3.11,3.11,3.11,3.11,
2015-03-02,3.21,3.21,3.21,3.21,
2015-03-03,3.14,3.14,3.14,3.14,
2015-03-04,3.05,3.05,3.05,3.05,
2015-03-05,2.98,2.98,2.98,2.98,
2015-03-06,2.92,2.92,2.92,2.92,
2015-03-09,2.93,2.93,2.93,2.93,
2015-03-10,2.92,2.92,2.92,2.92,
2015-03-11,2.84,2.84,2.84,2.84,
2015-03-12,2.76,2.76,2.76,2.76,
2015-03-13,2.75,2.75,2.75,2.75,
2015-03-16,2.76,2.76,2.76,2.76,
2015-03-17,2.77,2.77,2.77,2.77,
2015-03-18,2.75,2.75,2.75,2.75,
2015-03-19,2.74,2.74,2.74,2.74,
2015-03-20,2.8,2.8,2.8,2.8,
2015-03-23,2.84,2.84,2.84,2.84,
2015-03-24,2.79,2.79,2.79,2.79,
2015-03-25,2.63,2.63,2.63,2.63,
2015-03-26,2.65,2.65,2.65,2.65,
2015-03-27,2.72,2.72,2.72,2.72,
2015-03-30,2.7,2.7,2.7,2.7,
2015-03-31,2.68,2.68,2.68,2.68,
2015-04-01,2.69,2.69,2.69,2.69,
2015-04-02,2.69,2.69,2.69,2.69,
2015-04-06,2.7,2.7,2.7,2.7,
2015-04-07,2.7,2.7,2.7,2.7,
2015-04-08,2.71,2.71,2.71,2.71,
2015-04-09,2.72,2.72,2.72,2.72,
2015-04-10,2.76,2.76,2.76,2.76,
2015-04-13,2.78,2.78,2.78,2.78,
2015-04-14,2.67,2.67,2.67,2.67,
2015-04-15,2.7,2.7,2.7,2.7,
2015-04-16,2.87,2.87,2.87,2.87,
2015-04-17,2.58,2.58,2.58,2.58,
2015-04-20,2.49,2.49,2.49,2.49,
2015-04-21,2.35,2.35,2.35,2.35,
2015-04-22,2.28,2.28,2.28,2.28,
2015-04-23,2.33,2.33,2.33,2.33,
2015-04-24,2.3,2.3,2.3,2.3,
2015-04-27,2.34,2.34,2.34,2.34,
2015-04-28,2.31,2.31,2.31,2.31,
2015-04-29,2.28,2.28,2.28,2.28,
2015-04-30,2.26,2.26,2.26,2.26,
2015-05-01,2.31,2.31,2.31,2.31,
2015-05-04,2.31,2.31,2.31,2.31,
2015-05-05,2.28,2.28,2.28,2.28,
2015-05-06,2.29,2.29,2.29,2.29,
2015-05-07,2.32,2.32,2.32,2.32,
2015-05-08,2.31,2.31,2.31,2.31,
2015-05-11,2.32,2.32,2.32,2.32,
2015-05-12,2.35,2.35,2.35,2.35,
2015-05-13,2.37,2.37,2.37,2.37,
2015-05-14,2.33,2.33,2.33,2.33,
2015-05-15,2.32,2.32,2.32,2.32,
2015-05-18,2.35,2.35,2.35,2.35,
2015-05-19,2.28,2.28,2.28,2.28,
2015-05-20,2.32,2.32,2.32,2.32,
2015-05-21,2.28,2.28,2.28,2.28,
2015-05-22,2.28,2.28,2.28,2.28,
2015-05-26,2.22,2.22,2.22,2.22,
2015-05-27,2.28,2.28,2.28,2.28,
2015-05-28,2.27,2.27,2.27,2.27,
2015-05-29,2.28,2.28,2.28,2.28,
2015-06-01,2.25,2.25,2.25,2.25,
2015-06-02,2.3,2.3,2.3,2.3,
2015-06-03,2.28,2.28,2.28,2.28,
2015-06-04,2.33,2.33,2.33,2.33,
2015-06-05,2.33,2.33,2.33,2.33,
2015-06-08,2.31,2.31,2.31,2.31,
2015-06-09,2.29,2.29,2.29,2.29,
2015-06-10,2.32,2.32,2.32,2.32,
2015-06-11,2.32,2.32,2.32,2.32,
2015-06-12,2.31,2.31,2.31,2.31,
2015-06-15,2.32,2.32,2.32,2.32,
2015-06-16,2.35,2.35,2.35,2.35,
2015-06-17,2.47,2.47,2.47,2.47,
2015-06-18,2.52,2.52,2.52,2.52,
2015-06-19,2.58,2.58,2.58,2.58,
2015-06-22,2.62,2.62,2.62,2.62,
2015-06-23,2.61,2.61,2.61,2.61,
2015-06-24,2.62,2.62,2.62,2.62,
2015-06-25,2.58,2.58,2.58,2.58,
2015-06-26,2.47,2.47,2.47,2.47,
2015-06-29,2.34,2.34,2.34,2.34,
2015-06-30,2.4,2.4,2.4,2.4,
2015-07-01,2.42,2.42,2.42,2.42,
2015-07-02,2.53,2.53,2.53,2.53,
2015-07-06,2.47,2.47,2.47,2.47,
2015-07-07,2.09,2.09,2.09,2.09,
2015-07-08,2.01,2.01,2.01,2.01,
2015-07-09,1.98,1.98,1.98,1.98,
2015-07-10,1.96,1.96,1.96,1.96,
2015-07-13,1.96,1.96,1.96,1.96,
2015-07-14,2.05,2.05,2.05,2.05,
2015-07-15,1.96,1.96,1.96,1.96,
2015-07-16,1.87,1.87,1.87,1.87,
2015-07-17,1.79,1.79,1.79,1.79,
2015-07-20,1.8,1.8,1.8,1.8,
2015-07-21,1.8,1.8,1.8,1.8,
2015-07-22,1.79,1.79,1.79,1.79,
2015-07-23,1.76,1.76,1.76,1.76,
2015-07-24,1.67,1.67,1.67,1.67,
2015-07-27,1.62,1.62,1.62,1.62,
2015-07-28,1.77,1.77,1.77,1.77,
2015-07-29,1.96,1.96,1.96,1.96,
2015-07-30,1.93,1.93,1.93,1.93,
2015-07-31,1.93,1.93,1.93,1.93,
2015-08-03,2.2,2.2,2.2,2.2,
2015-08-04,2.13,2.13,2.13,2.13,
2015-08-05,2.16,2.16,2.16,2.16,
2015-08-06,2.11,2.11,2.11,2.11,
2015-08-07,2.09,2.09,2.09,2.09,
2015-08-10,1.93,1.93,1.93,1.93,
2015-08-11,1.9,1.9,1.9,1.9,
2015-08-12,1.9,1.9,1.9,1.9,
2015-08-13,1.79,1.79,1.79,1.79,
2015-08-14,1.84,1.84,1.84,1.84,
2015-08-17,1.8,1.8,1.8,1.8,
2015-08-18,1.8,1.8,1.8,1.8,
2015-08-19,1.8,1.8,1.8,1.8,
2015-08-20,1.7,1.7,1.7,1.7,
2015-08-21,1.78,1.78,1.78,1.78,
2015-08-24,1.75,1.75,1.75,1.75,
2015-08-25,1.66,1.66,1.66,1.66,
2015-08-26,1.72,1.72,1.72,1.72,
2015-08-27,1.78,1.78,1.78,1.78,
2015-08-28,1.85,1.85,1.85,1.85,
2015-08-31,1.81,1.81,1.81,1.81,
2015-09-01,1.71,1.71,1.71,1.71,
2015-09-02,1.77,1.77,1.77,1.77,
2015-09-03,1.79,1.79,1.79,1.79,
2015-09-04,1.82,1.82,1.82,1.82,
2015-09-08,1.88,1.88,1.88,1.88,
2015-09-09,1.85,1.85,1.85,1.85,
2015-09-10,1.84,1.84,1.84,1.84,
2015-09-11,2.01,2.01,2.01,2.01,
2015-09-14,1.82,1.82,1.82,1.82,
2015-09-15,1.86,1.86,1.86,1.86,
2015-09-16,1.89,1.89,1.89,1.89,
2015-09-17,1.89,1.89,1.89,1.89,
2015-09-18,1.87,1.87,1.87,1.87,
2015-09-21,1.81,1.81,1.81,1.81,
2015-09-22,1.73,1.73,1.73,1.73,
2015-09-23,1.7,1.7,1.7,1.7,
2015-09-24,1.72,1.72,1.72,1.72,
2015-09-25,1.71,1.71,1.71,1.71,
2015-09-28,1.66,1.66,1.66,1.66,
2015-09-29,1.67,1.67,1.67,1.67,
2015-09-30,1.72,1.72,1.72,1.72,
2015-10-01,1.74,1.74,1.74,1.74,
2015-10-02,1.83,1.83,1.83,1.83,
2015-10-05,1.8,1.8,1.8,1.8,
2015-10-06,1.83,1.83,1.83,1.83,
2015-10-07,1.86,1.86,1.86,1.86,
2015-10-08,1.93,1.93,1.93,1.93,
2015-10-09,1.96,1.96,1.96,1.96,
2015-10-12,1.87,1.87,1.87,1.87,
2015-10-13,1.92,1.92,1.92,1.92,
2015-10-14,1.95,1.95,1.95,1.95,
2015-10-15,1.97,1.97,1.97,1.97,
2015-10-16,1.94,1.94,1.94,1.94,
2015-10-19,2.01,2.01,2.01,2.01,
2015-10-20,2.02,2.02,2.02,2.02,
2015-10-21,2.1,2.1,2.1,2.1,
2015-10-22,2.14,2.14,2.14,2.14,
2015-10-23,2.21,2.21,2.21,2.21,
2015-10-26,2.15,2.15,2.15,2.15,
2015-10-27,2.15,2.15,2.15,2.15,
2015-10-28,2.18,2.18,2.18,2.18,
2015-10-29,2.13,2.13,2.13,2.13,
2015-10-30,2.12,2.12,2.12,2.12,
2015-11-02,2.19,2.19,2.19,2.19,
2015-11-03,2.28,2.28,2.28,2.28,
2015-11-04,2.2,2.2,2.2,2.2,
2015-11-05,2.2,2.2,2.2,2.2,
2015-11-06,2.15,2.15,2.15,2.15,
2015-11-09,2.11,2.11,2.11,2.11,
2015-11-10,2.02,2.02,2.02,2.02,
2015-11-11,2.07,2.07,2.07,2.07,
2015-11-12,2.0,2.0,2.0,2.0,
2015-11-13,1.99,1.99,1.99,1.99,
2015-11-16,1.99,1.99,1.99,1.99,
2015-11-17,1.98,1.98,1.98,1.98,
2015-11-18,2.12,2.12,2.12,2.12,
2015-11-19,2.14,2.14,2.14,2.14,
2015-11-20,2.22,2.22,2.22,2.22,
2015-11-23,2.22,2.22,2.22,2.22,
2015-11-24,2.34,2.34,2.34,2.34,
2015-11-25,2.38,2.38,2.38,2.38,
2015-11-27,2.33,2.33,2.33,2.33,
2015-11-30,2.36,2.36,2.36,2.36,
2015-12-01,2.34,2.34,2.34,2.34,
2015-12-02,2.27,2.27,2.27,2.27,
2015-12-03,2.23,2.23,2.23,2.23,
2015-12-04,2.28,2.28,2.28,2.28,
2015-12-07,2.36,2.36,2.36,2.36,
2015-12-08,2.39,2.39,2.39,2.39,
2015-12-09,2.35,2.35,2.35,2.35,
2015-12-10,2.45,2.45,2.45,2.45,
2015-12-11,2.36,2.36,2.36,2.36,
2015-12-14,2.34,2.34,2.34,2.34,
2015-12-15,2.36,2.36,2.36,2.36,
2015-12-16,2.54,2.54,2.54,2.54,
2015-12-17,2.56,2.56,2.56,2.56,
2015-12-18,2.45,2.45,2.45,2.45,
2015-12-21,2.53,2.53,2.53,2.53,
2015-12-22,2.77,2.77,2.77,2.77,
2015-12-23,2.83,2.83,2.83,2.83,
2015-12-24,2.92,2.92,2.92,2.92,
2015-12-28,3.0,3.0,3.0,3.0,
2015-12-29,3.0,3.0,3.0,3.0,
2015-12-30,2.98,2.98,2.98,2.98,
2015-12-31,2.87,2.87,2.87,2.87,
2016-01-04,2.77,2.77,2.77,2.77,
2016-01-05,2.75,2.75,2.75,2.75,
2016-01-06,2.51,2.51,2.51,2.51,
2016-01-07,2.28,2.28,2.28,2.28,
2016-01-08,2.14,2.14,2.14,2.14,
2016-01-11,2.34,2.34,2.34,2.34,
2016-01-12,2.39,2.39,2.39,2.39,
2016-01-13,2.25,2.25,2.25,2.25,
2016-01-14,2.21,2.21,2.21,2.21,
2016-01-15,2.03,2.03,2.03,2.03,
2016-01-19,1.95,1.95,1.95,1.95,
2016-01-20,1.8,1.8,1.8,1.8,
2016-01-21,2.09,2.09,2.09,2.09,
2016-01-22,2.02,2.02,2.02,2.02,
2016-01-25,2.12,2.12,2.12,2.12,
2016-01-26,2.07,2.07,2.07,2.07,
2016-01-27,2.13,2.13,2.13,2.13,
2016-01-28,2.08,2.08,2.08,2.08,
2016-01-29,2.2,2.2,2.2,2.2,
2016-02-01,2.14,2.14,2.14,2.14,
2016-02-02,1.99,1.99,1.99,1.99,
2016-02-03,2.07,2.07,2.07,2.07,
2016-02-04,2.09,2.09,2.09,2.09,
2016-02-05,1.98,1.98,1.98,1.98,
2016-02-08,1.93,1.93,1.93,1.93,
2016-02-09,1.9,1.9,1.9,1.9,
2016-02-10,1.84,1.84,1.84,1.84,
2016-02-11,1.86,1.86,1.86,1.86,
2016-02-12,1.83,1.83,1.83,1.83,
2016-02-16,1.83,1.83,1.83,1.83,
2016-02-17,1.9,1.9,1.9,1.9,
2016-02-18,1.91,1.91,1.91,1.91,
2016-02-19,1.91,1.91,1.91,1.91,
2016-02-22,2.01,2.01,2.01,2.01,
2016-02-23,1.97,1.97,1.97,1.97,
2016-02-24,2.02,2.02,2.02,2.02,
2016-02-25,2.03,2.03,2.03,2.03,
2016-02-26,2.07,2.07,2.07,2.07,
2016-02-29,2.14,2.14,2.14,2.14,
2016-03-01,2.18,2.18,2.18,2.18,
2016-03-02,2.32,2.32,2.32,2.32,
2016-03-03,2.46,2.46,2.46,2.46,
2016-03-04,2.37,2.37,2.37,2.37,
2016-03-07,2.47,2.47,2.47,2.47,
2016-03-08,2.3,2.3,2.3,2.3,
2016-03-09,2.26,2.26,2.26,2.26,
2016-03-10,2.26,2.26,2.26,2.26,
2016-03-11,2.52,2.52,2.52,2.52,
2016-03-14,2.72,2.72,2.72,2.72,
2016-03-15,2.49,2.49,2.49,2.49,
2016-03-16,2.63,2.63,2.63,2.63,
2016-03-17,2.8,2.8,2.8,2.8,
2016-03-18,2.93,2.93,2.93,2.93,
2016-03-21,2.8,2.8,2.8,2.8,
2016-03-22,2.79,2.79,2.79,2.79,
2016-03-23,2.68,2.68,2.68,2.68,
2016-03-24,2.79,2.79,2.79,2.79,
2016-03-28,2.78,2.78,2.78,2.78,
2016-03-29,2.86,2.86,2.86,2.86,
2016-03-30,2.86,2.86,2.86,2.86,
2016-03-31,2.85,2.85,2.85,2.85,
2016-04-01,2.83,2.83,2.83,2.83,
2016-04-04,2.83,2.83,2.83,2.83,
2016-04-05,2.76,2.76,2.76,2.76,
2016-04-06,2.8,2.8,2.8,2.8,
2016-04-07,2.64,2.64,2.64,2.64,
2016-04-08,2.74,2.74,2.74,2.74,
2016-04-11,2.76,2.76,2.76,2.76,
2016-04-12,2.81,2.81,2.81,2.81,
2016-04-13,2.8,2.8,2.8,2.8,
2016-04-14,2.72,2.72,2.72,2.72,
2016-04-15,2.7,2.7,2.7,2.7,
2016-04-18,2.76,2.76,2.76,2.76,
2016-04-19,2.62,2.62,2.62,2.62,
2016-04-20,2.7,2.7,2.7,2.7,
2016-04-21,2.62,2.62,2.62,2.62,
2016-04-22,3.99,3.99,3.99,3.99,
2016-04-25,3.45,3.45,3.45,3.45,
2016-04-26,3.66,3.66,3.66,3.66,
2016-04-27,3.73,3.73,3.73,3.73,
2016-04-28,3.61,3.61,3.61,3.61,
2016-04-29,3.55,3.55,3.55,3.55,
2016-05-02,3.74,3.74,3.74,3.74,
2016-05-03,3.6,3.6,3.6,3.6,
2016-05-04,3.6,3.6,3.6,3.6,
2016-05-05,3.66,3.66,3.66,3.66,
2016-05-06,3.68,3.68,3.68,3.68,
2016-05-09,3.65,3.65,3.65,3.65,
2016-05-10,3.64,3.64,3.64,3.64,
2016-05-11,3.65,3.65,3.65,3.65,
2016-05-12,3.59,3.59,3.59,3.59,
2016-05-13,3.67,3.67,3.67,3.67,
2016-05-16,3.79,3.79,3.79,3.79,
2016-05-17,3.79,3.79,3.79,3.79,
2016-05-18,3.84,3.84,3.84,3.84,
2016-05-19,3.77,3.77,3.77,3.77,
2016-05-20,3.87,3.87,3.87,3.87,
2016-05-23,4.04,4.04,4.04,4.04,
2016-05-24,4.2,4.2,4.2,4.2,
2016-05-25,4.18,4.18,4.18,4.18,
2016-05-26,4.35,4.35,4.35,4.35,
2016-05-27,4.6,4.6,4.6,4.6,
2016-05-31,4.57,4.57,4.57,4.57,
2016-06-01,4.43,4.43,4.43,4.43,
2016-06-02,4.24,4.24,4.24,4.24,
2016-06-03,4.16,4.16,4.16,4.16,
2016-06-06,4.47,4.47,4.47,4.47,
2016-06-07,4.51,4.51,4.51,4.51,
2016-06-08,4.46,4.46,4.46,4.46,
2016-06-09,4.52,4.52,4.52,4.52,
2016-06-10,4.32,4.32,4.32,4.32,
2016-06-13,4.4,4.4,4.4,4.4,
2016-06-14,4.39,4.39,4.39,4.39,
2016-06-15,4.42,4.42,4.42,4.42,
2016-06-16,4.75,4.75,4.75,4.75,
2016-06-17,5.26,5.26,5.26,5.26,
2016-06-20,5.1,5.1,5.1,5.1,
2016-06-21,5.45,5.45,5.45,5.45,
2016-06-22,5.02,5.02,5.02,5.02,
2016-06-23,5.21,5.21,5.21,5.21,
2016-06-24,4.88,4.88,4.88,4.88,
2016-06-27,4.72,4.72,4.72,4.72,
2016-06-28,5.12,5.12,5.12,5.12,
2016-06-29,5.13,5.13,5.13,5.13,
2016-06-30,5.14,5.14,5.14,5.14,
2016-07-01,5.07,5.07,5.07,5.07,
2016-07-05,4.96,4.96,4.96,4.96,
2016-07-06,5.04,5.04,5.04,5.04,
2016-07-07,5.02,5.02,5.02,5.02,
2016-07-08,5.1,5.1,5.1,5.1,
2016-07-11,5.01,5.01,5.01,5.01,
2016-07-12,5.14,5.14,5.14,5.14,
2016-07-13,5.09,5.09,5.09,5.09,
2016-07-14,5.17,5.17,5.17,5.17,
2016-07-15,5.14,5.14,5.14,5.14,
2016-07-18,5.51,5.51,5.51,5.51,
2016-07-19,5.41,5.41,5.41,5.41,
2016-07-20,5.41,5.41,5.41,5.41,
2016-07-21,5.22,5.22,5.22,5.22,
2016-07-22,5.84,5.84,5.84,5.84,
2016-07-25,6.7,6.7,6.7,6.7,
2016-07-26,6.98,6.98,6.98,6.98,
2016-07-27,6.85,6.85,6.85,6.85,
2016-07-28,6.82,6.82,6.82,6.82,
2016-07-29,6.86,6.86,6.86,6.86,
2016-08-01,6.64,6.64,6.64,6.64,
2016-08-02,6.26,6.26,6.26,6.26,
2016-08-03,6.3,6.3,6.3,6.3,
2016-08-04,6.47,6.47,6.47,6.47,
2016-08-05,6.61,6.61,6.61,6.61,
2016-08-08,6.68,6.68,6.68,6.68,
2016-08-09,6.6,6.6,6.6,6.6,
2016-08-10,6.49,6.49,6.49,6.49,
2016-08-11,6.58,6.58,6.58,6.58,
2016-08-12,6.73,6.73,6.73,6.73,
2016-08-15,6.95,6.95,6.95,6.95,
2016-08-16,6.78,6.78,6.78,6.78,
2016-08-17,6.68,6.68,6.68,6.68,
2016-08-18,7.04,7.04,7.04,7.04,
2016-08-19,7.62,7.62,7.62,7.62,
2016-08-22,7.58,7.58,7.58,7.58,
2016-08-23,7.67,7.67,7.67,7.67,
2016-08-24,7.43,7.43,7.43,7.43,
2016-08-25,7.47,7.47,7.47,7.47,
2016-08-26,7.67,7.67,7.67,7.67,
2016-08-29,7.59,7.59,7.59,7.59,
2016-08-30,7.49,7.49,7.49,7.49,
2016-08-31,7.4,7.4,7.4,7.4,
2016-09-01,7.35,7.35,7.35,7.35,
2016-09-02,7.51,7.51,7.51,7.51,
2016-09-06,7.34,7.34,7.34,7.34,
2016-09-07,6.84,6.84,6.84,6.84,
2016-09-08,6.23,6.23,6.23,6.23,
2016-09-09,5.9,5.9,5.9,5.9,
2016-09-12,5.94,5.94,5.94,5.94,
2016-09-13,5.74,5.74,5.74,5.74,
2016-09-14,6.04,6.04,6.04,6.04,
2016-09-15,6.02,6.02,6.02,6.02,
2016-09-16,6.05,6.05,6.05,6.05,
2016-09-19,6.16,6.16,6.16,6.16,
2016-09-20,6.17,6.17,6.17,6.17,
2016-09-21,6.29,6.29,6.29,6.29,
2016-09-22,6.37,6.37,6.37,6.37,
2016-09-23,6.55,6.55,6.55,6.55,
2016-09-26,6.32,6.32,6.32,6.32,
2016-09-27,6.54,6.54,6.54,6.54,
2016-09-28,6.59,6.59,6.59,6.59,
2016-09-29,6.67,6.67,6.67,6.67,
2016-09-30,6.91,6.91,6.91,6.91,
2016-10-03,6.95,6.95,6.95,6.95,
2016-10-04,6.97,6.97,6.97,6.97,
2016-10-05,6.78,6.78,6.78,6.78,
2016-10-06,6.96,6.96,6.96,6.96,
2016-10-07,6.75,6.75,6.75,6.75,
2016-10-10,6.84,6.84,6.84,6.84,
2016-10-11,6.5,6.5,6.5,6.5,
2016-10-12,6.62,6.62,6.62,6.62,
2016-10-13,6.49,6.49,6.49,6.49,
2016-10-14,6.75,6.75,6.75,6.75,
2016-10-17,6.67,6.67,6.67,6.67,
2016-10-18,6.73,6.73,6.73,6.73,
2016-10-19,6.77,6.77,6.77,6.77,
2016-10-20,6.96,6.96,6.96,6.96,
2016-10-21,6.52,6.52,6.52,6.52,
2016-10-24,7.01,7.01,7.01,7.01,
2016-10-25,7.5,7.5,7.5,7.5,
2016-10-26,7.29,7.29,7.29,7.29,
2016-10-27,7.11,7.11,7.11,7.11,
2016-10-28,7.2,7.2,7.2,7.2,
2016-10-31,7.23,7.23,7.23,7.23,
2016-11-01,7.09,7.09,7.09,7.09,
2016-11-02,6.76,6.76,6.76,6.76,
2016-11-03,6.7,6.7,6.7,6.7,
2016-11-04,6.56,6.56,6.56,6.56,
2016-11-07,6.96,6.96,6.96,6.96,
2016-11-08,7.0,7.0,7.0,7.0,
2016-11-09,6.94,6.94,6.94,6.94,
2016-11-10,6.3,6.3,6.3,6.3,
2016-11-11,6.69,6.69,6.69,6.69,
2016-11-14,6.79,6.79,6.79,6.79,
2016-11-15,6.97,6.97,6.97,6.97,
2016-11-16,7.67,7.67,7.67,7.67,
2016-11-17,8.46,8.46,8.46,8.46,
2016-11-18,8.71,8.71,8.71,8.71,
2016-11-21,8.94,8.94,8.94,8.94,
2016-11-22,8.69,8.69,8.69,8.69,
2016-11-23,8.8,8.8,8.8,8.8,
2016-11-25,8.77,8.77,8.77,8.77,
2016-11-28,8.83,8.83,8.83,8.83,
2016-11-29,8.93,8.93,8.93,8.93,
2016-11-30,8.91,8.91,8.91,8.91,
2016-12-01,8.39,8.39,8.39,8.39,
2016-12-02,8.53,8.53,8.53,8.53,
2016-12-05,8.68,8.68,8.68,8.68,
2016-12-06,9.45,9.45,9.45,9.45,
2016-12-07,9.56,9.56,9.56,9.56,
2016-12-08,10.34,10.34,10.34,10.34,
2016-12-09,10.34,10.34,10.34,10.34,
2016-12-12,10.68,10.68,10.68,10.68,
2016-12-13,10.54,10.54,10.54,10.54,
2016-12-14,10.55,10.55,10.55,10.55,
2016-12-15,10.86,10.86,10.86,10.86,
2016-12-16,10.66,10.66,10.66,10.66,
2016-12-19,10.95,10.95,10.95,10.95,
2016-12-20,11.51,11.51,11.51,11.51,
2016-12-21,11.47,11.47,11.47,11.47,
2016-12-22,11.6,11.6,11.6,11.6,
2016-12-23,11.58,11.58,11.58,11.58,
2016-12-27,12.07,12.07,12.07,12.07,
2016-12-28,11.55,11.55,11.55,11.55,
2016-12-29,11.59,11.59,11.59,11.59,
2016-12-30,11.34,11.34,11.34,11.34,
2017-01-03,11.43,11.43,11.43,11.43,
2017-01-04,11.43,11.43,11.43,11.43,
2017-01-05,11.24,11.24,11.24,11.24,
2017-01-06,11.32,11.32,11.32,11.32,
2017-01-09,11.49,11.49,11.49,11.49,
2017-01-10,11.44,11.44,11.44,11.44,
2017-01-11,11.2,11.2,11.2,11.2,
2017-01-12,10.76,10.76,10.76,10.76,
2017-01-13,10.58,10.58,10.58,10.58,
2017-01-17,9.82,9.82,9.82,9.82,
2017-01-18,9.88,9.88,9.88,9.88,
2017-01-19,9.77,9.77,9.77,9.77,
2017-01-20,9.75,9.75,9.75,9.75,
2017-01-23,9.91,9.91,9.91,9.91,
2017-01-24,10.44,10.44,10.44,10.44,
2017-01-25,10.35,10.35,10.35,10.35,
2017-01-26,10.52,10.52,10.52,10.52,
2017-01-27,10.67,10.67,10.67,10.67,
2017-01-30,10.61,10.61,10.61,10.61,
2017-01-31,10.37,10.37,10.37,10.37,
2017-02-01,12.06,12.06,12.06,12.06,
2017-02-02,12.28,12.28,12.28,12.28,
2017-02-03,12.24,12.24,12.24,12.24,
2017-02-06,13.63,13.63,13.63,13.63,
2017-02-07,13.29,13.29,13.29,13.29,
2017-02-08,13.56,13.56,13.56,13.56,
2017-02-09,13.42,13.42,13.42,13.42,
2017-02-10,13.58,13.58,13.58,13.58,
2017-02-13,13.49,13.49,13.49,13.49,
2017-02-14,13.26,13.26,13.26,13.26,
2017-02-15,13.3,13.3,13.3,13.3,
2017-02-16,12.97,12.97,12.97,12.97,
2017-02-17,13.13,13.13,13.13,13.13,
2017-02-21,14.0,14.0,14.0,14.0,
2017-02-22,14.28,14.28,14.28,14.28,
2017-02-23,14.32,14.32,14.32,14.32,
2017-02-24,14.12,14.12,14.12,14.12,
2017-02-27,15.2,15.2,15.2,15.2,
2017-02-28,14.46,14.46,14.46,14.46,
2017-03-01,14.96,14.96,14.96,14.96,
2017-03-02,13.9,13.9,13.9,13.9,
2017-03-03,13.03,13.03,13.03,13.03,
2017-03-06,13.04,13.04,13.04,13.04,
2017-03-07,13.05,13.05,13.05,13.05,
2017-03-08,13.22,13.22,13.22,13.22,
2017-03-09,13.33,13.33,13.33,13.33,
2017-03-10,13.91,13.91,13.91,13.91,
2017-03-13,14.28,14.28,14.28,14.28,
2017-03-14,14.1,14.1,14.1,14.1,
2017-03-15,13.98,13.98,13.98,13.98,
2017-03-16,13.65,13.65,13.65,13.65,
2017-03-17,13.49,13.49,13.49,13.49,
2017-03-20,14.4,14.4,14.4,14.4,
2017-03-21,13.82,13.82,13.82,13.82,
2017-03-22,14.1,14.1,14.1,14.1,
2017-03-23,13.79,13.79,13.79,13.79,
2017-03-24,13.7,13.7,13.7,13.7,
2017-03-27,13.7,13.7,13.7,13.7,
2017-03-28,13.69,13.69,13.69,13.69,
2017-03-29,13.71,13.71,13.71,13.71,
2017-03-30,14.05,14.05,14.05,14.05,
2017-03-31,14.55,14.55,14.55,14.55,
2017-04-03,14.64,14.64,14.64,14.64,
2017-04-04,14.16,14.16,14.16,14.16,
2017-04-05,14.17,14.17,14.17,14.17,
2017-04-06,13.27,13.27,13.27,13.27,
2017-04-07,13.52,13.52,13.52,13.52,
2017-04-10,13.1,13.1,13.1,13.1,
2017-04-11,13.1,13.1,13.1,13.1,
2017-04-12,12.76,12.76,12.76,12.76,
2017-04-13,12.31,12.31,12.31,12.31,
2017-04-17,12.79,12.79,12.79,12.79,
2017-04-18,12.95,12.95,12.95,12.95,
2017-04-19,12.84,12.84,12.84,12.84,
2017-04-20,13.11,13.11,13.11,13.11,
2017-04-21,13.0,13.0,13.0,13.0,
2017-04-24,13.13,13.13,13.13,13.13,
2017-04-25,13.49,13.49,13.49,13.49,
2017-04-26,13.41,13.41,13.41,13.41,
2017-04-27,13.62,13.62,13.62,13.62,
2017-04-28,13.3,13.3,13.3,13.3,
2017-05-01,13.62,13.62,13.62,13.62,
2017-05-02,10.32,10.32,10.32,10.32,
2017-05-03,10.39,10.39,10.39,10.39,
2017-05-04,10.1,10.1,10.1,10.1,
2017-05-05,10.19,10.19,10.19,10.19,
2017-05-08,10.04,10.04,10.04,10.04,
2017-05-09,10.18,10.18,10.18,10.18,
2017-05-10,10.79,10.79,10.79,10.79,
2017-05-11,11.07,11.07,11.07,11.07,
2017-05-12,11.26,11.26,11.26,11.26,
2017-05-15,11.42,11.42,11.42,11.42,
2017-05-16,12.75,12.75,12.75,12.75,
2017-05-17,11.2,11.2,11.2,11.2,
2017-05-18,11.28,11.28,11.28,11.28,
2017-05-19,11.41,11.41,11.41,11.41,
2017-05-22,11.04,11.04,11.04,11.04,
2017-05-23,10.89,10.89,10.89,10.89,
2017-05-24,10.89,10.89,10.89,10.89,
2017-05-25,10.98,10.98,10.98,10.98,
2017-05-26,11.0,11.0,11.0,11.0,
2017-05-30,11.12,11.12,11.12,11.12,
2017-05-31,11.19,11.19,11.19,11.19,
2017-06-01,10.93,10.93,10.93,10.93,
2017-06-02,10.9,10.9,10.9,10.9,
2017-06-05,11.24,11.24,11.24,11.24,
2017-06-06,12.03,12.03,12.03,12.03,
2017-06-07,12.38,12.38,12.38,12.38,
2017-06-08,12.9,12.9,12.9,12.9,
2017-06-09,12.28,12.28,12.28,12.28,
2017-06-12,12.09,12.09,12.09,12.09,
2017-06-13,11.96,11.96,11.96,11.96,
2017-06-14,11.77,11.77,11.77,11.77,
2017-06-15,11.5,11.5,11.5,11.5,
2017-06-16,11.44,11.44,11.44,11.44,
2017-06-19,11.93,11.93,11.93,11.93,
2017-06-20,12.64,12.64,12.64,12.64,
2017-06-21,13.98,13.98,13.98,13.98,
2017-06-22,14.38,14.38,14.38,14.38,
2017-06-23,14.17,14.17,14.17,14.17,
2017-06-26,14.08,14.08,14.08,14.08,
2017-06-27,13.4,13.4,13.4,13.4,
2017-06-28,13.23,13.23,13.23,13.23,
2017-06-29,12.6,12.6,12.6,12.6,
2017-06-30,12.48,12.48,12.48,12.48,
2017-07-03,12.15,12.15,12.15,12.15,
2017-07-05,13.19,13.19,13.19,13.19,
2017-07-06,13.02,13.02,13.02,13.02,
2017-07-07,13.36,13.36,13.36,13.36,
2017-07-10,13.81,13.81,13.81,13.81,
2017-07-11,13.89,13.89,13.89,13.89,
2017-07-12,14.29,14.29,14.29,14.29,
2017-07-13,13.53,13.53,13.53,13.53,
2017-07-14,13.92,13.92,13.92,13.92,
2017-07-17,13.8,13.8,13.8,13.8,
2017-07-18,13.48,13.48,13.48,13.48,
2017-07-19,13.55,13.55,13.55,13.55,
2017-07-20,13.8,13.8,13.8,13.8,
2017-07-21,13.88,13.88,13.88,13.88,
2017-07-24,14.16,14.16,14.16,14.16,
2017-07-25,14.11,14.11,14.11,14.11,
2017-07-26,14.76,14.76,14.76,14.76,
2017-07-27,14.12,14.12,14.12,14.12,
2017-07-28,13.95,13.95,13.95,13.95,
2017-07-31,13.61,13.61,13.61,13.61,
2017-08-01,13.71,13.71,13.71,13.71,
2017-08-02,13.37,13.37,13.37,13.37,
2017-08-03,13.24,13.24,13.24,13.24,
2017-08-04,13.12,13.12,13.12,13.12,
2017-08-07,13.43,13.43,13.43,13.43,
2017-08-08,13.11,13.11,13.11,13.11,
2017-08-09,12.83,12.83,12.83,12.83,
2017-08-10,12.12,12.12,12.12,12.12,
2017-08-11,12.23,12.23,12.23,12.23,
2017-08-14,12.76,12.76,12.76,12.76,
2017-08-15,13.02,13.02,13.02,13.02,
2017-08-16,12.63,12.63,12.63,12.63,
2017-08-17,12.34,12.34,12.34,12.34,
2017-08-18,12.37,12.37,12.37,12.37,
2017-08-21,12.05,12.05,12.05,12.05,
2017-08-22,12.17,12.17,12.17,12.17,
2017-08-23,12.48,12.48,12.48,12.48,
2017-08-24,12.5,12.5,12.5,12.5,
2017-08-25,12.43,12.43,12.43,12.43,
2017-08-28,12.23,12.23,12.23,12.23,
2017-08-29,12.15,12.15,12.15,12.15,
2017-08-30,12.67,12.67,12.67,12.67,
2017-08-31,13.0,13.0,13.0,13.0,
2017-09-01,13.19,13.19,13.19,13.19,
2017-09-05,12.92,12.92,12.92,12.92,
2017-09-06,12.86,12.86,12.86,12.86,
2017-09-07,12.63,12.63,12.63,12.63,
2017-09-08,12.25,12.25,12.25,12.25,
2017-09-11,12.55,12.55,12.55,12.55,
2017-09-12,12.3,12.3,12.3,12.3,
2017-09-13,12.22,12.22,12.22,12.22,
2017-09-14,12.26,12.26,12.26,12.26,
2017-09-15,12.52,12.52,12.52,12.52,
2017-09-18,13.08,13.08,13.08,13.08,
2017-09-19,13.12,13.12,13.12,13.12,
2017-09-20,13.74,13.74,13.74,13.74,
2017-09-21,13.41,13.41,13.41,13.41,
2017-09-22,13.3,13.3,13.3,13.3,
2017-09-25,12.61,12.61,12.61,12.61,
2017-09-26,12.45,12.45,12.45,12.45,
2017-09-27,12.74,12.74,12.74,12.74,
2017-09-28,12.74,12.74,12.74,12.74,
2017-09-29,12.75,12.75,12.75,12.75,
2017-10-02,12.71,12.71,12.71,12.71,
2017-10-03,13.42,13.42,13.42,13.42,
2017-10-04,13.31,13.31,13.31,13.31,
2017-10-05,13.34,13.34,13.34,13.34,
2017-10-06,13.23,13.23,13.23,13.23,
2017-10-09,13.47,13.47,13.47,13.47,
2017-10-10,13.7,13.7,13.7,13.7,
2017-10-11,13.88,13.88,13.88,13.88,
2017-10-12,14.2,14.2,14.2,14.2,
2017-10-13,14.22,14.22,14.22,14.22,
2017-10-16,14.26,14.26,14.26,14.26,
2017-10-17,14.16,14.16,14.16,14.16,
2017-10-18,14.07,14.07,14.07,14.07,
2017-10-19,13.95,13.95,13.95,13.95,
2017-10-20,13.81,13.81,13.81,13.81,
2017-10-23,14.1,14.1,14.1,14.1,
2017-10-24,14.25,14.25,14.25,14.25,
2017-10-25,12.33,12.33,12.33,12.33,
2017-10-26,12.01,12.01,12.01,12.01,
2017-10-27,11.84,11.84,11.84,11.84,
2017-10-30,10.89,10.89,10.89,10.89,
2017-10-31,10.99,10.99,10.99,10.99,
2017-11-01,10.8,10.8,10.8,10.8,
2017-11-02,10.85,10.85,10.85,10.85,
2017-11-03,11.12,11.12,11.12,11.12,
2017-11-06,11.93,11.93,11.93,11.93,
2017-11-07,12.05,12.05,12.05,12.05,
2017-11-08,11.71,11.71,11.71,11.71,
2017-11-09,11.12,11.12,11.12,11.12,
2017-11-10,11.26,11.26,11.26,11.26,
2017-11-13,11.09,11.09,11.09,11.09,
2017-11-14,11.12,11.12,11.12,11.12,
2017-11-15,11.07,11.07,11.07,11.07,
2017-11-16,11.25,11.25,11.25,11.25,
2017-11-17,11.38,11.38,11.38,11.38,
2017-11-20,11.34,11.34,11.34,11.34,
2017-11-21,11.4,11.4,11.4,11.4,
2017-11-22,11.37,11.37,11.37,11.37,
2017-11-24,11.38,11.38,11.38,11.38,
2017-11-27,11.55,11.55,11.55,11.55,
2017-11-28,11.17,11.17,11.17,11.17,
2017-11-29,10.83,10.83,10.83,10.83,
2017-11-30,10.89,10.89,10.89,10.89,
2017-12-01,10.73,10.73,10.73,10.73,
2017-12-04,10.03,10.03,10.03,10.03,
2017-12-05,9.91,9.91,9.91,9.91,
2017-12-06,10.0,10.0,10.0,10.0,
2017-12-07,10.04,10.04,10.04,10.04,
2017-12-08,9.94,9.94,9.94,9.94,
2017-12-11,10.16,10.16,10.16,10.16,
2017-12-12,9.9,9.9,9.9,9.9,
2017-12-13,10.11,10.11,10.11,10.11,
2017-12-14,10.13,10.13,10.13,10.13,
2017-12-15,10.29,10.29,10.29,10.29,
2017-12-18,10.98,10.98,10.98,10.98,
2017-12-19,10.95,10.95,10.95,10.95,
2017-12-20,10.98,10.98,10.98,10.98,
2017-12-21,10.89,10.89,10.89,10.89,
2017-12-22,10.54,10.54,10.54,10.54,
2017-12-26,10.46,10.46,10.46,10.46,
2017-12-27,10.53,10.53,10.53,10.53,
2017-12-28,10.55,10.55,10.55,10.55,
2017-12-29,10.28,10.28,10.28,10.28,
2018-01-02,10.98,10.98,10.98,10.98,
2018-01-03,11.55,11.55,11.55,11.55,
2018-01-04,12.12,12.12,12.12,12.12,
2018-01-05,11.88,11.88,11.88,11.88,
2018-01-08,12.28,12.28,12.28,12.28,
2018-01-09,11.82,11.82,11.82,11.82,
2018-01-10,11.96,11.96,11.96,11.96,
2018-01-11,12.14,12.14,12.14,12.14,
2018-01-12,12.02,12.02,12.02,12.02,
2018-01-16,11.91,11.91,11.91,11.91,
2018-01-17,12.18,12.18,12.18,12.18,
2018-01-18,12.47,12.47,12.47,12.47,
2018-01-19,12.59,12.59,12.59,12.59,
2018-01-22,12.65,12.65,12.65,12.65,
2018-01-23,12.94,12.94,12.94,12.94,
2018-01-24,12.71,12.71,12.71,12.71,
2018-01-25,12.41,12.41,12.41,12.41,
2018-01-26,12.95,12.95,12.95,12.95,
2018-01-29,13.32,13.32,13.32,13.32,
2018-01-30,12.87,12.87,12.87,12.87,
2018-01-31,13.74,13.74,13.74,13.74,
2018-02-01,13.25,13.25,13.25,13.25,
2018-02-02,12.45,12.45,12.45,12.45,
2018-02-05,11.57,11.57,11.57,11.57,
2018-02-06,11.65,11.65,11.65,11.65,
2018-02-07,11.6,11.6,11.6,11.6,
2018-02-08,11.22,11.22,11.22,11.22,
2018-02-09,11.31,11.31,11.31,11.31,
2018-02-12,11.68,11.68,11.68,11.68,
2018-02-13,11.78,11.78,11.78,11.78,
2018-02-14,12.2,12.2,12.2,12.2,
2018-02-15,12.19,12.19,12.19,12.19,
2018-02-16,11.82,11.82,11.82,11.82,
2018-02-20,12.02,12.02,12.02,12.02,
2018-02-21,11.72,11.72,11.72,11.72,
2018-02-22,11.84,11.84,11.84,11.84,
2018-02-23,12.07,12.07,12.07,12.07,
2018-02-26,12.42,12.42,12.42,12.42,
2018-02-27,12.53,12.53,12.53,12.53,
2018-02-28,12.11,12.11,12.11,12.11,
2018-03-01,11.9,11.9,11.9,11.9,
2018-03-02,11.81,11.81,11.81,11.81,
2018-03-05,11.91,11.91,11.91,11.91,
2018-03-06,11.76,11.76,11.76,11.76,
2018-03-07,12.24,12.24,12.24,12.24,
2018-03-08,11.97,11.97,11.97,11.97,
2018-03-09,11.7,11.7,11.7,11.7,
2018-03-12,11.52,11.52,11.52,11.52,
2018-03-13,11.64,11.64,11.64,11.64,
2018-03-14,11.36,11.36,11.36,11.36,
2018-03-15,11.46,11.46,11.46,11.46,
2018-03-16,11.47,11.47,11.47,11.47,
2018-03-19,11.43,11.43,11.43,11.43,
2018-03-20,11.11,11.11,11.11,11.11,
2018-03-21,11.26,11.26,11.26,11.26,
2018-03-22,10.91,10.91,10.91,10.91,
2018-03-23,10.63,10.63,10.63,10.63,
2018-03-26,10.44,10.44,10.44,10.44,
2018-03-27,10.0,10.0,10.0,10.0,
2018-03-28,9.81,9.81,9.81,9.81,
2018-03-29,10.05,10.05,10.05,10.05,
2018-04-02,9.53,9.53,9.53,9.53,
2018-04-03,9.55,9.55,9.55,9.55,
2018-04-04,9.77,9.77,9.77,9.77,
2018-04-05,10.02,10.02,10.02,10.02,
2018-04-06,9.61,9.61,9.61,9.61,
2018-04-09,9.53,9.53,9.53,9.53,
2018-04-10,9.98,9.98,9.98,9.98,
2018-04-11,9.82,9.82,9.82,9.82,
2018-04-12,10.08,10.08,10.08,10.08,
2018-04-13,9.93,9.93,9.93,9.93,
2018-04-16,10.09,10.09,10.09,10.09,
2018-04-17,10.52,10.52,10.52,10.52,
2018-04-18,10.36,10.36,10.36,10.36,
2018-04-19,10.11,10.11,10.11,10.11,
2018-04-20,9.99,9.99,9.99,9.99,
2018-04-23,10.04,10.04,10.04,10.04,
2018-04-24,10.09,10.09,10.09,10.09,
2018-04-25,9.71,9.71,9.71,9.71,
2018-04-26,11.04,11.04,11.04,11.04,
2018-04-27,11.11,11.11,11.11,11.11,
2018-04-30,10.88,10.88,10.88,10.88,
2018-05-01,11.13,11.13,11.13,11.13,
2018-05-02,10.97,10.97,10.97,10.97,
2018-05-03,10.93,10.93,10.93,10.93,
2018-05-04,11.28,11.28,11.28,11.28,
2018-05-07,11.59,11.59,11.59,11.59,
2018-05-08,11.61,11.61,11.61,11.61,
2018-05-09,11.95,11.95,11.95,11.95,
2018-05-10,12.13,12.13,12.13,12.13,
2018-05-11,11.95,11.95,11.95,11.95,
2018-05-14,12.23,12.23,12.23,12.23,
2018-05-15,12.45,12.45,12.45,12.45,
2018-05-16,12.82,12.82,12.82,12.82,
2018-05-17,12.82,12.82,12.82,12.82,
2018-05-18,13.0,13.0,13.0,13.0,
2018-05-21,12.99,12.99,12.99,12.99,
2018-05-22,12.98,12.98,12.98,12.98,
2018-05-23,13.1,13.1,13.1,13.1,
2018-05-24,13.41,13.41,13.41,13.41,
2018-05-25,13.54,13.54,13.54,13.54,
2018-05-29,13.36,13.36,13.36,13.36,
2018-05-30,13.82,13.82,13.82,13.82,
2018-05-31,13.73,13.73,13.73,13.73,
2018-06-01,14.4,14.4,14.4,14.4,
2018-06-04,14.85,14.85,14.85,14.85,
2018-06-05,14.85,14.85,14.85,14.85,
2018-06-06,15.67,15.67,15.67,15.67,
2018-06-07,14.89,14.89,14.89,14.89,
2018-06-08,15.25,15.25,15.25,15.25,
2018-06-11,15.73,15.73,15.73,15.73,
2018-06-12,15.85,15.85,15.85,15.85,
2018-06-13,16.32,16.32,16.32,16.32,
2018-06-14,16.25,16.25,16.25,16.25,
2018-06-15,16.34,16.34,16.34,16.34,
2018-06-18,17.11,17.11,17.11,17.11,
2018-06-19,16.69,16.69,16.69,16.69,
2018-06-20,16.52,16.52,16.52,16.52,
2018-06-21,15.65,15.65,15.65,15.65,
2018-06-22,15.8,15.8,15.8,15.8,
2018-06-25,15.11,15.11,15.11,15.11,
2018-06-26,15.5,15.5,15.5,15.5,
2018-06-27,14.97,14.97,14.97,14.97,
2018-06-28,15.31,15.31,15.31,15.31,
2018-06-29,14.99,14.99,14.99,14.99,
2018-07-02,15.16,15.16,15.16,15.16,
2018-07-03,15.0,15.0,15.0,15.0,
2018-07-05,15.5,15.5,15.5,15.5,
2018-07-06,16.36,16.36,16.36,16.36,
2018-07-09,16.61,16.61,16.61,16.61,
2018-07-10,16.55,16.55,16.55,16.55,
2018-07-11,16.27,16.27,16.27,16.27,
2018-07-12,16.56,16.56,16.56,16.56,
2018-07-13,16.27,16.27,16.27,16.27,
2018-07-16,16.58,16.58,16.58,16.58,
2018-07-17,16.87,16.87,16.87,16.87,
2018-07-18,16.85,16.85,16.85,16.85,
2018-07-19,16.71,16.71,16.71,16.71,
2018-07-20,16.5,16.5,16.5,16.5,
2018-07-23,16.66,16.66,16.66,16.66,
2018-07-24,16.19,16.19,16.19,16.19,
2018-07-25,16.05,16.05,16.05,16.05,
2018-07-26,18.35,18.35,18.35,18.35,
2018-07-27,18.94,18.94,18.94,18.94,
2018-07-30,19.42,19.42,19.42,19.42,
2018-07-31,18.33,18.33,18.33,18.33,
2018-08-01,18.48,18.48,18.48,18.48,
2018-08-02,18.79,18.79,18.79,18.79,
2018-08-03,18.49,18.49,18.49,18.49,
2018-08-06,19.43,19.43,19.43,19.43,
2018-08-07,19.56,19.56,19.56,19.56,
2018-08-08,19.58,19.58,19.58,19.58,
2018-08-09,19.1,19.1,19.1,19.1,
2018-08-10,19.06,19.06,19.06,19.06,
2018-08-13,19.73,19.73,19.73,19.73,
2018-08-14,20.02,20.02,20.02,20.02,
2018-08-15,19.7,19.7,19.7,19.7,
2018-08-16,19.33,19.33,19.33,19.33,
2018-08-17,19.77,19.77,19.77,19.77,
2018-08-20,19.98,19.98,19.98,19.98,
2018-08-21,20.4,20.4,20.4,20.4,
2018-08-22,20.9,20.9,20.9,20.9,
2018-08-23,22.29,22.29,22.29,22.29,
2018-08-24,23.98,23.98,23.98,23.98,
2018-08-27,25.26,25.26,25.26,25.26,
2018-08-28,25.05,25.05,25.05,25.05,
2018-08-29,25.2,25.2,25.2,25.2,
2018-08-30,24.89,24.89,24.89,24.89,
2018-08-31,25.17,25.17,25.17,25.17,
2018-09-04,28.06,28.06,28.06,28.06,
2018-09-05,28.51,28.51,28.51,28.51,
2018-09-06,27.84,27.84,27.84,27.84,
2018-09-07,27.38,27.38,27.38,27.38,
2018-09-10,29.89,29.89,29.89,29.89,
2018-09-11,30.1,30.1,30.1,30.1,
2018-09-12,32.21,32.21,32.21,32.21,
2018-09-13,30.48,30.48,30.48,30.48,
2018-09-14,32.72,32.72,32.72,32.72,
2018-09-17,32.43,32.43,32.43,32.43,
2018-09-18,31.93,31.93,31.93,31.93,
2018-09-19,31.21,31.21,31.21,31.21,
2018-09-20,31.18,31.18,31.18,31.18,
2018-09-21,31.02,31.02,31.02,31.02,
2018-09-24,32.61,32.61,32.61,32.61,
2018-09-25,32.57,32.57,32.57,32.57,
2018-09-26,32.19,32.19,32.19,32.19,
2018-09-27,32.59,32.59,32.59,32.59,
2018-09-28,30.89,30.89,30.89,30.89,
2018-10-01,31.42,31.42,31.42,31.42,
2018-10-02,29.02,29.02,29.02,29.02,
2018-10-03,28.43,28.43,28.43,28.43,
2018-10-04,27.78,27.78,27.78,27.78,
2018-10-05,27.35,27.35,27.35,27.35,
2018-10-08,26.46,26.46,26.46,26.46,
2018-10-09,27.24,27.24,27.24,27.24,
2018-10-10,25.0,25.0,25.0,25.0,
2018-10-11,25.3,25.3,25.3,25.3,
2018-10-12,26.34,26.34,26.34,26.34,
2018-10-15,26.26,26.26,26.26,26.26,
2018-10-16,28.18,28.18,28.18,28.18,
2018-10-17,27.3,27.3,27.3,27.3,
2018-10-18,26.62,26.62,26.62,26.62,
2018-10-19,23.66,23.66,23.66,23.66,
2018-10-22,25.03,25.03,25.03,25.03,
2018-10-23,25.09,25.09,25.09,25.09,
2018-10-24,22.79,22.79,22.79,22.79,
2018-10-25,19.27,19.27,19.27,19.27,
2018-10-26,17.63,17.63,17.63,17.63,
2018-10-29,16.85,16.85,16.85,16.85,
2018-10-30,17.2,17.2,17.2,17.2,
2018-10-31,18.21,18.21,18.21,18.21,
2018-11-01,20.22,20.22,20.22,20.22,
2018-11-02,20.23,20.23,20.23,20.23,
2018-11-05,19.9,19.9,19.9,19.9,
2018-11-06,20.68,20.68,20.68,20.68,
2018-11-07,21.84,21.84,21.84,21.84,
2018-11-08,21.2,21.2,21.2,21.2,
2018-11-09,21.03,21.03,21.03,21.03,
2018-11-12,19.03,19.03,19.03,19.03,
2018-11-13,19.61,19.61,19.61,19.61,
2018-11-14,20.81,20.81,20.81,20.81,
2018-11-15,21.49,21.49,21.49,21.49,
2018-11-16,20.66,20.66,20.66,20.66,
2018-11-19,19.11,19.11,19.11,19.11,
2018-11-20,19.21,19.21,19.21,19.21,
2018-11-21,18.73,18.73,18.73,18.73,
2018-11-23,19.38,19.38,19.38,19.38,
2018-11-26,20.08,20.08,20.08,20.08,
2018-11-27,21.05,21.05,21.05,21.05,
2018-11-28,21.34,21.34,21.34,21.34,
2018-11-29,21.43,21.43,21.43,21.43,
2018-11-30,21.3,21.3,21.3,21.3,
2018-12-03,23.71,23.71,23.71,23.71,
2018-12-04,21.12,21.12,21.12,21.12,
2018-12-06,21.3,21.3,21.3,21.3,
2018-12-07,19.46,19.46,19.46,19.46,
2018-12-10,19.99,19.99,19.99,19.99,
2018-12-11,19.98,19.98,19.98,19.98,
2018-12-12,20.48,20.48,20.48,20.48,
2018-12-13,19.86,19.86,19.86,19.86,
2018-12-14,19.9,19.9,19.9,19.9,
2018-12-17,18.83,18.83,18.83,18.83,
2018-12-18,19.5,19.5,19.5,19.5,
2018-12-19,18.16,18.16,18.16,18.16,
2018-12-20,17.94,17.94,17.94,17.94,
2018-12-21,16.93,16.93,16.93,16.93,
2018-12-24,16.65,16.65,16.65,16.65,
2018-12-26,17.9,17.9,17.9,17.9,
2018-12-27,17.49,17.49,17.49,17.49,
2018-12-28,17.82,17.82,17.82,17.82,
2018-12-31,18.46,18.46,18.46,18.46,
2019-01-02,18.83,18.83,18.83,18.83,
2019-01-03,17.05,17.05,17.05,17.05,
2019-01-04,19.0,19.0,19.0,19.0,
2019-01-07,20.57,20.57,20.57,20.57,
2019-01-08,20.75,20.75,20.75,20.75,
2019-01-09,20.19,20.19,20.19,20.19,
2019-01-10,19.74,19.74,19.74,19.74,
2019-01-11,20.27,20.27,20.27,20.27,
2019-01-14,20.23,20.23,20.23,20.23,
2019-01-15,20.38,20.38,20.38,20.38,
2019-01-16,19.73,19.73,19.73,19.73,
2019-01-17,20.25,20.25,20.25,20.25,
2019-01-18,20.77,20.77,20.77,20.77,
2019-01-22,19.76,19.76,19.76,19.76,
2019-01-23,19.8,19.8,19.8,19.8,
2019-01-24,20.85,20.85,20.85,20.85,
2019-01-25,21.93,21.93,21.93,21.93,
2019-01-28,20.18,20.18,20.18,20.18,
2019-01-29,19.25,19.25,19.25,19.25,
2019-01-30,23.09,23.09,23.09,23.09,
2019-01-31,24.41,24.41,24.41,24.41,
2019-02-01,24.51,24.51,24.51,24.51,
2019-02-04,24.13,24.13,24.13,24.13,
2019-02-05,23.31,23.31,23.31,23.31,
2019-02-06,23.26,23.26,23.26,23.26,
2019-02-07,22.67,22.67,22.67,22.67,
2019-02-08,23.05,23.05,23.05,23.05,
2019-02-11,22.96,22.96,22.96,22.96,
2019-02-12,22.82,22.82,22.82,22.82,
2019-02-13,22.85,22.85,22.85,22.85,
2019-02-14,23.13,23.13,23.13,23.13,
2019-02-15,23.68,23.68,23.68,23.68,
2019-02-19,23.95,23.95,23.95,23.95,
2019-02-20,23.95,23.95,23.95,23.95,
2019-02-21,23.92,23.92,23.92,23.92,
2019-02-22,24.36,24.36,24.36,24.36,
2019-02-25,24.71,24.71,24.71,24.71,
2019-02-26,24.21,24.21,24.21,24.21,
2019-02-27,23.48,23.48,23.48,23.48,
2019-02-28,23.53,23.53,23.53,23.53,
2019-03-01,23.68,23.68,23.68,23.68,
2019-03-04,23.37,23.37,23.37,23.37,
2019-03-05,23.5,23.5,23.5,23.5,
2019-03-06,22.41,22.41,22.41,22.41,
2019-03-07,22.08,22.08,22.08,22.08,
2019-03-08,22.01,22.01,22.01,22.01,
2019-03-11,22.96,22.96,22.96,22.96,
2019-03-12,23.49,23.49,23.49,23.49,
2019-03-13,23.38,23.38,23.38,23.38,
2019-03-14,22.82,22.82,22.82,22.82,
2019-03-15,23.29,23.29,23.29,23.29,
2019-03-18,23.25,23.25,23.25,23.25,
2019-03-19,26.0,26.0,26.0,26.0,
2019-03-20,25.7,25.7,25.7,25.7,
2019-03-21,27.89,27.89,27.89,27.89,
2019-03-22,26.37,26.37,26.37,26.37,
2019-03-25,25.97,25.97,25.97,25.97,
2019-03-26,25.69,25.69,25.69,25.69,
2019-03-27,24.89,24.89,24.89,24.89,
2019-03-28,25.06,25.06,25.06,25.06,
2019-03-29,25.52,25.52,25.52,25.52,
2019-04-01,26.36,26.36,26.36,26.36,
2019-04-02,26.75,26.75,26.75,26.75,
2019-04-03,29.02,29.02,29.02,29.02,
2019-04-04,29.09,29.09,29.09,29.09,
2019-04-05,28.98,28.98,28.98,28.98,
2019-04-08,28.53,28.53,28.53,28.53,
2019-04-09,27.24,27.24,27.24,27.24,
2019-04-10,27.83,27.83,27.83,27.83,
2019-04-11,27.79,27.79,27.79,27.79,
2019-04-12,27.85,27.85,27.85,27.85,
2019-04-15,27.33,27.33,27.33,27.33,
2019-04-16,27.93,27.93,27.93,27.93,
2019-04-17,27.49,27.49,27.49,27.49,
2019-04-18,27.68,27.68,27.68,27.68,
2019-04-22,28.18,28.18,28.18,28.18,
2019-04-23,27.97,27.97,27.97,27.97,
2019-04-24,28.46,28.46,28.46,28.46,
2019-04-25,27.66,27.66,27.66,27.66,
2019-04-26,27.88,27.88,27.88,27.88,
2019-04-29,27.69,27.69,27.69,27.69,
2019-04-30,27.63,27.63,27.63,27.63,
2019-05-01,26.81,26.81,26.81,26.81,
2019-05-02,28.29,28.29,28.29,28.29,
2019-05-03,28.22,28.22,28.22,28.22,
2019-05-06,27.42,27.42,27.42,27.42,
2019-05-07,26.66,26.66,26.66,26.66,
2019-05-08,27.09,27.09,27.09,27.09,
2019-05-09,27.21,27.21,27.21,27.21,
2019-05-10,27.96,27.96,27.96,27.96,
2019-05-13,26.24,26.24,26.24,26.24,
2019-05-14,27.32,27.32,27.32,27.32,
2019-05-15,27.58,27.58,27.58,27.58,
2019-05-16,28.01,28.01,28.01,28.01,
2019-05-17,27.5,27.5,27.5,27.5,
2019-05-20,26.68,26.68,26.68,26.68,
2019-05-21,27.35,27.35,27.35,27.35,
2019-05-22,27.41,27.41,27.41,27.41,
2019-05-23,26.36,26.36,26.36,26.36,
2019-05-24,26.44,26.44,26.44,26.44,
2019-05-28,29.05,29.05,29.05,29.05,
2019-05-29,28.09,28.09,28.09,28.09,
2019-05-30,28.03,28.03,28.03,28.03,
2019-05-31,27.41,27.41,27.41,27.41,
2019-06-03,27.58,27.58,27.58,27.58,
2019-06-04,29.57,29.57,29.57,29.57,
2019-06-05,29.5,29.5,29.5,29.5,
2019-06-06,31.82,31.82,31.82,31.82,
2019-06-07,32.41,32.41,32.41,32.41,
2019-06-10,33.23,33.23,33.23,33.23,
2019-06-11,32.41,32.41,32.41,32.41,
2019-06-12,32.18,32.18,32.18,32.18,
2019-06-13,31.39,31.39,31.39,31.39,
2019-06-14,30.36,30.36,30.36,30.36,
2019-06-17,29.2,29.2,29.2,29.2,
2019-06-18,30.45,30.45,30.45,30.45,
2019-06-19,30.5,30.5,30.5,30.5,
2019-06-20,30.01,30.01,30.01,30.01,
2019-06-21,29.1,29.1,29.1,29.1,
2019-06-24,29.26,29.26,29.26,29.26,
2019-06-25,28.86,28.86,28.86,28.86,
2019-06-26,29.92,29.92,29.92,29.92,
2019-06-27,30.74,30.74,30.74,30.74,
2019-06-28,30.37,30.37,30.37,30.37,
2019-07-01,31.2,31.2,31.2,31.2,
2019-07-02,31.24,31.24,31.24,31.24,
2019-07-03,31.19,31.19,31.19,31.19,
2019-07-05,31.5,31.5,31.5,31.5,
2019-07-08,32.04,32.04,32.04,32.04,
2019-07-09,33.15,33.15,33.15,33.15,
2019-07-10,33.79,33.79,33.79,33.79,
2019-07-11,33.06,33.06,33.06,33.06,
2019-07-12,33.21,33.21,33.21,33.21,
2019-07-15,34.39,34.39,34.39,34.39,
2019-07-16,33.85,33.85,33.85,33.85,
2019-07-17,33.6,33.6,33.6,33.6,
2019-07-18,33.0,33.0,33.0,33.0,
2019-07-19,32.51,32.51,32.51,32.51,
2019-07-22,32.85,32.85,32.85,32.85,
2019-07-23,33.49,33.49,33.49,33.49,
2019-07-24,34.11,34.11,34.11,34.11,
2019-07-25,33.67,33.67,33.67,33.67,
2019-07-26,34.02,34.02,34.02,34.02,
2019-07-29,33.48,33.48,33.48,33.48,
2019-07-30,33.87,33.87,33.87,33.87,
2019-07-31,30.45,30.45,30.45,30.45,
2019-08-01,29.86,29.86,29.86,29.86,
2019-08-02,29.44,29.44,29.44,29.44,
2019-08-05,27.99,27.99,27.99,27.99,
2019-08-06,28.86,28.86,28.86,28.86,
2019-08-07,29.19,29.19,29.19,29.19,
2019-08-08,33.92,33.92,33.92,33.92,
2019-08-09,34.19,34.19,34.19,34.19,
2019-08-12,32.43,32.43,32.43,32.43,
2019-08-13,32.11,32.11,32.11,32.11,
2019-08-14,30.24,30.24,30.24,30.24,
2019-08-15,29.67,29.67,29.67,29.67,
2019-08-16,31.18,31.18,31.18,31.18,
2019-08-19,31.48,31.48,31.48,31.48,
2019-08-20,30.72,30.72,30.72,30.72,
2019-08-21,31.7,31.7,31.7,31.7,
2019-08-22,31.9,31.9,31.9,31.9,
2019-08-23,29.54,29.54,29.54,29.54,
2019-08-26,30.28,30.28,30.28,30.28,
2019-08-27,30.2,30.2,30.2,30.2,
2019-08-28,30.78,30.78,30.78,30.78,
2019-08-29,31.45,31.45,31.45,31.45,
2019-08-30,31.45,31.45,31.45,31.45,
2019-09-03,30.9,30.9,30.9,30.9,
2019-09-04,30.95,30.95,30.95,30.95,
2019-09-05,31.5,31.5,31.5,31.5,
2019-09-06,30.56,30.56,30.56,30.56,
2019-09-09,30.5,30.5,30.5,30.5,
2019-09-10,30.23,30.23,30.23,30.23,
2019-09-11,29.76,29.76,29.76,29.76,
2019-09-12,30.21,30.21,30.21,30.21,
2019-09-13,30.69,30.69,30.69,30.69,
2019-09-16,30.83,30.83,30.83,30.83,
2019-09-17,30.99,30.99,30.99,30.99,
2019-09-18,30.42,30.42,30.42,30.42,
2019-09-19,30.29,30.29,30.29,30.29,
2019-09-20,30.05,30.05,30.05,30.05,
2019-09-23,30.64,30.64,30.64,30.64,
2019-09-24,29.52,29.52,29.52,29.52,
2019-09-25,29.54,29.54,29.54,29.54,
2019-09-26,29.47,29.47,29.47,29.47,
2019-09-27,28.72,28.72,28.72,28.72,
2019-09-30,28.99,28.99,28.99,28.99,
2019-10-01,28.76,28.76,28.76,28.76,
2019-10-02,28.31,28.31,28.31,28.31,
2019-10-03,28.68,28.68,28.68,28.68,
2019-10-04,29.01,29.01,29.01,29.01,
2019-10-07,28.93,28.93,28.93,28.93,
2019-10-08,28.23,28.23,28.23,28.23,
2019-10-09,28.46,28.46,28.46,28.46,
2019-10-10,28.38,28.38,28.38,28.38,
2019-10-11,29.75,29.75,29.75,29.75,
2019-10-14,30.53,30.53,30.53,30.53,
2019-10-15,30.72,30.72,30.72,30.72,
2019-10-16,30.81,30.81,30.81,30.81,
2019-10-17,31.14,31.14,31.14,31.14,
2019-10-18,30.97,30.97,30.97,30.97,
2019-10-21,32.03,32.03,32.03,32.03,
2019-10-22,31.51,31.51,31.51,31.51,
2019-10-23,31.36,31.36,31.36,31.36,
2019-10-24,31.72,31.72,31.72,31.72,
2019-10-25,32.71,32.71,32.71,32.71,
2019-10-28,33.69,33.69,33.69,33.69,
2019-10-29,33.03,33.03,33.03,33.03,
2019-10-30,33.13,33.13,33.13,33.13,
2019-10-31,33.93,33.93,33.93,33.93,
2019-11-01,34.89,34.89,34.89,34.89,
2019-11-04,36.29,36.29,36.29,36.29,
2019-11-05,36.15,36.15,36.15,36.15,
2019-11-06,35.93,35.93,35.93,35.93,
2019-11-07,36.28,36.28,36.28,36.28,
2019-11-08,36.29,36.29,36.29,36.29,
2019-11-11,36.31,36.31,36.31,36.31,
2019-11-12,36.71,36.71,36.71,36.71,
2019-11-13,37.52,37.52,37.52,37.52,
2019-11-14,38.35,38.35,38.35,38.35,
2019-11-15,38.56,38.56,38.56,38.56,
2019-11-18,39.88,39.88,39.88,39.88,
2019-11-19,41.29,41.29,41.29,41.29,
2019-11-20,40.98,40.98,40.98,40.98,
2019-11-21,39.52,39.52,39.52,39.52,
2019-11-22,39.15,39.15,39.15,39.15,
2019-11-25,39.79,39.79,39.79,39.79,
2019-11-26,38.99,38.99,38.99,38.99,
2019-11-27,39.41,39.41,39.41,39.41,
2019-11-29,39.15,39.15,39.15,39.15,
2019-12-02,38.73,38.73,38.73,38.73,
2019-12-03,38.9,38.9,38.9,38.9,
2019-12-04,39.69,39.69,39.69,39.69,
2019-12-05,39.62,39.62,39.62,39.62,
2019-12-06,39.63,39.63,39.63,39.63,
2019-12-09,38.93,38.93,38.93,38.93,
2019-12-10,39.44,39.44,39.44,39.44,
2019-12-11,39.47,39.47,39.47,39.47,
2019-12-12,42.59,42.59,42.59,42.59,
2019-12-13,41.15,41.15,41.15,41.15,
2019-12-16,42.35,42.35,42.35,42.35,
2019-12-17,42.77,42.77,42.77,42.77,
2019-12-18,42.3,42.3,42.3,42.3,
2019-12-19,42.83,42.83,42.83,42.83,
2019-12-20,44.15,44.15,44.15,44.15,
2019-12-23,45.46,45.46,45.46,45.46,
2019-12-24,46.54,46.54,46.54,46.54,
2019-12-26,46.63,46.63,46.63,46.63,
2019-12-27,46.18,46.18,46.18,46.18,
2019-12-30,45.52,45.52,45.52,45.52,
2019-12-31,45.86,45.86,45.86,45.86,
2020-01-02,49.1,49.1,49.1,49.1,
2020-01-03,48.6,48.6,48.6,48.6,
2020-01-06,48.39,48.39,48.39,48.39,
2020-01-07,48.25,48.25,48.25,48.25,
2020-01-08,47.83,47.83,47.83,47.83,
2020-01-09,48.97,48.97,48.97,48.97,
2020-01-10,48.17,48.17,48.17,48.17,
2020-01-13,48.75,48.75,48.75,48.75,
2020-01-14,48.21,48.21,48.21,48.21,
2020-01-15,48.55,48.55,48.55,48.55,
2020-01-16,49.77,49.77,49.77,49.77,
2020-01-17,50.93,50.93,50.93,50.93,
2020-01-21,51.05,51.05,51.05,51.05,
2020-01-22,51.43,51.43,51.43,51.43,
2020-01-23,51.71,51.71,51.71,51.71,
2020-01-24,50.35,50.35,50.35,50.35,
2020-01-27,49.26,49.26,49.26,49.26,
2020-01-28,50.53,50.53,50.53,50.53,
2020-01-29,47.51,47.51,47.51,47.51,
2020-01-30,48.78,48.78,48.78,48.78,
2020-01-31,47.0,47.0,47.0,47.0,
2020-02-03,48.02,48.02,48.02,48.02,
2020-02-04,49.45,49.45,49.45,49.45,
2020-02-05,49.84,49.84,49.84,49.84,
2020-02-06,49.32,49.32,49.32,49.32,
2020-02-07,49.73,49.73,49.73,49.73,
2020-02-10,52.26,52.26,52.26,52.26,
2020-02-11,53.8,53.8,53.8,53.8,
2020-02-12,53.89,53.89,53.89,53.89,
2020-02-13,54.53,54.53,54.53,54.53,
2020-02-14,55.31,55.31,55.31,55.31,
2020-02-18,56.89,56.89,56.89,56.89,
2020-02-19,58.9,58.9,58.9,58.9,
2020-02-20,57.27,57.27,57.27,57.27,
2020-02-21,53.28,53.28,53.28,53.28,
2020-02-24,49.12,49.12,49.12,49.12,
2020-02-25,47.57,47.57,47.57,47.57,
2020-02-26,47.49,47.49,47.49,47.49,
2020-02-27,44.01,44.01,44.01,44.01,
2020-02-28,45.48,45.48,45.48,45.48,
2020-03-02,47.46,47.46,47.46,47.46,
2020-03-03,46.75,46.75,46.75,46.75,
2020-03-04,50.11,50.11,50.11,50.11,
2020-03-05,48.11,48.11,48.11,48.11,
2020-03-06,48.59,48.59,48.59,48.59,
2020-03-09,43.27,43.27,43.27,43.27,
2020-03-10,45.38,45.38,45.38,45.38,
2020-03-11,45.7,45.7,45.7,45.7,
2020-03-12,39.01,39.01,39.01,39.01,
2020-03-13,43.9,43.9,43.9,43.9,
2020-03-16,38.71,38.71,38.71,38.71,
2020-03-17,41.88,41.88,41.88,41.88,
2020-03-18,39.12,39.12,39.12,39.12,
2020-03-19,39.82,39.82,39.82,39.82,
2020-03-20,39.61,39.61,39.61,39.61,
2020-03-23,41.64,41.64,41.64,41.64,
2020-03-24,46.22,46.22,46.22,46.22,
2020-03-25,44.63,44.63,44.63,44.63,
2020-03-26,47.5,47.5,47.5,47.5,
2020-03-27,46.58,46.58,46.58,46.58,
2020-03-30,47.86,47.86,47.86,47.86,
2020-03-31,45.48,45.48,45.48,45.48,
2020-04-01,43.66,43.66,43.66,43.66,
2020-04-02,44.49,44.49,44.49,44.49,
2020-04-03,42.59,42.59,42.59,42.59,
2020-04-06,47.52,47.52,47.52,47.52,
2020-04-07,47.56,47.56,47.56,47.56,
2020-04-08,48.79,48.79,48.79,48.79,
2020-04-09,48.38,48.38,48.38,48.38,
2020-04-13,50.94,50.94,50.94,50.94,
2020-04-14,54.93,54.93,54.93,54.93,
2020-04-15,54.99,54.99,54.99,54.99,
2020-04-16,56.95,56.95,56.95,56.95,
2020-04-17,56.6,56.6,56.6,56.6,
2020-04-20,56.97,56.97,56.97,56.97,
2020-04-21,52.92,52.92,52.92,52.92,
2020-04-22,55.92,55.92,55.92,55.92,
2020-04-23,55.9,55.9,55.9,55.9,
2020-04-24,56.18,56.18,56.18,56.18,
2020-04-27,56.49,56.49,56.49,56.49,
2020-04-28,55.51,55.51,55.51,55.51,
2020-04-29,53.66,53.66,53.66,53.66,
2020-04-30,52.39,52.39,52.39,52.39,
2020-05-01,49.88,49.88,49.88,49.88,
2020-05-04,52.56,52.56,52.56,52.56,
2020-05-05,52.19,52.19,52.19,52.19,
2020-05-06,52.16,52.16,52.16,52.16,
2020-05-07,51.95,51.95,51.95,51.95,
2020-05-08,53.19,53.19,53.19,53.19,
2020-05-11,55.74,55.74,55.74,55.74,
2020-05-12,53.76,53.76,53.76,53.76,
2020-05-13,52.18,52.18,52.18,52.18,
2020-05-14,54.51,54.51,54.51,54.51,
2020-05-15,54.2,54.2,54.2,54.2,
2020-05-18,54.59,54.59,54.59,54.59,
2020-05-19,55.47,55.47,55.47,55.47,
2020-05-20,56.39,56.39,56.39,56.39,
2020-05-21,54.65,54.65,54.65,54.65,
2020-05-22,55.17,55.17,55.17,55.17,
2020-05-26,53.19,53.19,53.19,53.19,
2020-05-27,52.74,52.74,52.74,52.74,
2020-05-28,51.74,51.74,51.74,51.74,
2020-05-29,53.8,53.8,53.8,53.8,
2020-06-01,53.63,53.63,53.63,53.63,
2020-06-02,53.54,53.54,53.54,53.54,
2020-06-03,52.73,52.73,52.73,52.73,
2020-06-04,52.63,52.63,52.63,52.63,
2020-06-05,53.1,53.1,53.1,53.1,
2020-06-08,52.97,52.97,52.97,52.97,
2020-06-09,56.39,56.39,56.39,56.39,
2020-06-10,57.44,57.44,57.44,57.44,
2020-06-11,52.83,52.83,52.83,52.83,
2020-06-12,53.5,53.5,53.5,53.5,
2020-06-15,54.68,54.68,54.68,54.68,
2020-06-16,54.46,54.46,54.46,54.46,
2020-06-17,54.55,54.55,54.55,54.55,
2020-06-18,54.04,54.04,54.04,54.04,
2020-06-19,54.23,54.23,54.23,54.23,
2020-06-22,54.76,54.76,54.76,54.76,
2020-06-23,53.99,53.99,53.99,53.99,
2020-06-24,52.39,52.39,52.39,52.39,
2020-06-25,51.93,51.93,51.93,51.93,
2020-06-26,50.1,50.1,50.1,50.1,
2020-06-29,50.28,50.28,50.28,50.28,
2020-06-30,52.61,52.61,52.61,52.61,
2020-07-01,52.58,52.58,52.58,52.58,
2020-07-02,52.34,52.34,52.34,52.34,
2020-07-06,53.4,53.4,53.4,53.4,
2020-07-07,52.93,52.93,52.93,52.93,
2020-07-08,53.43,53.43,53.43,53.43,
2020-07-09,57.26,57.26,57.26,57.26,
2020-07-10,55.88,55.88,55.88,55.88,
2020-07-13,53.59,53.59,53.59,53.59,
2020-07-14,54.72,54.72,54.72,54.72,
2020-07-15,55.34,55.34,55.34,55.34,
2020-07-16,54.92,54.92,54.92,54.92,
2020-07-17,55.04,55.04,55.04,55.04,
2020-07-20,57.46,57.46,57.46,57.46,
2020-07-21,57.0,57.0,57.0,57.0,
2020-07-22,61.79,61.79,61.79,61.79,
2020-07-23,59.57,59.57,59.57,59.57,
2020-07-24,69.4,69.4,69.4,69.4,
2020-07-27,68.97,68.97,68.97,68.97,
2020-07-28,67.61,67.61,67.61,67.61,
2020-07-29,76.09,76.09,76.09,76.09,
2020-07-30,78.2,78.2,78.2,78.2,
2020-07-31,77.43,77.43,77.43,77.43,
2020-08-03,77.67,77.67,77.67,77.67,
2020-08-04,85.04,85.04,85.04,85.04,
2020-08-05,85.31,85.31,85.31,85.31,
2020-08-06,86.71,86.71,86.71,86.71,
2020-08-07,84.85,84.85,84.85,84.85,
2020-08-10,82.24,82.24,82.24,82.24,
2020-08-11,76.88,76.88,76.88,76.88,
2020-08-12,82.61,82.61,82.61,82.61,
2020-08-13,81.84,81.84,81.84,81.84,
2020-08-14,81.3,81.3,81.3,81.3,
2020-08-17,82.42,82.42,82.42,82.42,
2020-08-18,81.66,81.66,81.66,81.66,
2020-08-19,81.09,81.09,81.09,81.09,
2020-08-20,82.77,82.77,82.77,82.77,
2020-08-21,83.81,83.81,83.81,83.81,
2020-08-24,83.08,83.08,83.08,83.08,
2020-08-25,86.35,86.35,86.35,86.35,
2020-08-26,86.02,86.02,86.02,86.02,
2020-08-27,83.8,83.8,83.8,83.8,
2020-08-28,85.55,85.55,85.55,85.55,
2020-08-31,90.82,90.82,90.82,90.82,
2020-09-01,92.18,92.18,92.18,92.18,
2020-09-02,90.22,90.22,90.22,90.22,
2020-09-03,82.54,82.54,82.54,82.54,
2020-09-04,82.01,82.01,82.01,82.01,
2020-09-08,78.69,78.69,78.69,78.69,
2020-09-09,81.91,81.91,81.91,81.91,
2020-09-10,78.98,78.98,78.98,78.98,
2020-09-11,76.34,76.34,76.34,76.34,
2020-09-14,77.9,77.9,77.9,77.9,
2020-09-15,78.93,78.93,78.93,78.93,
2020-09-16,76.66,76.66,76.66,76.66,
2020-09-17,76.55,76.55,76.55,76.55,
2020-09-18,74.93,74.93,74.93,74.93,
2020-09-21,77.94,77.94,77.94,77.94,
2020-09-22,77.7,77.7,77.7,77.7,
2020-09-23,74.73,74.73,74.73,74.73,
2020-09-24,75.82,75.82,75.82,75.82,
2020-09-25,78.06,78.06,78.06,78.06,
2020-09-28,79.48,79.48,79.48,79.48,
2020-09-29,81.77,81.77,81.77,81.77,
2020-09-30,81.99,81.99,81.99,81.99,
2020-10-01,84.86,84.86,84.86,84.86,
2020-10-02,81.8,81.8,81.8,81.8,
2020-10-05,86.15,86.15,86.15,86.15,
2020-10-06,84.48,84.48,84.48,84.48,
2020-10-07,86.69,86.69,86.69,86.69,
2020-10-08,86.51,86.51,86.51,86.51,
2020-10-09,83.1,83.1,83.1,83.1,
2020-10-12,84.29,84.29,84.29,84.29,
2020-10-13,85.28,85.28,85.28,85.28,
2020-10-14,84.21,84.21,84.21,84.21,
2020-10-15,83.13,83.13,83.13,83.13,
2020-10-16,83.17,83.17,83.17,83.17,
2020-10-19,82.0,82.0,82.0,82.0,
2020-10-20,81.56,81.56,81.56,81.56,
2020-10-21,79.2,79.2,79.2,79.2,
2020-10-22,79.42,79.42,79.42,79.42,
2020-10-23,81.96,81.96,81.96,81.96,
2020-10-26,82.23,82.23,82.23,82.23,
2020-10-27,78.88,78.88,78.88,78.88,
2020-10-28,76.4,76.4,76.4,76.4,
2020-10-29,78.02,78.02,78.02,78.02,
2020-10-30,75.29,75.29,75.29,75.29,
2020-11-02,74.7,74.7,74.7,74.7,
2020-11-03,76.58,76.58,76.58,76.58,
2020-11-04,81.35,81.35,81.35,81.35,
2020-11-05,83.0,83.0,83.0,83.0,
2020-11-06,85.88,85.88,85.88,85.88,
2020-11-09,83.12,83.12,83.12,83.12,
2020-11-10,77.99,77.99,77.99,77.99,
2020-11-11,81.28,81.28,81.28,81.28,
2020-11-12,81.84,81.84,81.84,81.84,
2020-11-13,81.43,81.43,81.43,81.43,
2020-11-16,83.73,83.73,83.73,83.73,
2020-11-17,83.36,83.36,83.36,83.36,
2020-11-18,82.54,82.54,82.54,82.54,
2020-11-19,85.54,85.54,85.54,85.54,
2020-11-20,84.64,84.64,84.64,84.64,
2020-11-23,85.31,85.31,85.31,85.31,
2020-11-24,85.07,85.07,85.07,85.07,
2020-11-25,86.71,86.71,86.71,86.71,
2020-11-27,87.19,87.19,87.19,87.19,
2020-11-30,92.66,92.66,92.66,92.66,
2020-12-01,92.63,92.63,92.63,92.63,
2020-12-02,93.74,93.74,93.74,93.74,
2020-12-03,92.31,92.31,92.31,92.31,
2020-12-04,94.04,94.04,94.04,94.04,
2020-12-07,94.07,94.07,94.07,94.07,
2020-12-08,92.92,92.92,92.92,92.92,
2020-12-09,89.83,89.83,89.83,89.83,
2020-12-10,91.66,91.66,91.66,91.66,
2020-12-11,91.65,91.65,91.65,91.65,
2020-12-14,94.78,94.78,94.78,94.78,
2020-12-15,97.12,97.12,97.12,97.12,
2020-12-16,96.85,96.85,96.85,96.85,
2020-12-17,96.84,96.84,96.84,96.84,
2020-12-18,95.92,95.92,95.92,95.92,
2020-12-21,93.23,93.23,93.23,93.23,
2020-12-22,93.16,93.16,93.16,93.16,
2020-12-23,91.55,91.55,91.55,91.55,
2020-12-24,91.81,91.81,91.81,91.81,
2020-12-28,91.6,91.6,91.6,91.6,
2020-12-29,90.62,90.62,90.62,90.62,
2020-12-30,92.29,92.29,92.29,92.29,
2020-12-31,91.71,91.71,91.71,91.71,
2021-01-04,92.3,92.3,92.3,92.3,
2021-01-05,92.77,92.77,92.77,92.77,
2021-01-06,90.33,90.33,90.33,90.33,
2021-01-07,95.16,95.16,95.16,95.16,
2021-01-08,94.58,94.58,94.58,94.58,
2021-01-11,97.25,97.25,97.25,97.25,
2021-01-12,95.36,95.36,95.36,95.36,
2021-01-13,91.78,91.78,91.78,91.78,
2021-01-14,90.79,90.79,90.79,90.79,
2021-01-15,88.21,88.21,88.21,88.21,
2021-01-19,89.45,89.45,89.45,89.45,
2021-01-20,88.75,88.75,88.75,88.75,
2021-01-21,91.53,91.53,91.53,91.53,
2021-01-22,92.79,92.79,92.79,92.79,
2021-01-25,94.13,94.13,94.13,94.13,
2021-01-26,94.71,94.71,94.71,94.71,
2021-01-27,88.84,88.84,88.84,88.84,
2021-01-28,87.52,87.52,87.52,87.52,
2021-01-29,85.64,85.64,85.64,85.64,
2021-02-01,87.66,87.66,87.66,87.66,
2021-02-02,88.86,88.86,88.86,88.86,
2021-02-03,87.89,87.89,87.89,87.89,
2021-02-04,87.84,87.84,87.84,87.84,
2021-02-05,87.9,87.9,87.9,87.9,
2021-02-08,91.47,91.47,91.47,91.47,
2021-02-09,90.91,90.91,90.91,90.91,
2021-02-10,92.35,92.35,92.35,92.35,
2021-02-11,92.66,92.66,92.66,92.66,
2021-02-12,93.77,93.77,93.77,93.77,
2021-02-16,91.46,91.46,91.46,91.46,
2021-02-17,89.94,89.94,89.94,89.94,
2021-02-18,88.64,88.64,88.64,88.64,
2021-02-19,89.58,89.58,89.58,89.58,
2021-02-22,85.37,85.37,85.37,85.37,
2021-02-23,84.74,84.74,84.74,84.74,
2021-02-24,86.94,86.94,86.94,86.94,
2021-02-25,82.42,82.42,82.42,82.42,
2021-02-26,84.51,84.51,84.51,84.51,
2021-03-01,86.39,86.39,86.39,86.39,
2021-03-02,84.13,84.13,84.13,84.13,
2021-03-03,80.86,80.86,80.86,80.86,
2021-03-04,77.75,77.75,77.75,77.75,
2021-03-05,78.52,78.52,78.52,78.52,
2021-03-08,73.96,73.96,73.96,73.96,
2021-03-09,78.53,78.53,78.53,78.53,
2021-03-10,77.52,77.52,77.52,77.52,
2021-03-11,81.23,81.23,81.23,81.23,
2021-03-12,81.05,81.05,81.05,81.05,
2021-03-15,82.5,82.5,82.5,82.5,
2021-03-16,82.75,82.75,82.75,82.75,
2021-03-17,82.63,82.63,82.63,82.63,
2021-03-18,78.12,78.12,78.12,78.12,
2021-03-19,79.06,79.06,79.06,79.06,
2021-03-22,80.3,80.3,80.3,80.3,
2021-03-23,78.38,78.38,78.38,78.38,
2021-03-24,76.48,76.48,76.48,76.48,
2021-03-25,76.22,76.22,76.22,76.22,
2021-03-26,77.41,77.41,77.41,77.41,
2021-03-29,77.14,77.14,77.14,77.14,
2021-03-30,76.0,76.0,76.0,76.0,
2021-03-31,78.5,78.5,78.5,78.5,
2021-04-01,81.09,81.09,81.09,81.09,
2021-04-05,81.43,81.43,81.43,81.43,
2021-04-06,81.44,81.44,81.44,81.44,
2021-04-07,82.2,82.2,82.2,82.2,
2021-04-08,83.35,83.35,83.35,83.35,
2021-04-09,82.76,82.76,82.76,82.76,
2021-04-12,78.58,78.58,78.58,78.58,
2021-04-13,80.19,80.19,80.19,80.19,
2021-04-14,78.55,78.55,78.55,78.55,
2021-04-15,83.01,83.01,83.01,83.01,
2021-04-16,82.15,82.15,82.15,82.15,
2021-04-19,81.11,81.11,81.11,81.11,
2021-04-20,79.27,79.27,79.27,79.27,
2021-04-21,81.61,81.61,81.61,81.61,
2021-04-22,79.06,79.06,79.06,79.06,
2021-04-23,82.76,82.76,82.76,82.76,
2021-04-26,85.41,85.41,85.41,85.41,
2021-04-27,85.21,85.21,85.21,85.21,
2021-04-28,84.02,84.02,84.02,84.02,
2021-04-29,83.91,83.91,83.91,83.91,
2021-04-30,81.62,81.62,81.62,81.62,
2021-05-03,78.55,78.55,78.55,78.55,
2021-05-04,78.61,78.61,78.61,78.61,
2021-05-05,77.83,77.83,77.83,77.83,
2021-05-06,77.89,77.89,77.89,77.89,
2021-05-07,78.81,78.81,78.81,78.81,
2021-05-10,75.99,75.99,75.99,75.99,
2021-05-11,76.83,76.83,76.83,76.83,
2021-05-12,74.64,74.64,74.64,74.64,
2021-05-13,73.09,73.09,73.09,73.09,
2021-05-14,74.59,74.59,74.59,74.59,
2021-05-17,74.65,74.65,74.65,74.65,
2021-05-18,74.44,74.44,74.44,74.44,
2021-05-19,76.23,76.23,76.23,76.23,
2021-05-20,78.06,78.06,78.06,78.06,
2021-05-21,77.17,77.17,77.17,77.17,
2021-05-24,77.44,77.44,77.44,77.44,
2021-05-25,77.86,77.86,77.86,77.86,
2021-05-26,78.34,78.34,78.34,78.34,
2021-05-27,78.42,78.42,78.42,78.42,
2021-05-28,80.08,80.08,80.08,80.08,
2021-06-01,80.81,80.81,80.81,80.81,
2021-06-02,81.97,81.97,81.97,81.97,
2021-06-03,80.28,80.28,80.28,80.28,
2021-06-04,81.58,81.58,81.58,81.58,
2021-06-07,81.35,81.35,81.35,81.35,
2021-06-08,80.89,80.89,80.89,80.89,
2021-06-09,79.96,79.96,79.96,79.96,
2021-06-10,81.56,81.56,81.56,81.56,
2021-06-11,81.31,81.31,81.31,81.31,
2021-06-14,81.55,81.55,81.55,81.55,
2021-06-15,80.47,80.47,80.47,80.47,
2021-06-16,80.11,80.11,80.11,80.11,
2021-06-17,84.56,84.56,84.56,84.56,
2021-06-18,84.65,84.65,84.65,84.65,
2021-06-21,82.59,82.59,82.59,82.59,
2021-06-22,83.58,83.58,83.58,83.58,
2021-06-23,83.82,83.82,83.82,83.82,
2021-06-24,86.1,86.1,86.1,86.1,
2021-06-25,85.62,85.62,85.62,85.62,
2021-06-28,87.08,87.08,87.08,87.08,
2021-06-29,89.52,89.52,89.52,89.52,
2021-06-30,93.93,93.93,93.93,93.93,
2021-07-01,93.31,93.31,93.31,93.31,
2021-07-02,94.7,94.7,94.7,94.7,
2021-07-06,94.47,94.47,94.47,94.47,
2021-07-07,90.54,90.54,90.54,90.54,
2021-07-08,89.74,89.74,89.74,89.74,
2021-07-09,90.9,90.9,90.9,90.9,
2021-07-12,90.81,90.81,90.81,90.81,
2021-07-13,90.26,90.26,90.26,90.26,
2021-07-14,89.05,89.05,89.05,89.05,
2021-07-15,86.93,86.93,86.93,86.93,
2021-07-16,85.89,85.89,85.89,85.89,
2021-07-19,86.58,86.58,86.58,86.58,
2021-07-20,87.11,87.11,87.11,87.11,
2021-07-21,89.41,89.41,89.41,89.41,
2021-07-22,91.21,91.21,91.21,91.21,
2021-07-23,92.15,92.15,92.15,92.15,
2021-07-26,91.82,91.82,91.82,91.82,
2021-07-27,91.03,91.03,91.03,91.03,
2021-07-28,97.93,97.93,97.93,97.93,
2021-07-29,102.95,102.95,102.95,102.95,
2021-07-30,106.19,106.19,106.19,106.19,
2021-08-02,108.63,108.63,108.63,108.63,
2021-08-03,112.56,112.56,112.56,112.56,
2021-08-04,118.77,118.77,118.77,118.77,
2021-08-05,112.35,112.35,112.35,112.35,
2021-08-06,110.11,110.11,110.11,110.11,
2021-08-09,107.58,107.58,107.58,107.58,
2021-08-10,106.48,106.48,106.48,106.48,
2021-08-11,107.68,107.68,107.68,107.68,
2021-08-12,106.5,106.5,106.5,106.5,
2021-08-13,110.55,110.55,110.55,110.55,
2021-08-16,107.48,107.48,107.48,107.48,
2021-08-17,107.56,107.56,107.56,107.56,
2021-08-18,103.44,103.44,103.44,103.44,
2021-08-19,103.7,103.7,103.7,103.7,
2021-08-20,104.65,104.65,104.65,104.65,
2021-08-23,108.77,108.77,108.77,108.77,
2021-08-24,107.65,107.65,107.65,107.65,
2021-08-25,108.3,108.3,108.3,108.3,
2021-08-26,107.27,107.27,107.27,107.27,
2021-08-27,111.4,111.4,111.4,111.4,
2021-08-30,111.32,111.32,111.32,111.32,
2021-08-31,110.72,110.72,110.72,110.72,
2021-09-01,109.99,109.99,109.99,109.99,
2021-09-02,109.2,109.2,109.2,109.2,
2021-09-03,109.92,109.92,109.92,109.92,
2021-09-07,109.15,109.15,109.15,109.15,
2021-09-08,106.17,106.17,106.17,106.17,
2021-09-09,106.15,106.15,106.15,106.15,
2021-09-10,105.2,105.2,105.2,105.2,
2021-09-13,104.8,104.8,104.8,104.8,
2021-09-14,105.73,105.73,105.73,105.73,
2021-09-15,105.6,105.6,105.6,105.6,
2021-09-16,106.22,106.22,106.22,106.22,
2021-09-17,103.88,103.88,103.88,103.88,
2021-09-20,101.55,101.55,101.55,101.55,
2021-09-21,102.82,102.82,102.82,102.82,
2021-09-22,104.38,104.38,104.38,104.38,
2021-09-23,106.15,106.15,106.15,106.15,
2021-09-24,105.8,105.8,105.8,105.8,
2021-09-27,108.16,108.16,108.16,108.16,
2021-09-28,101.52,101.52,101.52,101.52,
2021-09-29,100.35,100.35,100.35,100.35,
2021-09-30,102.9,102.9,102.9,102.9,
2021-10-01,102.45,102.45,102.45,102.45,
2021-10-04,100.34,100.34,100.34,100.34,
2021-10-05,101.81,101.81,101.81,101.81,
2021-10-06,103.64,103.64,103.64,103.64,
2021-10-07,106.45,106.45,106.45,106.45,
2021-10-08,105.06,105.06,105.06,105.06,
2021-10-11,104.68,104.68,104.68,104.68,
2021-10-12,105.04,105.04,105.04,105.04,
2021-10-13,109.16,109.16,109.16,109.16,
2021-10-14,111.99,111.99,111.99,111.99,
2021-10-15,112.12,112.12,112.12,112.12,
2021-10-18,116.43,116.43,116.43,116.43,
2021-10-19,116.33,116.33,116.33,116.33,
2021-10-20,116.39,116.39,116.39,116.39,
2021-10-21,119.33,119.33,119.33,119.33,
2021-10-22,119.82,119.82,119.82,119.82,
2021-10-25,122.36,122.36,122.36,122.36,
2021-10-26,122.93,122.93,122.93,122.93,
2021-10-27,122.28,122.28,122.28,122.28,
2021-10-28,121.16,121.16,121.16,121.16,
2021-10-29,120.23,120.23,120.23,120.23,
2021-11-01,125.23,125.23,125.23,125.23,
2021-11-02,127.63,127.63,127.63,127.63,
2021-11-03,130.53,130.53,130.53,130.53,
2021-11-04,137.5,137.5,137.5,137.5,
2021-11-05,136.34,136.34,136.34,136.34,
2021-11-08,150.16,150.16,150.16,150.16,
2021-11-09,148.92,148.92,148.92,148.92,
2021-11-10,139.87,139.87,139.87,139.87,
2021-11-11,146.01,146.01,146.01,146.01,
2021-11-12,147.89,147.89,147.89,147.89,
2021-11-15,146.49,146.49,146.49,146.49,
2021-11-16,152.45,152.45,152.45,152.45,
2021-11-17,151.34,151.34,151.34,151.34,
2021-11-18,155.02,155.02,155.02,155.02,
2021-11-19,155.41,155.41,155.41,155.41,
2021-11-22,152.52,152.52,152.52,152.52,
2021-11-23,149.92,149.92,149.92,149.92,
2021-11-24,157.8,157.8,157.8,157.8,
2021-11-26,154.81,154.81,154.81,154.81,
2021-11-29,161.91,161.91,161.91,161.91,
2021-11-30,158.37,158.37,158.37,158.37,
2021-12-01,149.11,149.11,149.11,149.11,
2021-12-02,150.68,150.68,150.68,150.68,
2021-12-03,144.01,144.01,144.01,144.01,
2021-12-06,139.06,139.06,139.06,139.06,
2021-12-07,144.85,144.85,144.85,144.85,
2021-12-08,145.24,145.24,145.24,145.24,
2021-12-09,138.1,138.1,138.1,138.1,
2021-12-10,138.55,138.55,138.55,138.55,
2021-12-13,133.8,133.8,133.8,133.8,
2021-12-14,135.6,135.6,135.6,135.6,
2021-12-15,146.5,146.5,146.5,146.5,
2021-12-16,138.64,138.64,138.64,138.64,
2021-12-17,137.75,137.75,137.75,137.75,
2021-12-20,135.8,135.8,135.8,135.8,
2021-12-21,144.25,144.25,144.25,144.25,
2021-12-22,143.88,143.88,143.88,143.88,
2021-12-23,146.14,146.14,146.14,146.14,
2021-12-27,154.36,154.36,154.36,154.36,
2021-12-28,153.15,153.15,153.15,153.15,
2021-12-29,148.26,148.26,148.26,148.26,
2021-12-30,145.15,145.15,145.15,145.15,
2021-12-31,143.9,143.9,143.9,143.9,
2022-01-03,150.24,150.24,150.24,150.24,
2022-01-04,144.42,144.42,144.42,144.42,
2022-01-05,136.15,136.15,136.15,136.15,
2022-01-06,136.23,136.23,136.23,136.23,
2022-01-07,132.0,132.0,132.0,132.0,
2022-01-10,132.0,132.0,132.0,132.0,
2022-01-11,137.31,137.31,137.31,137.31,
2022-01-12,137.47,137.47,137.47,137.47,
2022-01-13,132.74,132.74,132.74,132.74,
2022-01-14,136.88,136.88,136.88,136.88,
2022-01-18,131.93,131.93,131.93,131.93,
2022-01-19,128.27,128.27,128.27,128.27,
2022-01-20,121.89,121.89,121.89,121.89,
2022-01-21,118.81,118.81,118.81,118.81,
2022-01-24,116.53,116.53,116.53,116.53,
2022-01-25,111.13,111.13,111.13,111.13,
2022-01-26,110.71,110.71,110.71,110.71,
2022-01-27,102.6,102.6,102.6,102.6,
2022-01-28,105.24,105.24,105.24,105.24,
2022-01-31,114.25,114.25,114.25,114.25,
2022-02-01,116.78,116.78,116.78,116.78,
2022-02-02,122.76,122.76,122.76,122.76,
2022-02-03,120.08,120.08,120.08,120.08,
2022-02-04,123.6,123.6,123.6,123.6,
2022-02-07,123.67,123.67,123.67,123.67,
2022-02-08,128.23,128.23,128.23,128.23,
2022-02-09,132.85,132.85,132.85,132.85,
2022-02-10,125.77,125.77,125.77,125.77,
2022-02-11,113.18,113.18,113.18,113.18,
2022-02-14,114.27,114.27,114.27,114.27,
2022-02-15,121.47,121.47,121.47,121.47,
2022-02-16,117.69,117.69,117.69,117.69,
2022-02-17,112.37,112.37,112.37,112.37,
2022-02-18,113.83,113.83,113.83,113.83,
2022-02-22,115.65,115.65,115.65,115.65,
2022-02-23,109.76,109.76,109.76,109.76,
2022-02-24,116.61,116.61,116.61,116.61,
2022-02-25,121.06,121.06,121.06,121.06,
2022-02-28,123.34,123.34,123.34,123.34,
2022-03-01,113.83,113.83,113.83,113.83,
2022-03-02,118.28,118.28,118.28,118.28,
2022-03-03,111.98,111.98,111.98,111.98,
2022-03-04,108.41,108.41,108.41,108.41,
2022-03-07,102.95,102.95,102.95,102.95,
2022-03-08,105.53,105.53,105.53,105.53,
2022-03-09,111.05,111.05,111.05,111.05,
2022-03-10,106.46,106.46,106.46,106.46,
2022-03-11,104.29,104.29,104.29,104.29,
2022-03-14,102.25,102.25,102.25,102.25,
2022-03-15,109.33,109.33,109.33,109.33,
2022-03-16,115.37,115.37,115.37,115.37,
2022-03-17,111.69,111.69,111.69,111.69,
2022-03-18,113.46,113.46,113.46,113.46,
2022-03-21,115.92,115.92,115.92,115.92,
2022-03-22,114.78,114.78,114.78,114.78,
2022-03-23,113.92,113.92,113.92,113.92,
2022-03-24,120.53,120.53,120.53,120.53,
2022-03-25,119.67,119.67,119.67,119.67,
2022-03-28,120.24,120.24,120.24,120.24,
2022-03-29,123.23,123.23,123.23,123.23,
2022-03-30,119.22,119.22,119.22,119.22,
2022-03-31,109.34,109.34,109.34,109.34,
2022-04-01,108.19,108.19,108.19,108.19,
2022-04-04,110.53,110.53,110.53,110.53,
2022-04-05,106.82,106.82,106.82,106.82,
2022-04-06,103.67,103.67,103.67,103.67,
2022-04-07,103.72,103.72,103.72,103.72,
2022-04-08,101.0,101.0,101.0,101.0,
2022-04-11,97.37,97.37,97.37,97.37,
2022-04-12,95.1,95.1,95.1,95.1,
2022-04-13,97.74,97.74,97.74,97.74,
2022-04-14,93.06,93.06,93.06,93.06,
2022-04-18,93.89,93.89,93.89,93.89,
2022-04-19,96.93,96.93,96.93,96.93,
2022-04-20,94.02,94.02,94.02,94.02,
2022-04-21,89.85,89.85,89.85,89.85,
2022-04-22,88.14,88.14,88.14,88.14,
2022-04-25,90.69,90.69,90.69,90.69,
2022-04-26,85.16,85.16,85.16,85.16,
2022-04-27,84.91,84.91,84.91,84.91,
2022-04-28,89.64,89.64,89.64,89.64,
2022-04-29,85.52,85.52,85.52,85.52,
2022-05-02,89.84,89.84,89.84,89.84,
2022-05-03,91.13,91.13,91.13,91.13,
2022-05-04,99.42,99.42,99.42,99.42,
2022-05-05,93.87,93.87,93.87,93.87,
2022-05-06,95.34,95.34,95.34,95.34,
2022-05-09,86.36,86.36,86.36,86.36,
2022-05-10,88.73,88.73,88.73,88.73,
2022-05-11,87.92,87.92,87.92,87.92,
2022-05-12,87.06,87.06,87.06,87.06,
2022-05-13,95.12,95.12,95.12,95.12,
2022-05-16,94.24,94.24,94.24,94.24,
2022-05-17,102.47,102.47,102.47,102.47,
2022-05-18,96.28,96.28,96.28,96.28,
2022-05-19,96.67,96.67,96.67,96.67,
2022-05-20,93.5,93.5,93.5,93.5,
2022-05-23,95.07,95.07,95.07,95.07,
2022-05-24,91.16,91.16,91.16,91.16,
2022-05-25,92.65,92.65,92.65,92.65,
2022-05-26,98.75,98.75,98.75,98.75,
2022-05-27,102.26,102.26,102.26,102.26,
2022-05-31,101.86,101.86,101.86,101.86,
2022-06-01,101.22,101.22,101.22,101.22,
2022-06-02,108.59,108.59,108.59,108.59,
2022-06-03,106.3,106.3,106.3,106.3,
2022-06-06,105.65,105.65,105.65,105.65,
2022-06-07,105.28,105.28,105.28,105.28,
2022-06-08,101.9,101.9,101.9,101.9,
2022-06-09,98.8,98.8,98.8,98.8,
2022-06-10,94.82,94.82,94.82,94.82,
2022-06-13,86.99,86.99,86.99,86.99,
2022-06-14,86.99,86.99,86.99,86.99,
2022-06-15,89.3,89.3,89.3,89.3,
2022-06-16,82.05,82.05,82.05,82.05,
2022-06-17,81.57,81.57,81.57,81.57,
2022-06-21,83.79,83.79,83.79,83.79,
2022-06-22,83.75,83.75,83.75,83.75,
2022-06-23,82.43,82.43,82.43,82.43,
2022-06-24,87.08,87.08,87.08,87.08,
2022-06-27,86.16,86.16,86.16,86.16,
2022-06-28,80.78,80.78,80.78,80.78,
2022-06-29,77.99,77.99,77.99,77.99,
2022-06-30,76.47,76.47,76.47,76.47,
2022-07-01,73.67,73.67,73.67,73.67,
2022-07-05,75.2,75.2,75.2,75.2,
2022-07-06,75.35,75.35,75.35,75.35,
2022-07-07,79.3,79.3,79.3,79.3,
2022-07-08,79.35,79.35,79.35,79.35,
2022-07-11,76.95,76.95,76.95,76.95,
2022-07-12,76.36,76.36,76.36,76.36,
2022-07-13,77.52,77.52,77.52,77.52,
2022-07-14,78.6,78.6,78.6,78.6,
2022-07-15,81.11,81.11,81.11,81.11,
2022-07-18,81.43,81.43,81.43,81.43,
2022-07-19,85.88,85.88,85.88,85.88,
2022-07-20,89.43,89.43,89.43,89.43,
2022-07-21,91.09,91.09,91.09,91.09,
2022-07-22,88.1,88.1,88.1,88.1,
2022-07-25,87.54,87.54,87.54,87.54,
2022-07-26,85.25,85.25,85.25,85.25,
2022-07-27,89.82,89.82,89.82,89.82,
2022-07-28,91.67,91.67,91.67,91.67,
2022-07-29,94.47,94.47,94.47,94.47,
2022-08-01,96.78,96.78,96.78,96.78,
2022-08-02,99.29,99.29,99.29,99.29,
2022-08-03,98.09,98.09,98.09,98.09,
2022-08-04,103.91,103.91,103.91,103.91,
2022-08-05,102.31,102.31,102.31,102.31,
2022-08-08,100.07,100.07,100.07,100.07,
2022-08-09,95.54,95.54,95.54,95.54,
2022-08-10,99.05,99.05,99.05,99.05,
2022-08-11,98.12,98.12,98.12,98.12,
2022-08-12,100.83,100.83,100.83,100.83,
2022-08-15,101.01,101.01,101.01,101.01,
2022-08-16,100.2,100.2,100.2,100.2,
2022-08-17,98.27,98.27,98.27,98.27,
2022-08-18,100.44,100.44,100.44,100.44,
2022-08-19,95.95,95.95,95.95,95.95,
2022-08-22,92.84,92.84,92.84,92.84,
2022-08-23,92.49,92.49,92.49,92.49,
2022-08-24,92.73,92.73,92.73,92.73,
2022-08-25,97.18,97.18,97.18,97.18,
2022-08-26,91.18,91.18,91.18,91.18,
2022-08-29,88.49,88.49,88.49,88.49,
2022-08-30,86.94,86.94,86.94,86.94,
2022-08-31,84.87,84.87,84.87,84.87,
2022-09-01,82.33,82.33,82.33,82.33,
2022-09-02,80.24,80.24,80.24,80.24,
2022-09-06,78.72,78.72,78.72,78.72,
2022-09-07,79.61,79.61,79.61,79.61,
2022-09-08,82.78,82.78,82.78,82.78,
2022-09-09,85.45,85.45,85.45,85.45,
2022-09-12,84.64,84.64,84.64,84.64,
2022-09-13,77.03,77.03,77.03,77.03,
2022-09-14,77.45,77.45,77.45,77.45,
2022-09-15,76.66,76.66,76.66,76.66,
2022-09-16,76.51,76.51,76.51,76.51,
2022-09-19,76.77,76.77,76.77,76.77,
2022-09-20,75.25,75.25,75.25,75.25,
2022-09-21,74.48,74.48,74.48,74.48,
2022-09-22,69.5,69.5,69.5,69.5,
2022-09-23,67.96,67.96,67.96,67.96,
2022-09-26,66.3,66.3,66.3,66.3,
2022-09-27,67.17,67.17,67.17,67.17,
2022-09-28,68.36,68.36,68.36,68.36,
2022-09-29,64.14,64.14,64.14,64.14,
2022-09-30,63.36,63.36,63.36,63.36,
2022-10-03,66.11,66.11,66.11,66.11,
2022-10-04,67.9,67.9,67.9,67.9,
2022-10-05,67.94,67.94,67.94,67.94,
2022-10-06,67.85,67.85,67.85,67.85,
2022-10-07,58.44,58.44,58.44,58.44,
2022-10-10,57.81,57.81,57.81,57.81,
2022-10-11,57.63,57.63,57.63,57.63,
2022-10-12,57.85,57.85,57.85,57.85,
2022-10-13,58.94,58.94,58.94,58.94,
2022-10-14,55.94,55.94,55.94,55.94,
2022-10-17,57.96,57.96,57.96,57.96,
2022-10-18,57.92,57.92,57.92,57.92,
2022-10-19,57.23,57.23,57.23,57.23,
2022-10-20,57.77,57.77,57.77,57.77,
2022-10-21,58.82,58.82,58.82,58.82,
2022-10-24,58.7,58.7,58.7,58.7,
2022-10-25,61.47,61.47,61.47,61.47,
2022-10-26,59.73,59.73,59.73,59.73,
2022-10-27,58.6,58.6,58.6,58.6,
2022-10-28,62.01,62.01,62.01,62.01,
2022-10-31,60.06,60.06,60.06,60.06,
2022-11-01,59.66,59.66,59.66,59.66,
2022-11-02,58.63,58.63,58.63,58.63,
2022-11-03,60.11,60.11,60.11,60.11,
2022-11-04,62.19,62.19,62.19,62.19,
2022-11-07,63.08,63.08,63.08,63.08,
2022-11-08,63.85,63.85,63.85,63.85,
2022-11-09,59.92,59.92,59.92,59.92,
2022-11-10,68.47,68.47,68.47,68.47,
2022-11-11,72.37,72.37,72.37,72.37,
2022-11-14,73.53,73.53,73.53,73.53,
2022-11-15,76.37,76.37,76.37,76.37,
2022-11-16,72.7,72.7,72.7,72.7,
2022-11-17,73.9,73.9,73.9,73.9,
2022-11-18,73.57,73.57,73.57,73.57,
2022-11-21,72.46,72.46,72.46,72.46,
2022-11-22,75.25,75.25,75.25,75.25,
2022-11-23,76.4,76.4,76.4,76.4,
2022-11-25,75.14,75.14,75.14,75.14,
2022-11-28,73.19,73.19,73.19,73.19,
2022-11-29,73.39,73.39,73.39,73.39,
2022-11-30,77.63,77.63,77.63,77.63,
2022-12-01,77.48,77.48,77.48,77.48,
2022-12-02,74.98,74.98,74.98,74.98,
2022-12-05,73.62,73.62,73.62,73.62,
2022-12-06,70.27,70.27,70.27,70.27,
2022-12-07,70.14,70.14,70.14,70.14,
2022-12-08,70.47,70.47,70.47,70.47,
2022-12-09,68.59,68.59,68.59,68.59,
2022-12-12,70.67,70.67,70.67,70.67,
2022-12-13,71.65,71.65,71.65,71.65,
2022-12-14,68.93,68.93,68.93,68.93,
2022-12-15,66.53,66.53,66.53,66.53,
2022-12-16,65.41,65.41,65.41,65.41,
2022-12-19,64.59,64.59,64.59,64.59,
2022-12-20,65.05,65.05,65.05,65.05,
2022-12-21,67.68,67.68,67.68,67.68,
2022-12-22,63.86,63.86,63.86,63.86,
2022-12-23,64.52,64.52,64.52,64.52,
2022-12-27,63.27,63.27,63.27,63.27,
2022-12-28,62.57,62.57,62.57,62.57,
