Date,Open,High,Low,Close,Volume
1990-01-02,4.991,4.991,4.991,4.991,
1990-01-03,4.91,4.91,4.91,4.91,
1990-01-04,4.847,4.847,4.847,4.847,
1990-01-05,4.775,4.775,4.775,4.775,
1990-01-08,4.82,4.82,4.82,4.82,
1990-01-09,4.784,4.784,4.784,4.784,
1990-01-10,4.784,4.784,4.784,4.784,
1990-01-11,4.793,4.793,4.793,4.793,
1990-01-12,4.639,4.639,4.639,4.639,
1990-01-15,4.666,4.666,4.666,4.666,
1990-01-16,4.756,4.756,4.756,4.756,
1990-01-17,4.729,4.729,4.729,4.729,
1990-01-18,4.766,4.766,4.766,4.766,
1990-01-19,4.838,4.838,4.838,4.838,
1990-01-22,4.648,4.648,4.648,4.648,
1990-01-23,4.729,4.729,4.729,4.729,
1990-01-24,4.72,4.72,4.72,4.72,
1990-01-25,4.666,4.666,4.666,4.666,
1990-01-26,4.648,4.648,4.648,4.648,
1990-01-29,4.648,4.648,4.648,4.648,
1990-01-30,4.702,4.702,4.702,4.702,
1990-01-31,4.829,4.829,4.829,4.829,
1990-02-01,4.811,4.811,4.811,4.811,
1990-02-02,4.847,4.847,4.847,4.847,
1990-02-05,4.874,4.874,4.874,4.874,
1990-02-06,4.847,4.847,4.847,4.847,
1990-02-07,4.953,4.953,4.953,4.953,
1990-02-08,5.126,5.126,5.126,5.126,
1990-02-09,5.044,5.044,5.044,5.044,
1990-02-12,4.943,4.943,4.943,4.943,
1990-02-13,4.989,4.989,4.989,4.989,
1990-02-14,5.08,5.08,5.08,5.08,
1990-02-15,5.071,5.071,5.071,5.071,
1990-02-16,5.098,5.098,5.098,5.098,
1990-02-20,5.053,5.053,5.053,5.053,
1990-02-21,4.998,4.998,4.998,4.998,
1990-02-22,4.962,4.962,4.962,4.962,
1990-02-23,4.88,4.88,4.88,4.88,
1990-02-26,4.989,4.989,4.989,4.989,
1990-02-27,4.925,4.925,4.925,4.925,
1990-02-28,4.898,4.898,4.898,4.898,
1990-03-01,4.953,4.953,4.953,4.953,
1990-03-02,4.98,4.98,4.98,4.98,
1990-03-05,4.934,4.934,4.934,4.934,
1990-03-06,4.998,4.998,4.998,4.998,
1990-03-07,5.016,5.016,5.016,5.016,
1990-03-08,5.025,5.025,5.025,5.025,
1990-03-09,4.989,4.989,4.989,4.989,
1990-03-12,5.007,5.007,5.007,5.007,
1990-03-13,4.962,4.962,4.962,4.962,
1990-03-14,5.035,5.035,5.035,5.035,
1990-03-15,4.998,4.998,4.998,4.998,
1990-03-16,5.117,5.117,5.117,5.117,
1990-03-19,5.053,5.053,5.053,5.053,
1990-03-20,4.962,4.962,4.962,4.962,
1990-03-21,4.925,4.925,4.925,4.925,
1990-03-22,4.916,4.916,4.916,4.916,
1990-03-23,4.907,4.907,4.907,4.907,
1990-03-26,4.852,4.852,4.852,4.852,
1990-03-27,4.87,4.87,4.87,4.87,
1990-03-28,4.916,4.916,4.916,4.916,
1990-03-29,4.934,4.934,4.934,4.934,
1990-03-30,4.925,4.925,4.925,4.925,
1990-04-02,4.889,4.889,4.889,4.889,
1990-04-03,4.953,4.953,4.953,4.953,
1990-04-04,4.943,4.943,4.943,4.943,
1990-04-05,4.971,4.971,4.971,4.971,
1990-04-06,4.953,4.953,4.953,4.953,
1990-04-09,4.953,4.953,4.953,4.953,
1990-04-10,4.934,4.934,4.934,4.934,
1990-04-11,4.807,4.807,4.807,4.807,
1990-04-12,4.87,4.87,4.87,4.87,
1990-04-16,4.898,4.898,4.898,4.898,
1990-04-17,4.87,4.87,4.87,4.87,
1990-04-18,4.779,4.779,4.779,4.779,
1990-04-19,4.779,4.779,4.779,4.779,
1990-04-20,4.734,4.734,4.734,4.734,
1990-04-23,4.661,4.661,4.661,4.661,
1990-04-24,4.725,4.725,4.725,4.725,
1990-04-25,4.77,4.77,4.77,4.77,
1990-04-26,4.77,4.77,4.77,4.77,
1990-04-27,4.752,4.752,4.752,4.752,
1990-04-30,4.807,4.807,4.807,4.807,
1990-05-01,4.831,4.831,4.831,4.831,
1990-05-02,4.877,4.877,4.877,4.877,
1990-05-03,4.923,4.923,4.923,4.923,
1990-05-04,4.95,4.95,4.95,4.95,
1990-05-07,4.969,4.969,4.969,4.969,
1990-05-08,5.015,5.015,5.015,5.015,
1990-05-09,5.006,5.006,5.006,5.006,
1990-05-10,4.978,4.978,4.978,4.978,
1990-05-11,5.052,5.052,5.052,5.052,
1990-05-14,5.181,5.181,5.181,5.181,
1990-05-15,5.181,5.181,5.181,5.181,
1990-05-16,5.19,5.19,5.19,5.19,
1990-05-17,5.181,5.181,5.181,5.181,
1990-05-18,5.162,5.162,5.162,5.162,
1990-05-21,5.162,5.162,5.162,5.162,
1990-05-22,5.162,5.162,5.162,5.162,
1990-05-23,5.116,5.116,5.116,5.116,
1990-05-24,5.033,5.033,5.033,5.033,
1990-05-25,4.997,4.997,4.997,4.997,
1990-05-29,5.116,5.116,5.116,5.116,
1990-05-30,5.153,5.153,5.153,5.153,
1990-05-31,5.162,5.162,5.162,5.162,
1990-06-01,5.126,5.126,5.126,5.126,
1990-06-04,5.19,5.19,5.19,5.19,
1990-06-05,5.19,5.19,5.19,5.19,
1990-06-06,5.126,5.126,5.126,5.126,
1990-06-07,5.144,5.144,5.144,5.144,
1990-06-08,5.126,5.126,5.126,5.126,
1990-06-11,5.209,5.209,5.209,5.209,
1990-06-12,5.245,5.245,5.245,5.245,
1990-06-13,5.227,5.227,5.227,5.227,
1990-06-14,5.199,5.199,5.199,5.199,
1990-06-15,5.31,5.31,5.31,5.31,
1990-06-18,5.236,5.236,5.236,5.236,
1990-06-19,5.282,5.282,5.282,5.282,
1990-06-20,5.227,5.227,5.227,5.227,
1990-06-21,5.19,5.19,5.19,5.19,
1990-06-22,5.144,5.144,5.144,5.144,
1990-06-25,5.079,5.079,5.079,5.079,
1990-06-26,4.997,4.997,4.997,4.997,
1990-06-27,5.144,5.144,5.144,5.144,
1990-06-28,5.153,5.153,5.153,5.153,
1990-06-29,5.19,5.19,5.19,5.19,
1990-07-02,5.199,5.199,5.199,5.199,
1990-07-03,5.19,5.19,5.19,5.19,
1990-07-05,5.144,5.144,5.144,5.144,
1990-07-06,5.144,5.144,5.144,5.144,
1990-07-09,5.135,5.135,5.135,5.135,
1990-07-10,5.116,5.116,5.116,5.116,
1990-07-11,5.236,5.236,5.236,5.236,
1990-07-12,5.448,5.448,5.448,5.448,
1990-07-13,5.457,5.457,5.457,5.457,
1990-07-16,5.522,5.522,5.522,5.522,
1990-07-17,5.596,5.596,5.596,5.596,
1990-07-18,5.55,5.55,5.55,5.55,
1990-07-19,5.66,5.66,5.66,5.66,
1990-07-20,5.716,5.716,5.716,5.716,
1990-07-23,5.669,5.669,5.669,5.669,
1990-07-24,5.808,5.808,5.808,5.808,
1990-07-25,5.734,5.734,5.734,5.734,
1990-07-26,5.679,5.679,5.679,5.679,
1990-07-27,5.697,5.697,5.697,5.697,
1990-07-30,5.826,5.826,5.826,5.826,
1990-07-31,5.912,5.912,5.912,5.912,
1990-08-01,5.865,5.865,5.865,5.865,
1990-08-02,5.986,5.986,5.986,5.986,
1990-08-03,5.865,5.865,5.865,5.865,
1990-08-06,5.912,5.912,5.912,5.912,
1990-08-07,5.856,5.856,5.856,5.856,
1990-08-08,5.726,5.726,5.726,5.726,
1990-08-09,5.726,5.726,5.726,5.726,
1990-08-10,5.809,5.809,5.809,5.809,
1990-08-13,5.819,5.819,5.819,5.819,
1990-08-14,5.8,5.8,5.8,5.8,
1990-08-15,5.781,5.781,5.781,5.781,
1990-08-16,5.772,5.772,5.772,5.772,
1990-08-17,5.856,5.856,5.856,5.856,
1990-08-20,5.958,5.958,5.958,5.958,
1990-08-21,5.828,5.828,5.828,5.828,
1990-08-22,5.856,5.856,5.856,5.856,
1990-08-23,5.633,5.633,5.633,5.633,
1990-08-24,5.53,5.53,5.53,5.53,
1990-08-27,5.549,5.549,5.549,5.549,
1990-08-28,5.633,5.633,5.633,5.633,
1990-08-29,5.716,5.716,5.716,5.716,
1990-08-30,5.605,5.605,5.605,5.605,
1990-08-31,5.651,5.651,5.651,5.651,
1990-09-04,5.651,5.651,5.651,5.651,
1990-09-05,5.781,5.781,5.781,5.781,
1990-09-06,5.791,5.791,5.791,5.791,
1990-09-07,5.809,5.809,5.809,5.809,
1990-09-10,5.716,5.716,5.716,5.716,
1990-09-11,5.67,5.67,5.67,5.67,
1990-09-12,5.744,5.744,5.744,5.744,
1990-09-13,5.66,5.66,5.66,5.66,
1990-09-14,5.651,5.651,5.651,5.651,
1990-09-17,5.781,5.781,5.781,5.781,
1990-09-18,5.781,5.781,5.781,5.781,
1990-09-19,5.726,5.726,5.726,5.726,
1990-09-20,5.726,5.726,5.726,5.726,
1990-09-21,5.8,5.8,5.8,5.8,
1990-09-24,5.781,5.781,5.781,5.781,
1990-09-25,5.744,5.744,5.744,5.744,
1990-09-26,5.66,5.66,5.66,5.66,
1990-09-27,5.539,5.539,5.539,5.539,
1990-09-28,5.512,5.512,5.512,5.512,
1990-10-01,5.484,5.484,5.484,5.484,
1990-10-02,5.456,5.456,5.456,5.456,
1990-10-03,5.465,5.465,5.465,5.465,
1990-10-04,5.512,5.512,5.512,5.512,
1990-10-05,5.512,5.512,5.512,5.512,
1990-10-08,5.484,5.484,5.484,5.484,
1990-10-09,5.381,5.381,5.381,5.381,
1990-10-10,5.269,5.269,5.269,5.269,
1990-10-11,5.214,5.214,5.214,5.214,
1990-10-12,5.158,5.158,5.158,5.158,
1990-10-15,5.176,5.176,5.176,5.176,
1990-10-16,5.111,5.111,5.111,5.111,
1990-10-17,5.176,5.176,5.176,5.176,
1990-10-18,5.148,5.148,5.148,5.148,
1990-10-19,5.269,5.269,5.269,5.269,
1990-10-22,5.232,5.232,5.232,5.232,
1990-10-23,5.195,5.195,5.195,5.195,
1990-10-24,5.167,5.167,5.167,5.167,
1990-10-25,5.12,5.12,5.12,5.12,
1990-10-26,4.99,4.99,4.99,4.99,
1990-10-29,4.999,4.999,4.999,4.999,
1990-10-30,5.093,5.093,5.093,5.093,
1990-10-31,5.074,5.074,5.074,5.074,
1990-11-01,5.158,5.158,5.158,5.158,
1990-11-02,5.195,5.195,5.195,5.195,
1990-11-05,5.232,5.232,5.232,5.232,
1990-11-06,5.187,5.187,5.187,5.187,
1990-11-07,5.074,5.074,5.074,5.074,
1990-11-08,5.083,5.083,5.083,5.083,
1990-11-09,5.225,5.225,5.225,5.225,
1990-11-12,5.244,5.244,5.244,5.244,
1990-11-13,5.215,5.215,5.215,5.215,
1990-11-14,5.178,5.178,5.178,5.178,
1990-11-15,5.121,5.121,5.121,5.121,
1990-11-16,5.187,5.187,5.187,5.187,
1990-11-19,5.187,5.187,5.187,5.187,
1990-11-20,5.168,5.168,5.168,5.168,
1990-11-21,5.178,5.178,5.178,5.178,
1990-11-23,5.159,5.159,5.159,5.159,
1990-11-26,5.225,5.225,5.225,5.225,
1990-11-27,5.215,5.215,5.215,5.215,
1990-11-28,5.234,5.234,5.234,5.234,
1990-11-29,5.206,5.206,5.206,5.206,
1990-11-30,5.262,5.262,5.262,5.262,
1990-12-03,5.253,5.253,5.253,5.253,
1990-12-04,5.309,5.309,5.309,5.309,
1990-12-05,5.347,5.347,5.347,5.347,
1990-12-06,5.253,5.253,5.253,5.253,
1990-12-07,5.215,5.215,5.215,5.215,
1990-12-10,5.206,5.206,5.206,5.206,
1990-12-11,5.215,5.215,5.215,5.215,
1990-12-12,5.234,5.234,5.234,5.234,
1990-12-13,5.196,5.196,5.196,5.196,
1990-12-14,5.225,5.225,5.225,5.225,
1990-12-17,5.234,5.234,5.234,5.234,
1990-12-18,5.234,5.234,5.234,5.234,
1990-12-19,5.347,5.347,5.347,5.347,
1990-12-20,5.422,5.422,5.422,5.422,
1990-12-21,5.385,5.385,5.385,5.385,
1990-12-24,5.366,5.366,5.366,5.366,
1990-12-26,5.517,5.517,5.517,5.517,
1990-12-27,5.469,5.469,5.469,5.469,
1990-12-28,5.479,5.479,5.479,5.479,
1990-12-31,5.469,5.469,5.469,5.469,
1991-01-02,5.451,5.451,5.451,5.451,
1991-01-03,5.347,5.347,5.347,5.347,
1991-01-04,5.347,5.347,5.347,5.347,
1991-01-07,5.375,5.375,5.375,5.375,
1991-01-08,5.385,5.385,5.385,5.385,
1991-01-09,5.347,5.347,5.347,5.347,
1991-01-10,5.366,5.366,5.366,5.366,
1991-01-11,5.3,5.3,5.3,5.3,
1991-01-14,5.375,5.375,5.375,5.375,
1991-01-15,5.441,5.441,5.441,5.441,
1991-01-16,5.498,5.498,5.498,5.498,
1991-01-17,5.46,5.46,5.46,5.46,
1991-01-18,5.441,5.441,5.441,5.441,
1991-01-21,5.46,5.46,5.46,5.46,
1991-01-22,5.422,5.422,5.422,5.422,
1991-01-23,5.573,5.573,5.573,5.573,
1991-01-24,5.564,5.564,5.564,5.564,
1991-01-25,5.535,5.535,5.535,5.535,
1991-01-28,5.526,5.526,5.526,5.526,
1991-01-29,5.432,5.432,5.432,5.432,
1991-01-30,5.309,5.309,5.309,5.309,
1991-01-31,5.375,5.375,5.375,5.375,
1991-02-01,5.328,5.328,5.328,5.328,
1991-02-04,5.262,5.262,5.262,5.262,
1991-02-05,5.274,5.274,5.274,5.274,
1991-02-06,5.531,5.531,5.531,5.531,
1991-02-07,5.626,5.626,5.626,5.626,
1991-02-08,5.635,5.635,5.635,5.635,
1991-02-11,5.702,5.702,5.702,5.702,
1991-02-12,5.569,5.569,5.569,5.569,
1991-02-13,5.578,5.578,5.578,5.578,
1991-02-14,5.483,5.483,5.483,5.483,
1991-02-15,5.521,5.521,5.521,5.521,
1991-02-19,5.512,5.512,5.512,5.512,
1991-02-20,5.512,5.512,5.512,5.512,
1991-02-21,5.502,5.502,5.502,5.502,
1991-02-22,5.483,5.483,5.483,5.483,
1991-02-25,5.426,5.426,5.426,5.426,
1991-02-26,5.502,5.502,5.502,5.502,
1991-02-27,5.674,5.674,5.674,5.674,
1991-02-28,5.731,5.731,5.731,5.731,
1991-03-01,5.788,5.788,5.788,5.788,
1991-03-04,5.74,5.74,5.74,5.74,
1991-03-05,5.75,5.75,5.75,5.75,
1991-03-06,5.731,5.731,5.731,5.731,
1991-03-07,5.75,5.75,5.75,5.75,
1991-03-08,5.731,5.731,5.731,5.731,
1991-03-11,5.655,5.655,5.655,5.655,
1991-03-12,5.769,5.769,5.769,5.769,
1991-03-13,5.845,5.845,5.845,5.845,
1991-03-14,5.74,5.74,5.74,5.74,
1991-03-15,5.826,5.826,5.826,5.826,
1991-03-18,5.75,5.75,5.75,5.75,
1991-03-19,5.893,5.893,5.893,5.893,
1991-03-20,5.94,5.94,5.94,5.94,
1991-03-21,5.94,5.94,5.94,5.94,
1991-03-22,5.94,5.94,5.94,5.94,
1991-03-25,5.988,5.988,5.988,5.988,
1991-03-26,6.073,6.073,6.073,6.073,
1991-03-27,5.969,5.969,5.969,5.969,
1991-03-28,5.864,5.864,5.864,5.864,
1991-04-01,5.788,5.788,5.788,5.788,
1991-04-02,5.873,5.873,5.873,5.873,
1991-04-03,5.826,5.826,5.826,5.826,
1991-04-04,5.807,5.807,5.807,5.807,
1991-04-05,5.721,5.721,5.721,5.721,
1991-04-08,5.788,5.788,5.788,5.788,
1991-04-09,5.74,5.74,5.74,5.74,
1991-04-10,5.702,5.702,5.702,5.702,
1991-04-11,5.807,5.807,5.807,5.807,
1991-04-12,5.921,5.921,5.921,5.921,
1991-04-15,5.988,5.988,5.988,5.988,
1991-04-16,6.026,6.026,6.026,6.026,
1991-04-17,6.045,6.045,6.045,6.045,
1991-04-18,6.035,6.035,6.035,6.035,
1991-04-19,5.959,5.959,5.959,5.959,
1991-04-22,5.893,5.893,5.893,5.893,
1991-04-23,5.959,5.959,5.959,5.959,
1991-04-24,6.016,6.016,6.016,6.016,
1991-04-25,5.931,5.931,5.931,5.931,
1991-04-26,5.873,5.873,5.873,5.873,
1991-04-29,5.845,5.845,5.845,5.845,
1991-04-30,5.957,5.957,5.957,5.957,
1991-05-01,6.014,6.014,6.014,6.014,
1991-05-02,5.995,5.995,5.995,5.995,
1991-05-03,5.957,5.957,5.957,5.957,
1991-05-06,6.043,6.043,6.043,6.043,
1991-05-07,6.005,6.005,6.005,6.005,
1991-05-08,5.976,5.976,5.976,5.976,
1991-05-09,5.995,5.995,5.995,5.995,
1991-05-10,5.783,5.783,5.783,5.783,
1991-05-13,5.793,5.793,5.793,5.793,
1991-05-14,5.658,5.658,5.658,5.658,
1991-05-15,5.658,5.658,5.658,5.658,
1991-05-16,5.677,5.677,5.677,5.677,
1991-05-17,5.697,5.697,5.697,5.697,
1991-05-20,5.716,5.716,5.716,5.716,
1991-05-21,5.735,5.735,5.735,5.735,
1991-05-22,5.658,5.658,5.658,5.658,
1991-05-23,5.649,5.649,5.649,5.649,
1991-05-24,5.677,5.677,5.677,5.677,
1991-05-28,5.639,5.639,5.639,5.639,
1991-05-29,5.649,5.649,5.649,5.649,
1991-05-30,5.649,5.649,5.649,5.649,
1991-05-31,5.687,5.687,5.687,5.687,
1991-06-03,5.726,5.726,5.726,5.726,
1991-06-04,5.687,5.687,5.687,5.687,
1991-06-05,5.639,5.639,5.639,5.639,
1991-06-06,5.726,5.726,5.726,5.726,
1991-06-07,5.668,5.668,5.668,5.668,
1991-06-10,5.649,5.649,5.649,5.649,
1991-06-11,5.581,5.581,5.581,5.581,
1991-06-12,5.466,5.466,5.466,5.466,
1991-06-13,5.447,5.447,5.447,5.447,
1991-06-14,5.427,5.427,5.427,5.427,
1991-06-17,5.37,5.37,5.37,5.37,
1991-06-18,5.35,5.35,5.35,5.35,
1991-06-19,5.331,5.331,5.331,5.331,
1991-06-20,5.36,5.36,5.36,5.36,
1991-06-21,5.418,5.418,5.418,5.418,
1991-06-24,5.418,5.418,5.418,5.418,
1991-06-25,5.427,5.427,5.427,5.427,
1991-06-26,5.398,5.398,5.398,5.398,
1991-06-27,5.456,5.456,5.456,5.456,
1991-06-28,5.418,5.418,5.418,5.418,
1991-07-01,5.514,5.514,5.514,5.514,
1991-07-02,5.475,5.475,5.475,5.475,
1991-07-03,5.35,5.35,5.35,5.35,
1991-07-05,5.302,5.302,5.302,5.302,
1991-07-08,5.456,5.456,5.456,5.456,
1991-07-09,5.35,5.35,5.35,5.35,
1991-07-10,5.312,5.312,5.312,5.312,
1991-07-11,5.331,5.331,5.331,5.331,
1991-07-12,5.398,5.398,5.398,5.398,
1991-07-15,5.456,5.456,5.456,5.456,
1991-07-16,5.524,5.524,5.524,5.524,
1991-07-17,5.697,5.697,5.697,5.697,
1991-07-18,5.745,5.745,5.745,5.745,
1991-07-19,5.697,5.697,5.697,5.697,
1991-07-22,5.62,5.62,5.62,5.62,
1991-07-23,5.552,5.552,5.552,5.552,
1991-07-24,5.552,5.552,5.552,5.552,
1991-07-25,5.504,5.504,5.504,5.504,
1991-07-26,5.418,5.418,5.418,5.418,
1991-07-29,5.495,5.495,5.495,5.495,
1991-07-30,5.581,5.581,5.581,5.581,
1991-07-31,5.552,5.552,5.552,5.552,
1991-08-01,5.552,5.552,5.552,5.552,
1991-08-02,5.514,5.514,5.514,5.514,
1991-08-05,5.504,5.504,5.504,5.504,
1991-08-06,5.578,5.578,5.578,5.578,
1991-08-07,5.607,5.607,5.607,5.607,
1991-08-08,5.52,5.52,5.52,5.52,
1991-08-09,5.452,5.452,5.452,5.452,
1991-08-12,5.461,5.461,5.461,5.461,
1991-08-13,5.442,5.442,5.442,5.442,
1991-08-14,5.413,5.413,5.413,5.413,
1991-08-15,5.335,5.335,5.335,5.335,
1991-08-16,5.393,5.393,5.393,5.393,
1991-08-19,5.403,5.403,5.403,5.403,
1991-08-20,5.452,5.452,5.452,5.452,
1991-08-21,5.52,5.52,5.52,5.52,
1991-08-22,5.578,5.578,5.578,5.578,
1991-08-23,5.598,5.598,5.598,5.598,
1991-08-26,5.549,5.549,5.549,5.549,
1991-08-27,5.53,5.53,5.53,5.53,
1991-08-28,5.549,5.549,5.549,5.549,
1991-08-29,5.578,5.578,5.578,5.578,
1991-08-30,5.588,5.588,5.588,5.588,
1991-09-03,5.559,5.559,5.559,5.559,
1991-09-04,5.569,5.569,5.569,5.569,
1991-09-05,5.617,5.617,5.617,5.617,
1991-09-06,5.617,5.617,5.617,5.617,
1991-09-09,5.588,5.588,5.588,5.588,
1991-09-10,5.539,5.539,5.539,5.539,
1991-09-11,5.578,5.578,5.578,5.578,
1991-09-12,5.569,5.569,5.569,5.569,
1991-09-13,5.549,5.549,5.549,5.549,
1991-09-16,5.607,5.607,5.607,5.607,
1991-09-17,5.578,5.578,5.578,5.578,
1991-09-18,5.569,5.569,5.569,5.569,
1991-09-19,5.598,5.598,5.598,5.598,
1991-09-20,5.598,5.598,5.598,5.598,
1991-09-23,5.666,5.666,5.666,5.666,
1991-09-24,5.715,5.715,5.715,5.715,
1991-09-25,5.676,5.676,5.676,5.676,
1991-09-26,5.724,5.724,5.724,5.724,
1991-09-27,5.685,5.685,5.685,5.685,
1991-09-30,5.724,5.724,5.724,5.724,
1991-10-01,5.763,5.763,5.763,5.763,
1991-10-02,5.763,5.763,5.763,5.763,
1991-10-03,5.802,5.802,5.802,5.802,
1991-10-04,5.812,5.812,5.812,5.812,
1991-10-07,5.812,5.812,5.812,5.812,
1991-10-08,5.822,5.822,5.822,5.822,
1991-10-09,5.822,5.822,5.822,5.822,
1991-10-10,5.822,5.822,5.822,5.822,
1991-10-11,5.861,5.861,5.861,5.861,
1991-10-14,6.016,6.016,6.016,6.016,
1991-10-15,6.026,6.026,6.026,6.026,
1991-10-16,5.968,5.968,5.968,5.968,
1991-10-17,5.968,5.968,5.968,5.968,
1991-10-18,5.948,5.948,5.948,5.948,
1991-10-21,5.958,5.958,5.958,5.958,
1991-10-22,5.929,5.929,5.929,5.929,
1991-10-23,5.851,5.851,5.851,5.851,
1991-10-24,5.802,5.802,5.802,5.802,
1991-10-25,5.724,5.724,5.724,5.724,
1991-10-28,5.831,5.831,5.831,5.831,
1991-10-29,5.851,5.851,5.851,5.851,
1991-10-30,5.841,5.841,5.841,5.841,
1991-10-31,5.822,5.822,5.822,5.822,
1991-11-01,5.753,5.753,5.753,5.753,
1991-11-04,5.861,5.861,5.861,5.861,
1991-11-05,5.778,5.778,5.778,5.778,
1991-11-06,5.807,5.807,5.807,5.807,
1991-11-07,5.768,5.768,5.768,5.768,
1991-11-08,5.709,5.709,5.709,5.709,
1991-11-11,5.679,5.679,5.679,5.679,
1991-11-12,5.679,5.679,5.679,5.679,
1991-11-13,5.66,5.66,5.66,5.66,
1991-11-14,5.611,5.611,5.611,5.611,
1991-11-15,5.433,5.433,5.433,5.433,
1991-11-18,5.492,5.492,5.492,5.492,
1991-11-19,5.492,5.492,5.492,5.492,
1991-11-20,5.424,5.424,5.424,5.424,
1991-11-21,5.473,5.473,5.473,5.473,
1991-11-22,5.315,5.315,5.315,5.315,
1991-11-25,5.335,5.335,5.335,5.335,
1991-11-26,5.335,5.335,5.335,5.335,
1991-11-27,5.286,5.286,5.286,5.286,
1991-11-29,5.256,5.256,5.256,5.256,
1991-12-02,5.345,5.345,5.345,5.345,
1991-12-03,5.355,5.355,5.355,5.355,
1991-12-04,5.335,5.335,5.335,5.335,
1991-12-05,5.256,5.256,5.256,5.256,
1991-12-06,5.197,5.197,5.197,5.197,
1991-12-09,5.099,5.099,5.099,5.099,
1991-12-10,5.04,5.04,5.04,5.04,
1991-12-11,5.099,5.099,5.099,5.099,
1991-12-12,5.256,5.256,5.256,5.256,
1991-12-13,5.276,5.276,5.276,5.276,
1991-12-16,5.227,5.227,5.227,5.227,
1991-12-17,5.237,5.237,5.237,5.237,
1991-12-18,5.256,5.256,5.256,5.256,
1991-12-19,5.276,5.276,5.276,5.276,
1991-12-20,5.296,5.296,5.296,5.296,
1991-12-23,5.325,5.325,5.325,5.325,
1991-12-24,5.335,5.335,5.335,5.335,
1991-12-26,5.345,5.345,5.345,5.345,
1991-12-27,5.374,5.374,5.374,5.374,
1991-12-30,5.394,5.394,5.394,5.394,
1991-12-31,5.433,5.433,5.433,5.433,
1992-01-02,5.424,5.424,5.424,5.424,
1992-01-03,5.473,5.473,5.473,5.473,
1992-01-06,5.394,5.394,5.394,5.394,
1992-01-07,5.286,5.286,5.286,5.286,
1992-01-08,5.256,5.256,5.256,5.256,
1992-01-09,5.177,5.177,5.177,5.177,
1992-01-10,5.217,5.217,5.217,5.217,
1992-01-13,5.374,5.374,5.374,5.374,
1992-01-14,5.424,5.424,5.424,5.424,
1992-01-15,5.384,5.384,5.384,5.384,
1992-01-16,5.355,5.355,5.355,5.355,
1992-01-17,5.335,5.335,5.335,5.335,
1992-01-20,5.355,5.355,5.355,5.355,
1992-01-21,5.522,5.522,5.522,5.522,
1992-01-22,5.394,5.394,5.394,5.394,
1992-01-23,5.256,5.256,5.256,5.256,
1992-01-24,5.217,5.217,5.217,5.217,
1992-01-27,5.158,5.158,5.158,5.158,
1992-01-28,5.158,5.158,5.158,5.158,
1992-01-29,5.059,5.059,5.059,5.059,
1992-01-30,4.981,4.981,4.981,4.981,
1992-01-31,5.01,5.01,5.01,5.01,
1992-02-03,5.04,5.04,5.04,5.04,
1992-02-04,5.006,5.006,5.006,5.006,
1992-02-05,4.996,4.996,4.996,4.996,
1992-02-06,5.046,5.046,5.046,5.046,
1992-02-07,5.155,5.155,5.155,5.155,
1992-02-10,5.245,5.245,5.245,5.245,
1992-02-11,5.215,5.215,5.215,5.215,
1992-02-12,5.225,5.225,5.225,5.225,
1992-02-13,5.056,5.056,5.056,5.056,
1992-02-14,5.086,5.086,5.086,5.086,
1992-02-18,4.916,4.916,4.916,4.916,
1992-02-19,4.946,4.946,4.946,4.946,
1992-02-20,4.986,4.986,4.986,4.986,
1992-02-21,4.846,4.846,4.846,4.846,
1992-02-24,4.846,4.846,4.846,4.846,
1992-02-25,4.836,4.836,4.836,4.836,
1992-02-26,4.866,4.866,4.866,4.866,
1992-02-27,4.946,4.946,4.946,4.946,
1992-02-28,4.916,4.916,4.916,4.916,
1992-03-02,4.866,4.866,4.866,4.866,
1992-03-03,4.976,4.976,4.976,4.976,
1992-03-04,4.906,4.906,4.906,4.906,
1992-03-05,4.906,4.906,4.906,4.906,
1992-03-06,4.916,4.916,4.916,4.916,
1992-03-09,4.956,4.956,4.956,4.956,
1992-03-10,4.976,4.976,4.976,4.976,
1992-03-11,4.966,4.966,4.966,4.966,
1992-03-12,5.006,5.006,5.006,5.006,
1992-03-13,5.086,5.086,5.086,5.086,
1992-03-16,5.066,5.066,5.066,5.066,
1992-03-17,5.046,5.046,5.046,5.046,
1992-03-18,5.006,5.006,5.006,5.006,
1992-03-19,5.056,5.056,5.056,5.056,
1992-03-20,5.076,5.076,5.076,5.076,
1992-03-23,5.105,5.105,5.105,5.105,
1992-03-24,5.096,5.096,5.096,5.096,
1992-03-25,5.066,5.066,5.066,5.066,
1992-03-26,5.086,5.086,5.086,5.086,
1992-03-27,5.115,5.115,5.115,5.115,
1992-03-30,5.076,5.076,5.076,5.076,
1992-03-31,5.096,5.096,5.096,5.096,
1992-04-01,5.096,5.096,5.096,5.096,
1992-04-02,5.056,5.056,5.056,5.056,
1992-04-03,5.305,5.305,5.305,5.305,
1992-04-06,5.365,5.365,5.365,5.365,
1992-04-07,5.205,5.205,5.205,5.205,
1992-04-08,5.175,5.175,5.175,5.175,
1992-04-09,5.155,5.155,5.155,5.155,
1992-04-10,5.215,5.215,5.215,5.215,
1992-04-13,5.175,5.175,5.175,5.175,
1992-04-14,5.245,5.245,5.245,5.245,
1992-04-15,5.295,5.295,5.295,5.295,
1992-04-16,5.355,5.355,5.355,5.355,
1992-04-20,5.335,5.335,5.335,5.335,
1992-04-21,5.325,5.325,5.325,5.325,
1992-04-22,5.265,5.265,5.265,5.265,
1992-04-23,5.335,5.335,5.335,5.335,
1992-04-24,5.395,5.395,5.395,5.395,
1992-04-27,5.435,5.435,5.435,5.435,
1992-04-28,5.454,5.454,5.454,5.454,
1992-04-29,5.454,5.454,5.454,5.454,
1992-04-30,5.564,5.564,5.564,5.564,
1992-05-01,5.494,5.494,5.494,5.494,
1992-05-04,5.574,5.574,5.574,5.574,
1992-05-05,5.52,5.52,5.52,5.52,
1992-05-06,5.499,5.499,5.499,5.499,
1992-05-07,5.459,5.459,5.459,5.459,
1992-05-08,5.499,5.499,5.499,5.499,
1992-05-11,5.51,5.51,5.51,5.51,
1992-05-12,5.489,5.489,5.489,5.489,
1992-05-13,5.439,5.439,5.439,5.439,
1992-05-14,5.479,5.479,5.479,5.479,
1992-05-15,5.378,5.378,5.378,5.378,
1992-05-18,5.54,5.54,5.54,5.54,
1992-05-19,5.499,5.499,5.499,5.499,
1992-05-20,5.429,5.429,5.429,5.429,
1992-05-21,5.459,5.459,5.459,5.459,
1992-05-22,5.57,5.57,5.57,5.57,
1992-05-26,5.863,5.863,5.863,5.863,
1992-05-27,5.732,5.732,5.732,5.732,
1992-05-28,5.802,5.802,5.802,5.802,
1992-05-29,5.762,5.762,5.762,5.762,
1992-06-01,5.772,5.772,5.772,5.772,
1992-06-02,5.721,5.721,5.721,5.721,
1992-06-03,5.762,5.762,5.762,5.762,
1992-06-04,5.832,5.832,5.832,5.832,
1992-06-05,5.873,5.873,5.873,5.873,
1992-06-08,5.863,5.863,5.863,5.863,
1992-06-09,5.843,5.843,5.843,5.843,
1992-06-10,5.863,5.863,5.863,5.863,
1992-06-11,5.923,5.923,5.923,5.923,
1992-06-12,5.812,5.812,5.812,5.812,
1992-06-15,5.782,5.782,5.782,5.782,
1992-06-16,5.721,5.721,5.721,5.721,
1992-06-17,5.691,5.691,5.691,5.691,
1992-06-18,5.621,5.621,5.621,5.621,
1992-06-19,5.621,5.621,5.621,5.621,
1992-06-22,5.55,5.55,5.55,5.55,
1992-06-23,5.53,5.53,5.53,5.53,
1992-06-24,5.54,5.54,5.54,5.54,
1992-06-25,5.469,5.469,5.469,5.469,
1992-06-26,5.429,5.429,5.429,5.429,
1992-06-29,5.51,5.51,5.51,5.51,
1992-06-30,5.409,5.409,5.409,5.409,
1992-07-01,5.368,5.368,5.368,5.368,
1992-07-02,5.358,5.358,5.358,5.358,
1992-07-06,5.439,5.439,5.439,5.439,
1992-07-07,5.378,5.378,5.378,5.378,
1992-07-08,5.439,5.439,5.439,5.439,
1992-07-09,5.489,5.489,5.489,5.489,
1992-07-10,5.52,5.52,5.52,5.52,
1992-07-13,5.54,5.54,5.54,5.54,
1992-07-14,5.651,5.651,5.651,5.651,
1992-07-15,5.621,5.621,5.621,5.621,
1992-07-16,5.621,5.621,5.621,5.621,
1992-07-17,5.56,5.56,5.56,5.56,
1992-07-20,5.55,5.55,5.55,5.55,
1992-07-21,5.489,5.489,5.489,5.489,
1992-07-22,5.439,5.439,5.439,5.439,
1992-07-23,5.57,5.57,5.57,5.57,
1992-07-24,5.52,5.52,5.52,5.52,
1992-07-27,5.51,5.51,5.51,5.51,
1992-07-28,5.58,5.58,5.58,5.58,
1992-07-29,5.631,5.631,5.631,5.631,
1992-07-30,5.711,5.711,5.711,5.711,
1992-07-31,5.762,5.762,5.762,5.762,
1992-08-03,5.772,5.772,5.772,5.772,
1992-08-04,5.85,5.85,5.85,5.85,
1992-08-05,5.798,5.798,5.798,5.798,
1992-08-06,5.747,5.747,5.747,5.747,
1992-08-07,5.737,5.737,5.737,5.737,
1992-08-10,5.819,5.819,5.819,5.819,
1992-08-11,5.89,5.89,5.89,5.89,
1992-08-12,5.901,5.901,5.901,5.901,
1992-08-13,6.003,6.003,6.003,6.003,
1992-08-14,5.941,5.941,5.941,5.941,
1992-08-17,5.911,5.911,5.911,5.911,
1992-08-18,5.962,5.962,5.962,5.962,
1992-08-19,5.972,5.972,5.972,5.972,
1992-08-20,5.941,5.941,5.941,5.941,
1992-08-21,5.819,5.819,5.819,5.819,
1992-08-24,5.89,5.89,5.89,5.89,
1992-08-25,5.901,5.901,5.901,5.901,
1992-08-26,5.87,5.87,5.87,5.87,
1992-08-27,5.86,5.86,5.86,5.86,
1992-08-28,5.941,5.941,5.941,5.941,
1992-08-31,6.003,6.003,6.003,6.003,
1992-09-01,6.023,6.023,6.023,6.023,
1992-09-02,5.972,5.972,5.972,5.972,
1992-09-03,5.931,5.931,5.931,5.931,
1992-09-04,5.972,5.972,5.972,5.972,
1992-09-08,5.921,5.921,5.921,5.921,
1992-09-09,5.921,5.921,5.921,5.921,
1992-09-10,5.982,5.982,5.982,5.982,
1992-09-11,5.931,5.931,5.931,5.931,
1992-09-14,5.941,5.941,5.941,5.941,
1992-09-15,5.952,5.952,5.952,5.952,
1992-09-16,6.013,6.013,6.013,6.013,
1992-09-17,6.115,6.115,6.115,6.115,
1992-09-18,6.105,6.105,6.105,6.105,
1992-09-21,6.125,6.125,6.125,6.125,
1992-09-22,6.095,6.095,6.095,6.095,
1992-09-23,6.084,6.084,6.084,6.084,
1992-09-24,6.095,6.095,6.095,6.095,
1992-09-25,6.023,6.023,6.023,6.023,
1992-09-28,6.156,6.156,6.156,6.156,
1992-09-29,6.074,6.074,6.074,6.074,
1992-09-30,6.054,6.054,6.054,6.054,
1992-10-01,6.064,6.064,6.064,6.064,
1992-10-02,6.033,6.033,6.033,6.033,
1992-10-05,5.941,5.941,5.941,5.941,
1992-10-06,5.911,5.911,5.911,5.911,
1992-10-07,5.972,5.972,5.972,5.972,
1992-10-08,6.023,6.023,6.023,6.023,
1992-10-09,5.931,5.931,5.931,5.931,
1992-10-12,6.023,6.023,6.023,6.023,
1992-10-13,6.003,6.003,6.003,6.003,
1992-10-14,5.982,5.982,5.982,5.982,
1992-10-15,6.003,6.003,6.003,6.003,
1992-10-16,5.982,5.982,5.982,5.982,
1992-10-19,5.992,5.992,5.992,5.992,
1992-10-20,5.952,5.952,5.952,5.952,
1992-10-21,5.941,5.941,5.941,5.941,
1992-10-22,5.992,5.992,5.992,5.992,
1992-10-23,5.972,5.972,5.972,5.972,
1992-10-26,5.972,5.972,5.972,5.972,
1992-10-27,6.003,6.003,6.003,6.003,
1992-10-28,6.003,6.003,6.003,6.003,
1992-10-29,5.962,5.962,5.962,5.962,
1992-10-30,5.798,5.798,5.798,5.798,
1992-11-02,5.788,5.788,5.788,5.788,
1992-11-03,5.64,5.64,5.64,5.64,
1992-11-04,5.578,5.578,5.578,5.578,
1992-11-05,5.526,5.526,5.526,5.526,
1992-11-06,5.516,5.516,5.516,5.516,
1992-11-09,5.557,5.557,5.557,5.557,
1992-11-10,5.619,5.619,5.619,5.619,
1992-11-11,5.598,5.598,5.598,5.598,
1992-11-12,5.64,5.64,5.64,5.64,
1992-11-13,5.65,5.65,5.65,5.65,
1992-11-16,5.65,5.65,5.65,5.65,
1992-11-17,5.64,5.64,5.64,5.64,
1992-11-18,5.701,5.701,5.701,5.701,
1992-11-19,5.774,5.774,5.774,5.774,
1992-11-20,5.763,5.763,5.763,5.763,
1992-11-23,5.691,5.691,5.691,5.691,
1992-11-24,5.681,5.681,5.681,5.681,
1992-11-25,5.712,5.712,5.712,5.712,
1992-11-27,5.681,5.681,5.681,5.681,
1992-11-30,5.681,5.681,5.681,5.681,
1992-12-01,5.64,5.64,5.64,5.64,
1992-12-02,5.578,5.578,5.578,5.578,
1992-12-03,5.588,5.588,5.588,5.588,
1992-12-04,5.609,5.609,5.609,5.609,
1992-12-07,5.65,5.65,5.65,5.65,
1992-12-08,5.722,5.722,5.722,5.722,
1992-12-09,5.732,5.732,5.732,5.732,
1992-12-10,5.784,5.784,5.784,5.784,
1992-12-11,5.691,5.691,5.691,5.691,
1992-12-14,5.701,5.701,5.701,5.701,
1992-12-15,5.722,5.722,5.722,5.722,
1992-12-16,5.722,5.722,5.722,5.722,
1992-12-17,5.753,5.753,5.753,5.753,
1992-12-18,5.784,5.784,5.784,5.784,
1992-12-21,5.794,5.794,5.794,5.794,
1992-12-22,5.722,5.722,5.722,5.722,
1992-12-23,5.681,5.681,5.681,5.681,
1992-12-24,5.701,5.701,5.701,5.701,
1992-12-28,5.743,5.743,5.743,5.743,
1992-12-29,5.732,5.732,5.732,5.732,
1992-12-30,5.753,5.753,5.753,5.753,
1992-12-31,5.743,5.743,5.743,5.743,
1993-01-04,5.763,5.763,5.763,5.763,
1993-01-05,5.732,5.732,5.732,5.732,
1993-01-06,5.774,5.774,5.774,5.774,
1993-01-07,5.671,5.671,5.671,5.671,
1993-01-08,5.64,5.64,5.64,5.64,
1993-01-11,5.691,5.691,5.691,5.691,
1993-01-12,5.722,5.722,5.722,5.722,
1993-01-13,5.774,5.774,5.774,5.774,
1993-01-14,5.753,5.753,5.753,5.753,
1993-01-15,5.732,5.732,5.732,5.732,
1993-01-18,5.701,5.701,5.701,5.701,
1993-01-19,5.66,5.66,5.66,5.66,
1993-01-20,5.691,5.691,5.691,5.691,
1993-01-21,5.64,5.64,5.64,5.64,
1993-01-22,5.598,5.598,5.598,5.598,
1993-01-25,5.784,5.784,5.784,5.784,
1993-01-26,5.846,5.846,5.846,5.846,
1993-01-27,5.877,5.877,5.877,5.877,
1993-01-28,5.991,5.991,5.991,5.991,
1993-01-29,6.011,6.011,6.011,6.011,
1993-02-01,6.104,6.104,6.104,6.104,
1993-02-02,6.115,6.115,6.115,6.115,
1993-02-03,6.166,6.166,6.166,6.166,
1993-02-04,6.26,6.26,6.26,6.26,
1993-02-05,6.271,6.271,6.271,6.271,
1993-02-08,6.354,6.354,6.354,6.354,
1993-02-09,6.334,6.334,6.334,6.334,
1993-02-10,6.365,6.365,6.365,6.365,
1993-02-11,6.417,6.417,6.417,6.417,
1993-02-12,6.281,6.281,6.281,6.281,
1993-02-16,6.292,6.292,6.292,6.292,
1993-02-17,6.323,6.323,6.323,6.323,
1993-02-18,6.292,6.292,6.292,6.292,
1993-02-19,6.501,6.501,6.501,6.501,
1993-02-22,6.616,6.616,6.616,6.616,
1993-02-23,6.522,6.522,6.522,6.522,
1993-02-24,6.438,6.438,6.438,6.438,
1993-02-25,6.417,6.417,6.417,6.417,
1993-02-26,6.438,6.438,6.438,6.438,
1993-03-01,6.553,6.553,6.553,6.553,
1993-03-02,6.668,6.668,6.668,6.668,
1993-03-03,6.522,6.522,6.522,6.522,
1993-03-04,6.543,6.543,6.543,6.543,
1993-03-05,6.469,6.469,6.469,6.469,
1993-03-08,6.49,6.49,6.49,6.49,
1993-03-09,6.469,6.469,6.469,6.469,
1993-03-10,6.511,6.511,6.511,6.511,
1993-03-11,6.48,6.48,6.48,6.48,
1993-03-12,6.469,6.469,6.469,6.469,
1993-03-15,6.448,6.448,6.448,6.448,
1993-03-16,6.501,6.501,6.501,6.501,
1993-03-17,6.616,6.616,6.616,6.616,
1993-03-18,6.647,6.647,6.647,6.647,
1993-03-19,6.668,6.668,6.668,6.668,
1993-03-22,6.689,6.689,6.689,6.689,
1993-03-23,6.678,6.678,6.678,6.678,
1993-03-24,6.835,6.835,6.835,6.835,
1993-03-25,6.772,6.772,6.772,6.772,
1993-03-26,6.731,6.731,6.731,6.731,
1993-03-29,6.835,6.835,6.835,6.835,
1993-03-30,6.908,6.908,6.908,6.908,
1993-03-31,6.95,6.95,6.95,6.95,
1993-04-01,6.835,6.835,6.835,6.835,
1993-04-02,6.772,6.772,6.772,6.772,
1993-04-05,6.981,6.981,6.981,6.981,
1993-04-06,7.065,7.065,7.065,7.065,
1993-04-07,7.086,7.086,7.086,7.086,
1993-04-08,7.096,7.096,7.096,7.096,
1993-04-12,7.096,7.096,7.096,7.096,
1993-04-13,7.086,7.086,7.086,7.086,
1993-04-14,7.117,7.117,7.117,7.117,
1993-04-15,7.002,7.002,7.002,7.002,
1993-04-16,7.055,7.055,7.055,7.055,
1993-04-19,7.013,7.013,7.013,7.013,
1993-04-20,7.013,7.013,7.013,7.013,
1993-04-21,6.898,6.898,6.898,6.898,
1993-04-22,6.887,6.887,6.887,6.887,
1993-04-23,6.804,6.804,6.804,6.804,
1993-04-26,6.772,6.772,6.772,6.772,
1993-04-27,6.846,6.846,6.846,6.846,
1993-04-28,7.107,7.107,7.107,7.107,
1993-04-29,7.138,7.138,7.138,7.138,
1993-04-30,7.201,7.201,7.201,7.201,
1993-05-03,7.149,7.149,7.149,7.149,
1993-05-04,7.297,7.297,7.297,7.297,
1993-05-05,7.328,7.328,7.328,7.328,
1993-05-06,7.328,7.328,7.328,7.328,
1993-05-07,7.297,7.297,7.297,7.297,
1993-05-10,7.202,7.202,7.202,7.202,
1993-05-11,7.297,7.297,7.297,7.297,
1993-05-12,7.434,7.434,7.434,7.434,
1993-05-13,7.349,7.349,7.349,7.349,
1993-05-14,7.254,7.254,7.254,7.254,
1993-05-17,7.233,7.233,7.233,7.233,
1993-05-18,7.17,7.17,7.17,7.17,
1993-05-19,7.117,7.117,7.117,7.117,
1993-05-20,7.149,7.149,7.149,7.149,
1993-05-21,7.149,7.149,7.149,7.149,
1993-05-24,7.149,7.149,7.149,7.149,
1993-05-25,7.191,7.191,7.191,7.191,
1993-05-26,7.17,7.17,7.17,7.17,
1993-05-27,7.487,7.487,7.487,7.487,
1993-05-28,7.444,7.444,7.444,7.444,
1993-06-01,7.529,7.529,7.529,7.529,
1993-06-02,7.508,7.508,7.508,7.508,
1993-06-03,7.476,7.476,7.476,7.476,
1993-06-04,7.518,7.518,7.518,7.518,
1993-06-07,7.603,7.603,7.603,7.603,
1993-06-08,7.571,7.571,7.571,7.571,
1993-06-09,7.592,7.592,7.592,7.592,
1993-06-10,7.624,7.624,7.624,7.624,
1993-06-11,7.402,7.402,7.402,7.402,
1993-06-14,7.465,7.465,7.465,7.465,
1993-06-15,7.518,7.518,7.518,7.518,
1993-06-16,7.603,7.603,7.603,7.603,
1993-06-17,7.571,7.571,7.571,7.571,
1993-06-18,7.413,7.413,7.413,7.413,
1993-06-21,7.455,7.455,7.455,7.455,
1993-06-22,7.465,7.465,7.465,7.465,
1993-06-23,7.286,7.286,7.286,7.286,
1993-06-24,7.233,7.233,7.233,7.233,
1993-06-25,7.286,7.286,7.286,7.286,
1993-06-28,7.381,7.381,7.381,7.381,
1993-06-29,7.381,7.381,7.381,7.381,
1993-06-30,7.413,7.413,7.413,7.413,
1993-07-01,7.328,7.328,7.328,7.328,
1993-07-02,7.233,7.233,7.233,7.233,
1993-07-06,7.106,7.106,7.106,7.106,
1993-07-07,7.117,7.117,7.117,7.117,
1993-07-08,7.212,7.212,7.212,7.212,
1993-07-09,7.244,7.244,7.244,7.244,
1993-07-12,7.18,7.18,7.18,7.18,
1993-07-13,7.138,7.138,7.138,7.138,
1993-07-14,7.138,7.138,7.138,7.138,
1993-07-15,7.054,7.054,7.054,7.054,
1993-07-16,6.938,6.938,6.938,6.938,
1993-07-19,7.085,7.085,7.085,7.085,
1993-07-20,7.138,7.138,7.138,7.138,
1993-07-21,7.307,7.307,7.307,7.307,
1993-07-22,7.307,7.307,7.307,7.307,
1993-07-23,7.402,7.402,7.402,7.402,
1993-07-26,7.381,7.381,7.381,7.381,
1993-07-27,7.392,7.392,7.392,7.392,
1993-07-28,7.518,7.518,7.518,7.518,
1993-07-29,7.518,7.518,7.518,7.518,
1993-07-30,7.465,7.465,7.465,7.465,
1993-08-02,7.571,7.571,7.571,7.571,
1993-08-03,7.422,7.422,7.422,7.422,
1993-08-04,7.315,7.315,7.315,7.315,
1993-08-05,7.283,7.283,7.283,7.283,
1993-08-06,7.209,7.209,7.209,7.209,
1993-08-09,7.368,7.368,7.368,7.368,
1993-08-10,7.283,7.283,7.283,7.283,
1993-08-11,7.379,7.379,7.379,7.379,
1993-08-12,7.422,7.422,7.422,7.422,
1993-08-13,7.432,7.432,7.432,7.432,
1993-08-16,7.496,7.496,7.496,7.496,
1993-08-17,7.486,7.486,7.486,7.486,
1993-08-18,7.582,7.582,7.582,7.582,
1993-08-19,7.56,7.56,7.56,7.56,
1993-08-20,7.678,7.678,7.678,7.678,
1993-08-23,7.742,7.742,7.742,7.742,
1993-08-24,7.795,7.795,7.795,7.795,
1993-08-25,7.838,7.838,7.838,7.838,
1993-08-26,7.923,7.923,7.923,7.923,
1993-08-27,7.848,7.848,7.848,7.848,
1993-08-30,7.859,7.859,7.859,7.859,
1993-08-31,7.944,7.944,7.944,7.944,
1993-09-01,8.008,8.008,8.008,8.008,
1993-09-02,7.998,7.998,7.998,7.998,
1993-09-03,7.998,7.998,7.998,7.998,
1993-09-07,7.848,7.848,7.848,7.848,
1993-09-08,7.667,7.667,7.667,7.667,
1993-09-09,7.539,7.539,7.539,7.539,
1993-09-10,7.624,7.624,7.624,7.624,
1993-09-13,7.72,7.72,7.72,7.72,
1993-09-14,7.774,7.774,7.774,7.774,
1993-09-15,7.795,7.795,7.795,7.795,
1993-09-16,7.827,7.827,7.827,7.827,
1993-09-17,7.763,7.763,7.763,7.763,
1993-09-20,7.784,7.784,7.784,7.784,
1993-09-21,7.763,7.763,7.763,7.763,
1993-09-22,7.742,7.742,7.742,7.742,
1993-09-23,7.731,7.731,7.731,7.731,
1993-09-24,7.774,7.774,7.774,7.774,
1993-09-27,7.955,7.955,7.955,7.955,
1993-09-28,8.062,8.062,8.062,8.062,
1993-09-29,8.275,8.275,8.275,8.275,
1993-09-30,8.339,8.339,8.339,8.339,
1993-10-01,8.392,8.392,8.392,8.392,
1993-10-04,8.222,8.222,8.222,8.222,
1993-10-05,8.136,8.136,8.136,8.136,
1993-10-06,8.232,8.232,8.232,8.232,
1993-10-07,8.147,8.147,8.147,8.147,
1993-10-08,8.126,8.126,8.126,8.126,
1993-10-11,8.126,8.126,8.126,8.126,
1993-10-12,8.179,8.179,8.179,8.179,
1993-10-13,8.115,8.115,8.115,8.115,
1993-10-14,8.168,8.168,8.168,8.168,
1993-10-15,8.147,8.147,8.147,8.147,
1993-10-18,8.222,8.222,8.222,8.222,
1993-10-19,8.2,8.2,8.2,8.2,
1993-10-20,8.2,8.2,8.2,8.2,
1993-10-21,8.19,8.19,8.19,8.19,
1993-10-22,8.104,8.104,8.104,8.104,
1993-10-25,8.211,8.211,8.211,8.211,
1993-10-26,8.211,8.211,8.211,8.211,
1993-10-27,8.254,8.254,8.254,8.254,
1993-10-28,8.275,8.275,8.275,8.275,
1993-10-29,8.275,8.275,8.275,8.275,
1993-11-01,8.254,8.254,8.254,8.254,
1993-11-02,8.115,8.115,8.115,8.115,
1993-11-03,8.083,8.083,8.083,8.083,
1993-11-04,8.137,8.137,8.137,8.137,
1993-11-05,8.083,8.083,8.083,8.083,
1993-11-08,8.051,8.051,8.051,8.051,
1993-11-09,7.965,7.965,7.965,7.965,
1993-11-10,7.878,7.878,7.878,7.878,
1993-11-11,7.76,7.76,7.76,7.76,
1993-11-12,7.814,7.814,7.814,7.814,
1993-11-15,7.803,7.803,7.803,7.803,
1993-11-16,7.749,7.749,7.749,7.749,
1993-11-17,8.008,8.008,8.008,8.008,
1993-11-18,7.663,7.663,7.663,7.663,
1993-11-19,7.739,7.739,7.739,7.739,
1993-11-22,7.717,7.717,7.717,7.717,
1993-11-23,7.728,7.728,7.728,7.728,
1993-11-24,7.728,7.728,7.728,7.728,
1993-11-26,7.362,7.362,7.362,7.362,
1993-11-29,7.373,7.373,7.373,7.373,
1993-11-30,7.48,7.48,7.48,7.48,
1993-12-01,7.491,7.491,7.491,7.491,
1993-12-02,7.416,7.416,7.416,7.416,
1993-12-03,7.437,7.437,7.437,7.437,
1993-12-06,7.459,7.459,7.459,7.459,
1993-12-07,7.491,7.491,7.491,7.491,
1993-12-08,7.405,7.405,7.405,7.405,
1993-12-09,7.405,7.405,7.405,7.405,
1993-12-10,7.459,7.459,7.459,7.459,
1993-12-13,7.448,7.448,7.448,7.448,
1993-12-14,7.362,7.362,7.362,7.362,
1993-12-15,7.265,7.265,7.265,7.265,
1993-12-16,7.254,7.254,7.254,7.254,
1993-12-17,7.308,7.308,7.308,7.308,
1993-12-20,7.416,7.416,7.416,7.416,
1993-12-21,7.416,7.416,7.416,7.416,
1993-12-22,7.534,7.534,7.534,7.534,
1993-12-23,7.545,7.545,7.545,7.545,
1993-12-27,7.631,7.631,7.631,7.631,
1993-12-28,7.652,7.652,7.652,7.652,
1993-12-29,7.577,7.577,7.577,7.577,
1993-12-30,7.588,7.588,7.588,7.588,
1993-12-31,7.502,7.502,7.502,7.502,
1994-01-03,7.577,7.577,7.577,7.577,
1994-01-04,7.706,7.706,7.706,7.706,
1994-01-05,7.814,7.814,7.814,7.814,
1994-01-06,7.792,7.792,7.792,7.792,
1994-01-07,7.868,7.868,7.868,7.868,
1994-01-10,7.9,7.9,7.9,7.9,
1994-01-11,7.814,7.814,7.814,7.814,
1994-01-12,7.739,7.739,7.739,7.739,
1994-01-13,7.717,7.717,7.717,7.717,
1994-01-14,7.739,7.739,7.739,7.739,
1994-01-17,7.739,7.739,7.739,7.739,
1994-01-18,7.695,7.695,7.695,7.695,
1994-01-19,7.749,7.749,7.749,7.749,
1994-01-20,7.792,7.792,7.792,7.792,
1994-01-21,7.868,7.868,7.868,7.868,
1994-01-24,7.975,7.975,7.975,7.975,
1994-01-25,7.965,7.965,7.965,7.965,
1994-01-26,7.921,7.921,7.921,7.921,
1994-01-27,7.9,7.9,7.9,7.9,
1994-01-28,7.9,7.9,7.9,7.9,
1994-01-31,8.04,8.04,8.04,8.04,
1994-02-01,8.029,8.029,8.029,8.029,
1994-02-02,8.083,8.083,8.083,8.083,
1994-02-03,8.126,8.126,8.126,8.126,
1994-02-04,8.054,8.054,8.054,8.054,
1994-02-07,8.043,8.043,8.043,8.043,
1994-02-08,7.978,7.978,7.978,7.978,
1994-02-09,8.022,8.022,8.022,8.022,
1994-02-10,7.946,7.946,7.946,7.946,
1994-02-11,7.848,7.848,7.848,7.848,
1994-02-14,7.815,7.815,7.815,7.815,
1994-02-15,7.815,7.815,7.815,7.815,
1994-02-16,7.783,7.783,7.783,7.783,
1994-02-17,7.739,7.739,7.739,7.739,
1994-02-18,7.674,7.674,7.674,7.674,
1994-02-22,7.728,7.728,7.728,7.728,
1994-02-23,7.706,7.706,7.706,7.706,
1994-02-24,7.587,7.587,7.587,7.587,
1994-02-25,7.456,7.456,7.456,7.456,
1994-02-28,7.533,7.533,7.533,7.533,
1994-03-01,7.402,7.402,7.402,7.402,
1994-03-02,7.587,7.587,7.587,7.587,
1994-03-03,7.717,7.717,7.717,7.717,
1994-03-04,7.674,7.674,7.674,7.674,
1994-03-07,7.619,7.619,7.619,7.619,
1994-03-08,7.63,7.63,7.63,7.63,
1994-03-09,7.63,7.63,7.63,7.63,
1994-03-10,7.641,7.641,7.641,7.641,
1994-03-11,7.652,7.652,7.652,7.652,
1994-03-14,7.63,7.63,7.63,7.63,
1994-03-15,7.652,7.652,7.652,7.652,
1994-03-16,7.804,7.804,7.804,7.804,
1994-03-17,7.956,7.956,7.956,7.956,
1994-03-18,8.065,8.065,8.065,8.065,
1994-03-21,7.902,7.902,7.902,7.902,
1994-03-22,7.902,7.902,7.902,7.902,
1994-03-23,7.913,7.913,7.913,7.913,
1994-03-24,7.88,7.88,7.88,7.88,
1994-03-25,7.783,7.783,7.783,7.783,
1994-03-28,7.674,7.674,7.674,7.674,
1994-03-29,7.587,7.587,7.587,7.587,
1994-03-30,7.283,7.283,7.283,7.283,
1994-03-31,7.304,7.304,7.304,7.304,
1994-04-04,7.283,7.283,7.283,7.283,
1994-04-05,7.424,7.424,7.424,7.424,
1994-04-06,7.369,7.369,7.369,7.369,
1994-04-07,7.413,7.413,7.413,7.413,
1994-04-08,7.38,7.38,7.38,7.38,
1994-04-11,7.478,7.478,7.478,7.478,
1994-04-12,7.511,7.511,7.511,7.511,
1994-04-13,7.478,7.478,7.478,7.478,
1994-04-14,7.685,7.685,7.685,7.685,
1994-04-15,7.88,7.88,7.88,7.88,
1994-04-18,7.815,7.815,7.815,7.815,
1994-04-19,7.935,7.935,7.935,7.935,
1994-04-20,7.869,7.869,7.869,7.869,
1994-04-21,7.826,7.826,7.826,7.826,
1994-04-22,7.848,7.848,7.848,7.848,
1994-04-25,8.054,8.054,8.054,8.054,
1994-04-26,7.902,7.902,7.902,7.902,
1994-04-28,7.706,7.706,7.706,7.706,
1994-04-29,7.739,7.739,7.739,7.739,
1994-05-02,7.641,7.641,7.641,7.641,
1994-05-03,7.652,7.652,7.652,7.652,
1994-05-04,7.576,7.576,7.576,7.576,
1994-05-05,7.646,7.646,7.646,7.646,
1994-05-06,7.833,7.833,7.833,7.833,
1994-05-09,7.789,7.789,7.789,7.789,
1994-05-10,7.833,7.833,7.833,7.833,
1994-05-11,7.789,7.789,7.789,7.789,
1994-05-12,7.888,7.888,7.888,7.888,
1994-05-13,7.756,7.756,7.756,7.756,
1994-05-16,7.778,7.778,7.778,7.778,
1994-05-17,7.745,7.745,7.745,7.745,
1994-05-18,7.602,7.602,7.602,7.602,
1994-05-19,7.712,7.712,7.712,7.712,
1994-05-20,7.8,7.8,7.8,7.8,
1994-05-23,7.635,7.635,7.635,7.635,
1994-05-24,7.668,7.668,7.668,7.668,
1994-05-25,7.657,7.657,7.657,7.657,
1994-05-26,7.668,7.668,7.668,7.668,
1994-05-27,7.602,7.602,7.602,7.602,
1994-05-31,7.646,7.646,7.646,7.646,
1994-06-01,7.756,7.756,7.756,7.756,
1994-06-02,7.778,7.778,7.778,7.778,
1994-06-03,7.8,7.8,7.8,7.8,
1994-06-06,7.712,7.712,7.712,7.712,
1994-06-07,7.701,7.701,7.701,7.701,
1994-06-08,7.734,7.734,7.734,7.734,
1994-06-09,7.877,7.877,7.877,7.877,
1994-06-10,7.976,7.976,7.976,7.976,
1994-06-13,7.888,7.888,7.888,7.888,
1994-06-14,7.844,7.844,7.844,7.844,
1994-06-15,7.866,7.866,7.866,7.866,
1994-06-16,7.778,7.778,7.778,7.778,
1994-06-17,7.646,7.646,7.646,7.646,
1994-06-20,7.58,7.58,7.58,7.58,
1994-06-21,7.558,7.558,7.558,7.558,
1994-06-22,7.668,7.668,7.668,7.668,
1994-06-23,7.624,7.624,7.624,7.624,
1994-06-24,7.317,7.317,7.317,7.317,
1994-06-27,7.449,7.449,7.449,7.449,
1994-06-28,7.405,7.405,7.405,7.405,
1994-06-29,7.449,7.449,7.449,7.449,
1994-06-30,7.361,7.361,7.361,7.361,
1994-07-01,7.449,7.449,7.449,7.449,
1994-07-05,7.536,7.536,7.536,7.536,
1994-07-06,7.449,7.449,7.449,7.449,
1994-07-07,7.427,7.427,7.427,7.427,
1994-07-08,7.514,7.514,7.514,7.514,
1994-07-11,7.558,7.558,7.558,7.558,
1994-07-12,7.69,7.69,7.69,7.69,
1994-07-13,7.624,7.624,7.624,7.624,
1994-07-14,7.734,7.734,7.734,7.734,
1994-07-15,7.888,7.888,7.888,7.888,
1994-07-18,7.91,7.91,7.91,7.91,
1994-07-19,7.932,7.932,7.932,7.932,
1994-07-20,7.822,7.822,7.822,7.822,
1994-07-21,7.734,7.734,7.734,7.734,
1994-07-22,7.756,7.756,7.756,7.756,
1994-07-25,7.69,7.69,7.69,7.69,
1994-07-26,7.558,7.558,7.558,7.558,
1994-07-27,7.536,7.536,7.536,7.536,
1994-07-28,7.646,7.646,7.646,7.646,
1994-07-29,7.8,7.8,7.8,7.8,
1994-08-01,7.756,7.756,7.756,7.756,
1994-08-02,7.646,7.646,7.646,7.646,
1994-08-03,7.624,7.624,7.624,7.624,
1994-08-04,7.595,7.595,7.595,7.595,
1994-08-05,7.662,7.662,7.662,7.662,
1994-08-08,7.662,7.662,7.662,7.662,
1994-08-09,7.64,7.64,7.64,7.64,
1994-08-10,7.64,7.64,7.64,7.64,
1994-08-11,7.529,7.529,7.529,7.529,
1994-08-12,7.462,7.462,7.462,7.462,
1994-08-15,7.373,7.373,7.373,7.373,
1994-08-16,7.484,7.484,7.484,7.484,
1994-08-17,7.551,7.551,7.551,7.551,
1994-08-18,7.529,7.529,7.529,7.529,
1994-08-19,7.529,7.529,7.529,7.529,
1994-08-22,7.551,7.551,7.551,7.551,
1994-08-23,7.507,7.507,7.507,7.507,
1994-08-24,7.662,7.662,7.662,7.662,
1994-08-25,7.573,7.573,7.573,7.573,
1994-08-26,7.507,7.507,7.507,7.507,
1994-08-29,7.551,7.551,7.551,7.551,
1994-08-30,7.662,7.662,7.662,7.662,
1994-08-31,7.529,7.529,7.529,7.529,
1994-09-01,7.64,7.64,7.64,7.64,
1994-09-02,7.64,7.64,7.64,7.64,
1994-09-06,7.64,7.64,7.64,7.64,
1994-09-07,7.662,7.662,7.662,7.662,
1994-09-08,7.729,7.729,7.729,7.729,
1994-09-09,7.706,7.706,7.706,7.706,
1994-09-12,7.773,7.773,7.773,7.773,
1994-09-13,7.729,7.729,7.729,7.729,
1994-09-14,7.662,7.662,7.662,7.662,
1994-09-15,7.684,7.684,7.684,7.684,
1994-09-16,7.507,7.507,7.507,7.507,
1994-09-19,7.307,7.307,7.307,7.307,
1994-09-20,7.218,7.218,7.218,7.218,
1994-09-21,7.196,7.196,7.196,7.196,
1994-09-22,7.307,7.307,7.307,7.307,
1994-09-23,7.329,7.329,7.329,7.329,
1994-09-26,7.395,7.395,7.395,7.395,
1994-09-27,7.373,7.373,7.373,7.373,
1994-09-28,7.373,7.373,7.373,7.373,
1994-09-29,7.351,7.351,7.351,7.351,
1994-09-30,7.395,7.395,7.395,7.395,
1994-10-03,7.462,7.462,7.462,7.462,
1994-10-04,7.373,7.373,7.373,7.373,
1994-10-05,7.373,7.373,7.373,7.373,
1994-10-06,7.329,7.329,7.329,7.329,
1994-10-07,7.507,7.507,7.507,7.507,
1994-10-10,7.462,7.462,7.462,7.462,
1994-10-11,7.618,7.618,7.618,7.618,
1994-10-12,7.551,7.551,7.551,7.551,
1994-10-13,7.573,7.573,7.573,7.573,
1994-10-14,7.551,7.551,7.551,7.551,
1994-10-17,7.595,7.595,7.595,7.595,
1994-10-18,7.64,7.64,7.64,7.64,
1994-10-19,7.618,7.618,7.618,7.618,
1994-10-20,7.618,7.618,7.618,7.618,
1994-10-21,7.662,7.662,7.662,7.662,
1994-10-24,7.64,7.64,7.64,7.64,
1994-10-25,7.684,7.684,7.684,7.684,
1994-10-26,7.773,7.773,7.773,7.773,
1994-10-27,7.973,7.973,7.973,7.973,
1994-10-28,8.084,8.084,8.084,8.084,
1994-10-31,7.995,7.995,7.995,7.995,
1994-11-01,7.884,7.884,7.884,7.884,
1994-11-02,7.795,7.795,7.795,7.795,
1994-11-03,7.906,7.906,7.906,7.906,
1994-11-04,7.832,7.832,7.832,7.832,
1994-11-07,7.81,7.81,7.81,7.81,
1994-11-08,7.81,7.81,7.81,7.81,
1994-11-09,7.63,7.63,7.63,7.63,
1994-11-10,7.518,7.518,7.518,7.518,
1994-11-11,7.496,7.496,7.496,7.496,
1994-11-14,7.473,7.473,7.473,7.473,
1994-11-15,7.563,7.563,7.563,7.563,
1994-11-16,7.653,7.653,7.653,7.653,
1994-11-17,7.675,7.675,7.675,7.675,
1994-11-18,7.653,7.653,7.653,7.653,
1994-11-21,7.855,7.855,7.855,7.855,
1994-11-22,7.675,7.675,7.675,7.675,
1994-11-23,7.653,7.653,7.653,7.653,
1994-11-25,7.787,7.787,7.787,7.787,
1994-11-28,7.832,7.832,7.832,7.832,
1994-11-29,7.855,7.855,7.855,7.855,
1994-11-30,7.832,7.832,7.832,7.832,
1994-12-01,7.697,7.697,7.697,7.697,
1994-12-02,7.63,7.63,7.63,7.63,
1994-12-05,7.697,7.697,7.697,7.697,
1994-12-06,7.742,7.742,7.742,7.742,
1994-12-07,7.675,7.675,7.675,7.675,
1994-12-08,7.653,7.653,7.653,7.653,
1994-12-09,7.697,7.697,7.697,7.697,
1994-12-12,7.787,7.787,7.787,7.787,
1994-12-13,7.832,7.832,7.832,7.832,
1994-12-14,7.855,7.855,7.855,7.855,
1994-12-15,7.877,7.877,7.877,7.877,
1994-12-16,7.944,7.944,7.944,7.944,
1994-12-19,7.989,7.989,7.989,7.989,
1994-12-20,8.034,8.034,8.034,8.034,
1994-12-21,7.967,7.967,7.967,7.967,
1994-12-22,8.012,8.012,8.012,8.012,
1994-12-23,8.034,8.034,8.034,8.034,
1994-12-27,8.057,8.057,8.057,8.057,
1994-12-28,7.989,7.989,7.989,7.989,
1994-12-29,7.967,7.967,7.967,7.967,
1994-12-30,8.012,8.012,8.012,8.012,
1995-01-03,7.989,7.989,7.989,7.989,
1995-01-04,8.079,8.079,8.079,8.079,
1995-01-05,8.079,8.079,8.079,8.079,
1995-01-06,7.944,7.944,7.944,7.944,
1995-01-09,7.922,7.922,7.922,7.922,
1995-01-10,7.944,7.944,7.944,7.944,
1995-01-11,7.855,7.855,7.855,7.855,
1995-01-12,7.787,7.787,7.787,7.787,
1995-01-13,7.922,7.922,7.922,7.922,
1995-01-16,7.922,7.922,7.922,7.922,
1995-01-17,8.034,8.034,8.034,8.034,
1995-01-18,8.191,8.191,8.191,8.191,
1995-01-19,8.191,8.191,8.191,8.191,
1995-01-20,8.303,8.303,8.303,8.303,
1995-01-23,8.281,8.281,8.281,8.281,
1995-01-24,8.303,8.303,8.303,8.303,
1995-01-25,8.416,8.416,8.416,8.416,
1995-01-26,8.348,8.348,8.348,8.348,
1995-01-27,8.303,8.303,8.303,8.303,
1995-01-30,8.146,8.146,8.146,8.146,
1995-01-31,8.012,8.012,8.012,8.012,
1995-02-01,8.057,8.057,8.057,8.057,
1995-02-02,8.146,8.146,8.146,8.146,
1995-02-03,8.214,8.214,8.214,8.214,
1995-02-06,8.393,8.393,8.393,8.393,
1995-02-07,8.326,8.326,8.326,8.326,
1995-02-08,8.416,8.416,8.416,8.416,
1995-02-09,8.393,8.393,8.393,8.393,
1995-02-10,8.273,8.273,8.273,8.273,
1995-02-13,8.409,8.409,8.409,8.409,
1995-02-14,8.477,8.477,8.477,8.477,
1995-02-15,8.522,8.522,8.522,8.522,
1995-02-16,8.522,8.522,8.522,8.522,
1995-02-17,8.522,8.522,8.522,8.522,
1995-02-21,8.568,8.568,8.568,8.568,
1995-02-22,8.545,8.545,8.545,8.545,
1995-02-23,8.477,8.477,8.477,8.477,
1995-02-24,8.522,8.522,8.522,8.522,
1995-02-27,8.568,8.568,8.568,8.568,
1995-02-28,8.636,8.636,8.636,8.636,
1995-03-01,8.568,8.568,8.568,8.568,
1995-03-02,8.59,8.59,8.59,8.59,
1995-03-03,8.5,8.5,8.5,8.5,
1995-03-06,8.613,8.613,8.613,8.613,
1995-03-07,8.545,8.545,8.545,8.545,
1995-03-08,8.636,8.636,8.636,8.636,
1995-03-09,8.613,8.613,8.613,8.613,
1995-03-10,8.704,8.704,8.704,8.704,
1995-03-13,8.636,8.636,8.636,8.636,
1995-03-14,8.477,8.477,8.477,8.477,
1995-03-15,8.522,8.522,8.522,8.522,
1995-03-16,8.59,8.59,8.59,8.59,
1995-03-17,8.704,8.704,8.704,8.704,
1995-03-20,8.681,8.681,8.681,8.681,
1995-03-21,8.658,8.658,8.658,8.658,
1995-03-22,8.726,8.726,8.726,8.726,
1995-03-23,8.704,8.704,8.704,8.704,
1995-03-24,8.794,8.794,8.794,8.794,
1995-03-27,8.726,8.726,8.726,8.726,
1995-03-28,8.568,8.568,8.568,8.568,
1995-03-29,8.613,8.613,8.613,8.613,
1995-03-30,8.568,8.568,8.568,8.568,
1995-03-31,8.704,8.704,8.704,8.704,
1995-04-03,8.409,8.409,8.409,8.409,
1995-04-04,8.522,8.522,8.522,8.522,
1995-04-05,8.5,8.5,8.5,8.5,
1995-04-06,8.386,8.386,8.386,8.386,
1995-04-07,8.25,8.25,8.25,8.25,
1995-04-10,8.273,8.273,8.273,8.273,
1995-04-11,8.182,8.182,8.182,8.182,
1995-04-12,8.16,8.16,8.16,8.16,
1995-04-13,8.137,8.137,8.137,8.137,
1995-04-17,8.069,8.069,8.069,8.069,
1995-04-18,8.25,8.25,8.25,8.25,
1995-04-19,8.25,8.25,8.25,8.25,
1995-04-20,8.477,8.477,8.477,8.477,
1995-04-21,8.432,8.432,8.432,8.432,
1995-04-24,8.432,8.432,8.432,8.432,
1995-04-25,8.613,8.613,8.613,8.613,
1995-04-26,8.522,8.522,8.522,8.522,
1995-04-27,8.704,8.704,8.704,8.704,
1995-04-28,8.59,8.59,8.59,8.59,
1995-05-01,8.862,8.862,8.862,8.862,
1995-05-02,8.84,8.84,8.84,8.84,
1995-05-03,8.84,8.84,8.84,8.84,
1995-05-04,8.794,8.794,8.794,8.794,
1995-05-05,8.84,8.84,8.84,8.84,
1995-05-08,8.84,8.84,8.84,8.84,
1995-05-09,8.794,8.794,8.794,8.794,
1995-05-10,8.93,8.93,8.93,8.93,
1995-05-11,8.717,8.717,8.717,8.717,
1995-05-12,8.672,8.672,8.672,8.672,
1995-05-15,8.9,8.9,8.9,8.9,
1995-05-16,8.992,8.992,8.992,8.992,
1995-05-17,8.923,8.923,8.923,8.923,
1995-05-18,8.74,8.74,8.74,8.74,
1995-05-19,8.717,8.717,8.717,8.717,
1995-05-22,8.717,8.717,8.717,8.717,
1995-05-23,8.9,8.9,8.9,8.9,
1995-05-24,8.9,8.9,8.9,8.9,
1995-05-25,8.832,8.832,8.832,8.832,
1995-05-26,8.717,8.717,8.717,8.717,
1995-05-30,8.855,8.855,8.855,8.855,
1995-05-31,8.992,8.992,8.992,8.992,
1995-06-01,9.061,9.061,9.061,9.061,
1995-06-02,8.923,8.923,8.923,8.923,
1995-06-05,8.946,8.946,8.946,8.946,
1995-06-06,8.878,8.878,8.878,8.878,
1995-06-07,8.786,8.786,8.786,8.786,
1995-06-08,8.786,8.786,8.786,8.786,
1995-06-09,8.763,8.763,8.763,8.763,
1995-06-12,8.9,8.9,8.9,8.9,
1995-06-13,8.969,8.969,8.969,8.969,
1995-06-14,8.969,8.969,8.969,8.969,
1995-06-15,9.015,9.015,9.015,9.015,
1995-06-16,8.969,8.969,8.969,8.969,
1995-06-19,8.9,8.9,8.9,8.9,
1995-06-20,8.672,8.672,8.672,8.672,
1995-06-21,8.557,8.557,8.557,8.557,
1995-06-22,8.511,8.511,8.511,8.511,
1995-06-23,8.695,8.695,8.695,8.695,
1995-06-26,8.557,8.557,8.557,8.557,
1995-06-27,8.649,8.649,8.649,8.649,
1995-06-28,8.855,8.855,8.855,8.855,
1995-06-29,8.603,8.603,8.603,8.603,
1995-06-30,8.489,8.489,8.489,8.489,
1995-07-03,8.74,8.74,8.74,8.74,
1995-07-05,8.695,8.695,8.695,8.695,
1995-07-06,8.74,8.74,8.74,8.74,
1995-07-07,8.786,8.786,8.786,8.786,
1995-07-10,8.74,8.74,8.74,8.74,
1995-07-11,8.672,8.672,8.672,8.672,
1995-07-12,8.786,8.786,8.786,8.786,
1995-07-13,8.809,8.809,8.809,8.809,
1995-07-14,8.717,8.717,8.717,8.717,
1995-07-17,8.786,8.786,8.786,8.786,
1995-07-18,8.855,8.855,8.855,8.855,
1995-07-19,8.832,8.832,8.832,8.832,
1995-07-20,8.672,8.672,8.672,8.672,
1995-07-21,8.603,8.603,8.603,8.603,
1995-07-24,8.786,8.786,8.786,8.786,
1995-07-25,8.786,8.786,8.786,8.786,
1995-07-26,8.969,8.969,8.969,8.969,
1995-07-27,8.969,8.969,8.969,8.969,
1995-07-28,8.923,8.923,8.923,8.923,
1995-07-31,9.038,9.038,9.038,9.038,
1995-08-01,9.083,9.083,9.083,9.083,
1995-08-02,9.083,9.083,9.083,9.083,
1995-08-03,9.061,9.061,9.061,9.061,
1995-08-04,9.083,9.083,9.083,9.083,
1995-08-07,9.106,9.106,9.106,9.106,
1995-08-08,8.969,8.969,8.969,8.969,
1995-08-09,9.015,9.015,9.015,9.015,
1995-08-10,9.003,9.003,9.003,9.003,
1995-08-11,8.946,8.946,8.946,8.946,
1995-08-14,8.946,8.946,8.946,8.946,
1995-08-15,8.854,8.854,8.854,8.854,
1995-08-16,8.692,8.692,8.692,8.692,
1995-08-17,8.692,8.692,8.692,8.692,
1995-08-18,8.738,8.738,8.738,8.738,
1995-08-21,8.715,8.715,8.715,8.715,
1995-08-22,8.784,8.784,8.784,8.784,
1995-08-23,8.784,8.784,8.784,8.784,
1995-08-24,8.761,8.761,8.761,8.761,
1995-08-25,8.854,8.854,8.854,8.854,
1995-08-28,8.9,8.9,8.9,8.9,
1995-08-29,8.946,8.946,8.946,8.946,
1995-08-30,8.992,8.992,8.992,8.992,
1995-08-31,8.946,8.946,8.946,8.946,
1995-09-01,9.085,9.085,9.085,9.085,
1995-09-05,9.224,9.224,9.224,9.224,
1995-09-06,9.177,9.177,9.177,9.177,
1995-09-07,9.062,9.062,9.062,9.062,
1995-09-08,9.085,9.085,9.085,9.085,
1995-09-11,9.085,9.085,9.085,9.085,
1995-09-12,9.224,9.224,9.224,9.224,
1995-09-13,9.154,9.154,9.154,9.154,
1995-09-14,9.177,9.177,9.177,9.177,
1995-09-15,9.293,9.293,9.293,9.293,
1995-09-18,9.2,9.2,9.2,9.2,
1995-09-19,9.224,9.224,9.224,9.224,
1995-09-20,9.293,9.293,9.293,9.293,
1995-09-21,9.224,9.224,9.224,9.224,
1995-09-22,9.154,9.154,9.154,9.154,
1995-09-25,9.131,9.131,9.131,9.131,
1995-09-26,8.992,8.992,8.992,8.992,
1995-09-27,8.992,8.992,8.992,8.992,
1995-09-28,9.039,9.039,9.039,9.039,
1995-09-29,9.016,9.016,9.016,9.016,
1995-10-02,8.992,8.992,8.992,8.992,
1995-10-03,9.039,9.039,9.039,9.039,
1995-10-04,9.293,9.293,9.293,9.293,
1995-10-05,9.131,9.131,9.131,9.131,
1995-10-06,9.085,9.085,9.085,9.085,
1995-10-09,9.224,9.224,9.224,9.224,
1995-10-10,9.224,9.224,9.224,9.224,
1995-10-11,9.131,9.131,9.131,9.131,
1995-10-12,9.085,9.085,9.085,9.085,
1995-10-13,9.062,9.062,9.062,9.062,
1995-10-16,8.923,8.923,8.923,8.923,
1995-10-17,8.854,8.854,8.854,8.854,
1995-10-18,8.807,8.807,8.807,8.807,
1995-10-19,8.831,8.831,8.831,8.831,
1995-10-20,8.9,8.9,8.9,8.9,
1995-10-23,8.831,8.831,8.831,8.831,
1995-10-24,8.831,8.831,8.831,8.831,
1995-10-25,8.738,8.738,8.738,8.738,
1995-10-26,8.669,8.669,8.669,8.669,
1995-10-27,8.576,8.576,8.576,8.576,
1995-10-30,8.576,8.576,8.576,8.576,
1995-10-31,8.646,8.646,8.646,8.646,
1995-11-01,8.807,8.807,8.807,8.807,
1995-11-02,8.784,8.784,8.784,8.784,
1995-11-03,8.877,8.877,8.877,8.877,
1995-11-06,8.923,8.923,8.923,8.923,
1995-11-07,8.9,8.9,8.9,8.9,
1995-11-08,8.9,8.9,8.9,8.9,
1995-11-09,8.831,8.831,8.831,8.831,
1995-11-10,8.807,8.807,8.807,8.807,
1995-11-13,8.9,8.9,8.9,8.9,
1995-11-14,8.946,8.946,8.946,8.946,
1995-11-15,9.016,9.016,9.016,9.016,
1995-11-16,9.203,9.203,9.203,9.203,
1995-11-17,9.367,9.367,9.367,9.367,
1995-11-20,9.343,9.343,9.343,9.343,
1995-11-21,9.507,9.507,9.507,9.507,
1995-11-22,9.25,9.25,9.25,9.25,
1995-11-24,9.203,9.203,9.203,9.203,
1995-11-27,9.226,9.226,9.226,9.226,
1995-11-28,9.25,9.25,9.25,9.25,
1995-11-29,9.273,9.273,9.273,9.273,
1995-11-30,9.226,9.226,9.226,9.226,
1995-12-01,9.226,9.226,9.226,9.226,
1995-12-04,9.413,9.413,9.413,9.413,
1995-12-05,9.483,9.483,9.483,9.483,
1995-12-06,9.483,9.483,9.483,9.483,
1995-12-07,9.44,9.44,9.44,9.44,
1995-12-08,9.565,9.565,9.565,9.565,
1995-12-11,9.857,9.857,9.857,9.857,
1995-12-12,9.857,9.857,9.857,9.857,
1995-12-13,9.974,9.974,9.974,9.974,
1995-12-14,9.694,9.694,9.694,9.694,
1995-12-15,9.764,9.764,9.764,9.764,
1995-12-18,9.46,9.46,9.46,9.46,
1995-12-19,9.507,9.507,9.507,9.507,
1995-12-20,9.577,9.577,9.577,9.577,
1995-12-21,9.717,9.717,9.717,9.717,
1995-12-22,9.74,9.74,9.74,9.74,
1995-12-26,9.81,9.81,9.81,9.81,
1995-12-27,9.81,9.81,9.81,9.81,
1995-12-28,9.834,9.834,9.834,9.834,
1995-12-29,9.787,9.787,9.787,9.787,
1996-01-02,9.881,9.881,9.881,9.881,
1996-01-03,9.904,9.904,9.904,9.904,
1996-01-04,10.184,10.184,10.184,10.184,
1996-01-05,10.348,10.348,10.348,10.348,
1996-01-08,10.394,10.394,10.394,10.394,
1996-01-09,10.435,10.435,10.435,10.435,
1996-01-10,9.904,9.904,9.904,9.904,
1996-01-11,9.927,9.927,9.927,9.927,
1996-01-12,9.834,9.834,9.834,9.834,
1996-01-15,9.904,9.904,9.904,9.904,
1996-01-16,9.951,9.951,9.951,9.951,
1996-01-17,10.021,10.021,10.021,10.021,
1996-01-18,9.974,9.974,9.974,9.974,
1996-01-19,10.091,10.091,10.091,10.091,
1996-01-22,10.021,10.021,10.021,10.021,
1996-01-23,9.67,9.67,9.67,9.67,
1996-01-24,9.67,9.67,9.67,9.67,
1996-01-25,9.787,9.787,9.787,9.787,
1996-01-26,9.81,9.81,9.81,9.81,
1996-01-29,9.834,9.834,9.834,9.834,
1996-01-30,9.67,9.67,9.67,9.67,
1996-01-31,9.694,9.694,9.694,9.694,
1996-02-01,9.927,9.927,9.927,9.927,
1996-02-02,9.857,9.857,9.857,9.857,
1996-02-05,9.764,9.764,9.764,9.764,
1996-02-06,9.74,9.74,9.74,9.74,
1996-02-07,9.714,9.714,9.714,9.714,
1996-02-08,9.904,9.904,9.904,9.904,
1996-02-09,10.231,10.231,10.231,10.231,
1996-02-12,10.488,10.488,10.488,10.488,
1996-02-13,10.582,10.582,10.582,10.582,
1996-02-14,10.464,10.464,10.464,10.464,
1996-02-15,10.559,10.559,10.559,10.559,
1996-02-16,10.511,10.511,10.511,10.511,
1996-02-20,10.511,10.511,10.511,10.511,
1996-02-21,10.629,10.629,10.629,10.629,
1996-02-22,10.959,10.959,10.959,10.959,
1996-02-23,10.794,10.794,10.794,10.794,
1996-02-26,10.606,10.606,10.606,10.606,
1996-02-27,10.511,10.511,10.511,10.511,
1996-02-28,10.276,10.276,10.276,10.276,
1996-02-29,10.488,10.488,10.488,10.488,
1996-03-01,10.606,10.606,10.606,10.606,
1996-03-04,10.511,10.511,10.511,10.511,
1996-03-05,10.441,10.441,10.441,10.441,
1996-03-06,10.559,10.559,10.559,10.559,
1996-03-07,10.464,10.464,10.464,10.464,
1996-03-08,10.111,10.111,10.111,10.111,
1996-03-11,10.299,10.299,10.299,10.299,
1996-03-12,10.276,10.276,10.276,10.276,
1996-03-13,10.37,10.37,10.37,10.37,
1996-03-14,10.559,10.559,10.559,10.559,
1996-03-15,10.346,10.346,10.346,10.346,
1996-03-18,10.747,10.747,10.747,10.747,
1996-03-19,10.747,10.747,10.747,10.747,
1996-03-20,10.535,10.535,10.535,10.535,
1996-03-21,10.488,10.488,10.488,10.488,
1996-03-22,10.417,10.417,10.417,10.417,
1996-03-25,10.535,10.535,10.535,10.535,
1996-03-26,10.771,10.771,10.771,10.771,
1996-03-27,10.771,10.771,10.771,10.771,
1996-03-28,10.818,10.818,10.818,10.818,
1996-03-29,10.582,10.582,10.582,10.582,
1996-04-01,10.606,10.606,10.606,10.606,
1996-04-02,10.771,10.771,10.771,10.771,
1996-04-03,10.818,10.818,10.818,10.818,
1996-04-04,10.841,10.841,10.841,10.841,
1996-04-08,10.676,10.676,10.676,10.676,
1996-04-09,10.629,10.629,10.629,10.629,
1996-04-10,10.511,10.511,10.511,10.511,
1996-04-11,10.535,10.535,10.535,10.535,
1996-04-12,10.441,10.441,10.441,10.441,
1996-04-15,10.676,10.676,10.676,10.676,
1996-04-16,10.676,10.676,10.676,10.676,
1996-04-17,10.559,10.559,10.559,10.559,
1996-04-18,10.464,10.464,10.464,10.464,
1996-04-19,10.511,10.511,10.511,10.511,
1996-04-22,10.511,10.511,10.511,10.511,
1996-04-23,10.865,10.865,10.865,10.865,
1996-04-24,10.959,10.959,10.959,10.959,
1996-04-25,10.818,10.818,10.818,10.818,
1996-04-26,10.912,10.912,10.912,10.912,
1996-04-29,11.03,11.03,11.03,11.03,
1996-04-30,10.936,10.936,10.936,10.936,
1996-05-01,10.865,10.865,10.865,10.865,
1996-05-02,10.747,10.747,10.747,10.747,
1996-05-03,10.676,10.676,10.676,10.676,
1996-05-06,10.559,10.559,10.559,10.559,
1996-05-07,10.394,10.394,10.394,10.394,
1996-05-08,10.676,10.676,10.676,10.676,
1996-05-09,10.771,10.771,10.771,10.771,
1996-05-10,10.771,10.771,10.771,10.771,
1996-05-13,11.171,11.171,11.171,11.171,
1996-05-14,11.266,11.266,11.266,11.266,
1996-05-15,11.219,11.219,11.219,11.219,
1996-05-16,11.124,11.124,11.124,11.124,
1996-05-17,11.314,11.314,11.314,11.314,
1996-05-20,11.789,11.789,11.789,11.789,
1996-05-21,11.504,11.504,11.504,11.504,
1996-05-22,11.766,11.766,11.766,11.766,
1996-05-23,11.742,11.742,11.742,11.742,
1996-05-24,11.623,11.623,11.623,11.623,
1996-05-28,11.528,11.528,11.528,11.528,
1996-05-29,11.338,11.338,11.338,11.338,
1996-05-30,11.48,11.48,11.48,11.48,
1996-05-31,11.361,11.361,11.361,11.361,
1996-06-03,11.266,11.266,11.266,11.266,
1996-06-04,11.338,11.338,11.338,11.338,
1996-06-05,11.195,11.195,11.195,11.195,
1996-06-06,11.243,11.243,11.243,11.243,
1996-06-07,11.219,11.219,11.219,11.219,
1996-06-10,11.219,11.219,11.219,11.219,
1996-06-11,11.29,11.29,11.29,11.29,
1996-06-12,11.314,11.314,11.314,11.314,
1996-06-13,11.338,11.338,11.338,11.338,
1996-06-14,11.338,11.338,11.338,11.338,
1996-06-17,11.409,11.409,11.409,11.409,
1996-06-18,11.314,11.314,11.314,11.314,
1996-06-19,11.48,11.48,11.48,11.48,
1996-06-20,11.504,11.504,11.504,11.504,
1996-06-21,11.528,11.528,11.528,11.528,
1996-06-24,11.575,11.575,11.575,11.575,
1996-06-25,11.575,11.575,11.575,11.575,
1996-06-26,11.385,11.385,11.385,11.385,
1996-06-27,11.29,11.29,11.29,11.29,
1996-06-28,11.219,11.219,11.219,11.219,
1996-07-01,11.385,11.385,11.385,11.385,
1996-07-02,11.457,11.457,11.457,11.457,
1996-07-03,11.433,11.433,11.433,11.433,
1996-07-05,11.195,11.195,11.195,11.195,
1996-07-08,11.195,11.195,11.195,11.195,
1996-07-09,11.314,11.314,11.314,11.314,
1996-07-10,11.361,11.361,11.361,11.361,
1996-07-11,11.48,11.48,11.48,11.48,
1996-07-12,11.555,11.555,11.555,11.555,
1996-07-15,11.266,11.266,11.266,11.266,
1996-07-16,11.052,11.052,11.052,11.052,
1996-07-17,10.862,10.862,10.862,10.862,
1996-07-18,11.171,11.171,11.171,11.171,
1996-07-19,11.052,11.052,11.052,11.052,
1996-07-22,10.957,10.957,10.957,10.957,
1996-07-23,10.981,10.981,10.981,10.981,
1996-07-24,10.957,10.957,10.957,10.957,
1996-07-25,11.171,11.171,11.171,11.171,
1996-07-26,10.981,10.981,10.981,10.981,
1996-07-29,10.957,10.957,10.957,10.957,
1996-07-30,10.862,10.862,10.862,10.862,
1996-07-31,11.005,11.005,11.005,11.005,
1996-08-01,11.052,11.052,11.052,11.052,
1996-08-02,11.266,11.266,11.266,11.266,
1996-08-05,11.338,11.338,11.338,11.338,
1996-08-06,11.29,11.29,11.29,11.29,
1996-08-07,11.1,11.1,11.1,11.1,
1996-08-08,11.171,11.171,11.171,11.171,
1996-08-09,10.981,10.981,10.981,10.981,
1996-08-12,11.1,11.1,11.1,11.1,
1996-08-13,11.18,11.18,11.18,11.18,
1996-08-14,11.084,11.084,11.084,11.084,
1996-08-15,11.06,11.06,11.06,11.06,
1996-08-16,11.324,11.324,11.324,11.324,
1996-08-19,11.516,11.516,11.516,11.516,
1996-08-20,11.372,11.372,11.372,11.372,
1996-08-21,11.372,11.372,11.372,11.372,
1996-08-22,11.564,11.564,11.564,11.564,
1996-08-23,11.492,11.492,11.492,11.492,
1996-08-26,11.372,11.372,11.372,11.372,
1996-08-27,11.468,11.468,11.468,11.468,
1996-08-28,11.492,11.492,11.492,11.492,
1996-08-29,11.372,11.372,11.372,11.372,
1996-08-30,11.3,11.3,11.3,11.3,
1996-09-03,11.492,11.492,11.492,11.492,
1996-09-04,11.444,11.444,11.444,11.444,
1996-09-05,11.468,11.468,11.468,11.468,
1996-09-06,11.564,11.564,11.564,11.564,
1996-09-09,11.635,11.635,11.635,11.635,
1996-09-10,11.588,11.588,11.588,11.588,
1996-09-11,11.803,11.803,11.803,11.803,
1996-09-12,11.779,11.779,11.779,11.779,
1996-09-13,11.923,11.923,11.923,11.923,
1996-09-16,11.971,11.971,11.971,11.971,
1996-09-17,12.115,12.115,12.115,12.115,
1996-09-18,12.019,12.019,12.019,12.019,
1996-09-19,11.875,11.875,11.875,11.875,
1996-09-20,11.947,11.947,11.947,11.947,
1996-09-23,11.995,11.995,11.995,11.995,
1996-09-24,11.971,11.971,11.971,11.971,
1996-09-25,11.923,11.923,11.923,11.923,
1996-09-26,11.827,11.827,11.827,11.827,
1996-09-27,11.827,11.827,11.827,11.827,
1996-09-30,12.019,12.019,12.019,12.019,
1996-10-01,12.091,12.091,12.091,12.091,
1996-10-02,12.355,12.355,12.355,12.355,
1996-10-03,12.307,12.307,12.307,12.307,
1996-10-04,12.379,12.379,12.379,12.379,
1996-10-07,12.547,12.547,12.547,12.547,
1996-10-08,12.667,12.667,12.667,12.667,
1996-10-09,12.547,12.547,12.547,12.547,
1996-10-10,12.523,12.523,12.523,12.523,
1996-10-11,12.595,12.595,12.595,12.595,
1996-10-14,12.835,12.835,12.835,12.835,
1996-10-15,12.643,12.643,12.643,12.643,
1996-10-16,12.811,12.811,12.811,12.811,
1996-10-17,12.835,12.835,12.835,12.835,
1996-10-18,12.931,12.931,12.931,12.931,
1996-10-21,12.907,12.907,12.907,12.907,
1996-10-22,13.003,13.003,13.003,13.003,
1996-10-23,12.931,12.931,12.931,12.931,
1996-10-24,12.763,12.763,12.763,12.763,
1996-10-25,12.883,12.883,12.883,12.883,
1996-10-28,12.667,12.667,12.667,12.667,
1996-10-29,12.835,12.835,12.835,12.835,
1996-10-30,12.715,12.715,12.715,12.715,
1996-10-31,12.619,12.619,12.619,12.619,
1996-11-01,12.499,12.499,12.499,12.499,
1996-11-04,12.475,12.475,12.475,12.475,
1996-11-05,12.355,12.355,12.355,12.355,
1996-11-06,12.547,12.547,12.547,12.547,
1996-11-07,12.619,12.619,12.619,12.619,
1996-11-08,12.715,12.715,12.715,12.715,
1996-11-11,12.691,12.691,12.691,12.691,
1996-11-12,12.65,12.65,12.65,12.65,
1996-11-13,12.65,12.65,12.65,12.65,
1996-11-14,12.771,12.771,12.771,12.771,
1996-11-15,12.699,12.699,12.699,12.699,
1996-11-18,12.747,12.747,12.747,12.747,
1996-11-19,13.062,13.062,13.062,13.062,
1996-11-20,13.013,13.013,13.013,13.013,
1996-11-21,12.965,12.965,12.965,12.965,
1996-11-22,13.037,13.037,13.037,13.037,
1996-11-25,13.11,13.11,13.11,13.11,
1996-11-26,13.183,13.183,13.183,13.183,
1996-11-27,12.892,12.892,12.892,12.892,
1996-11-29,12.965,12.965,12.965,12.965,
1996-12-02,12.965,12.965,12.965,12.965,
1996-12-03,12.675,12.675,12.675,12.675,
1996-12-04,12.602,12.602,12.602,12.602,
1996-12-05,12.723,12.723,12.723,12.723,
1996-12-06,12.457,12.457,12.457,12.457,
1996-12-09,12.457,12.457,12.457,12.457,
1996-12-10,12.312,12.312,12.312,12.312,
1996-12-11,12.167,12.167,12.167,12.167,
1996-12-12,11.852,11.852,11.852,11.852,
1996-12-13,11.997,11.997,11.997,11.997,
1996-12-16,12.215,12.215,12.215,12.215,
1996-12-17,12.239,12.239,12.239,12.239,
1996-12-18,12.409,12.409,12.409,12.409,
1996-12-19,12.747,12.747,12.747,12.747,
1996-12-20,12.747,12.747,12.747,12.747,
1996-12-23,12.771,12.771,12.771,12.771,
1996-12-24,12.675,12.675,12.675,12.675,
1996-12-26,12.796,12.796,12.796,12.796,
1996-12-27,12.771,12.771,12.771,12.771,
1996-12-30,12.868,12.868,12.868,12.868,
1996-12-31,12.578,12.578,12.578,12.578,
1997-01-02,12.747,12.747,12.747,12.747,
1997-01-03,12.796,12.796,12.796,12.796,
1997-01-06,12.941,12.941,12.941,12.941,
1997-01-07,13.11,13.11,13.11,13.11,
1997-01-08,12.917,12.917,12.917,12.917,
1997-01-09,13.231,13.231,13.231,13.231,
1997-01-10,13.449,13.449,13.449,13.449,
1997-01-13,13.183,13.183,13.183,13.183,
1997-01-14,13.158,13.158,13.158,13.158,
1997-01-15,13.255,13.255,13.255,13.255,
1997-01-16,13.255,13.255,13.255,13.255,
1997-01-17,13.037,13.037,13.037,13.037,
1997-01-20,12.989,12.989,12.989,12.989,
1997-01-21,13.086,13.086,13.086,13.086,
1997-01-22,12.989,12.989,12.989,12.989,
1997-01-23,12.771,12.771,12.771,12.771,
1997-01-24,12.796,12.796,12.796,12.796,
1997-01-27,12.82,12.82,12.82,12.82,
1997-01-28,12.578,12.578,12.578,12.578,
1997-01-29,12.892,12.892,12.892,12.892,
1997-01-30,12.941,12.941,12.941,12.941,
1997-01-31,12.844,12.844,12.844,12.844,
1997-02-03,12.82,12.82,12.82,12.82,
1997-02-04,12.868,12.868,12.868,12.868,
1997-02-05,12.699,12.699,12.699,12.699,
1997-02-06,12.65,12.65,12.65,12.65,
1997-02-07,12.723,12.723,12.723,12.723,
1997-02-10,12.602,12.602,12.602,12.602,
1997-02-11,13.037,13.037,13.037,13.037,
1997-02-12,13.376,13.376,13.376,13.376,
1997-02-13,13.328,13.328,13.328,13.328,
1997-02-14,13.231,13.231,13.231,13.231,
1997-02-18,13.263,13.263,13.263,13.263,
1997-02-19,13.117,13.117,13.117,13.117,
1997-02-20,12.8,12.8,12.8,12.8,
1997-02-21,13.044,13.044,13.044,13.044,
1997-02-24,12.922,12.922,12.922,12.922,
1997-02-25,13.288,13.288,13.288,13.288,
1997-02-26,13.068,13.068,13.068,13.068,
1997-02-27,12.946,12.946,12.946,12.946,
1997-02-28,12.58,12.58,12.58,12.58,
1997-03-03,12.8,12.8,12.8,12.8,
1997-03-04,12.702,12.702,12.702,12.702,
1997-03-05,12.751,12.751,12.751,12.751,
1997-03-06,12.971,12.971,12.971,12.971,
1997-03-07,12.897,12.897,12.897,12.897,
1997-03-10,13.141,13.141,13.141,13.141,
1997-03-11,13.117,13.117,13.117,13.117,
1997-03-12,13.044,13.044,13.044,13.044,
1997-03-13,12.922,12.922,12.922,12.922,
1997-03-14,13.141,13.141,13.141,13.141,
1997-03-17,13.092,13.092,13.092,13.092,
1997-03-18,13.044,13.044,13.044,13.044,
1997-03-19,13.214,13.214,13.214,13.214,
1997-03-20,13.239,13.239,13.239,13.239,
1997-03-21,13.507,13.507,13.507,13.507,
1997-03-24,13.726,13.726,13.726,13.726,
1997-03-25,13.97,13.97,13.97,13.97,
1997-03-26,14.068,14.068,14.068,14.068,
1997-03-27,13.58,13.58,13.58,13.58,
1997-03-31,13.58,13.58,13.58,13.58,
1997-04-01,13.434,13.434,13.434,13.434,
1997-04-02,13.068,13.068,13.068,13.068,
1997-04-03,12.556,12.556,12.556,12.556,
1997-04-04,12.678,12.678,12.678,12.678,
1997-04-07,12.678,12.678,12.678,12.678,
1997-04-08,12.702,12.702,12.702,12.702,
1997-04-09,12.727,12.727,12.727,12.727,
1997-04-10,12.58,12.58,12.58,12.58,
1997-04-11,12.142,12.142,12.142,12.142,
1997-04-14,12.459,12.459,12.459,12.459,
1997-04-15,12.507,12.507,12.507,12.507,
1997-04-16,12.678,12.678,12.678,12.678,
1997-04-17,12.41,12.41,12.41,12.41,
1997-04-18,12.605,12.605,12.605,12.605,
1997-04-21,12.629,12.629,12.629,12.629,
1997-04-22,12.995,12.995,12.995,12.995,
1997-04-23,12.995,12.995,12.995,12.995,
1997-04-24,12.922,12.922,12.922,12.922,
1997-04-25,12.824,12.824,12.824,12.824,
1997-04-28,12.873,12.873,12.873,12.873,
1997-04-29,13.239,13.239,13.239,13.239,
1997-04-30,13.361,13.361,13.361,13.361,
1997-05-01,13.263,13.263,13.263,13.263,
1997-05-02,13.483,13.483,13.483,13.483,
1997-05-05,13.678,13.678,13.678,13.678,
1997-05-06,13.556,13.556,13.556,13.556,
1997-05-07,13.58,13.58,13.58,13.58,
1997-05-08,13.775,13.775,13.775,13.775,
1997-05-09,13.921,13.921,13.921,13.921,
1997-05-12,14.19,14.19,14.19,14.19,
1997-05-13,14.141,14.141,14.141,14.141,
1997-05-14,14.068,14.068,14.068,14.068,
1997-05-15,13.824,13.824,13.824,13.824,
1997-05-16,13.815,13.815,13.815,13.815,
1997-05-19,13.889,13.889,13.889,13.889,
1997-05-20,13.84,13.84,13.84,13.84,
1997-05-21,13.79,13.79,13.79,13.79,
1997-05-22,13.668,13.668,13.668,13.668,
1997-05-23,13.963,13.963,13.963,13.963,
1997-05-27,13.815,13.815,13.815,13.815,
1997-05-28,13.79,13.79,13.79,13.79,
1997-05-29,13.938,13.938,13.938,13.938,
1997-05-30,13.766,13.766,13.766,13.766,
1997-06-02,13.79,13.79,13.79,13.79,
1997-06-03,14.036,14.036,14.036,14.036,
1997-06-04,14.184,14.184,14.184,14.184,
1997-06-05,14.159,14.159,14.159,14.159,
1997-06-06,14.233,14.233,14.233,14.233,
1997-06-09,14.135,14.135,14.135,14.135,
1997-06-10,14.43,14.43,14.43,14.43,
1997-06-11,14.528,14.528,14.528,14.528,
1997-06-12,14.725,14.725,14.725,14.725,
1997-06-13,14.946,14.946,14.946,14.946,
1997-06-16,15.118,15.118,15.118,15.118,
1997-06-17,14.97,14.97,14.97,14.97,
1997-06-18,14.602,14.602,14.602,14.602,
1997-06-19,14.626,14.626,14.626,14.626,
1997-06-20,14.651,14.651,14.651,14.651,
1997-06-23,14.307,14.307,14.307,14.307,
1997-06-24,14.602,14.602,14.602,14.602,
1997-06-25,14.516,14.516,14.516,14.516,
1997-06-26,14.528,14.528,14.528,14.528,
1997-06-27,14.307,14.307,14.307,14.307,
1997-06-30,14.54,14.54,14.54,14.54,
1997-07-01,14.835,14.835,14.835,14.835,
1997-07-02,14.823,14.823,14.823,14.823,
1997-07-03,14.921,14.921,14.921,14.921,
1997-07-07,14.847,14.847,14.847,14.847,
1997-07-08,14.897,14.897,14.897,14.897,
1997-07-09,14.626,14.626,14.626,14.626,
1997-07-10,14.675,14.675,14.675,14.675,
1997-07-11,14.897,14.897,14.897,14.897,
1997-07-14,14.909,14.909,14.909,14.909,
1997-07-15,15.069,15.069,15.069,15.069,
1997-07-16,15.253,15.253,15.253,15.253,
1997-07-17,15.216,15.216,15.216,15.216,
1997-07-18,14.872,14.872,14.872,14.872,
1997-07-21,14.725,14.725,14.725,14.725,
1997-07-22,15.265,15.265,15.265,15.265,
1997-07-23,15.106,15.106,15.106,15.106,
1997-07-24,15.118,15.118,15.118,15.118,
1997-07-25,15.339,15.339,15.339,15.339,
1997-07-28,15.401,15.401,15.401,15.401,
1997-07-29,15.462,15.462,15.462,15.462,
1997-07-30,15.634,15.634,15.634,15.634,
1997-07-31,15.536,15.536,15.536,15.536,
1997-08-01,15.462,15.462,15.462,15.462,
1997-08-04,15.634,15.634,15.634,15.634,
1997-08-05,15.708,15.708,15.708,15.708,
1997-08-06,15.769,15.769,15.769,15.769,
1997-08-07,15.339,15.339,15.339,15.339,
1997-08-08,15.278,15.278,15.278,15.278,
1997-08-11,15.745,15.745,15.745,15.745,
1997-08-12,15.892,15.892,15.892,15.892,
1997-08-13,15.536,15.536,15.536,15.536,
1997-08-14,15.45,15.45,15.45,15.45,
1997-08-15,15.179,15.179,15.179,15.179,
1997-08-18,15.381,15.381,15.381,15.381,
1997-08-19,15.641,15.641,15.641,15.641,
1997-08-20,15.703,15.703,15.703,15.703,
1997-08-21,15.604,15.604,15.604,15.604,
1997-08-22,15.74,15.74,15.74,15.74,
1997-08-25,15.567,15.567,15.567,15.567,
1997-08-26,15.505,15.505,15.505,15.505,
1997-08-27,15.839,15.839,15.839,15.839,
1997-08-28,15.666,15.666,15.666,15.666,
1997-08-29,15.344,15.344,15.344,15.344,
1997-09-02,15.926,15.926,15.926,15.926,
1997-09-03,15.889,15.889,15.889,15.889,
1997-09-04,15.827,15.827,15.827,15.827,
1997-09-05,15.53,15.53,15.53,15.53,
1997-09-08,15.988,15.988,15.988,15.988,
1997-09-09,16.174,16.174,16.174,16.174,
1997-09-10,16.074,16.074,16.074,16.074,
1997-09-11,16.013,16.013,16.013,16.013,
1997-09-12,16.322,16.322,16.322,16.322,
1997-09-15,16.359,16.359,16.359,16.359,
1997-09-16,17.251,17.251,17.251,17.251,
1997-09-17,17.164,17.164,17.164,17.164,
1997-09-18,17.536,17.536,17.536,17.536,
1997-09-19,17.3,17.3,17.3,17.3,
1997-09-22,16.873,16.873,16.873,16.873,
1997-09-23,16.929,16.929,16.929,16.929,
1997-09-24,16.756,16.756,16.756,16.756,
1997-09-25,16.384,16.384,16.384,16.384,
1997-09-26,16.458,16.458,16.458,16.458,
1997-09-29,16.743,16.743,16.743,16.743,
1997-09-30,16.458,16.458,16.458,16.458,
1997-10-01,16.867,16.867,16.867,16.867,
1997-10-02,16.731,16.731,16.731,16.731,
1997-10-03,17.016,17.016,17.016,17.016,
1997-10-06,17.4,17.4,17.4,17.4,
1997-10-07,17.573,17.573,17.573,17.573,
1997-10-08,17.35,17.35,17.35,17.35,
1997-10-09,17.226,17.226,17.226,17.226,
1997-10-10,17.003,17.003,17.003,17.003,
1997-10-13,16.941,16.941,16.941,16.941,
1997-10-14,16.917,16.917,16.917,16.917,
1997-10-15,17.177,17.177,17.177,17.177,
1997-10-16,17.04,17.04,17.04,17.04,
1997-10-17,16.644,16.644,16.644,16.644,
1997-10-20,17.239,17.239,17.239,17.239,
1997-10-21,17.4,17.4,17.4,17.4,
1997-10-22,17.127,17.127,17.127,17.127,
1997-10-23,16.545,16.545,16.545,16.545,
1997-10-24,16.545,16.545,16.545,16.545,
1997-10-27,15.852,15.852,15.852,15.852,
1997-10-28,16.322,16.322,16.322,16.322,
1997-10-29,16.037,16.037,16.037,16.037,
1997-10-30,15.901,15.901,15.901,15.901,
1997-10-31,16.434,16.434,16.434,16.434,
1997-11-03,17.189,17.189,17.189,17.189,
1997-11-04,17.078,17.078,17.078,17.078,
1997-11-05,16.793,16.793,16.793,16.793,
1997-11-06,16.694,16.694,16.694,16.694,
1997-11-07,16.545,16.545,16.545,16.545,
1997-11-10,16.607,16.607,16.607,16.607,
1997-11-11,16.793,16.793,16.793,16.793,
1997-11-12,16.223,16.223,16.223,16.223,
1997-11-13,16.248,16.248,16.248,16.248,
1997-11-14,16.632,16.632,16.632,16.632,
1997-11-17,16.582,16.582,16.582,16.582,
1997-11-18,16.473,16.473,16.473,16.473,
1997-11-19,16.424,16.424,16.424,16.424,
1997-11-20,16.798,16.798,16.798,16.798,
1997-11-21,16.86,16.86,16.86,16.86,
1997-11-24,16.536,16.536,16.536,16.536,
1997-11-25,16.112,16.112,16.112,16.112,
1997-11-26,15.925,15.925,15.925,15.925,
1997-11-28,16.0,16.0,16.0,16.0,
1997-12-01,15.887,15.887,15.887,15.887,
1997-12-02,15.663,15.663,15.663,15.663,
1997-12-03,15.675,15.675,15.675,15.675,
1997-12-04,15.488,15.488,15.488,15.488,
1997-12-05,15.813,15.813,15.813,15.813,
1997-12-08,15.837,15.837,15.837,15.837,
1997-12-09,15.663,15.663,15.663,15.663,
1997-12-10,15.613,15.613,15.613,15.613,
1997-12-11,15.476,15.476,15.476,15.476,
1997-12-12,15.064,15.064,15.064,15.064,
1997-12-15,15.201,15.201,15.201,15.201,
1997-12-16,15.114,15.114,15.114,15.114,
1997-12-17,14.94,14.94,14.94,14.94,
1997-12-18,14.777,14.777,14.777,14.777,
1997-12-19,14.802,14.802,14.802,14.802,
1997-12-22,15.002,15.002,15.002,15.002,
1997-12-23,14.84,14.84,14.84,14.84,
1997-12-24,15.039,15.039,15.039,15.039,
1997-12-26,15.027,15.027,15.027,15.027,
1997-12-29,15.463,15.463,15.463,15.463,
1997-12-30,15.576,15.576,15.576,15.576,
1997-12-31,15.364,15.364,15.364,15.364,
1998-01-02,15.551,15.551,15.551,15.551,
1998-01-05,15.102,15.102,15.102,15.102,
1998-01-06,14.715,14.715,14.715,14.715,
1998-01-07,15.239,15.239,15.239,15.239,
1998-01-08,14.665,14.665,14.665,14.665,
1998-01-09,14.191,14.191,14.191,14.191,
1998-01-12,14.628,14.628,14.628,14.628,
1998-01-13,14.89,14.89,14.89,14.89,
1998-01-14,15.064,15.064,15.064,15.064,
1998-01-15,15.177,15.177,15.177,15.177,
1998-01-16,15.314,15.314,15.314,15.314,
1998-01-20,15.551,15.551,15.551,15.551,
1998-01-21,15.364,15.364,15.364,15.364,
1998-01-22,15.052,15.052,15.052,15.052,
1998-01-23,14.765,14.765,14.765,14.765,
1998-01-26,15.077,15.077,15.077,15.077,
1998-01-27,15.251,15.251,15.251,15.251,
1998-01-28,15.189,15.189,15.189,15.189,
1998-01-29,15.351,15.351,15.351,15.351,
1998-01-30,14.915,14.915,14.915,14.915,
1998-02-02,15.089,15.089,15.089,15.089,
1998-02-03,15.152,15.152,15.152,15.152,
1998-02-04,15.164,15.164,15.164,15.164,
1998-02-05,15.389,15.389,15.389,15.389,
1998-02-06,15.501,15.501,15.501,15.501,
1998-02-09,15.251,15.251,15.251,15.251,
1998-02-10,15.064,15.064,15.064,15.064,
1998-02-11,15.226,15.226,15.226,15.226,
1998-02-12,15.438,15.438,15.438,15.438,
1998-02-13,15.538,15.538,15.538,15.538,
1998-02-17,15.451,15.451,15.451,15.451,
1998-02-18,15.838,15.838,15.838,15.838,
1998-02-19,15.762,15.762,15.762,15.762,
1998-02-20,15.926,15.926,15.926,15.926,
1998-02-23,15.486,15.486,15.486,15.486,
1998-02-24,15.85,15.85,15.85,15.85,
1998-02-25,15.988,15.988,15.988,15.988,
1998-02-26,16.139,16.139,16.139,16.139,
1998-02-27,16.265,16.265,16.265,16.265,
1998-03-02,16.604,16.604,16.604,16.604,
1998-03-03,16.843,16.843,16.843,16.843,
1998-03-04,16.793,16.793,16.793,16.793,
1998-03-05,17.006,17.006,17.006,17.006,
1998-03-06,16.981,16.981,16.981,16.981,
1998-03-09,16.479,16.479,16.479,16.479,
1998-03-10,16.805,16.805,16.805,16.805,
1998-03-11,16.893,16.893,16.893,16.893,
1998-03-12,16.642,16.642,16.642,16.642,
1998-03-13,16.667,16.667,16.667,16.667,
1998-03-16,16.667,16.667,16.667,16.667,
1998-03-17,16.504,16.504,16.504,16.504,
1998-03-18,16.818,16.818,16.818,16.818,
1998-03-19,16.856,16.856,16.856,16.856,
1998-03-20,17.472,17.472,17.472,17.472,
1998-03-23,17.472,17.472,17.472,17.472,
1998-03-24,17.182,17.182,17.182,17.182,
1998-03-25,16.856,16.856,16.856,16.856,
1998-03-26,16.956,16.956,16.956,16.956,
1998-03-27,16.692,16.692,16.692,16.692,
1998-03-30,16.705,16.705,16.705,16.705,
1998-03-31,16.152,16.152,16.152,16.152,
1998-04-01,16.592,16.592,16.592,16.592,
1998-04-02,16.78,16.78,16.78,16.78,
1998-04-03,16.479,16.479,16.479,16.479,
1998-04-06,16.114,16.114,16.114,16.114,
1998-04-07,16.24,16.24,16.24,16.24,
1998-04-08,15.9,15.9,15.9,15.9,
1998-04-09,16.152,16.152,16.152,16.152,
1998-04-13,15.863,15.863,15.863,15.863,
1998-04-14,15.863,15.863,15.863,15.863,
1998-04-15,16.101,16.101,16.101,16.101,
1998-04-16,16.843,16.843,16.843,16.843,
1998-04-17,16.768,16.768,16.768,16.768,
1998-04-20,16.843,16.843,16.843,16.843,
1998-04-21,17.082,17.082,17.082,17.082,
1998-04-22,16.906,16.906,16.906,16.906,
1998-04-23,16.944,16.944,16.944,16.944,
1998-04-24,16.579,16.579,16.579,16.579,
1998-04-27,16.768,16.768,16.768,16.768,
1998-04-28,16.554,16.554,16.554,16.554,
1998-04-29,16.743,16.743,16.743,16.743,
1998-04-30,16.629,16.629,16.629,16.629,
1998-05-01,17.371,17.371,17.371,17.371,
1998-05-04,17.333,17.333,17.333,17.333,
1998-05-05,17.333,17.333,17.333,17.333,
1998-05-06,17.233,17.233,17.233,17.233,
1998-05-07,16.994,16.994,16.994,16.994,
1998-05-08,17.069,17.069,17.069,17.069,
1998-05-11,17.094,17.094,17.094,17.094,
1998-05-12,16.956,16.956,16.956,16.956,
1998-05-13,17.006,17.006,17.006,17.006,
1998-05-14,17.27,17.27,17.27,17.27,
1998-05-15,17.094,17.094,17.094,17.094,
1998-05-18,16.75,16.75,16.75,16.75,
1998-05-19,16.648,16.648,16.648,16.648,
1998-05-20,16.509,16.509,16.509,16.509,
1998-05-21,16.357,16.357,16.357,16.357,
1998-05-22,16.395,16.395,16.395,16.395,
1998-05-26,16.028,16.028,16.028,16.028,
1998-05-27,16.155,16.155,16.155,16.155,
1998-05-28,16.256,16.256,16.256,16.256,
1998-05-29,16.18,16.18,16.18,16.18,
1998-06-01,16.003,16.003,16.003,16.003,
1998-06-02,15.977,15.977,15.977,15.977,
1998-06-03,15.99,15.99,15.99,15.99,
1998-06-04,16.231,16.231,16.231,16.231,
1998-06-05,16.712,16.712,16.712,16.712,
1998-06-08,16.408,16.408,16.408,16.408,
1998-06-09,16.205,16.205,16.205,16.205,
1998-06-10,16.091,16.091,16.091,16.091,
1998-06-11,15.813,15.813,15.813,15.813,
1998-06-12,16.484,16.484,16.484,16.484,
1998-06-15,16.091,16.091,16.091,16.091,
1998-06-16,16.458,16.458,16.458,16.458,
1998-06-17,16.952,16.952,16.952,16.952,
1998-06-18,16.598,16.598,16.598,16.598,
1998-06-19,16.471,16.471,16.471,16.471,
1998-06-22,16.56,16.56,16.56,16.56,
1998-06-23,17.028,17.028,17.028,17.028,
1998-06-24,17.015,17.015,17.015,17.015,
1998-06-25,17.053,17.053,17.053,17.053,
1998-06-26,16.94,16.94,16.94,16.94,
1998-06-29,16.712,16.712,16.712,16.712,
1998-06-30,16.965,16.965,16.965,16.965,
1998-07-01,17.205,17.205,17.205,17.205,
1998-07-02,17.243,17.243,17.243,17.243,
1998-07-06,17.142,17.142,17.142,17.142,
1998-07-07,16.712,16.712,16.712,16.712,
1998-07-08,16.851,16.851,16.851,16.851,
1998-07-09,16.408,16.408,16.408,16.408,
1998-07-10,16.585,16.585,16.585,16.585,
1998-07-13,16.382,16.382,16.382,16.382,
1998-07-14,16.648,16.648,16.648,16.648,
1998-07-15,16.8,16.8,16.8,16.8,
1998-07-16,16.838,16.838,16.838,16.838,
1998-07-17,16.775,16.775,16.775,16.775,
1998-07-20,16.61,16.61,16.61,16.61,
1998-07-21,16.775,16.775,16.775,16.775,
1998-07-22,17.041,17.041,17.041,17.041,
1998-07-23,16.522,16.522,16.522,16.522,
1998-07-24,16.813,16.813,16.813,16.813,
1998-07-27,17.319,17.319,17.319,17.319,
1998-07-28,17.332,17.332,17.332,17.332,
1998-07-29,17.332,17.332,17.332,17.332,
1998-07-30,17.281,17.281,17.281,17.281,
1998-07-31,16.737,16.737,16.737,16.737,
1998-08-03,16.433,16.433,16.433,16.433,
1998-08-04,15.863,15.863,15.863,15.863,
1998-08-05,15.939,15.939,15.939,15.939,
1998-08-06,15.585,15.585,15.585,15.585,
1998-08-07,15.673,15.673,15.673,15.673,
1998-08-10,15.332,15.332,15.332,15.332,
1998-08-11,16.079,16.079,16.079,16.079,
1998-08-12,16.18,16.18,16.18,16.18,
1998-08-13,16.167,16.167,16.167,16.167,
1998-08-14,16.231,16.231,16.231,16.231,
1998-08-17,16.42,16.42,16.42,16.42,
1998-08-18,16.43,16.43,16.43,16.43,
1998-08-19,16.468,16.468,16.468,16.468,
1998-08-20,16.43,16.43,16.43,16.43,
1998-08-21,16.366,16.366,16.366,16.366,
1998-08-24,16.06,16.06,16.06,16.06,
1998-08-25,15.958,15.958,15.958,15.958,
1998-08-26,15.614,15.614,15.614,15.614,
1998-08-27,15.41,15.41,15.41,15.41,
1998-08-28,15.359,15.359,15.359,15.359,
1998-08-31,15.116,15.116,15.116,15.116,
1998-09-01,15.435,15.435,15.435,15.435,
1998-09-02,15.129,15.129,15.129,15.129,
1998-09-03,15.448,15.448,15.448,15.448,
1998-09-04,15.894,15.894,15.894,15.894,
1998-09-08,16.328,16.328,16.328,16.328,
1998-09-09,16.379,16.379,16.379,16.379,
1998-09-10,16.328,16.328,16.328,16.328,
1998-09-11,16.838,16.838,16.838,16.838,
1998-09-14,16.838,16.838,16.838,16.838,
1998-09-15,16.864,16.864,16.864,16.864,
1998-09-16,16.889,16.889,16.889,16.889,
1998-09-17,16.634,16.634,16.634,16.634,
1998-09-18,17.017,17.017,17.017,17.017,
1998-09-21,16.787,16.787,16.787,16.787,
1998-09-22,16.545,16.545,16.545,16.545,
1998-09-23,17.285,17.285,17.285,17.285,
1998-09-24,16.775,16.775,16.775,16.775,
1998-09-25,17.017,17.017,17.017,17.017,
1998-09-28,17.298,17.298,17.298,17.298,
1998-09-29,17.961,17.961,17.961,17.961,
1998-09-30,17.157,17.157,17.157,17.157,
1998-10-01,17.144,17.144,17.144,17.144,
1998-10-02,17.884,17.884,17.884,17.884,
1998-10-05,18.152,18.152,18.152,18.152,
1998-10-06,17.91,17.91,17.91,17.91,
1998-10-07,17.833,17.833,17.833,17.833,
1998-10-08,17.604,17.604,17.604,17.604,
1998-10-09,17.489,17.489,17.489,17.489,
1998-10-12,17.361,17.361,17.361,17.361,
1998-10-13,17.055,17.055,17.055,17.055,
1998-10-14,17.17,17.17,17.17,17.17,
1998-10-15,17.502,17.502,17.502,17.502,
1998-10-16,17.744,17.744,17.744,17.744,
1998-10-19,17.616,17.616,17.616,17.616,
1998-10-20,17.833,17.833,17.833,17.833,
1998-10-21,17.808,17.808,17.808,17.808,
1998-10-22,16.634,16.634,16.634,16.634,
1998-10-23,16.519,16.519,16.519,16.519,
1998-10-26,16.417,16.417,16.417,16.417,
1998-10-27,16.149,16.149,16.149,16.149,
1998-10-28,16.022,16.022,16.022,16.022,
1998-10-29,16.303,16.303,16.303,16.303,
1998-10-30,16.634,16.634,16.634,16.634,
1998-11-02,16.558,16.558,16.558,16.558,
1998-11-03,16.481,16.481,16.481,16.481,
1998-11-04,16.252,16.252,16.252,16.252,
1998-11-05,16.545,16.545,16.545,16.545,
1998-11-06,17.004,17.004,17.004,17.004,
1998-11-09,16.826,16.826,16.826,16.826,
1998-11-10,16.43,16.43,16.43,16.43,
1998-11-11,16.303,16.303,16.303,16.303,
1998-11-12,16.94,16.94,16.94,16.94,
1998-11-13,16.94,16.94,16.94,16.94,
1998-11-16,16.991,16.991,16.991,16.991,
1998-11-17,16.481,16.481,16.481,16.481,
1998-11-18,16.568,16.568,16.568,16.568,
1998-11-19,16.504,16.504,16.504,16.504,
1998-11-20,16.632,16.632,16.632,16.632,
1998-11-23,16.517,16.517,16.517,16.517,
1998-11-24,16.375,16.375,16.375,16.375,
1998-11-25,16.529,16.529,16.529,16.529,
1998-11-27,17.609,17.609,17.609,17.609,
1998-11-30,17.198,17.198,17.198,17.198,
1998-12-01,16.851,16.851,16.851,16.851,
1998-12-02,16.568,16.568,16.568,16.568,
1998-12-03,16.452,16.452,16.452,16.452,
1998-12-04,16.864,16.864,16.864,16.864,
1998-12-07,16.902,16.902,16.902,16.902,
1998-12-08,16.954,16.954,16.954,16.954,
1998-12-09,17.725,17.725,17.725,17.725,
1998-12-10,17.404,17.404,17.404,17.404,
1998-12-11,17.673,17.673,17.673,17.673,
1998-12-14,17.622,17.622,17.622,17.622,
1998-12-15,17.069,17.069,17.069,17.069,
1998-12-16,17.301,17.301,17.301,17.301,
1998-12-17,16.992,16.992,16.992,16.992,
1998-12-18,17.069,17.069,17.069,17.069,
1998-12-21,17.275,17.275,17.275,17.275,
1998-12-22,17.224,17.224,17.224,17.224,
1998-12-23,17.481,17.481,17.481,17.481,
1998-12-24,17.416,17.416,17.416,17.416,
1998-12-28,17.545,17.545,17.545,17.545,
1998-12-29,17.506,17.506,17.506,17.506,
1998-12-30,17.314,17.314,17.314,17.314,
1998-12-31,17.056,17.056,17.056,17.056,
1999-01-04,16.877,16.877,16.877,16.877,
1999-01-05,16.632,16.632,16.632,16.632,
1999-01-06,17.121,17.121,17.121,17.121,
1999-01-07,17.249,17.249,17.249,17.249,
1999-01-08,17.262,17.262,17.262,17.262,
1999-01-11,17.301,17.301,17.301,17.301,
1999-01-12,16.877,16.877,16.877,16.877,
1999-01-13,16.722,16.722,16.722,16.722,
1999-01-14,16.427,16.427,16.427,16.427,
1999-01-15,16.465,16.465,16.465,16.465,
1999-01-19,16.568,16.568,16.568,16.568,
1999-01-20,16.452,16.452,16.452,16.452,
1999-01-21,16.247,16.247,16.247,16.247,
1999-01-22,16.452,16.452,16.452,16.452,
1999-01-25,16.427,16.427,16.427,16.427,
1999-01-26,16.35,16.35,16.35,16.35,
1999-01-27,15.733,15.733,15.733,15.733,
1999-01-28,15.578,15.578,15.578,15.578,
1999-01-29,15.321,15.321,15.321,15.321,
1999-02-01,15.154,15.154,15.154,15.154,
1999-02-02,15.411,15.411,15.411,15.411,
1999-02-03,15.63,15.63,15.63,15.63,
1999-02-04,15.823,15.823,15.823,15.823,
1999-02-05,16.221,16.221,16.221,16.221,
1999-02-08,16.812,16.812,16.812,16.812,
1999-02-09,16.401,16.401,16.401,16.401,
1999-02-10,16.118,16.118,16.118,16.118,
1999-02-11,16.311,16.311,16.311,16.311,
1999-02-12,16.427,16.427,16.427,16.427,
1999-02-16,16.35,16.35,16.35,16.35,
1999-02-17,16.036,16.036,16.036,16.036,
1999-02-18,16.165,16.165,16.165,16.165,
1999-02-19,15.945,15.945,15.945,15.945,
1999-02-22,16.152,16.152,16.152,16.152,
1999-02-23,16.333,16.333,16.333,16.333,
1999-02-24,16.23,16.23,16.23,16.23,
1999-02-25,16.269,16.269,16.269,16.269,
1999-02-26,15.932,15.932,15.932,15.932,
1999-03-01,15.764,15.764,15.764,15.764,
1999-03-02,15.686,15.686,15.686,15.686,
1999-03-03,16.165,16.165,16.165,16.165,
1999-03-04,16.437,16.437,16.437,16.437,
1999-03-05,16.852,16.852,16.852,16.852,
1999-03-08,16.8,16.8,16.8,16.8,
1999-03-09,16.567,16.567,16.567,16.567,
1999-03-10,17.253,17.253,17.253,17.253,
1999-03-11,17.629,17.629,17.629,17.629,
1999-03-12,17.551,17.551,17.551,17.551,
1999-03-15,17.486,17.486,17.486,17.486,
1999-03-16,17.694,17.694,17.694,17.694,
1999-03-17,17.745,17.745,17.745,17.745,
1999-03-18,17.927,17.927,17.927,17.927,
1999-03-19,18.134,18.134,18.134,18.134,
1999-03-22,18.315,18.315,18.315,18.315,
1999-03-23,18.108,18.108,18.108,18.108,
1999-03-24,17.719,17.719,17.719,17.719,
1999-03-25,18.017,18.017,18.017,18.017,
1999-03-26,17.991,17.991,17.991,17.991,
1999-03-29,18.574,18.574,18.574,18.574,
1999-03-30,18.445,18.445,18.445,18.445,
1999-03-31,18.393,18.393,18.393,18.393,
1999-04-01,17.991,17.991,17.991,17.991,
1999-04-05,18.782,18.782,18.782,18.782,
1999-04-06,18.561,18.561,18.561,18.561,
1999-04-07,18.639,18.639,18.639,18.639,
1999-04-08,19.429,19.429,19.429,19.429,
1999-04-09,19.481,19.481,19.481,19.481,
1999-04-12,19.792,19.792,19.792,19.792,
1999-04-13,19.585,19.585,19.585,19.585,
1999-04-14,18.885,18.885,18.885,18.885,
1999-04-15,19.844,19.844,19.844,19.844,
1999-04-16,20.491,20.491,20.491,20.491,
1999-04-19,21.126,21.126,21.126,21.126,
1999-04-20,20.116,20.116,20.116,20.116,
1999-04-21,19.973,19.973,19.973,19.973,
1999-04-22,20.414,20.414,20.414,20.414,
1999-04-23,19.87,19.87,19.87,19.87,
1999-04-26,19.779,19.779,19.779,19.779,
1999-04-27,20.504,20.504,20.504,20.504,
1999-04-28,21.32,21.32,21.32,21.32,
1999-04-29,21.463,21.463,21.463,21.463,
1999-04-30,20.673,20.673,20.673,20.673,
1999-05-03,21.152,21.152,21.152,21.152,
1999-05-04,20.789,20.789,20.789,20.789,
1999-05-05,20.737,20.737,20.737,20.737,
1999-05-06,20.271,20.271,20.271,20.271,
1999-05-07,19.662,19.662,19.662,19.662,
1999-05-10,19.947,19.947,19.947,19.947,
1999-05-11,20.323,20.323,20.323,20.323,
1999-05-12,19.623,19.623,19.623,19.623,
1999-05-13,19.572,19.572,19.572,19.572,
1999-05-14,19.572,19.572,19.572,19.572,
1999-05-17,19.87,19.87,19.87,19.87,
1999-05-18,19.319,19.319,19.319,19.319,
1999-05-19,19.202,19.202,19.202,19.202,
1999-05-20,19.554,19.554,19.554,19.554,
1999-05-21,19.488,19.488,19.488,19.488,
1999-05-24,19.163,19.163,19.163,19.163,
1999-05-25,18.98,18.98,18.98,18.98,
1999-05-26,19.619,19.619,19.619,19.619,
1999-05-27,19.397,19.397,19.397,19.397,
1999-05-28,19.293,19.293,19.293,19.293,
1999-06-01,18.863,18.863,18.863,18.863,
1999-06-02,19.189,19.189,19.189,19.189,
1999-06-03,19.097,19.097,19.097,19.097,
1999-06-04,19.097,19.097,19.097,19.097,
1999-06-07,19.202,19.202,19.202,19.202,
1999-06-08,19.345,19.345,19.345,19.345,
1999-06-09,19.319,19.319,19.319,19.319,
1999-06-10,19.449,19.449,19.449,19.449,
1999-06-11,19.41,19.41,19.41,19.41,
1999-06-14,19.762,19.762,19.762,19.762,
1999-06-15,20.023,20.023,20.023,20.023,
1999-06-16,19.984,19.984,19.984,19.984,
1999-06-17,19.541,19.541,19.541,19.541,
1999-06-18,19.436,19.436,19.436,19.436,
1999-06-21,18.915,18.915,18.915,18.915,
1999-06-22,18.798,18.798,18.798,18.798,
1999-06-23,19.319,19.319,19.319,19.319,
1999-06-24,19.11,19.11,19.11,19.11,
1999-06-25,18.798,18.798,18.798,18.798,
1999-06-28,18.667,18.667,18.667,18.667,
1999-06-29,19.541,19.541,19.541,19.541,
1999-06-30,19.827,19.827,19.827,19.827,
1999-07-01,20.114,20.114,20.114,20.114,
1999-07-02,20.075,20.075,20.075,20.075,
1999-07-06,20.505,20.505,20.505,20.505,
1999-07-07,20.792,20.792,20.792,20.792,
1999-07-08,20.466,20.466,20.466,20.466,
1999-07-09,20.284,20.284,20.284,20.284,
1999-07-12,20.636,20.636,20.636,20.636,
1999-07-13,20.258,20.258,20.258,20.258,
1999-07-14,20.088,20.088,20.088,20.088,
1999-07-15,20.218,20.218,20.218,20.218,
1999-07-16,19.945,19.945,19.945,19.945,
1999-07-19,19.84,19.84,19.84,19.84,
1999-07-20,19.462,19.462,19.462,19.462,
1999-07-21,19.658,19.658,19.658,19.658,
1999-07-22,19.528,19.528,19.528,19.528,
1999-07-23,19.567,19.567,19.567,19.567,
1999-07-26,19.267,19.267,19.267,19.267,
1999-07-27,19.097,19.097,19.097,19.097,
1999-07-28,19.241,19.241,19.241,19.241,
1999-07-29,19.058,19.058,19.058,19.058,
1999-07-30,19.032,19.032,19.032,19.032,
1999-08-02,19.032,19.032,19.032,19.032,
1999-08-03,19.397,19.397,19.397,19.397,
1999-08-04,19.515,19.515,19.515,19.515,
1999-08-05,19.906,19.906,19.906,19.906,
1999-08-06,19.984,19.984,19.984,19.984,
1999-08-09,20.153,20.153,20.153,20.153,
1999-08-10,20.192,20.192,20.192,20.192,
1999-08-11,20.036,20.036,20.036,20.036,
1999-08-12,20.036,20.036,20.036,20.036,
1999-08-13,20.179,20.179,20.179,20.179,
1999-08-16,19.997,19.997,19.997,19.997,
1999-08-17,19.893,19.893,19.893,19.893,
1999-08-18,19.824,19.824,19.824,19.824,
1999-08-19,19.837,19.837,19.837,19.837,
1999-08-20,19.955,19.955,19.955,19.955,
1999-08-23,20.139,20.139,20.139,20.139,
1999-08-24,20.139,20.139,20.139,20.139,
1999-08-25,19.955,19.955,19.955,19.955,
1999-08-26,19.456,19.456,19.456,19.456,
1999-08-27,19.47,19.47,19.47,19.47,
1999-08-30,19.168,19.168,19.168,19.168,
1999-08-31,19.378,19.378,19.378,19.378,
1999-09-01,19.351,19.351,19.351,19.351,
1999-09-02,19.312,19.312,19.312,19.312,
1999-09-03,19.666,19.666,19.666,19.666,
1999-09-07,19.561,19.561,19.561,19.561,
1999-09-08,19.824,19.824,19.824,19.824,
1999-09-09,20.48,20.48,20.48,20.48,
1999-09-10,20.126,20.126,20.126,20.126,
1999-09-13,19.666,19.666,19.666,19.666,
1999-09-14,19.47,19.47,19.47,19.47,
1999-09-15,19.378,19.378,19.378,19.378,
1999-09-16,19.338,19.338,19.338,19.338,
1999-09-17,19.522,19.522,19.522,19.522,
1999-09-20,19.338,19.338,19.338,19.338,
1999-09-21,18.84,18.84,18.84,18.84,
1999-09-22,18.814,18.814,18.814,18.814,
1999-09-23,18.722,18.722,18.722,18.722,
1999-09-24,18.472,18.472,18.472,18.472,
1999-09-27,18.722,18.722,18.722,18.722,
1999-09-28,18.394,18.394,18.394,18.394,
1999-09-29,18.512,18.512,18.512,18.512,
1999-09-30,18.63,18.63,18.63,18.63,
1999-10-01,18.512,18.512,18.512,18.512,
1999-10-04,18.053,18.053,18.053,18.053,
1999-10-05,17.751,17.751,17.751,17.751,
1999-10-06,18.394,18.394,18.394,18.394,
1999-10-07,18.013,18.013,18.013,18.013,
1999-10-08,17.921,17.921,17.921,17.921,
1999-10-11,18.236,18.236,18.236,18.236,
1999-10-12,18.472,18.472,18.472,18.472,
1999-10-13,18.42,18.42,18.42,18.42,
1999-10-14,18.472,18.472,18.472,18.472,
1999-10-15,18.538,18.538,18.538,18.538,
1999-10-18,18.748,18.748,18.748,18.748,
1999-10-19,18.866,18.866,18.866,18.866,
1999-10-20,19.312,19.312,19.312,19.312,
1999-10-21,19.456,19.456,19.456,19.456,
1999-10-22,19.679,19.679,19.679,19.679,
1999-10-25,18.892,18.892,18.892,18.892,
1999-10-26,18.472,18.472,18.472,18.472,
1999-10-27,18.866,18.866,18.866,18.866,
1999-10-28,18.866,18.866,18.866,18.866,
1999-10-29,19.168,19.168,19.168,19.168,
1999-11-01,19.194,19.194,19.194,19.194,
1999-11-02,18.63,18.63,18.63,18.63,
1999-11-03,18.695,18.695,18.695,18.695,
1999-11-04,18.525,18.525,18.525,18.525,
1999-11-05,17.948,17.948,17.948,17.948,
1999-11-08,18.761,18.761,18.761,18.761,
1999-11-09,18.735,18.735,18.735,18.735,
1999-11-10,19.22,19.22,19.22,19.22,
1999-11-11,18.997,18.997,18.997,18.997,
1999-11-12,19.181,19.181,19.181,19.181,
1999-11-15,19.181,19.181,19.181,19.181,
1999-11-16,19.666,19.666,19.666,19.666,
1999-11-17,20.411,20.411,20.411,20.411,
1999-11-18,20.134,20.134,20.134,20.134,
1999-11-19,19.698,19.698,19.698,19.698,
1999-11-22,19.262,19.262,19.262,19.262,
1999-11-23,18.945,18.945,18.945,18.945,
1999-11-24,19.077,19.077,19.077,19.077,
1999-11-26,18.813,18.813,18.813,18.813,
1999-11-29,18.72,18.72,18.72,18.72,
1999-11-30,18.72,18.72,18.72,18.72,
1999-12-01,19.553,19.553,19.553,19.553,
1999-12-02,19.222,19.222,19.222,19.222,
1999-12-03,19.222,19.222,19.222,19.222,
1999-12-06,19.236,19.236,19.236,19.236,
1999-12-07,18.971,18.971,18.971,18.971,
1999-12-08,19.13,19.13,19.13,19.13,
1999-12-09,19.487,19.487,19.487,19.487,
1999-12-10,19.183,19.183,19.183,19.183,
1999-12-13,18.932,18.932,18.932,18.932,
1999-12-14,18.562,18.562,18.562,18.562,
1999-12-15,19.011,19.011,19.011,19.011,
1999-12-16,18.905,18.905,18.905,18.905,
1999-12-17,18.496,18.496,18.496,18.496,
1999-12-20,18.208,18.208,18.208,18.208,
1999-12-21,18.06,18.06,18.06,18.06,
1999-12-22,17.915,17.915,17.915,17.915,
1999-12-23,18.271,18.271,18.271,18.271,
1999-12-27,17.888,17.888,17.888,17.888,
1999-12-28,18.284,18.284,18.284,18.284,
1999-12-29,18.179,18.179,18.179,18.179,
1999-12-30,18.073,18.073,18.073,18.073,
1999-12-31,18.311,18.311,18.311,18.311,
2000-01-03,17.677,17.677,17.677,17.677,
2000-01-04,17.677,17.677,17.677,17.677,
2000-01-05,17.994,17.994,17.994,17.994,
2000-01-06,18.76,18.76,18.76,18.76,
2000-01-07,19.09,19.09,19.09,19.09,
2000-01-10,18.575,18.575,18.575,18.575,
2000-01-11,18.403,18.403,18.403,18.403,
2000-01-12,18.337,18.337,18.337,18.337,
2000-01-13,18.509,18.509,18.509,18.509,
2000-01-14,18.39,18.39,18.39,18.39,
2000-01-18,18.879,18.879,18.879,18.879,
2000-01-19,18.588,18.588,18.588,18.588,
2000-01-20,18.496,18.496,18.496,18.496,
2000-01-21,18.72,18.72,18.72,18.72,
2000-01-24,18.773,18.773,18.773,18.773,
2000-01-25,18.72,18.72,18.72,18.72,
2000-01-26,18.549,18.549,18.549,18.549,
2000-01-27,17.822,17.822,17.822,17.822,
2000-01-28,17.452,17.452,17.452,17.452,
2000-01-31,17.677,17.677,17.677,17.677,
2000-02-01,17.584,17.584,17.584,17.584,
2000-02-02,17.465,17.465,17.465,17.465,
2000-02-03,17.214,17.214,17.214,17.214,
2000-02-04,16.607,16.607,16.607,16.607,
2000-02-07,16.712,16.712,16.712,16.712,
2000-02-08,16.554,16.554,16.554,16.554,
2000-02-09,15.854,15.854,15.854,15.854,
2000-02-10,16.237,16.237,16.237,16.237,
2000-02-11,15.642,15.642,15.642,15.642,
2000-02-14,15.603,15.603,15.603,15.603,
2000-02-15,16.382,16.382,16.382,16.382,
2000-02-16,16.587,16.587,16.587,16.587,
2000-02-17,16.574,16.574,16.574,16.574,
2000-02-18,16.241,16.241,16.241,16.241,
2000-02-22,16.134,16.134,16.134,16.134,
2000-02-23,15.615,15.615,15.615,15.615,
2000-02-24,15.228,15.228,15.228,15.228,
2000-02-25,15.148,15.148,15.148,15.148,
2000-02-28,15.894,15.894,15.894,15.894,
2000-02-29,15.921,15.921,15.921,15.921,
2000-03-01,16.041,16.041,16.041,16.041,
2000-03-02,16.134,16.134,16.134,16.134,
2000-03-03,15.894,15.894,15.894,15.894,
2000-03-06,15.774,15.774,15.774,15.774,
2000-03-07,17.267,17.267,17.267,17.267,
2000-03-08,17.28,17.28,17.28,17.28,
2000-03-09,17.746,17.746,17.746,17.746,
2000-03-10,17.133,17.133,17.133,17.133,
2000-03-13,17.014,17.014,17.014,17.014,
2000-03-14,17.666,17.666,17.666,17.666,
2000-03-15,17.893,17.893,17.893,17.893,
2000-03-16,17.933,17.933,17.933,17.933,
2000-03-17,17.76,17.76,17.76,17.76,
2000-03-20,17.68,17.68,17.68,17.68,
2000-03-21,18.333,18.333,18.333,18.333,
2000-03-22,17.906,17.906,17.906,17.906,
2000-03-23,18.039,18.039,18.039,18.039,
2000-03-24,18.253,18.253,18.253,18.253,
2000-03-27,18.026,18.026,18.026,18.026,
2000-03-28,18.093,18.093,18.093,18.093,
2000-03-29,18.865,18.865,18.865,18.865,
2000-03-30,19.651,19.651,19.651,19.651,
2000-03-31,19.705,19.705,19.705,19.705,
2000-04-03,19.678,19.678,19.678,19.678,
2000-04-04,19.145,19.145,19.145,19.145,
2000-04-05,18.652,18.652,18.652,18.652,
2000-04-06,18.959,18.959,18.959,18.959,
2000-04-07,18.426,18.426,18.426,18.426,
2000-04-10,18.346,18.346,18.346,18.346,
2000-04-11,18.905,18.905,18.905,18.905,
2000-04-12,18.972,18.972,18.972,18.972,
2000-04-13,18.532,18.532,18.532,18.532,
2000-04-14,18.266,18.266,18.266,18.266,
2000-04-17,17.68,17.68,17.68,17.68,
2000-04-18,18.026,18.026,18.026,18.026,
2000-04-19,18.066,18.066,18.066,18.066,
2000-04-20,18.399,18.399,18.399,18.399,
2000-04-24,18.173,18.173,18.173,18.173,
2000-04-25,18.079,18.079,18.079,18.079,
2000-04-26,18.399,18.399,18.399,18.399,
2000-04-27,18.852,18.852,18.852,18.852,
2000-04-28,18.146,18.146,18.146,18.146,
2000-05-01,18.399,18.399,18.399,18.399,
2000-05-02,19.039,19.039,19.039,19.039,
2000-05-03,18.612,18.612,18.612,18.612,
2000-05-04,18.839,18.839,18.839,18.839,
2000-05-05,19.345,19.345,19.345,19.345,
2000-05-08,19.572,19.572,19.572,19.572,
2000-05-09,19.212,19.212,19.212,19.212,
2000-05-10,19.372,19.372,19.372,19.372,
2000-05-11,19.905,19.905,19.905,19.905,
2000-05-12,20.098,20.098,20.098,20.098,
2000-05-15,20.038,20.038,20.038,20.038,
2000-05-16,19.811,19.811,19.811,19.811,
2000-05-17,19.602,19.602,19.602,19.602,
2000-05-18,19.508,19.508,19.508,19.508,
2000-05-19,20.031,20.031,20.031,20.031,
2000-05-22,20.192,20.192,20.192,20.192,
2000-05-23,20.018,20.018,20.018,20.018,
2000-05-24,20.233,20.233,20.233,20.233,
2000-05-25,20.005,20.005,20.005,20.005,
2000-05-26,19.615,19.615,19.615,19.615,
2000-05-30,19.602,19.602,19.602,19.602,
2000-05-31,19.844,19.844,19.844,19.844,
2000-06-01,19.535,19.535,19.535,19.535,
2000-06-02,19.441,19.441,19.441,19.441,
2000-06-05,19.414,19.414,19.414,19.414,
2000-06-06,19.938,19.938,19.938,19.938,
2000-06-07,19.83,19.83,19.83,19.83,
2000-06-08,19.87,19.87,19.87,19.87,
2000-06-09,19.75,19.75,19.75,19.75,
2000-06-12,19.938,19.938,19.938,19.938,
2000-06-13,19.696,19.696,19.696,19.696,
2000-06-14,20.018,20.018,20.018,20.018,
2000-06-15,19.991,19.991,19.991,19.991,
2000-06-16,19.911,19.911,19.911,19.911,
2000-06-19,19.615,19.615,19.615,19.615,
2000-06-20,19.374,19.374,19.374,19.374,
2000-06-21,19.592,19.592,19.592,19.592,
2000-06-22,19.226,19.226,19.226,19.226,
2000-06-23,19.267,19.267,19.267,19.267,
2000-06-26,19.049,19.049,19.049,19.049,
2000-06-27,18.985,18.985,18.985,18.985,
2000-06-28,18.8,18.8,18.8,18.8,
2000-06-29,18.599,18.599,18.599,18.599,
2000-06-30,18.207,18.207,18.207,18.207,
2000-07-03,18.445,18.445,18.445,18.445,
2000-07-05,17.71,17.71,17.71,17.71,
2000-07-06,17.938,17.938,17.938,17.938,
2000-07-07,18.022,18.022,18.022,18.022,
2000-07-10,18.032,18.032,18.032,18.032,
2000-07-11,18.676,18.676,18.676,18.676,
2000-07-12,18.391,18.391,18.391,18.391,
2000-07-13,18.022,18.022,18.022,18.022,
2000-07-14,17.979,17.979,17.979,17.979,
2000-07-17,17.747,17.747,17.747,17.747,
2000-07-18,17.482,17.482,17.482,17.482,
2000-07-19,17.59,17.59,17.59,17.59,
2000-07-20,17.174,17.174,17.174,17.174,
2000-07-21,16.852,16.852,16.852,16.852,
2000-07-24,16.61,16.61,16.61,16.61,
2000-07-25,16.597,16.597,16.597,16.597,
2000-07-26,16.597,16.597,16.597,16.597,
2000-07-27,17.375,17.375,17.375,17.375,
2000-07-28,17.298,17.298,17.298,17.298,
2000-07-31,16.956,16.956,16.956,16.956,
2000-08-01,16.932,16.932,16.932,16.932,
2000-08-02,17.133,17.133,17.133,17.133,
2000-08-03,17.174,17.174,17.174,17.174,
2000-08-04,17.029,17.029,17.029,17.029,
2000-08-07,17.325,17.325,17.325,17.325,
2000-08-08,17.251,17.251,17.251,17.251,
2000-08-09,17.73,17.73,17.73,17.73,
2000-08-10,18.005,18.005,18.005,18.005,
2000-08-11,18.032,18.032,18.032,18.032,
2000-08-14,18.113,18.113,18.113,18.113,
2000-08-15,17.925,17.925,17.925,17.925,
2000-08-16,18.488,18.488,18.488,18.488,
2000-08-17,18.863,18.863,18.863,18.863,
2000-08-18,18.613,18.613,18.613,18.613,
2000-08-21,18.769,18.769,18.769,18.769,
2000-08-22,18.742,18.742,18.742,18.742,
2000-08-23,19.229,19.229,19.229,19.229,
2000-08-24,18.647,18.647,18.647,18.647,
2000-08-25,18.796,18.796,18.796,18.796,
2000-08-28,18.809,18.809,18.809,18.809,
2000-08-29,18.606,18.606,18.606,18.606,
2000-08-30,18.414,18.414,18.414,18.414,
2000-08-31,18.285,18.285,18.285,18.285,
2000-09-01,18.492,18.492,18.492,18.492,
2000-09-05,18.593,18.593,18.593,18.593,
2000-09-06,19.066,19.066,19.066,19.066,
2000-09-07,19.107,19.107,19.107,19.107,
2000-09-08,18.755,18.755,18.755,18.755,
2000-09-11,19.323,19.323,19.323,19.323,
2000-09-12,19.161,19.161,19.161,19.161,
2000-09-13,19.174,19.174,19.174,19.174,
2000-09-14,18.948,18.948,18.948,18.948,
2000-09-15,19.512,19.512,19.512,19.512,
2000-09-18,19.472,19.472,19.472,19.472,
2000-09-19,19.053,19.053,19.053,19.053,
2000-09-20,18.823,18.823,18.823,18.823,
2000-09-21,18.458,18.458,18.458,18.458,
2000-09-22,18.228,18.228,18.228,18.228,
2000-09-25,17.913,17.913,17.913,17.913,
2000-09-26,18.025,18.025,18.025,18.025,
2000-09-27,18.485,18.485,18.485,18.485,
2000-09-28,18.204,18.204,18.204,18.204,
2000-09-29,18.444,18.444,18.444,18.444,
2000-10-02,18.755,18.755,18.755,18.755,
2000-10-03,18.796,18.796,18.796,18.796,
2000-10-04,18.35,18.35,18.35,18.35,
2000-10-05,18.498,18.498,18.498,18.498,
2000-10-06,18.255,18.255,18.255,18.255,
2000-10-09,18.606,18.606,18.606,18.606,
2000-10-10,18.863,18.863,18.863,18.863,
2000-10-11,18.742,18.742,18.742,18.742,
2000-10-12,18.89,18.89,18.89,18.89,
2000-10-13,18.228,18.228,18.228,18.228,
2000-10-16,17.741,17.741,17.741,17.741,
2000-10-17,17.93,17.93,17.93,17.93,
2000-10-18,17.849,17.849,17.849,17.849,
2000-10-19,17.809,17.809,17.809,17.809,
2000-10-20,18.052,18.052,18.052,18.052,
2000-10-23,17.863,17.863,17.863,17.863,
2000-10-24,17.795,17.795,17.795,17.795,
2000-10-25,17.633,17.633,17.633,17.633,
2000-10-26,17.741,17.741,17.741,17.741,
2000-10-27,17.376,17.376,17.376,17.376,
2000-10-30,17.66,17.66,17.66,17.66,
2000-10-31,17.768,17.768,17.768,17.768,
2000-11-01,17.917,17.917,17.917,17.917,
2000-11-02,17.417,17.417,17.417,17.417,
2000-11-03,17.538,17.538,17.538,17.538,
2000-11-06,17.863,17.863,17.863,17.863,
2000-11-07,17.755,17.755,17.755,17.755,
2000-11-08,17.957,17.957,17.957,17.957,
2000-11-09,18.039,18.039,18.039,18.039,
2000-11-10,18.201,18.201,18.201,18.201,
2000-11-13,17.984,17.984,17.984,17.984,
2000-11-14,18.228,18.228,18.228,18.228,
2000-11-15,18.301,18.301,18.301,18.301,
2000-11-16,18.288,18.288,18.288,18.288,
2000-11-17,18.261,18.261,18.261,18.261,
2000-11-20,18.247,18.247,18.247,18.247,
2000-11-21,18.533,18.533,18.533,18.533,
2000-11-22,18.492,18.492,18.492,18.492,
2000-11-24,18.383,18.383,18.383,18.383,
2000-11-27,18.506,18.506,18.506,18.506,
2000-11-28,18.71,18.71,18.71,18.71,
2000-11-29,17.906,17.906,17.906,17.906,
2000-11-30,17.852,17.852,17.852,17.852,
2000-12-01,18.015,18.015,18.015,18.015,
2000-12-04,18.097,18.097,18.097,18.097,
2000-12-05,17.838,17.838,17.838,17.838,
2000-12-06,17.552,17.552,17.552,17.552,
2000-12-07,17.593,17.593,17.593,17.593,
2000-12-08,17.729,17.729,17.729,17.729,
2000-12-11,17.77,17.77,17.77,17.77,
2000-12-12,17.838,17.838,17.838,17.838,
2000-12-13,17.934,17.934,17.934,17.934,
2000-12-14,17.239,17.239,17.239,17.239,
2000-12-15,17.061,17.061,17.061,17.061,
2000-12-18,17.606,17.606,17.606,17.606,
2000-12-19,17.675,17.675,17.675,17.675,
2000-12-20,17.102,17.102,17.102,17.102,
2000-12-21,17.089,17.089,17.089,17.089,
2000-12-22,17.579,17.579,17.579,17.579,
2000-12-26,18.056,18.056,18.056,18.056,
2000-12-27,18.111,18.111,18.111,18.111,
2000-12-28,18.697,18.697,18.697,18.697,
2000-12-29,18.41,18.41,18.41,18.41,
2001-01-02,18.738,18.738,18.738,18.738,
2001-01-03,18.015,18.015,18.015,18.015,
2001-01-04,17.634,17.634,17.634,17.634,
2001-01-05,17.77,17.77,17.77,17.77,
2001-01-08,17.729,17.729,17.729,17.729,
2001-01-09,17.497,17.497,17.497,17.497,
2001-01-10,17.47,17.47,17.47,17.47,
2001-01-11,17.756,17.756,17.756,17.756,
2001-01-12,17.647,17.647,17.647,17.647,
2001-01-16,17.661,17.661,17.661,17.661,
2001-01-17,17.497,17.497,17.497,17.497,
2001-01-18,17.32,17.32,17.32,17.32,
2001-01-19,17.293,17.293,17.293,17.293,
2001-01-22,17.361,17.361,17.361,17.361,
2001-01-23,17.348,17.348,17.348,17.348,
2001-01-24,17.416,17.416,17.416,17.416,
2001-01-25,18.138,18.138,18.138,18.138,
2001-01-26,18.015,18.015,18.015,18.015,
2001-01-29,17.77,17.77,17.77,17.77,
2001-01-30,17.848,17.848,17.848,17.848,
2001-01-31,18.158,18.158,18.158,18.158,
2001-02-01,18.156,18.156,18.156,18.156,
2001-02-02,17.971,17.971,17.971,17.971,
2001-02-05,18.003,18.003,18.003,18.003,
2001-02-06,18.466,18.466,18.466,18.466,
2001-02-07,18.173,18.173,18.173,18.173,
2001-02-08,18.372,18.372,18.372,18.372,
2001-02-09,18.727,18.727,18.727,18.727,
2001-02-12,18.867,18.867,18.867,18.867,
2001-02-13,18.751,18.751,18.751,18.751,
2001-02-14,18.861,18.861,18.861,18.861,
2001-02-15,18.762,18.762,18.762,18.762,
2001-02-16,19.015,19.015,19.015,19.015,
2001-02-20,19.004,19.004,19.004,19.004,
2001-02-21,18.879,18.879,18.879,18.879,
2001-02-22,18.912,18.912,18.912,18.912,
2001-02-23,18.556,18.556,18.556,18.556,
2001-02-26,18.578,18.578,18.578,18.578,
2001-02-27,18.828,18.828,18.828,18.828,
2001-02-28,18.819,18.819,18.819,18.819,
2001-03-01,19.078,19.078,19.078,19.078,
2001-03-02,19.432,19.432,19.432,19.432,
2001-03-05,19.856,19.856,19.856,19.856,
2001-03-06,19.872,19.872,19.872,19.872,
2001-03-07,20.076,20.076,20.076,20.076,
2001-03-08,20.421,20.421,20.421,20.421,
2001-03-09,20.383,20.383,20.383,20.383,
2001-03-12,20.236,20.236,20.236,20.236,
2001-03-13,19.909,19.909,19.909,19.909,
2001-03-14,19.669,19.669,19.669,19.669,
2001-03-15,19.487,19.487,19.487,19.487,
2001-03-16,19.223,19.223,19.223,19.223,
2001-03-19,19.566,19.566,19.566,19.566,
2001-03-20,19.911,19.911,19.911,19.911,
2001-03-21,19.702,19.702,19.702,19.702,
2001-03-22,19.223,19.223,19.223,19.223,
2001-03-23,19.048,19.048,19.048,19.048,
2001-03-26,18.991,18.991,18.991,18.991,
2001-03-27,19.296,19.296,19.296,19.296,
2001-03-28,19.026,19.026,19.026,19.026,
2001-03-29,18.986,18.986,18.986,18.986,
2001-03-30,19.289,19.289,19.289,19.289,
2001-04-02,19.085,19.085,19.085,19.085,
2001-04-03,18.894,18.894,18.894,18.894,
2001-04-04,19.267,19.267,19.267,19.267,
2001-04-05,19.702,19.702,19.702,19.702,
2001-04-06,19.601,19.601,19.601,19.601,
2001-04-09,20.102,20.102,20.102,20.102,
2001-04-10,20.388,20.388,20.388,20.388,
2001-04-11,19.948,19.948,19.948,19.948,
2001-04-12,20.168,20.168,20.168,20.168,
2001-04-16,20.608,20.608,20.608,20.608,
2001-04-17,20.487,20.487,20.487,20.487,
2001-04-18,20.533,20.533,20.533,20.533,
2001-04-19,20.377,20.377,20.377,20.377,
2001-04-20,20.487,20.487,20.487,20.487,
2001-04-23,20.808,20.808,20.808,20.808,
2001-04-24,20.717,20.717,20.717,20.717,
2001-04-25,20.942,20.942,20.942,20.942,
2001-04-26,21.5,21.5,21.5,21.5,
2001-04-27,21.418,21.418,21.418,21.418,
2001-04-30,21.214,21.214,21.214,21.214,
2001-05-01,21.19,21.19,21.19,21.19,
2001-05-02,20.212,20.212,20.212,20.212,
2001-05-03,20.146,20.146,20.146,20.146,
2001-05-04,20.509,20.509,20.509,20.509,
2001-05-07,20.695,20.695,20.695,20.695,
2001-05-08,20.608,20.608,20.608,20.608,
2001-05-09,20.966,20.966,20.966,20.966,
2001-05-10,20.917,20.917,20.917,20.917,
2001-05-11,20.656,20.656,20.656,20.656,
2001-05-14,20.739,20.739,20.739,20.739,
2001-05-15,20.959,20.959,20.959,20.959,
2001-05-16,21.07,21.07,21.07,21.07,
2001-05-17,21.16,21.16,21.16,21.16,
2001-05-18,21.583,21.583,21.583,21.583,
2001-05-21,21.488,21.488,21.488,21.488,
2001-05-22,21.03,21.03,21.03,21.03,
2001-05-23,20.833,20.833,20.833,20.833,
2001-05-24,20.86,20.86,20.86,20.86,
2001-05-25,20.833,20.833,20.833,20.833,
2001-05-29,21.136,21.136,21.136,21.136,
2001-05-30,21.2,21.2,21.2,21.2,
2001-05-31,21.247,21.247,21.247,21.247,
2001-06-01,21.32,21.32,21.32,21.32,
2001-06-04,21.685,21.685,21.685,21.685,
2001-06-05,21.612,21.612,21.612,21.612,
2001-06-06,21.271,21.271,21.271,21.271,
2001-06-07,21.238,21.238,21.238,21.238,
2001-06-08,21.333,21.333,21.333,21.333,
2001-06-11,21.567,21.567,21.567,21.567,
2001-06-12,21.587,21.587,21.587,21.587,
2001-06-13,21.49,21.49,21.49,21.49,
2001-06-14,21.16,21.16,21.16,21.16,
2001-06-15,21.388,21.388,21.388,21.388,
2001-06-18,21.169,21.169,21.169,21.169,
2001-06-19,21.125,21.125,21.125,21.125,
2001-06-20,20.897,20.897,20.897,20.897,
2001-06-21,20.674,20.674,20.674,20.674,
2001-06-22,20.957,20.957,20.957,20.957,
2001-06-25,21.003,21.003,21.003,21.003,
2001-06-26,20.948,20.948,20.948,20.948,
2001-06-27,20.218,20.218,20.218,20.218,
2001-06-28,19.63,19.63,19.63,19.63,
2001-06-29,20.019,20.019,20.019,20.019,
2001-07-02,19.977,19.977,19.977,19.977,
2001-07-03,19.995,19.995,19.995,19.995,
2001-07-05,20.2,20.2,20.2,20.2,
2001-07-06,20.13,20.13,20.13,20.13,
2001-07-09,19.917,19.917,19.917,19.917,
2001-07-10,19.776,19.776,19.776,19.776,
2001-07-11,19.393,19.393,19.393,19.393,
2001-07-12,19.7,19.7,19.7,19.7,
2001-07-13,19.776,19.776,19.776,19.776,
2001-07-16,19.389,19.389,19.389,19.389,
2001-07-17,19.212,19.212,19.212,19.212,
2001-07-18,19.201,19.201,19.201,19.201,
2001-07-19,19.278,19.278,19.278,19.278,
2001-07-20,19.676,19.676,19.676,19.676,
2001-07-23,19.386,19.386,19.386,19.386,
2001-07-24,18.842,18.842,18.842,18.842,
2001-07-25,19.725,19.725,19.725,19.725,
2001-07-26,19.919,19.919,19.919,19.919,
2001-07-27,20.152,20.152,20.152,20.152,
2001-07-30,20.247,20.247,20.247,20.247,
2001-07-31,20.216,20.216,20.216,20.216,
2001-08-01,20.167,20.167,20.167,20.167,
2001-08-02,20.141,20.141,20.141,20.141,
2001-08-03,20.059,20.059,20.059,20.059,
2001-08-06,19.995,19.995,19.995,19.995,
2001-08-07,20.158,20.158,20.158,20.158,
2001-08-08,19.911,19.911,19.911,19.911,
2001-08-09,20.039,20.039,20.039,20.039,
2001-08-10,20.295,20.295,20.295,20.295,
2001-08-13,20.284,20.284,20.284,20.284,
2001-08-14,20.404,20.404,20.404,20.404,
2001-08-15,20.72,20.72,20.72,20.72,
2001-08-16,20.729,20.729,20.729,20.729,
2001-08-17,20.497,20.497,20.497,20.497,
2001-08-20,20.348,20.348,20.348,20.348,
2001-08-21,20.152,20.152,20.152,20.152,
2001-08-22,20.484,20.484,20.484,20.484,
2001-08-23,20.558,20.558,20.558,20.558,
2001-08-24,20.673,20.673,20.673,20.673,
2001-08-27,20.517,20.517,20.517,20.517,
2001-08-28,20.299,20.299,20.299,20.299,
2001-08-29,20.442,20.442,20.442,20.442,
2001-08-30,20.154,20.154,20.154,20.154,
2001-08-31,20.217,20.217,20.217,20.217,
2001-09-04,20.35,20.35,20.35,20.35,
2001-09-05,20.362,20.362,20.362,20.362,
2001-09-06,20.44,20.44,20.44,20.44,
2001-09-07,20.584,20.584,20.584,20.584,
2001-09-10,20.428,20.428,20.428,20.428,
2001-09-17,20.099,20.099,20.099,20.099,
2001-09-18,19.551,19.551,19.551,19.551,
2001-09-19,18.914,18.914,18.914,18.914,
2001-09-20,18.646,18.646,18.646,18.646,
2001-09-21,18.715,18.715,18.715,18.715,
2001-09-24,18.067,18.067,18.067,18.067,
2001-09-25,17.755,17.755,17.755,17.755,
2001-09-26,17.548,17.548,17.548,17.548,
2001-09-27,18.602,18.602,18.602,18.602,
2001-09-28,18.88,18.88,18.88,18.88,
2001-10-01,18.646,18.646,18.646,18.646,
2001-10-02,19.047,19.047,19.047,19.047,
2001-10-03,19.027,19.027,19.027,19.027,
2001-10-04,19.406,19.406,19.406,19.406,
2001-10-05,19.702,19.702,19.702,19.702,
2001-10-08,19.816,19.816,19.816,19.816,
2001-10-09,20.248,20.248,20.248,20.248,
2001-10-10,20.818,20.818,20.818,20.818,
2001-10-11,20.78,20.78,20.78,20.78,
2001-10-12,20.272,20.272,20.272,20.272,
2001-10-15,19.704,19.704,19.704,19.704,
2001-10-16,19.86,19.86,19.86,19.86,
2001-10-17,19.849,19.849,19.849,19.849,
2001-10-18,19.165,19.165,19.165,19.165,
2001-10-19,19.323,19.323,19.323,19.323,
2001-10-22,19.771,19.771,19.771,19.771,
2001-10-23,19.292,19.292,19.292,19.292,
2001-10-24,19.361,19.361,19.361,19.361,
2001-10-25,19.582,19.582,19.582,19.582,
2001-10-26,19.811,19.811,19.811,19.811,
2001-10-29,19.829,19.829,19.829,19.829,
2001-10-30,19.827,19.827,19.827,19.827,
2001-10-31,19.727,19.727,19.727,19.727,
2001-11-01,20.018,20.018,20.018,20.018,
2001-11-02,19.482,19.482,19.482,19.482,
2001-11-05,19.406,19.406,19.406,19.406,
2001-11-06,19.337,19.337,19.337,19.337,
2001-11-07,19.444,19.444,19.444,19.444,
2001-11-08,19.513,19.513,19.513,19.513,
2001-11-09,19.936,19.936,19.936,19.936,
2001-11-12,19.878,19.878,19.878,19.878,
2001-11-13,20.088,20.088,20.088,20.088,
2001-11-14,19.448,19.448,19.448,19.448,
2001-11-15,18.815,18.815,18.815,18.815,
2001-11-16,18.736,18.736,18.736,18.736,
2001-11-19,18.615,18.615,18.615,18.615,
2001-11-20,19.427,19.427,19.427,19.427,
2001-11-21,19.326,19.326,19.326,19.326,
2001-11-23,19.439,19.439,19.439,19.439,
2001-11-26,19.129,19.129,19.129,19.129,
2001-11-27,19.223,19.223,19.223,19.223,
2001-11-28,18.983,18.983,18.983,18.983,
2001-11-29,19.185,19.185,19.185,19.185,
2001-11-30,19.086,19.086,19.086,19.086,
2001-12-03,19.409,19.409,19.409,19.409,
2001-12-04,19.495,19.495,19.495,19.495,
2001-12-05,19.645,19.645,19.645,19.645,
2001-12-06,19.304,19.304,19.304,19.304,
2001-12-07,19.585,19.585,19.585,19.585,
2001-12-10,19.338,19.338,19.338,19.338,
2001-12-11,19.106,19.106,19.106,19.106,
2001-12-12,19.219,19.219,19.219,19.219,
2001-12-13,18.916,18.916,18.916,18.916,
2001-12-14,18.859,18.859,18.859,18.859,
2001-12-17,19.228,19.228,19.228,19.228,
2001-12-18,19.365,19.365,19.365,19.365,
2001-12-19,19.645,19.645,19.645,19.645,
2001-12-20,19.623,19.623,19.623,19.623,
2001-12-21,19.892,19.892,19.892,19.892,
2001-12-24,19.881,19.881,19.881,19.881,
2001-12-26,20.027,20.027,20.027,20.027,
2001-12-27,20.276,20.276,20.276,20.276,
2001-12-28,20.305,20.305,20.305,20.305,
2001-12-31,20.119,20.119,20.119,20.119,
2002-01-02,20.09,20.09,20.09,20.09,
2002-01-03,20.094,20.094,20.094,20.094,
2002-01-04,20.049,20.049,20.049,20.049,
2002-01-07,20.144,20.144,20.144,20.144,
2002-01-08,20.218,20.218,20.218,20.218,
2002-01-09,20.007,20.007,20.007,20.007,
2002-01-10,19.971,19.971,19.971,19.971,
2002-01-11,19.625,19.625,19.625,19.625,
2002-01-14,19.621,19.621,19.621,19.621,
2002-01-15,20.027,20.027,20.027,20.027,
2002-01-16,19.636,19.636,19.636,19.636,
2002-01-17,19.623,19.623,19.623,19.623,
2002-01-18,19.488,19.488,19.488,19.488,
2002-01-22,19.472,19.472,19.472,19.472,
2002-01-23,19.701,19.701,19.701,19.701,
2002-01-24,19.78,19.78,19.78,19.78,
2002-01-25,19.883,19.883,19.883,19.883,
2002-01-28,19.953,19.953,19.953,19.953,
2002-01-29,19.122,19.122,19.122,19.122,
2002-01-30,18.657,18.657,18.657,18.657,
2002-01-31,18.815,18.815,18.815,18.815,
2002-02-01,19.167,19.167,19.167,19.167,
2002-02-04,18.841,18.841,18.841,18.841,
2002-02-05,18.491,18.491,18.491,18.491,
2002-02-06,18.68,18.68,18.68,18.68,
2002-02-07,18.354,18.354,18.354,18.354,
2002-02-08,18.377,18.377,18.377,18.377,
2002-02-11,18.624,18.624,18.624,18.624,
2002-02-12,18.498,18.498,18.498,18.498,
2002-02-13,18.67,18.67,18.67,18.67,
2002-02-14,18.681,18.681,18.681,18.681,
2002-02-15,18.647,18.647,18.647,18.647,
2002-02-19,18.489,18.489,18.489,18.489,
2002-02-20,18.512,18.512,18.512,18.512,
2002-02-21,18.593,18.593,18.593,18.593,
2002-02-22,18.953,18.953,18.953,18.953,
2002-02-25,18.998,18.998,18.998,18.998,
2002-02-26,19.062,19.062,19.062,19.062,
2002-02-27,19.247,19.247,19.247,19.247,
2002-02-28,19.121,19.121,19.121,19.121,
2002-03-01,19.361,19.361,19.361,19.361,
2002-03-04,19.515,19.515,19.515,19.515,
2002-03-05,19.531,19.531,19.531,19.531,
2002-03-06,19.904,19.904,19.904,19.904,
2002-03-07,20.069,20.069,20.069,20.069,
2002-03-08,19.848,19.848,19.848,19.848,
2002-03-11,20.176,20.176,20.176,20.176,
2002-03-12,20.294,20.294,20.294,20.294,
2002-03-13,20.248,20.248,20.248,20.248,
2002-03-14,20.266,20.266,20.266,20.266,
2002-03-15,20.334,20.334,20.334,20.334,
2002-03-18,20.461,20.461,20.461,20.461,
2002-03-19,20.538,20.538,20.538,20.538,
2002-03-20,20.334,20.334,20.334,20.334,
2002-03-21,20.466,20.466,20.466,20.466,
2002-03-22,20.178,20.178,20.178,20.178,
2002-03-25,20.017,20.017,20.017,20.017,
2002-03-26,20.153,20.153,20.153,20.153,
2002-03-27,20.493,20.493,20.493,20.493,
2002-03-28,20.441,20.441,20.441,20.441,
2002-04-01,20.312,20.312,20.312,20.312,
2002-04-02,20.574,20.574,20.574,20.574,
2002-04-03,20.38,20.38,20.38,20.38,
2002-04-04,19.879,19.879,19.879,19.879,
2002-04-05,19.732,19.732,19.732,19.732,
2002-04-08,20.017,20.017,20.017,20.017,
2002-04-09,19.766,19.766,19.766,19.766,
2002-04-10,19.836,19.836,19.836,19.836,
2002-04-11,19.576,19.576,19.576,19.576,
2002-04-12,19.044,19.044,19.044,19.044,
2002-04-15,19.315,19.315,19.315,19.315,
2002-04-16,19.61,19.61,19.61,19.61,
2002-04-17,19.691,19.691,19.691,19.691,
2002-04-18,19.814,19.814,19.814,19.814,
2002-04-19,19.927,19.927,19.927,19.927,
2002-04-22,19.621,19.621,19.621,19.621,
2002-04-23,19.696,19.696,19.696,19.696,
2002-04-24,19.247,19.247,19.247,19.247,
2002-04-25,19.451,19.451,19.451,19.451,
2002-04-26,19.157,19.157,19.157,19.157,
2002-04-29,19.442,19.442,19.442,19.442,
2002-04-30,19.635,19.635,19.635,19.635,
2002-05-01,19.925,19.925,19.925,19.925,
2002-05-02,20.124,20.124,20.124,20.124,
2002-05-03,20.269,20.269,20.269,20.269,
2002-05-06,19.7,19.7,19.7,19.7,
2002-05-07,19.852,19.852,19.852,19.852,
2002-05-08,20.165,20.165,20.165,20.165,
2002-05-09,19.988,19.988,19.988,19.988,
2002-05-10,19.915,19.915,19.915,19.915,
2002-05-13,20.402,20.402,20.402,20.402,
2002-05-14,20.357,20.357,20.357,20.357,
2002-05-15,20.095,20.095,20.095,20.095,
2002-05-16,20.311,20.311,20.311,20.311,
2002-05-17,20.346,20.346,20.346,20.346,
2002-05-20,20.254,20.254,20.254,20.254,
2002-05-21,20.044,20.044,20.044,20.044,
2002-05-22,20.316,20.316,20.316,20.316,
2002-05-23,20.448,20.448,20.448,20.448,
2002-05-24,20.334,20.334,20.334,20.334,
2002-05-28,20.101,20.101,20.101,20.101,
2002-05-29,20.06,20.06,20.06,20.06,
2002-05-30,19.809,19.809,19.809,19.809,
2002-05-31,19.912,19.912,19.912,19.912,
2002-06-03,19.745,19.745,19.745,19.745,
2002-06-04,19.809,19.809,19.809,19.809,
2002-06-05,19.889,19.889,19.889,19.889,
2002-06-06,19.618,19.618,19.618,19.618,
2002-06-07,19.912,19.912,19.912,19.912,
2002-06-10,19.707,19.707,19.707,19.707,
2002-06-11,19.718,19.718,19.718,19.718,
2002-06-12,19.798,19.798,19.798,19.798,
2002-06-13,19.832,19.832,19.832,19.832,
2002-06-14,19.802,19.802,19.802,19.802,
2002-06-17,20.243,20.243,20.243,20.243,
2002-06-18,20.181,20.181,20.181,20.181,
2002-06-19,19.764,19.764,19.764,19.764,
2002-06-20,19.93,19.93,19.93,19.93,
2002-06-21,20.003,20.003,20.003,20.003,
2002-06-24,19.907,19.907,19.907,19.907,
2002-06-25,19.627,19.627,19.627,19.627,
2002-06-26,19.684,19.684,19.684,19.684,
2002-06-27,19.999,19.999,19.999,19.999,
2002-06-28,20.197,20.197,20.197,20.197,
2002-07-01,20.22,20.22,20.22,20.22,
2002-07-02,20.038,20.038,20.038,20.038,
2002-07-03,19.786,19.786,19.786,19.786,
2002-07-05,20.06,20.06,20.06,20.06,
2002-07-08,20.101,20.101,20.101,20.101,
2002-07-09,19.844,19.844,19.844,19.844,
2002-07-10,19.369,19.369,19.369,19.369,
2002-07-11,18.862,18.862,18.862,18.862,
2002-07-12,18.896,18.896,18.896,18.896,
2002-07-15,18.429,18.429,18.429,18.429,
2002-07-16,18.116,18.116,18.116,18.116,
2002-07-17,18.326,18.326,18.326,18.326,
2002-07-18,17.961,17.961,17.961,17.961,
2002-07-19,17.002,17.002,17.002,17.002,
2002-07-22,15.866,15.866,15.866,15.866,
2002-07-23,15.281,15.281,15.281,15.281,
2002-07-24,16.112,16.112,16.112,16.112,
2002-07-25,15.907,15.907,15.907,15.907,
2002-07-26,16.16,16.16,16.16,16.16,
2002-07-29,16.975,16.975,16.975,16.975,
2002-07-30,16.66,16.66,16.66,16.66,
2002-07-31,17.116,17.116,17.116,17.116,
2002-08-01,16.101,16.101,16.101,16.101,
2002-08-02,16.158,16.158,16.158,16.158,
2002-08-05,15.533,15.533,15.533,15.533,
2002-08-06,16.105,16.105,16.105,16.105,
2002-08-07,16.42,16.42,16.42,16.42,
2002-08-08,17.016,17.016,17.016,17.016,
2002-08-09,17.242,17.242,17.242,17.242,
2002-08-12,17.128,17.128,17.128,17.128,
2002-08-13,17.185,17.185,17.185,17.185,
2002-08-14,17.664,17.664,17.664,17.664,
2002-08-15,17.929,17.929,17.929,17.929,
2002-08-16,17.715,17.715,17.715,17.715,
2002-08-19,17.703,17.703,17.703,17.703,
2002-08-20,17.353,17.353,17.353,17.353,
2002-08-21,17.699,17.699,17.699,17.699,
2002-08-22,18.129,18.129,18.129,18.129,
2002-08-23,18.062,18.062,18.062,18.062,
2002-08-26,18.21,18.21,18.21,18.21,
2002-08-27,17.986,17.986,17.986,17.986,
2002-08-28,17.733,17.733,17.733,17.733,
2002-08-29,17.519,17.519,17.519,17.519,
2002-08-30,17.648,17.648,17.648,17.648,
2002-09-03,16.674,16.674,16.674,16.674,
2002-09-04,16.922,16.922,16.922,16.922,
2002-09-05,16.856,16.856,16.856,16.856,
2002-09-06,17.203,17.203,17.203,17.203,
2002-09-09,17.042,17.042,17.042,17.042,
2002-09-10,17.358,17.358,17.358,17.358,
2002-09-11,17.13,17.13,17.13,17.13,
2002-09-12,16.84,16.84,16.84,16.84,
2002-09-13,16.856,16.856,16.856,16.856,
2002-09-16,17.042,17.042,17.042,17.042,
2002-09-17,16.437,16.437,16.437,16.437,
2002-09-18,16.407,16.407,16.407,16.407,
2002-09-19,16.105,16.105,16.105,16.105,
2002-09-20,16.248,16.248,16.248,16.248,
2002-09-23,16.05,16.05,16.05,16.05,
2002-09-24,15.822,15.822,15.822,15.822,
2002-09-25,16.16,16.16,16.16,16.16,
2002-09-26,16.858,16.858,16.858,16.858,
2002-09-27,16.344,16.344,16.344,16.344,
2002-09-30,15.948,15.948,15.948,15.948,
2002-10-01,16.607,16.607,16.607,16.607,
2002-10-02,16.49,16.49,16.49,16.49,
2002-10-03,16.66,16.66,16.66,16.66,
2002-10-04,16.328,16.328,16.328,16.328,
2002-10-07,16.236,16.236,16.236,16.236,
2002-10-08,16.029,16.029,16.029,16.029,
2002-10-09,15.764,15.764,15.764,15.764,
2002-10-10,16.42,16.42,16.42,16.42,
2002-10-11,16.577,16.577,16.577,16.577,
2002-10-14,16.731,16.731,16.731,16.731,
2002-10-15,17.118,17.118,17.118,17.118,
2002-10-16,16.95,16.95,16.95,16.95,
2002-10-17,17.111,17.111,17.111,17.111,
2002-10-18,17.25,17.25,17.25,17.25,
2002-10-21,17.141,17.141,17.141,17.141,
2002-10-22,16.524,16.524,16.524,16.524,
2002-10-23,16.812,16.812,16.812,16.812,
2002-10-24,16.893,16.893,16.893,16.893,
2002-10-25,16.865,16.865,16.865,16.865,
2002-10-28,16.946,16.946,16.946,16.946,
2002-10-29,16.156,16.156,16.156,16.156,
2002-10-30,16.443,16.443,16.443,16.443,
2002-10-31,15.575,15.575,15.575,15.575,
2002-11-01,15.856,15.856,15.856,15.856,
2002-11-04,15.647,15.647,15.647,15.647,
2002-11-05,15.96,15.96,15.96,15.96,
2002-11-06,15.928,15.928,15.928,15.928,
2002-11-07,15.545,15.545,15.545,15.545,
2002-11-08,15.545,15.545,15.545,15.545,
2002-11-11,15.472,15.472,15.472,15.472,
2002-11-12,15.476,15.476,15.476,15.476,
2002-11-13,15.315,15.315,15.315,15.315,
2002-11-14,15.641,15.641,15.641,15.641,
2002-11-15,15.722,15.722,15.722,15.722,
2002-11-18,15.78,15.78,15.78,15.78,
2002-11-19,15.718,15.718,15.718,15.718,
2002-11-20,15.839,15.839,15.839,15.839,
2002-11-21,15.734,15.734,15.734,15.734,
2002-11-22,15.462,15.462,15.462,15.462,
2002-11-25,15.769,15.769,15.769,15.769,
2002-11-26,15.427,15.427,15.427,15.427,
2002-11-27,15.566,15.566,15.566,15.566,
2002-11-29,15.601,15.601,15.601,15.601,
2002-12-02,15.515,15.515,15.515,15.515,
2002-12-03,15.629,15.629,15.629,15.629,
2002-12-04,15.78,15.78,15.78,15.78,
2002-12-05,15.815,15.815,15.815,15.815,
2002-12-06,15.909,15.909,15.909,15.909,
2002-12-09,15.669,15.669,15.669,15.669,
2002-12-10,15.932,15.932,15.932,15.932,
2002-12-11,15.792,15.792,15.792,15.792,
2002-12-12,15.797,15.797,15.797,15.797,
2002-12-13,15.741,15.741,15.741,15.741,
2002-12-16,15.932,15.932,15.932,15.932,
2002-12-17,15.804,15.804,15.804,15.804,
2002-12-18,15.694,15.694,15.694,15.694,
2002-12-19,15.42,15.42,15.42,15.42,
2002-12-20,15.513,15.513,15.513,15.513,
2002-12-23,15.541,15.541,15.541,15.541,
2002-12-24,15.513,15.513,15.513,15.513,
2002-12-26,15.573,15.573,15.573,15.573,
2002-12-27,15.338,15.338,15.338,15.338,
2002-12-30,15.513,15.513,15.513,15.513,
2002-12-31,15.473,15.473,15.473,15.473,
2003-01-02,15.785,15.785,15.785,15.785,
2003-01-03,15.906,15.906,15.906,15.906,
2003-01-06,16.269,16.269,16.269,16.269,
2003-01-07,15.932,15.932,15.932,15.932,
2003-01-08,15.839,15.839,15.839,15.839,
2003-01-09,16.088,16.088,16.088,16.088,
2003-01-10,15.969,15.969,15.969,15.969,
2003-01-13,15.869,15.869,15.869,15.869,
2003-01-14,15.943,15.943,15.943,15.943,
2003-01-15,15.862,15.862,15.862,15.862,
2003-01-16,15.902,15.902,15.902,15.902,
2003-01-17,15.853,15.853,15.853,15.853,
2003-01-21,15.559,15.559,15.559,15.559,
2003-01-22,15.292,15.292,15.292,15.292,
2003-01-23,15.122,15.122,15.122,15.122,
2003-01-24,14.789,14.789,14.789,14.789,
2003-01-27,14.396,14.396,14.396,14.396,
2003-01-28,14.652,14.652,14.652,14.652,
2003-01-29,15.199,15.199,15.199,15.199,
2003-01-30,14.943,14.943,14.943,14.943,
2003-01-31,14.989,14.989,14.989,14.989,
2003-02-03,15.28,15.28,15.28,15.28,
2003-02-04,15.238,15.238,15.238,15.238,
2003-02-05,15.145,15.145,15.145,15.145,
2003-02-06,15.047,15.047,15.047,15.047,
2003-02-07,14.831,14.831,14.831,14.831,
2003-02-10,15.115,15.115,15.115,15.115,
2003-02-11,15.019,15.019,15.019,15.019,
2003-02-12,14.843,14.843,14.843,14.843,
2003-02-13,14.824,14.824,14.824,14.824,
2003-02-14,14.996,14.996,14.996,14.996,
2003-02-18,15.059,15.059,15.059,15.059,
2003-02-19,15.156,15.156,15.156,15.156,
2003-02-20,14.942,14.942,14.942,14.942,
2003-02-21,15.071,15.071,15.071,15.071,
2003-02-24,15.156,15.156,15.156,15.156,
2003-02-25,15.104,15.104,15.104,15.104,
2003-02-26,15.078,15.078,15.078,15.078,
2003-02-27,15.097,15.097,15.097,15.097,
2003-02-28,15.099,15.099,15.099,15.099,
2003-03-03,15.186,15.186,15.186,15.186,
2003-03-04,15.212,15.212,15.212,15.212,
2003-03-05,15.518,15.518,15.518,15.518,
2003-03-06,15.384,15.384,15.384,15.384,
2003-03-07,15.356,15.356,15.356,15.356,
2003-03-10,15.036,15.036,15.036,15.036,
2003-03-11,14.998,14.998,14.998,14.998,
2003-03-12,14.836,14.836,14.836,14.836,
2003-03-13,14.979,14.979,14.979,14.979,
2003-03-14,15.104,15.104,15.104,15.104,
2003-03-17,15.226,15.226,15.226,15.226,
2003-03-18,15.443,15.443,15.443,15.443,
2003-03-19,15.49,15.49,15.49,15.49,
2003-03-20,15.483,15.483,15.483,15.483,
2003-03-21,15.53,15.53,15.53,15.53,
2003-03-24,15.29,15.29,15.29,15.29,
2003-03-25,15.535,15.535,15.535,15.535,
2003-03-26,15.483,15.483,15.483,15.483,
2003-03-27,15.342,15.342,15.342,15.342,
2003-03-28,15.354,15.354,15.354,15.354,
2003-03-31,15.212,15.212,15.212,15.212,
2003-04-01,15.41,15.41,15.41,15.41,
2003-04-02,15.314,15.314,15.314,15.314,
2003-04-03,15.154,15.154,15.154,15.154,
2003-04-04,15.281,15.281,15.281,15.281,
2003-04-07,15.154,15.154,15.154,15.154,
2003-04-08,15.106,15.106,15.106,15.106,
2003-04-09,15.106,15.106,15.106,15.106,
2003-04-10,15.078,15.078,15.078,15.078,
2003-04-11,14.956,14.956,14.956,14.956,
2003-04-14,15.041,15.041,15.041,15.041,
2003-04-15,15.066,15.066,15.066,15.066,
2003-04-16,14.942,14.942,14.942,14.942,
2003-04-17,15.071,15.071,15.071,15.071,
2003-04-21,15.219,15.219,15.219,15.219,
2003-04-22,15.332,15.332,15.332,15.332,
2003-04-23,15.266,15.266,15.266,15.266,
2003-04-24,15.078,15.078,15.078,15.078,
2003-04-25,14.918,14.918,14.918,14.918,
2003-04-28,15.012,15.012,15.012,15.012,
2003-04-29,14.871,14.871,14.871,14.871,
2003-04-30,14.779,14.779,14.779,14.779,
2003-05-01,14.824,14.824,14.824,14.824,
2003-05-02,15.377,15.377,15.377,15.377,
2003-05-05,15.808,15.808,15.808,15.808,
2003-05-06,15.808,15.808,15.808,15.808,
2003-05-07,15.683,15.683,15.683,15.683,
2003-05-08,15.845,15.845,15.845,15.845,
2003-05-09,15.895,15.895,15.895,15.895,
2003-05-12,16.059,16.059,16.059,16.059,
2003-05-13,16.154,16.154,16.154,16.154,
2003-05-14,15.958,15.958,15.958,15.958,
2003-05-15,15.961,15.961,15.961,15.961,
2003-05-16,16.001,16.001,16.001,16.001,
2003-05-19,15.766,15.766,15.766,15.766,
2003-05-20,15.851,15.851,15.851,15.851,
2003-05-21,16.096,16.096,16.096,16.096,
2003-05-22,16.037,16.037,16.037,16.037,
2003-05-23,16.27,16.27,16.27,16.27,
2003-05-27,16.798,16.798,16.798,16.798,
2003-05-28,16.788,16.788,16.788,16.788,
2003-05-29,16.683,16.683,16.683,16.683,
2003-05-30,16.866,16.866,16.866,16.866,
2003-06-02,17.138,17.138,17.138,17.138,
2003-06-03,17.342,17.342,17.342,17.342,
2003-06-04,17.542,17.542,17.542,17.542,
2003-06-05,17.658,17.658,17.658,17.658,
2003-06-06,17.656,17.656,17.656,17.656,
2003-06-09,17.501,17.501,17.501,17.501,
2003-06-10,17.649,17.649,17.649,17.649,
2003-06-11,17.977,17.977,17.977,17.977,
2003-06-12,17.979,17.979,17.979,17.979,
2003-06-13,17.844,17.844,17.844,17.844,
2003-06-16,17.818,17.818,17.818,17.818,
2003-06-17,17.668,17.668,17.668,17.668,
2003-06-18,17.639,17.639,17.639,17.639,
2003-06-19,17.53,17.53,17.53,17.53,
2003-06-20,17.546,17.546,17.546,17.546,
2003-06-23,17.504,17.504,17.504,17.504,
2003-06-24,17.549,17.549,17.549,17.549,
2003-06-25,17.451,17.451,17.451,17.451,
2003-06-26,17.399,17.399,17.399,17.399,
2003-06-27,17.209,17.209,17.209,17.209,
2003-06-30,17.166,17.166,17.166,17.166,
2003-07-01,17.226,17.226,17.226,17.226,
2003-07-02,17.273,17.273,17.273,17.273,
2003-07-03,17.102,17.102,17.102,17.102,
2003-07-07,17.428,17.428,17.428,17.428,
2003-07-08,17.468,17.468,17.468,17.468,
2003-07-09,17.309,17.309,17.309,17.309,
2003-07-10,17.135,17.135,17.135,17.135,
2003-07-11,17.356,17.356,17.356,17.356,
2003-07-14,17.164,17.164,17.164,17.164,
2003-07-15,16.966,16.966,16.966,16.966,
2003-07-16,16.99,16.99,16.99,16.99,
2003-07-17,17.0,17.0,17.0,17.0,
2003-07-18,17.294,17.294,17.294,17.294,
2003-07-21,17.142,17.142,17.142,17.142,
2003-07-22,17.249,17.249,17.249,17.249,
2003-07-23,17.123,17.123,17.123,17.123,
2003-07-24,17.071,17.071,17.071,17.071,
2003-07-25,17.292,17.292,17.292,17.292,
2003-07-28,17.256,17.256,17.256,17.256,
2003-07-29,17.071,17.071,17.071,17.071,
2003-07-30,17.071,17.071,17.071,17.071,
2003-07-31,17.145,17.145,17.145,17.145,
2003-08-01,16.893,16.893,16.893,16.893,
2003-08-04,16.802,16.802,16.802,16.802,
2003-08-05,16.833,16.833,16.833,16.833,
2003-08-06,16.852,16.852,16.852,16.852,
2003-08-07,17.18,17.18,17.18,17.18,
2003-08-08,17.309,17.309,17.309,17.309,
2003-08-11,17.404,17.404,17.404,17.404,
2003-08-12,17.573,17.573,17.573,17.573,
2003-08-13,17.413,17.413,17.413,17.413,
2003-08-14,17.651,17.651,17.651,17.651,
2003-08-15,17.485,17.485,17.485,17.485,
2003-08-18,17.428,17.428,17.428,17.428,
2003-08-19,17.313,17.313,17.313,17.313,
2003-08-20,17.433,17.433,17.433,17.433,
2003-08-21,17.476,17.476,17.476,17.476,
2003-08-22,17.243,17.243,17.243,17.243,
2003-08-25,17.373,17.373,17.373,17.373,
2003-08-26,17.337,17.337,17.337,17.337,
2003-08-27,17.358,17.358,17.358,17.358,
2003-08-28,17.569,17.569,17.569,17.569,
2003-08-29,17.497,17.497,17.497,17.497,
2003-09-02,17.699,17.699,17.699,17.699,
2003-09-03,17.754,17.754,17.754,17.754,
2003-09-04,17.697,17.697,17.697,17.697,
2003-09-05,17.533,17.533,17.533,17.533,
2003-09-08,17.774,17.774,17.774,17.774,
2003-09-09,17.629,17.629,17.629,17.629,
2003-09-10,17.526,17.526,17.526,17.526,
2003-09-11,17.649,17.649,17.649,17.649,
2003-09-12,17.517,17.517,17.517,17.517,
2003-09-15,17.469,17.469,17.469,17.469,
2003-09-16,17.529,17.529,17.529,17.529,
2003-09-17,17.353,17.353,17.353,17.353,
2003-09-18,17.349,17.349,17.349,17.349,
2003-09-19,17.375,17.375,17.375,17.375,
2003-09-22,17.337,17.337,17.337,17.337,
2003-09-23,17.413,17.413,17.413,17.413,
2003-09-24,17.368,17.368,17.368,17.368,
2003-09-25,17.231,17.231,17.231,17.231,
2003-09-26,17.164,17.164,17.164,17.164,
2003-09-29,17.216,17.216,17.216,17.216,
2003-09-30,17.156,17.156,17.156,17.156,
2003-10-01,17.56,17.56,17.56,17.56,
2003-10-02,17.481,17.481,17.481,17.481,
2003-10-03,17.548,17.548,17.548,17.548,
2003-10-06,17.697,17.697,17.697,17.697,
2003-10-07,17.764,17.764,17.764,17.764,
2003-10-08,17.615,17.615,17.615,17.615,
2003-10-09,17.656,17.656,17.656,17.656,
2003-10-10,17.721,17.721,17.721,17.721,
2003-10-13,17.877,17.877,17.877,17.877,
2003-10-14,18.006,18.006,18.006,18.006,
2003-10-15,17.769,17.769,17.769,17.769,
2003-10-16,17.824,17.824,17.824,17.824,
2003-10-17,17.704,17.704,17.704,17.704,
2003-10-20,17.843,17.843,17.843,17.843,
2003-10-21,17.834,17.834,17.834,17.834,
2003-10-22,17.646,17.646,17.646,17.646,
2003-10-23,17.723,17.723,17.723,17.723,
2003-10-24,17.557,17.557,17.557,17.557,
2003-10-27,17.488,17.488,17.488,17.488,
2003-10-28,17.622,17.622,17.622,17.622,
2003-10-29,17.553,17.553,17.553,17.553,
2003-10-30,17.231,17.231,17.231,17.231,
2003-10-31,17.841,17.841,17.841,17.841,
2003-11-03,17.752,17.752,17.752,17.752,
2003-11-04,17.747,17.747,17.747,17.747,
2003-11-05,17.69,17.69,17.69,17.69,
2003-11-06,17.805,17.805,17.805,17.805,
2003-11-07,17.901,17.901,17.901,17.901,
2003-11-10,17.723,17.723,17.723,17.723,
2003-11-11,17.805,17.805,17.805,17.805,
2003-11-12,17.939,17.939,17.939,17.939,
2003-11-13,18.189,18.189,18.189,18.189,
2003-11-14,18.007,18.007,18.007,18.007,
2003-11-17,17.845,17.845,17.845,17.845,
2003-11-18,17.881,17.881,17.881,17.881,
2003-11-19,17.99,17.99,17.99,17.99,
2003-11-20,17.942,17.942,17.942,17.942,
2003-11-21,17.816,17.816,17.816,17.816,
2003-11-24,17.946,17.946,17.946,17.946,
2003-11-25,18.08,18.08,18.08,18.08,
2003-11-26,18.245,18.245,18.245,18.245,
2003-11-28,18.208,18.208,18.208,18.208,
2003-12-01,18.354,18.354,18.354,18.354,
2003-12-02,18.339,18.339,18.339,18.339,
2003-12-03,18.451,18.451,18.451,18.451,
2003-12-04,18.819,18.819,18.819,18.819,
2003-12-05,18.911,18.911,18.911,18.911,
2003-12-08,19.059,19.059,19.059,19.059,
2003-12-09,19.125,19.125,19.125,19.125,
2003-12-10,19.076,19.076,19.076,19.076,
2003-12-11,19.275,19.275,19.275,19.275,
2003-12-12,19.457,19.457,19.457,19.457,
2003-12-15,19.142,19.142,19.142,19.142,
2003-12-16,19.566,19.566,19.566,19.566,
2003-12-17,19.833,19.833,19.833,19.833,
2003-12-18,20.257,20.257,20.257,20.257,
2003-12-19,20.189,20.189,20.189,20.189,
2003-12-22,20.209,20.209,20.209,20.209,
2003-12-23,20.167,20.167,20.167,20.167,
2003-12-24,20.209,20.209,20.209,20.209,
2003-12-26,20.33,20.33,20.33,20.33,
2003-12-29,20.73,20.73,20.73,20.73,
2003-12-30,20.866,20.866,20.866,20.866,
2003-12-31,20.946,20.946,20.946,20.946,
2004-01-02,20.824,20.824,20.824,20.824,
2004-01-05,21.227,21.227,21.227,21.227,
2004-01-06,21.111,21.111,21.111,21.111,
2004-01-07,20.841,20.841,20.841,20.841,
2004-01-08,20.863,20.863,20.863,20.863,
2004-01-09,20.638,20.638,20.638,20.638,
2004-01-12,20.536,20.536,20.536,20.536,
2004-01-13,20.536,20.536,20.536,20.536,
2004-01-14,20.754,20.754,20.754,20.754,
2004-01-15,20.47,20.47,20.47,20.47,
2004-01-16,20.541,20.541,20.541,20.541,
2004-01-20,20.858,20.858,20.858,20.858,
2004-01-21,21.04,21.04,21.04,21.04,
2004-01-22,21.13,21.13,21.13,21.13,
2004-01-23,21.069,21.069,21.069,21.069,
2004-01-26,21.239,21.239,21.239,21.239,
2004-01-27,21.263,21.263,21.263,21.263,
2004-01-28,21.028,21.028,21.028,21.028,
2004-01-29,21.169,21.169,21.169,21.169,
2004-01-30,20.936,20.936,20.936,20.936,
2004-02-02,20.897,20.897,20.897,20.897,
2004-02-03,20.815,20.815,20.815,20.815,
2004-02-04,20.645,20.645,20.645,20.645,
2004-02-05,20.616,20.616,20.616,20.616,
2004-02-06,20.71,20.71,20.71,20.71,
2004-02-09,20.798,20.798,20.798,20.798,
2004-02-10,20.982,20.982,20.982,20.982,
2004-02-11,21.232,21.232,21.232,21.232,
2004-02-12,21.195,21.195,21.195,21.195,
2004-02-13,21.154,21.154,21.154,21.154,
2004-02-17,21.349,21.349,21.349,21.349,
2004-02-18,21.178,21.178,21.178,21.178,
2004-02-19,21.169,21.169,21.169,21.169,
2004-02-20,21.176,21.176,21.176,21.176,
2004-02-23,21.599,21.599,21.599,21.599,
2004-02-24,21.56,21.56,21.56,21.56,
2004-02-25,21.477,21.477,21.477,21.477,
2004-02-26,21.543,21.543,21.543,21.543,
2004-02-27,21.601,21.601,21.601,21.601,
2004-03-01,22.071,22.071,22.071,22.071,
2004-03-02,21.829,21.829,21.829,21.829,
2004-03-03,21.963,21.963,21.963,21.963,
2004-03-04,21.841,21.841,21.841,21.841,
2004-03-05,22.058,22.058,22.058,22.058,
2004-03-08,22.176,22.176,22.176,22.176,
2004-03-09,22.007,22.007,22.007,22.007,
2004-03-10,21.694,21.694,21.694,21.694,
2004-03-11,21.254,21.254,21.254,21.254,
2004-03-12,21.626,21.626,21.626,21.626,
2004-03-15,21.433,21.433,21.433,21.433,
2004-03-16,21.437,21.437,21.437,21.437,
2004-03-17,21.741,21.741,21.741,21.741,
2004-03-18,21.944,21.944,21.944,21.944,
2004-03-19,21.565,21.565,21.565,21.565,
2004-03-22,21.345,21.345,21.345,21.345,
2004-03-23,21.386,21.386,21.386,21.386,
2004-03-24,20.997,20.997,20.997,20.997,
2004-03-25,20.704,20.704,20.704,20.704,
2004-03-26,20.865,20.865,20.865,20.865,
2004-03-29,20.875,20.875,20.875,20.875,
2004-03-30,21.291,21.291,21.291,21.291,
2004-03-31,21.462,21.462,21.462,21.462,
2004-04-01,21.506,21.506,21.506,21.506,
2004-04-02,21.523,21.523,21.523,21.523,
2004-04-05,21.775,21.775,21.775,21.775,
2004-04-06,21.772,21.772,21.772,21.772,
2004-04-07,21.944,21.944,21.944,21.944,
2004-04-08,21.99,21.99,21.99,21.99,
2004-04-12,22.364,22.364,22.364,22.364,
2004-04-13,22.191,22.191,22.191,22.191,
2004-04-14,22.249,22.249,22.249,22.249,
2004-04-15,22.371,22.371,22.371,22.371,
2004-04-16,22.428,22.428,22.428,22.428,
2004-04-19,22.462,22.462,22.462,22.462,
2004-04-20,22.01,22.01,22.01,22.01,
2004-04-21,21.973,21.973,21.973,21.973,
2004-04-22,22.445,22.445,22.445,22.445,
2004-04-23,22.418,22.418,22.418,22.418,
2004-04-26,22.555,22.555,22.555,22.555,
2004-04-27,22.711,22.711,22.711,22.711,
2004-04-28,22.43,22.43,22.43,22.43,
2004-04-29,22.09,22.09,22.09,22.09,
2004-04-30,22.371,22.371,22.371,22.371,
2004-05-03,22.785,22.785,22.785,22.785,
2004-05-04,22.758,22.758,22.758,22.758,
2004-05-05,23.078,23.078,23.078,23.078,
2004-05-06,22.865,22.865,22.865,22.865,
2004-05-07,22.408,22.408,22.408,22.408,
2004-05-10,21.802,21.802,21.802,21.802,
2004-05-11,22.239,22.239,22.239,22.239,
2004-05-12,22.452,22.452,22.452,22.452,
2004-05-13,22.462,22.462,22.462,22.462,
2004-05-14,22.662,22.662,22.662,22.662,
2004-05-17,22.561,22.561,22.561,22.561,
2004-05-18,22.226,22.226,22.226,22.226,
2004-05-19,22.157,22.157,22.157,22.157,
2004-05-20,22.056,22.056,22.056,22.056,
2004-05-21,22.083,22.083,22.083,22.083,
2004-05-24,22.221,22.221,22.221,22.221,
2004-05-25,22.591,22.591,22.591,22.591,
2004-05-26,22.421,22.421,22.421,22.421,
2004-05-27,22.231,22.231,22.231,22.231,
2004-05-28,22.278,22.278,22.278,22.278,
2004-06-01,22.5,22.5,22.5,22.5,
2004-06-02,22.517,22.517,22.517,22.517,
2004-06-03,22.411,22.411,22.411,22.411,
2004-06-04,22.229,22.229,22.229,22.229,
2004-06-07,22.712,22.712,22.712,22.712,
2004-06-08,22.463,22.463,22.463,22.463,
2004-06-09,22.179,22.179,22.179,22.179,
2004-06-10,22.374,22.374,22.374,22.374,
2004-06-14,22.179,22.179,22.179,22.179,
2004-06-15,22.327,22.327,22.327,22.327,
2004-06-16,22.67,22.67,22.67,22.67,
2004-06-17,22.864,22.864,22.864,22.864,
2004-06-18,23.022,23.022,23.022,23.022,
2004-06-21,22.993,22.993,22.993,22.993,
2004-06-22,23.123,23.123,23.123,23.123,
2004-06-23,23.382,23.382,23.382,23.382,
2004-06-24,23.264,23.264,23.264,23.264,
2004-06-25,23.015,23.015,23.015,23.015,
2004-06-28,22.874,22.874,22.874,22.874,
2004-06-29,23.027,23.027,23.027,23.027,
2004-06-30,23.192,23.192,23.192,23.192,
2004-07-01,23.034,23.034,23.034,23.034,
2004-07-02,22.98,22.98,22.98,22.98,
2004-07-06,23.015,23.015,23.015,23.015,
2004-07-07,23.027,23.027,23.027,23.027,
2004-07-08,23.005,23.005,23.005,23.005,
2004-07-09,23.153,23.153,23.153,23.153,
2004-07-12,23.116,23.116,23.116,23.116,
2004-07-13,23.16,23.16,23.16,23.16,
2004-07-14,23.35,23.35,23.35,23.35,
2004-07-15,23.36,23.36,23.36,23.36,
2004-07-16,23.51,23.51,23.51,23.51,
2004-07-19,23.453,23.453,23.453,23.453,
2004-07-20,23.355,23.355,23.355,23.355,
2004-07-21,23.148,23.148,23.148,23.148,
2004-07-22,23.224,23.224,23.224,23.224,
2004-07-23,23.091,23.091,23.091,23.091,
2004-07-26,23.032,23.032,23.032,23.032,
2004-07-27,23.128,23.128,23.128,23.128,
2004-07-28,23.242,23.242,23.242,23.242,
2004-07-29,23.53,23.53,23.53,23.53,
2004-07-30,23.572,23.572,23.572,23.572,
2004-08-02,23.776,23.776,23.776,23.776,
2004-08-03,24.313,24.313,24.313,24.313,
2004-08-04,23.806,23.806,23.806,23.806,
2004-08-05,23.609,23.609,23.609,23.609,
2004-08-06,23.121,23.121,23.121,23.121,
2004-08-09,23.32,23.32,23.32,23.32,
2004-08-10,23.232,23.232,23.232,23.232,
2004-08-11,23.38,23.38,23.38,23.38,
2004-08-12,23.256,23.256,23.256,23.256,
2004-08-13,23.559,23.559,23.559,23.559,
2004-08-16,23.821,23.821,23.821,23.821,
2004-08-17,23.393,23.393,23.393,23.393,
2004-08-18,23.401,23.401,23.401,23.401,
2004-08-19,23.135,23.135,23.135,23.135,
2004-08-20,23.403,23.403,23.403,23.403,
2004-08-23,23.14,23.14,23.14,23.14,
2004-08-24,23.184,23.184,23.184,23.184,
2004-08-25,23.309,23.309,23.309,23.309,
2004-08-26,23.485,23.485,23.485,23.485,
2004-08-27,23.669,23.669,23.669,23.669,
2004-08-30,23.731,23.731,23.731,23.731,
2004-08-31,24.228,24.228,24.228,24.228,
2004-09-01,24.519,24.519,24.519,24.519,
2004-09-02,24.777,24.777,24.777,24.777,
2004-09-03,24.792,24.792,24.792,24.792,
2004-09-07,24.83,24.83,24.83,24.83,
2004-09-08,24.8,24.8,24.8,24.8,
2004-09-09,25.118,25.118,25.118,25.118,
2004-09-10,24.862,24.862,24.862,24.862,
2004-09-13,25.317,25.317,25.317,25.317,
2004-09-14,25.456,25.456,25.456,25.456,
2004-09-15,25.366,25.366,25.366,25.366,
2004-09-16,25.331,25.331,25.331,25.331,
2004-09-17,25.814,25.814,25.814,25.814,
2004-09-20,25.858,25.858,25.858,25.858,
2004-09-21,26.599,26.599,26.599,26.599,
2004-09-22,26.41,26.41,26.41,26.41,
2004-09-23,26.002,26.002,26.002,26.002,
2004-09-24,26.256,26.256,26.256,26.256,
2004-09-27,26.688,26.688,26.688,26.688,
2004-09-28,26.872,26.872,26.872,26.872,
2004-09-29,26.653,26.653,26.653,26.653,
2004-09-30,26.658,26.658,26.658,26.658,
2004-10-01,26.798,26.798,26.798,26.798,
2004-10-04,26.768,26.768,26.768,26.768,
2004-10-05,27.061,27.061,27.061,27.061,
2004-10-06,27.538,27.538,27.538,27.538,
2004-10-07,27.444,27.444,27.444,27.444,
2004-10-08,27.478,27.478,27.478,27.478,
2004-10-11,27.29,27.29,27.29,27.29,
2004-10-12,27.071,27.071,27.071,27.071,
2004-10-13,26.494,26.494,26.494,26.494,
2004-10-14,26.534,26.534,26.534,26.534,
2004-10-15,26.539,26.539,26.539,26.539,
2004-10-18,26.296,26.296,26.296,26.296,
2004-10-19,26.216,26.216,26.216,26.216,
2004-10-20,26.524,26.524,26.524,26.524,
2004-10-21,26.534,26.534,26.534,26.534,
2004-10-22,26.509,26.509,26.509,26.509,
2004-10-25,26.559,26.559,26.559,26.559,
2004-10-26,26.813,26.813,26.813,26.813,
2004-10-27,26.325,26.325,26.325,26.325,
2004-10-28,26.077,26.077,26.077,26.077,
2004-10-29,26.37,26.37,26.37,26.37,
2004-11-01,26.316,26.316,26.316,26.316,
2004-11-02,25.893,25.893,25.893,25.893,
2004-11-03,26.425,26.425,26.425,26.425,
2004-11-04,27.026,27.026,27.026,27.026,
2004-11-05,27.101,27.101,27.101,27.101,
2004-11-08,26.519,26.519,26.519,26.519,
2004-11-09,26.226,26.226,26.226,26.226,
2004-11-10,26.166,26.166,26.166,26.166,
2004-11-11,26.301,26.301,26.301,26.301,
2004-11-12,27.121,27.121,27.121,27.121,
2004-11-15,26.325,26.325,26.325,26.325,
2004-11-16,26.31,26.31,26.31,26.31,
2004-11-17,26.741,26.741,26.741,26.741,
2004-11-18,26.836,26.836,26.836,26.836,
2004-11-19,26.991,26.991,26.991,26.991,
2004-11-22,27.442,27.442,27.442,27.442,
2004-11-23,27.322,27.322,27.322,27.322,
2004-11-24,27.332,27.332,27.332,27.332,
2004-11-26,27.462,27.462,27.462,27.462,
2004-11-29,27.372,27.372,27.372,27.372,
2004-11-30,27.342,27.342,27.342,27.342,
2004-12-01,26.781,26.781,26.781,26.781,
2004-12-02,26.28,26.28,26.28,26.28,
2004-12-03,26.335,26.335,26.335,26.335,
2004-12-06,26.446,26.446,26.446,26.446,
2004-12-07,26.105,26.105,26.105,26.105,
2004-12-08,26.386,26.386,26.386,26.386,
2004-12-09,26.431,26.431,26.431,26.431,
2004-12-10,26.34,26.34,26.34,26.34,
2004-12-13,26.866,26.866,26.866,26.866,
2004-12-14,26.581,26.581,26.581,26.581,
2004-12-15,26.381,26.381,26.381,26.381,
2004-12-16,26.025,26.025,26.025,26.025,
2004-12-17,25.9,25.9,25.9,25.9,
2004-12-20,26.32,26.32,26.32,26.32,
2004-12-21,26.431,26.431,26.431,26.431,
2004-12-22,26.19,26.19,26.19,26.19,
2004-12-23,26.376,26.376,26.376,26.376,
2004-12-27,26.045,26.045,26.045,26.045,
2004-12-28,26.26,26.26,26.26,26.26,
2004-12-29,26.506,26.506,26.506,26.506,
2004-12-30,26.3,26.3,26.3,26.3,
2004-12-31,26.295,26.295,26.295,26.295,
2005-01-03,25.489,25.489,25.489,25.489,
2005-01-04,25.314,25.314,25.314,25.314,
2005-01-05,25.479,25.479,25.479,25.479,
2005-01-06,25.905,25.905,25.905,25.905,
2005-01-07,25.614,25.614,25.614,25.614,
2005-01-10,25.73,25.73,25.73,25.73,
2005-01-11,25.74,25.74,25.74,25.74,
2005-01-12,26.285,26.285,26.285,26.285,
2005-01-13,26.07,26.07,26.07,26.07,
2005-01-14,26.19,26.19,26.19,26.19,
2005-01-18,26.586,26.586,26.586,26.586,
2005-01-19,26.386,26.386,26.386,26.386,
2005-01-20,26.02,26.02,26.02,26.02,
2005-01-21,26.03,26.03,26.03,26.03,
2005-01-24,26.325,26.325,26.325,26.325,
2005-01-25,26.561,26.561,26.561,26.561,
2005-01-26,26.811,26.811,26.811,26.811,
2005-01-27,27.072,27.072,27.072,27.072,
2005-01-28,26.901,26.901,26.901,26.901,
2005-01-31,27.242,27.242,27.242,27.242,
2005-02-01,27.617,27.617,27.617,27.617,
2005-02-02,27.808,27.808,27.808,27.808,
2005-02-03,28.163,28.163,28.163,28.163,
2005-02-04,28.414,28.414,28.414,28.414,
2005-02-07,28.173,28.173,28.173,28.173,
2005-02-08,28.344,28.344,28.344,28.344,
2005-02-09,28.123,28.123,28.123,28.123,
2005-02-10,28.744,28.744,28.744,28.744,
2005-02-11,29.125,29.125,29.125,29.125,
2005-02-14,29.301,29.301,29.301,29.301,
2005-02-15,29.331,29.331,29.331,29.331,
2005-02-16,30.002,30.002,30.002,30.002,
2005-02-17,29.553,29.553,29.553,29.553,
2005-02-18,30.118,30.118,30.118,30.118,
2005-02-22,29.921,29.921,29.921,29.921,
2005-02-23,30.335,30.335,30.335,30.335,
2005-02-24,30.839,30.839,30.839,30.839,
2005-02-25,31.232,31.232,31.232,31.232,
2005-02-28,31.303,31.303,31.303,31.303,
2005-03-01,30.728,30.728,30.728,30.728,
2005-03-02,31.046,31.046,31.046,31.046,
2005-03-03,30.854,30.854,30.854,30.854,
2005-03-04,31.116,31.116,31.116,31.116,
2005-03-07,30.96,30.96,30.96,30.96,
2005-03-08,31.011,31.011,31.011,31.011,
2005-03-09,30.133,30.133,30.133,30.133,
2005-03-10,29.493,29.493,29.493,29.493,
2005-03-11,29.397,29.397,29.397,29.397,
2005-03-14,29.72,29.72,29.72,29.72,
2005-03-15,29.331,29.331,29.331,29.331,
2005-03-16,29.553,29.553,29.553,29.553,
2005-03-17,29.977,29.977,29.977,29.977,
2005-03-18,30.446,30.446,30.446,30.446,
2005-03-21,30.264,30.264,30.264,30.264,
2005-03-22,29.836,29.836,29.836,29.836,
2005-03-23,29.458,29.458,29.458,29.458,
2005-03-24,29.352,29.352,29.352,29.352,
2005-03-28,29.392,29.392,29.392,29.392,
2005-03-29,29.19,29.19,29.19,29.19,
2005-03-30,29.377,29.377,29.377,29.377,
2005-03-31,29.402,29.402,29.402,29.402,
2005-04-01,29.906,29.906,29.906,29.906,
2005-04-04,28.731,28.731,28.731,28.731,
2005-04-05,28.091,28.091,28.091,28.091,
2005-04-06,28.858,28.858,28.858,28.858,
2005-04-07,29.226,29.226,29.226,29.226,
2005-04-08,28.585,28.585,28.585,28.585,
2005-04-11,28.676,28.676,28.676,28.676,
2005-04-12,28.106,28.106,28.106,28.106,
2005-04-13,27.365,27.365,27.365,27.365,
2005-04-14,27.113,27.113,27.113,27.113,
2005-04-15,26.326,26.326,26.326,26.326,
2005-04-18,26.523,26.523,26.523,26.523,
2005-04-19,26.896,26.896,26.896,26.896,
2005-04-20,26.246,26.246,26.246,26.246,
2005-04-21,26.901,26.901,26.901,26.901,
2005-04-22,27.163,27.163,27.163,27.163,
2005-04-25,27.415,27.415,27.415,27.415,
2005-04-26,27.037,27.037,27.037,27.037,
2005-04-27,26.22,26.22,26.22,26.22,
2005-04-28,25.792,25.792,25.792,25.792,
2005-04-29,26.22,26.22,26.22,26.22,
2005-05-02,26.83,26.83,26.83,26.83,
2005-05-03,26.553,26.553,26.553,26.553,
2005-05-04,26.73,26.73,26.73,26.73,
2005-05-05,26.876,26.876,26.876,26.876,
2005-05-06,26.593,26.593,26.593,26.593,
2005-05-09,26.951,26.951,26.951,26.951,
2005-05-10,26.714,26.714,26.714,26.714,
2005-05-11,26.926,26.926,26.926,26.926,
2005-05-12,26.246,26.246,26.246,26.246,
2005-05-13,25.857,25.857,25.857,25.857,
2005-05-16,25.469,25.469,25.469,25.469,
2005-05-17,26.186,26.186,26.186,26.186,
2005-05-18,26.176,26.176,26.176,26.176,
2005-05-19,26.537,26.537,26.537,26.537,
2005-05-20,26.314,26.314,26.314,26.314,
2005-05-23,26.746,26.746,26.746,26.746,
2005-05-24,26.787,26.787,26.787,26.787,
2005-05-25,27.128,27.128,27.128,27.128,
2005-05-26,27.331,27.331,27.331,27.331,
2005-05-27,27.769,27.769,27.769,27.769,
2005-05-31,27.362,27.362,27.362,27.362,
2005-06-01,27.855,27.855,27.855,27.855,
2005-06-02,27.967,27.967,27.967,27.967,
2005-06-03,28.013,28.013,28.013,28.013,
2005-06-06,27.906,27.906,27.906,27.906,
2005-06-07,27.87,27.87,27.87,27.87,
2005-06-08,27.896,27.896,27.896,27.896,
2005-06-09,28.496,28.496,28.496,28.496,
2005-06-10,28.644,28.644,28.644,28.644,
2005-06-13,28.496,28.496,28.496,28.496,
2005-06-14,28.557,28.557,28.557,28.557,
2005-06-15,28.918,28.918,28.918,28.918,
2005-06-16,29.468,29.468,29.468,29.468,
2005-06-17,30.002,30.002,30.002,30.002,
2005-06-20,30.19,30.19,30.19,30.19,
2005-06-21,29.906,29.906,29.906,29.906,
2005-06-22,29.646,29.646,29.646,29.646,
2005-06-23,29.168,29.168,29.168,29.168,
2005-06-24,28.842,28.842,28.842,28.842,
2005-06-27,29.127,29.127,29.127,29.127,
2005-06-28,29.0,29.0,29.0,29.0,
2005-06-29,28.878,28.878,28.878,28.878,
2005-06-30,28.45,28.45,28.45,28.45,
2005-07-01,28.985,28.985,28.985,28.985,
2005-07-05,29.794,29.794,29.794,29.794,
2005-07-06,29.081,29.081,29.081,29.081,
2005-07-07,29.407,29.407,29.407,29.407,
2005-07-08,29.183,29.183,29.183,29.183,
2005-07-11,29.153,29.153,29.153,29.153,
2005-07-12,29.259,29.259,29.259,29.259,
2005-07-13,29.239,29.239,29.239,29.239,
2005-07-14,28.908,28.908,28.908,28.908,
2005-07-15,28.832,28.832,28.832,28.832,
2005-07-18,28.674,28.674,28.674,28.674,
2005-07-19,29.153,29.153,29.153,29.153,
2005-07-20,29.305,29.305,29.305,29.305,
2005-07-21,28.985,28.985,28.985,28.985,
2005-07-22,29.402,29.402,29.402,29.402,
2005-07-25,29.697,29.697,29.697,29.697,
2005-07-26,29.432,29.432,29.432,29.432,
2005-07-27,29.677,29.677,29.677,29.677,
2005-07-28,29.987,29.987,29.987,29.987,
2005-07-29,29.514,29.514,29.514,29.514,
2005-08-01,29.727,29.727,29.727,29.727,
2005-08-02,30.302,30.302,30.302,30.302,
2005-08-03,30.704,30.704,30.704,30.704,
2005-08-04,30.735,30.735,30.735,30.735,
2005-08-05,30.699,30.699,30.699,30.699,
2005-08-08,31.167,31.167,31.167,31.167,
2005-08-09,31.147,31.147,31.147,31.147,
2005-08-10,31.788,31.788,31.788,31.788,
2005-08-11,31.798,31.798,31.798,31.798,
2005-08-12,31.686,31.686,31.686,31.686,
2005-08-15,31.61,31.61,31.61,31.61,
2005-08-16,31.004,31.004,31.004,31.004,
2005-08-17,30.569,30.569,30.569,30.569,
2005-08-18,30.487,30.487,30.487,30.487,
2005-08-19,30.712,30.712,30.712,30.712,
2005-08-22,30.928,30.928,30.928,30.928,
2005-08-23,30.789,30.789,30.789,30.789,
2005-08-24,30.666,30.666,30.666,30.666,
2005-08-25,30.671,30.671,30.671,30.671,
2005-08-26,30.436,30.436,30.436,30.436,
2005-08-29,30.502,30.502,30.502,30.502,
2005-08-30,31.03,31.03,31.03,31.03,
2005-08-31,31.471,31.471,31.471,31.471,
2005-09-01,32.142,32.142,32.142,32.142,
2005-09-02,31.932,31.932,31.932,31.932,
2005-09-06,31.953,31.953,31.953,31.953,
2005-09-07,31.968,31.968,31.968,31.968,
2005-09-08,31.809,31.809,31.809,31.809,
2005-09-09,32.706,32.706,32.706,32.706,
2005-09-12,32.445,32.445,32.445,32.445,
2005-09-13,31.968,31.968,31.968,31.968,
2005-09-14,32.06,32.06,32.06,32.06,
2005-09-15,32.009,32.009,32.009,32.009,
2005-09-16,32.486,32.486,32.486,32.486,
2005-09-19,32.962,32.962,32.962,32.962,
2005-09-20,32.824,32.824,32.824,32.824,
2005-09-21,32.942,32.942,32.942,32.942,
2005-09-22,32.686,32.686,32.686,32.686,
2005-09-23,32.429,32.429,32.429,32.429,
2005-09-26,32.927,32.927,32.927,32.927,
2005-09-27,32.896,32.896,32.896,32.896,
2005-09-28,33.306,33.306,33.306,33.306,
2005-09-29,33.711,33.711,33.711,33.711,
2005-09-30,33.178,33.178,33.178,33.178,
2005-10-03,33.034,33.034,33.034,33.034,
2005-10-04,32.209,32.209,32.209,32.209,
2005-10-05,31.799,31.799,31.799,31.799,
2005-10-06,30.753,30.753,30.753,30.753,
2005-10-07,31.266,31.266,31.266,31.266,
2005-10-10,30.922,30.922,30.922,30.922,
2005-10-11,31.855,31.855,31.855,31.855,
2005-10-12,31.245,31.245,31.245,31.245,
2005-10-13,30.518,30.518,30.518,30.518,
2005-10-14,30.487,30.487,30.487,30.487,
2005-10-17,30.728,30.728,30.728,30.728,
2005-10-18,29.364,29.364,29.364,29.364,
2005-10-19,29.902,29.902,29.902,29.902,
2005-10-20,28.575,28.575,28.575,28.575,
2005-10-21,28.857,28.857,28.857,28.857,
2005-10-24,29.641,29.641,29.641,29.641,
2005-10-25,30.072,30.072,30.072,30.072,
2005-10-26,29.554,29.554,29.554,29.554,
2005-10-27,28.959,28.959,28.959,28.959,
2005-10-28,29.41,29.41,29.41,29.41,
2005-10-31,29.252,29.252,29.252,29.252,
2005-11-01,29.544,29.544,29.544,29.544,
2005-11-02,29.995,29.995,29.995,29.995,
2005-11-03,30.487,30.487,30.487,30.487,
2005-11-04,29.733,29.733,29.733,29.733,
2005-11-07,29.421,29.421,29.421,29.421,
2005-11-08,29.656,29.656,29.656,29.656,
2005-11-09,29.098,29.098,29.098,29.098,
2005-11-10,28.821,28.821,28.821,28.821,
2005-11-11,29.026,29.026,29.026,29.026,
2005-11-14,29.011,29.011,29.011,29.011,
2005-11-15,29.057,29.057,29.057,29.057,
2005-11-16,29.527,29.527,29.527,29.527,
2005-11-17,29.687,29.687,29.687,29.687,
2005-11-18,30.023,30.023,30.023,30.023,
2005-11-21,30.405,30.405,30.405,30.405,
2005-11-22,30.545,30.545,30.545,30.545,
2005-11-23,30.333,30.333,30.333,30.333,
2005-11-25,30.245,30.245,30.245,30.245,
2005-11-28,29.542,29.542,29.542,29.542,
2005-11-29,29.641,29.641,29.641,29.641,
2005-11-30,29.61,29.61,29.61,29.61,
2005-12-01,30.333,30.333,30.333,30.333,
2005-12-02,30.576,30.576,30.576,30.576,
2005-12-05,30.813,30.813,30.813,30.813,
2005-12-06,30.989,30.989,30.989,30.989,
2005-12-07,30.638,30.638,30.638,30.638,
2005-12-08,30.803,30.803,30.803,30.803,
2005-12-09,30.39,30.39,30.39,30.39,
2005-12-12,30.782,30.782,30.782,30.782,
2005-12-13,30.41,30.41,30.41,30.41,
2005-12-14,30.627,30.627,30.627,30.627,
2005-12-15,30.493,30.493,30.493,30.493,
2005-12-16,29.713,29.713,29.713,29.713,
2005-12-19,29.32,29.32,29.32,29.32,
2005-12-20,29.382,29.382,29.382,29.382,
2005-12-21,29.46,29.46,29.46,29.46,
2005-12-22,29.506,29.506,29.506,29.506,
2005-12-23,29.517,29.517,29.517,29.517,
2005-12-27,28.876,28.876,28.876,28.876,
2005-12-28,29.294,29.294,29.294,29.294,
2005-12-29,29.176,29.176,29.176,29.176,
2005-12-30,29.331,29.331,29.331,29.331,
2006-01-03,30.524,30.524,30.524,30.524,
2006-01-04,30.436,30.436,30.436,30.436,
2006-01-05,30.064,30.064,30.064,30.064,
2006-01-06,30.612,30.612,30.612,30.612,
2006-01-09,30.457,30.457,30.457,30.457,
2006-01-10,30.607,30.607,30.607,30.607,
2006-01-11,30.917,30.917,30.917,30.917,
2006-01-12,30.943,30.943,30.943,30.943,
2006-01-13,31.185,31.185,31.185,31.185,
2006-01-17,31.96,31.96,31.96,31.96,
2006-01-18,31.464,31.464,31.464,31.464,
2006-01-19,31.826,31.826,31.826,31.826,
2006-01-20,31.578,31.578,31.578,31.578,
2006-01-23,32.141,32.141,32.141,32.141,
2006-01-24,32.059,32.059,32.059,32.059,
2006-01-25,31.65,31.65,31.65,31.65,
2006-01-26,31.113,31.113,31.113,31.113,
2006-01-27,31.196,31.196,31.196,31.196,
2006-01-30,31.387,31.387,31.387,31.387,
2006-01-31,30.679,30.679,30.679,30.679,
2006-02-01,30.328,30.328,30.328,30.328,
2006-02-02,30.23,30.23,30.23,30.23,
2006-02-03,29.708,29.708,29.708,29.708,
2006-02-06,30.4,30.4,30.4,30.4,
2006-02-07,29.832,29.832,29.832,29.832,
2006-02-08,29.909,29.909,29.909,29.909,
2006-02-09,29.398,29.398,29.398,29.398,
2006-02-10,29.248,29.248,29.248,29.248,
2006-02-13,29.253,29.253,29.253,29.253,
2006-02-14,29.019,29.019,29.019,29.019,
2006-02-15,29.144,29.144,29.144,29.144,
2006-02-16,29.321,29.321,29.321,29.321,
2006-02-17,29.774,29.774,29.774,29.774,
2006-02-21,30.154,30.154,30.154,30.154,
2006-02-22,29.81,29.81,29.81,29.81,
2006-02-23,29.758,29.758,29.758,29.758,
2006-02-24,30.024,30.024,30.024,30.024,
2006-02-27,29.737,29.737,29.737,29.737,
2006-02-28,29.415,29.415,29.415,29.415,
2006-03-01,29.81,29.81,29.81,29.81,
2006-03-02,29.691,29.691,29.691,29.691,
2006-03-03,29.67,29.67,29.67,29.67,
2006-03-06,29.086,29.086,29.086,29.086,
2006-03-07,28.81,28.81,28.81,28.81,
2006-03-08,28.706,28.706,28.706,28.706,
2006-03-09,28.357,28.357,28.357,28.357,
2006-03-10,28.165,28.165,28.165,28.165,
2006-03-13,28.737,28.737,28.737,28.737,
2006-03-14,29.347,29.347,29.347,29.347,
2006-03-15,29.425,29.425,29.425,29.425,
2006-03-16,30.071,30.071,30.071,30.071,
2006-03-17,29.779,29.779,29.779,29.779,
2006-03-20,29.555,29.555,29.555,29.555,
2006-03-21,29.461,29.461,29.461,29.461,
2006-03-22,29.42,29.42,29.42,29.42,
2006-03-23,29.493,29.493,29.493,29.493,
2006-03-24,29.982,29.982,29.982,29.982,
2006-03-27,30.316,30.316,30.316,30.316,
2006-03-28,30.133,30.133,30.133,30.133,
2006-03-29,30.534,30.534,30.534,30.534,
2006-03-30,30.472,30.472,30.472,30.472,
2006-03-31,30.191,30.191,30.191,30.191,
2006-04-03,30.383,30.383,30.383,30.383,
2006-04-04,30.68,30.68,30.68,30.68,
2006-04-05,30.987,30.987,30.987,30.987,
2006-04-06,30.94,30.94,30.94,30.94,
2006-04-07,30.545,30.545,30.545,30.545,
2006-04-10,31.102,31.102,31.102,31.102,
2006-04-11,30.966,30.966,30.966,30.966,
2006-04-12,30.555,30.555,30.555,30.555,
2006-04-13,30.612,30.612,30.612,30.612,
2006-04-17,30.894,30.894,30.894,30.894,
2006-04-18,31.701,31.701,31.701,31.701,
2006-04-19,31.774,31.774,31.774,31.774,
2006-04-20,31.263,31.263,31.263,31.263,
2006-04-21,32.019,32.019,32.019,32.019,
2006-04-24,31.763,31.763,31.763,31.763,
2006-04-25,31.461,31.461,31.461,31.461,
2006-04-26,31.362,31.362,31.362,31.362,
2006-04-27,31.237,31.237,31.237,31.237,
2006-04-28,31.779,31.779,31.779,31.779,
2006-05-01,31.857,31.857,31.857,31.857,
2006-05-02,32.706,32.706,32.706,32.706,
2006-05-03,32.237,32.237,32.237,32.237,
2006-05-04,32.289,32.289,32.289,32.289,
2006-05-05,32.472,32.472,32.472,32.472,
2006-05-08,32.295,32.295,32.295,32.295,
2006-05-09,32.737,32.737,32.737,32.737,
2006-05-10,32.748,32.748,32.748,32.748,
2006-05-11,32.659,32.659,32.659,32.659,
2006-05-12,31.966,31.966,31.966,31.966,
2006-05-15,31.539,31.539,31.539,31.539,
2006-05-16,31.779,31.779,31.779,31.779,
2006-05-17,30.959,30.959,30.959,30.959,
2006-05-18,30.833,30.833,30.833,30.833,
2006-05-19,30.713,30.713,30.713,30.713,
2006-05-22,30.581,30.581,30.581,30.581,
2006-05-23,30.518,30.518,30.518,30.518,
2006-05-24,30.256,30.256,30.256,30.256,
2006-05-25,31.248,31.248,31.248,31.248,
2006-05-26,31.427,31.427,31.427,31.427,
2006-05-30,30.702,30.702,30.702,30.702,
2006-05-31,31.406,31.406,31.406,31.406,
2006-06-01,31.506,31.506,31.506,31.506,
2006-06-02,31.91,31.91,31.91,31.91,
2006-06-05,31.175,31.175,31.175,31.175,
2006-06-06,30.954,30.954,30.954,30.954,
2006-06-07,30.03,30.03,30.03,30.03,
2006-06-08,30.392,30.392,30.392,30.392,
2006-06-09,30.219,30.219,30.219,30.219,
2006-06-12,30.25,30.25,30.25,30.25,
2006-06-13,29.825,29.825,29.825,29.825,
2006-06-14,30.376,30.376,30.376,30.376,
2006-06-15,31.217,31.217,31.217,31.217,
2006-06-16,30.839,30.839,30.839,30.839,
2006-06-19,30.208,30.208,30.208,30.208,
2006-06-20,30.208,30.208,30.208,30.208,
2006-06-21,30.613,30.613,30.613,30.613,
2006-06-22,30.812,30.812,30.812,30.812,
2006-06-23,30.839,30.839,30.839,30.839,
2006-06-26,31.348,31.348,31.348,31.348,
2006-06-27,31.569,31.569,31.569,31.569,
2006-06-28,32.231,32.231,32.231,32.231,
2006-06-29,32.803,32.803,32.803,32.803,
2006-06-30,32.598,32.598,32.598,32.598,
2006-07-03,32.961,32.961,32.961,32.961,
2006-07-05,33.554,33.554,33.554,33.554,
2006-07-06,33.607,33.607,33.607,33.607,
2006-07-07,33.449,33.449,33.449,33.449,
2006-07-10,33.759,33.759,33.759,33.759,
2006-07-11,34.3,34.3,34.3,34.3,
2006-07-12,34.074,34.074,34.074,34.074,
2006-07-13,34.111,34.111,34.111,34.111,
2006-07-14,34.868,34.868,34.868,34.868,
2006-07-17,34.074,34.074,34.074,34.074,
2006-07-18,34.432,34.432,34.432,34.432,
2006-07-19,34.663,34.663,34.663,34.663,
2006-07-20,34.311,34.311,34.311,34.311,
2006-07-21,33.854,33.854,33.854,33.854,
2006-07-24,34.81,34.81,34.81,34.81,
2006-07-25,35.167,35.167,35.167,35.167,
2006-07-26,35.456,35.456,35.456,35.456,
2006-07-27,35.577,35.577,35.577,35.577,
2006-07-28,34.694,34.694,34.694,34.694,
2006-07-31,34.552,34.552,34.552,34.552,
2006-08-01,34.799,34.799,34.799,34.799,
2006-08-02,34.652,34.652,34.652,34.652,
2006-08-03,34.405,34.405,34.405,34.405,
2006-08-04,34.489,34.489,34.489,34.489,
2006-08-07,35.104,35.104,35.104,35.104,
2006-08-08,35.298,35.298,35.298,35.298,
2006-08-09,35.445,35.445,35.445,35.445,
2006-08-10,35.377,35.377,35.377,35.377,
2006-08-11,35.64,35.64,35.64,35.64,
2006-08-14,35.219,35.219,35.219,35.219,
2006-08-15,35.12,35.12,35.12,35.12,
2006-08-16,34.627,34.627,34.627,34.627,
2006-08-17,35.019,35.019,35.019,35.019,
2006-08-18,35.607,35.607,35.607,35.607,
2006-08-21,35.411,35.411,35.411,35.411,
2006-08-22,35.231,35.231,35.231,35.231,
2006-08-23,34.77,34.77,34.77,34.77,
2006-08-24,35.326,35.326,35.326,35.326,
2006-08-25,35.347,35.347,35.347,35.347,
2006-08-28,35.024,35.024,35.024,35.024,
2006-08-29,34.802,34.802,34.802,34.802,
2006-08-30,34.511,34.511,34.511,34.511,
2006-08-31,34.093,34.093,34.093,34.093,
2006-09-01,34.32,34.32,34.32,34.32,
2006-09-05,35.12,35.12,35.12,35.12,
2006-09-06,34.527,34.527,34.527,34.527,
2006-09-07,34.622,34.622,34.622,34.622,
2006-09-08,33.997,33.997,33.997,33.997,
2006-09-11,32.822,32.822,32.822,32.822,
2006-09-12,32.499,32.499,32.499,32.499,
2006-09-13,33.029,33.029,33.029,33.029,
2006-09-14,32.849,32.849,32.849,32.849,
2006-09-15,32.711,32.711,32.711,32.711,
2006-09-18,33.272,33.272,33.272,33.272,
2006-09-19,32.764,32.764,32.764,32.764,
2006-09-20,32.229,32.229,32.229,32.229,
2006-09-21,32.849,32.849,32.849,32.849,
2006-09-22,32.79,32.79,32.79,32.79,
2006-09-25,32.917,32.917,32.917,32.917,
2006-09-26,33.664,33.664,33.664,33.664,
2006-09-27,33.987,33.987,33.987,33.987,
2006-09-28,34.161,34.161,34.161,34.161,
2006-09-29,34.336,34.336,34.336,34.336,
2006-10-02,34.151,34.151,34.151,34.151,
2006-10-03,33.32,33.32,33.32,33.32,
2006-10-04,33.722,33.722,33.722,33.722,
2006-10-05,33.817,33.817,33.817,33.817,
2006-10-06,33.701,33.701,33.701,33.701,
2006-10-09,33.479,33.479,33.479,33.479,
2006-10-10,33.828,33.828,33.828,33.828,
2006-10-11,33.404,33.404,33.404,33.404,
2006-10-12,33.891,33.891,33.891,33.891,
2006-10-13,33.987,33.987,33.987,33.987,
2006-10-16,34.437,34.437,34.437,34.437,
2006-10-17,34.373,34.373,34.373,34.373,
2006-10-18,34.199,34.199,34.199,34.199,
2006-10-19,34.749,34.749,34.749,34.749,
2006-10-20,34.559,34.559,34.559,34.559,
2006-10-23,34.749,34.749,34.749,34.749,
2006-10-24,35.411,35.411,35.411,35.411,
2006-10-25,35.776,35.776,35.776,35.776,
2006-10-26,35.734,35.734,35.734,35.734,
2006-10-27,35.829,35.829,35.829,35.829,
2006-10-30,35.146,35.146,35.146,35.146,
2006-10-31,35.575,35.575,35.575,35.575,
2006-11-01,35.458,35.458,35.458,35.458,
2006-11-02,35.887,35.887,35.887,35.887,
2006-11-03,36.48,36.48,36.48,36.48,
2006-11-06,36.935,36.935,36.935,36.935,
2006-11-07,36.48,36.48,36.48,36.48,
2006-11-08,36.798,36.798,36.798,36.798,
2006-11-09,37.163,37.163,37.163,37.163,
2006-11-10,36.814,36.814,36.814,36.814,
2006-11-13,37.243,37.243,37.243,37.243,
2006-11-14,37.258,37.258,37.258,37.258,
2006-11-15,37.306,37.306,37.306,37.306,
2006-11-16,36.56,36.56,36.56,36.56,
2006-11-17,36.853,36.853,36.853,36.853,
2006-11-20,36.928,36.928,36.928,36.928,
2006-11-21,37.45,37.45,37.45,37.45,
2006-11-22,37.12,37.12,37.12,37.12,
2006-11-24,36.714,36.714,36.714,36.714,
2006-11-27,36.666,36.666,36.666,36.666,
2006-11-28,37.269,37.269,37.269,37.269,
2006-11-29,37.893,37.893,37.893,37.893,
2006-11-30,38.57,38.57,38.57,38.57,
2006-12-01,38.992,38.992,38.992,38.992,
2006-12-04,39.2,39.2,39.2,39.2,
2006-12-05,39.44,39.44,39.44,39.44,
2006-12-06,39.232,39.232,39.232,39.232,
2006-12-07,39.104,39.104,39.104,39.104,
2006-12-08,38.842,38.842,38.842,38.842,
2006-12-11,39.306,39.306,39.306,39.306,
2006-12-12,39.386,39.386,39.386,39.386,
2006-12-13,39.68,39.68,39.68,39.68,
2006-12-14,40.517,40.517,40.517,40.517,
2006-12-15,40.202,40.202,40.202,40.202,
2006-12-18,39.109,39.109,39.109,39.109,
2006-12-19,39.728,39.728,39.728,39.728,
2006-12-20,39.28,39.28,39.28,39.28,
2006-12-21,39.056,39.056,39.056,39.056,
2006-12-22,38.789,38.789,38.789,38.789,
2006-12-26,38.981,38.981,38.981,38.981,
2006-12-27,39.488,39.488,39.488,39.488,
2006-12-28,39.616,39.616,39.616,39.616,
2006-12-29,39.216,39.216,39.216,39.216,
2007-01-03,37.85,37.85,37.85,37.85,
2007-01-04,37.482,37.482,37.482,37.482,
2007-01-05,37.626,37.626,37.626,37.626,
2007-01-08,38.106,38.106,38.106,38.106,
2007-01-09,37.669,37.669,37.669,37.669,
2007-01-10,37.018,37.018,37.018,37.018,
2007-01-11,36.634,36.634,36.634,36.634,
2007-01-12,37.52,37.52,37.52,37.52,
2007-01-16,37.157,37.157,37.157,37.157,
2007-01-17,37.77,37.77,37.77,37.77,
2007-01-18,37.824,37.824,37.824,37.824,
2007-01-19,38.57,38.57,38.57,38.57,
2007-01-22,37.984,37.984,37.984,37.984,
2007-01-23,38.698,38.698,38.698,38.698,
2007-01-24,38.848,38.848,38.848,38.848,
2007-01-25,38.144,38.144,38.144,38.144,
2007-01-26,38.133,38.133,38.133,38.133,
2007-01-29,38.149,38.149,38.149,38.149,
2007-01-30,38.97,38.97,38.97,38.97,
2007-01-31,38.869,38.869,38.869,38.869,
2007-02-01,39.717,39.717,39.717,39.717,
2007-02-02,39.488,39.488,39.488,39.488,
2007-02-05,39.349,39.349,39.349,39.349,
2007-02-06,39.13,39.13,39.13,39.13,
2007-02-07,38.741,38.741,38.741,38.741,
2007-02-08,39.333,39.333,39.333,39.333,
2007-02-09,39.104,39.104,39.104,39.104,
2007-02-12,38.57,38.57,38.57,38.57,
2007-02-13,38.842,38.842,38.842,38.842,
2007-02-14,38.778,38.778,38.778,38.778,
2007-02-15,38.332,38.332,38.332,38.332,
2007-02-16,38.037,38.037,38.037,38.037,
2007-02-20,37.666,37.666,37.666,37.666,
2007-02-21,37.569,37.569,37.569,37.569,
2007-02-22,37.961,37.961,37.961,37.961,
2007-02-23,38.176,38.176,38.176,38.176,
2007-02-26,38.359,38.359,38.359,38.359,
2007-02-27,36.839,36.839,36.839,36.839,
2007-02-28,36.807,36.807,36.807,36.807,
2007-03-01,36.312,36.312,36.312,36.312,
2007-03-02,35.877,35.877,35.877,35.877,
2007-03-05,35.684,35.684,35.684,35.684,
2007-03-06,36.35,36.35,36.35,36.35,
2007-03-07,36.704,36.704,36.704,36.704,
2007-03-08,36.774,36.774,36.774,36.774,
2007-03-09,36.78,36.78,36.78,36.78,
2007-03-12,36.973,36.973,36.973,36.973,
2007-03-13,36.441,36.441,36.441,36.441,
2007-03-14,36.699,36.699,36.699,36.699,
2007-03-15,36.995,36.995,36.995,36.995,
2007-03-16,36.57,36.57,36.57,36.57,
2007-03-19,37.268,37.268,37.268,37.268,
2007-03-20,37.628,37.628,37.628,37.628,
2007-03-21,38.321,38.321,38.321,38.321,
2007-03-22,39.175,39.175,39.175,39.175,
2007-03-23,39.589,39.589,39.589,39.589,
2007-03-26,39.965,39.965,39.965,39.965,
2007-03-27,39.842,39.842,39.842,39.842,
2007-03-28,39.793,39.793,39.793,39.793,
2007-03-29,40.26,40.26,40.26,40.26,
2007-03-30,39.729,39.729,39.729,39.729,
2007-04-02,40.196,40.196,40.196,40.196,
2007-04-03,40.47,40.47,40.47,40.47,
2007-04-04,40.583,40.583,40.583,40.583,
2007-04-05,40.615,40.615,40.615,40.615,
2007-04-09,40.551,40.551,40.551,40.551,
2007-04-10,41.383,41.383,41.383,41.383,
2007-04-11,41.125,41.125,41.125,41.125,
2007-04-12,41.453,41.453,41.453,41.453,
2007-04-13,41.367,41.367,41.367,41.367,
2007-04-16,41.829,41.829,41.829,41.829,
2007-04-17,41.877,41.877,41.877,41.877,
2007-04-18,41.775,41.775,41.775,41.775,
2007-04-19,41.26,41.26,41.26,41.26,
2007-04-20,42.141,42.141,42.141,42.141,
2007-04-23,41.662,41.662,41.662,41.662,
2007-04-24,41.415,41.415,41.415,41.415,
2007-04-25,42.071,42.071,42.071,42.071,
2007-04-26,41.996,41.996,41.996,41.996,
2007-04-27,41.942,41.942,41.942,41.942,
2007-04-30,41.786,41.786,41.786,41.786,
2007-05-01,42.087,42.087,42.087,42.087,
2007-05-02,42.243,42.243,42.243,42.243,
2007-05-03,42.737,42.737,42.737,42.737,
2007-05-04,42.597,42.597,42.597,42.597,
2007-05-07,42.748,42.748,42.748,42.748,
2007-05-08,43.0,43.0,43.0,43.0,
2007-05-09,42.839,42.839,42.839,42.839,
2007-05-10,42.001,42.001,42.001,42.001,
2007-05-11,42.995,42.995,42.995,42.995,
2007-05-14,43.441,43.441,43.441,43.441,
2007-05-15,43.365,43.365,43.365,43.365,
2007-05-16,43.679,43.679,43.679,43.679,
2007-05-17,44.074,44.074,44.074,44.074,
2007-05-18,44.826,44.826,44.826,44.826,
2007-05-21,44.815,44.815,44.815,44.815,
2007-05-22,44.464,44.464,44.464,44.464,
2007-05-23,44.042,44.042,44.042,44.042,
2007-05-24,43.268,43.268,43.268,43.268,
2007-05-25,43.896,43.896,43.896,43.896,
2007-05-29,43.668,43.668,43.668,43.668,
2007-05-30,44.502,44.502,44.502,44.502,
2007-05-31,44.09,44.09,44.09,44.09,
2007-06-01,44.491,44.491,44.491,44.491,
2007-06-04,44.978,44.978,44.978,44.978,
2007-06-05,44.761,44.761,44.761,44.761,
2007-06-06,44.253,44.253,44.253,44.253,
2007-06-07,43.392,43.392,43.392,43.392,
2007-06-08,43.657,43.657,43.657,43.657,
2007-06-11,44.02,44.02,44.02,44.02,
2007-06-12,43.587,43.587,43.587,43.587,
2007-06-13,43.906,43.906,43.906,43.906,
2007-06-14,44.545,44.545,44.545,44.545,
2007-06-15,44.999,44.999,44.999,44.999,
2007-06-18,45.118,45.118,45.118,45.118,
2007-06-19,45.064,45.064,45.064,45.064,
2007-06-20,43.809,43.809,43.809,43.809,
2007-06-21,44.826,44.826,44.826,44.826,
2007-06-22,44.123,44.123,44.123,44.123,
2007-06-25,44.88,44.88,44.88,44.88,
2007-06-26,44.745,44.745,44.745,44.745,
2007-06-27,45.389,45.389,45.389,45.389,
2007-06-28,45.546,45.546,45.546,45.546,
2007-06-29,45.578,45.578,45.578,45.578,
2007-07-02,46.071,46.071,46.071,46.071,
2007-07-03,46.709,46.709,46.709,46.709,
2007-07-05,46.839,46.839,46.839,46.839,
2007-07-06,47.439,47.439,47.439,47.439,
2007-07-09,48.424,48.424,48.424,48.424,
2007-07-10,48.154,48.154,48.154,48.154,
2007-07-11,49.1,49.1,49.1,49.1,
2007-07-12,50.48,50.48,50.48,50.48,
2007-07-13,50.496,50.496,50.496,50.496,
2007-07-16,49.842,49.842,49.842,49.842,
2007-07-17,49.29,49.29,49.29,49.29,
2007-07-18,50.361,50.361,50.361,50.361,
2007-07-19,50.318,50.318,50.318,50.318,
2007-07-20,49.842,49.842,49.842,49.842,
2007-07-23,50.085,50.085,50.085,50.085,
2007-07-24,48.614,48.614,48.614,48.614,
2007-07-25,49.263,49.263,49.263,49.263,
2007-07-26,47.32,47.32,47.32,47.32,
2007-07-27,46.098,46.098,46.098,46.098,
2007-07-30,46.763,46.763,46.763,46.763,
2007-07-31,46.13,46.13,46.13,46.13,
2007-08-01,46.081,46.081,46.081,46.081,
2007-08-02,45.389,45.389,45.389,45.389,
2007-08-03,43.836,43.836,43.836,43.836,
2007-08-06,44.377,44.377,44.377,44.377,
2007-08-07,45.005,45.005,45.005,45.005,
2007-08-08,45.627,45.627,45.627,45.627,
2007-08-09,43.885,43.885,43.885,43.885,
2007-08-10,45.135,45.135,45.135,45.135,
2007-08-13,44.61,44.61,44.61,44.61,
2007-08-14,44.61,44.61,44.61,44.61,
2007-08-15,44.005,44.005,44.005,44.005,
2007-08-16,44.348,44.348,44.348,44.348,
2007-08-17,45.966,45.966,45.966,45.966,
2007-08-20,46.255,46.255,46.255,46.255,
2007-08-21,45.934,45.934,45.934,45.934,
2007-08-22,46.528,46.528,46.528,46.528,
2007-08-23,46.577,46.577,46.577,46.577,
2007-08-24,47.525,47.525,47.525,47.525,
2007-08-27,47.405,47.405,47.405,47.405,
2007-08-28,45.934,45.934,45.934,45.934,
2007-08-29,47.242,47.242,47.242,47.242,
2007-08-30,47.509,47.509,47.509,47.509,
2007-08-31,47.819,47.819,47.819,47.819,
2007-09-04,48.348,48.348,48.348,48.348,
2007-09-05,48.146,48.146,48.146,48.146,
2007-09-06,48.457,48.457,48.457,48.457,
2007-09-07,47.759,47.759,47.759,47.759,
2007-09-10,47.432,47.432,47.432,47.432,
2007-09-11,48.271,48.271,48.271,48.271,
2007-09-12,48.598,48.598,48.598,48.598,
2007-09-13,49.089,49.089,49.089,49.089,
2007-09-14,49.394,49.394,49.394,49.394,
2007-09-17,49.546,49.546,49.546,49.546,
2007-09-18,50.86,50.86,50.86,50.86,
2007-09-19,51.279,51.279,51.279,51.279,
2007-09-20,51.312,51.312,51.312,51.312,
2007-09-21,51.677,51.677,51.677,51.677,
2007-09-24,51.41,51.41,51.41,51.41,
2007-09-25,50.064,50.064,50.064,50.064,
2007-09-26,50.407,50.407,50.407,50.407,
2007-09-27,50.952,50.952,50.952,50.952,
2007-09-28,50.99,50.99,50.99,50.99,
2007-10-01,51.459,51.459,51.459,51.459,
2007-10-02,50.435,50.435,50.435,50.435,
2007-10-03,49.846,49.846,49.846,49.846,
2007-10-04,50.042,50.042,50.042,50.042,
2007-10-05,50.304,50.304,50.304,50.304,
2007-10-08,49.901,49.901,49.901,49.901,
2007-10-09,50.565,50.565,50.565,50.565,
2007-10-10,50.173,50.173,50.173,50.173,
2007-10-11,49.585,49.585,49.585,49.585,
2007-10-12,49.808,49.808,49.808,49.808,
2007-10-15,50.309,50.309,50.309,50.309,
2007-10-16,50.919,50.919,50.919,50.919,
2007-10-17,50.816,50.816,50.816,50.816,
2007-10-18,50.358,50.358,50.358,50.358,
2007-10-19,48.642,48.642,48.642,48.642,
2007-10-22,48.19,48.19,48.19,48.19,
2007-10-23,48.451,48.451,48.451,48.451,
2007-10-24,48.985,48.985,48.985,48.985,
2007-10-25,49.71,49.71,49.71,49.71,
2007-10-26,49.939,49.939,49.939,49.939,
2007-10-29,50.609,50.609,50.609,50.609,
2007-10-30,49.083,49.083,49.083,49.083,
2007-10-31,49.862,49.862,49.862,49.862,
2007-11-01,48.517,48.517,48.517,48.517,
2007-11-02,48.211,48.211,48.211,48.211,
2007-11-05,48.211,48.211,48.211,48.211,
2007-11-06,49.388,49.388,49.388,49.388,
2007-11-07,47.699,47.699,47.699,47.699,
2007-11-08,48.593,48.593,48.593,48.593,
2007-11-09,47.547,47.547,47.547,47.547,
2007-11-12,46.462,46.462,46.462,46.462,
2007-11-13,47.312,47.312,47.312,47.312,
2007-11-14,47.257,47.257,47.257,47.257,
2007-11-15,46.166,46.166,46.166,46.166,
2007-11-16,47.164,47.164,47.164,47.164,
2007-11-19,46.643,46.643,46.643,46.643,
2007-11-20,48.217,48.217,48.217,48.217,
2007-11-21,47.038,47.038,47.038,47.038,
2007-11-23,47.543,47.543,47.543,47.543,
2007-11-26,45.963,45.963,45.963,45.963,
2007-11-27,46.248,46.248,46.248,46.248,
2007-11-28,47.208,47.208,47.208,47.208,
2007-11-29,47.482,47.482,47.482,47.482,
2007-11-30,48.146,48.146,48.146,48.146,
2007-12-03,48.185,48.185,48.185,48.185,
2007-12-04,47.812,47.812,47.812,47.812,
2007-12-05,48.985,48.985,48.985,48.985,
2007-12-06,50.126,50.126,50.126,50.126,
2007-12-07,49.896,49.896,49.896,49.896,
2007-12-10,50.313,50.313,50.313,50.313,
2007-12-11,49.309,49.309,49.309,49.309,
2007-12-12,50.346,50.346,50.346,50.346,
2007-12-13,51.059,51.059,51.059,51.059,
2007-12-14,50.477,50.477,50.477,50.477,
2007-12-17,49.358,49.358,49.358,49.358,
2007-12-18,50.022,50.022,50.022,50.022,
2007-12-19,49.863,49.863,49.863,49.863,
2007-12-20,50.494,50.494,50.494,50.494,
2007-12-21,51.586,51.586,51.586,51.586,
2007-12-24,51.827,51.827,51.827,51.827,
2007-12-26,52.024,52.024,52.024,52.024,
2007-12-27,51.426,51.426,51.426,51.426,
2007-12-28,52.035,52.035,52.035,52.035,
2007-12-31,51.196,51.196,51.196,51.196,
2008-01-02,51.267,51.267,51.267,51.267,
2008-01-03,51.898,51.898,51.898,51.898,
2008-01-04,51.207,51.207,51.207,51.207,
2008-01-07,50.538,50.538,50.538,50.538,
2008-01-08,49.891,49.891,49.891,49.891,
2008-01-09,50.779,50.779,50.779,50.779,
2008-01-10,50.412,50.412,50.412,50.412,
2008-01-11,49.737,49.737,49.737,49.737,
2008-01-14,49.869,49.869,49.869,49.869,
2008-01-15,48.42,48.42,48.42,48.42,
2008-01-16,47.312,47.312,47.312,47.312,
2008-01-17,45.392,45.392,45.392,45.392,
2008-01-18,45.782,45.782,45.782,45.782,
2008-01-22,44.57,44.57,44.57,44.57,
2008-01-23,44.679,44.679,44.679,44.679,
2008-01-24,45.897,45.897,45.897,45.897,
2008-01-25,44.882,44.882,44.882,44.882,
2008-01-28,45.453,45.453,45.453,45.453,
2008-01-29,45.31,45.31,45.31,45.31,
2008-01-30,45.656,45.656,45.656,45.656,
2008-01-31,45.667,45.667,45.667,45.667,
2008-02-01,45.25,45.25,45.25,45.25,
2008-02-04,44.992,44.992,44.992,44.992,
2008-02-05,43.741,43.741,43.741,43.741,
2008-02-06,42.518,42.518,42.518,42.518,
2008-02-07,43.193,43.193,43.193,43.193,
2008-02-08,43.478,43.478,43.478,43.478,
2008-02-11,44.12,44.12,44.12,44.12,
2008-02-12,44.498,44.498,44.498,44.498,
2008-02-13,45.371,45.371,45.371,45.371,
2008-02-14,45.769,45.769,45.769,45.769,
2008-02-15,46.189,46.189,46.189,46.189,
2008-02-19,46.869,46.869,46.869,46.869,
2008-02-20,47.703,47.703,47.703,47.703,
2008-02-21,46.841,46.841,46.841,46.841,
2008-02-22,47.194,47.194,47.194,47.194,
2008-02-25,48.167,48.167,48.167,48.167,
2008-02-26,48.686,48.686,48.686,48.686,
2008-02-27,48.741,48.741,48.741,48.741,
2008-02-28,49.184,49.184,49.184,49.184,
2008-02-29,47.88,47.88,47.88,47.88,
2008-03-03,48.178,48.178,48.178,48.178,
2008-03-04,47.918,47.918,47.918,47.918,
2008-03-05,49.056,49.056,49.056,49.056,
2008-03-06,48.509,48.509,48.509,48.509,
2008-03-07,47.106,47.106,47.106,47.106,
2008-03-10,46.813,46.813,46.813,46.813,
2008-03-11,48.708,48.708,48.708,48.708,
2008-03-12,47.918,47.918,47.918,47.918,
2008-03-13,48.09,48.09,48.09,48.09,
2008-03-14,47.15,47.15,47.15,47.15,
2008-03-17,46.515,46.515,46.515,46.515,
2008-03-18,47.581,47.581,47.581,47.581,
2008-03-19,45.244,45.244,45.244,45.244,
2008-03-20,45.973,45.973,45.973,45.973,
2008-03-24,46.415,46.415,46.415,46.415,
2008-03-25,46.708,46.708,46.708,46.708,
2008-03-26,46.94,46.94,46.94,46.94,
2008-03-27,46.631,46.631,46.631,46.631,
2008-03-28,46.686,46.686,46.686,46.686,
2008-03-31,47.161,47.161,47.161,47.161,
2008-04-01,47.924,47.924,47.924,47.924,
2008-04-02,48.349,48.349,48.349,48.349,
2008-04-03,48.465,48.465,48.465,48.465,
2008-04-04,48.648,48.648,48.648,48.648,
2008-04-07,48.769,48.769,48.769,48.769,
2008-04-08,49.327,49.327,49.327,49.327,
2008-04-09,49.697,49.697,49.697,49.697,
2008-04-10,49.504,49.504,49.504,49.504,
2008-04-11,49.062,49.062,49.062,49.062,
2008-04-14,49.338,49.338,49.338,49.338,
2008-04-15,49.819,49.819,49.819,49.819,
2008-04-16,50.791,50.791,50.791,50.791,
2008-04-17,50.824,50.824,50.824,50.824,
2008-04-18,51.482,51.482,51.482,51.482,
2008-04-21,51.217,51.217,51.217,51.217,
2008-04-22,51.952,51.952,51.952,51.952,
2008-04-23,52.2,52.2,52.2,52.2,
2008-04-24,51.051,51.051,51.051,51.051,
2008-04-25,51.211,51.211,51.211,51.211,
2008-04-28,51.106,51.106,51.106,51.106,
2008-04-29,52.344,52.344,52.344,52.344,
2008-04-30,53.123,53.123,53.123,53.123,
2008-05-01,52.454,52.454,52.454,52.454,
2008-05-02,52.664,52.664,52.664,52.664,
2008-05-05,52.83,52.83,52.83,52.83,
2008-05-06,53.521,53.521,53.521,53.521,
2008-05-07,52.642,52.642,52.642,52.642,
2008-05-08,53.836,53.836,53.836,53.836,
2008-05-09,53.808,53.808,53.808,53.808,
2008-05-12,53.791,53.791,53.791,53.791,
2008-05-13,53.996,53.996,53.996,53.996,
2008-05-14,53.99,53.99,53.99,53.99,
2008-05-15,54.78,54.78,54.78,54.78,
2008-05-16,55.831,55.831,55.831,55.831,
2008-05-19,56.844,56.844,56.844,56.844,
2008-05-20,57.339,57.339,57.339,57.339,
2008-05-21,57.3,57.3,57.3,57.3,
2008-05-22,56.682,56.682,56.682,56.682,
2008-05-23,56.026,56.026,56.026,56.026,
2008-05-27,55.386,55.386,55.386,55.386,
2008-05-28,55.853,55.853,55.853,55.853,
2008-05-29,54.986,54.986,54.986,54.986,
2008-05-30,55.147,55.147,55.147,55.147,
2008-06-02,55.269,55.269,55.269,55.269,
2008-06-03,54.43,54.43,54.43,54.43,
2008-06-04,53.417,53.417,53.417,53.417,
2008-06-05,55.614,55.614,55.614,55.614,
2008-06-06,55.342,55.342,55.342,55.342,
2008-06-09,56.287,56.287,56.287,56.287,
2008-06-10,54.941,54.941,54.941,54.941,
2008-06-11,55.297,55.297,55.297,55.297,
2008-06-12,54.541,54.541,54.541,54.541,
2008-06-13,55.286,55.286,55.286,55.286,
2008-06-16,55.336,55.336,55.336,55.336,
2008-06-17,55.826,55.826,55.826,55.826,
2008-06-18,55.208,55.208,55.208,55.208,
2008-06-19,53.873,53.873,53.873,53.873,
2008-06-20,53.74,53.74,53.74,53.74,
2008-06-23,55.097,55.097,55.097,55.097,
2008-06-24,54.863,54.863,54.863,54.863,
2008-06-25,55.264,55.264,55.264,55.264,
2008-06-26,54.179,54.179,54.179,54.179,
2008-06-27,54.396,54.396,54.396,54.396,
2008-06-30,55.136,55.136,55.136,55.136,
2008-07-01,55.108,55.108,55.108,55.108,
2008-07-02,54.185,54.185,54.185,54.185,
2008-07-03,54.858,54.858,54.858,54.858,
2008-07-07,53.851,53.851,53.851,53.851,
2008-07-08,53.278,53.278,53.278,53.278,
2008-07-09,52.233,52.233,52.233,52.233,
2008-07-10,53.534,53.534,53.534,53.534,
2008-07-11,51.309,51.309,51.309,51.309,
2008-07-14,51.615,51.615,51.615,51.615,
2008-07-15,49.735,49.735,49.735,49.735,
2008-07-16,48.05,48.05,48.05,48.05,
2008-07-17,47.65,47.65,47.65,47.65,
2008-07-18,47.861,47.861,47.861,47.861,
2008-07-21,48.339,48.339,48.339,48.339,
2008-07-22,47.627,47.627,47.627,47.627,
2008-07-23,45.97,45.97,45.97,45.97,
2008-07-24,45.608,45.608,45.608,45.608,
2008-07-25,45.92,45.92,45.92,45.92,
2008-07-28,45.881,45.881,45.881,45.881,
2008-07-29,46.076,46.076,46.076,46.076,
2008-07-30,48.534,48.534,48.534,48.534,
2008-07-31,47.032,47.032,47.032,47.032,
2008-08-01,46.893,46.893,46.893,46.893,
2008-08-04,46.053,46.053,46.053,46.053,
2008-08-05,45.881,45.881,45.881,45.881,
2008-08-06,47.032,47.032,47.032,47.032,
2008-08-07,46.404,46.404,46.404,46.404,
2008-08-08,46.943,46.943,46.943,46.943,
2008-08-11,46.765,46.765,46.765,46.765,
2008-08-12,46.476,46.476,46.476,46.476,
2008-08-13,47.967,47.967,47.967,47.967,
2008-08-14,48.156,48.156,48.156,48.156,
2008-08-15,47.214,47.214,47.214,47.214,
2008-08-18,46.62,46.62,46.62,46.62,
2008-08-19,47.472,47.472,47.472,47.472,
2008-08-20,48.453,48.453,48.453,48.453,
2008-08-21,49.607,49.607,49.607,49.607,
2008-08-22,49.372,49.372,49.372,49.372,
2008-08-25,47.92,47.92,47.92,47.92,
2008-08-26,48.077,48.077,48.077,48.077,
2008-08-27,48.542,48.542,48.542,48.542,
2008-08-28,48.856,48.856,48.856,48.856,
2008-08-29,48.374,48.374,48.374,48.374,
2008-09-02,46.676,46.676,46.676,46.676,
2008-09-03,47.175,47.175,47.175,47.175,
2008-09-04,45.516,45.516,45.516,45.516,
2008-09-05,44.956,44.956,44.956,44.956,
2008-09-08,45.421,45.421,45.421,45.421,
2008-09-09,44.154,44.154,44.154,44.154,
2008-09-10,45.483,45.483,45.483,45.483,
2008-09-11,46.402,46.402,46.402,46.402,
2008-09-12,47.209,47.209,47.209,47.209,
2008-09-15,44.883,44.883,44.883,44.883,
2008-09-16,45.875,45.875,45.875,45.875,
2008-09-17,44.861,44.861,44.861,44.861,
2008-09-18,46.446,46.446,46.446,46.446,
2008-09-19,49.204,49.204,49.204,49.204,
2008-09-22,48.94,48.94,48.94,48.94,
2008-09-23,47.892,47.892,47.892,47.892,
2008-09-24,47.763,47.763,47.763,47.763,
2008-09-25,49.019,49.019,49.019,49.019,
2008-09-26,48.727,48.727,48.727,48.727,
2008-09-29,43.431,43.431,43.431,43.431,
2008-09-30,46.222,46.222,46.222,46.222,
2008-10-01,46.065,46.065,46.065,46.065,
2008-10-02,44.586,44.586,44.586,44.586,
2008-10-03,44.485,44.485,44.485,44.485,
2008-10-06,43.062,43.062,43.062,43.062,
2008-10-07,41.106,41.106,41.106,41.106,
2008-10-08,40.966,40.966,40.966,40.966,
2008-10-09,35.866,35.866,35.866,35.866,
2008-10-10,32.408,32.408,32.408,32.408,
2008-10-13,39.167,39.167,39.167,39.167,
2008-10-14,38.41,38.41,38.41,38.41,
2008-10-15,33.613,33.613,33.613,33.613,
2008-10-16,35.362,35.362,35.362,35.362,
2008-10-17,34.941,34.941,34.941,34.941,
2008-10-20,39.01,39.01,39.01,39.01,
2008-10-21,37.435,37.435,37.435,37.435,
2008-10-22,34.599,34.599,34.599,34.599,
2008-10-23,37.418,37.418,37.418,37.418,
2008-10-24,35.816,35.816,35.816,35.816,
2008-10-27,34.583,34.583,34.583,34.583,
2008-10-28,39.24,39.24,39.24,39.24,
2008-10-29,39.789,39.789,39.789,39.789,
2008-10-30,41.571,41.571,41.571,41.571,
2008-10-31,41.806,41.806,41.806,41.806,
2008-11-03,41.296,41.296,41.296,41.296,
2008-11-04,43.818,43.818,43.818,43.818,
2008-11-05,41.963,41.963,41.963,41.963,
2008-11-06,39.29,39.29,39.29,39.29,
2008-11-07,41.167,41.167,41.167,41.167,
2008-11-10,41.661,41.661,41.661,41.661,
2008-11-11,41.212,41.212,41.212,41.212,
2008-11-12,37.704,37.704,37.704,37.704,
2008-11-13,42.428,42.428,42.428,42.428,
2008-11-14,41.083,41.083,41.083,41.083,
2008-11-17,40.009,40.009,40.009,40.009,
2008-11-18,41.49,41.49,41.49,41.49,
2008-11-19,39.913,39.913,39.913,39.913,
2008-11-20,36.403,36.403,36.403,36.403,
2008-11-21,39.845,39.845,39.845,39.845,
2008-11-24,41.999,41.999,41.999,41.999,
2008-11-25,43.259,43.259,43.259,43.259,
2008-11-26,45.181,45.181,45.181,45.181,
2008-11-28,44.661,44.661,44.661,44.661,
2008-12-01,40.71,40.71,40.71,40.71,
2008-12-02,42.7,42.7,42.7,42.7,
2008-12-03,42.247,42.247,42.247,42.247,
2008-12-04,40.563,40.563,40.563,40.563,
2008-12-05,42.067,42.067,42.067,42.067,
2008-12-08,44.141,44.141,44.141,44.141,
2008-12-09,42.711,42.711,42.711,42.711,
2008-12-10,44.339,44.339,44.339,44.339,
2008-12-11,44.916,44.916,44.916,44.916,
2008-12-12,44.655,44.655,44.655,44.655,
2008-12-15,44.209,44.209,44.209,44.209,
2008-12-16,44.661,44.661,44.661,44.661,
2008-12-17,43.423,43.423,43.423,43.423,
2008-12-18,41.281,41.281,41.281,41.281,
2008-12-19,40.049,40.049,40.049,40.049,
2008-12-22,39.223,39.223,39.223,39.223,
2008-12-23,39.116,39.116,39.116,39.116,
2008-12-24,39.353,39.353,39.353,39.353,
2008-12-26,39.766,39.766,39.766,39.766,
2008-12-29,40.444,40.444,40.444,40.444,
2008-12-30,41.479,41.479,41.479,41.479,
2008-12-31,41.812,41.812,41.812,41.812,
2009-01-02,43.254,43.254,43.254,43.254,
2009-01-05,43.333,43.333,43.333,43.333,
2009-01-06,43.723,43.723,43.723,43.723,
2009-01-07,41.807,41.807,41.807,41.807,
2009-01-08,41.965,41.965,41.965,41.965,
2009-01-09,41.162,41.162,41.162,41.162,
2009-01-12,40.032,40.032,40.032,40.032,
2009-01-13,40.597,40.597,40.597,40.597,
2009-01-14,39.393,39.393,39.393,39.393,
2009-01-15,40.003,40.003,40.003,40.003,
2009-01-16,40.552,40.552,40.552,40.552,
2009-01-20,38.613,38.613,38.613,38.613,
2009-01-21,40.263,40.263,40.263,40.263,
2009-01-22,39.54,39.54,39.54,39.54,
2009-01-23,40.032,40.032,40.032,40.032,
2009-01-26,40.297,40.297,40.297,40.297,
2009-01-27,40.75,40.75,40.75,40.75,
2009-01-28,41.71,41.71,41.71,41.71,
2009-01-29,39.919,39.919,39.919,39.919,
2009-01-30,39.862,39.862,39.862,39.862,
2009-02-02,39.732,39.732,39.732,39.732,
2009-02-03,40.495,40.495,40.495,40.495,
2009-02-04,40.473,40.473,40.473,40.473,
2009-02-05,41.405,41.405,41.405,41.405,
2009-02-06,42.338,42.338,42.338,42.338,
2009-02-09,42.067,42.067,42.067,42.067,
2009-02-10,40.201,40.201,40.201,40.201,
2009-02-11,40.28,40.28,40.28,40.28,
2009-02-12,39.853,39.853,39.853,39.853,
2009-02-13,39.778,39.778,39.778,39.778,
2009-02-17,37.753,37.753,37.753,37.753,
2009-02-18,37.719,37.719,37.719,37.719,
2009-02-19,38.038,38.038,38.038,38.038,
2009-02-20,37.12,37.12,37.12,37.12,
2009-02-23,35.905,35.905,35.905,35.905,
2009-02-24,37.24,37.24,37.24,37.24,
2009-02-25,36.224,36.224,36.224,36.224,
2009-02-26,36.036,36.036,36.036,36.036,
2009-02-27,34.633,34.633,34.633,34.633,
2009-03-02,32.87,32.87,32.87,32.87,
2009-03-03,32.933,32.933,32.933,32.933,
2009-03-04,33.817,33.817,33.817,33.817,
2009-03-05,32.208,32.208,32.208,32.208,
2009-03-06,33.241,33.241,33.241,33.241,
2009-03-09,33.247,33.247,33.247,33.247,
2009-03-10,35.243,35.243,35.243,35.243,
2009-03-11,34.924,34.924,34.924,34.924,
2009-03-12,36.167,36.167,36.167,36.167,
2009-03-13,35.888,35.888,35.888,35.888,
2009-03-16,35.905,35.905,35.905,35.905,
2009-03-17,37.257,37.257,37.257,37.257,
2009-03-18,37.987,37.987,37.987,37.987,
2009-03-19,38.295,38.295,38.295,38.295,
2009-03-20,36.915,36.915,36.915,36.915,
2009-03-23,39.448,39.448,39.448,39.448,
2009-03-24,39.345,39.345,39.345,39.345,
2009-03-25,39.761,39.761,39.761,39.761,
2009-03-26,40.029,40.029,40.029,40.029,
2009-03-27,39.305,39.305,39.305,39.305,
2009-03-30,38.107,38.107,38.107,38.107,
2009-03-31,38.358,38.358,38.358,38.358,
2009-04-01,38.963,38.963,38.963,38.963,
2009-04-02,40.109,40.109,40.109,40.109,
2009-04-03,40.206,40.206,40.206,40.206,
2009-04-06,39.87,39.87,39.87,39.87,
2009-04-07,39.02,39.02,39.02,39.02,
2009-04-08,39.065,39.065,39.065,39.065,
2009-04-09,39.493,39.493,39.493,39.493,
2009-04-13,38.78,38.78,38.78,38.78,
2009-04-14,37.981,37.981,37.981,37.981,
2009-04-15,38.05,38.05,38.05,38.05,
2009-04-16,37.611,37.611,37.611,37.611,
2009-04-17,37.656,37.656,37.656,37.656,
2009-04-20,36.435,36.435,36.435,36.435,
2009-04-21,37.012,37.012,37.012,37.012,
2009-04-22,36.367,36.367,36.367,36.367,
2009-04-23,37.382,37.382,37.382,37.382,
2009-04-24,37.993,37.993,37.993,37.993,
2009-04-27,37.314,37.314,37.314,37.314,
2009-04-28,37.645,37.645,37.645,37.645,
2009-04-29,38.54,38.54,38.54,38.54,
2009-04-30,37.708,37.708,37.708,37.708,
2009-05-01,38.147,38.147,38.147,38.147,
2009-05-04,38.038,38.038,38.038,38.038,
2009-05-05,37.508,37.508,37.508,37.508,
2009-05-06,38.854,38.854,38.854,38.854,
2009-05-07,38.78,38.78,38.78,38.78,
2009-05-08,40.149,40.149,40.149,40.149,
2009-05-11,38.791,38.791,38.791,38.791,
2009-05-12,39.47,39.47,39.47,39.47,
2009-05-13,38.849,38.849,38.849,38.849,
2009-05-14,38.706,38.706,38.706,38.706,
2009-05-15,37.946,37.946,37.946,37.946,
2009-05-18,38.032,38.032,38.032,38.032,
2009-05-19,37.934,37.934,37.934,37.934,
2009-05-20,37.56,37.56,37.56,37.56,
2009-05-21,37.133,37.133,37.133,37.133,
2009-05-22,37.116,37.116,37.116,37.116,
2009-05-26,37.819,37.819,37.819,37.819,
2009-05-27,37.191,37.191,37.191,37.191,
2009-05-28,37.905,37.905,37.905,37.905,
2009-05-29,38.401,38.401,38.401,38.401,
2009-06-01,39.864,39.864,39.864,39.864,
2009-06-02,39.944,39.944,39.944,39.944,
2009-06-03,39.316,39.316,39.316,39.316,
2009-06-04,40.198,40.198,40.198,40.198,
2009-06-05,39.956,39.956,39.956,39.956,
2009-06-08,40.077,40.077,40.077,40.077,
2009-06-09,40.428,40.428,40.428,40.428,
2009-06-10,40.445,40.445,40.445,40.445,
2009-06-11,41.413,41.413,41.413,41.413,
2009-06-12,41.857,41.857,41.857,41.857,
2009-06-15,40.941,40.941,40.941,40.941,
2009-06-16,40.25,40.25,40.25,40.25,
2009-06-17,39.645,39.645,39.645,39.645,
2009-06-18,39.414,39.414,39.414,39.414,
2009-06-19,39.201,39.201,39.201,39.201,
2009-06-22,37.876,37.876,37.876,37.876,
2009-06-23,37.992,37.992,37.992,37.992,
2009-06-24,37.853,37.853,37.853,37.853,
2009-06-25,38.516,38.516,38.516,38.516,
2009-06-26,37.986,37.986,37.986,37.986,
2009-06-29,38.522,38.522,38.522,38.522,
2009-06-30,38.159,38.159,38.159,38.159,
2009-07-01,38.314,38.314,38.314,38.314,
2009-07-02,37.105,37.105,37.105,37.105,
2009-07-06,36.943,36.943,36.943,36.943,
2009-07-07,36.114,36.114,36.114,36.114,
2009-07-08,36.16,36.16,36.16,36.16,
2009-07-09,36.333,36.333,36.333,36.333,
2009-07-10,35.365,35.365,35.365,35.365,
2009-07-13,35.964,35.964,35.964,35.964,
2009-07-14,36.287,36.287,36.287,36.287,
2009-07-15,37.191,37.191,37.191,37.191,
2009-07-16,37.375,37.375,37.375,37.375,
2009-07-17,37.508,37.508,37.508,37.508,
2009-07-20,37.807,37.807,37.807,37.807,
2009-07-21,38.159,38.159,38.159,38.159,
2009-07-22,37.98,37.98,37.98,37.98,
2009-07-23,39.103,39.103,39.103,39.103,
2009-07-24,39.414,39.414,39.414,39.414,
2009-07-27,39.656,39.656,39.656,39.656,
2009-07-28,39.363,39.363,39.363,39.363,
2009-07-29,38.66,38.66,38.66,38.66,
2009-07-30,38.994,38.994,38.994,38.994,
2009-07-31,40.013,40.013,40.013,40.013,
2009-08-03,40.549,40.549,40.549,40.549,
2009-08-04,40.555,40.555,40.555,40.555,
2009-08-05,40.198,40.198,40.198,40.198,
2009-08-06,39.887,39.887,39.887,39.887,
2009-08-07,40.031,40.031,40.031,40.031,
2009-08-10,39.875,39.875,39.875,39.875,
2009-08-11,39.132,39.132,39.132,39.132,
2009-08-12,39.581,39.581,39.581,39.581,
2009-08-13,39.472,39.472,39.472,39.472,
2009-08-14,39.53,39.53,39.53,39.53,
2009-08-17,38.738,38.738,38.738,38.738,
2009-08-18,38.942,38.942,38.942,38.942,
2009-08-19,39.652,39.652,39.652,39.652,
2009-08-20,39.919,39.919,39.919,39.919,
2009-08-21,40.565,40.565,40.565,40.565,
2009-08-24,41.164,41.164,41.164,41.164,
2009-08-25,41.1,41.1,41.1,41.1,
2009-08-26,41.356,41.356,41.356,41.356,
2009-08-27,41.304,41.304,41.304,41.304,
2009-08-28,41.118,41.118,41.118,41.118,
2009-08-31,40.687,40.687,40.687,40.687,
2009-09-01,39.838,39.838,39.838,39.838,
2009-09-02,39.582,39.582,39.582,39.582,
2009-09-03,39.751,39.751,39.751,39.751,
2009-09-04,40.117,40.117,40.117,40.117,
2009-09-08,41.001,41.001,41.001,41.001,
2009-09-09,40.914,40.914,40.914,40.914,
2009-09-10,41.566,41.566,41.566,41.566,
2009-09-11,41.158,41.158,41.158,41.158,
2009-09-14,41.327,41.327,41.327,41.327,
2009-09-15,41.67,41.67,41.67,41.67,
2009-09-16,42.147,42.147,42.147,42.147,
2009-09-17,41.868,41.868,41.868,41.868,
2009-09-18,42.258,42.258,42.258,42.258,
2009-09-21,41.915,41.915,41.915,41.915,
2009-09-22,42.252,42.252,42.252,42.252,
2009-09-23,41.519,41.519,41.519,41.519,
2009-09-24,41.135,41.135,41.135,41.135,
2009-09-25,41.106,41.106,41.106,41.106,
2009-09-28,41.711,41.711,41.711,41.711,
2009-09-29,41.252,41.252,41.252,41.252,
2009-09-30,40.972,40.972,40.972,40.972,
2009-10-01,40.03,40.03,40.03,40.03,
2009-10-02,39.64,39.64,39.64,39.64,
2009-10-05,40.367,40.367,40.367,40.367,
2009-10-06,41.048,41.048,41.048,41.048,
2009-10-07,41.019,41.019,41.019,41.019,
2009-10-08,41.566,41.566,41.566,41.566,
2009-10-09,42.328,42.328,42.328,42.328,
2009-10-12,42.857,42.857,42.857,42.857,
2009-10-13,43.09,43.09,43.09,43.09,
2009-10-14,43.898,43.898,43.898,43.898,
2009-10-15,44.614,44.614,44.614,44.614,
2009-10-16,44.684,44.684,44.684,44.684,
2009-10-19,45.178,45.178,45.178,45.178,
2009-10-20,44.812,44.812,44.812,44.812,
2009-10-21,44.777,44.777,44.777,44.777,
2009-10-22,44.963,44.963,44.963,44.963,
2009-10-23,44.608,44.608,44.608,44.608,
2009-10-26,43.893,43.893,43.893,43.893,
2009-10-27,44.556,44.556,44.556,44.556,
2009-10-28,44.149,44.149,44.149,44.149,
2009-10-29,45.347,45.347,45.347,45.347,
2009-10-30,44.527,44.527,44.527,44.527,
2009-11-02,44.585,44.585,44.585,44.585,
2009-11-03,44.62,44.62,44.62,44.62,
2009-11-04,44.375,44.375,44.375,44.375,
2009-11-05,44.934,44.934,44.934,44.934,
2009-11-06,45.103,45.103,45.103,45.103,
2009-11-09,45.178,45.178,45.178,45.178,
2009-11-10,45.574,45.574,45.574,45.574,
2009-11-11,45.673,45.673,45.673,45.673,
2009-11-12,45.039,45.039,45.039,45.039,
2009-11-13,45.341,45.341,45.341,45.341,
2009-11-16,46.133,46.133,46.133,46.133,
2009-11-17,46.251,46.251,46.251,46.251,
2009-11-18,46.315,46.315,46.315,46.315,
2009-11-19,45.388,45.388,45.388,45.388,
2009-11-20,45.054,45.054,45.054,45.054,
2009-11-23,46.21,46.21,46.21,46.21,
2009-11-24,46.38,46.38,46.38,46.38,
2009-11-25,46.738,46.738,46.738,46.738,
2009-11-27,45.875,45.875,45.875,45.875,
2009-11-30,45.799,45.799,45.799,45.799,
2009-12-01,46.398,46.398,46.398,46.398,
2009-12-02,46.204,46.204,46.204,46.204,
2009-12-03,45.752,45.752,45.752,45.752,
2009-12-04,45.817,45.817,45.817,45.817,
2009-12-07,45.875,45.875,45.875,45.875,
2009-12-08,45.048,45.048,45.048,45.048,
2009-12-09,45.224,45.224,45.224,45.224,
2009-12-10,45.435,45.435,45.435,45.435,
2009-12-11,45.635,45.635,45.635,45.635,
2009-12-14,45.341,45.341,45.341,45.341,
2009-12-15,45.406,45.406,45.406,45.406,
2009-12-16,45.711,45.711,45.711,45.711,
2009-12-17,45.059,45.059,45.059,45.059,
2009-12-18,45.13,45.13,45.13,45.13,
2009-12-21,45.482,45.482,45.482,45.482,
2009-12-22,45.476,45.476,45.476,45.476,
2009-12-23,45.212,45.212,45.212,45.212,
2009-12-24,45.441,45.441,45.441,45.441,
2009-12-28,45.64,45.64,45.64,45.64,
2009-12-29,45.312,45.312,45.312,45.312,
2009-12-30,45.57,45.57,45.57,45.57,
2009-12-31,45.183,45.183,45.183,45.183,
2010-01-04,46.398,46.398,46.398,46.398,
2010-01-05,46.726,46.726,46.726,46.726,
2010-01-06,46.732,46.732,46.732,46.732,
2010-01-07,46.556,46.556,46.556,46.556,
2010-01-08,46.638,46.638,46.638,46.638,
2010-01-11,47.466,47.466,47.466,47.466,
2010-01-12,47.19,47.19,47.19,47.19,
2010-01-13,46.832,46.832,46.832,46.832,
2010-01-14,46.685,46.685,46.685,46.685,
2010-01-15,46.497,46.497,46.497,46.497,
2010-01-19,46.761,46.761,46.761,46.761,
2010-01-20,45.863,45.863,45.863,45.863,
2010-01-21,44.743,44.743,44.743,44.743,
2010-01-22,43.774,43.774,43.774,43.774,
2010-01-25,43.751,43.751,43.751,43.751,
2010-01-26,43.516,43.516,43.516,43.516,
2010-01-27,43.252,43.252,43.252,43.252,
2010-01-28,42.982,42.982,42.982,42.982,
2010-01-29,42.325,42.325,42.325,42.325,
2010-02-01,43.182,43.182,43.182,43.182,
2010-02-02,43.692,43.692,43.692,43.692,
2010-02-03,42.964,42.964,42.964,42.964,
2010-02-04,41.885,41.885,41.885,41.885,
2010-02-05,41.773,41.773,41.773,41.773,
2010-02-08,41.157,41.157,41.157,41.157,
2010-02-09,41.849,41.849,41.849,41.849,
2010-02-10,41.521,41.521,41.521,41.521,
2010-02-11,42.096,42.096,42.096,42.096,
2010-02-12,42.072,42.072,42.072,42.072,
2010-02-16,43.245,43.245,43.245,43.245,
2010-02-17,43.156,43.156,43.156,43.156,
2010-02-18,43.618,43.618,43.618,43.618,
2010-02-19,43.873,43.873,43.873,43.873,
2010-02-22,43.227,43.227,43.227,43.227,
2010-02-23,42.682,42.682,42.682,42.682,
2010-02-24,42.86,42.86,42.86,42.86,
2010-02-25,42.724,42.724,42.724,42.724,
2010-02-26,42.836,42.836,42.836,42.836,
2010-03-01,43.139,43.139,43.139,43.139,
2010-03-02,43.441,43.441,43.441,43.441,
2010-03-03,43.328,43.328,43.328,43.328,
2010-03-04,43.299,43.299,43.299,43.299,
2010-03-05,44.021,44.021,44.021,44.021,
2010-03-08,44.223,44.223,44.223,44.223,
2010-03-09,44.021,44.021,44.021,44.021,
2010-03-10,43.82,43.82,43.82,43.82,
2010-03-11,43.838,43.838,43.838,43.838,
2010-03-12,43.678,43.678,43.678,43.678,
2010-03-15,43.589,43.589,43.589,43.589,
2010-03-16,43.832,43.832,43.832,43.832,
2010-03-17,44.241,44.241,44.241,44.241,
2010-03-18,44.294,44.294,44.294,44.294,
2010-03-19,44.424,44.424,44.424,44.424,
2010-03-22,44.116,44.116,44.116,44.116,
2010-03-23,44.3,44.3,44.3,44.3,
2010-03-24,43.802,43.802,43.802,43.802,
2010-03-25,43.725,43.725,43.725,43.725,
2010-03-26,44.098,44.098,44.098,44.098,
2010-03-29,44.572,44.572,44.572,44.572,
2010-03-30,44.614,44.614,44.614,44.614,
2010-03-31,44.928,44.928,44.928,44.928,
2010-04-01,45.437,45.437,45.437,45.437,
2010-04-05,46.012,46.012,46.012,46.012,
2010-04-06,46.142,46.142,46.142,46.142,
2010-04-07,45.84,45.84,45.84,45.84,
2010-04-08,46.012,46.012,46.012,46.012,
2010-04-09,47.102,47.102,47.102,47.102,
2010-04-12,47.653,47.653,47.653,47.653,
2010-04-13,47.523,47.523,47.523,47.523,
2010-04-14,47.742,47.742,47.742,47.742,
2010-04-15,48.341,48.341,48.341,48.341,
2010-04-16,47.843,47.843,47.843,47.843,
2010-04-19,48.181,48.181,48.181,48.181,
2010-04-20,48.613,48.613,48.613,48.613,
2010-04-21,48.536,48.536,48.536,48.536,
2010-04-22,48.109,48.109,48.109,48.109,
2010-04-23,48.98,48.98,48.98,48.98,
2010-04-26,48.933,48.933,48.933,48.933,
2010-04-27,47.535,47.535,47.535,47.535,
2010-04-28,47.766,47.766,47.766,47.766,
2010-04-29,48.755,48.755,48.755,48.755,
2010-04-30,48.252,48.252,48.252,48.252,
2010-05-03,49.075,49.075,49.075,49.075,
2010-05-04,47.849,47.849,47.849,47.849,
2010-05-05,47.511,47.511,47.511,47.511,
2010-05-06,45.74,45.74,45.74,45.74,
2010-05-07,45.68,45.68,45.68,45.68,
2010-05-10,47.333,47.333,47.333,47.333,
2010-05-11,47.221,47.221,47.221,47.221,
2010-05-12,47.434,47.434,47.434,47.434,
2010-05-13,46.759,46.759,46.759,46.759,
2010-05-14,46.113,46.113,46.113,46.113,
2010-05-17,46.484,46.484,46.484,46.484,
2010-05-18,45.957,45.957,45.957,45.957,
2010-05-19,45.808,45.808,45.808,45.808,
2010-05-20,44.014,44.014,44.014,44.014,
2010-05-21,44.54,44.54,44.54,44.54,
2010-05-24,43.918,43.918,43.918,43.918,
2010-05-25,43.398,43.398,43.398,43.398,
2010-05-26,42.788,42.788,42.788,42.788,
2010-05-27,44.468,44.468,44.468,44.468,
2010-05-28,44.175,44.175,44.175,44.175,
2010-06-01,43.23,43.23,43.23,43.23,
2010-06-02,44.331,44.331,44.331,44.331,
2010-06-03,44.199,44.199,44.199,44.199,
2010-06-04,42.626,42.626,42.626,42.626,
2010-06-07,42.668,42.668,42.668,42.668,
2010-06-08,42.471,42.471,42.471,42.471,
2010-06-09,42.333,42.333,42.333,42.333,
2010-06-10,44.355,44.355,44.355,44.355,
2010-06-11,44.289,44.289,44.289,44.289,
2010-06-14,44.361,44.361,44.361,44.361,
2010-06-15,44.989,44.989,44.989,44.989,
2010-06-16,44.821,44.821,44.821,44.821,
2010-06-17,45.042,45.042,45.042,45.042,
2010-06-18,45.162,45.162,45.162,45.162,
2010-06-21,45.282,45.282,45.282,45.282,
2010-06-22,44.253,44.253,44.253,44.253,
2010-06-23,43.212,43.212,43.212,43.212,
2010-06-24,42.357,42.357,42.357,42.357,
2010-06-25,41.897,41.897,41.897,41.897,
2010-06-28,41.837,41.837,41.837,41.837,
2010-06-29,40.88,40.88,40.88,40.88,
2010-06-30,40.581,40.581,40.581,40.581,
2010-07-01,40.354,40.354,40.354,40.354,
2010-07-02,40.252,40.252,40.252,40.252,
2010-07-06,40.402,40.402,40.402,40.402,
2010-07-07,41.532,41.532,41.532,41.532,
2010-07-08,42.106,42.106,42.106,42.106,
2010-07-09,42.961,42.961,42.961,42.961,
2010-07-12,42.967,42.967,42.967,42.967,
2010-07-13,43.793,43.793,43.793,43.793,
2010-07-14,43.685,43.685,43.685,43.685,
2010-07-15,43.679,43.679,43.679,43.679,
2010-07-16,42.758,42.758,42.758,42.758,
2010-07-19,43.057,43.057,43.057,43.057,
2010-07-20,43.715,43.715,43.715,43.715,
2010-07-21,43.159,43.159,43.159,43.159,
2010-07-22,43.918,43.918,43.918,43.918,
2010-07-23,43.966,43.966,43.966,43.966,
2010-07-26,44.624,44.624,44.624,44.624,
2010-07-27,45.03,45.03,45.03,45.03,
2010-07-28,45.186,45.186,45.186,45.186,
2010-07-29,45.461,45.461,45.461,45.461,
2010-07-30,45.575,45.575,45.575,45.575,
2010-08-02,46.525,46.525,46.525,46.525,
2010-08-03,47.04,47.04,47.04,47.04,
2010-08-04,47.255,47.255,47.255,47.255,
2010-08-05,47.285,47.285,47.285,47.285,
2010-08-06,47.082,47.082,47.082,47.082,
2010-08-09,47.417,47.417,47.417,47.417,
2010-08-10,47.267,47.267,47.267,47.267,
2010-08-11,46.125,46.125,46.125,46.125,
2010-08-12,46.089,46.089,46.089,46.089,
2010-08-13,46.286,46.286,46.286,46.286,
2010-08-16,46.472,46.472,46.472,46.472,
2010-08-17,46.942,46.942,46.942,46.942,
2010-08-18,46.502,46.502,46.502,46.502,
2010-08-19,45.777,45.777,45.777,45.777,
2010-08-20,45.301,45.301,45.301,45.301,
2010-08-23,45.301,45.301,45.301,45.301,
2010-08-24,44.534,44.534,44.534,44.534,
2010-08-25,44.709,44.709,44.709,44.709,
2010-08-26,44.262,44.262,44.262,44.262,
2010-08-27,45.228,45.228,45.228,45.228,
2010-08-30,44.534,44.534,44.534,44.534,
2010-08-31,44.715,44.715,44.715,44.715,
2010-09-01,46.339,46.339,46.339,46.339,
2010-09-02,46.749,46.749,46.749,46.749,
2010-09-03,47.081,47.081,47.081,47.081,
2010-09-07,46.508,46.508,46.508,46.508,
2010-09-08,46.629,46.629,46.629,46.629,
2010-09-09,46.695,46.695,46.695,46.695,
2010-09-10,47.576,47.576,47.576,47.576,
2010-09-13,47.836,47.836,47.836,47.836,
2010-09-14,47.993,47.993,47.993,47.993,
2010-09-15,47.812,47.812,47.812,47.812,
2010-09-16,47.715,47.715,47.715,47.715,
2010-09-17,47.359,47.359,47.359,47.359,
2010-09-20,48.228,48.228,48.228,48.228,
2010-09-21,48.138,48.138,48.138,48.138,
2010-09-22,47.836,47.836,47.836,47.836,
2010-09-23,47.407,47.407,47.407,47.407,
2010-09-24,48.361,48.361,48.361,48.361,
2010-09-27,48.337,48.337,48.337,48.337,
2010-09-28,48.82,48.82,48.82,48.82,
2010-09-29,49.061,49.061,49.061,49.061,
2010-09-30,48.922,48.922,48.922,48.922,
2010-10-01,49.466,49.466,49.466,49.466,
2010-10-04,49.079,49.079,49.079,49.079,
2010-10-05,50.335,50.335,50.335,50.335,
2010-10-06,50.637,50.637,50.637,50.637,
2010-10-07,50.413,50.413,50.413,50.413,
2010-10-08,50.667,50.667,50.667,50.667,
2010-10-11,50.528,50.528,50.528,50.528,
2010-10-12,50.606,50.606,50.606,50.606,
2010-10-13,50.504,50.504,50.504,50.504,
2010-10-14,50.643,50.643,50.643,50.643,
2010-10-15,50.468,50.468,50.468,50.468,
2010-10-18,50.993,50.993,50.993,50.993,
2010-10-19,49.973,49.973,49.973,49.973,
2010-10-20,50.715,50.715,50.715,50.715,
2010-10-21,50.854,50.854,50.854,50.854,
2010-10-22,51.035,51.035,51.035,51.035,
2010-10-25,51.228,51.228,51.228,51.228,
2010-10-26,51.397,51.397,51.397,51.397,
2010-10-27,50.89,50.89,50.89,50.89,
2010-10-28,50.969,50.969,50.969,50.969,
2010-10-29,49.858,49.858,49.858,49.858,
2010-11-01,49.164,49.164,49.164,49.164,
2010-11-02,49.586,49.586,49.586,49.586,
2010-11-03,49.918,49.918,49.918,49.918,
2010-11-04,51.391,51.391,51.391,51.391,
2010-11-05,51.294,51.294,51.294,51.294,
2010-11-08,51.186,51.186,51.186,51.186,
2010-11-09,50.437,50.437,50.437,50.437,
2010-11-10,51.409,51.409,51.409,51.409,
2010-11-11,51.964,51.964,51.964,51.964,
2010-11-12,51.572,51.572,51.572,51.572,
2010-11-15,51.222,51.222,51.222,51.222,
2010-11-16,50.211,50.211,50.211,50.211,
2010-11-17,50.199,50.199,50.199,50.199,
2010-11-18,51.027,51.027,51.027,51.027,
2010-11-19,51.1,51.1,51.1,51.1,
2010-11-22,50.802,50.802,50.802,50.802,
2010-11-23,49.767,49.767,49.767,49.767,
2010-11-24,50.485,50.485,50.485,50.485,
2010-11-26,49.95,49.95,49.95,49.95,
2010-11-29,49.731,49.731,49.731,49.731,
2010-11-30,49.292,49.292,49.292,49.292,
2010-12-01,50.345,50.345,50.345,50.345,
2010-12-02,51.441,51.441,51.441,51.441,
2010-12-03,51.679,51.679,51.679,51.679,
2010-12-06,51.715,51.715,51.715,51.715,
2010-12-07,52.537,52.537,52.537,52.537,
2010-12-08,52.44,52.44,52.44,52.44,
2010-12-09,52.75,52.75,52.75,52.75,
2010-12-10,52.981,52.981,52.981,52.981,
2010-12-13,53.797,53.797,53.797,53.797,
2010-12-14,53.803,53.803,53.803,53.803,
2010-12-15,53.578,53.578,53.578,53.578,
2010-12-16,54.217,54.217,54.217,54.217,
2010-12-17,53.87,53.87,53.87,53.87,
2010-12-20,54.059,54.059,54.059,54.059,
2010-12-21,54.321,54.321,54.321,54.321,
2010-12-22,54.741,54.741,54.741,54.741,
2010-12-23,55.203,55.203,55.203,55.203,
2010-12-27,54.862,54.862,54.862,54.862,
2010-12-28,55.514,55.514,55.514,55.514,
2010-12-29,55.623,55.623,55.623,55.623,
2010-12-30,55.763,55.763,55.763,55.763,
2010-12-31,55.55,55.55,55.55,55.55,
2011-01-03,55.97,55.97,55.97,55.97,
2011-01-04,55.763,55.763,55.763,55.763,
2011-01-05,55.666,55.666,55.666,55.666,
2011-01-06,55.209,55.209,55.209,55.209,
2011-01-07,55.514,55.514,55.514,55.514,
2011-01-10,55.039,55.039,55.039,55.039,
2011-01-11,55.903,55.903,55.903,55.903,
2011-01-12,56.281,56.281,56.281,56.281,
2011-01-13,56.117,56.117,56.117,56.117,
2011-01-14,56.512,56.512,56.512,56.512,
2011-01-18,56.829,56.829,56.829,56.829,
2011-01-19,56.597,56.597,56.597,56.597,
2011-01-20,56.439,56.439,56.439,56.439,
2011-01-21,57.091,57.091,57.091,57.091,
2011-01-24,57.285,57.285,57.285,57.285,
2011-01-25,57.273,57.273,57.273,57.273,
2011-01-26,57.614,57.614,57.614,57.614,
2011-01-27,57.681,57.681,57.681,57.681,
2011-01-28,56.841,56.841,56.841,56.841,
2011-01-31,57.791,57.791,57.791,57.791,
2011-02-01,58.576,58.576,58.576,58.576,
2011-02-02,58.734,58.734,58.734,58.734,
2011-02-03,59.24,59.24,59.24,59.24,
2011-02-04,59.118,59.118,59.118,59.118,
2011-02-07,59.453,59.453,59.453,59.453,
2011-02-08,59.501,59.501,59.501,59.501,
2011-02-09,58.588,58.588,58.588,58.588,
2011-02-10,58.868,58.868,58.868,58.868,
2011-02-11,58.716,58.716,58.716,58.716,
2011-02-14,59.464,59.464,59.464,59.464,
2011-02-15,59.09,59.09,59.09,59.09,
2011-02-16,59.286,59.286,59.286,59.286,
2011-02-17,59.599,59.599,59.599,59.599,
2011-02-18,60.55,60.55,60.55,60.55,
2011-02-22,61.531,61.531,61.531,61.531,
2011-02-23,62.727,62.727,62.727,62.727,
2011-02-24,62.58,62.58,62.58,62.58,
2011-02-25,62.623,62.623,62.623,62.623,
2011-02-28,63.635,63.635,63.635,63.635,
2011-03-01,63.114,63.114,63.114,63.114,
2011-03-02,63.463,63.463,63.463,63.463,
2011-03-03,63.905,63.905,63.905,63.905,
2011-03-04,63.635,63.635,63.635,63.635,
2011-03-07,63.181,63.181,63.181,63.181,
2011-03-08,63.647,63.647,63.647,63.647,
2011-03-09,62.648,62.648,62.648,62.648,
2011-03-10,60.771,60.771,60.771,60.771,
2011-03-11,61.292,61.292,61.292,61.292,
2011-03-14,61.826,61.826,61.826,61.826,
2011-03-15,62.089,62.089,62.089,62.089,
2011-03-16,61.034,61.034,61.034,61.034,
2011-03-17,62.709,62.709,62.709,62.709,
2011-03-18,63.052,63.052,63.052,63.052,
2011-03-21,64.518,64.518,64.518,64.518,
2011-03-22,64.543,64.543,64.543,64.543,
2011-03-23,64.696,64.696,64.696,64.696,
2011-03-24,64.635,64.635,64.635,64.635,
2011-03-25,65.494,65.494,65.494,65.494,
2011-03-28,65.04,65.04,65.04,65.04,
2011-03-29,65.855,65.855,65.855,65.855,
2011-03-30,66.248,66.248,66.248,66.248,
2011-03-31,65.929,65.929,65.929,65.929,
2011-04-01,66.438,66.438,66.438,66.438,
2011-04-04,66.383,66.383,66.383,66.383,
2011-04-05,67.058,67.058,67.058,67.058,
2011-04-06,66.647,66.647,66.647,66.647,
2011-04-07,66.818,66.818,66.818,66.818,
2011-04-08,67.26,67.26,67.26,67.26,
2011-04-11,66.107,66.107,66.107,66.107,
2011-04-12,63.899,63.899,63.899,63.899,
2011-04-13,63.672,63.672,63.672,63.672,
2011-04-14,64.328,64.328,64.328,64.328,
2011-04-15,65.162,65.162,65.162,65.162,
2011-04-18,64.095,64.095,64.095,64.095,
2011-04-19,64.647,64.647,64.647,64.647,
2011-04-20,66.125,66.125,66.125,66.125,
2011-04-21,66.322,66.322,66.322,66.322,
2011-04-25,65.886,65.886,65.886,65.886,
2011-04-26,66.702,66.702,66.702,66.702,
2011-04-27,66.837,66.837,66.837,66.837,
2011-04-28,66.739,66.739,66.739,66.739,
2011-04-29,67.125,67.125,67.125,67.125,
2011-05-02,66.352,66.352,66.352,66.352,
2011-05-03,65.119,65.119,65.119,65.119,
2011-05-04,64.205,64.205,64.205,64.205,
2011-05-05,62.942,62.942,62.942,62.942,
2011-05-06,63.101,63.101,63.101,63.101,
2011-05-09,63.844,63.844,63.844,63.844,
2011-05-10,64.009,64.009,64.009,64.009,
2011-05-11,62.721,62.721,62.721,62.721,
2011-05-12,63.028,63.028,63.028,63.028,
2011-05-13,62.801,62.801,62.801,62.801,
2011-05-16,62.347,62.347,62.347,62.347,
2011-05-17,62.063,62.063,62.063,62.063,
2011-05-18,63.577,63.577,63.577,63.577,
2011-05-19,64.201,64.201,64.201,64.201,
2011-05-20,63.398,63.398,63.398,63.398,
2011-05-23,62.656,62.656,62.656,62.656,
2011-05-24,63.212,63.212,63.212,63.212,
2011-05-25,63.818,63.818,63.818,63.818,
2011-05-26,63.886,63.886,63.886,63.886,
2011-05-27,63.793,63.793,63.793,63.793,
2011-05-31,64.844,64.844,64.844,64.844,
2011-06-01,63.348,63.348,63.348,63.348,
2011-06-02,62.502,62.502,62.502,62.502,
2011-06-03,62.427,62.427,62.427,62.427,
2011-06-06,61.612,61.612,61.612,61.612,
2011-06-07,61.482,61.482,61.482,61.482,
2011-06-08,61.778,61.778,61.778,61.778,
2011-06-09,62.57,62.57,62.57,62.57,
2011-06-10,61.605,61.605,61.605,61.605,
2011-06-13,61.148,61.148,61.148,61.148,
2011-06-14,62.18,62.18,62.18,62.18,
2011-06-15,60.827,60.827,60.827,60.827,
2011-06-16,61.457,61.457,61.457,61.457,
2011-06-17,61.296,61.296,61.296,61.296,
2011-06-20,61.754,61.754,61.754,61.754,
2011-06-21,62.792,62.792,62.792,62.792,
2011-06-22,62.471,62.471,62.471,62.471,
2011-06-23,61.414,61.414,61.414,61.414,
2011-06-24,60.511,60.511,60.511,60.511,
2011-06-27,61.129,61.129,61.129,61.129,
2011-06-28,62.026,62.026,62.026,62.026,
2011-06-29,62.6,62.6,62.6,62.6,
2011-06-30,63.565,63.565,63.565,63.565,
2011-07-01,64.337,64.337,64.337,64.337,
2011-07-05,64.974,64.974,64.974,64.974,
2011-07-06,64.949,64.949,64.949,64.949,
2011-07-07,65.883,65.883,65.883,65.883,
2011-07-08,65.45,65.45,65.45,65.45,
2011-07-11,64.535,64.535,64.535,64.535,
2011-07-12,64.523,64.523,64.523,64.523,
2011-07-13,64.955,64.955,64.955,64.955,
2011-07-14,64.696,64.696,64.696,64.696,
2011-07-15,65.635,65.635,65.635,65.635,
2011-07-18,65.66,65.66,65.66,65.66,
2011-07-19,66.433,66.433,66.433,66.433,
2011-07-20,66.198,66.198,66.198,66.198,
2011-07-21,67.638,67.638,67.638,67.638,
2011-07-22,67.354,67.354,67.354,67.354,
2011-07-25,66.816,66.816,66.816,66.816,
2011-07-26,66.488,66.488,66.488,66.488,
2011-07-27,65.289,65.289,65.289,65.289,
2011-07-28,64.918,64.918,64.918,64.918,
2011-07-29,64.294,64.294,64.294,64.294,
2011-08-01,65.135,65.135,65.135,65.135,
2011-08-02,63.942,63.942,63.942,63.942,
2011-08-03,63.515,63.515,63.515,63.515,
2011-08-04,59.856,59.856,59.856,59.856,
2011-08-05,60.332,60.332,60.332,60.332,
2011-08-08,55.783,55.783,55.783,55.783,
2011-08-09,57.73,57.73,57.73,57.73,
2011-08-10,55.981,55.981,55.981,55.981,
2011-08-11,58.144,58.144,58.144,58.144,
2011-08-12,59.25,59.25,59.25,59.25,
2011-08-15,61.253,61.253,61.253,61.253,
2011-08-16,60.66,60.66,60.66,60.66,
2011-08-17,60.859,60.859,60.859,60.859,
2011-08-18,58.093,58.093,58.093,58.093,
2011-08-19,58.124,58.124,58.124,58.124,
2011-08-22,58.13,58.13,58.13,58.13,
2011-08-23,60.641,60.641,60.641,60.641,
2011-08-24,60.803,60.803,60.803,60.803,
2011-08-25,59.787,59.787,59.787,59.787,
2011-08-26,60.342,60.342,60.342,60.342,
2011-08-29,61.519,61.519,61.519,61.519,
2011-08-30,61.308,61.308,61.308,61.308,
2011-08-31,61.582,61.582,61.582,61.582,
2011-09-01,61.382,61.382,61.382,61.382,
2011-09-02,60.068,60.068,60.068,60.068,
2011-09-06,59.569,59.569,59.569,59.569,
2011-09-07,61.862,61.862,61.862,61.862,
2011-09-08,61.314,61.314,61.314,61.314,
2011-09-09,59.308,59.308,59.308,59.308,
2011-09-12,59.756,59.756,59.756,59.756,
2011-09-13,59.769,59.769,59.769,59.769,
2011-09-14,60.628,60.628,60.628,60.628,
2011-09-15,61.843,61.843,61.843,61.843,
2011-09-16,62.074,62.074,62.074,62.074,
2011-09-19,61.501,61.501,61.501,61.501,
2011-09-20,60.928,60.928,60.928,60.928,
2011-09-21,58.734,58.734,58.734,58.734,
2011-09-22,56.18,56.18,56.18,56.18,
2011-09-23,56.08,56.08,56.08,56.08,
2011-09-26,57.002,57.002,57.002,57.002,
2011-09-27,58.28,58.28,58.28,58.28,
2011-09-28,57.158,57.158,57.158,57.158,
2011-09-29,58.809,58.809,58.809,58.809,
2011-09-30,57.688,57.688,57.688,57.688,
2011-10-03,55.999,55.999,55.999,55.999,
2011-10-04,56.996,56.996,56.996,56.996,
2011-10-05,58.977,58.977,58.977,58.977,
2011-10-06,58.946,58.946,58.946,58.946,
2011-10-07,58.815,58.815,58.815,58.815,
2011-10-10,61.183,61.183,61.183,61.183,
2011-10-11,60.809,60.809,60.809,60.809,
2011-10-12,60.921,60.921,60.921,60.921,
2011-10-13,60.928,60.928,60.928,60.928,
2011-10-14,62.597,62.597,62.597,62.597,
2011-10-17,61.438,61.438,61.438,61.438,
2011-10-18,64.142,64.142,64.142,64.142,
2011-10-19,63.7,63.7,63.7,63.7,
2011-10-20,64.417,64.417,64.417,64.417,
2011-10-21,65.75,65.75,65.75,65.75,
2011-10-24,66.211,66.211,66.211,66.211,
2011-10-25,65.108,65.108,65.108,65.108,
2011-10-26,66.522,66.522,66.522,66.522,
2011-10-27,67.893,67.893,67.893,67.893,
2011-10-28,68.311,68.311,68.311,68.311,
2011-10-31,65.451,65.451,65.451,65.451,
2011-11-01,63.6,63.6,63.6,63.6,
2011-11-02,65.133,65.133,65.133,65.133,
2011-11-03,66.124,66.124,66.124,66.124,
2011-11-04,66.311,66.311,66.311,66.311,
2011-11-07,67.114,67.114,67.114,67.114,
2011-11-08,67.825,67.825,67.825,67.825,
2011-11-09,64.971,64.971,64.971,64.971,
2011-11-10,65.731,65.731,65.731,65.731,
2011-11-11,66.697,66.697,66.697,66.697,
2011-11-14,66.149,66.149,66.149,66.149,
2011-11-15,64.342,64.342,64.342,64.342,
2011-11-16,63.456,63.456,63.456,63.456,
2011-11-17,62.847,62.847,62.847,62.847,
2011-11-18,61.466,61.466,61.466,61.466,
2011-11-21,60.072,60.072,60.072,60.072,
2011-11-22,60.549,60.549,60.549,60.549,
2011-11-23,58.872,58.872,58.872,58.872,
2011-11-25,57.955,57.955,57.955,57.955,
2011-11-28,60.141,60.141,60.141,60.141,
2011-11-29,61.158,61.158,61.158,61.158,
2011-11-30,64.568,64.568,64.568,64.568,
2011-12-01,63.946,63.946,63.946,63.946,
2011-12-02,63.858,63.858,63.858,63.858,
2011-12-05,64.568,64.568,64.568,64.568,
2011-12-06,65.535,65.535,65.535,65.535,
2011-12-07,65.635,65.635,65.635,65.635,
2011-12-08,64.21,64.21,64.21,64.21,
2011-12-09,65.466,65.466,65.466,65.466,
2011-12-12,64.725,64.725,64.725,64.725,
2011-12-13,65.07,65.07,65.07,65.07,
2011-12-14,63.13,63.13,63.13,63.13,
2011-12-15,62.59,62.59,62.59,62.59,
2011-12-16,63.337,63.337,63.337,63.337,
2011-12-19,62.621,62.621,62.621,62.621,
2011-12-20,65.102,65.102,65.102,65.102,
2011-12-21,66.207,66.207,66.207,66.207,
2011-12-22,66.76,66.76,66.76,66.76,
2011-12-23,67.507,67.507,67.507,67.507,
2011-12-27,67.808,67.808,67.808,67.808,
2011-12-28,66.54,66.54,66.54,66.54,
2011-12-29,67.488,67.488,67.488,67.488,
2011-12-30,66.816,66.816,66.816,66.816,
2012-01-03,69.309,69.309,69.309,69.309,
2012-01-04,69.19,69.19,69.19,69.19,
2012-01-05,68.512,68.512,68.512,68.512,
2012-01-06,68.015,68.015,68.015,68.015,
2012-01-09,68.756,68.756,68.756,68.756,
2012-01-10,68.486,68.486,68.486,68.486,
2012-01-11,67.676,67.676,67.676,67.676,
2012-01-12,65.918,65.918,65.918,65.918,
2012-01-13,66.621,66.621,66.621,66.621,
2012-01-17,67.017,67.017,67.017,67.017,
2012-01-18,67.086,67.086,67.086,67.086,
2012-01-19,67.149,67.149,67.149,67.149,
2012-01-20,67.124,67.124,67.124,67.124,
2012-01-23,67.199,67.199,67.199,67.199,
2012-01-24,67.017,67.017,67.017,67.017,
2012-01-25,67.651,67.651,67.651,67.651,
2012-01-26,66.935,66.935,66.935,66.935,
2012-01-27,65.284,65.284,65.284,65.284,
2012-01-30,64.938,64.938,64.938,64.938,
2012-01-31,64.756,64.756,64.756,64.756,
2012-02-01,64.549,64.549,64.549,64.549,
2012-02-02,65.114,65.114,65.114,65.114,
2012-02-03,66.251,66.251,66.251,66.251,
2012-02-06,66.986,66.986,66.986,66.986,
2012-02-07,67.086,67.086,67.086,67.086,
2012-02-08,67.042,67.042,67.042,67.042,
2012-02-09,66.797,66.797,66.797,66.797,
2012-02-10,66.113,66.113,66.113,66.113,
2012-02-13,66.803,66.803,66.803,66.803,
2012-02-14,66.873,66.873,66.873,66.873,
2012-02-15,66.442,66.442,66.442,66.442,
2012-02-16,67.404,67.404,67.404,67.404,
2012-02-17,67.493,67.493,67.493,67.493,
2012-02-21,68.6,68.6,68.6,68.6,
2012-02-22,68.024,68.024,68.024,68.024,
2012-02-23,68.562,68.562,68.562,68.562,
2012-02-24,69.024,69.024,69.024,69.024,
2012-02-27,69.372,69.372,69.372,69.372,
2012-02-28,69.359,69.359,69.359,69.359,
2012-02-29,69.049,69.049,69.049,69.049,
2012-03-01,69.454,69.454,69.454,69.454,
2012-03-02,69.359,69.359,69.359,69.359,
2012-03-05,69.176,69.176,69.176,69.176,
2012-03-06,68.878,68.878,68.878,68.878,
2012-03-07,69.264,69.264,69.264,69.264,
2012-03-08,69.625,69.625,69.625,69.625,
2012-03-09,69.334,69.334,69.334,69.334,
2012-03-12,69.606,69.606,69.606,69.606,
2012-03-13,70.359,70.359,70.359,70.359,
2012-03-14,70.043,70.043,70.043,70.043,
2012-03-15,69.625,69.625,69.625,69.625,
2012-03-16,69.783,69.783,69.783,69.783,
2012-03-19,70.049,70.049,70.049,70.049,
2012-03-20,69.024,69.024,69.024,69.024,
2012-03-21,68.284,68.284,68.284,68.284,
2012-03-22,66.664,66.664,66.664,66.664,
2012-03-23,67.303,67.303,67.303,67.303,
2012-03-26,68.239,68.239,68.239,68.239,
2012-03-27,67.733,67.733,67.733,67.733,
2012-03-28,67.005,67.005,67.005,67.005,
2012-03-29,67.613,67.613,67.613,67.613,
2012-03-30,67.841,67.841,67.841,67.841,
2012-04-02,68.53,68.53,68.53,68.53,
2012-04-03,67.796,67.796,67.796,67.796,
2012-04-04,66.822,66.822,66.822,66.822,
2012-04-05,66.284,66.284,66.284,66.284,
2012-04-09,65.487,65.487,65.487,65.487,
2012-04-10,64.196,64.196,64.196,64.196,
2012-04-11,63.879,63.879,63.879,63.879,
2012-04-12,64.917,64.917,64.917,64.917,
2012-04-13,63.772,63.772,63.772,63.772,
2012-04-16,64.234,64.234,64.234,64.234,
2012-04-17,65.569,65.569,65.569,65.569,
2012-04-18,65.423,65.423,65.423,65.423,
2012-04-19,64.867,64.867,64.867,64.867,
2012-04-20,64.873,64.873,64.873,64.873,
2012-04-23,64.822,64.822,64.822,64.822,
2012-04-24,65.196,65.196,65.196,65.196,
2012-04-25,65.715,65.715,65.715,65.715,
2012-04-26,67.214,67.214,67.214,67.214,
2012-04-27,67.202,67.202,67.202,67.202,
2012-04-30,67.429,67.429,67.429,67.429,
2012-05-01,68.511,68.511,68.511,68.511,
2012-05-02,67.727,67.727,67.727,67.727,
2012-05-03,67.069,67.069,67.069,67.069,
2012-05-04,65.632,65.632,65.632,65.632,
2012-05-07,65.373,65.373,65.373,65.373,
2012-05-08,65.075,65.075,65.075,65.075,
2012-05-09,64.405,64.405,64.405,64.405,
2012-05-10,65.404,65.404,65.404,65.404,
2012-05-11,64.981,64.981,64.981,64.981,
2012-05-14,64.506,64.506,64.506,64.506,
2012-05-15,63.848,63.848,63.848,63.848,
2012-05-16,63.912,63.912,63.912,63.912,
2012-05-17,63.937,63.937,63.937,63.937,
2012-05-18,62.865,62.865,62.865,62.865,
2012-05-21,63.65,63.65,63.65,63.65,
2012-05-22,63.414,63.414,63.414,63.414,
2012-05-23,63.209,63.209,63.209,63.209,
2012-05-24,63.886,63.886,63.886,63.886,
2012-05-25,63.12,63.12,63.12,63.12,
2012-05-29,64.001,64.001,64.001,64.001,
2012-05-30,62.335,62.335,62.335,62.335,
2012-05-31,62.769,62.769,62.769,62.769,
2012-06-01,61.556,61.556,61.556,61.556,
2012-06-04,61.664,61.664,61.664,61.664,
2012-06-05,61.607,61.607,61.607,61.607,
2012-06-06,63.72,63.72,63.72,63.72,
2012-06-07,64.097,64.097,64.097,64.097,
2012-06-08,64.384,64.384,64.384,64.384,
2012-06-11,63.79,63.79,63.79,63.79,
2012-06-12,64.32,64.32,64.32,64.32,
2012-06-13,63.931,63.931,63.931,63.931,
2012-06-14,65.074,65.074,65.074,65.074,
2012-06-15,66.612,66.612,66.612,66.612,
2012-06-18,66.057,66.057,66.057,66.057,
2012-06-19,66.44,66.44,66.44,66.44,
2012-06-20,66.166,66.166,66.166,66.166,
2012-06-21,63.861,63.861,63.861,63.861,
2012-06-22,64.129,64.129,64.129,64.129,
2012-06-25,63.26,63.26,63.26,63.26,
2012-06-26,64.454,64.454,64.454,64.454,
2012-06-27,65.489,65.489,65.489,65.489,
2012-06-28,66.057,66.057,66.057,66.057,
2012-06-29,67.359,67.359,67.359,67.359,
2012-07-02,67.589,67.589,67.589,67.589,
2012-07-03,68.553,68.553,68.553,68.553,
2012-07-05,67.698,67.698,67.698,67.698,
2012-07-06,67.085,67.085,67.085,67.085,
2012-07-09,66.695,66.695,66.695,66.695,
2012-07-10,66.325,66.325,66.325,66.325,
2012-07-11,66.944,66.944,66.944,66.944,
2012-07-12,67.059,67.059,67.059,67.059,
2012-07-13,67.685,67.685,67.685,67.685,
2012-07-16,68.177,68.177,68.177,68.177,
2012-07-17,68.592,68.592,68.592,68.592,
2012-07-18,68.879,68.879,68.879,68.879,
2012-07-19,69.492,69.492,69.492,69.492,
2012-07-20,69.715,69.715,69.715,69.715,
2012-07-23,68.924,68.924,68.924,68.924,
2012-07-24,67.87,67.87,67.87,67.87,
2012-07-25,67.717,67.717,67.717,67.717,
2012-07-26,69.128,69.128,69.128,69.128,
2012-07-27,69.76,69.76,69.76,69.76,
2012-07-30,70.118,70.118,70.118,70.118,
2012-07-31,69.964,69.964,69.964,69.964,
2012-08-01,70.552,70.552,70.552,70.552,
2012-08-02,69.754,69.754,69.754,69.754,
2012-08-03,70.948,70.948,70.948,70.948,
2012-08-06,71.069,71.069,71.069,71.069,
2012-08-07,71.478,71.478,71.478,71.478,
2012-08-08,71.599,71.599,71.599,71.599,
2012-08-09,71.912,71.912,71.912,71.912,
2012-08-10,72.499,72.499,72.499,72.499,
2012-08-13,72.327,72.327,72.327,72.327,
2012-08-14,72.352,72.352,72.352,72.352,
2012-08-15,72.449,72.449,72.449,72.449,
2012-08-16,72.932,72.932,72.932,72.932,
2012-08-17,72.507,72.507,72.507,72.507,
2012-08-20,72.417,72.417,72.417,72.417,
2012-08-21,72.069,72.069,72.069,72.069,
2012-08-22,72.179,72.179,72.179,72.179,
2012-08-23,71.625,71.625,71.625,71.625,
2012-08-24,72.089,72.089,72.089,72.089,
2012-08-27,71.908,71.908,71.908,71.908,
2012-08-28,72.307,72.307,72.307,72.307,
2012-08-29,71.953,71.953,71.953,71.953,
2012-08-30,71.393,71.393,71.393,71.393,
2012-08-31,72.185,72.185,72.185,72.185,
2012-09-04,71.58,71.58,71.58,71.58,
2012-09-05,71.29,71.29,71.29,71.29,
2012-09-06,72.745,72.745,72.745,72.745,
2012-09-07,73.369,73.369,73.369,73.369,
2012-09-10,73.344,73.344,73.344,73.344,
2012-09-11,73.485,73.485,73.485,73.485,
2012-09-12,73.678,73.678,73.678,73.678,
2012-09-13,75.017,75.017,75.017,75.017,
2012-09-14,75.461,75.461,75.461,75.461,
2012-09-17,75.39,75.39,75.39,75.39,
2012-09-18,75.281,75.281,75.281,75.281,
2012-09-19,75.043,75.043,75.043,75.043,
2012-09-20,75.847,75.847,75.847,75.847,
2012-09-21,75.815,75.815,75.815,75.815,
2012-09-24,75.802,75.802,75.802,75.802,
2012-09-25,75.255,75.255,75.255,75.255,
2012-09-26,74.85,74.85,74.85,74.85,
2012-09-27,75.429,75.429,75.429,75.429,
2012-09-28,75.017,75.017,75.017,75.017,
2012-10-01,75.461,75.461,75.461,75.461,
2012-10-02,75.918,75.918,75.918,75.918,
2012-10-03,74.747,74.747,74.747,74.747,
2012-10-04,75.397,75.397,75.397,75.397,
2012-10-05,75.622,75.622,75.622,75.622,
2012-10-08,75.699,75.699,75.699,75.699,
2012-10-09,75.532,75.532,75.532,75.532,
2012-10-10,72.372,72.372,72.372,72.372,
2012-10-11,72.764,72.764,72.764,72.764,
2012-10-12,72.127,72.127,72.127,72.127,
2012-10-15,72.61,72.61,72.61,72.61,
2012-10-16,73.427,73.427,73.427,73.427,
2012-10-17,74.129,74.129,74.129,74.129,
2012-10-18,73.788,73.788,73.788,73.788,
2012-10-19,72.97,72.97,72.97,72.97,
2012-10-22,72.558,72.558,72.558,72.558,
2012-10-23,70.396,70.396,70.396,70.396,
2012-10-24,70.608,70.608,70.608,70.608,
2012-10-25,71.413,71.413,71.413,71.413,
2012-10-26,71.554,71.554,71.554,71.554,
2012-10-31,70.949,70.949,70.949,70.949,
2012-11-01,71.735,71.735,71.735,71.735,
2012-11-02,69.746,69.746,69.746,69.746,
2012-11-05,70.274,70.274,70.274,70.274,
2012-11-06,71.027,71.027,71.027,71.027,
2012-11-07,69.192,69.192,69.192,69.192,
2012-11-08,68.137,68.137,68.137,68.137,
2012-11-09,68.118,68.118,68.118,68.118,
2012-11-12,68.175,68.175,68.175,68.175,
2012-11-13,67.757,67.757,67.757,67.757,
2012-11-14,66.537,66.537,66.537,66.537,
2012-11-15,65.966,65.966,65.966,65.966,
2012-11-16,66.472,66.472,66.472,66.472,
2012-11-19,67.738,67.738,67.738,67.738,
2012-11-20,67.225,67.225,67.225,67.225,
2012-11-21,67.575,67.575,67.575,67.575,
2012-11-23,68.465,68.465,68.465,68.465,
2012-11-26,68.153,68.153,68.153,68.153,
2012-11-27,67.108,67.108,67.108,67.108,
2012-11-28,68.536,68.536,68.536,68.536,
2012-11-29,68.672,68.672,68.672,68.672,
2012-11-30,68.608,68.608,68.608,68.608,
2012-12-03,67.939,67.939,67.939,67.939,
2012-12-04,67.485,67.485,67.485,67.485,
2012-12-05,68.27,68.27,68.27,68.27,
2012-12-06,69.101,69.101,69.101,69.101,
2012-12-07,69.451,69.451,69.451,69.451,
2012-12-10,69.432,69.432,69.432,69.432,
2012-12-11,69.938,69.938,69.938,69.938,
2012-12-12,70.159,70.159,70.159,70.159,
2012-12-13,70.049,70.049,70.049,70.049,
2012-12-14,69.99,69.99,69.99,69.99,
2012-12-17,70.548,70.548,70.548,70.548,
2012-12-18,71.47,71.47,71.47,71.47,
2012-12-19,71.347,71.347,71.347,71.347,
2012-12-20,71.652,71.652,71.652,71.652,
2012-12-21,71.217,71.217,71.217,71.217,
2012-12-24,70.516,70.516,70.516,70.516,
2012-12-26,70.406,70.406,70.406,70.406,
2012-12-27,70.445,70.445,70.445,70.445,
2012-12-28,69.101,69.101,69.101,69.101,
2012-12-31,70.198,70.198,70.198,70.198,
2013-01-02,71.658,71.658,71.658,71.658,
2013-01-03,71.353,71.353,71.353,71.353,
2013-01-04,71.73,71.73,71.73,71.73,
2013-01-07,71.243,71.243,71.243,71.243,
2013-01-08,70.925,70.925,70.925,70.925,
2013-01-09,71.107,71.107,71.107,71.107,
2013-01-10,71.71,71.71,71.71,71.71,
2013-01-11,72.528,72.528,72.528,72.528,
2013-01-14,73.255,73.255,73.255,73.255,
2013-01-15,73.638,73.638,73.638,73.638,
2013-01-16,73.982,73.982,73.982,73.982,
2013-01-17,74.482,74.482,74.482,74.482,
2013-01-18,74.807,74.807,74.807,74.807,
2013-01-22,75.242,75.242,75.242,75.242,
2013-01-23,74.657,74.657,74.657,74.657,
2013-01-24,74.976,74.976,74.976,74.976,
2013-01-25,75.43,75.43,75.43,75.43,
2013-01-28,75.326,75.326,75.326,75.326,
2013-01-29,76.086,76.086,76.086,76.086,
2013-01-30,75.592,75.592,75.592,75.592,
2013-01-31,74.748,74.748,74.748,74.748,
2013-02-01,75.625,75.625,75.625,75.625,
2013-02-04,74.781,74.781,74.781,74.781,
2013-02-05,75.177,75.177,75.177,75.177,
2013-02-06,75.242,75.242,75.242,75.242,
2013-02-07,74.664,74.664,74.664,74.664,
2013-02-08,75.066,75.066,75.066,75.066,
2013-02-11,75.066,75.066,75.066,75.066,
2013-02-12,75.625,75.625,75.625,75.625,
2013-02-13,75.579,75.579,75.579,75.579,
2013-02-14,75.697,75.697,75.697,75.697,
2013-02-15,75.206,75.206,75.206,75.206,
2013-02-19,75.834,75.834,75.834,75.834,
2013-02-20,75.226,75.226,75.226,75.226,
2013-02-21,75.226,75.226,75.226,75.226,
2013-02-22,75.86,75.86,75.86,75.86,
2013-02-25,74.277,74.277,74.277,74.277,
2013-02-26,75.206,75.206,75.206,75.206,
2013-02-27,76.312,76.312,76.312,76.312,
2013-02-28,76.639,76.639,76.639,76.639,
2013-03-01,76.475,76.475,76.475,76.475,
2013-03-04,76.861,76.861,76.861,76.861,
2013-03-05,77.149,77.149,77.149,77.149,
2013-03-06,77.502,77.502,77.502,77.502,
2013-03-07,77.561,77.561,77.561,77.561,
2013-03-08,77.568,77.568,77.568,77.568,
2013-03-11,77.672,77.672,77.672,77.672,
2013-03-12,77.358,77.358,77.358,77.358,
2013-03-13,77.43,77.43,77.43,77.43,
2013-03-14,78.503,78.503,78.503,78.503,
2013-03-15,78.294,78.294,78.294,78.294,
2013-03-18,77.934,77.934,77.934,77.934,
2013-03-19,78.15,78.15,78.15,78.15,
2013-03-20,78.732,78.732,78.732,78.732,
2013-03-21,78.726,78.726,78.726,78.726,
2013-03-22,79.275,79.275,79.275,79.275,
2013-03-25,78.621,78.621,78.621,78.621,
2013-03-26,79.144,79.144,79.144,79.144,
2013-03-27,78.627,78.627,78.627,78.627,
2013-03-28,77.731,77.731,77.731,77.731,
2013-04-01,78.248,78.248,78.248,78.248,
2013-04-02,77.849,77.849,77.849,77.849,
2013-04-03,77.051,77.051,77.051,77.051,
2013-04-04,77.241,77.241,77.241,77.241,
2013-04-05,76.881,76.881,76.881,76.881,
2013-04-08,77.07,77.07,77.07,77.07,
2013-04-09,77.613,77.613,77.613,77.613,
2013-04-10,78.268,78.268,78.268,78.268,
2013-04-11,79.125,79.125,79.125,79.125,
2013-04-12,78.464,78.464,78.464,78.464,
2013-04-15,76.259,76.259,76.259,76.259,
2013-04-16,76.547,76.547,76.547,76.547,
2013-04-17,75.108,75.108,75.108,75.108,
2013-04-18,75.618,75.618,75.618,75.618,
2013-04-19,75.821,75.821,75.821,75.821,
2013-04-22,76.259,76.259,76.259,76.259,
2013-04-23,76.855,76.855,76.855,76.855,
2013-04-24,77.378,77.378,77.378,77.378,
2013-04-25,77.528,77.528,77.528,77.528,
2013-04-26,78.529,78.529,78.529,78.529,
2013-04-29,79.367,79.367,79.367,79.367,
2013-04-30,79.818,79.818,79.818,79.818,
2013-05-01,78.68,78.68,78.68,78.68,
2013-05-02,79.838,79.838,79.838,79.838,
2013-05-03,80.786,80.786,80.786,80.786,
2013-05-06,80.629,80.629,80.629,80.629,
2013-05-07,80.492,80.492,80.492,80.492,
2013-05-08,80.701,80.701,80.701,80.701,
2013-05-09,80.884,80.884,80.884,80.884,
2013-05-10,80.616,80.616,80.616,80.616,
2013-05-13,80.368,80.368,80.368,80.368,
2013-05-14,81.774,81.774,81.774,81.774,
2013-05-15,81.121,81.121,81.121,81.121,
2013-05-16,80.956,80.956,80.956,80.956,
2013-05-17,81.392,81.392,81.392,81.392,
2013-05-20,82.289,82.289,82.289,82.289,
2013-05-21,83.053,83.053,83.053,83.053,
2013-05-22,82.387,82.387,82.387,82.387,
2013-05-23,82.697,82.697,82.697,82.697,
2013-05-24,82.73,82.73,82.73,82.73,
2013-05-28,83.377,83.377,83.377,83.377,
2013-05-29,82.757,82.757,82.757,82.757,
2013-05-30,82.506,82.506,82.506,82.506,
2013-05-31,80.95,80.95,80.95,80.95,
2013-06-03,81.833,81.833,81.833,81.833,
2013-06-04,81.088,81.088,81.088,81.088,
2013-06-05,80.172,80.172,80.172,80.172,
2013-06-06,79.525,79.525,79.525,79.525,
2013-06-07,80.257,80.257,80.257,80.257,
2013-06-10,80.91,80.91,80.91,80.91,
2013-06-11,80.092,80.092,80.092,80.092,
2013-06-12,79.116,79.116,79.116,79.116,
2013-06-13,80.231,80.231,80.231,80.231,
2013-06-14,79.321,79.321,79.321,79.321,
2013-06-17,79.941,79.941,79.941,79.941,
2013-06-18,80.139,80.139,80.139,80.139,
2013-06-19,79.466,79.466,79.466,79.466,
2013-06-20,77.784,77.784,77.784,77.784,
2013-06-21,78.431,78.431,78.431,78.431,
2013-06-24,77.039,77.039,77.039,77.039,
2013-06-25,77.455,77.455,77.455,77.455,
2013-06-26,77.916,77.916,77.916,77.916,
2013-06-27,78.286,78.286,78.286,78.286,
2013-06-28,78.042,78.042,78.042,78.042,
2013-07-01,78.53,78.53,78.53,78.53,
2013-07-02,78.576,78.576,78.576,78.576,
2013-07-03,78.53,78.53,78.53,78.53,
2013-07-05,79.473,79.473,79.473,79.473,
2013-07-08,79.954,79.954,79.954,79.954,
2013-07-09,81.293,81.293,81.293,81.293,
2013-07-10,81.049,81.049,81.049,81.049,
2013-07-11,81.622,81.622,81.622,81.622,
2013-07-12,81.814,81.814,81.814,81.814,
2013-07-15,82.223,82.223,82.223,82.223,
2013-07-16,81.853,81.853,81.853,81.853,
2013-07-17,82.005,82.005,82.005,82.005,
2013-07-18,82.744,82.744,82.744,82.744,
2013-07-19,83.693,83.693,83.693,83.693,
2013-07-22,83.772,83.772,83.772,83.772,
2013-07-23,83.924,83.924,83.924,83.924,
2013-07-24,83.337,83.337,83.337,83.337,
2013-07-25,84.254,84.254,84.254,84.254,
2013-07-26,84.122,84.122,84.122,84.122,
2013-07-29,83.205,83.205,83.205,83.205,
2013-07-30,82.948,82.948,82.948,82.948,
2013-07-31,83.021,83.021,83.021,83.021,
2013-08-01,83.383,83.383,83.383,83.383,
2013-08-02,82.401,82.401,82.401,82.401,
2013-08-05,81.768,81.768,81.768,81.768,
2013-08-06,81.207,81.207,81.207,81.207,
2013-08-07,81.332,81.332,81.332,81.332,
2013-08-08,81.161,81.161,81.161,81.161,
2013-08-09,80.785,80.785,80.785,80.785,
2013-08-12,80.323,80.323,80.323,80.323,
2013-08-13,80.785,80.785,80.785,80.785,
2013-08-14,80.488,80.488,80.488,80.488,
2013-08-15,79.956,79.956,79.956,79.956,
2013-08-16,79.71,79.71,79.71,79.71,
2013-08-19,78.899,78.899,78.899,78.899,
2013-08-20,78.653,78.653,78.653,78.653,
2013-08-21,78.261,78.261,78.261,78.261,
2013-08-22,78.653,78.653,78.653,78.653,
2013-08-23,79.477,79.477,79.477,79.477,
2013-08-26,79.019,79.019,79.019,79.019,
2013-08-27,78.999,78.999,78.999,78.999,
2013-08-28,80.994,80.994,80.994,80.994,
2013-08-29,80.036,80.036,80.036,80.036,
2013-08-30,80.076,80.076,80.076,80.076,
2013-09-03,80.156,80.156,80.156,80.156,
2013-09-04,80.362,80.362,80.362,80.362,
2013-09-05,80.701,80.701,80.701,80.701,
2013-09-06,80.595,80.595,80.595,80.595,
2013-09-09,81.266,81.266,81.266,81.266,
2013-09-10,81.791,81.791,81.791,81.791,
2013-09-11,82.396,82.396,82.396,82.396,
2013-09-12,82.377,82.377,82.377,82.377,
2013-09-13,82.543,82.543,82.543,82.543,
2013-09-16,82.503,82.503,82.503,82.503,
2013-09-17,82.676,82.676,82.676,82.676,
2013-09-18,83.66,83.66,83.66,83.66,
2013-09-19,83.407,83.407,83.407,83.407,
2013-09-20,83.061,83.061,83.061,83.061,
2013-09-23,83.46,83.46,83.46,83.46,
2013-09-24,82.775,82.775,82.775,82.775,
2013-09-25,82.496,82.496,82.496,82.496,
2013-09-26,82.111,82.111,82.111,82.111,
2013-09-27,81.545,81.545,81.545,81.545,
2013-09-30,80.787,80.787,80.787,80.787,
2013-10-01,80.668,80.668,80.668,80.668,
2013-10-02,80.342,80.342,80.342,80.342,
2013-10-03,78.626,78.626,78.626,78.626,
2013-10-04,78.547,78.547,78.547,78.547,
2013-10-07,78.374,78.374,78.374,78.374,
2013-10-08,77.616,77.616,77.616,77.616,
2013-10-09,77.217,77.217,77.217,77.217,
2013-10-10,77.383,77.383,77.383,77.383,
2013-10-11,78.241,78.241,78.241,78.241,
2013-10-14,78.846,78.846,78.846,78.846,
2013-10-15,78.56,78.56,78.56,78.56,
2013-10-16,79.231,79.231,79.231,79.231,
2013-10-17,79.471,79.471,79.471,79.471,
2013-10-18,79.557,79.557,79.557,79.557,
2013-10-21,79.67,79.67,79.67,79.67,
2013-10-22,80.216,80.216,80.216,80.216,
2013-10-23,79.876,79.876,79.876,79.876,
2013-10-24,80.162,80.162,80.162,80.162,
2013-10-25,80.182,80.182,80.182,80.182,
2013-10-28,80.395,80.395,80.395,80.395,
2013-10-29,80.787,80.787,80.787,80.787,
2013-10-30,79.989,79.989,79.989,79.989,
2013-10-31,79.763,79.763,79.763,79.763,
2013-11-01,78.467,78.467,78.467,78.467,
2013-11-04,78.527,78.527,78.527,78.527,
2013-11-05,78.759,78.759,78.759,78.759,
2013-11-06,80.548,80.548,80.548,80.548,
2013-11-07,79.73,79.73,79.73,79.73,
2013-11-08,80.581,80.581,80.581,80.581,
2013-11-11,80.508,80.508,80.508,80.508,
2013-11-12,79.79,79.79,79.79,79.79,
2013-11-13,79.85,79.85,79.85,79.85,
2013-11-14,80.165,80.165,80.165,80.165,
2013-11-15,80.5,80.5,80.5,80.5,
2013-11-18,80.835,80.835,80.835,80.835,
2013-11-19,81.841,81.841,81.841,81.841,
2013-11-20,81.801,81.801,81.801,81.801,
2013-11-21,82.78,82.78,82.78,82.78,
2013-11-22,83.162,83.162,83.162,83.162,
2013-11-25,82.968,82.968,82.968,82.968,
2013-11-26,82.324,82.324,82.324,82.324,
2013-11-27,82.083,82.083,82.083,82.083,
2013-11-29,82.096,82.096,82.096,82.096,
2013-12-02,82.029,82.029,82.029,82.029,
2013-12-03,82.15,82.15,82.15,82.15,
2013-12-04,81.647,81.647,81.647,81.647,
2013-12-05,81.198,81.198,81.198,81.198,
2013-12-06,81.995,81.995,81.995,81.995,
2013-12-09,82.699,82.699,82.699,82.699,
2013-12-10,82.914,82.914,82.914,82.914,
2013-12-11,81.868,81.868,81.868,81.868,
2013-12-12,81.124,81.124,81.124,81.124,
2013-12-13,80.393,80.393,80.393,80.393,
2013-12-16,80.607,80.607,80.607,80.607,
2013-12-17,79.615,79.615,79.615,79.615,
2013-12-18,81.533,81.533,81.533,81.533,
2013-12-19,82.619,82.619,82.619,82.619,
2013-12-20,82.324,82.324,82.324,82.324,
2013-12-23,82.337,82.337,82.337,82.337,
2013-12-24,82.813,82.813,82.813,82.813,
2013-12-26,83.685,83.685,83.685,83.685,
2013-12-27,83.967,83.967,83.967,83.967,
2013-12-30,83.296,83.296,83.296,83.296,
2013-12-31,83.752,83.752,83.752,83.752,
2014-01-02,83.236,83.236,83.236,83.236,
2014-01-03,83.377,83.377,83.377,83.377,
2014-01-06,83.155,83.155,83.155,83.155,
2014-01-07,83.859,83.859,83.859,83.859,
2014-01-08,82.666,82.666,82.666,82.666,
2014-01-09,82.666,82.666,82.666,82.666,
2014-01-10,81.137,81.137,81.137,81.137,
2014-01-13,79.957,79.957,79.957,79.957,
2014-01-14,80.172,80.172,80.172,80.172,
2014-01-15,79.91,79.91,79.91,79.91,
2014-01-16,79.675,79.675,79.675,79.675,
2014-01-17,79.984,79.984,79.984,79.984,
2014-01-21,80.701,80.701,80.701,80.701,
2014-01-22,80.748,80.748,80.748,80.748,
2014-01-23,79.38,79.38,79.38,79.38,
2014-01-24,77.972,77.972,77.972,77.972,
2014-01-27,78.066,78.066,78.066,78.066,
2014-01-28,78.341,78.341,78.341,78.341,
2014-01-29,77.778,77.778,77.778,77.778,
2014-01-30,78.08,78.08,78.08,78.08,
2014-01-31,74.848,74.848,74.848,74.848,
2014-02-03,74.519,74.519,74.519,74.519,
2014-02-04,74.312,74.312,74.312,74.312,
2014-02-05,73.433,73.433,73.433,73.433,
2014-02-06,74.607,74.607,74.607,74.607,
2014-02-07,75.13,75.13,75.13,75.13,
2014-02-10,74.888,74.888,74.888,74.888,
2014-02-11,76.155,76.155,76.155,76.155,
2014-02-12,75.783,75.783,75.783,75.783,
2014-02-13,76.108,76.108,76.108,76.108,
2014-02-14,76.764,76.764,76.764,76.764,
2014-02-18,76.243,76.243,76.243,76.243,
2014-02-19,76.845,76.845,76.845,76.845,
2014-02-20,77.522,77.522,77.522,77.522,
2014-02-21,76.223,76.223,76.223,76.223,
2014-02-24,77.217,77.217,77.217,77.217,
2014-02-25,77.772,77.772,77.772,77.772,
2014-02-26,78.137,78.137,78.137,78.137,
2014-02-27,78.259,78.259,78.259,78.259,
2014-02-28,78.016,78.016,78.016,78.016,
2014-03-03,77.684,77.684,77.684,77.684,
2014-03-04,78.009,78.009,78.009,78.009,
2014-03-05,77.407,77.407,77.407,77.407,
2014-03-06,77.691,77.691,77.691,77.691,
2014-03-07,77.847,77.847,77.847,77.847,
2014-03-10,78.361,78.361,78.361,78.361,
2014-03-11,77.461,77.461,77.461,77.461,
2014-03-12,78.232,78.232,78.232,78.232,
2014-03-13,77.42,77.42,77.42,77.42,
2014-03-14,77.184,77.184,77.184,77.184,
2014-03-17,77.84,77.84,77.84,77.84,
2014-03-18,78.631,78.631,78.631,78.631,
2014-03-19,77.928,77.928,77.928,77.928,
2014-03-20,78.137,78.137,78.137,78.137,
2014-03-21,78.219,78.219,78.219,78.219,
2014-03-24,78.367,78.367,78.367,78.367,
2014-03-25,79.206,79.206,79.206,79.206,
2014-03-26,79.626,79.626,79.626,79.626,
2014-03-27,79.599,79.599,79.599,79.599,
2014-03-28,80.16,80.16,80.16,80.16,
2014-03-31,80.437,80.437,80.437,80.437,
2014-04-01,80.498,80.498,80.498,80.498,
2014-04-02,80.735,80.735,80.735,80.735,
2014-04-03,80.525,80.525,80.525,80.525,
2014-04-04,80.363,80.363,80.363,80.363,
2014-04-07,79.375,79.375,79.375,79.375,
2014-04-08,79.687,79.687,79.687,79.687,
2014-04-09,80.566,80.566,80.566,80.566,
2014-04-10,78.936,78.936,78.936,78.936,
2014-04-11,79.166,79.166,79.166,79.166,
2014-04-14,80.295,80.295,80.295,80.295,
2014-04-15,81.378,81.378,81.378,81.378,
2014-04-16,82.413,82.413,82.413,82.413,
2014-04-17,83.664,83.664,83.664,83.664,
2014-04-21,84.043,84.043,84.043,84.043,
2014-04-22,83.881,83.881,83.881,83.881,
2014-04-23,84.347,84.347,84.347,84.347,
2014-04-24,84.083,84.083,84.083,84.083,
2014-04-25,83.874,83.874,83.874,83.874,
2014-04-28,85.051,85.051,85.051,85.051,
2014-04-29,85.213,85.213,85.213,85.213,
2014-04-30,84.909,84.909,84.909,84.909,
2014-05-01,84.516,84.516,84.516,84.516,
2014-05-02,84.368,84.368,84.368,84.368,
2014-05-05,84.8,84.8,84.8,84.8,
2014-05-06,84.537,84.537,84.537,84.537,
2014-05-07,85.389,85.389,85.389,85.389,
2014-05-08,84.618,84.618,84.618,84.618,
2014-05-09,84.577,84.577,84.577,84.577,
2014-05-12,84.719,84.719,84.719,84.719,
2014-05-13,85.132,85.132,85.132,85.132,
2014-05-14,85.518,85.518,85.518,85.518,
2014-05-15,84.467,84.467,84.467,84.467,
2014-05-16,84.037,84.037,84.037,84.037,
2014-05-19,83.88,83.88,83.88,83.88,
2014-05-20,83.573,83.573,83.573,83.573,
2014-05-21,84.706,84.706,84.706,84.706,
2014-05-22,84.344,84.344,84.344,84.344,
2014-05-23,84.167,84.167,84.167,84.167,
2014-05-27,83.805,83.805,83.805,83.805,
2014-05-28,83.587,83.587,83.587,83.587,
2014-05-29,83.45,83.45,83.45,83.45,
2014-05-30,83.771,83.771,83.771,83.771,
2014-06-02,83.375,83.375,83.375,83.375,
2014-06-03,83.607,83.607,83.607,83.607,
2014-06-04,83.471,83.471,83.471,83.471,
2014-06-05,84.269,84.269,84.269,84.269,
2014-06-06,84.726,84.726,84.726,84.726,
2014-06-09,84.849,84.849,84.849,84.849,
2014-06-10,85.511,85.511,85.511,85.511,
2014-06-11,85.402,85.402,85.402,85.402,
2014-06-12,86.036,86.036,86.036,86.036,
2014-06-13,86.821,86.821,86.821,86.821,
2014-06-16,87.694,87.694,87.694,87.694,
2014-06-17,87.892,87.892,87.892,87.892,
2014-06-18,88.881,88.881,88.881,88.881,
2014-06-19,90.048,90.048,90.048,90.048,
2014-06-20,90.286,90.286,90.286,90.286,
2014-06-23,90.723,90.723,90.723,90.723,
2014-06-24,89.897,89.897,89.897,89.897,
2014-06-25,89.529,89.529,89.529,89.529,
2014-06-26,89.318,89.318,89.318,89.318,
2014-06-27,88.936,88.936,88.936,88.936,
2014-06-30,89.065,89.065,89.065,89.065,
2014-07-01,89.058,89.058,89.058,89.058,
2014-07-02,88.847,88.847,88.847,88.847,
2014-07-03,89.502,89.502,89.502,89.502,
2014-07-07,89.011,89.011,89.011,89.011,
2014-07-08,88.622,88.622,88.622,88.622,
2014-07-09,89.638,89.638,89.638,89.638,
2014-07-10,88.86,88.86,88.86,88.86,
2014-07-11,87.646,87.646,87.646,87.646,
2014-07-14,88.185,88.185,88.185,88.185,
2014-07-15,88.185,88.185,88.185,88.185,
2014-07-16,89.297,89.297,89.297,89.297,
2014-07-17,88.744,88.744,88.744,88.744,
2014-07-18,88.956,88.956,88.956,88.956,
2014-07-21,89.57,89.57,89.57,89.57,
2014-07-22,90.45,90.45,90.45,90.45,
2014-07-23,91.337,91.337,91.337,91.337,
2014-07-24,91.999,91.999,91.999,91.999,
2014-07-25,91.125,91.125,91.125,91.125,
2014-07-28,90.9,90.9,90.9,90.9,
2014-07-29,90.341,90.341,90.341,90.341,
2014-07-30,90.416,90.416,90.416,90.416,
2014-07-31,88.171,88.171,88.171,88.171,
2014-08-01,87.257,87.257,87.257,87.257,
2014-08-04,87.441,87.441,87.441,87.441,
2014-08-05,85.251,85.251,85.251,85.251,
2014-08-06,85.777,85.777,85.777,85.777,
2014-08-07,85.722,85.722,85.722,85.722,
2014-08-08,87.23,87.23,87.23,87.23,
2014-08-11,87.128,87.128,87.128,87.128,
2014-08-12,86.705,86.705,86.705,86.705,
2014-08-13,87.053,87.053,87.053,87.053,
2014-08-14,86.616,86.616,86.616,86.616,
2014-08-15,86.76,86.76,86.76,86.76,
2014-08-18,86.898,86.898,86.898,86.898,
2014-08-19,87.813,87.813,87.813,87.813,
2014-08-20,87.717,87.717,87.717,87.717,
2014-08-21,88.02,88.02,88.02,88.02,
2014-08-22,87.455,87.455,87.455,87.455,
2014-08-25,87.958,87.958,87.958,87.958,
2014-08-26,88.24,88.24,88.24,88.24,
2014-08-27,88.508,88.508,88.508,88.508,
2014-08-28,88.584,88.584,88.584,88.584,
2014-08-29,89.065,89.065,89.065,89.065,
2014-09-02,87.751,87.751,87.751,87.751,
2014-09-03,87.971,87.971,87.971,87.971,
2014-09-04,87.242,87.242,87.242,87.242,
2014-09-05,87.655,87.655,87.655,87.655,
2014-09-08,86.836,86.836,86.836,86.836,
2014-09-09,86.127,86.127,86.127,86.127,
2014-09-10,85.508,85.508,85.508,85.508,
2014-09-11,85.199,85.199,85.199,85.199,
2014-09-12,84.394,84.394,84.394,84.394,
2014-09-15,85.481,85.481,85.481,85.481,
2014-09-16,85.976,85.976,85.976,85.976,
2014-09-17,85.811,85.811,85.811,85.811,
2014-09-18,85.412,85.412,85.412,85.412,
2014-09-19,85.866,85.866,85.866,85.866,
2014-09-22,84.965,84.965,84.965,84.965,
2014-09-23,84.669,84.669,84.669,84.669,
2014-09-24,84.215,84.215,84.215,84.215,
2014-09-25,83.031,83.031,83.031,83.031,
2014-09-26,83.575,83.575,83.575,83.575,
2014-09-29,82.942,82.942,82.942,82.942,
2014-09-30,82.096,82.096,82.096,82.096,
2014-10-01,80.947,80.947,80.947,80.947,
2014-10-02,80.575,80.575,80.575,80.575,
2014-10-03,80.988,80.988,80.988,80.988,
2014-10-06,81.249,81.249,81.249,81.249,
2014-10-07,79.825,79.825,79.825,79.825,
2014-10-08,81.153,81.153,81.153,81.153,
2014-10-09,78.786,78.786,78.786,78.786,
2014-10-10,78.36,78.36,78.36,78.36,
2014-10-13,77.08,77.08,77.08,77.08,
2014-10-14,75.532,75.532,75.532,75.532,
2014-10-15,75.181,75.181,75.181,75.181,
2014-10-16,76.412,76.412,76.412,76.412,
2014-10-17,76.922,76.922,76.922,76.922,
2014-10-20,76.708,76.708,76.708,76.708,
2014-10-21,79.185,79.185,79.185,79.185,
2014-10-22,78.435,78.435,78.435,78.435,
2014-10-23,79.942,79.942,79.942,79.942,
2014-10-24,79.749,79.749,79.749,79.749,
2014-10-27,79.137,79.137,79.137,79.137,
2014-10-28,80.589,80.589,80.589,80.589,
2014-10-29,80.596,80.596,80.596,80.596,
2014-10-30,80.637,80.637,80.637,80.637,
2014-10-31,82.529,82.529,82.529,82.529,
2014-11-03,80.348,80.348,80.348,80.348,
2014-11-04,79.378,79.378,79.378,79.378,
2014-11-05,80.534,80.534,80.534,80.534,
2014-11-06,81.552,81.552,81.552,81.552,
2014-11-07,81.738,81.738,81.738,81.738,
2014-11-10,81.132,81.132,81.132,81.132,
2014-11-11,81.49,81.49,81.49,81.49,
2014-11-12,80.947,80.947,80.947,80.947,
2014-11-13,80.121,80.121,80.121,80.121,
2014-11-14,80.774,80.774,80.774,80.774,
2014-11-17,80.378,80.378,80.378,80.378,
2014-11-18,80.183,80.183,80.183,80.183,
2014-11-19,80.878,80.878,80.878,80.878,
2014-11-20,81.461,81.461,81.461,81.461,
2014-11-21,82.343,82.343,82.343,82.343,
2014-11-24,81.656,81.656,81.656,81.656,
2014-11-25,80.656,80.656,80.656,80.656,
2014-11-26,79.933,79.933,79.933,79.933,
2014-11-28,75.6,75.6,75.6,75.6,
2014-12-01,77.586,77.586,77.586,77.586,
2014-12-02,79.177,79.177,79.177,79.177,
2014-12-03,78.961,78.961,78.961,78.961,
2014-12-04,77.968,77.968,77.968,77.968,
2014-12-05,76.989,76.989,76.989,76.989,
2014-12-08,74.163,74.163,74.163,74.163,
2014-12-09,74.309,74.309,74.309,74.309,
2014-12-10,72.816,72.816,72.816,72.816,
2014-12-11,72.85,72.85,72.85,72.85,
2014-12-12,71.094,71.094,71.094,71.094,
2014-12-15,70.038,70.038,70.038,70.038,
2014-12-16,70.621,70.621,70.621,70.621,
2014-12-17,73.621,73.621,73.621,73.621,
2014-12-18,75.711,75.711,75.711,75.711,
2014-12-19,78.42,78.42,78.42,78.42,
2014-12-22,77.795,77.795,77.795,77.795,
2014-12-23,79.128,79.128,79.128,79.128,
2014-12-24,78.795,78.795,78.795,78.795,
2014-12-26,78.642,78.642,78.642,78.642,
2014-12-29,78.69,78.69,78.69,78.69,
2014-12-30,78.545,78.545,78.545,78.545,
2014-12-31,77.899,77.899,77.899,77.899,
2015-01-02,78.177,78.177,78.177,78.177,
2015-01-05,75.052,75.052,75.052,75.052,
2015-01-06,75.017,75.017,75.017,75.017,
2015-01-07,74.955,74.955,74.955,74.955,
2015-01-08,76.67,76.67,76.67,76.67,
2015-01-09,75.142,75.142,75.142,75.142,
2015-01-12,73.524,73.524,73.524,73.524,
2015-01-13,72.357,72.357,72.357,72.357,
2015-01-14,72.149,72.149,72.149,72.149,
2015-01-15,71.295,71.295,71.295,71.295,
2015-01-16,72.996,72.996,72.996,72.996,
2015-01-20,73.934,73.934,73.934,73.934,
2015-01-21,75.107,75.107,75.107,75.107,
2015-01-22,75.635,75.635,75.635,75.635,
2015-01-23,74.198,74.198,74.198,74.198,
2015-01-26,75.607,75.607,75.607,75.607,
2015-01-27,75.177,75.177,75.177,75.177,
2015-01-28,72.017,72.017,72.017,72.017,
2015-01-29,71.524,71.524,71.524,71.524,
2015-01-30,71.198,71.198,71.198,71.198,
2015-02-02,73.649,73.649,73.649,73.649,
2015-02-03,76.059,76.059,76.059,76.059,
2015-02-04,75.239,75.239,75.239,75.239,
2015-02-05,75.906,75.906,75.906,75.906,
2015-02-06,76.114,76.114,76.114,76.114,
2015-02-09,76.684,76.684,76.684,76.684,
2015-02-10,76.51,76.51,76.51,76.51,
2015-02-11,76.371,76.371,76.371,76.371,
2015-02-12,77.739,77.739,77.739,77.739,
2015-02-13,79.085,79.085,79.085,79.085,
2015-02-17,78.818,78.818,78.818,78.818,
2015-02-18,77.444,77.444,77.444,77.444,
2015-02-19,75.978,75.978,75.978,75.978,
2015-02-20,76.154,76.154,76.154,76.154,
2015-02-23,75.635,75.635,75.635,75.635,
2015-02-24,75.705,75.705,75.705,75.705,
2015-02-25,76.14,76.14,76.14,76.14,
2015-02-26,75.074,75.074,75.074,75.074,
2015-02-27,74.807,74.807,74.807,74.807,
2015-03-02,74.26,74.26,74.26,74.26,
2015-03-03,73.741,73.741,73.741,73.741,
2015-03-04,73.741,73.741,73.741,73.741,
2015-03-05,73.44,73.44,73.44,73.44,
2015-03-06,72.613,72.613,72.613,72.613,
2015-03-09,72.893,72.893,72.893,72.893,
2015-03-10,72.164,72.164,72.164,72.164,
2015-03-11,72.605,72.605,72.605,72.605,
2015-03-12,71.82,71.82,71.82,71.82,
2015-03-13,71.259,71.259,71.259,71.259,
2015-03-16,72.318,72.318,72.318,72.318,
2015-03-17,72.346,72.346,72.346,72.346,
2015-03-18,74.821,74.821,74.821,74.821,
2015-03-19,73.454,73.454,73.454,73.454,
2015-03-20,75.053,75.053,75.053,75.053,
2015-03-23,74.274,74.274,74.274,74.274,
2015-03-24,73.068,73.068,73.068,73.068,
2015-03-25,74.099,74.099,74.099,74.099,
2015-03-26,73.805,73.805,73.805,73.805,
2015-03-27,73.124,73.124,73.124,73.124,
2015-03-30,74.962,74.962,74.962,74.962,
2015-03-31,73.615,73.615,73.615,73.615,
2015-04-01,73.482,73.482,73.482,73.482,
2015-04-02,73.826,73.826,73.826,73.826,
2015-04-06,74.976,74.976,74.976,74.976,
2015-04-07,76.112,76.112,76.112,76.112,
2015-04-08,74.793,74.793,74.793,74.793,
2015-04-09,74.997,74.997,74.997,74.997,
2015-04-10,74.969,74.969,74.969,74.969,
2015-04-13,74.681,74.681,74.681,74.681,
2015-04-14,76.322,76.322,76.322,76.322,
2015-04-15,77.423,77.423,77.423,77.423,
2015-04-16,77.248,77.248,77.248,77.248,
2015-04-17,76.511,76.511,76.511,76.511,
2015-04-20,77.339,77.339,77.339,77.339,
2015-04-21,76.946,76.946,76.946,76.946,
2015-04-22,76.785,76.785,76.785,76.785,
2015-04-23,77.114,77.114,77.114,77.114,
2015-04-24,77.044,77.044,77.044,77.044,
2015-04-27,76.925,76.925,76.925,76.925,
2015-04-28,77.921,77.921,77.921,77.921,
2015-04-29,78.349,78.349,78.349,78.349,
2015-04-30,77.879,77.879,77.879,77.879,
2015-05-01,76.462,76.462,76.462,76.462,
2015-05-04,75.957,75.957,75.957,75.957,
2015-05-05,75.733,75.733,75.733,75.733,
2015-05-06,75.698,75.698,75.698,75.698,
2015-05-07,75.431,75.431,75.431,75.431,
2015-05-08,76.189,76.189,76.189,76.189,
2015-05-11,75.284,75.284,75.284,75.284,
2015-05-12,75.424,75.424,75.424,75.424,
2015-05-13,75.523,75.523,75.523,75.523,
2015-05-14,76.049,76.049,76.049,76.049,
2015-05-15,76.509,76.509,76.509,76.509,
2015-05-18,75.532,75.532,75.532,75.532,
2015-05-19,74.377,74.377,74.377,74.377,
2015-05-20,74.54,74.54,74.54,74.54,
2015-05-21,74.71,74.71,74.71,74.71,
2015-05-22,74.285,74.285,74.285,74.285,
2015-05-26,73.152,73.152,73.152,73.152,
2015-05-27,73.024,73.024,73.024,73.024,
2015-05-28,73.117,73.117,73.117,73.117,
2015-05-29,72.947,72.947,72.947,72.947,
2015-06-01,72.685,72.685,72.685,72.685,
2015-06-02,72.649,72.649,72.649,72.649,
2015-06-03,72.359,72.359,72.359,72.359,
2015-06-04,71.806,71.806,71.806,71.806,
2015-06-05,71.948,71.948,71.948,71.948,
2015-06-08,71.119,71.119,71.119,71.119,
2015-06-09,71.119,71.119,71.119,71.119,
2015-06-10,72.118,72.118,72.118,72.118,
2015-06-11,71.615,71.615,71.615,71.615,
2015-06-12,70.73,70.73,70.73,70.73,
2015-06-15,70.319,70.319,70.319,70.319,
2015-06-16,70.85,70.85,70.85,70.85,
2015-06-17,70.652,70.652,70.652,70.652,
2015-06-18,70.999,70.999,70.999,70.999,
2015-06-19,70.447,70.447,70.447,70.447,
2015-06-22,71.027,71.027,71.027,71.027,
2015-06-23,70.886,70.886,70.886,70.886,
2015-06-24,70.305,70.305,70.305,70.305,
2015-06-25,69.646,69.646,69.646,69.646,
2015-06-26,69.83,69.83,69.83,69.83,
2015-06-29,68.478,68.478,68.478,68.478,
2015-06-30,68.322,68.322,68.322,68.322,
2015-07-01,68.053,68.053,68.053,68.053,
2015-07-02,67.897,67.897,67.897,67.897,
2015-07-06,67.118,67.118,67.118,67.118,
2015-07-07,67.472,67.472,67.472,67.472,
2015-07-08,66.261,66.261,66.261,66.261,
2015-07-09,66.417,66.417,66.417,66.417,
2015-07-10,66.863,66.863,66.863,66.863,
2015-07-13,66.998,66.998,66.998,66.998,
2015-07-14,67.67,67.67,67.67,67.67,
2015-07-15,66.743,66.743,66.743,66.743,
2015-07-16,66.913,66.913,66.913,66.913,
2015-07-17,65.971,65.971,65.971,65.971,
2015-07-20,65.822,65.822,65.822,65.822,
2015-07-21,66.502,66.502,66.502,66.502,
2015-07-22,66.226,66.226,66.226,66.226,
2015-07-23,65.822,65.822,65.822,65.822,
2015-07-24,64.165,64.165,64.165,64.165,
2015-07-27,63.131,63.131,63.131,63.131,
2015-07-28,65.439,65.439,65.439,65.439,
2015-07-29,66.041,66.041,66.041,66.041,
2015-07-30,65.886,65.886,65.886,65.886,
2015-07-31,62.663,62.663,62.663,62.663,
2015-08-03,60.624,60.624,60.624,60.624,
2015-08-04,60.347,60.347,60.347,60.347,
2015-08-05,59.512,59.512,59.512,59.512,
2015-08-06,60.333,60.333,60.333,60.333,
2015-08-07,59.313,59.313,59.313,59.313,
2015-08-10,60.829,60.829,60.829,60.829,
2015-08-11,60.751,60.751,60.751,60.751,
2015-08-12,61.466,61.466,61.466,61.466,
2015-08-13,60.801,60.801,60.801,60.801,
2015-08-14,60.9,60.9,60.9,60.9,
2015-08-17,59.688,59.688,59.688,59.688,
2015-08-18,59.838,59.838,59.838,59.838,
2015-08-19,58.024,58.024,58.024,58.024,
2015-08-20,56.826,56.826,56.826,56.826,
2015-08-21,54.331,54.331,54.331,54.331,
2015-08-24,51.72,51.72,51.72,51.72,
2015-08-25,50.214,50.214,50.214,50.214,
2015-08-26,52.416,52.416,52.416,52.416,
2015-08-27,55.679,55.679,55.679,55.679,
2015-08-28,57.68,57.68,57.68,57.68,
2015-08-31,58.081,58.081,58.081,58.081,
2015-09-01,56.073,56.073,56.073,56.073,
2015-09-02,55.98,55.98,55.98,55.98,
2015-09-03,56.124,56.124,56.124,56.124,
2015-09-04,54.983,54.983,54.983,54.983,
2015-09-08,55.105,55.105,55.105,55.105,
2015-09-09,53.728,53.728,53.728,53.728,
2015-09-10,54.259,54.259,54.259,54.259,
2015-09-11,54.352,54.352,54.352,54.352,
2015-09-14,54.338,54.338,54.338,54.338,
2015-09-15,55.342,55.342,55.342,55.342,
2015-09-16,56.669,56.669,56.669,56.669,
2015-09-17,56.948,56.948,56.948,56.948,
2015-09-18,55.751,55.751,55.751,55.751,
2015-09-21,56.002,56.002,56.002,56.002,
2015-09-22,55.399,55.399,55.399,55.399,
2015-09-23,54.589,54.589,54.589,54.589,
2015-09-24,55.141,55.141,55.141,55.141,
2015-09-25,55.722,55.722,55.722,55.722,
2015-09-28,54.338,54.338,54.338,54.338,
2015-09-29,54.682,54.682,54.682,54.682,
2015-09-30,56.568,56.568,56.568,56.568,
2015-10-01,56.181,56.181,56.181,56.181,
2015-10-02,58.483,58.483,58.483,58.483,
2015-10-05,60.262,60.262,60.262,60.262,
2015-10-06,62.384,62.384,62.384,62.384,
2015-10-07,63.195,63.195,63.195,63.195,
2015-10-08,64.478,64.478,64.478,64.478,
2015-10-09,64.234,64.234,64.234,64.234,
2015-10-12,63.639,63.639,63.639,63.639,
2015-10-13,63.381,63.381,63.381,63.381,
2015-10-14,64.371,64.371,64.371,64.371,
2015-10-15,65.059,65.059,65.059,65.059,
2015-10-16,65.468,65.468,65.468,65.468,
2015-10-19,64.564,64.564,64.564,64.564,
2015-10-20,64.536,64.536,64.536,64.536,
2015-10-21,64.062,64.062,64.062,64.062,
2015-10-22,65.705,65.705,65.705,65.705,
2015-10-23,65.432,65.432,65.432,65.432,
2015-10-26,63.661,63.661,63.661,63.661,
2015-10-27,62.893,62.893,62.893,62.893,
2015-10-28,64.392,64.392,64.392,64.392,
2015-10-29,64.464,64.464,64.464,64.464,
2015-10-30,65.174,65.174,65.174,65.174,
2015-11-02,68.1,68.1,68.1,68.1,
2015-11-03,70.38,70.38,70.38,70.38,
2015-11-04,69.398,69.398,69.398,69.398,
2015-11-05,67.806,67.806,67.806,67.806,
2015-11-06,67.433,67.433,67.433,67.433,
2015-11-09,66.207,66.207,66.207,66.207,
2015-11-10,66.859,66.859,66.859,66.859,
2015-11-11,66.113,66.113,66.113,66.113,
2015-11-12,64.442,64.442,64.442,64.442,
2015-11-13,63.596,63.596,63.596,63.596,
2015-11-16,66.384,66.384,66.384,66.384,
2015-11-17,66.079,66.079,66.079,66.079,
2015-11-18,66.935,66.935,66.935,66.935,
2015-11-19,65.934,65.934,65.934,65.934,
2015-11-20,64.612,64.612,64.612,64.612,
2015-11-23,65.338,65.338,65.338,65.338,
2015-11-24,66.311,66.311,66.311,66.311,
2015-11-25,65.963,65.963,65.963,65.963,
2015-11-27,65.6,65.6,65.6,65.6,
2015-11-30,66.289,66.289,66.289,66.289,
2015-12-01,67.131,67.131,67.131,67.131,
2015-12-02,65.513,65.513,65.513,65.513,
2015-12-03,64.496,64.496,64.496,64.496,
2015-12-04,65.121,65.121,65.121,65.121,
2015-12-07,63.357,63.357,63.357,63.357,
2015-12-08,62.747,62.747,62.747,62.747,
2015-12-09,63.589,63.589,63.589,63.589,
2015-12-10,64.823,64.823,64.823,64.823,
2015-12-11,62.747,62.747,62.747,62.747,
2015-12-14,64.845,64.845,64.845,64.845,
2015-12-15,67.335,67.335,67.335,67.335,
2015-12-16,67.828,67.828,67.828,67.828,
2015-12-17,65.723,65.723,65.723,65.723,
2015-12-18,65.193,65.193,65.193,65.193,
2015-12-21,64.779,64.779,64.779,64.779,
2015-12-22,65.527,65.527,65.527,65.527,
2015-12-23,68.097,68.097,68.097,68.097,
2015-12-24,66.819,66.819,66.819,66.819,
2015-12-28,65.592,65.592,65.592,65.592,
2015-12-29,66.239,66.239,66.239,66.239,
2015-12-30,65.396,65.396,65.396,65.396,
2015-12-31,65.302,65.302,65.302,65.302,
2016-01-04,64.496,64.496,64.496,64.496,
2016-01-05,65.048,65.048,65.048,65.048,
2016-01-06,62.478,62.478,62.478,62.478,
2016-01-07,60.264,60.264,60.264,60.264,
2016-01-08,59.618,59.618,59.618,59.618,
2016-01-11,58.631,58.631,58.631,58.631,
2016-01-12,59.633,59.633,59.633,59.633,
2016-01-13,59.038,59.038,59.038,59.038,
2016-01-14,62.043,62.043,62.043,62.043,
2016-01-15,60.736,60.736,60.736,60.736,
2016-01-19,59.168,59.168,59.168,59.168,
2016-01-20,57.332,57.332,57.332,57.332,
2016-01-21,58.834,58.834,58.834,58.834,
2016-01-22,60.642,60.642,60.642,60.642,
2016-01-25,58.718,58.718,58.718,58.718,
2016-01-26,61.063,61.063,61.063,61.063,
2016-01-27,60.46,60.46,60.46,60.46,
2016-01-28,62.369,62.369,62.369,62.369,
2016-01-29,62.769,62.769,62.769,62.769,
2016-02-01,61.912,61.912,61.912,61.912,
2016-02-02,58.972,58.972,58.972,58.972,
2016-02-03,61.426,61.426,61.426,61.426,
2016-02-04,61.549,61.549,61.549,61.549,
2016-02-05,60.163,60.163,60.163,60.163,
2016-02-08,62.42,62.42,62.42,62.42,
2016-02-09,60.192,60.192,60.192,60.192,
2016-02-10,60.279,60.279,60.279,60.279,
2016-02-11,60.243,60.243,60.243,60.243,
2016-02-12,62.014,62.014,62.014,62.014,
2016-02-16,62.345,62.345,62.345,62.345,
2016-02-17,64.917,64.917,64.917,64.917,
2016-02-18,63.756,63.756,63.756,63.756,
2016-02-19,63.587,63.587,63.587,63.587,
2016-02-22,65.292,65.292,65.292,65.292,
2016-02-23,62.418,62.418,62.418,62.418,
2016-02-24,62.683,62.683,62.683,62.683,
2016-02-25,62.705,62.705,62.705,62.705,
2016-02-26,62.006,62.006,62.006,62.006,
2016-02-29,61.337,61.337,61.337,61.337,
2016-03-01,63.315,63.315,63.315,63.315,
2016-03-02,64.057,64.057,64.057,64.057,
2016-03-03,64.344,64.344,64.344,64.344,
2016-03-04,64.638,64.638,64.638,64.638,
2016-03-07,66.652,66.652,66.652,66.652,
2016-03-08,65.234,65.234,65.234,65.234,
2016-03-09,68.233,68.233,68.233,68.233,
2016-03-10,69.056,69.056,69.056,69.056,
2016-03-11,69.527,69.527,69.527,69.527,
2016-03-14,69.291,69.291,69.291,69.291,
2016-03-15,69.299,69.299,69.299,69.299,
2016-03-16,70.129,70.129,70.129,70.129,
2016-03-17,71.225,71.225,71.225,71.225,
2016-03-18,71.813,71.813,71.813,71.813,
2016-03-21,70.894,70.894,70.894,70.894,
2016-03-22,70.203,70.203,70.203,70.203,
2016-03-23,68.799,68.799,68.799,68.799,
2016-03-24,69.725,69.725,69.725,69.725,
2016-03-28,69.6,69.6,69.6,69.6,
2016-03-29,70.071,70.071,70.071,70.071,
2016-03-30,70.019,70.019,70.019,70.019,
2016-03-31,70.129,70.129,70.129,70.129,
2016-04-01,69.291,69.291,69.291,69.291,
2016-04-04,68.681,68.681,68.681,68.681,
2016-04-05,68.122,68.122,68.122,68.122,
2016-04-06,69.718,69.718,69.718,69.718,
2016-04-07,69.681,69.681,69.681,69.681,
2016-04-08,70.813,70.813,70.813,70.813,
2016-04-11,70.012,70.012,70.012,70.012,
2016-04-12,71.68,71.68,71.68,71.68,
2016-04-13,71.747,71.747,71.747,71.747,
2016-04-14,72.026,72.026,72.026,72.026,
2016-04-15,71.475,71.475,71.475,71.475,
2016-04-18,72.555,72.555,72.555,72.555,
2016-04-19,73.878,73.878,73.878,73.878,
2016-04-20,74.753,74.753,74.753,74.753,
2016-04-21,74.54,74.54,74.54,74.54,
2016-04-22,74.988,74.988,74.988,74.988,
2016-04-25,74.621,74.621,74.621,74.621,
2016-04-26,75.194,75.194,75.194,75.194,
2016-04-27,76.341,76.341,76.341,76.341,
2016-04-28,75.275,75.275,75.275,75.275,
2016-04-29,75.113,75.113,75.113,75.113,
2016-05-02,75.944,75.944,75.944,75.944,
2016-05-03,74.481,74.481,74.481,74.481,
2016-05-04,73.945,73.945,73.945,73.945,
2016-05-05,74.555,74.555,74.555,74.555,
2016-05-06,74.878,74.878,74.878,74.878,
2016-05-09,73.768,73.768,73.768,73.768,
2016-05-10,74.444,74.444,74.444,74.444,
2016-05-11,74.349,74.349,74.349,74.349,
2016-05-12,75.069,75.069,75.069,75.069,
2016-05-13,74.055,74.055,74.055,74.055,
2016-05-16,75.194,75.194,75.194,75.194,
2016-05-17,74.845,74.845,74.845,74.845,
2016-05-18,74.333,74.333,74.333,74.333,
2016-05-19,74.176,74.176,74.176,74.176,
2016-05-20,74.132,74.132,74.132,74.132,
2016-05-23,73.827,73.827,73.827,73.827,
2016-05-24,74.429,74.429,74.429,74.429,
2016-05-25,75.603,75.603,75.603,75.603,
2016-05-26,75.402,75.402,75.402,75.402,
2016-05-27,75.789,75.789,75.789,75.789,
2016-05-31,75.031,75.031,75.031,75.031,
2016-06-01,75.127,75.127,75.127,75.127,
2016-06-02,74.682,74.682,74.682,74.682,
2016-06-03,74.778,74.778,74.778,74.778,
2016-06-06,75.157,75.157,75.157,75.157,
2016-06-07,76.754,76.754,76.754,76.754,
2016-06-08,76.583,76.583,76.583,76.583,
2016-06-09,76.375,76.375,76.375,76.375,
2016-06-10,75.759,75.759,75.759,75.759,
2016-06-13,75.848,75.848,75.848,75.848,
2016-06-14,75.239,75.239,75.239,75.239,
2016-06-15,74.756,74.756,74.756,74.756,
2016-06-16,75.083,75.083,75.083,75.083,
2016-06-17,75.454,75.454,75.454,75.454,
2016-06-20,76.227,76.227,76.227,76.227,
2016-06-21,76.695,76.695,76.695,76.695,
2016-06-22,75.989,75.989,75.989,75.989,
2016-06-23,77.586,77.586,77.586,77.586,
2016-06-24,75.699,75.699,75.699,75.699,
2016-06-27,74.555,74.555,74.555,74.555,
2016-06-28,75.499,75.499,75.499,75.499,
2016-06-29,76.829,76.829,76.829,76.829,
2016-06-30,77.876,77.876,77.876,77.876,
2016-07-01,77.371,77.371,77.371,77.371,
2016-07-05,76.94,76.94,76.94,76.94,
2016-07-06,77.69,77.69,77.69,77.69,
2016-07-07,76.554,76.554,76.554,76.554,
2016-07-08,77.831,77.831,77.831,77.831,
2016-07-11,78.292,78.292,78.292,78.292,
2016-07-12,79.325,79.325,79.325,79.325,
2016-07-13,79.228,79.228,79.228,79.228,
2016-07-14,79.265,79.265,79.265,79.265,
2016-07-15,79.51,79.51,79.51,79.51,
2016-07-18,78.812,78.812,78.812,78.812,
2016-07-19,78.775,78.775,78.775,78.775,
2016-07-20,78.441,78.441,78.441,78.441,
2016-07-21,78.292,78.292,78.292,78.292,
2016-07-22,78.493,78.493,78.493,78.493,
2016-07-25,76.569,76.569,76.569,76.569,
2016-07-26,76.279,76.279,76.279,76.279,
2016-07-27,75.967,75.967,75.967,75.967,
2016-07-28,75.618,75.618,75.618,75.618,
2016-07-29,76.13,76.13,76.13,76.13,
2016-08-01,73.627,73.627,73.627,73.627,
2016-08-02,73.983,73.983,73.983,73.983,
2016-08-03,74.741,74.741,74.741,74.741,
2016-08-04,74.578,74.578,74.578,74.578,
2016-08-05,74.667,74.667,74.667,74.667,
2016-08-08,75.179,75.179,75.179,75.179,
2016-08-09,75.269,75.269,75.269,75.269,
2016-08-10,74.392,74.392,74.392,74.392,
2016-08-11,75.328,75.328,75.328,75.328,
2016-08-12,75.893,75.893,75.893,75.893,
2016-08-15,76.346,76.346,76.346,76.346,
2016-08-16,76.234,76.234,76.234,76.234,
2016-08-17,76.737,76.737,76.737,76.737,
2016-08-18,77.736,77.736,77.736,77.736,
2016-08-19,76.812,76.812,76.812,76.812,
2016-08-22,76.527,76.527,76.527,76.527,
2016-08-23,76.332,76.332,76.332,76.332,
2016-08-24,76.722,76.722,76.722,76.722,
2016-08-25,76.49,76.49,76.49,76.49,
2016-08-26,76.062,76.062,76.062,76.062,
2016-08-29,76.61,76.61,76.61,76.61,
2016-08-30,76.347,76.347,76.347,76.347,
2016-08-31,75.506,75.506,75.506,75.506,
2016-09-01,75.228,75.228,75.228,75.228,
2016-09-02,75.769,75.769,75.769,75.769,
2016-09-06,76.895,76.895,76.895,76.895,
2016-09-07,77.233,77.233,77.233,77.233,
2016-09-08,78.164,78.164,78.164,78.164,
2016-09-09,76.024,76.024,76.024,76.024,
2016-09-12,76.76,76.76,76.76,76.76,
2016-09-13,74.643,74.643,74.643,74.643,
2016-09-14,73.885,73.885,73.885,73.885,
2016-09-15,74.695,74.695,74.695,74.695,
2016-09-16,73.449,73.449,73.449,73.449,
2016-09-19,73.599,73.599,73.599,73.599,
2016-09-20,73.344,73.344,73.344,73.344,
2016-09-21,74.793,74.793,74.793,74.793,
2016-09-22,75.056,75.056,75.056,75.056,
2016-09-23,74.485,74.485,74.485,74.485,
2016-09-26,74.155,74.155,74.155,74.155,
2016-09-27,74.305,74.305,74.305,74.305,
2016-09-28,76.685,76.685,76.685,76.685,
2016-09-29,76.024,76.024,76.024,76.024,
2016-09-30,77.263,77.263,77.263,77.263,
2016-10-03,76.91,76.91,76.91,76.91,
2016-10-04,76.024,76.024,76.024,76.024,
2016-10-05,76.745,76.745,76.745,76.745,
2016-10-06,76.707,76.707,76.707,76.707,
2016-10-07,76.775,76.775,76.775,76.775,
2016-10-10,78.058,78.058,78.058,78.058,
2016-10-11,77.353,77.353,77.353,77.353,
2016-10-12,76.685,76.685,76.685,76.685,
2016-10-13,75.664,75.664,75.664,75.664,
2016-10-14,75.881,75.881,75.881,75.881,
2016-10-17,76.092,76.092,76.092,76.092,
2016-10-18,76.414,76.414,76.414,76.414,
2016-10-19,76.775,76.775,76.775,76.775,
2016-10-20,76.474,76.474,76.474,76.474,
2016-10-21,76.047,76.047,76.047,76.047,
2016-10-24,75.566,75.566,75.566,75.566,
2016-10-25,75.649,75.649,75.649,75.649,
2016-10-26,75.964,75.964,75.964,75.964,
2016-10-27,75.011,75.011,75.011,75.011,
2016-10-28,77.938,77.938,77.938,77.938,
2016-10-31,78.637,78.637,78.637,78.637,
2016-11-01,79.935,79.935,79.935,79.935,
2016-11-02,79.117,79.117,79.117,79.117,
2016-11-03,79.117,79.117,79.117,79.117,
2016-11-04,78.659,78.659,78.659,78.659,
2016-11-07,80.213,80.213,80.213,80.213,
2016-11-08,80.543,80.543,80.543,80.543,
2016-11-09,80.806,80.806,80.806,80.806,
2016-11-10,80.919,80.919,80.919,80.919,
2016-11-11,80.055,80.055,80.055,80.055,
2016-11-14,80.018,80.018,80.018,80.018,
2016-11-15,81.797,81.797,81.797,81.797,
2016-11-16,82.153,82.153,82.153,82.153,
2016-11-17,81.979,81.979,81.979,81.979,
2016-11-18,82.798,82.798,82.798,82.798,
2016-11-21,83.541,83.541,83.541,83.541,
2016-11-22,83.875,83.875,83.875,83.875,
2016-11-23,84.163,84.163,84.163,84.163,
2016-11-25,84.163,84.163,84.163,84.163,
2016-11-28,83.784,83.784,83.784,83.784,
2016-11-29,82.904,82.904,82.904,82.904,
2016-11-30,84.587,84.587,84.587,84.587,
2016-12-01,85.899,85.899,85.899,85.899,
2016-12-02,85.679,85.679,85.679,85.679,
2016-12-05,85.869,85.869,85.869,85.869,
2016-12-06,85.497,85.497,85.497,85.497,
2016-12-07,86.771,86.771,86.771,86.771,
2016-12-08,87.324,87.324,87.324,87.324,
2016-12-09,87.81,87.81,87.81,87.81,
2016-12-12,88.826,88.826,88.826,88.826,
2016-12-13,89.03,89.03,89.03,89.03,
2016-12-14,87.923,87.923,87.923,87.923,
2016-12-15,88.75,88.75,88.75,88.75,
2016-12-16,89.531,89.531,89.531,89.531,
2016-12-19,89.205,89.205,89.205,89.205,
2016-12-20,89.432,89.432,89.432,89.432,
2016-12-21,89.402,89.402,89.402,89.402,
2016-12-22,90.054,90.054,90.054,90.054,
2016-12-23,89.789,89.789,89.789,89.789,
2016-12-27,89.637,89.637,89.637,89.637,
2016-12-28,89.402,89.402,89.402,89.402,
2016-12-29,89.334,89.334,89.334,89.334,
2016-12-30,89.243,89.243,89.243,89.243,
2017-01-03,89.356,89.356,89.356,89.356,
2017-01-04,89.334,89.334,89.334,89.334,
2017-01-05,88.947,88.947,88.947,88.947,
2017-01-06,88.591,88.591,88.591,88.591,
2017-01-09,87.832,87.832,87.832,87.832,
2017-01-10,87.165,87.165,87.165,87.165,
2017-01-11,87.901,87.901,87.901,87.901,
2017-01-12,88.075,88.075,88.075,88.075,
2017-01-13,88.242,88.242,88.242,88.242,
2017-01-17,88.166,88.166,88.166,88.166,
2017-01-18,87.908,87.908,87.908,87.908,
2017-01-19,87.635,87.635,87.635,87.635,
2017-01-20,87.65,87.65,87.65,87.65,
2017-01-23,87.491,87.491,87.491,87.491,
2017-01-24,88.234,88.234,88.234,88.234,
2017-01-25,88.894,88.894,88.894,88.894,
2017-01-26,88.371,88.371,88.371,88.371,
2017-01-27,86.278,86.278,86.278,86.278,
2017-01-30,84.784,84.784,84.784,84.784,
2017-01-31,84.428,84.428,84.428,84.428,
2017-02-01,84.163,84.163,84.163,84.163,
2017-02-02,85.08,85.08,85.08,85.08,
2017-02-03,86.111,86.111,86.111,86.111,
2017-02-06,85.664,85.664,85.664,85.664,
2017-02-07,84.458,84.458,84.458,84.458,
2017-02-08,84.602,84.602,84.602,84.602,
2017-02-09,85.118,85.118,85.118,85.118,
2017-02-10,85.717,85.717,85.717,85.717,
2017-02-13,86.369,86.369,86.369,86.369,
2017-02-14,86.132,86.132,86.132,86.132,
2017-02-15,86.17,86.17,86.17,86.17,
2017-02-16,84.723,84.723,84.723,84.723,
2017-02-17,84.455,84.455,84.455,84.455,
2017-02-21,85.519,85.519,85.519,85.519,
2017-02-22,84.494,84.494,84.494,84.494,
2017-02-23,84.984,84.984,84.984,84.984,
2017-02-24,84.295,84.295,84.295,84.295,
2017-02-27,85.542,85.542,85.542,85.542,
2017-02-28,86.116,86.116,86.116,86.116,
2017-03-01,87.173,87.173,87.173,87.173,
2017-03-02,86.775,86.775,86.775,86.775,
2017-03-03,86.92,86.92,86.92,86.92,
2017-03-06,86.629,86.629,86.629,86.629,
2017-03-07,85.588,85.588,85.588,85.588,
2017-03-08,83.904,83.904,83.904,83.904,
2017-03-09,84.233,84.233,84.233,84.233,
2017-03-10,84.67,84.67,84.67,84.67,
2017-03-13,83.705,83.705,83.705,83.705,
2017-03-14,82.182,82.182,82.182,82.182,
2017-03-15,83.345,83.345,83.345,83.345,
2017-03-16,82.565,82.565,82.565,82.565,
2017-03-17,82.427,82.427,82.427,82.427,
2017-03-20,82.412,82.412,82.412,82.412,
2017-03-21,82.702,82.702,82.702,82.702,
2017-03-22,82.97,82.97,82.97,82.97,
2017-03-23,82.572,82.572,82.572,82.572,
2017-03-24,82.664,82.664,82.664,82.664,
2017-03-27,81.355,81.355,81.355,81.355,
2017-03-28,82.036,82.036,82.036,82.036,
2017-03-29,82.725,82.725,82.725,82.725,
2017-03-30,82.503,82.503,82.503,82.503,
2017-03-31,82.19,82.19,82.19,82.19,
2017-04-03,82.519,82.519,82.519,82.519,
2017-04-04,83.177,83.177,83.177,83.177,
2017-04-05,83.162,83.162,83.162,83.162,
2017-04-06,83.659,83.659,83.659,83.659,
2017-04-07,83.33,83.33,83.33,83.33,
2017-04-10,83.766,83.766,83.766,83.766,
2017-04-11,83.414,83.414,83.414,83.414,
2017-04-12,83.414,83.414,83.414,83.414,
2017-04-13,81.217,81.217,81.217,81.217,
2017-04-17,81.271,81.271,81.271,81.271,
2017-04-18,80.896,80.896,80.896,80.896,
2017-04-19,79.786,79.786,79.786,79.786,
2017-04-20,80.284,80.284,80.284,80.284,
2017-04-21,80.291,80.291,80.291,80.291,
2017-04-24,81.087,81.087,81.087,81.087,
2017-04-25,81.7,81.7,81.7,81.7,
2017-04-26,81.202,81.202,81.202,81.202,
2017-04-27,80.735,80.735,80.735,80.735,
2017-04-28,81.677,81.677,81.677,81.677,
2017-05-01,81.08,81.08,81.08,81.08,
2017-05-02,80.651,80.651,80.651,80.651,
2017-05-03,81.692,81.692,81.692,81.692,
2017-05-04,80.23,80.23,80.23,80.23,
2017-05-05,80.98,80.98,80.98,80.98,
2017-05-08,81.661,81.661,81.661,81.661,
2017-05-09,80.437,80.437,80.437,80.437,
2017-05-10,81.524,81.524,81.524,81.524,
2017-05-11,81.302,81.302,81.302,81.302,
2017-05-12,81.11,81.11,81.11,81.11,
2017-05-15,81.792,81.792,81.792,81.792,
2017-05-16,82.098,82.098,82.098,82.098,
2017-05-17,80.961,80.961,80.961,80.961,
2017-05-18,81.324,81.324,81.324,81.324,
2017-05-19,82.368,82.368,82.368,82.368,
2017-05-22,82.059,82.059,82.059,82.059,
2017-05-23,82.175,82.175,82.175,82.175,
2017-05-24,82.136,82.136,82.136,82.136,
2017-05-25,81.278,81.278,81.278,81.278,
2017-05-26,80.976,80.976,80.976,80.976,
2017-05-30,80.466,80.466,80.466,80.466,
2017-05-31,80.018,80.018,80.018,80.018,
2017-06-01,80.629,80.629,80.629,80.629,
2017-06-02,79.731,79.731,79.731,79.731,
2017-06-05,79.793,79.793,79.793,79.793,
2017-06-06,80.551,80.551,80.551,80.551,
2017-06-07,80.242,80.242,80.242,80.242,
2017-06-08,80.42,80.42,80.42,80.42,
2017-06-09,82.276,82.276,82.276,82.276,
2017-06-12,83.544,83.544,83.544,83.544,
2017-06-13,83.613,83.613,83.613,83.613,
2017-06-14,82.43,82.43,82.43,82.43,
2017-06-15,82.221,82.221,82.221,82.221,
2017-06-16,83.783,83.783,83.783,83.783,
2017-06-19,83.095,83.095,83.095,83.095,
2017-06-20,82.337,82.337,82.337,82.337,
2017-06-21,80.799,80.799,80.799,80.799,
2017-06-22,80.768,80.768,80.768,80.768,
2017-06-23,81.193,81.193,81.193,81.193,
2017-06-26,80.528,80.528,80.528,80.528,
2017-06-27,80.474,80.474,80.474,80.474,
2017-06-28,80.636,80.636,80.636,80.636,
2017-06-29,80.513,80.513,80.513,80.513,
2017-06-30,80.675,80.675,80.675,80.675,
2017-07-03,82.198,82.198,82.198,82.198,
2017-07-05,80.899,80.899,80.899,80.899,
2017-07-06,80.281,80.281,80.281,80.281,
2017-07-07,80.025,80.025,80.025,80.025,
2017-07-10,79.677,79.677,79.677,79.677,
2017-07-11,79.739,79.739,79.739,79.739,
2017-07-12,80.335,80.335,80.335,80.335,
2017-07-13,80.52,80.52,80.52,80.52,
2017-07-14,80.76,80.76,80.76,80.76,
2017-07-17,80.582,80.582,80.582,80.582,
2017-07-18,80.203,80.203,80.203,80.203,
2017-07-19,80.775,80.775,80.775,80.775,
2017-07-20,80.907,80.907,80.907,80.907,
2017-07-21,79.84,79.84,79.84,79.84,
2017-07-24,79.801,79.801,79.801,79.801,
2017-07-25,80.721,80.721,80.721,80.721,
2017-07-26,81.286,81.286,81.286,81.286,
2017-07-27,82.051,82.051,82.051,82.051,
2017-07-28,83.606,83.606,83.606,83.606,
2017-07-31,84.433,84.433,84.433,84.433,
2017-08-01,85.662,85.662,85.662,85.662,
2017-08-02,85.415,85.415,85.415,85.415,
2017-08-03,84.619,84.619,84.619,84.619,
2017-08-04,85.144,85.144,85.144,85.144,
2017-08-07,84.889,84.889,84.889,84.889,
2017-08-08,85.33,85.33,85.33,85.33,
2017-08-09,85.748,85.748,85.748,85.748,
2017-08-10,85.144,85.144,85.144,85.144,
2017-08-11,84.464,84.464,84.464,84.464,
2017-08-14,84.062,84.062,84.062,84.062,
2017-08-15,83.954,83.954,83.954,83.954,
2017-08-16,83.446,83.446,83.446,83.446,
2017-08-17,82.727,82.727,82.727,82.727,
2017-08-18,83.165,83.165,83.165,83.165,
2017-08-21,82.618,82.618,82.618,82.618,
2017-08-22,83.071,83.071,83.071,83.071,
2017-08-23,83.266,83.266,83.266,83.266,
2017-08-24,83.914,83.914,83.914,83.914,
2017-08-25,84.532,84.532,84.532,84.532,
2017-08-28,84.164,84.164,84.164,84.164,
2017-08-29,84.243,84.243,84.243,84.243,
2017-08-30,84.141,84.141,84.141,84.141,
2017-08-31,84.055,84.055,84.055,84.055,
2017-09-01,84.945,84.945,84.945,84.945,
2017-09-05,85.477,85.477,85.477,85.477,
2017-09-06,87.312,87.312,87.312,87.312,
2017-09-07,87.32,87.32,87.32,87.32,
2017-09-08,86.523,86.523,86.523,86.523,
2017-09-11,87.882,87.882,87.882,87.882,
2017-09-12,87.859,87.859,87.859,87.859,
2017-09-13,89.179,89.179,89.179,89.179,
2017-09-14,89.39,89.39,89.39,89.39,
2017-09-15,89.53,89.53,89.53,89.53,
2017-09-18,89.968,89.968,89.968,89.968,
2017-09-19,90.866,90.866,90.866,90.866,
2017-09-20,90.889,90.889,90.889,90.889,
2017-09-21,90.967,90.967,90.967,90.967,
2017-09-22,91.608,91.608,91.608,91.608,
2017-09-25,92.154,92.154,92.154,92.154,
2017-09-26,91.787,91.787,91.787,91.787,
2017-09-27,91.733,91.733,91.733,91.733,
2017-09-28,91.865,91.865,91.865,91.865,
2017-09-29,91.772,91.772,91.772,91.772,
2017-10-02,91.717,91.717,91.717,91.717,
2017-10-03,92.022,92.022,92.022,92.022,
2017-10-04,91.834,91.834,91.834,91.834,
2017-10-05,92.615,92.615,92.615,92.615,
2017-10-06,91.405,91.405,91.405,91.405,
2017-10-09,91.936,91.936,91.936,91.936,
2017-10-10,92.787,92.787,92.787,92.787,
2017-10-11,93.201,93.201,93.201,93.201,
2017-10-12,93.053,93.053,93.053,93.053,
2017-10-13,93.068,93.068,93.068,93.068,
2017-10-16,93.826,93.826,93.826,93.826,
2017-10-17,93.896,93.896,93.896,93.896,
2017-10-18,92.279,92.279,92.279,92.279,
2017-10-19,92.318,92.318,92.318,92.318,
2017-10-20,92.662,92.662,92.662,92.662,
2017-10-23,92.889,92.889,92.889,92.889,
2017-10-24,93.123,93.123,93.123,93.123,
2017-10-25,92.506,92.506,92.506,92.506,
2017-10-26,92.506,92.506,92.506,92.506,
2017-10-27,88.679,88.679,88.679,88.679,
2017-10-30,89.343,89.343,89.343,89.343,
2017-10-31,90.514,90.514,90.514,90.514,
2017-11-01,90.522,90.522,90.522,90.522,
2017-11-02,90.077,90.077,90.077,90.077,
2017-11-03,89.811,89.811,89.811,89.811,
2017-11-06,91.412,91.412,91.412,91.412,
2017-11-07,91.569,91.569,91.569,91.569,
2017-11-08,91.123,91.123,91.123,91.123,
2017-11-09,91.569,91.569,91.569,91.569,
2017-11-10,91.522,91.522,91.522,91.522,
2017-11-13,91.561,91.561,91.561,91.561,
2017-11-14,91.319,91.319,91.319,91.319,
2017-11-15,90.952,90.952,90.952,90.952,
2017-11-16,90.321,90.321,90.321,90.321,
2017-11-17,90.431,90.431,90.431,90.431,
2017-11-20,90.439,90.439,90.439,90.439,
2017-11-21,90.794,90.794,90.794,90.794,
2017-11-22,91.377,91.377,91.377,91.377,
2017-11-24,91.85,91.85,91.85,91.85,
2017-11-27,91.125,91.125,91.125,91.125,
2017-11-28,91.803,91.803,91.803,91.803,
2017-11-29,92.379,92.379,92.379,92.379,
2017-11-30,93.805,93.805,93.805,93.805,
2017-12-01,94.215,94.215,94.215,94.215,
2017-12-04,95.264,95.264,95.264,95.264,
2017-12-05,94.909,94.909,94.909,94.909,
2017-12-06,94.294,94.294,94.294,94.294,
2017-12-07,94.31,94.31,94.31,94.31,
2017-12-08,94.539,94.539,94.539,94.539,
2017-12-11,94.933,94.933,94.933,94.933,
2017-12-12,94.349,94.349,94.349,94.349,
2017-12-13,94.547,94.547,94.547,94.547,
2017-12-14,94.231,94.231,94.231,94.231,
2017-12-15,94.389,94.389,94.389,94.389,
2017-12-18,94.365,94.365,94.365,94.365,
2017-12-19,94.476,94.476,94.476,94.476,
2017-12-20,95.303,95.303,95.303,95.303,
2017-12-21,98.401,98.401,98.401,98.401,
2017-12-22,98.528,98.528,98.528,98.528,
2017-12-26,99.316,99.316,99.316,99.316,
2017-12-27,98.977,98.977,98.977,98.977,
2017-12-28,99.001,99.001,99.001,99.001,
2017-12-29,98.693,98.693,98.693,98.693,
2018-01-02,100.577,100.577,100.577,100.577,
2018-01-03,101.31,101.31,101.31,101.31,
2018-01-04,100.995,100.995,100.995,100.995,
2018-01-05,100.83,100.83,100.83,100.83,
2018-01-08,101.326,101.326,101.326,101.326,
2018-01-09,100.782,100.782,100.782,100.782,
2018-01-10,101.429,101.429,101.429,101.429,
2018-01-11,104.511,104.511,104.511,104.511,
2018-01-12,105.323,105.323,105.323,105.323,
2018-01-16,104.07,104.07,104.07,104.07,
2018-01-17,104.346,104.346,104.346,104.346,
2018-01-18,103.739,103.739,103.739,103.739,
2018-01-19,103.51,103.51,103.51,103.51,
2018-01-22,104.503,104.503,104.503,104.503,
2018-01-23,103.289,103.289,103.289,103.289,
2018-01-24,103.581,103.581,103.581,103.581,
2018-01-25,102.998,102.998,102.998,102.998,
2018-01-26,103.423,103.423,103.423,103.423,
2018-01-29,101.287,101.287,101.287,101.287,
2018-01-30,98.725,98.725,98.725,98.725,
2018-01-31,98.819,98.819,98.819,98.819,
2018-02-01,98.993,98.993,98.993,98.993,
2018-02-02,93.482,93.482,93.482,93.482,
2018-02-05,88.784,88.784,88.784,88.784,
2018-02-06,92.379,92.379,92.379,92.379,
2018-02-07,90.889,90.889,90.889,90.889,
2018-02-08,88.531,88.531,88.531,88.531,
2018-02-09,89.477,89.477,89.477,89.477,
2018-02-12,89.856,89.856,89.856,89.856,
2018-02-13,89.312,89.312,89.312,89.312,
2018-02-14,89.58,89.58,89.58,89.58,
2018-02-15,89.596,89.596,89.596,89.596,
2018-02-16,89.285,89.285,89.285,89.285,
2018-02-20,88.362,88.362,88.362,88.362,
2018-02-21,86.833,86.833,86.833,86.833,
2018-02-22,87.494,87.494,87.494,87.494,
2018-02-23,89.644,89.644,89.644,89.644,
2018-02-26,91.244,91.244,91.244,91.244,
2018-02-27,90.456,90.456,90.456,90.456,
2018-02-28,89.11,89.11,89.11,89.11,
2018-03-01,89.206,89.206,89.206,89.206,
2018-03-02,88.887,88.887,88.887,88.887,
2018-03-05,90.089,90.089,90.089,90.089,
2018-03-06,90.488,90.488,90.488,90.488,
2018-03-07,90.639,90.639,90.639,90.639,
2018-03-08,90.249,90.249,90.249,90.249,
2018-03-09,93.33,93.33,93.33,93.33,
2018-03-12,92.988,92.988,92.988,92.988,
2018-03-13,92.725,92.725,92.725,92.725,
2018-03-14,91.666,91.666,91.666,91.666,
2018-03-15,92.024,92.024,92.024,92.024,
2018-03-16,91.881,91.881,91.881,91.881,
2018-03-19,90.679,90.679,90.679,90.679,
2018-03-20,91.164,91.164,91.164,91.164,
2018-03-21,93.187,93.187,93.187,93.187,
2018-03-22,90.527,90.527,90.527,90.527,
2018-03-23,89.954,89.954,89.954,89.954,
2018-03-26,91.841,91.841,91.841,91.841,
2018-03-27,91.292,91.292,91.292,91.292,
2018-03-28,89.253,89.253,89.253,89.253,
2018-03-29,90.798,90.798,90.798,90.798,
2018-04-02,89.365,89.365,89.365,89.365,
2018-04-03,91.427,91.427,91.427,91.427,
2018-04-04,91.148,91.148,91.148,91.148,
2018-04-05,93.386,93.386,93.386,93.386,
2018-04-06,91.371,91.371,91.371,91.371,
2018-04-09,92.343,92.343,92.343,92.343,
2018-04-10,94.628,94.628,94.628,94.628,
2018-04-11,94.946,94.946,94.946,94.946,
2018-04-12,94.93,94.93,94.93,94.93,
2018-04-13,95.48,95.48,95.48,95.48,
2018-04-16,96.101,96.101,96.101,96.101,
2018-04-17,96.706,96.706,96.706,96.706,
2018-04-18,98.585,98.585,98.585,98.585,
2018-04-19,98.497,98.497,98.497,98.497,
2018-04-20,97.383,97.383,97.383,97.383,
2018-04-23,98.394,98.394,98.394,98.394,
2018-04-24,97.566,97.566,97.566,97.566,
2018-04-25,97.709,97.709,97.709,97.709,
2018-04-26,98.903,98.903,98.903,98.903,
2018-04-27,100.814,100.814,100.814,100.814,
2018-04-30,99.612,99.612,99.612,99.612,
2018-05-01,99.413,99.413,99.413,99.413,
2018-05-02,99.915,99.915,99.915,99.915,
2018-05-03,100.329,100.329,100.329,100.329,
2018-05-04,99.946,99.946,99.946,99.946,
2018-05-07,99.477,99.477,99.477,99.477,
2018-05-08,100.774,100.774,100.774,100.774,
2018-05-09,102.486,102.486,102.486,102.486,
2018-05-10,102.566,102.566,102.566,102.566,
2018-05-11,103.378,103.378,103.378,103.378,
2018-05-14,103.816,103.816,103.816,103.816,
2018-05-15,103.298,103.298,103.298,103.298,
2018-05-16,103.155,103.155,103.155,103.155,
2018-05-17,103.974,103.974,103.974,103.974,
2018-05-18,102.689,102.689,102.689,102.689,
2018-05-21,103.902,103.902,103.902,103.902,
2018-05-22,102.986,102.986,102.986,102.986,
2018-05-23,103.364,103.364,103.364,103.364,
2018-05-24,101.685,101.685,101.685,101.685,
2018-05-25,98.135,98.135,98.135,98.135,
2018-05-29,97.493,97.493,97.493,97.493,
2018-05-30,100.521,100.521,100.521,100.521,
2018-05-31,99.83,99.83,99.83,99.83,
2018-06-01,99.469,99.469,99.469,99.469,
2018-06-04,98.192,98.192,98.192,98.192,
2018-06-05,98.569,98.569,98.569,98.569,
2018-06-06,99.091,99.091,99.091,99.091,
2018-06-07,101.966,101.966,101.966,101.966,
2018-06-08,101.549,101.549,101.549,101.549,
2018-06-11,102.448,102.448,102.448,102.448,
2018-06-12,102.063,102.063,102.063,102.063,
2018-06-13,102.055,102.055,102.055,102.055,
2018-06-14,101.605,101.605,101.605,101.605,
2018-06-15,99.621,99.621,99.621,99.621,
2018-06-18,101.171,101.171,101.171,101.171,
2018-06-19,100.826,100.826,100.826,100.826,
2018-06-20,100.625,100.625,100.625,100.625,
2018-06-21,98.457,98.457,98.457,98.457,
2018-06-22,100.473,100.473,100.473,100.473,
2018-06-25,98.473,98.473,98.473,98.473,
2018-06-26,99.718,99.718,99.718,99.718,
2018-06-27,101.195,101.195,101.195,101.195,
2018-06-28,100.922,100.922,100.922,100.922,
2018-06-29,101.541,101.541,101.541,101.541,
2018-07-02,99.79,99.79,99.79,99.79,
2018-07-03,100.175,100.175,100.175,100.175,
2018-07-05,99.573,99.573,99.573,99.573,
2018-07-06,99.702,99.702,99.702,99.702,
2018-07-09,101.187,101.187,101.187,101.187,
2018-07-10,102.472,102.472,102.472,102.472,
2018-07-11,99.204,99.204,99.204,99.204,
2018-07-12,99.798,99.798,99.798,99.798,
2018-07-13,99.621,99.621,99.621,99.621,
2018-07-16,98.77,98.77,98.77,98.77,
2018-07-17,97.911,97.911,97.911,97.911,
2018-07-18,97.605,97.605,97.605,97.605,
2018-07-19,97.718,97.718,97.718,97.718,
2018-07-20,98.2,98.2,98.2,98.2,
2018-07-23,97.445,97.445,97.445,97.445,
2018-07-24,99.469,99.469,99.469,99.469,
2018-07-25,100.312,100.312,100.312,100.312,
2018-07-26,99.549,99.549,99.549,99.549,
2018-07-27,101.171,101.171,101.171,101.171,
2018-07-30,102.665,102.665,102.665,102.665,
2018-07-31,101.412,101.412,101.412,101.412,
2018-08-01,100.705,100.705,100.705,100.705,
2018-08-02,99.396,99.396,99.396,99.396,
2018-08-03,99.629,99.629,99.629,99.629,
2018-08-06,99.83,99.83,99.83,99.83,
2018-08-07,100.537,100.537,100.537,100.537,
2018-08-08,99.493,99.493,99.493,99.493,
2018-08-09,98.408,98.408,98.408,98.408,
2018-08-10,99.059,99.059,99.059,99.059,
2018-08-13,98.336,98.336,98.336,98.336,
2018-08-14,98.449,98.449,98.449,98.449,
2018-08-15,94.722,94.722,94.722,94.722,
2018-08-16,95.403,95.403,95.403,95.403,
2018-08-17,95.517,95.517,95.517,95.517,
2018-08-20,95.476,95.476,95.476,95.476,
2018-08-21,95.63,95.63,95.63,95.63,
2018-08-22,96.425,96.425,96.425,96.425,
2018-08-23,95.76,95.76,95.76,95.76,
2018-08-24,96.498,96.498,96.498,96.498,
2018-08-27,97.584,97.584,97.584,97.584,
2018-08-28,97.187,97.187,97.187,97.187,
2018-08-29,97.479,97.479,97.479,97.479,
2018-08-30,97.146,97.146,97.146,97.146,
2018-08-31,96.052,96.052,96.052,96.052,
2018-09-04,96.384,96.384,96.384,96.384,
2018-09-05,96.425,96.425,96.425,96.425,
2018-09-06,93.433,93.433,93.433,93.433,
2018-09-07,92.922,92.922,92.922,92.922,
2018-09-10,92.825,92.825,92.825,92.825,
2018-09-11,93.263,93.263,93.263,93.263,
2018-09-12,93.887,93.887,93.887,93.887,
2018-09-13,94.3,94.3,94.3,94.3,
2018-09-14,95.176,95.176,95.176,95.176,
2018-09-17,95.282,95.282,95.282,95.282,
2018-09-18,95.784,95.784,95.784,95.784,
2018-09-19,96.903,96.903,96.903,96.903,
2018-09-20,96.83,96.83,96.83,96.83,
2018-09-21,98.217,98.217,98.217,98.217,
2018-09-24,99.425,99.425,99.425,99.425,
2018-09-25,100.033,100.033,100.033,100.033,
2018-09-26,98.882,98.882,98.882,98.882,
2018-09-27,99.303,99.303,99.303,99.303,
2018-09-28,99.149,99.149,99.149,99.149,
2018-10-01,100.86,100.86,100.86,100.86,
2018-10-02,101.144,101.144,101.144,101.144,
2018-10-03,101.606,101.606,101.606,101.606,
2018-10-04,101.314,101.314,101.314,101.314,
2018-10-05,101.622,101.622,101.622,101.622,
2018-10-08,101.225,101.225,101.225,101.225,
2018-10-09,102.83,102.83,102.83,102.83,
2018-10-10,99.409,99.409,99.409,99.409,
2018-10-11,96.028,96.028,96.028,96.028,
2018-10-12,95.492,95.492,95.492,95.492,
2018-10-15,94.819,94.819,94.819,94.819,
2018-10-16,95.282,95.282,95.282,95.282,
2018-10-17,95.103,95.103,95.103,95.103,
2018-10-18,95.249,95.249,95.249,95.249,
2018-10-19,95.792,95.792,95.792,95.792,
2018-10-22,95.038,95.038,95.038,95.038,
2018-10-23,91.949,91.949,91.949,91.949,
2018-10-24,89.362,89.362,89.362,89.362,
2018-10-25,90.473,90.473,90.473,90.473,
2018-10-26,90.433,90.433,90.433,90.433,
2018-10-29,88.325,88.325,88.325,88.325,
2018-10-30,89.881,89.881,89.881,89.881,
2018-10-31,90.53,90.53,90.53,90.53,
2018-11-01,90.141,90.141,90.141,90.141,
2018-11-02,93.027,93.027,93.027,93.027,
2018-11-05,96.441,96.441,96.441,96.441,
2018-11-06,96.409,96.409,96.409,96.409,
2018-11-07,98.006,98.006,98.006,98.006,
2018-11-08,96.782,96.782,96.782,96.782,
2018-11-09,96.903,96.903,96.903,96.903,
2018-11-12,95.184,95.184,95.184,95.184,
2018-11-13,93.53,93.53,93.53,93.53,
2018-11-14,93.83,93.83,93.83,93.83,
2018-11-15,95.754,95.754,95.754,95.754,
2018-11-16,97.482,97.482,97.482,97.482,
2018-11-19,97.777,97.777,97.777,97.777,
2018-11-20,95.058,95.058,95.058,95.058,
2018-11-21,96.262,96.262,96.262,96.262,
2018-11-23,93.011,93.011,93.011,93.011,
2018-11-26,94.141,94.141,94.141,94.141,
2018-11-27,94.33,94.33,94.33,94.33,
2018-11-28,96.729,96.729,96.729,96.729,
2018-11-29,97.31,97.31,97.31,97.31,
2018-11-30,97.384,97.384,97.384,97.384,
2018-12-03,98.8,98.8,98.8,98.8,
2018-12-04,95.992,95.992,95.992,95.992,
2018-12-06,94.903,94.903,94.903,94.903,
2018-12-07,94.559,94.559,94.559,94.559,
2018-12-10,94.109,94.109,94.109,94.109,
2018-12-11,94.542,94.542,94.542,94.542,
2018-12-12,94.665,94.665,94.665,94.665,
2018-12-13,94.927,94.927,94.927,94.927,
2018-12-14,93.2,93.2,93.2,93.2,
2018-12-17,92.07,92.07,92.07,92.07,
2018-12-18,89.851,89.851,89.851,89.851,
2018-12-19,88.287,88.287,88.287,88.287,
2018-12-20,85.954,85.954,85.954,85.954,
2018-12-21,85.323,85.323,85.323,85.323,
2018-12-24,82.687,82.687,82.687,82.687,
2018-12-26,87.927,87.927,87.927,87.927,
2018-12-27,89.507,89.507,89.507,89.507,
2018-12-28,88.959,88.959,88.959,88.959,
2018-12-31,89.073,89.073,89.073,89.073,
2019-01-02,90.629,90.629,90.629,90.629,
2019-01-03,88.893,88.893,88.893,88.893,
2019-01-04,90.735,90.735,90.735,90.735,
2019-01-07,91.914,91.914,91.914,91.914,
2019-01-08,91.513,91.513,91.513,91.513,
2019-01-09,92.741,92.741,92.741,92.741,
2019-01-10,92.889,92.889,92.889,92.889,
2019-01-11,92.144,92.144,92.144,92.144,
2019-01-14,91.472,91.472,91.472,91.472,
2019-01-15,91.8,91.8,91.8,91.8,
2019-01-16,91.21,91.21,91.21,91.21,
2019-01-17,91.669,91.669,91.669,91.669,
2019-01-18,93.642,93.642,93.642,93.642,
2019-01-22,91.98,91.98,91.98,91.98,
2019-01-23,91.202,91.202,91.202,91.202,
2019-01-24,92.938,92.938,92.938,92.938,
2019-01-25,92.7,92.7,92.7,92.7,
2019-01-28,91.841,91.841,91.841,91.841,
2019-01-29,91.562,91.562,91.562,91.562,
2019-01-30,92.528,92.528,92.528,92.528,
2019-01-31,93.871,93.871,93.871,93.871,
2019-02-01,96.917,96.917,96.917,96.917,
2019-02-04,98.039,98.039,98.039,98.039,
2019-02-05,97.826,97.826,97.826,97.826,
2019-02-06,97.334,97.334,97.334,97.334,
2019-02-07,96.802,96.802,96.802,96.802,
2019-02-08,96.27,96.27,96.27,96.27,
2019-02-11,95.754,95.754,95.754,95.754,
2019-02-12,97.203,97.203,97.203,97.203,
2019-02-13,97.899,97.899,97.899,97.899,
2019-02-14,97.717,97.717,97.717,97.717,
2019-02-15,98.702,98.702,98.702,98.702,
2019-02-19,98.669,98.669,98.669,98.669,
2019-02-20,99.471,99.471,99.471,99.471,
2019-02-21,98.528,98.528,98.528,98.528,
2019-02-22,98.735,98.735,98.735,98.735,
2019-02-25,98.925,98.925,98.925,98.925,
2019-02-26,99.19,99.19,99.19,99.19,
2019-02-27,99.305,99.305,99.305,99.305,
2019-02-28,98.892,98.892,98.892,98.892,
2019-03-01,100.918,100.918,100.918,100.918,
2019-03-04,100.992,100.992,100.992,100.992,
2019-03-05,101.96,101.96,101.96,101.96,
2019-03-06,102.158,102.158,102.158,102.158,
2019-03-07,100.843,100.843,100.843,100.843,
2019-03-08,100.579,100.579,100.579,100.579,
2019-03-11,102.233,102.233,102.233,102.233,
2019-03-12,102.464,102.464,102.464,102.464,
2019-03-13,103.101,103.101,103.101,103.101,
2019-03-14,103.043,103.043,103.043,103.043,
2019-03-15,103.63,103.63,103.63,103.63,
2019-03-18,104.102,104.102,104.102,104.102,
2019-03-19,103.606,103.606,103.606,103.606,
2019-03-20,103.118,103.118,103.118,103.118,
2019-03-21,104.085,104.085,104.085,104.085,
2019-03-22,101.795,101.795,101.795,101.795,
2019-03-25,101.629,101.629,101.629,101.629,
2019-03-26,102.655,102.655,102.655,102.655,
2019-03-27,101.546,101.546,101.546,101.546,
2019-03-28,101.737,101.737,101.737,101.737,
2019-03-29,101.869,101.869,101.869,101.869,
2019-04-01,103.324,103.324,103.324,103.324,
2019-04-02,103.316,103.316,103.316,103.316,
2019-04-03,102.456,102.456,102.456,102.456,
2019-04-04,103.209,103.209,103.209,103.209,
2019-04-05,104.548,104.548,104.548,104.548,
2019-04-08,104.763,104.763,104.763,104.763,
2019-04-09,103.821,103.821,103.821,103.821,
2019-04-10,103.779,103.779,103.779,103.779,
2019-04-11,104.193,104.193,104.193,104.193,
2019-04-12,99.041,99.041,99.041,99.041,
2019-04-15,99.355,99.355,99.355,99.355,
2019-04-16,100.207,100.207,100.207,100.207,
2019-04-17,99.462,99.462,99.462,99.462,
2019-04-18,99.123,99.123,99.123,99.123,
2019-04-22,100.81,100.81,100.81,100.81,
2019-04-23,100.91,100.91,100.91,100.91,
2019-04-24,97.817,97.817,97.817,97.817,
2019-04-25,97.502,97.502,97.502,97.502,
2019-04-26,96.841,96.841,96.841,96.841,
2019-04-29,97.354,97.354,97.354,97.354,
2019-04-30,99.289,99.289,99.289,99.289,
2019-05-01,97.428,97.428,97.428,97.428,
2019-05-02,96.245,96.245,96.245,96.245,
2019-05-03,96.981,96.981,96.981,96.981,
2019-05-06,97.916,97.916,97.916,97.916,
2019-05-07,97.808,97.808,97.808,97.808,
2019-05-08,97.172,97.172,97.172,97.172,
2019-05-09,100.223,100.223,100.223,100.223,
2019-05-10,100.885,100.885,100.885,100.885,
2019-05-13,99.603,99.603,99.603,99.603,
2019-05-14,100.595,100.595,100.595,100.595,
2019-05-15,101.009,101.009,101.009,101.009,
2019-05-16,100.884,100.884,100.884,100.884,
2019-05-17,100.65,100.65,100.65,100.65,
2019-05-20,100.917,100.917,100.917,100.917,
2019-05-21,101.335,101.335,101.335,101.335,
2019-05-22,100.692,100.692,100.692,100.692,
2019-05-23,98.437,98.437,98.437,98.437,
2019-05-24,99.138,99.138,99.138,99.138,
2019-05-28,98.804,98.804,98.804,98.804,
2019-05-29,97.518,97.518,97.518,97.518,
2019-05-30,96.357,96.357,96.357,96.357,
2019-05-31,95.079,95.079,95.079,95.079,
2019-06-03,96.867,96.867,96.867,96.867,
2019-06-04,97.961,97.961,97.961,97.961,
2019-06-05,98.253,98.253,98.253,98.253,
2019-06-06,100.783,100.783,100.783,100.783,
2019-06-07,101.452,101.452,101.452,101.452,
2019-06-10,102.128,102.128,102.128,102.128,
2019-06-11,101.193,101.193,101.193,101.193,
2019-06-12,100.374,100.374,100.374,100.374,
2019-06-13,100.975,100.975,100.975,100.975,
2019-06-14,100.892,100.892,100.892,100.892,
2019-06-17,101.376,101.376,101.376,101.376,
2019-06-18,102.662,102.662,102.662,102.662,
2019-06-19,102.629,102.629,102.629,102.629,
2019-06-20,103.79,103.79,103.79,103.79,
2019-06-21,104.333,104.333,104.333,104.333,
2019-06-24,104.316,104.316,104.316,104.316,
2019-06-25,103.255,103.255,103.255,103.255,
2019-06-26,103.498,103.498,103.498,103.498,
2019-06-27,102.813,102.813,102.813,102.813,
2019-06-28,103.923,103.923,103.923,103.923,
2019-07-01,104.258,104.258,104.258,104.258,
2019-07-02,102.662,102.662,102.662,102.662,
2019-07-03,103.013,103.013,103.013,103.013,
2019-07-05,103.172,103.172,103.172,103.172,
2019-07-08,103.222,103.222,103.222,103.222,
2019-07-09,103.013,103.013,103.013,103.013,
2019-07-10,104.759,104.759,104.759,104.759,
2019-07-11,104.75,104.75,104.75,104.75,
2019-07-12,105.21,105.21,105.21,105.21,
2019-07-15,104.992,104.992,104.992,104.992,
2019-07-16,104.191,104.191,104.191,104.191,
2019-07-17,103.673,103.673,103.673,103.673,
2019-07-18,104.124,104.124,104.124,104.124,
2019-07-19,104.425,104.425,104.425,104.425,
2019-07-22,104.65,104.65,104.65,104.65,
2019-07-23,105.076,105.076,105.076,105.076,
2019-07-24,105.677,105.677,105.677,105.677,
2019-07-25,104.917,104.917,104.917,104.917,
2019-07-26,103.322,103.322,103.322,103.322,
2019-07-29,103.748,103.748,103.748,103.748,
2019-07-30,103.84,103.84,103.84,103.84,
2019-07-31,102.813,102.813,102.813,102.813,
2019-08-01,100.834,100.834,100.834,100.834,
2019-08-02,100.825,100.825,100.825,100.825,
2019-08-05,99.163,99.163,99.163,99.163,
2019-08-06,99.698,99.698,99.698,99.698,
2019-08-07,99.464,99.464,99.464,99.464,
2019-08-08,102.913,102.913,102.913,102.913,
2019-08-09,102.237,102.237,102.237,102.237,
2019-08-12,101.51,101.51,101.51,101.51,
2019-08-13,102.212,102.212,102.212,102.212,
2019-08-14,98.328,98.328,98.328,98.328,
2019-08-15,97.668,97.668,97.668,97.668,
2019-08-16,97.711,97.711,97.711,97.711,
2019-08-19,98.976,98.976,98.976,98.976,
2019-08-20,97.981,97.981,97.981,97.981,
2019-08-21,99.457,99.457,99.457,99.457,
2019-08-22,99.33,99.33,99.33,99.33,
2019-08-23,97.179,97.179,97.179,97.179,
2019-08-26,97.652,97.652,97.652,97.652,
2019-08-27,97.727,97.727,97.727,97.727,
2019-08-28,98.571,98.571,98.571,98.571,
2019-08-29,99.153,99.153,99.153,99.153,
2019-08-30,99.322,99.322,99.322,99.322,
2019-09-03,98.099,98.099,98.099,98.099,
2019-09-04,98.926,98.926,98.926,98.926,
2019-09-05,99.255,99.255,99.255,99.255,
2019-09-06,99.778,99.778,99.778,99.778,
2019-09-09,100.731,100.731,100.731,100.731,
2019-09-10,102.807,102.807,102.807,102.807,
2019-09-11,102.326,102.326,102.326,102.326,
2019-09-12,102.444,102.444,102.444,102.444,
2019-09-13,102.511,102.511,102.511,102.511,
2019-09-16,104.722,104.722,104.722,104.722,
2019-09-17,104.528,104.528,104.528,104.528,
2019-09-18,104.772,104.772,104.772,104.772,
2019-09-19,104.334,104.334,104.334,104.334,
2019-09-20,104.891,104.891,104.891,104.891,
2019-09-23,105.38,105.38,105.38,105.38,
2019-09-24,104.401,104.401,104.401,104.401,
2019-09-25,104.207,104.207,104.207,104.207,
2019-09-26,101.381,101.381,101.381,101.381,
2019-09-27,100.065,100.065,100.065,100.065,
2019-09-30,100.065,100.065,100.065,100.065,
2019-10-01,97.879,97.879,97.879,97.879,
2019-10-02,94.741,94.741,94.741,94.741,
2019-10-03,95.466,95.466,95.466,95.466,
2019-10-04,96.057,96.057,96.057,96.057,
2019-10-07,95.559,95.559,95.559,95.559,
2019-10-08,94.251,94.251,94.251,94.251,
2019-10-09,95.458,95.458,95.458,95.458,
2019-10-10,96.681,96.681,96.681,96.681,
2019-10-11,97.997,97.997,97.997,97.997,
2019-10-14,98.023,98.023,98.023,98.023,
2019-10-15,98.132,98.132,98.132,98.132,
2019-10-16,97.12,97.12,97.12,97.12,
2019-10-17,97.322,97.322,97.322,97.322,
2019-10-18,96.808,96.808,96.808,96.808,
2019-10-21,98.386,98.386,98.386,98.386,
2019-10-22,99.39,99.39,99.39,99.39,
2019-10-23,99.541,99.541,99.541,99.541,
2019-10-24,99.204,99.204,99.204,99.204,
2019-10-25,100.124,100.124,100.124,100.124,
2019-10-28,99.963,99.963,99.963,99.963,
2019-10-29,99.668,99.668,99.668,99.668,
2019-10-30,98.175,98.175,98.175,98.175,
2019-10-31,97.989,97.989,97.989,97.989,
2019-11-01,98.048,98.048,98.048,98.048,
2019-11-04,102.57,102.57,102.57,102.57,
2019-11-05,102.883,102.883,102.883,102.883,
2019-11-06,101.161,101.161,101.161,101.161,
2019-11-07,102.84,102.84,102.84,102.84,
2019-11-08,102.03,102.03,102.03,102.03,
2019-11-11,101.929,101.929,101.929,101.929,
2019-11-12,102.056,102.056,102.056,102.056,
2019-11-13,103.169,103.169,103.169,103.169,
2019-11-14,102.899,102.899,102.899,102.899,
2019-11-15,102.789,102.789,102.789,102.789,
2019-11-18,101.008,101.008,101.008,101.008,
2019-11-19,99.219,99.219,99.219,99.219,
2019-11-20,99.977,99.977,99.977,99.977,
2019-11-21,101.195,101.195,101.195,101.195,
2019-11-22,101.076,101.076,101.076,101.076,
2019-11-25,100.863,100.863,100.863,100.863,
2019-11-26,100.36,100.36,100.36,100.36,
2019-11-27,100.599,100.599,100.599,100.599,
2019-11-29,99.798,99.798,99.798,99.798,
2019-12-02,99.517,99.517,99.517,99.517,
2019-12-03,98.742,98.742,98.742,98.742,
2019-12-04,99.636,99.636,99.636,99.636,
2019-12-05,99.116,99.116,99.116,99.116,
2019-12-06,100.548,100.548,100.548,100.548,
2019-12-09,99.943,99.943,99.943,99.943,
2019-12-10,100.446,100.446,100.446,100.446,
2019-12-11,99.031,99.031,99.031,99.031,
2019-12-12,101.229,101.229,101.229,101.229,
2019-12-13,100.505,100.505,100.505,100.505,
2019-12-16,101.698,101.698,101.698,101.698,
2019-12-17,101.05,101.05,101.05,101.05,
2019-12-18,101.008,101.008,101.008,101.008,
2019-12-19,100.65,100.65,100.65,100.65,
2019-12-20,101.971,101.971,101.971,101.971,
2019-12-23,102.525,102.525,102.525,102.525,
2019-12-24,102.533,102.533,102.533,102.533,
2019-12-26,102.755,102.755,102.755,102.755,
2019-12-27,102.499,102.499,102.499,102.499,
2019-12-30,102.116,102.116,102.116,102.116,
2019-12-31,102.678,102.678,102.678,102.678,
2020-01-02,103.462,103.462,103.462,103.462,
2020-01-03,103.104,103.104,103.104,103.104,
2020-01-06,102.755,102.755,102.755,102.755,
2020-01-07,101.442,101.442,101.442,101.442,
2020-01-08,100.284,100.284,100.284,100.284,
2020-01-09,100.122,100.122,100.122,100.122,
2020-01-10,99.21,99.21,99.21,99.21,
2020-01-13,99.398,99.398,99.398,99.398,
2020-01-14,99.091,99.091,99.091,99.091,
2020-01-15,98.946,98.946,98.946,98.946,
2020-01-16,99.594,99.594,99.594,99.594,
2020-01-17,98.477,98.477,98.477,98.477,
2020-01-21,96.543,96.543,96.543,96.543,
2020-01-22,96.194,96.194,96.194,96.194,
2020-01-23,96.364,96.364,96.364,96.364,
2020-01-24,95.299,95.299,95.299,95.299,
2020-01-27,94.055,94.055,94.055,94.055,
2020-01-28,94.677,94.677,94.677,94.677,
2020-01-29,94.038,94.038,94.038,94.038,
2020-01-30,94.916,94.916,94.916,94.916,
2020-01-31,91.286,91.286,91.286,91.286,
2020-02-03,90.554,90.554,90.554,90.554,
2020-02-04,91.039,91.039,91.039,91.039,
2020-02-05,93.962,93.962,93.962,93.962,
2020-02-06,93.289,93.289,93.289,93.289,
2020-02-07,92.82,92.82,92.82,92.82,
2020-02-10,93.544,93.544,93.544,93.544,
2020-02-11,94.754,94.754,94.754,94.754,
2020-02-12,95.461,95.461,95.461,95.461,
2020-02-13,95.137,95.137,95.137,95.137,
2020-02-14,94.887,94.887,94.887,94.887,
2020-02-18,95.025,95.025,95.025,95.025,
2020-02-19,95.456,95.456,95.456,95.456,
2020-02-20,94.655,94.655,94.655,94.655,
2020-02-21,93.965,93.965,93.965,93.965,
2020-02-24,90.259,90.259,90.259,90.259,
2020-02-25,86.811,86.811,86.811,86.811,
2020-02-26,84.509,84.509,84.509,84.509,
2020-02-27,81.139,81.139,81.139,81.139,
2020-02-28,80.458,80.458,80.458,80.458,
2020-03-02,83.259,83.259,83.259,83.259,
2020-03-03,81.363,81.363,81.363,81.363,
2020-03-04,84.932,84.932,84.932,84.932,
2020-03-05,83.776,83.776,83.776,83.776,
2020-03-06,82.165,82.165,82.165,82.165,
2020-03-09,69.536,69.536,69.536,69.536,
2020-03-10,73.252,73.252,73.252,73.252,
2020-03-11,71.571,71.571,71.571,71.571,
2020-03-12,65.735,65.735,65.735,65.735,
2020-03-13,71.907,71.907,71.907,71.907,
2020-03-16,60.08,60.08,60.08,60.08,
2020-03-17,60.934,60.934,60.934,60.934,
2020-03-18,47.452,47.452,47.452,47.452,
2020-03-19,49.469,49.469,49.469,49.469,
2020-03-20,51.193,51.193,51.193,51.193,
2020-03-23,46.737,46.737,46.737,46.737,
2020-03-24,57.365,57.365,57.365,57.365,
2020-03-25,59.71,59.71,59.71,59.71,
2020-03-26,65.839,65.839,65.839,65.839,
2020-03-27,59.287,59.287,59.287,59.287,
2020-03-30,62.02,62.02,62.02,62.02,
2020-03-31,62.46,62.46,62.46,62.46,
2020-04-01,59.098,59.098,59.098,59.098,
2020-04-02,65.614,65.614,65.614,65.614,
2020-04-03,64.744,64.744,64.744,64.744,
2020-04-06,69.295,69.295,69.295,69.295,
2020-04-07,69.752,69.752,69.752,69.752,
2020-04-08,74.114,74.114,74.114,74.114,
2020-04-09,72.674,72.674,72.674,72.674,
2020-04-13,73.191,73.191,73.191,73.191,
2020-04-14,72.933,72.933,72.933,72.933,
2020-04-15,71.105,71.105,71.105,71.105,
2020-04-16,68.95,68.95,68.95,68.95,
2020-04-17,75.139,75.139,75.139,75.139,
2020-04-20,72.036,72.036,72.036,72.036,
2020-04-21,70.373,70.373,70.373,70.373,
2020-04-22,72.786,72.786,72.786,72.786,
2020-04-23,74.82,74.82,74.82,74.82,
2020-04-24,75.001,75.001,75.001,75.001,
2020-04-27,77.329,77.329,77.329,77.329,
2020-04-28,77.501,77.501,77.501,77.501,
2020-04-29,81.561,81.561,81.561,81.561,
2020-04-30,79.303,79.303,79.303,79.303,
2020-05-01,77.096,77.096,77.096,77.096,
2020-05-04,78.82,78.82,78.82,78.82,
2020-05-05,80.07,80.07,80.07,80.07,
2020-05-06,77.622,77.622,77.622,77.622,
2020-05-07,79.854,79.854,79.854,79.854,
2020-05-08,82.294,82.294,82.294,82.294,
2020-05-11,80.484,80.484,80.484,80.484,
2020-05-12,78.527,78.527,78.527,78.527,
2020-05-13,76.458,76.458,76.458,76.458,
2020-05-14,77.622,77.622,77.622,77.622,
2020-05-15,76.855,76.855,76.855,76.855,
2020-05-18,80.948,80.948,80.948,80.948,
2020-05-19,78.385,78.385,78.385,78.385,
2020-05-20,81.342,81.342,81.342,81.342,
2020-05-21,80.502,80.502,80.502,80.502,
2020-05-22,78.963,78.963,78.963,78.963,
2020-05-26,81.604,81.604,81.604,81.604,
2020-05-27,82.129,82.129,82.129,82.129,
2020-05-28,79.479,79.479,79.479,79.479,
2020-05-29,80.205,80.205,80.205,80.205,
2020-06-01,81.158,81.158,81.158,81.158,
2020-06-02,82.82,82.82,82.82,82.82,
2020-06-03,84.998,84.998,84.998,84.998,
2020-06-04,84.21,84.21,84.21,84.21,
2020-06-05,88.173,88.173,88.173,88.173,
2020-06-08,90.298,90.298,90.298,90.298,
2020-06-09,88.802,88.802,88.802,88.802,
2020-06-10,85.347,85.347,85.347,85.347,
2020-06-11,78.167,78.167,78.167,78.167,
2020-06-12,80.808,80.808,80.808,80.808,
2020-06-15,79.793,79.793,79.793,79.793,
2020-06-16,82.242,82.242,82.242,82.242,
2020-06-17,80.065,80.065,80.065,80.065,
2020-06-18,80.414,80.414,80.414,80.414,
2020-06-19,79.269,79.269,79.269,79.269,
2020-06-22,80.108,80.108,80.108,80.108,
2020-06-23,79.977,79.977,79.977,79.977,
2020-06-24,76.654,76.654,76.654,76.654,
2020-06-25,78.027,78.027,78.027,78.027,
2020-06-26,75.621,75.621,75.621,75.621,
2020-06-29,76.68,76.68,76.68,76.68,
2020-06-30,78.044,78.044,78.044,78.044,
2020-07-01,76.636,76.636,76.636,76.636,
2020-07-02,77.24,77.24,77.24,77.24,
2020-07-06,77.467,77.467,77.467,77.467,
2020-07-07,75.49,75.49,75.49,75.49,
2020-07-08,75.525,75.525,75.525,75.525,
2020-07-09,72.368,72.368,72.368,72.368,
2020-07-10,74.546,74.546,74.546,74.546,
2020-07-13,74.694,74.694,74.694,74.694,
2020-07-14,77.275,77.275,77.275,77.275,
2020-07-15,77.747,77.747,77.747,77.747,
2020-07-16,77.283,77.283,77.283,77.283,
2020-07-17,76.26,76.26,76.26,76.26,
2020-07-20,74.581,74.581,74.581,74.581,
2020-07-21,79.933,79.933,79.933,79.933,
2020-07-22,79.627,79.627,79.627,79.627,
2020-07-23,79.601,79.601,79.601,79.601,
2020-07-24,78.831,78.831,78.831,78.831,
2020-07-27,79.627,79.627,79.627,79.627,
2020-07-28,77.939,77.939,77.939,77.939,
2020-07-29,78.779,78.779,78.779,78.779,
2020-07-30,75.455,75.455,75.455,75.455,
2020-07-31,73.417,73.417,73.417,73.417,
2020-08-03,74.178,74.178,74.178,74.178,
2020-08-04,75.648,75.648,75.648,75.648,
2020-08-05,76.269,76.269,76.269,76.269,
2020-08-06,76.505,76.505,76.505,76.505,
2020-08-07,75.919,75.919,75.919,75.919,
2020-08-10,78.482,78.482,78.482,78.482,
2020-08-11,78.385,78.385,78.385,78.385,
2020-08-12,79.347,79.347,79.347,79.347,
2020-08-13,78.56,78.56,78.56,78.56,
2020-08-14,79.024,79.024,79.024,79.024,
2020-08-17,79.391,79.391,79.391,79.391,
2020-08-18,77.75,77.75,77.75,77.75,
2020-08-19,76.65,76.65,76.65,76.65,
2020-08-20,75.248,75.248,75.248,75.248,
2020-08-21,75.487,75.487,75.487,75.487,
2020-08-24,77.368,77.368,77.368,77.368,
2020-08-25,76.419,76.419,76.419,76.419,
2020-08-26,75.221,75.221,75.221,75.221,
2020-08-27,75.336,75.336,75.336,75.336,
2020-08-28,75.975,75.975,75.975,75.975,
2020-08-31,74.467,74.467,74.467,74.467,
2020-09-01,73.713,73.713,73.713,73.713,
2020-09-02,73.81,73.81,73.81,73.81,
2020-09-03,73.003,73.003,73.003,73.003,
2020-09-04,72.692,72.692,72.692,72.692,
2020-09-08,70.066,70.066,70.066,70.066,
2020-09-09,71.007,71.007,71.007,71.007,
2020-09-10,69.339,69.339,69.339,69.339,
2020-09-11,68.93,68.93,68.93,68.93,
2020-09-14,68.576,68.576,68.576,68.576,
2020-09-15,67.742,67.742,67.742,67.742,
2020-09-16,69.702,69.702,69.702,69.702,
2020-09-17,69.906,69.906,69.906,69.906,
2020-09-18,69.392,69.392,69.392,69.392,
2020-09-21,67.697,67.697,67.697,67.697,
2020-09-22,67.014,67.014,67.014,67.014,
2020-09-23,63.838,63.838,63.838,63.838,
2020-09-24,63.705,63.705,63.705,63.705,
2020-09-25,63.731,63.731,63.731,63.731,
2020-09-28,65.594,65.594,65.594,65.594,
2020-09-29,63.793,63.793,63.793,63.793,
2020-09-30,63.882,63.882,63.882,63.882,
2020-10-01,62.48,62.48,62.48,62.48,
2020-10-02,63.163,63.163,63.163,63.163,
2020-10-05,64.503,64.503,64.503,64.503,
2020-10-06,64.148,64.148,64.148,64.148,
2020-10-07,65.461,65.461,65.461,65.461,
2020-10-08,66.739,66.739,66.739,66.739,
2020-10-09,65.657,65.657,65.657,65.657,
2020-10-12,66.109,66.109,66.109,66.109,
2020-10-13,65.124,65.124,65.124,65.124,
2020-10-14,64.725,64.725,64.725,64.725,
2020-10-15,65.222,65.222,65.222,65.222,
2020-10-16,64.672,64.672,64.672,64.672,
2020-10-19,63.243,63.243,63.243,63.243,
2020-10-20,63.598,63.598,63.598,63.598,
2020-10-21,62.879,62.879,62.879,62.879,
2020-10-22,65.124,65.124,65.124,65.124,
2020-10-23,64.388,64.388,64.388,64.388,
2020-10-26,62.942,62.942,62.942,62.942,
2020-10-27,61.673,61.673,61.673,61.673,
2020-10-28,59.339,59.339,59.339,59.339,
2020-10-29,61.043,61.043,61.043,61.043,
2020-10-30,61.664,61.664,61.664,61.664,
2020-11-02,64.015,64.015,64.015,64.015,
2020-11-03,63.651,63.651,63.651,63.651,
2020-11-04,63.678,63.678,63.678,63.678,
2020-11-05,64.006,64.006,64.006,64.006,
2020-11-06,63.128,63.128,63.128,63.128,
2020-11-09,70.448,70.448,70.448,70.448,
2020-11-10,73.704,73.704,73.704,73.704,
2020-11-11,73.163,73.163,73.163,73.163,
2020-11-12,71.574,71.574,71.574,71.574,
2020-11-13,73.668,73.668,73.668,73.668,
2020-11-16,78.93,78.93,78.93,78.93,
2020-11-17,78.363,78.363,78.363,78.363,
2020-11-18,75.878,75.878,75.878,75.878,
2020-11-19,77.183,77.183,77.183,77.183,
2020-11-20,77.237,77.237,77.237,77.237,
2020-11-23,81.955,81.955,81.955,81.955,
2020-11-24,86.087,86.087,86.087,86.087,
2020-11-25,82.954,82.954,82.954,82.954,
2020-11-27,82.207,82.207,82.207,82.207,
2020-11-30,78.489,78.489,78.489,78.489,
2020-12-01,78.732,78.732,78.732,78.732,
2020-12-02,80.91,80.91,80.91,80.91,
2020-12-03,80.847,80.847,80.847,80.847,
2020-12-04,83.98,83.98,83.98,83.98,
2020-12-07,81.712,81.712,81.712,81.712,
2020-12-08,82.414,82.414,82.414,82.414,
2020-12-09,81.424,81.424,81.424,81.424,
2020-12-10,84.044,84.044,84.044,84.044,
2020-12-11,83.233,83.233,83.233,83.233,
2020-12-14,80.523,80.523,80.523,80.523,
2020-12-15,80.46,80.46,80.46,80.46,
2020-12-16,79.848,79.848,79.848,79.848,
2020-12-17,79.596,79.596,79.596,79.596,
2020-12-18,78.498,78.498,78.498,78.498,
2020-12-21,77.507,77.507,77.507,77.507,
2020-12-22,75.95,75.95,75.95,75.95,
2020-12-23,77.147,77.147,77.147,77.147,
2020-12-24,76.823,76.823,76.823,76.823,
2020-12-28,76.436,76.436,76.436,76.436,
2020-12-29,76.175,76.175,76.175,76.175,
2020-12-30,76.823,76.823,76.823,76.823,
2020-12-31,76.031,76.031,76.031,76.031,
2021-01-04,76.265,76.265,76.265,76.265,
2021-01-05,78.327,78.327,78.327,78.327,
2021-01-06,80.847,80.847,80.847,80.847,
2021-01-07,81.226,81.226,81.226,81.226,
2021-01-08,82.0,82.0,82.0,82.0,
2021-01-11,82.468,82.468,82.468,82.468,
2021-01-12,84.035,84.035,84.035,84.035,
2021-01-13,83.954,83.954,83.954,83.954,
2021-01-14,85.97,85.97,85.97,85.97,
2021-01-15,82.909,82.909,82.909,82.909,
2021-01-19,85.088,85.088,85.088,85.088,
2021-01-20,85.871,85.871,85.871,85.871,
2021-01-21,82.837,82.837,82.837,82.837,
2021-01-22,82.585,82.585,82.585,82.585,
2021-01-25,81.838,81.838,81.838,81.838,
2021-01-26,80.451,80.451,80.451,80.451,
2021-01-27,79.407,79.407,79.407,79.407,
2021-01-28,80.145,80.145,80.145,80.145,
2021-01-29,76.706,76.706,76.706,76.706,
2021-02-01,77.795,77.795,77.795,77.795,
2021-02-02,78.381,78.381,78.381,78.381,
2021-02-03,80.091,80.091,80.091,80.091,
2021-02-04,80.127,80.127,80.127,80.127,
2021-02-05,80.361,80.361,80.361,80.361,
2021-02-08,82.36,82.36,82.36,82.36,
2021-02-09,81.892,81.892,81.892,81.892,
2021-02-10,83.296,83.296,83.296,83.296,
2021-02-11,82.846,82.846,82.846,82.846,
2021-02-12,83.323,83.323,83.323,83.323,
2021-02-16,85.031,85.031,85.031,85.031,
2021-02-17,87.578,87.578,87.578,87.578,
2021-02-18,86.738,86.738,86.738,86.738,
2021-02-19,87.468,87.468,87.468,87.468,
2021-02-22,89.833,89.833,89.833,89.833,
2021-02-23,90.965,90.965,90.965,90.965,
2021-02-24,94.325,94.325,94.325,94.325,
2021-02-25,93.449,93.449,93.449,93.449,
2021-02-26,91.303,91.303,91.303,91.303,
2021-03-01,93.175,93.175,93.175,93.175,
2021-03-02,93.531,93.531,93.531,93.531,
2021-03-03,94.581,94.581,94.581,94.581,
2021-03-04,95.412,95.412,95.412,95.412,
2021-03-05,99.52,99.52,99.52,99.52,
2021-03-08,100.205,100.205,100.205,100.205,
2021-03-09,99.977,99.977,99.977,99.977,
2021-03-10,101.684,101.684,101.684,101.684,
2021-03-11,101.52,101.52,101.52,101.52,
2021-03-12,101.858,101.858,101.858,101.858,
2021-03-15,100.662,100.662,100.662,100.662,
2021-03-16,98.279,98.279,98.279,98.279,
2021-03-17,98.635,98.635,98.635,98.635,
2021-03-18,95.065,95.065,95.065,95.065,
2021-03-19,94.389,94.389,94.389,94.389,
2021-03-22,93.622,93.622,93.622,93.622,
2021-03-23,93.102,93.102,93.102,93.102,
2021-03-24,95.594,95.594,95.594,95.594,
2021-03-25,95.932,95.932,95.932,95.932,
2021-03-26,98.133,98.133,98.133,98.133,
2021-03-29,97.621,97.621,97.621,97.621,
2021-03-30,96.717,96.717,96.717,96.717,
2021-03-31,95.677,95.677,95.677,95.677,
2021-04-01,96.553,96.553,96.553,96.553,
2021-04-05,95.421,95.421,95.421,95.421,
2021-04-06,94.572,94.572,94.572,94.572,
2021-04-07,95.129,95.129,95.129,95.129,
2021-04-08,94.061,94.061,94.061,94.061,
2021-04-09,93.969,93.969,93.969,93.969,
2021-04-12,92.928,92.928,92.928,92.928,
2021-04-13,93.348,93.348,93.348,93.348,
2021-04-14,95.202,95.202,95.202,95.202,
2021-04-15,94.426,94.426,94.426,94.426,
2021-04-16,94.006,94.006,94.006,94.006,
2021-04-19,94.28,94.28,94.28,94.28,
2021-04-20,92.518,92.518,92.518,92.518,
2021-04-21,93.796,93.796,93.796,93.796,
2021-04-22,92.171,92.171,92.171,92.171,
2021-04-23,92.718,92.718,92.718,92.718,
2021-04-26,92.691,92.691,92.691,92.691,
2021-04-27,93.768,93.768,93.768,93.768,
2021-04-28,96.069,96.069,96.069,96.069,
2021-04-29,97.603,97.603,97.603,97.603,
2021-04-30,94.106,94.106,94.106,94.106,
2021-05-03,96.352,96.352,96.352,96.352,
2021-05-04,96.882,96.882,96.882,96.882,
2021-05-05,99.484,99.484,99.484,99.484,
2021-05-06,99.539,99.539,99.539,99.539,
2021-05-07,100.452,100.452,100.452,100.452,
2021-05-10,100.041,100.041,100.041,100.041,
2021-05-11,97.42,97.42,97.42,97.42,
2021-05-12,98.032,98.032,98.032,98.032,
2021-05-13,97.402,97.402,97.402,97.402,
2021-05-14,99.95,99.95,99.95,99.95,
2021-05-17,101.173,101.173,101.173,101.173,
2021-05-18,98.132,98.132,98.132,98.132,
2021-05-19,95.378,95.378,95.378,95.378,
2021-05-20,95.711,95.711,95.711,95.711,
2021-05-21,96.229,96.229,96.229,96.229,
2021-05-24,97.596,97.596,97.596,97.596,
2021-05-25,95.997,95.997,95.997,95.997,
2021-05-26,96.229,96.229,96.229,96.229,
2021-05-27,95.203,95.203,95.203,95.203,
2021-05-28,95.924,95.924,95.924,95.924,
2021-06-01,98.567,98.567,98.567,98.567,
2021-06-02,99.888,99.888,99.888,99.888,
2021-06-03,99.436,99.436,99.436,99.436,
2021-06-04,100.23,100.23,100.23,100.23,
2021-06-07,99.583,99.583,99.583,99.583,
2021-06-08,100.489,100.489,100.489,100.489,
2021-06-09,99.611,99.611,99.611,99.611,
2021-06-10,100.193,100.193,100.193,100.193,
2021-06-11,99.731,99.731,99.731,99.731,
2021-06-14,99.787,99.787,99.787,99.787,
2021-06-15,101.94,101.94,101.94,101.94,
2021-06-16,101.358,101.358,101.358,101.358,
2021-06-17,98.955,98.955,98.955,98.955,
2021-06-18,95.221,95.221,95.221,95.221,
2021-06-21,98.012,98.012,98.012,98.012,
2021-06-22,98.336,98.336,98.336,98.336,
2021-06-23,98.216,98.216,98.216,98.216,
2021-06-24,99.02,99.02,99.02,99.02,
2021-06-25,99.168,99.168,99.168,99.168,
2021-06-28,96.108,96.108,96.108,96.108,
2021-06-29,95.896,95.896,95.896,95.896,
2021-06-30,96.802,96.802,96.802,96.802,
2021-07-01,98.16,98.16,98.16,98.16,
2021-07-02,98.031,98.031,98.031,98.031,
2021-07-06,96.108,96.108,96.108,96.108,
2021-07-07,95.129,95.129,95.129,95.129,
2021-07-08,94.824,94.824,94.824,94.824,
2021-07-09,96.182,96.182,96.182,96.182,
2021-07-12,96.376,96.376,96.376,96.376,
2021-07-13,96.053,96.053,96.053,96.053,
2021-07-14,94.242,94.242,94.242,94.242,
2021-07-15,93.622,93.622,93.622,93.622,
2021-07-16,91.145,91.145,91.145,91.145,
2021-07-19,88.687,88.687,88.687,88.687,
2021-07-20,89.214,89.214,89.214,89.214,
2021-07-21,92.254,92.254,92.254,92.254,
2021-07-22,91.33,91.33,91.33,91.33,
2021-07-23,91.367,91.367,91.367,91.367,
2021-07-26,93.299,93.299,93.299,93.299,
2021-07-27,92.985,92.985,92.985,92.985,
2021-07-28,93.511,93.511,93.511,93.511,
2021-07-29,94.796,94.796,94.796,94.796,
2021-07-30,94.094,94.094,94.094,94.094,
2021-08-02,93.927,93.927,93.927,93.927,
2021-08-03,94.824,94.824,94.824,94.824,
2021-08-04,92.698,92.698,92.698,92.698,
2021-08-05,93.558,93.558,93.558,93.558,
2021-08-06,94.223,94.223,94.223,94.223,
2021-08-09,92.652,92.652,92.652,92.652,
2021-08-10,94.343,94.343,94.343,94.343,
2021-08-11,95.055,95.055,95.055,95.055,
2021-08-12,94.861,94.861,94.861,94.861,
2021-08-13,94.232,94.232,94.232,94.232,
2021-08-16,93.271,93.271,93.271,93.271,
2021-08-17,93.095,93.095,93.095,93.095,
2021-08-18,90.576,90.576,90.576,90.576,
2021-08-19,88.318,88.318,88.318,88.318,
2021-08-20,88.328,88.328,88.328,88.328,
2021-08-23,90.604,90.604,90.604,90.604,
2021-08-24,91.644,91.644,91.644,91.644,
2021-08-25,92.271,92.271,92.271,92.271,
2021-08-26,91.063,91.063,91.063,91.063,
2021-08-27,92.393,92.393,92.393,92.393,
2021-08-30,92.159,92.159,92.159,92.159,
2021-08-31,90.641,90.641,90.641,90.641,
2021-09-01,89.649,89.649,89.649,89.649,
2021-09-02,91.522,91.522,91.522,91.522,
2021-09-03,91.316,91.316,91.316,91.316,
2021-09-07,90.913,90.913,90.913,90.913,
2021-09-08,90.285,90.285,90.285,90.285,
2021-09-09,89.92,89.92,89.92,89.92,
2021-09-10,89.986,89.986,89.986,89.986,
2021-09-13,91.765,91.765,91.765,91.765,
2021-09-14,90.107,90.107,90.107,90.107,
2021-09-15,92.018,92.018,92.018,92.018,
2021-09-16,91.157,91.157,91.157,91.157,
2021-09-17,90.632,90.632,90.632,90.632,
2021-09-20,88.777,88.777,88.777,88.777,
2021-09-21,88.843,88.843,88.843,88.843,
2021-09-22,91.456,91.456,91.456,91.456,
2021-09-23,93.723,93.723,93.723,93.723,
2021-09-24,94.229,94.229,94.229,94.229,
2021-09-27,96.449,96.449,96.449,96.449,
2021-09-28,96.814,96.814,96.814,96.814,
2021-09-29,96.786,96.786,96.786,96.786,
2021-09-30,95.025,95.025,95.025,95.025,
2021-10-01,97.723,97.723,97.723,97.723,
2021-10-04,98.088,98.088,98.088,98.088,
2021-10-05,99.156,99.156,99.156,99.156,
2021-10-06,98.285,98.285,98.285,98.285,
2021-10-07,98.987,98.987,98.987,98.987,
2021-10-08,101.207,101.207,101.207,101.207,
2021-10-11,100.345,100.345,100.345,100.345,
2021-10-12,100.364,100.364,100.364,100.364,
2021-10-13,100.963,100.963,100.963,100.963,
2021-10-14,101.919,101.919,101.919,101.919,
2021-10-15,102.668,102.668,102.668,102.668,
2021-10-18,102.621,102.621,102.621,102.621,
2021-10-19,104.626,104.626,104.626,104.626,
2021-10-20,105.993,105.993,105.993,105.993,
2021-10-21,104.663,104.663,104.663,104.663,
2021-10-22,105.656,105.656,105.656,105.656,
2021-10-25,106.64,106.64,106.64,106.64,
2021-10-26,106.874,106.874,106.874,106.874,
2021-10-27,104.972,104.972,104.972,104.972,
2021-10-28,105.956,105.956,105.956,105.956,
2021-10-29,107.239,107.239,107.239,107.239,
2021-11-01,107.277,107.277,107.277,107.277,
2021-11-02,106.621,106.621,106.621,106.621,
2021-11-03,105.853,105.853,105.853,105.853,
2021-11-04,106.321,106.321,106.321,106.321,
2021-11-05,107.473,107.473,107.473,107.473,
2021-11-08,107.857,107.857,107.857,107.857,
2021-11-09,108.654,108.654,108.654,108.654,
2021-11-10,106.921,106.921,106.921,106.921,
2021-11-11,106.93,106.93,106.93,106.93,
2021-11-12,106.996,106.996,106.996,106.996,
2021-11-15,109.422,109.422,109.422,109.422,
2021-11-16,109.852,109.852,109.852,109.852,
2021-11-17,109.36,109.36,109.36,109.36,
2021-11-18,108.441,108.441,108.441,108.441,
2021-11-19,106.034,106.034,106.034,106.034,
2021-11-22,107.929,107.929,107.929,107.929,
2021-11-23,110.194,110.194,110.194,110.194,
2021-11-24,111.037,111.037,111.037,111.037,
2021-11-26,108.498,108.498,108.498,108.498,
2021-11-29,108.82,108.82,108.82,108.82,
2021-11-30,106.944,106.944,106.944,106.944,
2021-12-01,106.214,106.214,106.214,106.214,
2021-12-02,109.094,109.094,109.094,109.094,
2021-12-03,108.403,108.403,108.403,108.403,
2021-12-06,110.099,110.099,110.099,110.099,
2021-12-07,111.729,111.729,111.729,111.729,
2021-12-08,112.231,112.231,112.231,112.231,
2021-12-09,111.937,111.937,111.937,111.937,
2021-12-10,112.126,112.126,112.126,112.126,
2021-12-13,109.796,109.796,109.796,109.796,
2021-12-14,110.118,110.118,110.118,110.118,
2021-12-15,109.492,109.492,109.492,109.492,
2021-12-16,110.516,110.516,110.516,110.516,
2021-12-17,107.635,107.635,107.635,107.635,
2021-12-20,107.683,107.683,107.683,107.683,
2021-12-21,109.407,109.407,109.407,109.407,
2021-12-22,110.033,110.033,110.033,110.033,
2021-12-23,110.298,110.298,110.298,110.298,
2021-12-27,112.553,112.553,112.553,112.553,
2021-12-28,112.335,112.335,112.335,112.335,
2021-12-29,111.757,111.757,111.757,111.757,
2021-12-30,111.264,111.264,111.264,111.264,
2021-12-31,111.188,111.188,111.188,111.188,
2022-01-03,112.998,112.998,112.998,112.998,
2022-01-04,115.054,115.054,115.054,115.054,
2022-01-05,115.803,115.803,115.803,115.803,
2022-01-06,116.788,116.788,116.788,116.788,
2022-01-07,118.465,118.465,118.465,118.465,
2022-01-10,118.541,118.541,118.541,118.541,
2022-01-11,121.251,121.251,121.251,121.251,
2022-01-12,120.644,120.644,120.644,120.644,
2022-01-13,120.142,120.142,120.142,120.142,
2022-01-14,122.189,122.189,122.189,122.189,
2022-01-18,122.587,122.587,122.587,122.587,
2022-01-19,122.141,122.141,122.141,122.141,
2022-01-20,121.706,121.706,121.706,121.706,
2022-01-21,120.246,120.246,120.246,120.246,
2022-01-24,120.502,120.502,120.502,120.502,
2022-01-25,125.628,125.628,125.628,125.628,
2022-01-26,125.723,125.723,125.723,125.723,
2022-01-27,128.262,128.262,128.262,128.262,
2022-01-28,123.752,123.752,123.752,123.752,
2022-01-31,124.434,124.434,124.434,124.434,
2022-02-01,127.713,127.713,127.713,127.713,
2022-02-02,128.3,128.3,128.3,128.3,
2022-02-03,127.154,127.154,127.154,127.154,
2022-02-04,128.746,128.746,128.746,128.746,
2022-02-07,131.275,131.275,131.275,131.275,
2022-02-08,129.276,129.276,129.276,129.276,
2022-02-09,130.555,130.555,130.555,130.555,
2022-02-10,128.897,128.897,128.897,128.897,
2022-02-11,131.522,131.522,131.522,131.522,
2022-02-14,129.494,129.494,129.494,129.494,
2022-02-15,128.546,128.546,128.546,128.546,
2022-02-16,128.584,128.584,128.584,128.584,
2022-02-17,127.924,127.924,127.924,127.924,
2022-02-18,127.742,127.742,127.742,127.742,
2022-02-22,126.765,126.765,126.765,126.765,
2022-02-23,129.781,129.781,129.781,129.781,
2022-02-24,129.111,129.111,129.111,129.111,
2022-02-25,134.406,134.406,134.406,134.406,
2022-02-28,137.872,137.872,137.872,137.872,
2022-03-01,143.348,143.348,143.348,143.348,
2022-03-02,147.58,147.58,147.58,147.58,
2022-03-03,149.572,149.572,149.572,149.572,
2022-03-04,151.898,151.898,151.898,151.898,
2022-03-07,155.144,155.144,155.144,155.144,
2022-03-08,163.273,163.273,163.273,163.273,
2022-03-09,159.194,159.194,159.194,159.194,
2022-03-10,163.55,163.55,163.55,163.55,
2022-03-11,163.627,163.627,163.627,163.627,
2022-03-14,159.625,159.625,159.625,159.625,
2022-03-15,151.544,151.544,151.544,151.544,
2022-03-16,150.998,150.998,150.998,150.998,
2022-03-17,153.612,153.612,153.612,153.612,
2022-03-18,154.847,154.847,154.847,154.847,
2022-03-21,157.633,157.633,157.633,157.633,
2022-03-22,157.107,157.107,157.107,157.107,
2022-03-23,158.801,158.801,158.801,158.801,
2022-03-24,159.223,159.223,159.223,159.223,
2022-03-25,162.105,162.105,162.105,162.105,
2022-03-28,159.27,159.27,159.27,159.27,
2022-03-29,157.327,157.327,157.327,157.327,
2022-03-30,158.438,158.438,158.438,158.438,
2022-03-31,155.9,155.9,155.9,155.9,
2022-04-01,157.231,157.231,157.231,157.231,
2022-04-04,157.375,157.375,157.375,157.375,
2022-04-05,156.408,156.408,156.408,156.408,
2022-04-06,157.796,157.796,157.796,157.796,
2022-04-07,159.989,159.989,159.989,159.989,
2022-04-08,162.698,162.698,162.698,162.698,
2022-04-11,158.514,158.514,158.514,158.514,
2022-04-12,161.817,161.817,161.817,161.817,
2022-04-13,164.364,164.364,164.364,164.364,
2022-04-14,164.287,164.287,164.287,164.287,
2022-04-18,166.49,166.49,166.49,166.49,
2022-04-19,164.517,164.517,164.517,164.517,
2022-04-20,165.187,165.187,165.187,165.187,
2022-04-21,157.576,157.576,157.576,157.576,
2022-04-22,154.1,154.1,154.1,154.1,
2022-04-25,150.788,150.788,150.788,150.788,
2022-04-26,149.868,149.868,149.868,149.868,
2022-04-27,149.591,149.591,149.591,149.591,
2022-04-28,154.905,154.905,154.905,154.905,
2022-04-29,150.002,150.002,150.002,150.002,
2022-05-02,152.951,152.951,152.951,152.951,
2022-05-03,155.575,155.575,155.575,155.575,
2022-05-04,160.458,160.458,160.458,160.458,
2022-05-05,159.184,159.184,159.184,159.184,
2022-05-06,163.426,163.426,163.426,163.426,
2022-05-09,152.473,152.473,152.473,152.473,
2022-05-10,153.938,153.938,153.938,153.938,
2022-05-11,156.216,156.216,156.216,156.216,
2022-05-12,157.7,157.7,157.7,157.7,
2022-05-13,160.726,160.726,160.726,160.726,
2022-05-16,165.647,165.647,165.647,165.647,
2022-05-17,166.624,166.624,166.624,166.624,
2022-05-18,162.231,162.231,162.231,162.231,
2022-05-19,161.073,161.073,161.073,161.073,
2022-05-20,162.0,162.0,162.0,162.0,
2022-05-23,165.764,165.764,165.764,165.764,
2022-05-24,166.653,166.653,166.653,166.653,
2022-05-25,169.327,169.327,169.327,169.327,
2022-05-26,170.466,170.466,170.466,170.466,
2022-05-27,172.097,172.097,172.097,172.097,
2022-05-31,168.603,168.603,168.603,168.603,
2022-06-01,170.205,170.205,170.205,170.205,
2022-06-02,169.896,169.896,169.896,169.896,
2022-06-03,171.441,171.441,171.441,171.441,
2022-06-06,170.697,170.697,170.697,170.697,
2022-06-07,173.95,173.95,173.95,173.95,
2022-06-08,174.848,174.848,174.848,174.848,
2022-06-09,171.363,171.363,171.363,171.363,
2022-06-10,169.317,169.317,169.317,169.317,
2022-06-13,161.527,161.527,161.527,161.527,
2022-06-14,161.739,161.739,161.739,161.739,
2022-06-15,158.563,158.563,158.563,158.563,
2022-06-16,150.088,150.088,150.088,150.088,
2022-06-17,143.234,143.234,143.234,143.234,
2022-06-21,149.229,149.229,149.229,149.229,
2022-06-22,142.742,142.742,142.742,142.742,
2022-06-23,137.49,137.49,137.49,137.49,
2022-06-24,139.749,139.749,139.749,139.749,
2022-06-27,142.452,142.452,142.452,142.452,
2022-06-28,144.74,144.74,144.74,144.74,
2022-06-29,141.883,141.883,141.883,141.883,
2022-06-30,139.759,139.759,139.759,139.759,
2022-07-01,141.429,141.429,141.429,141.429,
2022-07-05,137.712,137.712,137.712,137.712,
2022-07-06,135.898,135.898,135.898,135.898,
2022-07-07,138.543,138.543,138.543,138.543,
2022-07-08,137.819,137.819,137.819,137.819,
2022-07-11,136.602,136.602,136.602,136.602,
2022-07-12,134.102,134.102,134.102,134.102,
2022-07-13,133.204,133.204,133.204,133.204,
2022-07-14,131.225,131.225,131.225,131.225,
2022-07-15,132.876,132.876,132.876,132.876,
2022-07-18,134.739,134.739,134.739,134.739,
2022-07-19,139.595,139.595,139.595,139.595,
2022-07-20,141.438,141.438,141.438,141.438,
2022-07-21,140.357,140.357,140.357,140.357,
2022-07-22,139.189,139.189,139.189,139.189,
2022-07-25,143.33,143.33,143.33,143.33,
2022-07-26,142.211,142.211,142.211,142.211,
2022-07-27,144.083,144.083,144.083,144.083,
2022-07-28,145.174,145.174,145.174,145.174,
2022-07-29,158.1,158.1,158.1,158.1,
2022-08-01,154.943,154.943,154.943,154.943,
2022-08-02,153.621,153.621,153.621,153.621,
2022-08-03,149.972,149.972,149.972,149.972,
2022-08-04,145.898,145.898,145.898,145.898,
2022-08-05,148.312,148.312,148.312,148.312,
2022-08-08,148.09,148.09,148.09,148.09,
2022-08-09,150.02,150.02,150.02,150.02,
2022-08-10,150.416,150.416,150.416,150.416,
2022-08-11,154.084,154.084,154.084,154.084,
2022-08-12,154.306,154.306,154.306,154.306,
2022-08-15,151.372,151.372,151.372,151.372,
2022-08-16,150.985,150.985,150.985,150.985,
2022-08-17,152.231,152.231,152.231,152.231,
2022-08-18,154.9,154.9,154.9,154.9,
2022-08-19,153.604,153.604,153.604,153.604,
2022-08-22,152.835,152.835,152.835,152.835,
2022-08-23,157.793,157.793,157.793,157.793,
2022-08-24,158.962,158.962,158.962,158.962,
2022-08-25,160.355,160.355,160.355,160.355,
2022-08-26,159.176,159.176,159.176,159.176,
2022-08-29,160.364,160.364,160.364,160.364,
2022-08-30,156.458,156.458,156.458,156.458,
2022-08-31,153.965,153.965,153.965,153.965,
2022-09-01,151.51,151.51,151.51,151.51,
2022-09-02,153.76,153.76,153.76,153.76,
2022-09-06,153.049,153.049,153.049,153.049,
2022-09-07,151.091,151.091,151.091,151.091,
2022-09-08,151.909,151.909,151.909,151.909,
2022-09-09,155.825,155.825,155.825,155.825,
2022-09-12,158.29,158.29,158.29,158.29,
2022-09-13,155.28,155.28,155.28,155.28,
2022-09-14,159.04,159.04,159.04,159.04,
2022-09-15,156.458,156.458,156.458,156.458,
2022-09-16,152.396,152.396,152.396,152.396,
2022-09-19,152.835,152.835,152.835,152.835,
2022-09-20,152.231,152.231,152.231,152.231,
2022-09-21,150.994,150.994,150.994,150.994,
2022-09-22,150.877,150.877,150.877,150.877,
2022-09-23,141.019,141.019,141.019,141.019,
2022-09-26,137.308,137.308,137.308,137.308,
2022-09-27,137.366,137.366,137.366,137.366,
2022-09-28,142.003,142.003,142.003,142.003,
2022-09-29,141.019,141.019,141.019,141.019,
2022-09-30,139.947,139.947,139.947,139.947,
2022-10-03,147.799,147.799,147.799,147.799,
2022-10-04,153.546,153.546,153.546,153.546,
2022-10-05,154.422,154.422,154.422,154.422,
2022-10-06,157.238,157.238,157.238,157.238,
2022-10-07,155.884,155.884,155.884,155.884,
2022-10-10,153.068,153.068,153.068,153.068,
2022-10-11,153.098,153.098,153.098,153.098,
2022-10-12,153.555,153.555,153.555,153.555,
2022-10-13,160.998,160.998,160.998,160.998,
2022-10-14,155.991,155.991,155.991,155.991,
2022-10-17,157.13,157.13,157.13,157.13,
2022-10-18,158.504,158.504,158.504,158.504,
2022-10-19,163.647,163.647,163.647,163.647,
2022-10-20,164.582,164.582,164.582,164.582,
2022-10-21,168.703,168.703,168.703,168.703,
2022-10-24,168.644,168.644,168.644,168.644,
2022-10-25,170.398,170.398,170.398,170.398,
2022-10-26,172.502,172.502,172.502,172.502,
2022-10-27,173.291,173.291,173.291,173.291,
2022-10-28,175.317,175.317,175.317,175.317,
2022-10-31,176.213,176.213,176.213,176.213,
2022-11-01,177.499,177.499,177.499,177.499,
2022-11-02,173.875,173.875,173.875,173.875,
2022-11-03,176.437,176.437,176.437,176.437,
2022-11-04,178.668,178.668,178.668,178.668,
2022-11-07,180.801,180.801,180.801,180.801,
2022-11-08,180.538,180.538,180.538,180.538,
2022-11-09,173.32,173.32,173.32,173.32,
2022-11-10,176.602,176.602,176.602,176.602,
2022-11-11,181.629,181.629,181.629,181.629,
2022-11-14,181.716,181.716,181.716,181.716,
2022-11-15,183.178,183.178,183.178,183.178,
2022-11-16,180.197,180.197,180.197,180.197,
2022-11-17,180.707,180.707,180.707,180.707,
2022-11-18,179.628,179.628,179.628,179.628,
2022-11-21,177.91,177.91,177.91,177.91,
2022-11-22,182.474,182.474,182.474,182.474,
2022-11-23,180.855,180.855,180.855,180.855,
2022-11-25,180.324,180.324,180.324,180.324,
2022-11-28,175.083,175.083,175.083,175.083,
2022-11-29,177.704,177.704,177.704,177.704,
2022-11-30,179.942,179.942,179.942,179.942,
2022-12-01,179.137,179.137,179.137,179.137,
2022-12-02,177.704,177.704,177.704,177.704,
2022-12-05,173.316,173.316,173.316,173.316,
2022-12-06,168.849,168.849,168.849,168.849,
2022-12-07,169.35,169.35,169.35,169.35,
2022-12-08,170.351,170.351,170.351,170.351,
2022-12-09,164.913,164.913,164.913,164.913,
2022-12-12,166.631,166.631,166.631,166.631,
2022-12-13,170.341,170.341,170.341,170.341,
2022-12-14,169.163,169.163,169.163,169.163,
2022-12-15,167.897,167.897,167.897,167.897,
2022-12-16,165.62,165.62,165.62,165.62,
2022-12-19,166.758,166.758,166.758,166.758,
2022-12-20,169.497,169.497,169.497,169.497,
2022-12-21,171.49,171.49,171.49,171.49,
2022-12-22,168.918,168.918,168.918,168.918,
2022-12-23,174.14,174.14,174.14,174.14,
2022-12-27,176.329,176.329,176.329,176.329,
2022-12-28,173.728,173.728,173.728,173.728,
