Date,Open,High,Low,Close,Volume
1990-01-02,14.391,14.391,14.391,14.391,
1990-01-03,14.364,14.364,14.364,14.364,
1990-01-04,14.283,14.283,14.283,14.283,
1990-01-05,14.148,14.148,14.148,14.148,
1990-01-08,14.229,14.229,14.229,14.229,
1990-01-09,13.933,13.933,13.933,13.933,
1990-01-10,13.96,13.96,13.96,13.96,
1990-01-11,13.96,13.96,13.96,13.96,
1990-01-12,13.609,13.609,13.609,13.609,
1990-01-15,13.501,13.501,13.501,13.501,
1990-01-16,13.636,13.636,13.636,13.636,
1990-01-17,13.582,13.582,13.582,13.582,
1990-01-18,13.717,13.717,13.717,13.717,
1990-01-19,13.987,13.987,13.987,13.987,
1990-01-22,13.555,13.555,13.555,13.555,
1990-01-23,13.528,13.528,13.528,13.528,
1990-01-24,13.636,13.636,13.636,13.636,
1990-01-25,13.367,13.367,13.367,13.367,
1990-01-26,13.475,13.475,13.475,13.475,
1990-01-29,13.313,13.313,13.313,13.313,
1990-01-30,13.313,13.313,13.313,13.313,
1990-01-31,13.421,13.421,13.421,13.421,
1990-02-01,13.313,13.313,13.313,13.313,
1990-02-02,13.313,13.313,13.313,13.313,
1990-02-05,13.313,13.313,13.313,13.313,
1990-02-06,13.367,13.367,13.367,13.367,
1990-02-07,13.501,13.501,13.501,13.501,
1990-02-08,13.582,13.582,13.582,13.582,
1990-02-09,13.636,13.636,13.636,13.636,
1990-02-12,13.421,13.421,13.421,13.421,
1990-02-13,13.394,13.394,13.394,13.394,
1990-02-14,13.421,13.421,13.421,13.421,
1990-02-15,13.501,13.501,13.501,13.501,
1990-02-16,13.367,13.367,13.367,13.367,
1990-02-20,13.124,13.124,13.124,13.124,
1990-02-21,13.043,13.043,13.043,13.043,
1990-02-22,13.097,13.097,13.097,13.097,
1990-02-23,13.043,13.043,13.043,13.043,
1990-02-26,13.205,13.205,13.205,13.205,
1990-02-27,13.367,13.367,13.367,13.367,
1990-02-28,13.415,13.415,13.415,13.415,
1990-03-01,13.387,13.387,13.387,13.387,
1990-03-02,13.55,13.55,13.55,13.55,
1990-03-05,13.415,13.415,13.415,13.415,
1990-03-06,13.55,13.55,13.55,13.55,
1990-03-07,13.605,13.605,13.605,13.605,
1990-03-08,13.686,13.686,13.686,13.686,
1990-03-09,13.605,13.605,13.605,13.605,
1990-03-12,13.55,13.55,13.55,13.55,
1990-03-13,13.469,13.469,13.469,13.469,
1990-03-14,13.686,13.686,13.686,13.686,
1990-03-15,13.74,13.74,13.74,13.74,
1990-03-16,13.903,13.903,13.903,13.903,
1990-03-19,14.093,14.093,14.093,14.093,
1990-03-20,13.985,13.985,13.985,13.985,
1990-03-21,13.93,13.93,13.93,13.93,
1990-03-22,13.768,13.768,13.768,13.768,
1990-03-23,13.849,13.849,13.849,13.849,
1990-03-26,13.903,13.903,13.903,13.903,
1990-03-27,14.093,14.093,14.093,14.093,
1990-03-28,14.093,14.093,14.093,14.093,
1990-03-29,14.012,14.012,14.012,14.012,
1990-03-30,13.958,13.958,13.958,13.958,
1990-04-02,13.903,13.903,13.903,13.903,
1990-04-03,14.121,14.121,14.121,14.121,
1990-04-04,13.958,13.958,13.958,13.958,
1990-04-05,13.985,13.985,13.985,13.985,
1990-04-06,13.985,13.985,13.985,13.985,
1990-04-09,14.012,14.012,14.012,14.012,
1990-04-10,13.985,13.985,13.985,13.985,
1990-04-11,14.093,14.093,14.093,14.093,
1990-04-12,14.338,14.338,14.338,14.338,
1990-04-16,14.501,14.501,14.501,14.501,
1990-04-17,14.528,14.528,14.528,14.528,
1990-04-18,14.446,14.446,14.446,14.446,
1990-04-19,14.283,14.283,14.283,14.283,
1990-04-20,14.229,14.229,14.229,14.229,
1990-04-23,14.012,14.012,14.012,14.012,
1990-04-24,13.985,13.985,13.985,13.985,
1990-04-25,13.985,13.985,13.985,13.985,
1990-04-26,14.039,14.039,14.039,14.039,
1990-04-27,13.876,13.876,13.876,13.876,
1990-04-30,13.903,13.903,13.903,13.903,
1990-05-01,13.985,13.985,13.985,13.985,
1990-05-02,14.066,14.066,14.066,14.066,
1990-05-03,14.066,14.066,14.066,14.066,
1990-05-04,14.202,14.202,14.202,14.202,
1990-05-07,14.283,14.283,14.283,14.283,
1990-05-08,14.419,14.419,14.419,14.419,
1990-05-09,14.501,14.501,14.501,14.501,
1990-05-10,14.609,14.609,14.609,14.609,
1990-05-11,14.799,14.799,14.799,14.799,
1990-05-14,14.881,14.881,14.881,14.881,
1990-05-15,14.827,14.827,14.827,14.827,
1990-05-16,14.799,14.799,14.799,14.799,
1990-05-17,14.772,14.772,14.772,14.772,
1990-05-18,14.799,14.799,14.799,14.799,
1990-05-21,14.854,14.854,14.854,14.854,
1990-05-22,14.881,14.881,14.881,14.881,
1990-05-23,14.854,14.854,14.854,14.854,
1990-05-24,15.071,15.071,15.071,15.071,
1990-05-25,14.854,14.854,14.854,14.854,
1990-05-29,15.152,15.152,15.152,15.152,
1990-05-30,15.071,15.071,15.071,15.071,
1990-05-31,15.064,15.064,15.064,15.064,
1990-06-01,15.201,15.201,15.201,15.201,
1990-06-04,15.392,15.392,15.392,15.392,
1990-06-05,15.283,15.283,15.283,15.283,
1990-06-06,15.174,15.174,15.174,15.174,
1990-06-07,15.146,15.146,15.146,15.146,
1990-06-08,14.982,14.982,14.982,14.982,
1990-06-11,15.064,15.064,15.064,15.064,
1990-06-12,15.365,15.365,15.365,15.365,
1990-06-13,15.365,15.365,15.365,15.365,
1990-06-14,15.228,15.228,15.228,15.228,
1990-06-15,15.338,15.338,15.338,15.338,
1990-06-18,15.119,15.119,15.119,15.119,
1990-06-19,15.283,15.283,15.283,15.283,
1990-06-20,15.338,15.338,15.338,15.338,
1990-06-21,15.338,15.338,15.338,15.338,
1990-06-22,15.174,15.174,15.174,15.174,
1990-06-25,15.174,15.174,15.174,15.174,
1990-06-26,15.092,15.092,15.092,15.092,
1990-06-27,15.119,15.119,15.119,15.119,
1990-06-28,15.146,15.146,15.146,15.146,
1990-06-29,15.146,15.146,15.146,15.146,
1990-07-02,15.42,15.42,15.42,15.42,
1990-07-03,15.557,15.557,15.557,15.557,
1990-07-05,15.365,15.365,15.365,15.365,
1990-07-06,15.447,15.447,15.447,15.447,
1990-07-09,15.611,15.611,15.611,15.611,
1990-07-10,15.475,15.475,15.475,15.475,
1990-07-11,15.775,15.775,15.775,15.775,
1990-07-12,16.049,16.049,16.049,16.049,
1990-07-13,16.377,16.377,16.377,16.377,
1990-07-16,16.349,16.349,16.349,16.349,
1990-07-17,16.267,16.267,16.267,16.267,
1990-07-18,16.267,16.267,16.267,16.267,
1990-07-19,16.404,16.404,16.404,16.404,
1990-07-20,16.185,16.185,16.185,16.185,
1990-07-23,15.857,15.857,15.857,15.857,
1990-07-24,15.939,15.939,15.939,15.939,
1990-07-25,16.021,16.021,16.021,16.021,
1990-07-26,15.967,15.967,15.967,15.967,
1990-07-27,15.748,15.748,15.748,15.748,
1990-07-30,15.857,15.857,15.857,15.857,
1990-07-31,15.666,15.666,15.666,15.666,
1990-08-01,15.748,15.748,15.748,15.748,
1990-08-02,15.447,15.447,15.447,15.447,
1990-08-03,15.256,15.256,15.256,15.256,
1990-08-06,14.436,14.436,14.436,14.436,
1990-08-07,14.709,14.709,14.709,14.709,
1990-08-08,14.846,14.846,14.846,14.846,
1990-08-09,14.873,14.873,14.873,14.873,
1990-08-10,14.572,14.572,14.572,14.572,
1990-08-13,14.764,14.764,14.764,14.764,
1990-08-14,14.654,14.654,14.654,14.654,
1990-08-15,14.49,14.49,14.49,14.49,
1990-08-16,14.19,14.19,14.19,14.19,
1990-08-17,13.998,13.998,13.998,13.998,
1990-08-20,13.998,13.998,13.998,13.998,
1990-08-21,13.533,13.533,13.533,13.533,
1990-08-22,13.178,13.178,13.178,13.178,
1990-08-23,12.795,12.795,12.795,12.795,
1990-08-24,13.424,13.424,13.424,13.424,
1990-08-27,13.889,13.889,13.889,13.889,
1990-08-28,13.752,13.752,13.752,13.752,
1990-08-29,13.697,13.697,13.697,13.697,
1990-08-30,13.533,13.533,13.533,13.533,
1990-08-31,13.561,13.561,13.561,13.561,
1990-09-04,13.397,13.397,13.397,13.397,
1990-09-05,13.178,13.178,13.178,13.178,
1990-09-06,13.123,13.123,13.123,13.123,
1990-09-07,13.26,13.26,13.26,13.26,
1990-09-10,13.369,13.369,13.369,13.369,
1990-09-11,13.615,13.615,13.615,13.615,
1990-09-12,13.561,13.561,13.561,13.561,
1990-09-13,13.205,13.205,13.205,13.205,
1990-09-14,13.014,13.014,13.014,13.014,
1990-09-17,12.905,12.905,12.905,12.905,
1990-09-18,12.823,12.823,12.823,12.823,
1990-09-19,12.276,12.276,12.276,12.276,
1990-09-20,12.159,12.159,12.159,12.159,
1990-09-21,12.324,12.324,12.324,12.324,
1990-09-24,12.021,12.021,12.021,12.021,
1990-09-25,12.269,12.269,12.269,12.269,
1990-09-26,12.131,12.131,12.131,12.131,
1990-09-27,11.387,11.387,11.387,11.387,
1990-09-28,12.021,12.021,12.021,12.021,
1990-10-01,12.407,12.407,12.407,12.407,
1990-10-02,12.297,12.297,12.297,12.297,
1990-10-03,12.021,12.021,12.021,12.021,
1990-10-04,11.993,11.993,11.993,11.993,
1990-10-05,11.966,11.966,11.966,11.966,
1990-10-08,12.021,12.021,12.021,12.021,
1990-10-09,11.663,11.663,11.663,11.663,
1990-10-10,11.47,11.47,11.47,11.47,
1990-10-11,11.304,11.304,11.304,11.304,
1990-10-12,11.69,11.69,11.69,11.69,
1990-10-15,11.993,11.993,11.993,11.993,
1990-10-16,11.359,11.359,11.359,11.359,
1990-10-17,11.607,11.607,11.607,11.607,
1990-10-18,12.021,12.021,12.021,12.021,
1990-10-19,12.242,12.242,12.242,12.242,
1990-10-22,11.856,11.856,11.856,11.856,
1990-10-23,11.883,11.883,11.883,11.883,
1990-10-24,11.442,11.442,11.442,11.442,
1990-10-25,11.304,11.304,11.304,11.304,
1990-10-26,11.139,11.139,11.139,11.139,
1990-10-29,11.221,11.221,11.221,11.221,
1990-10-30,11.635,11.635,11.635,11.635,
1990-10-31,11.47,11.47,11.47,11.47,
1990-11-01,11.552,11.552,11.552,11.552,
1990-11-02,11.69,11.69,11.69,11.69,
1990-11-05,11.883,11.883,11.883,11.883,
1990-11-06,11.773,11.773,11.773,11.773,
1990-11-07,11.47,11.47,11.47,11.47,
1990-11-08,11.414,11.414,11.414,11.414,
1990-11-09,11.856,11.856,11.856,11.856,
1990-11-12,12.214,12.214,12.214,12.214,
1990-11-13,12.242,12.242,12.242,12.242,
1990-11-14,12.186,12.186,12.186,12.186,
1990-11-15,12.131,12.131,12.131,12.131,
1990-11-16,12.214,12.214,12.214,12.214,
1990-11-19,12.214,12.214,12.214,12.214,
1990-11-20,11.745,11.745,11.745,11.745,
1990-11-21,11.856,11.856,11.856,11.856,
1990-11-23,11.828,11.828,11.828,11.828,
1990-11-26,11.773,11.773,11.773,11.773,
1990-11-27,11.8,11.8,11.8,11.8,
1990-11-28,11.607,11.607,11.607,11.607,
1990-11-29,11.718,11.718,11.718,11.718,
1990-11-30,12.076,12.076,12.076,12.076,
1990-12-03,12.106,12.106,12.106,12.106,
1990-12-04,12.357,12.357,12.357,12.357,
1990-12-05,12.691,12.691,12.691,12.691,
1990-12-06,12.802,12.802,12.802,12.802,
1990-12-07,12.802,12.802,12.802,12.802,
1990-12-10,12.691,12.691,12.691,12.691,
1990-12-11,12.635,12.635,12.635,12.635,
1990-12-12,12.691,12.691,12.691,12.691,
1990-12-13,12.551,12.551,12.551,12.551,
1990-12-14,12.384,12.384,12.384,12.384,
1990-12-17,12.329,12.329,12.329,12.329,
1990-12-18,12.663,12.663,12.663,12.663,
1990-12-19,12.607,12.607,12.607,12.607,
1990-12-20,12.802,12.802,12.802,12.802,
1990-12-21,12.913,12.913,12.913,12.913,
1990-12-24,12.83,12.83,12.83,12.83,
1990-12-26,12.774,12.774,12.774,12.774,
1990-12-27,12.746,12.746,12.746,12.746,
1990-12-28,12.774,12.774,12.774,12.774,
1990-12-31,12.774,12.774,12.774,12.774,
1991-01-02,12.579,12.579,12.579,12.579,
1991-01-03,12.301,12.301,12.301,12.301,
1991-01-04,12.162,12.162,12.162,12.162,
1991-01-07,11.967,11.967,11.967,11.967,
1991-01-08,12.078,12.078,12.078,12.078,
1991-01-09,12.051,12.051,12.051,12.051,
1991-01-10,12.051,12.051,12.051,12.051,
1991-01-11,12.023,12.023,12.023,12.023,
1991-01-14,12.051,12.051,12.051,12.051,
1991-01-15,12.106,12.106,12.106,12.106,
1991-01-16,12.162,12.162,12.162,12.162,
1991-01-17,12.913,12.913,12.913,12.913,
1991-01-18,12.885,12.885,12.885,12.885,
1991-01-21,12.774,12.774,12.774,12.774,
1991-01-22,12.607,12.607,12.607,12.607,
1991-01-23,12.746,12.746,12.746,12.746,
1991-01-24,13.025,13.025,13.025,13.025,
1991-01-25,13.331,13.331,13.331,13.331,
1991-01-28,13.498,13.498,13.498,13.498,
1991-01-29,13.498,13.498,13.498,13.498,
1991-01-30,13.804,13.804,13.804,13.804,
1991-01-31,14.249,14.249,14.249,14.249,
1991-02-01,14.249,14.249,14.249,14.249,
1991-02-04,14.5,14.5,14.5,14.5,
1991-02-05,14.778,14.778,14.778,14.778,
1991-02-06,14.834,14.834,14.834,14.834,
1991-02-07,14.444,14.444,14.444,14.444,
1991-02-08,14.527,14.527,14.527,14.527,
1991-02-11,14.861,14.861,14.861,14.861,
1991-02-12,14.861,14.861,14.861,14.861,
1991-02-13,15.112,15.112,15.112,15.112,
1991-02-14,15.001,15.001,15.001,15.001,
1991-02-15,15.501,15.501,15.501,15.501,
1991-02-19,15.501,15.501,15.501,15.501,
1991-02-20,15.223,15.223,15.223,15.223,
1991-02-21,15.167,15.167,15.167,15.167,
1991-02-22,15.418,15.418,15.418,15.418,
1991-02-25,15.585,15.585,15.585,15.585,
1991-02-26,15.251,15.251,15.251,15.251,
1991-02-27,15.446,15.446,15.446,15.446,
1991-02-28,15.252,15.252,15.252,15.252,
1991-03-01,15.448,15.448,15.448,15.448,
1991-03-04,15.308,15.308,15.308,15.308,
1991-03-05,15.476,15.476,15.476,15.476,
1991-03-06,15.364,15.364,15.364,15.364,
1991-03-07,15.28,15.28,15.28,15.28,
1991-03-08,14.971,14.971,14.971,14.971,
1991-03-11,15.336,15.336,15.336,15.336,
1991-03-12,15.224,15.224,15.224,15.224,
1991-03-13,15.56,15.56,15.56,15.56,
1991-03-14,15.364,15.364,15.364,15.364,
1991-03-15,15.392,15.392,15.392,15.392,
1991-03-18,15.42,15.42,15.42,15.42,
1991-03-19,15.14,15.14,15.14,15.14,
1991-03-20,14.971,14.971,14.971,14.971,
1991-03-21,14.859,14.859,14.859,14.859,
1991-03-22,14.859,14.859,14.859,14.859,
1991-03-25,14.999,14.999,14.999,14.999,
1991-03-26,15.728,15.728,15.728,15.728,
1991-03-27,15.588,15.588,15.588,15.588,
1991-03-28,15.616,15.616,15.616,15.616,
1991-04-01,15.644,15.644,15.644,15.644,
1991-04-02,16.177,16.177,16.177,16.177,
1991-04-03,16.009,16.009,16.009,16.009,
1991-04-04,16.121,16.121,16.121,16.121,
1991-04-05,15.897,15.897,15.897,15.897,
1991-04-08,16.065,16.065,16.065,16.065,
1991-04-09,15.981,15.981,15.981,15.981,
1991-04-10,16.233,16.233,16.233,16.233,
1991-04-11,16.317,16.317,16.317,16.317,
1991-04-12,16.373,16.373,16.373,16.373,
1991-04-15,16.541,16.541,16.541,16.541,
1991-04-16,16.794,16.794,16.794,16.794,
1991-04-17,16.878,16.878,16.878,16.878,
1991-04-18,16.822,16.822,16.822,16.822,
1991-04-19,16.682,16.682,16.682,16.682,
1991-04-22,16.457,16.457,16.457,16.457,
1991-04-23,16.345,16.345,16.345,16.345,
1991-04-24,16.261,16.261,16.261,16.261,
1991-04-25,16.037,16.037,16.037,16.037,
1991-04-26,16.093,16.093,16.093,16.093,
1991-04-29,15.7,15.7,15.7,15.7,
1991-04-30,15.869,15.869,15.869,15.869,
1991-05-01,16.261,16.261,16.261,16.261,
1991-05-02,16.261,16.261,16.261,16.261,
1991-05-03,16.289,16.289,16.289,16.289,
1991-05-06,16.345,16.345,16.345,16.345,
1991-05-07,16.401,16.401,16.401,16.401,
1991-05-08,16.345,16.345,16.345,16.345,
1991-05-09,16.513,16.513,16.513,16.513,
1991-05-10,15.981,15.981,15.981,15.981,
1991-05-13,16.037,16.037,16.037,16.037,
1991-05-14,15.897,15.897,15.897,15.897,
1991-05-15,15.897,15.897,15.897,15.897,
1991-05-16,15.953,15.953,15.953,15.953,
1991-05-17,16.037,16.037,16.037,16.037,
1991-05-20,16.205,16.205,16.205,16.205,
1991-05-21,16.289,16.289,16.289,16.289,
1991-05-22,16.009,16.009,16.009,16.009,
1991-05-23,16.205,16.205,16.205,16.205,
1991-05-24,16.373,16.373,16.373,16.373,
1991-05-28,16.626,16.626,16.626,16.626,
1991-05-29,16.738,16.738,16.738,16.738,
1991-05-30,17.158,17.158,17.158,17.158,
1991-05-31,17.443,17.443,17.443,17.443,
1991-06-03,17.499,17.499,17.499,17.499,
1991-06-04,17.358,17.358,17.358,17.358,
1991-06-05,17.076,17.076,17.076,17.076,
1991-06-06,16.991,16.991,16.991,16.991,
1991-06-07,16.737,16.737,16.737,16.737,
1991-06-10,16.822,16.822,16.822,16.822,
1991-06-11,16.991,16.991,16.991,16.991,
1991-06-12,16.765,16.765,16.765,16.765,
1991-06-13,16.906,16.906,16.906,16.906,
1991-06-14,17.076,17.076,17.076,17.076,
1991-06-17,16.85,16.85,16.85,16.85,
1991-06-18,16.85,16.85,16.85,16.85,
1991-06-19,16.737,16.737,16.737,16.737,
1991-06-20,16.737,16.737,16.737,16.737,
1991-06-21,16.935,16.935,16.935,16.935,
1991-06-24,16.652,16.652,16.652,16.652,
1991-06-25,16.624,16.624,16.624,16.624,
1991-06-26,16.596,16.596,16.596,16.596,
1991-06-27,16.85,16.85,16.85,16.85,
1991-06-28,16.709,16.709,16.709,16.709,
1991-07-01,16.906,16.906,16.906,16.906,
1991-07-02,16.935,16.935,16.935,16.935,
1991-07-03,16.709,16.709,16.709,16.709,
1991-07-05,16.652,16.652,16.652,16.652,
1991-07-08,16.906,16.906,16.906,16.906,
1991-07-09,16.878,16.878,16.878,16.878,
1991-07-10,16.765,16.765,16.765,16.765,
1991-07-11,16.935,16.935,16.935,16.935,
1991-07-12,16.991,16.991,16.991,16.991,
1991-07-15,17.019,17.019,17.019,17.019,
1991-07-16,16.681,16.681,16.681,16.681,
1991-07-17,16.201,16.201,16.201,16.201,
1991-07-18,16.511,16.511,16.511,16.511,
1991-07-19,16.624,16.624,16.624,16.624,
1991-07-22,16.54,16.54,16.54,16.54,
1991-07-23,16.314,16.314,16.314,16.314,
1991-07-24,16.116,16.116,16.116,16.116,
1991-07-25,16.37,16.37,16.37,16.37,
1991-07-26,16.427,16.427,16.427,16.427,
1991-07-29,16.427,16.427,16.427,16.427,
1991-07-30,16.511,16.511,16.511,16.511,
1991-07-31,16.54,16.54,16.54,16.54,
1991-08-01,16.483,16.483,16.483,16.483,
1991-08-02,16.427,16.427,16.427,16.427,
1991-08-05,16.257,16.257,16.257,16.257,
1991-08-06,16.427,16.427,16.427,16.427,
1991-08-07,16.652,16.652,16.652,16.652,
1991-08-08,16.681,16.681,16.681,16.681,
1991-08-09,16.624,16.624,16.624,16.624,
1991-08-12,16.568,16.568,16.568,16.568,
1991-08-13,16.54,16.54,16.54,16.54,
1991-08-14,16.483,16.483,16.483,16.483,
1991-08-15,16.398,16.398,16.398,16.398,
1991-08-16,16.257,16.257,16.257,16.257,
1991-08-19,15.89,15.89,15.89,15.89,
1991-08-20,15.919,15.919,15.919,15.919,
1991-08-21,16.455,16.455,16.455,16.455,
1991-08-22,16.483,16.483,16.483,16.483,
1991-08-23,16.878,16.878,16.878,16.878,
1991-08-26,16.85,16.85,16.85,16.85,
1991-08-27,16.737,16.737,16.737,16.737,
1991-08-28,16.906,16.906,16.906,16.906,
1991-08-29,16.878,16.878,16.878,16.878,
1991-08-30,16.906,16.906,16.906,16.906,
1991-09-03,16.737,16.737,16.737,16.737,
1991-09-04,16.624,16.624,16.624,16.624,
1991-09-05,16.314,16.314,16.314,16.314,
1991-09-06,16.003,16.003,16.003,16.003,
1991-09-09,15.919,15.919,15.919,15.919,
1991-09-10,15.862,15.862,15.862,15.862,
1991-09-11,15.89,15.89,15.89,15.89,
1991-09-12,15.721,15.721,15.721,15.721,
1991-09-13,15.326,15.326,15.326,15.326,
1991-09-16,15.749,15.749,15.749,15.749,
1991-09-17,15.608,15.608,15.608,15.608,
1991-09-18,15.636,15.636,15.636,15.636,
1991-09-19,15.693,15.693,15.693,15.693,
1991-09-20,15.809,15.809,15.809,15.809,
1991-09-23,15.695,15.695,15.695,15.695,
1991-09-24,15.894,15.894,15.894,15.894,
1991-09-25,15.667,15.667,15.667,15.667,
1991-09-26,15.695,15.695,15.695,15.695,
1991-09-27,15.667,15.667,15.667,15.667,
1991-09-30,15.78,15.78,15.78,15.78,
1991-10-01,15.894,15.894,15.894,15.894,
1991-10-02,16.036,16.036,16.036,16.036,
1991-10-03,15.724,15.724,15.724,15.724,
1991-10-04,15.553,15.553,15.553,15.553,
1991-10-07,15.297,15.297,15.297,15.297,
1991-10-08,15.24,15.24,15.24,15.24,
1991-10-09,14.871,14.871,14.871,14.871,
1991-10-10,15.297,15.297,15.297,15.297,
1991-10-11,15.126,15.126,15.126,15.126,
1991-10-14,15.382,15.382,15.382,15.382,
1991-10-15,15.923,15.923,15.923,15.923,
1991-10-16,16.207,16.207,16.207,16.207,
1991-10-17,16.264,16.264,16.264,16.264,
1991-10-18,16.235,16.235,16.235,16.235,
1991-10-21,16.15,16.15,16.15,16.15,
1991-10-22,16.178,16.178,16.178,16.178,
1991-10-23,16.378,16.378,16.378,16.378,
1991-10-24,16.178,16.178,16.178,16.178,
1991-10-25,15.724,15.724,15.724,15.724,
1991-10-28,15.979,15.979,15.979,15.979,
1991-10-29,16.122,16.122,16.122,16.122,
1991-10-30,15.951,15.951,15.951,15.951,
1991-10-31,15.695,15.695,15.695,15.695,
1991-11-01,15.553,15.553,15.553,15.553,
1991-11-04,15.581,15.581,15.581,15.581,
1991-11-05,15.468,15.468,15.468,15.468,
1991-11-06,15.581,15.581,15.581,15.581,
1991-11-07,15.581,15.581,15.581,15.581,
1991-11-08,15.638,15.638,15.638,15.638,
1991-11-11,15.581,15.581,15.581,15.581,
1991-11-12,15.724,15.724,15.724,15.724,
1991-11-13,15.837,15.837,15.837,15.837,
1991-11-14,16.008,16.008,16.008,16.008,
1991-11-15,15.325,15.325,15.325,15.325,
1991-11-18,15.61,15.61,15.61,15.61,
1991-11-19,15.496,15.496,15.496,15.496,
1991-11-20,15.24,15.24,15.24,15.24,
1991-11-21,15.183,15.183,15.183,15.183,
1991-11-22,15.098,15.098,15.098,15.098,
1991-11-25,14.956,14.956,14.956,14.956,
1991-11-26,14.956,14.956,14.956,14.956,
1991-11-27,14.899,14.899,14.899,14.899,
1991-11-29,14.728,14.728,14.728,14.728,
1991-12-02,14.956,14.956,14.956,14.956,
1991-12-03,14.824,14.824,14.824,14.824,
1991-12-04,14.566,14.566,14.566,14.566,
1991-12-05,14.308,14.308,14.308,14.308,
1991-12-06,14.652,14.652,14.652,14.652,
1991-12-09,14.881,14.881,14.881,14.881,
1991-12-10,14.91,14.91,14.91,14.91,
1991-12-11,15.082,15.082,15.082,15.082,
1991-12-12,15.283,15.283,15.283,15.283,
1991-12-13,15.569,15.569,15.569,15.569,
1991-12-16,15.541,15.541,15.541,15.541,
1991-12-17,15.684,15.684,15.684,15.684,
1991-12-18,15.655,15.655,15.655,15.655,
1991-12-19,15.627,15.627,15.627,15.627,
1991-12-20,16.0,16.0,16.0,16.0,
1991-12-23,16.516,16.516,16.516,16.516,
1991-12-24,16.946,16.946,16.946,16.946,
1991-12-26,17.232,17.232,17.232,17.232,
1991-12-27,16.974,16.974,16.974,16.974,
1991-12-30,17.634,17.634,17.634,17.634,
1991-12-31,17.548,17.548,17.548,17.548,
1992-01-02,17.577,17.577,17.577,17.577,
1992-01-03,17.491,17.491,17.491,17.491,
1992-01-06,17.405,17.405,17.405,17.405,
1992-01-07,17.319,17.319,17.319,17.319,
1992-01-08,17.29,17.29,17.29,17.29,
1992-01-09,17.06,17.06,17.06,17.06,
1992-01-10,17.089,17.089,17.089,17.089,
1992-01-13,17.261,17.261,17.261,17.261,
1992-01-14,17.491,17.491,17.491,17.491,
1992-01-15,17.691,17.691,17.691,17.691,
1992-01-16,17.892,17.892,17.892,17.892,
1992-01-17,18.236,18.236,18.236,18.236,
1992-01-20,18.465,18.465,18.465,18.465,
1992-01-21,17.892,17.892,17.892,17.892,
1992-01-22,18.236,18.236,18.236,18.236,
1992-01-23,18.121,18.121,18.121,18.121,
1992-01-24,17.978,17.978,17.978,17.978,
1992-01-27,17.949,17.949,17.949,17.949,
1992-01-28,17.921,17.921,17.921,17.921,
1992-01-29,17.749,17.749,17.749,17.749,
1992-01-30,17.548,17.548,17.548,17.548,
1992-01-31,17.261,17.261,17.261,17.261,
1992-02-03,17.433,17.433,17.433,17.433,
1992-02-04,17.634,17.634,17.634,17.634,
1992-02-05,17.777,17.777,17.777,17.777,
1992-02-06,17.777,17.777,17.777,17.777,
1992-02-07,17.72,17.72,17.72,17.72,
1992-02-10,17.749,17.749,17.749,17.749,
1992-02-11,17.663,17.663,17.663,17.663,
1992-02-12,17.863,17.863,17.863,17.863,
1992-02-13,17.749,17.749,17.749,17.749,
1992-02-14,17.691,17.691,17.691,17.691,
1992-02-18,17.691,17.691,17.691,17.691,
1992-02-19,17.978,17.978,17.978,17.978,
1992-02-20,18.437,18.437,18.437,18.437,
1992-02-21,18.437,18.437,18.437,18.437,
1992-02-24,18.408,18.408,18.408,18.408,
1992-02-25,18.207,18.207,18.207,18.207,
1992-02-26,18.207,18.207,18.207,18.207,
1992-02-27,18.093,18.093,18.093,18.093,
1992-02-28,18.035,18.035,18.035,18.035,
1992-03-02,18.236,18.236,18.236,18.236,
1992-03-03,18.132,18.132,18.132,18.132,
1992-03-04,17.93,17.93,17.93,17.93,
1992-03-05,17.959,17.959,17.959,17.959,
1992-03-06,17.901,17.901,17.901,17.901,
1992-03-09,17.901,17.901,17.901,17.901,
1992-03-10,17.959,17.959,17.959,17.959,
1992-03-11,17.814,17.814,17.814,17.814,
1992-03-12,17.814,17.814,17.814,17.814,
1992-03-13,18.017,18.017,18.017,18.017,
1992-03-16,18.017,18.017,18.017,18.017,
1992-03-17,18.161,18.161,18.161,18.161,
1992-03-18,18.132,18.132,18.132,18.132,
1992-03-19,18.045,18.045,18.045,18.045,
1992-03-20,18.161,18.161,18.161,18.161,
1992-03-23,18.045,18.045,18.045,18.045,
1992-03-24,17.959,17.959,17.959,17.959,
1992-03-25,17.988,17.988,17.988,17.988,
1992-03-26,17.757,17.757,17.757,17.757,
1992-03-27,17.584,17.584,17.584,17.584,
1992-03-30,17.555,17.555,17.555,17.555,
1992-03-31,17.497,17.497,17.497,17.497,
1992-04-01,17.641,17.641,17.641,17.641,
1992-04-02,17.381,17.381,17.381,17.381,
1992-04-03,17.295,17.295,17.295,17.295,
1992-04-06,17.468,17.468,17.468,17.468,
1992-04-07,17.122,17.122,17.122,17.122,
1992-04-08,16.833,16.833,16.833,16.833,
1992-04-09,17.266,17.266,17.266,17.266,
1992-04-10,17.555,17.555,17.555,17.555,
1992-04-13,17.381,17.381,17.381,17.381,
1992-04-14,17.728,17.728,17.728,17.728,
1992-04-15,18.017,18.017,18.017,18.017,
1992-04-16,18.248,18.248,18.248,18.248,
1992-04-20,18.19,18.19,18.19,18.19,
1992-04-21,17.959,17.959,17.959,17.959,
1992-04-22,17.843,17.843,17.843,17.843,
1992-04-23,17.699,17.699,17.699,17.699,
1992-04-24,17.526,17.526,17.526,17.526,
1992-04-27,17.526,17.526,17.526,17.526,
1992-04-28,17.555,17.555,17.555,17.555,
1992-04-29,17.497,17.497,17.497,17.497,
1992-04-30,17.699,17.699,17.699,17.699,
1992-05-01,17.497,17.497,17.497,17.497,
1992-05-04,17.843,17.843,17.843,17.843,
1992-05-05,17.786,17.786,17.786,17.786,
1992-05-06,17.786,17.786,17.786,17.786,
1992-05-07,17.757,17.757,17.757,17.757,
1992-05-08,17.901,17.901,17.901,17.901,
1992-05-11,18.276,18.276,18.276,18.276,
1992-05-12,18.248,18.248,18.248,18.248,
1992-05-13,18.103,18.103,18.103,18.103,
1992-05-14,17.988,17.988,17.988,17.988,
1992-05-15,17.843,17.843,17.843,17.843,
1992-05-18,17.757,17.757,17.757,17.757,
1992-05-19,18.045,18.045,18.045,18.045,
1992-05-20,17.93,17.93,17.93,17.93,
1992-05-21,17.728,17.728,17.728,17.728,
1992-05-22,17.699,17.699,17.699,17.699,
1992-05-26,17.353,17.353,17.353,17.353,
1992-05-27,17.526,17.526,17.526,17.526,
1992-05-28,17.814,17.814,17.814,17.814,
1992-05-29,17.641,17.641,17.641,17.641,
1992-06-01,17.641,17.641,17.641,17.641,
1992-06-02,17.566,17.566,17.566,17.566,
1992-06-03,17.682,17.682,17.682,17.682,
1992-06-04,17.74,17.74,17.74,17.74,
1992-06-05,18.031,18.031,18.031,18.031,
1992-06-08,17.74,17.74,17.74,17.74,
1992-06-09,17.711,17.711,17.711,17.711,
1992-06-10,17.653,17.653,17.653,17.653,
1992-06-11,17.856,17.856,17.856,17.856,
1992-06-12,17.74,17.74,17.74,17.74,
1992-06-15,17.798,17.798,17.798,17.798,
1992-06-16,18.002,18.002,18.002,18.002,
1992-06-17,17.682,17.682,17.682,17.682,
1992-06-18,17.682,17.682,17.682,17.682,
1992-06-19,17.682,17.682,17.682,17.682,
1992-06-22,17.74,17.74,17.74,17.74,
1992-06-23,17.769,17.769,17.769,17.769,
1992-06-24,17.769,17.769,17.769,17.769,
1992-06-25,17.973,17.973,17.973,17.973,
1992-06-26,18.147,18.147,18.147,18.147,
1992-06-29,18.38,18.38,18.38,18.38,
1992-06-30,18.089,18.089,18.089,18.089,
1992-07-01,18.264,18.264,18.264,18.264,
1992-07-02,17.973,17.973,17.973,17.973,
1992-07-06,18.002,18.002,18.002,18.002,
1992-07-07,17.711,17.711,17.711,17.711,
1992-07-08,17.915,17.915,17.915,17.915,
1992-07-09,18.089,18.089,18.089,18.089,
1992-07-10,17.769,17.769,17.769,17.769,
1992-07-13,17.856,17.856,17.856,17.856,
1992-07-14,18.118,18.118,18.118,18.118,
1992-07-15,18.176,18.176,18.176,18.176,
1992-07-16,18.002,18.002,18.002,18.002,
1992-07-17,18.031,18.031,18.031,18.031,
1992-07-20,17.973,17.973,17.973,17.973,
1992-07-21,17.944,17.944,17.944,17.944,
1992-07-22,17.798,17.798,17.798,17.798,
1992-07-23,17.886,17.886,17.886,17.886,
1992-07-24,17.391,17.391,17.391,17.391,
1992-07-27,17.449,17.449,17.449,17.449,
1992-07-28,17.624,17.624,17.624,17.624,
1992-07-29,17.944,17.944,17.944,17.944,
1992-07-30,17.74,17.74,17.74,17.74,
1992-07-31,17.798,17.798,17.798,17.798,
1992-08-03,17.507,17.507,17.507,17.507,
1992-08-04,17.566,17.566,17.566,17.566,
1992-08-05,17.42,17.42,17.42,17.42,
1992-08-06,17.595,17.595,17.595,17.595,
1992-08-07,17.566,17.566,17.566,17.566,
1992-08-10,17.595,17.595,17.595,17.595,
1992-08-11,17.624,17.624,17.624,17.624,
1992-08-12,17.478,17.478,17.478,17.478,
1992-08-13,17.507,17.507,17.507,17.507,
1992-08-14,17.566,17.566,17.566,17.566,
1992-08-17,17.682,17.682,17.682,17.682,
1992-08-18,17.827,17.827,17.827,17.827,
1992-08-19,17.711,17.711,17.711,17.711,
1992-08-20,17.711,17.711,17.711,17.711,
1992-08-21,17.478,17.478,17.478,17.478,
1992-08-24,17.246,17.246,17.246,17.246,
1992-08-25,17.217,17.217,17.217,17.217,
1992-08-26,17.159,17.159,17.159,17.159,
1992-08-27,17.275,17.275,17.275,17.275,
1992-08-28,17.071,17.071,17.071,17.071,
1992-08-31,17.217,17.217,17.217,17.217,
1992-09-01,17.275,17.275,17.275,17.275,
1992-09-02,17.333,17.333,17.333,17.333,
1992-09-03,17.391,17.391,17.391,17.391,
1992-09-04,17.362,17.362,17.362,17.362,
1992-09-08,17.246,17.246,17.246,17.246,
1992-09-09,17.333,17.333,17.333,17.333,
1992-09-10,17.507,17.507,17.507,17.507,
1992-09-11,17.478,17.478,17.478,17.478,
1992-09-14,18.031,18.031,18.031,18.031,
1992-09-15,17.973,17.973,17.973,17.973,
1992-09-16,18.147,18.147,18.147,18.147,
1992-09-17,18.38,18.38,18.38,18.38,
1992-09-18,18.525,18.525,18.525,18.525,
1992-09-21,18.4,18.4,18.4,18.4,
1992-09-22,18.107,18.107,18.107,18.107,
1992-09-23,18.195,18.195,18.195,18.195,
1992-09-24,18.253,18.253,18.253,18.253,
1992-09-25,18.253,18.253,18.253,18.253,
1992-09-28,18.576,18.576,18.576,18.576,
1992-09-29,18.312,18.312,18.312,18.312,
1992-09-30,18.341,18.341,18.341,18.341,
1992-10-01,18.253,18.253,18.253,18.253,
1992-10-02,17.755,17.755,17.755,17.755,
1992-10-05,17.667,17.667,17.667,17.667,
1992-10-06,17.462,17.462,17.462,17.462,
1992-10-07,17.287,17.287,17.287,17.287,
1992-10-08,17.697,17.697,17.697,17.697,
1992-10-09,17.58,17.58,17.58,17.58,
1992-10-12,17.667,17.667,17.667,17.667,
1992-10-13,17.55,17.55,17.55,17.55,
1992-10-14,17.58,17.58,17.58,17.58,
1992-10-15,17.609,17.609,17.609,17.609,
1992-10-16,17.873,17.873,17.873,17.873,
1992-10-19,17.902,17.902,17.902,17.902,
1992-10-20,17.931,17.931,17.931,17.931,
1992-10-21,17.814,17.814,17.814,17.814,
1992-10-22,17.902,17.902,17.902,17.902,
1992-10-23,17.785,17.785,17.785,17.785,
1992-10-26,18.019,18.019,18.019,18.019,
1992-10-27,17.96,17.96,17.96,17.96,
1992-10-28,18.224,18.224,18.224,18.224,
1992-10-29,18.166,18.166,18.166,18.166,
1992-10-30,17.99,17.99,17.99,17.99,
1992-11-02,18.4,18.4,18.4,18.4,
1992-11-03,18.312,18.312,18.312,18.312,
1992-11-04,18.371,18.371,18.371,18.371,
1992-11-05,18.341,18.341,18.341,18.341,
1992-11-06,18.166,18.166,18.166,18.166,
1992-11-09,18.283,18.283,18.283,18.283,
1992-11-10,18.107,18.107,18.107,18.107,
1992-11-11,18.371,18.371,18.371,18.371,
1992-11-12,18.459,18.459,18.459,18.459,
1992-11-13,18.488,18.488,18.488,18.488,
1992-11-16,18.283,18.283,18.283,18.283,
1992-11-17,18.283,18.283,18.283,18.283,
1992-11-18,18.459,18.459,18.459,18.459,
1992-11-19,18.312,18.312,18.312,18.312,
1992-11-20,18.752,18.752,18.752,18.752,
1992-11-23,19.25,19.25,19.25,19.25,
1992-11-24,19.367,19.367,19.367,19.367,
1992-11-25,19.425,19.425,19.425,19.425,
1992-11-27,19.425,19.425,19.425,19.425,
1992-11-30,19.513,19.513,19.513,19.513,
1992-12-01,19.396,19.396,19.396,19.396,
1992-12-02,19.544,19.544,19.544,19.544,
1992-12-03,19.278,19.278,19.278,19.278,
1992-12-04,19.515,19.515,19.515,19.515,
1992-12-07,19.574,19.574,19.574,19.574,
1992-12-08,19.721,19.721,19.721,19.721,
1992-12-09,19.839,19.839,19.839,19.839,
1992-12-10,19.692,19.692,19.692,19.692,
1992-12-11,19.78,19.78,19.78,19.78,
1992-12-14,19.662,19.662,19.662,19.662,
1992-12-15,19.869,19.869,19.869,19.869,
1992-12-16,19.721,19.721,19.721,19.721,
1992-12-17,20.134,20.134,20.134,20.134,
1992-12-18,20.489,20.489,20.489,20.489,
1992-12-21,20.666,20.666,20.666,20.666,
1992-12-22,20.548,20.548,20.548,20.548,
1992-12-23,20.4,20.4,20.4,20.4,
1992-12-24,20.43,20.43,20.43,20.43,
1992-12-28,20.518,20.518,20.518,20.518,
1992-12-29,20.371,20.371,20.371,20.371,
1992-12-30,20.459,20.459,20.459,20.459,
1992-12-31,20.194,20.194,20.194,20.194,
1993-01-04,20.194,20.194,20.194,20.194,
1993-01-05,20.43,20.43,20.43,20.43,
1993-01-06,20.341,20.341,20.341,20.341,
1993-01-07,20.282,20.282,20.282,20.282,
1993-01-08,20.253,20.253,20.253,20.253,
1993-01-11,20.075,20.075,20.075,20.075,
1993-01-12,20.105,20.105,20.105,20.105,
1993-01-13,20.016,20.016,20.016,20.016,
1993-01-14,20.046,20.046,20.046,20.046,
1993-01-15,19.987,19.987,19.987,19.987,
1993-01-18,19.987,19.987,19.987,19.987,
1993-01-19,19.869,19.869,19.869,19.869,
1993-01-20,19.515,19.515,19.515,19.515,
1993-01-21,19.721,19.721,19.721,19.721,
1993-01-22,19.928,19.928,19.928,19.928,
1993-01-25,20.075,20.075,20.075,20.075,
1993-01-26,20.105,20.105,20.105,20.105,
1993-01-27,19.987,19.987,19.987,19.987,
1993-01-28,20.194,20.194,20.194,20.194,
1993-01-29,20.341,20.341,20.341,20.341,
1993-02-01,20.371,20.371,20.371,20.371,
1993-02-02,20.075,20.075,20.075,20.075,
1993-02-03,20.341,20.341,20.341,20.341,
1993-02-04,20.459,20.459,20.459,20.459,
1993-02-05,20.518,20.518,20.518,20.518,
1993-02-08,20.489,20.489,20.489,20.489,
1993-02-09,20.459,20.459,20.459,20.459,
1993-02-10,20.489,20.489,20.489,20.489,
1993-02-11,20.4,20.4,20.4,20.4,
1993-02-12,20.075,20.075,20.075,20.075,
1993-02-16,19.603,19.603,19.603,19.603,
1993-02-17,19.485,19.485,19.485,19.485,
1993-02-18,19.337,19.337,19.337,19.337,
1993-02-19,19.426,19.426,19.426,19.426,
1993-02-22,19.633,19.633,19.633,19.633,
1993-02-23,19.721,19.721,19.721,19.721,
1993-02-24,19.869,19.869,19.869,19.869,
1993-02-25,19.957,19.957,19.957,19.957,
1993-02-26,19.869,19.869,19.869,19.869,
1993-03-01,19.692,19.692,19.692,19.692,
1993-03-02,20.194,20.194,20.194,20.194,
1993-03-03,20.373,20.373,20.373,20.373,
1993-03-04,20.224,20.224,20.224,20.224,
1993-03-05,20.403,20.403,20.403,20.403,
1993-03-08,20.819,20.819,20.819,20.819,
1993-03-09,20.76,20.76,20.76,20.76,
1993-03-10,20.879,20.879,20.879,20.879,
1993-03-11,20.819,20.819,20.819,20.819,
1993-03-12,20.581,20.581,20.581,20.581,
1993-03-15,20.552,20.552,20.552,20.552,
1993-03-16,20.671,20.671,20.671,20.671,
1993-03-17,20.73,20.73,20.73,20.73,
1993-03-18,21.027,21.027,21.027,21.027,
1993-03-19,21.087,21.087,21.087,21.087,
1993-03-22,21.146,21.146,21.146,21.146,
1993-03-23,20.968,20.968,20.968,20.968,
1993-03-24,21.384,21.384,21.384,21.384,
1993-03-25,21.444,21.444,21.444,21.444,
1993-03-26,21.355,21.355,21.355,21.355,
1993-03-29,21.474,21.474,21.474,21.474,
1993-03-30,21.622,21.622,21.622,21.622,
1993-03-31,21.206,21.206,21.206,21.206,
1993-04-01,21.325,21.325,21.325,21.325,
1993-04-02,21.176,21.176,21.176,21.176,
1993-04-05,21.295,21.295,21.295,21.295,
1993-04-06,21.741,21.741,21.741,21.741,
1993-04-07,21.831,21.831,21.831,21.831,
1993-04-08,21.89,21.89,21.89,21.89,
1993-04-12,22.187,22.187,22.187,22.187,
1993-04-13,22.158,22.158,22.158,22.158,
1993-04-14,22.455,22.455,22.455,22.455,
1993-04-15,22.753,22.753,22.753,22.753,
1993-04-16,22.663,22.663,22.663,22.663,
1993-04-19,22.604,22.604,22.604,22.604,
1993-04-20,22.455,22.455,22.455,22.455,
1993-04-21,22.098,22.098,22.098,22.098,
1993-04-22,21.95,21.95,21.95,21.95,
1993-04-23,22.158,22.158,22.158,22.158,
1993-04-26,21.89,21.89,21.89,21.89,
1993-04-27,22.009,22.009,22.009,22.009,
1993-04-28,21.503,21.503,21.503,21.503,
1993-04-29,21.801,21.801,21.801,21.801,
1993-04-30,21.563,21.563,21.563,21.563,
1993-05-03,21.622,21.622,21.622,21.622,
1993-05-04,21.355,21.355,21.355,21.355,
1993-05-05,21.95,21.95,21.95,21.95,
1993-05-06,22.247,22.247,22.247,22.247,
1993-05-07,22.425,22.425,22.425,22.425,
1993-05-10,22.396,22.396,22.396,22.396,
1993-05-11,22.128,22.128,22.128,22.128,
1993-05-12,22.217,22.217,22.217,22.217,
1993-05-13,21.95,21.95,21.95,21.95,
1993-05-14,22.187,22.187,22.187,22.187,
1993-05-17,22.277,22.277,22.277,22.277,
1993-05-18,21.95,21.95,21.95,21.95,
1993-05-19,22.187,22.187,22.187,22.187,
1993-05-20,22.128,22.128,22.128,22.128,
1993-05-21,21.92,21.92,21.92,21.92,
1993-05-24,22.068,22.068,22.068,22.068,
1993-05-25,21.95,21.95,21.95,21.95,
1993-05-26,22.128,22.128,22.128,22.128,
1993-05-27,22.336,22.336,22.336,22.336,
1993-05-28,22.068,22.068,22.068,22.068,
1993-06-01,22.366,22.366,22.366,22.366,
1993-06-02,22.517,22.517,22.517,22.517,
1993-06-03,22.547,22.547,22.547,22.547,
1993-06-04,22.487,22.487,22.487,22.487,
1993-06-07,22.427,22.427,22.427,22.427,
1993-06-08,22.367,22.367,22.367,22.367,
1993-06-09,22.367,22.367,22.367,22.367,
1993-06-10,22.367,22.367,22.367,22.367,
1993-06-11,22.577,22.577,22.577,22.577,
1993-06-14,22.247,22.247,22.247,22.247,
1993-06-15,22.547,22.547,22.547,22.547,
1993-06-16,22.846,22.846,22.846,22.846,
1993-06-17,22.816,22.816,22.816,22.816,
1993-06-18,22.726,22.726,22.726,22.726,
1993-06-21,22.816,22.816,22.816,22.816,
1993-06-22,22.756,22.756,22.756,22.756,
1993-06-23,22.996,22.996,22.996,22.996,
1993-06-24,22.876,22.876,22.876,22.876,
1993-06-25,22.696,22.696,22.696,22.696,
1993-06-28,22.846,22.846,22.846,22.846,
1993-06-29,22.906,22.906,22.906,22.906,
1993-06-30,22.936,22.936,22.936,22.936,
1993-07-01,22.786,22.786,22.786,22.786,
1993-07-02,22.906,22.906,22.906,22.906,
1993-07-06,22.667,22.667,22.667,22.667,
1993-07-07,22.667,22.667,22.667,22.667,
1993-07-08,23.235,23.235,23.235,23.235,
1993-07-09,23.235,23.235,23.235,23.235,
1993-07-12,23.325,23.325,23.325,23.325,
1993-07-13,23.475,23.475,23.475,23.475,
1993-07-14,23.625,23.625,23.625,23.625,
1993-07-15,23.685,23.685,23.685,23.685,
1993-07-16,23.924,23.924,23.924,23.924,
1993-07-19,23.834,23.834,23.834,23.834,
1993-07-20,23.744,23.744,23.744,23.744,
1993-07-21,23.715,23.715,23.715,23.715,
1993-07-22,23.475,23.475,23.475,23.475,
1993-07-23,23.415,23.415,23.415,23.415,
1993-07-26,23.655,23.655,23.655,23.655,
1993-07-27,23.535,23.535,23.535,23.535,
1993-07-28,23.415,23.415,23.415,23.415,
1993-07-29,23.655,23.655,23.655,23.655,
1993-07-30,23.595,23.595,23.595,23.595,
1993-08-02,23.715,23.715,23.715,23.715,
1993-08-03,23.625,23.625,23.625,23.625,
1993-08-04,23.535,23.535,23.535,23.535,
1993-08-05,23.834,23.834,23.834,23.834,
1993-08-06,23.804,23.804,23.804,23.804,
1993-08-09,23.804,23.804,23.804,23.804,
1993-08-10,23.715,23.715,23.715,23.715,
1993-08-11,23.655,23.655,23.655,23.655,
1993-08-12,23.505,23.505,23.505,23.505,
1993-08-13,23.325,23.325,23.325,23.325,
1993-08-16,23.415,23.415,23.415,23.415,
1993-08-17,23.235,23.235,23.235,23.235,
1993-08-18,23.265,23.265,23.265,23.265,
1993-08-19,23.146,23.146,23.146,23.146,
1993-08-20,23.625,23.625,23.625,23.625,
1993-08-23,23.415,23.415,23.415,23.415,
1993-08-24,23.625,23.625,23.625,23.625,
1993-08-25,23.655,23.655,23.655,23.655,
1993-08-26,23.655,23.655,23.655,23.655,
1993-08-27,23.475,23.475,23.475,23.475,
1993-08-30,23.595,23.595,23.595,23.595,
1993-08-31,23.535,23.535,23.535,23.535,
1993-09-01,23.505,23.505,23.505,23.505,
1993-09-02,23.355,23.355,23.355,23.355,
1993-09-03,23.295,23.295,23.295,23.295,
1993-09-07,23.235,23.235,23.235,23.235,
1993-09-08,23.056,23.056,23.056,23.056,
1993-09-09,22.966,22.966,22.966,22.966,
1993-09-10,23.146,23.146,23.146,23.146,
1993-09-13,23.176,23.176,23.176,23.176,
1993-09-14,23.475,23.475,23.475,23.475,
1993-09-15,23.505,23.505,23.505,23.505,
1993-09-16,23.535,23.535,23.535,23.535,
1993-09-17,23.655,23.655,23.655,23.655,
1993-09-20,23.445,23.445,23.445,23.445,
1993-09-21,23.234,23.234,23.234,23.234,
1993-09-22,23.264,23.264,23.264,23.264,
1993-09-23,23.204,23.204,23.204,23.204,
1993-09-24,22.872,22.872,22.872,22.872,
1993-09-27,23.264,23.264,23.264,23.264,
1993-09-28,23.113,23.113,23.113,23.113,
1993-09-29,22.993,22.993,22.993,22.993,
1993-09-30,23.113,23.113,23.113,23.113,
1993-10-01,23.113,23.113,23.113,23.113,
1993-10-04,23.204,23.204,23.204,23.204,
1993-10-05,23.053,23.053,23.053,23.053,
1993-10-06,23.023,23.023,23.023,23.023,
1993-10-07,23.053,23.053,23.053,23.053,
1993-10-08,23.144,23.144,23.144,23.144,
1993-10-11,23.264,23.264,23.264,23.264,
1993-10-12,23.023,23.023,23.023,23.023,
1993-10-13,23.174,23.174,23.174,23.174,
1993-10-14,23.264,23.264,23.264,23.264,
1993-10-15,23.746,23.746,23.746,23.746,
1993-10-18,23.626,23.626,23.626,23.626,
1993-10-19,23.656,23.656,23.656,23.656,
1993-10-20,23.686,23.686,23.686,23.686,
1993-10-21,23.475,23.475,23.475,23.475,
1993-10-22,23.144,23.144,23.144,23.144,
1993-10-25,23.083,23.083,23.083,23.083,
1993-10-26,23.234,23.234,23.234,23.234,
1993-10-27,23.475,23.475,23.475,23.475,
1993-10-28,23.354,23.354,23.354,23.354,
1993-10-29,23.385,23.385,23.385,23.385,
1993-11-01,23.505,23.505,23.505,23.505,
1993-11-02,23.415,23.415,23.415,23.415,
1993-11-03,23.234,23.234,23.234,23.234,
1993-11-04,22.601,22.601,22.601,22.601,
1993-11-05,22.692,22.692,22.692,22.692,
1993-11-08,22.601,22.601,22.601,22.601,
1993-11-09,22.782,22.782,22.782,22.782,
1993-11-10,22.812,22.812,22.812,22.812,
1993-11-11,22.631,22.631,22.631,22.631,
1993-11-12,22.631,22.631,22.631,22.631,
1993-11-15,22.722,22.722,22.722,22.722,
1993-11-16,23.264,23.264,23.264,23.264,
1993-11-17,23.294,23.294,23.294,23.294,
1993-11-18,23.505,23.505,23.505,23.505,
1993-11-19,23.686,23.686,23.686,23.686,
1993-11-22,23.686,23.686,23.686,23.686,
1993-11-23,23.746,23.746,23.746,23.746,
1993-11-24,23.565,23.565,23.565,23.565,
1993-11-26,23.746,23.746,23.746,23.746,
1993-11-29,23.596,23.596,23.596,23.596,
1993-11-30,23.716,23.716,23.716,23.716,
1993-12-01,23.776,23.776,23.776,23.776,
1993-12-02,24.108,24.108,24.108,24.108,
1993-12-03,24.138,24.138,24.138,24.138,
1993-12-06,24.198,24.198,24.198,24.198,
1993-12-07,24.048,24.048,24.048,24.048,
1993-12-08,24.198,24.198,24.198,24.198,
1993-12-09,24.349,24.349,24.349,24.349,
1993-12-10,24.5,24.5,24.5,24.5,
1993-12-13,24.349,24.349,24.349,24.349,
1993-12-14,24.68,24.68,24.68,24.68,
1993-12-15,24.921,24.921,24.921,24.921,
1993-12-16,24.952,24.952,24.952,24.952,
1993-12-17,25.343,25.343,25.343,25.343,
1993-12-20,25.132,25.132,25.132,25.132,
1993-12-21,25.404,25.404,25.404,25.404,
1993-12-22,25.404,25.404,25.404,25.404,
1993-12-23,25.584,25.584,25.584,25.584,
1993-12-27,25.911,25.911,25.911,25.911,
1993-12-28,25.85,25.85,25.85,25.85,
1993-12-29,25.85,25.85,25.85,25.85,
1993-12-30,25.699,25.699,25.699,25.699,
1993-12-31,25.456,25.456,25.456,25.456,
1994-01-03,25.243,25.243,25.243,25.243,
1994-01-04,25.152,25.152,25.152,25.152,
1994-01-05,25.001,25.001,25.001,25.001,
1994-01-06,25.213,25.213,25.213,25.213,
1994-01-07,25.334,25.334,25.334,25.334,
1994-01-10,25.456,25.456,25.456,25.456,
1994-01-11,25.638,25.638,25.638,25.638,
1994-01-12,25.729,25.729,25.729,25.729,
1994-01-13,25.547,25.547,25.547,25.547,
1994-01-14,25.911,25.911,25.911,25.911,
1994-01-17,26.002,26.002,26.002,26.002,
1994-01-18,26.305,26.305,26.305,26.305,
1994-01-19,26.396,26.396,26.396,26.396,
1994-01-20,26.336,26.336,26.336,26.336,
1994-01-21,26.214,26.214,26.214,26.214,
1994-01-24,26.154,26.154,26.154,26.154,
1994-01-25,25.972,25.972,25.972,25.972,
1994-01-26,25.85,25.85,25.85,25.85,
1994-01-27,26.275,26.275,26.275,26.275,
1994-01-28,26.184,26.184,26.184,26.184,
1994-01-31,26.154,26.154,26.154,26.154,
1994-02-01,25.941,25.941,25.941,25.941,
1994-02-02,26.487,26.487,26.487,26.487,
1994-02-03,26.639,26.639,26.639,26.639,
1994-02-04,25.85,25.85,25.85,25.85,
1994-02-07,26.275,26.275,26.275,26.275,
1994-02-08,26.032,26.032,26.032,26.032,
1994-02-09,26.275,26.275,26.275,26.275,
1994-02-10,25.85,25.85,25.85,25.85,
1994-02-11,26.032,26.032,26.032,26.032,
1994-02-14,26.245,26.245,26.245,26.245,
1994-02-15,26.457,26.457,26.457,26.457,
1994-02-16,26.396,26.396,26.396,26.396,
1994-02-17,26.487,26.487,26.487,26.487,
1994-02-18,26.214,26.214,26.214,26.214,
1994-02-22,26.214,26.214,26.214,26.214,
1994-02-23,26.063,26.063,26.063,26.063,
1994-02-24,25.577,25.577,25.577,25.577,
1994-02-25,25.516,25.516,25.516,25.516,
1994-02-28,25.577,25.577,25.577,25.577,
1994-03-01,25.638,25.638,25.638,25.638,
1994-03-02,25.844,25.844,25.844,25.844,
1994-03-03,25.661,25.661,25.661,25.661,
1994-03-04,25.631,25.631,25.631,25.631,
1994-03-07,25.844,25.844,25.844,25.844,
1994-03-08,25.661,25.661,25.661,25.661,
1994-03-09,25.753,25.753,25.753,25.753,
1994-03-10,25.539,25.539,25.539,25.539,
1994-03-11,25.722,25.722,25.722,25.722,
1994-03-14,25.722,25.722,25.722,25.722,
1994-03-15,25.631,25.631,25.631,25.631,
1994-03-16,25.356,25.356,25.356,25.356,
1994-03-17,25.172,25.172,25.172,25.172,
1994-03-18,25.539,25.539,25.539,25.539,
1994-03-21,25.417,25.417,25.417,25.417,
1994-03-22,25.233,25.233,25.233,25.233,
1994-03-23,25.386,25.386,25.386,25.386,
1994-03-24,25.325,25.325,25.325,25.325,
1994-03-25,24.958,24.958,24.958,24.958,
1994-03-28,25.294,25.294,25.294,25.294,
1994-03-29,24.989,24.989,24.989,24.989,
1994-03-30,24.134,24.134,24.134,24.134,
1994-03-31,24.439,24.439,24.439,24.439,
1994-04-04,23.95,23.95,23.95,23.95,
1994-04-05,24.164,24.164,24.164,24.164,
1994-04-06,23.859,23.859,23.859,23.859,
1994-04-07,24.011,24.011,24.011,24.011,
1994-04-08,23.767,23.767,23.767,23.767,
1994-04-11,24.042,24.042,24.042,24.042,
1994-04-12,24.256,24.256,24.256,24.256,
1994-04-13,24.164,24.164,24.164,24.164,
1994-04-14,23.828,23.828,23.828,23.828,
1994-04-15,23.645,23.645,23.645,23.645,
1994-04-18,23.187,23.187,23.187,23.187,
1994-04-19,23.339,23.339,23.339,23.339,
1994-04-20,23.339,23.339,23.339,23.339,
1994-04-21,23.523,23.523,23.523,23.523,
1994-04-22,23.462,23.462,23.462,23.462,
1994-04-25,23.645,23.645,23.645,23.645,
1994-04-26,23.462,23.462,23.462,23.462,
1994-04-28,23.614,23.614,23.614,23.614,
1994-04-29,23.278,23.278,23.278,23.278,
1994-05-02,23.431,23.431,23.431,23.431,
1994-05-03,23.523,23.523,23.523,23.523,
1994-05-04,23.92,23.92,23.92,23.92,
1994-05-05,23.889,23.889,23.889,23.889,
1994-05-06,23.614,23.614,23.614,23.614,
1994-05-09,23.187,23.187,23.187,23.187,
1994-05-10,23.217,23.217,23.217,23.217,
1994-05-11,22.789,22.789,22.789,22.789,
1994-05-12,22.912,22.912,22.912,22.912,
1994-05-13,23.309,23.309,23.309,23.309,
1994-05-16,23.156,23.156,23.156,23.156,
1994-05-17,23.278,23.278,23.278,23.278,
1994-05-18,23.4,23.4,23.4,23.4,
1994-05-19,23.584,23.584,23.584,23.584,
1994-05-20,23.278,23.278,23.278,23.278,
1994-05-23,22.973,22.973,22.973,22.973,
1994-05-24,23.217,23.217,23.217,23.217,
1994-05-25,23.217,23.217,23.217,23.217,
1994-05-26,23.706,23.706,23.706,23.706,
1994-05-27,23.95,23.95,23.95,23.95,
1994-05-31,24.317,24.317,24.317,24.317,
1994-06-01,24.5,24.5,24.5,24.5,
1994-06-02,24.439,24.439,24.439,24.439,
1994-06-03,24.134,24.134,24.134,24.134,
1994-06-06,23.828,23.828,23.828,23.828,
1994-06-07,23.828,23.828,23.828,23.828,
1994-06-08,23.523,23.523,23.523,23.523,
1994-06-09,23.645,23.645,23.645,23.645,
1994-06-10,23.339,23.339,23.339,23.339,
1994-06-13,23.584,23.584,23.584,23.584,
1994-06-14,23.462,23.462,23.462,23.462,
1994-06-15,23.217,23.217,23.217,23.217,
1994-06-16,23.462,23.462,23.462,23.462,
1994-06-17,23.339,23.339,23.339,23.339,
1994-06-20,23.156,23.156,23.156,23.156,
1994-06-21,22.545,22.545,22.545,22.545,
1994-06-22,22.362,22.362,22.362,22.362,
1994-06-23,22.606,22.606,22.606,22.606,
1994-06-24,22.606,22.606,22.606,22.606,
1994-06-27,23.156,23.156,23.156,23.156,
1994-06-28,23.272,23.272,23.272,23.272,
1994-06-29,23.457,23.457,23.457,23.457,
1994-06-30,22.964,22.964,22.964,22.964,
1994-07-01,22.841,22.841,22.841,22.841,
1994-07-05,23.149,23.149,23.149,23.149,
1994-07-06,23.272,23.272,23.272,23.272,
1994-07-07,23.333,23.333,23.333,23.333,
1994-07-08,23.333,23.333,23.333,23.333,
1994-07-11,23.272,23.272,23.272,23.272,
1994-07-12,23.087,23.087,23.087,23.087,
1994-07-13,23.087,23.087,23.087,23.087,
1994-07-14,23.457,23.457,23.457,23.457,
1994-07-15,23.58,23.58,23.58,23.58,
1994-07-18,23.58,23.58,23.58,23.58,
1994-07-19,24.072,24.072,24.072,24.072,
1994-07-20,24.011,24.011,24.011,24.011,
1994-07-21,23.887,23.887,23.887,23.887,
1994-07-22,24.442,24.442,24.442,24.442,
1994-07-25,24.565,24.565,24.565,24.565,
1994-07-26,24.195,24.195,24.195,24.195,
1994-07-27,24.011,24.011,24.011,24.011,
1994-07-28,24.38,24.38,24.38,24.38,
1994-07-29,24.811,24.811,24.811,24.811,
1994-08-01,24.749,24.749,24.749,24.749,
1994-08-02,24.626,24.626,24.626,24.626,
1994-08-03,24.442,24.442,24.442,24.442,
1994-08-04,23.887,23.887,23.887,23.887,
1994-08-05,24.134,24.134,24.134,24.134,
1994-08-08,24.38,24.38,24.38,24.38,
1994-08-09,24.072,24.072,24.072,24.072,
1994-08-10,23.764,23.764,23.764,23.764,
1994-08-11,23.457,23.457,23.457,23.457,
1994-08-12,23.703,23.703,23.703,23.703,
1994-08-15,24.011,24.011,24.011,24.011,
1994-08-16,23.887,23.887,23.887,23.887,
1994-08-17,23.58,23.58,23.58,23.58,
1994-08-18,23.21,23.21,23.21,23.21,
1994-08-19,23.58,23.58,23.58,23.58,
1994-08-22,23.518,23.518,23.518,23.518,
1994-08-23,24.011,24.011,24.011,24.011,
1994-08-24,24.257,24.257,24.257,24.257,
1994-08-25,24.442,24.442,24.442,24.442,
1994-08-26,24.996,24.996,24.996,24.996,
1994-08-29,24.749,24.749,24.749,24.749,
1994-08-30,24.626,24.626,24.626,24.626,
1994-08-31,24.503,24.503,24.503,24.503,
1994-09-01,24.749,24.749,24.749,24.749,
1994-09-02,24.626,24.626,24.626,24.626,
1994-09-06,24.318,24.318,24.318,24.318,
1994-09-07,24.134,24.134,24.134,24.134,
1994-09-08,24.195,24.195,24.195,24.195,
1994-09-09,24.195,24.195,24.195,24.195,
1994-09-12,24.195,24.195,24.195,24.195,
1994-09-13,24.38,24.38,24.38,24.38,
1994-09-14,24.749,24.749,24.749,24.749,
1994-09-15,25.303,25.303,25.303,25.303,
1994-09-16,25.119,25.119,25.119,25.119,
1994-09-19,24.873,24.873,24.873,24.873,
1994-09-20,24.38,24.38,24.38,24.38,
1994-09-21,24.38,24.38,24.38,24.38,
1994-09-22,24.195,24.195,24.195,24.195,
1994-09-23,24.011,24.011,24.011,24.011,
1994-09-26,24.437,24.437,24.437,24.437,
1994-09-27,24.189,24.189,24.189,24.189,
1994-09-28,24.189,24.189,24.189,24.189,
1994-09-29,24.189,24.189,24.189,24.189,
1994-09-30,23.879,23.879,23.879,23.879,
1994-10-03,23.631,23.631,23.631,23.631,
1994-10-04,23.321,23.321,23.321,23.321,
1994-10-05,23.507,23.507,23.507,23.507,
1994-10-06,23.321,23.321,23.321,23.321,
1994-10-07,23.197,23.197,23.197,23.197,
1994-10-10,23.259,23.259,23.259,23.259,
1994-10-11,24.003,24.003,24.003,24.003,
1994-10-12,24.871,24.871,24.871,24.871,
1994-10-13,24.809,24.809,24.809,24.809,
1994-10-14,24.996,24.996,24.996,24.996,
1994-10-17,24.996,24.996,24.996,24.996,
1994-10-18,24.747,24.747,24.747,24.747,
1994-10-19,24.933,24.933,24.933,24.933,
1994-10-20,24.313,24.313,24.313,24.313,
1994-10-21,23.507,23.507,23.507,23.507,
1994-10-24,23.755,23.755,23.755,23.755,
1994-10-25,23.693,23.693,23.693,23.693,
1994-10-26,23.755,23.755,23.755,23.755,
1994-10-27,23.879,23.879,23.879,23.879,
1994-10-28,24.499,24.499,24.499,24.499,
1994-10-31,24.251,24.251,24.251,24.251,
1994-11-01,24.065,24.065,24.065,24.065,
1994-11-02,23.941,23.941,23.941,23.941,
1994-11-03,24.065,24.065,24.065,24.065,
1994-11-04,23.817,23.817,23.817,23.817,
1994-11-07,23.941,23.941,23.941,23.941,
1994-11-08,24.375,24.375,24.375,24.375,
1994-11-09,24.189,24.189,24.189,24.189,
1994-11-10,24.189,24.189,24.189,24.189,
1994-11-11,24.189,24.189,24.189,24.189,
1994-11-14,24.189,24.189,24.189,24.189,
1994-11-15,24.189,24.189,24.189,24.189,
1994-11-16,24.437,24.437,24.437,24.437,
1994-11-17,24.189,24.189,24.189,24.189,
1994-11-18,24.189,24.189,24.189,24.189,
1994-11-21,23.507,23.507,23.507,23.507,
1994-11-22,23.073,23.073,23.073,23.073,
1994-11-23,22.949,22.949,22.949,22.949,
1994-11-25,22.949,22.949,22.949,22.949,
1994-11-28,23.445,23.445,23.445,23.445,
1994-11-29,23.135,23.135,23.135,23.135,
1994-11-30,22.825,22.825,22.825,22.825,
1994-12-01,22.639,22.639,22.639,22.639,
1994-12-02,23.383,23.383,23.383,23.383,
1994-12-05,23.259,23.259,23.259,23.259,
1994-12-06,23.073,23.073,23.073,23.073,
1994-12-07,23.507,23.507,23.507,23.507,
1994-12-08,22.887,22.887,22.887,22.887,
1994-12-09,23.259,23.259,23.259,23.259,
1994-12-12,23.507,23.507,23.507,23.507,
1994-12-13,23.755,23.755,23.755,23.755,
1994-12-14,24.189,24.189,24.189,24.189,
1994-12-15,24.313,24.313,24.313,24.313,
1994-12-16,24.933,24.933,24.933,24.933,
1994-12-19,24.809,24.809,24.809,24.809,
1994-12-20,24.685,24.685,24.685,24.685,
1994-12-21,24.747,24.747,24.747,24.747,
1994-12-22,25.058,25.058,25.058,25.058,
1994-12-23,24.887,24.887,24.887,24.887,
1994-12-27,25.638,25.638,25.638,25.638,
1994-12-28,25.575,25.575,25.575,25.575,
1994-12-29,25.825,25.825,25.825,25.825,
1994-12-30,25.513,25.513,25.513,25.513,
1995-01-03,25.513,25.513,25.513,25.513,
1995-01-04,25.513,25.513,25.513,25.513,
1995-01-05,25.575,25.575,25.575,25.575,
1995-01-06,25.45,25.45,25.45,25.45,
1995-01-09,25.2,25.2,25.2,25.2,
1995-01-10,25.388,25.388,25.388,25.388,
1995-01-11,25.763,25.763,25.763,25.763,
1995-01-12,25.7,25.7,25.7,25.7,
1995-01-13,26.013,26.013,26.013,26.013,
1995-01-16,26.326,26.326,26.326,26.326,
1995-01-17,26.013,26.013,26.013,26.013,
1995-01-18,26.138,26.138,26.138,26.138,
1995-01-19,25.513,25.513,25.513,25.513,
1995-01-20,25.513,25.513,25.513,25.513,
1995-01-23,25.138,25.138,25.138,25.138,
1995-01-24,25.2,25.2,25.2,25.2,
1995-01-25,25.388,25.388,25.388,25.388,
1995-01-26,25.513,25.513,25.513,25.513,
1995-01-27,25.263,25.263,25.263,25.263,
1995-01-30,25.575,25.575,25.575,25.575,
1995-01-31,25.763,25.763,25.763,25.763,
1995-02-01,25.575,25.575,25.575,25.575,
1995-02-02,25.638,25.638,25.638,25.638,
1995-02-03,26.076,26.076,26.076,26.076,
1995-02-06,26.013,26.013,26.013,26.013,
1995-02-07,26.013,26.013,26.013,26.013,
1995-02-08,26.013,26.013,26.013,26.013,
1995-02-09,26.138,26.138,26.138,26.138,
1995-02-10,26.076,26.076,26.076,26.076,
1995-02-13,26.326,26.326,26.326,26.326,
1995-02-14,26.326,26.326,26.326,26.326,
1995-02-15,26.826,26.826,26.826,26.826,
1995-02-16,27.076,27.076,27.076,27.076,
1995-02-17,26.826,26.826,26.826,26.826,
1995-02-21,26.951,26.951,26.951,26.951,
1995-02-22,27.576,27.576,27.576,27.576,
1995-02-23,27.701,27.701,27.701,27.701,
1995-02-24,27.389,27.389,27.389,27.389,
1995-02-27,26.826,26.826,26.826,26.826,
1995-02-28,27.389,27.389,27.389,27.389,
1995-03-01,27.28,27.28,27.28,27.28,
1995-03-02,26.776,26.776,26.776,26.776,
1995-03-03,26.713,26.713,26.713,26.713,
1995-03-06,26.587,26.587,26.587,26.587,
1995-03-07,26.524,26.524,26.524,26.524,
1995-03-08,26.839,26.839,26.839,26.839,
1995-03-09,26.839,26.839,26.839,26.839,
1995-03-10,27.595,27.595,27.595,27.595,
1995-03-13,27.532,27.532,27.532,27.532,
1995-03-14,27.721,27.721,27.721,27.721,
1995-03-15,27.091,27.091,27.091,27.091,
1995-03-16,27.658,27.658,27.658,27.658,
1995-03-17,27.343,27.343,27.343,27.343,
1995-03-20,27.28,27.28,27.28,27.28,
1995-03-21,27.406,27.406,27.406,27.406,
1995-03-22,27.532,27.532,27.532,27.532,
1995-03-23,27.469,27.469,27.469,27.469,
1995-03-24,27.721,27.721,27.721,27.721,
1995-03-27,27.532,27.532,27.532,27.532,
1995-03-28,27.658,27.658,27.658,27.658,
1995-03-29,27.721,27.721,27.721,27.721,
1995-03-30,27.595,27.595,27.595,27.595,
1995-03-31,27.217,27.217,27.217,27.217,
1995-04-03,27.532,27.532,27.532,27.532,
1995-04-04,27.658,27.658,27.658,27.658,
1995-04-05,27.658,27.658,27.658,27.658,
1995-04-06,27.847,27.847,27.847,27.847,
1995-04-07,27.658,27.658,27.658,27.658,
1995-04-10,27.721,27.721,27.721,27.721,
1995-04-11,27.595,27.595,27.595,27.595,
1995-04-12,27.595,27.595,27.595,27.595,
1995-04-13,27.721,27.721,27.721,27.721,
1995-04-17,27.154,27.154,27.154,27.154,
1995-04-18,27.217,27.217,27.217,27.217,
1995-04-19,27.595,27.595,27.595,27.595,
1995-04-20,27.217,27.217,27.217,27.217,
1995-04-21,27.721,27.721,27.721,27.721,
1995-04-24,27.973,27.973,27.973,27.973,
1995-04-25,28.099,28.099,28.099,28.099,
1995-04-26,28.162,28.162,28.162,28.162,
1995-04-27,28.414,28.414,28.414,28.414,
1995-04-28,28.225,28.225,28.225,28.225,
1995-05-01,28.414,28.414,28.414,28.414,
1995-05-02,28.351,28.351,28.351,28.351,
1995-05-03,28.54,28.54,28.54,28.54,
1995-05-04,28.792,28.792,28.792,28.792,
1995-05-05,28.918,28.918,28.918,28.918,
1995-05-08,29.485,29.485,29.485,29.485,
1995-05-09,29.548,29.548,29.548,29.548,
1995-05-10,29.8,29.8,29.8,29.8,
1995-05-11,29.422,29.422,29.422,29.422,
1995-05-12,29.737,29.737,29.737,29.737,
1995-05-15,29.044,29.044,29.044,29.044,
1995-05-16,28.666,28.666,28.666,28.666,
1995-05-17,28.981,28.981,28.981,28.981,
1995-05-18,28.477,28.477,28.477,28.477,
1995-05-19,28.477,28.477,28.477,28.477,
1995-05-22,28.792,28.792,28.792,28.792,
1995-05-23,29.044,29.044,29.044,29.044,
1995-05-24,28.792,28.792,28.792,28.792,
1995-05-25,28.477,28.477,28.477,28.477,
1995-05-26,28.414,28.414,28.414,28.414,
1995-05-30,28.54,28.54,28.54,28.54,
1995-05-31,29.233,29.233,29.233,29.233,
1995-06-01,29.233,29.233,29.233,29.233,
1995-06-02,28.603,28.603,28.603,28.603,
1995-06-05,29.17,29.17,29.17,29.17,
1995-06-06,29.044,29.044,29.044,29.044,
1995-06-07,28.918,28.918,28.918,28.918,
1995-06-08,28.666,28.666,28.666,28.666,
1995-06-09,28.036,28.036,28.036,28.036,
1995-06-12,28.603,28.603,28.603,28.603,
1995-06-13,28.981,28.981,28.981,28.981,
1995-06-14,29.107,29.107,29.107,29.107,
1995-06-15,29.107,29.107,29.107,29.107,
1995-06-16,28.918,28.918,28.918,28.918,
1995-06-19,29.17,29.17,29.17,29.17,
1995-06-20,28.855,28.855,28.855,28.855,
1995-06-21,28.792,28.792,28.792,28.792,
1995-06-22,28.855,28.855,28.855,28.855,
1995-06-23,28.792,28.792,28.792,28.792,
1995-06-26,28.666,28.666,28.666,28.666,
1995-06-27,28.603,28.603,28.603,28.603,
1995-06-28,28.603,28.603,28.603,28.603,
1995-06-29,28.225,28.225,28.225,28.225,
1995-06-30,28.624,28.624,28.624,28.624,
1995-07-03,28.973,28.973,28.973,28.973,
1995-07-05,29.322,29.322,29.322,29.322,
1995-07-06,29.957,29.957,29.957,29.957,
1995-07-07,30.465,30.465,30.465,30.465,
1995-07-10,30.338,30.338,30.338,30.338,
1995-07-11,29.957,29.957,29.957,29.957,
1995-07-12,30.02,30.02,30.02,30.02,
1995-07-13,29.703,29.703,29.703,29.703,
1995-07-14,29.513,29.513,29.513,29.513,
1995-07-17,30.211,30.211,30.211,30.211,
1995-07-18,29.957,29.957,29.957,29.957,
1995-07-19,29.513,29.513,29.513,29.513,
1995-07-20,30.147,30.147,30.147,30.147,
1995-07-21,30.401,30.401,30.401,30.401,
1995-07-24,30.274,30.274,30.274,30.274,
1995-07-25,30.274,30.274,30.274,30.274,
1995-07-26,30.084,30.084,30.084,30.084,
1995-07-27,30.084,30.084,30.084,30.084,
1995-07-28,29.83,29.83,29.83,29.83,
1995-07-31,29.957,29.957,29.957,29.957,
1995-08-01,29.766,29.766,29.766,29.766,
1995-08-02,29.132,29.132,29.132,29.132,
1995-08-03,29.132,29.132,29.132,29.132,
1995-08-04,29.259,29.259,29.259,29.259,
1995-08-07,29.83,29.83,29.83,29.83,
1995-08-08,29.957,29.957,29.957,29.957,
1995-08-09,29.766,29.766,29.766,29.766,
1995-08-10,29.449,29.449,29.449,29.449,
1995-08-11,29.322,29.322,29.322,29.322,
1995-08-14,29.766,29.766,29.766,29.766,
1995-08-15,29.766,29.766,29.766,29.766,
1995-08-16,29.576,29.576,29.576,29.576,
1995-08-17,29.259,29.259,29.259,29.259,
1995-08-18,29.068,29.068,29.068,29.068,
1995-08-21,29.195,29.195,29.195,29.195,
1995-08-22,29.195,29.195,29.195,29.195,
1995-08-23,29.068,29.068,29.068,29.068,
1995-08-24,29.322,29.322,29.322,29.322,
1995-08-25,29.639,29.639,29.639,29.639,
1995-08-28,29.83,29.83,29.83,29.83,
1995-08-29,29.893,29.893,29.893,29.893,
1995-08-30,29.957,29.957,29.957,29.957,
1995-08-31,29.893,29.893,29.893,29.893,
1995-09-01,29.83,29.83,29.83,29.83,
1995-09-05,29.83,29.83,29.83,29.83,
1995-09-06,30.147,30.147,30.147,30.147,
1995-09-07,30.02,30.02,30.02,30.02,
1995-09-08,29.83,29.83,29.83,29.83,
1995-09-11,29.893,29.893,29.893,29.893,
1995-09-12,30.465,30.465,30.465,30.465,
1995-09-13,30.782,30.782,30.782,30.782,
1995-09-14,31.67,31.67,31.67,31.67,
1995-09-15,32.432,32.432,32.432,32.432,
1995-09-18,31.67,31.67,31.67,31.67,
1995-09-19,31.48,31.48,31.48,31.48,
1995-09-20,31.48,31.48,31.48,31.48,
1995-09-21,31.543,31.543,31.543,31.543,
1995-09-22,31.988,31.988,31.988,31.988,
1995-09-25,32.686,32.686,32.686,32.686,
1995-09-26,32.622,32.622,32.622,32.622,
1995-09-27,32.449,32.449,32.449,32.449,
1995-09-28,32.321,32.321,32.321,32.321,
1995-09-29,32.576,32.576,32.576,32.576,
1995-10-02,32.449,32.449,32.449,32.449,
1995-10-03,32.257,32.257,32.257,32.257,
1995-10-04,32.513,32.513,32.513,32.513,
1995-10-05,32.193,32.193,32.193,32.193,
1995-10-06,32.129,32.129,32.129,32.129,
1995-10-09,32.129,32.129,32.129,32.129,
1995-10-10,32.002,32.002,32.002,32.002,
1995-10-11,31.746,31.746,31.746,31.746,
1995-10-12,32.129,32.129,32.129,32.129,
1995-10-13,32.193,32.193,32.193,32.193,
1995-10-16,32.129,32.129,32.129,32.129,
1995-10-17,32.704,32.704,32.704,32.704,
1995-10-18,32.832,32.832,32.832,32.832,
1995-10-19,33.343,33.343,33.343,33.343,
1995-10-20,33.024,33.024,33.024,33.024,
1995-10-23,32.449,32.449,32.449,32.449,
1995-10-24,32.193,32.193,32.193,32.193,
1995-10-25,32.193,32.193,32.193,32.193,
1995-10-26,31.938,31.938,31.938,31.938,
1995-10-27,31.81,31.81,31.81,31.81,
1995-10-30,32.257,32.257,32.257,32.257,
1995-10-31,32.321,32.321,32.321,32.321,
1995-11-01,31.81,31.81,31.81,31.81,
1995-11-02,32.449,32.449,32.449,32.449,
1995-11-03,32.065,32.065,32.065,32.065,
1995-11-06,32.129,32.129,32.129,32.129,
1995-11-07,32.449,32.449,32.449,32.449,
1995-11-08,33.151,33.151,33.151,33.151,
1995-11-09,33.215,33.215,33.215,33.215,
1995-11-10,33.535,33.535,33.535,33.535,
1995-11-13,33.535,33.535,33.535,33.535,
1995-11-14,33.471,33.471,33.471,33.471,
1995-11-15,33.726,33.726,33.726,33.726,
1995-11-16,34.557,34.557,34.557,34.557,
1995-11-17,34.237,34.237,34.237,34.237,
1995-11-20,33.982,33.982,33.982,33.982,
1995-11-21,34.429,34.429,34.429,34.429,
1995-11-22,33.854,33.854,33.854,33.854,
1995-11-24,33.726,33.726,33.726,33.726,
1995-11-27,33.407,33.407,33.407,33.407,
1995-11-28,34.237,34.237,34.237,34.237,
1995-11-29,34.557,34.557,34.557,34.557,
1995-11-30,34.301,34.301,34.301,34.301,
1995-12-01,35.068,35.068,35.068,35.068,
1995-12-04,35.515,35.515,35.515,35.515,
1995-12-05,35.706,35.706,35.706,35.706,
1995-12-06,36.473,36.473,36.473,36.473,
1995-12-07,36.217,36.217,36.217,36.217,
1995-12-08,35.962,35.962,35.962,35.962,
1995-12-11,36.153,36.153,36.153,36.153,
1995-12-12,36.792,36.792,36.792,36.792,
1995-12-13,36.792,36.792,36.792,36.792,
1995-12-14,36.473,36.473,36.473,36.473,
1995-12-15,36.984,36.984,36.984,36.984,
1995-12-18,37.112,37.112,37.112,37.112,
1995-12-19,36.792,36.792,36.792,36.792,
1995-12-20,35.77,35.77,35.77,35.77,
1995-12-21,36.026,36.026,36.026,36.026,
1995-12-22,36.601,36.601,36.601,36.601,
1995-12-26,36.856,36.856,36.856,36.856,
1995-12-27,36.9,36.9,36.9,36.9,
1995-12-28,36.578,36.578,36.578,36.578,
1995-12-29,37.028,37.028,37.028,37.028,
1996-01-02,37.8,37.8,37.8,37.8,
1996-01-03,37.864,37.864,37.864,37.864,
1996-01-04,37.414,37.414,37.414,37.414,
1996-01-05,37.478,37.478,37.478,37.478,
1996-01-08,37.736,37.736,37.736,37.736,
1996-01-09,37.374,37.374,37.374,37.374,
1996-01-10,36.193,36.193,36.193,36.193,
1996-01-11,36.257,36.257,36.257,36.257,
1996-01-12,36.128,36.128,36.128,36.128,
1996-01-15,36.128,36.128,36.128,36.128,
1996-01-16,36.45,36.45,36.45,36.45,
1996-01-17,36.707,36.707,36.707,36.707,
1996-01-18,37.286,37.286,37.286,37.286,
1996-01-19,38.186,38.186,38.186,38.186,
1996-01-22,38.057,38.057,38.057,38.057,
1996-01-23,37.543,37.543,37.543,37.543,
1996-01-24,37.928,37.928,37.928,37.928,
1996-01-25,38.443,38.443,38.443,38.443,
1996-01-26,38.828,38.828,38.828,38.828,
1996-01-29,38.507,38.507,38.507,38.507,
1996-01-30,38.828,38.828,38.828,38.828,
1996-01-31,39.471,39.471,39.471,39.471,
1996-02-01,39.6,39.6,39.6,39.6,
1996-02-02,39.664,39.664,39.664,39.664,
1996-02-05,40.178,40.178,40.178,40.178,
1996-02-06,40.693,40.693,40.693,40.693,
1996-02-07,40.307,40.307,40.307,40.307,
1996-02-08,40.886,40.886,40.886,40.886,
1996-02-09,40.821,40.821,40.821,40.821,
1996-02-12,40.95,40.95,40.95,40.95,
1996-02-13,41.014,41.014,41.014,41.014,
1996-02-14,40.5,40.5,40.5,40.5,
1996-02-15,40.114,40.114,40.114,40.114,
1996-02-16,39.857,39.857,39.857,39.857,
1996-02-20,39.6,39.6,39.6,39.6,
1996-02-21,40.05,40.05,40.05,40.05,
1996-02-22,40.95,40.95,40.95,40.95,
1996-02-23,41.014,41.014,41.014,41.014,
1996-02-26,40.371,40.371,40.371,40.371,
1996-02-27,39.986,39.986,39.986,39.986,
1996-02-28,39.15,39.15,39.15,39.15,
1996-02-29,38.828,38.828,38.828,38.828,
1996-03-01,39.536,39.536,39.536,39.536,
1996-03-04,40.291,40.291,40.291,40.291,
1996-03-05,40.485,40.485,40.485,40.485,
1996-03-06,40.291,40.291,40.291,40.291,
1996-03-07,40.291,40.291,40.291,40.291,
1996-03-08,38.674,38.674,38.674,38.674,
1996-03-11,39.579,39.579,39.579,39.579,
1996-03-12,38.803,38.803,38.803,38.803,
1996-03-13,38.609,38.609,38.609,38.609,
1996-03-14,38.868,38.868,38.868,38.868,
1996-03-15,39.191,39.191,39.191,39.191,
1996-03-18,40.291,40.291,40.291,40.291,
1996-03-19,39.903,39.903,39.903,39.903,
1996-03-20,39.968,39.968,39.968,39.968,
1996-03-21,40.032,40.032,40.032,40.032,
1996-03-22,40.55,40.55,40.55,40.55,
1996-03-25,40.873,40.873,40.873,40.873,
1996-03-26,40.873,40.873,40.873,40.873,
1996-03-27,40.808,40.808,40.808,40.808,
1996-03-28,40.485,40.485,40.485,40.485,
1996-03-29,40.291,40.291,40.291,40.291,
1996-04-01,41.067,41.067,41.067,41.067,
1996-04-02,41.132,41.132,41.132,41.132,
1996-04-03,41.52,41.52,41.52,41.52,
1996-04-04,41.584,41.584,41.584,41.584,
1996-04-08,41.196,41.196,41.196,41.196,
1996-04-09,40.55,40.55,40.55,40.55,
1996-04-10,39.644,39.644,39.644,39.644,
1996-04-11,39.127,39.127,39.127,39.127,
1996-04-12,39.774,39.774,39.774,39.774,
1996-04-15,40.485,40.485,40.485,40.485,
1996-04-16,40.226,40.226,40.226,40.226,
1996-04-17,40.485,40.485,40.485,40.485,
1996-04-18,41.002,41.002,41.002,41.002,
1996-04-19,40.938,40.938,40.938,40.938,
1996-04-22,41.132,41.132,41.132,41.132,
1996-04-23,41.067,41.067,41.067,41.067,
1996-04-24,40.873,40.873,40.873,40.873,
1996-04-25,40.356,40.356,40.356,40.356,
1996-04-26,40.291,40.291,40.291,40.291,
1996-04-29,40.162,40.162,40.162,40.162,
1996-04-30,39.968,39.968,39.968,39.968,
1996-05-01,40.291,40.291,40.291,40.291,
1996-05-02,40.097,40.097,40.097,40.097,
1996-05-03,39.838,39.838,39.838,39.838,
1996-05-06,39.45,39.45,39.45,39.45,
1996-05-07,38.997,38.997,38.997,38.997,
1996-05-08,39.321,39.321,39.321,39.321,
1996-05-09,39.838,39.838,39.838,39.838,
1996-05-10,40.226,40.226,40.226,40.226,
1996-05-13,40.614,40.614,40.614,40.614,
1996-05-14,40.808,40.808,40.808,40.808,
1996-05-15,40.744,40.744,40.744,40.744,
1996-05-16,41.326,41.326,41.326,41.326,
1996-05-17,42.037,42.037,42.037,42.037,
1996-05-20,43.654,43.654,43.654,43.654,
1996-05-21,43.072,43.072,43.072,43.072,
1996-05-22,43.913,43.913,43.913,43.913,
1996-05-23,43.783,43.783,43.783,43.783,
1996-05-24,43.977,43.977,43.977,43.977,
1996-05-28,42.813,42.813,42.813,42.813,
1996-05-29,42.554,42.554,42.554,42.554,
1996-05-30,43.072,43.072,43.072,43.072,
1996-05-31,42.813,42.813,42.813,42.813,
1996-06-03,42.878,42.878,42.878,42.878,
1996-06-04,43.395,43.395,43.395,43.395,
1996-06-05,43.654,43.654,43.654,43.654,
1996-06-06,44.624,44.624,44.624,44.624,
1996-06-07,44.43,44.43,44.43,44.43,
1996-06-10,44.495,44.495,44.495,44.495,
1996-06-11,43.783,43.783,43.783,43.783,
1996-06-12,44.107,44.107,44.107,44.107,
1996-06-13,44.365,44.365,44.365,44.365,
1996-06-14,44.365,44.365,44.365,44.365,
1996-06-17,44.624,44.624,44.624,44.624,
1996-06-18,44.301,44.301,44.301,44.301,
1996-06-19,44.301,44.301,44.301,44.301,
1996-06-20,44.301,44.301,44.301,44.301,
1996-06-21,45.012,45.012,45.012,45.012,
1996-06-24,45.206,45.206,45.206,45.206,
1996-06-25,45.4,45.4,45.4,45.4,
1996-06-26,44.947,44.947,44.947,44.947,
1996-06-27,45.271,45.271,45.271,45.271,
1996-06-28,44.883,44.883,44.883,44.883,
1996-07-01,45.382,45.382,45.382,45.382,
1996-07-02,45.512,45.512,45.512,45.512,
1996-07-03,45.382,45.382,45.382,45.382,
1996-07-05,44.537,44.537,44.537,44.537,
1996-07-08,43.626,43.626,43.626,43.626,
1996-07-09,44.017,44.017,44.017,44.017,
1996-07-10,44.407,44.407,44.407,44.407,
1996-07-11,43.626,43.626,43.626,43.626,
1996-07-12,43.692,43.692,43.692,43.692,
1996-07-15,42.326,42.326,42.326,42.326,
1996-07-16,42.066,42.066,42.066,42.066,
1996-07-17,43.041,43.041,43.041,43.041,
1996-07-18,43.626,43.626,43.626,43.626,
1996-07-19,42.716,42.716,42.716,42.716,
1996-07-22,42.066,42.066,42.066,42.066,
1996-07-23,41.286,41.286,41.286,41.286,
1996-07-24,41.546,41.546,41.546,41.546,
1996-07-25,41.936,41.936,41.936,41.936,
1996-07-26,42.326,42.326,42.326,42.326,
1996-07-29,41.611,41.611,41.611,41.611,
1996-07-30,41.676,41.676,41.676,41.676,
1996-07-31,42.781,42.781,42.781,42.781,
1996-08-01,43.366,43.366,43.366,43.366,
1996-08-02,44.797,44.797,44.797,44.797,
1996-08-05,44.667,44.667,44.667,44.667,
1996-08-06,44.992,44.992,44.992,44.992,
1996-08-07,44.602,44.602,44.602,44.602,
1996-08-08,44.147,44.147,44.147,44.147,
1996-08-09,43.561,43.561,43.561,43.561,
1996-08-12,44.212,44.212,44.212,44.212,
1996-08-13,44.212,44.212,44.212,44.212,
1996-08-14,44.407,44.407,44.407,44.407,
1996-08-15,44.082,44.082,44.082,44.082,
1996-08-16,44.147,44.147,44.147,44.147,
1996-08-19,44.212,44.212,44.212,44.212,
1996-08-20,44.212,44.212,44.212,44.212,
1996-08-21,43.692,43.692,43.692,43.692,
1996-08-22,44.017,44.017,44.017,44.017,
1996-08-23,44.602,44.602,44.602,44.602,
1996-08-26,44.537,44.537,44.537,44.537,
1996-08-27,44.992,44.992,44.992,44.992,
1996-08-28,44.927,44.927,44.927,44.927,
1996-08-29,44.082,44.082,44.082,44.082,
1996-08-30,43.236,43.236,43.236,43.236,
1996-09-03,43.757,43.757,43.757,43.757,
1996-09-04,43.822,43.822,43.822,43.822,
1996-09-05,43.301,43.301,43.301,43.301,
1996-09-06,44.082,44.082,44.082,44.082,
1996-09-09,44.537,44.537,44.537,44.537,
1996-09-10,44.732,44.732,44.732,44.732,
1996-09-11,44.732,44.732,44.732,44.732,
1996-09-12,45.252,45.252,45.252,45.252,
1996-09-13,45.967,45.967,45.967,45.967,
1996-09-16,45.967,45.967,45.967,45.967,
1996-09-17,45.252,45.252,45.252,45.252,
1996-09-18,45.382,45.382,45.382,45.382,
1996-09-19,45.707,45.707,45.707,45.707,
1996-09-20,46.357,46.357,46.357,46.357,
1996-09-23,46.032,46.032,46.032,46.032,
1996-09-24,46.747,46.747,46.747,46.747,
1996-09-25,47.593,47.593,47.593,47.593,
1996-09-26,47.245,47.245,47.245,47.245,
1996-09-27,47.833,47.833,47.833,47.833,
1996-09-30,47.572,47.572,47.572,47.572,
1996-10-01,47.376,47.376,47.376,47.376,
1996-10-02,48.029,48.029,48.029,48.029,
1996-10-03,48.029,48.029,48.029,48.029,
1996-10-04,48.879,48.879,48.879,48.879,
1996-10-07,49.205,49.205,49.205,49.205,
1996-10-08,48.813,48.813,48.813,48.813,
1996-10-09,48.552,48.552,48.552,48.552,
1996-10-10,48.094,48.094,48.094,48.094,
1996-10-11,49.336,49.336,49.336,49.336,
1996-10-14,49.663,49.663,49.663,49.663,
1996-10-15,49.793,49.793,49.793,49.793,
1996-10-16,49.663,49.663,49.663,49.663,
1996-10-17,49.728,49.728,49.728,49.728,
1996-10-18,49.728,49.728,49.728,49.728,
1996-10-21,50.055,50.055,50.055,50.055,
1996-10-22,49.989,49.989,49.989,49.989,
1996-10-23,50.447,50.447,50.447,50.447,
1996-10-24,50.251,50.251,50.251,50.251,
1996-10-25,50.12,50.12,50.12,50.12,
1996-10-28,49.663,49.663,49.663,49.663,
1996-10-29,50.185,50.185,50.185,50.185,
1996-10-30,50.185,50.185,50.185,50.185,
1996-10-31,50.578,50.578,50.578,50.578,
1996-11-01,50.512,50.512,50.512,50.512,
1996-11-04,50.904,50.904,50.904,50.904,
1996-11-05,51.623,51.623,51.623,51.623,
1996-11-06,53.126,53.126,53.126,53.126,
1996-11-07,53.714,53.714,53.714,53.714,
1996-11-08,53.387,53.387,53.387,53.387,
1996-11-11,53.322,53.322,53.322,53.322,
1996-11-12,53.257,53.257,53.257,53.257,
1996-11-13,54.172,54.172,54.172,54.172,
1996-11-14,54.89,54.89,54.89,54.89,
1996-11-15,54.498,54.498,54.498,54.498,
1996-11-18,54.041,54.041,54.041,54.041,
1996-11-19,53.845,53.845,53.845,53.845,
1996-11-20,53.714,53.714,53.714,53.714,
1996-11-21,53.126,53.126,53.126,53.126,
1996-11-22,52.799,52.799,52.799,52.799,
1996-11-25,54.237,54.237,54.237,54.237,
1996-11-26,53.322,53.322,53.322,53.322,
1996-11-27,53.583,53.583,53.583,53.583,
1996-11-29,54.368,54.368,54.368,54.368,
1996-12-02,53.976,53.976,53.976,53.976,
1996-12-03,51.884,51.884,51.884,51.884,
1996-12-04,51.705,51.705,51.705,51.705,
1996-12-05,51.035,51.035,51.035,51.035,
1996-12-06,51.166,51.166,51.166,51.166,
1996-12-09,51.492,51.492,51.492,51.492,
1996-12-10,51.296,51.296,51.296,51.296,
1996-12-11,50.708,50.708,50.708,50.708,
1996-12-12,50.578,50.578,50.578,50.578,
1996-12-13,50.578,50.578,50.578,50.578,
1996-12-16,49.728,49.728,49.728,49.728,
1996-12-17,51.035,51.035,51.035,51.035,
1996-12-18,51.884,51.884,51.884,51.884,
1996-12-19,53.714,53.714,53.714,53.714,
1996-12-20,53.453,53.453,53.453,53.453,
1996-12-23,52.799,52.799,52.799,52.799,
1996-12-24,53.322,53.322,53.322,53.322,
1996-12-26,53.976,53.976,53.976,53.976,
1996-12-27,53.855,53.855,53.855,53.855,
1996-12-30,53.395,53.395,53.395,53.395,
1996-12-31,51.95,51.95,51.95,51.95,
1997-01-02,51.293,51.293,51.293,51.293,
1997-01-03,52.081,52.081,52.081,52.081,
1997-01-06,52.016,52.016,52.016,52.016,
1997-01-07,53.067,53.067,53.067,53.067,
1997-01-08,52.344,52.344,52.344,52.344,
1997-01-09,53.132,53.132,53.132,53.132,
1997-01-10,53.264,53.264,53.264,53.264,
1997-01-13,54.249,54.249,54.249,54.249,
1997-01-14,54.971,54.971,54.971,54.971,
1997-01-15,54.052,54.052,54.052,54.052,
1997-01-16,53.329,53.329,53.329,53.329,
1997-01-17,54.446,54.446,54.446,54.446,
1997-01-20,55.168,55.168,55.168,55.168,
1997-01-21,55.431,55.431,55.431,55.431,
1997-01-22,56.416,56.416,56.416,56.416,
1997-01-23,54.708,54.708,54.708,54.708,
1997-01-24,53.526,53.526,53.526,53.526,
1997-01-27,52.738,52.738,52.738,52.738,
1997-01-28,52.869,52.869,52.869,52.869,
1997-01-29,54.446,54.446,54.446,54.446,
1997-01-30,55.497,55.497,55.497,55.497,
1997-01-31,54.38,54.38,54.38,54.38,
1997-02-03,55.3,55.3,55.3,55.3,
1997-02-04,54.577,54.577,54.577,54.577,
1997-02-05,54.117,54.117,54.117,54.117,
1997-02-06,54.643,54.643,54.643,54.643,
1997-02-07,55.168,55.168,55.168,55.168,
1997-02-10,54.577,54.577,54.577,54.577,
1997-02-11,54.971,54.971,54.971,54.971,
1997-02-12,55.628,55.628,55.628,55.628,
1997-02-13,56.35,56.35,56.35,56.35,
1997-02-14,55.891,55.891,55.891,55.891,
1997-02-18,56.482,56.482,56.482,56.482,
1997-02-19,56.482,56.482,56.482,56.482,
1997-02-20,55.562,55.562,55.562,55.562,
1997-02-21,55.234,55.234,55.234,55.234,
1997-02-24,56.022,56.022,56.022,56.022,
1997-02-25,55.694,55.694,55.694,55.694,
1997-02-26,55.825,55.825,55.825,55.825,
1997-02-27,55.234,55.234,55.234,55.234,
1997-02-28,54.052,54.052,54.052,54.052,
1997-03-03,54.314,54.314,54.314,54.314,
1997-03-04,53.533,53.533,53.533,53.533,
1997-03-05,54.721,54.721,54.721,54.721,
1997-03-06,55.249,55.249,55.249,55.249,
1997-03-07,55.645,55.645,55.645,55.645,
1997-03-10,55.909,55.909,55.909,55.909,
1997-03-11,55.513,55.513,55.513,55.513,
1997-03-12,55.315,55.315,55.315,55.315,
1997-03-13,54.721,54.721,54.721,54.721,
1997-03-14,54.391,54.391,54.391,54.391,
1997-03-17,55.117,55.117,55.117,55.117,
1997-03-18,54.391,54.391,54.391,54.391,
1997-03-19,54.655,54.655,54.655,54.655,
1997-03-20,54.193,54.193,54.193,54.193,
1997-03-21,54.259,54.259,54.259,54.259,
1997-03-24,55.909,55.909,55.909,55.909,
1997-03-25,55.447,55.447,55.447,55.447,
1997-03-26,54.853,54.853,54.853,54.853,
1997-03-27,53.467,53.467,53.467,53.467,
1997-03-31,52.411,52.411,52.411,52.411,
1997-04-01,52.081,52.081,52.081,52.081,
1997-04-02,51.619,51.619,51.619,51.619,
1997-04-03,51.949,51.949,51.949,51.949,
1997-04-04,53.269,53.269,53.269,53.269,
1997-04-07,53.071,53.071,53.071,53.071,
1997-04-08,53.467,53.467,53.467,53.467,
1997-04-09,53.797,53.797,53.797,53.797,
1997-04-10,53.599,53.599,53.599,53.599,
1997-04-11,51.685,51.685,51.685,51.685,
1997-04-14,52.807,52.807,52.807,52.807,
1997-04-15,54.325,54.325,54.325,54.325,
1997-04-16,55.645,55.645,55.645,55.645,
1997-04-17,54.853,54.853,54.853,54.853,
1997-04-18,55.315,55.315,55.315,55.315,
1997-04-21,55.117,55.117,55.117,55.117,
1997-04-22,57.295,57.295,57.295,57.295,
1997-04-23,56.569,56.569,56.569,56.569,
1997-04-24,56.305,56.305,56.305,56.305,
1997-04-25,56.239,56.239,56.239,56.239,
1997-04-28,56.635,56.635,56.635,56.635,
1997-04-29,58.417,58.417,58.417,58.417,
1997-04-30,58.616,58.616,58.616,58.616,
1997-05-01,57.955,57.955,57.955,57.955,
1997-05-02,59.738,59.738,59.738,59.738,
1997-05-05,61.52,61.52,61.52,61.52,
1997-05-06,61.652,61.652,61.652,61.652,
1997-05-07,61.124,61.124,61.124,61.124,
1997-05-08,61.322,61.322,61.322,61.322,
1997-05-09,61.52,61.52,61.52,61.52,
1997-05-12,63.236,63.236,63.236,63.236,
1997-05-13,64.16,64.16,64.16,64.16,
1997-05-14,64.292,64.292,64.292,64.292,
1997-05-15,65.48,65.48,65.48,65.48,
1997-05-16,63.896,63.896,63.896,63.896,
1997-05-19,64.424,64.424,64.424,64.424,
1997-05-20,66.008,66.008,66.008,66.008,
1997-05-21,65.216,65.216,65.216,65.216,
1997-05-22,64.424,64.424,64.424,64.424,
1997-05-23,64.82,64.82,64.82,64.82,
1997-05-27,64.292,64.292,64.292,64.292,
1997-05-28,64.424,64.424,64.424,64.424,
1997-05-29,64.556,64.556,64.556,64.556,
1997-05-30,63.764,63.764,63.764,63.764,
1997-06-02,64.028,64.028,64.028,64.028,
1997-06-03,64.028,64.028,64.028,64.028,
1997-06-04,64.292,64.292,64.292,64.292,
1997-06-05,63.632,63.632,63.632,63.632,
1997-06-06,65.744,65.744,65.744,65.744,
1997-06-09,66.404,66.404,66.404,66.404,
1997-06-10,66.801,66.801,66.801,66.801,
1997-06-11,67.197,67.197,67.197,67.197,
1997-06-12,68.781,68.781,68.781,68.781,
1997-06-13,69.837,69.837,69.837,69.837,
1997-06-16,70.233,70.233,70.233,70.233,
1997-06-17,70.233,70.233,70.233,70.233,
1997-06-18,69.969,69.969,69.969,69.969,
1997-06-19,70.893,70.893,70.893,70.893,
1997-06-20,71.421,71.421,71.421,71.421,
1997-06-23,69.177,69.177,69.177,69.177,
1997-06-24,70.035,70.035,70.035,70.035,
1997-06-25,69.045,69.045,69.045,69.045,
1997-06-26,68.781,68.781,68.781,68.781,
1997-06-27,68.979,68.979,68.979,68.979,
1997-06-30,68.649,68.649,68.649,68.649,
1997-07-01,70.233,70.233,70.233,70.233,
1997-07-02,71.635,71.635,71.635,71.635,
1997-07-03,73.557,73.557,73.557,73.557,
1997-07-07,74.087,74.087,74.087,74.087,
1997-07-08,73.69,73.69,73.69,73.69,
1997-07-09,72.563,72.563,72.563,72.563,
1997-07-10,73.69,73.69,73.69,73.69,
1997-07-11,74.882,74.882,74.882,74.882,
1997-07-14,75.28,75.28,75.28,75.28,
1997-07-15,76.539,76.539,76.539,76.539,
1997-07-16,78.461,78.461,78.461,78.461,
1997-07-17,77.599,77.599,77.599,77.599,
1997-07-18,75.412,75.412,75.412,75.412,
1997-07-21,74.882,74.882,74.882,74.882,
1997-07-22,76.208,76.208,76.208,76.208,
1997-07-23,76.539,76.539,76.539,76.539,
1997-07-24,76.208,76.208,76.208,76.208,
1997-07-25,76.672,76.672,76.672,76.672,
1997-07-28,75.876,75.876,75.876,75.876,
1997-07-29,75.214,75.214,75.214,75.214,
1997-07-30,75.015,75.015,75.015,75.015,
1997-07-31,74.352,74.352,74.352,74.352,
1997-08-01,73.292,73.292,73.292,73.292,
1997-08-04,72.099,72.099,72.099,72.099,
1997-08-05,71.834,71.834,71.834,71.834,
1997-08-06,73.491,73.491,73.491,73.491,
1997-08-07,72.364,72.364,72.364,72.364,
1997-08-08,71.105,71.105,71.105,71.105,
1997-08-11,71.701,71.701,71.701,71.701,
1997-08-12,70.177,70.177,70.177,70.177,
1997-08-13,70.774,70.774,70.774,70.774,
1997-08-14,70.774,70.774,70.774,70.774,
1997-08-15,67.195,67.195,67.195,67.195,
1997-08-18,69.846,69.846,69.846,69.846,
1997-08-19,70.376,70.376,70.376,70.376,
1997-08-20,71.967,71.967,71.967,71.967,
1997-08-21,69.912,69.912,69.912,69.912,
1997-08-22,68.786,68.786,68.786,68.786,
1997-08-25,67.99,67.99,67.99,67.99,
1997-08-26,67.063,67.063,67.063,67.063,
1997-08-27,66.533,66.533,66.533,66.533,
1997-08-28,66.268,66.268,66.268,66.268,
1997-08-29,66.334,66.334,66.334,66.334,
1997-09-02,70.177,70.177,70.177,70.177,
1997-09-03,71.039,71.039,71.039,71.039,
1997-09-04,70.575,70.575,70.575,70.575,
1997-09-05,70.244,70.244,70.244,70.244,
1997-09-08,70.973,70.973,70.973,70.973,
1997-09-09,70.774,70.774,70.774,70.774,
1997-09-10,69.912,69.912,69.912,69.912,
1997-09-11,68.918,68.918,68.918,68.918,
1997-09-12,70.244,70.244,70.244,70.244,
1997-09-15,70.376,70.376,70.376,70.376,
1997-09-16,72.695,72.695,72.695,72.695,
1997-09-17,73.888,73.888,73.888,73.888,
1997-09-18,74.352,74.352,74.352,74.352,
1997-09-19,74.418,74.418,74.418,74.418,
1997-09-22,74.551,74.551,74.551,74.551,
1997-09-23,73.292,73.292,73.292,73.292,
1997-09-24,72.762,72.762,72.762,72.762,
1997-09-25,70.906,70.906,70.906,70.906,
1997-09-26,72.713,72.713,72.713,72.713,
1997-09-29,73.511,73.511,73.511,73.511,
1997-09-30,72.447,72.447,72.447,72.447,
1997-10-01,72.979,72.979,72.979,72.979,
1997-10-02,73.977,73.977,73.977,73.977,
1997-10-03,73.511,73.511,73.511,73.511,
1997-10-06,74.376,74.376,74.376,74.376,
1997-10-07,76.638,76.638,76.638,76.638,
1997-10-08,75.042,75.042,75.042,75.042,
1997-10-09,75.175,75.175,75.175,75.175,
1997-10-10,74.376,74.376,74.376,74.376,
1997-10-13,73.844,73.844,73.844,73.844,
1997-10-14,73.844,73.844,73.844,73.844,
1997-10-15,73.179,73.179,73.179,73.179,
1997-10-16,73.778,73.778,73.778,73.778,
1997-10-17,73.844,73.844,73.844,73.844,
1997-10-20,74.642,74.642,74.642,74.642,
1997-10-21,75.175,75.175,75.175,75.175,
1997-10-22,73.911,73.911,73.911,73.911,
1997-10-23,71.715,71.715,71.715,71.715,
1997-10-24,70.185,70.185,70.185,70.185,
1997-10-27,65.927,65.927,65.927,65.927,
1997-10-28,70.784,70.784,70.784,70.784,
1997-10-29,69.054,69.054,69.054,69.054,
1997-10-30,67.325,67.325,67.325,67.325,
1997-10-31,68.788,68.788,68.788,68.788,
1997-11-03,71.449,71.449,71.449,71.449,
1997-11-04,72.846,72.846,72.846,72.846,
1997-11-05,73.578,73.578,73.578,73.578,
1997-11-06,73.179,73.179,73.179,73.179,
1997-11-07,72.114,72.114,72.114,72.114,
1997-11-10,71.316,71.316,71.316,71.316,
1997-11-11,71.715,71.715,71.715,71.715,
1997-11-12,69.986,69.986,69.986,69.986,
1997-11-13,72.78,72.78,72.78,72.78,
1997-11-14,73.778,73.778,73.778,73.778,
1997-11-17,75.773,75.773,75.773,75.773,
1997-11-18,74.044,74.044,74.044,74.044,
1997-11-19,75.241,75.241,75.241,75.241,
1997-11-20,76.572,76.572,76.572,76.572,
1997-11-21,77.436,77.436,77.436,77.436,
1997-11-24,76.239,76.239,76.239,76.239,
1997-11-25,77.436,77.436,77.436,77.436,
1997-11-26,78.168,78.168,78.168,78.168,
1997-11-28,78.634,78.634,78.634,78.634,
1997-12-01,78.767,78.767,78.767,78.767,
1997-12-02,78.368,78.368,78.368,78.368,
1997-12-03,77.703,77.703,77.703,77.703,
1997-12-04,77.17,77.17,77.17,77.17,
1997-12-05,78.168,78.168,78.168,78.168,
1997-12-08,78.301,78.301,78.301,78.301,
1997-12-09,79.432,79.432,79.432,79.432,
1997-12-10,78.501,78.501,78.501,78.501,
1997-12-11,77.17,77.17,77.17,77.17,
1997-12-12,76.904,76.904,76.904,76.904,
1997-12-15,79.432,79.432,79.432,79.432,
1997-12-16,80.231,80.231,80.231,80.231,
1997-12-17,79.831,79.831,79.831,79.831,
1997-12-18,78.767,78.767,78.767,78.767,
1997-12-19,77.703,77.703,77.703,77.703,
1997-12-22,78.634,78.634,78.634,78.634,
1997-12-23,75.64,75.64,75.64,75.64,
1997-12-24,75.64,75.64,75.64,75.64,
1997-12-26,75.374,75.374,75.374,75.374,
1997-12-29,77.432,77.432,77.432,77.432,
1997-12-30,79.503,79.503,79.503,79.503,
1997-12-31,78.434,78.434,78.434,78.434,
1998-01-02,79.102,79.102,79.102,79.102,
1998-01-05,80.505,80.505,80.505,80.505,
1998-01-06,79.436,79.436,79.436,79.436,
1998-01-07,80.104,80.104,80.104,80.104,
1998-01-08,79.369,79.369,79.369,79.369,
1998-01-09,77.432,77.432,77.432,77.432,
1998-01-12,79.57,79.57,79.57,79.57,
1998-01-13,79.837,79.837,79.837,79.837,
1998-01-14,79.503,79.503,79.503,79.503,
1998-01-15,77.699,77.699,77.699,77.699,
1998-01-16,78.434,78.434,78.434,78.434,
1998-01-20,80.772,80.772,80.772,80.772,
1998-01-21,80.772,80.772,80.772,80.772,
1998-01-22,80.372,80.372,80.372,80.372,
1998-01-23,79.169,79.169,79.169,79.169,
1998-01-26,79.837,79.837,79.837,79.837,
1998-01-27,81.507,81.507,81.507,81.507,
1998-01-28,81.507,81.507,81.507,81.507,
1998-01-29,82.443,82.443,82.443,82.443,
1998-01-30,82.843,82.843,82.843,82.843,
1998-02-02,83.979,83.979,83.979,83.979,
1998-02-03,82.91,82.91,82.91,82.91,
1998-02-04,82.175,82.175,82.175,82.175,
1998-02-05,81.975,81.975,81.975,81.975,
1998-02-06,83.044,83.044,83.044,83.044,
1998-02-09,82.376,82.376,82.376,82.376,
1998-02-10,82.843,82.843,82.843,82.843,
1998-02-11,83.846,83.846,83.846,83.846,
1998-02-12,83.912,83.912,83.912,83.912,
1998-02-13,83.177,83.177,83.177,83.177,
1998-02-17,83.445,83.445,83.445,83.445,
1998-02-18,83.846,83.846,83.846,83.846,
1998-02-19,83.177,83.177,83.177,83.177,
1998-02-20,83.578,83.578,83.578,83.578,
1998-02-23,83.044,83.044,83.044,83.044,
1998-02-24,82.042,82.042,82.042,82.042,
1998-02-25,82.443,82.443,82.443,82.443,
1998-02-26,82.309,82.309,82.309,82.309,
1998-02-27,83.111,83.111,83.111,83.111,
1998-03-02,81.841,81.841,81.841,81.841,
1998-03-03,82.576,82.576,82.576,82.576,
1998-03-04,81.574,81.574,81.574,81.574,
1998-03-05,81.963,81.963,81.963,81.963,
1998-03-06,83.975,83.975,83.975,83.975,
1998-03-09,84.244,84.244,84.244,84.244,
1998-03-10,84.512,84.512,84.512,84.512,
1998-03-11,84.78,84.78,84.78,84.78,
1998-03-12,84.981,84.981,84.981,84.981,
1998-03-13,84.042,84.042,84.042,84.042,
1998-03-16,85.183,85.183,85.183,85.183,
1998-03-17,85.853,85.853,85.853,85.853,
1998-03-18,85.518,85.518,85.518,85.518,
1998-03-19,85.92,85.92,85.92,85.92,
1998-03-20,87.597,87.597,87.597,87.597,
1998-03-23,86.323,86.323,86.323,86.323,
1998-03-24,88.67,88.67,88.67,88.67,
1998-03-25,88.0,88.0,88.0,88.0,
1998-03-26,88.469,88.469,88.469,88.469,
1998-03-27,89.609,89.609,89.609,89.609,
1998-03-30,91.555,91.555,91.555,91.555,
1998-03-31,92.494,92.494,92.494,92.494,
1998-04-01,92.762,92.762,92.762,92.762,
1998-04-02,94.17,94.17,94.17,94.17,
1998-04-03,93.768,93.768,93.768,93.768,
1998-04-06,93.164,93.164,93.164,93.164,
1998-04-07,93.5,93.5,93.5,93.5,
1998-04-08,92.426,92.426,92.426,92.426,
1998-04-09,92.829,92.829,92.829,92.829,
1998-04-13,93.164,93.164,93.164,93.164,
1998-04-14,92.963,92.963,92.963,92.963,
1998-04-15,92.896,92.896,92.896,92.896,
1998-04-16,91.89,91.89,91.89,91.89,
1998-04-17,93.634,93.634,93.634,93.634,
1998-04-20,92.426,92.426,92.426,92.426,
1998-04-21,92.359,92.359,92.359,92.359,
1998-04-22,91.42,91.42,91.42,91.42,
1998-04-23,90.615,90.615,90.615,90.615,
1998-04-24,90.012,90.012,90.012,90.012,
1998-04-27,88.469,88.469,88.469,88.469,
1998-04-28,87.061,87.061,87.061,87.061,
1998-04-29,88.335,88.335,88.335,88.335,
1998-04-30,91.42,91.42,91.42,91.42,
1998-05-01,91.219,91.219,91.219,91.219,
1998-05-04,90.548,90.548,90.548,90.548,
1998-05-05,89.408,89.408,89.408,89.408,
1998-05-06,89.14,89.14,89.14,89.14,
1998-05-07,87.866,87.866,87.866,87.866,
1998-05-08,89.274,89.274,89.274,89.274,
1998-05-11,89.274,89.274,89.274,89.274,
1998-05-12,89.542,89.542,89.542,89.542,
1998-05-13,90.817,90.817,90.817,90.817,
1998-05-14,90.28,90.28,90.28,90.28,
1998-05-15,88.67,88.67,88.67,88.67,
1998-05-18,88.536,88.536,88.536,88.536,
1998-05-19,88.939,88.939,88.939,88.939,
1998-05-20,91.957,91.957,91.957,91.957,
1998-05-21,92.225,92.225,92.225,92.225,
1998-05-22,91.219,91.219,91.219,91.219,
1998-05-26,88.872,88.872,88.872,88.872,
1998-05-27,89.878,89.878,89.878,89.878,
1998-05-28,90.548,90.548,90.548,90.548,
1998-05-29,89.475,89.475,89.475,89.475,
1998-06-01,88.939,88.939,88.939,88.939,
1998-06-02,88.805,88.805,88.805,88.805,
1998-06-03,87.262,87.262,87.262,87.262,
1998-06-04,89.542,89.542,89.542,89.542,
1998-06-05,90.951,90.951,90.951,90.951,
1998-06-08,90.615,90.615,90.615,90.615,
1998-06-09,91.018,91.018,91.018,91.018,
1998-06-10,91.487,91.487,91.487,91.487,
1998-06-11,90.347,90.347,90.347,90.347,
1998-06-12,91.487,91.487,91.487,91.487,
1998-06-15,90.012,90.012,90.012,90.012,
1998-06-16,91.487,91.487,91.487,91.487,
1998-06-17,93.969,93.969,93.969,93.969,
1998-06-18,94.372,94.372,94.372,94.372,
1998-06-19,93.366,93.366,93.366,93.366,
1998-06-22,92.426,92.426,92.426,92.426,
1998-06-23,94.573,94.573,94.573,94.573,
1998-06-24,96.384,96.384,96.384,96.384,
1998-06-25,96.317,96.317,96.317,96.317,
1998-06-26,96.652,96.652,96.652,96.652,
1998-06-29,97.524,97.524,97.524,97.524,
1998-06-30,97.524,97.524,97.524,97.524,
1998-07-01,97.859,97.859,97.859,97.859,
1998-07-02,97.591,97.591,97.591,97.591,
1998-07-06,98.924,98.924,98.924,98.924,
1998-07-07,99.731,99.731,99.731,99.731,
1998-07-08,100.471,100.471,100.471,100.471,
1998-07-09,101.346,101.346,101.346,101.346,
1998-07-10,101.01,101.01,101.01,101.01,
1998-07-13,100.74,100.74,100.74,100.74,
1998-07-14,102.356,102.356,102.356,102.356,
1998-07-15,101.279,101.279,101.279,101.279,
1998-07-16,103.096,103.096,103.096,103.096,
1998-07-17,104.105,104.105,104.105,104.105,
1998-07-20,102.827,102.827,102.827,102.827,
1998-07-21,100.068,100.068,100.068,100.068,
1998-07-22,98.385,98.385,98.385,98.385,
1998-07-23,96.905,96.905,96.905,96.905,
1998-07-24,98.722,98.722,98.722,98.722,
1998-07-27,99.058,99.058,99.058,99.058,
1998-07-28,97.779,97.779,97.779,97.779,
1998-07-29,96.366,96.366,96.366,96.366,
1998-07-30,98.318,98.318,98.318,98.318,
1998-07-31,96.299,96.299,96.299,96.299,
1998-08-03,96.366,96.366,96.366,96.366,
1998-08-04,91.992,91.992,91.992,91.992,
1998-08-05,93.405,93.405,93.405,93.405,
1998-08-06,95.626,95.626,95.626,95.626,
1998-08-07,94.886,94.886,94.886,94.886,
1998-08-10,94.549,94.549,94.549,94.549,
1998-08-11,94.011,94.011,94.011,94.011,
1998-08-12,96.232,96.232,96.232,96.232,
1998-08-13,94.617,94.617,94.617,94.617,
1998-08-14,94.146,94.146,94.146,94.146,
1998-08-17,96.164,96.164,96.164,96.164,
1998-08-18,97.712,97.712,97.712,97.712,
1998-08-19,98.251,98.251,98.251,98.251,
1998-08-20,97.376,97.376,97.376,97.376,
1998-08-21,96.501,96.501,96.501,96.501,
1998-08-24,96.635,96.635,96.635,96.635,
1998-08-25,97.241,97.241,97.241,97.241,
1998-08-26,97.376,97.376,97.376,97.376,
1998-08-27,93.203,93.203,93.203,93.203,
1998-08-28,92.463,92.463,92.463,92.463,
1998-08-31,86.137,86.137,86.137,86.137,
1998-09-01,89.031,89.031,89.031,89.031,
1998-09-02,86.541,86.541,86.541,86.541,
1998-09-03,83.715,83.715,83.715,83.715,
1998-09-04,81.696,81.696,81.696,81.696,
1998-09-08,88.156,88.156,88.156,88.156,
1998-09-09,86.339,86.339,86.339,86.339,
1998-09-10,82.975,82.975,82.975,82.975,
1998-09-11,85.33,85.33,85.33,85.33,
1998-09-14,85.195,85.195,85.195,85.195,
1998-09-15,84.051,84.051,84.051,84.051,
1998-09-16,86.003,86.003,86.003,86.003,
1998-09-17,84.253,84.253,84.253,84.253,
1998-09-18,83.849,83.849,83.849,83.849,
1998-09-21,85.33,85.33,85.33,85.33,
1998-09-22,86.003,86.003,86.003,86.003,
1998-09-23,90.512,90.512,90.512,90.512,
1998-09-24,88.022,88.022,88.022,88.022,
1998-09-25,89.435,89.435,89.435,89.435,
1998-09-28,90.299,90.299,90.299,90.299,
1998-09-29,89.557,89.557,89.557,89.557,
1998-09-30,85.977,85.977,85.977,85.977,
1998-10-01,81.654,81.654,81.654,81.654,
1998-10-02,81.452,81.452,81.452,81.452,
1998-10-05,78.885,78.885,78.885,78.885,
1998-10-06,79.696,79.696,79.696,79.696,
1998-10-07,81.047,81.047,81.047,81.047,
1998-10-08,77.332,77.332,77.332,77.332,
1998-10-09,78.345,78.345,78.345,78.345,
1998-10-12,80.034,80.034,80.034,80.034,
1998-10-13,82.262,82.262,82.262,82.262,
1998-10-14,83.883,83.883,83.883,83.883,
1998-10-15,88.611,88.611,88.611,88.611,
1998-10-16,90.57,90.57,90.57,90.57,
1998-10-19,90.097,90.097,90.097,90.097,
1998-10-20,88.881,88.881,88.881,88.881,
1998-10-21,90.637,90.637,90.637,90.637,
1998-10-22,93.474,93.474,93.474,93.474,
1998-10-23,93.541,93.541,93.541,93.541,
1998-10-26,92.798,92.798,92.798,92.798,
1998-10-27,92.393,92.393,92.393,92.393,
1998-10-28,91.785,91.785,91.785,91.785,
1998-10-29,93.811,93.811,93.811,93.811,
1998-10-30,94.554,94.554,94.554,94.554,
1998-11-02,94.419,94.419,94.419,94.419,
1998-11-03,95.635,95.635,95.635,95.635,
1998-11-04,95.905,95.905,95.905,95.905,
1998-11-05,98.134,98.134,98.134,98.134,
1998-11-06,97.661,97.661,97.661,97.661,
1998-11-09,95.905,95.905,95.905,95.905,
1998-11-10,96.243,96.243,96.243,96.243,
1998-11-11,94.217,94.217,94.217,94.217,
1998-11-12,93.609,93.609,93.609,93.609,
1998-11-13,95.297,95.297,95.297,95.297,
1998-11-16,97.729,97.729,97.729,97.729,
1998-11-17,97.256,97.256,97.256,97.256,
1998-11-18,99.147,99.147,99.147,99.147,
1998-11-19,100.025,100.025,100.025,100.025,
1998-11-20,100.16,100.16,100.16,100.16,
1998-11-23,102.254,102.254,102.254,102.254,
1998-11-24,101.849,101.849,101.849,101.849,
1998-11-25,100.7,100.7,100.7,100.7,
1998-11-27,99.755,99.755,99.755,99.755,
1998-11-30,97.661,97.661,97.661,97.661,
1998-12-01,98.472,98.472,98.472,98.472,
1998-12-02,98.269,98.269,98.269,98.269,
1998-12-03,95.162,95.162,95.162,95.162,
1998-12-04,97.391,97.391,97.391,97.391,
1998-12-07,98.134,98.134,98.134,98.134,
1998-12-08,97.729,97.729,97.729,97.729,
1998-12-09,97.256,97.256,97.256,97.256,
1998-12-10,95.567,95.567,95.567,95.567,
1998-12-11,96.243,96.243,96.243,96.243,
1998-12-14,93.811,93.811,93.811,93.811,
1998-12-15,100.633,100.633,100.633,100.633,
1998-12-16,99.417,99.417,99.417,99.417,
1998-12-17,101.916,101.916,101.916,101.916,
1998-12-18,104.685,104.685,104.685,104.685,
1998-12-21,106.306,106.306,106.306,106.306,
1998-12-22,107.049,107.049,107.049,107.049,
1998-12-23,109.548,109.548,109.548,109.548,
1998-12-24,109.075,109.075,109.075,109.075,
1998-12-28,109.886,109.886,109.886,109.886,
1998-12-29,111.96,111.96,111.96,111.96,
1998-12-30,110.943,110.943,110.943,110.943,
1998-12-31,110.604,110.604,110.604,110.604,
1999-01-04,109.045,109.045,109.045,109.045,
1999-01-05,111.35,111.35,111.35,111.35,
1999-01-06,113.518,113.518,113.518,113.518,
1999-01-07,111.621,111.621,111.621,111.621,
1999-01-08,111.011,111.011,111.011,111.011,
1999-01-11,108.097,108.097,108.097,108.097,
1999-01-12,105.996,105.996,105.996,105.996,
1999-01-13,104.708,104.708,104.708,104.708,
1999-01-14,105.25,105.25,105.25,105.25,
1999-01-15,109.249,109.249,109.249,109.249,
1999-01-19,109.994,109.994,109.994,109.994,
1999-01-20,108.842,108.842,108.842,108.842,
1999-01-21,107.69,107.69,107.69,107.69,
1999-01-22,106.131,106.131,106.131,106.131,
1999-01-25,108.978,108.978,108.978,108.978,
1999-01-26,110.604,110.604,110.604,110.604,
1999-01-27,110.062,110.062,110.062,110.062,
1999-01-28,112.163,112.163,112.163,112.163,
1999-01-29,113.722,113.722,113.722,113.722,
1999-02-01,110.807,110.807,110.807,110.807,
1999-02-02,110.604,110.604,110.604,110.604,
1999-02-03,111.553,111.553,111.553,111.553,
1999-02-04,108.571,108.571,108.571,108.571,
1999-02-05,106.267,106.267,106.267,106.267,
1999-02-08,105.792,105.792,105.792,105.792,
1999-02-09,104.098,104.098,104.098,104.098,
1999-02-10,106.199,106.199,106.199,106.199,
1999-02-11,108.435,108.435,108.435,108.435,
1999-02-12,105.86,105.86,105.86,105.86,
1999-02-16,107.351,107.351,107.351,107.351,
1999-02-17,107.69,107.69,107.69,107.69,
1999-02-18,109.113,109.113,109.113,109.113,
1999-02-19,108.842,108.842,108.842,108.842,
1999-02-22,112.773,112.773,112.773,112.773,
1999-02-23,111.688,111.688,111.688,111.688,
1999-02-24,109.52,109.52,109.52,109.52,
1999-02-25,108.842,108.842,108.842,108.842,
1999-02-26,108.774,108.774,108.774,108.774,
1999-03-01,109.452,109.452,109.452,109.452,
1999-03-02,107.69,107.69,107.69,107.69,
1999-03-03,107.08,107.08,107.08,107.08,
1999-03-04,109.365,109.365,109.365,109.365,
1999-03-05,112.834,112.834,112.834,112.834,
1999-03-08,114.058,114.058,114.058,114.058,
1999-03-09,115.35,115.35,115.35,115.35,
1999-03-10,115.078,115.078,115.078,115.078,
1999-03-11,116.507,116.507,116.507,116.507,
1999-03-12,116.847,116.847,116.847,116.847,
1999-03-15,119.839,119.839,119.839,119.839,
1999-03-16,119.703,119.703,119.703,119.703,
1999-03-17,118.003,118.003,118.003,118.003,
1999-03-18,119.703,119.703,119.703,119.703,
1999-03-19,121.88,121.88,121.88,121.88,
1999-03-22,120.111,120.111,120.111,120.111,
1999-03-23,115.962,115.962,115.962,115.962,
1999-03-24,116.166,116.166,116.166,116.166,
1999-03-25,118.071,118.071,118.071,118.071,
1999-03-26,117.323,117.323,117.323,117.323,
1999-03-29,121.88,121.88,121.88,121.88,
1999-03-30,123.308,123.308,123.308,123.308,
1999-03-31,120.383,120.383,120.383,120.383,
1999-04-01,121.471,121.471,121.471,121.471,
1999-04-05,124.736,124.736,124.736,124.736,
1999-04-06,123.308,123.308,123.308,123.308,
1999-04-07,124.6,124.6,124.6,124.6,
1999-04-08,123.92,123.92,123.92,123.92,
1999-04-09,122.084,122.084,122.084,122.084,
1999-04-12,126.777,126.777,126.777,126.777,
1999-04-13,127.253,127.253,127.253,127.253,
1999-04-14,124.124,124.124,124.124,124.124,
1999-04-15,122.424,122.424,122.424,122.424,
1999-04-16,121.063,121.063,121.063,121.063,
1999-04-19,113.99,113.99,113.99,113.99,
1999-04-20,118.955,118.955,118.955,118.955,
1999-04-21,123.58,123.58,123.58,123.58,
1999-04-22,123.24,123.24,123.24,123.24,
1999-04-23,122.832,122.832,122.832,122.832,
1999-04-26,123.512,123.512,123.512,123.512,
1999-04-27,122.424,122.424,122.424,122.424,
1999-04-28,121.335,121.335,121.335,121.335,
1999-04-29,117.119,117.119,117.119,117.119,
1999-04-30,114.67,114.67,114.67,114.67,
1999-05-03,114.942,114.942,114.942,114.942,
1999-05-04,114.194,114.194,114.194,114.194,
1999-05-05,118.615,118.615,118.615,118.615,
1999-05-06,117.799,117.799,117.799,117.799,
1999-05-07,119.635,119.635,119.635,119.635,
1999-05-10,118.343,118.343,118.343,118.343,
1999-05-11,120.723,120.723,120.723,120.723,
1999-05-12,119.907,119.907,119.907,119.907,
1999-05-13,118.955,118.955,118.955,118.955,
1999-05-14,115.282,115.282,115.282,115.282,
1999-05-17,115.622,115.622,115.622,115.622,
1999-05-18,113.446,113.446,113.446,113.446,
1999-05-19,117.527,117.527,117.527,117.527,
1999-05-20,115.826,115.826,115.826,115.826,
1999-05-21,113.31,113.31,113.31,113.31,
1999-05-24,112.63,112.63,112.63,112.63,
1999-05-25,111.406,111.406,111.406,111.406,
1999-05-26,112.222,112.222,112.222,112.222,
1999-05-27,109.569,109.569,109.569,109.569,
1999-05-28,110.657,110.657,110.657,110.657,
1999-06-01,111.61,111.61,111.61,111.61,
1999-06-02,111.065,111.065,111.065,111.065,
1999-06-03,111.95,111.95,111.95,111.95,
1999-06-04,114.126,114.126,114.126,114.126,
1999-06-07,113.65,113.65,113.65,113.65,
1999-06-08,111.406,111.406,111.406,111.406,
1999-06-09,111.746,111.746,111.746,111.746,
1999-06-10,109.909,109.909,109.909,109.909,
1999-06-11,110.283,110.283,110.283,110.283,
1999-06-14,112.902,112.902,112.902,112.902,
1999-06-15,113.378,113.378,113.378,113.378,
1999-06-16,116.235,116.235,116.235,116.235,
1999-06-17,118.003,118.003,118.003,118.003,
1999-06-18,117.051,117.051,117.051,117.051,
1999-06-21,114.874,114.874,114.874,114.874,
1999-06-22,115.214,115.214,115.214,115.214,
1999-06-23,115.146,115.146,115.146,115.146,
1999-06-24,116.166,116.166,116.166,116.166,
1999-06-25,113.65,113.65,113.65,113.65,
1999-06-28,115.554,115.554,115.554,115.554,
1999-06-29,119.363,119.363,119.363,119.363,
1999-06-30,122.968,122.968,122.968,122.968,
1999-07-01,121.335,121.335,121.335,121.335,
1999-07-02,122.628,122.628,122.628,122.628,
1999-07-06,124.374,124.374,124.374,124.374,
1999-07-07,128.741,128.741,128.741,128.741,
1999-07-08,127.717,127.717,127.717,127.717,
1999-07-09,127.854,127.854,127.854,127.854,
1999-07-12,125.943,125.943,125.943,125.943,
1999-07-13,126.148,126.148,126.148,126.148,
1999-07-14,126.421,126.421,126.421,126.421,
1999-07-15,128.331,128.331,128.331,128.331,
1999-07-16,129.764,129.764,129.764,129.764,
1999-07-19,130.992,130.992,130.992,130.992,
1999-07-20,128.331,128.331,128.331,128.331,
1999-07-21,127.649,127.649,127.649,127.649,
1999-07-22,125.534,125.534,125.534,125.534,
1999-07-23,125.739,125.739,125.739,125.739,
1999-07-26,124.443,124.443,124.443,124.443,
1999-07-27,126.899,126.899,126.899,126.899,
1999-07-28,124.443,124.443,124.443,124.443,
1999-07-29,122.259,122.259,122.259,122.259,
1999-07-30,118.985,118.985,118.985,118.985,
1999-08-02,117.757,117.757,117.757,117.757,
1999-08-03,117.757,117.757,117.757,117.757,
1999-08-04,116.528,116.528,116.528,116.528,
1999-08-05,119.599,119.599,119.599,119.599,
1999-08-06,116.801,116.801,116.801,116.801,
1999-08-09,114.686,114.686,114.686,114.686,
1999-08-10,114.482,114.482,114.482,114.482,
1999-08-11,115.778,115.778,115.778,115.778,
1999-08-12,114.686,114.686,114.686,114.686,
1999-08-13,117.62,117.62,117.62,117.62,
1999-08-16,119.871,119.871,119.871,119.871,
1999-08-17,121.645,121.645,121.645,121.645,
1999-08-18,121.918,121.918,121.918,121.918,
1999-08-19,121.168,121.168,121.168,121.168,
1999-08-20,123.146,123.146,123.146,123.146,
1999-08-23,127.24,127.24,127.24,127.24,
1999-08-24,127.308,127.308,127.308,127.308,
1999-08-25,130.242,130.242,130.242,130.242,
1999-08-26,129.832,129.832,129.832,129.832,
1999-08-27,127.24,127.24,127.24,127.24,
1999-08-30,124.715,124.715,124.715,124.715,
1999-08-31,122.6,122.6,122.6,122.6,
1999-09-01,124.101,124.101,124.101,124.101,
1999-09-02,123.283,123.283,123.283,123.283,
1999-09-03,127.069,127.069,127.069,127.069,
1999-09-07,130.787,130.787,130.787,130.787,
1999-09-08,131.947,131.947,131.947,131.947,
1999-09-09,130.719,130.719,130.719,130.719,
1999-09-10,130.105,130.105,130.105,130.105,
1999-09-13,129.423,129.423,129.423,129.423,
1999-09-14,127.444,127.444,127.444,127.444,
1999-09-15,126.626,126.626,126.626,126.626,
1999-09-16,127.99,127.99,127.99,127.99,
1999-09-17,130.992,130.992,130.992,130.992,
1999-09-20,133.175,133.175,133.175,133.175,
1999-09-21,130.173,130.173,130.173,130.173,
1999-09-22,129.9,129.9,129.9,129.9,
1999-09-23,127.444,127.444,127.444,127.444,
1999-09-24,128.809,128.809,128.809,128.809,
1999-09-27,130.992,130.992,130.992,130.992,
1999-09-28,129.596,129.596,129.596,129.596,
1999-09-29,127.475,127.475,127.475,127.475,
1999-09-30,129.802,129.802,129.802,129.802,
1999-10-01,128.501,128.501,128.501,128.501,
1999-10-04,131.444,131.444,131.444,131.444,
1999-10-05,132.402,132.402,132.402,132.402,
1999-10-06,135.412,135.412,135.412,135.412,
1999-10-07,133.428,133.428,133.428,133.428,
1999-10-08,136.576,136.576,136.576,136.576,
1999-10-11,134.797,134.797,134.797,134.797,
1999-10-12,132.881,132.881,132.881,132.881,
1999-10-13,130.896,130.896,130.896,130.896,
1999-10-14,131.512,131.512,131.512,131.512,
1999-10-15,126.722,126.722,126.722,126.722,
1999-10-18,128.775,128.775,128.775,128.775,
1999-10-19,129.254,129.254,129.254,129.254,
1999-10-20,133.154,133.154,133.154,133.154,
1999-10-21,134.933,134.933,134.933,134.933,
1999-10-22,137.534,137.534,137.534,137.534,
1999-10-25,137.123,137.123,137.123,137.123,
1999-10-26,137.534,137.534,137.534,137.534,
1999-10-27,140.613,140.613,140.613,140.613,
1999-10-28,145.608,145.608,145.608,145.608,
1999-10-29,148.345,148.345,148.345,148.345,
1999-11-01,141.639,141.639,141.639,141.639,
1999-11-02,141.229,141.229,141.229,141.229,
1999-11-03,143.829,143.829,143.829,143.829,
1999-11-04,144.376,144.376,144.376,144.376,
1999-11-05,146.429,146.429,146.429,146.429,
1999-11-08,146.702,146.702,146.702,146.702,
1999-11-09,146.018,146.018,146.018,146.018,
1999-11-10,146.702,146.702,146.702,146.702,
1999-11-11,146.702,146.702,146.702,146.702,
1999-11-12,148.208,148.208,148.208,148.208,
1999-11-15,148.345,148.345,148.345,148.345,
1999-11-16,152.861,152.861,152.861,152.861,
1999-11-17,154.571,154.571,154.571,154.571,
1999-11-18,152.587,152.587,152.587,152.587,
1999-11-19,150.739,150.739,150.739,150.739,
1999-11-22,153.476,153.476,153.476,153.476,
1999-11-23,150.671,150.671,150.671,150.671,
1999-11-24,149.85,149.85,149.85,149.85,
1999-11-26,148.482,148.482,148.482,148.482,
1999-11-29,145.744,145.744,145.744,145.744,
1999-11-30,142.46,142.46,142.46,142.46,
1999-12-01,147.25,147.25,147.25,147.25,
1999-12-02,147.455,147.455,147.455,147.455,
1999-12-03,149.166,149.166,149.166,149.166,
1999-12-06,150.243,150.243,150.243,150.243,
1999-12-07,153.271,153.271,153.271,153.271,
1999-12-08,154.657,154.657,154.657,154.657,
1999-12-09,157.171,157.171,157.171,157.171,
1999-12-10,161.414,161.414,161.414,161.414,
1999-12-13,162.919,162.919,162.919,162.919,
1999-12-14,164.082,164.082,164.082,164.082,
1999-12-15,157.993,157.993,157.993,157.993,
1999-12-16,161.619,161.619,161.619,161.619,
1999-12-17,166.272,166.272,166.272,166.272,
1999-12-20,167.794,167.794,167.794,167.794,
1999-12-21,172.772,172.772,172.772,172.772,
1999-12-22,173.291,173.291,173.291,173.291,
1999-12-23,172.879,172.879,172.879,172.879,
1999-12-27,175.074,175.074,175.074,175.074,
1999-12-28,172.605,172.605,172.605,172.605,
1999-12-29,171.85,171.85,171.85,171.85,
1999-12-30,170.135,170.135,170.135,170.135,
1999-12-31,169.861,169.861,169.861,169.861,
2000-01-03,164.647,164.647,164.647,164.647,
2000-01-04,158.061,158.061,158.061,158.061,
2000-01-05,157.787,157.787,157.787,157.787,
2000-01-06,159.896,159.896,159.896,159.896,
2000-01-07,166.088,166.088,166.088,166.088,
2000-01-10,166.019,166.019,166.019,166.019,
2000-01-11,166.293,166.293,166.293,166.293,
2000-01-12,166.842,166.842,166.842,166.842,
2000-01-13,168.763,168.763,168.763,168.763,
2000-01-14,165.745,165.745,165.745,165.745,
2000-01-18,162.452,162.452,162.452,162.452,
2000-01-19,163.24,163.24,163.24,163.24,
2000-01-20,160.188,160.188,160.188,160.188,
2000-01-21,158.198,158.198,158.198,158.198,
2000-01-24,151.612,151.612,151.612,151.612,
2000-01-25,152.024,152.024,152.024,152.024,
2000-01-26,155.248,155.248,155.248,155.248,
2000-01-27,155.591,155.591,155.591,155.591,
2000-01-28,147.085,147.085,147.085,147.085,
2000-01-31,147.085,147.085,147.085,147.085,
2000-02-01,149.28,149.28,149.28,149.28,
2000-02-02,147.153,147.153,147.153,147.153,
2000-02-03,152.847,152.847,152.847,152.847,
2000-02-04,155.386,155.386,155.386,155.386,
2000-02-07,149.829,149.829,149.829,149.829,
2000-02-08,150.446,150.446,150.446,150.446,
2000-02-09,147.153,147.153,147.153,147.153,
2000-02-10,148.662,148.662,148.662,148.662,
2000-02-11,146.81,146.81,146.81,146.81,
2000-02-14,147.496,147.496,147.496,147.496,
2000-02-15,150.926,150.926,150.926,150.926,
2000-02-16,148.902,148.902,148.902,148.902,
2000-02-17,143.792,143.792,143.792,143.792,
2000-02-18,137.343,137.343,137.343,137.343,
2000-02-22,142.282,142.282,142.282,142.282,
2000-02-23,143.243,143.243,143.243,143.243,
2000-02-24,143.792,143.792,143.792,143.792,
2000-02-25,138.441,138.441,138.441,138.441,
2000-02-28,142.077,142.077,142.077,142.077,
2000-02-29,145.301,145.301,145.301,145.301,
2000-03-01,144.203,144.203,144.203,144.203,
2000-03-02,148.457,148.457,148.457,148.457,
2000-03-03,152.984,152.984,152.984,152.984,
2000-03-06,151.303,151.303,151.303,151.303,
2000-03-07,143.046,143.046,143.046,143.046,
2000-03-08,143.459,143.459,143.459,143.459,
2000-03-09,142.014,142.014,142.014,142.014,
2000-03-10,144.973,144.973,144.973,144.973,
2000-03-13,142.496,142.496,142.496,142.496,
2000-03-14,139.812,139.812,139.812,139.812,
2000-03-15,147.037,147.037,147.037,147.037,
2000-03-16,153.023,153.023,153.023,153.023,
2000-03-17,153.986,153.986,153.986,153.986,
2000-03-20,155.156,155.156,155.156,155.156,
2000-03-21,165.683,165.683,165.683,165.683,
2000-03-22,166.096,166.096,166.096,166.096,
2000-03-23,176.142,176.142,176.142,176.142,
2000-03-24,175.109,175.109,175.109,175.109,
2000-03-27,173.871,173.871,173.871,173.871,
2000-03-28,171.738,171.738,171.738,171.738,
2000-03-29,179.444,179.444,179.444,179.444,
2000-03-30,174.765,174.765,174.765,174.765,
2000-03-31,171.325,171.325,171.325,171.325,
2000-04-03,177.242,177.242,177.242,177.242,
2000-04-04,169.536,169.536,169.536,169.536,
2000-04-05,168.779,168.779,168.779,168.779,
2000-04-06,172.701,172.701,172.701,172.701,
2000-04-07,174.834,174.834,174.834,174.834,
2000-04-10,175.522,175.522,175.522,175.522,
2000-04-11,177.93,177.93,177.93,177.93,
2000-04-12,172.564,172.564,172.564,172.564,
2000-04-13,165.683,165.683,165.683,165.683,
2000-04-14,160.454,160.454,160.454,160.454,
2000-04-17,167.334,167.334,167.334,167.334,
2000-04-18,172.289,172.289,172.289,172.289,
2000-04-19,171.188,171.188,171.188,171.188,
2000-04-20,174.49,174.49,174.49,174.49,
2000-04-24,178.412,178.412,178.412,178.412,
2000-04-25,182.747,182.747,182.747,182.747,
2000-04-26,179.719,179.719,179.719,179.719,
2000-04-27,177.793,177.793,177.793,177.793,
2000-04-28,173.114,173.114,173.114,173.114,
2000-05-01,175.453,175.453,175.453,175.453,
2000-05-02,177.311,177.311,177.311,177.311,
2000-05-03,171.807,171.807,171.807,171.807,
2000-05-04,169.536,169.536,169.536,169.536,
2000-05-05,173.94,173.94,173.94,173.94,
2000-05-08,173.183,173.183,173.183,173.183,
2000-05-09,172.151,172.151,172.151,172.151,
2000-05-10,167.197,167.197,167.197,167.197,
2000-05-11,168.229,168.229,168.229,168.229,
2000-05-12,172.564,172.564,172.564,172.564,
2000-05-15,178.343,178.343,178.343,178.343,
2000-05-16,179.169,179.169,179.169,179.169,
2000-05-17,177.105,177.105,177.105,177.105,
2000-05-18,175.453,175.453,175.453,175.453,
2000-05-19,171.325,171.325,171.325,171.325,
2000-05-22,165.133,165.133,165.133,165.133,
2000-05-23,165.133,165.133,165.133,165.133,
2000-05-24,167.61,167.61,167.61,167.61,
2000-05-25,167.61,167.61,167.61,167.61,
2000-05-26,163.688,163.688,163.688,163.688,
2000-05-30,169.261,169.261,169.261,169.261,
2000-05-31,173.802,173.802,173.802,173.802,
2000-06-01,172.977,172.977,172.977,172.977,
2000-06-02,174.215,174.215,174.215,174.215,
2000-06-05,170.293,170.293,170.293,170.293,
2000-06-06,169.055,169.055,169.055,169.055,
2000-06-07,169.674,169.674,169.674,169.674,
2000-06-08,168.023,168.023,168.023,168.023,
2000-06-09,164.72,164.72,164.72,164.72,
2000-06-12,164.72,164.72,164.72,164.72,
2000-06-13,169.055,169.055,169.055,169.055,
2000-06-14,168.435,168.435,168.435,168.435,
2000-06-15,171.325,171.325,171.325,171.325,
2000-06-16,168.848,168.848,168.848,168.848,
2000-06-19,165.958,165.958,165.958,165.958,
2000-06-20,168.435,168.435,168.435,168.435,
2000-06-21,163.275,163.275,163.275,163.275,
2000-06-22,161.004,161.004,161.004,161.004,
2000-06-23,164.72,164.72,164.72,164.72,
2000-06-26,164.926,164.926,164.926,164.926,
2000-06-27,162.656,162.656,162.656,162.656,
2000-06-28,166.939,166.939,166.939,166.939,
2000-06-29,164.307,164.307,164.307,164.307,
2000-06-30,175.041,175.041,175.041,175.041,
2000-07-03,171.738,171.738,171.738,171.738,
2000-07-05,165.362,165.362,165.362,165.362,
2000-07-06,166.19,166.19,166.19,166.19,
2000-07-07,169.915,169.915,169.915,169.915,
2000-07-10,173.64,173.64,173.64,173.64,
2000-07-11,173.019,173.019,173.019,173.019,
2000-07-12,177.987,177.987,177.987,177.987,
2000-07-13,173.847,173.847,173.847,173.847,
2000-07-14,170.536,170.536,170.536,170.536,
2000-07-17,177.78,177.78,177.78,177.78,
2000-07-18,173.019,173.019,173.019,173.019,
2000-07-19,174.675,174.675,174.675,174.675,
2000-07-20,179.849,179.849,179.849,179.849,
2000-07-21,179.228,179.228,179.228,179.228,
2000-07-24,178.814,178.814,178.814,178.814,
2000-07-25,177.366,177.366,177.366,177.366,
2000-07-26,172.606,172.606,172.606,172.606,
2000-07-27,173.847,173.847,173.847,173.847,
2000-07-28,168.673,168.673,168.673,168.673,
2000-07-31,171.157,171.157,171.157,171.157,
2000-08-01,174.675,174.675,174.675,174.675,
2000-08-02,172.192,172.192,172.192,172.192,
2000-08-03,175.089,175.089,175.089,175.089,
2000-08-04,176.745,176.745,176.745,176.745,
2000-08-07,174.261,174.261,174.261,174.261,
2000-08-08,177.987,177.987,177.987,177.987,
2000-08-09,185.23,185.23,185.23,185.23,
2000-08-10,188.749,188.749,188.749,188.749,
2000-08-11,187.3,187.3,187.3,187.3,
2000-08-14,188.749,188.749,188.749,188.749,
2000-08-15,189.576,189.576,189.576,189.576,
2000-08-16,188.128,188.128,188.128,188.128,
2000-08-17,187.714,187.714,187.714,187.714,
2000-08-18,186.058,186.058,186.058,186.058,
2000-08-21,187.3,187.3,187.3,187.3,
2000-08-22,186.265,186.265,186.265,186.265,
2000-08-23,191.853,191.853,191.853,191.853,
2000-08-24,195.164,195.164,195.164,195.164,
2000-08-25,196.199,196.199,196.199,196.199,
2000-08-28,198.683,198.683,198.683,198.683,
2000-08-29,198.269,198.269,198.269,198.269,
2000-08-30,190.404,190.404,190.404,190.404,
2000-08-31,194.129,194.129,194.129,194.129,
2000-09-01,193.716,193.716,193.716,193.716,
2000-09-05,191.439,191.439,191.439,191.439,
2000-09-06,195.371,195.371,195.371,195.371,
2000-09-07,195.371,195.371,195.371,195.371,
2000-09-08,198.269,198.269,198.269,198.269,
2000-09-11,197.648,197.648,197.648,197.648,
2000-09-12,195.578,195.578,195.578,195.578,
2000-09-13,195.578,195.578,195.578,195.578,
2000-09-14,195.371,195.371,195.371,195.371,
2000-09-15,187.921,187.921,187.921,187.921,
2000-09-18,190.404,190.404,190.404,190.404,
2000-09-19,188.749,188.749,188.749,188.749,
2000-09-20,187.507,187.507,187.507,187.507,
2000-09-21,186.265,186.265,186.265,186.265,
2000-09-22,189.783,189.783,189.783,189.783,
2000-09-25,192.267,192.267,192.267,192.267,
2000-09-26,192.06,192.06,192.06,192.06,
2000-09-27,196.82,196.82,196.82,196.82,
2000-09-28,195.371,195.371,195.371,195.371,
2000-09-29,191.885,191.885,191.885,191.885,
2000-10-02,194.166,194.166,194.166,194.166,
2000-10-03,196.033,196.033,196.033,196.033,
2000-10-04,195.411,195.411,195.411,195.411,
2000-10-05,198.315,198.315,198.315,198.315,
2000-10-06,197.278,197.278,197.278,197.278,
2000-10-09,194.166,194.166,194.166,194.166,
2000-10-10,192.714,192.714,192.714,192.714,
2000-10-11,187.943,187.943,187.943,187.943,
2000-10-12,180.89,180.89,180.89,180.89,
2000-10-13,189.188,189.188,189.188,189.188,
2000-10-16,191.677,191.677,191.677,191.677,
2000-10-17,184.624,184.624,184.624,184.624,
2000-10-18,184.209,184.209,184.209,184.209,
2000-10-19,184.624,184.624,184.624,184.624,
2000-10-20,173.007,173.007,173.007,173.007,
2000-10-23,165.124,165.124,165.124,165.124,
2000-10-24,177.156,177.156,177.156,177.156,
2000-10-25,175.704,175.704,175.704,175.704,
2000-10-26,173.007,173.007,173.007,173.007,
2000-10-27,173.422,173.422,173.422,173.422,
2000-10-30,179.231,179.231,179.231,179.231,
2000-10-31,181.927,181.927,181.927,181.927,
2000-11-01,180.683,180.683,180.683,180.683,
2000-11-02,178.193,178.193,178.193,178.193,
2000-11-03,176.949,176.949,176.949,176.949,
2000-11-06,180.89,180.89,180.89,180.89,
2000-11-07,182.342,182.342,182.342,182.342,
2000-11-08,181.098,181.098,181.098,181.098,
2000-11-09,181.098,181.098,181.098,181.098,
2000-11-10,178.816,178.816,178.816,178.816,
2000-11-13,170.725,170.725,170.725,170.725,
2000-11-14,175.082,175.082,175.082,175.082,
2000-11-15,174.252,174.252,174.252,174.252,
2000-11-16,174.667,174.667,174.667,174.667,
2000-11-17,172.178,172.178,172.178,172.178,
2000-11-20,166.162,166.162,166.162,166.162,
2000-11-21,168.444,168.444,168.444,168.444,
2000-11-22,161.183,161.183,161.183,161.183,
2000-11-24,163.88,163.88,163.88,163.88,
2000-11-27,163.05,163.05,163.05,163.05,
2000-11-28,165.332,165.332,165.332,165.332,
2000-11-29,164.917,164.917,164.917,164.917,
2000-11-30,164.502,164.502,164.502,164.502,
2000-12-01,169.273,169.273,169.273,169.273,
2000-12-04,171.348,171.348,171.348,171.348,
2000-12-05,179.645,179.645,179.645,179.645,
2000-12-06,179.023,179.023,179.023,179.023,
2000-12-07,177.571,177.571,177.571,177.571,
2000-12-08,183.172,183.172,183.172,183.172,
2000-12-11,183.587,183.587,183.587,183.587,
2000-12-12,175.289,175.289,175.289,175.289,
2000-12-13,175.911,175.911,175.911,175.911,
2000-12-14,170.725,170.725,170.725,170.725,
2000-12-15,165.332,165.332,165.332,165.332,
2000-12-18,169.273,169.273,169.273,169.273,
2000-12-19,166.369,166.369,166.369,166.369,
2000-12-20,157.449,157.449,157.449,157.449,
2000-12-21,158.901,158.901,158.901,158.901,
2000-12-22,162.22,162.22,162.22,162.22,
2000-12-26,163.672,163.672,163.672,163.672,
2000-12-27,160.459,160.459,160.459,160.459,
2000-12-28,161.291,161.291,161.291,161.291,
2000-12-29,159.627,159.627,159.627,159.627,
2001-01-02,145.683,145.683,145.683,145.683,
2001-01-03,159.21,159.21,159.21,159.21,
2001-01-04,160.043,160.043,160.043,160.043,
2001-01-05,157.545,157.545,157.545,157.545,
2001-01-08,151.718,151.718,151.718,151.718,
2001-01-09,148.596,148.596,148.596,148.596,
2001-01-10,148.804,148.804,148.804,148.804,
2001-01-11,155.048,155.048,155.048,155.048,
2001-01-12,152.134,152.134,152.134,152.134,
2001-01-16,157.753,157.753,157.753,157.753,
2001-01-17,155.464,155.464,155.464,155.464,
2001-01-18,158.586,158.586,158.586,158.586,
2001-01-19,156.505,156.505,156.505,156.505,
2001-01-22,152.342,152.342,152.342,152.342,
2001-01-23,155.464,155.464,155.464,155.464,
2001-01-24,154.215,154.215,154.215,154.215,
2001-01-25,152.967,152.967,152.967,152.967,
2001-01-26,148.596,148.596,148.596,148.596,
2001-01-29,147.78,147.78,147.78,147.78,
2001-01-30,154.007,154.007,154.007,154.007,
2001-01-31,153.108,153.108,153.108,153.108,
2001-02-01,153.941,153.941,153.941,153.941,
2001-02-02,154.107,154.107,154.107,154.107,
2001-02-05,159.335,159.335,159.335,159.335,
2001-02-06,158.503,158.503,158.503,158.503,
2001-02-07,156.338,156.338,156.338,156.338,
2001-02-08,156.971,156.971,156.971,156.971,
2001-02-09,152.043,152.043,152.043,152.043,
2001-02-12,158.203,158.203,158.203,158.203,
2001-02-13,157.038,157.038,157.038,157.038,
2001-02-14,154.041,154.041,154.041,154.041,
2001-02-15,159.768,159.768,159.768,159.768,
2001-02-16,156.505,156.505,156.505,156.505,
2001-02-20,158.802,158.802,158.802,158.802,
2001-02-21,157.504,157.504,157.504,157.504,
2001-02-22,156.838,156.838,156.838,156.838,
2001-02-23,153.774,153.774,153.774,153.774,
2001-02-26,159.768,159.768,159.768,159.768,
2001-02-27,159.835,159.835,159.835,159.835,
2001-02-28,154.84,154.84,154.84,154.84,
2001-03-01,152.875,152.875,152.875,152.875,
2001-03-02,148.413,148.413,148.413,148.413,
2001-03-05,150.652,150.652,150.652,150.652,
2001-03-06,151.788,151.788,151.788,151.788,
2001-03-07,153.66,153.66,153.66,153.66,
2001-03-08,153.292,153.292,153.292,153.292,
2001-03-09,146.408,146.408,146.408,146.408,
2001-03-12,132.339,132.339,132.339,132.339,
2001-03-13,141.462,141.462,141.462,141.462,
2001-03-14,137.118,137.118,137.118,137.118,
2001-03-15,137.285,137.285,137.285,137.285,
2001-03-16,135.681,135.681,135.681,135.681,
2001-03-19,137.352,137.352,137.352,137.352,
2001-03-20,133.843,133.843,133.843,133.843,
2001-03-21,130.334,130.334,130.334,130.334,
2001-03-22,125.989,125.989,125.989,125.989,
2001-03-23,133.642,133.642,133.642,133.642,
2001-03-26,134.444,134.444,134.444,134.444,
2001-03-27,140.058,140.058,140.058,140.058,
2001-03-28,138.855,138.855,138.855,138.855,
2001-03-29,138.354,138.354,138.354,138.354,
2001-03-30,139.891,139.891,139.891,139.891,
2001-04-02,139.691,139.691,139.691,139.691,
2001-04-03,132.606,132.606,132.606,132.606,
2001-04-04,132.339,132.339,132.339,132.339,
2001-04-05,140.693,140.693,140.693,140.693,
2001-04-06,137.585,137.585,137.585,137.585,
2001-04-09,140.359,140.359,140.359,140.359,
2001-04-10,146.475,146.475,146.475,146.475,
2001-04-11,144.603,144.603,144.603,144.603,
2001-04-12,149.382,149.382,149.382,149.382,
2001-04-16,149.215,149.215,149.215,149.215,
2001-04-17,151.922,151.922,151.922,151.922,
2001-04-18,160.043,160.043,160.043,160.043,
2001-04-19,162.115,162.115,162.115,162.115,
2001-04-20,160.745,160.745,160.745,160.745,
2001-04-23,157.737,157.737,157.737,157.737,
2001-04-24,153.693,153.693,153.693,153.693,
2001-04-25,159.776,159.776,159.776,159.776,
2001-04-26,164.755,164.755,164.755,164.755,
2001-04-27,166.927,166.927,166.927,166.927,
2001-04-30,162.182,162.182,162.182,162.182,
2001-05-01,163.452,163.452,163.452,163.452,
2001-05-02,164.087,164.087,164.087,164.087,
2001-05-03,162.082,162.082,162.082,162.082,
2001-05-04,166.86,166.86,166.86,166.86,
2001-05-07,166.961,166.961,166.961,166.961,
2001-05-08,165.357,165.357,165.357,165.357,
2001-05-09,165.189,165.189,165.189,165.189,
2001-05-10,166.526,166.526,166.526,166.526,
2001-05-11,163.786,163.786,163.786,163.786,
2001-05-14,166.192,166.192,166.192,166.192,
2001-05-15,167.596,167.596,167.596,167.596,
2001-05-16,174.48,174.48,174.48,174.48,
2001-05-17,174.146,174.146,174.146,174.146,
2001-05-18,177.087,177.087,177.087,177.087,
2001-05-21,178.457,178.457,178.457,178.457,
2001-05-22,176.051,176.051,176.051,176.051,
2001-05-23,171.606,171.606,171.606,171.606,
2001-05-24,171.773,171.773,171.773,171.773,
2001-05-25,166.927,166.927,166.927,166.927,
2001-05-29,165.992,165.992,165.992,165.992,
2001-05-30,163.819,163.819,163.819,163.819,
2001-05-31,163.752,163.752,163.752,163.752,
2001-06-01,163.752,163.752,163.752,163.752,
2001-06-04,165.256,165.256,165.256,165.256,
2001-06-05,164.354,164.354,164.354,164.354,
2001-06-06,162.917,162.917,162.917,162.917,
2001-06-07,163.452,163.452,163.452,163.452,
2001-06-08,160.878,160.878,160.878,160.878,
2001-06-11,158.405,158.405,158.405,158.405,
2001-06-12,162.984,162.984,162.984,162.984,
2001-06-13,159.909,159.909,159.909,159.909,
2001-06-14,163.285,163.285,163.285,163.285,
2001-06-15,163.117,163.117,163.117,163.117,
2001-06-18,163.752,163.752,163.752,163.752,
2001-06-19,163.318,163.318,163.318,163.318,
2001-06-20,169.668,169.668,169.668,169.668,
2001-06-21,171.272,171.272,171.272,171.272,
2001-06-22,173.31,173.31,173.31,173.31,
2001-06-25,167.93,167.93,167.93,167.93,
2001-06-26,163.051,163.051,163.051,163.051,
2001-06-27,161.279,161.279,161.279,161.279,
2001-06-28,163.318,163.318,163.318,163.318,
2001-06-29,163.752,163.752,163.752,163.752,
2001-07-02,167.763,167.763,167.763,167.763,
2001-07-03,165.457,165.457,165.457,165.457,
2001-07-05,162.506,162.506,162.506,162.506,
2001-07-06,157.209,157.209,157.209,157.209,
2001-07-09,157.075,157.075,157.075,157.075,
2001-07-10,153.42,153.42,153.42,153.42,
2001-07-11,149.565,149.565,149.565,149.565,
2001-07-12,157.578,157.578,157.578,157.578,
2001-07-13,159.087,159.087,159.087,159.087,
2001-07-16,154.963,154.963,154.963,154.963,
2001-07-17,154.594,154.594,154.594,154.594,
2001-07-18,154.728,154.728,154.728,154.728,
2001-07-19,155.835,155.835,155.835,155.835,
2001-07-20,156.337,156.337,156.337,156.337,
2001-07-23,151.878,151.878,151.878,151.878,
2001-07-24,147.52,147.52,147.52,147.52,
2001-07-25,146.849,146.849,146.849,146.849,
2001-07-26,146.682,146.682,146.682,146.682,
2001-07-27,149.699,149.699,149.699,149.699,
2001-07-30,146.179,146.179,146.179,146.179,
2001-07-31,145.843,145.843,145.843,145.843,
2001-08-01,143.496,143.496,143.496,143.496,
2001-08-02,141.485,141.485,141.485,141.485,
2001-08-03,143.329,143.329,143.329,143.329,
2001-08-06,138.769,138.769,138.769,138.769,
2001-08-07,143.396,143.396,143.396,143.396,
2001-08-08,139.641,139.641,139.641,139.641,
2001-08-09,140.479,140.479,140.479,140.479,
2001-08-10,142.725,142.725,142.725,142.725,
2001-08-13,141.585,141.585,141.585,141.585,
2001-08-14,140.311,140.311,140.311,140.311,
2001-08-15,140.077,140.077,140.077,140.077,
2001-08-16,139.473,139.473,139.473,139.473,
2001-08-17,136.791,136.791,136.791,136.791,
2001-08-20,139.239,139.239,139.239,139.239,
2001-08-21,135.685,135.685,135.685,135.685,
2001-08-22,136.959,136.959,136.959,136.959,
2001-08-23,137.596,137.596,137.596,137.596,
2001-08-24,140.781,140.781,140.781,140.781,
2001-08-27,141.384,141.384,141.384,141.384,
2001-08-28,138.233,138.233,138.233,138.233,
2001-08-29,136.154,136.154,136.154,136.154,
2001-08-30,134.779,134.779,134.779,134.779,
2001-08-31,137.126,137.126,137.126,137.126,
2001-09-04,136.892,136.892,136.892,136.892,
2001-09-05,139.808,139.808,139.808,139.808,
2001-09-06,135.785,135.785,135.785,135.785,
2001-09-07,132.969,132.969,132.969,132.969,
2001-09-10,131.93,131.93,131.93,131.93,
2001-09-17,117.848,117.848,117.848,117.848,
2001-09-18,113.49,113.49,113.49,113.49,
2001-09-19,108.963,108.963,108.963,108.963,
2001-09-20,101.822,101.822,101.822,101.822,
2001-09-21,104.94,104.94,104.94,104.94,
2001-09-24,118.016,118.016,118.016,118.016,
2001-09-25,119.022,119.022,119.022,119.022,
2001-09-26,119.493,119.493,119.493,119.493,
2001-09-27,121.076,121.076,121.076,121.076,
2001-09-28,125.286,125.286,125.286,125.286,
2001-10-01,126.768,126.768,126.768,126.768,
2001-10-02,128.149,128.149,128.149,128.149,
2001-10-03,128.485,128.485,128.485,128.485,
2001-10-04,125.926,125.926,125.926,125.926,
2001-10-05,126.128,126.128,126.128,126.128,
2001-10-08,123.939,123.939,123.939,123.939,
2001-10-09,124.006,124.006,124.006,124.006,
2001-10-10,127.677,127.677,127.677,127.677,
2001-10-11,131.18,131.18,131.18,131.18,
2001-10-12,131.348,131.348,131.348,131.348,
2001-10-15,130.877,130.877,130.877,130.877,
2001-10-16,129.563,129.563,129.563,129.563,
2001-10-17,125.117,125.117,125.117,125.117,
2001-10-18,125.454,125.454,125.454,125.454,
2001-10-19,125.454,125.454,125.454,125.454,
2001-10-22,126.667,126.667,126.667,126.667,
2001-10-23,125.522,125.522,125.522,125.522,
2001-10-24,124.882,124.882,124.882,124.882,
2001-10-25,127.542,127.542,127.542,127.542,
2001-10-26,130.944,130.944,130.944,130.944,
2001-10-29,126.06,126.06,126.06,126.06,
2001-10-30,122.389,122.389,122.389,122.389,
2001-10-31,122.625,122.625,122.625,122.625,
2001-11-01,127.677,127.677,127.677,127.677,
2001-11-02,127.846,127.846,127.846,127.846,
2001-11-05,130.573,130.573,130.573,130.573,
2001-11-06,134.042,134.042,134.042,134.042,
2001-11-07,132.527,132.527,132.527,132.527,
2001-11-08,135.895,135.895,135.895,135.895,
2001-11-09,136.097,136.097,136.097,136.097,
2001-11-12,132.796,132.796,132.796,132.796,
2001-11-13,136.602,136.602,136.602,136.602,
2001-11-14,137.68,137.68,137.68,137.68,
2001-11-15,139.936,139.936,139.936,139.936,
2001-11-16,137.579,137.579,137.579,137.579,
2001-11-19,138.926,138.926,138.926,138.926,
2001-11-20,138.421,138.421,138.421,138.421,
2001-11-21,136.232,136.232,136.232,136.232,
2001-11-23,138.151,138.151,138.151,138.151,
2001-11-26,139.162,139.162,139.162,139.162,
2001-11-27,138.32,138.32,138.32,138.32,
2001-11-28,132.527,132.527,132.527,132.527,
2001-11-29,133.807,133.807,133.807,133.807,
2001-11-30,129.664,129.664,129.664,129.664,
2001-12-03,124.343,124.343,124.343,124.343,
2001-12-04,125.791,125.791,125.791,125.791,
2001-12-05,126.465,126.465,126.465,126.465,
2001-12-06,127.138,127.138,127.138,127.138,
2001-12-07,125.117,125.117,125.117,125.117,
2001-12-10,123.939,123.939,123.939,123.939,
2001-12-11,123.905,123.905,123.905,123.905,
2001-12-12,124.781,124.781,124.781,124.781,
2001-12-13,124.781,124.781,124.781,124.781,
2001-12-14,126.801,126.801,126.801,126.801,
2001-12-17,128.991,128.991,128.991,128.991,
2001-12-18,133.773,133.773,133.773,133.773,
2001-12-19,137.343,137.343,137.343,137.343,
2001-12-20,137.545,137.545,137.545,137.545,
2001-12-21,139.263,139.263,139.263,139.263,
2001-12-24,138.724,138.724,138.724,138.724,
2001-12-26,136.568,136.568,136.568,136.568,
2001-12-27,138.53,138.53,138.53,138.53,
2001-12-28,137.786,137.786,137.786,137.786,
2001-12-31,135.587,135.587,135.587,135.587,
2002-01-02,138.53,138.53,138.53,138.53,
2002-01-03,137.38,137.38,137.38,137.38,
2002-01-04,138.53,138.53,138.53,138.53,
2002-01-07,133.152,133.152,133.152,133.152,
2002-01-08,131.765,131.765,131.765,131.765,
2002-01-09,130.411,130.411,130.411,130.411,
2002-01-10,130.614,130.614,130.614,130.614,
2002-01-11,129.329,129.329,129.329,129.329,
2002-01-14,128.213,128.213,128.213,128.213,
2002-01-15,130.953,130.953,130.953,130.953,
2002-01-16,127.604,127.604,127.604,127.604,
2002-01-17,131.088,131.088,131.088,131.088,
2002-01-18,130.851,130.851,130.851,130.851,
2002-01-22,129.566,129.566,129.566,129.566,
2002-01-23,127.367,127.367,127.367,127.367,
2002-01-24,127.029,127.029,127.029,127.029,
2002-01-25,129.43,129.43,129.43,129.43,
2002-01-28,129.058,129.058,129.058,129.058,
2002-01-29,123.341,123.341,123.341,123.341,
2002-01-30,124.762,124.762,124.762,124.762,
2002-01-31,125.675,125.675,125.675,125.675,
2002-02-01,124.66,124.66,124.66,124.66,
2002-02-04,118.402,118.402,118.402,118.402,
2002-02-05,122.495,122.495,122.495,122.495,
2002-02-06,125.033,125.033,125.033,125.033,
2002-02-07,125.844,125.844,125.844,125.844,
2002-02-08,126.014,126.014,126.014,126.014,
2002-02-11,127.874,127.874,127.874,127.874,
2002-02-12,126.859,126.859,126.859,126.859,
2002-02-13,128.889,128.889,128.889,128.889,
2002-02-14,128.551,128.551,128.551,128.551,
2002-02-15,125.54,125.54,125.54,125.54,
2002-02-19,123.138,123.138,123.138,123.138,
2002-02-20,127.096,127.096,127.096,127.096,
2002-02-21,126.927,126.927,126.927,126.927,
2002-02-22,128.855,128.855,128.855,128.855,
2002-02-25,132.61,132.61,132.61,132.61,
2002-02-26,131.088,131.088,131.088,131.088,
2002-02-27,131.7,131.7,131.7,131.7,
2002-02-28,130.85,130.85,130.85,130.85,
2002-03-01,134.079,134.079,134.079,134.079,
2002-03-04,136.628,136.628,136.628,136.628,
2002-03-05,137.647,137.647,137.647,137.647,
2002-03-06,141.216,141.216,141.216,141.216,
2002-03-07,139.177,139.177,139.177,139.177,
2002-03-08,137.987,137.987,137.987,137.987,
2002-03-11,139.857,139.857,139.857,139.857,
2002-03-12,139.687,139.687,139.687,139.687,
2002-03-13,135.948,135.948,135.948,135.948,
2002-03-14,137.342,137.342,137.342,137.342,
2002-03-15,136.594,136.594,136.594,136.594,
2002-03-18,135.608,135.608,135.608,135.608,
2002-03-19,135.608,135.608,135.608,135.608,
2002-03-20,131.87,131.87,131.87,131.87,
2002-03-21,127.281,127.281,127.281,127.281,
2002-03-22,128.709,128.709,128.709,128.709,
2002-03-25,125.888,125.888,125.888,125.888,
2002-03-26,126.806,126.806,126.806,126.806,
2002-03-27,127.281,127.281,127.281,127.281,
2002-03-28,127.111,127.111,127.111,127.111,
2002-04-01,126.772,126.772,126.772,126.772,
2002-04-02,126.092,126.092,126.092,126.092,
2002-04-03,124.902,124.902,124.902,124.902,
2002-04-04,126.772,126.772,126.772,126.772,
2002-04-05,126.092,126.092,126.092,126.092,
2002-04-08,125.276,125.276,125.276,125.276,
2002-04-09,123.883,123.883,123.883,123.883,
2002-04-10,126.432,126.432,126.432,126.432,
2002-04-11,114.706,114.706,114.706,114.706,
2002-04-12,114.026,114.026,114.026,114.026,
2002-04-15,108.249,108.249,108.249,108.249,
2002-04-16,112.497,112.497,112.497,112.497,
2002-04-17,114.366,114.366,114.366,114.366,
2002-04-18,114.876,114.876,114.876,114.876,
2002-04-19,114.536,114.536,114.536,114.536,
2002-04-22,111.681,111.681,111.681,111.681,
2002-04-23,111.477,111.477,111.477,111.477,
2002-04-24,110.458,110.458,110.458,110.458,
2002-04-25,108.929,108.929,108.929,108.929,
2002-04-26,107.059,107.059,107.059,107.059,
2002-04-29,104.85,104.85,104.85,104.85,
2002-04-30,107.229,107.229,107.229,107.229,
2002-05-01,107.739,107.739,107.739,107.739,
2002-05-02,107.399,107.399,107.399,107.399,
2002-05-03,107.739,107.739,107.739,107.739,
2002-05-06,105.258,105.258,105.258,105.258,
2002-05-07,104.17,104.17,104.17,104.17,
2002-05-08,111.647,111.647,111.647,111.647,
2002-05-09,107.025,107.025,107.025,107.025,
2002-05-10,104.17,104.17,104.17,104.17,
2002-05-13,104.85,104.85,104.85,104.85,
2002-05-14,107.331,107.331,107.331,107.331,
2002-05-15,105.122,105.122,105.122,105.122,
2002-05-16,108.758,108.758,108.758,108.758,
2002-05-17,113.687,113.687,113.687,113.687,
2002-05-20,110.798,110.798,110.798,110.798,
2002-05-21,109.268,109.268,109.268,109.268,
2002-05-22,108.487,108.487,108.487,108.487,
2002-05-23,111.987,111.987,111.987,111.987,
2002-05-24,110.798,110.798,110.798,110.798,
2002-05-28,108.929,108.929,108.929,108.929,
2002-05-29,106.719,106.719,106.719,106.719,
2002-05-30,106.04,106.04,106.04,106.04,
2002-05-31,105.836,105.836,105.836,105.836,
2002-06-03,102.335,102.335,102.335,102.335,
2002-06-04,102.131,102.131,102.131,102.131,
2002-06-05,102.471,102.471,102.471,102.471,
2002-06-06,99.582,99.582,99.582,99.582,
2002-06-07,102.641,102.641,102.641,102.641,
2002-06-10,101.791,101.791,101.791,101.791,
2002-06-11,99.922,99.922,99.922,99.922,
2002-06-12,103.151,103.151,103.151,103.151,
2002-06-13,101.451,101.451,101.451,101.451,
2002-06-14,100.942,100.942,100.942,100.942,
2002-06-17,103.694,103.694,103.694,103.694,
2002-06-18,105.87,105.87,105.87,105.87,
2002-06-19,103.151,103.151,103.151,103.151,
2002-06-20,100.942,100.942,100.942,100.942,
2002-06-21,98.392,98.392,98.392,98.392,
2002-06-24,100.602,100.602,100.602,100.602,
2002-06-25,98.223,98.223,98.223,98.223,
2002-06-26,100.89,100.89,100.89,100.89,
2002-06-27,102.258,102.258,102.258,102.258,
2002-06-28,99.351,99.351,99.351,99.351,
2002-07-01,97.299,97.299,97.299,97.299,
2002-07-02,96.102,96.102,96.102,96.102,
2002-07-03,95.418,95.418,95.418,95.418,
2002-07-05,101.54,101.54,101.54,101.54,
2002-07-08,100.651,100.651,100.651,100.651,
2002-07-09,96.786,96.786,96.786,96.786,
2002-07-10,92.511,92.511,92.511,92.511,
2002-07-11,93.537,93.537,93.537,93.537,
2002-07-12,97.812,97.812,97.812,97.812,
2002-07-15,96.615,96.615,96.615,96.615,
2002-07-16,94.221,94.221,94.221,94.221,
2002-07-17,96.615,96.615,96.615,96.615,
2002-07-18,94.734,94.734,94.734,94.734,
2002-07-19,90.699,90.699,90.699,90.699,
2002-07-22,87.757,87.757,87.757,87.757,
2002-07-23,84.816,84.816,84.816,84.816,
2002-07-24,90.733,90.733,90.733,90.733,
2002-07-25,91.143,91.143,91.143,91.143,
2002-07-26,95.076,95.076,95.076,95.076,
2002-07-29,104.139,104.139,104.139,104.139,
2002-07-30,108.072,108.072,108.072,108.072,
2002-07-31,110.124,110.124,110.124,110.124,
2002-08-01,107.388,107.388,107.388,107.388,
2002-08-02,100.89,100.89,100.89,100.89,
2002-08-05,96.786,96.786,96.786,96.786,
2002-08-06,101.403,101.403,101.403,101.403,
2002-08-07,105.165,105.165,105.165,105.165,
2002-08-08,109.269,109.269,109.269,109.269,
2002-08-09,110.808,110.808,110.808,110.808,
2002-08-12,110.295,110.295,110.295,110.295,
2002-08-13,105.849,105.849,105.849,105.849,
2002-08-14,109.098,109.098,109.098,109.098,
2002-08-15,110.432,110.432,110.432,110.432,
2002-08-16,107.901,107.901,107.901,107.901,
2002-08-19,112.484,112.484,112.484,112.484,
2002-08-20,110.295,110.295,110.295,110.295,
2002-08-21,110.466,110.466,110.466,110.466,
2002-08-22,111.834,111.834,111.834,111.834,
2002-08-23,110.295,110.295,110.295,110.295,
2002-08-26,109.68,109.68,109.68,109.68,
2002-08-27,109.269,109.269,109.269,109.269,
2002-08-28,107.046,107.046,107.046,107.046,
2002-08-29,103.797,103.797,103.797,103.797,
2002-08-30,103.113,103.113,103.113,103.113,
2002-09-03,97.333,97.333,97.333,97.333,
2002-09-04,98.154,98.154,98.154,98.154,
2002-09-05,95.76,95.76,95.76,95.76,
2002-09-06,96.786,96.786,96.786,96.786,
2002-09-09,98.428,98.428,98.428,98.428,
2002-09-10,99.454,99.454,99.454,99.454,
2002-09-11,99.18,99.18,99.18,99.18,
2002-09-12,95.76,95.76,95.76,95.76,
2002-09-13,92.511,92.511,92.511,92.511,
2002-09-16,95.418,95.418,95.418,95.418,
2002-09-17,94.734,94.734,94.734,94.734,
2002-09-18,93.537,93.537,93.537,93.537,
2002-09-19,90.801,90.801,90.801,90.801,
2002-09-20,91.485,91.485,91.485,91.485,
2002-09-23,90.288,90.288,90.288,90.288,
2002-09-24,88.578,88.578,88.578,88.578,
2002-09-25,92.986,92.986,92.986,92.986,
2002-09-26,90.886,90.886,90.886,90.886,
2002-09-27,84.273,84.273,84.273,84.273,
2002-09-30,84.893,84.893,84.893,84.893,
2002-10-01,90.231,90.231,90.231,90.231,
2002-10-02,85.41,85.41,85.41,85.41,
2002-10-03,84.79,84.79,84.79,84.79,
2002-10-04,82.689,82.689,82.689,82.689,
2002-10-07,79.038,79.038,79.038,79.038,
2002-10-08,80.416,80.416,80.416,80.416,
2002-10-09,75.767,75.767,75.767,75.767,
2002-10-10,77.833,77.833,77.833,77.833,
2002-10-11,83.378,83.378,83.378,83.378,
2002-10-14,83.86,83.86,83.86,83.86,
2002-10-15,90.231,90.231,90.231,90.231,
2002-10-16,88.165,88.165,88.165,88.165,
2002-10-17,92.608,92.608,92.608,92.608,
2002-10-18,91.781,91.781,91.781,91.781,
2002-10-21,93.503,93.503,93.503,93.503,
2002-10-22,93.227,93.227,93.227,93.227,
2002-10-23,92.642,92.642,92.642,92.642,
2002-10-24,89.542,89.542,89.542,89.542,
2002-10-25,90.369,90.369,90.369,90.369,
2002-10-28,90.403,90.403,90.403,90.403,
2002-10-29,89.026,89.026,89.026,89.026,
2002-10-30,86.615,86.615,86.615,86.615,
2002-10-31,86.959,86.959,86.959,86.959,
2002-11-01,89.542,89.542,89.542,89.542,
2002-11-04,91.264,91.264,91.264,91.264,
2002-11-05,91.264,91.264,91.264,91.264,
2002-11-06,91.609,91.609,91.609,91.609,
2002-11-07,89.921,89.921,89.921,89.921,
2002-11-08,86.443,86.443,86.443,86.443,
2002-11-11,83.378,83.378,83.378,83.378,
2002-11-12,82.138,82.138,82.138,82.138,
2002-11-13,82.965,82.965,82.965,82.965,
2002-11-14,84.376,84.376,84.376,84.376,
2002-11-15,82.172,82.172,82.172,82.172,
2002-11-18,81.277,81.277,81.277,81.277,
2002-11-19,82.31,82.31,82.31,82.31,
2002-11-20,85.41,85.41,85.41,85.41,
2002-11-21,92.47,92.47,92.47,92.47,
2002-11-22,91.092,91.092,91.092,91.092,
2002-11-25,92.298,92.298,92.298,92.298,
2002-11-26,90.748,90.748,90.748,90.748,
2002-11-27,93.503,93.503,93.503,93.503,
2002-11-29,93.4,93.4,93.4,93.4,
2002-12-02,93.675,93.675,93.675,93.675,
2002-12-03,92.125,92.125,92.125,92.125,
2002-12-04,91.333,91.333,91.333,91.333,
2002-12-05,88.854,88.854,88.854,88.854,
2002-12-06,89.715,89.715,89.715,89.715,
2002-12-09,87.82,87.82,87.82,87.82,
2002-12-10,89.301,89.301,89.301,89.301,
2002-12-11,90.025,90.025,90.025,90.025,
2002-12-12,89.198,89.198,89.198,89.198,
2002-12-13,87.82,87.82,87.82,87.82,
2002-12-16,91.023,91.023,91.023,91.023,
2002-12-17,89.542,89.542,89.542,89.542,
2002-12-18,88.371,88.371,88.371,88.371,
2002-12-19,87.476,87.476,87.476,87.476,
2002-12-20,89.37,89.37,89.37,89.37,
2002-12-23,88.613,88.613,88.613,88.613,
2002-12-24,87.235,87.235,87.235,87.235,
2002-12-26,87.132,87.132,87.132,87.132,
2002-12-27,85.709,85.709,85.709,85.709,
2002-12-30,85.015,85.015,85.015,85.015,
2002-12-31,84.494,84.494,84.494,84.494,
2003-01-02,88.416,88.416,88.416,88.416,
2003-01-03,88.138,88.138,88.138,88.138,
2003-01-06,90.393,90.393,90.393,90.393,
2003-01-07,89.873,89.873,89.873,89.873,
2003-01-08,88.485,88.485,88.485,88.485,
2003-01-09,89.873,89.873,89.873,89.873,
2003-01-10,89.006,89.006,89.006,89.006,
2003-01-13,88.971,88.971,88.971,88.971,
2003-01-14,89.214,89.214,89.214,89.214,
2003-01-15,87.409,87.409,87.409,87.409,
2003-01-16,86.854,86.854,86.854,86.854,
2003-01-17,86.334,86.334,86.334,86.334,
2003-01-21,83.488,83.488,83.488,83.488,
2003-01-22,81.718,81.718,81.718,81.718,
2003-01-23,83.106,83.106,83.106,83.106,
2003-01-24,80.018,80.018,80.018,80.018,
2003-01-27,79.983,79.983,79.983,79.983,
2003-01-28,80.33,80.33,80.33,80.33,
2003-01-29,79.914,79.914,79.914,79.914,
2003-01-30,78.248,78.248,78.248,78.248,
2003-01-31,80.296,80.296,80.296,80.296,
2003-02-03,82.066,82.066,82.066,82.066,
2003-02-04,79.983,79.983,79.983,79.983,
2003-02-05,79.81,79.81,79.81,79.81,
2003-02-06,79.428,79.428,79.428,79.428,
2003-02-07,78.769,78.769,78.769,78.769,
2003-02-10,78.526,78.526,78.526,78.526,
2003-02-11,78.075,78.075,78.075,78.075,
2003-02-12,77.207,77.207,77.207,77.207,
2003-02-13,76.93,76.93,76.93,76.93,
2003-02-14,78.006,78.006,78.006,78.006,
2003-02-18,79.498,79.498,79.498,79.498,
2003-02-19,81.025,81.025,81.025,81.025,
2003-02-20,81.025,81.025,81.025,81.025,
2003-02-21,82.586,82.586,82.586,82.586,
2003-02-24,81.267,81.267,81.267,81.267,
2003-02-25,83.211,83.211,83.211,83.211,
2003-02-26,81.742,81.742,81.742,81.742,
2003-02-27,83.595,83.595,83.595,83.595,
2003-02-28,84.12,84.12,84.12,84.12,
2003-03-03,83.595,83.595,83.595,83.595,
2003-03-04,81.846,81.846,81.846,81.846,
2003-03-05,83.246,83.246,83.246,83.246,
2003-03-06,83.77,83.77,83.77,83.77,
2003-03-07,84.994,84.994,84.994,84.994,
2003-03-10,82.546,82.546,82.546,82.546,
2003-03-11,81.672,81.672,81.672,81.672,
2003-03-12,83.246,83.246,83.246,83.246,
2003-03-13,88.177,88.177,88.177,88.177,
2003-03-14,89.716,89.716,89.716,89.716,
2003-03-17,91.885,91.885,91.885,91.885,
2003-03-18,92.34,92.34,92.34,92.34,
2003-03-19,94.368,94.368,94.368,94.368,
2003-03-20,93.914,93.914,93.914,93.914,
2003-03-21,97.936,97.936,97.936,97.936,
2003-03-24,93.494,93.494,93.494,93.494,
2003-03-25,94.368,94.368,94.368,94.368,
2003-03-26,93.039,93.039,93.039,93.039,
2003-03-27,92.48,92.48,92.48,92.48,
2003-03-28,91.045,91.045,91.045,91.045,
2003-03-31,89.192,89.192,89.192,89.192,
2003-04-01,91.395,91.395,91.395,91.395,
2003-04-02,94.613,94.613,94.613,94.613,
2003-04-03,96.362,96.362,96.362,96.362,
2003-04-04,96.642,96.642,96.642,96.642,
2003-04-07,97.097,97.097,97.097,97.097,
2003-04-08,98.146,98.146,98.146,98.146,
2003-04-09,95.488,95.488,95.488,95.488,
2003-04-10,95.767,95.767,95.767,95.767,
2003-04-11,96.712,96.712,96.712,96.712,
2003-04-14,97.097,97.097,97.097,97.097,
2003-04-15,98.985,98.985,98.985,98.985,
2003-04-16,97.341,97.341,97.341,97.341,
2003-04-17,99.65,99.65,99.65,99.65,
2003-04-21,98.496,98.496,98.496,98.496,
2003-04-22,101.399,101.399,101.399,101.399,
2003-04-23,102.798,102.798,102.798,102.798,
2003-04-24,101.783,101.783,101.783,101.783,
2003-04-25,101.818,101.818,101.818,101.818,
2003-04-28,103.252,103.252,103.252,103.252,
2003-04-29,102.833,102.833,102.833,102.833,
2003-04-30,103.008,103.008,103.008,103.008,
2003-05-01,101.783,101.783,101.783,101.783,
2003-05-02,101.714,101.714,101.714,101.714,
2003-05-05,100.839,100.839,100.839,100.839,
2003-05-06,101.853,101.853,101.853,101.853,
2003-05-07,100.909,100.909,100.909,100.909,
2003-05-08,99.58,99.58,99.58,99.58,
2003-05-09,101.434,101.434,101.434,101.434,
2003-05-12,101.329,101.329,101.329,101.329,
2003-05-13,99.86,99.86,99.86,99.86,
2003-05-14,100.07,100.07,100.07,100.07,
2003-05-15,99.615,99.615,99.615,99.615,
2003-05-16,97.411,97.411,97.411,97.411,
2003-05-19,96.362,96.362,96.362,96.362,
2003-05-20,96.992,96.992,96.992,96.992,
2003-05-21,96.537,96.537,96.537,96.537,
2003-05-22,96.992,96.992,96.992,96.992,
2003-05-23,96.677,96.677,96.677,96.677,
2003-05-27,99.02,99.02,99.02,99.02,
2003-05-28,98.88,98.88,98.88,98.88,
2003-05-29,98.81,98.81,98.81,98.81,
2003-05-30,100.384,100.384,100.384,100.384,
2003-06-02,101.434,101.434,101.434,101.434,
2003-06-03,101.609,101.609,101.609,101.609,
2003-06-04,102.693,102.693,102.693,102.693,
2003-06-05,104.162,104.162,104.162,104.162,
2003-06-06,105.981,105.981,105.981,105.981,
2003-06-09,105.421,105.421,105.421,105.421,
2003-06-10,106.995,106.995,106.995,106.995,
2003-06-11,108.359,108.359,108.359,108.359,
2003-06-12,108.674,108.674,108.674,108.674,
2003-06-13,107.205,107.205,107.205,107.205,
2003-06-16,109.618,109.618,109.618,109.618,
2003-06-17,109.129,109.129,109.129,109.129,
2003-06-18,107.485,107.485,107.485,107.485,
2003-06-19,104.442,104.442,104.442,104.442,
2003-06-20,104.966,104.966,104.966,104.966,
2003-06-23,104.477,104.477,104.477,104.477,
2003-06-24,104.687,104.687,104.687,104.687,
2003-06-25,102.343,102.343,102.343,102.343,
2003-06-26,102.625,102.625,102.625,102.625,
2003-06-27,100.759,100.759,100.759,100.759,
2003-06-30,100.97,100.97,100.97,100.97,
2003-07-01,100.794,100.794,100.794,100.794,
2003-07-02,100.724,100.724,100.724,100.724,
2003-07-03,100.512,100.512,100.512,100.512,
2003-07-07,103.047,103.047,103.047,103.047,
2003-07-08,101.428,101.428,101.428,101.428,
2003-07-09,99.914,99.914,99.914,99.914,
2003-07-10,99.245,99.245,99.245,99.245,
2003-07-11,98.999,98.999,98.999,98.999,
2003-07-14,98.717,98.717,98.717,98.717,
2003-07-15,97.414,97.414,97.414,97.414,
2003-07-16,96.393,96.393,96.393,96.393,
2003-07-17,95.408,95.408,95.408,95.408,
2003-07-18,97.802,97.802,97.802,97.802,
2003-07-21,95.619,95.619,95.619,95.619,
2003-07-22,96.499,96.499,96.499,96.499,
2003-07-23,96.534,96.534,96.534,96.534,
2003-07-24,96.605,96.605,96.605,96.605,
2003-07-25,100.09,100.09,100.09,100.09,
2003-07-28,99.879,99.879,99.879,99.879,
2003-07-29,98.224,98.224,98.224,98.224,
2003-07-30,98.47,98.47,98.47,98.47,
2003-07-31,100.125,100.125,100.125,100.125,
2003-08-01,100.196,100.196,100.196,100.196,
2003-08-04,100.266,100.266,100.266,100.266,
2003-08-05,97.872,97.872,97.872,97.872,
2003-08-06,97.449,97.449,97.449,97.449,
2003-08-07,98.858,98.858,98.858,98.858,
2003-08-08,98.858,98.858,98.858,98.858,
2003-08-11,99.562,99.562,99.562,99.562,
2003-08-12,99.738,99.738,99.738,99.738,
2003-08-13,98.646,98.646,98.646,98.646,
2003-08-14,100.512,100.512,100.512,100.512,
2003-08-15,101.322,101.322,101.322,101.322,
2003-08-18,104.913,104.913,104.913,104.913,
2003-08-19,105.089,105.089,105.089,105.089,
2003-08-20,103.681,103.681,103.681,103.681,
2003-08-21,106.181,106.181,106.181,106.181,
2003-08-22,105.195,105.195,105.195,105.195,
2003-08-25,105.089,105.089,105.089,105.089,
2003-08-26,105.195,105.195,105.195,105.195,
2003-08-27,104.737,104.737,104.737,104.737,
2003-08-28,104.491,104.491,104.491,104.491,
2003-08-29,104.103,104.103,104.103,104.103,
2003-09-02,107.166,107.166,107.166,107.166,
2003-09-03,109.56,109.56,109.56,109.56,
2003-09-04,110.264,110.264,110.264,110.264,
2003-09-05,109.279,109.279,109.279,109.279,
2003-09-08,110.476,110.476,110.476,110.476,
2003-09-09,109.701,109.701,109.701,109.701,
2003-09-10,109.243,109.243,109.243,109.243,
2003-09-11,110.828,110.828,110.828,110.828,
2003-09-12,111.004,111.004,111.004,111.004,
2003-09-15,110.546,110.546,110.546,110.546,
2003-09-16,112.412,112.412,112.412,112.412,
2003-09-17,111.673,111.673,111.673,111.673,
2003-09-18,113.046,113.046,113.046,113.046,
2003-09-19,112.412,112.412,112.412,112.412,
2003-09-22,110.546,110.546,110.546,110.546,
2003-09-23,111.109,111.109,111.109,111.109,
2003-09-24,108.469,108.469,108.469,108.469,
2003-09-25,107.619,107.619,107.619,107.619,
2003-09-26,105.812,105.812,105.812,105.812,
2003-09-29,107.583,107.583,107.583,107.583,
2003-09-30,105.599,105.599,105.599,105.599,
2003-10-01,108.504,108.504,108.504,108.504,
2003-10-02,108.929,108.929,108.929,108.929,
2003-10-03,109.177,109.177,109.177,109.177,
2003-10-06,109.071,109.071,109.071,109.071,
2003-10-07,108.575,108.575,108.575,108.575,
2003-10-08,106.981,106.981,106.981,106.981,
2003-10-09,106.733,106.733,106.733,106.733,
2003-10-10,103.864,103.864,103.864,103.864,
2003-10-13,102.482,102.482,102.482,102.482,
2003-10-14,103.757,103.757,103.757,103.757,
2003-10-15,102.199,102.199,102.199,102.199,
2003-10-16,102.801,102.801,102.801,102.801,
2003-10-17,101.136,101.136,101.136,101.136,
2003-10-20,101.951,101.951,101.951,101.951,
2003-10-21,102.305,102.305,102.305,102.305,
2003-10-22,100.428,100.428,100.428,100.428,
2003-10-23,100.569,100.569,100.569,100.569,
2003-10-24,100.25,100.25,100.25,100.25,
2003-10-27,99.967,99.967,99.967,99.967,
2003-10-28,101.03,101.03,101.03,101.03,
2003-10-29,102.128,102.128,102.128,102.128,
2003-10-30,102.305,102.305,102.305,102.305,
2003-10-31,102.766,102.766,102.766,102.766,
2003-11-03,102.022,102.022,102.022,102.022,
2003-11-04,101.526,101.526,101.526,101.526,
2003-11-05,100.711,100.711,100.711,100.711,
2003-11-06,100.746,100.746,100.746,100.746,
2003-11-07,99.613,99.613,99.613,99.613,
2003-11-10,99.79,99.79,99.79,99.79,
2003-11-11,99.577,99.577,99.577,99.577,
2003-11-12,101.667,101.667,101.667,101.667,
2003-11-13,100.392,100.392,100.392,100.392,
2003-11-14,98.763,98.763,98.763,98.763,
2003-11-17,98.515,98.515,98.515,98.515,
2003-11-18,100.746,100.746,100.746,100.746,
2003-11-19,104.395,104.395,104.395,104.395,
2003-11-20,102.553,102.553,102.553,102.553,
2003-11-21,101.171,101.171,101.171,101.171,
2003-11-24,101.845,101.845,101.845,101.845,
2003-11-25,102.411,102.411,102.411,102.411,
2003-11-26,101.915,101.915,101.915,101.915,
2003-11-28,101.561,101.561,101.561,101.561,
2003-12-01,102.836,102.836,102.836,102.836,
2003-12-02,104.43,104.43,104.43,104.43,
2003-12-03,104.572,104.572,104.572,104.572,
2003-12-04,103.262,103.262,103.262,103.262,
2003-12-05,103.084,103.084,103.084,103.084,
2003-12-08,104.041,104.041,104.041,104.041,
2003-12-09,104.714,104.714,104.714,104.714,
2003-12-10,105.281,105.281,105.281,105.281,
2003-12-11,107.69,107.69,107.69,107.69,
2003-12-12,106.662,106.662,106.662,106.662,
2003-12-15,107.442,107.442,107.442,107.442,
2003-12-16,108.575,108.575,108.575,108.575,
2003-12-17,108.859,108.859,108.859,108.859,
2003-12-18,109.284,109.284,109.284,109.284,
2003-12-19,109.425,109.425,109.425,109.425,
2003-12-22,109.815,109.815,109.815,109.815,
2003-12-23,110.169,110.169,110.169,110.169,
2003-12-24,109.461,109.461,109.461,109.461,
2003-12-26,108.823,108.823,108.823,108.823,
2003-12-29,109.928,109.928,109.928,109.928,
2003-12-30,109.536,109.536,109.536,109.536,
2003-12-31,110.463,110.463,110.463,110.463,
2004-01-02,110.962,110.962,110.962,110.962,
2004-01-05,112.603,112.603,112.603,112.603,
2004-01-06,111.854,111.854,111.854,111.854,
2004-01-07,112.959,112.959,112.959,112.959,
2004-01-08,114.992,114.992,114.992,114.992,
2004-01-09,113.387,113.387,113.387,113.387,
2004-01-12,114.421,114.421,114.421,114.421,
2004-01-13,112.71,112.71,112.71,112.71,
2004-01-14,114.1,114.1,114.1,114.1,
2004-01-15,114.1,114.1,114.1,114.1,
2004-01-16,118.914,118.914,118.914,118.914,
2004-01-20,118.949,118.949,118.949,118.949,
2004-01-21,120.697,120.697,120.697,120.697,
2004-01-22,119.52,119.52,119.52,119.52,
2004-01-23,118.415,118.415,118.415,118.415,
2004-01-26,121.731,121.731,121.731,121.731,
2004-01-27,121.909,121.909,121.909,121.909,
2004-01-28,120.376,120.376,120.376,120.376,
2004-01-29,121.339,121.339,121.339,121.339,
2004-01-30,119.912,119.912,119.912,119.912,
2004-02-02,119.912,119.912,119.912,119.912,
2004-02-03,118.415,118.415,118.415,118.415,
2004-02-04,118.308,118.308,118.308,118.308,
2004-02-05,119.52,119.52,119.52,119.52,
2004-02-06,118.308,118.308,118.308,118.308,
2004-02-09,117.274,117.274,117.274,117.274,
2004-02-10,115.883,115.883,115.883,115.883,
2004-02-11,117.951,117.951,117.951,117.951,
2004-02-12,117.167,117.167,117.167,117.167,
2004-02-13,116.667,116.667,116.667,116.667,
2004-02-17,117.844,117.844,117.844,117.844,
2004-02-18,116.774,116.774,116.774,116.774,
2004-02-19,116.24,116.24,116.24,116.24,
2004-02-20,116.596,116.596,116.596,116.596,
2004-02-23,119.163,119.163,119.163,119.163,
2004-02-24,118.664,118.664,118.664,118.664,
2004-02-25,117.559,117.559,117.559,117.559,
2004-02-26,117.2,117.2,117.2,117.2,
2004-02-27,116.662,116.662,116.662,116.662,
2004-03-01,117.631,117.631,117.631,117.631,
2004-03-02,116.554,116.554,116.554,116.554,
2004-03-03,117.846,117.846,117.846,117.846,
2004-03-04,118.025,118.025,118.025,118.025,
2004-03-05,117.559,117.559,117.559,117.559,
2004-03-08,114.187,114.187,114.187,114.187,
2004-03-09,113.218,113.218,113.218,113.218,
2004-03-10,111.568,111.568,111.568,111.568,
2004-03-11,109.129,109.129,109.129,109.129,
2004-03-12,109.774,109.774,109.774,109.774,
2004-03-15,108.698,108.698,108.698,108.698,
2004-03-16,109.416,109.416,109.416,109.416,
2004-03-17,110.348,110.348,110.348,110.348,
2004-03-18,110.205,110.205,110.205,110.205,
2004-03-19,108.124,108.124,108.124,108.124,
2004-03-22,105.505,105.505,105.505,105.505,
2004-03-23,104.752,104.752,104.752,104.752,
2004-03-24,104.68,104.68,104.68,104.68,
2004-03-25,106.546,106.546,106.546,106.546,
2004-03-26,107.981,107.981,107.981,107.981,
2004-03-29,109.344,109.344,109.344,109.344,
2004-03-30,110.097,110.097,110.097,110.097,
2004-03-31,109.487,109.487,109.487,109.487,
2004-04-01,109.846,109.846,109.846,109.846,
2004-04-02,111.424,111.424,111.424,111.424,
2004-04-05,113.29,113.29,113.29,113.29,
2004-04-06,113.075,113.075,113.075,113.075,
2004-04-07,112.644,112.644,112.644,112.644,
2004-04-08,112.68,112.68,112.68,112.68,
2004-04-12,113.433,113.433,113.433,113.433,
2004-04-13,111.209,111.209,111.209,111.209,
2004-04-14,109.344,109.344,109.344,109.344,
2004-04-15,110.348,110.348,110.348,110.348,
2004-04-16,112.034,112.034,112.034,112.034,
2004-04-19,111.568,111.568,111.568,111.568,
2004-04-20,109.308,109.308,109.308,109.308,
2004-04-21,110.133,110.133,110.133,110.133,
2004-04-22,110.671,110.671,110.671,110.671,
2004-04-23,110.097,110.097,110.097,110.097,
2004-04-26,110.312,110.312,110.312,110.312,
2004-04-27,109.595,109.595,109.595,109.595,
2004-04-28,107.694,107.694,107.694,107.694,
2004-04-29,107.801,107.801,107.801,107.801,
2004-04-30,107.442,107.442,107.442,107.442,
2004-05-03,108.698,108.698,108.698,108.698,
2004-05-04,109.2,109.2,109.2,109.2,
2004-05-05,109.38,109.38,109.38,109.38,
2004-05-06,109.308,109.308,109.308,109.308,
2004-05-07,107.622,107.622,107.622,107.622,
2004-05-10,107.729,107.729,107.729,107.729,
2004-05-11,108.519,108.519,108.519,108.519,
2004-05-12,109.057,109.057,109.057,109.057,
2004-05-13,108.877,108.877,108.877,108.877,
2004-05-14,108.196,108.196,108.196,108.196,
2004-05-17,107.514,107.514,107.514,107.514,
2004-05-18,109.164,109.164,109.164,109.164,
2004-05-19,108.519,108.519,108.519,108.519,
2004-05-20,108.447,108.447,108.447,108.447,
2004-05-21,109.954,109.954,109.954,109.954,
2004-05-24,110.42,110.42,110.42,110.42,
2004-05-25,111.963,111.963,111.963,111.963,
2004-05-26,112.25,112.25,112.25,112.25,
2004-05-27,112.142,112.142,112.142,112.142,
2004-05-28,111.64,111.64,111.64,111.64,
2004-06-01,111.353,111.353,111.353,111.353,
2004-06-02,111.568,111.568,111.568,111.568,
2004-06-03,111.209,111.209,111.209,111.209,
2004-06-04,112.034,112.034,112.034,112.034,
2004-06-07,113.649,113.649,113.649,113.649,
2004-06-08,112.895,112.895,112.895,112.895,
2004-06-09,111.855,111.855,111.855,111.855,
2004-06-10,112.967,112.967,112.967,112.967,
2004-06-14,113.254,113.254,113.254,113.254,
2004-06-15,114.115,114.115,114.115,114.115,
2004-06-16,115.191,115.191,115.191,115.191,
2004-06-17,116.088,116.088,116.088,116.088,
2004-06-18,116.877,116.877,116.877,116.877,
2004-06-21,116.949,116.949,116.949,116.949,
2004-06-22,117.846,117.846,117.846,117.846,
2004-06-23,119.891,119.891,119.891,119.891,
2004-06-24,120.071,120.071,120.071,120.071,
2004-06-25,116.137,116.137,116.137,116.137,
2004-06-28,116.607,116.607,116.607,116.607,
2004-06-29,116.679,116.679,116.679,116.679,
2004-06-30,116.931,116.931,116.931,116.931,
2004-07-01,115.524,115.524,115.524,115.524,
2004-07-02,114.297,114.297,114.297,114.297,
2004-07-06,114.874,114.874,114.874,114.874,
2004-07-07,115.56,115.56,115.56,115.56,
2004-07-08,114.405,114.405,114.405,114.405,
2004-07-09,116.101,116.101,116.101,116.101,
2004-07-12,117.653,117.653,117.653,117.653,
2004-07-13,118.519,118.519,118.519,118.519,
2004-07-14,119.566,119.566,119.566,119.566,
2004-07-15,120.432,120.432,120.432,120.432,
2004-07-16,119.422,119.422,119.422,119.422,
2004-07-19,119.927,119.927,119.927,119.927,
2004-07-20,119.855,119.855,119.855,119.855,
2004-07-21,117.653,117.653,117.653,117.653,
2004-07-22,118.664,118.664,118.664,118.664,
2004-07-23,117.364,117.364,117.364,117.364,
2004-07-26,116.607,116.607,116.607,116.607,
2004-07-27,118.375,118.375,118.375,118.375,
2004-07-28,120.143,120.143,120.143,120.143,
2004-07-29,119.855,119.855,119.855,119.855,
2004-07-30,119.999,119.999,119.999,119.999,
2004-08-02,120.035,120.035,120.035,120.035,
2004-08-03,118.628,118.628,118.628,118.628,
2004-08-04,118.664,118.664,118.664,118.664,
2004-08-05,116.282,116.282,116.282,116.282,
2004-08-06,113.755,113.755,113.755,113.755,
2004-08-09,114.946,114.946,114.946,114.946,
2004-08-10,115.813,115.813,115.813,115.813,
2004-08-11,116.21,116.21,116.21,116.21,
2004-08-12,114.08,114.08,114.08,114.08,
2004-08-13,115.091,115.091,115.091,115.091,
2004-08-16,116.57,116.57,116.57,116.57,
2004-08-17,115.993,115.993,115.993,115.993,
2004-08-18,118.303,118.303,118.303,118.303,
2004-08-19,118.05,118.05,118.05,118.05,
2004-08-20,117.834,117.834,117.834,117.834,
2004-08-23,117.328,117.328,117.328,117.328,
2004-08-24,117.761,117.761,117.761,117.761,
2004-08-25,118.339,118.339,118.339,118.339,
2004-08-26,118.339,118.339,118.339,118.339,
2004-08-27,118.267,118.267,118.267,118.267,
2004-08-30,117.545,117.545,117.545,117.545,
2004-08-31,118.339,118.339,118.339,118.339,
2004-09-01,118.664,118.664,118.664,118.664,
2004-09-02,119.566,119.566,119.566,119.566,
2004-09-03,118.519,118.519,118.519,118.519,
2004-09-07,120.324,120.324,120.324,120.324,
2004-09-08,121.479,121.479,121.479,121.479,
2004-09-09,122.201,122.201,122.201,122.201,
2004-09-10,122.273,122.273,122.273,122.273,
2004-09-13,121.804,121.804,121.804,121.804,
2004-09-14,122.056,122.056,122.056,122.056,
2004-09-15,121.01,121.01,121.01,121.01,
2004-09-16,121.01,121.01,121.01,121.01,
2004-09-17,123.5,123.5,123.5,123.5,
2004-09-20,123.464,123.464,123.464,123.464,
2004-09-21,124.366,124.366,124.366,124.366,
2004-09-22,122.453,122.453,122.453,122.453,
2004-09-23,121.328,121.328,121.328,121.328,
2004-09-24,121.291,121.291,121.291,121.291,
2004-09-27,120.239,120.239,120.239,120.239,
2004-09-28,120.928,120.928,120.928,120.928,
2004-09-29,121.437,121.437,121.437,121.437,
2004-09-30,121.909,121.909,121.909,121.909,
2004-10-01,123.324,123.324,123.324,123.324,
2004-10-04,123.869,123.869,123.869,123.869,
2004-10-05,123.615,123.615,123.615,123.615,
2004-10-06,124.813,124.813,124.813,124.813,
2004-10-07,123.252,123.252,123.252,123.252,
2004-10-08,122.489,122.489,122.489,122.489,
2004-10-11,123.433,123.433,123.433,123.433,
2004-10-12,123.506,123.506,123.506,123.506,
2004-10-13,122.381,122.381,122.381,122.381,
2004-10-14,121.473,121.473,121.473,121.473,
2004-10-15,121.8,121.8,121.8,121.8,
2004-10-18,123.034,123.034,123.034,123.034,
2004-10-19,121.364,121.364,121.364,121.364,
2004-10-20,120.602,120.602,120.602,120.602,
2004-10-21,121.146,121.146,121.146,121.146,
2004-10-22,119.621,119.621,119.621,119.621,
2004-10-25,119.44,119.44,119.44,119.44,
2004-10-26,122.09,122.09,122.09,122.09,
2004-10-27,123.252,123.252,123.252,123.252,
2004-10-28,123.542,123.542,123.542,123.542,
2004-10-29,123.869,123.869,123.869,123.869,
2004-11-01,123.615,123.615,123.615,123.615,
2004-11-02,123.615,123.615,123.615,123.615,
2004-11-03,124.631,124.631,124.631,124.631,
2004-11-04,127.39,127.39,127.39,127.39,
2004-11-05,127.753,127.753,127.753,127.753,
2004-11-08,127.499,127.499,127.499,127.499,
2004-11-09,128.588,128.588,128.588,128.588,
2004-11-10,128.225,128.225,128.225,128.225,
2004-11-11,129.968,129.968,129.968,129.968,
2004-11-12,131.602,131.602,131.602,131.602,
2004-11-15,131.057,131.057,131.057,131.057,
2004-11-16,131.057,131.057,131.057,131.057,
2004-11-17,131.965,131.965,131.965,131.965,
2004-11-18,133.707,133.707,133.707,133.707,
2004-11-19,131.674,131.674,131.674,131.674,
2004-11-22,131.021,131.021,131.021,131.021,
2004-11-23,130.004,130.004,130.004,130.004,
2004-11-24,129.387,129.387,129.387,129.387,
2004-11-26,128.661,128.661,128.661,128.661,
2004-11-29,128.153,128.153,128.153,128.153,
2004-11-30,128.371,128.371,128.371,128.371,
2004-12-01,130.767,130.767,130.767,130.767,
2004-12-02,130.476,130.476,130.476,130.476,
2004-12-03,130.077,130.077,130.077,130.077,
2004-12-06,129.496,129.496,129.496,129.496,
2004-12-07,128.189,128.189,128.189,128.189,
2004-12-08,129.641,129.641,129.641,129.641,
2004-12-09,130.767,130.767,130.767,130.767,
2004-12-10,133.199,133.199,133.199,133.199,
2004-12-13,136.067,136.067,136.067,136.067,
2004-12-14,135.704,135.704,135.704,135.704,
2004-12-15,135.74,135.74,135.74,135.74,
2004-12-16,134.724,134.724,134.724,134.724,
2004-12-17,133.417,133.417,133.417,133.417,
2004-12-20,134.724,134.724,134.724,134.724,
2004-12-21,134.942,134.942,134.942,134.942,
2004-12-22,134.54,134.54,134.54,134.54,
2004-12-23,134.284,134.284,134.284,134.284,
2004-12-27,133.554,133.554,133.554,133.554,
2004-12-28,133.992,133.992,133.992,133.992,
2004-12-29,133.517,133.517,133.517,133.517,
2004-12-30,133.663,133.663,133.663,133.663,
2004-12-31,133.298,133.298,133.298,133.298,
2005-01-03,133.627,133.627,133.627,133.627,
2005-01-04,132.02,132.02,132.02,132.02,
2005-01-05,131.217,131.217,131.217,131.217,
2005-01-06,132.276,132.276,132.276,132.276,
2005-01-07,131.472,131.472,131.472,131.472,
2005-01-10,131.144,131.144,131.144,131.144,
2005-01-11,129.281,129.281,129.281,129.281,
2005-01-12,130.304,130.304,130.304,130.304,
2005-01-13,128.66,128.66,128.66,128.66,
2005-01-14,129.719,129.719,129.719,129.719,
2005-01-18,131.326,131.326,131.326,131.326,
2005-01-19,129.427,129.427,129.427,129.427,
2005-01-20,129.172,129.172,129.172,129.172,
2005-01-21,128.295,128.295,128.295,128.295,
2005-01-24,128.77,128.77,128.77,128.77,
2005-01-25,130.377,130.377,130.377,130.377,
2005-01-26,129.61,129.61,129.61,129.61,
2005-01-27,130.048,130.048,130.048,130.048,
2005-01-28,130.559,130.559,130.559,130.559,
2005-01-31,131.947,131.947,131.947,131.947,
2005-02-01,132.495,132.495,132.495,132.495,
2005-02-02,132.385,132.385,132.385,132.385,
2005-02-03,131.728,131.728,131.728,131.728,
2005-02-04,132.385,132.385,132.385,132.385,
2005-02-07,132.312,132.312,132.312,132.312,
2005-02-08,133.043,133.043,133.043,133.043,
2005-02-09,131.801,131.801,131.801,131.801,
2005-02-10,131.655,131.655,131.655,131.655,
2005-02-11,132.312,132.312,132.312,132.312,
2005-02-14,132.641,132.641,132.641,132.641,
2005-02-15,132.896,132.896,132.896,132.896,
2005-02-16,132.276,132.276,132.276,132.276,
2005-02-17,131.582,131.582,131.582,131.582,
2005-02-18,131.034,131.034,131.034,131.034,
2005-02-22,129.099,129.099,129.099,129.099,
2005-02-23,128.806,128.806,128.806,128.806,
2005-02-24,130.644,130.644,130.644,130.644,
2005-02-25,130.901,130.901,130.901,130.901,
2005-02-28,129.357,129.357,129.357,129.357,
2005-03-01,129.431,129.431,129.431,129.431,
2005-03-02,130.827,130.827,130.827,130.827,
2005-03-03,130.644,130.644,130.644,130.644,
2005-03-04,132.738,132.738,132.738,132.738,
2005-03-07,132.775,132.775,132.775,132.775,
2005-03-08,132.518,132.518,132.518,132.518,
2005-03-09,131.342,131.342,131.342,131.342,
2005-03-10,132.775,132.775,132.775,132.775,
2005-03-11,131.636,131.636,131.636,131.636,
2005-03-14,133.106,133.106,133.106,133.106,
2005-03-15,132.297,132.297,132.297,132.297,
2005-03-16,130.864,130.864,130.864,130.864,
2005-03-17,129.982,129.982,129.982,129.982,
2005-03-18,131.856,131.856,131.856,131.856,
2005-03-21,132.334,132.334,132.334,132.334,
2005-03-22,130.46,130.46,130.46,130.46,
2005-03-23,130.46,130.46,130.46,130.46,
2005-03-24,131.305,131.305,131.305,131.305,
2005-03-28,132.187,132.187,132.187,132.187,
2005-03-29,130.57,130.57,130.57,130.57,
2005-03-30,133.032,133.032,133.032,133.032,
2005-03-31,132.518,132.518,132.518,132.518,
2005-04-01,130.35,130.35,130.35,130.35,
2005-04-04,129.504,129.504,129.504,129.504,
2005-04-05,130.46,130.46,130.46,130.46,
2005-04-06,130.46,130.46,130.46,130.46,
2005-04-07,131.489,131.489,131.489,131.489,
2005-04-08,131.342,131.342,131.342,131.342,
2005-04-11,131.636,131.636,131.636,131.636,
2005-04-12,132.628,132.628,132.628,132.628,
2005-04-13,130.974,130.974,130.974,130.974,
2005-04-14,130.46,130.46,130.46,130.46,
2005-04-15,131.379,131.379,131.379,131.379,
2005-04-18,132.297,132.297,132.297,132.297,
2005-04-19,132.297,132.297,132.297,132.297,
2005-04-20,130.534,130.534,130.534,130.534,
2005-04-21,132.738,132.738,132.738,132.738,
2005-04-22,132.665,132.665,132.665,132.665,
2005-04-25,133.694,133.694,133.694,133.694,
2005-04-26,132.959,132.959,132.959,132.959,
2005-04-27,133.767,133.767,133.767,133.767,
2005-04-28,131.085,131.085,131.085,131.085,
2005-04-29,133.032,133.032,133.032,133.032,
2005-05-02,133.216,133.216,133.216,133.216,
2005-05-03,132.665,132.665,132.665,132.665,
2005-05-04,133.032,133.032,133.032,133.032,
2005-05-05,131.746,131.746,131.746,131.746,
2005-05-06,131.746,131.746,131.746,131.746,
2005-05-09,133.143,133.143,133.143,133.143,
2005-05-10,131.673,131.673,131.673,131.673,
2005-05-11,132.996,132.996,132.996,132.996,
2005-05-12,131.82,131.82,131.82,131.82,
2005-05-13,131.195,131.195,131.195,131.195,
2005-05-16,133.179,133.179,133.179,133.179,
2005-05-17,133.988,133.988,133.988,133.988,
2005-05-18,135.605,135.605,135.605,135.605,
2005-05-19,135.678,135.678,135.678,135.678,
2005-05-20,135.972,135.972,135.972,135.972,
2005-05-23,136.634,136.634,136.634,136.634,
2005-05-24,136.23,136.23,136.23,136.23,
2005-05-25,135.458,135.458,135.458,135.458,
2005-05-26,135.752,135.752,135.752,135.752,
2005-05-27,135.531,135.531,135.531,135.531,
2005-05-31,134.061,134.061,134.061,134.061,
2005-06-01,135.715,135.715,135.715,135.715,
2005-06-02,135.605,135.605,135.605,135.605,
2005-06-03,134.87,134.87,134.87,134.87,
2005-06-06,134.539,134.539,134.539,134.539,
2005-06-07,135.384,135.384,135.384,135.384,
2005-06-08,135.237,135.237,135.237,135.237,
2005-06-09,135.201,135.201,135.201,135.201,
2005-06-10,134.613,134.613,134.613,134.613,
2005-06-13,134.319,134.319,134.319,134.319,
2005-06-14,133.804,133.804,133.804,133.804,
2005-06-15,133.473,133.473,133.473,133.473,
2005-06-16,132.702,132.702,132.702,132.702,
2005-06-17,134.135,134.135,134.135,134.135,
2005-06-20,133.326,133.326,133.326,133.326,
2005-06-21,132.849,132.849,132.849,132.849,
2005-06-22,131.268,131.268,131.268,131.268,
2005-06-23,128.162,128.162,128.162,128.162,
2005-06-24,128.606,128.606,128.606,128.606,
2005-06-27,127.978,127.978,127.978,127.978,
2005-06-28,129.974,129.974,129.974,129.974,
2005-06-29,129.42,129.42,129.42,129.42,
2005-06-30,128.125,128.125,128.125,128.125,
2005-07-01,128.458,128.458,128.458,128.458,
2005-07-05,128.384,128.384,128.384,128.384,
2005-07-06,126.905,126.905,126.905,126.905,
2005-07-07,126.387,126.387,126.387,126.387,
2005-07-08,129.383,129.383,129.383,129.383,
2005-07-11,129.826,129.826,129.826,129.826,
2005-07-12,129.789,129.789,129.789,129.789,
2005-07-13,130.085,130.085,130.085,130.085,
2005-07-14,131.749,131.749,131.749,131.749,
2005-07-15,131.379,131.379,131.379,131.379,
2005-07-18,130.159,130.159,130.159,130.159,
2005-07-19,130.64,130.64,130.64,130.64,
2005-07-20,130.529,130.529,130.529,130.529,
2005-07-21,129.42,129.42,129.42,129.42,
2005-07-22,129.678,129.678,129.678,129.678,
2005-07-25,128.569,128.569,128.569,128.569,
2005-07-26,128.31,128.31,128.31,128.31,
2005-07-27,128.68,128.68,128.68,128.68,
2005-07-28,128.976,128.976,128.976,128.976,
2005-07-29,127.571,127.571,127.571,127.571,
2005-08-01,126.646,126.646,126.646,126.646,
2005-08-02,126.646,126.646,126.646,126.646,
2005-08-03,126.498,126.498,126.498,126.498,
2005-08-04,125.759,125.759,125.759,125.759,
2005-08-05,125.019,125.019,125.019,125.019,
2005-08-08,124.835,124.835,124.835,124.835,
2005-08-09,126.24,126.24,126.24,126.24,
2005-08-10,125.278,125.278,125.278,125.278,
2005-08-11,127.608,127.608,127.608,127.608,
2005-08-12,126.646,126.646,126.646,126.646,
2005-08-15,126.498,126.498,126.498,126.498,
2005-08-16,125.278,125.278,125.278,125.278,
2005-08-17,126.092,126.092,126.092,126.092,
2005-08-18,125.685,125.685,125.685,125.685,
2005-08-19,125.537,125.537,125.537,125.537,
2005-08-22,125.611,125.611,125.611,125.611,
2005-08-23,125.611,125.611,125.611,125.611,
2005-08-24,124.021,124.021,124.021,124.021,
2005-08-25,123.873,123.873,123.873,123.873,
2005-08-26,123.429,123.429,123.429,123.429,
2005-08-29,124.243,124.243,124.243,124.243,
2005-08-30,122.912,122.912,122.912,122.912,
2005-08-31,124.28,124.28,124.28,124.28,
2005-09-01,122.542,122.542,122.542,122.542,
2005-09-02,123.244,123.244,123.244,123.244,
2005-09-06,125.5,125.5,125.5,125.5,
2005-09-07,125.759,125.759,125.759,125.759,
2005-09-08,125.167,125.167,125.167,125.167,
2005-09-09,125.648,125.648,125.648,125.648,
2005-09-12,127.312,127.312,127.312,127.312,
2005-09-13,126.757,126.757,126.757,126.757,
2005-09-14,125.907,125.907,125.907,125.907,
2005-09-15,127.127,127.127,127.127,127.127,
2005-09-16,127.46,127.46,127.46,127.46,
2005-09-19,125.907,125.907,125.907,125.907,
2005-09-20,125.13,125.13,125.13,125.13,
2005-09-21,124.058,124.058,124.058,124.058,
2005-09-22,123.946,123.946,123.946,123.946,
2005-09-23,124.319,124.319,124.319,124.319,
2005-09-26,123.835,123.835,123.835,123.835,
2005-09-27,125.212,125.212,125.212,125.212,
2005-09-28,124.654,124.654,124.654,124.654,
2005-09-29,125.249,125.249,125.249,125.249,
2005-09-30,125.324,125.324,125.324,125.324,
2005-10-03,123.686,123.686,123.686,123.686,
2005-10-04,122.271,122.271,122.271,122.271,
2005-10-05,121.639,121.639,121.639,121.639,
2005-10-06,125.026,125.026,125.026,125.026,
2005-10-07,127.371,127.371,127.371,127.371,
2005-10-10,126.514,126.514,126.514,126.514,
2005-10-11,125.807,125.807,125.807,125.807,
2005-10-12,125.807,125.807,125.807,125.807,
2005-10-13,126.626,126.626,126.626,126.626,
2005-10-14,127.817,127.817,127.817,127.817,
2005-10-17,126.589,126.589,126.589,126.589,
2005-10-18,126.552,126.552,126.552,126.552,
2005-10-19,128.078,128.078,128.078,128.078,
2005-10-20,126.105,126.105,126.105,126.105,
2005-10-21,125.547,125.547,125.547,125.547,
2005-10-24,127.036,127.036,127.036,127.036,
2005-10-25,126.217,126.217,126.217,126.217,
2005-10-26,125.435,125.435,125.435,125.435,
2005-10-27,124.988,124.988,124.988,124.988,
2005-10-28,126.738,126.738,126.738,126.738,
2005-10-31,126.217,126.217,126.217,126.217,
2005-11-01,125.063,125.063,125.063,125.063,
2005-11-02,125.845,125.845,125.845,125.845,
2005-11-03,126.477,126.477,126.477,126.477,
2005-11-04,126.626,126.626,126.626,126.626,
2005-11-07,126.626,126.626,126.626,126.626,
2005-11-08,125.659,125.659,125.659,125.659,
2005-11-09,126.254,126.254,126.254,126.254,
2005-11-10,128.413,128.413,128.413,128.413,
2005-11-11,128.971,128.971,128.971,128.971,
2005-11-14,128.041,128.041,128.041,128.041,
2005-11-15,128.041,128.041,128.041,128.041,
2005-11-16,128.562,128.562,128.562,128.562,
2005-11-17,129.008,129.008,129.008,129.008,
2005-11-18,133.065,133.065,133.065,133.065,
2005-11-21,134.74,134.74,134.74,134.74,
2005-11-22,134.219,134.219,134.219,134.219,
2005-11-23,133.773,133.773,133.773,133.773,
2005-11-25,134.74,134.74,134.74,134.74,
2005-11-28,133.922,133.922,133.922,133.922,
2005-11-29,133.735,133.735,133.735,133.735,
2005-11-30,132.954,132.954,132.954,132.954,
2005-12-01,133.065,133.065,133.065,133.065,
2005-12-02,132.135,132.135,132.135,132.135,
2005-12-05,133.14,133.14,133.14,133.14,
2005-12-06,133.252,133.252,133.252,133.252,
2005-12-07,132.395,132.395,132.395,132.395,
2005-12-08,131.577,131.577,131.577,131.577,
2005-12-09,132.247,132.247,132.247,132.247,
2005-12-12,132.321,132.321,132.321,132.321,
2005-12-13,132.023,132.023,132.023,132.023,
2005-12-14,133.14,133.14,133.14,133.14,
2005-12-15,133.996,133.996,133.996,133.996,
2005-12-16,134.219,134.219,134.219,134.219,
2005-12-19,133.326,133.326,133.326,133.326,
2005-12-20,132.284,132.284,132.284,132.284,
2005-12-21,131.465,131.465,131.465,131.465,
2005-12-22,132.777,132.777,132.777,132.777,
2005-12-23,132.777,132.777,132.777,132.777,
2005-12-27,131.427,131.427,131.427,131.427,
2005-12-28,131.615,131.615,131.615,131.615,
2005-12-29,131.915,131.915,131.915,131.915,
2005-12-30,131.39,131.39,131.39,131.39,
2006-01-03,132.59,132.59,132.59,132.59,
2006-01-04,132.402,132.402,132.402,132.402,
2006-01-05,132.065,132.065,132.065,132.065,
2006-01-06,132.964,132.964,132.964,132.964,
2006-01-09,132.627,132.627,132.627,132.627,
2006-01-10,131.915,131.915,131.915,131.915,
2006-01-11,132.814,132.814,132.814,132.814,
2006-01-12,131.203,131.203,131.203,131.203,
2006-01-13,131.577,131.577,131.577,131.577,
2006-01-17,130.978,130.978,130.978,130.978,
2006-01-18,130.528,130.528,130.528,130.528,
2006-01-19,130.003,130.003,130.003,130.003,
2006-01-20,125.092,125.092,125.092,125.092,
2006-01-23,124.792,124.792,124.792,124.792,
2006-01-24,123.555,123.555,123.555,123.555,
2006-01-25,122.806,122.806,122.806,122.806,
2006-01-26,123.78,123.78,123.78,123.78,
2006-01-27,123.518,123.518,123.518,123.518,
2006-01-30,123.443,123.443,123.443,123.443,
2006-01-31,122.768,122.768,122.768,122.768,
2006-02-01,124.23,124.23,124.23,124.23,
2006-02-02,123.33,123.33,123.33,123.33,
2006-02-03,123.143,123.143,123.143,123.143,
2006-02-06,122.768,122.768,122.768,122.768,
2006-02-07,121.119,121.119,121.119,121.119,
2006-02-08,122.731,122.731,122.731,122.731,
2006-02-09,123.405,123.405,123.405,123.405,
2006-02-10,124.755,124.755,124.755,124.755,
2006-02-13,124.642,124.642,124.642,124.642,
2006-02-14,125.43,125.43,125.43,125.43,
2006-02-15,125.43,125.43,125.43,125.43,
2006-02-16,125.017,125.017,125.017,125.017,
2006-02-17,125.992,125.992,125.992,125.992,
2006-02-21,125.055,125.055,125.055,125.055,
2006-02-22,126.104,126.104,126.104,126.104,
2006-02-23,125.613,125.613,125.613,125.613,
2006-02-24,125.16,125.16,125.16,125.16,
2006-02-27,125.84,125.84,125.84,125.84,
2006-02-28,124.141,124.141,124.141,124.141,
2006-03-01,123.725,123.725,123.725,123.725,
2006-03-02,124.065,124.065,124.065,124.065,
2006-03-03,124.858,124.858,124.858,124.858,
2006-03-06,125.009,125.009,125.009,125.009,
2006-03-07,125.198,125.198,125.198,125.198,
2006-03-08,126.255,126.255,126.255,126.255,
2006-03-09,125.387,125.387,125.387,125.387,
2006-03-10,127.086,127.086,127.086,127.086,
2006-03-13,127.162,127.162,127.162,127.162,
2006-03-14,127.577,127.577,127.577,127.577,
2006-03-15,129.994,129.994,129.994,129.994,
2006-03-16,129.843,129.843,129.843,129.843,
2006-03-17,130.334,130.334,130.334,130.334,
2006-03-20,130.297,130.297,130.297,130.297,
2006-03-21,129.692,129.692,129.692,129.692,
2006-03-22,130.41,130.41,130.41,130.41,
2006-03-23,128.861,128.861,128.861,128.861,
2006-03-24,128.219,128.219,128.219,128.219,
2006-03-27,127.615,127.615,127.615,127.615,
2006-03-28,126.897,126.897,126.897,126.897,
2006-03-29,128.144,128.144,128.144,128.144,
2006-03-30,130.863,130.863,130.863,130.863,
2006-03-31,131.354,131.354,131.354,131.354,
2006-04-03,131.014,131.014,131.014,131.014,
2006-04-04,131.052,131.052,131.052,131.052,
2006-04-05,129.994,129.994,129.994,129.994,
2006-04-06,130.334,130.334,130.334,130.334,
2006-04-07,128.521,128.521,128.521,128.521,
2006-04-10,128.106,128.106,128.106,128.106,
2006-04-11,128.597,128.597,128.597,128.597,
2006-04-12,130.146,130.146,130.146,130.146,
2006-04-13,127.993,127.993,127.993,127.993,
2006-04-17,125.727,125.727,125.727,125.727,
2006-04-18,127.917,127.917,127.917,127.917,
2006-04-19,127.993,127.993,127.993,127.993,
2006-04-20,128.861,128.861,128.861,128.861,
2006-04-21,128.295,128.295,128.295,128.295,
2006-04-24,128.144,128.144,128.144,128.144,
2006-04-25,128.295,128.295,128.295,128.295,
2006-04-26,128.899,128.899,128.899,128.899,
2006-04-27,130.032,130.032,130.032,130.032,
2006-04-28,130.636,130.636,130.636,130.636,
2006-05-01,129.881,129.881,129.881,129.881,
2006-05-02,130.221,130.221,130.221,130.221,
2006-05-03,129.919,129.919,129.919,129.919,
2006-05-04,131.43,131.43,131.43,131.43,
2006-05-05,132.789,132.789,132.789,132.789,
2006-05-08,132.185,132.185,132.185,132.185,
2006-05-09,132.185,132.185,132.185,132.185,
2006-05-10,131.052,131.052,131.052,131.052,
2006-05-11,130.334,130.334,130.334,130.334,
2006-05-12,129.466,129.466,129.466,129.466,
2006-05-15,130.523,130.523,130.523,130.523,
2006-05-16,131.392,131.392,131.392,131.392,
2006-05-17,129.994,129.994,129.994,129.994,
2006-05-18,128.975,128.975,128.975,128.975,
2006-05-19,129.012,129.012,129.012,129.012,
2006-05-22,128.673,128.673,128.673,128.673,
2006-05-23,128.446,128.446,128.446,128.446,
2006-05-24,129.39,129.39,129.39,129.39,
2006-05-25,129.994,129.994,129.994,129.994,
2006-05-26,129.655,129.655,129.655,129.655,
2006-05-30,128.597,128.597,128.597,128.597,
2006-05-31,129.39,129.39,129.39,129.39,
2006-06-01,130.485,130.485,130.485,130.485,
2006-06-02,130.901,130.901,130.901,130.901,
2006-06-05,129.239,129.239,129.239,129.239,
2006-06-06,130.485,130.485,130.485,130.485,
2006-06-07,129.919,129.919,129.919,129.919,
2006-06-08,130.561,130.561,130.561,130.561,
2006-06-09,128.673,128.673,128.673,128.673,
2006-06-12,127.917,127.917,127.917,127.917,
2006-06-13,127.388,127.388,127.388,127.388,
2006-06-14,128.03,128.03,128.03,128.03,
2006-06-15,128.824,128.824,128.824,128.824,
2006-06-16,128.144,128.144,128.144,128.144,
2006-06-19,127.351,127.351,127.351,127.351,
2006-06-20,127.275,127.275,127.275,127.275,
2006-06-21,127.162,127.162,127.162,127.162,
2006-06-22,126.477,126.477,126.477,126.477,
2006-06-23,126.173,126.173,126.173,126.173,
2006-06-26,126.363,126.363,126.363,126.363,
2006-06-27,125.107,125.107,125.107,125.107,
2006-06-28,125.297,125.297,125.297,125.297,
2006-06-29,126.591,126.591,126.591,126.591,
2006-06-30,125.412,125.412,125.412,125.412,
2006-07-03,126.819,126.819,126.819,126.819,
2006-07-05,126.743,126.743,126.743,126.743,
2006-07-06,127.466,127.466,127.466,127.466,
2006-07-07,126.705,126.705,126.705,126.705,
2006-07-10,127.276,127.276,127.276,127.276,
2006-07-11,126.553,126.553,126.553,126.553,
2006-07-12,125.792,125.792,125.792,125.792,
2006-07-13,124.308,124.308,124.308,124.308,
2006-07-14,122.177,122.177,122.177,122.177,
2006-07-17,123.129,123.129,123.129,123.129,
2006-07-18,123.509,123.509,123.509,123.509,
2006-07-19,125.107,125.107,125.107,125.107,
2006-07-20,123.585,123.585,123.585,123.585,
2006-07-21,122.71,122.71,122.71,122.71,
2006-07-24,124.118,124.118,124.118,124.118,
2006-07-25,124.422,124.422,124.422,124.422,
2006-07-26,124.346,124.346,124.346,124.346,
2006-07-27,124.232,124.232,124.232,124.232,
2006-07-28,125.64,125.64,125.64,125.64,
2006-07-31,124.384,124.384,124.384,124.384,
2006-08-01,123.89,123.89,123.89,123.89,
2006-08-02,124.042,124.042,124.042,124.042,
2006-08-03,124.536,124.536,124.536,124.536,
2006-08-04,124.803,124.803,124.803,124.803,
2006-08-07,124.384,124.384,124.384,124.384,
2006-08-08,123.053,123.053,123.053,123.053,
2006-08-09,122.824,122.824,122.824,122.824,
2006-08-10,124.308,124.308,124.308,124.308,
2006-08-11,123.661,123.661,123.661,123.661,
2006-08-14,124.879,124.879,124.879,124.879,
2006-08-15,126.325,126.325,126.325,126.325,
2006-08-16,128.265,128.265,128.265,128.265,
2006-08-17,129.064,129.064,129.064,129.064,
2006-08-18,129.369,129.369,129.369,129.369,
2006-08-21,129.217,129.217,129.217,129.217,
2006-08-22,129.217,129.217,129.217,129.217,
2006-08-23,128.57,128.57,128.57,128.57,
2006-08-24,128.798,128.798,128.798,128.798,
2006-08-25,128.76,128.76,128.76,128.76,
2006-08-28,129.102,129.102,129.102,129.102,
2006-08-29,130.092,130.092,130.092,130.092,
2006-08-30,130.396,130.396,130.396,130.396,
2006-08-31,129.597,129.597,129.597,129.597,
2006-09-01,129.901,129.901,129.901,129.901,
2006-09-05,129.255,129.255,129.255,129.255,
2006-09-06,129.178,129.178,129.178,129.178,
2006-09-07,129.521,129.521,129.521,129.521,
2006-09-08,129.407,129.407,129.407,129.407,
2006-09-11,131.005,131.005,131.005,131.005,
2006-09-12,131.918,131.918,131.918,131.918,
2006-09-13,132.565,132.565,132.565,132.565,
2006-09-14,132.337,132.337,132.337,132.337,
2006-09-15,132.603,132.603,132.603,132.603,
2006-09-18,132.679,132.679,132.679,132.679,
2006-09-19,132.603,132.603,132.603,132.603,
2006-09-20,133.25,133.25,133.25,133.25,
2006-09-21,131.985,131.985,131.985,131.985,
2006-09-22,131.832,131.832,131.832,131.832,
2006-09-25,133.71,133.71,133.71,133.71,
2006-09-26,135.818,135.818,135.818,135.818,
2006-09-27,135.434,135.434,135.434,135.434,
2006-09-28,135.971,135.971,135.971,135.971,
2006-09-29,135.281,135.281,135.281,135.281,
2006-10-02,136.047,136.047,136.047,136.047,
2006-10-03,136.852,136.852,136.852,136.852,
2006-10-04,138.347,138.347,138.347,138.347,
2006-10-05,139.075,139.075,139.075,139.075,
2006-10-06,138.5,138.5,138.5,138.5,
2006-10-09,138.577,138.577,138.577,138.577,
2006-10-10,139.113,139.113,139.113,139.113,
2006-10-11,138.615,138.615,138.615,138.615,
2006-10-12,138.807,138.807,138.807,138.807,
2006-10-13,137.887,137.887,137.887,137.887,
2006-10-16,136.277,136.277,136.277,136.277,
2006-10-17,136.277,136.277,136.277,136.277,
2006-10-18,136.277,136.277,136.277,136.277,
2006-10-19,135.204,135.204,135.204,135.204,
2006-10-20,135.932,135.932,135.932,135.932,
2006-10-23,136.162,136.162,136.162,136.162,
2006-10-24,135.741,135.741,135.741,135.741,
2006-10-25,136.469,136.469,136.469,136.469,
2006-10-26,136.392,136.392,136.392,136.392,
2006-10-27,134.936,134.936,134.936,134.936,
2006-10-30,134.898,134.898,134.898,134.898,
2006-10-31,134.553,134.553,134.553,134.553,
2006-11-01,133.748,133.748,133.748,133.748,
2006-11-02,133.02,133.02,133.02,133.02,
2006-11-03,133.25,133.25,133.25,133.25,
2006-11-06,135.166,135.166,135.166,135.166,
2006-11-07,136.201,136.201,136.201,136.201,
2006-11-08,136.354,136.354,136.354,136.354,
2006-11-09,135.243,135.243,135.243,135.243,
2006-11-10,134.783,134.783,134.783,134.783,
2006-11-13,135.511,135.511,135.511,135.511,
2006-11-14,136.392,136.392,136.392,136.392,
2006-11-15,137.159,137.159,137.159,137.159,
2006-11-16,137.81,137.81,137.81,137.81,
2006-11-17,138.922,138.922,138.922,138.922,
2006-11-20,137.887,137.887,137.887,137.887,
2006-11-21,137.197,137.197,137.197,137.197,
2006-11-22,137.925,137.925,137.925,137.925,
2006-11-24,136.776,136.776,136.776,136.776,
2006-11-27,135.856,135.856,135.856,135.856,
2006-11-28,134.898,134.898,134.898,134.898,
2006-11-29,135.473,135.473,135.473,135.473,
2006-11-30,135.204,135.204,135.204,135.204,
2006-12-01,135.204,135.204,135.204,135.204,
2006-12-04,135.626,135.626,135.626,135.626,
2006-12-05,135.166,135.166,135.166,135.166,
2006-12-06,134.553,134.553,134.553,134.553,
2006-12-07,134.744,134.744,134.744,134.744,
2006-12-08,135.166,135.166,135.166,135.166,
2006-12-11,134.974,134.974,134.974,134.974,
2006-12-12,136.584,136.584,136.584,136.584,
2006-12-13,136.047,136.047,136.047,136.047,
2006-12-14,138.768,138.768,138.768,138.768,
2006-12-15,143.176,143.176,143.176,143.176,
2006-12-18,145.628,145.628,145.628,145.628,
2006-12-19,145.667,145.667,145.667,145.667,
2006-12-20,146.203,146.203,146.203,146.203,
2006-12-21,145.817,145.817,145.817,145.817,
2006-12-22,145.045,145.045,145.045,145.045,
2006-12-26,145.585,145.585,145.585,145.585,
2006-12-27,145.894,145.894,145.894,145.894,
2006-12-28,144.697,144.697,144.697,144.697,
2006-12-29,143.655,143.655,143.655,143.655,
2007-01-03,146.589,146.589,146.589,146.589,
2007-01-04,145.74,145.74,145.74,145.74,
2007-01-05,145.006,145.006,145.006,145.006,
2007-01-08,144.968,144.968,144.968,144.968,
2007-01-09,144.968,144.968,144.968,144.968,
2007-01-10,145.006,145.006,145.006,145.006,
2007-01-11,146.396,146.396,146.396,146.396,
2007-01-12,146.28,146.28,146.28,146.28,
2007-01-16,147.13,147.13,147.13,147.13,
2007-01-17,146.628,146.628,146.628,146.628,
2007-01-18,146.705,146.705,146.705,146.705,
2007-01-19,142.651,142.651,142.651,142.651,
2007-01-22,141.879,141.879,141.879,141.879,
2007-01-23,141.107,141.107,141.107,141.107,
2007-01-24,141.454,141.454,141.454,141.454,
2007-01-25,140.296,140.296,140.296,140.296,
2007-01-26,139.254,139.254,139.254,139.254,
2007-01-29,139.717,139.717,139.717,139.717,
2007-01-30,139.099,139.099,139.099,139.099,
2007-01-31,139.177,139.177,139.177,139.177,
2007-02-01,139.872,139.872,139.872,139.872,
2007-02-02,140.026,140.026,140.026,140.026,
2007-02-05,140.412,140.412,140.412,140.412,
2007-02-06,140.18,140.18,140.18,140.18,
2007-02-07,139.37,139.37,139.37,139.37,
2007-02-08,137.98,137.98,137.98,137.98,
2007-02-09,137.169,137.169,137.169,137.169,
2007-02-12,137.594,137.594,137.594,137.594,
2007-02-13,138.096,138.096,138.096,138.096,
2007-02-14,140.798,140.798,140.798,140.798,
2007-02-15,139.524,139.524,139.524,139.524,
2007-02-16,138.482,138.482,138.482,138.482,
2007-02-20,139.408,139.408,139.408,139.408,
2007-02-21,138.636,138.636,138.636,138.636,
2007-02-22,137.741,137.741,137.741,137.741,
2007-02-23,136.574,136.574,136.574,136.574,
2007-02-26,137.508,137.508,137.508,137.508,
2007-02-27,134.862,134.862,134.862,134.862,
2007-02-28,135.835,135.835,135.835,135.835,
2007-03-01,136.185,136.185,136.185,136.185,
2007-03-02,135.679,135.679,135.679,135.679,
2007-03-05,134.434,134.434,134.434,134.434,
2007-03-06,135.095,135.095,135.095,135.095,
2007-03-07,133.578,133.578,133.578,133.578,
2007-03-08,134.045,134.045,134.045,134.045,
2007-03-09,133.539,133.539,133.539,133.539,
2007-03-12,134.006,134.006,134.006,134.006,
2007-03-13,132.644,132.644,132.644,132.644,
2007-03-14,133.5,133.5,133.5,133.5,
2007-03-15,134.317,134.317,134.317,134.317,
2007-03-16,133.695,133.695,133.695,133.695,
2007-03-19,134.901,134.901,134.901,134.901,
2007-03-20,135.29,135.29,135.29,135.29,
2007-03-21,138.053,138.053,138.053,138.053,
2007-03-22,139.337,139.337,139.337,139.337,
2007-03-23,139.376,139.376,139.376,139.376,
2007-03-26,140.076,140.076,140.076,140.076,
2007-03-27,139.259,139.259,139.259,139.259,
2007-03-28,138.325,138.325,138.325,138.325,
2007-03-29,138.325,138.325,138.325,138.325,
2007-03-30,137.586,137.586,137.586,137.586,
2007-04-02,137.313,137.313,137.313,137.313,
2007-04-03,137.43,137.43,137.43,137.43,
2007-04-04,136.613,136.613,136.613,136.613,
2007-04-05,136.263,136.263,136.263,136.263,
2007-04-09,135.329,135.329,135.329,135.329,
2007-04-10,135.718,135.718,135.718,135.718,
2007-04-11,135.99,135.99,135.99,135.99,
2007-04-12,136.885,136.885,136.885,136.885,
2007-04-13,137.663,137.663,137.663,137.663,
2007-04-16,137.586,137.586,137.586,137.586,
2007-04-17,136.963,136.963,136.963,136.963,
2007-04-18,136.691,136.691,136.691,136.691,
2007-04-19,136.185,136.185,136.185,136.185,
2007-04-20,136.691,136.691,136.691,136.691,
2007-04-23,135.407,135.407,135.407,135.407,
2007-04-24,135.251,135.251,135.251,135.251,
2007-04-25,137.78,137.78,137.78,137.78,
2007-04-26,139.453,139.453,139.453,139.453,
2007-04-27,143.344,143.344,143.344,143.344,
2007-04-30,143.422,143.422,143.422,143.422,
2007-05-01,144.356,144.356,144.356,144.356,
2007-05-02,145.173,145.173,145.173,145.173,
2007-05-03,145.29,145.29,145.29,145.29,
2007-05-04,144.551,144.551,144.551,144.551,
2007-05-07,144.901,144.901,144.901,144.901,
2007-05-08,144.278,144.278,144.278,144.278,
2007-05-09,144.979,144.979,144.979,144.979,
2007-05-10,143.111,143.111,143.111,143.111,
2007-05-11,143.85,143.85,143.85,143.85,
2007-05-14,142.41,142.41,142.41,142.41,
2007-05-15,142.566,142.566,142.566,142.566,
2007-05-16,143.305,143.305,143.305,143.305,
2007-05-17,142.138,142.138,142.138,142.138,
2007-05-18,143.811,143.811,143.811,143.811,
2007-05-21,144.356,144.356,144.356,144.356,
2007-05-22,145.29,145.29,145.29,145.29,
2007-05-23,146.301,146.301,146.301,146.301,
2007-05-24,145.445,145.445,145.445,145.445,
2007-05-25,146.146,146.146,146.146,146.146,
2007-05-29,145.523,145.523,145.523,145.523,
2007-05-30,146.807,146.807,146.807,146.807,
2007-05-31,146.224,146.224,146.224,146.224,
2007-06-01,145.718,145.718,145.718,145.718,
2007-06-04,147.119,147.119,147.119,147.119,
2007-06-05,145.523,145.523,145.523,145.523,
2007-06-06,145.095,145.095,145.095,145.095,
2007-06-07,143.033,143.033,143.033,143.033,
2007-06-08,145.212,145.212,145.212,145.212,
2007-06-11,145.757,145.757,145.757,145.757,
2007-06-12,144.161,144.161,144.161,144.161,
2007-06-13,146.457,146.457,146.457,146.457,
2007-06-14,147.08,147.08,147.08,147.08,
2007-06-15,148.325,148.325,148.325,148.325,
2007-06-18,148.13,148.13,148.13,148.13,
2007-06-19,152.877,152.877,152.877,152.877,
2007-06-20,152.021,152.021,152.021,152.021,
2007-06-21,152.06,152.06,152.06,152.06,
2007-06-22,149.866,149.866,149.866,149.866,
2007-06-25,149.748,149.748,149.748,149.748,
2007-06-26,149.003,149.003,149.003,149.003,
2007-06-27,149.16,149.16,149.16,149.16,
2007-06-28,149.395,149.395,149.395,149.395,
2007-06-29,150.023,150.023,150.023,150.023,
2007-07-02,149.944,149.944,149.944,149.944,
2007-07-03,151.669,151.669,151.669,151.669,
2007-07-05,151.041,151.041,151.041,151.041,
2007-07-06,150.806,150.806,150.806,150.806,
2007-07-09,151.355,151.355,151.355,151.355,
2007-07-10,148.533,148.533,148.533,148.533,
2007-07-11,149.709,149.709,149.709,149.709,
2007-07-12,152.844,152.844,152.844,152.844,
2007-07-13,154.804,154.804,154.804,154.804,
2007-07-16,157.234,157.234,157.234,157.234,
2007-07-17,159.546,159.546,159.546,159.546,
2007-07-18,158.527,158.527,158.527,158.527,
2007-07-19,159.546,159.546,159.546,159.546,
2007-07-20,157.234,157.234,157.234,157.234,
2007-07-23,159.977,159.977,159.977,159.977,
2007-07-24,157.625,157.625,157.625,157.625,
2007-07-25,158.409,158.409,158.409,158.409,
2007-07-26,154.921,154.921,154.921,154.921,
2007-07-27,152.021,152.021,152.021,152.021,
2007-07-30,153.902,153.902,153.902,153.902,
2007-07-31,151.904,151.904,151.904,151.904,
2007-08-01,152.648,152.648,152.648,152.648,
2007-08-02,152.962,152.962,152.962,152.962,
2007-08-03,149.16,149.16,149.16,149.16,
2007-08-06,153.236,153.236,153.236,153.236,
2007-08-07,154.725,154.725,154.725,154.725,
2007-08-08,158.566,158.566,158.566,158.566,
2007-08-09,152.609,152.609,152.609,152.609,
2007-08-10,149.827,149.827,149.827,149.827,
2007-08-13,149.591,149.591,149.591,149.591,
2007-08-14,147.671,147.671,147.671,147.671,
2007-08-15,144.614,144.614,144.614,144.614,
2007-08-16,145.79,145.79,145.79,145.79,
2007-08-17,150.689,150.689,150.689,150.689,
2007-08-20,149.787,149.787,149.787,149.787,
2007-08-21,150.297,150.297,150.297,150.297,
2007-08-22,153.393,153.393,153.393,153.393,
2007-08-23,153.315,153.315,153.315,153.315,
2007-08-24,154.451,154.451,154.451,154.451,
2007-08-27,152.844,152.844,152.844,152.844,
2007-08-28,149.121,149.121,149.121,149.121,
2007-08-29,151.708,151.708,151.708,151.708,
2007-08-30,150.493,150.493,150.493,150.493,
2007-08-31,152.335,152.335,152.335,152.335,
2007-09-04,153.001,153.001,153.001,153.001,
2007-09-05,151.864,151.864,151.864,151.864,
2007-09-06,154.412,154.412,154.412,154.412,
2007-09-07,151.864,151.864,151.864,151.864,
2007-09-10,153.589,153.589,153.589,153.589,
2007-09-11,154.804,154.804,154.804,154.804,
2007-09-12,156.371,156.371,156.371,156.371,
2007-09-13,158.762,158.762,158.762,158.762,
2007-09-14,158.135,158.135,158.135,158.135,
2007-09-17,157.469,157.469,157.469,157.469,
2007-09-18,163.347,163.347,163.347,163.347,
2007-09-19,163.7,163.7,163.7,163.7,
2007-09-20,162.714,162.714,162.714,162.714,
2007-09-21,162.753,162.753,162.753,162.753,
2007-09-24,161.175,161.175,161.175,161.175,
2007-09-25,162.161,162.161,162.161,162.161,
2007-09-26,162.832,162.832,162.832,162.832,
2007-09-27,163.306,163.306,163.306,163.306,
2007-09-28,163.345,163.345,163.345,163.345,
2007-10-01,165.791,165.791,165.791,165.791,
2007-10-02,166.186,166.186,166.186,166.186,
2007-10-03,163.937,163.937,163.937,163.937,
2007-10-04,164.529,164.529,164.529,164.529,
2007-10-05,164.805,164.805,164.805,164.805,
2007-10-08,163.858,163.858,163.858,163.858,
2007-10-09,165.791,165.791,165.791,165.791,
2007-10-10,164.963,164.963,164.963,164.963,
2007-10-11,164.134,164.134,164.134,164.134,
2007-10-12,161.885,161.885,161.885,161.885,
2007-10-15,161.057,161.057,161.057,161.057,
2007-10-16,160.859,160.859,160.859,160.859,
2007-10-17,161.767,161.767,161.767,161.767,
2007-10-18,160.938,160.938,160.938,160.938,
2007-10-19,157.979,157.979,157.979,157.979,
2007-10-22,158.492,158.492,158.492,158.492,
2007-10-23,159.715,159.715,159.715,159.715,
2007-10-24,158.729,158.729,158.729,158.729,
2007-10-25,158.453,158.453,158.453,158.453,
2007-10-26,159.321,159.321,159.321,159.321,
2007-10-29,160.031,160.031,160.031,160.031,
2007-10-30,159.715,159.715,159.715,159.715,
2007-10-31,162.398,162.398,162.398,162.398,
2007-11-01,159.163,159.163,159.163,159.163,
2007-11-02,159.123,159.123,159.123,159.123,
2007-11-05,158.61,158.61,158.61,158.61,
2007-11-06,158.531,158.531,158.531,158.531,
2007-11-07,154.191,154.191,154.191,154.191,
2007-11-08,153.955,153.955,153.955,153.955,
2007-11-09,151.43,151.43,151.43,151.43,
2007-11-12,150.917,150.917,150.917,150.917,
2007-11-13,154.704,154.704,154.704,154.704,
2007-11-14,153.915,153.915,153.915,153.915,
2007-11-15,151.153,151.153,151.153,151.153,
2007-11-16,152.495,152.495,152.495,152.495,
2007-11-19,150.561,150.561,150.561,150.561,
2007-11-20,150.088,150.088,150.088,150.088,
2007-11-21,146.655,146.655,146.655,146.655,
2007-11-23,148.628,148.628,148.628,148.628,
2007-11-26,144.919,144.919,144.919,144.919,
2007-11-27,147.76,147.76,147.76,147.76,
2007-11-28,151.745,151.745,151.745,151.745,
2007-11-29,150.483,150.483,150.483,150.483,
2007-11-30,151.074,151.074,151.074,151.074,
2007-12-03,145.708,145.708,145.708,145.708,
2007-12-04,143.025,143.025,143.025,143.025,
2007-12-05,144.84,144.84,144.84,144.84,
2007-12-06,147.01,147.01,147.01,147.01,
2007-12-07,146.892,146.892,146.892,146.892,
2007-12-10,147.602,147.602,147.602,147.602,
2007-12-11,146.103,146.103,146.103,146.103,
2007-12-12,146.971,146.971,146.971,146.971,
2007-12-13,148.273,148.273,148.273,148.273,
2007-12-14,145.63,145.63,145.63,145.63,
2007-12-17,143.933,143.933,143.933,143.933,
2007-12-18,145.196,145.196,145.196,145.196,
2007-12-19,144.288,144.288,144.288,144.288,
2007-12-20,145.323,145.323,145.323,145.323,
2007-12-21,147.79,147.79,147.79,147.79,
2007-12-24,149.342,149.342,149.342,149.342,
2007-12-26,149.421,149.421,149.421,149.421,
2007-12-27,147.989,147.989,147.989,147.989,
2007-12-28,148.586,148.586,148.586,148.586,
2007-12-31,147.511,147.511,147.511,147.511,
2008-01-02,146.278,146.278,146.278,146.278,
2008-01-03,146.437,146.437,146.437,146.437,
2008-01-04,143.413,143.413,143.413,143.413,
2008-01-07,143.97,143.97,143.97,143.97,
2008-01-08,140.866,140.866,140.866,140.866,
2008-01-09,142.458,142.458,142.458,142.458,
2008-01-10,142.935,142.935,142.935,142.935,
2008-01-11,139.951,139.951,139.951,139.951,
2008-01-14,141.105,141.105,141.105,141.105,
2008-01-15,137.404,137.404,137.404,137.404,
2008-01-16,137.523,137.523,137.523,137.523,
2008-01-17,132.151,132.151,132.151,132.151,
2008-01-18,136.529,136.529,136.529,136.529,
2008-01-22,135.494,135.494,135.494,135.494,
2008-01-23,137.643,137.643,137.643,137.643,
2008-01-24,137.881,137.881,137.881,137.881,
2008-01-25,135.295,135.295,135.295,135.295,
2008-01-28,138.16,138.16,138.16,138.16,
2008-01-29,138.319,138.319,138.319,138.319,
2008-01-30,139.035,139.035,139.035,139.035,
2008-01-31,140.707,140.707,140.707,140.707,
2008-02-01,143.89,143.89,143.89,143.89,
2008-02-04,140.747,140.747,140.747,140.747,
2008-02-05,136.131,136.131,136.131,136.131,
2008-02-06,136.091,136.091,136.091,136.091,
2008-02-07,136.21,136.21,136.21,136.21,
2008-02-08,134.658,134.658,134.658,134.658,
2008-02-11,135.335,135.335,135.335,135.335,
2008-02-12,136.767,136.767,136.767,136.767,
2008-02-13,139.195,139.195,139.195,139.195,
2008-02-14,136.847,136.847,136.847,136.847,
2008-02-15,136.767,136.767,136.767,136.767,
2008-02-19,136.409,136.409,136.409,136.409,
2008-02-20,136.727,136.727,136.727,136.727,
2008-02-21,135.282,135.282,135.282,135.282,
2008-02-22,134.72,134.72,134.72,134.72,
2008-02-25,137.37,137.37,137.37,137.37,
2008-02-26,136.286,136.286,136.286,136.286,
2008-02-27,136.607,136.607,136.607,136.607,
2008-02-28,135.924,135.924,135.924,135.924,
2008-02-29,133.073,133.073,133.073,133.073,
2008-03-03,134.117,134.117,134.117,134.117,
2008-03-04,134.599,134.599,134.599,134.599,
2008-03-05,135.202,135.202,135.202,135.202,
2008-03-06,131.949,131.949,131.949,131.949,
2008-03-07,129.419,129.419,129.419,129.419,
2008-03-10,127.291,127.291,127.291,127.291,
2008-03-11,134.117,134.117,134.117,134.117,
2008-03-12,136.366,136.366,136.366,136.366,
2008-03-13,137.531,137.531,137.531,137.531,
2008-03-14,135.804,135.804,135.804,135.804,
2008-03-17,137.852,137.852,137.852,137.852,
2008-03-18,145.12,145.12,145.12,145.12,
2008-03-19,142.911,142.911,142.911,142.911,
2008-03-20,150.541,150.541,150.541,150.541,
2008-03-24,150.179,150.179,150.179,150.179,
2008-03-25,149.657,149.657,149.657,149.657,
2008-03-26,149.095,149.095,149.095,149.095,
2008-03-27,147.891,147.891,147.891,147.891,
2008-03-28,147.007,147.007,147.007,147.007,
2008-03-31,148.613,148.613,148.613,148.613,
2008-04-01,154.315,154.315,154.315,154.315,
2008-04-02,152.669,152.669,152.669,152.669,
2008-04-03,151.946,151.946,151.946,151.946,
2008-04-04,150.822,150.822,150.822,150.822,
2008-04-07,149.617,149.617,149.617,149.617,
2008-04-08,148.372,148.372,148.372,148.372,
2008-04-09,146.324,146.324,146.324,146.324,
2008-04-10,147.569,147.569,147.569,147.569,
2008-04-11,128.696,128.696,128.696,128.696,
2008-04-14,127.492,127.492,127.492,127.492,
2008-04-15,128.415,128.415,128.415,128.415,
2008-04-16,129.419,129.419,129.419,129.419,
2008-04-17,128.576,128.576,128.576,128.576,
2008-04-18,131.266,131.266,131.266,131.266,
2008-04-21,130.343,130.343,130.343,130.343,
2008-04-22,129.821,129.821,129.821,129.821,
2008-04-23,129.941,129.941,129.941,129.941,
2008-04-24,131.748,131.748,131.748,131.748,
2008-04-25,133.836,133.836,133.836,133.836,
2008-04-28,133.194,133.194,133.194,133.194,
2008-04-29,131.788,131.788,131.788,131.788,
2008-04-30,131.307,131.307,131.307,131.307,
2008-05-01,132.993,132.993,132.993,132.993,
2008-05-02,133.876,133.876,133.876,133.876,
2008-05-05,133.234,133.234,133.234,133.234,
2008-05-06,132.511,132.511,132.511,132.511,
2008-05-07,130.785,130.785,130.785,130.785,
2008-05-08,130.865,130.865,130.865,130.865,
2008-05-09,129.58,129.58,129.58,129.58,
2008-05-12,130.102,130.102,130.102,130.102,
2008-05-13,129.821,129.821,129.821,129.821,
2008-05-14,130.544,130.544,130.544,130.544,
2008-05-15,129.981,129.981,129.981,129.981,
2008-05-16,129.018,129.018,129.018,129.018,
2008-05-19,130.102,130.102,130.102,130.102,
2008-05-20,127.371,127.371,127.371,127.371,
2008-05-21,124.44,124.44,124.44,124.44,
2008-05-22,124.52,124.52,124.52,124.52,
2008-05-23,122.191,122.191,122.191,122.191,
2008-05-27,122.071,122.071,122.071,122.071,
2008-05-28,122.673,122.673,122.673,122.673,
2008-05-29,123.035,123.035,123.035,123.035,
2008-05-30,123.356,123.356,123.356,123.356,
2008-06-02,122.111,122.111,122.111,122.111,
2008-06-03,122.312,122.312,122.312,122.312,
2008-06-04,122.272,122.272,122.272,122.272,
2008-06-05,124.721,124.721,124.721,124.721,
2008-06-06,120.545,120.545,120.545,120.545,
2008-06-09,120.706,120.706,120.706,120.706,
2008-06-10,121.79,121.79,121.79,121.79,
2008-06-11,119.782,119.782,119.782,119.782,
2008-06-12,116.65,116.65,116.65,116.65,
2008-06-13,117.052,117.052,117.052,117.052,
2008-06-16,116.329,116.329,116.329,116.329,
2008-06-17,115.887,115.887,115.887,115.887,
2008-06-18,113.277,113.277,113.277,113.277,
2008-06-19,113.318,113.318,113.318,113.318,
2008-06-20,111.166,111.166,111.166,111.166,
2008-06-23,111.247,111.247,111.247,111.247,
2008-06-24,112.018,112.018,112.018,112.018,
2008-06-25,113.642,113.642,113.642,113.642,
2008-06-26,107.715,107.715,107.715,107.715,
2008-06-27,106.618,106.618,106.618,106.618,
2008-06-30,108.364,108.364,108.364,108.364,
2008-07-01,110.11,110.11,110.11,110.11,
2008-07-02,107.633,107.633,107.633,107.633,
2008-07-03,109.258,109.258,109.258,109.258,
2008-07-07,110.029,110.029,110.029,110.029,
2008-07-08,113.927,113.927,113.927,113.927,
2008-07-09,110.394,110.394,110.394,110.394,
2008-07-10,112.221,112.221,112.221,112.221,
2008-07-11,112.303,112.303,112.303,112.303,
2008-07-14,110.354,110.354,110.354,110.354,
2008-07-15,108.202,108.202,108.202,108.202,
2008-07-16,112.384,112.384,112.384,112.384,
2008-07-17,113.683,113.683,113.683,113.683,
2008-07-18,113.683,113.683,113.683,113.683,
2008-07-21,112.424,112.424,112.424,112.424,
2008-07-22,115.713,115.713,115.713,115.713,
2008-07-23,119.083,119.083,119.083,119.083,
2008-07-24,116.566,116.566,116.566,116.566,
2008-07-25,116.566,116.566,116.566,116.566,
2008-07-28,112.424,112.424,112.424,112.424,
2008-07-29,115.307,115.307,115.307,115.307,
2008-07-30,117.621,117.621,117.621,117.621,
2008-07-31,114.86,114.86,114.86,114.86,
2008-08-01,114.536,114.536,114.536,114.536,
2008-08-04,114.373,114.373,114.373,114.373,
2008-08-05,118.758,118.758,118.758,118.758,
2008-08-06,117.743,117.743,117.743,117.743,
2008-08-07,115.997,115.997,115.997,115.997,
2008-08-08,120.342,120.342,120.342,120.342,
2008-08-11,121.6,121.6,121.6,121.6,
2008-08-12,120.748,120.748,120.748,120.748,
2008-08-13,119.002,119.002,119.002,119.002,
2008-08-14,119.854,119.854,119.854,119.854,
2008-08-15,120.991,120.991,120.991,120.991,
2008-08-18,119.164,119.164,119.164,119.164,
2008-08-19,116.566,116.566,116.566,116.566,
2008-08-20,116.322,116.322,116.322,116.322,
2008-08-21,116.728,116.728,116.728,116.728,
2008-08-22,118.23,118.23,118.23,118.23,
2008-08-25,114.982,114.982,114.982,114.982,
2008-08-26,114.779,114.779,114.779,114.779,
2008-08-27,114.576,114.576,114.576,114.576,
2008-08-28,117.053,117.053,117.053,117.053,
2008-08-29,114.089,114.089,114.089,114.089,
2008-09-02,115.835,115.835,115.835,115.835,
2008-09-03,115.997,115.997,115.997,115.997,
2008-09-04,112.465,112.465,112.465,112.465,
2008-09-05,113.196,113.196,113.196,113.196,
2008-09-08,118.109,118.109,118.109,118.109,
2008-09-09,114.17,114.17,114.17,114.17,
2008-09-10,114.048,114.048,114.048,114.048,
2008-09-11,114.333,114.333,114.333,114.333,
2008-09-12,108.608,108.608,108.608,108.608,
2008-09-15,99.879,99.879,99.879,99.879,
2008-09-16,101.746,101.746,101.746,101.746,
2008-09-17,94.966,94.966,94.966,94.966,
2008-09-18,102.002,102.002,102.002,102.002,
2008-09-19,109.532,109.532,109.532,109.532,
2008-09-22,107.598,107.598,107.598,107.598,
2008-09-23,102.66,102.66,102.66,102.66,
2008-09-24,101.179,101.179,101.179,101.179,
2008-09-25,105.664,105.664,105.664,105.664,
2008-09-26,103.895,103.895,103.895,103.895,
2008-09-29,95.048,95.048,95.048,95.048,
2008-09-30,104.923,104.923,104.923,104.923,
2008-10-01,100.809,100.809,100.809,100.809,
2008-10-02,91.139,91.139,91.139,91.139,
2008-10-03,88.753,88.753,88.753,88.753,
2008-10-06,87.971,87.971,87.971,87.971,
2008-10-07,83.527,83.527,83.527,83.527,
2008-10-08,84.967,84.967,84.967,84.967,
2008-10-09,78.219,78.219,78.219,78.219,
2008-10-10,88.465,88.465,88.465,88.465,
2008-10-13,86.407,86.407,86.407,86.407,
2008-10-14,85.79,85.79,85.79,85.79,
2008-10-15,79.207,79.207,79.207,79.207,
2008-10-16,81.84,81.84,81.84,81.84,
2008-10-17,80.77,80.77,80.77,80.77,
2008-10-20,82.869,82.869,82.869,82.869,
2008-10-21,83.733,83.733,83.733,83.733,
2008-10-22,78.014,78.014,78.014,78.014,
2008-10-23,77.355,77.355,77.355,77.355,
2008-10-24,73.364,73.364,73.364,73.364,
2008-10-27,72.953,72.953,72.953,72.953,
2008-10-28,80.194,80.194,80.194,80.194,
2008-10-29,79.001,79.001,79.001,79.001,
2008-10-30,79.618,79.618,79.618,79.618,
2008-10-31,80.277,80.277,80.277,80.277,
2008-11-03,79.413,79.413,79.413,79.413,
2008-11-04,85.461,85.461,85.461,85.461,
2008-11-05,82.005,82.005,82.005,82.005,
2008-11-06,75.463,75.463,75.463,75.463,
2008-11-07,77.602,77.602,77.602,77.602,
2008-11-10,75.915,75.915,75.915,75.915,
2008-11-11,73.282,73.282,73.282,73.282,
2008-11-12,67.028,67.028,67.028,67.028,
2008-11-13,69.373,69.373,69.373,69.373,
2008-11-14,65.917,65.917,65.917,65.917,
2008-11-17,66.287,66.287,66.287,66.287,
2008-11-18,66.081,66.081,66.081,66.081,
2008-11-19,59.457,59.457,59.457,59.457,
2008-11-20,52.832,52.832,52.832,52.832,
2008-11-21,57.728,57.728,57.728,57.728,
2008-11-24,62.789,62.789,62.789,62.789,
2008-11-25,64.888,64.888,64.888,64.888,
2008-11-26,66.616,66.616,66.616,66.616,
2008-11-28,70.648,70.648,70.648,70.648,
2008-12-01,63.777,63.777,63.777,63.777,
2008-12-02,72.459,72.459,72.459,72.459,
2008-12-03,74.598,74.598,74.598,74.598,
2008-12-04,72.212,72.212,72.212,72.212,
2008-12-05,73.446,73.446,73.446,73.446,
2008-12-08,77.684,77.684,77.684,77.684,
2008-12-09,73.158,73.158,73.158,73.158,
2008-12-10,74.064,74.064,74.064,74.064,
2008-12-11,70.155,70.155,70.155,70.155,
2008-12-12,70.402,70.402,70.402,70.402,
2008-12-15,69.743,69.743,69.743,69.743,
2008-12-16,73.734,73.734,73.734,73.734,
2008-12-17,71.554,71.554,71.554,71.554,
2008-12-18,65.67,65.67,65.67,65.67,
2008-12-19,67.892,67.892,67.892,67.892,
2008-12-22,66.122,66.122,66.122,66.122,
2008-12-23,67.604,67.604,67.604,67.604,
2008-12-24,67.562,67.562,67.562,67.562,
2008-12-26,66.974,66.974,66.974,66.974,
2008-12-29,65.674,65.674,65.674,65.674,
2008-12-30,66.345,66.345,66.345,66.345,
2008-12-31,67.939,67.939,67.939,67.939,
2009-01-02,71.588,71.588,71.588,71.588,
2009-01-05,69.742,69.742,69.742,69.742,
2009-01-06,70.707,70.707,70.707,70.707,
2009-01-07,67.562,67.562,67.562,67.562,
2009-01-08,67.687,67.687,67.687,67.687,
2009-01-09,67.1,67.1,67.1,67.1,
2009-01-12,66.387,66.387,66.387,66.387,
2009-01-13,62.655,62.655,62.655,62.655,
2009-01-14,59.174,59.174,59.174,59.174,
2009-01-15,57.748,57.748,57.748,57.748,
2009-01-16,58.545,58.545,58.545,58.545,
2009-01-20,54.225,54.225,54.225,54.225,
2009-01-21,54.645,54.645,54.645,54.645,
2009-01-22,56.532,56.532,56.532,56.532,
2009-01-23,50.451,50.451,50.451,50.451,
2009-01-26,52.087,52.087,52.087,52.087,
2009-01-27,54.771,54.771,54.771,54.771,
2009-01-28,56.616,56.616,56.616,56.616,
2009-01-29,53.345,53.345,53.345,53.345,
2009-01-30,50.87,50.87,50.87,50.87,
2009-02-02,48.732,48.732,48.732,48.732,
2009-02-03,47.683,47.683,47.683,47.683,
2009-02-04,47.222,47.222,47.222,47.222,
2009-02-05,45.502,45.502,45.502,45.502,
2009-02-06,46.551,46.551,46.551,46.551,
2009-02-09,53.009,53.009,53.009,53.009,
2009-02-10,48.732,48.732,48.732,48.732,
2009-02-11,50.074,50.074,50.074,50.074,
2009-02-12,48.983,48.983,48.983,48.983,
2009-02-13,47.977,47.977,47.977,47.977,
2009-02-17,45.335,45.335,45.335,45.335,
2009-02-18,45.544,45.544,45.544,45.544,
2009-02-19,43.429,43.429,43.429,43.429,
2009-02-20,40.493,40.493,40.493,40.493,
2009-02-23,38.205,38.205,38.205,38.205,
2009-02-24,39.198,39.198,39.198,39.198,
2009-02-25,38.896,38.896,38.896,38.896,
2009-02-26,39.285,39.285,39.285,39.285,
2009-02-27,36.738,36.738,36.738,36.738,
2009-03-02,32.809,32.809,32.809,32.809,
2009-03-03,30.262,30.262,30.262,30.262,
2009-03-04,28.881,28.881,28.881,28.881,
2009-03-05,28.751,28.751,28.751,28.751,
2009-03-06,30.478,30.478,30.478,30.478,
2009-03-09,31.989,31.989,31.989,31.989,
2009-03-10,38.292,38.292,38.292,38.292,
2009-03-11,36.651,36.651,36.651,36.651,
2009-03-12,41.314,41.314,41.314,41.314,
2009-03-13,41.53,41.53,41.53,41.53,
2009-03-16,41.702,41.702,41.702,41.702,
2009-03-17,43.17,43.17,43.17,43.17,
2009-03-18,44.551,44.551,44.551,44.551,
2009-03-19,43.731,43.731,43.731,43.731,
2009-03-20,41.184,41.184,41.184,41.184,
2009-03-23,45.026,45.026,45.026,45.026,
2009-03-24,44.94,44.94,44.94,44.94,
2009-03-25,45.285,45.285,45.285,45.285,
2009-03-26,47.055,47.055,47.055,47.055,
2009-03-27,46.537,46.537,46.537,46.537,
2009-03-30,42.868,42.868,42.868,42.868,
2009-03-31,43.645,43.645,43.645,43.645,
2009-04-01,43.904,43.904,43.904,43.904,
2009-04-02,46.365,46.365,46.365,46.365,
2009-04-03,47.228,47.228,47.228,47.228,
2009-04-06,48.307,48.307,48.307,48.307,
2009-04-07,45.976,45.976,45.976,45.976,
2009-04-08,45.933,45.933,45.933,45.933,
2009-04-09,48.912,48.912,48.912,48.912,
2009-04-13,52.365,52.365,52.365,52.365,
2009-04-14,49.689,49.689,49.689,49.689,
2009-04-15,51.07,51.07,51.07,51.07,
2009-04-16,52.97,52.97,52.97,52.97,
2009-04-17,53.488,53.488,53.488,53.488,
2009-04-20,48.998,48.998,48.998,48.998,
2009-04-21,50.509,50.509,50.509,50.509,
2009-04-22,50.941,50.941,50.941,50.941,
2009-04-23,51.286,51.286,51.286,51.286,
2009-04-24,52.279,52.279,52.279,52.279,
2009-04-27,52.193,52.193,52.193,52.193,
2009-04-28,51.804,51.804,51.804,51.804,
2009-04-29,52.754,52.754,52.754,52.754,
2009-04-30,54.61,54.61,54.61,54.61,
2009-05-01,54.783,54.783,54.783,54.783,
2009-05-04,56.553,56.553,56.553,56.553,
2009-05-05,56.553,56.553,56.553,56.553,
2009-05-06,59.013,59.013,59.013,59.013,
2009-05-07,60.265,60.265,60.265,60.265,
2009-05-08,62.726,62.726,62.726,62.726,
2009-05-11,61.258,61.258,61.258,61.258,
2009-05-12,59.057,59.057,59.057,59.057,
2009-05-13,55.732,55.732,55.732,55.732,
2009-05-14,56.294,56.294,56.294,56.294,
2009-05-15,55.517,55.517,55.517,55.517,
2009-05-18,58.15,58.15,58.15,58.15,
2009-05-19,59.143,59.143,59.143,59.143,
2009-05-20,59.445,59.445,59.445,59.445,
2009-05-21,57.157,57.157,57.157,57.157,
2009-05-22,56.553,56.553,56.553,56.553,
2009-05-26,57.805,57.805,57.805,57.805,
2009-05-27,56.078,56.078,56.078,56.078,
2009-05-28,56.941,56.941,56.941,56.941,
2009-05-29,58.193,58.193,58.193,58.193,
2009-06-01,59.834,59.834,59.834,59.834,
2009-06-02,59.575,59.575,59.575,59.575,
2009-06-03,58.279,58.279,58.279,58.279,
2009-06-04,59.359,59.359,59.359,59.359,
2009-06-05,58.452,58.452,58.452,58.452,
2009-06-08,58.538,58.538,58.538,58.538,
2009-06-09,58.582,58.582,58.582,58.582,
2009-06-10,57.848,57.848,57.848,57.848,
2009-06-11,58.107,58.107,58.107,58.107,
2009-06-12,58.323,58.323,58.323,58.323,
2009-06-15,56.769,56.769,56.769,56.769,
2009-06-16,55.171,55.171,55.171,55.171,
2009-06-17,52.883,52.883,52.883,52.883,
2009-06-18,52.1,52.1,52.1,52.1,
2009-06-19,52.666,52.666,52.666,52.666,
2009-06-22,50.141,50.141,50.141,50.141,
2009-06-23,50.489,50.489,50.489,50.489,
2009-06-24,50.925,50.925,50.925,50.925,
2009-06-25,51.621,51.621,51.621,51.621,
2009-06-26,51.142,51.142,51.142,51.142,
2009-06-29,51.186,51.186,51.186,51.186,
2009-06-30,51.012,51.012,51.012,51.012,
2009-07-01,51.273,51.273,51.273,51.273,
2009-07-02,49.88,49.88,49.88,49.88,
2009-07-06,49.967,49.967,49.967,49.967,
2009-07-07,47.921,47.921,47.921,47.921,
2009-07-08,46.616,46.616,46.616,46.616,
2009-07-09,47.268,47.268,47.268,47.268,
2009-07-10,46.92,46.92,46.92,46.92,
2009-07-13,49.88,49.88,49.88,49.88,
2009-07-14,50.663,50.663,50.663,50.663,
2009-07-15,53.275,53.275,53.275,53.275,
2009-07-16,53.971,53.971,53.971,53.971,
2009-07-17,50.707,50.707,50.707,50.707,
2009-07-20,50.794,50.794,50.794,50.794,
2009-07-21,49.924,49.924,49.924,49.924,
2009-07-22,50.62,50.62,50.62,50.62,
2009-07-23,52.013,52.013,52.013,52.013,
2009-07-24,52.361,52.361,52.361,52.361,
2009-07-27,53.623,53.623,53.623,53.623,
2009-07-28,54.494,54.494,54.494,54.494,
2009-07-29,53.362,53.362,53.362,53.362,
2009-07-30,57.062,57.062,57.062,57.062,
2009-07-31,58.324,58.324,58.324,58.324,
2009-08-03,59.717,59.717,59.717,59.717,
2009-08-04,60.152,60.152,60.152,60.152,
2009-08-05,60.892,60.892,60.892,60.892,
2009-08-06,62.285,62.285,62.285,62.285,
2009-08-07,63.982,63.982,63.982,63.982,
2009-08-10,63.416,63.416,63.416,63.416,
2009-08-11,60.892,60.892,60.892,60.892,
2009-08-12,61.501,61.501,61.501,61.501,
2009-08-13,61.371,61.371,61.371,61.371,
2009-08-14,60.587,60.587,60.587,60.587,
2009-08-17,58.15,58.15,58.15,58.15,
2009-08-18,59.151,59.151,59.151,59.151,
2009-08-19,58.89,58.89,58.89,58.89,
2009-08-20,60.108,60.108,60.108,60.108,
2009-08-21,61.849,61.849,61.849,61.849,
2009-08-24,61.806,61.806,61.806,61.806,
2009-08-25,62.241,62.241,62.241,62.241,
2009-08-26,61.414,61.414,61.414,61.414,
2009-08-27,61.762,61.762,61.762,61.762,
2009-08-28,61.284,61.284,61.284,61.284,
2009-08-31,60.5,60.5,60.5,60.5,
2009-09-01,58.063,58.063,58.063,58.063,
2009-09-02,57.453,57.453,57.453,57.453,
2009-09-03,58.542,58.542,58.542,58.542,
2009-09-04,60.37,60.37,60.37,60.37,
2009-09-08,63.112,63.112,63.112,63.112,
2009-09-09,64.722,64.722,64.722,64.722,
2009-09-10,64.417,64.417,64.417,64.417,
2009-09-11,63.852,63.852,63.852,63.852,
2009-09-14,66.811,66.811,66.811,66.811,
2009-09-15,69.64,69.64,69.64,69.64,
2009-09-16,73.993,73.993,73.993,73.993,
2009-09-17,72.942,72.942,72.942,72.942,
2009-09-18,72.242,72.242,72.242,72.242,
2009-09-21,73.38,73.38,73.38,73.38,
2009-09-22,74.475,74.475,74.475,74.475,
2009-09-23,74.431,74.431,74.431,74.431,
2009-09-24,72.592,72.592,72.592,72.592,
2009-09-25,71.673,71.673,71.673,71.673,
2009-09-28,73.38,73.38,73.38,73.38,
2009-09-29,73.161,73.161,73.161,73.161,
2009-09-30,71.891,71.891,71.891,71.891,
2009-10-01,69.921,69.921,69.921,69.921,
2009-10-02,67.25,67.25,67.25,67.25,
2009-10-05,69.308,69.308,69.308,69.308,
2009-10-06,70.403,70.403,70.403,70.403,
2009-10-07,70.753,70.753,70.753,70.753,
2009-10-08,71.016,71.016,71.016,71.016,
2009-10-09,70.841,70.841,70.841,70.841,
2009-10-12,71.497,71.497,71.497,71.497,
2009-10-13,71.76,71.76,71.76,71.76,
2009-10-14,73.73,73.73,73.73,73.73,
2009-10-15,73.511,73.511,73.511,73.511,
2009-10-16,70.403,70.403,70.403,70.403,
2009-10-19,69.352,69.352,69.352,69.352,
2009-10-20,68.214,68.214,68.214,68.214,
2009-10-21,67.995,67.995,67.995,67.995,
2009-10-22,67.163,67.163,67.163,67.163,
2009-10-23,66.55,66.55,66.55,66.55,
2009-10-26,65.718,65.718,65.718,65.718,
2009-10-27,65.368,65.368,65.368,65.368,
2009-10-28,63.135,63.135,63.135,63.135,
2009-10-29,65.105,65.105,65.105,65.105,
2009-10-30,62.434,62.434,62.434,62.434,
2009-11-02,63.354,63.354,63.354,63.354,
2009-11-03,62.697,62.697,62.697,62.697,
2009-11-04,62.128,62.128,62.128,62.128,
2009-11-05,63.179,63.179,63.179,63.179,
2009-11-06,67.119,67.119,67.119,67.119,
2009-11-09,69.396,69.396,69.396,69.396,
2009-11-10,69.089,69.089,69.089,69.089,
2009-11-11,69.308,69.308,69.308,69.308,
2009-11-12,68.958,68.958,68.958,68.958,
2009-11-13,68.564,68.564,68.564,68.564,
2009-11-16,70.053,70.053,70.053,70.053,
2009-11-17,70.14,70.14,70.14,70.14,
2009-11-18,70.447,70.447,70.447,70.447,
2009-11-19,69.002,69.002,69.002,69.002,
2009-11-20,68.257,68.257,68.257,68.257,
2009-11-23,70.14,70.14,70.14,70.14,
2009-11-24,70.578,70.578,70.578,70.578,
2009-11-25,70.841,70.841,70.841,70.841,
2009-11-27,69.79,69.79,69.79,69.79,
2009-11-30,70.14,70.14,70.14,70.14,
2009-12-01,70.797,70.797,70.797,70.797,
2009-12-02,70.359,70.359,70.359,70.359,
2009-12-03,70.053,70.053,70.053,70.053,
2009-12-04,70.928,70.928,70.928,70.928,
2009-12-07,70.403,70.403,70.403,70.403,
2009-12-08,68.827,68.827,68.827,68.827,
2009-12-09,68.564,68.564,68.564,68.564,
2009-12-10,68.345,68.345,68.345,68.345,
2009-12-11,69.702,69.702,69.702,69.702,
2009-12-14,69.834,69.834,69.834,69.834,
2009-12-15,68.958,68.958,68.958,68.958,
2009-12-16,68.695,68.695,68.695,68.695,
2009-12-17,69.133,69.133,69.133,69.133,
2009-12-18,68.257,68.257,68.257,68.257,
2009-12-21,68.17,68.17,68.17,68.17,
2009-12-22,67.776,67.776,67.776,67.776,
2009-12-23,67.908,67.908,67.908,67.908,
2009-12-24,68.04,68.04,68.04,68.04,
2009-12-28,67.6,67.6,67.6,67.6,
2009-12-29,68.04,68.04,68.04,68.04,
2009-12-30,67.644,67.644,67.644,67.644,
2009-12-31,66.674,66.674,66.674,66.674,
2010-01-04,68.084,68.084,68.084,68.084,
2010-01-05,68.437,68.437,68.437,68.437,
2010-01-06,68.084,68.084,68.084,68.084,
2010-01-07,71.61,71.61,71.61,71.61,
2010-01-08,73.152,73.152,73.152,73.152,
2010-01-11,73.857,73.857,73.857,73.857,
2010-01-12,73.901,73.901,73.901,73.901,
2010-01-13,74.166,74.166,74.166,74.166,
2010-01-14,73.593,73.593,73.593,73.593,
2010-01-15,72.447,72.447,72.447,72.447,
2010-01-19,72.888,72.888,72.888,72.888,
2010-01-20,72.711,72.711,72.711,72.711,
2010-01-21,70.596,70.596,70.596,70.596,
2010-01-22,70.993,70.993,70.993,70.993,
2010-01-25,72.138,72.138,72.138,72.138,
2010-01-26,72.05,72.05,72.05,72.05,
2010-01-27,71.83,71.83,71.83,71.83,
2010-01-28,71.213,71.213,71.213,71.213,
2010-01-29,70.861,70.861,70.861,70.861,
2010-02-01,71.61,71.61,71.61,71.61,
2010-02-02,74.254,74.254,74.254,74.254,
2010-02-03,73.505,73.505,73.505,73.505,
2010-02-04,70.684,70.684,70.684,70.684,
2010-02-05,69.583,69.583,69.583,69.583,
2010-02-08,68.745,68.745,68.745,68.745,
2010-02-09,68.745,68.745,68.745,68.745,
2010-02-10,69.142,69.142,69.142,69.142,
2010-02-11,69.494,69.494,69.494,69.494,
2010-02-12,68.525,68.525,68.525,68.525,
2010-02-16,70.684,70.684,70.684,70.684,
2010-02-17,71.169,71.169,71.169,71.169,
2010-02-18,71.566,71.566,71.566,71.566,
2010-02-19,71.257,71.257,71.257,71.257,
2010-02-22,71.61,71.61,71.61,71.61,
2010-02-23,70.288,70.288,70.288,70.288,
2010-02-24,71.037,71.037,71.037,71.037,
2010-02-25,70.593,70.593,70.593,70.593,
2010-02-26,71.214,71.214,71.214,71.214,
2010-03-01,70.505,70.505,70.505,70.505,
2010-03-02,70.505,70.505,70.505,70.505,
2010-03-03,71.081,71.081,71.081,71.081,
2010-03-04,71.436,71.436,71.436,71.436,
2010-03-05,72.5,72.5,72.5,72.5,
2010-03-08,72.145,72.145,72.145,72.145,
2010-03-09,73.121,73.121,73.121,73.121,
2010-03-10,73.21,73.21,73.21,73.21,
2010-03-11,73.077,73.077,73.077,73.077,
2010-03-12,75.56,75.56,75.56,75.56,
2010-03-15,76.668,76.668,76.668,76.668,
2010-03-16,80.127,80.127,80.127,80.127,
2010-03-17,79.994,79.994,79.994,79.994,
2010-03-18,80.659,80.659,80.659,80.659,
2010-03-19,80.127,80.127,80.127,80.127,
2010-03-22,80.127,80.127,80.127,80.127,
2010-03-23,81.28,81.28,81.28,81.28,
2010-03-24,81.812,81.812,81.812,81.812,
2010-03-25,81.147,81.147,81.147,81.147,
2010-03-26,81.324,81.324,81.324,81.324,
2010-03-29,81.59,81.59,81.59,81.59,
2010-03-30,81.147,81.147,81.147,81.147,
2010-03-31,80.704,80.704,80.704,80.704,
2010-04-01,81.28,81.28,81.28,81.28,
2010-04-05,82.167,82.167,82.167,82.167,
2010-04-06,82.477,82.477,82.477,82.477,
2010-04-07,82.034,82.034,82.034,82.034,
2010-04-08,82.3,82.3,82.3,82.3,
2010-04-09,82.123,82.123,82.123,82.123,
2010-04-12,82.965,82.965,82.965,82.965,
2010-04-13,84.029,84.029,84.029,84.029,
2010-04-14,85.803,85.803,85.803,85.803,
2010-04-15,86.468,86.468,86.468,86.468,
2010-04-16,84.118,84.118,84.118,84.118,
2010-04-19,83.985,83.985,83.985,83.985,
2010-04-20,84.251,84.251,84.251,84.251,
2010-04-21,84.384,84.384,84.384,84.384,
2010-04-22,84.029,84.029,84.029,84.029,
2010-04-23,84.561,84.561,84.561,84.561,
2010-04-26,85.581,85.581,85.581,85.581,
2010-04-27,82.921,82.921,82.921,82.921,
2010-04-28,84.029,84.029,84.029,84.029,
2010-04-29,86.424,86.424,86.424,86.424,
2010-04-30,83.63,83.63,83.63,83.63,
2010-05-03,85.404,85.404,85.404,85.404,
2010-05-04,82.389,82.389,82.389,82.389,
2010-05-05,80.26,80.26,80.26,80.26,
2010-05-06,76.757,76.757,76.757,76.757,
2010-05-07,74.85,74.85,74.85,74.85,
2010-05-10,79.994,79.994,79.994,79.994,
2010-05-11,79.817,79.817,79.817,79.817,
2010-05-12,81.768,81.768,81.768,81.768,
2010-05-13,80.038,80.038,80.038,80.038,
2010-05-14,78.22,78.22,78.22,78.22,
2010-05-17,77.866,77.866,77.866,77.866,
2010-05-18,76.402,76.402,76.402,76.402,
2010-05-19,76.535,76.535,76.535,76.535,
2010-05-20,72.101,72.101,72.101,72.101,
2010-05-21,72.811,72.811,72.811,72.811,
2010-05-24,70.992,70.992,70.992,70.992,
2010-05-25,70.726,70.726,70.726,70.726,
2010-05-26,70.992,70.992,70.992,70.992,
2010-05-27,73.875,73.875,73.875,73.875,
2010-05-28,72.5,72.5,72.5,72.5,
2010-06-01,70.859,70.859,70.859,70.859,
2010-06-02,72.5,72.5,72.5,72.5,
2010-06-03,72.944,72.944,72.944,72.944,
2010-06-04,69.662,69.662,69.662,69.662,
2010-06-07,68.332,68.332,68.332,68.332,
2010-06-08,68.642,68.642,68.642,68.642,
2010-06-09,67.933,67.933,67.933,67.933,
2010-06-10,69.529,69.529,69.529,69.529,
2010-06-11,68.997,68.997,68.997,68.997,
2010-06-14,68.243,68.243,68.243,68.243,
2010-06-15,70.017,70.017,70.017,70.017,
2010-06-16,70.283,70.283,70.283,70.283,
2010-06-17,70.997,70.997,70.997,70.997,
2010-06-18,71.175,71.175,71.175,71.175,
2010-06-21,71.845,71.845,71.845,71.845,
2010-06-22,70.461,70.461,70.461,70.461,
2010-06-23,68.677,68.677,68.677,68.677,
2010-06-24,67.293,67.293,67.293,67.293,
2010-06-25,66.535,66.535,66.535,66.535,
2010-06-28,66.936,66.936,66.936,66.936,
2010-06-29,64.616,64.616,64.616,64.616,
2010-06-30,64.348,64.348,64.348,64.348,
2010-07-01,63.009,63.009,63.009,63.009,
2010-07-02,61.938,61.938,61.938,61.938,
2010-07-06,62.34,62.34,62.34,62.34,
2010-07-07,65.241,65.241,65.241,65.241,
2010-07-08,66.178,66.178,66.178,66.178,
2010-07-09,66.713,66.713,66.713,66.713,
2010-07-12,66.624,66.624,66.624,66.624,
2010-07-13,67.873,67.873,67.873,67.873,
2010-07-14,67.829,67.829,67.829,67.829,
2010-07-15,68.052,68.052,68.052,68.052,
2010-07-16,64.928,64.928,64.928,64.928,
2010-07-19,65.241,65.241,65.241,65.241,
2010-07-20,66.668,66.668,66.668,66.668,
2010-07-21,66.222,66.222,66.222,66.222,
2010-07-22,67.873,67.873,67.873,67.873,
2010-07-23,70.105,70.105,70.105,70.105,
2010-07-26,72.023,72.023,72.023,72.023,
2010-07-27,72.202,72.202,72.202,72.202,
2010-07-28,71.622,71.622,71.622,71.622,
2010-07-29,72.068,72.068,72.068,72.068,
2010-07-30,71.934,71.934,71.934,71.934,
2010-08-02,73.228,73.228,73.228,73.228,
2010-08-03,73.184,73.184,73.184,73.184,
2010-08-04,73.541,73.541,73.541,73.541,
2010-08-05,73.719,73.719,73.719,73.719,
2010-08-06,73.407,73.407,73.407,73.407,
2010-08-09,73.094,73.094,73.094,73.094,
2010-08-10,72.514,72.514,72.514,72.514,
2010-08-11,70.06,70.06,70.06,70.06,
2010-08-12,69.167,69.167,69.167,69.167,
2010-08-13,68.632,68.632,68.632,68.632,
2010-08-16,68.989,68.989,68.989,68.989,
2010-08-17,69.524,69.524,69.524,69.524,
2010-08-18,70.06,70.06,70.06,70.06,
2010-08-19,68.052,68.052,68.052,68.052,
2010-08-20,67.07,67.07,67.07,67.07,
2010-08-23,66.445,66.445,66.445,66.445,
2010-08-24,65.017,65.017,65.017,65.017,
2010-08-25,65.017,65.017,65.017,65.017,
2010-08-26,64.705,64.705,64.705,64.705,
2010-08-27,65.642,65.642,65.642,65.642,
2010-08-30,64.794,64.794,64.794,64.794,
2010-08-31,64.616,64.616,64.616,64.616,
2010-09-01,66.981,66.981,66.981,66.981,
2010-09-02,67.606,67.606,67.606,67.606,
2010-09-03,68.677,68.677,68.677,68.677,
2010-09-07,68.9,68.9,68.9,68.9,
2010-09-08,70.06,70.06,70.06,70.06,
2010-09-09,70.997,70.997,70.997,70.997,
2010-09-10,71.309,71.309,71.309,71.309,
2010-09-13,72.514,72.514,72.514,72.514,
2010-09-14,72.113,72.113,72.113,72.113,
2010-09-15,72.916,72.916,72.916,72.916,
2010-09-16,72.961,72.961,72.961,72.961,
2010-09-17,73.23,73.23,73.23,73.23,
2010-09-20,74.399,74.399,74.399,74.399,
2010-09-21,74.264,74.264,74.264,74.264,
2010-09-22,74.175,74.175,74.175,74.175,
2010-09-23,72.556,72.556,72.556,72.556,
2010-09-24,74.894,74.894,74.894,74.894,
2010-09-27,73.86,73.86,73.86,73.86,
2010-09-28,73.905,73.905,73.905,73.905,
2010-09-29,73.545,73.545,73.545,73.545,
2010-09-30,73.051,73.051,73.051,73.051,
2010-10-01,73.545,73.545,73.545,73.545,
2010-10-04,72.376,72.376,72.376,72.376,
2010-10-05,74.219,74.219,74.219,74.219,
2010-10-06,75.973,75.973,75.973,75.973,
2010-10-07,76.647,76.647,76.647,76.647,
2010-10-08,76.962,76.962,76.962,76.962,
2010-10-11,76.242,76.242,76.242,76.242,
2010-10-12,77.276,77.276,77.276,77.276,
2010-10-13,77.681,77.681,77.681,77.681,
2010-10-14,77.142,77.142,77.142,77.142,
2010-10-15,73.275,73.275,73.275,73.275,
2010-10-18,73.051,73.051,73.051,73.051,
2010-10-19,72.242,72.242,72.242,72.242,
2010-10-20,72.152,72.152,72.152,72.152,
2010-10-21,72.376,72.376,72.376,72.376,
2010-10-22,72.197,72.197,72.197,72.197,
2010-10-25,72.197,72.197,72.197,72.197,
2010-10-26,72.646,72.646,72.646,72.646,
2010-10-27,72.421,72.421,72.421,72.421,
2010-10-28,72.286,72.286,72.286,72.286,
2010-10-29,72.017,72.017,72.017,72.017,
2010-11-01,71.702,71.702,71.702,71.702,
2010-11-02,71.657,71.657,71.657,71.657,
2010-11-03,72.197,72.197,72.197,72.197,
2010-11-04,74.219,74.219,74.219,74.219,
2010-11-05,75.209,75.209,75.209,75.209,
2010-11-08,75.119,75.119,75.119,75.119,
2010-11-09,74.714,74.714,74.714,74.714,
2010-11-10,74.399,74.399,74.399,74.399,
2010-11-11,73.5,73.5,73.5,73.5,
2010-11-12,73.051,73.051,73.051,73.051,
2010-11-15,72.826,72.826,72.826,72.826,
2010-11-16,71.297,71.297,71.297,71.297,
2010-11-17,71.073,71.073,71.073,71.073,
2010-11-18,72.107,72.107,72.107,72.107,
2010-11-19,72.916,72.916,72.916,72.916,
2010-11-22,72.062,72.062,72.062,72.062,
2010-11-23,70.848,70.848,70.848,70.848,
2010-11-24,71.657,71.657,71.657,71.657,
2010-11-26,71.028,71.028,71.028,71.028,
2010-11-29,71.792,71.792,71.792,71.792,
2010-11-30,71.163,71.163,71.163,71.163,
2010-12-01,73.275,73.275,73.275,73.275,
2010-12-02,74.984,74.984,74.984,74.984,
2010-12-03,75.433,75.433,75.433,75.433,
2010-12-06,75.074,75.074,75.074,75.074,
2010-12-07,76.557,76.557,76.557,76.557,
2010-12-08,76.602,76.602,76.602,76.602,
2010-12-09,77.007,77.007,77.007,77.007,
2010-12-10,79.659,79.659,79.659,79.659,
2010-12-13,79.209,79.209,79.209,79.209,
2010-12-14,79.524,79.524,79.524,79.524,
2010-12-15,78.625,78.625,78.625,78.625,
2010-12-16,79.884,79.884,79.884,79.884,
2010-12-17,79.569,79.569,79.569,79.569,
2010-12-20,79.569,79.569,79.569,79.569,
2010-12-21,80.468,80.468,80.468,80.468,
2010-12-22,81.827,81.827,81.827,81.827,
2010-12-23,81.737,81.737,81.737,81.737,
2010-12-27,82.416,82.416,82.416,82.416,
2010-12-28,83.005,83.005,83.005,83.005,
2010-12-29,82.779,82.779,82.779,82.779,
2010-12-30,82.416,82.416,82.416,82.416,
2010-12-31,82.869,82.869,82.869,82.869,
2011-01-03,82.824,82.824,82.824,82.824,
2011-01-04,84.319,84.319,84.319,84.319,
2011-01-05,84.455,84.455,84.455,84.455,
2011-01-06,84.093,84.093,84.093,84.093,
2011-01-07,83.504,83.504,83.504,83.504,
2011-01-10,83.866,83.866,83.866,83.866,
2011-01-11,84.41,84.41,84.41,84.41,
2011-01-12,84.591,84.591,84.591,84.591,
2011-01-13,84.274,84.274,84.274,84.274,
2011-01-14,85.271,85.271,85.271,85.271,
2011-01-18,84.274,84.274,84.274,84.274,
2011-01-19,83.051,83.051,83.051,83.051,
2011-01-20,83.504,83.504,83.504,83.504,
2011-01-21,89.439,89.439,89.439,89.439,
2011-01-24,90.799,90.799,90.799,90.799,
2011-01-25,90.527,90.527,90.527,90.527,
2011-01-26,90.255,90.255,90.255,90.255,
2011-01-27,91.886,91.886,91.886,91.886,
2011-01-28,91.523,91.523,91.523,91.523,
2011-01-31,91.252,91.252,91.252,91.252,
2011-02-01,94.242,94.242,94.242,94.242,
2011-02-02,93.834,93.834,93.834,93.834,
2011-02-03,94.015,94.015,94.015,94.015,
2011-02-04,93.155,93.155,93.155,93.155,
2011-02-07,94.559,94.559,94.559,94.559,
2011-02-08,96.417,96.417,96.417,96.417,
2011-02-09,96.553,96.553,96.553,96.553,
2011-02-10,96.371,96.371,96.371,96.371,
2011-02-11,96.643,96.643,96.643,96.643,
2011-02-14,97.414,97.414,97.414,97.414,
2011-02-15,97.232,97.232,97.232,97.232,
2011-02-16,97.142,97.142,97.142,97.142,
2011-02-17,97.504,97.504,97.504,97.504,
2011-02-18,97.142,97.142,97.142,97.142,
2011-02-22,94.333,94.333,94.333,94.333,
2011-02-23,92.294,92.294,92.294,92.294,
2011-02-24,93.89,93.89,93.89,93.89,
2011-02-25,94.985,94.985,94.985,94.985,
2011-02-28,95.442,95.442,95.442,95.442,
2011-03-01,92.385,92.385,92.385,92.385,
2011-03-02,92.704,92.704,92.704,92.704,
2011-03-03,94.666,94.666,94.666,94.666,
2011-03-04,92.932,92.932,92.932,92.932,
2011-03-07,92.978,92.978,92.978,92.978,
2011-03-08,94.119,94.119,94.119,94.119,
2011-03-09,94.119,94.119,94.119,94.119,
2011-03-10,91.701,91.701,91.701,91.701,
2011-03-11,92.887,92.887,92.887,92.887,
2011-03-14,90.879,90.879,90.879,90.879,
2011-03-15,89.465,89.465,89.465,89.465,
2011-03-16,86.454,86.454,86.454,86.454,
2011-03-17,87.686,87.686,87.686,87.686,
2011-03-18,87.823,87.823,87.823,87.823,
2011-03-21,89.967,89.967,89.967,89.967,
2011-03-22,88.918,88.918,88.918,88.918,
2011-03-23,89.1,89.1,89.1,89.1,
2011-03-24,90.241,90.241,90.241,90.241,
2011-03-25,90.104,90.104,90.104,90.104,
2011-03-28,90.104,90.104,90.104,90.104,
2011-03-29,90.606,90.606,90.606,90.606,
2011-03-30,91.746,91.746,91.746,91.746,
2011-03-31,91.472,91.472,91.472,91.472,
2011-04-01,92.796,92.796,92.796,92.796,
2011-04-04,93.662,93.662,93.662,93.662,
2011-04-05,92.75,92.75,92.75,92.75,
2011-04-06,93.754,93.754,93.754,93.754,
2011-04-07,92.841,92.841,92.841,92.841,
2011-04-08,92.111,92.111,92.111,92.111,
2011-04-11,92.066,92.066,92.066,92.066,
2011-04-12,91.29,91.29,91.29,91.29,
2011-04-13,90.971,90.971,90.971,90.971,
2011-04-14,91.244,91.244,91.244,91.244,
2011-04-15,91.427,91.427,91.427,91.427,
2011-04-18,91.153,91.153,91.153,91.153,
2011-04-19,92.476,92.476,92.476,92.476,
2011-04-20,93.069,93.069,93.069,93.069,
2011-04-21,91.016,91.016,91.016,91.016,
2011-04-25,90.743,90.743,90.743,90.743,
2011-04-26,91.701,91.701,91.701,91.701,
2011-04-27,94.21,94.21,94.21,94.21,
2011-04-28,93.982,93.982,93.982,93.982,
2011-04-29,93.297,93.297,93.297,93.297,
2011-05-02,93.434,93.434,93.434,93.434,
2011-05-03,94.164,94.164,94.164,94.164,
2011-05-04,92.476,92.476,92.476,92.476,
2011-05-05,90.788,90.788,90.788,90.788,
2011-05-06,91.29,91.29,91.29,91.29,
2011-05-09,91.564,91.564,91.564,91.564,
2011-05-10,92.613,92.613,92.613,92.613,
2011-05-11,91.655,91.655,91.655,91.655,
2011-05-12,91.883,91.883,91.883,91.883,
2011-05-13,90.743,90.743,90.743,90.743,
2011-05-16,90.149,90.149,90.149,90.149,
2011-05-17,89.374,89.374,89.374,89.374,
2011-05-18,90.149,90.149,90.149,90.149,
2011-05-19,91.062,91.062,91.062,91.062,
2011-05-20,89.511,89.511,89.511,89.511,
2011-05-23,88.461,88.461,88.461,88.461,
2011-05-24,87.138,87.138,87.138,87.138,
2011-05-25,87.686,87.686,87.686,87.686,
2011-05-26,88.598,88.598,88.598,88.598,
2011-05-27,88.69,88.69,88.69,88.69,
2011-05-31,89.602,89.602,89.602,89.602,
2011-06-01,87.275,87.275,87.275,87.275,
2011-06-02,87.093,87.093,87.093,87.093,
2011-06-03,85.861,85.861,85.861,85.861,
2011-06-06,84.219,84.219,84.219,84.219,
2011-06-07,84.31,84.31,84.31,84.31,
2011-06-08,84.447,84.447,84.447,84.447,
2011-06-09,84.766,84.766,84.766,84.766,
2011-06-10,83.58,83.58,83.58,83.58,
2011-06-13,83.899,83.899,83.899,83.899,
2011-06-14,84.857,84.857,84.857,84.857,
2011-06-15,83.899,83.899,83.899,83.899,
2011-06-16,84.819,84.819,84.819,84.819,
2011-06-17,85.049,85.049,85.049,85.049,
2011-06-20,85.003,85.003,85.003,85.003,
2011-06-21,86.521,86.521,86.521,86.521,
2011-06-22,85.371,85.371,85.371,85.371,
2011-06-23,84.543,84.543,84.543,84.543,
2011-06-24,82.657,82.657,82.657,82.657,
2011-06-27,84.083,84.083,84.083,84.083,
2011-06-28,84.819,84.819,84.819,84.819,
2011-06-29,85.371,85.371,85.371,85.371,
2011-06-30,86.751,86.751,86.751,86.751,
2011-07-01,88.315,88.315,88.315,88.315,
2011-07-05,87.579,87.579,87.579,87.579,
2011-07-06,87.625,87.625,87.625,87.625,
2011-07-07,88.775,88.775,88.775,88.775,
2011-07-08,87.349,87.349,87.349,87.349,
2011-07-11,85.693,85.693,85.693,85.693,
2011-07-12,84.543,84.543,84.543,84.543,
2011-07-13,85.141,85.141,85.141,85.141,
2011-07-14,85.233,85.233,85.233,85.233,
2011-07-15,84.681,84.681,84.681,84.681,
2011-07-18,84.129,84.129,84.129,84.129,
2011-07-19,85.463,85.463,85.463,85.463,
2011-07-20,86.429,86.429,86.429,86.429,
2011-07-21,88.131,88.131,88.131,88.131,
2011-07-22,87.579,87.579,87.579,87.579,
2011-07-25,87.211,87.211,87.211,87.211,
2011-07-26,85.371,85.371,85.371,85.371,
2011-07-27,83.301,83.301,83.301,83.301,
2011-07-28,83.301,83.301,83.301,83.301,
2011-07-29,82.381,82.381,82.381,82.381,
2011-08-01,82.657,82.657,82.657,82.657,
2011-08-02,79.161,79.161,79.161,79.161,
2011-08-03,80.357,80.357,80.357,80.357,
2011-08-04,75.758,75.758,75.758,75.758,
2011-08-05,75.942,75.942,75.942,75.942,
2011-08-08,70.974,70.974,70.974,70.974,
2011-08-09,73.412,73.412,73.412,73.412,
2011-08-10,69.41,69.41,69.41,69.41,
2011-08-11,72.124,72.124,72.124,72.124,
2011-08-12,73.044,73.044,73.044,73.044,
2011-08-15,75.39,75.39,75.39,75.39,
2011-08-16,74.286,74.286,74.286,74.286,
2011-08-17,74.654,74.654,74.654,74.654,
2011-08-18,70.56,70.56,70.56,70.56,
2011-08-19,69.41,69.41,69.41,69.41,
2011-08-22,69.502,69.502,69.502,69.502,
2011-08-23,71.48,71.48,71.48,71.48,
2011-08-24,72.308,72.308,72.308,72.308,
2011-08-25,71.066,71.066,71.066,71.066,
2011-08-26,71.48,71.48,71.48,71.48,
2011-08-29,73.78,73.78,73.78,73.78,
2011-08-30,74.148,74.148,74.148,74.148,
2011-08-31,75.022,75.022,75.022,75.022,
2011-09-01,74.516,74.516,74.516,74.516,
2011-09-02,72.492,72.492,72.492,72.492,
2011-09-06,70.146,70.146,70.146,70.146,
2011-09-07,72.676,72.676,72.676,72.676,
2011-09-08,71.71,71.71,71.71,71.71,
2011-09-09,69.41,69.41,69.41,69.41,
2011-09-12,69.042,69.042,69.042,69.042,
2011-09-13,70.882,70.882,70.882,70.882,
2011-09-14,72.63,72.63,72.63,72.63,
2011-09-15,74.673,74.673,74.673,74.673,
2011-09-16,75.834,75.834,75.834,75.834,
2011-09-19,75.138,75.138,75.138,75.138,
2011-09-20,74.487,74.487,74.487,74.487,
2011-09-21,71.422,71.422,71.422,71.422,
2011-09-22,69.844,69.844,69.844,69.844,
2011-09-23,70.633,70.633,70.633,70.633,
2011-09-26,72.305,72.305,72.305,72.305,
2011-09-27,73.187,73.187,73.187,73.187,
2011-09-28,71.748,71.748,71.748,71.748,
2011-09-29,73.652,73.652,73.652,73.652,
2011-09-30,70.679,70.679,70.679,70.679,
2011-10-03,68.218,68.218,68.218,68.218,
2011-10-04,69.008,69.008,69.008,69.008,
2011-10-05,70.912,70.912,70.912,70.912,
2011-10-06,72.119,72.119,72.119,72.119,
2011-10-07,71.98,71.98,71.98,71.98,
2011-10-10,74.952,74.952,74.952,74.952,
2011-10-11,74.952,74.952,74.952,74.952,
2011-10-12,76.159,76.159,76.159,76.159,
2011-10-13,75.323,75.323,75.323,75.323,
2011-10-14,77.088,77.088,77.088,77.088,
2011-10-17,75.37,75.37,75.37,75.37,
2011-10-18,77.599,77.599,77.599,77.599,
2011-10-19,76.716,76.716,76.716,76.716,
2011-10-20,77.227,77.227,77.227,77.227,
2011-10-21,75.741,75.741,75.741,75.741,
2011-10-24,76.391,76.391,76.391,76.391,
2011-10-25,75.323,75.323,75.323,75.323,
2011-10-26,75.927,75.927,75.927,75.927,
2011-10-27,80.664,80.664,80.664,80.664,
2011-10-28,80.106,80.106,80.106,80.106,
2011-10-31,77.599,77.599,77.599,77.599,
2011-11-01,74.395,74.395,74.395,74.395,
2011-11-02,75.463,75.463,75.463,75.463,
2011-11-03,77.413,77.413,77.413,77.413,
2011-11-04,76.113,76.113,76.113,76.113,
2011-11-07,76.113,76.113,76.113,76.113,
2011-11-08,76.531,76.531,76.531,76.531,
2011-11-09,73.605,73.605,73.605,73.605,
2011-11-10,74.58,74.58,74.58,74.58,
2011-11-11,75.695,75.695,75.695,75.695,
2011-11-14,74.766,74.766,74.766,74.766,
2011-11-15,75.23,75.23,75.23,75.23,
2011-11-16,74.069,74.069,74.069,74.069,
2011-11-17,72.63,72.63,72.63,72.63,
2011-11-18,72.676,72.676,72.676,72.676,
2011-11-21,70.772,70.772,70.772,70.772,
2011-11-22,69.611,69.611,69.611,69.611,
2011-11-23,68.404,68.404,68.404,68.404,
2011-11-25,68.265,68.265,68.265,68.265,
2011-11-28,68.729,68.729,68.729,68.729,
2011-11-29,69.286,69.286,69.286,69.286,
2011-11-30,73.884,73.884,73.884,73.884,
2011-12-01,73.884,73.884,73.884,73.884,
2011-12-02,74.72,74.72,74.72,74.72,
2011-12-05,75.834,75.834,75.834,75.834,
2011-12-06,77.645,77.645,77.645,77.645,
2011-12-07,77.738,77.738,77.738,77.738,
2011-12-08,75.741,75.741,75.741,75.741,
2011-12-09,78.202,78.202,78.202,78.202,
2011-12-12,76.438,76.438,76.438,76.438,
2011-12-13,76.252,76.252,76.252,76.252,
2011-12-14,77.134,77.134,77.134,77.134,
2011-12-15,77.97,77.97,77.97,77.97,
2011-12-16,78.992,78.992,78.992,78.992,
2011-12-19,78.295,78.295,78.295,78.295,
2011-12-20,80.246,80.246,80.246,80.246,
2011-12-21,82.15,82.15,82.15,82.15,
2011-12-22,84.635,84.635,84.635,84.635,
2011-12-23,85.479,85.479,85.479,85.479,
2011-12-27,84.447,84.447,84.447,84.447,
2011-12-28,83.603,83.603,83.603,83.603,
2011-12-29,84.729,84.729,84.729,84.729,
2011-12-30,83.978,83.978,83.978,83.978,
2012-01-03,86.088,86.088,86.088,86.088,
2012-01-04,87.026,87.026,87.026,87.026,
2012-01-05,86.979,86.979,86.979,86.979,
2012-01-06,87.448,87.448,87.448,87.448,
2012-01-09,88.433,88.433,88.433,88.433,
2012-01-10,87.776,87.776,87.776,87.776,
2012-01-11,88.527,88.527,88.527,88.527,
2012-01-12,88.761,88.761,88.761,88.761,
2012-01-13,88.339,88.339,88.339,88.339,
2012-01-17,87.87,87.87,87.87,87.87,
2012-01-18,89.183,89.183,89.183,89.183,
2012-01-19,89.793,89.793,89.793,89.793,
2012-01-20,89.793,89.793,89.793,89.793,
2012-01-23,88.808,88.808,88.808,88.808,
2012-01-24,88.339,88.339,88.339,88.339,
2012-01-25,89.699,89.699,89.699,89.699,
2012-01-26,89.418,89.418,89.418,89.418,
2012-01-27,89.23,89.23,89.23,89.23,
2012-01-30,88.62,88.62,88.62,88.62,
2012-01-31,87.73,87.73,87.73,87.73,
2012-02-01,88.011,88.011,88.011,88.011,
2012-02-02,87.917,87.917,87.917,87.917,
2012-02-03,89.183,89.183,89.183,89.183,
2012-02-06,89.324,89.324,89.324,89.324,
2012-02-07,89.933,89.933,89.933,89.933,
2012-02-08,90.215,90.215,90.215,90.215,
2012-02-09,89.699,89.699,89.699,89.699,
2012-02-10,88.527,88.527,88.527,88.527,
2012-02-13,89.418,89.418,89.418,89.418,
2012-02-14,88.808,88.808,88.808,88.808,
2012-02-15,87.964,87.964,87.964,87.964,
2012-02-16,89.136,89.136,89.136,89.136,
2012-02-17,90.402,90.402,90.402,90.402,
2012-02-21,91.012,91.012,91.012,91.012,
2012-02-22,90.918,90.918,90.918,90.918,
2012-02-23,91.344,91.344,91.344,91.344,
2012-02-24,91.013,91.013,91.013,91.013,
2012-02-27,90.208,90.208,90.208,90.208,
2012-02-28,90.634,90.634,90.634,90.634,
2012-02-29,90.114,90.114,90.114,90.114,
2012-03-01,90.445,90.445,90.445,90.445,
2012-03-02,89.735,89.735,89.735,89.735,
2012-03-05,89.168,89.168,89.168,89.168,
2012-03-06,87.134,87.134,87.134,87.134,
2012-03-07,88.789,88.789,88.789,88.789,
2012-03-08,90.019,90.019,90.019,90.019,
2012-03-09,90.067,90.067,90.067,90.067,
2012-03-12,90.492,90.492,90.492,90.492,
2012-03-13,92.668,92.668,92.668,92.668,
2012-03-14,93.614,93.614,93.614,93.614,
2012-03-15,95.365,95.365,95.365,95.365,
2012-03-16,95.554,95.554,95.554,95.554,
2012-03-19,95.601,95.601,95.601,95.601,
2012-03-20,94.939,94.939,94.939,94.939,
2012-03-21,94.939,94.939,94.939,94.939,
2012-03-22,93.898,93.898,93.898,93.898,
2012-03-23,93.567,93.567,93.567,93.567,
2012-03-26,94.844,94.844,94.844,94.844,
2012-03-27,94.797,94.797,94.797,94.797,
2012-03-28,94.655,94.655,94.655,94.655,
2012-03-29,94.371,94.371,94.371,94.371,
2012-03-30,94.939,94.939,94.939,94.939,
2012-04-02,94.702,94.702,94.702,94.702,
2012-04-03,94.419,94.419,94.419,94.419,
2012-04-04,93.378,93.378,93.378,93.378,
2012-04-05,92.195,92.195,92.195,92.195,
2012-04-09,90.823,90.823,90.823,90.823,
2012-04-10,88.647,88.647,88.647,88.647,
2012-04-11,89.925,89.925,89.925,89.925,
2012-04-12,91.296,91.296,91.296,91.296,
2012-04-13,89.31,89.31,89.31,89.31,
2012-04-16,89.404,89.404,89.404,89.404,
2012-04-17,91.486,91.486,91.486,91.486,
2012-04-18,90.35,90.35,90.35,90.35,
2012-04-19,90.54,90.54,90.54,90.54,
2012-04-20,91.58,91.58,91.58,91.58,
2012-04-23,90.208,90.208,90.208,90.208,
2012-04-24,92.432,92.432,92.432,92.432,
2012-04-25,92.006,92.006,92.006,92.006,
2012-04-26,92.81,92.81,92.81,92.81,
2012-04-27,93.567,93.567,93.567,93.567,
2012-04-30,92.621,92.621,92.621,92.621,
2012-05-01,93.662,93.662,93.662,93.662,
2012-05-02,93.52,93.52,93.52,93.52,
2012-05-03,92.763,92.763,92.763,92.763,
2012-05-04,91.486,91.486,91.486,91.486,
2012-05-07,91.391,91.391,91.391,91.391,
2012-05-08,91.06,91.06,91.06,91.06,
2012-05-09,89.452,89.452,89.452,89.452,
2012-05-10,90.303,90.303,90.303,90.303,
2012-05-11,89.925,89.925,89.925,89.925,
2012-05-14,87.985,87.985,87.985,87.985,
2012-05-15,87.039,87.039,87.039,87.039,
2012-05-16,89.877,89.877,89.877,89.877,
2012-05-17,89.31,89.31,89.31,89.31,
2012-05-18,89.641,89.641,89.641,89.641,
2012-05-21,90.445,90.445,90.445,90.445,
2012-05-22,90.729,90.729,90.729,90.729,
2012-05-23,90.729,90.729,90.729,90.729,
2012-05-24,91.06,91.06,91.06,91.06,
2012-05-25,90.823,90.823,90.823,90.823,
2012-05-29,91.533,91.533,91.533,91.533,
2012-05-30,90.067,90.067,90.067,90.067,
2012-05-31,90.303,90.303,90.303,90.303,
2012-06-01,87.701,87.701,87.701,87.701,
2012-06-04,85.857,85.857,85.857,85.857,
2012-06-05,86.282,86.282,86.282,86.282,
2012-06-06,89.31,89.31,89.31,89.31,
2012-06-07,89.877,89.877,89.877,89.877,
2012-06-08,90.823,90.823,90.823,90.823,
2012-06-11,90.398,90.398,90.398,90.398,
2012-06-12,92.148,92.148,92.148,92.148,
2012-06-13,91.628,91.628,91.628,91.628,
2012-06-14,93.283,93.283,93.283,93.283,
2012-06-15,94.872,94.872,94.872,94.872,
2012-06-18,93.686,93.686,93.686,93.686,
2012-06-19,94.872,94.872,94.872,94.872,
2012-06-20,95.347,95.347,95.347,95.347,
2012-06-21,93.433,93.433,93.433,93.433,
2012-06-22,94.773,94.773,94.773,94.773,
2012-06-25,93.385,93.385,93.385,93.385,
2012-06-26,94.725,94.725,94.725,94.725,
2012-06-27,96.304,96.304,96.304,96.304,
2012-06-28,96.638,96.638,96.638,96.638,
2012-06-29,99.7,99.7,99.7,99.7,
2012-07-02,98.026,98.026,98.026,98.026,
2012-07-03,97.739,97.739,97.739,97.739,
2012-07-05,97.26,97.26,97.26,97.26,
2012-07-06,95.682,95.682,95.682,95.682,
2012-07-09,95.873,95.873,95.873,95.873,
2012-07-10,93.864,93.864,93.864,93.864,
2012-07-11,94.151,94.151,94.151,94.151,
2012-07-12,93.002,93.002,93.002,93.002,
2012-07-13,94.581,94.581,94.581,94.581,
2012-07-16,93.72,93.72,93.72,93.72,
2012-07-17,94.342,94.342,94.342,94.342,
2012-07-18,94.916,94.916,94.916,94.916,
2012-07-19,94.725,94.725,94.725,94.725,
2012-07-20,95.06,95.06,95.06,95.06,
2012-07-23,96.112,96.112,96.112,96.112,
2012-07-24,95.538,95.538,95.538,95.538,
2012-07-25,95.682,95.682,95.682,95.682,
2012-07-26,98.361,98.361,98.361,98.361,
2012-07-27,100.083,100.083,100.083,100.083,
2012-07-30,99.509,99.509,99.509,99.509,
2012-07-31,99.27,99.27,99.27,99.27,
2012-08-01,99.174,99.174,99.174,99.174,
2012-08-02,98.169,98.169,98.169,98.169,
2012-08-03,100.274,100.274,100.274,100.274,
2012-08-06,100.322,100.322,100.322,100.322,
2012-08-07,101.04,101.04,101.04,101.04,
2012-08-08,100.513,100.513,100.513,100.513,
2012-08-09,100.753,100.753,100.753,100.753,
2012-08-10,100.944,100.944,100.944,100.944,
2012-08-13,100.418,100.418,100.418,100.418,
2012-08-14,100.179,100.179,100.179,100.179,
2012-08-15,100.274,100.274,100.274,100.274,
2012-08-16,100.705,100.705,100.705,100.705,
2012-08-17,100.466,100.466,100.466,100.466,
2012-08-20,100.131,100.131,100.131,100.131,
2012-08-21,99.748,99.748,99.748,99.748,
2012-08-22,99.413,99.413,99.413,99.413,
2012-08-23,98.743,98.743,98.743,98.743,
2012-08-24,99.509,99.509,99.509,99.509,
2012-08-27,99.748,99.748,99.748,99.748,
2012-08-28,99.557,99.557,99.557,99.557,
2012-08-29,99.605,99.605,99.605,99.605,
2012-08-30,98.743,98.743,98.743,98.743,
2012-08-31,99.078,99.078,99.078,99.078,
2012-09-04,98.121,98.121,98.121,98.121,
2012-09-05,98.791,98.791,98.791,98.791,
2012-09-06,101.949,101.949,101.949,101.949,
2012-09-07,103.288,103.288,103.288,103.288,
2012-09-10,102.762,102.762,102.762,102.762,
2012-09-11,103.288,103.288,103.288,103.288,
2012-09-12,104.723,104.723,104.723,104.723,
2012-09-13,105.345,105.345,105.345,105.345,
2012-09-14,105.776,105.776,105.776,105.776,
2012-09-17,105.489,105.489,105.489,105.489,
2012-09-18,106.398,106.398,106.398,106.398,
2012-09-19,107.307,107.307,107.307,107.307,
2012-09-20,108.126,108.126,108.126,108.126,
2012-09-21,108.608,108.608,108.608,108.608,
2012-09-24,107.789,107.789,107.789,107.789,
2012-09-25,107.548,107.548,107.548,107.548,
2012-09-26,106.536,106.536,106.536,106.536,
2012-09-27,109.573,109.573,109.573,109.573,
2012-09-28,109.476,109.476,109.476,109.476,
2012-10-01,109.958,109.958,109.958,109.958,
2012-10-02,109.862,109.862,109.862,109.862,
2012-10-03,110.44,110.44,110.44,110.44,
2012-10-04,110.633,110.633,110.633,110.633,
2012-10-05,111.453,111.453,111.453,111.453,
2012-10-08,110.489,110.489,110.489,110.489,
2012-10-09,109.042,109.042,109.042,109.042,
2012-10-10,108.126,108.126,108.126,108.126,
2012-10-11,108.512,108.512,108.512,108.512,
2012-10-12,108.367,108.367,108.367,108.367,
2012-10-15,109.139,109.139,109.139,109.139,
2012-10-16,109.139,109.139,109.139,109.139,
2012-10-17,110.44,110.44,110.44,110.44,
2012-10-18,109.958,109.958,109.958,109.958,
2012-10-19,106.198,106.198,106.198,106.198,
2012-10-22,104.607,104.607,104.607,104.607,
2012-10-23,102.583,102.583,102.583,102.583,
2012-10-24,102.486,102.486,102.486,102.486,
2012-10-25,102.486,102.486,102.486,102.486,
2012-10-26,101.763,101.763,101.763,101.763,
2012-10-31,101.522,101.522,101.522,101.522,
2012-11-01,102.872,102.872,102.872,102.872,
2012-11-02,102.727,102.727,102.727,102.727,
2012-11-05,103.209,103.209,103.209,103.209,
2012-11-06,104.077,104.077,104.077,104.077,
2012-11-07,101.86,101.86,101.86,101.86,
2012-11-08,100.703,100.703,100.703,100.703,
2012-11-09,101.233,101.233,101.233,101.233,
2012-11-12,100.703,100.703,100.703,100.703,
2012-11-13,99.69,99.69,99.69,99.69,
2012-11-14,96.46,96.46,96.46,96.46,
2012-11-15,96.702,96.702,96.702,96.702,
2012-11-16,97.135,97.135,97.135,97.135,
2012-11-19,99.594,99.594,99.594,99.594,
2012-11-20,99.401,99.401,99.401,99.401,
2012-11-21,99.69,99.69,99.69,99.69,
2012-11-23,101.426,101.426,101.426,101.426,
2012-11-26,101.522,101.522,101.522,101.522,
2012-11-27,100.606,100.606,100.606,100.606,
2012-11-28,101.908,101.908,101.908,101.908,
2012-11-29,101.86,101.86,101.86,101.86,
2012-11-30,101.86,101.86,101.86,101.86,
2012-12-03,100.365,100.365,100.365,100.365,
2012-12-04,100.558,100.558,100.558,100.558,
2012-12-05,102.342,102.342,102.342,102.342,
2012-12-06,103.017,103.017,103.017,103.017,
2012-12-07,103.45,103.45,103.45,103.45,
2012-12-10,103.113,103.113,103.113,103.113,
2012-12-11,103.691,103.691,103.691,103.691,
2012-12-12,104.993,104.993,104.993,104.993,
2012-12-13,104.222,104.222,104.222,104.222,
2012-12-14,104.222,104.222,104.222,104.222,
2012-12-17,105.716,105.716,105.716,105.716,
2012-12-18,104.559,104.559,104.559,104.559,
2012-12-19,101.281,101.281,101.281,101.281,
2012-12-20,102.4,102.4,102.4,102.4,
2012-12-21,101.573,101.573,101.573,101.573,
2012-12-24,101.281,101.281,101.281,101.281,
2012-12-26,101.038,101.038,101.038,101.038,
2012-12-27,100.649,100.649,100.649,100.649,
2012-12-28,99.433,99.433,99.433,99.433,
2012-12-31,102.108,102.108,102.108,102.108,
2013-01-02,103.811,103.811,103.811,103.811,
2013-01-03,102.643,102.643,102.643,102.643,
2013-01-04,103.13,103.13,103.13,103.13,
2013-01-07,102.789,102.789,102.789,102.789,
2013-01-08,101.67,101.67,101.67,101.67,
2013-01-09,101.914,101.914,101.914,101.914,
2013-01-10,102.984,102.984,102.984,102.984,
2013-01-11,102.789,102.789,102.789,102.789,
2013-01-14,102.74,102.74,102.74,102.74,
2013-01-15,103.13,103.13,103.13,103.13,
2013-01-16,102.74,102.74,102.74,102.74,
2013-01-17,103.616,103.616,103.616,103.616,
2013-01-18,107.216,107.216,107.216,107.216,
2013-01-22,107.07,107.07,107.07,107.07,
2013-01-23,106.729,106.729,106.729,106.729,
2013-01-24,107.265,107.265,107.265,107.265,
2013-01-25,108.432,108.432,108.432,108.432,
2013-01-28,109.454,109.454,109.454,109.454,
2013-01-29,109.454,109.454,109.454,109.454,
2013-01-30,108.14,108.14,108.14,108.14,
2013-01-31,108.383,108.383,108.383,108.383,
2013-02-01,110.037,110.037,110.037,110.037,
2013-02-04,108.529,108.529,108.529,108.529,
2013-02-05,109.648,109.648,109.648,109.648,
2013-02-06,109.162,109.162,109.162,109.162,
2013-02-07,109.356,109.356,109.356,109.356,
2013-02-08,109.454,109.454,109.454,109.454,
2013-02-11,109.21,109.21,109.21,109.21,
2013-02-12,109.843,109.843,109.843,109.843,
2013-02-13,113.783,113.783,113.783,113.783,
2013-02-14,113.88,113.88,113.88,113.88,
2013-02-15,113.297,113.297,113.297,113.297,
2013-02-19,115.534,115.534,115.534,115.534,
2013-02-20,113.88,113.88,113.88,113.88,
2013-02-21,114.077,114.077,114.077,114.077,
2013-02-22,114.714,114.714,114.714,114.714,
2013-02-25,111.87,111.87,111.87,111.87,
2013-02-26,113.047,113.047,113.047,113.047,
2013-02-27,114.616,114.616,114.616,114.616,
2013-02-28,113.88,113.88,113.88,113.88,
2013-03-01,113.733,113.733,113.733,113.733,
2013-03-04,114.126,114.126,114.126,114.126,
2013-03-05,115.695,115.695,115.695,115.695,
2013-03-06,116.087,116.087,116.087,116.087,
2013-03-07,116.136,116.136,116.136,116.136,
2013-03-08,116.578,116.578,116.578,116.578,
2013-03-11,115.842,115.842,115.842,115.842,
2013-03-12,114.812,114.812,114.812,114.812,
2013-03-13,115.205,115.205,115.205,115.205,
2013-03-14,116.185,116.185,116.185,116.185,
2013-03-15,114.959,114.959,114.959,114.959,
2013-03-18,114.028,114.028,114.028,114.028,
2013-03-19,114.371,114.371,114.371,114.371,
2013-03-20,115.058,115.058,115.058,115.058,
2013-03-21,114.224,114.224,114.224,114.224,
2013-03-22,114.616,114.616,114.616,114.616,
2013-03-25,113.979,113.979,113.979,113.979,
2013-03-26,113.39,113.39,113.39,113.39,
2013-03-27,113.292,113.292,113.292,113.292,
2013-03-28,113.39,113.39,113.39,113.39,
2013-04-01,113.194,113.194,113.194,113.194,
2013-04-02,114.469,114.469,114.469,114.469,
2013-04-03,112.801,112.801,112.801,112.801,
2013-04-04,113.194,113.194,113.194,113.194,
2013-04-05,112.458,112.458,112.458,112.458,
2013-04-08,113.39,113.39,113.39,113.39,
2013-04-09,113.096,113.096,113.096,113.096,
2013-04-10,115.646,115.646,115.646,115.646,
2013-04-11,115.695,115.695,115.695,115.695,
2013-04-12,115.058,115.058,115.058,115.058,
2013-04-15,111.87,111.87,111.87,111.87,
2013-04-16,113.292,113.292,113.292,113.292,
2013-04-17,111.624,111.624,111.624,111.624,
2013-04-18,111.183,111.183,111.183,111.183,
2013-04-19,106.671,106.671,106.671,106.671,
2013-04-22,104.709,104.709,104.709,104.709,
2013-04-23,105.445,105.445,105.445,105.445,
2013-04-24,107.701,107.701,107.701,107.701,
2013-04-25,107.652,107.652,107.652,107.652,
2013-04-26,108.927,108.927,108.927,108.927,
2013-04-29,109.221,109.221,109.221,109.221,
2013-04-30,109.319,109.319,109.319,109.319,
2013-05-01,108.633,108.633,108.633,108.633,
2013-05-02,109.466,109.466,109.466,109.466,
2013-05-03,110.693,110.693,110.693,110.693,
2013-05-06,110.742,110.742,110.742,110.742,
2013-05-07,111.232,111.232,111.232,111.232,
2013-05-08,112.851,112.851,112.851,112.851,
2013-05-09,111.723,111.723,111.723,111.723,
2013-05-10,112.311,112.311,112.311,112.311,
2013-05-13,112.066,112.066,112.066,112.066,
2013-05-14,112.851,112.851,112.851,112.851,
2013-05-15,113.979,113.979,113.979,113.979,
2013-05-16,114.126,114.126,114.126,114.126,
2013-05-17,115.058,115.058,115.058,115.058,
2013-05-20,115.597,115.597,115.597,115.597,
2013-05-21,116.038,116.038,116.038,116.038,
2013-05-22,117.019,117.019,117.019,117.019,
2013-05-23,116.038,116.038,116.038,116.038,
2013-05-24,115.401,115.401,115.401,115.401,
2013-05-28,115.744,115.744,115.744,115.744,
2013-05-29,115.94,115.94,115.94,115.94,
2013-05-30,115.744,115.744,115.744,115.744,
2013-05-31,114.371,114.371,114.371,114.371,
2013-06-03,115.94,115.94,115.94,115.94,
2013-06-04,116.038,116.038,116.038,116.038,
2013-06-05,114.371,114.371,114.371,114.371,
2013-06-06,114.665,114.665,114.665,114.665,
2013-06-07,117.019,117.019,117.019,117.019,
2013-06-10,116.627,116.627,116.627,116.627,
2013-06-11,115.646,115.646,115.646,115.646,
2013-06-12,115.254,115.254,115.254,115.254,
2013-06-13,116.136,116.136,116.136,116.136,
2013-06-14,115.352,115.352,115.352,115.352,
2013-06-17,116.578,116.578,116.578,116.578,
2013-06-18,119.324,119.324,119.324,119.324,
2013-06-19,117.608,117.608,117.608,117.608,
2013-06-20,114.938,114.938,114.938,114.938,
2013-06-21,115.482,115.482,115.482,115.482,
2013-06-24,113.356,113.356,113.356,113.356,
2013-06-25,114.246,114.246,114.246,114.246,
2013-06-26,114.938,114.938,114.938,114.938,
2013-06-27,115.284,115.284,115.284,115.284,
2013-06-28,114.642,114.642,114.642,114.642,
2013-07-01,115.383,115.383,115.383,115.383,
2013-07-02,113.208,113.208,113.208,113.208,
2013-07-03,113.257,113.257,113.257,113.257,
2013-07-05,114.889,114.889,114.889,114.889,
2013-07-08,115.284,115.284,115.284,115.284,
2013-07-09,116.767,116.767,116.767,116.767,
2013-07-10,116.372,116.372,116.372,116.372,
2013-07-11,118.349,118.349,118.349,118.349,
2013-07-12,117.459,117.459,117.459,117.459,
2013-07-15,116.817,116.817,116.817,116.817,
2013-07-16,115.828,115.828,115.828,115.828,
2013-07-17,116.372,116.372,116.372,116.372,
2013-07-18,116.817,116.817,116.817,116.817,
2013-07-19,122.205,122.205,122.205,122.205,
2013-07-22,122.897,122.897,122.897,122.897,
2013-07-23,122.156,122.156,122.156,122.156,
2013-07-24,121.711,121.711,121.711,121.711,
2013-07-25,122.057,122.057,122.057,122.057,
2013-07-26,121.859,121.859,121.859,121.859,
2013-07-29,121.068,121.068,121.068,121.068,
2013-07-30,121.019,121.019,121.019,121.019,
2013-07-31,120.475,120.475,120.475,120.475,
2013-08-01,121.711,121.711,121.711,121.711,
2013-08-02,122.106,122.106,122.106,122.106,
2013-08-05,121.217,121.217,121.217,121.217,
2013-08-06,120.178,120.178,120.178,120.178,
2013-08-07,120.327,120.327,120.327,120.327,
2013-08-08,120.277,120.277,120.277,120.277,
2013-08-09,119.882,119.882,119.882,119.882,
2013-08-12,119.981,119.981,119.981,119.981,
2013-08-13,119.635,119.635,119.635,119.635,
2013-08-14,118.992,118.992,118.992,118.992,
2013-08-15,118.646,118.646,118.646,118.646,
2013-08-16,118.399,118.399,118.399,118.399,
2013-08-19,117.904,117.904,117.904,117.904,
2013-08-20,117.262,117.262,117.262,117.262,
2013-08-21,116.718,116.718,116.718,116.718,
2013-08-22,117.558,117.558,117.558,117.558,
2013-08-23,117.558,117.558,117.558,117.558,
2013-08-26,116.718,116.718,116.718,116.718,
2013-08-27,114.592,114.592,114.592,114.592,
2013-08-28,114.691,114.691,114.691,114.691,
2013-08-29,114.246,114.246,114.246,114.246,
2013-08-30,114.394,114.394,114.394,114.394,
2013-09-03,113.999,113.999,113.999,113.999,
2013-09-04,114.543,114.543,114.543,114.543,
2013-09-05,114.493,114.493,114.493,114.493,
2013-09-06,114.493,114.493,114.493,114.493,
2013-09-09,115.63,115.63,115.63,115.63,
2013-09-10,118.003,118.003,118.003,118.003,
2013-09-11,119.091,119.091,119.091,119.091,
2013-09-12,117.904,117.904,117.904,117.904,
2013-09-13,117.558,117.558,117.558,117.558,
2013-09-16,119.338,119.338,119.338,119.338,
2013-09-17,120.871,120.871,120.871,120.871,
2013-09-18,122.897,122.897,122.897,122.897,
2013-09-19,121.851,121.851,121.851,121.851,
2013-09-20,119.61,119.61,119.61,119.61,
2013-09-23,120.955,120.955,120.955,120.955,
2013-09-24,121.154,121.154,121.154,121.154,
2013-09-25,120.706,120.706,120.706,120.706,
2013-09-26,120.805,120.805,120.805,120.805,
2013-09-27,119.809,119.809,119.809,119.809,
2013-09-30,119.012,119.012,119.012,119.012,
2013-10-01,120.407,120.407,120.407,120.407,
2013-10-02,121.204,121.204,121.204,121.204,
2013-10-03,120.058,120.058,120.058,120.058,
2013-10-04,119.809,119.809,119.809,119.809,
2013-10-07,119.261,119.261,119.261,119.261,
2013-10-08,117.916,117.916,117.916,117.916,
2013-10-09,117.418,117.418,117.418,117.418,
2013-10-10,120.805,120.805,120.805,120.805,
2013-10-11,121.552,121.552,121.552,121.552,
2013-10-14,121.453,121.453,121.453,121.453,
2013-10-15,120.506,120.506,120.506,120.506,
2013-10-16,121.353,121.353,121.353,121.353,
2013-10-17,122.947,122.947,122.947,122.947,
2013-10-18,127.281,127.281,127.281,127.281,
2013-10-21,130.22,130.22,130.22,130.22,
2013-10-22,129.623,129.623,129.623,129.623,
2013-10-23,128.029,128.029,128.029,128.029,
2013-10-24,129.224,129.224,129.224,129.224,
2013-10-25,128.925,128.925,128.925,128.925,
2013-10-28,129.971,129.971,129.971,129.971,
2013-10-29,130.569,130.569,130.569,130.569,
2013-10-30,131.366,131.366,131.366,131.366,
2013-10-31,130.22,130.22,130.22,130.22,
2013-11-01,132.213,132.213,132.213,132.213,
2013-11-04,131.665,131.665,131.665,131.665,
2013-11-05,131.615,131.615,131.615,131.615,
2013-11-06,134.007,134.007,134.007,134.007,
2013-11-07,132.512,132.512,132.512,132.512,
2013-11-08,134.754,134.754,134.754,134.754,
2013-11-11,134.554,134.554,134.554,134.554,
2013-11-12,134.754,134.754,134.754,134.754,
2013-11-13,135.252,135.252,135.252,135.252,
2013-11-14,134.455,134.455,134.455,134.455,
2013-11-15,135.501,135.501,135.501,135.501,
2013-11-18,135.601,135.601,135.601,135.601,
2013-11-19,134.654,134.654,134.654,134.654,
2013-11-20,134.305,134.305,134.305,134.305,
2013-11-21,134.056,134.056,134.056,134.056,
2013-11-22,134.903,134.903,134.903,134.903,
2013-11-25,133.16,133.16,133.16,133.16,
2013-11-26,133.409,133.409,133.409,133.409,
2013-11-27,133.658,133.658,133.658,133.658,
2013-11-29,132.811,132.811,132.811,132.811,
2013-12-02,132.811,132.811,132.811,132.811,
2013-12-03,132.313,132.313,132.313,132.313,
2013-12-04,132.711,132.711,132.711,132.711,
2013-12-05,131.765,131.765,131.765,131.765,
2013-12-06,134.206,134.206,134.206,134.206,
2013-12-09,135.451,135.451,135.451,135.451,
2013-12-10,135.202,135.202,135.202,135.202,
2013-12-11,132.412,132.412,132.412,132.412,
2013-12-12,132.213,132.213,132.213,132.213,
2013-12-13,133.708,133.708,133.708,133.708,
2013-12-16,134.405,134.405,134.405,134.405,
2013-12-17,134.654,134.654,134.654,134.654,
2013-12-18,136.547,136.547,136.547,136.547,
2013-12-19,137.2,137.2,137.2,137.2,
2013-12-20,137.401,137.401,137.401,137.401,
2013-12-23,137.602,137.602,137.602,137.602,
2013-12-24,138.656,138.656,138.656,138.656,
2013-12-26,139.761,139.761,139.761,139.761,
2013-12-27,139.761,139.761,139.761,139.761,
2013-12-30,140.063,140.063,140.063,140.063,
2013-12-31,140.766,140.766,140.766,140.766,
2014-01-02,138.104,138.104,138.104,138.104,
2014-01-03,138.004,138.004,138.004,138.004,
2014-01-06,136.899,136.899,136.899,136.899,
2014-01-07,137.049,137.049,137.049,137.049,
2014-01-08,136.648,136.648,136.648,136.648,
2014-01-09,136.698,136.698,136.698,136.698,
2014-01-10,135.392,135.392,135.392,135.392,
2014-01-13,134.237,134.237,134.237,134.237,
2014-01-14,135.442,135.442,135.442,135.442,
2014-01-15,137.3,137.3,137.3,137.3,
2014-01-16,136.597,136.597,136.597,136.597,
2014-01-17,133.484,133.484,133.484,133.484,
2014-01-21,132.027,132.027,132.027,132.027,
2014-01-22,130.521,130.521,130.521,130.521,
2014-01-23,129.667,129.667,129.667,129.667,
2014-01-24,125.298,125.298,125.298,125.298,
2014-01-27,125.901,125.901,125.901,125.901,
2014-01-28,127.859,127.859,127.859,127.859,
2014-01-29,127.005,127.005,127.005,127.005,
2014-01-30,128.06,128.06,128.06,128.06,
2014-01-31,126.202,126.202,126.202,126.202,
2014-02-03,122.285,122.285,122.285,122.285,
2014-02-04,123.39,123.39,123.39,123.39,
2014-02-05,123.139,123.139,123.139,123.139,
2014-02-06,125.298,125.298,125.298,125.298,
2014-02-07,126.503,126.503,126.503,126.503,
2014-02-10,125.8,125.8,125.8,125.8,
2014-02-11,127.709,127.709,127.709,127.709,
2014-02-12,127.508,127.508,127.508,127.508,
2014-02-13,127.759,127.759,127.759,127.759,
2014-02-14,129.265,129.265,129.265,129.265,
2014-02-18,128.813,128.813,128.813,128.813,
2014-02-19,127.558,127.558,127.558,127.558,
2014-02-20,127.254,127.254,127.254,127.254,
2014-02-21,126.342,126.342,126.342,126.342,
2014-02-24,128.115,128.115,128.115,128.115,
2014-02-25,128.014,128.014,128.014,128.014,
2014-02-26,128.166,128.166,128.166,128.166,
2014-02-27,129.179,129.179,129.179,129.179,
2014-02-28,129.027,129.027,129.027,129.027,
2014-03-03,127.254,127.254,127.254,127.254,
2014-03-04,129.939,129.939,129.939,129.939,
2014-03-05,131.357,131.357,131.357,131.357,
2014-03-06,132.826,132.826,132.826,132.826,
2014-03-07,132.37,132.37,132.37,132.37,
2014-03-10,131.914,131.914,131.914,131.914,
2014-03-11,131.205,131.205,131.205,131.205,
2014-03-12,130.496,130.496,130.496,130.496,
2014-03-13,128.368,128.368,128.368,128.368,
2014-03-14,127.203,127.203,127.203,127.203,
2014-03-17,128.824,128.824,128.824,128.824,
2014-03-18,129.939,129.939,129.939,129.939,
2014-03-19,128.064,128.064,128.064,128.064,
2014-03-20,128.014,128.014,128.014,128.014,
2014-03-21,128.672,128.672,128.672,128.672,
2014-03-24,128.723,128.723,128.723,128.723,
2014-03-25,130.192,130.192,130.192,130.192,
2014-03-26,129.787,129.787,129.787,129.787,
2014-03-27,130.749,130.749,130.749,130.749,
2014-03-28,131.104,131.104,131.104,131.104,
2014-03-31,131.155,131.155,131.155,131.155,
2014-04-01,131.053,131.053,131.053,131.053,
2014-04-02,131.914,131.914,131.914,131.914,
2014-04-03,132.877,132.877,132.877,132.877,
2014-04-04,131.813,131.813,131.813,131.813,
2014-04-07,130.952,130.952,130.952,130.952,
2014-04-08,130.445,130.445,130.445,130.445,
2014-04-09,131.458,131.458,131.458,131.458,
2014-04-10,129.584,129.584,129.584,129.584,
2014-04-11,128.824,128.824,128.824,128.824,
2014-04-14,130.243,130.243,130.243,130.243,
2014-04-15,130.8,130.8,130.8,130.8,
2014-04-16,132.32,132.32,132.32,132.32,
2014-04-17,134.549,134.549,134.549,134.549,
2014-04-21,134.701,134.701,134.701,134.701,
2014-04-22,134.65,134.65,134.65,134.65,
2014-04-23,133.839,133.839,133.839,133.839,
2014-04-24,134.042,134.042,134.042,134.042,
2014-04-25,134.751,134.751,134.751,134.751,
2014-04-28,135.663,135.663,135.663,135.663,
2014-04-29,135.562,135.562,135.562,135.562,
2014-04-30,136.22,136.22,136.22,136.22,
2014-05-01,135.613,135.613,135.613,135.613,
2014-05-02,135.157,135.157,135.157,135.157,
2014-05-05,134.65,134.65,134.65,134.65,
2014-05-06,132.674,132.674,132.674,132.674,
2014-05-07,134.397,134.397,134.397,134.397,
2014-05-08,133.941,133.941,133.941,133.941,
2014-05-09,133.839,133.839,133.839,133.839,
2014-05-12,136.018,136.018,136.018,136.018,
2014-05-13,136.372,136.372,136.372,136.372,
2014-05-14,135.562,135.562,135.562,135.562,
2014-05-15,134.751,134.751,134.751,134.751,
2014-05-16,135.106,135.106,135.106,135.106,
2014-05-19,134.802,134.802,134.802,134.802,
2014-05-20,133.232,133.232,133.232,133.232,
2014-05-21,134.194,134.194,134.194,134.194,
2014-05-22,134.295,134.295,134.295,134.295,
2014-05-23,134.295,134.295,134.295,134.295,
2014-05-27,134.599,134.599,134.599,134.599,
2014-05-28,135.055,135.055,135.055,135.055,
2014-05-29,135.461,135.461,135.461,135.461,
2014-05-30,135.714,135.714,135.714,135.714,
2014-06-02,135.916,135.916,135.916,135.916,
2014-06-03,135.714,135.714,135.714,135.714,
2014-06-04,134.498,134.498,134.498,134.498,
2014-06-05,135.613,135.613,135.613,135.613,
2014-06-06,137.689,137.689,137.689,137.689,
2014-06-09,139.007,139.007,139.007,139.007,
2014-06-10,138.855,138.855,138.855,138.855,
2014-06-11,137.538,137.538,137.538,137.538,
2014-06-12,136.575,136.575,136.575,136.575,
2014-06-13,136.98,136.98,136.98,136.98,
2014-06-16,135.866,135.866,135.866,135.866,
2014-06-17,136.119,136.119,136.119,136.119,
2014-06-18,136.22,136.22,136.22,136.22,
2014-06-19,137.548,137.548,137.548,137.548,
2014-06-20,137.753,137.753,137.753,137.753,
2014-06-23,136.271,136.271,136.271,136.271,
2014-06-24,135.761,135.761,135.761,135.761,
2014-06-25,134.944,134.944,134.944,134.944,
2014-06-26,134.279,134.279,134.279,134.279,
2014-06-27,134.995,134.995,134.995,134.995,
2014-06-30,134.228,134.228,134.228,134.228,
2014-07-01,134.841,134.841,134.841,134.841,
2014-07-02,135.914,135.914,135.914,135.914,
2014-07-03,137.191,137.191,137.191,137.191,
2014-07-07,136.629,136.629,136.629,136.629,
2014-07-08,134.688,134.688,134.688,134.688,
2014-07-09,134.433,134.433,134.433,134.433,
2014-07-10,133.82,133.82,133.82,133.82,
2014-07-11,135.608,135.608,135.608,135.608,
2014-07-14,136.169,136.169,136.169,136.169,
2014-07-15,135.914,135.914,135.914,135.914,
2014-07-16,138.008,138.008,138.008,138.008,
2014-07-17,135.914,135.914,135.914,135.914,
2014-07-18,135.148,135.148,135.148,135.148,
2014-07-21,132.696,132.696,132.696,132.696,
2014-07-22,132.9,132.9,132.9,132.9,
2014-07-23,132.339,132.339,132.339,132.339,
2014-07-24,132.492,132.492,132.492,132.492,
2014-07-25,131.726,131.726,131.726,131.726,
2014-07-28,130.704,130.704,130.704,130.704,
2014-07-29,129.989,129.989,129.989,129.989,
2014-07-30,130.96,130.96,130.96,130.96,
2014-07-31,128.457,128.457,128.457,128.457,
2014-08-01,129.478,129.478,129.478,129.478,
2014-08-04,129.07,129.07,129.07,129.07,
2014-08-05,127.793,127.793,127.793,127.793,
2014-08-06,129.938,129.938,129.938,129.938,
2014-08-07,130.244,130.244,130.244,130.244,
2014-08-08,131.062,131.062,131.062,131.062,
2014-08-11,131.726,131.726,131.726,131.726,
2014-08-12,130.806,130.806,130.806,130.806,
2014-08-13,131.93,131.93,131.93,131.93,
2014-08-14,132.185,132.185,132.185,132.185,
2014-08-15,130.96,130.96,130.96,130.96,
2014-08-18,133.156,133.156,133.156,133.156,
2014-08-19,133.054,133.054,133.054,133.054,
2014-08-20,134.637,134.637,134.637,134.637,
2014-08-21,134.995,134.995,134.995,134.995,
2014-08-22,133.564,133.564,133.564,133.564,
2014-08-25,133.82,133.82,133.82,133.82,
2014-08-26,132.849,132.849,132.849,132.849,
2014-08-27,133.462,133.462,133.462,133.462,
2014-08-28,132.849,132.849,132.849,132.849,
2014-08-29,132.696,132.696,132.696,132.696,
2014-09-02,132.032,132.032,132.032,132.032,
2014-09-03,132.543,132.543,132.543,132.543,
2014-09-04,132.594,132.594,132.594,132.594,
2014-09-05,133.309,133.309,133.309,133.309,
2014-09-08,133.207,133.207,133.207,133.207,
2014-09-09,132.288,132.288,132.288,132.288,
2014-09-10,132.543,132.543,132.543,132.543,
2014-09-11,132.9,132.9,132.9,132.9,
2014-09-12,132.134,132.134,132.134,132.134,
2014-09-15,132.39,132.39,132.39,132.39,
2014-09-16,133.871,133.871,133.871,133.871,
2014-09-17,134.177,134.177,134.177,134.177,
2014-09-18,135.001,135.001,135.001,135.001,
2014-09-19,135.414,135.414,135.414,135.414,
2014-09-22,134.332,134.332,134.332,134.332,
2014-09-23,134.023,134.023,134.023,134.023,
2014-09-24,133.559,133.559,133.559,133.559,
2014-09-25,131.602,131.602,131.602,131.602,
2014-09-26,132.014,132.014,132.014,132.014,
2014-09-29,130.932,130.932,130.932,130.932,
2014-09-30,131.963,131.963,131.963,131.963,
2014-10-01,129.593,129.593,129.593,129.593,
2014-10-02,129.387,129.387,129.387,129.387,
2014-10-03,130.829,130.829,130.829,130.829,
2014-10-06,129.902,129.902,129.902,129.902,
2014-10-07,127.79,127.79,127.79,127.79,
2014-10-08,130.057,130.057,130.057,130.057,
2014-10-09,127.636,127.636,127.636,127.636,
2014-10-10,125.009,125.009,125.009,125.009,
2014-10-13,123.361,123.361,123.361,123.361,
2014-10-14,124.133,124.133,124.133,124.133,
2014-10-15,125.061,125.061,125.061,125.061,
2014-10-16,124.906,124.906,124.906,124.906,
2014-10-17,127.842,127.842,127.842,127.842,
2014-10-20,128.924,128.924,128.924,128.924,
2014-10-21,131.087,131.087,131.087,131.087,
2014-10-22,129.748,129.748,129.748,129.748,
2014-10-23,131.035,131.035,131.035,131.035,
2014-10-24,132.066,132.066,132.066,132.066,
2014-10-27,131.447,131.447,131.447,131.447,
2014-10-28,133.302,133.302,133.302,133.302,
2014-10-29,132.169,132.169,132.169,132.169,
2014-10-30,132.22,132.22,132.22,132.22,
2014-10-31,132.941,132.941,132.941,132.941,
2014-11-03,132.375,132.375,132.375,132.375,
2014-11-04,132.375,132.375,132.375,132.375,
2014-11-05,132.993,132.993,132.993,132.993,
2014-11-06,135.774,135.774,135.774,135.774,
2014-11-07,136.032,136.032,136.032,136.032,
2014-11-10,136.341,136.341,136.341,136.341,
2014-11-11,135.877,135.877,135.877,135.877,
2014-11-12,136.598,136.598,136.598,136.598,
2014-11-13,136.083,136.083,136.083,136.083,
2014-11-14,136.289,136.289,136.289,136.289,
2014-11-17,137.062,137.062,137.062,137.062,
2014-11-18,139.122,139.122,139.122,139.122,
2014-11-19,138.659,138.659,138.659,138.659,
2014-11-20,138.298,138.298,138.298,138.298,
2014-11-21,139.019,139.019,139.019,139.019,
2014-11-24,139.071,139.071,139.071,139.071,
2014-11-25,138.349,138.349,138.349,138.349,
2014-11-26,138.401,138.401,138.401,138.401,
2014-11-28,136.444,136.444,136.444,136.444,
2014-12-01,134.023,134.023,134.023,134.023,
2014-12-02,134.177,134.177,134.177,134.177,
2014-12-03,135.877,135.877,135.877,135.877,
2014-12-04,134.383,134.383,134.383,134.383,
2014-12-05,133.971,133.971,133.971,133.971,
2014-12-08,132.323,132.323,132.323,132.323,
2014-12-09,131.757,131.757,131.757,131.757,
2014-12-10,130.16,130.16,130.16,130.16,
2014-12-11,130.881,130.881,130.881,130.881,
2014-12-12,128.202,128.202,128.202,128.202,
2014-12-15,126.657,126.657,126.657,126.657,
2014-12-16,126.142,126.142,126.142,126.142,
2014-12-17,127.018,127.018,127.018,127.018,
2014-12-18,130.709,130.709,130.709,130.709,
2014-12-19,133.205,133.205,133.205,133.205,
2014-12-22,133.673,133.673,133.673,133.673,
2014-12-23,134.557,134.557,134.557,134.557,
2014-12-24,134.297,134.297,134.297,134.297,
2014-12-26,134.037,134.037,134.037,134.037,
2014-12-29,133.621,133.621,133.621,133.621,
2014-12-30,132.945,132.945,132.945,132.945,
2014-12-31,131.385,131.385,131.385,131.385,
2015-01-02,130.293,130.293,130.293,130.293,
2015-01-05,127.902,127.902,127.902,127.902,
2015-01-06,125.146,125.146,125.146,125.146,
2015-01-07,125.198,125.198,125.198,125.198,
2015-01-08,126.706,126.706,126.706,126.706,
2015-01-09,124.938,124.938,124.938,124.938,
2015-01-12,124.678,124.678,124.678,124.678,
2015-01-13,124.054,124.054,124.054,124.054,
2015-01-14,123.638,123.638,123.638,123.638,
2015-01-15,122.598,122.598,122.598,122.598,
2015-01-16,122.65,122.65,122.65,122.65,
2015-01-20,124.002,124.002,124.002,124.002,
2015-01-21,124.99,124.99,124.99,124.99,
2015-01-22,126.238,126.238,126.238,126.238,
2015-01-23,127.278,127.278,127.278,127.278,
2015-01-26,127.85,127.85,127.85,127.85,
2015-01-27,126.758,126.758,126.758,126.758,
2015-01-28,123.95,123.95,123.95,123.95,
2015-01-29,125.198,125.198,125.198,125.198,
2015-01-30,124.21,124.21,124.21,124.21,
2015-02-02,125.874,125.874,125.874,125.874,
2015-02-03,127.226,127.226,127.226,127.226,
2015-02-04,125.614,125.614,125.614,125.614,
2015-02-05,127.382,127.382,127.382,127.382,
2015-02-06,127.486,127.486,127.486,127.486,
2015-02-09,128.11,128.11,128.11,128.11,
2015-02-10,128.526,128.526,128.526,128.526,
2015-02-11,128.786,128.786,128.786,128.786,
2015-02-12,129.409,129.409,129.409,129.409,
2015-02-13,130.761,130.761,130.761,130.761,
2015-02-17,130.865,130.865,130.865,130.865,
2015-02-18,131.281,131.281,131.281,131.281,
2015-02-19,131.229,131.229,131.229,131.229,
2015-02-20,132.278,132.278,132.278,132.278,
2015-02-23,132.068,132.068,132.068,132.068,
2015-02-24,133.223,133.223,133.223,133.223,
2015-02-25,135.951,135.951,135.951,135.951,
2015-02-26,135.846,135.846,135.846,135.846,
2015-02-27,136.371,136.371,136.371,136.371,
2015-03-02,137.0,137.0,137.0,137.0,
2015-03-03,135.689,135.689,135.689,135.689,
2015-03-04,134.639,134.639,134.639,134.639,
2015-03-05,135.479,135.479,135.479,135.479,
2015-03-06,133.38,133.38,133.38,133.38,
2015-03-09,134.534,134.534,134.534,134.534,
2015-03-10,132.068,132.068,132.068,132.068,
2015-03-11,132.173,132.173,132.173,132.173,
2015-03-12,133.275,133.275,133.275,133.275,
2015-03-13,131.386,131.386,131.386,131.386,
2015-03-16,133.537,133.537,133.537,133.537,
2015-03-17,132.803,132.803,132.803,132.803,
2015-03-18,134.534,134.534,134.534,134.534,
2015-03-19,132.908,132.908,132.908,132.908,
2015-03-20,133.275,133.275,133.275,133.275,
2015-03-23,133.642,133.642,133.642,133.642,
2015-03-24,132.593,132.593,132.593,132.593,
2015-03-25,130.704,130.704,130.704,130.704,
2015-03-26,130.127,130.127,130.127,130.127,
2015-03-27,130.442,130.442,130.442,130.442,
2015-03-30,131.806,131.806,131.806,131.806,
2015-03-31,130.179,130.179,130.179,130.179,
2015-04-01,130.337,130.337,130.337,130.337,
2015-04-02,130.861,130.861,130.861,130.861,
2015-04-06,132.121,132.121,132.121,132.121,
2015-04-07,131.281,131.281,131.281,131.281,
2015-04-08,131.229,131.229,131.229,131.229,
2015-04-09,135.007,135.007,135.007,135.007,
2015-04-10,149.593,149.593,149.593,149.593,
2015-04-13,144.976,144.976,144.976,144.976,
2015-04-14,145.501,145.501,145.501,145.501,
2015-04-15,144.084,144.084,144.084,144.084,
2015-04-16,143.14,143.14,143.14,143.14,
2015-04-17,142.982,142.982,142.982,142.982,
2015-04-20,141.775,141.775,141.775,141.775,
2015-04-21,139.676,139.676,139.676,139.676,
2015-04-22,141.198,141.198,141.198,141.198,
2015-04-23,140.883,140.883,140.883,140.883,
2015-04-24,140.621,140.621,140.621,140.621,
2015-04-27,141.041,141.041,141.041,141.041,
2015-04-28,142.3,142.3,142.3,142.3,
2015-04-29,142.143,142.143,142.143,142.143,
2015-04-30,142.09,142.09,142.09,142.09,
2015-05-01,143.297,143.297,143.297,143.297,
2015-05-04,143.087,143.087,143.087,143.087,
2015-05-05,141.251,141.251,141.251,141.251,
2015-05-06,140.673,140.673,140.673,140.673,
2015-05-07,141.88,141.88,141.88,141.88,
2015-05-08,143.559,143.559,143.559,143.559,
2015-05-11,141.251,141.251,141.251,141.251,
2015-05-12,141.828,141.828,141.828,141.828,
2015-05-13,142.772,142.772,142.772,142.772,
2015-05-14,143.822,143.822,143.822,143.822,
2015-05-15,143.087,143.087,143.087,143.087,
2015-05-18,143.297,143.297,143.297,143.297,
2015-05-19,143.507,143.507,143.507,143.507,
2015-05-20,145.029,145.029,145.029,145.029,
2015-05-21,145.448,145.448,145.448,145.448,
2015-05-22,145.238,145.238,145.238,145.238,
2015-05-26,144.399,144.399,144.399,144.399,
2015-05-27,144.399,144.399,144.399,144.399,
2015-05-28,144.976,144.976,144.976,144.976,
2015-05-29,143.087,143.087,143.087,143.087,
2015-06-01,143.14,143.14,143.14,143.14,
2015-06-02,143.402,143.402,143.402,143.402,
2015-06-03,144.451,144.451,144.451,144.451,
2015-06-04,143.035,143.035,143.035,143.035,
2015-06-05,143.192,143.192,143.192,143.192,
2015-06-08,142.93,142.93,142.93,142.93,
2015-06-09,143.402,143.402,143.402,143.402,
2015-06-10,144.976,144.976,144.976,144.976,
2015-06-11,144.346,144.346,144.346,144.346,
2015-06-12,143.717,143.717,143.717,143.717,
2015-06-15,142.772,142.772,142.772,142.772,
2015-06-16,142.825,142.825,142.825,142.825,
2015-06-17,143.087,143.087,143.087,143.087,
2015-06-18,144.833,144.833,144.833,144.833,
2015-06-19,144.145,144.145,144.145,144.145,
2015-06-22,145.098,145.098,145.098,145.098,
2015-06-23,145.786,145.786,145.786,145.786,
2015-06-24,144.251,144.251,144.251,144.251,
2015-06-25,143.087,143.087,143.087,143.087,
2015-06-26,143.352,143.352,143.352,143.352,
2015-06-29,140.97,140.97,140.97,140.97,
2015-06-30,140.6,140.6,140.6,140.6,
2015-07-01,141.076,141.076,141.076,141.076,
2015-07-02,141.711,141.711,141.711,141.711,
2015-07-06,139.224,139.224,139.224,139.224,
2015-07-07,140.071,140.071,140.071,140.071,
2015-07-08,137.002,137.002,137.002,137.002,
2015-07-09,137.69,137.69,137.69,137.69,
2015-07-10,139.012,139.012,139.012,139.012,
2015-07-13,140.071,140.071,140.071,140.071,
2015-07-14,141.076,141.076,141.076,141.076,
2015-07-15,141.658,141.658,141.658,141.658,
2015-07-16,143.087,143.087,143.087,143.087,
2015-07-17,144.145,144.145,144.145,144.145,
2015-07-20,143.616,143.616,143.616,143.616,
2015-07-21,142.082,142.082,142.082,142.082,
2015-07-22,140.917,140.917,140.917,140.917,
2015-07-23,138.96,138.96,138.96,138.96,
2015-07-24,136.261,136.261,136.261,136.261,
2015-07-27,137.319,137.319,137.319,137.319,
2015-07-28,138.113,138.113,138.113,138.113,
2015-07-29,138.96,138.96,138.96,138.96,
2015-07-30,138.219,138.219,138.219,138.219,
2015-07-31,138.113,138.113,138.113,138.113,
2015-08-03,136.896,136.896,136.896,136.896,
2015-08-04,137.055,137.055,137.055,137.055,
2015-08-05,138.113,138.113,138.113,138.113,
2015-08-06,137.742,137.742,137.742,137.742,
2015-08-07,136.472,136.472,136.472,136.472,
2015-08-10,138.854,138.854,138.854,138.854,
2015-08-11,136.049,136.049,136.049,136.049,
2015-08-12,136.843,136.843,136.843,136.843,
2015-08-13,136.472,136.472,136.472,136.472,
2015-08-14,138.007,138.007,138.007,138.007,
2015-08-17,138.695,138.695,138.695,138.695,
2015-08-18,137.954,137.954,137.954,137.954,
2015-08-19,136.155,136.155,136.155,136.155,
2015-08-20,133.297,133.297,133.297,133.297,
2015-08-21,130.122,130.122,130.122,130.122,
2015-08-24,126.312,126.312,126.312,126.312,
2015-08-25,123.137,123.137,123.137,123.137,
2015-08-26,127.053,127.053,127.053,127.053,
2015-08-27,132.345,132.345,132.345,132.345,
2015-08-28,133.139,133.139,133.139,133.139,
2015-08-31,131.34,131.34,131.34,131.34,
2015-09-01,126.365,126.365,126.365,126.365,
2015-09-02,130.017,130.017,130.017,130.017,
2015-09-03,129.699,129.699,129.699,129.699,
2015-09-04,127.0,127.0,127.0,127.0,
2015-09-08,132.08,132.08,132.08,132.08,
2015-09-09,129.911,129.911,129.911,129.911,
2015-09-10,130.599,130.599,130.599,130.599,
2015-09-11,132.027,132.027,132.027,132.027,
2015-09-14,131.075,131.075,131.075,131.075,
2015-09-15,133.88,133.88,133.88,133.88,
2015-09-16,137.213,137.213,137.213,137.213,
2015-09-17,135.345,135.345,135.345,135.345,
2015-09-18,132.408,132.408,132.408,132.408,
2015-09-21,133.956,133.956,133.956,133.956,
2015-09-22,134.063,134.063,134.063,134.063,
2015-09-23,134.223,134.223,134.223,134.223,
2015-09-24,132.995,132.995,132.995,132.995,
2015-09-25,133.049,133.049,133.049,133.049,
2015-09-28,129.792,129.792,129.792,129.792,
2015-09-29,131.18,131.18,131.18,131.18,
2015-09-30,134.651,134.651,134.651,134.651,
2015-10-01,134.49,134.49,134.49,134.49,
2015-10-02,135.985,135.985,135.985,135.985,
2015-10-05,143.193,143.193,143.193,143.193,
2015-10-06,145.702,145.702,145.702,145.702,
2015-10-07,148.265,148.265,148.265,148.265,
2015-10-08,149.653,149.653,149.653,149.653,
2015-10-09,149.867,149.867,149.867,149.867,
2015-10-12,149.974,149.974,149.974,149.974,
2015-10-13,148.799,148.799,148.799,148.799,
2015-10-14,147.357,147.357,147.357,147.357,
2015-10-15,149.653,149.653,149.653,149.653,
2015-10-16,154.725,154.725,154.725,154.725,
2015-10-19,154.779,154.779,154.779,154.779,
2015-10-20,153.658,153.658,153.658,153.658,
2015-10-21,154.031,154.031,154.031,154.031,
2015-10-22,157.929,157.929,157.929,157.929,
2015-10-23,157.555,157.555,157.555,157.555,
2015-10-26,157.769,157.769,157.769,157.769,
2015-10-27,157.288,157.288,157.288,157.288,
2015-10-28,156.914,156.914,156.914,156.914,
2015-10-29,156.647,156.647,156.647,156.647,
2015-10-30,154.405,154.405,154.405,154.405,
2015-11-02,156.968,156.968,156.968,156.968,
2015-11-03,157.982,157.982,157.982,157.982,
2015-11-04,157.715,157.715,157.715,157.715,
2015-11-05,158.249,158.249,158.249,158.249,
2015-11-06,159.744,159.744,159.744,159.744,
2015-11-09,158.836,158.836,158.836,158.836,
2015-11-10,160.812,160.812,160.812,160.812,
2015-11-11,163.748,163.748,163.748,163.748,
2015-11-12,161.025,161.025,161.025,161.025,
2015-11-13,161.666,161.666,161.666,161.666,
2015-11-16,162.093,162.093,162.093,162.093,
2015-11-17,161.88,161.88,161.88,161.88,
2015-11-18,162.948,162.948,162.948,162.948,
2015-11-19,161.613,161.613,161.613,161.613,
2015-11-20,163.695,163.695,163.695,163.695,
2015-11-23,163.321,163.321,163.321,163.321,
2015-11-24,163.695,163.695,163.695,163.695,
2015-11-25,162.093,162.093,162.093,162.093,
2015-11-27,162.093,162.093,162.093,162.093,
2015-11-30,159.851,159.851,159.851,159.851,
2015-12-01,161.079,161.079,161.079,161.079,
2015-12-02,160.011,160.011,160.011,160.011,
2015-12-03,160.331,160.331,160.331,160.331,
2015-12-04,162.787,162.787,162.787,162.787,
2015-12-07,162.147,162.147,162.147,162.147,
2015-12-08,161.186,161.186,161.186,161.186,
2015-12-09,162.68,162.68,162.68,162.68,
2015-12-10,163.642,163.642,163.642,163.642,
2015-12-11,161.559,161.559,161.559,161.559,
2015-12-14,161.559,161.559,161.559,161.559,
2015-12-15,161.88,161.88,161.88,161.88,
2015-12-16,165.403,165.403,165.403,165.403,
2015-12-17,164.328,164.328,164.328,164.328,
2015-12-18,162.875,162.875,162.875,162.875,
2015-12-21,163.521,163.521,163.521,163.521,
2015-12-22,164.005,164.005,164.005,164.005,
2015-12-23,166.479,166.479,166.479,166.479,
2015-12-24,165.834,165.834,165.834,165.834,
2015-12-28,166.21,166.21,166.21,166.21,
2015-12-29,168.254,168.254,168.254,168.254,
2015-12-30,167.017,167.017,167.017,167.017,
2015-12-31,167.555,167.555,167.555,167.555,
2016-01-04,165.188,165.188,165.188,165.188,
2016-01-05,165.35,165.35,165.35,165.35,
2016-01-06,162.714,162.714,162.714,162.714,
2016-01-07,155.829,155.829,155.829,155.829,
2016-01-08,153.032,153.032,153.032,153.032,
2016-01-11,153.731,153.731,153.731,153.731,
2016-01-12,154.054,154.054,154.054,154.054,
2016-01-13,151.902,151.902,151.902,151.902,
2016-01-14,156.313,156.313,156.313,156.313,
2016-01-15,153.247,153.247,153.247,153.247,
2016-01-19,153.247,153.247,153.247,153.247,
2016-01-20,150.611,150.611,150.611,150.611,
2016-01-21,153.785,153.785,153.785,153.785,
2016-01-22,151.902,151.902,151.902,151.902,
2016-01-25,150.826,150.826,150.826,150.826,
2016-01-26,152.279,152.279,152.279,152.279,
2016-01-27,150.611,150.611,150.611,150.611,
2016-01-28,151.741,151.741,151.741,151.741,
2016-01-29,156.528,156.528,156.528,156.528,
2016-02-01,154.054,154.054,154.054,154.054,
2016-02-02,151.902,151.902,151.902,151.902,
2016-02-03,154.215,154.215,154.215,154.215,
2016-02-04,156.958,156.958,156.958,156.958,
2016-02-05,153.516,153.516,153.516,153.516,
2016-02-08,151.526,151.526,151.526,151.526,
2016-02-09,152.117,152.117,152.117,152.117,
2016-02-10,152.225,152.225,152.225,152.225,
2016-02-11,147.653,147.653,147.653,147.653,
2016-02-12,152.01,152.01,152.01,152.01,
2016-02-16,155.237,155.237,155.237,155.237,
2016-02-17,157.819,157.819,157.819,157.819,
2016-02-18,156.421,156.421,156.421,156.421,
2016-02-19,156.098,156.098,156.098,156.098,
2016-02-22,158.196,158.196,158.196,158.196,
2016-02-23,157.174,157.174,157.174,157.174,
2016-02-24,155.775,155.775,155.775,155.775,
2016-02-25,158.486,158.486,158.486,158.486,
2016-02-26,159.408,159.408,159.408,159.408,
2016-02-29,157.998,157.998,157.998,157.998,
2016-03-01,162.01,162.01,162.01,162.01,
2016-03-02,163.637,163.637,163.637,163.637,
2016-03-03,163.854,163.854,163.854,163.854,
2016-03-04,165.155,165.155,165.155,165.155,
2016-03-07,164.233,164.233,164.233,164.233,
2016-03-08,162.986,162.986,162.986,162.986,
2016-03-09,162.932,162.932,162.932,162.932,
2016-03-10,162.336,162.336,162.336,162.336,
2016-03-11,164.505,164.505,164.505,164.505,
2016-03-14,164.125,164.125,164.125,164.125,
2016-03-15,164.179,164.179,164.179,164.179,
2016-03-16,163.583,163.583,163.583,163.583,
2016-03-17,167.866,167.866,167.866,167.866,
2016-03-18,167.649,167.649,167.649,167.649,
2016-03-21,168.571,168.571,168.571,168.571,
2016-03-22,168.408,168.408,168.408,168.408,
2016-03-23,168.463,168.463,168.463,168.463,
2016-03-24,168.68,168.68,168.68,168.68,
2016-03-28,170.74,170.74,170.74,170.74,
2016-03-29,170.686,170.686,170.686,170.686,
2016-03-30,172.583,172.583,172.583,172.583,
2016-03-31,172.366,172.366,172.366,172.366,
2016-04-01,173.126,173.126,173.126,173.126,
2016-04-04,169.33,169.33,169.33,169.33,
2016-04-05,167.975,167.975,167.975,167.975,
2016-04-06,167.541,167.541,167.541,167.541,
2016-04-07,166.077,166.077,166.077,166.077,
2016-04-08,166.944,166.944,166.944,166.944,
2016-04-11,166.511,166.511,166.511,166.511,
2016-04-12,167.053,167.053,167.053,167.053,
2016-04-13,167.975,167.975,167.975,167.975,
2016-04-14,168.192,168.192,168.192,168.192,
2016-04-15,168.246,168.246,168.246,168.246,
2016-04-18,168.408,168.408,168.408,168.408,
2016-04-19,168.896,168.896,168.896,168.896,
2016-04-20,168.896,168.896,168.896,168.896,
2016-04-21,167.975,167.975,167.975,167.975,
2016-04-22,166.782,166.782,166.782,166.782,
2016-04-25,166.348,166.348,166.348,166.348,
2016-04-26,167.541,167.541,167.541,167.541,
2016-04-27,167.704,167.704,167.704,167.704,
2016-04-28,167.541,167.541,167.541,167.541,
2016-04-29,166.728,166.728,166.728,166.728,
2016-05-02,167.487,167.487,167.487,167.487,
2016-05-03,166.077,166.077,166.077,166.077,
2016-05-04,163.041,163.041,163.041,163.041,
2016-05-05,162.065,162.065,162.065,162.065,
2016-05-06,163.312,163.312,163.312,163.312,
2016-05-09,161.956,161.956,161.956,161.956,
2016-05-10,165.264,165.264,165.264,165.264,
2016-05-11,164.505,164.505,164.505,164.505,
2016-05-12,163.149,163.149,163.149,163.149,
2016-05-13,160.709,160.709,160.709,160.709,
2016-05-16,162.444,162.444,162.444,162.444,
2016-05-17,161.089,161.089,161.089,161.089,
2016-05-18,160.546,160.546,160.546,160.546,
2016-05-19,159.191,159.191,159.191,159.191,
2016-05-20,160.275,160.275,160.275,160.275,
2016-05-23,159.896,159.896,159.896,159.896,
2016-05-24,161.848,161.848,161.848,161.848,
2016-05-25,163.149,163.149,163.149,163.149,
2016-05-26,162.769,162.769,162.769,162.769,
2016-05-27,163.312,163.312,163.312,163.312,
2016-05-31,163.908,163.908,163.908,163.908,
2016-06-01,163.258,163.258,163.258,163.258,
2016-06-02,162.932,162.932,162.932,162.932,
2016-06-03,162.336,162.336,162.336,162.336,
2016-06-06,163.312,163.312,163.312,163.312,
2016-06-07,163.42,163.42,163.42,163.42,
2016-06-08,164.342,164.342,164.342,164.342,
2016-06-09,163.962,163.962,163.962,163.962,
2016-06-10,162.878,162.878,162.878,162.878,
2016-06-13,161.739,161.739,161.739,161.739,
2016-06-14,165.047,165.047,165.047,165.047,
2016-06-15,165.86,165.86,165.86,165.86,
2016-06-16,167.39,167.39,167.39,167.39,
2016-06-17,167.171,167.171,167.171,167.171,
2016-06-20,168.428,168.428,168.428,168.428,
2016-06-21,169.029,169.029,169.029,169.029,
2016-06-22,168.155,168.155,168.155,168.155,
2016-06-23,170.394,170.394,170.394,170.394,
2016-06-24,162.91,162.91,162.91,162.91,
2016-06-27,160.178,160.178,160.178,160.178,
2016-06-28,163.566,163.566,163.566,163.566,
2016-06-29,166.898,166.898,166.898,166.898,
2016-06-30,171.979,171.979,171.979,171.979,
2016-07-01,172.033,172.033,172.033,172.033,
2016-07-05,171.815,171.815,171.815,171.815,
2016-07-06,173.399,173.399,173.399,173.399,
2016-07-07,173.836,173.836,173.836,173.836,
2016-07-08,175.912,175.912,175.912,175.912,
2016-07-11,175.967,175.967,175.967,175.967,
2016-07-12,176.24,176.24,176.24,176.24,
2016-07-13,176.786,176.786,176.786,176.786,
2016-07-14,178.261,178.261,178.261,178.261,
2016-07-15,179.627,179.627,179.627,179.627,
2016-07-18,179.791,179.791,179.791,179.791,
2016-07-19,179.9,179.9,179.9,179.9,
2016-07-20,179.081,179.081,179.081,179.081,
2016-07-21,178.043,178.043,178.043,178.043,
2016-07-22,175.147,175.147,175.147,175.147,
2016-07-25,172.853,172.853,172.853,172.853,
2016-07-26,171.924,171.924,171.924,171.924,
2016-07-27,170.886,170.886,170.886,170.886,
2016-07-28,170.722,170.722,170.722,170.722,
2016-07-29,170.121,170.121,170.121,170.121,
2016-08-01,170.176,170.176,170.176,170.176,
2016-08-02,169.63,169.63,169.63,169.63,
2016-08-03,170.067,170.067,170.067,170.067,
2016-08-04,170.285,170.285,170.285,170.285,
2016-08-05,170.886,170.886,170.886,170.886,
2016-08-08,170.831,170.831,170.831,170.831,
2016-08-09,170.995,170.995,170.995,170.995,
2016-08-10,170.831,170.831,170.831,170.831,
2016-08-11,170.941,170.941,170.941,170.941,
2016-08-12,170.668,170.668,170.668,170.668,
2016-08-15,170.668,170.668,170.668,170.668,
2016-08-16,170.394,170.394,170.394,170.394,
2016-08-17,170.941,170.941,170.941,170.941,
2016-08-18,171.706,171.706,171.706,171.706,
2016-08-19,170.722,170.722,170.722,170.722,
2016-08-22,171.105,171.105,171.105,171.105,
2016-08-23,170.613,170.613,170.613,170.613,
2016-08-24,170.558,170.558,170.558,170.558,
2016-08-25,170.504,170.504,170.504,170.504,
2016-08-26,170.613,170.613,170.613,170.613,
2016-08-29,171.323,171.323,171.323,171.323,
2016-08-30,171.378,171.378,171.378,171.378,
2016-08-31,170.668,170.668,170.668,170.668,
2016-09-01,170.449,170.449,170.449,170.449,
2016-09-02,170.941,170.941,170.941,170.941,
2016-09-06,169.63,169.63,169.63,169.63,
2016-09-07,169.684,169.684,169.684,169.684,
2016-09-08,169.575,169.575,169.575,169.575,
2016-09-09,164.494,164.494,164.494,164.494,
2016-09-12,166.57,166.57,166.57,166.57,
2016-09-13,163.074,163.074,163.074,163.074,
2016-09-14,162.254,162.254,162.254,162.254,
2016-09-15,163.796,163.796,163.796,163.796,
2016-09-16,163.411,163.411,163.411,163.411,
2016-09-19,162.034,162.034,162.034,162.034,
2016-09-20,163.356,163.356,163.356,163.356,
2016-09-21,164.347,164.347,164.347,164.347,
2016-09-22,165.393,165.393,165.393,165.393,
2016-09-23,164.567,164.567,164.567,164.567,
2016-09-26,162.64,162.64,162.64,162.64,
2016-09-27,164.512,164.512,164.512,164.512,
2016-09-28,164.622,164.622,164.622,164.622,
2016-09-29,162.585,162.585,162.585,162.585,
2016-09-30,163.08,163.08,163.08,163.08,
2016-10-03,163.19,163.19,163.19,163.19,
2016-10-04,162.42,162.42,162.42,162.42,
2016-10-05,162.42,162.42,162.42,162.42,
2016-10-06,161.153,161.153,161.153,161.153,
2016-10-07,160.107,160.107,160.107,160.107,
2016-10-10,158.896,158.896,158.896,158.896,
2016-10-11,159.226,159.226,159.226,159.226,
2016-10-12,159.116,159.116,159.116,159.116,
2016-10-13,158.4,158.4,158.4,158.4,
2016-10-14,159.061,159.061,159.061,159.061,
2016-10-17,158.841,158.841,158.841,158.841,
2016-10-18,159.557,159.557,159.557,159.557,
2016-10-19,159.997,159.997,159.997,159.997,
2016-10-20,160.052,160.052,160.052,160.052,
2016-10-21,159.557,159.557,159.557,159.557,
2016-10-24,159.226,159.226,159.226,159.226,
2016-10-25,157.74,157.74,157.74,157.74,
2016-10-26,158.951,158.951,158.951,158.951,
2016-10-27,157.63,157.63,157.63,157.63,
2016-10-28,160.878,160.878,160.878,160.878,
2016-10-31,160.217,160.217,160.217,160.217,
2016-11-01,159.006,159.006,159.006,159.006,
2016-11-02,156.859,156.859,156.859,156.859,
2016-11-03,155.703,155.703,155.703,155.703,
2016-11-04,156.583,156.583,156.583,156.583,
2016-11-07,161.374,161.374,161.374,161.374,
2016-11-08,161.979,161.979,161.979,161.979,
2016-11-09,163.135,163.135,163.135,163.135,
2016-11-10,167.43,167.43,167.43,167.43,
2016-11-11,169.082,169.082,169.082,169.082,
2016-11-14,167.98,167.98,167.98,167.98,
2016-11-15,169.302,169.302,169.302,169.302,
2016-11-16,169.247,169.247,169.247,169.247,
2016-11-17,169.522,169.522,169.522,169.522,
2016-11-18,168.861,168.861,168.861,168.861,
2016-11-21,169.962,169.962,169.962,169.962,
2016-11-22,171.669,171.669,171.669,171.669,
2016-11-23,172.55,172.55,172.55,172.55,
2016-11-25,173.101,173.101,173.101,173.101,
2016-11-28,172.055,172.055,172.055,172.055,
2016-11-29,170.954,170.954,170.954,170.954,
2016-11-30,169.357,169.357,169.357,169.357,
2016-12-01,172.825,172.825,172.825,172.825,
2016-12-02,172.55,172.55,172.55,172.55,
2016-12-05,171.284,171.284,171.284,171.284,
2016-12-06,171.614,171.614,171.614,171.614,
2016-12-07,173.982,173.982,173.982,173.982,
2016-12-08,173.596,173.596,173.596,173.596,
2016-12-09,174.973,174.973,174.973,174.973,
2016-12-12,175.413,175.413,175.413,175.413,
2016-12-13,174.752,174.752,174.752,174.752,
2016-12-14,173.431,173.431,173.431,173.431,
2016-12-15,172.11,172.11,172.11,172.11,
2016-12-16,174.808,174.808,174.808,174.808,
2016-12-19,175.743,175.743,175.743,175.743,
2016-12-20,177.56,177.56,177.56,177.56,
2016-12-21,176.9,176.9,176.9,176.9,
2016-12-22,176.511,176.511,176.511,176.511,
2016-12-23,176.844,176.844,176.844,176.844,
2016-12-27,176.955,176.955,176.955,176.955,
2016-12-28,175.846,175.846,175.846,175.846,
2016-12-29,175.901,175.901,175.901,175.901,
2016-12-30,175.291,175.291,175.291,175.291,
2017-01-03,175.79,175.79,175.79,175.79,
2017-01-04,175.846,175.846,175.846,175.846,
2017-01-05,174.847,174.847,174.847,174.847,
2017-01-06,175.346,175.346,175.346,175.346,
2017-01-09,174.514,174.514,174.514,174.514,
2017-01-10,174.015,174.015,174.015,174.015,
2017-01-11,174.57,174.57,174.57,174.57,
2017-01-12,174.126,174.126,174.126,174.126,
2017-01-13,173.96,173.96,173.96,173.96,
2017-01-17,173.46,173.46,173.46,173.46,
2017-01-18,173.239,173.239,173.239,173.239,
2017-01-19,173.128,173.128,173.128,173.128,
2017-01-20,169.356,169.356,169.356,169.356,
2017-01-23,165.029,165.029,165.029,165.029,
2017-01-24,166.416,166.416,166.416,166.416,
2017-01-25,168.468,168.468,168.468,168.468,
2017-01-26,168.191,168.191,168.191,168.191,
2017-01-27,166.471,166.471,166.471,166.471,
2017-01-30,166.194,166.194,166.194,166.194,
2017-01-31,164.751,164.751,164.751,164.751,
2017-02-01,164.696,164.696,164.696,164.696,
2017-02-02,164.64,164.64,164.64,164.64,
2017-02-03,164.751,164.751,164.751,164.751,
2017-02-06,164.529,164.529,164.529,164.529,
2017-02-07,163.975,163.975,163.975,163.975,
2017-02-08,163.254,163.254,163.254,163.254,
2017-02-09,164.141,164.141,164.141,164.141,
2017-02-10,164.862,164.862,164.862,164.862,
2017-02-13,166.637,166.637,166.637,166.637,
2017-02-14,167.969,167.969,167.969,167.969,
2017-02-15,168.357,168.357,168.357,168.357,
2017-02-16,168.912,168.912,168.912,168.912,
2017-02-17,168.468,168.468,168.468,168.468,
2017-02-21,169.3,169.3,169.3,169.3,
2017-02-22,168.246,168.246,168.246,168.246,
2017-02-23,167.855,167.855,167.855,167.855,
2017-02-24,168.805,168.805,168.805,168.805,
2017-02-27,167.407,167.407,167.407,167.407,
2017-02-28,166.68,166.68,166.68,166.68,
2017-03-01,168.805,168.805,168.805,168.805,
2017-03-02,168.805,168.805,168.805,168.805,
2017-03-03,168.414,168.414,168.414,168.414,
2017-03-06,167.743,167.743,167.743,167.743,
2017-03-07,166.96,166.96,166.96,166.96,
2017-03-08,166.625,166.625,166.625,166.625,
2017-03-09,165.842,165.842,165.842,165.842,
2017-03-10,169.308,169.308,169.308,169.308,
2017-03-13,166.96,166.96,166.96,166.96,
2017-03-14,165.171,165.171,165.171,165.171,
2017-03-15,166.401,166.401,166.401,166.401,
2017-03-16,166.345,166.345,166.345,166.345,
2017-03-17,167.072,167.072,167.072,167.072,
2017-03-20,166.289,166.289,166.289,166.289,
2017-03-21,164.332,164.332,164.332,164.332,
2017-03-22,165.115,165.115,165.115,165.115,
2017-03-23,165.618,165.618,165.618,165.618,
2017-03-24,166.177,166.177,166.177,166.177,
2017-03-27,164.612,164.612,164.612,164.612,
2017-03-28,165.618,165.618,165.618,165.618,
2017-03-29,165.954,165.954,165.954,165.954,
2017-03-30,167.016,167.016,167.016,167.016,
2017-03-31,166.625,166.625,166.625,166.625,
2017-04-03,167.072,167.072,167.072,167.072,
2017-04-04,167.855,167.855,167.855,167.855,
2017-04-05,167.575,167.575,167.575,167.575,
2017-04-06,167.351,167.351,167.351,167.351,
2017-04-07,167.687,167.687,167.687,167.687,
2017-04-10,167.799,167.799,167.799,167.799,
2017-04-11,167.967,167.967,167.967,167.967,
2017-04-12,166.457,166.457,166.457,166.457,
2017-04-13,165.283,165.283,165.283,165.283,
2017-04-17,165.73,165.73,165.73,165.73,
2017-04-18,166.848,166.848,166.848,166.848,
2017-04-19,167.743,167.743,167.743,167.743,
2017-04-20,169.253,169.253,169.253,169.253,
2017-04-21,165.227,165.227,165.227,165.227,
2017-04-24,165.227,165.227,165.227,165.227,
2017-04-25,164.668,164.668,164.668,164.668,
2017-04-26,163.605,163.605,163.605,163.605,
2017-04-27,162.599,162.599,162.599,162.599,
2017-04-28,162.096,162.096,162.096,162.096,
2017-05-01,161.816,161.816,161.816,161.816,
2017-05-02,162.096,162.096,162.096,162.096,
2017-05-03,163.437,163.437,163.437,163.437,
2017-05-04,163.27,163.27,163.27,163.27,
2017-05-05,163.382,163.382,163.382,163.382,
2017-05-08,162.543,162.543,162.543,162.543,
2017-05-09,161.76,161.76,161.76,161.76,
2017-05-10,160.474,160.474,160.474,160.474,
2017-05-11,161.425,161.425,161.425,161.425,
2017-05-12,158.07,158.07,158.07,158.07,
2017-05-15,157.566,157.566,157.566,157.566,
2017-05-16,156.784,156.784,156.784,156.784,
2017-05-17,153.261,153.261,153.261,153.261,
2017-05-18,153.652,153.652,153.652,153.652,
2017-05-19,156.84,156.84,156.84,156.84,
2017-05-22,157.566,157.566,157.566,157.566,
2017-05-23,158.126,158.126,158.126,158.126,
2017-05-24,155.609,155.609,155.609,155.609,
2017-05-25,153.708,153.708,153.708,153.708,
2017-05-26,153.485,153.485,153.485,153.485,
2017-05-30,152.981,152.981,152.981,152.981,
2017-05-31,153.093,153.093,153.093,153.093,
2017-06-01,154.994,154.994,154.994,154.994,
2017-06-02,155.889,155.889,155.889,155.889,
2017-06-05,156.448,156.448,156.448,156.448,
2017-06-06,156.169,156.169,156.169,156.169,
2017-06-07,154.771,154.771,154.771,154.771,
2017-06-08,154.268,154.268,154.268,154.268,
2017-06-09,156.225,156.225,156.225,156.225,
2017-06-12,161.816,161.816,161.816,161.816,
2017-06-13,159.076,159.076,159.076,159.076,
2017-06-14,160.418,160.418,160.418,160.418,
2017-06-15,163.181,163.181,163.181,163.181,
2017-06-16,163.519,163.519,163.519,163.519,
2017-06-19,162.392,162.392,162.392,162.392,
2017-06-20,158.614,158.614,158.614,158.614,
2017-06-21,156.64,156.64,156.64,156.64,
2017-06-22,155.343,155.343,155.343,155.343,
2017-06-23,155.456,155.456,155.456,155.456,
2017-06-26,155.682,155.682,155.682,155.682,
2017-06-27,153.426,153.426,153.426,153.426,
2017-06-28,152.693,152.693,152.693,152.693,
2017-06-29,152.355,152.355,152.355,152.355,
2017-06-30,152.299,152.299,152.299,152.299,
2017-07-03,154.779,154.779,154.779,154.779,
2017-07-05,154.216,154.216,154.216,154.216,
2017-07-06,148.352,148.352,148.352,148.352,
2017-07-07,147.449,147.449,147.449,147.449,
2017-07-10,146.829,146.829,146.829,146.829,
2017-07-11,148.746,148.746,148.746,148.746,
2017-07-12,149.874,149.874,149.874,149.874,
2017-07-13,151.058,151.058,151.058,151.058,
2017-07-14,151.002,151.002,151.002,151.002,
2017-07-17,151.227,151.227,151.227,151.227,
2017-07-18,151.622,151.622,151.622,151.622,
2017-07-19,151.904,151.904,151.904,151.904,
2017-07-20,150.494,150.494,150.494,150.494,
2017-07-21,146.096,146.096,146.096,146.096,
2017-07-24,143.39,143.39,143.39,143.39,
2017-07-25,143.446,143.446,143.446,143.446,
2017-07-26,144.292,144.292,144.292,144.292,
2017-07-27,145.419,145.419,145.419,145.419,
2017-07-28,143.953,143.953,143.953,143.953,
2017-07-31,144.404,144.404,144.404,144.404,
2017-08-01,143.446,143.446,143.446,143.446,
2017-08-02,143.897,143.897,143.897,143.897,
2017-08-03,145.25,145.25,145.25,145.25,
2017-08-04,145.363,145.363,145.363,145.363,
2017-08-07,144.517,144.517,144.517,144.517,
2017-08-08,144.123,144.123,144.123,144.123,
2017-08-09,144.968,144.968,144.968,144.968,
2017-08-10,142.657,142.657,142.657,142.657,
2017-08-11,142.093,142.093,142.093,142.093,
2017-08-14,142.995,142.995,142.995,142.995,
2017-08-15,141.754,141.754,141.754,141.754,
2017-08-16,141.529,141.529,141.529,141.529,
2017-08-17,139.555,139.555,139.555,139.555,
2017-08-18,138.428,138.428,138.428,138.428,
2017-08-21,138.089,138.089,138.089,138.089,
2017-08-22,138.71,138.71,138.71,138.71,
2017-08-23,137.525,137.525,137.525,137.525,
2017-08-24,137.018,137.018,137.018,137.018,
2017-08-25,138.089,138.089,138.089,138.089,
2017-08-28,137.976,137.976,137.976,137.976,
2017-08-29,137.807,137.807,137.807,137.807,
2017-08-30,136.905,136.905,136.905,136.905,
2017-08-31,138.428,138.428,138.428,138.428,
2017-09-01,141.754,141.754,141.754,141.754,
2017-09-05,139.555,139.555,139.555,139.555,
2017-09-06,140.514,140.514,140.514,140.514,
2017-09-07,135.439,135.439,135.439,135.439,
2017-09-08,134.311,134.311,134.311,134.311,
2017-09-11,133.748,133.748,133.748,133.748,
2017-09-12,134.819,134.819,134.819,134.819,
2017-09-13,135.947,135.947,135.947,135.947,
2017-09-14,136.792,136.792,136.792,136.792,
2017-09-15,136.28,136.28,136.28,136.28,
2017-09-18,139.298,139.298,139.298,139.298,
2017-09-19,137.817,137.817,137.817,137.817,
2017-09-20,138.501,138.501,138.501,138.501,
2017-09-21,140.95,140.95,140.95,140.95,
2017-09-22,141.633,141.633,141.633,141.633,
2017-09-25,143.0,143.0,143.0,143.0,
2017-09-26,141.975,141.975,141.975,141.975,
2017-09-27,138.786,138.786,138.786,138.786,
2017-09-28,138.045,138.045,138.045,138.045,
2017-09-29,137.704,137.704,137.704,137.704,
2017-10-02,139.925,139.925,139.925,139.925,
2017-10-03,141.234,141.234,141.234,141.234,
2017-10-04,139.412,139.412,139.412,139.412,
2017-10-05,139.754,139.754,139.754,139.754,
2017-10-06,138.899,138.899,138.899,138.899,
2017-10-09,133.432,133.432,133.432,133.432,
2017-10-10,133.034,133.034,133.034,133.034,
2017-10-11,131.382,131.382,131.382,131.382,
2017-10-12,131.268,131.268,131.268,131.268,
2017-10-13,130.87,130.87,130.87,130.87,
2017-10-16,133.034,133.034,133.034,133.034,
2017-10-17,132.066,132.066,132.066,132.066,
2017-10-18,131.667,131.667,131.667,131.667,
2017-10-19,134.287,134.287,134.287,134.287,
2017-10-20,135.71,135.71,135.71,135.71,
2017-10-23,127.111,127.111,127.111,127.111,
2017-10-24,124.662,124.662,124.662,124.662,
2017-10-25,122.441,122.441,122.441,122.441,
2017-10-26,121.416,121.416,121.416,121.416,
2017-10-27,118.398,118.398,118.398,118.398,
2017-10-30,116.234,116.234,116.234,116.234,
2017-10-31,114.81,114.81,114.81,114.81,
2017-11-01,114.013,114.013,114.013,114.013,
2017-11-02,113.557,113.557,113.557,113.557,
2017-11-03,114.696,114.696,114.696,114.696,
2017-11-06,114.639,114.639,114.639,114.639,
2017-11-07,115.095,115.095,115.095,115.095,
2017-11-08,114.582,114.582,114.582,114.582,
2017-11-09,113.842,113.842,113.842,113.842,
2017-11-10,116.689,116.689,116.689,116.689,
2017-11-13,108.318,108.318,108.318,108.318,
2017-11-14,101.939,101.939,101.939,101.939,
2017-11-15,103.99,103.99,103.99,103.99,
2017-11-16,103.933,103.933,103.933,103.933,
2017-11-17,103.705,103.705,103.705,103.705,
2017-11-20,102.395,102.395,102.395,102.395,
2017-11-21,101.541,101.541,101.541,101.541,
2017-11-22,103.363,103.363,103.363,103.363,
2017-11-24,103.591,103.591,103.591,103.591,
2017-11-27,103.192,103.192,103.192,103.192,
2017-11-28,104.844,104.844,104.844,104.844,
2017-11-29,105.242,105.242,105.242,105.242,
2017-11-30,104.16,104.16,104.16,104.16,
2017-12-01,101.825,101.825,101.825,101.825,
2017-12-04,102.224,102.224,102.224,102.224,
2017-12-05,101.142,101.142,101.142,101.142,
2017-12-06,100.573,100.573,100.573,100.573,
2017-12-07,100.857,100.857,100.857,100.857,
2017-12-08,100.857,100.857,100.857,100.857,
2017-12-11,100.516,100.516,100.516,100.516,
2017-12-12,101.996,101.996,101.996,101.996,
2017-12-13,101.142,101.142,101.142,101.142,
2017-12-14,100.459,100.459,100.459,100.459,
2017-12-15,101.484,101.484,101.484,101.484,
2017-12-18,101.142,101.142,101.142,101.142,
2017-12-19,100.174,100.174,100.174,100.174,
2017-12-20,99.377,99.377,99.377,99.377,
2017-12-21,99.491,99.491,99.491,99.491,
2017-12-22,99.661,99.661,99.661,99.661,
2017-12-26,99.948,99.948,99.948,99.948,
2017-12-27,99.661,99.661,99.661,99.661,
2017-12-28,99.547,99.547,99.547,99.547,
2017-12-29,100.063,100.063,100.063,100.063,
2018-01-02,103.102,103.102,103.102,103.102,
2018-01-03,104.077,104.077,104.077,104.077,
2018-01-04,106.256,106.256,106.256,106.256,
2018-01-05,106.313,106.313,106.313,106.313,
2018-01-08,104.822,104.822,104.822,104.822,
2018-01-09,106.428,106.428,106.428,106.428,
2018-01-10,108.549,108.549,108.549,108.549,
2018-01-11,109.066,109.066,109.066,109.066,
2018-01-12,107.575,107.575,107.575,107.575,
2018-01-16,104.421,104.421,104.421,104.421,
2018-01-17,99.489,99.489,99.489,99.489,
2018-01-18,96.163,96.163,96.163,96.163,
2018-01-19,93.239,93.239,93.239,93.239,
2018-01-22,92.723,92.723,92.723,92.723,
2018-01-23,96.852,96.852,96.852,96.852,
2018-01-24,94.271,94.271,94.271,94.271,
2018-01-25,92.78,92.78,92.78,92.78,
2018-01-26,92.494,92.494,92.494,92.494,
2018-01-29,93.354,93.354,93.354,93.354,
2018-01-30,91.461,91.461,91.461,91.461,
2018-01-31,92.723,92.723,92.723,92.723,
2018-02-01,91.863,91.863,91.863,91.863,
2018-02-02,89.684,89.684,89.684,89.684,
2018-02-05,85.498,85.498,85.498,85.498,
2018-02-06,87.562,87.562,87.562,87.562,
2018-02-07,87.447,87.447,87.447,87.447,
2018-02-08,82.86,82.86,82.86,82.86,
2018-02-09,85.67,85.67,85.67,85.67,
2018-02-12,84.982,84.982,84.982,84.982,
2018-02-13,84.122,84.122,84.122,84.122,
2018-02-14,85.44,85.44,85.44,85.44,
2018-02-15,85.154,85.154,85.154,85.154,
2018-02-16,86.301,86.301,86.301,86.301,
2018-02-20,84.523,84.523,84.523,84.523,
2018-02-21,83.089,83.089,83.089,83.089,
2018-02-22,83.835,83.835,83.835,83.835,
2018-02-23,83.777,83.777,83.777,83.777,
2018-02-26,84.702,84.702,84.702,84.702,
2018-02-27,83.835,83.835,83.835,83.835,
2018-02-28,81.58,81.58,81.58,81.58,
2018-03-01,81.06,81.06,81.06,81.06,
2018-03-02,81.638,81.638,81.638,81.638,
2018-03-05,83.372,83.372,83.372,83.372,
2018-03-06,84.644,84.644,84.644,84.644,
2018-03-07,83.893,83.893,83.893,83.893,
2018-03-08,83.95,83.95,83.95,83.95,
2018-03-09,86.379,86.379,86.379,86.379,
2018-03-12,87.304,87.304,87.304,87.304,
2018-03-13,83.43,83.43,83.43,83.43,
2018-03-14,82.505,82.505,82.505,82.505,
2018-03-15,83.025,83.025,83.025,83.025,
2018-03-16,82.736,82.736,82.736,82.736,
2018-03-19,81.349,81.349,81.349,81.349,
2018-03-20,78.863,78.863,78.863,78.863,
2018-03-21,80.25,80.25,80.25,80.25,
2018-03-22,77.186,77.186,77.186,77.186,
2018-03-23,75.567,75.567,75.567,75.567,
2018-03-26,74.526,74.526,74.526,74.526,
2018-03-27,77.706,77.706,77.706,77.706,
2018-03-28,79.094,79.094,79.094,79.094,
2018-03-29,77.937,77.937,77.937,77.937,
2018-04-02,75.856,75.856,75.856,75.856,
2018-04-03,75.914,75.914,75.914,75.914,
2018-04-04,76.781,76.781,76.781,76.781,
2018-04-05,77.648,77.648,77.648,77.648,
2018-04-06,75.509,75.509,75.509,75.509,
2018-04-09,74.179,74.179,74.179,74.179,
2018-04-10,75.451,75.451,75.451,75.451,
2018-04-11,74.989,74.989,74.989,74.989,
2018-04-12,76.203,76.203,76.203,76.203,
2018-04-13,77.995,77.995,77.995,77.995,
2018-04-16,77.07,77.07,77.07,77.07,
2018-04-17,79.73,79.73,79.73,79.73,
2018-04-18,78.978,78.978,78.978,78.978,
2018-04-19,80.886,80.886,80.886,80.886,
2018-04-20,84.066,84.066,84.066,84.066,
2018-04-23,83.95,83.95,83.95,83.95,
2018-04-24,84.876,84.876,84.876,84.876,
2018-04-25,81.233,81.233,81.233,81.233,
2018-04-26,83.141,83.141,83.141,83.141,
2018-04-27,83.141,83.141,83.141,83.141,
2018-04-30,81.349,81.349,81.349,81.349,
2018-05-01,81.233,81.233,81.233,81.233,
2018-05-02,81.985,81.985,81.985,81.985,
2018-05-03,80.539,80.539,80.539,80.539,
2018-05-04,81.522,81.522,81.522,81.522,
2018-05-07,81.349,81.349,81.349,81.349,
2018-05-08,82.505,82.505,82.505,82.505,
2018-05-09,84.529,84.529,84.529,84.529,
2018-05-10,84.933,84.933,84.933,84.933,
2018-05-11,84.413,84.413,84.413,84.413,
2018-05-14,85.049,85.049,85.049,85.049,
2018-05-15,85.049,85.049,85.049,85.049,
2018-05-16,86.899,86.899,86.899,86.899,
2018-05-17,86.899,86.899,86.899,86.899,
2018-05-18,86.552,86.552,86.552,86.552,
2018-05-21,88.229,88.229,88.229,88.229,
2018-05-22,88.402,88.402,88.402,88.402,
2018-05-23,81.985,81.985,81.985,81.985,
2018-05-24,84.413,84.413,84.413,84.413,
2018-05-25,84.586,84.586,84.586,84.586,
2018-05-29,81.985,81.985,81.985,81.985,
2018-05-30,81.927,81.927,81.927,81.927,
2018-05-31,81.407,81.407,81.407,81.407,
2018-06-01,81.522,81.522,81.522,81.522,
2018-06-04,79.267,79.267,79.267,79.267,
2018-06-05,79.788,79.788,79.788,79.788,
2018-06-06,78.863,78.863,78.863,78.863,
2018-06-07,79.672,79.672,79.672,79.672,
2018-06-08,80.539,80.539,80.539,80.539,
2018-06-11,80.828,80.828,80.828,80.828,
2018-06-12,80.828,80.828,80.828,80.828,
2018-06-13,80.308,80.308,80.308,80.308,
2018-06-14,78.863,78.863,78.863,78.863,
2018-06-15,77.579,77.579,77.579,77.579,
2018-06-18,76.996,76.996,76.996,76.996,
2018-06-19,75.538,75.538,75.538,75.538,
2018-06-20,75.129,75.129,75.129,75.129,
2018-06-21,74.429,74.429,74.429,74.429,
2018-06-22,76.121,76.121,76.121,76.121,
2018-06-25,74.371,74.371,74.371,74.371,
2018-06-26,80.146,80.146,80.146,80.146,
2018-06-27,81.429,81.429,81.429,81.429,
2018-06-28,80.671,80.671,80.671,80.671,
2018-06-29,79.388,79.388,79.388,79.388,
2018-07-02,77.988,77.988,77.988,77.988,
2018-07-03,77.988,77.988,77.988,77.988,
2018-07-05,78.338,78.338,78.338,78.338,
2018-07-06,80.787,80.787,80.787,80.787,
2018-07-09,81.371,81.371,81.371,81.371,
2018-07-10,82.654,82.654,82.654,82.654,
2018-07-11,81.604,81.604,81.604,81.604,
2018-07-12,81.604,81.604,81.604,81.604,
2018-07-13,81.021,81.021,81.021,81.021,
2018-07-16,81.079,81.079,81.079,81.079,
2018-07-17,79.854,79.854,79.854,79.854,
2018-07-18,80.204,80.204,80.204,80.204,
2018-07-19,80.087,80.087,80.087,80.087,
2018-07-20,76.529,76.529,76.529,76.529,
2018-07-23,75.771,75.771,75.771,75.771,
2018-07-24,76.529,76.529,76.529,76.529,
2018-07-25,76.471,76.471,76.471,76.471,
2018-07-26,76.704,76.704,76.704,76.704,
2018-07-27,76.179,76.179,76.179,76.179,
2018-07-30,76.763,76.763,76.763,76.763,
2018-07-31,79.504,79.504,79.504,79.504,
2018-08-01,77.229,77.229,77.229,77.229,
2018-08-02,76.821,76.821,76.821,76.821,
2018-08-03,76.646,76.646,76.646,76.646,
2018-08-06,76.413,76.413,76.413,76.413,
2018-08-07,76.763,76.763,76.763,76.763,
2018-08-08,76.121,76.121,76.121,76.121,
2018-08-09,75.479,75.479,75.479,75.479,
2018-08-10,74.488,74.488,74.488,74.488,
2018-08-13,72.621,72.621,72.621,72.621,
2018-08-14,72.038,72.038,72.038,72.038,
2018-08-15,71.28,71.28,71.28,71.28,
2018-08-16,71.746,71.746,71.746,71.746,
2018-08-17,71.746,71.746,71.746,71.746,
2018-08-20,71.746,71.746,71.746,71.746,
2018-08-21,73.671,73.671,73.671,73.671,
2018-08-22,72.738,72.738,72.738,72.738,
2018-08-23,73.146,73.146,73.146,73.146,
2018-08-24,72.913,72.913,72.913,72.913,
2018-08-27,74.488,74.488,74.488,74.488,
2018-08-28,74.429,74.429,74.429,74.429,
2018-08-29,75.654,75.654,75.654,75.654,
2018-08-30,74.488,74.488,74.488,74.488,
2018-08-31,75.479,75.479,75.479,75.479,
2018-09-04,73.904,73.904,73.904,73.904,
2018-09-05,73.263,73.263,73.263,73.263,
2018-09-06,72.971,72.971,72.971,72.971,
2018-09-07,72.33,72.33,72.33,72.33,
2018-09-10,72.971,72.971,72.971,72.971,
2018-09-11,71.921,71.921,71.921,71.921,
2018-09-12,73.555,73.555,73.555,73.555,
2018-09-13,74.138,74.138,74.138,74.138,
2018-09-14,74.668,74.668,74.668,74.668,
2018-09-17,74.786,74.786,74.786,74.786,
2018-09-18,74.55,74.55,74.55,74.55,
2018-09-19,75.728,75.728,75.728,75.728,
2018-09-20,73.372,73.372,73.372,73.372,
2018-09-21,71.665,71.665,71.665,71.665,
2018-09-24,69.132,69.132,69.132,69.132,
2018-09-25,66.365,66.365,66.365,66.365,
2018-09-26,67.071,67.071,67.071,67.071,
2018-09-27,67.896,67.896,67.896,67.896,
2018-09-28,66.483,66.483,66.483,66.483,
2018-10-01,71.193,71.193,71.193,71.193,
2018-10-02,72.548,72.548,72.548,72.548,
2018-10-03,73.49,73.49,73.49,73.49,
2018-10-04,74.55,74.55,74.55,74.55,
2018-10-05,77.612,77.612,77.612,77.612,
2018-10-08,80.144,80.144,80.144,80.144,
2018-10-09,79.791,79.791,79.791,79.791,
2018-10-10,78.201,78.201,78.201,78.201,
2018-10-11,74.903,74.903,74.903,74.903,
2018-10-12,72.548,72.548,72.548,72.548,
2018-10-15,71.547,71.547,71.547,71.547,
2018-10-16,71.252,71.252,71.252,71.252,
2018-10-17,71.782,71.782,71.782,71.782,
2018-10-18,72.901,72.901,72.901,72.901,
2018-10-19,73.961,73.961,73.961,73.961,
2018-10-22,72.901,72.901,72.901,72.901,
2018-10-23,74.727,74.727,74.727,74.727,
2018-10-24,71.665,71.665,71.665,71.665,
2018-10-25,69.486,69.486,69.486,69.486,
2018-10-26,66.541,66.541,66.541,66.541,
2018-10-29,65.717,65.717,65.717,65.717,
2018-10-30,59.946,59.946,59.946,59.946,
2018-10-31,59.475,59.475,59.475,59.475,
2018-11-01,56.413,56.413,56.413,56.413,
2018-11-02,54.705,54.705,54.705,54.705,
2018-11-05,54.646,54.646,54.646,54.646,
2018-11-06,55.471,55.471,55.471,55.471,
2018-11-07,54.175,54.175,54.175,54.175,
2018-11-08,53.587,53.587,53.587,53.587,
2018-11-09,50.524,50.524,50.524,50.524,
2018-11-12,47.05,47.05,47.05,47.05,
2018-11-13,50.701,50.701,50.701,50.701,
2018-11-14,48.993,48.993,48.993,48.993,
2018-11-15,48.11,48.11,48.11,48.11,
2018-11-16,47.227,47.227,47.227,47.227,
2018-11-19,46.167,46.167,46.167,46.167,
2018-11-20,45.048,45.048,45.048,45.048,
2018-11-21,45.99,45.99,45.99,45.99,
2018-11-23,44.577,44.577,44.577,44.577,
2018-11-26,44.636,44.636,44.636,44.636,
2018-11-27,43.811,43.811,43.811,43.811,
2018-11-28,45.578,45.578,45.578,45.578,
2018-11-29,46.756,46.756,46.756,46.756,
2018-11-30,44.165,44.165,44.165,44.165,
2018-12-03,45.99,45.99,45.99,45.99,
2018-12-04,42.869,42.869,42.869,42.869,
2018-12-06,43.281,43.281,43.281,43.281,
2018-12-07,41.279,41.279,41.279,41.279,
2018-12-10,40.808,40.808,40.808,40.808,
2018-12-11,39.807,39.807,39.807,39.807,
2018-12-12,39.513,39.513,39.513,39.513,
2018-12-13,42.398,42.398,42.398,42.398,
2018-12-14,41.809,41.809,41.809,41.809,
2018-12-17,42.104,42.104,42.104,42.104,
2018-12-18,42.869,42.869,42.869,42.869,
2018-12-19,45.169,45.169,45.169,45.169,
2018-12-20,43.872,43.872,43.872,43.872,
2018-12-21,42.162,42.162,42.162,42.162,
2018-12-24,40.805,40.805,40.805,40.805,
2018-12-26,43.577,43.577,43.577,43.577,
2018-12-27,42.869,42.869,42.869,42.869,
2018-12-28,44.284,44.284,44.284,44.284,
2018-12-31,44.638,44.638,44.638,44.638,
2019-01-02,47.469,47.469,47.469,47.469,
2019-01-03,47.528,47.528,47.528,47.528,
2019-01-04,48.53,48.53,48.53,48.53,
2019-01-07,51.537,51.537,51.537,51.537,
2019-01-08,50.476,50.476,50.476,50.476,
2019-01-09,50.122,50.122,50.122,50.122,
2019-01-10,52.717,52.717,52.717,52.717,
2019-01-11,52.717,52.717,52.717,52.717,
2019-01-14,52.481,52.481,52.481,52.481,
2019-01-15,51.478,51.478,51.478,51.478,
2019-01-16,52.953,52.953,52.953,52.953,
2019-01-17,53.896,53.896,53.896,53.896,
2019-01-18,53.424,53.424,53.424,53.424,
2019-01-22,51.066,51.066,51.066,51.066,
2019-01-23,51.478,51.478,51.478,51.478,
2019-01-24,51.773,51.773,51.773,51.773,
2019-01-25,54.014,54.014,54.014,54.014,
2019-01-28,52.658,52.658,52.658,52.658,
2019-01-29,52.481,52.481,52.481,52.481,
2019-01-30,53.66,53.66,53.66,53.66,
2019-01-31,59.911,59.911,59.911,59.911,
2019-02-01,60.088,60.088,60.088,60.088,
2019-02-04,60.206,60.206,60.206,60.206,
2019-02-05,62.682,62.682,62.682,62.682,
2019-02-06,61.739,61.739,61.739,61.739,
2019-02-07,59.321,59.321,59.321,59.321,
2019-02-08,57.847,57.847,57.847,57.847,
2019-02-11,59.144,59.144,59.144,59.144,
2019-02-12,58.849,58.849,58.849,58.849,
2019-02-13,61.149,61.149,61.149,61.149,
2019-02-14,59.203,59.203,59.203,59.203,
2019-02-15,59.498,59.498,59.498,59.498,
2019-02-19,59.734,59.734,59.734,59.734,
2019-02-20,59.557,59.557,59.557,59.557,
2019-02-21,59.144,59.144,59.144,59.144,
2019-02-22,59.97,59.97,59.97,59.97,
2019-02-25,63.803,63.803,63.803,63.803,
2019-02-26,65.373,65.373,65.373,65.373,
2019-02-27,66.723,66.723,66.723,66.723,
2019-02-28,63.718,63.718,63.718,63.718,
2019-03-01,62.982,62.982,62.982,62.982,
2019-03-04,63.656,63.656,63.656,63.656,
2019-03-05,60.651,60.651,60.651,60.651,
2019-03-06,55.868,55.868,55.868,55.868,
2019-03-07,57.953,57.953,57.953,57.953,
2019-03-08,58.813,58.813,58.813,58.813,
2019-03-11,60.777,60.777,60.777,60.777,
2019-03-12,59.918,59.918,59.918,59.918,
2019-03-13,61.514,61.514,61.514,61.514,
2019-03-14,63.233,63.233,63.233,63.233,
2019-03-15,61.145,61.145,61.145,61.145,
2019-03-18,62.619,62.619,62.619,62.619,
2019-03-19,62.557,62.557,62.557,62.557,
2019-03-20,62.742,62.742,62.742,62.742,
2019-03-21,63.048,63.048,63.048,63.048,
2019-03-22,61.268,61.268,61.268,61.268,
2019-03-25,60.654,60.654,60.654,60.654,
2019-03-26,62.005,62.005,62.005,62.005,
2019-03-27,61.145,61.145,61.145,61.145,
2019-03-28,60.716,60.716,60.716,60.716,
2019-03-29,61.33,61.33,61.33,61.33,
2019-04-01,62.005,62.005,62.005,62.005,
2019-04-02,62.864,62.864,62.864,62.864,
2019-04-03,62.005,62.005,62.005,62.005,
2019-04-04,61.575,61.575,61.575,61.575,
2019-04-05,61.452,61.452,61.452,61.452,
2019-04-08,58.26,58.26,58.26,58.26,
2019-04-09,56.602,56.602,56.602,56.602,
2019-04-10,56.234,56.234,56.234,56.234,
2019-04-11,55.989,55.989,55.989,55.989,
2019-04-12,55.252,55.252,55.252,55.252,
2019-04-15,55.129,55.129,55.129,55.129,
2019-04-16,56.111,56.111,56.111,56.111,
2019-04-17,55.989,55.989,55.989,55.989,
2019-04-18,57.401,57.401,57.401,57.401,
2019-04-22,57.216,57.216,57.216,57.216,
2019-04-23,57.278,57.278,57.278,57.278,
2019-04-24,57.216,57.216,57.216,57.216,
2019-04-25,55.989,55.989,55.989,55.989,
2019-04-26,58.751,58.751,58.751,58.751,
2019-04-29,59.733,59.733,59.733,59.733,
2019-04-30,62.435,62.435,62.435,62.435,
2019-05-01,62.005,62.005,62.005,62.005,
2019-05-02,62.926,62.926,62.926,62.926,
2019-05-03,64.46,64.46,64.46,64.46,
2019-05-06,64.031,64.031,64.031,64.031,
2019-05-07,62.066,62.066,62.066,62.066,
2019-05-08,62.373,62.373,62.373,62.373,
2019-05-09,61.636,61.636,61.636,61.636,
2019-05-10,62.189,62.189,62.189,62.189,
2019-05-13,60.593,60.593,60.593,60.593,
2019-05-14,63.355,63.355,63.355,63.355,
2019-05-15,62.987,62.987,62.987,62.987,
2019-05-16,62.189,62.189,62.189,62.189,
2019-05-17,61.391,61.391,61.391,61.391,
2019-05-20,60.654,60.654,60.654,60.654,
2019-05-21,61.145,61.145,61.145,61.145,
2019-05-22,60.777,60.777,60.777,60.777,
2019-05-23,58.69,58.69,58.69,58.69,
2019-05-24,58.014,58.014,58.014,58.014,
2019-05-28,57.462,57.462,57.462,57.462,
2019-05-29,57.523,57.523,57.523,57.523,
2019-05-30,58.137,58.137,58.137,58.137,
2019-05-31,57.953,57.953,57.953,57.953,
2019-06-03,58.506,58.506,58.506,58.506,
2019-06-04,61.391,61.391,61.391,61.391,
2019-06-05,60.716,60.716,60.716,60.716,
2019-06-06,60.9,60.9,60.9,60.9,
2019-06-07,61.268,61.268,61.268,61.268,
2019-06-10,61.698,61.698,61.698,61.698,
2019-06-11,62.128,62.128,62.128,62.128,
2019-06-12,63.11,63.11,63.11,63.11,
2019-06-13,63.294,63.294,63.294,63.294,
2019-06-14,62.803,62.803,62.803,62.803,
2019-06-17,61.698,61.698,61.698,61.698,
2019-06-18,63.969,63.969,63.969,63.969,
2019-06-19,63.478,63.478,63.478,63.478,
2019-06-20,65.259,65.259,65.259,65.259,
2019-06-21,64.338,64.338,64.338,64.338,
2019-06-24,63.11,63.11,63.11,63.11,
2019-06-25,62.742,62.742,62.742,62.742,
2019-06-26,63.048,63.048,63.048,63.048,
2019-06-27,63.847,63.847,63.847,63.847,
2019-06-28,64.523,64.523,64.523,64.523,
2019-07-01,65.321,65.321,65.321,65.321,
2019-07-02,65.26,65.26,65.26,65.26,
2019-07-03,65.198,65.198,65.198,65.198,
2019-07-05,64.523,64.523,64.523,64.523,
2019-07-08,62.679,62.679,62.679,62.679,
2019-07-09,62.986,62.986,62.986,62.986,
2019-07-10,62.679,62.679,62.679,62.679,
2019-07-11,62.126,62.126,62.126,62.126,
2019-07-12,63.724,63.724,63.724,63.724,
2019-07-15,63.109,63.109,63.109,63.109,
2019-07-16,63.785,63.785,63.785,63.785,
2019-07-17,61.327,61.327,61.327,61.327,
2019-07-18,61.819,61.819,61.819,61.819,
2019-07-19,61.696,61.696,61.696,61.696,
2019-07-22,62.74,62.74,62.74,62.74,
2019-07-23,65.444,65.444,65.444,65.444,
2019-07-24,65.629,65.629,65.629,65.629,
2019-07-25,64.092,64.092,64.092,64.092,
2019-07-26,64.584,64.584,64.584,64.584,
2019-07-29,63.785,63.785,63.785,63.785,
2019-07-30,64.645,64.645,64.645,64.645,
2019-07-31,64.215,64.215,64.215,64.215,
2019-08-01,61.942,61.942,61.942,61.942,
2019-08-02,61.45,61.45,61.45,61.45,
2019-08-05,59.361,59.361,59.361,59.361,
2019-08-06,58.808,58.808,58.808,58.808,
2019-08-07,58.132,58.132,58.132,58.132,
2019-08-08,58.316,58.316,58.316,58.316,
2019-08-09,56.227,56.227,56.227,56.227,
2019-08-12,55.612,55.612,55.612,55.612,
2019-08-13,57.456,57.456,57.456,57.456,
2019-08-14,55.489,55.489,55.489,55.489,
2019-08-15,49.221,49.221,49.221,49.221,
2019-08-16,54.015,54.015,54.015,54.015,
2019-08-19,53.277,53.277,53.277,53.277,
2019-08-20,51.495,51.495,51.495,51.495,
2019-08-21,50.143,50.143,50.143,50.143,
2019-08-22,50.328,50.328,50.328,50.328,
2019-08-23,48.976,48.976,48.976,48.976,
2019-08-26,49.467,49.467,49.467,49.467,
2019-08-27,48.73,48.73,48.73,48.73,
2019-08-28,48.791,48.791,48.791,48.791,
2019-08-29,49.836,49.836,49.836,49.836,
2019-08-30,50.696,50.696,50.696,50.696,
2019-09-03,51.188,51.188,51.188,51.188,
2019-09-04,54.076,54.076,54.076,54.076,
2019-09-05,54.137,54.137,54.137,54.137,
2019-09-06,53.523,53.523,53.523,53.523,
2019-09-09,55.059,55.059,55.059,55.059,
2019-09-10,56.165,56.165,56.165,56.165,
2019-09-11,57.517,57.517,57.517,57.517,
2019-09-12,56.903,56.903,56.903,56.903,
2019-09-13,57.456,57.456,57.456,57.456,
2019-09-16,57.702,57.702,57.702,57.702,
2019-09-17,57.579,57.579,57.579,57.579,
2019-09-18,57.702,57.702,57.702,57.702,
2019-09-19,57.948,57.948,57.948,57.948,
2019-09-20,57.641,57.641,57.641,57.641,
2019-09-23,57.456,57.456,57.456,57.456,
2019-09-24,55.18,55.18,55.18,55.18,
2019-09-25,56.349,56.349,56.349,56.349,
2019-09-26,55.488,55.488,55.488,55.488,
2019-09-27,55.611,55.611,55.611,55.611,
2019-09-30,54.996,54.996,54.996,54.996,
2019-10-01,52.966,52.966,52.966,52.966,
2019-10-02,52.35,52.35,52.35,52.35,
2019-10-03,53.581,53.581,53.581,53.581,
2019-10-04,52.72,52.72,52.72,52.72,
2019-10-07,52.658,52.658,52.658,52.658,
2019-10-08,50.936,50.936,50.936,50.936,
2019-10-09,51.366,51.366,51.366,51.366,
2019-10-10,51.981,51.981,51.981,51.981,
2019-10-11,54.134,54.134,54.134,54.134,
2019-10-14,53.642,53.642,53.642,53.642,
2019-10-15,54.688,54.688,54.688,54.688,
2019-10-16,54.75,54.75,54.75,54.75,
2019-10-17,55.611,55.611,55.611,55.611,
2019-10-18,55.119,55.119,55.119,55.119,
2019-10-21,54.073,54.073,54.073,54.073,
2019-10-22,55.734,55.734,55.734,55.734,
2019-10-23,56.226,56.226,56.226,56.226,
2019-10-24,55.057,55.057,55.057,55.057,
2019-10-25,55.365,55.365,55.365,55.365,
2019-10-28,55.795,55.795,55.795,55.795,
2019-10-29,55.795,55.795,55.795,55.795,
2019-10-30,62.193,62.193,62.193,62.193,
2019-10-31,61.393,61.393,61.393,61.393,
2019-11-01,63.854,63.854,63.854,63.854,
2019-11-04,67.237,67.237,67.237,67.237,
2019-11-05,67.484,67.484,67.484,67.484,
2019-11-06,67.791,67.791,67.791,67.791,
2019-11-07,69.452,69.452,69.452,69.452,
2019-11-08,70.867,70.867,70.867,70.867,
2019-11-11,69.821,69.821,69.821,69.821,
2019-11-12,70.252,70.252,70.252,70.252,
2019-11-13,69.452,69.452,69.452,69.452,
2019-11-14,69.452,69.452,69.452,69.452,
2019-11-15,70.867,70.867,70.867,70.867,
2019-11-18,70.375,70.375,70.375,70.375,
2019-11-19,70.744,70.744,70.744,70.744,
2019-11-20,70.067,70.067,70.067,70.067,
2019-11-21,70.928,70.928,70.928,70.928,
2019-11-22,71.051,71.051,71.051,71.051,
2019-11-25,71.236,71.236,71.236,71.236,
2019-11-26,69.821,69.821,69.821,69.821,
2019-11-27,69.452,69.452,69.452,69.452,
2019-11-29,69.329,69.329,69.329,69.329,
2019-12-02,68.652,68.652,68.652,68.652,
2019-12-03,67.607,67.607,67.607,67.607,
2019-12-04,67.053,67.053,67.053,67.053,
2019-12-05,66.376,66.376,66.376,66.376,
2019-12-06,68.283,68.283,68.283,68.283,
2019-12-09,67.607,67.607,67.607,67.607,
2019-12-10,67.73,67.73,67.73,67.73,
2019-12-11,67.484,67.484,67.484,67.484,
2019-12-12,70.375,70.375,70.375,70.375,
2019-12-13,69.76,69.76,69.76,69.76,
2019-12-16,68.714,68.714,68.714,68.714,
2019-12-17,68.283,68.283,68.283,68.283,
2019-12-18,67.422,67.422,67.422,67.422,
2019-12-19,67.914,67.914,67.914,67.914,
2019-12-20,67.914,67.914,67.914,67.914,
2019-12-23,68.715,68.715,68.715,68.715,
2019-12-24,68.899,68.899,68.899,68.899,
2019-12-26,69.146,69.146,69.146,69.146,
2019-12-27,68.838,68.838,68.838,68.838,
2019-12-30,68.222,68.222,68.222,68.222,
2019-12-31,68.715,68.715,68.715,68.715,
2020-01-02,73.456,73.456,73.456,73.456,
2020-01-03,73.702,73.702,73.702,73.702,
2020-01-06,74.749,74.749,74.749,74.749,
2020-01-07,74.195,74.195,74.195,74.195,
2020-01-08,73.517,73.517,73.517,73.517,
2020-01-09,73.333,73.333,73.333,73.333,
2020-01-10,71.855,71.855,71.855,71.855,
2020-01-13,74.626,74.626,74.626,74.626,
2020-01-14,74.071,74.071,74.071,74.071,
2020-01-15,73.086,73.086,73.086,73.086,
2020-01-16,72.901,72.901,72.901,72.901,
2020-01-17,72.717,72.717,72.717,72.717,
2020-01-21,71.793,71.793,71.793,71.793,
2020-01-22,70.008,70.008,70.008,70.008,
2020-01-23,72.471,72.471,72.471,72.471,
2020-01-24,72.101,72.101,72.101,72.101,
2020-01-27,70.439,70.439,70.439,70.439,
2020-01-28,72.224,72.224,72.224,72.224,
2020-01-29,79.674,79.674,79.674,79.674,
2020-01-30,78.381,78.381,78.381,78.381,
2020-01-31,76.657,76.657,76.657,76.657,
2020-02-03,75.488,75.488,75.488,75.488,
2020-02-04,77.458,77.458,77.458,77.458,
2020-02-05,79.182,79.182,79.182,79.182,
2020-02-06,79.736,79.736,79.736,79.736,
2020-02-07,78.997,78.997,78.997,78.997,
2020-02-10,79.49,79.49,79.49,79.49,
2020-02-11,79.12,79.12,79.12,79.12,
2020-02-12,81.029,81.029,81.029,81.029,
2020-02-13,79.674,79.674,79.674,79.674,
2020-02-14,78.997,78.997,78.997,78.997,
2020-02-18,78.505,78.505,78.505,78.505,
2020-02-19,77.643,77.643,77.643,77.643,
2020-02-20,77.15,77.15,77.15,77.15,
2020-02-21,75.426,75.426,75.426,75.426,
2020-02-24,73.025,73.025,73.025,73.025,
2020-02-25,69.7,69.7,69.7,69.7,
2020-02-26,67.422,67.422,67.422,67.422,
2020-02-27,63.974,63.974,63.974,63.974,
2020-02-28,66.991,66.991,66.991,66.991,
2020-03-02,69.022,69.022,69.022,69.022,
2020-03-03,66.991,66.991,66.991,66.991,
2020-03-04,67.422,67.422,67.422,67.422,
2020-03-05,62.065,62.065,62.065,62.065,
2020-03-06,57.935,57.935,57.935,57.935,
2020-03-09,50.601,50.601,50.601,50.601,
2020-03-10,54.546,54.546,54.546,54.546,
2020-03-11,50.601,50.601,50.601,50.601,
2020-03-12,44.561,44.561,44.561,44.561,
2020-03-13,48.382,48.382,48.382,48.382,
2020-03-16,41.048,41.048,41.048,41.048,
2020-03-17,43.636,43.636,43.636,43.636,
2020-03-18,40.678,40.678,40.678,40.678,
2020-03-19,39.938,39.938,39.938,39.938,
2020-03-20,40.185,40.185,40.185,40.185,
2020-03-23,37.658,37.658,37.658,37.658,
2020-03-24,43.205,43.205,43.205,43.205,
2020-03-25,46.595,46.595,46.595,46.595,
2020-03-26,50.046,50.046,50.046,50.046,
2020-03-27,46.965,46.965,46.965,46.965,
2020-03-30,48.629,48.629,48.629,48.629,
2020-03-31,48.937,48.937,48.937,48.937,
2020-04-01,43.39,43.39,43.39,43.39,
2020-04-02,42.527,42.527,42.527,42.527,
2020-04-03,41.479,41.479,41.479,41.479,
2020-04-06,44.561,44.561,44.561,44.561,
2020-04-07,43.328,43.328,43.328,43.328,
2020-04-08,44.992,44.992,44.992,44.992,
2020-04-09,44.006,44.006,44.006,44.006,
2020-04-13,43.267,43.267,43.267,43.267,
2020-04-14,42.712,42.712,42.712,42.712,
2020-04-15,40.062,40.062,40.062,40.062,
2020-04-16,38.459,38.459,38.459,38.459,
2020-04-17,42.157,42.157,42.157,42.157,
2020-04-20,40.123,40.123,40.123,40.123,
2020-04-21,39.938,39.938,39.938,39.938,
2020-04-22,39.63,39.63,39.63,39.63,
2020-04-23,40.185,40.185,40.185,40.185,
2020-04-24,38.582,38.582,38.582,38.582,
2020-04-27,39.63,39.63,39.63,39.63,
2020-04-28,41.911,41.911,41.911,41.911,
2020-04-29,40.555,40.555,40.555,40.555,
2020-04-30,41.911,41.911,41.911,41.911,
2020-05-01,40.062,40.062,40.062,40.062,
2020-05-04,38.274,38.274,38.274,38.274,
2020-05-05,38.213,38.213,38.213,38.213,
2020-05-06,36.857,36.857,36.857,36.857,
2020-05-07,37.658,37.658,37.658,37.658,
2020-05-08,38.767,38.767,38.767,38.767,
2020-05-11,38.151,38.151,38.151,38.151,
2020-05-12,36.98,36.98,36.98,36.98,
2020-05-13,35.686,35.686,35.686,35.686,
2020-05-14,35.131,35.131,35.131,35.131,
2020-05-15,33.837,33.837,33.837,33.837,
2020-05-18,38.644,38.644,38.644,38.644,
2020-05-19,38.274,38.274,38.274,38.274,
2020-05-20,39.569,39.569,39.569,39.569,
2020-05-21,39.938,39.938,39.938,39.938,
2020-05-22,39.507,39.507,39.507,39.507,
2020-05-26,41.911,41.911,41.911,41.911,
2020-05-27,44.931,44.931,44.931,44.931,
2020-05-28,41.787,41.787,41.787,41.787,
2020-05-29,40.493,40.493,40.493,40.493,
2020-06-01,41.664,41.664,41.664,41.664,
2020-06-02,43.452,43.452,43.452,43.452,
2020-06-03,45.362,45.362,45.362,45.362,
2020-06-04,47.704,47.704,47.704,47.704,
2020-06-05,48.567,48.567,48.567,48.567,
2020-06-08,52.142,52.142,52.142,52.142,
2020-06-09,49.43,49.43,49.43,49.43,
2020-06-10,46.903,46.903,46.903,46.903,
2020-06-11,42.835,42.835,42.835,42.835,
2020-06-12,44.684,44.684,44.684,44.684,
2020-06-15,44.623,44.623,44.623,44.623,
2020-06-16,46.04,46.04,46.04,46.04,
2020-06-17,44.623,44.623,44.623,44.623,
2020-06-18,44.869,44.869,44.869,44.869,
2020-06-19,44.068,44.068,44.068,44.068,
2020-06-22,43.39,43.39,43.39,43.39,
2020-06-23,43.143,43.143,43.143,43.143,
2020-06-24,40.247,40.247,40.247,40.247,
2020-06-25,41.171,41.171,41.171,41.171,
2020-06-26,39.998,39.998,39.998,39.998,
2020-06-29,41.974,41.974,41.974,41.974,
2020-06-30,42.159,42.159,42.159,42.159,
2020-07-01,41.603,41.603,41.603,41.603,
2020-07-02,42.097,42.097,42.097,42.097,
2020-07-06,43.208,43.208,43.208,43.208,
2020-07-07,41.727,41.727,41.727,41.727,
2020-07-08,42.344,42.344,42.344,42.344,
2020-07-09,40.616,40.616,40.616,40.616,
2020-07-10,41.295,41.295,41.295,41.295,
2020-07-13,41.356,41.356,41.356,41.356,
2020-07-14,42.467,42.467,42.467,42.467,
2020-07-15,44.072,44.072,44.072,44.072,
2020-07-16,43.517,43.517,43.517,43.517,
2020-07-17,43.64,43.64,43.64,43.64,
2020-07-20,42.406,42.406,42.406,42.406,
2020-07-21,43.455,43.455,43.455,43.455,
2020-07-22,43.578,43.578,43.578,43.578,
2020-07-23,43.455,43.455,43.455,43.455,
2020-07-24,42.344,42.344,42.344,42.344,
2020-07-27,41.418,41.418,41.418,41.418,
2020-07-28,42.529,42.529,42.529,42.529,
2020-07-29,40.677,40.677,40.677,40.677,
2020-07-30,38.64,38.64,38.64,38.64,
2020-07-31,37.468,37.468,37.468,37.468,
2020-08-03,37.714,37.714,37.714,37.714,
2020-08-04,37.9,37.9,37.9,37.9,
2020-08-05,39.504,39.504,39.504,39.504,
2020-08-06,39.072,39.072,39.072,39.072,
2020-08-07,39.504,39.504,39.504,39.504,
2020-08-10,41.171,41.171,41.171,41.171,
2020-08-11,41.541,41.541,41.541,41.541,
2020-08-12,41.48,41.48,41.48,41.48,
2020-08-13,40.739,40.739,40.739,40.739,
2020-08-14,41.109,41.109,41.109,41.109,
2020-08-17,39.937,39.937,39.937,39.937,
2020-08-18,39.751,39.751,39.751,39.751,
2020-08-19,39.381,39.381,39.381,39.381,
2020-08-20,38.702,38.702,38.702,38.702,
2020-08-21,38.949,38.949,38.949,38.949,
2020-08-24,40.924,40.924,40.924,40.924,
2020-08-25,40.677,40.677,40.677,40.677,
2020-08-26,39.998,39.998,39.998,39.998,
2020-08-27,39.998,39.998,39.998,39.998,
2020-08-28,40.801,40.801,40.801,40.801,
2020-08-31,39.134,39.134,39.134,39.134,
2020-09-01,38.208,38.208,38.208,38.208,
2020-09-02,39.751,39.751,39.751,39.751,
2020-09-03,39.011,39.011,39.011,39.011,
2020-09-04,39.628,39.628,39.628,39.628,
2020-09-08,37.9,37.9,37.9,37.9,
2020-09-09,38.023,38.023,38.023,38.023,
2020-09-10,37.035,37.035,37.035,37.035,
2020-09-11,36.727,36.727,36.727,36.727,
2020-09-14,37.961,37.961,37.961,37.961,
2020-09-15,37.653,37.653,37.653,37.653,
2020-09-16,41.665,41.665,41.665,41.665,
2020-09-17,43.517,43.517,43.517,43.517,
2020-09-18,42.467,42.467,42.467,42.467,
2020-09-21,39.196,39.196,39.196,39.196,
2020-09-22,38.579,38.579,38.579,38.579,
2020-09-23,37.714,37.714,37.714,37.714,
2020-09-24,37.406,37.406,37.406,37.406,
2020-09-25,37.777,37.777,37.777,37.777,
2020-09-28,38.333,38.333,38.333,38.333,
2020-09-29,37.839,37.839,37.839,37.839,
2020-09-30,38.519,38.519,38.519,38.519,
2020-10-01,38.581,38.581,38.581,38.581,
2020-10-02,39.508,39.508,39.508,39.508,
2020-10-05,39.632,39.632,39.632,39.632,
2020-10-06,38.148,38.148,38.148,38.148,
2020-10-07,39.013,39.013,39.013,39.013,
2020-10-08,41.115,41.115,41.115,41.115,
2020-10-09,42.29,42.29,42.29,42.29,
2020-10-12,42.228,42.228,42.228,42.228,
2020-10-13,41.548,41.548,41.548,41.548,
2020-10-14,42.167,42.167,42.167,42.167,
2020-10-15,42.476,42.476,42.476,42.476,
2020-10-16,45.072,45.072,45.072,45.072,
2020-10-19,45.072,45.072,45.072,45.072,
2020-10-20,45.382,45.382,45.382,45.382,
2020-10-21,45.258,45.258,45.258,45.258,
2020-10-22,47.731,47.731,47.731,47.731,
2020-10-23,47.175,47.175,47.175,47.175,
2020-10-26,45.629,45.629,45.629,45.629,
2020-10-27,43.898,43.898,43.898,43.898,
2020-10-28,45.876,45.876,45.876,45.876,
2020-10-29,45.567,45.567,45.567,45.567,
2020-10-30,45.876,45.876,45.876,45.876,
2020-11-02,46.494,46.494,46.494,46.494,
2020-11-03,48.535,48.535,48.535,48.535,
2020-11-04,48.535,48.535,48.535,48.535,
2020-11-05,49.4,49.4,49.4,49.4,
2020-11-06,50.019,50.019,50.019,50.019,
2020-11-09,53.914,53.914,53.914,53.914,
2020-11-10,55.521,55.521,55.521,55.521,
2020-11-11,54.965,54.965,54.965,54.965,
2020-11-12,54.161,54.161,54.161,54.161,
2020-11-13,57.191,57.191,57.191,57.191,
2020-11-16,59.169,59.169,59.169,59.169,
2020-11-17,59.849,59.849,59.849,59.849,
2020-11-18,60.158,60.158,60.158,60.158,
2020-11-19,59.726,59.726,59.726,59.726,
2020-11-20,60.344,60.344,60.344,60.344,
2020-11-23,62.261,62.261,62.261,62.261,
2020-11-24,64.61,64.61,64.61,64.61,
2020-11-25,64.919,64.919,64.919,64.919,
2020-11-27,64.301,64.301,64.301,64.301,
2020-11-30,62.941,62.941,62.941,62.941,
2020-12-01,62.755,62.755,62.755,62.755,
2020-12-02,64.486,64.486,64.486,64.486,
2020-12-03,65.537,65.537,65.537,65.537,
2020-12-04,67.269,67.269,67.269,67.269,
2020-12-07,67.145,67.145,67.145,67.145,
2020-12-08,67.763,67.763,67.763,67.763,
2020-12-09,70.422,70.422,70.422,70.422,
2020-12-10,69.989,69.989,69.989,69.989,
2020-12-11,69.0,69.0,69.0,69.0,
2020-12-14,66.959,66.959,66.959,66.959,
2020-12-15,68.691,68.691,68.691,68.691,
2020-12-16,67.578,67.578,67.578,67.578,
2020-12-17,67.269,67.269,67.269,67.269,
2020-12-18,66.897,66.897,66.897,66.897,
2020-12-21,66.65,66.65,66.65,66.65,
2020-12-22,65.66,65.66,65.66,65.66,
2020-12-23,67.207,67.207,67.207,67.207,
2020-12-24,65.907,65.907,65.907,65.907,
2020-12-28,65.845,65.845,65.845,65.845,
2020-12-29,65.35,65.35,65.35,65.35,
2020-12-30,66.278,66.278,66.278,66.278,
2020-12-31,66.835,66.835,66.835,66.835,
2021-01-04,64.793,64.793,64.793,64.793,
2021-01-05,66.65,66.65,66.65,66.65,
2021-01-06,70.301,70.301,70.301,70.301,
2021-01-07,69.744,69.744,69.744,69.744,
2021-01-08,70.177,70.177,70.177,70.177,
2021-01-11,70.858,70.858,70.858,70.858,
2021-01-12,72.9,72.9,72.9,72.9,
2021-01-13,71.601,71.601,71.601,71.601,
2021-01-14,72.158,72.158,72.158,72.158,
2021-01-15,70.115,70.115,70.115,70.115,
2021-01-19,70.734,70.734,70.734,70.734,
2021-01-20,70.487,70.487,70.487,70.487,
2021-01-21,68.506,68.506,68.506,68.506,
2021-01-22,68.754,68.754,68.754,68.754,
2021-01-25,68.011,68.011,68.011,68.011,
2021-01-26,69.868,69.868,69.868,69.868,
2021-01-27,70.425,70.425,70.425,70.425,
2021-01-28,68.63,68.63,68.63,68.63,
2021-01-29,66.093,66.093,66.093,66.093,
2021-02-01,66.464,66.464,66.464,66.464,
2021-02-02,69.558,69.558,69.558,69.558,
2021-02-03,69.311,69.311,69.311,69.311,
2021-02-04,70.858,70.858,70.858,70.858,
2021-02-05,70.549,70.549,70.549,70.549,
2021-02-08,71.848,71.848,71.848,71.848,
2021-02-09,71.415,71.415,71.415,71.415,
2021-02-10,70.549,70.549,70.549,70.549,
2021-02-11,70.92,70.92,70.92,70.92,
2021-02-12,72.591,72.591,72.591,72.591,
2021-02-16,74.076,74.076,74.076,74.076,
2021-02-17,73.395,73.395,73.395,73.395,
2021-02-18,71.972,71.972,71.972,71.972,
2021-02-19,74.385,74.385,74.385,74.385,
2021-02-22,77.356,77.356,77.356,77.356,
2021-02-23,77.913,77.913,77.913,77.913,
2021-02-24,81.193,81.193,81.193,81.193,
2021-02-25,78.965,78.965,78.965,78.965,
2021-02-26,77.603,77.603,77.603,77.603,
2021-03-01,81.131,81.131,81.131,81.131,
2021-03-02,80.326,80.326,80.326,80.326,
2021-03-03,83.173,83.173,83.173,83.173,
2021-03-04,83.977,83.977,83.977,83.977,
2021-03-05,84.225,84.225,84.225,84.225,
2021-03-08,87.755,87.755,87.755,87.755,
2021-03-09,86.702,86.702,86.702,86.702,
2021-03-10,82.058,82.058,82.058,82.058,
2021-03-11,75.988,75.988,75.988,75.988,
2021-03-12,77.908,77.908,77.908,77.908,
2021-03-15,82.677,82.677,82.677,82.677,
2021-03-16,81.438,81.438,81.438,81.438,
2021-03-17,84.287,84.287,84.287,84.287,
2021-03-18,82.058,82.058,82.058,82.058,
2021-03-19,81.872,81.872,81.872,81.872,
2021-03-22,81.314,81.314,81.314,81.314,
2021-03-23,78.404,78.404,78.404,78.404,
2021-03-24,77.413,77.413,77.413,77.413,
2021-03-25,79.58,79.58,79.58,79.58,
2021-03-26,80.447,80.447,80.447,80.447,
2021-03-29,80.2,80.2,80.2,80.2,
2021-03-30,82.367,82.367,82.367,82.367,
2021-03-31,81.314,81.314,81.314,81.314,
2021-04-01,82.243,82.243,82.243,82.243,
2021-04-05,83.358,83.358,83.358,83.358,
2021-04-06,82.987,82.987,82.987,82.987,
2021-04-07,82.925,82.925,82.925,82.925,
2021-04-08,83.296,83.296,83.296,83.296,
2021-04-09,84.225,84.225,84.225,84.225,
2021-04-12,84.163,84.163,84.163,84.163,
2021-04-13,83.234,83.234,83.234,83.234,
2021-04-14,84.721,84.721,84.721,84.721,
2021-04-15,83.916,83.916,83.916,83.916,
2021-04-16,82.925,82.925,82.925,82.925,
2021-04-19,83.358,83.358,83.358,83.358,
2021-04-20,80.881,80.881,80.881,80.881,
2021-04-21,82.677,82.677,82.677,82.677,
2021-04-22,83.049,83.049,83.049,83.049,
2021-04-23,83.916,83.916,83.916,83.916,
2021-04-26,84.039,84.039,84.039,84.039,
2021-04-27,83.544,83.544,83.544,83.544,
2021-04-28,81.748,81.748,81.748,81.748,
2021-04-29,81.81,81.81,81.81,81.81,
2021-04-30,81.253,81.253,81.253,81.253,
2021-05-03,83.296,83.296,83.296,83.296,
2021-05-04,81.253,81.253,81.253,81.253,
2021-05-05,81.81,81.81,81.81,81.81,
2021-05-06,81.81,81.81,81.81,81.81,
2021-05-07,82.367,82.367,82.367,82.367,
2021-05-10,82.677,82.677,82.677,82.677,
2021-05-11,81.067,81.067,81.067,81.067,
2021-05-12,79.395,79.395,79.395,79.395,
2021-05-13,80.324,80.324,80.324,80.324,
2021-05-14,82.12,82.12,82.12,82.12,
2021-05-17,81.438,81.438,81.438,81.438,
2021-05-18,80.324,80.324,80.324,80.324,
2021-05-19,81.067,81.067,81.067,81.067,
2021-05-20,80.881,80.881,80.881,80.881,
2021-05-21,81.934,81.934,81.934,81.934,
2021-05-24,81.624,81.624,81.624,81.624,
2021-05-25,81.253,81.253,81.253,81.253,
2021-05-26,82.987,82.987,82.987,82.987,
2021-05-27,88.87,88.87,88.87,88.87,
2021-05-28,87.074,87.074,87.074,87.074,
2021-06-01,87.631,87.631,87.631,87.631,
2021-06-02,87.26,87.26,87.26,87.26,
2021-06-03,87.26,87.26,87.26,87.26,
2021-06-04,86.455,86.455,86.455,86.455,
2021-06-07,86.145,86.145,86.145,86.145,
2021-06-08,86.083,86.083,86.083,86.083,
2021-06-09,85.03,85.03,85.03,85.03,
2021-06-10,84.411,84.411,84.411,84.411,
2021-06-11,84.783,84.783,84.783,84.783,
2021-06-14,83.42,83.42,83.42,83.42,
2021-06-15,83.854,83.854,83.854,83.854,
2021-06-16,83.234,83.234,83.234,83.234,
2021-06-17,80.509,80.509,80.509,80.509,
2021-06-18,79.147,79.147,79.147,79.147,
2021-06-21,81.686,81.686,81.686,81.686,
2021-06-22,80.695,80.695,80.695,80.695,
2021-06-23,80.2,80.2,80.2,80.2,
2021-06-24,81.438,81.438,81.438,81.438,
2021-06-25,81.562,81.562,81.562,81.562,
2021-06-28,79.889,79.889,79.889,79.889,
2021-06-29,81.128,81.128,81.128,81.128,
2021-06-30,83.422,83.422,83.422,83.422,
2021-07-01,83.546,83.546,83.546,83.546,
2021-07-02,82.802,82.802,82.802,82.802,
2021-07-06,80.075,80.075,80.075,80.075,
2021-07-07,80.447,80.447,80.447,80.447,
2021-07-08,79.765,79.765,79.765,79.765,
2021-07-09,81.562,81.562,81.562,81.562,
2021-07-12,81.252,81.252,81.252,81.252,
2021-07-13,79.889,79.889,79.889,79.889,
2021-07-14,79.393,79.393,79.393,79.393,
2021-07-15,79.083,79.083,79.083,79.083,
2021-07-16,77.782,77.782,77.782,77.782,
2021-07-19,74.373,74.373,74.373,74.373,
2021-07-20,78.711,78.711,78.711,78.711,
2021-07-21,81.066,81.066,81.066,81.066,
2021-07-22,78.711,78.711,78.711,78.711,
2021-07-23,78.773,78.773,78.773,78.773,
2021-07-26,80.075,80.075,80.075,80.075,
2021-07-27,81.066,81.066,81.066,81.066,
2021-07-28,81.376,81.376,81.376,81.376,
2021-07-29,82.368,82.368,82.368,82.368,
2021-07-30,80.261,80.261,80.261,80.261,
2021-08-02,77.937,77.937,77.937,77.937,
2021-08-03,79.842,79.842,79.842,79.842,
2021-08-04,79.726,79.726,79.726,79.726,
2021-08-05,79.811,79.811,79.811,79.811,
2021-08-06,80.974,80.974,80.974,80.974,
2021-08-09,80.346,80.346,80.346,80.346,
2021-08-10,82.182,82.182,82.182,82.182,
2021-08-11,82.151,82.151,82.151,82.151,
2021-08-12,82.523,82.523,82.523,82.523,
2021-08-13,81.283,81.283,81.283,81.283,
2021-08-16,80.067,80.067,80.067,80.067,
2021-08-17,78.727,78.727,78.727,78.727,
2021-08-18,78.564,78.564,78.564,78.564,
2021-08-19,77.022,77.022,77.022,77.022,
2021-08-20,77.511,77.511,77.511,77.511,
2021-08-23,78.223,78.223,78.223,78.223,
2021-08-24,80.005,80.005,80.005,80.005,
2021-08-25,81.113,81.113,81.113,81.113,
2021-08-26,80.09,80.09,80.09,80.09,
2021-08-27,82.19,82.19,82.19,82.19,
2021-08-30,81.493,81.493,81.493,81.493,
2021-08-31,81.663,81.663,81.663,81.663,
2021-09-01,80.307,80.307,80.307,80.307,
2021-09-02,82.322,82.322,82.322,82.322,
2021-09-03,81.152,81.152,81.152,81.152,
2021-09-07,80.021,80.021,80.021,80.021,
2021-09-08,79.471,79.471,79.471,79.471,
2021-09-09,80.021,80.021,80.021,80.021,
2021-09-10,79.021,79.021,79.021,79.021,
2021-09-13,80.927,80.927,80.927,80.927,
2021-09-14,77.766,77.766,77.766,77.766,
2021-09-15,79.145,79.145,79.145,79.145,
2021-09-16,78.51,78.51,78.51,78.51,
2021-09-17,77.836,77.836,77.836,77.836,
2021-09-20,77.325,77.325,77.325,77.325,
2021-09-21,75.008,75.008,75.008,75.008,
2021-09-22,76.341,76.341,76.341,76.341,
2021-09-23,79.765,79.765,79.765,79.765,
2021-09-24,80.478,80.478,80.478,80.478,
2021-09-27,81.68,81.68,81.68,81.68,
2021-09-28,81.975,81.975,81.975,81.975,
2021-09-29,82.401,82.401,82.401,82.401,
2021-09-30,79.881,79.881,79.881,79.881,
2021-10-01,82.044,82.044,82.044,82.044,
2021-10-04,81.331,81.331,81.331,81.331,
2021-10-05,81.331,81.331,81.331,81.331,
2021-10-06,80.889,80.889,80.889,80.889,
2021-10-07,81.804,81.804,81.804,81.804,
2021-10-08,81.192,81.192,81.192,81.192,
2021-10-11,80.695,80.695,80.695,80.695,
2021-10-12,79.641,79.641,79.641,79.641,
2021-10-13,79.362,79.362,79.362,79.362,
2021-10-14,79.656,79.656,79.656,79.656,
2021-10-15,80.951,80.951,80.951,80.951,
2021-10-18,80.726,80.726,80.726,80.726,
2021-10-19,81.199,81.199,81.199,81.199,
2021-10-20,82.184,82.184,82.184,82.184,
2021-10-21,79.974,79.974,79.974,79.974,
2021-10-22,80.672,80.672,80.672,80.672,
2021-10-25,81.641,81.641,81.641,81.641,
2021-10-26,83.3,83.3,83.3,83.3,
2021-10-27,80.517,80.517,80.517,80.517,
2021-10-28,81.61,81.61,81.61,81.61,
2021-10-29,81.308,81.308,81.308,81.308,
2021-11-01,82.362,82.362,82.362,82.362,
2021-11-02,82.719,82.719,82.719,82.719,
2021-11-03,82.161,82.161,82.161,82.161,
2021-11-04,81.571,81.571,81.571,81.571,
2021-11-05,84.308,84.308,84.308,84.308,
2021-11-08,84.06,84.06,84.06,84.06,
2021-11-09,86.285,86.285,86.285,86.285,
2021-11-10,84.479,84.479,84.479,84.479,
2021-11-11,82.959,82.959,82.959,82.959,
2021-11-12,83.417,83.417,83.417,83.417,
2021-11-15,82.703,82.703,82.703,82.703,
2021-11-16,80.129,80.129,80.129,80.129,
2021-11-17,79.075,79.075,79.075,79.075,
2021-11-18,78.051,78.051,78.051,78.051,
2021-11-19,77.501,77.501,77.501,77.501,
2021-11-22,78.338,78.338,78.338,78.338,
2021-11-23,79.145,79.145,79.145,79.145,
2021-11-24,79.261,79.261,79.261,79.261,
2021-11-26,75.857,75.857,75.857,75.857,
2021-11-29,76.292,76.292,76.292,76.292,
2021-11-30,73.648,73.648,73.648,73.648,
2021-12-01,72.105,72.105,72.105,72.105,
2021-12-02,73.834,73.834,73.834,73.834,
2021-12-03,71.926,71.926,71.926,71.926,
2021-12-06,74.438,74.438,74.438,74.438,
2021-12-07,75.632,75.632,75.632,75.632,
2021-12-08,76.198,76.198,76.198,76.198,
2021-12-09,75.85,75.85,75.85,75.85,
2021-12-10,75.167,75.167,75.167,75.167,
2021-12-13,72.206,72.206,72.206,72.206,
2021-12-14,71.415,71.415,71.415,71.415,
2021-12-15,71.392,71.392,71.392,71.392,
2021-12-16,71.74,71.74,71.74,71.74,
2021-12-17,70.903,70.903,70.903,70.903,
2021-12-20,69.824,69.824,69.824,69.824,
2021-12-21,72.214,72.214,72.214,72.214,
2021-12-22,72.222,72.222,72.222,72.222,
2021-12-23,72.944,72.944,72.944,72.944,
2021-12-27,73.425,73.425,73.425,73.425,
2021-12-28,73.953,73.953,73.953,73.953,
2021-12-29,73.557,73.557,73.557,73.557,
2021-12-30,73.487,73.487,73.487,73.487,
2021-12-31,73.309,73.309,73.309,73.309,
2022-01-03,74.682,74.682,74.682,74.682,
2022-01-04,77.111,77.111,77.111,77.111,
2022-01-05,77.111,77.111,77.111,77.111,
2022-01-06,77.561,77.561,77.561,77.561,
2022-01-07,78.686,78.686,78.686,78.686,
2022-01-10,77.15,77.15,77.15,77.15,
2022-01-11,78.989,78.989,78.989,78.989,
2022-01-12,79.338,79.338,79.338,79.338,
2022-01-13,79.509,79.509,79.509,79.509,
2022-01-14,80.052,80.052,80.052,80.052,
2022-01-18,79.843,79.843,79.843,79.843,
2022-01-19,78.081,78.081,78.081,78.081,
2022-01-20,76.242,76.242,76.242,76.242,
2022-01-21,74.729,74.729,74.729,74.729,
2022-01-24,75.202,75.202,75.202,75.202,
2022-01-25,70.701,70.701,70.701,70.701,
2022-01-26,69.312,69.312,69.312,69.312,
2022-01-27,69.762,69.762,69.762,69.762,
2022-01-28,71.47,71.47,71.47,71.47,
2022-01-31,73.316,73.316,73.316,73.316,
2022-02-01,76.009,76.009,76.009,76.009,
2022-02-02,76.079,76.079,76.079,76.079,
2022-02-03,76.296,76.296,76.296,76.296,
2022-02-04,76.832,76.832,76.832,76.832,
2022-02-07,77.522,77.522,77.522,77.522,
2022-02-08,77.064,77.064,77.064,77.064,
2022-02-09,77.018,77.018,77.018,77.018,
2022-02-10,76.661,76.661,76.661,76.661,
2022-02-11,75.14,75.14,75.14,75.14,
2022-02-14,74.962,74.962,74.962,74.962,
2022-02-15,78.314,78.314,78.314,78.314,
2022-02-16,78.694,78.694,78.694,78.694,
2022-02-17,76.405,76.405,76.405,76.405,
2022-02-18,71.927,71.927,71.927,71.927,
2022-02-22,73.06,73.06,73.06,73.06,
2022-02-23,71.896,71.896,71.896,71.896,
2022-02-24,71.811,71.811,71.811,71.811,
2022-02-25,74.783,74.783,74.783,74.783,
2022-02-28,74.116,74.116,74.116,74.116,
2022-03-01,71.648,71.648,71.648,71.648,
2022-03-02,73.068,73.068,73.068,73.068,
2022-03-03,71.741,71.741,71.741,71.741,
2022-03-04,69.173,69.173,69.173,69.173,
2022-03-07,66.314,66.314,66.314,66.314,
2022-03-08,68.466,68.466,68.466,68.466,
2022-03-09,70.874,70.874,70.874,70.874,
2022-03-10,70.936,70.936,70.936,70.936,
2022-03-11,71.674,71.674,71.674,71.674,
2022-03-14,71.806,71.806,71.806,71.806,
2022-03-15,71.728,71.728,71.728,71.728,
2022-03-16,73.553,73.553,73.553,73.553,
2022-03-17,74.198,74.198,74.198,74.198,
2022-03-18,74.244,74.244,74.244,74.244,
2022-03-21,73.646,73.646,73.646,73.646,
2022-03-22,73.708,73.708,73.708,73.708,
2022-03-23,72.776,72.776,72.776,72.776,
2022-03-24,73.103,73.103,73.103,73.103,
2022-03-25,73.025,73.025,73.025,73.025,
2022-03-28,71.456,71.456,71.456,71.456,
2022-03-29,73.514,73.514,73.514,73.514,
2022-03-30,73.46,73.46,73.46,73.46,
2022-03-31,71.068,71.068,71.068,71.068,
2022-04-01,71.837,71.837,71.837,71.837,
2022-04-04,71.472,71.472,71.472,71.472,
2022-04-05,69.98,69.98,69.98,69.98,
2022-04-06,69.833,69.833,69.833,69.833,
2022-04-07,69.483,69.483,69.483,69.483,
2022-04-08,69.701,69.701,69.701,69.701,
2022-04-11,69.646,69.646,69.646,69.646,
2022-04-12,69.903,69.903,69.903,69.903,
2022-04-13,70.485,70.485,70.485,70.485,
2022-04-14,70.547,70.547,70.547,70.547,
2022-04-18,70.213,70.213,70.213,70.213,
2022-04-19,71.378,71.378,71.378,71.378,
2022-04-20,70.99,70.99,70.99,70.99,
2022-04-21,71.239,71.239,71.239,71.239,
2022-04-22,69.18,69.18,69.18,69.18,
2022-04-25,69.809,69.809,69.809,69.809,
2022-04-26,62.594,62.594,62.594,62.594,
2022-04-27,60.745,60.745,60.745,60.745,
2022-04-28,60.373,60.373,60.373,60.373,
2022-04-29,57.903,57.903,57.903,57.903,
2022-05-02,58.679,58.679,58.679,58.679,
2022-05-03,60.318,60.318,60.318,60.318,
2022-05-04,62.47,62.47,62.47,62.47,
2022-05-05,61.041,61.041,61.041,61.041,
2022-05-06,60.761,60.761,60.761,60.761,
2022-05-09,56.676,56.676,56.676,56.676,
2022-05-10,56.94,56.94,56.94,56.94,
2022-05-11,56.264,56.264,56.264,56.264,
2022-05-12,56.916,56.916,56.916,56.916,
2022-05-13,58.291,58.291,58.291,58.291,
2022-05-16,57.965,57.965,57.965,57.965,
2022-05-17,59.34,59.34,59.34,59.34,
2022-05-18,58.408,58.408,58.408,58.408,
2022-05-19,58.827,58.827,58.827,58.827,
2022-05-20,58.446,58.446,58.446,58.446,
2022-05-23,58.609,58.609,58.609,58.609,
2022-05-24,57.879,57.879,57.879,57.879,
2022-05-25,57.887,57.887,57.887,57.887,
2022-05-26,59.813,59.813,59.813,59.813,
2022-05-27,61.173,61.173,61.173,61.173,
2022-05-31,60.808,60.808,60.808,60.808,
2022-06-01,60.209,60.209,60.209,60.209,
2022-06-02,60.582,60.582,60.582,60.582,
2022-06-03,59.782,59.782,59.782,59.782,
2022-06-06,59.806,59.806,59.806,59.806,
2022-06-07,60.582,60.582,60.582,60.582,
2022-06-08,59.93,59.93,59.93,59.93,
2022-06-09,58.081,58.081,58.081,58.081,
2022-06-10,55.324,55.324,55.324,55.324,
2022-06-13,52.598,52.598,52.598,52.598,
2022-06-14,52.854,52.854,52.854,52.854,
2022-06-15,53.67,53.67,53.67,53.67,
2022-06-16,50.71,50.71,50.71,50.71,
2022-06-17,51.262,51.262,51.262,51.262,
2022-06-21,51.068,51.068,51.068,51.068,
2022-06-22,50.128,50.128,50.128,50.128,
2022-06-23,49.763,49.763,49.763,49.763,
2022-06-24,52.101,52.101,52.101,52.101,
2022-06-27,51.875,51.875,51.875,51.875,
2022-06-28,51.23,51.23,51.23,51.23,
2022-06-29,49.527,49.527,49.527,49.527,
2022-06-30,49.511,49.511,49.511,49.511,
2022-07-01,49.41,49.41,49.41,49.41,
2022-07-05,48.236,48.236,48.236,48.236,
2022-07-06,47.878,47.878,47.878,47.878,
2022-07-07,48.99,48.99,48.99,48.99,
2022-07-08,49.185,49.185,49.185,49.185,
2022-07-11,48.143,48.143,48.143,48.143,
2022-07-12,49.006,49.006,49.006,49.006,
2022-07-13,48.22,48.22,48.22,48.22,
2022-07-14,47.505,47.505,47.505,47.505,
2022-07-15,48.881,48.881,48.881,48.881,
2022-07-18,49.519,49.519,49.519,49.519,
2022-07-19,51.899,51.899,51.899,51.899,
2022-07-20,52.793,52.793,52.793,52.793,
2022-07-21,52.979,52.979,52.979,52.979,
2022-07-22,53.026,53.026,53.026,53.026,
2022-07-25,53.158,53.158,53.158,53.158,
2022-07-26,55.608,55.608,55.608,55.608,
2022-07-27,55.662,55.662,55.662,55.662,
2022-07-28,56.875,56.875,56.875,56.875,
2022-07-29,57.474,57.474,57.474,57.474,
2022-08-01,58.944,58.944,58.944,58.944,
2022-08-02,57.824,57.824,57.824,57.824,
2022-08-03,58.12,58.12,58.12,58.12,
2022-08-04,57.288,57.288,57.288,57.288,
2022-08-05,57.824,57.824,57.824,57.824,
2022-08-08,58.462,58.462,58.462,58.462,
2022-08-09,58.267,58.267,58.267,58.267,
2022-08-10,59.986,59.986,59.986,59.986,
2022-08-11,61.355,61.355,61.355,61.355,
2022-08-12,62.155,62.155,62.155,62.155,
2022-08-15,62.062,62.062,62.062,62.062,
2022-08-16,63.042,63.042,63.042,63.042,
2022-08-17,62.148,62.148,62.148,62.148,
2022-08-18,61.596,61.596,61.596,61.596,
2022-08-19,60.437,60.437,60.437,60.437,
2022-08-22,58.151,58.151,58.151,58.151,
2022-08-23,59.177,59.177,59.177,59.177,
2022-08-24,59.675,59.675,59.675,59.675,
2022-08-25,60.764,60.764,60.764,60.764,
2022-08-26,58.532,58.532,58.532,58.532,
2022-08-29,59.138,59.138,59.138,59.138,
2022-08-30,58.423,58.423,58.423,58.423,
2022-08-31,57.109,57.109,57.109,57.109,
2022-09-01,56.829,56.829,56.829,56.829,
2022-09-02,56.323,56.323,56.323,56.323,
2022-09-06,56.113,56.113,56.113,56.113,
2022-09-07,57.218,57.218,57.218,57.218,
2022-09-08,57.365,57.365,57.365,57.365,
2022-09-09,57.575,57.575,57.575,57.575,
2022-09-12,58.571,58.571,58.571,58.571,
2022-09-13,55.087,55.087,55.087,55.087,
2022-09-14,54.457,54.457,54.457,54.457,
2022-09-15,53.586,53.586,53.586,53.586,
2022-09-16,51.626,51.626,51.626,51.626,
2022-09-19,52.14,52.14,52.14,52.14,
2022-09-20,51.782,51.782,51.782,51.782,
2022-09-21,50.717,50.717,50.717,50.717,
2022-09-22,50.825,50.825,50.825,50.825,
2022-09-23,50.196,50.196,50.196,50.196,
2022-09-26,50.102,50.102,50.102,50.102,
2022-09-27,50.196,50.196,50.196,50.196,
2022-09-28,50.188,50.188,50.188,50.188,
2022-09-29,48.841,48.841,48.841,48.841,
2022-09-30,48.202,48.202,48.202,48.202,
2022-10-03,49.518,49.518,49.518,49.518,
2022-10-04,52.586,52.586,52.586,52.586,
2022-10-05,52.508,52.508,52.508,52.508,
2022-10-06,51.558,51.558,51.558,51.558,
2022-10-07,50.266,50.266,50.266,50.266,
2022-10-10,50.593,50.593,50.593,50.593,
2022-10-11,49.83,49.83,49.83,49.83,
2022-10-12,50.406,50.406,50.406,50.406,
2022-10-13,52.897,52.897,52.897,52.897,
2022-10-14,52.609,52.609,52.609,52.609,
2022-10-17,53.435,53.435,53.435,53.435,
2022-10-18,55.046,55.046,55.046,55.046,
2022-10-19,54.914,54.914,54.914,54.914,
2022-10-20,54.478,54.478,54.478,54.478,
2022-10-21,56.697,56.697,56.697,56.697,
2022-10-24,57.117,57.117,57.117,57.117,
2022-10-25,56.837,56.837,56.837,56.837,
2022-10-26,58.752,58.752,58.752,58.752,
2022-10-27,59.173,59.173,59.173,59.173,
2022-10-28,60.987,60.987,60.987,60.987,
2022-10-31,60.582,60.582,60.582,60.582,
2022-11-01,60.893,60.893,60.893,60.893,
2022-11-02,60.263,60.263,60.263,60.263,
2022-11-03,61.026,61.026,61.026,61.026,
2022-11-04,63.12,63.12,63.12,63.12,
2022-11-07,64.981,64.981,64.981,64.981,
2022-11-08,65.401,65.401,65.401,65.401,
2022-11-09,64.74,64.74,64.74,64.74,
2022-11-10,66.476,66.476,66.476,66.476,
2022-11-11,67.2,67.2,67.2,67.2,
2022-11-14,66.826,66.826,66.826,66.826,
2022-11-15,67.846,67.846,67.846,67.846,
2022-11-16,66.102,66.102,66.102,66.102,
2022-11-17,66.484,66.484,66.484,66.484,
2022-11-18,66.554,66.554,66.554,66.554,
2022-11-21,66.873,66.873,66.873,66.873,
2022-11-22,67.971,67.971,67.971,67.971,
2022-11-23,68.415,68.415,68.415,68.415,
2022-11-25,68.625,68.625,68.625,68.625,
2022-11-28,66.546,66.546,66.546,66.546,
2022-11-29,66.694,66.694,66.694,66.694,
2022-11-30,66.935,66.935,66.935,66.935,
2022-12-01,66.382,66.382,66.382,66.382,
2022-12-02,67.644,67.644,67.644,67.644,
2022-12-05,65.915,65.915,65.915,65.915,
2022-12-06,66.398,66.398,66.398,66.398,
2022-12-07,66.18,66.18,66.18,66.18,
2022-12-08,65.113,65.113,65.113,65.113,
2022-12-09,63.416,63.416,63.416,63.416,
2022-12-12,64.786,64.786,64.786,64.786,
2022-12-13,64.529,64.529,64.529,64.529,
2022-12-14,63.493,63.493,63.493,63.493,
2022-12-15,61.42,61.42,61.42,61.42,
2022-12-16,60.516,60.516,60.516,60.516,
2022-12-19,60.835,60.835,60.835,60.835,
2022-12-20,62.604,62.604,62.604,62.604,
2022-12-21,64.67,64.67,64.67,64.67,
2022-12-22,63.727,63.727,63.727,63.727,
2022-12-23,63.742,63.742,63.742,63.742,
2022-12-27,64.561,64.561,64.561,64.561,
2022-12-28,63.883,63.883,63.883,63.883,
