Date,Open,High,Low,Close,Volume
1990-01-02,1.117,1.117,1.117,1.117,
1990-01-03,1.121,1.121,1.121,1.121,
1990-01-04,1.128,1.128,1.128,1.128,
1990-01-05,1.113,1.113,1.113,1.113,
1990-01-08,1.102,1.102,1.102,1.102,
1990-01-09,1.073,1.073,1.073,1.073,
1990-01-10,1.08,1.08,1.08,1.08,
1990-01-11,1.087,1.087,1.087,1.087,
1990-01-12,1.047,1.047,1.047,1.047,
1990-01-15,1.036,1.036,1.036,1.036,
1990-01-16,1.05,1.05,1.05,1.05,
1990-01-17,1.08,1.08,1.08,1.08,
1990-01-18,1.117,1.117,1.117,1.117,
1990-01-19,1.136,1.136,1.136,1.136,
1990-01-22,1.11,1.11,1.11,1.11,
1990-01-23,1.128,1.128,1.128,1.128,
1990-01-24,1.128,1.128,1.128,1.128,
1990-01-25,1.095,1.095,1.095,1.095,
1990-01-26,1.084,1.084,1.084,1.084,
1990-01-29,1.065,1.065,1.065,1.065,
1990-01-30,1.036,1.036,1.036,1.036,
1990-01-31,1.039,1.039,1.039,1.039,
1990-02-01,1.043,1.043,1.043,1.043,
1990-02-02,1.076,1.076,1.076,1.076,
1990-02-05,1.091,1.091,1.091,1.091,
1990-02-06,1.095,1.095,1.095,1.095,
1990-02-07,1.124,1.124,1.124,1.124,
1990-02-08,1.099,1.099,1.099,1.099,
1990-02-09,1.113,1.113,1.113,1.113,
1990-02-12,1.091,1.091,1.091,1.091,
1990-02-13,1.091,1.091,1.091,1.091,
1990-02-14,1.095,1.095,1.095,1.095,
1990-02-15,1.095,1.095,1.095,1.095,
1990-02-16,1.076,1.076,1.076,1.076,
1990-02-20,1.058,1.058,1.058,1.058,
1990-02-21,1.091,1.091,1.091,1.091,
1990-02-22,1.118,1.118,1.118,1.118,
1990-02-23,1.085,1.085,1.085,1.085,
1990-02-26,1.125,1.125,1.125,1.125,
1990-02-27,1.162,1.162,1.162,1.162,
1990-02-28,1.177,1.177,1.177,1.177,
1990-03-01,1.181,1.181,1.181,1.181,
1990-03-02,1.181,1.181,1.181,1.181,
1990-03-05,1.188,1.188,1.188,1.188,
1990-03-06,1.233,1.233,1.233,1.233,
1990-03-07,1.299,1.299,1.299,1.299,
1990-03-08,1.299,1.299,1.299,1.299,
1990-03-09,1.285,1.285,1.285,1.285,
1990-03-12,1.296,1.296,1.296,1.296,
1990-03-13,1.273,1.273,1.273,1.273,
1990-03-14,1.281,1.281,1.281,1.281,
1990-03-15,1.303,1.303,1.303,1.303,
1990-03-16,1.322,1.322,1.322,1.322,
1990-03-19,1.381,1.381,1.381,1.381,
1990-03-20,1.359,1.359,1.359,1.359,
1990-03-21,1.344,1.344,1.344,1.344,
1990-03-22,1.314,1.314,1.314,1.314,
1990-03-23,1.351,1.351,1.351,1.351,
1990-03-26,1.384,1.384,1.384,1.384,
1990-03-27,1.388,1.388,1.388,1.388,
1990-03-28,1.37,1.37,1.37,1.37,
1990-03-29,1.359,1.359,1.359,1.359,
1990-03-30,1.355,1.355,1.355,1.355,
1990-04-02,1.355,1.355,1.355,1.355,
1990-04-03,1.388,1.388,1.388,1.388,
1990-04-04,1.373,1.373,1.373,1.373,
1990-04-05,1.388,1.388,1.388,1.388,
1990-04-06,1.396,1.396,1.396,1.396,
1990-04-09,1.399,1.399,1.399,1.399,
1990-04-10,1.399,1.399,1.399,1.399,
1990-04-11,1.388,1.388,1.388,1.388,
1990-04-12,1.392,1.392,1.392,1.392,
1990-04-16,1.388,1.388,1.388,1.388,
1990-04-17,1.373,1.373,1.373,1.373,
1990-04-18,1.351,1.351,1.351,1.351,
1990-04-19,1.377,1.377,1.377,1.377,
1990-04-20,1.362,1.362,1.362,1.362,
1990-04-23,1.336,1.336,1.336,1.336,
1990-04-24,1.344,1.344,1.344,1.344,
1990-04-25,1.355,1.355,1.355,1.355,
1990-04-26,1.359,1.359,1.359,1.359,
1990-04-27,1.347,1.347,1.347,1.347,
1990-04-30,1.384,1.384,1.384,1.384,
1990-05-01,1.418,1.418,1.418,1.418,
1990-05-02,1.444,1.444,1.444,1.444,
1990-05-03,1.459,1.459,1.459,1.459,
1990-05-04,1.484,1.484,1.484,1.484,
1990-05-07,1.525,1.525,1.525,1.525,
1990-05-08,1.518,1.518,1.518,1.518,
1990-05-09,1.477,1.477,1.477,1.477,
1990-05-10,1.477,1.477,1.477,1.477,
1990-05-11,1.507,1.507,1.507,1.507,
1990-05-14,1.544,1.544,1.544,1.544,
1990-05-15,1.558,1.558,1.558,1.558,
1990-05-16,1.573,1.573,1.573,1.573,
1990-05-17,1.636,1.636,1.636,1.636,
1990-05-18,1.673,1.673,1.673,1.673,
1990-05-21,1.74,1.74,1.74,1.74,
1990-05-22,1.732,1.732,1.732,1.732,
1990-05-23,1.736,1.736,1.736,1.736,
1990-05-24,1.74,1.74,1.74,1.74,
1990-05-25,1.714,1.714,1.714,1.714,
1990-05-29,1.762,1.762,1.762,1.762,
1990-05-30,1.773,1.773,1.773,1.773,
1990-05-31,1.795,1.795,1.795,1.795,
1990-06-01,1.814,1.814,1.814,1.814,
1990-06-04,1.81,1.81,1.81,1.81,
1990-06-05,1.777,1.777,1.777,1.777,
1990-06-06,1.732,1.732,1.732,1.732,
1990-06-07,1.699,1.699,1.699,1.699,
1990-06-08,1.681,1.681,1.681,1.681,
1990-06-11,1.74,1.74,1.74,1.74,
1990-06-12,1.806,1.806,1.806,1.806,
1990-06-13,1.821,1.821,1.821,1.821,
1990-06-14,1.844,1.844,1.844,1.844,
1990-06-15,1.814,1.814,1.814,1.814,
1990-06-18,1.781,1.781,1.781,1.781,
1990-06-19,1.781,1.781,1.781,1.781,
1990-06-20,1.777,1.777,1.777,1.777,
1990-06-21,1.806,1.806,1.806,1.806,
1990-06-22,1.769,1.769,1.769,1.769,
1990-06-25,1.707,1.707,1.707,1.707,
1990-06-26,1.707,1.707,1.707,1.707,
1990-06-27,1.725,1.725,1.725,1.725,
1990-06-28,1.732,1.732,1.732,1.732,
1990-06-29,1.71,1.71,1.71,1.71,
1990-07-02,1.714,1.714,1.714,1.714,
1990-07-03,1.688,1.688,1.688,1.688,
1990-07-05,1.707,1.707,1.707,1.707,
1990-07-06,1.744,1.744,1.744,1.744,
1990-07-09,1.777,1.777,1.777,1.777,
1990-07-10,1.777,1.777,1.777,1.777,
1990-07-11,1.799,1.799,1.799,1.799,
1990-07-12,1.871,1.871,1.871,1.871,
1990-07-13,1.888,1.888,1.888,1.888,
1990-07-16,1.939,1.939,1.939,1.939,
1990-07-17,1.85,1.85,1.85,1.85,
1990-07-18,1.761,1.761,1.761,1.761,
1990-07-19,1.784,1.784,1.784,1.784,
1990-07-20,1.773,1.773,1.773,1.773,
1990-07-23,1.695,1.695,1.695,1.695,
1990-07-24,1.684,1.684,1.684,1.684,
1990-07-25,1.684,1.684,1.684,1.684,
1990-07-26,1.711,1.711,1.711,1.711,
1990-07-27,1.634,1.634,1.634,1.634,
1990-07-30,1.589,1.589,1.589,1.589,
1990-07-31,1.523,1.523,1.523,1.523,
1990-08-01,1.628,1.628,1.628,1.628,
1990-08-02,1.589,1.589,1.589,1.589,
1990-08-03,1.556,1.556,1.556,1.556,
1990-08-06,1.467,1.467,1.467,1.467,
1990-08-07,1.484,1.484,1.484,1.484,
1990-08-08,1.545,1.545,1.545,1.545,
1990-08-09,1.578,1.578,1.578,1.578,
1990-08-10,1.534,1.534,1.534,1.534,
1990-08-13,1.589,1.589,1.589,1.589,
1990-08-14,1.6,1.6,1.6,1.6,
1990-08-15,1.65,1.65,1.65,1.65,
1990-08-16,1.55,1.55,1.55,1.55,
1990-08-17,1.506,1.506,1.506,1.506,
1990-08-20,1.422,1.422,1.422,1.422,
1990-08-21,1.378,1.378,1.378,1.378,
1990-08-22,1.356,1.356,1.356,1.356,
1990-08-23,1.274,1.274,1.274,1.274,
1990-08-24,1.391,1.391,1.391,1.391,
1990-08-27,1.507,1.507,1.507,1.507,
1990-08-28,1.541,1.541,1.541,1.541,
1990-08-29,1.569,1.569,1.569,1.569,
1990-08-30,1.507,1.507,1.507,1.507,
1990-08-31,1.507,1.507,1.507,1.507,
1990-09-04,1.557,1.557,1.557,1.557,
1990-09-05,1.552,1.552,1.552,1.552,
1990-09-06,1.502,1.502,1.502,1.502,
1990-09-07,1.502,1.502,1.502,1.502,
1990-09-10,1.507,1.507,1.507,1.507,
1990-09-11,1.452,1.452,1.452,1.452,
1990-09-12,1.468,1.468,1.468,1.468,
1990-09-13,1.452,1.452,1.452,1.452,
1990-09-14,1.446,1.446,1.446,1.446,
1990-09-17,1.48,1.48,1.48,1.48,
1990-09-18,1.496,1.496,1.496,1.496,
1990-09-19,1.507,1.507,1.507,1.507,
1990-09-20,1.435,1.435,1.435,1.435,
1990-09-21,1.407,1.407,1.407,1.407,
1990-09-24,1.374,1.374,1.374,1.374,
1990-09-25,1.385,1.385,1.385,1.385,
1990-09-26,1.363,1.363,1.363,1.363,
1990-09-27,1.329,1.329,1.329,1.329,
1990-09-28,1.352,1.352,1.352,1.352,
1990-10-01,1.435,1.435,1.435,1.435,
1990-10-02,1.457,1.457,1.457,1.457,
1990-10-03,1.391,1.391,1.391,1.391,
1990-10-04,1.379,1.379,1.379,1.379,
1990-10-05,1.357,1.357,1.357,1.357,
1990-10-08,1.335,1.335,1.335,1.335,
1990-10-09,1.224,1.224,1.224,1.224,
1990-10-10,1.229,1.229,1.229,1.229,
1990-10-11,1.246,1.246,1.246,1.246,
1990-10-12,1.279,1.279,1.279,1.279,
1990-10-15,1.218,1.218,1.218,1.218,
1990-10-16,1.213,1.213,1.213,1.213,
1990-10-17,1.246,1.246,1.246,1.246,
1990-10-18,1.296,1.296,1.296,1.296,
1990-10-19,1.34,1.34,1.34,1.34,
1990-10-22,1.402,1.402,1.402,1.402,
1990-10-23,1.391,1.391,1.391,1.391,
1990-10-24,1.368,1.368,1.368,1.368,
1990-10-25,1.396,1.396,1.396,1.396,
1990-10-26,1.335,1.335,1.335,1.335,
1990-10-29,1.29,1.29,1.29,1.29,
1990-10-30,1.324,1.324,1.324,1.324,
1990-10-31,1.307,1.307,1.307,1.307,
1990-11-01,1.296,1.296,1.296,1.296,
1990-11-02,1.357,1.357,1.357,1.357,
1990-11-05,1.424,1.424,1.424,1.424,
1990-11-06,1.391,1.391,1.391,1.391,
1990-11-07,1.335,1.335,1.335,1.335,
1990-11-08,1.352,1.352,1.352,1.352,
1990-11-09,1.424,1.424,1.424,1.424,
1990-11-12,1.457,1.457,1.457,1.457,
1990-11-13,1.496,1.496,1.496,1.496,
1990-11-14,1.569,1.569,1.569,1.569,
1990-11-15,1.535,1.535,1.535,1.535,
1990-11-16,1.557,1.557,1.557,1.557,
1990-11-19,1.602,1.602,1.602,1.602,
1990-11-20,1.602,1.602,1.602,1.602,
1990-11-21,1.541,1.541,1.541,1.541,
1990-11-23,1.502,1.502,1.502,1.502,
1990-11-26,1.525,1.525,1.525,1.525,
1990-11-27,1.52,1.52,1.52,1.52,
1990-11-28,1.548,1.548,1.548,1.548,
1990-11-29,1.548,1.548,1.548,1.548,
1990-11-30,1.592,1.592,1.592,1.592,
1990-12-03,1.681,1.681,1.681,1.681,
1990-12-04,1.709,1.709,1.709,1.709,
1990-12-05,1.737,1.737,1.737,1.737,
1990-12-06,1.709,1.709,1.709,1.709,
1990-12-07,1.692,1.692,1.692,1.692,
1990-12-10,1.704,1.704,1.704,1.704,
1990-12-11,1.67,1.67,1.67,1.67,
1990-12-12,1.681,1.681,1.681,1.681,
1990-12-13,1.67,1.67,1.67,1.67,
1990-12-14,1.681,1.681,1.681,1.681,
1990-12-17,1.67,1.67,1.67,1.67,
1990-12-18,1.715,1.715,1.715,1.715,
1990-12-19,1.748,1.748,1.748,1.748,
1990-12-20,1.731,1.731,1.731,1.731,
1990-12-21,1.742,1.742,1.742,1.742,
1990-12-24,1.715,1.715,1.715,1.715,
1990-12-26,1.737,1.737,1.737,1.737,
1990-12-27,1.709,1.709,1.709,1.709,
1990-12-28,1.704,1.704,1.704,1.704,
1990-12-31,1.72,1.72,1.72,1.72,
1991-01-02,1.698,1.698,1.698,1.698,
1991-01-03,1.665,1.665,1.665,1.665,
1991-01-04,1.67,1.67,1.67,1.67,
1991-01-07,1.609,1.609,1.609,1.609,
1991-01-08,1.57,1.57,1.57,1.57,
1991-01-09,1.575,1.575,1.575,1.575,
1991-01-10,1.626,1.626,1.626,1.626,
1991-01-11,1.637,1.637,1.637,1.637,
1991-01-14,1.648,1.648,1.648,1.648,
1991-01-15,1.681,1.681,1.681,1.681,
1991-01-16,1.72,1.72,1.72,1.72,
1991-01-17,1.793,1.793,1.793,1.793,
1991-01-18,1.815,1.815,1.815,1.815,
1991-01-21,1.832,1.832,1.832,1.832,
1991-01-22,1.815,1.815,1.815,1.815,
1991-01-23,1.854,1.854,1.854,1.854,
1991-01-24,1.948,1.948,1.948,1.948,
1991-01-25,1.937,1.937,1.937,1.937,
1991-01-28,1.898,1.898,1.898,1.898,
1991-01-29,1.882,1.882,1.882,1.882,
1991-01-30,1.976,1.976,1.976,1.976,
1991-01-31,1.926,1.926,1.926,1.926,
1991-02-01,1.909,1.909,1.909,1.909,
1991-02-04,1.926,1.926,1.926,1.926,
1991-02-05,1.976,1.976,1.976,1.976,
1991-02-06,2.038,2.038,2.038,2.038,
1991-02-07,2.082,2.082,2.082,2.082,
1991-02-08,2.049,2.049,2.049,2.049,
1991-02-11,2.143,2.143,2.143,2.143,
1991-02-12,2.115,2.115,2.115,2.115,
1991-02-13,2.138,2.138,2.138,2.138,
1991-02-14,2.093,2.093,2.093,2.093,
1991-02-15,2.182,2.182,2.182,2.182,
1991-02-19,2.216,2.216,2.216,2.216,
1991-02-20,2.138,2.138,2.138,2.138,
1991-02-21,2.06,2.06,2.06,2.06,
1991-02-22,2.21,2.21,2.21,2.21,
1991-02-25,2.182,2.182,2.182,2.182,
1991-02-26,2.16,2.16,2.16,2.16,
1991-02-27,2.205,2.205,2.205,2.205,
1991-02-28,2.171,2.171,2.171,2.171,
1991-03-01,2.177,2.177,2.177,2.177,
1991-03-04,2.21,2.21,2.21,2.21,
1991-03-05,2.305,2.305,2.305,2.305,
1991-03-06,2.321,2.321,2.321,2.321,
1991-03-07,2.317,2.317,2.317,2.317,
1991-03-08,2.267,2.267,2.267,2.267,
1991-03-11,2.245,2.245,2.245,2.245,
1991-03-12,2.195,2.195,2.195,2.195,
1991-03-13,2.267,2.267,2.267,2.267,
1991-03-14,2.245,2.245,2.245,2.245,
1991-03-15,2.217,2.217,2.217,2.217,
1991-03-18,2.223,2.223,2.223,2.223,
1991-03-19,2.2,2.2,2.2,2.2,
1991-03-20,2.172,2.172,2.172,2.172,
1991-03-21,2.206,2.206,2.206,2.206,
1991-03-22,2.273,2.273,2.273,2.273,
1991-03-25,2.323,2.323,2.323,2.323,
1991-03-26,2.395,2.395,2.395,2.395,
1991-03-27,2.412,2.412,2.412,2.412,
1991-03-28,2.406,2.406,2.406,2.406,
1991-04-01,2.384,2.384,2.384,2.384,
1991-04-02,2.473,2.473,2.473,2.473,
1991-04-03,2.501,2.501,2.501,2.501,
1991-04-04,2.501,2.501,2.501,2.501,
1991-04-05,2.429,2.429,2.429,2.429,
1991-04-08,2.462,2.462,2.462,2.462,
1991-04-09,2.434,2.434,2.434,2.434,
1991-04-10,2.445,2.445,2.445,2.445,
1991-04-11,2.501,2.501,2.501,2.501,
1991-04-12,2.59,2.59,2.59,2.59,
1991-04-15,2.579,2.579,2.579,2.579,
1991-04-16,2.59,2.59,2.59,2.59,
1991-04-17,2.624,2.624,2.624,2.624,
1991-04-18,2.579,2.579,2.579,2.579,
1991-04-19,2.529,2.529,2.529,2.529,
1991-04-22,2.551,2.551,2.551,2.551,
1991-04-23,2.59,2.59,2.59,2.59,
1991-04-24,2.651,2.651,2.651,2.651,
1991-04-25,2.607,2.607,2.607,2.607,
1991-04-26,2.618,2.618,2.618,2.618,
1991-04-29,2.585,2.585,2.585,2.585,
1991-04-30,2.562,2.562,2.562,2.562,
1991-05-01,2.64,2.64,2.64,2.64,
1991-05-02,2.657,2.657,2.657,2.657,
1991-05-03,2.629,2.629,2.629,2.629,
1991-05-06,2.635,2.635,2.635,2.635,
1991-05-07,2.596,2.596,2.596,2.596,
1991-05-08,2.607,2.607,2.607,2.607,
1991-05-09,2.674,2.674,2.674,2.674,
1991-05-10,2.612,2.612,2.612,2.612,
1991-05-13,2.601,2.601,2.601,2.601,
1991-05-14,2.579,2.579,2.579,2.579,
1991-05-15,2.518,2.518,2.518,2.518,
1991-05-16,2.579,2.579,2.579,2.579,
1991-05-17,2.607,2.607,2.607,2.607,
1991-05-20,2.624,2.624,2.624,2.624,
1991-05-21,2.707,2.707,2.707,2.707,
1991-05-22,2.791,2.791,2.791,2.791,
1991-05-23,2.885,2.885,2.885,2.885,
1991-05-24,2.919,2.919,2.919,2.919,
1991-05-28,2.885,2.885,2.885,2.885,
1991-05-29,2.846,2.846,2.846,2.846,
1991-05-30,2.908,2.908,2.908,2.908,
1991-05-31,2.936,2.936,2.936,2.936,
1991-06-03,2.941,2.941,2.941,2.941,
1991-06-04,2.924,2.924,2.924,2.924,
1991-06-05,2.952,2.952,2.952,2.952,
1991-06-06,2.93,2.93,2.93,2.93,
1991-06-07,2.913,2.913,2.913,2.913,
1991-06-10,2.869,2.869,2.869,2.869,
1991-06-11,2.908,2.908,2.908,2.908,
1991-06-12,2.902,2.902,2.902,2.902,
1991-06-13,2.941,2.941,2.941,2.941,
1991-06-14,3.041,3.041,3.041,3.041,
1991-06-17,3.086,3.086,3.086,3.086,
1991-06-18,3.019,3.019,3.019,3.019,
1991-06-19,3.002,3.002,3.002,3.002,
1991-06-20,2.997,2.997,2.997,2.997,
1991-06-21,2.997,2.997,2.997,2.997,
1991-06-24,2.902,2.902,2.902,2.902,
1991-06-25,2.93,2.93,2.93,2.93,
1991-06-26,2.933,2.933,2.933,2.933,
1991-06-27,3.05,3.05,3.05,3.05,
1991-06-28,3.016,3.016,3.016,3.016,
1991-07-01,3.142,3.142,3.142,3.142,
1991-07-02,3.158,3.158,3.158,3.158,
1991-07-03,3.152,3.152,3.152,3.152,
1991-07-05,3.144,3.144,3.144,3.144,
1991-07-08,3.169,3.169,3.169,3.169,
1991-07-09,3.194,3.194,3.194,3.194,
1991-07-10,3.211,3.211,3.211,3.211,
1991-07-11,3.202,3.202,3.202,3.202,
1991-07-12,3.236,3.236,3.236,3.236,
1991-07-15,3.286,3.286,3.286,3.286,
1991-07-16,3.227,3.227,3.227,3.227,
1991-07-17,3.185,3.185,3.185,3.185,
1991-07-18,3.194,3.194,3.194,3.194,
1991-07-19,3.144,3.144,3.144,3.144,
1991-07-22,3.085,3.085,3.085,3.085,
1991-07-23,3.01,3.01,3.01,3.01,
1991-07-24,3.027,3.027,3.027,3.027,
1991-07-25,3.052,3.052,3.052,3.052,
1991-07-26,3.135,3.135,3.135,3.135,
1991-07-29,3.16,3.16,3.16,3.16,
1991-07-30,3.236,3.236,3.236,3.236,
1991-07-31,3.244,3.244,3.244,3.244,
1991-08-01,3.211,3.211,3.211,3.211,
1991-08-02,3.219,3.219,3.219,3.219,
1991-08-05,3.211,3.211,3.211,3.211,
1991-08-06,3.336,3.336,3.336,3.336,
1991-08-07,3.302,3.302,3.302,3.302,
1991-08-08,3.336,3.336,3.336,3.336,
1991-08-09,3.336,3.336,3.336,3.336,
1991-08-12,3.403,3.403,3.403,3.403,
1991-08-13,3.47,3.47,3.47,3.47,
1991-08-14,3.537,3.537,3.537,3.537,
1991-08-15,3.428,3.428,3.428,3.428,
1991-08-16,3.353,3.353,3.353,3.353,
1991-08-19,3.277,3.277,3.277,3.277,
1991-08-20,3.319,3.319,3.319,3.319,
1991-08-21,3.495,3.495,3.495,3.495,
1991-08-22,3.511,3.511,3.511,3.511,
1991-08-23,3.486,3.486,3.486,3.486,
1991-08-26,3.445,3.445,3.445,3.445,
1991-08-27,3.528,3.528,3.528,3.528,
1991-08-28,3.606,3.606,3.606,3.606,
1991-08-29,3.58,3.58,3.58,3.58,
1991-08-30,3.606,3.606,3.606,3.606,
1991-09-03,3.589,3.589,3.589,3.589,
1991-09-04,3.547,3.547,3.547,3.547,
1991-09-05,3.488,3.488,3.488,3.488,
1991-09-06,3.463,3.463,3.463,3.463,
1991-09-09,3.497,3.497,3.497,3.497,
1991-09-10,3.405,3.405,3.405,3.405,
1991-09-11,3.413,3.413,3.413,3.413,
1991-09-12,3.472,3.472,3.472,3.472,
1991-09-13,3.405,3.405,3.405,3.405,
1991-09-16,3.405,3.405,3.405,3.405,
1991-09-17,3.396,3.396,3.396,3.396,
1991-09-18,3.488,3.488,3.488,3.488,
1991-09-19,3.488,3.488,3.488,3.488,
1991-09-20,3.555,3.555,3.555,3.555,
1991-09-23,3.606,3.606,3.606,3.606,
1991-09-24,3.656,3.656,3.656,3.656,
1991-09-25,3.672,3.672,3.672,3.672,
1991-09-26,3.622,3.622,3.622,3.622,
1991-09-27,3.589,3.589,3.589,3.589,
1991-09-30,3.647,3.647,3.647,3.647,
1991-10-01,3.681,3.681,3.681,3.681,
1991-10-02,3.706,3.706,3.706,3.706,
1991-10-03,3.672,3.672,3.672,3.672,
1991-10-04,3.564,3.564,3.564,3.564,
1991-10-07,3.497,3.497,3.497,3.497,
1991-10-08,3.631,3.631,3.631,3.631,
1991-10-09,3.53,3.53,3.53,3.53,
1991-10-10,3.564,3.564,3.564,3.564,
1991-10-11,3.53,3.53,3.53,3.53,
1991-10-14,3.622,3.622,3.622,3.622,
1991-10-15,3.614,3.614,3.614,3.614,
1991-10-16,3.698,3.698,3.698,3.698,
1991-10-17,3.723,3.723,3.723,3.723,
1991-10-18,3.731,3.731,3.731,3.731,
1991-10-21,3.723,3.723,3.723,3.723,
1991-10-22,3.773,3.773,3.773,3.773,
1991-10-23,3.689,3.689,3.689,3.689,
1991-10-24,3.622,3.622,3.622,3.622,
1991-10-25,3.656,3.656,3.656,3.656,
1991-10-28,3.714,3.714,3.714,3.714,
1991-10-29,3.689,3.689,3.689,3.689,
1991-10-30,3.773,3.773,3.773,3.773,
1991-10-31,3.815,3.815,3.815,3.815,
1991-11-01,3.781,3.781,3.781,3.781,
1991-11-04,3.798,3.798,3.798,3.798,
1991-11-05,3.815,3.815,3.815,3.815,
1991-11-06,3.856,3.856,3.856,3.856,
1991-11-07,3.999,3.999,3.999,3.999,
1991-11-08,3.974,3.974,3.974,3.974,
1991-11-11,4.007,4.007,4.007,4.007,
1991-11-12,4.099,4.099,4.099,4.099,
1991-11-13,4.066,4.066,4.066,4.066,
1991-11-14,4.066,4.066,4.066,4.066,
1991-11-15,3.865,3.865,3.865,3.865,
1991-11-18,4.015,4.015,4.015,4.015,
1991-11-19,3.89,3.89,3.89,3.89,
1991-11-20,3.923,3.923,3.923,3.923,
1991-11-21,3.974,3.974,3.974,3.974,
1991-11-22,3.982,3.982,3.982,3.982,
1991-11-25,3.923,3.923,3.923,3.923,
1991-11-26,3.984,3.984,3.984,3.984,
1991-11-27,3.992,3.992,3.992,3.992,
1991-11-29,4.034,4.034,4.034,4.034,
1991-12-02,4.126,4.126,4.126,4.126,
1991-12-03,4.151,4.151,4.151,4.151,
1991-12-04,4.16,4.16,4.16,4.16,
1991-12-05,4.151,4.151,4.151,4.151,
1991-12-06,4.277,4.277,4.277,4.277,
1991-12-09,4.26,4.26,4.26,4.26,
1991-12-10,4.344,4.344,4.344,4.344,
1991-12-11,4.319,4.319,4.319,4.319,
1991-12-12,4.319,4.319,4.319,4.319,
1991-12-13,4.369,4.369,4.369,4.369,
1991-12-16,4.344,4.344,4.344,4.344,
1991-12-17,4.285,4.285,4.285,4.285,
1991-12-18,4.302,4.302,4.302,4.302,
1991-12-19,4.227,4.227,4.227,4.227,
1991-12-20,4.269,4.269,4.269,4.269,
1991-12-23,4.327,4.327,4.327,4.327,
1991-12-24,4.352,4.352,4.352,4.352,
1991-12-26,4.386,4.386,4.386,4.386,
1991-12-27,4.486,4.486,4.486,4.486,
1991-12-30,4.637,4.637,4.637,4.637,
1991-12-31,4.511,4.511,4.511,4.511,
1992-01-02,4.587,4.587,4.587,4.587,
1992-01-03,4.662,4.662,4.662,4.662,
1992-01-06,4.654,4.654,4.654,4.654,
1992-01-07,4.628,4.628,4.628,4.628,
1992-01-08,4.587,4.587,4.587,4.587,
1992-01-09,4.52,4.52,4.52,4.52,
1992-01-10,4.545,4.545,4.545,4.545,
1992-01-13,4.645,4.645,4.645,4.645,
1992-01-14,4.746,4.746,4.746,4.746,
1992-01-15,4.729,4.729,4.729,4.729,
1992-01-16,4.578,4.578,4.578,4.578,
1992-01-17,4.461,4.461,4.461,4.461,
1992-01-20,4.344,4.344,4.344,4.344,
1992-01-21,4.135,4.135,4.135,4.135,
1992-01-22,4.394,4.394,4.394,4.394,
1992-01-23,4.31,4.31,4.31,4.31,
1992-01-24,4.31,4.31,4.31,4.31,
1992-01-27,4.26,4.26,4.26,4.26,
1992-01-28,4.227,4.227,4.227,4.227,
1992-01-29,4.176,4.176,4.176,4.176,
1992-01-30,4.151,4.151,4.151,4.151,
1992-01-31,4.126,4.126,4.126,4.126,
1992-02-03,4.26,4.26,4.26,4.26,
1992-02-04,4.302,4.302,4.302,4.302,
1992-02-05,4.344,4.344,4.344,4.344,
1992-02-06,4.369,4.369,4.369,4.369,
1992-02-07,4.31,4.31,4.31,4.31,
1992-02-10,4.336,4.336,4.336,4.336,
1992-02-11,4.327,4.327,4.327,4.327,
1992-02-12,4.344,4.344,4.344,4.344,
1992-02-13,4.269,4.269,4.269,4.269,
1992-02-14,4.185,4.185,4.185,4.185,
1992-02-18,4.059,4.059,4.059,4.059,
1992-02-19,4.093,4.093,4.093,4.093,
1992-02-20,4.193,4.193,4.193,4.193,
1992-02-21,4.126,4.126,4.126,4.126,
1992-02-24,4.135,4.135,4.135,4.135,
1992-02-25,4.168,4.168,4.168,4.168,
1992-02-26,4.31,4.31,4.31,4.31,
1992-02-27,4.344,4.344,4.344,4.344,
1992-02-28,4.285,4.285,4.285,4.285,
1992-03-02,4.285,4.285,4.285,4.285,
1992-03-03,4.271,4.271,4.271,4.271,
1992-03-04,4.22,4.22,4.22,4.22,
1992-03-05,4.187,4.187,4.187,4.187,
1992-03-06,4.111,4.111,4.111,4.111,
1992-03-09,4.095,4.095,4.095,4.095,
1992-03-10,4.128,4.128,4.128,4.128,
1992-03-11,4.103,4.103,4.103,4.103,
1992-03-12,4.153,4.153,4.153,4.153,
1992-03-13,4.195,4.195,4.195,4.195,
1992-03-16,4.346,4.346,4.346,4.346,
1992-03-17,4.421,4.421,4.421,4.421,
1992-03-18,4.379,4.379,4.379,4.379,
1992-03-19,4.388,4.388,4.388,4.388,
1992-03-20,4.396,4.396,4.396,4.396,
1992-03-23,4.413,4.413,4.413,4.413,
1992-03-24,4.413,4.413,4.413,4.413,
1992-03-25,4.396,4.396,4.396,4.396,
1992-03-26,4.472,4.472,4.472,4.472,
1992-03-27,4.413,4.413,4.413,4.413,
1992-03-30,4.287,4.287,4.287,4.287,
1992-03-31,4.338,4.338,4.338,4.338,
1992-04-01,4.312,4.312,4.312,4.312,
1992-04-02,4.187,4.187,4.187,4.187,
1992-04-03,4.204,4.204,4.204,4.204,
1992-04-06,4.338,4.338,4.338,4.338,
1992-04-07,4.229,4.229,4.229,4.229,
1992-04-08,4.212,4.212,4.212,4.212,
1992-04-09,4.329,4.329,4.329,4.329,
1992-04-10,4.312,4.312,4.312,4.312,
1992-04-13,4.388,4.388,4.388,4.388,
1992-04-14,4.497,4.497,4.497,4.497,
1992-04-15,4.58,4.58,4.58,4.58,
1992-04-16,4.446,4.446,4.446,4.446,
1992-04-20,4.312,4.312,4.312,4.312,
1992-04-21,4.254,4.254,4.254,4.254,
1992-04-22,4.229,4.229,4.229,4.229,
1992-04-23,4.237,4.237,4.237,4.237,
1992-04-24,4.128,4.128,4.128,4.128,
1992-04-27,4.137,4.137,4.137,4.137,
1992-04-28,4.086,4.086,4.086,4.086,
1992-04-29,4.145,4.145,4.145,4.145,
1992-04-30,4.178,4.178,4.178,4.178,
1992-05-01,4.128,4.128,4.128,4.128,
1992-05-04,4.204,4.204,4.204,4.204,
1992-05-05,4.287,4.287,4.287,4.287,
1992-05-06,4.262,4.262,4.262,4.262,
1992-05-07,4.271,4.271,4.271,4.271,
1992-05-08,4.304,4.304,4.304,4.304,
1992-05-11,4.405,4.405,4.405,4.405,
1992-05-12,4.446,4.446,4.446,4.446,
1992-05-13,4.413,4.413,4.413,4.413,
1992-05-14,4.312,4.312,4.312,4.312,
1992-05-15,4.271,4.271,4.271,4.271,
1992-05-18,4.354,4.354,4.354,4.354,
1992-05-19,4.413,4.413,4.413,4.413,
1992-05-20,4.455,4.455,4.455,4.455,
1992-05-21,4.438,4.438,4.438,4.438,
1992-05-22,4.491,4.491,4.491,4.491,
1992-05-26,4.449,4.449,4.449,4.449,
1992-05-27,4.533,4.533,4.533,4.533,
1992-05-28,4.634,4.634,4.634,4.634,
1992-05-29,4.734,4.734,4.734,4.734,
1992-06-01,4.743,4.743,4.743,4.743,
1992-06-02,4.659,4.659,4.659,4.659,
1992-06-03,4.718,4.718,4.718,4.718,
1992-06-04,4.692,4.692,4.692,4.692,
1992-06-05,4.642,4.642,4.642,4.642,
1992-06-08,4.634,4.634,4.634,4.634,
1992-06-09,4.584,4.584,4.584,4.584,
1992-06-10,4.55,4.55,4.55,4.55,
1992-06-11,4.617,4.617,4.617,4.617,
1992-06-12,4.584,4.584,4.584,4.584,
1992-06-15,4.642,4.642,4.642,4.642,
1992-06-16,4.651,4.651,4.651,4.651,
1992-06-17,4.5,4.5,4.5,4.5,
1992-06-18,4.441,4.441,4.441,4.441,
1992-06-19,4.374,4.374,4.374,4.374,
1992-06-22,4.449,4.449,4.449,4.449,
1992-06-23,4.542,4.542,4.542,4.542,
1992-06-24,4.366,4.366,4.366,4.366,
1992-06-25,4.273,4.273,4.273,4.273,
1992-06-26,4.299,4.299,4.299,4.299,
1992-06-29,4.483,4.483,4.483,4.483,
1992-06-30,4.508,4.508,4.508,4.508,
1992-07-01,4.609,4.609,4.609,4.609,
1992-07-02,4.638,4.638,4.638,4.638,
1992-07-06,4.651,4.651,4.651,4.651,
1992-07-07,4.525,4.525,4.525,4.525,
1992-07-08,4.613,4.613,4.613,4.613,
1992-07-09,4.713,4.713,4.713,4.713,
1992-07-10,4.739,4.739,4.739,4.739,
1992-07-13,4.713,4.713,4.713,4.713,
1992-07-14,4.751,4.751,4.751,4.751,
1992-07-15,4.764,4.764,4.764,4.764,
1992-07-16,4.751,4.751,4.751,4.751,
1992-07-17,4.764,4.764,4.764,4.764,
1992-07-20,4.726,4.726,4.726,4.726,
1992-07-21,4.776,4.776,4.776,4.776,
1992-07-22,4.713,4.713,4.713,4.713,
1992-07-23,4.776,4.776,4.776,4.776,
1992-07-24,4.801,4.801,4.801,4.801,
1992-07-27,4.914,4.914,4.914,4.914,
1992-07-28,5.015,5.015,5.015,5.015,
1992-07-29,4.965,4.965,4.965,4.965,
1992-07-30,5.028,5.028,5.028,5.028,
1992-07-31,5.053,5.053,5.053,5.053,
1992-08-03,5.191,5.191,5.191,5.191,
1992-08-04,5.141,5.141,5.141,5.141,
1992-08-05,5.116,5.116,5.116,5.116,
1992-08-06,5.128,5.128,5.128,5.128,
1992-08-07,5.128,5.128,5.128,5.128,
1992-08-10,5.241,5.241,5.241,5.241,
1992-08-11,5.229,5.229,5.229,5.229,
1992-08-12,5.178,5.178,5.178,5.178,
1992-08-13,5.216,5.216,5.216,5.216,
1992-08-14,5.153,5.153,5.153,5.153,
1992-08-17,5.216,5.216,5.216,5.216,
1992-08-18,5.254,5.254,5.254,5.254,
1992-08-19,5.254,5.254,5.254,5.254,
1992-08-20,5.241,5.241,5.241,5.241,
1992-08-21,5.229,5.229,5.229,5.229,
1992-08-24,5.178,5.178,5.178,5.178,
1992-08-25,5.065,5.065,5.065,5.065,
1992-08-26,5.116,5.116,5.116,5.116,
1992-08-27,5.257,5.257,5.257,5.257,
1992-08-28,5.32,5.32,5.32,5.32,
1992-08-31,5.37,5.37,5.37,5.37,
1992-09-01,5.471,5.471,5.471,5.471,
1992-09-02,5.433,5.433,5.433,5.433,
1992-09-03,5.358,5.358,5.358,5.358,
1992-09-04,5.32,5.32,5.32,5.32,
1992-09-08,5.32,5.32,5.32,5.32,
1992-09-09,5.37,5.37,5.37,5.37,
1992-09-10,5.446,5.446,5.446,5.446,
1992-09-11,5.446,5.446,5.446,5.446,
1992-09-14,5.483,5.483,5.483,5.483,
1992-09-15,5.471,5.471,5.471,5.471,
1992-09-16,5.471,5.471,5.471,5.471,
1992-09-17,5.458,5.458,5.458,5.458,
1992-09-18,5.559,5.559,5.559,5.559,
1992-09-21,5.659,5.659,5.659,5.659,
1992-09-22,5.609,5.609,5.609,5.609,
1992-09-23,5.71,5.71,5.71,5.71,
1992-09-24,5.71,5.71,5.71,5.71,
1992-09-25,5.609,5.609,5.609,5.609,
1992-09-28,5.622,5.622,5.622,5.622,
1992-09-29,5.546,5.546,5.546,5.546,
1992-09-30,5.571,5.571,5.571,5.571,
1992-10-01,5.571,5.571,5.571,5.571,
1992-10-02,5.395,5.395,5.395,5.395,
1992-10-05,5.383,5.383,5.383,5.383,
1992-10-06,5.383,5.383,5.383,5.383,
1992-10-07,5.244,5.244,5.244,5.244,
1992-10-08,5.345,5.345,5.345,5.345,
1992-10-09,5.219,5.219,5.219,5.219,
1992-10-12,5.345,5.345,5.345,5.345,
1992-10-13,5.408,5.408,5.408,5.408,
1992-10-14,5.458,5.458,5.458,5.458,
1992-10-15,5.471,5.471,5.471,5.471,
1992-10-16,5.571,5.571,5.571,5.571,
1992-10-19,5.672,5.672,5.672,5.672,
1992-10-20,5.71,5.71,5.71,5.71,
1992-10-21,5.798,5.798,5.798,5.798,
1992-10-22,5.685,5.685,5.685,5.685,
1992-10-23,5.697,5.697,5.697,5.697,
1992-10-26,5.747,5.747,5.747,5.747,
1992-10-27,5.735,5.735,5.735,5.735,
1992-10-28,5.773,5.773,5.773,5.773,
1992-10-29,5.798,5.798,5.798,5.798,
1992-10-30,5.823,5.823,5.823,5.823,
1992-11-02,5.861,5.861,5.861,5.861,
1992-11-03,5.798,5.798,5.798,5.798,
1992-11-04,5.823,5.823,5.823,5.823,
1992-11-05,5.936,5.936,5.936,5.936,
1992-11-06,5.911,5.911,5.911,5.911,
1992-11-09,5.986,5.986,5.986,5.986,
1992-11-10,6.037,6.037,6.037,6.037,
1992-11-11,6.074,6.074,6.074,6.074,
1992-11-12,6.037,6.037,6.037,6.037,
1992-11-13,6.062,6.062,6.062,6.062,
1992-11-16,5.986,5.986,5.986,5.986,
1992-11-17,5.886,5.886,5.886,5.886,
1992-11-18,5.986,5.986,5.986,5.986,
1992-11-19,6.024,6.024,6.024,6.024,
1992-11-20,6.024,6.024,6.024,6.024,
1992-11-23,5.999,5.999,5.999,5.999,
1992-11-24,6.087,6.087,6.087,6.087,
1992-11-25,6.087,6.087,6.087,6.087,
1992-11-27,6.074,6.074,6.074,6.074,
1992-11-30,6.14,6.14,6.14,6.14,
1992-12-01,6.178,6.178,6.178,6.178,
1992-12-02,6.166,6.166,6.166,6.166,
1992-12-03,6.342,6.342,6.342,6.342,
1992-12-04,6.417,6.417,6.417,6.417,
1992-12-07,6.543,6.543,6.543,6.543,
1992-12-08,6.53,6.53,6.53,6.53,
1992-12-09,6.518,6.518,6.518,6.518,
1992-12-10,6.53,6.53,6.53,6.53,
1992-12-11,6.505,6.505,6.505,6.505,
1992-12-14,6.53,6.53,6.53,6.53,
1992-12-15,6.518,6.518,6.518,6.518,
1992-12-16,6.556,6.556,6.556,6.556,
1992-12-17,6.769,6.769,6.769,6.769,
1992-12-18,6.744,6.744,6.744,6.744,
1992-12-21,6.782,6.782,6.782,6.782,
1992-12-22,6.769,6.769,6.769,6.769,
1992-12-23,6.82,6.82,6.82,6.82,
1992-12-24,6.858,6.858,6.858,6.858,
1992-12-28,6.782,6.782,6.782,6.782,
1992-12-29,6.832,6.832,6.832,6.832,
1992-12-30,6.858,6.858,6.858,6.858,
1992-12-31,6.795,6.795,6.795,6.795,
1993-01-04,6.606,6.606,6.606,6.606,
1993-01-05,6.669,6.669,6.669,6.669,
1993-01-06,6.392,6.392,6.392,6.392,
1993-01-07,6.405,6.405,6.405,6.405,
1993-01-08,6.367,6.367,6.367,6.367,
1993-01-11,6.417,6.417,6.417,6.417,
1993-01-12,6.43,6.43,6.43,6.43,
1993-01-13,6.568,6.568,6.568,6.568,
1993-01-14,6.656,6.656,6.656,6.656,
1993-01-15,6.631,6.631,6.631,6.631,
1993-01-18,6.656,6.656,6.656,6.656,
1993-01-19,6.618,6.618,6.618,6.618,
1993-01-20,6.518,6.518,6.518,6.518,
1993-01-21,6.505,6.505,6.505,6.505,
1993-01-22,6.568,6.568,6.568,6.568,
1993-01-25,6.656,6.656,6.656,6.656,
1993-01-26,6.606,6.606,6.606,6.606,
1993-01-27,6.48,6.48,6.48,6.48,
1993-01-28,6.442,6.442,6.442,6.442,
1993-01-29,6.556,6.556,6.556,6.556,
1993-02-01,6.707,6.707,6.707,6.707,
1993-02-02,6.681,6.681,6.681,6.681,
1993-02-03,6.707,6.707,6.707,6.707,
1993-02-04,6.719,6.719,6.719,6.719,
1993-02-05,6.631,6.631,6.631,6.631,
1993-02-08,6.455,6.455,6.455,6.455,
1993-02-09,6.417,6.417,6.417,6.417,
1993-02-10,6.455,6.455,6.455,6.455,
1993-02-11,6.493,6.493,6.493,6.493,
1993-02-12,6.43,6.43,6.43,6.43,
1993-02-16,6.09,6.09,6.09,6.09,
1993-02-17,6.128,6.128,6.128,6.128,
1993-02-18,6.254,6.254,6.254,6.254,
1993-02-19,6.178,6.178,6.178,6.178,
1993-02-22,6.015,6.015,6.015,6.015,
1993-02-23,5.989,5.989,5.989,5.989,
1993-02-24,6.367,6.367,6.367,6.367,
1993-02-25,6.43,6.43,6.43,6.43,
1993-02-26,6.405,6.405,6.405,6.405,
1993-03-01,6.317,6.317,6.317,6.317,
1993-03-02,6.442,6.442,6.442,6.442,
1993-03-03,6.467,6.467,6.467,6.467,
1993-03-04,6.408,6.408,6.408,6.408,
1993-03-05,6.37,6.37,6.37,6.37,
1993-03-08,6.508,6.508,6.508,6.508,
1993-03-09,6.521,6.521,6.521,6.521,
1993-03-10,6.483,6.483,6.483,6.483,
1993-03-11,6.42,6.42,6.42,6.42,
1993-03-12,6.445,6.445,6.445,6.445,
1993-03-15,6.521,6.521,6.521,6.521,
1993-03-16,6.496,6.496,6.496,6.496,
1993-03-17,6.458,6.458,6.458,6.458,
1993-03-18,6.508,6.508,6.508,6.508,
1993-03-19,6.508,6.508,6.508,6.508,
1993-03-22,6.42,6.42,6.42,6.42,
1993-03-23,6.319,6.319,6.319,6.319,
1993-03-24,6.168,6.168,6.168,6.168,
1993-03-25,6.382,6.382,6.382,6.382,
1993-03-26,6.319,6.319,6.319,6.319,
1993-03-29,6.382,6.382,6.382,6.382,
1993-03-30,6.282,6.282,6.282,6.282,
1993-03-31,6.37,6.37,6.37,6.37,
1993-04-01,6.282,6.282,6.282,6.282,
1993-04-02,6.093,6.093,6.093,6.093,
1993-04-05,5.967,5.967,5.967,5.967,
1993-04-06,5.602,5.602,5.602,5.602,
1993-04-07,5.841,5.841,5.841,5.841,
1993-04-08,5.829,5.829,5.829,5.829,
1993-04-12,5.891,5.891,5.891,5.891,
1993-04-13,5.992,5.992,5.992,5.992,
1993-04-14,5.74,5.74,5.74,5.74,
1993-04-15,5.757,5.757,5.757,5.757,
1993-04-16,5.505,5.505,5.505,5.505,
1993-04-19,5.573,5.573,5.573,5.573,
1993-04-20,5.472,5.472,5.472,5.472,
1993-04-21,5.656,5.656,5.656,5.656,
1993-04-22,5.656,5.656,5.656,5.656,
1993-04-23,5.589,5.589,5.589,5.589,
1993-04-26,5.472,5.472,5.472,5.472,
1993-04-27,5.64,5.64,5.64,5.64,
1993-04-28,5.673,5.673,5.673,5.673,
1993-04-29,5.606,5.606,5.606,5.606,
1993-04-30,5.673,5.673,5.673,5.673,
1993-05-03,5.724,5.724,5.724,5.724,
1993-05-04,5.757,5.757,5.757,5.757,
1993-05-05,5.925,5.925,5.925,5.925,
1993-05-06,5.891,5.891,5.891,5.891,
1993-05-07,5.959,5.959,5.959,5.959,
1993-05-10,5.891,5.891,5.891,5.891,
1993-05-11,5.875,5.875,5.875,5.875,
1993-05-12,5.891,5.891,5.891,5.891,
1993-05-13,5.724,5.724,5.724,5.724,
1993-05-14,5.74,5.74,5.74,5.74,
1993-05-17,5.707,5.707,5.707,5.707,
1993-05-18,5.942,5.942,5.942,5.942,
1993-05-19,6.194,6.194,6.194,6.194,
1993-05-20,6.311,6.311,6.311,6.311,
1993-05-21,6.227,6.227,6.227,6.227,
1993-05-24,6.16,6.16,6.16,6.16,
1993-05-25,6.194,6.194,6.194,6.194,
1993-05-26,6.261,6.261,6.261,6.261,
1993-05-27,6.244,6.244,6.244,6.244,
1993-05-28,6.21,6.21,6.21,6.21,
1993-06-01,6.227,6.227,6.227,6.227,
1993-06-02,6.227,6.227,6.227,6.227,
1993-06-03,6.126,6.126,6.126,6.126,
1993-06-04,5.975,5.975,5.975,5.975,
1993-06-07,5.69,5.69,5.69,5.69,
1993-06-08,5.774,5.774,5.774,5.774,
1993-06-09,5.791,5.791,5.791,5.791,
1993-06-10,5.912,5.912,5.912,5.912,
1993-06-11,5.845,5.845,5.845,5.845,
1993-06-14,5.795,5.795,5.795,5.795,
1993-06-15,5.812,5.812,5.812,5.812,
1993-06-16,5.744,5.744,5.744,5.744,
1993-06-17,5.66,5.66,5.66,5.66,
1993-06-18,5.744,5.744,5.744,5.744,
1993-06-21,5.66,5.66,5.66,5.66,
1993-06-22,5.576,5.576,5.576,5.576,
1993-06-23,5.627,5.627,5.627,5.627,
1993-06-24,5.744,5.744,5.744,5.744,
1993-06-25,5.761,5.761,5.761,5.761,
1993-06-28,5.812,5.812,5.812,5.812,
1993-06-29,5.812,5.812,5.812,5.812,
1993-06-30,5.879,5.879,5.879,5.879,
1993-07-01,5.828,5.828,5.828,5.828,
1993-07-02,5.862,5.862,5.862,5.862,
1993-07-06,5.644,5.644,5.644,5.644,
1993-07-07,5.711,5.711,5.711,5.711,
1993-07-08,5.812,5.812,5.812,5.812,
1993-07-09,5.744,5.744,5.744,5.744,
1993-07-12,5.812,5.812,5.812,5.812,
1993-07-13,6.03,6.03,6.03,6.03,
1993-07-14,5.996,5.996,5.996,5.996,
1993-07-15,5.98,5.98,5.98,5.98,
1993-07-16,5.879,5.879,5.879,5.879,
1993-07-19,5.778,5.778,5.778,5.778,
1993-07-20,5.778,5.778,5.778,5.778,
1993-07-21,5.795,5.795,5.795,5.795,
1993-07-22,5.711,5.711,5.711,5.711,
1993-07-23,5.828,5.828,5.828,5.828,
1993-07-26,5.862,5.862,5.862,5.862,
1993-07-27,5.778,5.778,5.778,5.778,
1993-07-28,5.946,5.946,5.946,5.946,
1993-07-29,5.996,5.996,5.996,5.996,
1993-07-30,5.929,5.929,5.929,5.929,
1993-08-02,6.147,6.147,6.147,6.147,
1993-08-03,6.164,6.164,6.164,6.164,
1993-08-04,6.282,6.282,6.282,6.282,
1993-08-05,6.215,6.215,6.215,6.215,
1993-08-06,6.215,6.215,6.215,6.215,
1993-08-09,6.248,6.248,6.248,6.248,
1993-08-10,6.147,6.147,6.147,6.147,
1993-08-11,6.248,6.248,6.248,6.248,
1993-08-12,6.231,6.231,6.231,6.231,
1993-08-13,6.231,6.231,6.231,6.231,
1993-08-16,6.265,6.265,6.265,6.265,
1993-08-17,6.013,6.013,6.013,6.013,
1993-08-18,5.694,5.694,5.694,5.694,
1993-08-19,5.476,5.476,5.476,5.476,
1993-08-20,5.593,5.593,5.593,5.593,
1993-08-23,5.509,5.509,5.509,5.509,
1993-08-24,5.526,5.526,5.526,5.526,
1993-08-25,5.576,5.576,5.576,5.576,
1993-08-26,5.459,5.459,5.459,5.459,
1993-08-27,5.526,5.526,5.526,5.526,
1993-08-30,5.593,5.593,5.593,5.593,
1993-08-31,5.749,5.749,5.749,5.749,
1993-09-01,5.664,5.664,5.664,5.664,
1993-09-02,5.597,5.597,5.597,5.597,
1993-09-03,5.48,5.48,5.48,5.48,
1993-09-07,5.513,5.513,5.513,5.513,
1993-09-08,5.496,5.496,5.496,5.496,
1993-09-09,5.513,5.513,5.513,5.513,
1993-09-10,5.614,5.614,5.614,5.614,
1993-09-13,5.412,5.412,5.412,5.412,
1993-09-14,4.874,4.874,4.874,4.874,
1993-09-15,4.774,4.774,4.774,4.774,
1993-09-16,5.026,5.026,5.026,5.026,
1993-09-17,5.059,5.059,5.059,5.059,
1993-09-20,4.925,4.925,4.925,4.925,
1993-09-21,4.874,4.874,4.874,4.874,
1993-09-22,4.942,4.942,4.942,4.942,
1993-09-23,4.992,4.992,4.992,4.992,
1993-09-24,5.093,5.093,5.093,5.093,
1993-09-27,5.177,5.177,5.177,5.177,
1993-09-28,5.278,5.278,5.278,5.278,
1993-09-29,5.227,5.227,5.227,5.227,
1993-09-30,5.177,5.177,5.177,5.177,
1993-10-01,5.261,5.261,5.261,5.261,
1993-10-04,5.295,5.295,5.295,5.295,
1993-10-05,5.227,5.227,5.227,5.227,
1993-10-06,5.295,5.295,5.295,5.295,
1993-10-07,5.244,5.244,5.244,5.244,
1993-10-08,5.16,5.16,5.16,5.16,
1993-10-11,5.093,5.093,5.093,5.093,
1993-10-12,5.127,5.127,5.127,5.127,
1993-10-13,5.093,5.093,5.093,5.093,
1993-10-14,5.11,5.11,5.11,5.11,
1993-10-15,5.328,5.328,5.328,5.328,
1993-10-18,5.295,5.295,5.295,5.295,
1993-10-19,5.177,5.177,5.177,5.177,
1993-10-20,5.227,5.227,5.227,5.227,
1993-10-21,5.261,5.261,5.261,5.261,
1993-10-22,5.177,5.177,5.177,5.177,
1993-10-25,5.295,5.295,5.295,5.295,
1993-10-26,5.227,5.227,5.227,5.227,
1993-10-27,5.227,5.227,5.227,5.227,
1993-10-28,5.278,5.278,5.278,5.278,
1993-10-29,5.328,5.328,5.328,5.328,
1993-11-01,5.412,5.412,5.412,5.412,
1993-11-02,5.463,5.463,5.463,5.463,
1993-11-03,5.48,5.48,5.48,5.48,
1993-11-04,5.362,5.362,5.362,5.362,
1993-11-05,5.362,5.362,5.362,5.362,
1993-11-08,5.463,5.463,5.463,5.463,
1993-11-09,5.446,5.446,5.446,5.446,
1993-11-10,5.631,5.631,5.631,5.631,
1993-11-11,5.664,5.664,5.664,5.664,
1993-11-12,5.765,5.765,5.765,5.765,
1993-11-15,5.95,5.95,5.95,5.95,
1993-11-16,5.698,5.698,5.698,5.698,
1993-11-17,5.799,5.799,5.799,5.799,
1993-11-18,5.732,5.732,5.732,5.732,
1993-11-19,5.782,5.782,5.782,5.782,
1993-11-22,5.58,5.58,5.58,5.58,
1993-11-23,5.614,5.614,5.614,5.614,
1993-11-24,5.685,5.685,5.685,5.685,
1993-11-26,5.769,5.769,5.769,5.769,
1993-11-29,5.685,5.685,5.685,5.685,
1993-11-30,5.584,5.584,5.584,5.584,
1993-12-01,5.635,5.635,5.635,5.635,
1993-12-02,5.753,5.753,5.753,5.753,
1993-12-03,5.736,5.736,5.736,5.736,
1993-12-06,5.736,5.736,5.736,5.736,
1993-12-07,5.736,5.736,5.736,5.736,
1993-12-08,5.702,5.702,5.702,5.702,
1993-12-09,5.652,5.652,5.652,5.652,
1993-12-10,5.568,5.568,5.568,5.568,
1993-12-13,5.534,5.534,5.534,5.534,
1993-12-14,5.45,5.45,5.45,5.45,
1993-12-15,5.383,5.383,5.383,5.383,
1993-12-16,5.366,5.366,5.366,5.366,
1993-12-17,5.383,5.383,5.383,5.383,
1993-12-20,5.416,5.416,5.416,5.416,
1993-12-21,5.265,5.265,5.265,5.265,
1993-12-22,5.282,5.282,5.282,5.282,
1993-12-23,5.366,5.366,5.366,5.366,
1993-12-27,5.332,5.332,5.332,5.332,
1993-12-28,5.399,5.399,5.399,5.399,
1993-12-29,5.399,5.399,5.399,5.399,
1993-12-30,5.349,5.349,5.349,5.349,
1993-12-31,5.315,5.315,5.315,5.315,
1994-01-03,5.214,5.214,5.214,5.214,
1994-01-04,5.282,5.282,5.282,5.282,
1994-01-05,5.383,5.383,5.383,5.383,
1994-01-06,5.13,5.13,5.13,5.13,
1994-01-07,5.198,5.198,5.198,5.198,
1994-01-10,5.265,5.265,5.265,5.265,
1994-01-11,5.198,5.198,5.198,5.198,
1994-01-12,5.299,5.299,5.299,5.299,
1994-01-13,5.097,5.097,5.097,5.097,
1994-01-14,5.08,5.08,5.08,5.08,
1994-01-17,5.08,5.08,5.08,5.08,
1994-01-18,4.979,4.979,4.979,4.979,
1994-01-19,5.097,5.097,5.097,5.097,
1994-01-20,5.013,5.013,5.013,5.013,
1994-01-21,5.029,5.029,5.029,5.029,
1994-01-24,4.928,4.928,4.928,4.928,
1994-01-25,5.013,5.013,5.013,5.013,
1994-01-26,5.08,5.08,5.08,5.08,
1994-01-27,5.181,5.181,5.181,5.181,
1994-01-28,5.299,5.299,5.299,5.299,
1994-01-31,5.248,5.248,5.248,5.248,
1994-02-01,5.248,5.248,5.248,5.248,
1994-02-02,5.282,5.282,5.282,5.282,
1994-02-03,5.214,5.214,5.214,5.214,
1994-02-04,5.029,5.029,5.029,5.029,
1994-02-07,5.248,5.248,5.248,5.248,
1994-02-08,5.248,5.248,5.248,5.248,
1994-02-09,5.349,5.349,5.349,5.349,
1994-02-10,5.332,5.332,5.332,5.332,
1994-02-11,5.299,5.299,5.299,5.299,
1994-02-14,5.299,5.299,5.299,5.299,
1994-02-15,5.349,5.349,5.349,5.349,
1994-02-16,5.366,5.366,5.366,5.366,
1994-02-17,5.299,5.299,5.299,5.299,
1994-02-18,5.248,5.248,5.248,5.248,
1994-02-22,5.399,5.399,5.399,5.399,
1994-02-23,5.702,5.702,5.702,5.702,
1994-02-24,5.584,5.584,5.584,5.584,
1994-02-25,5.551,5.551,5.551,5.551,
1994-02-28,5.601,5.601,5.601,5.601,
1994-03-01,5.534,5.534,5.534,5.534,
1994-03-02,5.517,5.517,5.517,5.517,
1994-03-03,5.504,5.504,5.504,5.504,
1994-03-04,5.656,5.656,5.656,5.656,
1994-03-07,5.622,5.622,5.622,5.622,
1994-03-08,5.757,5.757,5.757,5.757,
1994-03-09,5.706,5.706,5.706,5.706,
1994-03-10,5.639,5.639,5.639,5.639,
1994-03-11,5.673,5.673,5.673,5.673,
1994-03-14,5.757,5.757,5.757,5.757,
1994-03-15,5.774,5.774,5.774,5.774,
1994-03-16,5.791,5.791,5.791,5.791,
1994-03-17,5.74,5.74,5.74,5.74,
1994-03-18,5.673,5.673,5.673,5.673,
1994-03-21,5.791,5.791,5.791,5.791,
1994-03-22,5.841,5.841,5.841,5.841,
1994-03-23,5.976,5.976,5.976,5.976,
1994-03-24,5.824,5.824,5.824,5.824,
1994-03-25,5.841,5.841,5.841,5.841,
1994-03-28,5.74,5.74,5.74,5.74,
1994-03-29,5.488,5.488,5.488,5.488,
1994-03-30,5.488,5.488,5.488,5.488,
1994-03-31,5.488,5.488,5.488,5.488,
1994-04-04,5.42,5.42,5.42,5.42,
1994-04-05,5.723,5.723,5.723,5.723,
1994-04-06,5.69,5.69,5.69,5.69,
1994-04-07,5.774,5.774,5.774,5.774,
1994-04-08,5.74,5.74,5.74,5.74,
1994-04-11,5.791,5.791,5.791,5.791,
1994-04-12,5.656,5.656,5.656,5.656,
1994-04-13,5.622,5.622,5.622,5.622,
1994-04-14,5.605,5.605,5.605,5.605,
1994-04-15,5.622,5.622,5.622,5.622,
1994-04-18,5.454,5.454,5.454,5.454,
1994-04-19,5.403,5.403,5.403,5.403,
1994-04-20,5.336,5.336,5.336,5.336,
1994-04-21,5.555,5.555,5.555,5.555,
1994-04-22,5.572,5.572,5.572,5.572,
1994-04-25,5.622,5.622,5.622,5.622,
1994-04-26,5.639,5.639,5.639,5.639,
1994-04-28,5.538,5.538,5.538,5.538,
1994-04-29,5.656,5.656,5.656,5.656,
1994-05-02,5.69,5.69,5.69,5.69,
1994-05-03,5.639,5.639,5.639,5.639,
1994-05-04,5.757,5.757,5.757,5.757,
1994-05-05,5.757,5.757,5.757,5.757,
1994-05-06,5.622,5.622,5.622,5.622,
1994-05-09,5.488,5.488,5.488,5.488,
1994-05-10,5.538,5.538,5.538,5.538,
1994-05-11,5.387,5.387,5.387,5.387,
1994-05-12,5.387,5.387,5.387,5.387,
1994-05-13,5.403,5.403,5.403,5.403,
1994-05-16,5.488,5.488,5.488,5.488,
1994-05-17,5.74,5.74,5.74,5.74,
1994-05-18,5.976,5.976,5.976,5.976,
1994-05-19,6.026,6.026,6.026,6.026,
1994-05-20,6.009,6.009,6.009,6.009,
1994-05-23,6.026,6.026,6.026,6.026,
1994-05-24,6.144,6.144,6.144,6.144,
1994-05-25,6.245,6.245,6.245,6.245,
1994-05-26,6.195,6.195,6.195,6.195,
1994-05-27,6.144,6.144,6.144,6.144,
1994-05-31,6.077,6.077,6.077,6.077,
1994-06-01,6.195,6.195,6.195,6.195,
1994-06-02,6.195,6.195,6.195,6.195,
1994-06-03,6.127,6.127,6.127,6.127,
1994-06-06,6.099,6.099,6.099,6.099,
1994-06-07,6.015,6.015,6.015,6.015,
1994-06-08,5.947,5.947,5.947,5.947,
1994-06-09,6.015,6.015,6.015,6.015,
1994-06-10,5.981,5.981,5.981,5.981,
1994-06-13,6.015,6.015,6.015,6.015,
1994-06-14,5.796,5.796,5.796,5.796,
1994-06-15,5.947,5.947,5.947,5.947,
1994-06-16,5.914,5.914,5.914,5.914,
1994-06-17,5.846,5.846,5.846,5.846,
1994-06-20,5.796,5.796,5.796,5.796,
1994-06-21,5.762,5.762,5.762,5.762,
1994-06-22,5.812,5.812,5.812,5.812,
1994-06-23,5.711,5.711,5.711,5.711,
1994-06-24,5.56,5.56,5.56,5.56,
1994-06-27,5.678,5.678,5.678,5.678,
1994-06-28,5.728,5.728,5.728,5.728,
1994-06-29,5.762,5.762,5.762,5.762,
1994-06-30,5.678,5.678,5.678,5.678,
1994-07-01,5.779,5.779,5.779,5.779,
1994-07-05,5.812,5.812,5.812,5.812,
1994-07-06,5.863,5.863,5.863,5.863,
1994-07-07,5.863,5.863,5.863,5.863,
1994-07-08,5.914,5.914,5.914,5.914,
1994-07-11,5.846,5.846,5.846,5.846,
1994-07-12,5.829,5.829,5.829,5.829,
1994-07-13,5.812,5.812,5.812,5.812,
1994-07-14,5.863,5.863,5.863,5.863,
1994-07-15,5.796,5.796,5.796,5.796,
1994-07-18,5.812,5.812,5.812,5.812,
1994-07-19,5.796,5.796,5.796,5.796,
1994-07-20,5.745,5.745,5.745,5.745,
1994-07-21,5.678,5.678,5.678,5.678,
1994-07-22,5.492,5.492,5.492,5.492,
1994-07-25,5.492,5.492,5.492,5.492,
1994-07-26,5.526,5.526,5.526,5.526,
1994-07-27,5.442,5.442,5.442,5.442,
1994-07-28,5.408,5.408,5.408,5.408,
1994-07-29,5.509,5.509,5.509,5.509,
1994-08-01,5.459,5.459,5.459,5.459,
1994-08-02,5.492,5.492,5.492,5.492,
1994-08-03,5.577,5.577,5.577,5.577,
1994-08-04,5.425,5.425,5.425,5.425,
1994-08-05,5.425,5.425,5.425,5.425,
1994-08-08,5.391,5.391,5.391,5.391,
1994-08-09,5.425,5.425,5.425,5.425,
1994-08-10,5.577,5.577,5.577,5.577,
1994-08-11,5.543,5.543,5.543,5.543,
1994-08-12,5.577,5.577,5.577,5.577,
1994-08-15,5.661,5.661,5.661,5.661,
1994-08-16,5.981,5.981,5.981,5.981,
1994-08-17,5.914,5.914,5.914,5.914,
1994-08-18,5.93,5.93,5.93,5.93,
1994-08-19,6.015,6.015,6.015,6.015,
1994-08-22,5.998,5.998,5.998,5.998,
1994-08-23,6.065,6.065,6.065,6.065,
1994-08-24,6.133,6.133,6.133,6.133,
1994-08-25,6.065,6.065,6.065,6.065,
1994-08-26,6.166,6.166,6.166,6.166,
1994-08-29,6.116,6.116,6.116,6.116,
1994-08-30,6.116,6.116,6.116,6.116,
1994-08-31,6.099,6.099,6.099,6.099,
1994-09-01,5.947,5.947,5.947,5.947,
1994-09-02,5.97,5.97,5.97,5.97,
1994-09-06,5.953,5.953,5.953,5.953,
1994-09-07,5.936,5.936,5.936,5.936,
1994-09-08,6.037,6.037,6.037,6.037,
1994-09-09,5.936,5.936,5.936,5.936,
1994-09-12,5.885,5.885,5.885,5.885,
1994-09-13,5.851,5.851,5.851,5.851,
1994-09-14,5.902,5.902,5.902,5.902,
1994-09-15,5.953,5.953,5.953,5.953,
1994-09-16,5.936,5.936,5.936,5.936,
1994-09-19,6.003,6.003,6.003,6.003,
1994-09-20,5.885,5.885,5.885,5.885,
1994-09-21,5.75,5.75,5.75,5.75,
1994-09-22,5.801,5.801,5.801,5.801,
1994-09-23,5.75,5.75,5.75,5.75,
1994-09-26,5.733,5.733,5.733,5.733,
1994-09-27,5.666,5.666,5.666,5.666,
1994-09-28,5.649,5.649,5.649,5.649,
1994-09-29,5.649,5.649,5.649,5.649,
1994-09-30,5.666,5.666,5.666,5.666,
1994-10-03,5.733,5.733,5.733,5.733,
1994-10-04,5.599,5.599,5.599,5.599,
1994-10-05,5.599,5.599,5.599,5.599,
1994-10-06,5.565,5.565,5.565,5.565,
1994-10-07,5.548,5.548,5.548,5.548,
1994-10-10,5.784,5.784,5.784,5.784,
1994-10-11,5.919,5.919,5.919,5.919,
1994-10-12,5.936,5.936,5.936,5.936,
1994-10-13,5.97,5.97,5.97,5.97,
1994-10-14,5.97,5.97,5.97,5.97,
1994-10-17,5.953,5.953,5.953,5.953,
1994-10-18,5.868,5.868,5.868,5.868,
1994-10-19,5.97,5.97,5.97,5.97,
1994-10-20,5.868,5.868,5.868,5.868,
1994-10-21,5.902,5.902,5.902,5.902,
1994-10-24,5.902,5.902,5.902,5.902,
1994-10-25,5.868,5.868,5.868,5.868,
1994-10-26,5.936,5.936,5.936,5.936,
1994-10-27,6.02,6.02,6.02,6.02,
1994-10-28,6.155,6.155,6.155,6.155,
1994-10-31,6.138,6.138,6.138,6.138,
1994-11-01,6.054,6.054,6.054,6.054,
1994-11-02,6.189,6.189,6.189,6.189,
1994-11-03,6.155,6.155,6.155,6.155,
1994-11-04,6.138,6.138,6.138,6.138,
1994-11-07,6.172,6.172,6.172,6.172,
1994-11-08,6.29,6.29,6.29,6.29,
1994-11-09,6.29,6.29,6.29,6.29,
1994-11-10,6.324,6.324,6.324,6.324,
1994-11-11,6.273,6.273,6.273,6.273,
1994-11-14,6.408,6.408,6.408,6.408,
1994-11-15,6.442,6.442,6.442,6.442,
1994-11-16,6.442,6.442,6.442,6.442,
1994-11-17,6.357,6.357,6.357,6.357,
1994-11-18,6.324,6.324,6.324,6.324,
1994-11-21,6.239,6.239,6.239,6.239,
1994-11-22,6.088,6.088,6.088,6.088,
1994-11-23,6.138,6.138,6.138,6.138,
1994-11-25,6.155,6.155,6.155,6.155,
1994-11-28,6.307,6.307,6.307,6.307,
1994-11-29,6.324,6.324,6.324,6.324,
1994-11-30,6.239,6.239,6.239,6.239,
1994-12-01,6.228,6.228,6.228,6.228,
1994-12-02,6.295,6.295,6.295,6.295,
1994-12-05,6.211,6.211,6.211,6.211,
1994-12-06,6.143,6.143,6.143,6.143,
1994-12-07,6.143,6.143,6.143,6.143,
1994-12-08,6.008,6.008,6.008,6.008,
1994-12-09,6.008,6.008,6.008,6.008,
1994-12-12,6.042,6.042,6.042,6.042,
1994-12-13,6.059,6.059,6.059,6.059,
1994-12-14,6.211,6.211,6.211,6.211,
1994-12-15,6.312,6.312,6.312,6.312,
1994-12-16,6.262,6.262,6.262,6.262,
1994-12-19,6.228,6.228,6.228,6.228,
1994-12-20,6.059,6.059,6.059,6.059,
1994-12-21,6.278,6.278,6.278,6.278,
1994-12-22,6.262,6.262,6.262,6.262,
1994-12-23,6.278,6.278,6.278,6.278,
1994-12-27,6.312,6.312,6.312,6.312,
1994-12-28,6.278,6.278,6.278,6.278,
1994-12-29,6.262,6.262,6.262,6.262,
1994-12-30,6.211,6.211,6.211,6.211,
1995-01-03,6.127,6.127,6.127,6.127,
1995-01-04,6.093,6.093,6.093,6.093,
1995-01-05,6.059,6.059,6.059,6.059,
1995-01-06,6.042,6.042,6.042,6.042,
1995-01-09,6.127,6.127,6.127,6.127,
1995-01-10,6.194,6.194,6.194,6.194,
1995-01-11,6.194,6.194,6.194,6.194,
1995-01-12,6.177,6.177,6.177,6.177,
1995-01-13,6.295,6.295,6.295,6.295,
1995-01-16,6.346,6.346,6.346,6.346,
1995-01-17,6.346,6.346,6.346,6.346,
1995-01-18,6.346,6.346,6.346,6.346,
1995-01-19,6.363,6.363,6.363,6.363,
1995-01-20,6.312,6.312,6.312,6.312,
1995-01-23,6.329,6.329,6.329,6.329,
1995-01-24,6.329,6.329,6.329,6.329,
1995-01-25,6.38,6.38,6.38,6.38,
1995-01-26,6.397,6.397,6.397,6.397,
1995-01-27,6.447,6.447,6.447,6.447,
1995-01-30,6.38,6.38,6.38,6.38,
1995-01-31,6.312,6.312,6.312,6.312,
1995-02-01,6.464,6.464,6.464,6.464,
1995-02-02,6.464,6.464,6.464,6.464,
1995-02-03,6.498,6.498,6.498,6.498,
1995-02-06,6.633,6.633,6.633,6.633,
1995-02-07,6.717,6.717,6.717,6.717,
1995-02-08,6.667,6.667,6.667,6.667,
1995-02-09,6.65,6.65,6.65,6.65,
1995-02-10,6.616,6.616,6.616,6.616,
1995-02-13,6.582,6.582,6.582,6.582,
1995-02-14,6.549,6.549,6.549,6.549,
1995-02-15,6.565,6.565,6.565,6.565,
1995-02-16,6.582,6.582,6.582,6.582,
1995-02-17,6.565,6.565,6.565,6.565,
1995-02-21,6.295,6.295,6.295,6.295,
1995-02-22,6.335,6.335,6.335,6.335,
1995-02-23,6.267,6.267,6.267,6.267,
1995-02-24,6.267,6.267,6.267,6.267,
1995-02-27,6.149,6.149,6.149,6.149,
1995-02-28,6.064,6.064,6.064,6.064,
1995-03-01,6.098,6.098,6.098,6.098,
1995-03-02,6.115,6.115,6.115,6.115,
1995-03-03,6.149,6.149,6.149,6.149,
1995-03-06,6.064,6.064,6.064,6.064,
1995-03-07,6.014,6.014,6.014,6.014,
1995-03-08,5.929,5.929,5.929,5.929,
1995-03-09,5.912,5.912,5.912,5.912,
1995-03-10,5.963,5.963,5.963,5.963,
1995-03-13,6.047,6.047,6.047,6.047,
1995-03-14,5.946,5.946,5.946,5.946,
1995-03-15,6.03,6.03,6.03,6.03,
1995-03-16,6.132,6.132,6.132,6.132,
1995-03-17,6.183,6.183,6.183,6.183,
1995-03-20,6.149,6.149,6.149,6.149,
1995-03-21,6.03,6.03,6.03,6.03,
1995-03-22,6.064,6.064,6.064,6.064,
1995-03-23,5.794,5.794,5.794,5.794,
1995-03-24,5.811,5.811,5.811,5.811,
1995-03-27,5.878,5.878,5.878,5.878,
1995-03-28,5.929,5.929,5.929,5.929,
1995-03-29,5.946,5.946,5.946,5.946,
1995-03-30,5.997,5.997,5.997,5.997,
1995-03-31,5.98,5.98,5.98,5.98,
1995-04-03,5.946,5.946,5.946,5.946,
1995-04-04,5.895,5.895,5.895,5.895,
1995-04-05,5.862,5.862,5.862,5.862,
1995-04-06,5.777,5.777,5.777,5.777,
1995-04-07,5.794,5.794,5.794,5.794,
1995-04-10,5.912,5.912,5.912,5.912,
1995-04-11,5.676,5.676,5.676,5.676,
1995-04-12,5.743,5.743,5.743,5.743,
1995-04-13,5.845,5.845,5.845,5.845,
1995-04-17,5.845,5.845,5.845,5.845,
1995-04-18,5.71,5.71,5.71,5.71,
1995-04-19,5.642,5.642,5.642,5.642,
1995-04-20,5.625,5.625,5.625,5.625,
1995-04-21,5.659,5.659,5.659,5.659,
1995-04-24,5.625,5.625,5.625,5.625,
1995-04-25,5.507,5.507,5.507,5.507,
1995-04-26,5.524,5.524,5.524,5.524,
1995-04-27,5.71,5.71,5.71,5.71,
1995-04-28,5.642,5.642,5.642,5.642,
1995-05-01,5.608,5.608,5.608,5.608,
1995-05-02,5.591,5.591,5.591,5.591,
1995-05-03,5.794,5.794,5.794,5.794,
1995-05-04,5.659,5.659,5.659,5.659,
1995-05-05,5.574,5.574,5.574,5.574,
1995-05-08,5.625,5.625,5.625,5.625,
1995-05-09,5.659,5.659,5.659,5.659,
1995-05-10,5.659,5.659,5.659,5.659,
1995-05-11,5.777,5.777,5.777,5.777,
1995-05-12,5.98,5.98,5.98,5.98,
1995-05-15,5.878,5.878,5.878,5.878,
1995-05-16,5.574,5.574,5.574,5.574,
1995-05-17,5.507,5.507,5.507,5.507,
1995-05-18,5.439,5.439,5.439,5.439,
1995-05-19,5.405,5.405,5.405,5.405,
1995-05-22,5.676,5.676,5.676,5.676,
1995-05-23,5.659,5.659,5.659,5.659,
1995-05-24,5.642,5.642,5.642,5.642,
1995-05-25,5.558,5.558,5.558,5.558,
1995-05-26,5.49,5.49,5.49,5.49,
1995-05-30,5.524,5.524,5.524,5.524,
1995-05-31,5.625,5.625,5.625,5.625,
1995-06-01,5.591,5.591,5.591,5.591,
1995-06-02,5.676,5.676,5.676,5.676,
1995-06-05,5.676,5.676,5.676,5.676,
1995-06-06,5.591,5.591,5.591,5.591,
1995-06-07,5.524,5.524,5.524,5.524,
1995-06-08,5.564,5.564,5.564,5.564,
1995-06-09,5.564,5.564,5.564,5.564,
1995-06-12,5.666,5.666,5.666,5.666,
1995-06-13,5.75,5.75,5.75,5.75,
1995-06-14,5.852,5.852,5.852,5.852,
1995-06-15,5.733,5.733,5.733,5.733,
1995-06-16,5.497,5.497,5.497,5.497,
1995-06-19,5.328,5.328,5.328,5.328,
1995-06-20,5.294,5.294,5.294,5.294,
1995-06-21,5.26,5.26,5.26,5.26,
1995-06-22,5.344,5.344,5.344,5.344,
1995-06-23,5.412,5.412,5.412,5.412,
1995-06-26,5.395,5.395,5.395,5.395,
1995-06-27,5.328,5.328,5.328,5.328,
1995-06-28,5.412,5.412,5.412,5.412,
1995-06-29,5.446,5.446,5.446,5.446,
1995-06-30,5.514,5.514,5.514,5.514,
1995-07-03,5.539,5.539,5.539,5.539,
1995-07-05,5.598,5.598,5.598,5.598,
1995-07-06,5.733,5.733,5.733,5.733,
1995-07-07,5.852,5.852,5.852,5.852,
1995-07-10,5.75,5.75,5.75,5.75,
1995-07-11,5.733,5.733,5.733,5.733,
1995-07-12,5.818,5.818,5.818,5.818,
1995-07-13,5.919,5.919,5.919,5.919,
1995-07-14,5.835,5.835,5.835,5.835,
1995-07-17,5.852,5.852,5.852,5.852,
1995-07-18,5.767,5.767,5.767,5.767,
1995-07-19,5.683,5.683,5.683,5.683,
1995-07-20,5.767,5.767,5.767,5.767,
1995-07-21,5.784,5.784,5.784,5.784,
1995-07-24,5.767,5.767,5.767,5.767,
1995-07-25,5.953,5.953,5.953,5.953,
1995-07-26,6.021,6.021,6.021,6.021,
1995-07-27,6.072,6.072,6.072,6.072,
1995-07-28,6.004,6.004,6.004,6.004,
1995-07-31,5.953,5.953,5.953,5.953,
1995-08-01,5.953,5.953,5.953,5.953,
1995-08-02,5.987,5.987,5.987,5.987,
1995-08-03,5.97,5.97,5.97,5.97,
1995-08-04,5.903,5.903,5.903,5.903,
1995-08-07,5.903,5.903,5.903,5.903,
1995-08-08,5.886,5.886,5.886,5.886,
1995-08-09,5.733,5.733,5.733,5.733,
1995-08-10,5.767,5.767,5.767,5.767,
1995-08-11,5.75,5.75,5.75,5.75,
1995-08-14,5.852,5.852,5.852,5.852,
1995-08-15,5.733,5.733,5.733,5.733,
1995-08-16,5.801,5.801,5.801,5.801,
1995-08-17,5.784,5.784,5.784,5.784,
1995-08-18,5.784,5.784,5.784,5.784,
1995-08-21,5.7,5.7,5.7,5.7,
1995-08-22,5.666,5.666,5.666,5.666,
1995-08-23,5.581,5.581,5.581,5.581,
1995-08-24,5.598,5.598,5.598,5.598,
1995-08-25,5.615,5.615,5.615,5.615,
1995-08-28,5.514,5.514,5.514,5.514,
1995-08-29,5.446,5.446,5.446,5.446,
1995-08-30,5.48,5.48,5.48,5.48,
1995-08-31,5.412,5.412,5.412,5.412,
1995-09-01,5.412,5.412,5.412,5.412,
1995-09-05,5.615,5.615,5.615,5.615,
1995-09-06,5.632,5.632,5.632,5.632,
1995-09-07,5.69,5.69,5.69,5.69,
1995-09-08,5.706,5.706,5.706,5.706,
1995-09-11,5.723,5.723,5.723,5.723,
1995-09-12,5.486,5.486,5.486,5.486,
1995-09-13,5.402,5.402,5.402,5.402,
1995-09-14,5.232,5.232,5.232,5.232,
1995-09-15,5.385,5.385,5.385,5.385,
1995-09-18,5.486,5.486,5.486,5.486,
1995-09-19,5.588,5.588,5.588,5.588,
1995-09-20,5.69,5.69,5.69,5.69,
1995-09-21,5.52,5.52,5.52,5.52,
1995-09-22,5.469,5.469,5.469,5.469,
1995-09-25,5.436,5.436,5.436,5.436,
1995-09-26,5.436,5.436,5.436,5.436,
1995-09-27,5.368,5.368,5.368,5.368,
1995-09-28,5.419,5.419,5.419,5.419,
1995-09-29,5.402,5.402,5.402,5.402,
1995-10-02,5.368,5.368,5.368,5.368,
1995-10-03,5.368,5.368,5.368,5.368,
1995-10-04,5.283,5.283,5.283,5.283,
1995-10-05,5.317,5.317,5.317,5.317,
1995-10-06,5.198,5.198,5.198,5.198,
1995-10-09,5.249,5.249,5.249,5.249,
1995-10-10,5.351,5.351,5.351,5.351,
1995-10-11,5.351,5.351,5.351,5.351,
1995-10-12,5.317,5.317,5.317,5.317,
1995-10-13,5.266,5.266,5.266,5.266,
1995-10-16,5.249,5.249,5.249,5.249,
1995-10-17,5.215,5.215,5.215,5.215,
1995-10-18,5.148,5.148,5.148,5.148,
1995-10-19,5.08,5.08,5.08,5.08,
1995-10-20,5.165,5.165,5.165,5.165,
1995-10-23,5.232,5.232,5.232,5.232,
1995-10-24,5.114,5.114,5.114,5.114,
1995-10-25,4.978,4.978,4.978,4.978,
1995-10-26,5.012,5.012,5.012,5.012,
1995-10-27,4.995,4.995,4.995,4.995,
1995-10-30,5.148,5.148,5.148,5.148,
1995-10-31,5.046,5.046,5.046,5.046,
1995-11-01,5.148,5.148,5.148,5.148,
1995-11-02,5.469,5.469,5.469,5.469,
1995-11-03,5.486,5.486,5.486,5.486,
1995-11-06,5.52,5.52,5.52,5.52,
1995-11-07,5.503,5.503,5.503,5.503,
1995-11-08,5.605,5.605,5.605,5.605,
1995-11-09,5.605,5.605,5.605,5.605,
1995-11-10,5.639,5.639,5.639,5.639,
1995-11-13,5.656,5.656,5.656,5.656,
1995-11-14,5.876,5.876,5.876,5.876,
1995-11-15,5.927,5.927,5.927,5.927,
1995-11-16,5.893,5.893,5.893,5.893,
1995-11-17,6.028,6.028,6.028,6.028,
1995-11-20,5.977,5.977,5.977,5.977,
1995-11-21,5.994,5.994,5.994,5.994,
1995-11-22,5.91,5.91,5.91,5.91,
1995-11-24,5.944,5.944,5.944,5.944,
1995-11-27,6.062,6.062,6.062,6.062,
1995-11-28,6.045,6.045,6.045,6.045,
1995-11-29,6.011,6.011,6.011,6.011,
1995-11-30,6.011,6.011,6.011,6.011,
1995-12-01,5.944,5.944,5.944,5.944,
1995-12-04,5.842,5.842,5.842,5.842,
1995-12-05,5.96,5.96,5.96,5.96,
1995-12-06,6.12,6.12,6.12,6.12,
1995-12-07,6.069,6.069,6.069,6.069,
1995-12-08,5.984,5.984,5.984,5.984,
1995-12-11,5.984,5.984,5.984,5.984,
1995-12-12,6.12,6.12,6.12,6.12,
1995-12-13,6.103,6.103,6.103,6.103,
1995-12-14,6.205,6.205,6.205,6.205,
1995-12-15,6.154,6.154,6.154,6.154,
1995-12-18,6.103,6.103,6.103,6.103,
1995-12-19,6.272,6.272,6.272,6.272,
1995-12-20,6.374,6.374,6.374,6.374,
1995-12-21,6.408,6.408,6.408,6.408,
1995-12-22,6.391,6.391,6.391,6.391,
1995-12-26,6.476,6.476,6.476,6.476,
1995-12-27,6.476,6.476,6.476,6.476,
1995-12-28,6.408,6.408,6.408,6.408,
1995-12-29,6.476,6.476,6.476,6.476,
1996-01-02,6.425,6.425,6.425,6.425,
1996-01-03,6.306,6.306,6.306,6.306,
1996-01-04,6.289,6.289,6.289,6.289,
1996-01-05,6.137,6.137,6.137,6.137,
1996-01-08,5.967,5.967,5.967,5.967,
1996-01-09,5.899,5.899,5.899,5.899,
1996-01-10,5.967,5.967,5.967,5.967,
1996-01-11,5.933,5.933,5.933,5.933,
1996-01-12,5.899,5.899,5.899,5.899,
1996-01-15,5.899,5.899,5.899,5.899,
1996-01-16,5.95,5.95,5.95,5.95,
1996-01-17,5.628,5.628,5.628,5.628,
1996-01-18,5.764,5.764,5.764,5.764,
1996-01-19,5.95,5.95,5.95,5.95,
1996-01-22,6.001,6.001,6.001,6.001,
1996-01-23,6.205,6.205,6.205,6.205,
1996-01-24,6.222,6.222,6.222,6.222,
1996-01-25,6.188,6.188,6.188,6.188,
1996-01-26,6.12,6.12,6.12,6.12,
1996-01-29,5.967,5.967,5.967,5.967,
1996-01-30,6.069,6.069,6.069,6.069,
1996-01-31,6.238,6.238,6.238,6.238,
1996-02-01,6.255,6.255,6.255,6.255,
1996-02-02,6.171,6.171,6.171,6.171,
1996-02-05,6.222,6.222,6.222,6.222,
1996-02-06,6.12,6.12,6.12,6.12,
1996-02-07,6.205,6.205,6.205,6.205,
1996-02-08,6.306,6.306,6.306,6.306,
1996-02-09,6.374,6.374,6.374,6.374,
1996-02-12,6.289,6.289,6.289,6.289,
1996-02-13,6.391,6.391,6.391,6.391,
1996-02-14,6.34,6.34,6.34,6.34,
1996-02-15,6.51,6.51,6.51,6.51,
1996-02-16,6.425,6.425,6.425,6.425,
1996-02-20,6.205,6.205,6.205,6.205,
1996-02-21,6.289,6.289,6.289,6.289,
1996-02-22,6.408,6.408,6.408,6.408,
1996-02-23,6.34,6.34,6.34,6.34,
1996-02-26,6.086,6.086,6.086,6.086,
1996-02-27,5.984,5.984,5.984,5.984,
1996-02-28,5.882,5.882,5.882,5.882,
1996-02-29,5.866,5.866,5.866,5.866,
1996-03-01,6.001,6.001,6.001,6.001,
1996-03-04,6.459,6.459,6.459,6.459,
1996-03-05,6.595,6.595,6.595,6.595,
1996-03-06,6.415,6.415,6.415,6.415,
1996-03-07,6.533,6.533,6.533,6.533,
1996-03-08,6.33,6.33,6.33,6.33,
1996-03-11,6.516,6.516,6.516,6.516,
1996-03-12,6.584,6.584,6.584,6.584,
1996-03-13,6.584,6.584,6.584,6.584,
1996-03-14,6.584,6.584,6.584,6.584,
1996-03-15,6.72,6.72,6.72,6.72,
1996-03-18,6.788,6.788,6.788,6.788,
1996-03-19,6.703,6.703,6.703,6.703,
1996-03-20,6.669,6.669,6.669,6.669,
1996-03-21,6.567,6.567,6.567,6.567,
1996-03-22,6.686,6.686,6.686,6.686,
1996-03-25,6.652,6.652,6.652,6.652,
1996-03-26,6.567,6.567,6.567,6.567,
1996-03-27,6.584,6.584,6.584,6.584,
1996-03-28,6.601,6.601,6.601,6.601,
1996-03-29,6.482,6.482,6.482,6.482,
1996-04-01,6.482,6.482,6.482,6.482,
1996-04-02,6.415,6.415,6.415,6.415,
1996-04-03,6.381,6.381,6.381,6.381,
1996-04-04,6.347,6.347,6.347,6.347,
1996-04-08,6.177,6.177,6.177,6.177,
1996-04-09,6.228,6.228,6.228,6.228,
1996-04-10,6.024,6.024,6.024,6.024,
1996-04-11,5.973,5.973,5.973,5.973,
1996-04-12,6.092,6.092,6.092,6.092,
1996-04-15,6.228,6.228,6.228,6.228,
1996-04-16,6.296,6.296,6.296,6.296,
1996-04-17,6.262,6.262,6.262,6.262,
1996-04-18,6.262,6.262,6.262,6.262,
1996-04-19,6.313,6.313,6.313,6.313,
1996-04-22,6.296,6.296,6.296,6.296,
1996-04-23,6.262,6.262,6.262,6.262,
1996-04-24,6.245,6.245,6.245,6.245,
1996-04-25,6.364,6.364,6.364,6.364,
1996-04-26,6.398,6.398,6.398,6.398,
1996-04-29,6.432,6.432,6.432,6.432,
1996-04-30,6.432,6.432,6.432,6.432,
1996-05-01,6.432,6.432,6.432,6.432,
1996-05-02,6.33,6.33,6.33,6.33,
1996-05-03,6.33,6.33,6.33,6.33,
1996-05-06,6.313,6.313,6.313,6.313,
1996-05-07,6.33,6.33,6.33,6.33,
1996-05-08,6.245,6.245,6.245,6.245,
1996-05-09,6.466,6.466,6.466,6.466,
1996-05-10,6.72,6.72,6.72,6.72,
1996-05-13,7.076,7.076,7.076,7.076,
1996-05-14,7.212,7.212,7.212,7.212,
1996-05-15,6.975,6.975,6.975,6.975,
1996-05-16,7.11,7.11,7.11,7.11,
1996-05-17,7.043,7.043,7.043,7.043,
1996-05-20,7.229,7.229,7.229,7.229,
1996-05-21,7.161,7.161,7.161,7.161,
1996-05-22,7.11,7.11,7.11,7.11,
1996-05-23,7.043,7.043,7.043,7.043,
1996-05-24,7.043,7.043,7.043,7.043,
1996-05-28,6.992,6.992,6.992,6.992,
1996-05-29,6.873,6.873,6.873,6.873,
1996-05-30,7.026,7.026,7.026,7.026,
1996-05-31,6.941,6.941,6.941,6.941,
1996-06-03,7.059,7.059,7.059,7.059,
1996-06-04,7.433,7.433,7.433,7.433,
1996-06-05,7.586,7.586,7.586,7.586,
1996-06-06,7.467,7.467,7.467,7.467,
1996-06-07,7.407,7.407,7.407,7.407,
1996-06-10,7.611,7.611,7.611,7.611,
1996-06-11,7.713,7.713,7.713,7.713,
1996-06-12,7.509,7.509,7.509,7.509,
1996-06-13,7.424,7.424,7.424,7.424,
1996-06-14,7.373,7.373,7.373,7.373,
1996-06-17,7.356,7.356,7.356,7.356,
1996-06-18,7.203,7.203,7.203,7.203,
1996-06-19,7.22,7.22,7.22,7.22,
1996-06-20,7.254,7.254,7.254,7.254,
1996-06-21,7.441,7.441,7.441,7.441,
1996-06-24,7.441,7.441,7.441,7.441,
1996-06-25,7.492,7.492,7.492,7.492,
1996-06-26,7.169,7.169,7.169,7.169,
1996-06-27,7.458,7.458,7.458,7.458,
1996-06-28,7.339,7.339,7.339,7.339,
1996-07-01,7.373,7.373,7.373,7.373,
1996-07-02,7.339,7.339,7.339,7.339,
1996-07-03,7.526,7.526,7.526,7.526,
1996-07-05,7.356,7.356,7.356,7.356,
1996-07-08,7.033,7.033,7.033,7.033,
1996-07-09,7.135,7.135,7.135,7.135,
1996-07-10,7.067,7.067,7.067,7.067,
1996-07-11,6.829,6.829,6.829,6.829,
1996-07-12,6.914,6.914,6.914,6.914,
1996-07-15,6.659,6.659,6.659,6.659,
1996-07-16,6.761,6.761,6.761,6.761,
1996-07-17,7.05,7.05,7.05,7.05,
1996-07-18,7.254,7.254,7.254,7.254,
1996-07-19,7.152,7.152,7.152,7.152,
1996-07-22,7.118,7.118,7.118,7.118,
1996-07-23,6.846,6.846,6.846,6.846,
1996-07-24,6.795,6.795,6.795,6.795,
1996-07-25,6.744,6.744,6.744,6.744,
1996-07-26,6.863,6.863,6.863,6.863,
1996-07-29,7.016,7.016,7.016,7.016,
1996-07-30,6.999,6.999,6.999,6.999,
1996-07-31,6.846,6.846,6.846,6.846,
1996-08-01,7.05,7.05,7.05,7.05,
1996-08-02,7.305,7.305,7.305,7.305,
1996-08-05,7.135,7.135,7.135,7.135,
1996-08-06,7.118,7.118,7.118,7.118,
1996-08-07,7.203,7.203,7.203,7.203,
1996-08-08,7.288,7.288,7.288,7.288,
1996-08-09,7.424,7.424,7.424,7.424,
1996-08-12,7.526,7.526,7.526,7.526,
1996-08-13,7.458,7.458,7.458,7.458,
1996-08-14,7.322,7.322,7.322,7.322,
1996-08-15,7.169,7.169,7.169,7.169,
1996-08-16,7.169,7.169,7.169,7.169,
1996-08-19,7.254,7.254,7.254,7.254,
1996-08-20,7.186,7.186,7.186,7.186,
1996-08-21,7.288,7.288,7.288,7.288,
1996-08-22,7.356,7.356,7.356,7.356,
1996-08-23,7.305,7.305,7.305,7.305,
1996-08-26,7.322,7.322,7.322,7.322,
1996-08-27,7.356,7.356,7.356,7.356,
1996-08-28,7.475,7.475,7.475,7.475,
1996-08-29,7.356,7.356,7.356,7.356,
1996-08-30,7.22,7.22,7.22,7.22,
1996-09-03,7.186,7.186,7.186,7.186,
1996-09-04,7.271,7.271,7.271,7.271,
1996-09-05,7.22,7.22,7.22,7.22,
1996-09-06,7.373,7.373,7.373,7.373,
1996-09-09,7.475,7.475,7.475,7.475,
1996-09-10,7.449,7.449,7.449,7.449,
1996-09-11,7.5,7.5,7.5,7.5,
1996-09-12,7.602,7.602,7.602,7.602,
1996-09-13,7.687,7.687,7.687,7.687,
1996-09-16,7.925,7.925,7.925,7.925,
1996-09-17,7.772,7.772,7.772,7.772,
1996-09-18,7.653,7.653,7.653,7.653,
1996-09-19,7.755,7.755,7.755,7.755,
1996-09-20,7.806,7.806,7.806,7.806,
1996-09-23,7.755,7.755,7.755,7.755,
1996-09-24,7.704,7.704,7.704,7.704,
1996-09-25,7.636,7.636,7.636,7.636,
1996-09-26,7.704,7.704,7.704,7.704,
1996-09-27,7.67,7.67,7.67,7.67,
1996-09-30,7.738,7.738,7.738,7.738,
1996-10-01,7.925,7.925,7.925,7.925,
1996-10-02,7.942,7.942,7.942,7.942,
1996-10-03,7.942,7.942,7.942,7.942,
1996-10-04,8.027,8.027,8.027,8.027,
1996-10-07,7.959,7.959,7.959,7.959,
1996-10-08,7.874,7.874,7.874,7.874,
1996-10-09,7.738,7.738,7.738,7.738,
1996-10-10,7.84,7.84,7.84,7.84,
1996-10-11,7.874,7.874,7.874,7.874,
1996-10-14,7.891,7.891,7.891,7.891,
1996-10-15,7.721,7.721,7.721,7.721,
1996-10-16,7.738,7.738,7.738,7.738,
1996-10-17,7.772,7.772,7.772,7.772,
1996-10-18,7.84,7.84,7.84,7.84,
1996-10-21,7.857,7.857,7.857,7.857,
1996-10-22,7.806,7.806,7.806,7.806,
1996-10-23,7.653,7.653,7.653,7.653,
1996-10-24,7.67,7.67,7.67,7.67,
1996-10-25,7.517,7.517,7.517,7.517,
1996-10-28,7.347,7.347,7.347,7.347,
1996-10-29,7.483,7.483,7.483,7.483,
1996-10-30,7.177,7.177,7.177,7.177,
1996-10-31,7.466,7.466,7.466,7.466,
1996-11-01,7.313,7.313,7.313,7.313,
1996-11-04,7.279,7.279,7.279,7.279,
1996-11-05,7.398,7.398,7.398,7.398,
1996-11-06,7.483,7.483,7.483,7.483,
1996-11-07,7.415,7.415,7.415,7.415,
1996-11-08,7.738,7.738,7.738,7.738,
1996-11-11,7.721,7.721,7.721,7.721,
1996-11-12,7.262,7.262,7.262,7.262,
1996-11-13,7.347,7.347,7.347,7.347,
1996-11-14,7.245,7.245,7.245,7.245,
1996-11-15,7.228,7.228,7.228,7.228,
1996-11-18,7.194,7.194,7.194,7.194,
1996-11-19,7.109,7.109,7.109,7.109,
1996-11-20,6.973,6.973,6.973,6.973,
1996-11-21,7.109,7.109,7.109,7.109,
1996-11-22,6.939,6.939,6.939,6.939,
1996-11-25,7.058,7.058,7.058,7.058,
1996-11-26,7.211,7.211,7.211,7.211,
1996-11-27,7.041,7.041,7.041,7.041,
1996-11-29,7.092,7.092,7.092,7.092,
1996-12-02,7.194,7.194,7.194,7.194,
1996-12-03,7.168,7.168,7.168,7.168,
1996-12-04,7.134,7.134,7.134,7.134,
1996-12-05,7.032,7.032,7.032,7.032,
1996-12-06,7.1,7.1,7.1,7.1,
1996-12-09,7.219,7.219,7.219,7.219,
1996-12-10,7.134,7.134,7.134,7.134,
1996-12-11,7.015,7.015,7.015,7.015,
1996-12-12,6.776,6.776,6.776,6.776,
1996-12-13,6.793,6.793,6.793,6.793,
1996-12-16,6.606,6.606,6.606,6.606,
1996-12-17,6.811,6.811,6.811,6.811,
1996-12-18,6.828,6.828,6.828,6.828,
1996-12-19,6.913,6.913,6.913,6.913,
1996-12-20,7.083,7.083,7.083,7.083,
1996-12-23,6.947,6.947,6.947,6.947,
1996-12-24,6.964,6.964,6.964,6.964,
1996-12-26,6.93,6.93,6.93,6.93,
1996-12-27,7.015,7.015,7.015,7.015,
1996-12-30,6.981,6.981,6.981,6.981,
1996-12-31,6.828,6.828,6.828,6.828,
1997-01-02,6.691,6.691,6.691,6.691,
1997-01-03,6.776,6.776,6.776,6.776,
1997-01-06,6.845,6.845,6.845,6.845,
1997-01-07,6.998,6.998,6.998,6.998,
1997-01-08,6.981,6.981,6.981,6.981,
1997-01-09,6.93,6.93,6.93,6.93,
1997-01-10,6.964,6.964,6.964,6.964,
1997-01-13,6.947,6.947,6.947,6.947,
1997-01-14,6.981,6.981,6.981,6.981,
1997-01-15,6.845,6.845,6.845,6.845,
1997-01-16,6.811,6.811,6.811,6.811,
1997-01-17,6.93,6.93,6.93,6.93,
1997-01-20,7.236,7.236,7.236,7.236,
1997-01-21,7.1,7.1,7.1,7.1,
1997-01-22,6.981,6.981,6.981,6.981,
1997-01-23,6.828,6.828,6.828,6.828,
1997-01-24,6.657,6.657,6.657,6.657,
1997-01-27,6.538,6.538,6.538,6.538,
1997-01-28,6.572,6.572,6.572,6.572,
1997-01-29,6.606,6.606,6.606,6.606,
1997-01-30,6.759,6.759,6.759,6.759,
1997-01-31,6.742,6.742,6.742,6.742,
1997-02-03,6.845,6.845,6.845,6.845,
1997-02-04,6.811,6.811,6.811,6.811,
1997-02-05,6.845,6.845,6.845,6.845,
1997-02-06,6.947,6.947,6.947,6.947,
1997-02-07,7.185,7.185,7.185,7.185,
1997-02-10,7.202,7.202,7.202,7.202,
1997-02-11,7.032,7.032,7.032,7.032,
1997-02-12,7.015,7.015,7.015,7.015,
1997-02-13,7.083,7.083,7.083,7.083,
1997-02-14,6.981,6.981,6.981,6.981,
1997-02-18,6.998,6.998,6.998,6.998,
1997-02-19,6.947,6.947,6.947,6.947,
1997-02-20,6.879,6.879,6.879,6.879,
1997-02-21,6.947,6.947,6.947,6.947,
1997-02-24,7.117,7.117,7.117,7.117,
1997-02-25,7.509,7.509,7.509,7.509,
1997-02-26,7.628,7.628,7.628,7.628,
1997-02-27,7.543,7.543,7.543,7.543,
1997-02-28,7.44,7.44,7.44,7.44,
1997-03-03,7.594,7.594,7.594,7.594,
1997-03-04,7.526,7.526,7.526,7.526,
1997-03-05,7.611,7.611,7.611,7.611,
1997-03-06,7.696,7.696,7.696,7.696,
1997-03-07,7.713,7.713,7.713,7.713,
1997-03-10,7.713,7.713,7.713,7.713,
1997-03-11,7.67,7.67,7.67,7.67,
1997-03-12,7.687,7.687,7.687,7.687,
1997-03-13,7.772,7.772,7.772,7.772,
1997-03-14,7.926,7.926,7.926,7.926,
1997-03-17,7.874,7.874,7.874,7.874,
1997-03-18,7.96,7.96,7.96,7.96,
1997-03-19,7.892,7.892,7.892,7.892,
1997-03-20,7.857,7.857,7.857,7.857,
1997-03-21,7.84,7.84,7.84,7.84,
1997-03-24,7.892,7.892,7.892,7.892,
1997-03-25,7.67,7.67,7.67,7.67,
1997-03-26,7.602,7.602,7.602,7.602,
1997-03-27,7.414,7.414,7.414,7.414,
1997-03-31,7.295,7.295,7.295,7.295,
1997-04-01,7.261,7.261,7.261,7.261,
1997-04-02,7.244,7.244,7.244,7.244,
1997-04-03,7.21,7.21,7.21,7.21,
1997-04-04,7.448,7.448,7.448,7.448,
1997-04-07,7.602,7.602,7.602,7.602,
1997-04-08,7.619,7.619,7.619,7.619,
1997-04-09,7.755,7.755,7.755,7.755,
1997-04-10,7.755,7.755,7.755,7.755,
1997-04-11,7.448,7.448,7.448,7.448,
1997-04-14,7.636,7.636,7.636,7.636,
1997-04-15,7.738,7.738,7.738,7.738,
1997-04-16,7.772,7.772,7.772,7.772,
1997-04-17,7.755,7.755,7.755,7.755,
1997-04-18,7.789,7.789,7.789,7.789,
1997-04-21,7.738,7.738,7.738,7.738,
1997-04-22,7.789,7.789,7.789,7.789,
1997-04-23,7.857,7.857,7.857,7.857,
1997-04-24,7.806,7.806,7.806,7.806,
1997-04-25,7.687,7.687,7.687,7.687,
1997-04-28,7.738,7.738,7.738,7.738,
1997-04-29,7.806,7.806,7.806,7.806,
1997-04-30,7.909,7.909,7.909,7.909,
1997-05-01,7.823,7.823,7.823,7.823,
1997-05-02,7.84,7.84,7.84,7.84,
1997-05-05,8.062,8.062,8.062,8.062,
1997-05-06,8.096,8.096,8.096,8.096,
1997-05-07,8.045,8.045,8.045,8.045,
1997-05-08,7.84,7.84,7.84,7.84,
1997-05-09,7.926,7.926,7.926,7.926,
1997-05-12,7.994,7.994,7.994,7.994,
1997-05-13,8.079,8.079,8.079,8.079,
1997-05-14,7.96,7.96,7.96,7.96,
1997-05-15,8.011,8.011,8.011,8.011,
1997-05-16,8.13,8.13,8.13,8.13,
1997-05-19,8.147,8.147,8.147,8.147,
1997-05-20,8.284,8.284,8.284,8.284,
1997-05-21,8.301,8.301,8.301,8.301,
1997-05-22,8.352,8.352,8.352,8.352,
1997-05-23,8.318,8.318,8.318,8.318,
1997-05-27,8.284,8.284,8.284,8.284,
1997-05-28,8.42,8.42,8.42,8.42,
1997-05-29,8.607,8.607,8.607,8.607,
1997-05-30,8.607,8.607,8.607,8.607,
1997-06-02,8.573,8.573,8.573,8.573,
1997-06-03,8.556,8.556,8.556,8.556,
1997-06-04,8.624,8.624,8.624,8.624,
1997-06-05,8.795,8.795,8.795,8.795,
1997-06-06,8.914,8.914,8.914,8.914,
1997-06-09,8.914,8.914,8.914,8.914,
1997-06-10,9.027,9.027,9.027,9.027,
1997-06-11,9.095,9.095,9.095,9.095,
1997-06-12,9.249,9.249,9.249,9.249,
1997-06-13,9.232,9.232,9.232,9.232,
1997-06-16,9.078,9.078,9.078,9.078,
1997-06-17,9.351,9.351,9.351,9.351,
1997-06-18,9.197,9.197,9.197,9.197,
1997-06-19,9.453,9.453,9.453,9.453,
1997-06-20,9.436,9.436,9.436,9.436,
1997-06-23,9.317,9.317,9.317,9.317,
1997-06-24,9.53,9.53,9.53,9.53,
1997-06-25,9.411,9.411,9.411,9.411,
1997-06-26,9.249,9.249,9.249,9.249,
1997-06-27,9.334,9.334,9.334,9.334,
1997-06-30,9.419,9.419,9.419,9.419,
1997-07-01,9.402,9.402,9.402,9.402,
1997-07-02,9.266,9.266,9.266,9.266,
1997-07-03,9.436,9.436,9.436,9.436,
1997-07-07,9.47,9.47,9.47,9.47,
1997-07-08,9.368,9.368,9.368,9.368,
1997-07-09,9.112,9.112,9.112,9.112,
1997-07-10,9.112,9.112,9.112,9.112,
1997-07-11,9.189,9.189,9.189,9.189,
1997-07-14,9.368,9.368,9.368,9.368,
1997-07-15,9.445,9.445,9.445,9.445,
1997-07-16,9.662,9.662,9.662,9.662,
1997-07-17,9.637,9.637,9.637,9.637,
1997-07-18,9.547,9.547,9.547,9.547,
1997-07-21,9.445,9.445,9.445,9.445,
1997-07-22,9.662,9.662,9.662,9.662,
1997-07-23,9.547,9.547,9.547,9.547,
1997-07-24,9.726,9.726,9.726,9.726,
1997-07-25,9.714,9.714,9.714,9.714,
1997-07-28,9.803,9.803,9.803,9.803,
1997-07-29,9.906,9.906,9.906,9.906,
1997-07-30,10.034,10.034,10.034,10.034,
1997-07-31,10.2,10.2,10.2,10.2,
1997-08-01,10.072,10.072,10.072,10.072,
1997-08-04,10.162,10.162,10.162,10.162,
1997-08-05,10.264,10.264,10.264,10.264,
1997-08-06,10.238,10.238,10.238,10.238,
1997-08-07,10.264,10.264,10.264,10.264,
1997-08-08,9.931,9.931,9.931,9.931,
1997-08-11,10.085,10.085,10.085,10.085,
1997-08-12,10.046,10.046,10.046,10.046,
1997-08-13,10.034,10.034,10.034,10.034,
1997-08-14,9.944,9.944,9.944,9.944,
1997-08-15,9.752,9.752,9.752,9.752,
1997-08-18,9.829,9.829,9.829,9.829,
1997-08-19,10.123,10.123,10.123,10.123,
1997-08-20,10.366,10.366,10.366,10.366,
1997-08-21,10.174,10.174,10.174,10.174,
1997-08-22,10.034,10.034,10.034,10.034,
1997-08-25,10.085,10.085,10.085,10.085,
1997-08-26,9.906,9.906,9.906,9.906,
1997-08-27,9.88,9.88,9.88,9.88,
1997-08-28,9.765,9.765,9.765,9.765,
1997-08-29,9.662,9.662,9.662,9.662,
1997-09-02,9.957,9.957,9.957,9.957,
1997-09-03,10.341,10.341,10.341,10.341,
1997-09-04,10.341,10.341,10.341,10.341,
1997-09-05,10.29,10.29,10.29,10.29,
1997-09-08,10.29,10.29,10.29,10.29,
1997-09-09,10.274,10.274,10.274,10.274,
1997-09-10,10.197,10.197,10.197,10.197,
1997-09-11,10.415,10.415,10.415,10.415,
1997-09-12,10.402,10.402,10.402,10.402,
1997-09-15,10.646,10.646,10.646,10.646,
1997-09-16,10.953,10.953,10.953,10.953,
1997-09-17,11.004,11.004,11.004,11.004,
1997-09-18,10.992,10.992,10.992,10.992,
1997-09-19,11.017,11.017,11.017,11.017,
1997-09-22,10.985,10.985,10.985,10.985,
1997-09-23,10.812,10.812,10.812,10.812,
1997-09-24,10.863,10.863,10.863,10.863,
1997-09-25,10.748,10.748,10.748,10.748,
1997-09-26,10.825,10.825,10.825,10.825,
1997-09-29,10.774,10.774,10.774,10.774,
1997-09-30,10.684,10.684,10.684,10.684,
1997-10-01,10.889,10.889,10.889,10.889,
1997-10-02,10.851,10.851,10.851,10.851,
1997-10-03,10.787,10.787,10.787,10.787,
1997-10-06,10.851,10.851,10.851,10.851,
1997-10-07,10.774,10.774,10.774,10.774,
1997-10-08,10.812,10.812,10.812,10.812,
1997-10-09,11.081,11.081,11.081,11.081,
1997-10-10,11.171,11.171,11.171,11.171,
1997-10-13,11.209,11.209,11.209,11.209,
1997-10-14,11.363,11.363,11.363,11.363,
1997-10-15,11.337,11.337,11.337,11.337,
1997-10-16,11.478,11.478,11.478,11.478,
1997-10-17,11.286,11.286,11.286,11.286,
1997-10-20,11.171,11.171,11.171,11.171,
1997-10-21,11.427,11.427,11.427,11.427,
1997-10-22,11.491,11.491,11.491,11.491,
1997-10-23,11.273,11.273,11.273,11.273,
1997-10-24,11.261,11.261,11.261,11.261,
1997-10-27,10.454,10.454,10.454,10.454,
1997-10-28,10.928,10.928,10.928,10.928,
1997-10-29,11.145,11.145,11.145,11.145,
1997-10-30,11.12,11.12,11.12,11.12,
1997-10-31,11.427,11.427,11.427,11.427,
1997-11-03,11.786,11.786,11.786,11.786,
1997-11-04,11.76,11.76,11.76,11.76,
1997-11-05,11.76,11.76,11.76,11.76,
1997-11-06,11.735,11.735,11.735,11.735,
1997-11-07,11.658,11.658,11.658,11.658,
1997-11-10,11.414,11.414,11.414,11.414,
1997-11-11,11.363,11.363,11.363,11.363,
1997-11-12,11.158,11.158,11.158,11.158,
1997-11-13,11.171,11.171,11.171,11.171,
1997-11-14,11.53,11.53,11.53,11.53,
1997-11-17,11.863,11.863,11.863,11.863,
1997-11-18,11.542,11.542,11.542,11.542,
1997-11-19,11.606,11.606,11.606,11.606,
1997-11-20,11.619,11.619,11.619,11.619,
1997-11-21,11.735,11.735,11.735,11.735,
1997-11-24,11.555,11.555,11.555,11.555,
1997-11-25,11.581,11.581,11.581,11.581,
1997-11-26,11.44,11.44,11.44,11.44,
1997-11-28,11.491,11.491,11.491,11.491,
1997-12-01,11.991,11.991,11.991,11.991,
1997-12-02,12.052,12.052,12.052,12.052,
1997-12-03,12.283,12.283,12.283,12.283,
1997-12-04,12.104,12.104,12.104,12.104,
1997-12-05,12.27,12.27,12.27,12.27,
1997-12-08,12.296,12.296,12.296,12.296,
1997-12-09,12.168,12.168,12.168,12.168,
1997-12-10,12.078,12.078,12.078,12.078,
1997-12-11,12.142,12.142,12.142,12.142,
1997-12-12,12.257,12.257,12.257,12.257,
1997-12-15,12.04,12.04,12.04,12.04,
1997-12-16,12.065,12.065,12.065,12.065,
1997-12-17,11.911,11.911,11.911,11.911,
1997-12-18,11.834,11.834,11.834,11.834,
1997-12-19,11.591,11.591,11.591,11.591,
1997-12-22,11.463,11.463,11.463,11.463,
1997-12-23,11.386,11.386,11.386,11.386,
1997-12-24,11.168,11.168,11.168,11.168,
1997-12-26,11.129,11.129,11.129,11.129,
1997-12-29,11.155,11.155,11.155,11.155,
1997-12-30,11.681,11.681,11.681,11.681,
1997-12-31,12.078,12.078,12.078,12.078,
1998-01-02,12.001,12.001,12.001,12.001,
1998-01-05,11.834,11.834,11.834,11.834,
1998-01-06,11.911,11.911,11.911,11.911,
1998-01-07,12.04,12.04,12.04,12.04,
1998-01-08,11.988,11.988,11.988,11.988,
1998-01-09,11.565,11.565,11.565,11.565,
1998-01-12,11.924,11.924,11.924,11.924,
1998-01-13,12.129,12.129,12.129,12.129,
1998-01-14,12.245,12.245,12.245,12.245,
1998-01-15,12.168,12.168,12.168,12.168,
1998-01-16,12.168,12.168,12.168,12.168,
1998-01-20,12.463,12.463,12.463,12.463,
1998-01-21,12.45,12.45,12.45,12.45,
1998-01-22,12.206,12.206,12.206,12.206,
1998-01-23,12.283,12.283,12.283,12.283,
1998-01-26,12.065,12.065,12.065,12.065,
1998-01-27,12.373,12.373,12.373,12.373,
1998-01-28,12.424,12.424,12.424,12.424,
1998-01-29,12.424,12.424,12.424,12.424,
1998-01-30,12.411,12.411,12.411,12.411,
1998-02-02,12.681,12.681,12.681,12.681,
1998-02-03,12.873,12.873,12.873,12.873,
1998-02-04,12.924,12.924,12.924,12.924,
1998-02-05,12.937,12.937,12.937,12.937,
1998-02-06,13.052,13.052,13.052,13.052,
1998-02-09,12.937,12.937,12.937,12.937,
1998-02-10,13.129,13.129,13.129,13.129,
1998-02-11,13.117,13.117,13.117,13.117,
1998-02-12,13.36,13.36,13.36,13.36,
1998-02-13,13.437,13.437,13.437,13.437,
1998-02-17,13.694,13.694,13.694,13.694,
1998-02-18,13.719,13.719,13.719,13.719,
1998-02-19,13.77,13.77,13.77,13.77,
1998-02-20,13.745,13.745,13.745,13.745,
1998-02-23,14.065,14.065,14.065,14.065,
1998-02-24,13.36,13.36,13.36,13.36,
1998-02-25,13.655,13.655,13.655,13.655,
1998-02-26,13.399,13.399,13.399,13.399,
1998-02-27,13.104,13.104,13.104,13.104,
1998-03-02,13.258,13.258,13.258,13.258,
1998-03-03,13.217,13.217,13.217,13.217,
1998-03-04,13.229,13.229,13.229,13.229,
1998-03-05,13.204,13.204,13.204,13.204,
1998-03-06,13.55,13.55,13.55,13.55,
1998-03-09,13.627,13.627,13.627,13.627,
1998-03-10,13.948,13.948,13.948,13.948,
1998-03-11,14.269,14.269,14.269,14.269,
1998-03-12,14.269,14.269,14.269,14.269,
1998-03-13,14.217,14.217,14.217,14.217,
1998-03-16,14.269,14.269,14.269,14.269,
1998-03-17,14.269,14.269,14.269,14.269,
1998-03-18,14.038,14.038,14.038,14.038,
1998-03-19,13.974,13.974,13.974,13.974,
1998-03-20,14.115,14.115,14.115,14.115,
1998-03-23,13.691,13.691,13.691,13.691,
1998-03-24,13.627,13.627,13.627,13.627,
1998-03-25,13.422,13.422,13.422,13.422,
1998-03-26,13.781,13.781,13.781,13.781,
1998-03-27,13.601,13.601,13.601,13.601,
1998-03-30,13.576,13.576,13.576,13.576,
1998-03-31,13.884,13.884,13.884,13.884,
1998-04-01,14.269,14.269,14.269,14.269,
1998-04-02,14.166,14.166,14.166,14.166,
1998-04-03,14.307,14.307,14.307,14.307,
1998-04-06,14.4,14.4,14.4,14.4,
1998-04-07,14.14,14.14,14.14,14.14,
1998-04-08,13.999,13.999,13.999,13.999,
1998-04-09,14.538,14.538,14.538,14.538,
1998-04-13,14.538,14.538,14.538,14.538,
1998-04-14,14.833,14.833,14.833,14.833,
1998-04-15,14.833,14.833,14.833,14.833,
1998-04-16,14.564,14.564,14.564,14.564,
1998-04-17,14.448,14.448,14.448,14.448,
1998-04-20,14.5,14.5,14.5,14.5,
1998-04-21,14.602,14.602,14.602,14.602,
1998-04-22,14.564,14.564,14.564,14.564,
1998-04-23,14.423,14.423,14.423,14.423,
1998-04-24,14.089,14.089,14.089,14.089,
1998-04-27,13.704,13.704,13.704,13.704,
1998-04-28,13.704,13.704,13.704,13.704,
1998-04-29,13.82,13.82,13.82,13.82,
1998-04-30,14.307,14.307,14.307,14.307,
1998-05-01,14.243,14.243,14.243,14.243,
1998-05-04,14.461,14.461,14.461,14.461,
1998-05-05,14.513,14.513,14.513,14.513,
1998-05-06,14.243,14.243,14.243,14.243,
1998-05-07,13.935,13.935,13.935,13.935,
1998-05-08,14.14,14.14,14.14,14.14,
1998-05-11,14.307,14.307,14.307,14.307,
1998-05-12,14.371,14.371,14.371,14.371,
1998-05-13,14.59,14.59,14.59,14.59,
1998-05-14,14.769,14.769,14.769,14.769,
1998-05-15,14.564,14.564,14.564,14.564,
1998-05-18,14.397,14.397,14.397,14.397,
1998-05-19,14.987,14.987,14.987,14.987,
1998-05-20,14.962,14.962,14.962,14.962,
1998-05-21,15.308,15.308,15.308,15.308,
1998-05-22,15.27,15.27,15.27,15.27,
1998-05-26,15.295,15.295,15.295,15.295,
1998-05-27,15.244,15.244,15.244,15.244,
1998-05-28,15.809,15.809,15.809,15.809,
1998-05-29,16.129,16.129,16.129,16.129,
1998-06-01,16.232,16.232,16.232,16.232,
1998-06-02,15.95,15.95,15.95,15.95,
1998-06-03,15.809,15.809,15.809,15.809,
1998-06-04,15.873,15.873,15.873,15.873,
1998-06-05,16.206,16.206,16.206,16.206,
1998-06-08,16.527,16.527,16.527,16.527,
1998-06-09,16.591,16.591,16.591,16.591,
1998-06-10,16.925,16.925,16.925,16.925,
1998-06-11,16.835,16.835,16.835,16.835,
1998-06-12,16.668,16.668,16.668,16.668,
1998-06-15,16.18,16.18,16.18,16.18,
1998-06-16,16.372,16.372,16.372,16.372,
1998-06-17,16.912,16.912,16.912,16.912,
1998-06-18,17.284,17.284,17.284,17.284,
1998-06-19,16.873,16.873,16.873,16.873,
1998-06-22,17.284,17.284,17.284,17.284,
1998-06-23,17.438,17.438,17.438,17.438,
1998-06-24,17.451,17.451,17.451,17.451,
1998-06-25,17.438,17.438,17.438,17.438,
1998-06-26,17.451,17.451,17.451,17.451,
1998-06-29,17.387,17.387,17.387,17.387,
1998-06-30,17.066,17.066,17.066,17.066,
1998-07-01,17.464,17.464,17.464,17.464,
1998-07-02,17.644,17.644,17.644,17.644,
1998-07-06,18.979,18.979,18.979,18.979,
1998-07-07,18.979,18.979,18.979,18.979,
1998-07-08,19.673,19.673,19.673,19.673,
1998-07-09,19.313,19.313,19.313,19.313,
1998-07-10,19.929,19.929,19.929,19.929,
1998-07-13,19.621,19.621,19.621,19.621,
1998-07-14,20.007,20.007,20.007,20.007,
1998-07-15,19.39,19.39,19.39,19.39,
1998-07-16,19.442,19.442,19.442,19.442,
1998-07-17,19.313,19.313,19.313,19.313,
1998-07-20,19.364,19.364,19.364,19.364,
1998-07-21,18.902,18.902,18.902,18.902,
1998-07-22,18.979,18.979,18.979,18.979,
1998-07-23,18.568,18.568,18.568,18.568,
1998-07-24,18.594,18.594,18.594,18.594,
1998-07-27,18.029,18.029,18.029,18.029,
1998-07-28,17.824,17.824,17.824,17.824,
1998-07-29,17.387,17.387,17.387,17.387,
1998-07-30,17.361,17.361,17.361,17.361,
1998-07-31,17.207,17.207,17.207,17.207,
1998-08-03,16.822,16.822,16.822,16.822,
1998-08-04,16.437,16.437,16.437,16.437,
1998-08-05,16.693,16.693,16.693,16.693,
1998-08-06,17.259,17.259,17.259,17.259,
1998-08-07,18.08,18.08,18.08,18.08,
1998-08-10,17.695,17.695,17.695,17.695,
1998-08-11,17.181,17.181,17.181,17.181,
1998-08-12,17.875,17.875,17.875,17.875,
1998-08-13,17.901,17.901,17.901,17.901,
1998-08-14,17.259,17.259,17.259,17.259,
1998-08-17,17.592,17.592,17.592,17.592,
1998-08-18,18.414,18.414,18.414,18.414,
1998-08-19,18.003,18.003,18.003,18.003,
1998-08-20,17.772,17.772,17.772,17.772,
1998-08-21,17.618,17.618,17.618,17.618,
1998-08-24,18.08,18.08,18.08,18.08,
1998-08-25,18.645,18.645,18.645,18.645,
1998-08-26,18.748,18.748,18.748,18.748,
1998-08-27,18.466,18.466,18.466,18.466,
1998-08-28,17.438,17.438,17.438,17.438,
1998-08-31,15.666,15.666,15.666,15.666,
1998-09-01,16.964,16.964,16.964,16.964,
1998-09-02,16.295,16.295,16.295,16.295,
1998-09-03,15.91,15.91,15.91,15.91,
1998-09-04,15.756,15.756,15.756,15.756,
1998-09-08,17.144,17.144,17.144,17.144,
1998-09-09,16.861,16.861,16.861,16.861,
1998-09-10,16.218,16.218,16.218,16.218,
1998-09-11,16.552,16.552,16.552,16.552,
1998-09-14,16.604,16.604,16.604,16.604,
1998-09-15,17.015,17.015,17.015,17.015,
1998-09-16,17.426,17.426,17.426,17.426,
1998-09-17,17.015,17.015,17.015,17.015,
1998-09-18,16.604,16.604,16.604,16.604,
1998-09-21,16.707,16.707,16.707,16.707,
1998-09-22,17.298,17.298,17.298,17.298,
1998-09-23,18.326,18.326,18.326,18.326,
1998-09-24,17.478,17.478,17.478,17.478,
1998-09-25,17.683,17.683,17.683,17.683,
1998-09-28,17.426,17.426,17.426,17.426,
1998-09-29,17.015,17.015,17.015,17.015,
1998-09-30,16.244,16.244,16.244,16.244,
1998-10-01,14.856,14.856,14.856,14.856,
1998-10-02,14.65,14.65,14.65,14.65,
1998-10-05,14.445,14.445,14.445,14.445,
1998-10-06,15.164,15.164,15.164,15.164,
1998-10-07,14.805,14.805,14.805,14.805,
1998-10-08,14.034,14.034,14.034,14.034,
1998-10-09,14.907,14.907,14.907,14.907,
1998-10-12,15.267,15.267,15.267,15.267,
1998-10-13,15.524,15.524,15.524,15.524,
1998-10-14,15.936,15.936,15.936,15.936,
1998-10-15,17.015,17.015,17.015,17.015,
1998-10-16,17.375,17.375,17.375,17.375,
1998-10-19,18.146,18.146,18.146,18.146,
1998-10-20,17.529,17.529,17.529,17.529,
1998-10-21,17.838,17.838,17.838,17.838,
1998-10-22,17.966,17.966,17.966,17.966,
1998-10-23,17.555,17.555,17.555,17.555,
1998-10-26,17.169,17.169,17.169,17.169,
1998-10-27,16.809,16.809,16.809,16.809,
1998-10-28,17.349,17.349,17.349,17.349,
1998-10-29,17.478,17.478,17.478,17.478,
1998-10-30,17.915,17.915,17.915,17.915,
1998-11-02,18.454,18.454,18.454,18.454,
1998-11-03,17.76,17.76,17.76,17.76,
1998-11-04,18.3,18.3,18.3,18.3,
1998-11-05,18.634,18.634,18.634,18.634,
1998-11-06,18.583,18.583,18.583,18.583,
1998-11-09,18.634,18.634,18.634,18.634,
1998-11-10,19.046,19.046,19.046,19.046,
1998-11-11,19.02,19.02,19.02,19.02,
1998-11-12,18.891,18.891,18.891,18.891,
1998-11-13,19.123,19.123,19.123,19.123,
1998-11-16,19.483,19.483,19.483,19.483,
1998-11-17,19.688,19.688,19.688,19.688,
1998-11-18,19.997,19.997,19.997,19.997,
1998-11-19,20.202,20.202,20.202,20.202,
1998-11-20,20.279,20.279,20.279,20.279,
1998-11-23,20.819,20.819,20.819,20.819,
1998-11-24,20.691,20.691,20.691,20.691,
1998-11-25,20.87,20.87,20.87,20.87,
1998-11-27,21.282,21.282,21.282,21.282,
1998-11-30,20.459,20.459,20.459,20.459,
1998-12-01,20.909,20.909,20.909,20.909,
1998-12-02,20.6,20.6,20.6,20.6,
1998-12-03,20.394,20.394,20.394,20.394,
1998-12-04,20.934,20.934,20.934,20.934,
1998-12-07,21.68,21.68,21.68,21.68,
1998-12-08,22.478,22.478,22.478,22.478,
1998-12-09,22.478,22.478,22.478,22.478,
1998-12-10,21.655,21.655,21.655,21.655,
1998-12-11,21.886,21.886,21.886,21.886,
1998-12-14,20.96,20.96,20.96,20.96,
1998-12-15,22.323,22.323,22.323,22.323,
1998-12-16,21.912,21.912,21.912,21.912,
1998-12-17,22.246,22.246,22.246,22.246,
1998-12-18,23.558,23.558,23.558,23.558,
1998-12-21,24.252,24.252,24.252,24.252,
1998-12-22,24.381,24.381,24.381,24.381,
1998-12-23,24.689,24.689,24.689,24.689,
1998-12-24,24.689,24.689,24.689,24.689,
1998-12-28,24.432,24.432,24.432,24.432,
1998-12-29,25.332,25.332,25.332,25.332,
1998-12-30,25.229,25.229,25.229,25.229,
1998-12-31,25.178,25.178,25.178,25.178,
1999-01-04,24.201,24.201,24.201,24.201,
1999-01-05,24.021,24.021,24.021,24.021,
1999-01-06,24.432,24.432,24.432,24.432,
1999-01-07,24.046,24.046,24.046,24.046,
1999-01-08,23.918,23.918,23.918,23.918,
1999-01-11,23.249,23.249,23.249,23.249,
1999-01-12,22.323,22.323,22.323,22.323,
1999-01-13,22.233,22.233,22.233,22.233,
1999-01-14,22.606,22.606,22.606,22.606,
1999-01-15,22.58,22.58,22.58,22.58,
1999-01-19,22.812,22.812,22.812,22.812,
1999-01-20,23.583,23.583,23.583,23.583,
1999-01-21,23.326,23.326,23.326,23.326,
1999-01-22,23.018,23.018,23.018,23.018,
1999-01-25,23.763,23.763,23.763,23.763,
1999-01-26,23.995,23.995,23.995,23.995,
1999-01-27,24.792,24.792,24.792,24.792,
1999-01-28,24.689,24.689,24.689,24.689,
1999-01-29,24.895,24.895,24.895,24.895,
1999-02-01,24.329,24.329,24.329,24.329,
1999-02-02,23.712,23.712,23.712,23.712,
1999-02-03,24.124,24.124,24.124,24.124,
1999-02-04,23.712,23.712,23.712,23.712,
1999-02-05,22.992,22.992,22.992,22.992,
1999-02-08,22.838,22.838,22.838,22.838,
1999-02-09,22.323,22.323,22.323,22.323,
1999-02-10,22.863,22.863,22.863,22.863,
1999-02-11,23.969,23.969,23.969,23.969,
1999-02-12,23.403,23.403,23.403,23.403,
1999-02-16,23.892,23.892,23.892,23.892,
1999-02-17,23.866,23.866,23.866,23.866,
1999-02-18,24.046,24.046,24.046,24.046,
1999-02-19,24.895,24.895,24.895,24.895,
1999-02-22,25.307,25.307,25.307,25.307,
1999-02-23,24.921,24.921,24.921,24.921,
1999-02-24,24.535,24.535,24.535,24.535,
1999-02-25,24.612,24.612,24.612,24.612,
1999-02-26,24.561,24.561,24.561,24.561,
1999-03-01,24.561,24.561,24.561,24.561,
1999-03-02,24.264,24.264,24.264,24.264,
1999-03-03,24.779,24.779,24.779,24.779,
1999-03-04,24.959,24.959,24.959,24.959,
1999-03-05,25.628,25.628,25.628,25.628,
1999-03-08,25.988,25.988,25.988,25.988,
1999-03-09,26.426,26.426,26.426,26.426,
1999-03-10,26.734,26.734,26.734,26.734,
1999-03-11,26.915,26.915,26.915,26.915,
1999-03-12,26.863,26.863,26.863,26.863,
1999-03-15,26.734,26.734,26.734,26.734,
1999-03-16,26.349,26.349,26.349,26.349,
1999-03-17,25.988,25.988,25.988,25.988,
1999-03-18,26.812,26.812,26.812,26.812,
1999-03-19,26.04,26.04,26.04,26.04,
1999-03-22,25.68,25.68,25.68,25.68,
1999-03-23,24.882,24.882,24.882,24.882,
1999-03-24,24.753,24.753,24.753,24.753,
1999-03-25,26.194,26.194,26.194,26.194,
1999-03-26,26.246,26.246,26.246,26.246,
1999-03-29,26.4,26.4,26.4,26.4,
1999-03-30,26.143,26.143,26.143,26.143,
1999-03-31,25.628,25.628,25.628,25.628,
1999-04-01,25.345,25.345,25.345,25.345,
1999-04-05,25.963,25.963,25.963,25.963,
1999-04-06,25.628,25.628,25.628,25.628,
1999-04-07,26.168,26.168,26.168,26.168,
1999-04-08,27.455,27.455,27.455,27.455,
1999-04-09,27.712,27.712,27.712,27.712,
1999-04-12,27.532,27.532,27.532,27.532,
1999-04-13,26.632,26.632,26.632,26.632,
1999-04-14,26.143,26.143,26.143,26.143,
1999-04-15,25.937,25.937,25.937,25.937,
1999-04-16,26.065,26.065,26.065,26.065,
1999-04-19,24.136,24.136,24.136,24.136,
1999-04-20,24.908,24.908,24.908,24.908,
1999-04-21,25.68,25.68,25.68,25.68,
1999-04-22,25.602,25.602,25.602,25.602,
1999-04-23,25.705,25.705,25.705,25.705,
1999-04-26,25.036,25.036,25.036,25.036,
1999-04-27,25.294,25.294,25.294,25.294,
1999-04-28,25.396,25.396,25.396,25.396,
1999-04-29,24.444,24.444,24.444,24.444,
1999-04-30,24.599,24.599,24.599,24.599,
1999-05-03,25.242,25.242,25.242,25.242,
1999-05-04,24.393,24.393,24.393,24.393,
1999-05-05,24.213,24.213,24.213,24.213,
1999-05-06,23.467,23.467,23.467,23.467,
1999-05-07,23.595,23.595,23.595,23.595,
1999-05-10,23.209,23.209,23.209,23.209,
1999-05-11,24.393,24.393,24.393,24.393,
1999-05-12,24.29,24.29,24.29,24.29,
1999-05-13,24.264,24.264,24.264,24.264,
1999-05-14,23.93,23.93,23.93,23.93,
1999-05-17,24.058,24.058,24.058,24.058,
1999-05-18,24.342,24.342,24.342,24.342,
1999-05-19,23.801,23.801,23.801,23.801,
1999-05-20,23.878,23.878,23.878,23.878,
1999-05-21,23.93,23.93,23.93,23.93,
1999-05-24,23.621,23.621,23.621,23.621,
1999-05-25,22.901,22.901,22.901,22.901,
1999-05-26,23.698,23.698,23.698,23.698,
1999-05-27,23.389,23.389,23.389,23.389,
1999-05-28,23.287,23.287,23.287,23.287,
1999-06-01,22.978,22.978,22.978,22.978,
1999-06-02,23.338,23.338,23.338,23.338,
1999-06-03,24.136,24.136,24.136,24.136,
1999-06-04,24.908,24.908,24.908,24.908,
1999-06-07,24.753,24.753,24.753,24.753,
1999-06-08,24.049,24.049,24.049,24.049,
1999-06-09,24.461,24.461,24.461,24.461,
1999-06-10,24.255,24.255,24.255,24.255,
1999-06-11,24.692,24.692,24.692,24.692,
1999-06-14,23.946,23.946,23.946,23.946,
1999-06-15,23.508,23.508,23.508,23.508,
1999-06-16,24.023,24.023,24.023,24.023,
1999-06-17,24.692,24.692,24.692,24.692,
1999-06-18,25.13,25.13,25.13,25.13,
1999-06-21,25.491,25.491,25.491,25.491,
1999-06-22,25.491,25.491,25.491,25.491,
1999-06-23,25.13,25.13,25.13,25.13,
1999-06-24,24.692,24.692,24.692,24.692,
1999-06-25,24.821,24.821,24.821,24.821,
1999-06-28,25.903,25.903,25.903,25.903,
1999-06-29,26.366,26.366,26.366,26.366,
1999-06-30,26.546,26.546,26.546,26.546,
1999-07-01,26.212,26.212,26.212,26.212,
1999-07-02,26.366,26.366,26.366,26.366,
1999-07-06,26.598,26.598,26.598,26.598,
1999-07-07,27.01,27.01,27.01,27.01,
1999-07-08,26.984,26.984,26.984,26.984,
1999-07-09,27.113,27.113,27.113,27.113,
1999-07-12,26.933,26.933,26.933,26.933,
1999-07-13,26.83,26.83,26.83,26.83,
1999-07-14,27.19,27.19,27.19,27.19,
1999-07-15,28.812,28.812,28.812,28.812,
1999-07-16,28.683,28.683,28.683,28.683,
1999-07-19,28.761,28.761,28.761,28.761,
1999-07-20,26.984,26.984,26.984,26.984,
1999-07-21,27.113,27.113,27.113,27.113,
1999-07-22,26.366,26.366,26.366,26.366,
1999-07-23,26.624,26.624,26.624,26.624,
1999-07-26,26.289,26.289,26.289,26.289,
1999-07-27,25.722,25.722,25.722,25.722,
1999-07-28,26.83,26.83,26.83,26.83,
1999-07-29,26.443,26.443,26.443,26.443,
1999-07-30,26.289,26.289,26.289,26.289,
1999-08-02,25.697,25.697,25.697,25.697,
1999-08-03,24.976,24.976,24.976,24.976,
1999-08-04,24.255,24.255,24.255,24.255,
1999-08-05,23.714,23.714,23.714,23.714,
1999-08-06,23.611,23.611,23.611,23.611,
1999-08-09,23.045,23.045,23.045,23.045,
1999-08-10,23.328,23.328,23.328,23.328,
1999-08-11,23.791,23.791,23.791,23.791,
1999-08-12,24.461,24.461,24.461,24.461,
1999-08-13,26.109,26.109,26.109,26.109,
1999-08-16,26.366,26.366,26.366,26.366,
1999-08-17,25.98,25.98,25.98,25.98,
1999-08-18,25.8,25.8,25.8,25.8,
1999-08-19,25.336,25.336,25.336,25.336,
1999-08-20,25.877,25.877,25.877,25.877,
1999-08-23,26.469,26.469,26.469,26.469,
1999-08-24,26.289,26.289,26.289,26.289,
1999-08-25,27.061,27.061,27.061,27.061,
1999-08-26,25.954,25.954,25.954,25.954,
1999-08-27,26.366,26.366,26.366,26.366,
1999-08-30,25.491,25.491,25.491,25.491,
1999-08-31,25.353,25.353,25.353,25.353,
1999-09-01,25.249,25.249,25.249,25.249,
1999-09-02,25.146,25.146,25.146,25.146,
1999-09-03,26.203,26.203,26.203,26.203,
1999-09-07,26.151,26.151,26.151,26.151,
1999-09-08,26.641,26.641,26.641,26.641,
1999-09-09,27.285,27.285,27.285,27.285,
1999-09-10,27.929,27.929,27.929,27.929,
1999-09-13,28.187,28.187,28.187,28.187,
1999-09-14,28.032,28.032,28.032,28.032,
1999-09-15,27.208,27.208,27.208,27.208,
1999-09-16,27.208,27.208,27.208,27.208,
1999-09-17,27.697,27.697,27.697,27.697,
1999-09-20,27.62,27.62,27.62,27.62,
1999-09-21,27.079,27.079,27.079,27.079,
1999-09-22,27.362,27.362,27.362,27.362,
1999-09-23,27.362,27.362,27.362,27.362,
1999-09-24,27.414,27.414,27.414,27.414,
1999-09-27,27.156,27.156,27.156,27.156,
1999-09-28,27.259,27.259,27.259,27.259,
1999-09-29,27.62,27.62,27.62,27.62,
1999-09-30,28.29,28.29,28.29,28.29,
1999-10-01,28.676,28.676,28.676,28.676,
1999-10-04,29.346,29.346,29.346,29.346,
1999-10-05,29.14,29.14,29.14,29.14,
1999-10-06,29.861,29.861,29.861,29.861,
1999-10-07,29.784,29.784,29.784,29.784,
1999-10-08,30.712,30.712,30.712,30.712,
1999-10-11,30.763,30.763,30.763,30.763,
1999-10-12,30.351,30.351,30.351,30.351,
1999-10-13,29.372,29.372,29.372,29.372,
1999-10-14,29.269,29.269,29.269,29.269,
1999-10-15,28.238,28.238,28.238,28.238,
1999-10-18,28.419,28.419,28.419,28.419,
1999-10-19,29.037,29.037,29.037,29.037,
1999-10-20,29.836,29.836,29.836,29.836,
1999-10-21,29.629,29.629,29.629,29.629,
1999-10-22,29.81,29.81,29.81,29.81,
1999-10-25,29.655,29.655,29.655,29.655,
1999-10-26,29.14,29.14,29.14,29.14,
1999-10-27,28.728,28.728,28.728,28.728,
1999-10-28,30.737,30.737,30.737,30.737,
1999-10-29,31.227,31.227,31.227,31.227,
1999-11-01,31.433,31.433,31.433,31.433,
1999-11-02,31.742,31.742,31.742,31.742,
1999-11-03,31.021,31.021,31.021,31.021,
1999-11-04,31.33,31.33,31.33,31.33,
1999-11-05,32.154,32.154,32.154,32.154,
1999-11-08,32.618,32.618,32.618,32.618,
1999-11-09,32.979,32.979,32.979,32.979,
1999-11-10,31.819,31.819,31.819,31.819,
1999-11-11,32.489,32.489,32.489,32.489,
1999-11-12,33.159,33.159,33.159,33.159,
1999-11-15,32.464,32.464,32.464,32.464,
1999-11-16,33.133,33.133,33.133,33.133,
1999-11-17,32.953,32.953,32.953,32.953,
1999-11-18,34.216,34.216,34.216,34.216,
1999-11-19,33.906,33.906,33.906,33.906,
1999-11-22,33.597,33.597,33.597,33.597,
1999-11-23,33.237,33.237,33.237,33.237,
1999-11-24,32.773,32.773,32.773,32.773,
1999-11-26,33.185,33.185,33.185,33.185,
1999-11-29,32.979,32.979,32.979,32.979,
1999-11-30,32.668,32.668,32.668,32.668,
1999-12-01,33.545,33.545,33.545,33.545,
1999-12-02,33.532,33.532,33.532,33.532,
1999-12-03,34.757,34.757,34.757,34.757,
1999-12-06,34.383,34.383,34.383,34.383,
1999-12-07,34.344,34.344,34.344,34.344,
1999-12-08,34.776,34.776,34.776,34.776,
1999-12-09,35.995,35.995,35.995,35.995,
1999-12-10,36.717,36.717,36.717,36.717,
1999-12-13,37.587,37.587,37.587,37.587,
1999-12-14,38.16,38.16,38.16,38.16,
1999-12-15,38.573,38.573,38.573,38.573,
1999-12-16,39.888,39.888,39.888,39.888,
1999-12-17,40.739,40.739,40.739,40.739,
1999-12-20,40.623,40.623,40.623,40.623,
1999-12-21,39.521,39.521,39.521,39.521,
1999-12-22,39.733,39.733,39.733,39.733,
1999-12-23,40.069,40.069,40.069,40.069,
1999-12-27,40.352,40.352,40.352,40.352,
1999-12-28,41.1,41.1,41.1,41.1,
1999-12-29,41.616,41.616,41.616,41.616,
1999-12-30,41.332,41.332,41.332,41.332,
1999-12-31,42.544,42.544,42.544,42.544,
2000-01-03,40.339,40.339,40.339,40.339,
2000-01-04,38.212,38.212,38.212,38.212,
2000-01-05,38.986,38.986,38.986,38.986,
2000-01-06,37.129,37.129,37.129,37.129,
2000-01-07,39.295,39.295,39.295,39.295,
2000-01-10,39.102,39.102,39.102,39.102,
2000-01-11,38.096,38.096,38.096,38.096,
2000-01-12,37.787,37.787,37.787,37.787,
2000-01-13,38.444,38.444,38.444,38.444,
2000-01-14,38.328,38.328,38.328,38.328,
2000-01-18,37.439,37.439,37.439,37.439,
2000-01-19,38.289,38.289,38.289,38.289,
2000-01-20,37.632,37.632,37.632,37.632,
2000-01-21,37.129,37.129,37.129,37.129,
2000-01-24,35.891,35.891,35.891,35.891,
2000-01-25,34.731,34.731,34.731,34.731,
2000-01-26,35.505,35.505,35.505,35.505,
2000-01-27,36.046,36.046,36.046,36.046,
2000-01-28,34.422,34.422,34.422,34.422,
2000-01-31,35.041,35.041,35.041,35.041,
2000-02-01,38.367,38.367,38.367,38.367,
2000-02-02,37.593,37.593,37.593,37.593,
2000-02-03,37.439,37.439,37.439,37.439,
2000-02-04,37.825,37.825,37.825,37.825,
2000-02-07,36.51,36.51,36.51,36.51,
2000-02-08,37.748,37.748,37.748,37.748,
2000-02-09,36.356,36.356,36.356,36.356,
2000-02-10,36.858,36.858,36.858,36.858,
2000-02-11,37.168,37.168,37.168,37.168,
2000-02-14,37.322,37.322,37.322,37.322,
2000-02-15,36.974,36.974,36.974,36.974,
2000-02-16,35.427,35.427,35.427,35.427,
2000-02-17,33.726,33.726,33.726,33.726,
2000-02-18,33.262,33.262,33.262,33.262,
2000-02-22,33.184,33.184,33.184,33.184,
2000-02-23,33.919,33.919,33.919,33.919,
2000-02-24,32.836,32.836,32.836,32.836,
2000-02-25,32.797,32.797,32.797,32.797,
2000-02-28,35.157,35.157,35.157,35.157,
2000-02-29,35.582,35.582,35.582,35.582,
2000-03-01,34.422,34.422,34.422,34.422,
2000-03-02,34.112,34.112,34.112,34.112,
2000-03-03,33.726,33.726,33.726,33.726,
2000-03-06,33.339,33.339,33.339,33.339,
2000-03-07,32.435,32.435,32.435,32.435,
2000-03-08,32.512,32.512,32.512,32.512,
2000-03-09,34.254,34.254,34.254,34.254,
2000-03-10,33.131,33.131,33.131,33.131,
2000-03-13,32.822,32.822,32.822,32.822,
2000-03-14,32.396,32.396,32.396,32.396,
2000-03-15,35.299,35.299,35.299,35.299,
2000-03-16,38.086,38.086,38.086,38.086,
2000-03-17,39.131,39.131,39.131,39.131,
2000-03-20,39.402,39.402,39.402,39.402,
2000-03-21,39.324,39.324,39.324,39.324,
2000-03-22,39.053,39.053,39.053,39.053,
2000-03-23,39.711,39.711,39.711,39.711,
2000-03-24,39.866,39.866,39.866,39.866,
2000-03-27,39.866,39.866,39.866,39.866,
2000-03-28,39.634,39.634,39.634,39.634,
2000-03-29,42.421,42.421,42.421,42.421,
2000-03-30,41.492,41.492,41.492,41.492,
2000-03-31,39.943,39.943,39.943,39.943,
2000-04-03,42.111,42.111,42.111,42.111,
2000-04-04,40.021,40.021,40.021,40.021,
2000-04-05,39.634,39.634,39.634,39.634,
2000-04-06,40.834,40.834,40.834,40.834,
2000-04-07,39.711,39.711,39.711,39.711,
2000-04-10,41.298,41.298,41.298,41.298,
2000-04-11,41.724,41.724,41.724,41.724,
2000-04-12,40.872,40.872,40.872,40.872,
2000-04-13,38.705,38.705,38.705,38.705,
2000-04-14,37.312,37.312,37.312,37.312,
2000-04-17,35.454,35.454,35.454,35.454,
2000-04-18,36.383,36.383,36.383,36.383,
2000-04-19,36.383,36.383,36.383,36.383,
2000-04-20,36.305,36.305,36.305,36.305,
2000-04-24,36.886,36.886,36.886,36.886,
2000-04-25,36.537,36.537,36.537,36.537,
2000-04-26,37.466,37.466,37.466,37.466,
2000-04-27,36.421,36.421,36.421,36.421,
2000-04-28,34.989,34.989,34.989,34.989,
2000-05-01,34.757,34.757,34.757,34.757,
2000-05-02,35.183,35.183,35.183,35.183,
2000-05-03,33.441,33.441,33.441,33.441,
2000-05-04,32.512,32.512,32.512,32.512,
2000-05-05,33.015,33.015,33.015,33.015,
2000-05-08,33.17,33.17,33.17,33.17,
2000-05-09,32.512,32.512,32.512,32.512,
2000-05-10,33.441,33.441,33.441,33.441,
2000-05-11,33.364,33.364,33.364,33.364,
2000-05-12,33.441,33.441,33.441,33.441,
2000-05-15,34.989,34.989,34.989,34.989,
2000-05-16,33.093,33.093,33.093,33.093,
2000-05-17,32.357,32.357,32.357,32.357,
2000-05-18,31.893,31.893,31.893,31.893,
2000-05-19,31.932,31.932,31.932,31.932,
2000-05-22,31.196,31.196,31.196,31.196,
2000-05-23,30.809,30.809,30.809,30.809,
2000-05-24,28.951,28.951,28.951,28.951,
2000-05-25,28.796,28.796,28.796,28.796,
2000-05-26,29.029,29.029,29.029,29.029,
2000-05-30,29.261,29.261,29.261,29.261,
2000-05-31,30.345,30.345,30.345,30.345,
2000-06-01,30.886,30.886,30.886,30.886,
2000-06-02,33.209,33.209,33.209,33.209,
2000-06-05,32.435,32.435,32.435,32.435,
2000-06-06,31.196,31.196,31.196,31.196,
2000-06-07,31.312,31.312,31.312,31.312,
2000-06-08,30.886,30.886,30.886,30.886,
2000-06-09,29.841,29.841,29.841,29.841,
2000-06-12,28.487,28.487,28.487,28.487,
2000-06-13,30.603,30.603,30.603,30.603,
2000-06-14,31.611,31.611,31.611,31.611,
2000-06-15,31.533,31.533,31.533,31.533,
2000-06-16,30.875,30.875,30.875,30.875,
2000-06-19,30.991,30.991,30.991,30.991,
2000-06-20,30.294,30.294,30.294,30.294,
2000-06-21,30.1,30.1,30.1,30.1,
2000-06-22,29.674,29.674,29.674,29.674,
2000-06-23,29.751,29.751,29.751,29.751,
2000-06-26,29.209,29.209,29.209,29.209,
2000-06-27,30.72,30.72,30.72,30.72,
2000-06-28,29.829,29.829,29.829,29.829,
2000-06-29,29.674,29.674,29.674,29.674,
2000-06-30,30.952,30.952,30.952,30.952,
2000-07-03,30.797,30.797,30.797,30.797,
2000-07-05,31.146,31.146,31.146,31.146,
2000-07-06,31.766,31.766,31.766,31.766,
2000-07-07,34.4,34.4,34.4,34.4,
2000-07-10,35.639,35.639,35.639,35.639,
2000-07-11,35.717,35.717,35.717,35.717,
2000-07-12,35.562,35.562,35.562,35.562,
2000-07-13,34.826,34.826,34.826,34.826,
2000-07-14,34.981,34.981,34.981,34.981,
2000-07-17,35.252,35.252,35.252,35.252,
2000-07-18,35.562,35.562,35.562,35.562,
2000-07-19,35.407,35.407,35.407,35.407,
2000-07-20,35.988,35.988,35.988,35.988,
2000-07-21,35.407,35.407,35.407,35.407,
2000-07-24,34.71,34.71,34.71,34.71,
2000-07-25,34.09,34.09,34.09,34.09,
2000-07-26,33.199,33.199,33.199,33.199,
2000-07-27,33.935,33.935,33.935,33.935,
2000-07-28,32.657,32.657,32.657,32.657,
2000-07-31,32.076,32.076,32.076,32.076,
2000-08-01,32.23,32.23,32.23,32.23,
2000-08-02,32.928,32.928,32.928,32.928,
2000-08-03,32.076,32.076,32.076,32.076,
2000-08-04,33.47,33.47,33.47,33.47,
2000-08-07,34.09,34.09,34.09,34.09,
2000-08-08,35.33,35.33,35.33,35.33,
2000-08-09,35.949,35.949,35.949,35.949,
2000-08-10,34.167,34.167,34.167,34.167,
2000-08-11,34.671,34.671,34.671,34.671,
2000-08-14,36.569,36.569,36.569,36.569,
2000-08-15,33.16,33.16,33.16,33.16,
2000-08-16,31.611,31.611,31.611,31.611,
2000-08-17,31.804,31.804,31.804,31.804,
2000-08-18,31.843,31.843,31.843,31.843,
2000-08-21,31.533,31.533,31.533,31.533,
2000-08-22,31.727,31.727,31.727,31.727,
2000-08-23,31.843,31.843,31.843,31.843,
2000-08-24,31.262,31.262,31.262,31.262,
2000-08-25,31.301,31.301,31.301,31.301,
2000-08-28,30.991,30.991,30.991,30.991,
2000-08-29,30.822,30.822,30.822,30.822,
2000-08-30,30.008,30.008,30.008,30.008,
2000-08-31,29.814,29.814,29.814,29.814,
2000-09-01,30.124,30.124,30.124,30.124,
2000-09-05,31.093,31.093,31.093,31.093,
2000-09-06,31.403,31.403,31.403,31.403,
2000-09-07,31.326,31.326,31.326,31.326,
2000-09-08,32.838,32.838,32.838,32.838,
2000-09-11,33.652,33.652,33.652,33.652,
2000-09-12,34.66,34.66,34.66,34.66,
2000-09-13,33.962,33.962,33.962,33.962,
2000-09-14,34.427,34.427,34.427,34.427,
2000-09-15,33.652,33.652,33.652,33.652,
2000-09-18,34.156,34.156,34.156,34.156,
2000-09-19,32.877,32.877,32.877,32.877,
2000-09-20,32.877,32.877,32.877,32.877,
2000-09-21,34.117,34.117,34.117,34.117,
2000-09-22,34.699,34.699,34.699,34.699,
2000-09-25,33.885,33.885,33.885,33.885,
2000-09-26,33.109,33.109,33.109,33.109,
2000-09-27,33.962,33.962,33.962,33.962,
2000-09-28,34.117,34.117,34.117,34.117,
2000-09-29,32.838,32.838,32.838,32.838,
2000-10-02,32.605,32.605,32.605,32.605,
2000-10-03,33.381,33.381,33.381,33.381,
2000-10-04,34.466,34.466,34.466,34.466,
2000-10-05,33.342,33.342,33.342,33.342,
2000-10-06,31.675,31.675,31.675,31.675,
2000-10-09,31.558,31.558,31.558,31.558,
2000-10-10,31.442,31.442,31.442,31.442,
2000-10-11,30.357,30.357,30.357,30.357,
2000-10-12,21.633,21.633,21.633,21.633,
2000-10-13,22.525,22.525,22.525,22.525,
2000-10-16,23.378,23.378,23.378,23.378,
2000-10-17,21.789,21.789,21.789,21.789,
2000-10-18,22.641,22.641,22.641,22.641,
2000-10-19,23.96,23.96,23.96,23.96,
2000-10-20,24.464,24.464,24.464,24.464,
2000-10-23,25.161,25.161,25.161,25.161,
2000-10-24,24.347,24.347,24.347,24.347,
2000-10-25,23.805,23.805,23.805,23.805,
2000-10-26,24.153,24.153,24.153,24.153,
2000-10-27,24.425,24.425,24.425,24.425,
2000-10-30,25.394,25.394,25.394,25.394,
2000-10-31,26.673,26.673,26.673,26.673,
2000-11-01,27.333,27.333,27.333,27.333,
2000-11-02,26.518,26.518,26.518,26.518,
2000-11-03,25.588,25.588,25.588,25.588,
2000-11-06,25.627,25.627,25.627,25.627,
2000-11-07,25.665,25.665,25.665,25.665,
2000-11-08,25.588,25.588,25.588,25.588,
2000-11-09,24.076,24.076,24.076,24.076,
2000-11-10,22.486,22.486,22.486,22.486,
2000-11-13,23.184,23.184,23.184,23.184,
2000-11-14,24.309,24.309,24.309,24.309,
2000-11-15,24.58,24.58,24.58,24.58,
2000-11-16,24.309,24.309,24.309,24.309,
2000-11-17,24.076,24.076,24.076,24.076,
2000-11-20,24.115,24.115,24.115,24.115,
2000-11-21,23.727,23.727,23.727,23.727,
2000-11-22,22.797,22.797,22.797,22.797,
2000-11-24,23.262,23.262,23.262,23.262,
2000-11-27,24.037,24.037,24.037,24.037,
2000-11-28,24.567,24.567,24.567,24.567,
2000-11-29,24.838,24.838,24.838,24.838,
2000-11-30,24.334,24.334,24.334,24.334,
2000-12-01,24.178,24.178,24.178,24.178,
2000-12-04,25.304,25.304,25.304,25.304,
2000-12-05,27.322,27.322,27.322,27.322,
2000-12-06,27.982,27.982,27.982,27.982,
2000-12-07,27.904,27.904,27.904,27.904,
2000-12-08,29.34,29.34,29.34,29.34,
2000-12-11,28.021,28.021,28.021,28.021,
2000-12-12,27.943,27.943,27.943,27.943,
2000-12-13,28.059,28.059,28.059,28.059,
2000-12-14,27.244,27.244,27.244,27.244,
2000-12-15,26.041,26.041,26.041,26.041,
2000-12-18,27.4,27.4,27.4,27.4,
2000-12-19,26.468,26.468,26.468,26.468,
2000-12-20,25.537,25.537,25.537,25.537,
2000-12-21,26.623,26.623,26.623,26.623,
2000-12-22,25.847,25.847,25.847,25.847,
2000-12-26,25.265,25.265,25.265,25.265,
2000-12-27,26.546,26.546,26.546,26.546,
2000-12-28,27.089,27.089,27.089,27.089,
2000-12-29,28.37,28.37,28.37,28.37,
2001-01-02,28.292,28.292,28.292,28.292,
2001-01-03,31.94,31.94,31.94,31.94,
2001-01-04,32.096,32.096,32.096,32.096,
2001-01-05,30.892,30.892,30.892,30.892,
2001-01-08,29.612,29.612,29.612,29.612,
2001-01-09,28.486,28.486,28.486,28.486,
2001-01-10,29.457,29.457,29.457,29.457,
2001-01-11,30.466,30.466,30.466,30.466,
2001-01-12,30.504,30.504,30.504,30.504,
2001-01-16,30.349,30.349,30.349,30.349,
2001-01-17,28.797,28.797,28.797,28.797,
2001-01-18,27.477,27.477,27.477,27.477,
2001-01-19,25.459,25.459,25.459,25.459,
2001-01-22,27.167,27.167,27.167,27.167,
2001-01-23,27.788,27.788,27.788,27.788,
2001-01-24,27.982,27.982,27.982,27.982,
2001-01-25,28.564,28.564,28.564,28.564,
2001-01-26,27.788,27.788,27.788,27.788,
2001-01-29,28.253,28.253,28.253,28.253,
2001-01-30,28.564,28.564,28.564,28.564,
2001-01-31,29.93,29.93,29.93,29.93,
2001-02-01,30.209,30.209,30.209,30.209,
2001-02-02,29.117,29.117,29.117,29.117,
2001-02-05,28.943,28.943,28.943,28.943,
2001-02-06,28.347,28.347,28.347,28.347,
2001-02-07,28.427,28.427,28.427,28.427,
2001-02-08,27.316,27.316,27.316,27.316,
2001-02-09,27.589,27.589,27.589,27.589,
2001-02-12,28.396,28.396,28.396,28.396,
2001-02-13,28.756,28.756,28.756,28.756,
2001-02-14,28.39,28.39,28.39,28.39,
2001-02-15,27.701,27.701,27.701,27.701,
2001-02-16,26.701,26.701,26.701,26.701,
2001-02-20,27.378,27.378,27.378,27.378,
2001-02-21,25.428,25.428,25.428,25.428,
2001-02-22,24.838,24.838,24.838,24.838,
2001-02-23,24.844,24.844,24.844,24.844,
2001-02-26,27.167,27.167,27.167,27.167,
2001-02-27,27.695,27.695,27.695,27.695,
2001-02-28,26.391,26.391,26.391,26.391,
2001-03-01,25.77,25.77,25.77,25.77,
2001-03-02,25.801,25.801,25.801,25.801,
2001-03-05,25.726,25.726,25.726,25.726,
2001-03-06,25.708,25.708,25.708,25.708,
2001-03-07,27.162,27.162,27.162,27.162,
2001-03-08,27.796,27.796,27.796,27.796,
2001-03-09,27.672,27.672,27.672,27.672,
2001-03-12,26.143,26.143,26.143,26.143,
2001-03-13,26.54,26.54,26.54,26.54,
2001-03-14,25.869,25.869,25.869,25.869,
2001-03-15,26.851,26.851,26.851,26.851,
2001-03-16,26.267,26.267,26.267,26.267,
2001-03-19,26.416,26.416,26.416,26.416,
2001-03-20,26.074,26.074,26.074,26.074,
2001-03-21,25.795,25.795,25.795,25.795,
2001-03-22,25.335,25.335,25.335,25.335,
2001-03-23,24.657,24.657,24.657,24.657,
2001-03-26,25.701,25.701,25.701,25.701,
2001-03-27,27.013,27.013,27.013,27.013,
2001-03-28,26.87,26.87,26.87,26.87,
2001-03-29,26.516,26.516,26.516,26.516,
2001-03-30,26.789,26.789,26.789,26.789,
2001-04-02,26.447,26.447,26.447,26.447,
2001-04-03,26.478,26.478,26.478,26.478,
2001-04-04,26.292,26.292,26.292,26.292,
2001-04-05,27.324,27.324,27.324,27.324,
2001-04-06,27.212,27.212,27.212,27.212,
2001-04-09,26.223,26.223,26.223,26.223,
2001-04-10,26.733,26.733,26.733,26.733,
2001-04-11,25.795,25.795,25.795,25.795,
2001-04-12,25.888,25.888,25.888,25.888,
2001-04-16,25.795,25.795,25.795,25.795,
2001-04-17,26.049,26.049,26.049,26.049,
2001-04-18,28.349,28.349,28.349,28.349,
2001-04-19,28.641,28.641,28.641,28.641,
2001-04-20,28.722,28.722,28.722,28.722,
2001-04-23,28.71,28.71,28.71,28.71,
2001-04-24,27.982,27.982,27.982,27.982,
2001-04-25,28.604,28.604,28.604,28.604,
2001-04-26,29.4,29.4,29.4,29.4,
2001-04-27,29.897,29.897,29.897,29.897,
2001-04-30,29.275,29.275,29.275,29.275,
2001-05-01,30.605,30.605,30.605,30.605,
2001-05-02,30.326,30.326,30.326,30.326,
2001-05-03,30.152,30.152,30.152,30.152,
2001-05-04,30.823,30.823,30.823,30.823,
2001-05-07,30.512,30.512,30.512,30.512,
2001-05-08,31.084,31.084,31.084,31.084,
2001-05-09,30.152,30.152,30.152,30.152,
2001-05-10,30.612,30.612,30.612,30.612,
2001-05-11,31.003,31.003,31.003,31.003,
2001-05-14,30.549,30.549,30.549,30.549,
2001-05-15,31.14,31.14,31.14,31.14,
2001-05-16,31.83,31.83,31.83,31.83,
2001-05-17,32.321,32.321,32.321,32.321,
2001-05-18,32.756,32.756,32.756,32.756,
2001-05-21,33.179,33.179,33.179,33.179,
2001-05-22,32.936,32.936,32.936,32.936,
2001-05-23,32.706,32.706,32.706,32.706,
2001-05-24,33.222,33.222,33.222,33.222,
2001-05-25,32.495,32.495,32.495,32.495,
2001-05-29,31.413,31.413,31.413,31.413,
2001-05-30,31.072,31.072,31.072,31.072,
2001-05-31,30.636,30.636,30.636,30.636,
2001-06-01,30.618,30.618,30.618,30.618,
2001-06-04,31.078,31.078,31.078,31.078,
2001-06-05,31.295,31.295,31.295,31.295,
2001-06-06,30.773,30.773,30.773,30.773,
2001-06-07,31.519,31.519,31.519,31.519,
2001-06-08,31.575,31.575,31.575,31.575,
2001-06-11,31.531,31.531,31.531,31.531,
2001-06-12,31.793,31.793,31.793,31.793,
2001-06-13,31.419,31.419,31.419,31.419,
2001-06-14,30.797,30.797,30.797,30.797,
2001-06-15,30.418,30.418,30.418,30.418,
2001-06-18,30.48,30.48,30.48,30.48,
2001-06-19,30.785,30.785,30.785,30.785,
2001-06-20,30.629,30.629,30.629,30.629,
2001-06-21,31.587,31.587,31.587,31.587,
2001-06-22,31.544,31.544,31.544,31.544,
2001-06-25,30.48,30.48,30.48,30.48,
2001-06-26,29.329,29.329,29.329,29.329,
2001-06-27,29.143,29.143,29.143,29.143,
2001-06-28,29.236,29.236,29.236,29.236,
2001-06-29,29.385,29.385,29.385,29.385,
2001-07-02,29.672,29.672,29.672,29.672,
2001-07-03,29.79,29.79,29.79,29.79,
2001-07-05,29.025,29.025,29.025,29.025,
2001-07-06,28.216,28.216,28.216,28.216,
2001-07-09,28.608,28.608,28.608,28.608,
2001-07-10,27.992,27.992,27.992,27.992,
2001-07-11,28.434,28.434,28.434,28.434,
2001-07-12,29.858,29.858,29.858,29.858,
2001-07-13,30.294,30.294,30.294,30.294,
2001-07-16,30.542,30.542,30.542,30.542,
2001-07-17,30.804,30.804,30.804,30.804,
2001-07-18,30.629,30.629,30.629,30.629,
2001-07-19,30.978,30.978,30.978,30.978,
2001-07-20,30.729,30.729,30.729,30.729,
2001-07-23,29.839,29.839,29.839,29.839,
2001-07-24,29.323,29.323,29.323,29.323,
2001-07-25,30.611,30.611,30.611,30.611,
2001-07-26,30.791,30.791,30.791,30.791,
2001-07-27,30.885,30.885,30.885,30.885,
2001-07-30,30.822,30.822,30.822,30.822,
2001-07-31,31.332,31.332,31.332,31.332,
2001-08-01,30.965,30.965,30.965,30.965,
2001-08-02,30.965,30.965,30.965,30.965,
2001-08-03,30.561,30.561,30.561,30.561,
2001-08-06,30.032,30.032,30.032,30.032,
2001-08-07,30.474,30.474,30.474,30.474,
2001-08-08,29.784,29.784,29.784,29.784,
2001-08-09,30.157,30.157,30.157,30.157,
2001-08-10,30.144,30.144,30.144,30.144,
2001-08-13,29.92,29.92,29.92,29.92,
2001-08-14,30.667,30.667,30.667,30.667,
2001-08-15,30.598,30.598,30.598,30.598,
2001-08-16,31.034,31.034,31.034,31.034,
2001-08-17,30.623,30.623,30.623,30.623,
2001-08-20,30.978,30.978,30.978,30.978,
2001-08-21,29.92,29.92,29.92,29.92,
2001-08-22,30.387,30.387,30.387,30.387,
2001-08-23,29.852,29.852,29.852,29.852,
2001-08-24,31.065,31.065,31.065,31.065,
2001-08-27,30.474,30.474,30.474,30.474,
2001-08-28,29.82,29.82,29.82,29.82,
2001-08-29,29.26,29.26,29.26,29.26,
2001-08-30,28.525,28.525,28.525,28.525,
2001-08-31,28.606,28.606,28.606,28.606,
2001-09-04,29.148,29.148,29.148,29.148,
2001-09-05,28.631,28.631,28.631,28.631,
2001-09-06,27.112,27.112,27.112,27.112,
2001-09-07,25.494,25.494,25.494,25.494,
2001-09-10,25.245,25.245,25.245,25.245,
2001-09-17,22.536,22.536,22.536,22.536,
2001-09-18,22.841,22.841,22.841,22.841,
2001-09-19,21.976,21.976,21.976,21.976,
2001-09-20,20.42,20.42,20.42,20.42,
2001-09-21,20.613,20.613,20.613,20.613,
2001-09-24,22.418,22.418,22.418,22.418,
2001-09-25,22.599,22.599,22.599,22.599,
2001-09-26,22.132,22.132,22.132,22.132,
2001-09-27,22.972,22.972,22.972,22.972,
2001-09-28,23.887,23.887,23.887,23.887,
2001-10-01,23.545,23.545,23.545,23.545,
2001-10-02,24.311,24.311,24.311,24.311,
2001-10-03,25.419,25.419,25.419,25.419,
2001-10-04,24.398,24.398,24.398,24.398,
2001-10-05,24.535,24.535,24.535,24.535,
2001-10-08,23.887,23.887,23.887,23.887,
2001-10-09,23.595,23.595,23.595,23.595,
2001-10-10,25.033,25.033,25.033,25.033,
2001-10-11,26.832,26.832,26.832,26.832,
2001-10-12,25.948,25.948,25.948,25.948,
2001-10-15,25.5,25.5,25.5,25.5,
2001-10-16,25.911,25.911,25.911,25.911,
2001-10-17,25.22,25.22,25.22,25.22,
2001-10-18,25.338,25.338,25.338,25.338,
2001-10-19,25.157,25.157,25.157,25.157,
2001-10-22,24.871,24.871,24.871,24.871,
2001-10-23,25.12,25.12,25.12,25.12,
2001-10-24,25.027,25.027,25.027,25.027,
2001-10-25,25.182,25.182,25.182,25.182,
2001-10-26,25.083,25.083,25.083,25.083,
2001-10-29,24.043,24.043,24.043,24.043,
2001-10-30,23.408,23.408,23.408,23.408,
2001-10-31,23.8,23.8,23.8,23.8,
2001-11-01,23.906,23.906,23.906,23.906,
2001-11-02,25.101,25.101,25.101,25.101,
2001-11-05,25.867,25.867,25.867,25.867,
2001-11-06,26.583,26.583,26.583,26.583,
2001-11-07,26.116,26.116,26.116,26.116,
2001-11-08,26.079,26.079,26.079,26.079,
2001-11-09,26.216,26.216,26.216,26.216,
2001-11-12,25.599,25.599,25.599,25.599,
2001-11-13,27.392,27.392,27.392,27.392,
2001-11-14,28.781,28.781,28.781,28.781,
2001-11-15,28.943,28.943,28.943,28.943,
2001-11-16,28.513,28.513,28.513,28.513,
2001-11-19,29.304,29.304,29.304,29.304,
2001-11-20,28.75,28.75,28.75,28.75,
2001-11-21,28.874,28.874,28.874,28.874,
2001-11-23,28.999,28.999,28.999,28.999,
2001-11-26,28.339,28.339,28.339,28.339,
2001-11-27,27.017,27.017,27.017,27.017,
2001-11-28,27.329,27.329,27.329,27.329,
2001-11-29,27.467,27.467,27.467,27.467,
2001-11-30,29.108,29.108,29.108,29.108,
2001-12-03,28.945,28.945,28.945,28.945,
2001-12-04,29.763,29.763,29.763,29.763,
2001-12-05,31.135,31.135,31.135,31.135,
2001-12-06,30.668,30.668,30.668,30.668,
2001-12-07,30.83,30.83,30.83,30.83,
2001-12-10,30.112,30.112,30.112,30.112,
2001-12-11,29.931,29.931,29.931,29.931,
2001-12-12,30.168,30.168,30.168,30.168,
2001-12-13,29.95,29.95,29.95,29.95,
2001-12-14,31.079,31.079,31.079,31.079,
2001-12-17,31.198,31.198,31.198,31.198,
2001-12-18,31.298,31.298,31.298,31.298,
2001-12-19,31.572,31.572,31.572,31.572,
2001-12-20,31.391,31.391,31.391,31.391,
2001-12-21,32.134,32.134,32.134,32.134,
2001-12-24,32.022,32.022,32.022,32.022,
2001-12-26,32.209,32.209,32.209,32.209,
2001-12-27,32.096,32.096,32.096,32.096,
2001-12-28,32.134,32.134,32.134,32.134,
2001-12-31,31.828,31.828,31.828,31.828,
2002-01-02,31.441,31.441,31.441,31.441,
2002-01-03,31.229,31.229,31.229,31.229,
2002-01-04,31.791,31.791,31.791,31.791,
2002-01-07,31.566,31.566,31.566,31.566,
2002-01-08,31.884,31.884,31.884,31.884,
2002-01-09,31.36,31.36,31.36,31.36,
2002-01-10,31.385,31.385,31.385,31.385,
2002-01-11,31.485,31.485,31.485,31.485,
2002-01-14,30.905,30.905,30.905,30.905,
2002-01-15,31.011,31.011,31.011,31.011,
2002-01-16,30.63,30.63,30.63,30.63,
2002-01-17,29.95,29.95,29.95,29.95,
2002-01-18,30.262,30.262,30.262,30.262,
2002-01-22,30.262,30.262,30.262,30.262,
2002-01-23,30.274,30.274,30.274,30.274,
2002-01-24,29.944,29.944,29.944,29.944,
2002-01-25,29.326,29.326,29.326,29.326,
2002-01-28,29.825,29.825,29.825,29.825,
2002-01-29,29.326,29.326,29.326,29.326,
2002-01-30,30.618,30.618,30.618,30.618,
2002-01-31,31.254,31.254,31.254,31.254,
2002-02-01,30.824,30.824,30.824,30.824,
2002-02-04,30.568,30.568,30.568,30.568,
2002-02-05,30.636,30.636,30.636,30.636,
2002-02-06,30.518,30.518,30.518,30.518,
2002-02-07,30.48,30.48,30.48,30.48,
2002-02-08,31.011,31.011,31.011,31.011,
2002-02-11,31.51,31.51,31.51,31.51,
2002-02-12,31.391,31.391,31.391,31.391,
2002-02-13,31.972,31.972,31.972,31.972,
2002-02-14,32.165,32.165,32.165,32.165,
2002-02-15,31.522,31.522,31.522,31.522,
2002-02-19,31.416,31.416,31.416,31.416,
2002-02-20,32.265,32.265,32.265,32.265,
2002-02-21,32.009,32.009,32.009,32.009,
2002-02-22,31.822,31.822,31.822,31.822,
2002-02-25,32.489,32.489,32.489,32.489,
2002-02-26,32.14,32.14,32.14,32.14,
2002-02-27,31.772,31.772,31.772,31.772,
2002-02-28,31.198,31.198,31.198,31.198,
2002-03-01,31.379,31.379,31.379,31.379,
2002-03-04,31.135,31.135,31.135,31.135,
2002-03-05,29.638,29.638,29.638,29.638,
2002-03-06,30.387,30.387,30.387,30.387,
2002-03-07,30.2,30.2,30.2,30.2,
2002-03-08,30.536,30.536,30.536,30.536,
2002-03-11,30.156,30.156,30.156,30.156,
2002-03-12,30.2,30.2,30.2,30.2,
2002-03-13,30.293,30.293,30.293,30.293,
2002-03-14,30.2,30.2,30.2,30.2,
2002-03-15,30.556,30.556,30.556,30.556,
2002-03-18,30.424,30.424,30.424,30.424,
2002-03-19,30.918,30.918,30.918,30.918,
2002-03-20,31.005,31.005,31.005,31.005,
2002-03-21,30.637,30.637,30.637,30.637,
2002-03-22,30.83,30.83,30.83,30.83,
2002-03-25,30.262,30.262,30.262,30.262,
2002-03-26,30.606,30.606,30.606,30.606,
2002-03-27,30.768,30.768,30.768,30.768,
2002-03-28,30.362,30.362,30.362,30.362,
2002-04-01,30.118,30.118,30.118,30.118,
2002-04-02,29.675,29.675,29.675,29.675,
2002-04-03,29.325,29.325,29.325,29.325,
2002-04-04,30.075,30.075,30.075,30.075,
2002-04-05,30.462,30.462,30.462,30.462,
2002-04-08,30.918,30.918,30.918,30.918,
2002-04-09,30.656,30.656,30.656,30.656,
2002-04-10,31.068,31.068,31.068,31.068,
2002-04-11,30.812,30.812,30.812,30.812,
2002-04-12,31.455,31.455,31.455,31.455,
2002-04-15,30.731,30.731,30.731,30.731,
2002-04-16,31.13,31.13,31.13,31.13,
2002-04-17,30.837,30.837,30.837,30.837,
2002-04-18,30.93,30.93,30.93,30.93,
2002-04-19,30.699,30.699,30.699,30.699,
2002-04-22,30.3,30.3,30.3,30.3,
2002-04-23,30.518,30.518,30.518,30.518,
2002-04-24,30.087,30.087,30.087,30.087,
2002-04-25,30.399,30.399,30.399,30.399,
2002-04-26,30.037,30.037,30.037,30.037,
2002-04-29,29.331,29.331,29.331,29.331,
2002-04-30,28.963,28.963,28.963,28.963,
2002-05-01,29.069,29.069,29.069,29.069,
2002-05-02,29.231,29.231,29.231,29.231,
2002-05-03,29.044,29.044,29.044,29.044,
2002-05-06,27.92,27.92,27.92,27.92,
2002-05-07,28.551,28.551,28.551,28.551,
2002-05-08,28.95,28.95,28.95,28.95,
2002-05-09,28.825,28.825,28.825,28.825,
2002-05-10,28.419,28.419,28.419,28.419,
2002-05-13,28.494,28.494,28.494,28.494,
2002-05-14,29.968,29.968,29.968,29.968,
2002-05-15,29.356,29.356,29.356,29.356,
2002-05-16,29.356,29.356,29.356,29.356,
2002-05-17,30.037,30.037,30.037,30.037,
2002-05-20,30.293,30.293,30.293,30.293,
2002-05-21,28.045,28.045,28.045,28.045,
2002-05-22,27.639,27.639,27.639,27.639,
2002-05-23,26.795,26.795,26.795,26.795,
2002-05-24,27.12,27.12,27.12,27.12,
2002-05-28,25.946,25.946,25.946,25.946,
2002-05-29,25.578,25.578,25.578,25.578,
2002-05-30,25.078,25.078,25.078,25.078,
2002-05-31,26.04,26.04,26.04,26.04,
2002-06-03,25.309,25.309,25.309,25.309,
2002-06-04,25.047,25.047,25.047,25.047,
2002-06-05,25.321,25.321,25.321,25.321,
2002-06-06,24.366,24.366,24.366,24.366,
2002-06-07,24.253,24.253,24.253,24.253,
2002-06-10,24.953,24.953,24.953,24.953,
2002-06-11,24.49,24.49,24.49,24.49,
2002-06-12,23.802,23.802,23.802,23.802,
2002-06-13,23.702,23.702,23.702,23.702,
2002-06-14,23.127,23.127,23.127,23.127,
2002-06-17,24.077,24.077,24.077,24.077,
2002-06-18,23.515,23.515,23.515,23.515,
2002-06-19,23.546,23.546,23.546,23.546,
2002-06-20,22.833,22.833,22.833,22.833,
2002-06-21,22.308,22.308,22.308,22.308,
2002-06-24,22.933,22.933,22.933,22.933,
2002-06-25,22.601,22.601,22.601,22.601,
2002-06-26,22.852,22.852,22.852,22.852,
2002-06-27,23.264,23.264,23.264,23.264,
2002-06-28,22.97,22.97,22.97,22.97,
2002-07-01,22.232,22.232,22.232,22.232,
2002-07-02,21.107,21.107,21.107,21.107,
2002-07-03,23.045,23.045,23.045,23.045,
2002-07-05,23.758,23.758,23.758,23.758,
2002-07-08,23.077,23.077,23.077,23.077,
2002-07-09,22.107,22.107,22.107,22.107,
2002-07-10,20.794,20.794,20.794,20.794,
2002-07-11,19.637,19.637,19.637,19.637,
2002-07-12,18.192,18.192,18.192,18.192,
2002-07-15,18.762,18.762,18.762,18.762,
2002-07-16,19.099,19.099,19.099,19.099,
2002-07-17,19.312,19.312,19.312,19.312,
2002-07-18,18.518,18.518,18.518,18.518,
2002-07-19,17.949,17.949,17.949,17.949,
2002-07-22,17.561,17.561,17.561,17.561,
2002-07-23,17.605,17.605,17.605,17.605,
2002-07-24,19.212,19.212,19.212,19.212,
2002-07-25,18.042,18.042,18.042,18.042,
2002-07-26,18.324,18.324,18.324,18.324,
2002-07-29,19.374,19.374,19.374,19.374,
2002-07-30,19.131,19.131,19.131,19.131,
2002-07-31,19.312,19.312,19.312,19.312,
2002-08-01,18.53,18.53,18.53,18.53,
2002-08-02,17.78,17.78,17.78,17.78,
2002-08-05,17.186,17.186,17.186,17.186,
2002-08-06,17.53,17.53,17.53,17.53,
2002-08-07,17.673,17.673,17.673,17.673,
2002-08-08,16.973,16.973,16.973,16.973,
2002-08-09,17.692,17.692,17.692,17.692,
2002-08-12,16.698,16.698,16.698,16.698,
2002-08-13,16.566,16.566,16.566,16.566,
2002-08-14,17.686,17.686,17.686,17.686,
2002-08-15,18.092,18.092,18.092,18.092,
2002-08-16,17.573,17.573,17.573,17.573,
2002-08-19,18.155,18.155,18.155,18.155,
2002-08-20,18.918,18.918,18.918,18.918,
2002-08-21,20.438,20.438,20.438,20.438,
2002-08-22,21.176,21.176,21.176,21.176,
2002-08-23,20.969,20.969,20.969,20.969,
2002-08-26,21.219,21.219,21.219,21.219,
2002-08-27,20.675,20.675,20.675,20.675,
2002-08-28,20.45,20.45,20.45,20.45,
2002-08-29,20.663,20.663,20.663,20.663,
2002-08-30,20.594,20.594,20.594,20.594,
2002-09-03,19.955,19.955,19.955,19.955,
2002-09-04,20.412,20.412,20.412,20.412,
2002-09-05,20.105,20.105,20.105,20.105,
2002-09-06,20.826,20.826,20.826,20.826,
2002-09-09,20.832,20.832,20.832,20.832,
2002-09-10,20.669,20.669,20.669,20.669,
2002-09-11,20.813,20.813,20.813,20.813,
2002-09-12,20.343,20.343,20.343,20.343,
2002-09-13,20.951,20.951,20.951,20.951,
2002-09-16,21.308,21.308,21.308,21.308,
2002-09-17,20.769,20.769,20.769,20.769,
2002-09-18,20.782,20.782,20.782,20.782,
2002-09-19,20.174,20.174,20.174,20.174,
2002-09-20,19.561,19.561,19.561,19.561,
2002-09-23,18.715,18.715,18.715,18.715,
2002-09-24,17.794,17.794,17.794,17.794,
2002-09-25,17.287,17.287,17.287,17.287,
2002-09-26,17.707,17.707,17.707,17.707,
2002-09-27,16.761,16.761,16.761,16.761,
2002-09-30,16.347,16.347,16.347,16.347,
2002-10-01,16.523,16.523,16.523,16.523,
2002-10-02,15.627,15.627,15.627,15.627,
2002-10-03,15.633,15.633,15.633,15.633,
2002-10-04,16.16,16.16,16.16,16.16,
2002-10-07,15.164,15.164,15.164,15.164,
2002-10-08,15.815,15.815,15.815,15.815,
2002-10-09,14.819,14.819,14.819,14.819,
2002-10-10,15.408,15.408,15.408,15.408,
2002-10-11,16.416,16.416,16.416,16.416,
2002-10-14,16.629,16.629,16.629,16.629,
2002-10-15,18.414,18.414,18.414,18.414,
2002-10-16,17.819,17.819,17.819,17.819,
2002-10-17,18.258,18.258,18.258,18.258,
2002-10-18,19.047,19.047,19.047,19.047,
2002-10-21,18.696,18.696,18.696,18.696,
2002-10-22,18.521,18.521,18.521,18.521,
2002-10-23,19.066,19.066,19.066,19.066,
2002-10-24,18.721,18.721,18.721,18.721,
2002-10-25,19.153,19.153,19.153,19.153,
2002-10-28,18.884,18.884,18.884,18.884,
2002-10-29,18.753,18.753,18.753,18.753,
2002-10-30,18.458,18.458,18.458,18.458,
2002-10-31,18.089,18.089,18.089,18.089,
2002-11-01,17.788,17.788,17.788,17.788,
2002-11-04,17.043,17.043,17.043,17.043,
2002-11-05,17.713,17.713,17.713,17.713,
2002-11-06,17.725,17.725,17.725,17.725,
2002-11-07,17.03,17.03,17.03,17.03,
2002-11-08,16.692,16.692,16.692,16.692,
2002-11-11,16.435,16.435,16.435,16.435,
2002-11-12,16.867,16.867,16.867,16.867,
2002-11-13,16.88,16.88,16.88,16.88,
2002-11-14,17.437,17.437,17.437,17.437,
2002-11-15,17.738,17.738,17.738,17.738,
2002-11-18,17.913,17.913,17.913,17.913,
2002-11-19,15.602,15.602,15.602,15.602,
2002-11-20,15.471,15.471,15.471,15.471,
2002-11-21,15.646,15.646,15.646,15.646,
2002-11-22,15.752,15.752,15.752,15.752,
2002-11-25,15.94,15.94,15.94,15.94,
2002-11-26,15.671,15.671,15.671,15.671,
2002-11-27,16.341,16.341,16.341,16.341,
2002-11-29,16.535,16.535,16.535,16.535,
2002-12-02,16.579,16.579,16.579,16.579,
2002-12-03,16.322,16.322,16.322,16.322,
2002-12-04,16.328,16.328,16.328,16.328,
2002-12-05,16.303,16.303,16.303,16.303,
2002-12-06,16.385,16.385,16.385,16.385,
2002-12-09,16.165,16.165,16.165,16.165,
2002-12-10,16.887,16.887,16.887,16.887,
2002-12-11,16.805,16.805,16.805,16.805,
2002-12-12,17.132,17.132,17.132,17.132,
2002-12-13,16.567,16.567,16.567,16.567,
2002-12-16,16.767,16.767,16.767,16.767,
2002-12-17,16.133,16.133,16.133,16.133,
2002-12-18,15.989,15.989,15.989,15.989,
2002-12-19,15.656,15.656,15.656,15.656,
2002-12-20,15.587,15.587,15.587,15.587,
2002-12-23,15.349,15.349,15.349,15.349,
2002-12-24,15.192,15.192,15.192,15.192,
2002-12-26,15.186,15.186,15.186,15.186,
2002-12-27,14.922,14.922,14.922,14.922,
2002-12-30,14.865,14.865,14.865,14.865,
2002-12-31,15.079,15.079,15.079,15.079,
2003-01-02,15.619,15.619,15.619,15.619,
2003-01-03,13.422,13.422,13.422,13.422,
2003-01-06,13.698,13.698,13.698,13.698,
2003-01-07,13.472,13.472,13.472,13.472,
2003-01-08,13.283,13.283,13.283,13.283,
2003-01-09,13.478,13.478,13.478,13.478,
2003-01-10,13.547,13.547,13.547,13.547,
2003-01-13,13.786,13.786,13.786,13.786,
2003-01-14,13.836,13.836,13.836,13.836,
2003-01-15,13.729,13.729,13.729,13.729,
2003-01-16,13.917,13.917,13.917,13.917,
2003-01-17,14.081,14.081,14.081,14.081,
2003-01-21,13.685,13.685,13.685,13.685,
2003-01-22,13.547,13.547,13.547,13.547,
2003-01-23,13.786,13.786,13.786,13.786,
2003-01-24,13.346,13.346,13.346,13.346,
2003-01-27,12.932,12.932,12.932,12.932,
2003-01-28,12.888,12.888,12.888,12.888,
2003-01-29,13.164,13.164,13.164,13.164,
2003-01-30,13.007,13.007,13.007,13.007,
2003-01-31,13.12,13.12,13.12,13.12,
2003-02-03,13.422,13.422,13.422,13.422,
2003-02-04,13.252,13.252,13.252,13.252,
2003-02-05,13.378,13.378,13.378,13.378,
2003-02-06,13.578,13.578,13.578,13.578,
2003-02-07,13.378,13.378,13.378,13.378,
2003-02-10,13.547,13.547,13.547,13.547,
2003-02-11,13.359,13.359,13.359,13.359,
2003-02-12,13.309,13.309,13.309,13.309,
2003-02-13,12.995,12.995,12.995,12.995,
2003-02-14,13.403,13.403,13.403,13.403,
2003-02-18,13.748,13.748,13.748,13.748,
2003-02-19,13.71,13.71,13.71,13.71,
2003-02-20,13.591,13.591,13.591,13.591,
2003-02-21,14.068,14.068,14.068,14.068,
2003-02-24,13.924,13.924,13.924,13.924,
2003-02-25,14.338,14.338,14.338,14.338,
2003-02-26,14.363,14.363,14.363,14.363,
2003-02-27,14.508,14.508,14.508,14.508,
2003-02-28,14.721,14.721,14.721,14.721,
2003-03-03,14.495,14.495,14.495,14.495,
2003-03-04,13.874,13.874,13.874,13.874,
2003-03-05,13.905,13.905,13.905,13.905,
2003-03-06,13.874,13.874,13.874,13.874,
2003-03-07,14.137,14.137,14.137,14.137,
2003-03-10,13.761,13.761,13.761,13.761,
2003-03-11,13.691,13.691,13.691,13.691,
2003-03-12,13.956,13.956,13.956,13.956,
2003-03-13,14.573,14.573,14.573,14.573,
2003-03-14,14.472,14.472,14.472,14.472,
2003-03-17,15.045,15.045,15.045,15.045,
2003-03-18,15.07,15.07,15.07,15.07,
2003-03-19,15.454,15.454,15.454,15.454,
2003-03-20,15.687,15.687,15.687,15.687,
2003-03-21,16.228,16.228,16.228,16.228,
2003-03-24,15.347,15.347,15.347,15.347,
2003-03-25,15.806,15.806,15.806,15.806,
2003-03-26,16.001,16.001,16.001,16.001,
2003-03-27,15.775,15.775,15.775,15.775,
2003-03-28,15.504,15.504,15.504,15.504,
2003-03-31,15.334,15.334,15.334,15.334,
2003-04-01,15.605,15.605,15.605,15.605,
2003-04-02,16.291,16.291,16.291,16.291,
2003-04-03,16.385,16.385,16.385,16.385,
2003-04-04,16.637,16.637,16.637,16.637,
2003-04-07,16.574,16.574,16.574,16.574,
2003-04-08,16.637,16.637,16.637,16.637,
2003-04-09,16.209,16.209,16.209,16.209,
2003-04-10,16.285,16.285,16.285,16.285,
2003-04-11,16.304,16.304,16.304,16.304,
2003-04-14,16.713,16.713,16.713,16.713,
2003-04-15,17.097,17.097,17.097,17.097,
2003-04-16,16.776,16.776,16.776,16.776,
2003-04-17,17.229,17.229,17.229,17.229,
2003-04-21,17.292,17.292,17.292,17.292,
2003-04-22,17.405,17.405,17.405,17.405,
2003-04-23,17.55,17.55,17.55,17.55,
2003-04-24,17.405,17.405,17.405,17.405,
2003-04-25,17.292,17.292,17.292,17.292,
2003-04-28,17.569,17.569,17.569,17.569,
2003-04-29,17.783,17.783,17.783,17.783,
2003-04-30,17.707,17.707,17.707,17.707,
2003-05-01,17.311,17.311,17.311,17.311,
2003-05-02,17.947,17.947,17.947,17.947,
2003-05-05,18.205,18.205,18.205,18.205,
2003-05-06,18.557,18.557,18.557,18.557,
2003-05-07,18.626,18.626,18.626,18.626,
2003-05-08,18.4,18.4,18.4,18.4,
2003-05-09,18.702,18.702,18.702,18.702,
2003-05-12,18.935,18.935,18.935,18.935,
2003-05-13,18.853,18.853,18.853,18.853,
2003-05-14,18.633,18.633,18.633,18.633,
2003-05-15,18.488,18.488,18.488,18.488,
2003-05-16,18.375,18.375,18.375,18.375,
2003-05-19,17.67,17.67,17.67,17.67,
2003-05-20,19.306,19.306,19.306,19.306,
2003-05-21,19.275,19.275,19.275,19.275,
2003-05-22,19.413,19.413,19.413,19.413,
2003-05-23,19.224,19.224,19.224,19.224,
2003-05-27,19.797,19.797,19.797,19.797,
2003-05-28,19.992,19.992,19.992,19.992,
2003-05-29,20.458,20.458,20.458,20.458,
2003-05-30,20.452,20.452,20.452,20.452,
2003-06-02,20.546,20.546,20.546,20.546,
2003-06-03,20.578,20.578,20.578,20.578,
2003-06-04,20.452,20.452,20.452,20.452,
2003-06-05,20.66,20.66,20.66,20.66,
2003-06-06,20.685,20.685,20.685,20.685,
2003-06-09,20.49,20.49,20.49,20.49,
2003-06-10,20.534,20.534,20.534,20.534,
2003-06-11,20.742,20.742,20.742,20.742,
2003-06-12,20.767,20.767,20.767,20.767,
2003-06-13,21.164,21.164,21.164,21.164,
2003-06-16,21.732,21.732,21.732,21.732,
2003-06-17,21.719,21.719,21.719,21.719,
2003-06-18,21.082,21.082,21.082,21.082,
2003-06-19,20.761,20.761,20.761,20.761,
2003-06-20,20.49,20.49,20.49,20.49,
2003-06-23,20.13,20.13,20.13,20.13,
2003-06-24,20.319,20.319,20.319,20.319,
2003-06-25,20.464,20.464,20.464,20.464,
2003-06-26,20.477,20.477,20.477,20.477,
2003-06-27,20.477,20.477,20.477,20.477,
2003-06-30,20.887,20.887,20.887,20.887,
2003-07-01,20.874,20.874,20.874,20.874,
2003-07-02,21.089,21.089,21.089,21.089,
2003-07-03,21.064,21.064,21.064,21.064,
2003-07-07,21.297,21.297,21.297,21.297,
2003-07-08,21.789,21.789,21.789,21.789,
2003-07-09,21.12,21.12,21.12,21.12,
2003-07-10,20.452,20.452,20.452,20.452,
2003-07-11,20.919,20.919,20.919,20.919,
2003-07-14,21.051,21.051,21.051,21.051,
2003-07-15,20.919,20.919,20.919,20.919,
2003-07-16,21.127,21.127,21.127,21.127,
2003-07-17,20.874,20.874,20.874,20.874,
2003-07-18,20.862,20.862,20.862,20.862,
2003-07-21,20.275,20.275,20.275,20.275,
2003-07-22,20.029,20.029,20.029,20.029,
2003-07-23,20.256,20.256,20.256,20.256,
2003-07-24,19.853,19.853,19.853,19.853,
2003-07-25,20.181,20.181,20.181,20.181,
2003-07-28,20.023,20.023,20.023,20.023,
2003-07-29,19.909,19.909,19.909,19.909,
2003-07-30,19.739,19.739,19.739,19.739,
2003-07-31,19.676,19.676,19.676,19.676,
2003-08-01,19.424,19.424,19.424,19.424,
2003-08-04,19.518,19.518,19.518,19.518,
2003-08-05,19.109,19.109,19.109,19.109,
2003-08-06,19.752,19.752,19.752,19.752,
2003-08-07,20.155,20.155,20.155,20.155,
2003-08-08,20.635,20.635,20.635,20.635,
2003-08-11,20.616,20.616,20.616,20.616,
2003-08-12,20.893,20.893,20.893,20.893,
2003-08-13,20.925,20.925,20.925,20.925,
2003-08-14,20.862,20.862,20.862,20.862,
2003-08-15,21.152,21.152,21.152,21.152,
2003-08-18,21.379,21.379,21.379,21.379,
2003-08-19,20.282,20.282,20.282,20.282,
2003-08-20,20.54,20.54,20.54,20.54,
2003-08-21,20.66,20.66,20.66,20.66,
2003-08-22,20.685,20.685,20.685,20.685,
2003-08-25,20.483,20.483,20.483,20.483,
2003-08-26,20.332,20.332,20.332,20.332,
2003-08-27,20.471,20.471,20.471,20.471,
2003-08-28,20.345,20.345,20.345,20.345,
2003-08-29,20.282,20.282,20.282,20.282,
2003-09-02,20.389,20.389,20.389,20.389,
2003-09-03,20.724,20.724,20.724,20.724,
2003-09-04,21.64,21.64,21.64,21.64,
2003-09-05,21.337,21.337,21.337,21.337,
2003-09-08,21.331,21.331,21.331,21.331,
2003-09-09,20.319,20.319,20.319,20.319,
2003-09-10,20.079,20.079,20.079,20.079,
2003-09-11,20.073,20.073,20.073,20.073,
2003-09-12,19.966,19.966,19.966,19.966,
2003-09-15,20.718,20.718,20.718,20.718,
2003-09-16,21.046,21.046,21.046,21.046,
2003-09-17,20.857,20.857,20.857,20.857,
2003-09-18,20.97,20.97,20.97,20.97,
2003-09-19,20.92,20.92,20.92,20.92,
2003-09-22,20.692,20.692,20.692,20.692,
2003-09-23,20.857,20.857,20.857,20.857,
2003-09-24,20.478,20.478,20.478,20.478,
2003-09-25,20.319,20.319,20.319,20.319,
2003-09-26,20.212,20.212,20.212,20.212,
2003-09-29,20.319,20.319,20.319,20.319,
2003-09-30,20.13,20.13,20.13,20.13,
2003-10-01,20.794,20.794,20.794,20.794,
2003-10-02,21.015,21.015,21.015,21.015,
2003-10-03,21.255,21.255,21.255,21.255,
2003-10-06,21.501,21.501,21.501,21.501,
2003-10-07,21.786,21.786,21.786,21.786,
2003-10-08,21.735,21.735,21.735,21.735,
2003-10-09,22.197,22.197,22.197,22.197,
2003-10-10,22.07,22.07,22.07,22.07,
2003-10-13,22.437,22.437,22.437,22.437,
2003-10-14,22.329,22.329,22.329,22.329,
2003-10-15,22.936,22.936,22.936,22.936,
2003-10-16,22.949,22.949,22.949,22.949,
2003-10-17,22.848,22.848,22.848,22.848,
2003-10-20,22.816,22.816,22.816,22.816,
2003-10-21,22.848,22.848,22.848,22.848,
2003-10-22,22.791,22.791,22.791,22.791,
2003-10-23,22.652,22.652,22.652,22.652,
2003-10-24,22.5,22.5,22.5,22.5,
2003-10-27,22.753,22.753,22.753,22.753,
2003-10-28,23.701,23.701,23.701,23.701,
2003-10-29,23.53,23.53,23.53,23.53,
2003-10-30,23.423,23.423,23.423,23.423,
2003-10-31,23.429,23.429,23.429,23.429,
2003-11-03,23.713,23.713,23.713,23.713,
2003-11-04,23.555,23.555,23.555,23.555,
2003-11-05,23.448,23.448,23.448,23.448,
2003-11-06,23.587,23.587,23.587,23.587,
2003-11-07,23.619,23.619,23.619,23.619,
2003-11-10,23.423,23.423,23.423,23.423,
2003-11-11,23.341,23.341,23.341,23.341,
2003-11-12,23.347,23.347,23.347,23.347,
2003-11-13,22.955,22.955,22.955,22.955,
2003-11-14,22.873,22.873,22.873,22.873,
2003-11-17,22.418,22.418,22.418,22.418,
2003-11-18,22.089,22.089,22.089,22.089,
2003-11-19,22.411,22.411,22.411,22.411,
2003-11-20,22.317,22.317,22.317,22.317,
2003-11-21,22.538,22.538,22.538,22.538,
2003-11-24,23.056,23.056,23.056,23.056,
2003-11-25,23.145,23.145,23.145,23.145,
2003-11-26,23.1,23.1,23.1,23.1,
2003-11-28,23.233,23.233,23.233,23.233,
2003-12-01,23.239,23.239,23.239,23.239,
2003-12-02,22.714,22.714,22.714,22.714,
2003-12-03,22.499,22.499,22.499,22.499,
2003-12-04,22.074,22.074,22.074,22.074,
2003-12-05,21.986,21.986,21.986,21.986,
2003-12-08,21.973,21.973,21.973,21.973,
2003-12-09,21.555,21.555,21.555,21.555,
2003-12-10,20.947,20.947,20.947,20.947,
2003-12-11,21.865,21.865,21.865,21.865,
2003-12-12,21.941,21.941,21.941,21.941,
2003-12-15,21.751,21.751,21.751,21.751,
2003-12-16,21.758,21.758,21.758,21.758,
2003-12-17,22.252,22.252,22.252,22.252,
2003-12-18,22.372,22.372,22.372,22.372,
2003-12-19,22.48,22.48,22.48,22.48,
2003-12-22,22.055,22.055,22.055,22.055,
2003-12-23,21.91,21.91,21.91,21.91,
2003-12-24,21.967,21.967,21.967,21.967,
2003-12-26,22.087,22.087,22.087,22.087,
2003-12-29,22.53,22.53,22.53,22.53,
2003-12-30,22.347,22.347,22.347,22.347,
2003-12-31,22.473,22.473,22.473,22.473,
2004-01-02,22.176,22.176,22.176,22.176,
2004-01-05,22.182,22.182,22.182,22.182,
2004-01-06,22.423,22.423,22.423,22.423,
2004-01-07,22.733,22.733,22.733,22.733,
2004-01-08,22.543,22.543,22.543,22.543,
2004-01-09,22.6,22.6,22.6,22.6,
2004-01-12,22.29,22.29,22.29,22.29,
2004-01-13,22.214,22.214,22.214,22.214,
2004-01-14,22.461,22.461,22.461,22.461,
2004-01-15,22.435,22.435,22.435,22.435,
2004-01-16,22.125,22.125,22.125,22.125,
2004-01-20,22.169,22.169,22.169,22.169,
2004-01-21,22.568,22.568,22.568,22.568,
2004-01-22,22.752,22.752,22.752,22.752,
2004-01-23,22.746,22.746,22.746,22.746,
2004-01-26,22.986,22.986,22.986,22.986,
2004-01-27,22.758,22.758,22.758,22.758,
2004-01-28,22.062,22.062,22.062,22.062,
2004-01-29,22.543,22.543,22.543,22.543,
2004-01-30,22.461,22.461,22.461,22.461,
2004-02-02,22.347,22.347,22.347,22.347,
2004-02-03,22.195,22.195,22.195,22.195,
2004-02-04,22.454,22.454,22.454,22.454,
2004-02-05,22.48,22.48,22.48,22.48,
2004-02-06,23.005,23.005,23.005,23.005,
2004-02-09,22.904,22.904,22.904,22.904,
2004-02-10,22.828,22.828,22.828,22.828,
2004-02-11,23.322,23.322,23.322,23.322,
2004-02-12,23.157,23.157,23.157,23.157,
2004-02-13,22.904,22.904,22.904,22.904,
2004-02-17,22.986,22.986,22.986,22.986,
2004-02-18,22.727,22.727,22.727,22.727,
2004-02-19,22.518,22.518,22.518,22.518,
2004-02-20,22.606,22.606,22.606,22.606,
2004-02-23,22.404,22.404,22.404,22.404,
2004-02-24,22.79,22.79,22.79,22.79,
2004-02-25,23.056,23.056,23.056,23.056,
2004-02-26,23.328,23.328,23.328,23.328,
2004-02-27,22.992,22.992,22.992,22.992,
2004-03-01,23.328,23.328,23.328,23.328,
2004-03-02,23.448,23.448,23.448,23.448,
2004-03-03,23.461,23.461,23.461,23.461,
2004-03-04,23.493,23.493,23.493,23.493,
2004-03-05,23.714,23.714,23.714,23.714,
2004-03-08,23.569,23.569,23.569,23.569,
2004-03-09,23.455,23.455,23.455,23.455,
2004-03-10,23.093,23.093,23.093,23.093,
2004-03-11,22.896,22.896,22.896,22.896,
2004-03-12,22.896,22.896,22.896,22.896,
2004-03-15,22.465,22.465,22.465,22.465,
2004-03-16,22.75,22.75,22.75,22.75,
2004-03-17,23.156,23.156,23.156,23.156,
2004-03-18,23.467,23.467,23.467,23.467,
2004-03-19,23.271,23.271,23.271,23.271,
2004-03-22,22.877,22.877,22.877,22.877,
2004-03-23,22.972,22.972,22.972,22.972,
2004-03-24,22.833,22.833,22.833,22.833,
2004-03-25,23.569,23.569,23.569,23.569,
2004-03-26,23.429,23.429,23.429,23.429,
2004-03-29,23.664,23.664,23.664,23.664,
2004-03-30,23.734,23.734,23.734,23.734,
2004-03-31,23.702,23.702,23.702,23.702,
2004-04-01,23.524,23.524,23.524,23.524,
2004-04-02,23.271,23.271,23.271,23.271,
2004-04-05,23.626,23.626,23.626,23.626,
2004-04-06,23.435,23.435,23.435,23.435,
2004-04-07,23.15,23.15,23.15,23.15,
2004-04-08,22.966,22.966,22.966,22.966,
2004-04-12,23.131,23.131,23.131,23.131,
2004-04-13,22.75,22.75,22.75,22.75,
2004-04-14,22.725,22.725,22.725,22.725,
2004-04-15,22.75,22.75,22.75,22.75,
2004-04-16,22.966,22.966,22.966,22.966,
2004-04-19,22.839,22.839,22.839,22.839,
2004-04-20,22.617,22.617,22.617,22.617,
2004-04-21,22.547,22.547,22.547,22.547,
2004-04-22,23.061,23.061,23.061,23.061,
2004-04-23,23.15,23.15,23.15,23.15,
2004-04-26,23.061,23.061,23.061,23.061,
2004-04-27,23.175,23.175,23.175,23.175,
2004-04-28,22.833,22.833,22.833,22.833,
2004-04-29,22.668,22.668,22.668,22.668,
2004-04-30,22.325,22.325,22.325,22.325,
2004-05-03,22.351,22.351,22.351,22.351,
2004-05-04,22.433,22.433,22.433,22.433,
2004-05-05,22.37,22.37,22.37,22.37,
2004-05-06,21.799,21.799,21.799,21.799,
2004-05-07,20.936,20.936,20.936,20.936,
2004-05-10,21.215,21.215,21.215,21.215,
2004-05-11,21.247,21.247,21.247,21.247,
2004-05-12,21.272,21.272,21.272,21.272,
2004-05-13,21.393,21.393,21.393,21.393,
2004-05-14,21.443,21.443,21.443,21.443,
2004-05-17,21.234,21.234,21.234,21.234,
2004-05-18,21.964,21.964,21.964,21.964,
2004-05-19,21.583,21.583,21.583,21.583,
2004-05-20,21.634,21.634,21.634,21.634,
2004-05-21,21.868,21.868,21.868,21.868,
2004-05-24,21.983,21.983,21.983,21.983,
2004-05-25,22.395,22.395,22.395,22.395,
2004-05-26,22.497,22.497,22.497,22.497,
2004-05-27,22.738,22.738,22.738,22.738,
2004-05-28,22.788,22.788,22.788,22.788,
2004-06-01,22.687,22.687,22.687,22.687,
2004-06-02,22.63,22.63,22.63,22.63,
2004-06-03,22.509,22.509,22.509,22.509,
2004-06-04,22.414,22.414,22.414,22.414,
2004-06-07,22.738,22.738,22.738,22.738,
2004-06-08,22.849,22.849,22.849,22.849,
2004-06-09,22.537,22.537,22.537,22.537,
2004-06-10,22.734,22.734,22.734,22.734,
2004-06-14,22.582,22.582,22.582,22.582,
2004-06-15,22.747,22.747,22.747,22.747,
2004-06-16,22.893,22.893,22.893,22.893,
2004-06-17,22.684,22.684,22.684,22.684,
2004-06-18,22.493,22.493,22.493,22.493,
2004-06-21,22.715,22.715,22.715,22.715,
2004-06-22,22.283,22.283,22.283,22.283,
2004-06-23,22.537,22.537,22.537,22.537,
2004-06-24,22.512,22.512,22.512,22.512,
2004-06-25,22.416,22.416,22.416,22.416,
2004-06-28,22.55,22.55,22.55,22.55,
2004-06-29,22.366,22.366,22.366,22.366,
2004-06-30,22.385,22.385,22.385,22.385,
2004-07-01,22.251,22.251,22.251,22.251,
2004-07-02,22.06,22.06,22.06,22.06,
2004-07-06,22.048,22.048,22.048,22.048,
2004-07-07,22.257,22.257,22.257,22.257,
2004-07-08,21.806,21.806,21.806,21.806,
2004-07-09,21.857,21.857,21.857,21.857,
2004-07-12,22.041,22.041,22.041,22.041,
2004-07-13,22.168,22.168,22.168,22.168,
2004-07-14,21.946,21.946,21.946,21.946,
2004-07-15,21.831,21.831,21.831,21.831,
2004-07-16,21.571,21.571,21.571,21.571,
2004-07-19,21.157,21.157,21.157,21.157,
2004-07-20,21.615,21.615,21.615,21.615,
2004-07-21,21.323,21.323,21.323,21.323,
2004-07-22,21.494,21.494,21.494,21.494,
2004-07-23,20.986,20.986,20.986,20.986,
2004-07-26,20.909,20.909,20.909,20.909,
2004-07-27,21.259,21.259,21.259,21.259,
2004-07-28,21.304,21.304,21.304,21.304,
2004-07-29,21.444,21.444,21.444,21.444,
2004-07-30,21.444,21.444,21.444,21.444,
2004-08-02,21.641,21.641,21.641,21.641,
2004-08-03,21.316,21.316,21.316,21.316,
2004-08-04,21.361,21.361,21.361,21.361,
2004-08-05,20.973,20.973,20.973,20.973,
2004-08-06,20.922,20.922,20.922,20.922,
2004-08-09,20.928,20.928,20.928,20.928,
2004-08-10,21.221,21.221,21.221,21.221,
2004-08-11,21.043,21.043,21.043,21.043,
2004-08-12,20.954,20.954,20.954,20.954,
2004-08-13,21.075,21.075,21.075,21.075,
2004-08-16,21.609,21.609,21.609,21.609,
2004-08-17,22.321,22.321,22.321,22.321,
2004-08-18,22.913,22.913,22.913,22.913,
2004-08-19,23.046,23.046,23.046,23.046,
2004-08-20,23.122,23.122,23.122,23.122,
2004-08-23,22.893,22.893,22.893,22.893,
2004-08-24,23.103,23.103,23.103,23.103,
2004-08-25,23.275,23.275,23.275,23.275,
2004-08-26,23.256,23.256,23.256,23.256,
2004-08-27,23.269,23.269,23.269,23.269,
2004-08-30,23.23,23.23,23.23,23.23,
2004-08-31,23.304,23.304,23.304,23.304,
2004-09-01,23.508,23.508,23.508,23.508,
2004-09-02,24.152,24.152,24.152,24.152,
2004-09-03,23.89,23.89,23.89,23.89,
2004-09-07,23.992,23.992,23.992,23.992,
2004-09-08,23.756,23.756,23.756,23.756,
2004-09-09,23.591,23.591,23.591,23.591,
2004-09-10,23.928,23.928,23.928,23.928,
2004-09-13,23.858,23.858,23.858,23.858,
2004-09-14,24.311,24.311,24.311,24.311,
2004-09-15,24.47,24.47,24.47,24.47,
2004-09-16,24.668,24.668,24.668,24.668,
2004-09-17,24.419,24.419,24.419,24.419,
2004-09-20,24.515,24.515,24.515,24.515,
2004-09-21,24.725,24.725,24.725,24.725,
2004-09-22,24.381,24.381,24.381,24.381,
2004-09-23,24.324,24.324,24.324,24.324,
2004-09-24,24.496,24.496,24.496,24.496,
2004-09-27,24.419,24.419,24.419,24.419,
2004-09-28,24.751,24.751,24.751,24.751,
2004-09-29,25.101,25.101,25.101,25.101,
2004-09-30,24.987,24.987,24.987,24.987,
2004-10-01,25.018,25.018,25.018,25.018,
2004-10-04,25.267,25.267,25.267,25.267,
2004-10-05,25.197,25.197,25.197,25.197,
2004-10-06,25.312,25.312,25.312,25.312,
2004-10-07,25.044,25.044,25.044,25.044,
2004-10-08,24.872,24.872,24.872,24.872,
2004-10-11,25.541,25.541,25.541,25.541,
2004-10-12,25.401,25.401,25.401,25.401,
2004-10-13,25.363,25.363,25.363,25.363,
2004-10-14,25.057,25.057,25.057,25.057,
2004-10-15,25.375,25.375,25.375,25.375,
2004-10-18,25.611,25.611,25.611,25.611,
2004-10-19,25.331,25.331,25.331,25.331,
2004-10-20,25.165,25.165,25.165,25.165,
2004-10-21,25.324,25.324,25.324,25.324,
2004-10-22,24.967,24.967,24.967,24.967,
2004-10-25,24.649,24.649,24.649,24.649,
2004-10-26,25.286,25.286,25.286,25.286,
2004-10-27,26.0,26.0,26.0,26.0,
2004-10-28,26.236,26.236,26.236,26.236,
2004-10-29,26.185,26.185,26.185,26.185,
2004-11-01,26.185,26.185,26.185,26.185,
2004-11-02,26.223,26.223,26.223,26.223,
2004-11-03,26.268,26.268,26.268,26.268,
2004-11-04,26.733,26.733,26.733,26.733,
2004-11-05,26.956,26.956,26.956,26.956,
2004-11-08,27.058,27.058,27.058,27.058,
2004-11-09,26.81,26.81,26.81,26.81,
2004-11-10,26.778,26.778,26.778,26.778,
2004-11-11,27.262,27.262,27.262,27.262,
2004-11-12,27.549,27.549,27.549,27.549,
2004-11-15,27.912,27.912,27.912,27.912,
2004-11-16,27.409,27.409,27.409,27.409,
2004-11-17,26.95,26.95,26.95,26.95,
2004-11-18,27.288,27.288,27.288,27.288,
2004-11-19,27.217,27.217,27.217,27.217,
2004-11-22,27.555,27.555,27.555,27.555,
2004-11-23,27.747,27.747,27.747,27.747,
2004-11-24,27.683,27.683,27.683,27.683,
2004-11-26,27.645,27.645,27.645,27.645,
2004-11-29,27.428,27.428,27.428,27.428,
2004-11-30,26.665,26.665,26.665,26.665,
2004-12-01,27.003,27.003,27.003,27.003,
2004-12-02,26.92,26.92,26.92,26.92,
2004-12-03,26.69,26.69,26.69,26.69,
2004-12-06,26.824,26.824,26.824,26.824,
2004-12-07,26.677,26.677,26.677,26.677,
2004-12-08,27.182,27.182,27.182,27.182,
2004-12-09,27.393,27.393,27.393,27.393,
2004-12-10,27.233,27.233,27.233,27.233,
2004-12-13,27.31,27.31,27.31,27.31,
2004-12-14,27.239,27.239,27.239,27.239,
2004-12-15,27.137,27.137,27.137,27.137,
2004-12-16,27.201,27.201,27.201,27.201,
2004-12-17,26.831,26.831,26.831,26.831,
2004-12-20,26.652,26.652,26.652,26.652,
2004-12-21,26.895,26.895,26.895,26.895,
2004-12-22,27.156,27.156,27.156,27.156,
2004-12-23,27.156,27.156,27.156,27.156,
2004-12-27,26.971,26.971,26.971,26.971,
2004-12-28,27.361,27.361,27.361,27.361,
2004-12-29,27.335,27.335,27.335,27.335,
2004-12-30,27.412,27.412,27.412,27.412,
2004-12-31,27.297,27.297,27.297,27.297,
2005-01-03,27.527,27.527,27.527,27.527,
2005-01-04,27.176,27.176,27.176,27.176,
2005-01-05,26.926,26.926,26.926,26.926,
2005-01-06,26.524,26.524,26.524,26.524,
2005-01-07,26.454,26.454,26.454,26.454,
2005-01-10,26.697,26.697,26.697,26.697,
2005-01-11,26.639,26.639,26.639,26.639,
2005-01-12,26.952,26.952,26.952,26.952,
2005-01-13,26.652,26.652,26.652,26.652,
2005-01-14,26.76,26.76,26.76,26.76,
2005-01-18,26.926,26.926,26.926,26.926,
2005-01-19,26.697,26.697,26.697,26.697,
2005-01-20,26.281,26.281,26.281,26.281,
2005-01-21,26.122,26.122,26.122,26.122,
2005-01-24,25.796,25.796,25.796,25.796,
2005-01-25,25.911,25.911,25.911,25.911,
2005-01-26,26.013,26.013,26.013,26.013,
2005-01-27,25.968,25.968,25.968,25.968,
2005-01-28,25.809,25.809,25.809,25.809,
2005-01-31,26.352,26.352,26.352,26.352,
2005-02-01,26.275,26.275,26.275,26.275,
2005-02-02,26.377,26.377,26.377,26.377,
2005-02-03,26.55,26.55,26.55,26.55,
2005-02-04,27.093,27.093,27.093,27.093,
2005-02-07,27.156,27.156,27.156,27.156,
2005-02-08,26.856,26.856,26.856,26.856,
2005-02-09,26.735,26.735,26.735,26.735,
2005-02-10,27.061,27.061,27.061,27.061,
2005-02-11,27.342,27.342,27.342,27.342,
2005-02-14,27.22,27.22,27.22,27.22,
2005-02-15,27.291,27.291,27.291,27.291,
2005-02-16,27.061,27.061,27.061,27.061,
2005-02-17,26.703,26.703,26.703,26.703,
2005-02-18,26.837,26.837,26.837,26.837,
2005-02-22,25.726,25.726,25.726,25.726,
2005-02-23,25.387,25.387,25.387,25.387,
2005-02-24,25.304,25.304,25.304,25.304,
2005-02-25,25.917,25.917,25.917,25.917,
2005-02-28,25.56,25.56,25.56,25.56,
2005-03-01,25.579,25.579,25.579,25.579,
2005-03-02,25.534,25.534,25.534,25.534,
2005-03-03,25.368,25.368,25.368,25.368,
2005-03-04,25.604,25.604,25.604,25.604,
2005-03-07,25.47,25.47,25.47,25.47,
2005-03-08,25.592,25.592,25.592,25.592,
2005-03-09,25.285,25.285,25.285,25.285,
2005-03-10,25.541,25.541,25.541,25.541,
2005-03-11,25.24,25.24,25.24,25.24,
2005-03-14,25.272,25.272,25.272,25.272,
2005-03-15,25.457,25.457,25.457,25.457,
2005-03-16,24.894,24.894,24.894,24.894,
2005-03-17,24.913,24.913,24.913,24.913,
2005-03-18,24.894,24.894,24.894,24.894,
2005-03-21,24.324,24.324,24.324,24.324,
2005-03-22,24.215,24.215,24.215,24.215,
2005-03-23,24.139,24.139,24.139,24.139,
2005-03-24,24.35,24.35,24.35,24.35,
2005-03-28,24.708,24.708,24.708,24.708,
2005-03-29,24.132,24.132,24.132,24.132,
2005-03-30,24.427,24.427,24.427,24.427,
2005-03-31,24.484,24.484,24.484,24.484,
2005-04-01,24.074,24.074,24.074,24.074,
2005-04-04,24.273,24.273,24.273,24.273,
2005-04-05,24.478,24.478,24.478,24.478,
2005-04-06,24.196,24.196,24.196,24.196,
2005-04-07,23.946,23.946,23.946,23.946,
2005-04-08,23.998,23.998,23.998,23.998,
2005-04-11,24.164,24.164,24.164,24.164,
2005-04-12,24.683,24.683,24.683,24.683,
2005-04-13,24.267,24.267,24.267,24.267,
2005-04-14,23.786,23.786,23.786,23.786,
2005-04-15,23.12,23.12,23.12,23.12,
2005-04-18,23.517,23.517,23.517,23.517,
2005-04-19,23.345,23.345,23.345,23.345,
2005-04-20,22.794,22.794,22.794,22.794,
2005-04-21,23.479,23.479,23.479,23.479,
2005-04-22,23.063,23.063,23.063,23.063,
2005-04-25,23.178,23.178,23.178,23.178,
2005-04-26,23.178,23.178,23.178,23.178,
2005-04-27,23.069,23.069,23.069,23.069,
2005-04-28,22.467,22.467,22.467,22.467,
2005-04-29,22.647,22.647,22.647,22.647,
2005-05-02,23.217,23.217,23.217,23.217,
2005-05-03,23.53,23.53,23.53,23.53,
2005-05-04,23.754,23.754,23.754,23.754,
2005-05-05,23.594,23.594,23.594,23.594,
2005-05-06,23.793,23.793,23.793,23.793,
2005-05-09,23.85,23.85,23.85,23.85,
2005-05-10,23.345,23.345,23.345,23.345,
2005-05-11,23.383,23.383,23.383,23.383,
2005-05-12,23.197,23.197,23.197,23.197,
2005-05-13,23.236,23.236,23.236,23.236,
2005-05-16,23.927,23.927,23.927,23.927,
2005-05-17,24.881,24.881,24.881,24.881,
2005-05-18,25.483,25.483,25.483,25.483,
2005-05-19,25.701,25.701,25.701,25.701,
2005-05-20,25.374,25.374,25.374,25.374,
2005-05-23,25.586,25.586,25.586,25.586,
2005-05-24,25.515,25.515,25.515,25.515,
2005-05-25,25.208,25.208,25.208,25.208,
2005-05-26,25.56,25.56,25.56,25.56,
2005-05-27,25.592,25.592,25.592,25.592,
2005-05-31,25.195,25.195,25.195,25.195,
2005-06-01,25.573,25.573,25.573,25.573,
2005-06-02,25.829,25.829,25.829,25.829,
2005-06-03,25.432,25.432,25.432,25.432,
2005-06-06,25.579,25.579,25.579,25.579,
2005-06-07,25.675,25.675,25.675,25.675,
2005-06-08,25.464,25.464,25.464,25.464,
2005-06-09,25.419,25.419,25.419,25.419,
2005-06-10,25.354,25.354,25.354,25.354,
2005-06-13,25.521,25.521,25.521,25.521,
2005-06-14,25.695,25.695,25.695,25.695,
2005-06-15,25.695,25.695,25.695,25.695,
2005-06-16,25.804,25.804,25.804,25.804,
2005-06-17,25.804,25.804,25.804,25.804,
2005-06-20,25.643,25.643,25.643,25.643,
2005-06-21,25.47,25.47,25.47,25.47,
2005-06-22,25.483,25.483,25.483,25.483,
2005-06-23,25.123,25.123,25.123,25.123,
2005-06-24,24.546,24.546,24.546,24.546,
2005-06-27,24.693,24.693,24.693,24.693,
2005-06-28,25.233,25.233,25.233,25.233,
2005-06-29,24.905,24.905,24.905,24.905,
2005-06-30,24.969,24.969,24.969,24.969,
2005-07-01,25.348,25.348,25.348,25.348,
2005-07-05,25.727,25.727,25.727,25.727,
2005-07-06,25.207,25.207,25.207,25.207,
2005-07-07,25.265,25.265,25.265,25.265,
2005-07-08,25.727,25.727,25.727,25.727,
2005-07-11,25.868,25.868,25.868,25.868,
2005-07-12,26.51,26.51,26.51,26.51,
2005-07-13,26.304,26.304,26.304,26.304,
2005-07-14,26.343,26.343,26.343,26.343,
2005-07-15,26.709,26.709,26.709,26.709,
2005-07-18,27.248,27.248,27.248,27.248,
2005-07-19,27.729,27.729,27.729,27.729,
2005-07-20,28.211,28.211,28.211,28.211,
2005-07-21,27.826,27.826,27.826,27.826,
2005-07-22,27.903,27.903,27.903,27.903,
2005-07-25,27.64,27.64,27.64,27.64,
2005-07-26,28.044,28.044,28.044,28.044,
2005-07-27,27.826,27.826,27.826,27.826,
2005-07-28,28.16,28.16,28.16,28.16,
2005-07-29,27.928,27.928,27.928,27.928,
2005-08-01,27.511,27.511,27.511,27.511,
2005-08-02,27.222,27.222,27.222,27.222,
2005-08-03,27.107,27.107,27.107,27.107,
2005-08-04,26.497,26.497,26.497,26.497,
2005-08-05,26.285,26.285,26.285,26.285,
2005-08-08,26.054,26.054,26.054,26.054,
2005-08-09,26.548,26.548,26.548,26.548,
2005-08-10,26.741,26.741,26.741,26.741,
2005-08-11,26.638,26.638,26.638,26.638,
2005-08-12,26.497,26.497,26.497,26.497,
2005-08-15,26.709,26.709,26.709,26.709,
2005-08-16,26.105,26.105,26.105,26.105,
2005-08-17,26.073,26.073,26.073,26.073,
2005-08-18,26.125,26.125,26.125,26.125,
2005-08-19,25.913,25.913,25.913,25.913,
2005-08-22,26.016,26.016,26.016,26.016,
2005-08-23,26.086,26.086,26.086,26.086,
2005-08-24,25.611,25.611,25.611,25.611,
2005-08-25,25.791,25.791,25.791,25.791,
2005-08-26,25.553,25.553,25.553,25.553,
2005-08-29,26.022,26.022,26.022,26.022,
2005-08-30,25.578,25.578,25.578,25.578,
2005-08-31,25.945,25.945,25.945,25.945,
2005-09-01,26.131,26.131,26.131,26.131,
2005-09-02,25.951,25.951,25.951,25.951,
2005-09-06,26.839,26.839,26.839,26.839,
2005-09-07,26.981,26.981,26.981,26.981,
2005-09-08,26.498,26.498,26.498,26.498,
2005-09-09,26.524,26.524,26.524,26.524,
2005-09-12,26.595,26.595,26.595,26.595,
2005-09-13,26.125,26.125,26.125,26.125,
2005-09-14,25.958,25.958,25.958,25.958,
2005-09-15,25.958,25.958,25.958,25.958,
2005-09-16,25.675,25.675,25.675,25.675,
2005-09-19,25.436,25.436,25.436,25.436,
2005-09-20,24.909,24.909,24.909,24.909,
2005-09-21,24.677,24.677,24.677,24.677,
2005-09-22,24.935,24.935,24.935,24.935,
2005-09-23,24.793,24.793,24.793,24.793,
2005-09-26,24.716,24.716,24.716,24.716,
2005-09-27,24.703,24.703,24.703,24.703,
2005-09-28,24.355,24.355,24.355,24.355,
2005-09-29,24.491,24.491,24.491,24.491,
2005-09-30,24.542,24.542,24.542,24.542,
2005-10-03,24.529,24.529,24.529,24.529,
2005-10-04,24.606,24.606,24.606,24.606,
2005-10-05,24.246,24.246,24.246,24.246,
2005-10-06,24.4,24.4,24.4,24.4,
2005-10-07,24.323,24.323,24.323,24.323,
2005-10-10,24.465,24.465,24.465,24.465,
2005-10-11,24.6,24.6,24.6,24.6,
2005-10-12,24.529,24.529,24.529,24.529,
2005-10-13,24.42,24.42,24.42,24.42,
2005-10-14,24.716,24.716,24.716,24.716,
2005-10-17,24.748,24.748,24.748,24.748,
2005-10-18,24.555,24.555,24.555,24.555,
2005-10-19,25.263,25.263,25.263,25.263,
2005-10-20,25.462,25.462,25.462,25.462,
2005-10-21,25.514,25.514,25.514,25.514,
2005-10-24,26.164,26.164,26.164,26.164,
2005-10-25,25.816,25.816,25.816,25.816,
2005-10-26,25.906,25.906,25.906,25.906,
2005-10-27,25.346,25.346,25.346,25.346,
2005-10-28,26.074,26.074,26.074,26.074,
2005-10-31,26.408,26.408,26.408,26.408,
2005-11-01,26.37,26.37,26.37,26.37,
2005-11-02,26.55,26.55,26.55,26.55,
2005-11-03,26.247,26.247,26.247,26.247,
2005-11-04,26.614,26.614,26.614,26.614,
2005-11-07,26.704,26.704,26.704,26.704,
2005-11-08,26.106,26.106,26.106,26.106,
2005-11-09,26.26,26.26,26.26,26.26,
2005-11-10,26.859,26.859,26.859,26.859,
2005-11-11,26.968,26.968,26.968,26.968,
2005-11-14,27.393,27.393,27.393,27.393,
2005-11-15,27.283,27.283,27.283,27.283,
2005-11-16,27.174,27.174,27.174,27.174,
2005-11-17,27.354,27.354,27.354,27.354,
2005-11-18,27.309,27.309,27.309,27.309,
2005-11-21,27.206,27.206,27.206,27.206,
2005-11-22,27.27,27.27,27.27,27.27,
2005-11-23,27.348,27.348,27.348,27.348,
2005-11-25,27.296,27.296,27.296,27.296,
2005-11-28,26.801,26.801,26.801,26.801,
2005-11-29,27.091,27.091,27.091,27.091,
2005-11-30,26.949,26.949,26.949,26.949,
2005-12-01,26.794,26.794,26.794,26.794,
2005-12-02,26.878,26.878,26.878,26.878,
2005-12-05,26.697,26.697,26.697,26.697,
2005-12-06,26.71,26.71,26.71,26.71,
2005-12-07,26.781,26.781,26.781,26.781,
2005-12-08,26.588,26.588,26.588,26.588,
2005-12-09,26.459,26.459,26.459,26.459,
2005-12-12,26.652,26.652,26.652,26.652,
2005-12-13,27.265,27.265,27.265,27.265,
2005-12-14,27.401,27.401,27.401,27.401,
2005-12-15,27.465,27.465,27.465,27.465,
2005-12-16,27.413,27.413,27.413,27.413,
2005-12-19,26.975,26.975,26.975,26.975,
2005-12-20,26.736,26.736,26.736,26.736,
2005-12-21,26.801,26.801,26.801,26.801,
2005-12-22,26.723,26.723,26.723,26.723,
2005-12-23,26.826,26.826,26.826,26.826,
2005-12-27,26.459,26.459,26.459,26.459,
2005-12-28,26.504,26.504,26.504,26.504,
2005-12-29,26.278,26.278,26.278,26.278,
2005-12-30,26.11,26.11,26.11,26.11,
2006-01-03,26.601,26.601,26.601,26.601,
2006-01-04,26.11,26.11,26.11,26.11,
2006-01-05,25.852,25.852,25.852,25.852,
2006-01-06,26.046,26.046,26.046,26.046,
2006-01-09,26.33,26.33,26.33,26.33,
2006-01-10,26.962,26.962,26.962,26.962,
2006-01-11,27.704,27.704,27.704,27.704,
2006-01-12,27.446,27.446,27.446,27.446,
2006-01-13,27.033,27.033,27.033,27.033,
2006-01-17,26.814,26.814,26.814,26.814,
2006-01-18,27.026,27.026,27.026,27.026,
2006-01-19,26.626,26.626,26.626,26.626,
2006-01-20,25.911,25.911,25.911,25.911,
2006-01-23,25.601,25.601,25.601,25.601,
2006-01-24,26.091,26.091,26.091,26.091,
2006-01-25,25.788,25.788,25.788,25.788,
2006-01-26,26.059,26.059,26.059,26.059,
2006-01-27,25.801,25.801,25.801,25.801,
2006-01-30,25.801,25.801,25.801,25.801,
2006-01-31,26.156,26.156,26.156,26.156,
2006-02-01,25.949,25.949,25.949,25.949,
2006-02-02,25.775,25.775,25.775,25.775,
2006-02-03,25.685,25.685,25.685,25.685,
2006-02-06,25.472,25.472,25.472,25.472,
2006-02-07,24.982,24.982,24.982,24.982,
2006-02-08,25.33,25.33,25.33,25.33,
2006-02-09,25.188,25.188,25.188,25.188,
2006-02-10,25.298,25.298,25.298,25.298,
2006-02-13,25.607,25.607,25.607,25.607,
2006-02-14,26.53,26.53,26.53,26.53,
2006-02-15,26.788,26.788,26.788,26.788,
2006-02-16,27.001,27.001,27.001,27.001,
2006-02-17,27.001,27.001,27.001,27.001,
2006-02-21,27.007,27.007,27.007,27.007,
2006-02-22,27.013,27.013,27.013,27.013,
2006-02-23,26.82,26.82,26.82,26.82,
2006-02-24,26.852,26.852,26.852,26.852,
2006-02-27,27.381,27.381,27.381,27.381,
2006-02-28,27.188,27.188,27.188,27.188,
2006-03-01,27.471,27.471,27.471,27.471,
2006-03-02,27.278,27.278,27.278,27.278,
2006-03-03,27.22,27.22,27.22,27.22,
2006-03-06,26.962,26.962,26.962,26.962,
2006-03-07,26.781,26.781,26.781,26.781,
2006-03-08,26.645,26.645,26.645,26.645,
2006-03-09,26.308,26.308,26.308,26.308,
2006-03-10,26.703,26.703,26.703,26.703,
2006-03-13,26.703,26.703,26.703,26.703,
2006-03-14,27.279,27.279,27.279,27.279,
2006-03-15,27.357,27.357,27.357,27.357,
2006-03-16,27.674,27.674,27.674,27.674,
2006-03-17,27.771,27.771,27.771,27.771,
2006-03-20,27.739,27.739,27.739,27.739,
2006-03-21,27.836,27.836,27.836,27.836,
2006-03-22,28.075,28.075,28.075,28.075,
2006-03-23,28.36,28.36,28.36,28.36,
2006-03-24,27.913,27.913,27.913,27.913,
2006-03-27,27.829,27.829,27.829,27.829,
2006-03-28,27.829,27.829,27.829,27.829,
2006-03-29,27.778,27.778,27.778,27.778,
2006-03-30,27.434,27.434,27.434,27.434,
2006-03-31,27.383,27.383,27.383,27.383,
2006-04-03,27.434,27.434,27.434,27.434,
2006-04-04,27.544,27.544,27.544,27.544,
2006-04-05,27.609,27.609,27.609,27.609,
2006-04-06,27.279,27.279,27.279,27.279,
2006-04-07,27.253,27.253,27.253,27.253,
2006-04-10,27.059,27.059,27.059,27.059,
2006-04-11,26.819,26.819,26.819,26.819,
2006-04-12,26.535,26.535,26.535,26.535,
2006-04-13,26.619,26.619,26.619,26.619,
2006-04-17,26.14,26.14,26.14,26.14,
2006-04-18,26.748,26.748,26.748,26.748,
2006-04-19,26.373,26.373,26.373,26.373,
2006-04-20,26.418,26.418,26.418,26.418,
2006-04-21,26.075,26.075,26.075,26.075,
2006-04-24,25.946,25.946,25.946,25.946,
2006-04-25,25.868,25.868,25.868,25.868,
2006-04-26,25.939,25.939,25.939,25.939,
2006-04-27,26.036,26.036,26.036,26.036,
2006-04-28,25.848,25.848,25.848,25.848,
2006-05-01,26.243,26.243,26.243,26.243,
2006-05-02,26.023,26.023,26.023,26.023,
2006-05-03,26.133,26.133,26.133,26.133,
2006-05-04,26.062,26.062,26.062,26.062,
2006-05-05,26.729,26.729,26.729,26.729,
2006-05-08,26.548,26.548,26.548,26.548,
2006-05-09,26.774,26.774,26.774,26.774,
2006-05-10,26.677,26.677,26.677,26.677,
2006-05-11,26.36,26.36,26.36,26.36,
2006-05-12,25.894,25.894,25.894,25.894,
2006-05-15,26.217,26.217,26.217,26.217,
2006-05-16,24.89,24.89,24.89,24.89,
2006-05-17,24.606,24.606,24.606,24.606,
2006-05-18,24.865,24.865,24.865,24.865,
2006-05-19,25.208,25.208,25.208,25.208,
2006-05-22,24.916,24.916,24.916,24.916,
2006-05-23,24.496,24.496,24.496,24.496,
2006-05-24,24.606,24.606,24.606,24.606,
2006-05-25,24.858,24.858,24.858,24.858,
2006-05-26,25.033,25.033,25.033,25.033,
2006-05-30,24.405,24.405,24.405,24.405,
2006-05-31,24.677,24.677,24.677,24.677,
2006-06-01,24.955,24.955,24.955,24.955,
2006-06-02,24.599,24.599,24.599,24.599,
2006-06-05,24.25,24.25,24.25,24.25,
2006-06-06,24.087,24.087,24.087,24.087,
2006-06-07,23.86,23.86,23.86,23.86,
2006-06-08,24.211,24.211,24.211,24.211,
2006-06-09,24.016,24.016,24.016,24.016,
2006-06-12,23.567,23.567,23.567,23.567,
2006-06-13,23.587,23.587,23.587,23.587,
2006-06-14,23.886,23.886,23.886,23.886,
2006-06-15,24.289,24.289,24.289,24.289,
2006-06-16,23.99,23.99,23.99,23.99,
2006-06-19,23.957,23.957,23.957,23.957,
2006-06-20,23.671,23.671,23.671,23.671,
2006-06-21,23.827,23.827,23.827,23.827,
2006-06-22,23.71,23.71,23.71,23.71,
2006-06-23,23.665,23.665,23.665,23.665,
2006-06-26,23.814,23.814,23.814,23.814,
2006-06-27,23.639,23.639,23.639,23.639,
2006-06-28,23.502,23.502,23.502,23.502,
2006-06-29,23.697,23.697,23.697,23.697,
2006-06-30,23.262,23.262,23.262,23.262,
2006-07-03,23.249,23.249,23.249,23.249,
2006-07-05,23.093,23.093,23.093,23.093,
2006-07-06,23.054,23.054,23.054,23.054,
2006-07-07,22.989,22.989,22.989,22.989,
2006-07-10,22.748,22.748,22.748,22.748,
2006-07-11,22.345,22.345,22.345,22.345,
2006-07-12,21.845,21.845,21.845,21.845,
2006-07-13,22.144,22.144,22.144,22.144,
2006-07-14,21.994,21.994,21.994,21.994,
2006-07-17,21.838,21.838,21.838,21.838,
2006-07-18,21.533,21.533,21.533,21.533,
2006-07-19,22.326,22.326,22.326,22.326,
2006-07-20,22.085,22.085,22.085,22.085,
2006-07-21,22.001,22.001,22.001,22.001,
2006-07-24,22.495,22.495,22.495,22.495,
2006-07-25,22.904,22.904,22.904,22.904,
2006-07-26,22.553,22.553,22.553,22.553,
2006-07-27,22.111,22.111,22.111,22.111,
2006-07-28,22.482,22.482,22.482,22.482,
2006-07-31,22.56,22.56,22.56,22.56,
2006-08-01,22.189,22.189,22.189,22.189,
2006-08-02,22.17,22.17,22.17,22.17,
2006-08-03,22.469,22.469,22.469,22.469,
2006-08-04,22.56,22.56,22.56,22.56,
2006-08-07,22.547,22.547,22.547,22.547,
2006-08-08,22.313,22.313,22.313,22.313,
2006-08-09,21.708,21.708,21.708,21.708,
2006-08-10,21.845,21.845,21.845,21.845,
2006-08-11,21.624,21.624,21.624,21.624,
2006-08-14,21.617,21.617,21.617,21.617,
2006-08-15,22.384,22.384,22.384,22.384,
2006-08-16,22.423,22.423,22.423,22.423,
2006-08-17,22.566,22.566,22.566,22.566,
2006-08-18,22.599,22.599,22.599,22.599,
2006-08-21,22.293,22.293,22.293,22.293,
2006-08-22,22.137,22.137,22.137,22.137,
2006-08-23,21.871,21.871,21.871,21.871,
2006-08-24,21.715,21.715,21.715,21.715,
2006-08-25,21.76,21.76,21.76,21.76,
2006-08-28,21.897,21.897,21.897,21.897,
2006-08-29,22.157,22.157,22.157,22.157,
2006-08-30,22.176,22.176,22.176,22.176,
2006-08-31,22.287,22.287,22.287,22.287,
2006-09-01,22.514,22.514,22.514,22.514,
2006-09-05,22.697,22.697,22.697,22.697,
2006-09-06,22.305,22.305,22.305,22.305,
2006-09-07,22.416,22.416,22.416,22.416,
2006-09-08,22.377,22.377,22.377,22.377,
2006-09-11,22.886,22.886,22.886,22.886,
2006-09-12,23.931,23.931,23.931,23.931,
2006-09-13,24.264,24.264,24.264,24.264,
2006-09-14,24.296,24.296,24.296,24.296,
2006-09-15,24.296,24.296,24.296,24.296,
2006-09-18,23.878,23.878,23.878,23.878,
2006-09-19,23.683,23.683,23.683,23.683,
2006-09-20,23.748,23.748,23.748,23.748,
2006-09-21,23.402,23.402,23.402,23.402,
2006-09-22,23.474,23.474,23.474,23.474,
2006-09-25,23.878,23.878,23.878,23.878,
2006-09-26,23.905,23.905,23.905,23.905,
2006-09-27,23.8,23.8,23.8,23.8,
2006-09-28,23.957,23.957,23.957,23.957,
2006-09-29,23.676,23.676,23.676,23.676,
2006-10-02,23.722,23.722,23.722,23.722,
2006-10-03,24.042,24.042,24.042,24.042,
2006-10-04,24.472,24.472,24.472,24.472,
2006-10-05,24.322,24.322,24.322,24.322,
2006-10-06,24.244,24.244,24.244,24.244,
2006-10-09,24.61,24.61,24.61,24.61,
2006-10-10,24.649,24.649,24.649,24.649,
2006-10-11,24.753,24.753,24.753,24.753,
2006-10-12,24.74,24.74,24.74,24.74,
2006-10-13,24.087,24.087,24.087,24.087,
2006-10-16,23.728,23.728,23.728,23.728,
2006-10-17,23.343,23.343,23.343,23.343,
2006-10-18,23.428,23.428,23.428,23.428,
2006-10-19,23.441,23.441,23.441,23.441,
2006-10-20,23.493,23.493,23.493,23.493,
2006-10-23,23.657,23.657,23.657,23.657,
2006-10-24,23.826,23.826,23.826,23.826,
2006-10-25,23.892,23.892,23.892,23.892,
2006-10-26,24.401,24.401,24.401,24.401,
2006-10-27,24.198,24.198,24.198,24.198,
2006-10-30,24.316,24.316,24.316,24.316,
2006-10-31,24.368,24.368,24.368,24.368,
2006-11-01,24.381,24.381,24.381,24.381,
2006-11-02,24.283,24.283,24.283,24.283,
2006-11-03,24.283,24.283,24.283,24.283,
2006-11-06,24.296,24.296,24.296,24.296,
2006-11-07,24.303,24.303,24.303,24.303,
2006-11-08,24.316,24.316,24.316,24.316,
2006-11-09,24.055,24.055,24.055,24.055,
2006-11-10,23.918,23.918,23.918,23.918,
2006-11-13,23.761,23.761,23.761,23.761,
2006-11-14,24.779,24.779,24.779,24.779,
2006-11-15,24.557,24.557,24.557,24.557,
2006-11-16,24.681,24.681,24.681,24.681,
2006-11-17,24.988,24.988,24.988,24.988,
2006-11-20,25.073,25.073,25.073,25.073,
2006-11-21,24.753,24.753,24.753,24.753,
2006-11-22,24.871,24.871,24.871,24.871,
2006-11-24,24.623,24.623,24.623,24.623,
2006-11-27,24.538,24.538,24.538,24.538,
2006-11-28,24.344,24.344,24.344,24.344,
2006-11-29,24.705,24.705,24.705,24.705,
2006-11-30,24.935,24.935,24.935,24.935,
2006-12-01,25.592,25.592,25.592,25.592,
2006-12-04,25.743,25.743,25.743,25.743,
2006-12-05,25.854,25.854,25.854,25.854,
2006-12-06,26.216,26.216,26.216,26.216,
2006-12-07,25.566,25.566,25.566,25.566,
2006-12-08,25.48,25.48,25.48,25.48,
2006-12-11,25.474,25.474,25.474,25.474,
2006-12-12,25.414,25.414,25.414,25.414,
2006-12-13,25.684,25.684,25.684,25.684,
2006-12-14,26.248,26.248,26.248,26.248,
2006-12-15,26.196,26.196,26.196,26.196,
2006-12-18,26.242,26.242,26.242,26.242,
2006-12-19,26.032,26.032,26.032,26.032,
2006-12-20,25.697,25.697,25.697,25.697,
2006-12-21,25.552,25.552,25.552,25.552,
2006-12-22,25.539,25.539,25.539,25.539,
2006-12-26,25.651,25.651,25.651,25.651,
2006-12-27,25.979,25.979,25.979,25.979,
2006-12-28,26.091,26.091,26.091,26.091,
2006-12-29,26.373,26.373,26.373,26.373,
2007-01-03,26.971,26.971,26.971,26.971,
2007-01-04,26.642,26.642,26.642,26.642,
2007-01-05,26.13,26.13,26.13,26.13,
2007-01-08,25.933,25.933,25.933,25.933,
2007-01-09,25.822,25.822,25.822,25.822,
2007-01-10,26.124,26.124,26.124,26.124,
2007-01-11,26.321,26.321,26.321,26.321,
2007-01-12,26.34,26.34,26.34,26.34,
2007-01-16,26.459,26.459,26.459,26.459,
2007-01-17,26.459,26.459,26.459,26.459,
2007-01-18,26.84,26.84,26.84,26.84,
2007-01-19,26.629,26.629,26.629,26.629,
2007-01-22,26.301,26.301,26.301,26.301,
2007-01-23,26.551,26.551,26.551,26.551,
2007-01-24,26.721,26.721,26.721,26.721,
2007-01-25,26.327,26.327,26.327,26.327,
2007-01-26,26.229,26.229,26.229,26.229,
2007-01-29,26.209,26.209,26.209,26.209,
2007-01-30,26.38,26.38,26.38,26.38,
2007-01-31,26.754,26.754,26.754,26.754,
2007-02-01,26.977,26.977,26.977,26.977,
2007-02-02,26.813,26.813,26.813,26.813,
2007-02-05,26.945,26.945,26.945,26.945,
2007-02-06,27.102,27.102,27.102,27.102,
2007-02-07,27.161,27.161,27.161,27.161,
2007-02-08,26.984,26.984,26.984,26.984,
2007-02-09,26.925,26.925,26.925,26.925,
2007-02-12,27.214,27.214,27.214,27.214,
2007-02-13,27.424,27.424,27.424,27.424,
2007-02-14,27.404,27.404,27.404,27.404,
2007-02-15,27.358,27.358,27.358,27.358,
2007-02-16,27.214,27.214,27.214,27.214,
2007-02-20,27.148,27.148,27.148,27.148,
2007-02-21,27.122,27.122,27.122,27.122,
2007-02-22,27.043,27.043,27.043,27.043,
2007-02-23,26.899,26.899,26.899,26.899,
2007-02-26,26.787,26.787,26.787,26.787,
2007-02-27,26.15,26.15,26.15,26.15,
2007-02-28,25.999,25.999,25.999,25.999,
2007-03-01,25.907,25.907,25.907,25.907,
2007-03-02,25.618,25.618,25.618,25.618,
2007-03-05,25.395,25.395,25.395,25.395,
2007-03-06,25.629,25.629,25.629,25.629,
2007-03-07,25.57,25.57,25.57,25.57,
2007-03-08,25.629,25.629,25.629,25.629,
2007-03-09,25.543,25.543,25.543,25.543,
2007-03-12,25.213,25.213,25.213,25.213,
2007-03-13,24.671,24.671,24.671,24.671,
2007-03-14,24.81,24.81,24.81,24.81,
2007-03-15,24.764,24.764,24.764,24.764,
2007-03-16,24.777,24.777,24.777,24.777,
2007-03-19,24.916,24.916,24.916,24.916,
2007-03-20,25.055,25.055,25.055,25.055,
2007-03-21,25.59,25.59,25.59,25.59,
2007-03-22,25.319,25.319,25.319,25.319,
2007-03-23,25.246,25.246,25.246,25.246,
2007-03-26,25.041,25.041,25.041,25.041,
2007-03-27,24.665,24.665,24.665,24.665,
2007-03-28,24.288,24.288,24.288,24.288,
2007-03-29,24.321,24.321,24.321,24.321,
2007-03-30,24.269,24.269,24.269,24.269,
2007-04-02,24.302,24.302,24.302,24.302,
2007-04-03,24.856,24.856,24.856,24.856,
2007-04-04,25.173,25.173,25.173,25.173,
2007-04-05,25.114,25.114,25.114,25.114,
2007-04-09,25.154,25.154,25.154,25.154,
2007-04-10,25.253,25.253,25.253,25.253,
2007-04-11,25.081,25.081,25.081,25.081,
2007-04-12,25.114,25.114,25.114,25.114,
2007-04-13,25.028,25.028,25.028,25.028,
2007-04-16,25.471,25.471,25.471,25.471,
2007-04-17,26.052,26.052,26.052,26.052,
2007-04-18,25.788,25.788,25.788,25.788,
2007-04-19,25.702,25.702,25.702,25.702,
2007-04-20,25.9,25.9,25.9,25.9,
2007-04-23,25.9,25.9,25.9,25.9,
2007-04-24,25.966,25.966,25.966,25.966,
2007-04-25,26.092,26.092,26.092,26.092,
2007-04-26,25.755,25.755,25.755,25.755,
2007-04-27,25.411,25.411,25.411,25.411,
2007-04-30,25.015,25.015,25.015,25.015,
2007-05-01,25.385,25.385,25.385,25.385,
2007-05-02,25.596,25.596,25.596,25.596,
2007-05-03,25.801,25.801,25.801,25.801,
2007-05-04,25.695,25.695,25.695,25.695,
2007-05-07,25.656,25.656,25.656,25.656,
2007-05-08,25.517,25.517,25.517,25.517,
2007-05-09,25.88,25.88,25.88,25.88,
2007-05-10,25.623,25.623,25.623,25.623,
2007-05-11,25.669,25.669,25.669,25.669,
2007-05-14,25.768,25.768,25.768,25.768,
2007-05-15,25.299,25.299,25.299,25.299,
2007-05-16,25.345,25.345,25.345,25.345,
2007-05-17,25.299,25.299,25.299,25.299,
2007-05-18,25.682,25.682,25.682,25.682,
2007-05-21,25.517,25.517,25.517,25.517,
2007-05-22,25.451,25.451,25.451,25.451,
2007-05-23,25.616,25.616,25.616,25.616,
2007-05-24,25.728,25.728,25.728,25.728,
2007-05-25,25.352,25.352,25.352,25.352,
2007-05-29,25.53,25.53,25.53,25.53,
2007-05-30,25.563,25.563,25.563,25.563,
2007-05-31,25.675,25.675,25.675,25.675,
2007-06-01,25.9,25.9,25.9,25.9,
2007-06-04,26.29,26.29,26.29,26.29,
2007-06-05,25.815,25.815,25.815,25.815,
2007-06-06,25.443,25.443,25.443,25.443,
2007-06-07,25.018,25.018,25.018,25.018,
2007-06-08,25.21,25.21,25.21,25.21,
2007-06-11,25.051,25.051,25.051,25.051,
2007-06-12,24.818,24.818,24.818,24.818,
2007-06-13,25.064,25.064,25.064,25.064,
2007-06-14,25.104,25.104,25.104,25.104,
2007-06-15,25.21,25.21,25.21,25.21,
2007-06-18,25.217,25.217,25.217,25.217,
2007-06-19,25.423,25.423,25.423,25.423,
2007-06-20,26.592,26.592,26.592,26.592,
2007-06-21,26.539,26.539,26.539,26.539,
2007-06-22,26.147,26.147,26.147,26.147,
2007-06-25,26.027,26.027,26.027,26.027,
2007-06-26,26.007,26.007,26.007,26.007,
2007-06-27,26.413,26.413,26.413,26.413,
2007-06-28,26.253,26.253,26.253,26.253,
2007-06-29,26.14,26.14,26.14,26.14,
2007-07-02,26.154,26.154,26.154,26.154,
2007-07-03,26.041,26.041,26.041,26.041,
2007-07-05,26.459,26.459,26.459,26.459,
2007-07-06,26.771,26.771,26.771,26.771,
2007-07-09,26.725,26.725,26.725,26.725,
2007-07-10,26.738,26.738,26.738,26.738,
2007-07-11,26.891,26.891,26.891,26.891,
2007-07-12,27.197,27.197,27.197,27.197,
2007-07-13,27.15,27.15,27.15,27.15,
2007-07-16,26.957,26.957,26.957,26.957,
2007-07-17,26.672,26.672,26.672,26.672,
2007-07-18,26.599,26.599,26.599,26.599,
2007-07-19,26.373,26.373,26.373,26.373,
2007-07-20,26.167,26.167,26.167,26.167,
2007-07-23,25.881,25.881,25.881,25.881,
2007-07-24,25.21,25.21,25.21,25.21,
2007-07-25,25.27,25.27,25.27,25.27,
2007-07-26,24.779,24.779,24.779,24.779,
2007-07-27,24.413,24.413,24.413,24.413,
2007-07-30,25.117,25.117,25.117,25.117,
2007-07-31,24.692,24.692,24.692,24.692,
2007-08-01,25.091,25.091,25.091,25.091,
2007-08-02,25.124,25.124,25.124,25.124,
2007-08-03,24.041,24.041,24.041,24.041,
2007-08-06,24.506,24.506,24.506,24.506,
2007-08-07,24.181,24.181,24.181,24.181,
2007-08-08,25.111,25.111,25.111,25.111,
2007-08-09,23.775,23.775,23.775,23.775,
2007-08-10,23.862,23.862,23.862,23.862,
2007-08-13,23.41,23.41,23.41,23.41,
2007-08-14,22.267,22.267,22.267,22.267,
2007-08-15,22.161,22.161,22.161,22.161,
2007-08-16,21.802,21.802,21.802,21.802,
2007-08-17,22.128,22.128,22.128,22.128,
2007-08-20,22.447,22.447,22.447,22.447,
2007-08-21,22.786,22.786,22.786,22.786,
2007-08-22,23.098,23.098,23.098,23.098,
2007-08-23,22.6,22.6,22.6,22.6,
2007-08-24,23.038,23.038,23.038,23.038,
2007-08-27,23.417,23.417,23.417,23.417,
2007-08-28,23.433,23.433,23.433,23.433,
2007-08-29,24.436,24.436,24.436,24.436,
2007-08-30,24.764,24.764,24.764,24.764,
2007-08-31,25.613,25.613,25.613,25.613,
2007-09-04,24.309,24.309,24.309,24.309,
2007-09-05,24.41,24.41,24.41,24.41,
2007-09-06,23.547,23.547,23.547,23.547,
2007-09-07,22.872,22.872,22.872,22.872,
2007-09-10,22.604,22.604,22.604,22.604,
2007-09-11,23.313,23.313,23.313,23.313,
2007-09-12,23.46,23.46,23.46,23.46,
2007-09-13,23.808,23.808,23.808,23.808,
2007-09-14,23.855,23.855,23.855,23.855,
2007-09-17,23.654,23.654,23.654,23.654,
2007-09-18,24.309,24.309,24.309,24.309,
2007-09-19,24.189,24.189,24.189,24.189,
2007-09-20,23.614,23.614,23.614,23.614,
2007-09-21,23.046,23.046,23.046,23.046,
2007-09-24,22.651,22.651,22.651,22.651,
2007-09-25,22.116,22.116,22.116,22.116,
2007-09-26,22.056,22.056,22.056,22.056,
2007-09-27,21.902,21.902,21.902,21.902,
2007-09-28,21.688,21.688,21.688,21.688,
2007-10-01,22.17,22.17,22.17,22.17,
2007-10-02,22.304,22.304,22.304,22.304,
2007-10-03,22.644,22.644,22.644,22.644,
2007-10-04,22.558,22.558,22.558,22.558,
2007-10-05,22.878,22.878,22.878,22.878,
2007-10-08,22.685,22.685,22.685,22.685,
2007-10-09,22.598,22.598,22.598,22.598,
2007-10-10,22.497,22.497,22.497,22.497,
2007-10-11,22.35,22.35,22.35,22.35,
2007-10-12,22.357,22.357,22.357,22.357,
2007-10-15,22.07,22.07,22.07,22.07,
2007-10-16,21.735,21.735,21.735,21.735,
2007-10-17,21.247,21.247,21.247,21.247,
2007-10-18,21.18,21.18,21.18,21.18,
2007-10-19,20.565,20.565,20.565,20.565,
2007-10-22,20.645,20.645,20.645,20.645,
2007-10-23,20.672,20.672,20.672,20.672,
2007-10-24,20.645,20.645,20.645,20.645,
2007-10-25,20.525,20.525,20.525,20.525,
2007-10-26,20.96,20.96,20.96,20.96,
2007-10-29,20.993,20.993,20.993,20.993,
2007-10-30,21.033,21.033,21.033,21.033,
2007-10-31,21.067,21.067,21.067,21.067,
2007-11-01,20.518,20.518,20.518,20.518,
2007-11-02,20.325,20.325,20.325,20.325,
2007-11-05,19.923,19.923,19.923,19.923,
2007-11-06,20.097,20.097,20.097,20.097,
2007-11-07,19.616,19.616,19.616,19.616,
2007-11-08,19.449,19.449,19.449,19.449,
2007-11-09,18.753,18.753,18.753,18.753,
2007-11-12,19.028,19.028,19.028,19.028,
2007-11-13,19.469,19.469,19.469,19.469,
2007-11-14,19.409,19.409,19.409,19.409,
2007-11-15,19.375,19.375,19.375,19.375,
2007-11-16,19.435,19.435,19.435,19.435,
2007-11-19,18.847,18.847,18.847,18.847,
2007-11-20,19.054,19.054,19.054,19.054,
2007-11-21,18.753,18.753,18.753,18.753,
2007-11-23,19.355,19.355,19.355,19.355,
2007-11-26,18.379,18.379,18.379,18.379,
2007-11-27,18.301,18.301,18.301,18.301,
2007-11-28,19.056,19.056,19.056,19.056,
2007-11-29,18.794,18.794,18.794,18.794,
2007-11-30,19.252,19.252,19.252,19.252,
2007-12-03,19.205,19.205,19.205,19.205,
2007-12-04,19.407,19.407,19.407,19.407,
2007-12-05,19.528,19.528,19.528,19.528,
2007-12-06,19.879,19.879,19.879,19.879,
2007-12-07,19.879,19.879,19.879,19.879,
2007-12-10,19.946,19.946,19.946,19.946,
2007-12-11,19.144,19.144,19.144,19.144,
2007-12-12,19.205,19.205,19.205,19.205,
2007-12-13,18.632,18.632,18.632,18.632,
2007-12-14,17.951,17.951,17.951,17.951,
2007-12-17,17.486,17.486,17.486,17.486,
2007-12-18,17.843,17.843,17.843,17.843,
2007-12-19,17.688,17.688,17.688,17.688,
2007-12-20,17.708,17.708,17.708,17.708,
2007-12-21,17.971,17.971,17.971,17.971,
2007-12-24,18.207,18.207,18.207,18.207,
2007-12-26,18.194,18.194,18.194,18.194,
2007-12-27,18.045,18.045,18.045,18.045,
2007-12-28,17.985,17.985,17.985,17.985,
2007-12-31,18.16,18.16,18.16,18.16,
2008-01-02,17.6,17.6,17.6,17.6,
2008-01-03,17.405,17.405,17.405,17.405,
2008-01-04,16.825,16.825,16.825,16.825,
2008-01-07,17.102,17.102,17.102,17.102,
2008-01-08,16.677,16.677,16.677,16.677,
2008-01-09,16.67,16.67,16.67,16.67,
2008-01-10,17.041,17.041,17.041,17.041,
2008-01-11,16.657,16.657,16.657,16.657,
2008-01-14,17.115,17.115,17.115,17.115,
2008-01-15,17.102,17.102,17.102,17.102,
2008-01-16,17.755,17.755,17.755,17.755,
2008-01-17,17.695,17.695,17.695,17.695,
2008-01-18,17.715,17.715,17.715,17.715,
2008-01-22,19.009,19.009,19.009,19.009,
2008-01-23,20.189,20.189,20.189,20.189,
2008-01-24,19.926,19.926,19.926,19.926,
2008-01-25,19.232,19.232,19.232,19.232,
2008-01-28,19.643,19.643,19.643,19.643,
2008-01-29,20.027,20.027,20.027,20.027,
2008-01-30,19.805,19.805,19.805,19.805,
2008-01-31,20.654,20.654,20.654,20.654,
2008-02-01,20.526,20.526,20.526,20.526,
2008-02-04,19.784,19.784,19.784,19.784,
2008-02-05,18.868,18.868,18.868,18.868,
2008-02-06,18.639,18.639,18.639,18.639,
2008-02-07,19.144,19.144,19.144,19.144,
2008-02-08,18.854,18.854,18.854,18.854,
2008-02-11,19.34,19.34,19.34,19.34,
2008-02-12,19.131,19.131,19.131,19.131,
2008-02-13,19.104,19.104,19.104,19.104,
2008-02-14,18.544,18.544,18.544,18.544,
2008-02-15,18.551,18.551,18.551,18.551,
2008-02-19,18.409,18.409,18.409,18.409,
2008-02-20,18.686,18.686,18.686,18.686,
2008-02-21,18.463,18.463,18.463,18.463,
2008-02-22,18.719,18.719,18.719,18.719,
2008-02-25,19.427,19.427,19.427,19.427,
2008-02-26,19.434,19.434,19.434,19.434,
2008-02-27,19.488,19.488,19.488,19.488,
2008-02-28,18.679,18.679,18.679,18.679,
2008-02-29,17.897,17.897,17.897,17.897,
2008-03-03,18.261,18.261,18.261,18.261,
2008-03-04,18.113,18.113,18.113,18.113,
2008-03-05,18.039,18.039,18.039,18.039,
2008-03-06,17.365,17.365,17.365,17.365,
2008-03-07,17.445,17.445,17.445,17.445,
2008-03-10,16.852,16.852,16.852,16.852,
2008-03-11,17.822,17.822,17.822,17.822,
2008-03-12,17.774,17.774,17.774,17.774,
2008-03-13,18.012,18.012,18.012,18.012,
2008-03-14,17.515,17.515,17.515,17.515,
2008-03-17,17.481,17.481,17.481,17.481,
2008-03-18,18.495,18.495,18.495,18.495,
2008-03-19,18.257,18.257,18.257,18.257,
2008-03-20,19.087,19.087,19.087,19.087,
2008-03-24,19.903,19.903,19.903,19.903,
2008-03-25,19.563,19.563,19.563,19.563,
2008-03-26,19.155,19.155,19.155,19.155,
2008-03-27,18.903,18.903,18.903,18.903,
2008-03-28,18.624,18.624,18.624,18.624,
2008-03-31,19.025,19.025,19.025,19.025,
2008-04-01,20.059,20.059,20.059,20.059,
2008-04-02,19.835,19.835,19.835,19.835,
2008-04-03,19.876,19.876,19.876,19.876,
2008-04-04,19.583,19.583,19.583,19.583,
2008-04-07,19.386,19.386,19.386,19.386,
2008-04-08,19.168,19.168,19.168,19.168,
2008-04-09,18.821,18.821,18.821,18.821,
2008-04-10,19.304,19.304,19.304,19.304,
2008-04-11,19.162,19.162,19.162,19.162,
2008-04-14,18.985,18.985,18.985,18.985,
2008-04-15,18.998,18.998,18.998,18.998,
2008-04-16,19.059,19.059,19.059,19.059,
2008-04-17,19.127,19.127,19.127,19.127,
2008-04-18,19.508,19.508,19.508,19.508,
2008-04-21,19.712,19.712,19.712,19.712,
2008-04-22,19.4,19.4,19.4,19.4,
2008-04-23,19.134,19.134,19.134,19.134,
2008-04-24,19.672,19.672,19.672,19.672,
2008-04-25,20.257,20.257,20.257,20.257,
2008-04-28,20.223,20.223,20.223,20.223,
2008-04-29,19.971,19.971,19.971,19.971,
2008-04-30,19.59,19.59,19.59,19.59,
2008-05-01,20.318,20.318,20.318,20.318,
2008-05-02,20.488,20.488,20.488,20.488,
2008-05-05,19.978,19.978,19.978,19.978,
2008-05-06,19.917,19.917,19.917,19.917,
2008-05-07,19.427,19.427,19.427,19.427,
2008-05-08,18.991,18.991,18.991,18.991,
2008-05-09,19.032,19.032,19.032,19.032,
2008-05-12,19.481,19.481,19.481,19.481,
2008-05-13,19.556,19.556,19.556,19.556,
2008-05-14,19.808,19.808,19.808,19.808,
2008-05-15,20.087,20.087,20.087,20.087,
2008-05-16,19.794,19.794,19.794,19.794,
2008-05-19,19.638,19.638,19.638,19.638,
2008-05-20,18.617,18.617,18.617,18.617,
2008-05-21,18.318,18.318,18.318,18.318,
2008-05-22,18.304,18.304,18.304,18.304,
2008-05-23,18.209,18.209,18.209,18.209,
2008-05-27,18.556,18.556,18.556,18.556,
2008-05-28,18.658,18.658,18.658,18.658,
2008-05-29,18.849,18.849,18.849,18.849,
2008-05-30,18.611,18.611,18.611,18.611,
2008-06-02,18.475,18.475,18.475,18.475,
2008-06-03,18.581,18.581,18.581,18.581,
2008-06-04,18.643,18.643,18.643,18.643,
2008-06-05,19.143,19.143,19.143,19.143,
2008-06-06,18.643,18.643,18.643,18.643,
2008-06-09,18.204,18.204,18.204,18.204,
2008-06-10,18.32,18.32,18.32,18.32,
2008-06-11,17.771,17.771,17.771,17.771,
2008-06-12,18.162,18.162,18.162,18.162,
2008-06-13,18.883,18.883,18.883,18.883,
2008-06-16,18.862,18.862,18.862,18.862,
2008-06-17,18.43,18.43,18.43,18.43,
2008-06-18,18.21,18.21,18.21,18.21,
2008-06-19,18.643,18.643,18.643,18.643,
2008-06-20,18.005,18.005,18.005,18.005,
2008-06-23,17.188,17.188,17.188,17.188,
2008-06-24,17.36,17.36,17.36,17.36,
2008-06-25,17.47,17.47,17.47,17.47,
2008-06-26,16.914,16.914,16.914,16.914,
2008-06-27,16.475,16.475,16.475,16.475,
2008-06-30,16.064,16.064,16.064,16.064,
2008-07-01,15.92,15.92,15.92,15.92,
2008-07-02,15.446,15.446,15.446,15.446,
2008-07-03,15.46,15.46,15.46,15.46,
2008-07-07,15.309,15.309,15.309,15.309,
2008-07-08,15.803,15.803,15.803,15.803,
2008-07-09,15.343,15.343,15.343,15.343,
2008-07-10,15.0,15.0,15.0,15.0,
2008-07-11,14.802,14.802,14.802,14.802,
2008-07-14,14.767,14.767,14.767,14.767,
2008-07-15,14.719,14.719,14.719,14.719,
2008-07-16,15.556,15.556,15.556,15.556,
2008-07-17,16.036,16.036,16.036,16.036,
2008-07-18,16.077,16.077,16.077,16.077,
2008-07-21,15.858,15.858,15.858,15.858,
2008-07-22,16.427,16.427,16.427,16.427,
2008-07-23,17.168,17.168,17.168,17.168,
2008-07-24,16.475,16.475,16.475,16.475,
2008-07-25,16.324,16.324,16.324,16.324,
2008-07-28,15.885,15.885,15.885,15.885,
2008-07-29,16.688,16.688,16.688,16.688,
2008-07-30,16.283,16.283,16.283,16.283,
2008-07-31,16.345,16.345,16.345,16.345,
2008-08-01,16.393,16.393,16.393,16.393,
2008-08-04,16.386,16.386,16.386,16.386,
2008-08-05,17.072,17.072,17.072,17.072,
2008-08-06,17.079,17.079,17.079,17.079,
2008-08-07,16.791,16.791,16.791,16.791,
2008-08-08,18.087,18.087,18.087,18.087,
2008-08-11,18.869,18.869,18.869,18.869,
2008-08-12,18.848,18.848,18.848,18.848,
2008-08-13,18.19,18.19,18.19,18.19,
2008-08-14,18.636,18.636,18.636,18.636,
2008-08-15,18.883,18.883,18.883,18.883,
2008-08-18,18.492,18.492,18.492,18.492,
2008-08-19,17.806,17.806,17.806,17.806,
2008-08-20,17.813,17.813,17.813,17.813,
2008-08-21,18.224,18.224,18.224,18.224,
2008-08-22,18.595,18.595,18.595,18.595,
2008-08-25,18.217,18.217,18.217,18.217,
2008-08-26,18.533,18.533,18.533,18.533,
2008-08-27,18.636,18.636,18.636,18.636,
2008-08-28,18.807,18.807,18.807,18.807,
2008-08-29,18.601,18.601,18.601,18.601,
2008-09-02,19.414,19.414,19.414,19.414,
2008-09-03,20.286,20.286,20.286,20.286,
2008-09-04,19.76,19.76,19.76,19.76,
2008-09-05,19.774,19.774,19.774,19.774,
2008-09-08,20.86,20.86,20.86,20.86,
2008-09-09,20.161,20.161,20.161,20.161,
2008-09-10,20.126,20.126,20.126,20.126,
2008-09-11,20.403,20.403,20.403,20.403,
2008-09-12,19.919,19.919,19.919,19.919,
2008-09-15,19.711,19.711,19.711,19.711,
2008-09-16,19.075,19.075,19.075,19.075,
2008-09-17,17.72,17.72,17.72,17.72,
2008-09-18,18.639,18.639,18.639,18.639,
2008-09-19,18.93,18.93,18.93,18.93,
2008-09-22,17.72,17.72,17.72,17.72,
2008-09-23,17.471,17.471,17.471,17.471,
2008-09-24,17.305,17.305,17.305,17.305,
2008-09-25,17.844,17.844,17.844,17.844,
2008-09-26,18.301,18.301,18.301,18.301,
2008-09-29,17.284,17.284,17.284,17.284,
2008-09-30,17.906,17.906,17.906,17.906,
2008-10-01,17.927,17.927,17.927,17.927,
2008-10-02,17.194,17.194,17.194,17.194,
2008-10-03,16.468,16.468,16.468,16.468,
2008-10-06,15.783,15.783,15.783,15.783,
2008-10-07,15.14,15.14,15.14,15.14,
2008-10-08,14.642,14.642,14.642,14.642,
2008-10-09,13.784,13.784,13.784,13.784,
2008-10-10,13.66,13.66,13.66,13.66,
2008-10-13,15.015,15.015,15.015,15.015,
2008-10-14,14.573,14.573,14.573,14.573,
2008-10-15,13.715,13.715,13.715,13.715,
2008-10-16,13.625,13.625,13.625,13.625,
2008-10-17,13.978,13.978,13.978,13.978,
2008-10-20,14.372,14.372,14.372,14.372,
2008-10-21,14.192,14.192,14.192,14.192,
2008-10-22,13.466,13.466,13.466,13.466,
2008-10-23,13.182,13.182,13.182,13.182,
2008-10-24,12.802,12.802,12.802,12.802,
2008-10-27,13.079,13.079,13.079,13.079,
2008-10-28,14.918,14.918,14.918,14.918,
2008-10-29,14.974,14.974,14.974,14.974,
2008-10-30,15.714,15.714,15.714,15.714,
2008-10-31,16.316,16.316,16.316,16.316,
2008-11-03,15.368,15.368,15.368,15.368,
2008-11-04,16.177,16.177,16.177,16.177,
2008-11-05,15.32,15.32,15.32,15.32,
2008-11-06,14.476,14.476,14.476,14.476,
2008-11-07,14.566,14.566,14.566,14.566,
2008-11-10,14.344,14.344,14.344,14.344,
2008-11-11,14.185,14.185,14.185,14.185,
2008-11-12,13.694,13.694,13.694,13.694,
2008-11-13,15.375,15.375,15.375,15.375,
2008-11-14,14.206,14.206,14.206,14.206,
2008-11-17,13.833,13.833,13.833,13.833,
2008-11-18,14.324,14.324,14.324,14.324,
2008-11-19,13.667,13.667,13.667,13.667,
2008-11-20,12.809,12.809,12.809,12.809,
2008-11-21,13.342,13.342,13.342,13.342,
2008-11-24,14.815,14.815,14.815,14.815,
2008-11-25,15.389,15.389,15.389,15.389,
2008-11-26,16.288,16.288,16.288,16.288,
2008-11-28,15.984,15.984,15.984,15.984,
2008-12-01,14.669,14.669,14.669,14.669,
2008-12-02,15.274,15.274,15.274,15.274,
2008-12-03,15.91,15.91,15.91,15.91,
2008-12-04,16.232,16.232,16.232,16.232,
2008-12-05,17.057,17.057,17.057,17.057,
2008-12-08,16.952,16.952,16.952,16.952,
2008-12-09,16.218,16.218,16.218,16.218,
2008-12-10,16.98,16.98,16.98,16.98,
2008-12-11,16.071,16.071,16.071,16.071,
2008-12-12,16.407,16.407,16.407,16.407,
2008-12-15,16.365,16.365,16.365,16.365,
2008-12-16,17.001,17.001,17.001,17.001,
2008-12-17,17.266,17.266,17.266,17.266,
2008-12-18,17.092,17.092,17.092,17.092,
2008-12-19,16.931,16.931,16.931,16.931,
2008-12-22,16.588,16.588,16.588,16.588,
2008-12-23,16.511,16.511,16.511,16.511,
2008-12-24,16.588,16.588,16.588,16.588,
2008-12-26,16.47,16.47,16.47,16.47,
2008-12-29,16.33,16.33,16.33,16.33,
2008-12-30,16.155,16.155,16.155,16.155,
2008-12-31,16.092,16.092,16.092,16.092,
2009-01-02,16.868,16.868,16.868,16.868,
2009-01-05,17.273,17.273,17.273,17.273,
2009-01-06,17.658,17.658,17.658,17.658,
2009-01-07,17.176,17.176,17.176,17.176,
2009-01-08,17.05,17.05,17.05,17.05,
2009-01-09,16.679,16.679,16.679,16.679,
2009-01-12,16.057,16.057,16.057,16.057,
2009-01-13,15.736,15.736,15.736,15.736,
2009-01-14,15.316,15.316,15.316,15.316,
2009-01-15,15.945,15.945,15.945,15.945,
2009-01-16,16.218,16.218,16.218,16.218,
2009-01-20,15.372,15.372,15.372,15.372,
2009-01-21,15.575,15.575,15.575,15.575,
2009-01-22,15.358,15.358,15.358,15.358,
2009-01-23,15.183,15.183,15.183,15.183,
2009-01-26,15.889,15.889,15.889,15.889,
2009-01-27,15.463,15.463,15.463,15.463,
2009-01-28,16.078,16.078,16.078,16.078,
2009-01-29,15.379,15.379,15.379,15.379,
2009-01-30,15.05,15.05,15.05,15.05,
2009-02-02,15.078,15.078,15.078,15.078,
2009-02-03,15.323,15.323,15.323,15.323,
2009-02-04,15.19,15.19,15.19,15.19,
2009-02-05,15.659,15.659,15.659,15.659,
2009-02-06,16.449,16.449,16.449,16.449,
2009-02-09,16.141,16.141,16.141,16.141,
2009-02-10,15.526,15.526,15.526,15.526,
2009-02-11,15.477,15.477,15.477,15.477,
2009-02-12,15.365,15.365,15.365,15.365,
2009-02-13,14.834,14.834,14.834,14.834,
2009-02-17,13.939,13.939,13.939,13.939,
2009-02-18,13.841,13.841,13.841,13.841,
2009-02-19,14.093,14.093,14.093,14.093,
2009-02-20,13.603,13.603,13.603,13.603,
2009-02-23,13.079,13.079,13.079,13.079,
2009-02-24,14.449,14.449,14.449,14.449,
2009-02-25,14.198,14.198,14.198,14.198,
2009-02-26,14.428,14.428,14.428,14.428,
2009-02-27,14.603,14.603,14.603,14.603,
2009-03-02,13.925,13.925,13.925,13.925,
2009-03-03,13.205,13.205,13.205,13.205,
2009-03-04,13.289,13.289,13.289,13.289,
2009-03-05,12.688,12.688,12.688,12.688,
2009-03-06,12.583,12.583,12.583,12.583,
2009-03-09,12.744,12.744,12.744,12.744,
2009-03-10,13.745,13.745,13.745,13.745,
2009-03-11,13.929,13.929,13.929,13.929,
2009-03-12,14.389,14.389,14.389,14.389,
2009-03-13,14.658,14.658,14.658,14.658,
2009-03-16,14.255,14.255,14.255,14.255,
2009-03-17,15.203,15.203,15.203,15.203,
2009-03-18,15.982,15.982,15.982,15.982,
2009-03-19,15.883,15.883,15.883,15.883,
2009-03-20,15.684,15.684,15.684,15.684,
2009-03-23,16.456,16.456,16.456,16.456,
2009-03-24,16.244,16.244,16.244,16.244,
2009-03-25,16.477,16.477,16.477,16.477,
2009-03-26,17.086,17.086,17.086,17.086,
2009-03-27,16.725,16.725,16.725,16.725,
2009-03-30,16.548,16.548,16.548,16.548,
2009-03-31,16.675,16.675,16.675,16.675,
2009-04-01,16.866,16.866,16.866,16.866,
2009-04-02,17.532,17.532,17.532,17.532,
2009-04-03,17.695,17.695,17.695,17.695,
2009-04-06,17.588,17.588,17.588,17.588,
2009-04-07,17.249,17.249,17.249,17.249,
2009-04-08,17.779,17.779,17.779,17.779,
2009-04-09,18.332,18.332,18.332,18.332,
2009-04-13,18.374,18.374,18.374,18.374,
2009-04-14,17.935,17.935,17.935,17.935,
2009-04-15,18.169,18.169,18.169,18.169,
2009-04-16,18.381,18.381,18.381,18.381,
2009-04-17,18.473,18.473,18.473,18.473,
2009-04-20,17.801,17.801,17.801,17.801,
2009-04-21,18.31,18.31,18.31,18.31,
2009-04-22,18.523,18.523,18.523,18.523,
2009-04-23,18.232,18.232,18.232,18.232,
2009-04-24,18.622,18.622,18.622,18.622,
2009-04-27,18.317,18.317,18.317,18.317,
2009-04-28,18.452,18.452,18.452,18.452,
2009-04-29,18.643,18.643,18.643,18.643,
2009-04-30,18.629,18.629,18.629,18.629,
2009-05-01,18.24,18.24,18.24,18.24,
2009-05-04,18.551,18.551,18.551,18.551,
2009-05-05,18.537,18.537,18.537,18.537,
2009-05-06,18.431,18.431,18.431,18.431,
2009-05-07,18.126,18.126,18.126,18.126,
2009-05-08,18.048,18.048,18.048,18.048,
2009-05-11,17.645,17.645,17.645,17.645,
2009-05-12,17.44,17.44,17.44,17.44,
2009-05-13,17.574,17.574,17.574,17.574,
2009-05-14,17.362,17.362,17.362,17.362,
2009-05-15,17.27,17.27,17.27,17.27,
2009-05-18,18.416,18.416,18.416,18.416,
2009-05-19,17.433,17.433,17.433,17.433,
2009-05-20,16.866,16.866,16.866,16.866,
2009-05-21,16.201,16.201,16.201,16.201,
2009-05-22,16.18,16.18,16.18,16.18,
2009-05-26,16.845,16.845,16.845,16.845,
2009-05-27,16.513,16.513,16.513,16.513,
2009-05-28,16.067,16.067,16.067,16.067,
2009-05-29,16.392,16.392,16.392,16.392,
2009-06-01,17.1,17.1,17.1,17.1,
2009-06-02,17.341,17.341,17.341,17.341,
2009-06-03,17.249,17.249,17.249,17.249,
2009-06-04,17.39,17.39,17.39,17.39,
2009-06-05,17.107,17.107,17.107,17.107,
2009-06-08,17.383,17.383,17.383,17.383,
2009-06-09,17.394,17.394,17.394,17.394,
2009-06-10,17.422,17.422,17.422,17.422,
2009-06-11,17.308,17.308,17.308,17.308,
2009-06-12,17.251,17.251,17.251,17.251,
2009-06-15,17.037,17.037,17.037,17.037,
2009-06-16,16.572,16.572,16.572,16.572,
2009-06-17,16.894,16.894,16.894,16.894,
2009-06-18,16.679,16.679,16.679,16.679,
2009-06-19,16.801,16.801,16.801,16.801,
2009-06-22,16.608,16.608,16.608,16.608,
2009-06-23,16.344,16.344,16.344,16.344,
2009-06-24,16.201,16.201,16.201,16.201,
2009-06-25,16.837,16.837,16.837,16.837,
2009-06-26,16.865,16.865,16.865,16.865,
2009-06-29,17.051,17.051,17.051,17.051,
2009-06-30,16.88,16.88,16.88,16.88,
2009-07-01,16.937,16.937,16.937,16.937,
2009-07-02,16.294,16.294,16.294,16.294,
2009-07-06,16.344,16.344,16.344,16.344,
2009-07-07,16.001,16.001,16.001,16.001,
2009-07-08,16.187,16.187,16.187,16.187,
2009-07-09,16.201,16.201,16.201,16.201,
2009-07-10,16.087,16.087,16.087,16.087,
2009-07-13,16.508,16.508,16.508,16.508,
2009-07-14,16.915,16.915,16.915,16.915,
2009-07-15,17.201,17.201,17.201,17.201,
2009-07-16,17.43,17.43,17.43,17.43,
2009-07-17,17.622,17.622,17.622,17.622,
2009-07-20,17.715,17.715,17.715,17.715,
2009-07-21,17.472,17.472,17.472,17.472,
2009-07-22,17.694,17.694,17.694,17.694,
2009-07-23,18.058,18.058,18.058,18.058,
2009-07-24,18.087,18.087,18.087,18.087,
2009-07-27,17.972,17.972,17.972,17.972,
2009-07-28,18.137,18.137,18.137,18.137,
2009-07-29,18.137,18.137,18.137,18.137,
2009-07-30,18.465,18.465,18.465,18.465,
2009-07-31,18.53,18.53,18.53,18.53,
2009-08-03,18.801,18.801,18.801,18.801,
2009-08-04,18.78,18.78,18.78,18.78,
2009-08-05,18.808,18.808,18.808,18.808,
2009-08-06,18.958,18.958,18.958,18.958,
2009-08-07,19.473,19.473,19.473,19.473,
2009-08-10,19.358,19.358,19.358,19.358,
2009-08-11,19.208,19.208,19.208,19.208,
2009-08-12,19.43,19.43,19.43,19.43,
2009-08-13,19.773,19.773,19.773,19.773,
2009-08-14,19.387,19.387,19.387,19.387,
2009-08-17,18.651,18.651,18.651,18.651,
2009-08-18,19.237,19.237,19.237,19.237,
2009-08-19,19.108,19.108,19.108,19.108,
2009-08-20,19.058,19.058,19.058,19.058,
2009-08-21,19.644,19.644,19.644,19.644,
2009-08-24,19.308,19.308,19.308,19.308,
2009-08-25,19.515,19.515,19.515,19.515,
2009-08-26,19.694,19.694,19.694,19.694,
2009-08-27,19.68,19.68,19.68,19.68,
2009-08-28,19.78,19.78,19.78,19.78,
2009-08-31,19.494,19.494,19.494,19.494,
2009-09-01,19.26,19.26,19.26,19.26,
2009-09-02,19.109,19.109,19.109,19.109,
2009-09-03,19.375,19.375,19.375,19.375,
2009-09-04,19.469,19.469,19.469,19.469,
2009-09-08,19.793,19.793,19.793,19.793,
2009-09-09,19.721,19.721,19.721,19.721,
2009-09-10,19.829,19.829,19.829,19.829,
2009-09-11,19.692,19.692,19.692,19.692,
2009-09-14,19.814,19.814,19.814,19.814,
2009-09-15,19.742,19.742,19.742,19.742,
2009-09-16,20.211,20.211,20.211,20.211,
2009-09-17,20.11,20.11,20.11,20.11,
2009-09-18,20.333,20.333,20.333,20.333,
2009-09-21,20.268,20.268,20.268,20.268,
2009-09-22,19.894,19.894,19.894,19.894,
2009-09-23,19.699,19.699,19.699,19.699,
2009-09-24,19.476,19.476,19.476,19.476,
2009-09-25,19.339,19.339,19.339,19.339,
2009-09-28,19.634,19.634,19.634,19.634,
2009-09-29,19.325,19.325,19.325,19.325,
2009-09-30,19.188,19.188,19.188,19.188,
2009-10-01,18.957,18.957,18.957,18.957,
2009-10-02,18.748,18.748,18.748,18.748,
2009-10-05,18.835,18.835,18.835,18.835,
2009-10-06,18.936,18.936,18.936,18.936,
2009-10-07,18.828,18.828,18.828,18.828,
2009-10-08,19.368,19.368,19.368,19.368,
2009-10-09,19.418,19.418,19.418,19.418,
2009-10-12,19.476,19.476,19.476,19.476,
2009-10-13,19.829,19.829,19.829,19.829,
2009-10-14,19.721,19.721,19.721,19.721,
2009-10-15,19.663,19.663,19.663,19.663,
2009-10-16,19.634,19.634,19.634,19.634,
2009-10-19,19.901,19.901,19.901,19.901,
2009-10-20,19.426,19.426,19.426,19.426,
2009-10-21,18.957,18.957,18.957,18.957,
2009-10-22,19.245,19.245,19.245,19.245,
2009-10-23,18.921,18.921,18.921,18.921,
2009-10-26,18.799,18.799,18.799,18.799,
2009-10-27,18.727,18.727,18.727,18.727,
2009-10-28,18.158,18.158,18.158,18.158,
2009-10-29,18.662,18.662,18.662,18.662,
2009-10-30,18.071,18.071,18.071,18.071,
2009-11-02,18.05,18.05,18.05,18.05,
2009-11-03,18.007,18.007,18.007,18.007,
2009-11-04,17.978,17.978,17.978,17.978,
2009-11-05,18.46,18.46,18.46,18.46,
2009-11-06,18.784,18.784,18.784,18.784,
2009-11-09,19.31,19.31,19.31,19.31,
2009-11-10,19.317,19.317,19.317,19.317,
2009-11-11,19.67,19.67,19.67,19.67,
2009-11-12,19.62,19.62,19.62,19.62,
2009-11-13,19.692,19.692,19.692,19.692,
2009-11-16,19.915,19.915,19.915,19.915,
2009-11-17,19.44,19.44,19.44,19.44,
2009-11-18,19.656,19.656,19.656,19.656,
2009-11-19,19.526,19.526,19.526,19.526,
2009-11-20,19.577,19.577,19.577,19.577,
2009-11-23,19.814,19.814,19.814,19.814,
2009-11-24,19.85,19.85,19.85,19.85,
2009-11-25,20.059,20.059,20.059,20.059,
2009-11-27,19.886,19.886,19.886,19.886,
2009-11-30,19.706,19.706,19.706,19.706,
2009-12-01,20.335,20.335,20.335,20.335,
2009-12-02,20.574,20.574,20.574,20.574,
2009-12-03,20.284,20.284,20.284,20.284,
2009-12-04,20.393,20.393,20.393,20.393,
2009-12-07,20.494,20.494,20.494,20.494,
2009-12-08,20.095,20.095,20.095,20.095,
2009-12-09,20.008,20.008,20.008,20.008,
2009-12-10,20.327,20.327,20.327,20.327,
2009-12-11,20.69,20.69,20.69,20.69,
2009-12-14,20.966,20.966,20.966,20.966,
2009-12-15,21.075,21.075,21.075,21.075,
2009-12-16,21.032,21.032,21.032,21.032,
2009-12-17,20.916,20.916,20.916,20.916,
2009-12-18,20.807,20.807,20.807,20.807,
2009-12-21,21.032,21.032,21.032,21.032,
2009-12-22,21.271,21.271,21.271,21.271,
2009-12-23,21.061,21.061,21.061,21.061,
2009-12-24,21.184,21.184,21.184,21.184,
2009-12-28,21.192,21.192,21.192,21.192,
2009-12-29,21.257,21.257,21.257,21.257,
2009-12-30,21.155,21.155,21.155,21.155,
2009-12-31,21.01,21.01,21.01,21.01,
2010-01-04,20.821,20.821,20.821,20.821,
2010-01-05,20.974,20.974,20.974,20.974,
2010-01-06,20.901,20.901,20.901,20.901,
2010-01-07,21.148,21.148,21.148,21.148,
2010-01-08,21.046,21.046,21.046,21.046,
2010-01-11,20.451,20.451,20.451,20.451,
2010-01-12,20.32,20.32,20.32,20.32,
2010-01-13,20.429,20.429,20.429,20.429,
2010-01-14,20.552,20.552,20.552,20.552,
2010-01-15,20.749,20.749,20.749,20.749,
2010-01-19,20.974,20.974,20.974,20.974,
2010-01-20,20.814,20.814,20.814,20.814,
2010-01-21,20.683,20.683,20.683,20.683,
2010-01-22,20.131,20.131,20.131,20.131,
2010-01-25,20.059,20.059,20.059,20.059,
2010-01-26,20.139,20.139,20.139,20.139,
2010-01-27,20.218,20.218,20.218,20.218,
2010-01-28,19.855,19.855,19.855,19.855,
2010-01-29,20.342,20.342,20.342,20.342,
2010-02-01,20.618,20.618,20.618,20.618,
2010-02-02,21.083,21.083,21.083,21.083,
2010-02-03,20.676,20.676,20.676,20.676,
2010-02-04,20.284,20.284,20.284,20.284,
2010-02-05,20.32,20.32,20.32,20.32,
2010-02-08,20.763,20.763,20.763,20.763,
2010-02-09,20.966,20.966,20.966,20.966,
2010-02-10,20.807,20.807,20.807,20.807,
2010-02-11,21.054,21.054,21.054,21.054,
2010-02-12,21.061,21.061,21.061,21.061,
2010-02-16,21.38,21.38,21.38,21.38,
2010-02-17,21.802,21.802,21.802,21.802,
2010-02-18,22.005,22.005,22.005,22.005,
2010-02-19,21.896,21.896,21.896,21.896,
2010-02-22,22.019,22.019,22.019,22.019,
2010-02-23,22.332,22.332,22.332,22.332,
2010-02-24,22.775,22.775,22.775,22.775,
2010-02-25,22.775,22.775,22.775,22.775,
2010-02-26,22.659,22.659,22.659,22.659,
2010-03-01,22.826,22.826,22.826,22.826,
2010-03-02,22.775,22.775,22.775,22.775,
2010-03-03,22.855,22.855,22.855,22.855,
2010-03-04,22.833,22.833,22.833,22.833,
2010-03-05,23.094,23.094,23.094,23.094,
2010-03-08,23.211,23.211,23.211,23.211,
2010-03-09,23.178,23.178,23.178,23.178,
2010-03-10,23.2,23.2,23.2,23.2,
2010-03-11,23.508,23.508,23.508,23.508,
2010-03-12,23.742,23.742,23.742,23.742,
2010-03-15,23.917,23.917,23.917,23.917,
2010-03-16,23.815,23.815,23.815,23.815,
2010-03-17,23.793,23.793,23.793,23.793,
2010-03-18,23.705,23.705,23.705,23.705,
2010-03-19,23.676,23.676,23.676,23.676,
2010-03-22,23.903,23.903,23.903,23.903,
2010-03-23,23.844,23.844,23.844,23.844,
2010-03-24,23.647,23.647,23.647,23.647,
2010-03-25,23.866,23.866,23.866,23.866,
2010-03-26,23.961,23.961,23.961,23.961,
2010-03-29,23.851,23.851,23.851,23.851,
2010-03-30,23.917,23.917,23.917,23.917,
2010-03-31,23.669,23.669,23.669,23.669,
2010-04-01,23.69,23.69,23.69,23.69,
2010-04-05,23.895,23.895,23.895,23.895,
2010-04-06,23.815,23.815,23.815,23.815,
2010-04-07,23.859,23.859,23.859,23.859,
2010-04-08,24.122,24.122,24.122,24.122,
2010-04-09,24.327,24.327,24.327,24.327,
2010-04-12,24.495,24.495,24.495,24.495,
2010-04-13,25.124,25.124,25.124,25.124,
2010-04-14,25.593,25.593,25.593,25.593,
2010-04-15,25.71,25.71,25.71,25.71,
2010-04-16,25.615,25.615,25.615,25.615,
2010-04-19,25.732,25.732,25.732,25.732,
2010-04-20,25.739,25.739,25.739,25.739,
2010-04-21,25.805,25.805,25.805,25.805,
2010-04-22,26.134,26.134,26.134,26.134,
2010-04-23,26.624,26.624,26.624,26.624,
2010-04-26,26.698,26.698,26.698,26.698,
2010-04-27,25.82,25.82,25.82,25.82,
2010-04-28,25.746,25.746,25.746,25.746,
2010-04-29,26.017,26.017,26.017,26.017,
2010-04-30,25.776,25.776,25.776,25.776,
2010-05-03,26.244,26.244,26.244,26.244,
2010-05-04,25.915,25.915,25.915,25.915,
2010-05-05,25.783,25.783,25.783,25.783,
2010-05-06,24.846,24.846,24.846,24.846,
2010-05-07,24.459,24.459,24.459,24.459,
2010-05-10,25.82,25.82,25.82,25.82,
2010-05-11,26.068,26.068,26.068,26.068,
2010-05-12,26.259,26.259,26.259,26.259,
2010-05-13,25.805,25.805,25.805,25.805,
2010-05-14,25.754,25.754,25.754,25.754,
2010-05-17,26.039,26.039,26.039,26.039,
2010-05-18,25.41,25.41,25.41,25.41,
2010-05-19,25.154,25.154,25.154,25.154,
2010-05-20,24.064,24.064,24.064,24.064,
2010-05-21,24.159,24.159,24.159,24.159,
2010-05-24,24.305,24.305,24.305,24.305,
2010-05-25,24.861,24.861,24.861,24.861,
2010-05-26,24.905,24.905,24.905,24.905,
2010-05-27,25.278,25.278,25.278,25.278,
2010-05-28,24.773,24.773,24.773,24.773,
2010-06-01,24.711,24.711,24.711,24.711,
2010-06-02,24.955,24.955,24.955,24.955,
2010-06-03,24.63,24.63,24.63,24.63,
2010-06-04,23.687,23.687,23.687,23.687,
2010-06-07,23.245,23.245,23.245,23.245,
2010-06-08,23.437,23.437,23.437,23.437,
2010-06-09,23.4,23.4,23.4,23.4,
2010-06-10,24.107,24.107,24.107,24.107,
2010-06-11,23.739,23.739,23.739,23.739,
2010-06-14,23.621,23.621,23.621,23.621,
2010-06-15,23.768,23.768,23.768,23.768,
2010-06-16,23.68,23.68,23.68,23.68,
2010-06-17,23.51,23.51,23.51,23.51,
2010-06-18,23.533,23.533,23.533,23.533,
2010-06-21,23.157,23.157,23.157,23.157,
2010-06-22,22.553,22.553,22.553,22.553,
2010-06-23,22.472,22.472,22.472,22.472,
2010-06-24,21.86,21.86,21.86,21.86,
2010-06-25,22.251,22.251,22.251,22.251,
2010-06-28,21.801,21.801,21.801,21.801,
2010-06-29,21.094,21.094,21.094,21.094,
2010-06-30,20.681,20.681,20.681,20.681,
2010-07-01,20.571,20.571,20.571,20.571,
2010-07-02,20.453,20.453,20.453,20.453,
2010-07-06,20.143,20.143,20.143,20.143,
2010-07-07,20.637,20.637,20.637,20.637,
2010-07-08,20.74,20.74,20.74,20.74,
2010-07-09,20.821,20.821,20.821,20.821,
2010-07-12,20.858,20.858,20.858,20.858,
2010-07-13,21.101,21.101,21.101,21.101,
2010-07-14,20.836,20.836,20.836,20.836,
2010-07-15,20.88,20.88,20.88,20.88,
2010-07-16,19.974,19.974,19.974,19.974,
2010-07-19,19.944,19.944,19.944,19.944,
2010-07-20,20.578,20.578,20.578,20.578,
2010-07-21,20.239,20.239,20.239,20.239,
2010-07-22,20.792,20.792,20.792,20.792,
2010-07-23,20.814,20.814,20.814,20.814,
2010-07-26,21.359,21.359,21.359,21.359,
2010-07-27,21.057,21.057,21.057,21.057,
2010-07-28,20.689,20.689,20.689,20.689,
2010-07-29,20.667,20.667,20.667,20.667,
2010-07-30,21.005,21.005,21.005,21.005,
2010-08-02,21.455,21.455,21.455,21.455,
2010-08-03,20.961,20.961,20.961,20.961,
2010-08-04,21.16,21.16,21.16,21.16,
2010-08-05,21.153,21.153,21.153,21.153,
2010-08-06,21.131,21.131,21.131,21.131,
2010-08-09,21.145,21.145,21.145,21.145,
2010-08-10,20.806,20.806,20.806,20.806,
2010-08-11,20.416,20.416,20.416,20.416,
2010-08-12,20.342,20.342,20.342,20.342,
2010-08-13,20.121,20.121,20.121,20.121,
2010-08-16,20.173,20.173,20.173,20.173,
2010-08-17,20.858,20.858,20.858,20.858,
2010-08-18,21.263,21.263,21.263,21.263,
2010-08-19,20.792,20.792,20.792,20.792,
2010-08-20,20.755,20.755,20.755,20.755,
2010-08-23,20.504,20.504,20.504,20.504,
2010-08-24,20.468,20.468,20.468,20.468,
2010-08-25,20.873,20.873,20.873,20.873,
2010-08-26,20.91,20.91,20.91,20.91,
2010-08-27,21.175,21.175,21.175,21.175,
2010-08-30,20.622,20.622,20.622,20.622,
2010-08-31,20.671,20.671,20.671,20.671,
2010-09-01,21.303,21.303,21.303,21.303,
2010-09-02,21.853,21.853,21.853,21.853,
2010-09-03,22.18,22.18,22.18,22.18,
2010-09-07,21.793,21.793,21.793,21.793,
2010-09-08,21.883,21.883,21.883,21.883,
2010-09-09,21.853,21.853,21.853,21.853,
2010-09-10,22.053,22.053,22.053,22.053,
2010-09-13,22.284,22.284,22.284,22.284,
2010-09-14,22.269,22.269,22.269,22.269,
2010-09-15,22.247,22.247,22.247,22.247,
2010-09-16,22.254,22.254,22.254,22.254,
2010-09-17,22.209,22.209,22.209,22.209,
2010-09-20,22.774,22.774,22.774,22.774,
2010-09-21,22.967,22.967,22.967,22.967,
2010-09-22,22.945,22.945,22.945,22.945,
2010-09-23,22.915,22.915,22.915,22.915,
2010-09-24,23.51,23.51,23.51,23.51,
2010-09-27,23.48,23.48,23.48,23.48,
2010-09-28,23.636,23.636,23.636,23.636,
2010-09-29,23.636,23.636,23.636,23.636,
2010-09-30,23.539,23.539,23.539,23.539,
2010-10-01,23.643,23.643,23.643,23.643,
2010-10-04,23.532,23.532,23.532,23.532,
2010-10-05,23.584,23.584,23.584,23.584,
2010-10-06,23.584,23.584,23.584,23.584,
2010-10-07,23.584,23.584,23.584,23.584,
2010-10-08,23.696,23.696,23.696,23.696,
2010-10-11,23.621,23.621,23.621,23.621,
2010-10-12,23.339,23.339,23.339,23.339,
2010-10-13,23.034,23.034,23.034,23.034,
2010-10-14,22.893,22.893,22.893,22.893,
2010-10-15,22.811,22.811,22.811,22.811,
2010-10-18,22.685,22.685,22.685,22.685,
2010-10-19,22.596,22.596,22.596,22.596,
2010-10-20,22.834,22.834,22.834,22.834,
2010-10-21,23.636,23.636,23.636,23.636,
2010-10-22,23.391,23.391,23.391,23.391,
2010-10-25,23.331,23.331,23.331,23.331,
2010-10-26,23.25,23.25,23.25,23.25,
2010-10-27,22.96,22.96,22.96,22.96,
2010-10-28,23.175,23.175,23.175,23.175,
2010-10-29,22.96,22.96,22.96,22.96,
2010-11-01,22.819,22.819,22.819,22.819,
2010-11-02,23.413,23.413,23.413,23.413,
2010-11-03,23.376,23.376,23.376,23.376,
2010-11-04,23.733,23.733,23.733,23.733,
2010-11-05,23.718,23.718,23.718,23.718,
2010-11-08,23.398,23.398,23.398,23.398,
2010-11-09,23.383,23.383,23.383,23.383,
2010-11-10,23.539,23.539,23.539,23.539,
2010-11-11,23.554,23.554,23.554,23.554,
2010-11-12,23.361,23.361,23.361,23.361,
2010-11-15,23.324,23.324,23.324,23.324,
2010-11-16,23.562,23.562,23.562,23.562,
2010-11-17,22.908,22.908,22.908,22.908,
2010-11-18,22.938,22.938,22.938,22.938,
2010-11-19,23.198,23.198,23.198,23.198,
2010-11-22,23.101,23.101,23.101,23.101,
2010-11-23,22.967,22.967,22.967,22.967,
2010-11-24,23.153,23.153,23.153,23.153,
2010-11-26,23.034,23.034,23.034,23.034,
2010-11-29,22.804,22.804,22.804,22.804,
2010-11-30,22.621,22.621,22.621,22.621,
2010-12-01,23.669,23.669,23.669,23.669,
2010-12-02,24.98,24.98,24.98,24.98,
2010-12-03,25.07,25.07,25.07,25.07,
2010-12-06,24.965,24.965,24.965,24.965,
2010-12-07,25.122,25.122,25.122,25.122,
2010-12-08,25.482,25.482,25.482,25.482,
2010-12-09,25.699,25.699,25.699,25.699,
2010-12-10,25.759,25.759,25.759,25.759,
2010-12-13,25.878,25.878,25.878,25.878,
2010-12-14,25.998,25.998,25.998,25.998,
2010-12-15,26.051,26.051,26.051,26.051,
2010-12-16,26.298,26.298,26.298,26.298,
2010-12-17,26.283,26.283,26.283,26.283,
2010-12-20,26.358,26.358,26.358,26.358,
2010-12-21,26.268,26.268,26.268,26.268,
2010-12-22,26.343,26.343,26.343,26.343,
2010-12-23,26.275,26.275,26.275,26.275,
2010-12-27,26.388,26.388,26.388,26.388,
2010-12-28,26.275,26.275,26.275,26.275,
2010-12-29,26.126,26.126,26.126,26.126,
2010-12-30,26.103,26.103,26.103,26.103,
2010-12-31,26.253,26.253,26.253,26.253,
2011-01-03,26.44,26.44,26.44,26.44,
2011-01-04,25.961,25.961,25.961,25.961,
2011-01-05,25.878,25.878,25.878,25.878,
2011-01-06,25.774,25.774,25.774,25.774,
2011-01-07,25.744,25.744,25.744,25.744,
2011-01-10,25.751,25.751,25.751,25.751,
2011-01-11,26.103,26.103,26.103,26.103,
2011-01-12,26.081,26.081,26.081,26.081,
2011-01-13,26.41,26.41,26.41,26.41,
2011-01-14,26.874,26.874,26.874,26.874,
2011-01-18,26.972,26.972,26.972,26.972,
2011-01-19,26.68,26.68,26.68,26.68,
2011-01-20,27.324,27.324,27.324,27.324,
2011-01-21,27.339,27.339,27.339,27.339,
2011-01-24,27.443,27.443,27.443,27.443,
2011-01-25,27.825,27.825,27.825,27.825,
2011-01-26,28.02,28.02,28.02,28.02,
2011-01-27,28.439,28.439,28.439,28.439,
2011-01-28,27.481,27.481,27.481,27.481,
2011-01-31,27.533,27.533,27.533,27.533,
2011-02-01,27.698,27.698,27.698,27.698,
2011-02-02,27.376,27.376,27.376,27.376,
2011-02-03,27.481,27.481,27.481,27.481,
2011-02-04,27.556,27.556,27.556,27.556,
2011-02-07,27.406,27.406,27.406,27.406,
2011-02-08,27.825,27.825,27.825,27.825,
2011-02-09,27.833,27.833,27.833,27.833,
2011-02-10,27.938,27.938,27.938,27.938,
2011-02-11,28.065,28.065,28.065,28.065,
2011-02-14,28.14,28.14,28.14,28.14,
2011-02-15,28.222,28.222,28.222,28.222,
2011-02-16,28.349,28.349,28.349,28.349,
2011-02-17,28.589,28.589,28.589,28.589,
2011-02-18,28.814,28.814,28.814,28.814,
2011-02-22,28.522,28.522,28.522,28.522,
2011-02-23,27.93,27.93,27.93,27.93,
2011-02-24,27.81,27.81,27.81,27.81,
2011-02-25,27.765,27.765,27.765,27.765,
2011-02-28,28.057,28.057,28.057,28.057,
2011-03-01,27.526,27.526,27.526,27.526,
2011-03-02,27.451,27.451,27.451,27.451,
2011-03-03,28.117,28.117,28.117,28.117,
2011-03-04,27.87,27.87,27.87,27.87,
2011-03-07,27.608,27.608,27.608,27.608,
2011-03-08,27.925,27.925,27.925,27.925,
2011-03-09,28.4,28.4,28.4,28.4,
2011-03-10,27.947,27.947,27.947,27.947,
2011-03-11,28.0,28.0,28.0,28.0,
2011-03-14,27.653,27.653,27.653,27.653,
2011-03-15,27.359,27.359,27.359,27.359,
2011-03-16,26.899,26.899,26.899,26.899,
2011-03-17,26.96,26.96,26.96,26.96,
2011-03-18,27.141,27.141,27.141,27.141,
2011-03-21,27.465,27.465,27.465,27.465,
2011-03-22,27.359,27.359,27.359,27.359,
2011-03-23,27.608,27.608,27.608,27.608,
2011-03-24,28.166,28.166,28.166,28.166,
2011-03-25,28.211,28.211,28.211,28.211,
2011-03-28,27.631,27.631,27.631,27.631,
2011-03-29,28.422,28.422,28.422,28.422,
2011-03-30,28.324,28.324,28.324,28.324,
2011-03-31,27.94,27.94,27.94,27.94,
2011-04-01,28.317,28.317,28.317,28.317,
2011-04-04,28.249,28.249,28.249,28.249,
2011-04-05,28.347,28.347,28.347,28.347,
2011-04-06,28.272,28.272,28.272,28.272,
2011-04-07,28.52,28.52,28.52,28.52,
2011-04-08,28.241,28.241,28.241,28.241,
2011-04-11,28.347,28.347,28.347,28.347,
2011-04-12,28.468,28.468,28.468,28.468,
2011-04-13,28.4,28.4,28.4,28.4,
2011-04-14,28.528,28.528,28.528,28.528,
2011-04-15,28.777,28.777,28.777,28.777,
2011-04-18,28.468,28.468,28.468,28.468,
2011-04-19,28.475,28.475,28.475,28.475,
2011-04-20,28.603,28.603,28.603,28.603,
2011-04-21,28.498,28.498,28.498,28.498,
2011-04-25,28.317,28.317,28.317,28.317,
2011-04-26,28.053,28.053,28.053,28.053,
2011-04-27,28.136,28.136,28.136,28.136,
2011-04-28,28.249,28.249,28.249,28.249,
2011-04-29,28.008,28.008,28.008,28.008,
2011-05-02,28.158,28.158,28.158,28.158,
2011-05-03,28.158,28.158,28.158,28.158,
2011-05-04,28.038,28.038,28.038,28.038,
2011-05-05,27.902,27.902,27.902,27.902,
2011-05-06,27.887,27.887,27.887,27.887,
2011-05-09,27.864,27.864,27.864,27.864,
2011-05-10,28.098,28.098,28.098,28.098,
2011-05-11,28.068,28.068,28.068,28.068,
2011-05-12,28.113,28.113,28.113,28.113,
2011-05-13,27.902,27.902,27.902,27.902,
2011-05-16,27.88,27.88,27.88,27.88,
2011-05-17,28.196,28.196,28.196,28.196,
2011-05-18,28.241,28.241,28.241,28.241,
2011-05-19,28.189,28.189,28.189,28.189,
2011-05-20,27.932,27.932,27.932,27.932,
2011-05-23,27.759,27.759,27.759,27.759,
2011-05-24,27.555,27.555,27.555,27.555,
2011-05-25,27.616,27.616,27.616,27.616,
2011-05-26,27.284,27.284,27.284,27.284,
2011-05-27,27.141,27.141,27.141,27.141,
2011-05-31,27.352,27.352,27.352,27.352,
2011-06-01,26.688,26.688,26.688,26.688,
2011-06-02,26.455,26.455,26.455,26.455,
2011-06-03,26.108,26.108,26.108,26.108,
2011-06-06,25.852,25.852,25.852,25.852,
2011-06-07,25.882,25.882,25.882,25.882,
2011-06-08,25.708,25.708,25.708,25.708,
2011-06-09,25.882,25.882,25.882,25.882,
2011-06-10,25.233,25.233,25.233,25.233,
2011-06-13,25.263,25.263,25.263,25.263,
2011-06-14,26.395,26.395,26.395,26.395,
2011-06-15,25.734,25.734,25.734,25.734,
2011-06-16,26.205,26.205,26.205,26.205,
2011-06-17,26.228,26.228,26.228,26.228,
2011-06-20,26.41,26.41,26.41,26.41,
2011-06-21,26.912,26.912,26.912,26.912,
2011-06-22,26.532,26.532,26.532,26.532,
2011-06-23,27.079,27.079,27.079,27.079,
2011-06-24,26.646,26.646,26.646,26.646,
2011-06-27,26.737,26.737,26.737,26.737,
2011-06-28,27.39,27.39,27.39,27.39,
2011-06-29,27.33,27.33,27.33,27.33,
2011-06-30,27.512,27.512,27.512,27.512,
2011-07-01,27.899,27.899,27.899,27.899,
2011-07-05,27.793,27.793,27.793,27.793,
2011-07-06,27.778,27.778,27.778,27.778,
2011-07-07,28.142,28.142,28.142,28.142,
2011-07-08,27.816,27.816,27.816,27.816,
2011-07-11,27.618,27.618,27.618,27.618,
2011-07-12,27.428,27.428,27.428,27.428,
2011-07-13,27.443,27.443,27.443,27.443,
2011-07-14,27.314,27.314,27.314,27.314,
2011-07-15,27.276,27.276,27.276,27.276,
2011-07-18,27.109,27.109,27.109,27.109,
2011-07-19,27.428,27.428,27.428,27.428,
2011-07-20,27.656,27.656,27.656,27.656,
2011-07-21,27.892,27.892,27.892,27.892,
2011-07-22,27.74,27.74,27.74,27.74,
2011-07-25,27.838,27.838,27.838,27.838,
2011-07-26,27.641,27.641,27.641,27.641,
2011-07-27,27.064,27.064,27.064,27.064,
2011-07-28,26.699,26.699,26.699,26.699,
2011-07-29,26.532,26.532,26.532,26.532,
2011-08-01,26.015,26.015,26.015,26.015,
2011-08-02,24.929,24.929,24.929,24.929,
2011-08-03,25.028,25.028,25.028,25.028,
2011-08-04,24.079,24.079,24.079,24.079,
2011-08-05,23.349,23.349,23.349,23.349,
2011-08-08,21.975,21.975,21.975,21.975,
2011-08-09,22.901,22.901,22.901,22.901,
2011-08-10,21.656,21.656,21.656,21.656,
2011-08-11,22.825,22.825,22.825,22.825,
2011-08-12,23.228,23.228,23.228,23.228,
2011-08-15,23.896,23.896,23.896,23.896,
2011-08-16,25.157,25.157,25.157,25.157,
2011-08-17,25.377,25.377,25.377,25.377,
2011-08-18,24.428,24.428,24.428,24.428,
2011-08-19,24.215,24.215,24.215,24.215,
2011-08-22,24.519,24.519,24.519,24.519,
2011-08-23,25.15,25.15,25.15,25.15,
2011-08-24,26.107,26.107,26.107,26.107,
2011-08-25,25.704,25.704,25.704,25.704,
2011-08-26,25.826,25.826,25.826,25.826,
2011-08-29,25.818,25.818,25.818,25.818,
2011-08-30,25.688,25.688,25.688,25.688,
2011-08-31,25.543,25.543,25.543,25.543,
2011-09-01,25.198,25.198,25.198,25.198,
2011-09-02,24.624,24.624,24.624,24.624,
2011-09-06,24.525,24.525,24.525,24.525,
2011-09-07,25.152,25.152,25.152,25.152,
2011-09-08,24.839,24.839,24.839,24.839,
2011-09-09,24.387,24.387,24.387,24.387,
2011-09-12,24.754,24.754,24.754,24.754,
2011-09-13,24.992,24.992,24.992,24.992,
2011-09-14,25.665,25.665,25.665,25.665,
2011-09-15,26.231,26.231,26.231,26.231,
2011-09-16,26.484,26.484,26.484,26.484,
2011-09-19,26.285,26.285,26.285,26.285,
2011-09-20,26.637,26.637,26.637,26.637,
2011-09-21,25.894,25.894,25.894,25.894,
2011-09-22,25.29,25.29,25.29,25.29,
2011-09-23,25.803,25.803,25.803,25.803,
2011-09-26,26.017,26.017,26.017,26.017,
2011-09-27,25.925,25.925,25.925,25.925,
2011-09-28,25.711,25.711,25.711,25.711,
2011-09-29,25.856,25.856,25.856,25.856,
2011-09-30,25.152,25.152,25.152,25.152,
2011-10-03,24.173,24.173,24.173,24.173,
2011-10-04,24.846,24.846,24.846,24.846,
2011-10-05,25.122,25.122,25.122,25.122,
2011-10-06,25.543,25.543,25.543,25.543,
2011-10-07,25.956,25.956,25.956,25.956,
2011-10-10,26.522,26.522,26.522,26.522,
2011-10-11,26.56,26.56,26.56,26.56,
2011-10-12,26.568,26.568,26.568,26.568,
2011-10-13,26.331,26.331,26.331,26.331,
2011-10-14,26.82,26.82,26.82,26.82,
2011-10-17,26.514,26.514,26.514,26.514,
2011-10-18,27.509,27.509,27.509,27.509,
2011-10-19,27.088,27.088,27.088,27.088,
2011-10-20,27.341,27.341,27.341,27.341,
2011-10-21,28.205,28.205,28.205,28.205,
2011-10-24,28.083,28.083,28.083,28.083,
2011-10-25,27.578,27.578,27.578,27.578,
2011-10-26,27.968,27.968,27.968,27.968,
2011-10-27,28.481,28.481,28.481,28.481,
2011-10-28,27.639,27.639,27.639,27.639,
2011-10-31,27.394,27.394,27.394,27.394,
2011-11-01,27.195,27.195,27.195,27.195,
2011-11-02,27.54,27.54,27.54,27.54,
2011-11-03,27.892,27.892,27.892,27.892,
2011-11-04,27.846,27.846,27.846,27.846,
2011-11-07,28.573,28.573,28.573,28.573,
2011-11-08,29.032,29.032,29.032,29.032,
2011-11-09,28.435,28.435,28.435,28.435,
2011-11-10,28.466,28.466,28.466,28.466,
2011-11-11,29.124,29.124,29.124,29.124,
2011-11-14,29.269,29.269,29.269,29.269,
2011-11-15,29.131,29.131,29.131,29.131,
2011-11-16,28.955,28.955,28.955,28.955,
2011-11-17,28.787,28.787,28.787,28.787,
2011-11-18,28.986,28.986,28.986,28.986,
2011-11-21,28.358,28.358,28.358,28.358,
2011-11-22,28.389,28.389,28.389,28.389,
2011-11-23,27.945,27.945,27.945,27.945,
2011-11-25,27.907,27.907,27.907,27.907,
2011-11-28,28.542,28.542,28.542,28.542,
2011-11-29,30.046,30.046,30.046,30.046,
2011-11-30,30.246,30.246,30.246,30.246,
2011-12-01,30.339,30.339,30.339,30.339,
2011-12-02,30.802,30.802,30.802,30.802,
2011-12-05,31.025,31.025,31.025,31.025,
2011-12-06,31.095,31.095,31.095,31.095,
2011-12-07,31.411,31.411,31.411,31.411,
2011-12-08,30.779,30.779,30.779,30.779,
2011-12-09,31.025,31.025,31.025,31.025,
2011-12-12,30.887,30.887,30.887,30.887,
2011-12-13,30.47,30.47,30.47,30.47,
2011-12-14,30.185,30.185,30.185,30.185,
2011-12-15,30.401,30.401,30.401,30.401,
2011-12-16,31.172,31.172,31.172,31.172,
2011-12-19,31.002,31.002,31.002,31.002,
2011-12-20,32.352,32.352,32.352,32.352,
2011-12-21,32.39,32.39,32.39,32.39,
2011-12-22,32.329,32.329,32.329,32.329,
2011-12-23,32.46,32.46,32.46,32.46,
2011-12-27,32.56,32.56,32.56,32.56,
2011-12-28,32.028,32.028,32.028,32.028,
2011-12-29,32.398,32.398,32.398,32.398,
2011-12-30,32.421,32.421,32.421,32.421,
2012-01-03,32.498,32.498,32.498,32.498,
2012-01-04,32.961,32.961,32.961,32.961,
2012-01-05,33.231,33.231,33.231,33.231,
2012-01-06,33.316,33.316,33.316,33.316,
2012-01-09,33.339,33.339,33.339,33.339,
2012-01-10,33.57,33.57,33.57,33.57,
2012-01-11,33.516,33.516,33.516,33.516,
2012-01-12,33.462,33.462,33.462,33.462,
2012-01-13,33.555,33.555,33.555,33.555,
2012-01-17,33.732,33.732,33.732,33.732,
2012-01-18,34.611,34.611,34.611,34.611,
2012-01-19,35.02,35.02,35.02,35.02,
2012-01-20,34.326,34.326,34.326,34.326,
2012-01-23,34.611,34.611,34.611,34.611,
2012-01-24,34.673,34.673,34.673,34.673,
2012-01-25,34.905,34.905,34.905,34.905,
2012-01-26,34.665,34.665,34.665,34.665,
2012-01-27,34.604,34.604,34.604,34.604,
2012-01-30,34.527,34.527,34.527,34.527,
2012-01-31,34.234,34.234,34.234,34.234,
2012-02-01,34.295,34.295,34.295,34.295,
2012-02-02,34.288,34.288,34.288,34.288,
2012-02-03,34.835,34.835,34.835,34.835,
2012-02-06,34.858,34.858,34.858,34.858,
2012-02-07,35.059,35.059,35.059,35.059,
2012-02-08,34.835,34.835,34.835,34.835,
2012-02-09,34.912,34.912,34.912,34.912,
2012-02-10,34.958,34.958,34.958,34.958,
2012-02-13,35.421,35.421,35.421,35.421,
2012-02-14,35.521,35.521,35.521,35.521,
2012-02-15,35.252,35.252,35.252,35.252,
2012-02-16,35.421,35.421,35.421,35.421,
2012-02-17,36.023,36.023,36.023,36.023,
2012-02-21,36.185,36.185,36.185,36.185,
2012-02-22,35.915,35.915,35.915,35.915,
2012-02-23,36.208,36.208,36.208,36.208,
2012-02-24,36.231,36.231,36.231,36.231,
2012-02-27,36.192,36.192,36.192,36.192,
2012-02-28,36.424,36.424,36.424,36.424,
2012-02-29,36.686,36.686,36.686,36.686,
2012-03-01,36.601,36.601,36.601,36.601,
2012-03-02,36.563,36.563,36.563,36.563,
2012-03-05,36.547,36.547,36.547,36.547,
2012-03-06,35.996,35.996,35.996,35.996,
2012-03-07,36.772,36.772,36.772,36.772,
2012-03-08,37.106,37.106,37.106,37.106,
2012-03-09,37.323,37.323,37.323,37.323,
2012-03-12,37.703,37.703,37.703,37.703,
2012-03-13,38.13,38.13,38.13,38.13,
2012-03-14,38.386,38.386,38.386,38.386,
2012-03-15,38.177,38.177,38.177,38.177,
2012-03-16,38.06,38.06,38.06,38.06,
2012-03-19,37.89,37.89,37.89,37.89,
2012-03-20,38.316,38.316,38.316,38.316,
2012-03-21,38.634,38.634,38.634,38.634,
2012-03-22,38.549,38.549,38.549,38.549,
2012-03-23,38.44,38.44,38.44,38.44,
2012-03-26,38.898,38.898,38.898,38.898,
2012-03-27,38.828,38.828,38.828,38.828,
2012-03-28,38.728,38.728,38.728,38.728,
2012-03-29,38.728,38.728,38.728,38.728,
2012-03-30,39.038,39.038,39.038,39.038,
2012-04-02,38.79,38.79,38.79,38.79,
2012-04-03,38.797,38.797,38.797,38.797,
2012-04-04,38.681,38.681,38.681,38.681,
2012-04-05,39.278,39.278,39.278,39.278,
2012-04-09,39.247,39.247,39.247,39.247,
2012-04-10,38.301,38.301,38.301,38.301,
2012-04-11,38.603,38.603,38.603,38.603,
2012-04-12,39.286,39.286,39.286,39.286,
2012-04-13,39.542,39.542,39.542,39.542,
2012-04-16,40.109,40.109,40.109,40.109,
2012-04-17,40.373,40.373,40.373,40.373,
2012-04-18,40.202,40.202,40.202,40.202,
2012-04-19,40.008,40.008,40.008,40.008,
2012-04-20,39.93,39.93,39.93,39.93,
2012-04-23,39.651,39.651,39.651,39.651,
2012-04-24,39.752,39.752,39.752,39.752,
2012-04-25,40.279,40.279,40.279,40.279,
2012-04-26,40.248,40.248,40.248,40.248,
2012-04-27,40.311,40.311,40.311,40.311,
2012-04-30,40.186,40.186,40.186,40.186,
2012-05-01,40.598,40.598,40.598,40.598,
2012-05-02,40.9,40.9,40.9,40.9,
2012-05-03,40.714,40.714,40.714,40.714,
2012-05-04,40.318,40.318,40.318,40.318,
2012-05-07,39.876,39.876,39.876,39.876,
2012-05-08,39.278,39.278,39.278,39.278,
2012-05-09,38.883,38.883,38.883,38.883,
2012-05-10,39.278,39.278,39.278,39.278,
2012-05-11,39.061,39.061,39.061,39.061,
2012-05-14,38.704,38.704,38.704,38.704,
2012-05-15,37.765,37.765,37.765,37.765,
2012-05-16,37.843,37.843,37.843,37.843,
2012-05-17,36.485,36.485,36.485,36.485,
2012-05-18,36.508,36.508,36.508,36.508,
2012-05-21,36.943,36.943,36.943,36.943,
2012-05-22,37.447,37.447,37.447,37.447,
2012-05-23,37.82,37.82,37.82,37.82,
2012-05-24,38.572,38.572,38.572,38.572,
2012-05-25,38.363,38.363,38.363,38.363,
2012-05-29,38.855,38.855,38.855,38.855,
2012-05-30,38.8,38.8,38.8,38.8,
2012-05-31,38.511,38.511,38.511,38.511,
2012-06-01,37.434,37.434,37.434,37.434,
2012-06-04,38.058,38.058,38.058,38.058,
2012-06-05,38.183,38.183,38.183,38.183,
2012-06-06,39.495,39.495,39.495,39.495,
2012-06-07,39.994,39.994,39.994,39.994,
2012-06-08,40.861,40.861,40.861,40.861,
2012-06-11,40.08,40.08,40.08,40.08,
2012-06-12,40.775,40.775,40.775,40.775,
2012-06-13,39.783,39.783,39.783,39.783,
2012-06-14,40.712,40.712,40.712,40.712,
2012-06-15,40.486,40.486,40.486,40.486,
2012-06-18,40.837,40.837,40.837,40.837,
2012-06-19,41.344,41.344,41.344,41.344,
2012-06-20,41.235,41.235,41.235,41.235,
2012-06-21,40.01,40.01,40.01,40.01,
2012-06-22,40.603,40.603,40.603,40.603,
2012-06-25,40.213,40.213,40.213,40.213,
2012-06-26,40.494,40.494,40.494,40.494,
2012-06-27,40.236,40.236,40.236,40.236,
2012-06-28,40.345,40.345,40.345,40.345,
2012-06-29,41.36,41.36,41.36,41.36,
2012-07-02,41.376,41.376,41.376,41.376,
2012-07-03,40.314,40.314,40.314,40.314,
2012-07-05,40.673,40.673,40.673,40.673,
2012-07-06,40.704,40.704,40.704,40.704,
2012-07-09,40.681,40.681,40.681,40.681,
2012-07-10,40.759,40.759,40.759,40.759,
2012-07-11,40.33,40.33,40.33,40.33,
2012-07-12,40.236,40.236,40.236,40.236,
2012-07-13,40.658,40.658,40.658,40.658,
2012-07-16,40.158,40.158,40.158,40.158,
2012-07-17,39.588,39.588,39.588,39.588,
2012-07-18,39.737,39.737,39.737,39.737,
2012-07-19,39.776,39.776,39.776,39.776,
2012-07-20,39.573,39.573,39.573,39.573,
2012-07-23,39.776,39.776,39.776,39.776,
2012-07-24,39.94,39.94,39.94,39.94,
2012-07-25,39.861,39.861,39.861,39.861,
2012-07-26,41.298,41.298,41.298,41.298,
2012-07-27,41.922,41.922,41.922,41.922,
2012-07-30,41.563,41.563,41.563,41.563,
2012-07-31,40.728,40.728,40.728,40.728,
2012-08-01,40.338,40.338,40.338,40.338,
2012-08-02,40.111,40.111,40.111,40.111,
2012-08-03,40.814,40.814,40.814,40.814,
2012-08-06,40.587,40.587,40.587,40.587,
2012-08-07,40.9,40.9,40.9,40.9,
2012-08-08,41.204,41.204,41.204,41.204,
2012-08-09,41.485,41.485,41.485,41.485,
2012-08-10,41.415,41.415,41.415,41.415,
2012-08-13,41.227,41.227,41.227,41.227,
2012-08-14,42.703,42.703,42.703,42.703,
2012-08-15,42.929,42.929,42.929,42.929,
2012-08-16,43.951,43.951,43.951,43.951,
2012-08-17,44.279,44.279,44.279,44.279,
2012-08-20,44.154,44.154,44.154,44.154,
2012-08-21,43.959,43.959,43.959,43.959,
2012-08-22,44.209,44.209,44.209,44.209,
2012-08-23,44.139,44.139,44.139,44.139,
2012-08-24,44.459,44.459,44.459,44.459,
2012-08-27,44.232,44.232,44.232,44.232,
2012-08-28,44.35,44.35,44.35,44.35,
2012-08-29,44.593,44.593,44.593,44.593,
2012-08-30,44.421,44.421,44.421,44.421,
2012-08-31,44.523,44.523,44.523,44.523,
2012-09-04,44.554,44.554,44.554,44.554,
2012-09-05,44.358,44.358,44.358,44.358,
2012-09-06,45.229,45.229,45.229,45.229,
2012-09-07,44.923,44.923,44.923,44.923,
2012-09-10,44.954,44.954,44.954,44.954,
2012-09-11,44.499,44.499,44.499,44.499,
2012-09-12,44.758,44.758,44.758,44.758,
2012-09-13,45.739,45.739,45.739,45.739,
2012-09-14,46.649,46.649,46.649,46.649,
2012-09-17,46.217,46.217,46.217,46.217,
2012-09-18,46.178,46.178,46.178,46.178,
2012-09-19,46.657,46.657,46.657,46.657,
2012-09-20,46.508,46.508,46.508,46.508,
2012-09-21,46.617,46.617,46.617,46.617,
2012-09-24,46.594,46.594,46.594,46.594,
2012-09-25,46.853,46.853,46.853,46.853,
2012-09-26,46.421,46.421,46.421,46.421,
2012-09-27,46.978,46.978,46.978,46.978,
2012-09-28,47.363,47.363,47.363,47.363,
2012-10-01,47.52,47.52,47.52,47.52,
2012-10-02,47.331,47.331,47.331,47.331,
2012-10-03,48.461,48.461,48.461,48.461,
2012-10-04,48.438,48.438,48.438,48.438,
2012-10-05,49.583,49.583,49.583,49.583,
2012-10-08,48.547,48.547,48.547,48.547,
2012-10-09,47.818,47.818,47.818,47.818,
2012-10-10,46.868,46.868,46.868,46.868,
2012-10-11,46.296,46.296,46.296,46.296,
2012-10-12,46.727,46.727,46.727,46.727,
2012-10-15,47.582,47.582,47.582,47.582,
2012-10-16,47.747,47.747,47.747,47.747,
2012-10-17,48.163,48.163,48.163,48.163,
2012-10-18,48.485,48.485,48.485,48.485,
2012-10-19,48.555,48.555,48.555,48.555,
2012-10-22,48.673,48.673,48.673,48.673,
2012-10-23,48.445,48.445,48.445,48.445,
2012-10-24,48.077,48.077,48.077,48.077,
2012-10-25,47.449,47.449,47.449,47.449,
2012-10-26,47.104,47.104,47.104,47.104,
2012-10-31,48.155,48.155,48.155,48.155,
2012-11-01,48.846,48.846,48.846,48.846,
2012-11-02,48.657,48.657,48.657,48.657,
2012-11-05,48.94,48.94,48.94,48.94,
2012-11-06,49.128,49.128,49.128,49.128,
2012-11-07,48.634,48.634,48.634,48.634,
2012-11-08,47.747,47.747,47.747,47.747,
2012-11-09,47.826,47.826,47.826,47.826,
2012-11-12,47.983,47.983,47.983,47.983,
2012-11-13,49.724,49.724,49.724,49.724,
2012-11-14,48.226,48.226,48.226,48.226,
2012-11-15,48.053,48.053,48.053,48.053,
2012-11-16,48.736,48.736,48.736,48.736,
2012-11-19,49.685,49.685,49.685,49.685,
2012-11-20,50.069,50.069,50.069,50.069,
2012-11-21,50.281,50.281,50.281,50.281,
2012-11-23,50.854,50.854,50.854,50.854,
2012-11-26,50.736,50.736,50.736,50.736,
2012-11-27,50.563,50.563,50.563,50.563,
2012-11-28,51.091,51.091,51.091,51.091,
2012-11-29,50.626,50.626,50.626,50.626,
2012-11-30,51.28,51.28,51.28,51.28,
2012-12-03,51.209,51.209,51.209,51.209,
2012-12-04,50.626,50.626,50.626,50.626,
2012-12-05,50.453,50.453,50.453,50.453,
2012-12-06,50.705,50.705,50.705,50.705,
2012-12-07,50.791,50.791,50.791,50.791,
2012-12-10,49.68,49.68,49.68,49.68,
2012-12-11,49.562,49.562,49.562,49.562,
2012-12-12,49.594,49.594,49.594,49.594,
2012-12-13,49.184,49.184,49.184,49.184,
2012-12-14,48.908,48.908,48.908,48.908,
2012-12-17,49.893,49.893,49.893,49.893,
2012-12-18,49.649,49.649,49.649,49.649,
2012-12-19,48.679,48.679,48.679,48.679,
2012-12-20,48.837,48.837,48.837,48.837,
2012-12-21,48.325,48.325,48.325,48.325,
2012-12-24,48.522,48.522,48.522,48.522,
2012-12-26,48.183,48.183,48.183,48.183,
2012-12-27,48.128,48.128,48.128,48.128,
2012-12-28,47.797,47.797,47.797,47.797,
2012-12-31,48.742,48.742,48.742,48.742,
2013-01-02,50.027,50.027,50.027,50.027,
2013-01-03,49.885,49.885,49.885,49.885,
2013-01-04,49.791,49.791,49.791,49.791,
2013-01-07,49.523,49.523,49.523,49.523,
2013-01-08,49.822,49.822,49.822,49.822,
2013-01-09,49.783,49.783,49.783,49.783,
2013-01-10,50.137,50.137,50.137,50.137,
2013-01-11,50.2,50.2,50.2,50.2,
2013-01-14,50.027,50.027,50.027,50.027,
2013-01-15,50.397,50.397,50.397,50.397,
2013-01-16,50.326,50.326,50.326,50.326,
2013-01-17,51.264,51.264,51.264,51.264,
2013-01-18,51.595,51.595,51.595,51.595,
2013-01-22,51.816,51.816,51.816,51.816,
2013-01-23,52.375,52.375,52.375,52.375,
2013-01-24,53.077,53.077,53.077,53.077,
2013-01-25,53.447,53.447,53.447,53.447,
2013-01-28,53.258,53.258,53.258,53.258,
2013-01-29,52.959,52.959,52.959,52.959,
2013-01-30,52.99,52.99,52.99,52.99,
2013-01-31,52.738,52.738,52.738,52.738,
2013-02-01,53.037,53.037,53.037,53.037,
2013-02-04,52.297,52.297,52.297,52.297,
2013-02-05,52.32,52.32,52.32,52.32,
2013-02-06,52.541,52.541,52.541,52.541,
2013-02-07,52.257,52.257,52.257,52.257,
2013-02-08,52.809,52.809,52.809,52.809,
2013-02-11,52.312,52.312,52.312,52.312,
2013-02-12,53.053,53.053,53.053,53.053,
2013-02-13,53.156,53.156,53.156,53.156,
2013-02-14,53.069,53.069,53.069,53.069,
2013-02-15,53.211,53.211,53.211,53.211,
2013-02-19,53.234,53.234,53.234,53.234,
2013-02-20,52.36,52.36,52.36,52.36,
2013-02-21,50.736,50.736,50.736,50.736,
2013-02-22,51.682,51.682,51.682,51.682,
2013-02-25,50.374,50.374,50.374,50.374,
2013-02-26,53.242,53.242,53.242,53.242,
2013-02-27,53.636,53.636,53.636,53.636,
2013-02-28,53.983,53.983,53.983,53.983,
2013-03-01,54.401,54.401,54.401,54.401,
2013-03-04,55.394,55.394,55.394,55.394,
2013-03-05,55.536,55.536,55.536,55.536,
2013-03-06,55.544,55.544,55.544,55.544,
2013-03-07,55.362,55.362,55.362,55.362,
2013-03-08,56.245,56.245,56.245,56.245,
2013-03-11,56.206,56.206,56.206,56.206,
2013-03-12,56.063,56.063,56.063,56.063,
2013-03-13,56.071,56.071,56.071,56.071,
2013-03-14,55.659,55.659,55.659,55.659,
2013-03-15,54.716,54.716,54.716,54.716,
2013-03-18,54.954,54.954,54.954,54.954,
2013-03-19,54.51,54.51,54.51,54.51,
2013-03-20,54.581,54.581,54.581,54.581,
2013-03-21,54.637,54.637,54.637,54.637,
2013-03-22,55.12,55.12,55.12,55.12,
2013-03-25,55.049,55.049,55.049,55.049,
2013-03-26,55.508,55.508,55.508,55.508,
2013-03-27,55.191,55.191,55.191,55.191,
2013-03-28,55.294,55.294,55.294,55.294,
2013-04-01,55.207,55.207,55.207,55.207,
2013-04-02,56.277,56.277,56.277,56.277,
2013-04-03,55.754,55.754,55.754,55.754,
2013-04-04,56.015,56.015,56.015,56.015,
2013-04-05,55.516,55.516,55.516,55.516,
2013-04-08,56.435,56.435,56.435,56.435,
2013-04-09,56.419,56.419,56.419,56.419,
2013-04-10,56.808,56.808,56.808,56.808,
2013-04-11,56.974,56.974,56.974,56.974,
2013-04-12,58.337,58.337,58.337,58.337,
2013-04-15,57.236,57.236,57.236,57.236,
2013-04-16,57.418,57.418,57.418,57.418,
2013-04-17,57.687,57.687,57.687,57.687,
2013-04-18,57.434,57.434,57.434,57.434,
2013-04-19,58.638,58.638,58.638,58.638,
2013-04-22,58.527,58.527,58.527,58.527,
2013-04-23,58.147,58.147,58.147,58.147,
2013-04-24,58.068,58.068,58.068,58.068,
2013-04-25,58.139,58.139,58.139,58.139,
2013-04-26,58.123,58.123,58.123,58.123,
2013-04-29,58.377,58.377,58.377,58.377,
2013-04-30,58.123,58.123,58.123,58.123,
2013-05-01,57.656,57.656,57.656,57.656,
2013-05-02,58.107,58.107,58.107,58.107,
2013-05-03,58.607,58.607,58.607,58.607,
2013-05-06,59.637,59.637,59.637,59.637,
2013-05-07,59.486,59.486,59.486,59.486,
2013-05-08,59.763,59.763,59.763,59.763,
2013-05-09,60.12,60.12,60.12,60.12,
2013-05-10,60.231,60.231,60.231,60.231,
2013-05-13,60.754,60.754,60.754,60.754,
2013-05-14,61.269,61.269,61.269,61.269,
2013-05-15,61.713,61.713,61.713,61.713,
2013-05-16,60.817,60.817,60.817,60.817,
2013-05-17,60.905,60.905,60.905,60.905,
2013-05-20,60.825,60.825,60.825,60.825,
2013-05-21,62.37,62.37,62.37,62.37,
2013-05-22,63.147,63.147,63.147,63.147,
2013-05-23,62.529,62.529,62.529,62.529,
2013-05-24,62.592,62.592,62.592,62.592,
2013-05-28,63.25,63.25,63.25,63.25,
2013-05-29,62.989,62.989,62.989,62.989,
2013-05-30,62.949,62.949,62.949,62.949,
2013-05-31,62.331,62.331,62.331,62.331,
2013-06-03,62.664,62.664,62.664,62.664,
2013-06-04,61.023,61.023,61.023,61.023,
2013-06-05,59.805,59.805,59.805,59.805,
2013-06-06,61.525,61.525,61.525,61.525,
2013-06-07,62.703,62.703,62.703,62.703,
2013-06-10,61.899,61.899,61.899,61.899,
2013-06-11,61.804,61.804,61.804,61.804,
2013-06-12,60.84,60.84,60.84,60.84,
2013-06-13,60.944,60.944,60.944,60.944,
2013-06-14,60.991,60.991,60.991,60.991,
2013-06-17,60.633,60.633,60.633,60.633,
2013-06-18,61.469,61.469,61.469,61.469,
2013-06-19,60.466,60.466,60.466,60.466,
2013-06-20,58.825,58.825,58.825,58.825,
2013-06-21,58.785,58.785,58.785,58.785,
2013-06-24,58.539,58.539,58.539,58.539,
2013-06-25,59.04,59.04,59.04,59.04,
2013-06-26,60.259,60.259,60.259,60.259,
2013-06-27,60.737,60.737,60.737,60.737,
2013-06-28,61.692,61.692,61.692,61.692,
2013-07-01,61.214,61.214,61.214,61.214,
2013-07-02,61.565,61.565,61.565,61.565,
2013-07-03,61.899,61.899,61.899,61.899,
2013-07-05,62.345,62.345,62.345,62.345,
2013-07-08,63.086,63.086,63.086,63.086,
2013-07-09,63.468,63.468,63.468,63.468,
2013-07-10,63.229,63.229,63.229,63.229,
2013-07-11,63.595,63.595,63.595,63.595,
2013-07-12,64.137,64.137,64.137,64.137,
2013-07-15,64.025,64.025,64.025,64.025,
2013-07-16,63.882,63.882,63.882,63.882,
2013-07-17,64.057,64.057,64.057,64.057,
2013-07-18,63.723,63.723,63.723,63.723,
2013-07-19,63.619,63.619,63.619,63.619,
2013-07-22,63.707,63.707,63.707,63.707,
2013-07-23,63.858,63.858,63.858,63.858,
2013-07-24,63.922,63.922,63.922,63.922,
2013-07-25,62.903,62.903,62.903,62.903,
2013-07-26,62.703,62.703,62.703,62.703,
2013-07-29,62.648,62.648,62.648,62.648,
2013-07-30,62.592,62.592,62.592,62.592,
2013-07-31,62.934,62.934,62.934,62.934,
2013-08-01,62.624,62.624,62.624,62.624,
2013-08-02,63.89,63.89,63.89,63.89,
2013-08-05,63.436,63.436,63.436,63.436,
2013-08-06,63.747,63.747,63.747,63.747,
2013-08-07,62.775,62.775,62.775,62.775,
2013-08-08,63.739,63.739,63.739,63.739,
2013-08-09,62.887,62.887,62.887,62.887,
2013-08-12,63.07,63.07,63.07,63.07,
2013-08-13,63.261,63.261,63.261,63.261,
2013-08-14,61.668,61.668,61.668,61.668,
2013-08-15,59.837,59.837,59.837,59.837,
2013-08-16,60.028,60.028,60.028,60.028,
2013-08-19,59.892,59.892,59.892,59.892,
2013-08-20,59.16,59.16,59.16,59.16,
2013-08-21,58.714,58.714,58.714,58.714,
2013-08-22,58.929,58.929,58.929,58.929,
2013-08-23,58.841,58.841,58.841,58.841,
2013-08-26,60.068,60.068,60.068,60.068,
2013-08-27,59.024,59.024,59.024,59.024,
2013-08-28,59.749,59.749,59.749,59.749,
2013-08-29,59.765,59.765,59.765,59.765,
2013-08-30,59.319,59.319,59.319,59.319,
2013-09-03,59.159,59.159,59.159,59.159,
2013-09-04,59.351,59.351,59.351,59.351,
2013-09-05,58.43,58.43,58.43,58.43,
2013-09-06,58.198,58.198,58.198,58.198,
2013-09-09,58.903,58.903,58.903,58.903,
2013-09-10,59.719,59.719,59.719,59.719,
2013-09-11,60.072,60.072,60.072,60.072,
2013-09-12,60.36,60.36,60.36,60.36,
2013-09-13,60.128,60.128,60.128,60.128,
2013-09-16,60.472,60.472,60.472,60.472,
2013-09-17,60.68,60.68,60.68,60.68,
2013-09-18,61.937,61.937,61.937,61.937,
2013-09-19,62.849,62.849,62.849,62.849,
2013-09-20,61.641,61.641,61.641,61.641,
2013-09-23,60.768,60.768,60.768,60.768,
2013-09-24,60.872,60.872,60.872,60.872,
2013-09-25,60.456,60.456,60.456,60.456,
2013-09-26,60.896,60.896,60.896,60.896,
2013-09-27,60.808,60.808,60.808,60.808,
2013-09-30,60.72,60.72,60.72,60.72,
2013-10-01,61.048,61.048,61.048,61.048,
2013-10-02,61.096,61.096,61.096,61.096,
2013-10-03,60.744,60.744,60.744,60.744,
2013-10-04,60.664,60.664,60.664,60.664,
2013-10-07,60.144,60.144,60.144,60.144,
2013-10-08,59.455,59.455,59.455,59.455,
2013-10-09,59.351,59.351,59.351,59.351,
2013-10-10,60.448,60.448,60.448,60.448,
2013-10-11,61.096,61.096,61.096,61.096,
2013-10-14,61.12,61.12,61.12,61.12,
2013-10-15,60.184,60.184,60.184,60.184,
2013-10-16,59.991,59.991,59.991,59.991,
2013-10-17,60.632,60.632,60.632,60.632,
2013-10-18,59.791,59.791,59.791,59.791,
2013-10-21,59.735,59.735,59.735,59.735,
2013-10-22,59.927,59.927,59.927,59.927,
2013-10-23,60.104,60.104,60.104,60.104,
2013-10-24,61.464,61.464,61.464,61.464,
2013-10-25,61.04,61.04,61.04,61.04,
2013-10-28,60.888,60.888,60.888,60.888,
2013-10-29,62.041,62.041,62.041,62.041,
2013-10-30,62.345,62.345,62.345,62.345,
2013-10-31,62.353,62.353,62.353,62.353,
2013-11-01,61.633,61.633,61.633,61.633,
2013-11-04,61.641,61.641,61.641,61.641,
2013-11-05,61.36,61.36,61.36,61.36,
2013-11-06,61.176,61.176,61.176,61.176,
2013-11-07,60.592,60.592,60.592,60.592,
2013-11-08,60.424,60.424,60.424,60.424,
2013-11-11,60.336,60.336,60.336,60.336,
2013-11-12,60.984,60.984,60.984,60.984,
2013-11-13,62.121,62.121,62.121,62.121,
2013-11-14,63.194,63.194,63.194,63.194,
2013-11-15,64.066,64.066,64.066,64.066,
2013-11-18,63.778,63.778,63.778,63.778,
2013-11-19,64.346,64.346,64.346,64.346,
2013-11-20,63.842,63.842,63.842,63.842,
2013-11-21,63.906,63.906,63.906,63.906,
2013-11-22,63.386,63.386,63.386,63.386,
2013-11-25,63.842,63.842,63.842,63.842,
2013-11-26,64.322,64.322,64.322,64.322,
2013-11-27,64.571,64.571,64.571,64.571,
2013-11-29,64.579,64.579,64.579,64.579,
2013-12-02,63.858,63.858,63.858,63.858,
2013-12-03,63.319,63.319,63.319,63.319,
2013-12-04,63.07,63.07,63.07,63.07,
2013-12-05,63.182,63.182,63.182,63.182,
2013-12-06,64.228,64.228,64.228,64.228,
2013-12-09,64.035,64.035,64.035,64.035,
2013-12-10,63.239,63.239,63.239,63.239,
2013-12-11,63.552,63.552,63.552,63.552,
2013-12-12,63.174,63.174,63.174,63.174,
2013-12-13,63.56,63.56,63.56,63.56,
2013-12-16,63.633,63.633,63.633,63.633,
2013-12-17,63.247,63.247,63.247,63.247,
2013-12-18,64.397,64.397,64.397,64.397,
2013-12-19,64.317,64.317,64.317,64.317,
2013-12-20,64.389,64.389,64.389,64.389,
2013-12-23,64.807,64.807,64.807,64.807,
2013-12-24,64.872,64.872,64.872,64.872,
2013-12-26,65.604,65.604,65.604,65.604,
2013-12-27,65.676,65.676,65.676,65.676,
2013-12-30,65.917,65.917,65.917,65.917,
2013-12-31,66.239,66.239,66.239,66.239,
2014-01-02,65.982,65.982,65.982,65.982,
2014-01-03,65.877,65.877,65.877,65.877,
2014-01-06,65.242,65.242,65.242,65.242,
2014-01-07,65.563,65.563,65.563,65.563,
2014-01-08,65.909,65.909,65.909,65.909,
2014-01-09,65.62,65.62,65.62,65.62,
2014-01-10,65.974,65.974,65.974,65.974,
2014-01-13,65.137,65.137,65.137,65.137,
2014-01-14,65.169,65.169,65.169,65.169,
2014-01-15,65.218,65.218,65.218,65.218,
2014-01-16,65.37,65.37,65.37,65.37,
2014-01-17,65.161,65.161,65.161,65.161,
2014-01-21,64.727,64.727,64.727,64.727,
2014-01-22,64.518,64.518,64.518,64.518,
2014-01-23,64.55,64.55,64.55,64.55,
2014-01-24,63.681,63.681,63.681,63.681,
2014-01-27,63.504,63.504,63.504,63.504,
2014-01-28,63.182,63.182,63.182,63.182,
2014-01-29,61.686,61.686,61.686,61.686,
2014-01-30,61.887,61.887,61.887,61.887,
2014-01-31,61.823,61.823,61.823,61.823,
2014-02-03,60.407,60.407,60.407,60.407,
2014-02-04,60.31,60.31,60.31,60.31,
2014-02-05,60.544,60.544,60.544,60.544,
2014-02-06,61.268,61.268,61.268,61.268,
2014-02-07,61.501,61.501,61.501,61.501,
2014-02-10,61.469,61.469,61.469,61.469,
2014-02-11,61.702,61.702,61.702,61.702,
2014-02-12,62.169,62.169,62.169,62.169,
2014-02-13,62.418,62.418,62.418,62.418,
2014-02-14,62.692,62.692,62.692,62.692,
2014-02-18,62.402,62.402,62.402,62.402,
2014-02-19,61.501,61.501,61.501,61.501,
2014-02-20,62.33,62.33,62.33,62.33,
2014-02-21,62.539,62.539,62.539,62.539,
2014-02-24,62.643,62.643,62.643,62.643,
2014-02-25,65.145,65.145,65.145,65.145,
2014-02-26,65.724,65.724,65.724,65.724,
2014-02-27,65.942,65.942,65.942,65.942,
2014-02-28,65.99,65.99,65.99,65.99,
2014-03-03,65.966,65.966,65.966,65.966,
2014-03-04,66.666,66.666,66.666,66.666,
2014-03-05,66.698,66.698,66.698,66.698,
2014-03-06,66.296,66.296,66.296,66.296,
2014-03-07,66.408,66.408,66.408,66.408,
2014-03-10,66.111,66.111,66.111,66.111,
2014-03-11,65.771,65.771,65.771,65.771,
2014-03-12,65.18,65.18,65.18,65.18,
2014-03-13,63.756,63.756,63.756,63.756,
2014-03-14,64.225,64.225,64.225,64.225,
2014-03-17,64.387,64.387,64.387,64.387,
2014-03-18,64.581,64.581,64.581,64.581,
2014-03-19,64.525,64.525,64.525,64.525,
2014-03-20,64.8,64.8,64.8,64.8,
2014-03-21,65.067,65.067,65.067,65.067,
2014-03-24,64.452,64.452,64.452,64.452,
2014-03-25,64.298,64.298,64.298,64.298,
2014-03-26,63.813,63.813,63.813,63.813,
2014-03-27,63.659,63.659,63.659,63.659,
2014-03-28,63.691,63.691,63.691,63.691,
2014-03-31,64.023,64.023,64.023,64.023,
2014-04-01,64.225,64.225,64.225,64.225,
2014-04-02,64.687,64.687,64.687,64.687,
2014-04-03,64.242,64.242,64.242,64.242,
2014-04-04,63.691,63.691,63.691,63.691,
2014-04-07,62.405,62.405,62.405,62.405,
2014-04-08,62.389,62.389,62.389,62.389,
2014-04-09,62.915,62.915,62.915,62.915,
2014-04-10,62.122,62.122,62.122,62.122,
2014-04-11,61.248,61.248,61.248,61.248,
2014-04-14,61.466,61.466,61.466,61.466,
2014-04-15,61.402,61.402,61.402,61.402,
2014-04-16,61.96,61.96,61.96,61.96,
2014-04-17,62.373,62.373,62.373,62.373,
2014-04-21,63.076,63.076,63.076,63.076,
2014-04-22,64.46,64.46,64.46,64.46,
2014-04-23,63.53,63.53,63.53,63.53,
2014-04-24,64.541,64.541,64.541,64.541,
2014-04-25,64.225,64.225,64.225,64.225,
2014-04-28,64.865,64.865,64.865,64.865,
2014-04-29,64.339,64.339,64.339,64.339,
2014-04-30,64.331,64.331,64.331,64.331,
2014-05-01,64.185,64.185,64.185,64.185,
2014-05-02,64.242,64.242,64.242,64.242,
2014-05-05,63.667,63.667,63.667,63.667,
2014-05-06,62.64,62.64,62.64,62.64,
2014-05-07,62.364,62.364,62.364,62.364,
2014-05-08,62.34,62.34,62.34,62.34,
2014-05-09,62.874,62.874,62.874,62.874,
2014-05-12,63.327,63.327,63.327,63.327,
2014-05-13,62.518,62.518,62.518,62.518,
2014-05-14,61.741,61.741,61.741,61.741,
2014-05-15,61.685,61.685,61.685,61.685,
2014-05-16,62.591,62.591,62.591,62.591,
2014-05-19,61.895,61.895,61.895,61.895,
2014-05-20,63.076,63.076,63.076,63.076,
2014-05-21,63.174,63.174,63.174,63.174,
2014-05-22,63.74,63.74,63.74,63.74,
2014-05-23,64.064,64.064,64.064,64.064,
2014-05-27,64.476,64.476,64.476,64.476,
2014-05-28,64.468,64.468,64.468,64.468,
2014-05-29,64.646,64.646,64.646,64.646,
2014-05-30,64.913,64.913,64.913,64.913,
2014-06-02,65.407,65.407,65.407,65.407,
2014-06-03,65.651,65.651,65.651,65.651,
2014-06-04,65.545,65.545,65.545,65.545,
2014-06-05,65.415,65.415,65.415,65.415,
2014-06-06,65.626,65.626,65.626,65.626,
2014-06-09,65.602,65.602,65.602,65.602,
2014-06-10,65.708,65.708,65.708,65.708,
2014-06-11,64.951,64.951,64.951,64.951,
2014-06-12,63.828,63.828,63.828,63.828,
2014-06-13,63.535,63.535,63.535,63.535,
2014-06-16,64.21,64.21,64.21,64.21,
2014-06-17,65.122,65.122,65.122,65.122,
2014-06-18,65.683,65.683,65.683,65.683,
2014-06-19,65.464,65.464,65.464,65.464,
2014-06-20,65.244,65.244,65.244,65.244,
2014-06-23,65.626,65.626,65.626,65.626,
2014-06-24,65.455,65.455,65.455,65.455,
2014-06-25,65.537,65.537,65.537,65.537,
2014-06-26,65.716,65.716,65.716,65.716,
2014-06-27,66.025,66.025,66.025,66.025,
2014-06-30,65.887,65.887,65.887,65.887,
2014-07-01,66.587,66.587,66.587,66.587,
2014-07-02,66.717,66.717,66.717,66.717,
2014-07-03,66.774,66.774,66.774,66.774,
2014-07-07,66.261,66.261,66.261,66.261,
2014-07-08,65.724,65.724,65.724,65.724,
2014-07-09,65.7,65.7,65.7,65.7,
2014-07-10,64.617,64.617,64.617,64.617,
2014-07-11,64.788,64.788,64.788,64.788,
2014-07-14,64.666,64.666,64.666,64.666,
2014-07-15,64.992,64.992,64.992,64.992,
2014-07-16,64.829,64.829,64.829,64.829,
2014-07-17,64.739,64.739,64.739,64.739,
2014-07-18,65.171,65.171,65.171,65.171,
2014-07-21,64.869,64.869,64.869,64.869,
2014-07-22,65.545,65.545,65.545,65.545,
2014-07-23,65.936,65.936,65.936,65.936,
2014-07-24,66.082,66.082,66.082,66.082,
2014-07-25,65.944,65.944,65.944,65.944,
2014-07-28,65.976,65.976,65.976,65.976,
2014-07-29,65.903,65.903,65.903,65.903,
2014-07-30,66.538,66.538,66.538,66.538,
2014-07-31,65.797,65.797,65.797,65.797,
2014-08-01,64.902,64.902,64.902,64.902,
2014-08-04,65.13,65.13,65.13,65.13,
2014-08-05,65.13,65.13,65.13,65.13,
2014-08-06,65.529,65.529,65.529,65.529,
2014-08-07,65.488,65.488,65.488,65.488,
2014-08-08,67.083,67.083,67.083,67.083,
2014-08-11,67.449,67.449,67.449,67.449,
2014-08-12,67.482,67.482,67.482,67.482,
2014-08-13,67.645,67.645,67.645,67.645,
2014-08-14,68.247,68.247,68.247,68.247,
2014-08-15,68.109,68.109,68.109,68.109,
2014-08-18,68.027,68.027,68.027,68.027,
2014-08-19,71.803,71.803,71.803,71.803,
2014-08-20,73.854,73.854,73.854,73.854,
2014-08-21,74.18,74.18,74.18,74.18,
2014-08-22,74.082,74.082,74.082,74.082,
2014-08-25,74.22,74.22,74.22,74.22,
2014-08-26,74.57,74.57,74.57,74.57,
2014-08-27,74.766,74.766,74.766,74.766,
2014-08-28,75.286,75.286,75.286,75.286,
2014-08-29,76.092,76.092,76.092,76.092,
2014-09-02,74.554,74.554,74.554,74.554,
2014-09-03,72.796,72.796,72.796,72.796,
2014-09-04,73.556,73.556,73.556,73.556,
2014-09-05,74.931,74.931,74.931,74.931,
2014-09-08,74.284,74.284,74.284,74.284,
2014-09-09,72.739,72.739,72.739,72.739,
2014-09-10,73.0,73.0,73.0,73.0,
2014-09-11,72.976,72.976,72.976,72.976,
2014-09-12,72.665,72.665,72.665,72.665,
2014-09-15,73.107,73.107,73.107,73.107,
2014-09-16,73.835,73.835,73.835,73.835,
2014-09-17,74.612,74.612,74.612,74.612,
2014-09-18,75.323,75.323,75.323,75.323,
2014-09-19,75.528,75.528,75.528,75.528,
2014-09-22,75.16,75.16,75.16,75.16,
2014-09-23,74.832,74.832,74.832,74.832,
2014-09-24,76.084,76.084,76.084,76.084,
2014-09-25,75.168,75.168,75.168,75.168,
2014-09-26,75.937,75.937,75.937,75.937,
2014-09-29,75.969,75.969,75.969,75.969,
2014-09-30,75.037,75.037,75.037,75.037,
2014-10-01,74.448,74.448,74.448,74.448,
2014-10-02,75.446,75.446,75.446,75.446,
2014-10-03,76.509,76.509,76.509,76.509,
2014-10-06,76.28,76.28,76.28,76.28,
2014-10-07,75.634,75.634,75.634,75.634,
2014-10-08,76.959,76.959,76.959,76.959,
2014-10-09,76.125,76.125,76.125,76.125,
2014-10-10,75.699,75.699,75.699,75.699,
2014-10-13,74.104,74.104,74.104,74.104,
2014-10-14,73.696,73.696,73.696,73.696,
2014-10-15,71.855,71.855,71.855,71.855,
2014-10-16,72.698,72.698,72.698,72.698,
2014-10-17,73.81,73.81,73.81,73.81,
2014-10-20,75.127,75.127,75.127,75.127,
2014-10-21,77.049,77.049,77.049,77.049,
2014-10-22,76.346,76.346,76.346,76.346,
2014-10-23,77.54,77.54,77.54,77.54,
2014-10-24,77.695,77.695,77.695,77.695,
2014-10-27,78.088,78.088,78.088,78.088,
2014-10-28,79.004,79.004,79.004,79.004,
2014-10-29,78.865,78.865,78.865,78.865,
2014-10-30,79.765,79.765,79.765,79.765,
2014-10-31,79.765,79.765,79.765,79.765,
2014-11-03,78.595,78.595,78.595,78.595,
2014-11-04,78.489,78.489,78.489,78.489,
2014-11-05,78.341,78.341,78.341,78.341,
2014-11-06,79.576,79.576,79.576,79.576,
2014-11-07,79.871,79.871,79.871,79.871,
2014-11-10,80.288,80.288,80.288,80.288,
2014-11-11,80.272,80.272,80.272,80.272,
2014-11-12,80.558,80.558,80.558,80.558,
2014-11-13,80.975,80.975,80.975,80.975,
2014-11-14,80.353,80.353,80.353,80.353,
2014-11-17,80.182,80.182,80.182,80.182,
2014-11-18,78.505,78.505,78.505,78.505,
2014-11-19,79.094,79.094,79.094,79.094,
2014-11-20,79.805,79.805,79.805,79.805,
2014-11-21,80.386,80.386,80.386,80.386,
2014-11-24,80.484,80.484,80.484,80.484,
2014-11-25,79.347,79.347,79.347,79.347,
2014-11-26,79.912,79.912,79.912,79.912,
2014-11-28,81.302,81.302,81.302,81.302,
2014-12-01,80.877,80.877,80.877,80.877,
2014-12-02,80.672,80.672,80.672,80.672,
2014-12-03,81.025,81.025,81.025,81.025,
2014-12-04,81.321,81.321,81.321,81.321,
2014-12-05,81.888,81.888,81.888,81.888,
2014-12-08,82.537,82.537,82.537,82.537,
2014-12-09,81.888,81.888,81.888,81.888,
2014-12-10,81.313,81.313,81.313,81.313,
2014-12-11,82.406,82.406,82.406,82.406,
2014-12-12,82.003,82.003,82.003,82.003,
2014-12-15,82.225,82.225,82.225,82.225,
2014-12-16,79.767,79.767,79.767,79.767,
2014-12-17,81.313,81.313,81.313,81.313,
2014-12-18,82.734,82.734,82.734,82.734,
2014-12-19,83.77,83.77,83.77,83.77,
2014-12-22,85.06,85.06,85.06,85.06,
2014-12-23,85.274,85.274,85.274,85.274,
2014-12-24,85.109,85.109,85.109,85.109,
2014-12-26,85.266,85.266,85.266,85.266,
2014-12-29,85.907,85.907,85.907,85.907,
2014-12-30,85.693,85.693,85.693,85.693,
2014-12-31,86.268,86.268,86.268,86.268,
2015-01-02,85.003,85.003,85.003,85.003,
2015-01-05,83.219,83.219,83.219,83.219,
2015-01-06,82.964,82.964,82.964,82.964,
2015-01-07,85.808,85.808,85.808,85.808,
2015-01-08,87.706,87.706,87.706,87.706,
2015-01-09,86.202,86.202,86.202,86.202,
2015-01-12,85.816,85.816,85.816,85.816,
2015-01-13,85.249,85.249,85.249,85.249,
2015-01-14,84.353,84.353,84.353,84.353,
2015-01-15,83.014,83.014,83.014,83.014,
2015-01-16,85.57,85.57,85.57,85.57,
2015-01-20,84.855,84.855,84.855,84.855,
2015-01-21,85.085,85.085,85.085,85.085,
2015-01-22,87.172,87.172,87.172,87.172,
2015-01-23,86.597,86.597,86.597,86.597,
2015-01-26,87.411,87.411,87.411,87.411,
2015-01-27,86.424,86.424,86.424,86.424,
2015-01-28,86.079,86.079,86.079,86.079,
2015-01-29,88.446,88.446,88.446,88.446,
2015-01-30,85.816,85.816,85.816,85.816,
2015-02-02,85.824,85.824,85.824,85.824,
2015-02-03,88.134,88.134,88.134,88.134,
2015-02-04,89.095,89.095,89.095,89.095,
2015-02-05,89.572,89.572,89.572,89.572,
2015-02-06,89.613,89.613,89.613,89.613,
2015-02-09,89.038,89.038,89.038,89.038,
2015-02-10,90.953,90.953,90.953,90.953,
2015-02-11,90.657,90.657,90.657,90.657,
2015-02-12,92.177,92.177,92.177,92.177,
2015-02-13,91.955,91.955,91.955,91.955,
2015-02-17,92.046,92.046,92.046,92.046,
2015-02-18,92.037,92.037,92.037,92.037,
2015-02-19,91.175,91.175,91.175,91.175,
2015-02-20,92.243,92.243,92.243,92.243,
2015-02-23,92.276,92.276,92.276,92.276,
2015-02-24,95.949,95.949,95.949,95.949,
2015-02-25,95.588,95.588,95.588,95.588,
2015-02-26,94.824,94.824,94.824,94.824,
2015-02-27,94.306,94.306,94.306,94.306,
2015-03-02,95.432,95.432,95.432,95.432,
2015-03-03,95.391,95.391,95.391,95.391,
2015-03-04,94.314,94.314,94.314,94.314,
2015-03-05,95.259,95.259,95.259,95.259,
2015-03-06,94.059,94.059,94.059,94.059,
2015-03-09,94.717,94.717,94.717,94.717,
2015-03-10,92.982,92.982,92.982,92.982,
2015-03-11,93.403,93.403,93.403,93.403,
2015-03-12,95.906,95.906,95.906,95.906,
2015-03-13,94.849,94.849,94.849,94.849,
2015-03-16,96.237,96.237,96.237,96.237,
2015-03-17,95.477,95.477,95.477,95.477,
2015-03-18,95.89,95.89,95.89,95.89,
2015-03-19,95.13,95.13,95.13,95.13,
2015-03-20,97.054,97.054,97.054,97.054,
2015-03-23,95.881,95.881,95.881,95.881,
2015-03-24,95.948,95.948,95.948,95.948,
2015-03-25,93.907,93.907,93.907,93.907,
2015-03-26,92.825,92.825,92.825,92.825,
2015-03-27,94.056,94.056,94.056,94.056,
2015-03-30,94.692,94.692,94.692,94.692,
2015-03-31,93.849,93.849,93.849,93.849,
2015-04-01,93.453,93.453,93.453,93.453,
2015-04-02,94.618,94.618,94.618,94.618,
2015-04-06,94.956,94.956,94.956,94.956,
2015-04-07,94.419,94.419,94.419,94.419,
2015-04-08,95.485,95.485,95.485,95.485,
2015-04-09,94.642,94.642,94.642,94.642,
2015-04-10,95.196,95.196,95.196,95.196,
2015-04-13,94.535,94.535,94.535,94.535,
2015-04-14,94.213,94.213,94.213,94.213,
2015-04-15,93.717,93.717,93.717,93.717,
2015-04-16,93.651,93.651,93.651,93.651,
2015-04-17,92.602,92.602,92.602,92.602,
2015-04-20,93.23,93.23,93.23,93.23,
2015-04-21,93.486,93.486,93.486,93.486,
2015-04-22,93.337,93.337,93.337,93.337,
2015-04-23,94.138,94.138,94.138,94.138,
2015-04-24,93.924,93.924,93.924,93.924,
2015-04-27,92.015,92.015,92.015,92.015,
2015-04-28,91.346,91.346,91.346,91.346,
2015-04-29,89.802,89.802,89.802,89.802,
2015-04-30,88.373,88.373,88.373,88.373,
2015-05-01,90.495,90.495,90.495,90.495,
2015-05-04,90.917,90.917,90.917,90.917,
2015-05-05,89.265,89.265,89.265,89.265,
2015-05-06,89.471,89.471,89.471,89.471,
2015-05-07,90.9,90.9,90.9,90.9,
2015-05-08,92.908,92.908,92.908,92.908,
2015-05-11,92.437,92.437,92.437,92.437,
2015-05-12,92.949,92.949,92.949,92.949,
2015-05-13,91.85,91.85,91.85,91.85,
2015-05-14,92.47,92.47,92.47,92.47,
2015-05-15,93.635,93.635,93.635,93.635,
2015-05-18,94.444,94.444,94.444,94.444,
2015-05-19,92.8,92.8,92.8,92.8,
2015-05-20,92.602,92.602,92.602,92.602,
2015-05-21,92.528,92.528,92.528,92.528,
2015-05-22,92.652,92.652,92.652,92.652,
2015-05-26,91.635,91.635,91.635,91.635,
2015-05-27,92.652,92.652,92.652,92.652,
2015-05-28,92.676,92.676,92.676,92.676,
2015-05-29,92.04,92.04,92.04,92.04,
2015-06-01,92.247,92.247,92.247,92.247,
2015-06-02,92.67,92.67,92.67,92.67,
2015-06-03,93.974,93.974,93.974,93.974,
2015-06-04,92.562,92.562,92.562,92.562,
2015-06-05,91.657,91.657,91.657,91.657,
2015-06-08,91.292,91.292,91.292,91.292,
2015-06-09,90.96,90.96,90.96,90.96,
2015-06-10,92.164,92.164,92.164,92.164,
2015-06-11,92.421,92.421,92.421,92.421,
2015-06-12,91.848,91.848,91.848,91.848,
2015-06-15,91.358,91.358,91.358,91.358,
2015-06-16,91.541,91.541,91.541,91.541,
2015-06-17,91.74,91.74,91.74,91.74,
2015-06-18,92.886,92.886,92.886,92.886,
2015-06-19,93.368,93.368,93.368,93.368,
2015-06-22,93.899,93.899,93.899,93.899,
2015-06-23,93.991,93.991,93.991,93.991,
2015-06-24,93.301,93.301,93.301,93.301,
2015-06-25,93.21,93.21,93.21,93.21,
2015-06-26,93.509,93.509,93.509,93.509,
2015-06-29,91.798,91.798,91.798,91.798,
2015-06-30,92.288,92.288,92.288,92.288,
2015-07-01,93.069,93.069,93.069,93.069,
2015-07-02,92.587,92.587,92.587,92.587,
2015-07-06,92.446,92.446,92.446,92.446,
2015-07-07,93.343,93.343,93.343,93.343,
2015-07-08,92.18,92.18,92.18,92.18,
2015-07-09,92.496,92.496,92.496,92.496,
2015-07-10,93.924,93.924,93.924,93.924,
2015-07-13,95.419,95.419,95.419,95.419,
2015-07-14,95.801,95.801,95.801,95.801,
2015-07-15,95.984,95.984,95.984,95.984,
2015-07-16,95.278,95.278,95.278,95.278,
2015-07-17,95.062,95.062,95.062,95.062,
2015-07-20,94.182,94.182,94.182,94.182,
2015-07-21,94.555,94.555,94.555,94.555,
2015-07-22,95.419,95.419,95.419,95.419,
2015-07-23,95.162,95.162,95.162,95.162,
2015-07-24,94.331,94.331,94.331,94.331,
2015-07-27,93.899,93.899,93.899,93.899,
2015-07-28,95.369,95.369,95.369,95.369,
2015-07-29,96.64,96.64,96.64,96.64,
2015-07-30,96.715,96.715,96.715,96.715,
2015-07-31,97.188,97.188,97.188,97.188,
2015-08-03,97.072,97.072,97.072,97.072,
2015-08-04,97.603,97.603,97.603,97.603,
2015-08-05,97.993,97.993,97.993,97.993,
2015-08-06,96.798,96.798,96.798,96.798,
2015-08-07,97.105,97.105,97.105,97.105,
2015-08-10,97.661,97.661,97.661,97.661,
2015-08-11,97.736,97.736,97.736,97.736,
2015-08-12,97.736,97.736,97.736,97.736,
2015-08-13,98.841,98.841,98.841,98.841,
2015-08-14,99.447,99.447,99.447,99.447,
2015-08-17,99.405,99.405,99.405,99.405,
2015-08-18,101.98,101.98,101.98,101.98,
2015-08-19,101.946,101.946,101.946,101.946,
2015-08-20,100.103,100.103,100.103,100.103,
2015-08-21,96.465,96.465,96.465,96.465,
2015-08-24,93.459,93.459,93.459,93.459,
2015-08-25,92.155,92.155,92.155,92.155,
2015-08-26,96.274,96.274,96.274,96.274,
2015-08-27,97.711,97.711,97.711,97.711,
2015-08-28,97.595,97.595,97.595,97.595,
2015-08-31,96.715,96.715,96.715,96.715,
2015-09-01,94.377,94.377,94.377,94.377,
2015-09-02,97.224,97.224,97.224,97.224,
2015-09-03,97.324,97.324,97.324,97.324,
2015-09-04,95.504,95.504,95.504,95.504,
2015-09-08,97.182,97.182,97.182,97.182,
2015-09-09,95.129,95.129,95.129,95.129,
2015-09-10,95.563,95.563,95.563,95.563,
2015-09-11,96.356,96.356,96.356,96.356,
2015-09-14,95.763,95.763,95.763,95.763,
2015-09-15,96.973,96.973,96.973,96.973,
2015-09-16,98.342,98.342,98.342,98.342,
2015-09-17,98.417,98.417,98.417,98.417,
2015-09-18,96.089,96.089,96.089,96.089,
2015-09-21,97.307,97.307,97.307,97.307,
2015-09-22,96.656,96.656,96.656,96.656,
2015-09-23,96.965,96.965,96.965,96.965,
2015-09-24,97.107,97.107,97.107,97.107,
2015-09-25,97.441,97.441,97.441,97.441,
2015-09-28,95.237,95.237,95.237,95.237,
2015-09-29,94.244,94.244,94.244,94.244,
2015-09-30,96.397,96.397,96.397,96.397,
2015-10-01,97.683,97.683,97.683,97.683,
2015-10-02,98.334,98.334,98.334,98.334,
2015-10-05,99.494,99.494,99.494,99.494,
2015-10-06,99.06,99.06,99.06,99.06,
2015-10-07,99.87,99.87,99.87,99.87,
2015-10-08,101.047,101.047,101.047,101.047,
2015-10-09,101.272,101.272,101.272,101.272,
2015-10-12,101.748,101.748,101.748,101.748,
2015-10-13,101.506,101.506,101.506,101.506,
2015-10-14,100.387,100.387,100.387,100.387,
2015-10-15,101.673,101.673,101.673,101.673,
2015-10-16,102.449,102.449,102.449,102.449,
2015-10-19,102.749,102.749,102.749,102.749,
2015-10-20,102.541,102.541,102.541,102.541,
2015-10-21,102.916,102.916,102.916,102.916,
2015-10-22,103.801,103.801,103.801,103.801,
2015-10-23,104.01,104.01,104.01,104.01,
2015-10-26,104.344,104.344,104.344,104.344,
2015-10-27,103.893,103.893,103.893,103.893,
2015-10-28,103.35,103.35,103.35,103.35,
2015-10-29,103.192,103.192,103.192,103.192,
2015-10-30,103.2,103.2,103.2,103.2,
2015-11-02,103.843,103.843,103.843,103.843,
2015-11-03,104.886,104.886,104.886,104.886,
2015-11-04,104.652,104.652,104.652,104.652,
2015-11-05,104.936,104.936,104.936,104.936,
2015-11-06,105.153,105.153,105.153,105.153,
2015-11-09,103.918,103.918,103.918,103.918,
2015-11-10,104.552,104.552,104.552,104.552,
2015-11-11,104.093,104.093,104.093,104.093,
2015-11-12,103.342,103.342,103.342,103.342,
2015-11-13,100.162,100.162,100.162,100.162,
2015-11-16,100.863,100.863,100.863,100.863,
2015-11-17,105.32,105.32,105.32,105.32,
2015-11-18,105.621,105.621,105.621,105.621,
2015-11-19,105.888,105.888,105.888,105.888,
2015-11-20,108.684,108.684,108.684,108.684,
2015-11-23,110.595,110.595,110.595,110.595,
2015-11-24,111.513,111.513,111.513,111.513,
2015-11-25,112.39,112.39,112.39,112.39,
2015-11-27,112.465,112.465,112.465,112.465,
2015-11-30,111.747,111.747,111.747,111.747,
2015-12-01,112.703,112.703,112.703,112.703,
2015-12-02,112.183,112.183,112.183,112.183,
2015-12-03,109.769,109.769,109.769,109.769,
2015-12-04,112.787,112.787,112.787,112.787,
2015-12-07,112.284,112.284,112.284,112.284,
2015-12-08,112.208,112.208,112.208,112.208,
2015-12-09,110.582,110.582,110.582,110.582,
2015-12-10,111.118,111.118,111.118,111.118,
2015-12-11,109.358,109.358,109.358,109.358,
2015-12-14,110.674,110.674,110.674,110.674,
2015-12-15,110.07,110.07,110.07,110.07,
2015-12-16,111.42,111.42,111.42,111.42,
2015-12-17,110.121,110.121,110.121,110.121,
2015-12-18,109.232,109.232,109.232,109.232,
2015-12-21,110.087,110.087,110.087,110.087,
2015-12-22,110.565,110.565,110.565,110.565,
2015-12-23,111.596,111.596,111.596,111.596,
2015-12-24,111.42,111.42,111.42,111.42,
2015-12-28,111.236,111.236,111.236,111.236,
2015-12-29,112.091,112.091,112.091,112.091,
2015-12-30,111.797,111.797,111.797,111.797,
2015-12-31,110.875,110.875,110.875,110.875,
2016-01-04,109.886,109.886,109.886,109.886,
2016-01-05,109.349,109.349,109.349,109.349,
2016-01-06,108.218,108.218,108.218,108.218,
2016-01-07,105.132,105.132,105.132,105.132,
2016-01-08,103.875,103.875,103.875,103.875,
2016-01-11,105.451,105.451,105.451,105.451,
2016-01-12,106.885,106.885,106.885,106.885,
2016-01-13,101.779,101.779,101.779,101.779,
2016-01-14,100.287,100.287,100.287,100.287,
2016-01-15,99.96,99.96,99.96,99.96,
2016-01-19,100.404,100.404,100.404,100.404,
2016-01-20,97.637,97.637,97.637,97.637,
2016-01-21,100.79,100.79,100.79,100.79,
2016-01-22,102.919,102.919,102.919,102.919,
2016-01-25,102.039,102.039,102.039,102.039,
2016-01-26,102.45,102.45,102.45,102.45,
2016-01-27,101.921,101.921,101.921,101.921,
2016-01-28,102.517,102.517,102.517,102.517,
2016-01-29,105.434,105.434,105.434,105.434,
2016-02-01,106.063,106.063,106.063,106.063,
2016-02-02,105.023,105.023,105.023,105.023,
2016-02-03,103.783,103.783,103.783,103.783,
2016-02-04,101.536,101.536,101.536,101.536,
2016-02-05,97.612,97.612,97.612,97.612,
2016-02-08,93.772,93.772,93.772,93.772,
2016-02-09,95.458,95.458,95.458,95.458,
2016-02-10,95.852,95.852,95.852,95.852,
2016-02-11,94.963,94.963,94.963,94.963,
2016-02-12,97.52,97.52,97.52,97.52,
2016-02-16,100.127,100.127,100.127,100.127,
2016-02-17,101.62,101.62,101.62,101.62,
2016-02-18,100.58,100.58,100.58,100.58,
2016-02-19,102.022,102.022,102.022,102.022,
2016-02-22,102.995,102.995,102.995,102.995,
2016-02-23,104.403,104.403,104.403,104.403,
2016-02-24,105.308,105.308,105.308,105.308,
2016-02-25,106.356,106.356,106.356,106.356,
2016-02-26,105.853,105.853,105.853,105.853,
2016-02-29,104.059,104.059,104.059,104.059,
2016-03-01,105.384,105.384,105.384,105.384,
2016-03-02,105.292,105.292,105.292,105.292,
2016-03-03,106.306,106.306,106.306,106.306,
2016-03-04,105.267,105.267,105.267,105.267,
2016-03-07,105.778,105.778,105.778,105.778,
2016-03-08,106.823,106.823,106.823,106.823,
2016-03-09,106.242,106.242,106.242,106.242,
2016-03-10,106.124,106.124,106.124,106.124,
2016-03-11,108.29,108.29,108.29,108.29,
2016-03-14,108.61,108.61,108.61,108.61,
2016-03-15,109.344,109.344,109.344,109.344,
2016-03-16,109.968,109.968,109.968,109.968,
2016-03-17,110.33,110.33,110.33,110.33,
2016-03-18,110.726,110.726,110.726,110.726,
2016-03-21,110.44,110.44,110.44,110.44,
2016-03-22,110.086,110.086,110.086,110.086,
2016-03-23,109.774,109.774,109.774,109.774,
2016-03-24,109.976,109.976,109.976,109.976,
2016-03-28,110.499,110.499,110.499,110.499,
2016-03-29,111.67,111.67,111.67,111.67,
2016-03-30,112.471,112.471,112.471,112.471,
2016-03-31,112.48,112.48,112.48,112.48,
2016-04-01,113.677,113.677,113.677,113.677,
2016-04-04,113.677,113.677,113.677,113.677,
2016-04-05,113.449,113.449,113.449,113.449,
2016-04-06,114.174,114.174,114.174,114.174,
2016-04-07,112.851,112.851,112.851,112.851,
2016-04-08,112.64,112.64,112.64,112.64,
2016-04-11,112.126,112.126,112.126,112.126,
2016-04-12,113.281,113.281,113.281,113.281,
2016-04-13,112.825,112.825,112.825,112.825,
2016-04-14,113.272,113.272,113.272,113.272,
2016-04-15,113.812,113.812,113.812,113.812,
2016-04-18,115.321,115.321,115.321,115.321,
2016-04-19,114.174,114.174,114.174,114.174,
2016-04-20,113.963,113.963,113.963,113.963,
2016-04-21,113.466,113.466,113.466,113.466,
2016-04-22,114.36,114.36,114.36,114.36,
2016-04-25,114.351,114.351,114.351,114.351,
2016-04-26,114.09,114.09,114.09,114.09,
2016-04-27,114.435,114.435,114.435,114.435,
2016-04-28,111.89,111.89,111.89,111.89,
2016-04-29,112.867,112.867,112.867,112.867,
2016-05-02,114.688,114.688,114.688,114.688,
2016-05-03,113.415,113.415,113.415,113.415,
2016-05-04,113.938,113.938,113.938,113.938,
2016-05-05,113.525,113.525,113.525,113.525,
2016-05-06,114.393,114.393,114.393,114.393,
2016-05-09,114.849,114.849,114.849,114.849,
2016-05-10,115.919,115.919,115.919,115.919,
2016-05-11,113.213,113.213,113.213,113.213,
2016-05-12,113.12,113.12,113.12,113.12,
2016-05-13,112.227,112.227,112.227,112.227,
2016-05-16,114.09,114.09,114.09,114.09,
2016-05-17,111.274,111.274,111.274,111.274,
2016-05-18,111.08,111.08,111.08,111.08,
2016-05-19,111.047,111.047,111.047,111.047,
2016-05-20,111.148,111.148,111.148,111.148,
2016-05-23,110.785,110.785,110.785,110.785,
2016-05-24,112.421,112.421,112.421,112.421,
2016-05-25,112.286,112.286,112.286,112.286,
2016-05-26,113.002,113.002,113.002,113.002,
2016-05-27,112.91,112.91,112.91,112.91,
2016-05-31,111.952,111.952,111.952,111.952,
2016-06-01,111.706,111.706,111.706,111.706,
2016-06-02,112.198,112.198,112.198,112.198,
2016-06-03,111.63,111.63,111.63,111.63,
2016-06-06,109.469,109.469,109.469,109.469,
2016-06-07,110.088,110.088,110.088,110.088,
2016-06-08,109.808,109.808,109.808,109.808,
2016-06-09,109.563,109.563,109.563,109.563,
2016-06-10,109.164,109.164,109.164,109.164,
2016-06-13,108.317,108.317,108.317,108.317,
2016-06-14,106.122,106.122,106.122,106.122,
2016-06-15,107.215,107.215,107.215,107.215,
2016-06-16,107.919,107.919,107.919,107.919,
2016-06-17,107.732,107.732,107.732,107.732,
2016-06-20,108.139,108.139,108.139,108.139,
2016-06-21,108.241,108.241,108.241,108.241,
2016-06-22,108.122,108.122,108.122,108.122,
2016-06-23,108.707,108.707,108.707,108.707,
2016-06-24,107.105,107.105,107.105,107.105,
2016-06-27,105.639,105.639,105.639,105.639,
2016-06-28,108.063,108.063,108.063,108.063,
2016-06-29,107.927,107.927,107.927,107.927,
2016-06-30,108.198,108.198,108.198,108.198,
2016-07-01,109.834,109.834,109.834,109.834,
2016-07-05,109.605,109.605,109.605,109.605,
2016-07-06,111.486,111.486,111.486,111.486,
2016-07-07,111.139,111.139,111.139,111.139,
2016-07-08,113.833,113.833,113.833,113.833,
2016-07-11,114.52,114.52,114.52,114.52,
2016-07-12,114.257,114.257,114.257,114.257,
2016-07-13,113.172,113.172,113.172,113.172,
2016-07-14,114.003,114.003,114.003,114.003,
2016-07-15,114.206,114.206,114.206,114.206,
2016-07-18,115.528,115.528,115.528,115.528,
2016-07-19,116.07,116.07,116.07,116.07,
2016-07-20,116.435,116.435,116.435,116.435,
2016-07-21,115.299,115.299,115.299,115.299,
2016-07-22,115.68,115.68,115.68,115.68,
2016-07-25,115.664,115.664,115.664,115.664,
2016-07-26,115.875,115.875,115.875,115.875,
2016-07-27,115.503,115.503,115.503,115.503,
2016-07-28,116.901,116.901,116.901,116.901,
2016-07-29,117.138,117.138,117.138,117.138,
2016-08-01,117.587,117.587,117.587,117.587,
2016-08-02,116.274,116.274,116.274,116.274,
2016-08-03,116.138,116.138,116.138,116.138,
2016-08-04,115.282,115.282,115.282,115.282,
2016-08-05,116.011,116.011,116.011,116.011,
2016-08-08,115.418,115.418,115.418,115.418,
2016-08-09,115.333,115.333,115.333,115.333,
2016-08-10,114.901,114.901,114.901,114.901,
2016-08-11,116.121,116.121,116.121,116.121,
2016-08-12,115.723,115.723,115.723,115.723,
2016-08-15,116.138,116.138,116.138,116.138,
2016-08-16,115.435,115.435,115.435,115.435,
2016-08-17,115.367,115.367,115.367,115.367,
2016-08-18,114.223,114.223,114.223,114.223,
2016-08-19,114.782,114.782,114.782,114.782,
2016-08-22,114.681,114.681,114.681,114.681,
2016-08-23,115.426,115.426,115.426,115.426,
2016-08-24,114.443,114.443,114.443,114.443,
2016-08-25,114.757,114.757,114.757,114.757,
2016-08-26,113.85,113.85,113.85,113.85,
2016-08-29,114.596,114.596,114.596,114.596,
2016-08-30,114.213,114.213,114.213,114.213,
2016-08-31,114.23,114.23,114.23,114.23,
2016-09-01,114.323,114.323,114.323,114.323,
2016-09-02,115.107,115.107,115.107,115.107,
2016-09-06,114.213,114.213,114.213,114.213,
2016-09-07,113.097,113.097,113.097,113.097,
2016-09-08,111.794,111.794,111.794,111.794,
2016-09-09,108.796,108.796,108.796,108.796,
2016-09-12,109.52,109.52,109.52,109.52,
2016-09-13,107.075,107.075,107.075,107.075,
2016-09-14,107.535,107.535,107.535,107.535,
2016-09-15,108.131,108.131,108.131,108.131,
2016-09-16,107.408,107.408,107.408,107.408,
2016-09-19,107.561,107.561,107.561,107.561,
2016-09-20,108.021,108.021,108.021,108.021,
2016-09-21,109.111,109.111,109.111,109.111,
2016-09-22,109.656,109.656,109.656,109.656,
2016-09-23,108.838,108.838,108.838,108.838,
2016-09-26,106.845,106.845,106.845,106.845,
2016-09-27,108.012,108.012,108.012,108.012,
2016-09-28,109.247,109.247,109.247,109.247,
2016-09-29,108.958,108.958,108.958,108.958,
2016-09-30,109.596,109.596,109.596,109.596,
2016-10-03,109.443,109.443,109.443,109.443,
2016-10-04,109.188,109.188,109.188,109.188,
2016-10-05,108.66,108.66,108.66,108.66,
2016-10-06,110.882,110.882,110.882,110.882,
2016-10-07,109.281,109.281,109.281,109.281,
2016-10-10,108.378,108.378,108.378,108.378,
2016-10-11,107.186,107.186,107.186,107.186,
2016-10-12,107.902,107.902,107.902,107.902,
2016-10-13,107.561,107.561,107.561,107.561,
2016-10-14,107.672,107.672,107.672,107.672,
2016-10-17,106.581,106.581,106.581,106.581,
2016-10-18,107.092,107.092,107.092,107.092,
2016-10-19,107.22,107.22,107.22,107.22,
2016-10-20,107.527,107.527,107.527,107.527,
2016-10-21,107.825,107.825,107.825,107.825,
2016-10-24,108.83,108.83,108.83,108.83,
2016-10-25,105.048,105.048,105.048,105.048,
2016-10-26,104.512,104.512,104.512,104.512,
2016-10-27,104.129,104.129,104.129,104.129,
2016-10-28,105.253,105.253,105.253,105.253,
2016-10-31,103.916,103.916,103.916,103.916,
2016-11-01,102.11,102.11,102.11,102.11,
2016-11-02,102.451,102.451,102.451,102.451,
2016-11-03,102.357,102.357,102.357,102.357,
2016-11-04,102.979,102.979,102.979,102.979,
2016-11-07,105.398,105.398,105.398,105.398,
2016-11-08,105.823,105.823,105.823,105.823,
2016-11-09,107.331,107.331,107.331,107.331,
2016-11-10,109.894,109.894,109.894,109.894,
2016-11-11,110.593,110.593,110.593,110.593,
2016-11-14,108.736,108.736,108.736,108.736,
2016-11-15,105.951,105.951,105.951,105.951,
2016-11-16,106.743,106.743,106.743,106.743,
2016-11-17,109.809,109.809,109.809,109.809,
2016-11-18,109.298,109.298,109.298,109.298,
2016-11-21,109.205,109.205,109.205,109.205,
2016-11-22,111.555,111.555,111.555,111.555,
2016-11-23,111.751,111.751,111.751,111.751,
2016-11-25,112.058,112.058,112.058,112.058,
2016-11-28,111.266,111.266,111.266,111.266,
2016-11-29,110.983,110.983,110.983,110.983,
2016-11-30,110.795,110.795,110.795,110.795,
2016-12-01,110.855,110.855,110.855,110.855,
2016-12-02,111.197,111.197,111.197,111.197,
2016-12-05,111.035,111.035,111.035,111.035,
2016-12-06,110.23,110.23,110.23,110.23,
2016-12-07,113.415,113.415,113.415,113.415,
2016-12-08,113.475,113.475,113.475,113.475,
2016-12-09,114.211,114.211,114.211,114.211,
2016-12-12,115.23,115.23,115.23,115.23,
2016-12-13,116.908,116.908,116.908,116.908,
2016-12-14,116.429,116.429,116.429,116.429,
2016-12-15,116.309,116.309,116.309,116.309,
2016-12-16,115.684,115.684,115.684,115.684,
2016-12-19,115.966,115.966,115.966,115.966,
2016-12-20,117.396,117.396,117.396,117.396,
2016-12-21,117.157,117.157,117.157,117.157,
2016-12-22,115.958,115.958,115.958,115.958,
2016-12-23,115.632,115.632,115.632,115.632,
2016-12-27,115.812,115.812,115.812,115.812,
2016-12-28,115.65,115.65,115.65,115.65,
2016-12-29,115.675,115.675,115.675,115.675,
2016-12-30,114.802,114.802,114.802,114.802,
2017-01-03,114.999,114.999,114.999,114.999,
2017-01-04,116.018,116.018,116.018,116.018,
2017-01-05,114.648,114.648,114.648,114.648,
2017-01-06,114.331,114.331,114.331,114.331,
2017-01-09,114.999,114.999,114.999,114.999,
2017-01-10,116.531,116.531,116.531,116.531,
2017-01-11,116.189,116.189,116.189,116.189,
2017-01-12,115.65,115.65,115.65,115.65,
2017-01-13,115.624,115.624,115.624,115.624,
2017-01-17,116.386,116.386,116.386,116.386,
2017-01-18,116.583,116.583,116.583,116.583,
2017-01-19,115.924,115.924,115.924,115.924,
2017-01-20,116.103,116.103,116.103,116.103,
2017-01-23,118.218,118.218,118.218,118.218,
2017-01-24,118.21,118.21,118.21,118.21,
2017-01-25,117.713,117.713,117.713,117.713,
2017-01-26,118.552,118.552,118.552,118.552,
2017-01-27,118.441,118.441,118.441,118.441,
2017-01-30,118.561,118.561,118.561,118.561,
2017-01-31,117.799,117.799,117.799,117.799,
2017-02-01,117.679,117.679,117.679,117.679,
2017-02-02,117.259,117.259,117.259,117.259,
2017-02-03,118.141,118.141,118.141,118.141,
2017-02-06,116.865,116.865,116.865,116.865,
2017-02-07,117.002,117.002,117.002,117.002,
2017-02-08,118.056,118.056,118.056,118.056,
2017-02-09,118.766,118.766,118.766,118.766,
2017-02-10,119.742,119.742,119.742,119.742,
2017-02-13,119.759,119.759,119.759,119.759,
2017-02-14,121.035,121.035,121.035,121.035,
2017-02-15,121.746,121.746,121.746,121.746,
2017-02-16,121.189,121.189,121.189,121.189,
2017-02-17,122.439,122.439,122.439,122.439,
2017-02-21,124.169,124.169,124.169,124.169,
2017-02-22,124.366,124.366,124.366,124.366,
2017-02-23,123.904,123.904,123.904,123.904,
2017-02-24,124.965,124.965,124.965,124.965,
2017-02-27,124.409,124.409,124.409,124.409,
2017-02-28,124.075,124.075,124.075,124.075,
2017-03-01,125.59,125.59,125.59,125.59,
2017-03-02,126.678,126.678,126.678,126.678,
2017-03-03,126.558,126.558,126.558,126.558,
2017-03-06,125.976,125.976,125.976,125.976,
2017-03-07,125.786,125.786,125.786,125.786,
2017-03-08,126.561,126.561,126.561,126.561,
2017-03-09,126.303,126.303,126.303,126.303,
2017-03-10,126.501,126.501,126.501,126.501,
2017-03-13,127.001,127.001,127.001,127.001,
2017-03-14,126.768,126.768,126.768,126.768,
2017-03-15,127.449,127.449,127.449,127.449,
2017-03-16,128.121,128.121,128.121,128.121,
2017-03-17,128.87,128.87,128.87,128.87,
2017-03-20,127.319,127.319,127.319,127.319,
2017-03-21,126.294,126.294,126.294,126.294,
2017-03-22,126.94,126.94,126.94,126.94,
2017-03-23,127.483,127.483,127.483,127.483,
2017-03-24,127.242,127.242,127.242,127.242,
2017-03-27,126.518,126.518,126.518,126.518,
2017-03-28,126.803,126.803,126.803,126.803,
2017-03-29,126.665,126.665,126.665,126.665,
2017-03-30,126.587,126.587,126.587,126.587,
2017-03-31,126.484,126.484,126.484,126.484,
2017-04-03,126.303,126.303,126.303,126.303,
2017-04-04,126.062,126.062,126.062,126.062,
2017-04-05,126.32,126.32,126.32,126.32,
2017-04-06,126.837,126.837,126.837,126.837,
2017-04-07,126.742,126.742,126.742,126.742,
2017-04-10,127.673,127.673,127.673,127.673,
2017-04-11,127.664,127.664,127.664,127.664,
2017-04-12,126.234,126.234,126.234,126.234,
2017-04-13,125.691,125.691,125.691,125.691,
2017-04-17,126.897,126.897,126.897,126.897,
2017-04-18,127.285,127.285,127.285,127.285,
2017-04-19,126.82,126.82,126.82,126.82,
2017-04-20,128.112,128.112,128.112,128.112,
2017-04-21,129.215,129.215,129.215,129.215,
2017-04-24,130.843,130.843,130.843,130.843,
2017-04-25,131.825,131.825,131.825,131.825,
2017-04-26,132.85,132.85,132.85,132.85,
2017-04-27,134.486,134.486,134.486,134.486,
2017-04-28,134.469,134.469,134.469,134.469,
2017-05-01,132.841,132.841,132.841,132.841,
2017-05-02,133.479,133.479,133.479,133.479,
2017-05-03,133.522,133.522,133.522,133.522,
2017-05-04,133.401,133.401,133.401,133.401,
2017-05-05,134.151,134.151,134.151,134.151,
2017-05-08,135.15,135.15,135.15,135.15,
2017-05-09,135.83,135.83,135.83,135.83,
2017-05-10,136.218,136.218,136.218,136.218,
2017-05-11,134.555,134.555,134.555,134.555,
2017-05-12,135.176,135.176,135.176,135.176,
2017-05-15,135.529,135.529,135.529,135.529,
2017-05-16,136.33,136.33,136.33,136.33,
2017-05-17,134.461,134.461,134.461,134.461,
2017-05-18,134.125,134.125,134.125,134.125,
2017-05-19,134.642,134.642,134.642,134.642,
2017-05-22,134.349,134.349,134.349,134.349,
2017-05-23,133.375,133.375,133.375,133.375,
2017-05-24,133.522,133.522,133.522,133.522,
2017-05-25,134.779,134.779,134.779,134.779,
2017-05-26,133.436,133.436,133.436,133.436,
2017-05-30,133.323,133.323,133.323,133.323,
2017-05-31,133.002,133.002,133.002,133.002,
2017-06-01,134.423,134.423,134.423,134.423,
2017-06-02,134.597,134.597,134.597,134.597,
2017-06-05,134.111,134.111,134.111,134.111,
2017-06-06,133.6,133.6,133.6,133.6,
2017-06-07,134.259,134.259,134.259,134.259,
2017-06-08,132.994,132.994,132.994,132.994,
2017-06-09,132.526,132.526,132.526,132.526,
2017-06-12,131.85,131.85,131.85,131.85,
2017-06-13,133.418,133.418,133.418,133.418,
2017-06-14,135.818,135.818,135.818,135.818,
2017-06-15,135.827,135.827,135.827,135.827,
2017-06-16,135.714,135.714,135.714,135.714,
2017-06-19,137.594,137.594,137.594,137.594,
2017-06-20,136.607,136.607,136.607,136.607,
2017-06-21,135.671,135.671,135.671,135.671,
2017-06-22,134.709,134.709,134.709,134.709,
2017-06-23,131.096,131.096,131.096,131.096,
2017-06-26,131.192,131.192,131.192,131.192,
2017-06-27,131.902,131.902,131.902,131.902,
2017-06-28,132.76,132.76,132.76,132.76,
2017-06-29,131.833,131.833,131.833,131.833,
2017-06-30,132.907,132.907,132.907,132.907,
2017-07-03,133.436,133.436,133.436,133.436,
2017-07-05,132.292,132.292,132.292,132.292,
2017-07-06,131.737,131.737,131.737,131.737,
2017-07-07,131.893,131.893,131.893,131.893,
2017-07-10,130.984,130.984,130.984,130.984,
2017-07-11,130.481,130.481,130.481,130.481,
2017-07-12,132.205,132.205,132.205,132.205,
2017-07-13,132.812,132.812,132.812,132.812,
2017-07-14,132.457,132.457,132.457,132.457,
2017-07-17,133.332,133.332,133.332,133.332,
2017-07-18,131.841,131.841,131.841,131.841,
2017-07-19,132.82,132.82,132.82,132.82,
2017-07-20,127.388,127.388,127.388,127.388,
2017-07-21,127.059,127.059,127.059,127.059,
2017-07-24,125.265,125.265,125.265,125.265,
2017-07-25,127.336,127.336,127.336,127.336,
2017-07-26,127.093,127.093,127.093,127.093,
2017-07-27,127.994,127.994,127.994,127.994,
2017-07-28,128.298,128.298,128.298,128.298,
2017-07-31,129.615,129.615,129.615,129.615,
2017-08-01,129.831,129.831,129.831,129.831,
2017-08-02,130.394,130.394,130.394,130.394,
2017-08-03,130.646,130.646,130.646,130.646,
2017-08-04,132.344,132.344,132.344,132.344,
2017-08-07,132.864,132.864,132.864,132.864,
2017-08-08,132.864,132.864,132.864,132.864,
2017-08-09,134.519,134.519,134.519,134.519,
2017-08-10,133.323,133.323,133.323,133.323,
2017-08-11,134.189,134.189,134.189,134.189,
2017-08-14,133.652,133.652,133.652,133.652,
2017-08-15,130.109,130.109,130.109,130.109,
2017-08-16,131.911,131.911,131.911,131.911,
2017-08-17,129.675,129.675,129.675,129.675,
2017-08-18,127.787,127.787,127.787,127.787,
2017-08-21,129.268,129.268,129.268,129.268,
2017-08-22,129.883,129.883,129.883,129.883,
2017-08-23,129.182,129.182,129.182,129.182,
2017-08-24,128.445,128.445,128.445,128.445,
2017-08-25,129.658,129.658,129.658,129.658,
2017-08-28,131.166,131.166,131.166,131.166,
2017-08-29,130.59,130.59,130.59,130.59,
2017-08-30,130.73,130.73,130.73,130.73,
2017-08-31,130.617,130.617,130.617,130.617,
2017-09-01,131.41,131.41,131.41,131.41,
2017-09-05,133.283,133.283,133.283,133.283,
2017-09-06,136.447,136.447,136.447,136.447,
2017-09-07,137.641,137.641,137.641,137.641,
2017-09-08,139.149,139.149,139.149,139.149,
2017-09-11,138.025,138.025,138.025,138.025,
2017-09-12,139.367,139.367,139.367,139.367,
2017-09-13,139.463,139.463,139.463,139.463,
2017-09-14,138.905,138.905,138.905,138.905,
2017-09-15,138.051,138.051,138.051,138.051,
2017-09-18,137.536,137.536,137.536,137.536,
2017-09-19,137.406,137.406,137.406,137.406,
2017-09-20,138.295,138.295,138.295,138.295,
2017-09-21,138.739,138.739,138.739,138.739,
2017-09-22,139.419,139.419,139.419,139.419,
2017-09-25,140.404,140.404,140.404,140.404,
2017-09-26,140.543,140.543,140.543,140.543,
2017-09-27,140.247,140.247,140.247,140.247,
2017-09-28,141.502,141.502,141.502,141.502,
2017-09-29,142.548,142.548,142.548,142.548,
2017-10-02,142.949,142.949,142.949,142.949,
2017-10-03,143.951,143.951,143.951,143.951,
2017-10-04,144.056,144.056,144.056,144.056,
2017-10-05,144.779,144.779,144.779,144.779,
2017-10-06,144.544,144.544,144.544,144.544,
2017-10-09,144.422,144.422,144.422,144.422,
2017-10-10,143.942,143.942,143.942,143.942,
2017-10-11,144.021,144.021,144.021,144.021,
2017-10-12,143.445,143.445,143.445,143.445,
2017-10-13,143.341,143.341,143.341,143.341,
2017-10-16,143.123,143.123,143.123,143.123,
2017-10-17,142.365,142.365,142.365,142.365,
2017-10-18,142.452,142.452,142.452,142.452,
2017-10-19,142.269,142.269,142.269,142.269,
2017-10-20,142.434,142.434,142.434,142.434,
2017-10-23,143.576,143.576,143.576,143.576,
2017-10-24,144.7,144.7,144.7,144.7,
2017-10-25,144.735,144.735,144.735,144.735,
2017-10-26,146.112,146.112,146.112,146.112,
2017-10-27,145.842,145.842,145.842,145.842,
2017-10-30,144.073,144.073,144.073,144.073,
2017-10-31,144.483,144.483,144.483,144.483,
2017-11-01,144.134,144.134,144.134,144.134,
2017-11-02,141.807,141.807,141.807,141.807,
2017-11-03,143.271,143.271,143.271,143.271,
2017-11-06,143.123,143.123,143.123,143.123,
2017-11-07,142.635,142.635,142.635,142.635,
2017-11-08,142.975,142.975,142.975,142.975,
2017-11-09,142.295,142.295,142.295,142.295,
2017-11-10,143.027,143.027,143.027,143.027,
2017-11-13,144.108,144.108,144.108,144.108,
2017-11-14,146.47,146.47,146.47,146.47,
2017-11-15,144.212,144.212,144.212,144.212,
2017-11-16,145.982,145.982,145.982,145.982,
2017-11-17,146.191,146.191,146.191,146.191,
2017-11-20,148.553,148.553,148.553,148.553,
2017-11-21,150.653,150.653,150.653,150.653,
2017-11-22,149.956,149.956,149.956,149.956,
2017-11-24,150.191,150.191,150.191,150.191,
2017-11-27,151.786,151.786,151.786,151.786,
2017-11-28,153.886,153.886,153.886,153.886,
2017-11-29,155.262,155.262,155.262,155.262,
2017-11-30,157.513,157.513,157.513,157.513,
2017-12-01,158.038,158.038,158.038,158.038,
2017-12-04,161.963,161.963,161.963,161.963,
2017-12-05,160.167,160.167,160.167,160.167,
2017-12-06,158.371,158.371,158.371,158.371,
2017-12-07,159.422,159.422,159.422,159.422,
2017-12-08,160.658,160.658,160.658,160.658,
2017-12-11,159.641,159.641,159.641,159.641,
2017-12-12,159.247,159.247,159.247,159.247,
2017-12-13,160.325,160.325,160.325,160.325,
2017-12-14,159.536,159.536,159.536,159.536,
2017-12-15,159.93,159.93,159.93,159.93,
2017-12-18,161.814,161.814,161.814,161.814,
2017-12-19,162.909,162.909,162.909,162.909,
2017-12-20,164.074,164.074,164.074,164.074,
2017-12-21,164.748,164.748,164.748,164.748,
2017-12-22,164.792,164.792,164.792,164.792,
2017-12-26,166.745,166.745,166.745,166.745,
2017-12-27,166.596,166.596,166.596,166.596,
2017-12-28,166.237,166.237,166.237,166.237,
2017-12-29,166.018,166.018,166.018,166.018,
2018-01-02,164.704,164.704,164.704,164.704,
2018-01-03,165.563,165.563,165.563,165.563,
2018-01-04,166.877,166.877,166.877,166.877,
2018-01-05,168.62,168.62,168.62,168.62,
2018-01-08,168.217,168.217,168.217,168.217,
2018-01-09,169.145,169.145,169.145,169.145,
2018-01-10,168.007,168.007,168.007,168.007,
2018-01-11,170.529,170.529,170.529,170.529,
2018-01-12,172.054,172.054,172.054,172.054,
2018-01-16,171.957,171.957,171.957,171.957,
2018-01-17,175.032,175.032,175.032,175.032,
2018-01-18,173.727,173.727,173.727,173.727,
2018-01-19,176.354,176.354,176.354,176.354,
2018-01-22,179.096,179.096,179.096,179.096,
2018-01-23,179.482,179.482,179.482,179.482,
2018-01-24,180.638,180.638,180.638,180.638,
2018-01-25,179.893,179.893,179.893,179.893,
2018-01-26,181.523,181.523,181.523,181.523,
2018-01-29,179.499,179.499,179.499,179.499,
2018-01-30,176.775,176.775,176.775,176.775,
2018-01-31,175.978,175.978,175.978,175.978,
2018-02-01,175.102,175.102,175.102,175.102,
2018-02-02,169.908,169.908,169.908,169.908,
2018-02-05,160.395,160.395,160.395,160.395,
2018-02-06,167.341,167.341,167.341,167.341,
2018-02-07,167.56,167.56,167.56,167.56,
2018-02-08,158.739,158.739,158.739,158.739,
2018-02-09,161.279,161.279,161.279,161.279,
2018-02-12,161.227,161.227,161.227,161.227,
2018-02-13,160.929,160.929,160.929,160.929,
2018-02-14,161.779,161.779,161.779,161.779,
2018-02-15,162.287,162.287,162.287,162.287,
2018-02-16,163.776,163.776,163.776,163.776,
2018-02-20,163.548,163.548,163.548,163.548,
2018-02-21,160.351,160.351,160.351,160.351,
2018-02-22,162.462,162.462,162.462,162.462,
2018-02-23,164.985,164.985,164.985,164.985,
2018-02-26,165.081,165.081,165.081,165.081,
2018-02-27,162.033,162.033,162.033,162.033,
2018-02-28,159.659,159.659,159.659,159.659,
2018-03-01,157.355,157.355,157.355,157.355,
2018-03-02,156.322,156.322,156.322,156.322,
2018-03-05,159.195,159.195,159.195,159.195,
2018-03-06,159.107,159.107,159.107,159.107,
2018-03-07,157.319,157.319,157.319,157.319,
2018-03-08,156.755,156.755,156.755,156.755,
2018-03-09,160.473,160.473,160.473,160.473,
2018-03-12,158.314,158.314,158.314,158.314,
2018-03-13,157.116,157.116,157.116,157.116,
2018-03-14,156.288,156.288,156.288,156.288,
2018-03-15,156.869,156.869,156.869,156.869,
2018-03-16,157.654,157.654,157.654,157.654,
2018-03-19,156.015,156.015,156.015,156.015,
2018-03-20,156.949,156.949,156.949,156.949,
2018-03-21,156.825,156.825,156.825,156.825,
2018-03-22,154.42,154.42,154.42,154.42,
2018-03-23,151.346,151.346,151.346,151.346,
2018-03-26,155.381,155.381,155.381,155.381,
2018-03-27,153.883,153.883,153.883,153.883,
2018-03-28,153.954,153.954,153.954,153.954,
2018-03-29,157.019,157.019,157.019,157.019,
2018-04-02,152.315,152.315,152.315,152.315,
2018-04-03,153.073,153.073,153.073,153.073,
2018-04-04,156.314,156.314,156.314,156.314,
2018-04-05,157.803,157.803,157.803,157.803,
2018-04-06,153.68,153.68,153.68,153.68,
2018-04-09,151.971,151.971,151.971,151.971,
2018-04-10,152.835,152.835,152.835,152.835,
2018-04-11,152.28,152.28,152.28,152.28,
2018-04-12,152.72,152.72,152.72,152.72,
2018-04-13,152.227,152.227,152.227,152.227,
2018-04-16,153.663,153.663,153.663,153.663,
2018-04-17,154.086,154.086,154.086,154.086,
2018-04-18,158.438,158.438,158.438,158.438,
2018-04-19,155.997,155.997,155.997,155.997,
2018-04-20,155.936,155.936,155.936,155.936,
2018-04-23,156.508,156.508,156.508,156.508,
2018-04-24,155.275,155.275,155.275,155.275,
2018-04-25,156.27,156.27,156.27,156.27,
2018-04-26,163.609,163.609,163.609,163.609,
2018-04-27,164.261,164.261,164.261,164.261,
2018-04-30,162.798,162.798,162.798,162.798,
2018-05-01,162.648,162.648,162.648,162.648,
2018-05-02,163.776,163.776,163.776,163.776,
2018-05-03,161.38,161.38,161.38,161.38,
2018-05-04,163.001,163.001,163.001,163.001,
2018-05-07,161.706,161.706,161.706,161.706,
2018-05-08,163.01,163.01,163.01,163.01,
2018-05-09,164.173,164.173,164.173,164.173,
2018-05-10,164.877,164.877,164.877,164.877,
2018-05-11,167.652,167.652,167.652,167.652,
2018-05-14,168.331,168.331,168.331,168.331,
2018-05-15,165.6,165.6,165.6,165.6,
2018-05-16,164.19,164.19,164.19,164.19,
2018-05-17,163.265,163.265,163.265,163.265,
2018-05-18,165.106,165.106,165.106,165.106,
2018-05-21,167.194,167.194,167.194,167.194,
2018-05-22,164.622,164.622,164.622,164.622,
2018-05-23,164.446,164.446,164.446,164.446,
2018-05-24,164.868,164.868,164.868,164.868,
2018-05-25,164.604,164.604,164.604,164.604,
2018-05-29,162.974,162.974,162.974,162.974,
2018-05-30,165.738,165.738,165.738,165.738,
2018-05-31,165.26,165.26,165.26,165.26,
2018-06-01,165.969,165.969,165.969,165.969,
2018-06-04,169.521,169.521,169.521,169.521,
2018-06-05,170.035,170.035,170.035,170.035,
2018-06-06,171.497,171.497,171.497,171.497,
2018-06-07,173.782,173.782,173.782,173.782,
2018-06-08,175.696,175.696,175.696,175.696,
2018-06-11,176.856,176.856,176.856,176.856,
2018-06-12,178.335,178.335,178.335,178.335,
2018-06-13,177.45,177.45,177.45,177.45,
2018-06-14,176.883,176.883,176.883,176.883,
2018-06-15,177.653,177.653,177.653,177.653,
2018-06-18,177.786,177.786,177.786,177.786,
2018-06-19,176.475,176.475,176.475,176.475,
2018-06-20,176.36,176.36,176.36,176.36,
2018-06-21,177.45,177.45,177.45,177.45,
2018-06-22,174.881,174.881,174.881,174.881,
2018-06-25,173.968,173.968,173.968,173.968,
2018-06-26,173.95,173.95,173.95,173.95,
2018-06-27,172.763,172.763,172.763,172.763,
2018-06-28,172.932,172.932,172.932,172.932,
2018-06-29,172.834,172.834,172.834,172.834,
2018-07-02,171.877,171.877,171.877,171.877,
2018-07-03,171.523,171.523,171.523,171.523,
2018-07-05,172.223,172.223,172.223,172.223,
2018-07-06,172.285,172.285,172.285,172.285,
2018-07-09,173.702,173.702,173.702,173.702,
2018-07-10,175.058,175.058,175.058,175.058,
2018-07-11,174.473,174.473,174.473,174.473,
2018-07-12,175.359,175.359,175.359,175.359,
2018-07-13,176.014,176.014,176.014,176.014,
2018-07-16,176.183,176.183,176.183,176.183,
2018-07-17,178.149,178.149,178.149,178.149,
2018-07-18,178.034,178.034,178.034,178.034,
2018-07-19,179.505,179.505,179.505,179.505,
2018-07-20,179.345,179.345,179.345,179.345,
2018-07-23,179.15,179.15,179.15,179.15,
2018-07-24,178.938,178.938,178.938,178.938,
2018-07-25,178.061,178.061,178.061,178.061,
2018-07-26,176.643,176.643,176.643,176.643,
2018-07-27,174.641,174.641,174.641,174.641,
2018-07-30,174.765,174.765,174.765,174.765,
2018-07-31,174.978,174.978,174.978,174.978,
2018-08-01,173.897,173.897,173.897,173.897,
2018-08-02,173.33,173.33,173.33,173.33,
2018-08-03,173.313,173.313,173.313,173.313,
2018-08-06,173.357,173.357,173.357,173.357,
2018-08-07,174.562,174.562,174.562,174.562,
2018-08-08,175.421,175.421,175.421,175.421,
2018-08-09,175.474,175.474,175.474,175.474,
2018-08-10,173.897,173.897,173.897,173.897,
2018-08-13,171.984,171.984,171.984,171.984,
2018-08-14,171.062,171.062,171.062,171.062,
2018-08-15,171.851,171.851,171.851,171.851,
2018-08-16,173.091,173.091,173.091,173.091,
2018-08-17,173.242,173.242,173.242,173.242,
2018-08-20,175.341,175.341,175.341,175.341,
2018-08-21,177.379,177.379,177.379,177.379,
2018-08-22,176.263,176.263,176.263,176.263,
2018-08-23,177.317,177.317,177.317,177.317,
2018-08-24,178.327,178.327,178.327,178.327,
2018-08-27,178.929,178.929,178.929,178.929,
2018-08-28,178.92,178.92,178.92,178.92,
2018-08-29,179.579,179.579,179.579,179.579,
2018-08-30,177.424,177.424,177.424,177.424,
2018-08-31,178.769,178.769,178.769,178.769,
2018-09-04,182.606,182.606,182.606,182.606,
2018-09-05,181.778,181.778,181.778,181.778,
2018-09-06,183.328,183.328,183.328,183.328,
2018-09-07,183.63,183.63,183.63,183.63,
2018-09-10,187.602,187.602,187.602,187.602,
2018-09-11,190.415,190.415,190.415,190.415,
2018-09-12,188.75,188.75,188.75,188.75,
2018-09-13,186.498,186.498,186.498,186.498,
2018-09-14,186.159,186.159,186.159,186.159,
2018-09-17,185.563,185.563,185.563,185.563,
2018-09-18,187.896,187.896,187.896,187.896,
2018-09-19,188.483,188.483,188.483,188.483,
2018-09-20,187.931,187.931,187.931,187.931,
2018-09-21,189.115,189.115,189.115,189.115,
2018-09-24,185.198,185.198,185.198,185.198,
2018-09-25,184.726,184.726,184.726,184.726,
2018-09-26,184.779,184.779,184.779,184.779,
2018-09-27,184.174,184.174,184.174,184.174,
2018-09-28,184.45,184.45,184.45,184.45,
2018-10-01,184.85,184.85,184.85,184.85,
2018-10-02,182.313,182.313,182.313,182.313,
2018-10-03,181.413,181.413,181.413,181.413,
2018-10-04,177.059,177.059,177.059,177.059,
2018-10-05,174.86,174.86,174.86,174.86,
2018-10-08,176.667,176.667,176.667,176.667,
2018-10-09,174.299,174.299,174.299,174.299,
2018-10-10,172.474,172.474,172.474,172.474,
2018-10-11,168.947,168.947,168.947,168.947,
2018-10-12,171.378,171.378,171.378,171.378,
2018-10-15,170.221,170.221,170.221,170.221,
2018-10-16,172.367,172.367,172.367,172.367,
2018-10-17,164.878,164.878,164.878,164.878,
2018-10-18,160.667,160.667,160.667,160.667,
2018-10-19,160.141,160.141,160.141,160.141,
2018-10-22,159.162,159.162,159.162,159.162,
2018-10-23,158.966,158.966,158.966,158.966,
2018-10-24,157.577,157.577,157.577,157.577,
2018-10-25,159.447,159.447,159.447,159.447,
2018-10-26,153.356,153.356,153.356,153.356,
2018-10-29,154.22,154.22,154.22,154.22,
2018-10-30,156.927,156.927,156.927,156.927,
2018-10-31,156.606,156.606,156.606,156.606,
2018-11-01,160.684,160.684,160.684,160.684,
2018-11-02,160.213,160.213,160.213,160.213,
2018-11-05,162.225,162.225,162.225,162.225,
2018-11-06,162.065,162.065,162.065,162.065,
2018-11-07,166.713,166.713,166.713,166.713,
2018-11-08,167.398,167.398,167.398,167.398,
2018-11-09,165.608,165.608,165.608,165.608,
2018-11-12,159.767,159.767,159.767,159.767,
2018-11-13,159.384,159.384,159.384,159.384,
2018-11-14,160.186,160.186,160.186,160.186,
2018-11-15,157.924,157.924,157.924,157.924,
2018-11-16,157.621,157.621,157.621,157.621,
2018-11-19,154.567,154.567,154.567,154.567,
2018-11-20,150.525,150.525,150.525,150.525,
2018-11-21,150.747,150.747,150.747,150.747,
2018-11-23,150.347,150.347,150.347,150.347,
2018-11-26,151.21,151.21,151.21,151.21,
2018-11-27,154.238,154.238,154.238,154.238,
2018-11-28,158.931,158.931,158.931,158.931,
2018-11-29,157.346,157.346,157.346,157.346,
2018-11-30,161.52,161.52,161.52,161.52,
2018-12-03,162.792,162.792,162.792,162.792,
2018-12-04,157.024,157.024,157.024,157.024,
2018-12-06,157.615,157.615,157.615,157.615,
2018-12-07,154.775,154.775,154.775,154.775,
2018-12-10,153.79,153.79,153.79,153.79,
2018-12-11,154.256,154.256,154.256,154.256,
2018-12-12,156.047,156.047,156.047,156.047,
2018-12-13,155.743,155.743,155.743,155.743,
2018-12-14,154.327,154.327,154.327,154.327,
2018-12-17,150.458,150.458,150.458,150.458,
2018-12-18,152.312,152.312,152.312,152.312,
2018-12-19,150.091,150.091,150.091,150.091,
2018-12-20,147.045,147.045,147.045,147.045,
2018-12-21,143.749,143.749,143.749,143.749,
2018-12-24,141.653,141.653,141.653,141.653,
2018-12-26,150.735,150.735,150.735,150.735,
2018-12-27,152.563,152.563,152.563,152.563,
2018-12-28,152.473,152.473,152.473,152.473,
2018-12-31,153.906,153.906,153.906,153.906,
2019-01-02,154.435,154.435,154.435,154.435,
2019-01-03,151.031,151.031,151.031,151.031,
2019-01-04,155.519,155.519,155.519,155.519,
2019-01-07,158.582,158.582,158.582,158.582,
2019-01-08,159.344,159.344,159.344,159.344,
2019-01-09,160.992,160.992,160.992,160.992,
2019-01-10,160.392,160.392,160.392,160.392,
2019-01-11,160.705,160.705,160.705,160.705,
2019-01-14,160.168,160.168,160.168,160.168,
2019-01-15,158.072,158.072,158.072,158.072,
2019-01-16,158.582,158.582,158.582,158.582,
2019-01-17,156.638,156.638,156.638,156.638,
2019-01-18,160.857,160.857,160.857,160.857,
2019-01-22,158.645,158.645,158.645,158.645,
2019-01-23,158.448,158.448,158.448,158.448,
2019-01-24,158.806,158.806,158.806,158.806,
2019-01-25,161.592,161.592,161.592,161.592,
2019-01-28,161.081,161.081,161.081,161.081,
2019-01-29,160.956,160.956,160.956,160.956,
2019-01-30,163.186,163.186,163.186,163.186,
2019-01-31,164.396,164.396,164.396,164.396,
2019-02-01,165.148,165.148,165.148,165.148,
2019-02-04,166.993,166.993,166.993,166.993,
2019-02-05,166.957,166.957,166.957,166.957,
2019-02-06,165.461,165.461,165.461,165.461,
2019-02-07,164.879,164.879,164.879,164.879,
2019-02-08,165.3,165.3,165.3,165.3,
2019-02-11,163.849,163.849,163.849,163.849,
2019-02-12,166.178,166.178,166.178,166.178,
2019-02-13,168.767,168.767,168.767,168.767,
2019-02-14,168.14,168.14,168.14,168.14,
2019-02-15,172.332,172.332,172.332,172.332,
2019-02-19,172.278,172.278,172.278,172.278,
2019-02-20,171.848,171.848,171.848,171.848,
2019-02-21,171.821,171.821,171.821,171.821,
2019-02-22,172.332,172.332,172.332,172.332,
2019-02-25,170.173,170.173,170.173,170.173,
2019-02-26,168.668,168.668,168.668,168.668,
2019-02-27,164.521,164.521,164.521,164.521,
2019-02-28,165.838,165.838,165.838,165.838,
2019-03-01,165.865,165.865,165.865,165.865,
2019-03-04,164.646,164.646,164.646,164.646,
2019-03-05,164.817,164.817,164.817,164.817,
2019-03-06,165.22,165.22,165.22,165.22,
2019-03-07,163.482,163.482,163.482,163.482,
2019-03-08,162.335,162.335,162.335,162.335,
2019-03-11,163.419,163.419,163.419,163.419,
2019-03-12,164.817,164.817,164.817,164.817,
2019-03-13,163.463,163.463,163.463,163.463,
2019-03-14,163.887,163.887,163.887,163.887,
2019-03-15,164.447,164.447,164.447,164.447,
2019-03-18,165.52,165.52,165.52,165.52,
2019-03-19,166.161,166.161,166.161,166.161,
2019-03-20,167.939,167.939,167.939,167.939,
2019-03-21,171.431,171.431,171.431,171.431,
2019-03-22,170.33,170.33,170.33,170.33,
2019-03-25,171.17,171.17,171.17,171.17,
2019-03-26,170.863,170.863,170.863,170.863,
2019-03-27,170.781,170.781,170.781,170.781,
2019-03-28,171.512,171.512,171.512,171.512,
2019-03-29,173.164,173.164,173.164,173.164,
2019-04-01,176.548,176.548,176.548,176.548,
2019-04-02,175.348,175.348,175.348,175.348,
2019-04-03,179.228,179.228,179.228,179.228,
2019-04-04,180.888,180.888,180.888,180.888,
2019-04-05,182.341,182.341,182.341,182.341,
2019-04-08,183.686,183.686,183.686,183.686,
2019-04-09,181.295,181.295,181.295,181.295,
2019-04-10,179.968,179.968,179.968,179.968,
2019-04-11,181.818,181.818,181.818,181.818,
2019-04-12,183.957,183.957,183.957,183.957,
2019-04-15,184.868,184.868,184.868,184.868,
2019-04-16,184.516,184.516,184.516,184.516,
2019-04-17,186.393,186.393,186.393,186.393,
2019-04-18,185.59,185.59,185.59,185.59,
2019-04-22,184.796,184.796,184.796,184.796,
2019-04-23,185.942,185.942,185.942,185.942,
2019-04-24,186.547,186.547,186.547,186.547,
2019-04-25,186.348,186.348,186.348,186.348,
2019-04-26,183.74,183.74,183.74,183.74,
2019-04-29,182.432,182.432,182.432,182.432,
2019-04-30,183.821,183.821,183.821,183.821,
2019-05-01,179.4,179.4,179.4,179.4,
2019-05-02,181.394,181.394,181.394,181.394,
2019-05-03,180.988,180.988,180.988,180.988,
2019-05-06,180.149,180.149,180.149,180.149,
2019-05-07,175.763,175.763,175.763,175.763,
2019-05-08,176.124,176.124,176.124,176.124,
2019-05-09,175.591,175.591,175.591,175.591,
2019-05-10,175.591,175.591,175.591,175.591,
2019-05-13,171.765,171.765,171.765,171.765,
2019-05-14,172.92,172.92,172.92,172.92,
2019-05-15,173.047,173.047,173.047,173.047,
2019-05-16,173.606,173.606,173.606,173.606,
2019-05-17,173.787,173.787,173.787,173.787,
2019-05-20,172.316,172.316,172.316,172.316,
2019-05-21,172.767,172.767,172.767,172.767,
2019-05-22,170.475,170.475,170.475,170.475,
2019-05-23,173.263,173.263,173.263,173.263,
2019-05-24,174.698,174.698,174.698,174.698,
2019-05-28,172.857,172.857,172.857,172.857,
2019-05-29,171.449,171.449,171.449,171.449,
2019-05-30,172.433,172.433,172.433,172.433,
2019-05-31,171.323,171.323,171.323,171.323,
2019-06-03,171.07,171.07,171.07,171.07,
2019-06-04,176.196,176.196,176.196,176.196,
2019-06-05,178.74,178.74,178.74,178.74,
2019-06-06,179.177,179.177,179.177,179.177,
2019-06-07,179.295,179.295,179.295,179.295,
2019-06-10,179.976,179.976,179.976,179.976,
2019-06-11,179.94,179.94,179.94,179.94,
2019-06-12,180.785,180.785,180.785,180.785,
2019-06-13,183.884,183.884,183.884,183.884,
2019-06-14,186.992,186.992,186.992,186.992,
2019-06-17,188.091,188.091,188.091,188.091,
2019-06-18,188.546,188.546,188.546,188.546,
2019-06-19,188.964,188.964,188.964,188.964,
2019-06-20,191.972,191.972,191.972,191.972,
2019-06-21,190.281,190.281,190.281,190.281,
2019-06-24,186.746,186.746,186.746,186.746,
2019-06-25,186.056,186.056,186.056,186.056,
2019-06-26,187.583,187.583,187.583,187.583,
2019-06-27,188.128,188.128,188.128,188.128,
2019-06-28,188.991,188.991,188.991,188.991,
2019-07-01,191.09,191.09,191.09,191.09,
2019-07-02,190.963,190.963,190.963,190.963,
2019-07-03,192.744,192.744,192.744,192.744,
2019-07-05,192.163,192.163,192.163,192.163,
2019-07-08,193.48,193.48,193.48,193.48,
2019-07-09,192.653,192.653,192.653,192.653,
2019-07-10,191.517,191.517,191.517,191.517,
2019-07-11,194.507,194.507,194.507,194.507,
2019-07-12,198.315,198.315,198.315,198.315,
2019-07-15,198.742,198.742,198.742,198.742,
2019-07-16,197.433,197.433,197.433,197.433,
2019-07-17,195.934,195.934,195.934,195.934,
2019-07-18,194.871,194.871,194.871,194.871,
2019-07-19,193.598,193.598,193.598,193.598,
2019-07-22,191.99,191.99,191.99,191.99,
2019-07-23,193.635,193.635,193.635,193.635,
2019-07-24,195.116,195.116,195.116,195.116,
2019-07-25,195.879,195.879,195.879,195.879,
2019-07-26,197.115,197.115,197.115,197.115,
2019-07-29,198.142,198.142,198.142,198.142,
2019-07-30,197.524,197.524,197.524,197.524,
2019-07-31,194.189,194.189,194.189,194.189,
2019-08-01,193.408,193.408,193.408,193.408,
2019-08-02,192.79,192.79,192.79,192.79,
2019-08-05,186.238,186.238,186.238,186.238,
2019-08-06,189.745,189.745,189.745,189.745,
2019-08-07,188.936,188.936,188.936,188.936,
2019-08-08,192.263,192.263,192.263,192.263,
2019-08-09,190.854,190.854,190.854,190.854,
2019-08-12,188.119,188.119,188.119,188.119,
2019-08-13,189.318,189.318,189.318,189.318,
2019-08-14,183.193,183.193,183.193,183.193,
2019-08-15,183.375,183.375,183.375,183.375,
2019-08-16,185.065,185.065,185.065,185.065,
2019-08-19,188.973,188.973,188.973,188.973,
2019-08-20,197.279,197.279,197.279,197.279,
2019-08-21,200.287,200.287,200.287,200.287,
2019-08-22,200.85,200.85,200.85,200.85,
2019-08-23,197.624,197.624,197.624,197.624,
2019-08-26,198.696,198.696,198.696,198.696,
2019-08-27,198.297,198.297,198.297,198.297,
2019-08-28,201.695,201.695,201.695,201.695,
2019-08-29,206.575,206.575,206.575,206.575,
2019-08-30,207.111,207.111,207.111,207.111,
2019-09-03,203.622,203.622,203.622,203.622,
2019-09-04,204.938,204.938,204.938,204.938,
2019-09-05,208.596,208.596,208.596,208.596,
2019-09-06,211.32,211.32,211.32,211.32,
2019-09-09,212.911,212.911,212.911,212.911,
2019-09-10,213.03,213.03,213.03,213.03,
2019-09-11,212.719,212.719,212.719,212.719,
2019-09-12,213.761,213.761,213.761,213.761,
2019-09-13,213.926,213.926,213.926,213.926,
2019-09-16,211.192,211.192,211.192,211.192,
2019-09-17,210.479,210.479,210.479,210.479,
2019-09-18,211.046,211.046,211.046,211.046,
2019-09-19,208.568,208.568,208.568,208.568,
2019-09-20,205.414,205.414,205.414,205.414,
2019-09-23,206.858,206.858,206.858,206.858,
2019-09-24,206.09,206.09,206.09,206.09,
2019-09-25,208.55,208.55,208.55,208.55,
2019-09-26,210.095,210.095,210.095,210.095,
2019-09-27,210.159,210.159,210.159,210.159,
2019-09-30,212.134,212.134,212.134,212.134,
2019-10-01,211.274,211.274,211.274,211.274,
2019-10-02,206.218,206.218,206.218,206.218,
2019-10-03,207.37,207.37,207.37,207.37,
2019-10-04,208.394,208.394,208.394,208.394,
2019-10-07,207.306,207.306,207.306,207.306,
2019-10-08,207.242,207.242,207.242,207.242,
2019-10-09,209.318,209.318,209.318,209.318,
2019-10-10,211.759,211.759,211.759,211.759,
2019-10-11,214.548,214.548,214.548,214.548,
2019-10-14,214.109,214.109,214.109,214.109,
2019-10-15,215.425,215.425,215.425,215.425,
2019-10-16,215.681,215.681,215.681,215.681,
2019-10-17,216.477,216.477,216.477,216.477,
2019-10-18,217.537,217.537,217.537,217.537,
2019-10-21,216.413,216.413,216.413,216.413,
2019-10-22,216.87,216.87,216.87,216.87,
2019-10-23,214.557,214.557,214.557,214.557,
2019-10-24,213.844,213.844,213.844,213.844,
2019-10-25,214.292,214.292,214.292,214.292,
2019-10-28,216.504,216.504,216.504,216.504,
2019-10-29,214.072,214.072,214.072,214.072,
2019-10-30,215.992,215.992,215.992,215.992,
2019-10-31,214.474,214.474,214.474,214.474,
2019-11-01,216.998,216.998,216.998,216.998,
2019-11-04,214.785,214.785,214.785,214.785,
2019-11-05,212.298,212.298,212.298,212.298,
2019-11-06,213.953,213.953,213.953,213.953,
2019-11-07,212.975,212.975,212.975,212.975,
2019-11-08,212.884,212.884,212.884,212.884,
2019-11-11,211.933,211.933,211.933,211.933,
2019-11-12,213.14,213.14,213.14,213.14,
2019-11-13,214.676,214.676,214.676,214.676,
2019-11-14,216.276,216.276,216.276,216.276,
2019-11-15,216.952,216.952,216.952,216.952,
2019-11-18,218.378,218.378,218.378,218.378,
2019-11-19,206.502,206.502,206.502,206.502,
2019-11-20,201.967,201.967,201.967,201.967,
2019-11-21,199.809,199.809,199.809,199.809,
2019-11-22,199.343,199.343,199.343,199.343,
2019-11-25,199.681,199.681,199.681,199.681,
2019-11-26,201.839,201.839,201.839,201.839,
2019-11-27,203.887,203.887,203.887,203.887,
2019-11-29,201.61,201.61,201.61,201.61,
2019-12-02,198.968,198.968,198.968,198.968,
2019-12-03,195.658,195.658,195.658,195.658,
2019-12-04,197.002,197.002,197.002,197.002,
2019-12-05,195.99,195.99,195.99,195.99,
2019-12-06,197.167,197.167,197.167,197.167,
2019-12-09,199.238,199.238,199.238,199.238,
2019-12-10,198.658,198.658,198.658,198.658,
2019-12-11,195.069,195.069,195.069,195.069,
2019-12-12,195.106,195.106,195.106,195.106,
2019-12-13,196.983,196.983,196.983,196.983,
2019-12-16,198.318,198.318,198.318,198.318,
2019-12-17,200.333,200.333,200.333,200.333,
2019-12-18,200.59,200.59,200.59,200.59,
2019-12-19,202.633,202.633,202.633,202.633,
2019-12-20,203.526,203.526,203.526,203.526,
2019-12-23,201.704,201.704,201.704,201.704,
2019-12-24,203.047,203.047,203.047,203.047,
2019-12-26,203.185,203.185,203.185,203.185,
2019-12-27,202.403,202.403,202.403,202.403,
2019-12-30,199.955,199.955,199.955,199.955,
2019-12-31,200.94,200.94,200.94,200.94,
2020-01-02,202.118,202.118,202.118,202.118,
2020-01-03,201.446,201.446,201.446,201.446,
2020-01-06,202.394,202.394,202.394,202.394,
2020-01-07,201.069,201.069,201.069,201.069,
2020-01-08,204.078,204.078,204.078,204.078,
2020-01-09,207.206,207.206,207.206,207.206,
2020-01-10,206.314,206.314,206.314,206.314,
2020-01-13,205.504,205.504,205.504,205.504,
2020-01-14,205.016,205.016,205.016,205.016,
2020-01-15,206.654,206.654,206.654,206.654,
2020-01-16,210.546,210.546,210.546,210.546,
2020-01-17,213.389,213.389,213.389,213.389,
2020-01-21,214.346,214.346,214.346,214.346,
2020-01-22,214.3,214.3,214.3,214.3,
2020-01-23,214.99,214.99,214.99,214.99,
2020-01-24,213.472,213.472,213.472,213.472,
2020-01-27,212.727,212.727,212.727,212.727,
2020-01-28,215.184,215.184,215.184,215.184,
2020-01-29,215.331,215.331,215.331,215.331,
2020-01-30,214.199,214.199,214.199,214.199,
2020-01-31,209.884,209.884,209.884,209.884,
2020-02-03,213.049,213.049,213.049,213.049,
2020-02-04,216.233,216.233,216.233,216.233,
2020-02-05,219.094,219.094,219.094,219.094,
2020-02-06,219.766,219.766,219.766,219.766,
2020-02-07,218.349,218.349,218.349,218.349,
2020-02-10,221.395,221.395,221.395,221.395,
2020-02-11,222.342,222.342,222.342,222.342,
2020-02-12,222.296,222.296,222.296,222.296,
2020-02-13,223.005,223.005,223.005,223.005,
2020-02-14,225.462,225.462,225.462,225.462,
2020-02-18,224.459,224.459,224.459,224.459,
2020-02-19,224.183,224.183,224.183,224.183,
2020-02-20,227.293,227.293,227.293,227.293,
2020-02-21,225.747,225.747,225.747,225.747,
2020-02-24,220.557,220.557,220.557,220.557,
2020-02-25,218.423,218.423,218.423,218.423,
2020-02-26,216.49,216.49,216.49,216.49,
2020-02-27,206.783,206.783,206.783,206.783,
2020-02-28,200.443,200.443,200.443,200.443,
2020-03-02,211.577,211.577,211.577,211.577,
2020-03-03,209.736,209.736,209.736,209.736,
2020-03-04,221.827,221.827,221.827,221.827,
2020-03-05,216.058,216.058,216.058,216.058,
2020-03-06,210.261,210.261,210.261,210.261,
2020-03-09,193.652,193.652,193.652,193.652,
2020-03-10,207.675,207.675,207.675,207.675,
2020-03-11,197.199,197.199,197.199,197.199,
2020-03-12,176.543,176.543,176.543,176.543,
2020-03-13,190.511,190.511,190.511,190.511,
2020-03-16,152.802,152.802,152.802,152.802,
2020-03-17,160.842,160.842,160.842,160.842,
2020-03-18,144.159,144.159,144.159,144.159,
2020-03-19,149.254,149.254,149.254,149.254,
2020-03-20,140.936,140.936,140.936,140.936,
2020-03-23,150.421,150.421,150.421,150.421,
2020-03-24,171.105,171.105,171.105,171.105,
2020-03-25,168.363,168.363,168.363,168.363,
2020-03-26,180.822,180.822,180.822,180.822,
2020-03-27,176.505,176.505,176.505,176.505,
2020-03-30,181.646,181.646,181.646,181.646,
2020-03-31,172.949,172.949,172.949,172.949,
2020-04-01,165.464,165.464,165.464,165.464,
2020-04-02,167.947,167.947,167.947,167.947,
2020-04-03,165.529,165.529,165.529,165.529,
2020-04-06,177.228,177.228,177.228,177.228,
2020-04-07,178.117,178.117,178.117,178.117,
2020-04-08,180.461,180.461,180.461,180.461,
2020-04-09,186.676,186.676,186.676,186.676,
2020-04-13,184.138,184.138,184.138,184.138,
2020-04-14,191.901,191.901,191.901,191.901,
2020-04-15,183.851,183.851,183.851,183.851,
2020-04-16,185.12,185.12,185.12,185.12,
2020-04-17,193.985,193.985,193.985,193.985,
2020-04-20,190.863,190.863,190.863,190.863,
2020-04-21,185.824,185.824,185.824,185.824,
2020-04-22,189.122,189.122,189.122,189.122,
2020-04-23,187.408,187.408,187.408,187.408,
2020-04-24,196.541,196.541,196.541,196.541,
2020-04-27,201.71,201.71,201.71,201.71,
2020-04-28,201.59,201.59,201.59,201.59,
2020-04-29,205.461,205.461,205.461,205.461,
2020-04-30,203.627,203.627,203.627,203.627,
2020-05-01,202.46,202.46,202.46,202.46,
2020-05-04,205.489,205.489,205.489,205.489,
2020-05-05,208.981,208.981,208.981,208.981,
2020-05-06,207.416,207.416,207.416,207.416,
2020-05-07,212.538,212.538,212.538,212.538,
2020-05-08,217.151,217.151,217.151,217.151,
2020-05-11,219.124,219.124,219.124,219.124,
2020-05-12,215.734,215.734,215.734,215.734,
2020-05-13,213.14,213.14,213.14,213.14,
2020-05-14,217.198,217.198,217.198,217.198,
2020-05-15,221.69,221.69,221.69,221.69,
2020-05-18,227.266,227.266,227.266,227.266,
2020-05-19,220.551,220.551,220.551,220.551,
2020-05-20,220.634,220.634,220.634,220.634,
2020-05-21,223.126,223.126,223.126,223.126,
2020-05-22,224.052,224.052,224.052,224.052,
2020-05-26,224.608,224.608,224.608,224.608,
2020-05-27,229.128,229.128,229.128,229.128,
2020-05-28,227.072,227.072,227.072,227.072,
2020-05-29,230.166,230.166,230.166,230.166,
2020-06-01,229.063,229.063,229.063,229.063,
2020-06-02,234.084,234.084,234.084,234.084,
2020-06-03,233.888,233.888,233.888,233.888,
2020-06-04,231.978,231.978,231.978,231.978,
2020-06-05,237.522,237.522,237.522,237.522,
2020-06-08,239.265,239.265,239.265,239.265,
2020-06-09,239.256,239.256,239.256,239.256,
2020-06-10,237.103,237.103,237.103,237.103,
2020-06-11,223.144,223.144,223.144,223.144,
2020-06-12,225.921,225.921,225.921,225.921,
2020-06-15,224.906,224.906,224.906,224.906,
2020-06-16,232.91,232.91,232.91,232.91,
2020-06-17,233.749,233.749,233.749,233.749,
2020-06-18,232.22,232.22,232.22,232.22,
2020-06-19,229.835,229.835,229.835,229.835,
2020-06-22,232.174,232.174,232.174,232.174,
2020-06-23,233.245,233.245,233.245,233.245,
2020-06-24,229.35,229.35,229.35,229.35,
2020-06-25,228.651,228.651,228.651,228.651,
2020-06-26,224.579,224.579,224.579,224.579,
2020-06-29,229.341,229.341,229.341,229.341,
2020-06-30,233.432,233.432,233.432,233.432,
2020-07-01,231.233,231.233,231.233,231.233,
2020-07-02,231.559,231.559,231.559,231.559,
2020-07-06,232.537,232.537,232.537,232.537,
2020-07-07,230.487,230.487,230.487,230.487,
2020-07-08,232.183,232.183,232.183,232.183,
2020-07-09,231.056,231.056,231.056,231.056,
2020-07-10,233.059,233.059,233.059,233.059,
2020-07-13,232.602,232.602,232.602,232.602,
2020-07-14,240.215,240.215,240.215,240.215,
2020-07-15,240.225,240.225,240.225,240.225,
2020-07-16,240.486,240.486,240.486,240.486,
2020-07-17,242.629,242.629,242.629,242.629,
2020-07-20,242.433,242.433,242.433,242.433,
2020-07-21,244.53,244.53,244.53,244.53,
2020-07-22,247.092,247.092,247.092,247.092,
2020-07-23,245.825,245.825,245.825,245.825,
2020-07-24,247.223,247.223,247.223,247.223,
2020-07-27,249.189,249.189,249.189,249.189,
2020-07-28,247.195,247.195,247.195,247.195,
2020-07-29,246.617,246.617,246.617,246.617,
2020-07-30,248.155,248.155,248.155,248.155,
2020-07-31,247.39,247.39,247.39,247.39,
2020-08-03,248.033,248.033,248.033,248.033,
2020-08-04,249.608,249.608,249.608,249.608,
2020-08-05,249.245,249.245,249.245,249.245,
2020-08-06,251.006,251.006,251.006,251.006,
2020-08-07,253.121,253.121,253.121,253.121,
2020-08-10,256.001,256.001,256.001,256.001,
2020-08-11,256.178,256.178,256.178,256.178,
2020-08-12,262.384,262.384,262.384,262.384,
2020-08-13,262.458,262.458,262.458,262.458,
2020-08-14,261.424,261.424,261.424,261.424,
2020-08-17,268.59,268.59,268.59,268.59,
2020-08-18,265.57,265.57,265.57,265.57,
2020-08-19,263.576,263.576,263.576,263.576,
2020-08-20,261.545,261.545,261.545,261.545,
2020-08-21,263.921,263.921,263.921,263.921,
2020-08-24,267.201,267.201,267.201,267.201,
2020-08-25,266.623,266.623,266.623,266.623,
2020-08-26,272.028,272.028,272.028,272.028,
2020-08-27,268.953,268.953,268.953,268.953,
2020-08-28,266.772,266.772,266.772,266.772,
2020-08-31,265.608,265.608,265.608,265.608,
2020-09-01,266.446,266.446,266.446,266.446,
2020-09-02,269.032,269.032,269.032,269.032,
2020-09-03,257.257,257.257,257.257,257.257,
2020-09-04,252.601,252.601,252.601,252.601,
2020-09-08,252.227,252.227,252.227,252.227,
2020-09-09,259.514,259.514,259.514,259.514,
2020-09-10,255.449,255.449,255.449,255.449,
2020-09-11,258.849,258.849,258.849,258.849,
2020-09-14,262.896,262.896,262.896,262.896,
2020-09-15,267.514,267.514,267.514,267.514,
2020-09-16,263.814,263.814,263.814,263.814,
2020-09-17,262.25,262.25,262.25,262.25,
2020-09-18,257.781,257.781,257.781,257.781,
2020-09-21,255.121,255.121,255.121,255.121,
2020-09-22,256.02,256.02,256.02,256.02,
2020-09-23,249.688,249.688,249.688,249.688,
2020-09-24,248.892,248.892,248.892,248.892,
2020-09-25,251.562,251.562,251.562,251.562,
2020-09-28,255.102,255.102,255.102,255.102,
2020-09-29,254.896,254.896,254.896,254.896,
2020-09-30,260.142,260.142,260.142,260.142,
2020-10-01,260.058,260.058,260.058,260.058,
2020-10-02,261.641,261.641,261.641,261.641,
2020-10-05,264.254,264.254,264.254,264.254,
2020-10-06,258.98,258.98,258.98,258.98,
2020-10-07,264.901,264.901,264.901,264.901,
2020-10-08,266.521,266.521,266.521,266.521,
2020-10-09,267.833,267.833,267.833,267.833,
2020-10-12,268.76,268.76,268.76,268.76,
2020-10-13,271.992,271.992,271.992,271.992,
2020-10-14,268.929,268.929,268.929,268.929,
2020-10-15,269.35,269.35,269.35,269.35,
2020-10-16,269.463,269.463,269.463,269.463,
2020-10-19,265.781,265.781,265.781,265.781,
2020-10-20,267.945,267.945,267.945,267.945,
2020-10-21,266.512,266.512,266.512,266.512,
2020-10-22,263.374,263.374,263.374,263.374,
2020-10-23,265.097,265.097,265.097,265.097,
2020-10-26,258.578,258.578,258.578,258.578,
2020-10-27,259.327,259.327,259.327,259.327,
2020-10-28,252.657,252.657,252.657,252.657,
2020-10-29,252.573,252.573,252.573,252.573,
2020-10-30,249.838,249.838,249.838,249.838,
2020-11-02,253.613,253.613,253.613,253.613,
2020-11-03,259.824,259.824,259.824,259.824,
2020-11-04,264.835,264.835,264.835,264.835,
2020-11-05,267.767,267.767,267.767,267.767,
2020-11-06,266.259,266.259,266.259,266.259,
2020-11-09,252.892,252.892,252.892,252.892,
2020-11-10,258.137,258.137,258.137,258.137,
2020-11-11,260.18,260.18,260.18,260.18,
2020-11-12,258.765,258.765,258.765,258.765,
2020-11-13,259.636,259.636,259.636,259.636,
2020-11-16,261.884,261.884,261.884,261.884,
2020-11-17,255.234,255.234,255.234,255.234,
2020-11-18,252.761,252.761,252.761,252.761,
2020-11-19,253.791,253.791,253.791,253.791,
2020-11-20,252.742,252.742,252.742,252.742,
2020-11-23,254.231,254.231,254.231,254.231,
2020-11-24,256.02,256.02,256.02,256.02,
2020-11-25,256.629,256.629,256.629,256.629,
2020-11-27,258.531,258.531,258.531,258.531,
2020-11-30,259.861,259.861,259.861,259.861,
2020-12-01,259.102,259.102,259.102,259.102,
2020-12-02,255.335,255.335,255.335,255.335,
2020-12-03,252.547,252.547,252.547,252.547,
2020-12-04,248.638,248.638,248.638,248.638,
2020-12-07,247.367,247.367,247.367,247.367,
2020-12-08,246.5,246.5,246.5,246.5,
2020-12-09,250.136,250.136,250.136,250.136,
2020-12-10,249.411,249.411,249.411,249.411,
2020-12-11,249.166,249.166,249.166,249.166,
2020-12-14,250.136,250.136,250.136,250.136,
2020-12-15,252.396,252.396,252.396,252.396,
2020-12-16,253.913,253.913,253.913,253.913,
2020-12-17,258.038,258.038,258.038,258.038,
2020-12-18,254.723,254.723,254.723,254.723,
2020-12-21,255.231,255.231,255.231,255.231,
2020-12-22,254.337,254.337,254.337,254.337,
2020-12-23,254.12,254.12,254.12,254.12,
2020-12-24,255.165,255.165,255.165,255.165,
2020-12-28,253.592,253.592,253.592,253.592,
2020-12-29,250.71,250.71,250.71,250.71,
2020-12-30,249.835,249.835,249.835,249.835,
2020-12-31,250.174,250.174,250.174,250.174,
2021-01-04,248.572,248.572,248.572,248.572,
2021-01-05,250.579,250.579,250.579,250.579,
2021-01-06,252.01,252.01,252.01,252.01,
2021-01-07,250.776,250.776,250.776,250.776,
2021-01-08,253.442,253.442,253.442,253.442,
2021-01-11,255.457,255.457,255.457,255.457,
2021-01-12,260.261,260.261,260.261,260.261,
2021-01-13,258.113,258.113,258.113,258.113,
2021-01-14,252.735,252.735,252.735,252.735,
2021-01-15,259.564,259.564,259.564,259.564,
2021-01-19,257.303,257.303,257.303,257.303,
2021-01-20,258.349,258.349,258.349,258.349,
2021-01-21,262.823,262.823,262.823,262.823,
2021-01-22,267.485,267.485,267.485,267.485,
2021-01-25,268.502,268.502,268.502,268.502,
2021-01-26,266.166,266.166,266.166,266.166,
2021-01-27,258.113,258.113,258.113,258.113,
2021-01-28,261.881,261.881,261.881,261.881,
2021-01-29,255.071,255.071,255.071,255.071,
2021-02-01,254.365,254.365,254.365,254.365,
2021-02-02,256.333,256.333,256.333,256.333,
2021-02-03,258.226,258.226,258.226,258.226,
2021-02-04,262.606,262.606,262.606,262.606,
2021-02-05,262.644,262.644,262.644,262.644,
2021-02-08,263.746,263.746,263.746,263.746,
2021-02-09,260.675,260.675,260.675,260.675,
2021-02-10,262.484,262.484,262.484,262.484,
2021-02-11,260.948,260.948,260.948,260.948,
2021-02-12,261.372,261.372,261.372,261.372,
2021-02-16,259.375,259.375,259.375,259.375,
2021-02-17,264.584,264.584,264.584,264.584,
2021-02-18,266.59,266.59,266.59,266.59,
2021-02-19,263.378,263.378,263.378,263.378,
2021-02-22,259.809,259.809,259.809,259.809,
2021-02-23,251.699,251.699,251.699,251.699,
2021-02-24,244.852,244.852,244.852,244.852,
2021-02-25,240.407,240.407,240.407,240.407,
2021-02-26,243.317,243.317,243.317,243.317,
2021-03-01,246.406,246.406,246.406,246.406,
2021-03-02,245.154,245.154,245.154,245.154,
2021-03-03,242.394,242.394,242.394,242.394,
2021-03-04,236.338,236.338,236.338,236.338,
2021-03-05,238.777,238.777,238.777,238.777,
2021-03-08,243.967,243.967,243.967,243.967,
2021-03-09,249.552,249.552,249.552,249.552,
2021-03-10,252.329,252.329,252.329,252.329,
2021-03-11,254.802,254.802,254.802,254.802,
2021-03-12,258.83,258.83,258.83,258.83,
2021-03-15,263.986,263.986,263.986,263.986,
2021-03-16,267.341,267.341,267.341,267.341,
2021-03-17,265.398,265.398,265.398,265.398,
2021-03-18,268.365,268.365,268.365,268.365,
2021-03-19,273.994,273.994,273.994,273.994,
2021-03-22,273.843,273.843,273.843,273.843,
2021-03-23,274.828,274.828,274.828,274.828,
2021-03-24,277.454,277.454,277.454,277.454,
2021-03-25,281.652,281.652,281.652,281.652,
2021-03-26,287.936,287.936,287.936,287.936,
2021-03-29,286.41,286.41,286.41,286.41,
2021-03-30,288.893,288.893,288.893,288.893,
2021-03-31,289.301,289.301,289.301,289.301,
2021-04-01,291.67,291.67,291.67,291.67,
2021-04-05,298.92,298.92,298.92,298.92,
2021-04-06,297.385,297.385,297.385,297.385,
2021-04-07,296.143,296.143,296.143,296.143,
2021-04-08,298.001,298.001,298.001,298.001,
2021-04-09,302.55,302.55,302.55,302.55,
2021-04-12,304.029,304.029,304.029,304.029,
2021-04-13,303.659,303.659,303.659,303.659,
2021-04-14,303.299,303.299,303.299,303.299,
2021-04-15,305.877,305.877,305.877,305.877,
2021-04-16,310.938,310.938,310.938,310.938,
2021-04-19,309.772,309.772,309.772,309.772,
2021-04-20,307.033,307.033,307.033,307.033,
2021-04-21,308.919,308.919,308.919,308.919,
2021-04-22,304.664,304.664,304.664,304.664,
2021-04-23,306.967,306.967,306.967,306.967,
2021-04-26,303.27,303.27,303.27,303.27,
2021-04-27,303.839,303.839,303.839,303.839,
2021-04-28,303.005,303.005,303.005,303.005,
2021-04-29,308.341,308.341,308.341,308.341,
2021-04-30,306.758,306.758,306.758,306.758,
2021-05-03,313.013,313.013,313.013,313.013,
2021-05-04,315.383,315.383,315.383,315.383,
2021-05-05,314.7,314.7,314.7,314.7,
2021-05-06,319.941,319.941,319.941,319.941,
2021-05-07,321.524,321.524,321.524,321.524,
2021-05-10,323.296,323.296,323.296,323.296,
2021-05-11,313.383,313.383,313.383,313.383,
2021-05-12,300.437,300.437,300.437,300.437,
2021-05-13,308.417,308.417,308.417,308.417,
2021-05-14,306.72,306.72,306.72,306.72,
2021-05-17,303.289,303.289,303.289,303.289,
2021-05-18,300.2,300.2,300.2,300.2,
2021-05-19,298.02,298.02,298.02,298.02,
2021-05-20,299.394,299.394,299.394,299.394,
2021-05-21,299.271,299.271,299.271,299.271,
2021-05-24,298.389,298.389,298.389,298.389,
2021-05-25,300.2,300.2,300.2,300.2,
2021-05-26,300.749,300.749,300.749,300.749,
2021-05-27,302.114,302.114,302.114,302.114,
2021-05-28,302.247,302.247,302.247,302.247,
2021-06-01,299.783,299.783,299.783,299.783,
2021-06-02,298.42,298.42,298.42,298.42,
2021-06-03,296.705,296.705,296.705,296.705,
2021-06-04,296.305,296.305,296.305,296.305,
2021-06-07,295.305,295.305,295.305,295.305,
2021-06-08,296.2,296.2,296.2,296.2,
2021-06-09,292.809,292.809,292.809,292.809,
2021-06-10,293.733,293.733,293.733,293.733,
2021-06-11,296.077,296.077,296.077,296.077,
2021-06-14,294.695,294.695,294.695,294.695,
2021-06-15,291.961,291.961,291.961,291.961,
2021-06-16,288.464,288.464,288.464,288.464,
2021-06-17,288.788,288.788,288.788,288.788,
2021-06-18,288.302,288.302,288.302,288.302,
2021-06-21,293.056,293.056,293.056,293.056,
2021-06-22,297.925,297.925,297.925,297.925,
2021-06-23,296.934,296.934,296.934,296.934,
2021-06-24,297.096,297.096,297.096,297.096,
2021-06-25,298.801,298.801,298.801,298.801,
2021-06-28,299.421,299.421,299.421,299.421,
2021-06-29,303.193,303.193,303.193,303.193,
2021-06-30,303.813,303.813,303.813,303.813,
2021-07-01,306.337,306.337,306.337,306.337,
2021-07-02,307.443,307.443,307.443,307.443,
2021-07-06,304.165,304.165,304.165,304.165,
2021-07-07,308.186,308.186,308.186,308.186,
2021-07-08,303.479,303.479,303.479,303.479,
2021-07-09,306.861,306.861,306.861,306.861,
2021-07-12,306.528,306.528,306.528,306.528,
2021-07-13,302.06,302.06,302.06,302.06,
2021-07-14,304.127,304.127,304.127,304.127,
2021-07-15,307.452,307.452,307.452,307.452,
2021-07-16,306.337,306.337,306.337,306.337,
2021-07-19,303.794,303.794,303.794,303.794,
2021-07-20,309.967,309.967,309.967,309.967,
2021-07-21,310.93,310.93,310.93,310.93,
2021-07-22,311.215,311.215,311.215,311.215,
2021-07-23,317.103,317.103,317.103,317.103,
2021-07-26,315.522,315.522,315.522,315.522,
2021-07-27,311.787,311.787,311.787,311.787,
2021-07-28,310.129,310.129,310.129,310.129,
2021-07-29,311.949,311.949,311.949,311.949,
2021-07-30,312.673,312.673,312.673,312.673,
2021-08-02,311.749,311.749,311.749,311.749,
2021-08-03,316.246,316.246,316.246,316.246,
2021-08-04,314.693,314.693,314.693,314.693,
2021-08-05,317.36,317.36,317.36,317.36,
2021-08-06,314.245,314.245,314.245,314.245,
2021-08-09,313.216,313.216,313.216,313.216,
2021-08-10,315.807,315.807,315.807,315.807,
2021-08-11,321.066,321.066,321.066,321.066,
2021-08-12,318.227,318.227,318.227,318.227,
2021-08-13,315.655,315.655,315.655,315.655,
2021-08-16,319.209,319.209,319.209,319.209,
2021-08-17,305.585,305.585,305.585,305.585,
2021-08-18,306.347,306.347,306.347,306.347,
2021-08-19,307.633,307.633,307.633,307.633,
2021-08-20,313.673,313.673,313.673,313.673,
2021-08-23,312.244,312.244,312.244,312.244,
2021-08-24,309.539,309.539,309.539,309.539,
2021-08-25,308.567,308.567,308.567,308.567,
2021-08-26,306.28,306.28,306.28,306.28,
2021-08-27,308.09,308.09,308.09,308.09,
2021-08-30,311.635,311.635,311.635,311.635,
2021-08-31,310.758,310.758,310.758,310.758,
2021-09-01,309.906,309.906,309.906,309.906,
2021-09-02,313.832,313.832,313.832,313.832,
2021-09-03,316.321,316.321,316.321,316.321,
2021-09-07,314.99,314.99,314.99,314.99,
2021-09-08,317.509,317.509,317.509,317.509,
2021-09-09,317.691,317.691,317.691,317.691,
2021-09-10,317.863,317.863,317.863,317.863,
2021-09-13,321.215,321.215,321.215,321.215,
2021-09-14,318.983,318.983,318.983,318.983,
2021-09-15,319.223,319.223,319.223,319.223,
2021-09-16,322.115,322.115,322.115,322.115,
2021-09-17,321.425,321.425,321.425,321.425,
2021-09-20,317.155,317.155,317.155,317.155,
2021-09-21,320.037,320.037,320.037,320.037,
2021-09-22,321.674,321.674,321.674,321.674,
2021-09-23,321.655,321.655,321.655,321.655,
2021-09-24,323.168,323.168,323.168,323.168,
2021-09-27,326.922,326.922,326.922,326.922,
2021-09-28,319.635,319.635,319.635,319.635,
2021-09-29,322.632,322.632,322.632,322.632,
2021-09-30,314.33,314.33,314.33,314.33,
2021-10-01,315.862,315.862,315.862,315.862,
2021-10-04,312.616,312.616,312.616,312.616,
2021-10-05,315.498,315.498,315.498,315.498,
2021-10-06,316.341,316.341,316.341,316.341,
2021-10-07,323.158,323.158,323.158,323.158,
2021-10-08,320.152,320.152,320.152,320.152,
2021-10-11,322.67,322.67,322.67,322.67,
2021-10-12,323.465,323.465,323.465,323.465,
2021-10-13,323.924,323.924,323.924,323.924,
2021-10-14,329.45,329.45,329.45,329.45,
2021-10-15,335.54,335.54,335.54,335.54,
2021-10-18,339.945,339.945,339.945,339.945,
2021-10-19,342.798,342.798,342.798,342.798,
2021-10-20,343.028,343.028,343.028,343.028,
2021-10-21,349.147,349.147,349.147,349.147,
2021-10-22,350.459,350.459,350.459,350.459,
2021-10-25,355.505,355.505,355.505,355.505,
2021-10-26,353.532,353.532,353.532,353.532,
2021-10-27,356.52,356.52,356.52,356.52,
2021-10-28,355.802,355.802,355.802,355.802,
2021-10-29,355.965,355.965,355.965,355.965,
2021-11-01,350.928,350.928,350.928,350.928,
2021-11-02,351.703,351.703,351.703,351.703,
2021-11-03,353.312,353.312,353.312,353.312,
2021-11-04,356.386,356.386,356.386,356.386,
2021-11-05,352.766,352.766,352.766,352.766,
2021-11-08,352.948,352.948,352.948,352.948,
2021-11-09,354.921,354.921,354.921,354.921,
2021-11-10,352.939,352.939,352.939,352.939,
2021-11-11,352.029,352.029,352.029,352.029,
2021-11-12,356.817,356.817,356.817,356.817,
2021-11-15,355.333,355.333,355.333,355.333,
2021-11-16,375.681,375.681,375.681,375.681,
2021-11-17,378.094,378.094,378.094,378.094,
2021-11-18,388.627,388.627,388.627,388.627,
2021-11-19,391.347,391.347,391.347,391.347,
2021-11-22,391.442,391.442,391.442,391.442,
2021-11-23,391.04,391.04,391.04,391.04,
2021-11-24,394.621,394.621,394.621,394.621,
2021-11-26,385.611,385.611,385.611,385.611,
2021-11-29,389.556,389.556,389.556,389.556,
2021-11-30,383.609,383.609,383.609,383.609,
2021-12-01,385.013,385.013,385.013,385.013,
2021-12-02,392.08,392.08,392.08,392.08,
2021-12-03,392.119,392.119,392.119,392.119,
2021-12-06,399.705,399.705,399.705,399.705,
2021-12-07,400.167,400.167,400.167,400.167,
2021-12-08,395.427,395.427,395.427,395.427,
2021-12-09,395.513,395.513,395.513,395.513,
2021-12-10,399.417,399.417,399.417,399.417,
2021-12-13,389.648,389.648,389.648,389.648,
2021-12-14,386.725,386.725,386.725,386.725,
2021-12-15,392.119,392.119,392.119,392.119,
2021-12-16,384.158,384.158,384.158,384.158,
2021-12-17,373.052,373.052,373.052,373.052,
2021-12-20,374.417,374.417,374.417,374.417,
2021-12-21,375.446,375.446,375.446,375.446,
2021-12-22,380.417,380.417,380.417,380.417,
2021-12-23,381.792,381.792,381.792,381.792,
2021-12-27,388.542,388.542,388.542,388.542,
2021-12-28,390.59,390.59,390.59,390.59,
2021-12-29,395.032,395.032,395.032,395.032,
2021-12-30,394.167,394.167,394.167,394.167,
2021-12-31,399.042,399.042,399.042,399.042,
2022-01-03,392.917,392.917,392.917,392.917,
2022-01-04,396.955,396.955,396.955,396.955,
2022-01-05,391.571,391.571,391.571,391.571,
2022-01-06,390.148,390.148,390.148,390.148,
2022-01-07,378.465,378.465,378.465,378.465,
2022-01-10,372.552,372.552,372.552,372.552,
2022-01-11,371.792,371.792,371.792,371.792,
2022-01-12,374.417,374.417,374.417,374.417,
2022-01-13,372.09,372.09,372.09,372.09,
2022-01-14,357.687,357.687,357.687,357.687,
2022-01-18,352.61,352.61,352.61,352.61,
2022-01-19,345.85,345.85,345.85,345.85,
2022-01-20,336.129,336.129,336.129,336.129,
2022-01-21,335.668,335.668,335.668,335.668,
2022-01-24,349.812,349.812,349.812,349.812,
2022-01-25,345.168,345.168,345.168,345.168,
2022-01-26,343.533,343.533,343.533,343.533,
2022-01-27,342.716,342.716,342.716,342.716,
2022-01-28,352.437,352.437,352.437,352.437,
2022-01-31,352.86,352.86,352.86,352.86,
2022-02-01,354.514,354.514,354.514,354.514,
2022-02-02,359.35,359.35,359.35,359.35,
2022-02-03,350.773,350.773,350.773,350.773,
2022-02-04,345.831,345.831,345.831,345.831,
2022-02-07,343.6,343.6,343.6,343.6,
2022-02-08,347.533,347.533,347.533,347.533,
2022-02-09,350.35,350.35,350.35,350.35,
2022-02-10,341.427,341.427,341.427,341.427,
2022-02-11,336.812,336.812,336.812,336.812,
2022-02-14,338.033,338.033,338.033,338.033,
2022-02-15,339.668,339.668,339.668,339.668,
2022-02-16,336.62,336.62,336.62,336.62,
2022-02-17,334.553,334.553,334.553,334.553,
2022-02-18,333.524,333.524,333.524,333.524,
2022-02-22,304.005,304.005,304.005,304.005,
2022-02-23,296.582,296.582,296.582,296.582,
2022-02-24,301.188,301.188,301.188,301.188,
2022-02-25,304.466,304.466,304.466,304.466,
2022-02-28,303.678,303.678,303.678,303.678,
2022-03-01,307.928,307.928,307.928,307.928,
2022-03-02,314.774,314.774,314.774,314.774,
2022-03-03,311.88,311.88,311.88,311.88,
2022-03-04,311.784,311.784,311.784,311.784,
2022-03-07,310.351,310.351,310.351,310.351,
2022-03-08,304.553,304.553,304.553,304.553,
2022-03-09,306.836,306.836,306.836,306.836,
2022-03-10,307.552,307.552,307.552,307.552,
2022-03-11,306.439,306.439,306.439,306.439,
2022-03-14,307.958,307.958,307.958,307.958,
2022-03-15,317.805,317.805,317.805,317.805,
2022-03-16,320.098,320.098,320.098,320.098,
2022-03-17,325.37,325.37,325.37,325.37,
2022-03-18,329.607,329.607,329.607,329.607,
2022-03-21,318.608,318.608,318.608,318.608,
2022-03-22,318.956,318.956,318.956,318.956,
2022-03-23,306.691,306.691,306.691,306.691,
2022-03-24,305.462,305.462,305.462,305.462,
2022-03-25,300.529,300.529,300.529,300.529,
2022-03-28,304.011,304.011,304.011,304.011,
2022-03-29,307.329,307.329,307.329,307.329,
2022-03-30,298.381,298.381,298.381,298.381,
2022-03-31,289.55,289.55,289.55,289.55,
2022-04-01,292.026,292.026,292.026,292.026,
2022-04-04,295.596,295.596,295.596,295.596,
2022-04-05,294.899,294.899,294.899,294.899,
2022-04-06,288.786,288.786,288.786,288.786,
2022-04-07,292.858,292.858,292.858,292.858,
2022-04-08,300.945,300.945,300.945,300.945,
2022-04-11,296.698,296.698,296.698,296.698,
2022-04-12,296.282,296.282,296.282,296.282,
2022-04-13,300.277,300.277,300.277,300.277,
2022-04-14,294.57,294.57,294.57,294.57,
2022-04-18,290.401,290.401,290.401,290.401,
2022-04-19,297.743,297.743,297.743,297.743,
2022-04-20,304.843,304.843,304.843,304.843,
2022-04-21,300.219,300.219,300.219,300.219,
2022-04-22,290.304,290.304,290.304,290.304,
2022-04-25,294.976,294.976,294.976,294.976,
2022-04-26,290.159,290.159,290.159,290.159,
2022-04-27,291.746,291.746,291.746,291.746,
2022-04-28,301.574,301.574,301.574,301.574,
2022-04-29,290.585,290.585,290.585,290.585,
2022-05-02,296.94,296.94,296.94,296.94,
2022-05-03,294.996,294.996,294.996,294.996,
2022-05-04,305.008,305.008,305.008,305.008,
2022-05-05,289.337,289.337,289.337,289.337,
2022-05-06,284.694,284.694,284.694,284.694,
2022-05-09,287.325,287.325,287.325,287.325,
2022-05-10,281.647,281.647,281.647,281.647,
2022-05-11,273.715,273.715,273.715,273.715,
2022-05-12,280.225,280.225,280.225,280.225,
2022-05-13,286.358,286.358,286.358,286.358,
2022-05-16,286.319,286.319,286.319,286.319,
2022-05-17,291.117,291.117,291.117,291.117,
2022-05-18,275.862,275.862,275.862,275.862,
2022-05-19,278.358,278.358,278.358,278.358,
2022-05-20,277.806,277.806,277.806,277.806,
2022-05-23,276.684,276.684,276.684,276.684,
2022-05-24,278.513,278.513,278.513,278.513,
2022-05-25,283.978,283.978,283.978,283.978,
2022-05-26,292.916,292.916,292.916,292.916,
2022-05-27,298.381,298.381,298.381,298.381,
2022-05-31,292.858,292.858,292.858,292.858,
2022-06-01,289.295,289.295,289.295,289.295,
2022-06-02,297.745,297.745,297.745,297.745,
2022-06-03,296.976,296.976,296.976,296.976,
2022-06-06,295.817,295.817,295.817,295.817,
2022-06-07,293.754,293.754,293.754,293.754,
2022-06-08,289.626,289.626,289.626,289.626,
2022-06-09,291.894,291.894,291.894,291.894,
2022-06-10,281.556,281.556,281.556,281.556,
2022-06-13,275.638,275.638,275.638,275.638,
2022-06-14,271.267,271.267,271.267,271.267,
2022-06-15,272.299,272.299,272.299,272.299,
2022-06-16,266.196,266.196,266.196,266.196,
2022-06-17,263.538,263.538,263.538,263.538,
2022-06-21,262.049,262.049,262.049,262.049,
2022-06-22,261.835,261.835,261.835,261.835,
2022-06-23,268.104,268.104,268.104,268.104,
2022-06-24,275.482,275.482,275.482,275.482,
2022-06-27,275.18,275.18,275.18,275.18,
2022-06-28,262.974,262.974,262.974,262.974,
2022-06-29,266.595,266.595,266.595,266.595,
2022-06-30,266.984,266.984,266.984,266.984,
2022-07-01,271.666,271.666,271.666,271.666,
2022-07-05,276.193,276.193,276.193,276.193,
2022-07-06,276.047,276.047,276.047,276.047,
2022-07-07,279.074,279.074,279.074,279.074,
2022-07-08,278.86,278.86,278.86,278.86,
2022-07-11,278.782,278.782,278.782,278.782,
2022-07-12,277.546,277.546,277.546,277.546,
2022-07-13,279.551,279.551,279.551,279.551,
2022-07-14,281.79,281.79,281.79,281.79,
2022-07-15,284.642,284.642,284.642,284.642,
2022-07-18,285.265,285.265,285.265,285.265,
2022-07-19,291.865,291.865,291.865,291.865,
2022-07-20,294.269,294.269,294.269,294.269,
2022-07-21,296.898,296.898,296.898,296.898,
2022-07-22,298.445,298.445,298.445,298.445,
2022-07-25,298.017,298.017,298.017,298.017,
2022-07-26,290.259,290.259,290.259,290.259,
2022-07-27,290.97,290.97,290.97,290.97,
2022-07-28,291.67,291.67,291.67,291.67,
2022-07-29,292.946,292.946,292.946,292.946,
2022-08-01,297.696,297.696,297.696,297.696,
2022-08-02,292.722,292.722,292.722,292.722,
2022-08-03,298.231,298.231,298.231,298.231,
2022-08-04,299.01,299.01,299.01,299.01,
2022-08-05,301.463,301.463,301.463,301.463,
2022-08-08,303.683,303.683,303.683,303.683,
2022-08-09,297.102,297.102,297.102,297.102,
2022-08-10,303.303,303.303,303.303,303.303,
2022-08-11,302.437,302.437,302.437,302.437,
2022-08-12,306.525,306.525,306.525,306.525,
2022-08-15,306.252,306.252,306.252,306.252,
2022-08-16,318.683,318.683,318.683,318.683,
2022-08-17,317.106,317.106,317.106,317.106,
2022-08-18,316.571,316.571,316.571,316.571,
2022-08-19,312.784,312.784,312.784,312.784,
2022-08-22,303.916,303.916,303.916,303.916,
2022-08-23,298.747,298.747,298.747,298.747,
2022-08-24,299.925,299.925,299.925,299.925,
2022-08-25,301.551,301.551,301.551,301.551,
2022-08-26,290.181,290.181,290.181,290.181,
2022-08-29,288.448,288.448,288.448,288.448,
2022-08-30,285.314,285.314,285.314,285.314,
2022-08-31,282.59,282.59,282.59,282.59,
2022-09-01,287.44,287.44,287.44,287.44,
2022-09-02,286.0,286.0,286.0,286.0,
2022-09-06,283.687,283.687,283.687,283.687,
2022-09-07,291.457,291.457,291.457,291.457,
2022-09-08,293.838,293.838,293.838,293.838,
2022-09-09,293.711,293.711,293.711,293.711,
2022-09-12,291.526,291.526,291.526,291.526,
2022-09-13,272.312,272.312,272.312,272.312,
2022-09-14,270.754,270.754,270.754,270.754,
2022-09-15,266.051,266.051,266.051,266.051,
2022-09-16,270.392,270.392,270.392,270.392,
2022-09-19,274.752,274.752,274.752,274.752,
2022-09-20,268.628,268.628,268.628,268.628,
2022-09-21,266.081,266.081,266.081,266.081,
2022-09-22,263.7,263.7,263.7,263.7,
2022-09-23,265.463,265.463,265.463,265.463,
2022-09-26,261.191,261.191,261.191,261.191,
2022-09-27,263.259,263.259,263.259,263.259,
2022-09-28,276.486,276.486,276.486,276.486,
2022-09-29,272.704,272.704,272.704,272.704,
2022-09-30,270.362,270.362,270.362,270.362,
2022-10-03,277.965,277.965,277.965,277.965,
2022-10-04,283.707,283.707,283.707,283.707,
2022-10-05,283.991,283.991,283.991,283.991,
2022-10-06,284.52,284.52,284.52,284.52,
2022-10-07,278.573,278.573,278.573,278.573,
2022-10-10,276.751,276.751,276.751,276.751,
2022-10-11,277.172,277.172,277.172,277.172,
2022-10-12,274.85,274.85,274.85,274.85,
2022-10-13,277.113,277.113,277.113,277.113,
2022-10-14,270.842,270.842,270.842,270.842,
2022-10-17,275.575,275.575,275.575,275.575,
2022-10-18,279.298,279.298,279.298,279.298,
2022-10-19,269.921,269.921,269.921,269.921,
2022-10-20,264.013,264.013,264.013,264.013,
2022-10-21,269.961,269.961,269.961,269.961,
2022-10-24,277.534,277.534,277.534,277.534,
2022-10-25,284.393,284.393,284.393,284.393,
2022-10-26,284.285,284.285,284.285,284.285,
2022-10-27,285.177,285.177,285.177,285.177,
2022-10-28,292.613,292.613,292.613,292.613,
2022-10-31,290.144,290.144,290.144,290.144,
2022-11-01,290.076,290.076,290.076,290.076,
2022-11-02,282.894,282.894,282.894,282.894,
2022-11-03,275.81,275.81,275.81,275.81,
2022-11-04,278.289,278.289,278.289,278.289,
2022-11-07,284.403,284.403,284.403,284.403,
2022-11-08,285.255,285.255,285.255,285.255,
2022-11-09,280.954,280.954,280.954,280.954,
2022-11-10,305.4,305.4,305.4,305.4,
2022-11-11,308.574,308.574,308.574,308.574,
2022-11-14,300.716,300.716,300.716,300.716,
2022-11-15,305.625,305.625,305.625,305.625,
2022-11-16,308.545,308.545,308.545,308.545,
2022-11-17,305.145,305.145,305.145,305.145,
2022-11-18,306.85,306.85,306.85,306.85,
2022-11-21,310.377,310.377,310.377,310.377,
2022-11-22,318.313,318.313,318.313,318.313,
2022-11-23,315.011,315.011,315.011,315.011,
2022-11-25,319.783,319.783,319.783,319.783,
2022-11-28,312.474,312.474,312.474,312.474,
2022-11-29,309.573,309.573,309.573,309.573,
2022-11-30,319.362,319.362,319.362,319.362,
2022-12-01,322.398,322.398,322.398,322.398,
2022-12-02,323.304,323.304,323.304,323.304,
2022-12-05,315.507,315.507,315.507,315.507,
2022-12-06,312.915,312.915,312.915,312.915,
2022-12-07,315.576,315.576,315.576,315.576,
2022-12-08,319.46,319.46,319.46,319.46,
2022-12-09,315.902,315.902,315.902,315.902,
2022-12-12,323.295,323.295,323.295,323.295,
2022-12-13,328.134,328.134,328.134,328.134,
2022-12-14,328.667,328.667,328.667,328.667,
2022-12-15,322.92,322.92,322.92,322.92,
2022-12-16,318.721,318.721,318.721,318.721,
2022-12-19,312.797,312.797,312.797,312.797,
2022-12-20,310.342,310.342,310.342,310.342,
2022-12-21,314.798,314.798,314.798,314.798,
2022-12-22,311.604,311.604,311.604,311.604,
2022-12-23,314.177,314.177,314.177,314.177,
2022-12-27,314.985,314.985,314.985,314.985,
2022-12-28,311.22,311.22,311.22,311.22,
