Date,Open,High,Low,Close,Volume
1990-01-02,3.438,3.438,3.438,3.438,
1990-01-03,3.452,3.452,3.452,3.452,
1990-01-04,3.459,3.459,3.459,3.459,
1990-01-05,3.423,3.423,3.423,3.423,
1990-01-08,3.481,3.481,3.481,3.481,
1990-01-09,3.373,3.373,3.373,3.373,
1990-01-10,3.323,3.323,3.323,3.323,
1990-01-11,3.366,3.366,3.366,3.366,
1990-01-12,3.265,3.265,3.265,3.265,
1990-01-15,3.251,3.251,3.251,3.251,
1990-01-16,3.251,3.251,3.251,3.251,
1990-01-17,3.222,3.222,3.222,3.222,
1990-01-18,3.251,3.251,3.251,3.251,
1990-01-19,3.294,3.294,3.294,3.294,
1990-01-22,3.179,3.179,3.179,3.179,
1990-01-23,3.172,3.172,3.172,3.172,
1990-01-24,3.115,3.115,3.115,3.115,
1990-01-25,3.043,3.043,3.043,3.043,
1990-01-26,3.036,3.036,3.036,3.036,
1990-01-29,3.036,3.036,3.036,3.036,
1990-01-30,2.985,2.985,2.985,2.985,
1990-01-31,3.007,3.007,3.007,3.007,
1990-02-01,3.064,3.064,3.064,3.064,
1990-02-02,3.136,3.136,3.136,3.136,
1990-02-05,3.115,3.115,3.115,3.115,
1990-02-06,3.1,3.1,3.1,3.1,
1990-02-07,3.143,3.143,3.143,3.143,
1990-02-08,3.201,3.201,3.201,3.201,
1990-02-09,3.222,3.222,3.222,3.222,
1990-02-12,3.201,3.201,3.201,3.201,
1990-02-13,3.174,3.174,3.174,3.174,
1990-02-14,3.203,3.203,3.203,3.203,
1990-02-15,3.254,3.254,3.254,3.254,
1990-02-16,3.203,3.203,3.203,3.203,
1990-02-20,3.145,3.145,3.145,3.145,
1990-02-21,3.102,3.102,3.102,3.102,
1990-02-22,3.066,3.066,3.066,3.066,
1990-02-23,3.008,3.008,3.008,3.008,
1990-02-26,3.08,3.08,3.08,3.08,
1990-02-27,3.08,3.08,3.08,3.08,
1990-02-28,3.095,3.095,3.095,3.095,
1990-03-01,3.116,3.116,3.116,3.116,
1990-03-02,3.174,3.174,3.174,3.174,
1990-03-05,3.124,3.124,3.124,3.124,
1990-03-06,3.189,3.189,3.189,3.189,
1990-03-07,3.189,3.189,3.189,3.189,
1990-03-08,3.225,3.225,3.225,3.225,
1990-03-09,3.21,3.21,3.21,3.21,
1990-03-12,3.196,3.196,3.196,3.196,
1990-03-13,3.138,3.138,3.138,3.138,
1990-03-14,3.181,3.181,3.181,3.181,
1990-03-15,3.282,3.282,3.282,3.282,
1990-03-16,3.304,3.304,3.304,3.304,
1990-03-19,3.29,3.29,3.29,3.29,
1990-03-20,3.254,3.254,3.254,3.254,
1990-03-21,3.225,3.225,3.225,3.225,
1990-03-22,3.167,3.167,3.167,3.167,
1990-03-23,3.217,3.217,3.217,3.217,
1990-03-26,3.225,3.225,3.225,3.225,
1990-03-27,3.297,3.297,3.297,3.297,
1990-03-28,3.297,3.297,3.297,3.297,
1990-03-29,3.268,3.268,3.268,3.268,
1990-03-30,3.239,3.239,3.239,3.239,
1990-04-02,3.239,3.239,3.239,3.239,
1990-04-03,3.326,3.326,3.326,3.326,
1990-04-04,3.275,3.275,3.275,3.275,
1990-04-05,3.297,3.297,3.297,3.297,
1990-04-06,3.297,3.297,3.297,3.297,
1990-04-09,3.355,3.355,3.355,3.355,
1990-04-10,3.355,3.355,3.355,3.355,
1990-04-11,3.362,3.362,3.362,3.362,
1990-04-12,3.383,3.383,3.383,3.383,
1990-04-16,3.369,3.369,3.369,3.369,
1990-04-17,3.412,3.412,3.412,3.412,
1990-04-18,3.383,3.383,3.383,3.383,
1990-04-19,3.355,3.355,3.355,3.355,
1990-04-20,3.362,3.362,3.362,3.362,
1990-04-23,3.297,3.297,3.297,3.297,
1990-04-24,3.268,3.268,3.268,3.268,
1990-04-25,3.261,3.261,3.261,3.261,
1990-04-26,3.297,3.297,3.297,3.297,
1990-04-27,3.254,3.254,3.254,3.254,
1990-04-30,3.268,3.268,3.268,3.268,
1990-05-01,3.304,3.304,3.304,3.304,
1990-05-02,3.362,3.362,3.362,3.362,
1990-05-03,3.347,3.347,3.347,3.347,
1990-05-04,3.405,3.405,3.405,3.405,
1990-05-07,3.427,3.427,3.427,3.427,
1990-05-08,3.419,3.419,3.419,3.419,
1990-05-09,3.369,3.369,3.369,3.369,
1990-05-10,3.391,3.391,3.391,3.391,
1990-05-11,3.463,3.463,3.463,3.463,
1990-05-14,3.499,3.499,3.499,3.499,
1990-05-15,3.52,3.52,3.52,3.52,
1990-05-16,3.533,3.533,3.533,3.533,
1990-05-17,3.555,3.555,3.555,3.555,
1990-05-18,3.526,3.526,3.526,3.526,
1990-05-21,3.584,3.584,3.584,3.584,
1990-05-22,3.605,3.605,3.605,3.605,
1990-05-23,3.613,3.613,3.613,3.613,
1990-05-24,3.685,3.685,3.685,3.685,
1990-05-25,3.634,3.634,3.634,3.634,
1990-05-29,3.7,3.7,3.7,3.7,
1990-05-30,3.722,3.722,3.722,3.722,
1990-05-31,3.707,3.707,3.707,3.707,
1990-06-01,3.729,3.729,3.729,3.729,
1990-06-04,3.78,3.78,3.78,3.78,
1990-06-05,3.787,3.787,3.787,3.787,
1990-06-06,3.751,3.751,3.751,3.751,
1990-06-07,3.729,3.729,3.729,3.729,
1990-06-08,3.656,3.656,3.656,3.656,
1990-06-11,3.714,3.714,3.714,3.714,
1990-06-12,3.772,3.772,3.772,3.772,
1990-06-13,3.758,3.758,3.758,3.758,
1990-06-14,3.707,3.707,3.707,3.707,
1990-06-15,3.736,3.736,3.736,3.736,
1990-06-18,3.678,3.678,3.678,3.678,
1990-06-19,3.7,3.7,3.7,3.7,
1990-06-20,3.751,3.751,3.751,3.751,
1990-06-21,3.867,3.867,3.867,3.867,
1990-06-22,3.794,3.794,3.794,3.794,
1990-06-25,3.758,3.758,3.758,3.758,
1990-06-26,3.765,3.765,3.765,3.765,
1990-06-27,3.867,3.867,3.867,3.867,
1990-06-28,3.939,3.939,3.939,3.939,
1990-06-29,3.932,3.932,3.932,3.932,
1990-07-02,4.041,4.041,4.041,4.041,
1990-07-03,4.019,4.019,4.019,4.019,
1990-07-05,3.968,3.968,3.968,3.968,
1990-07-06,3.997,3.997,3.997,3.997,
1990-07-09,3.968,3.968,3.968,3.968,
1990-07-10,3.946,3.946,3.946,3.946,
1990-07-11,4.041,4.041,4.041,4.041,
1990-07-12,4.113,4.113,4.113,4.113,
1990-07-13,4.091,4.091,4.091,4.091,
1990-07-16,4.113,4.113,4.113,4.113,
1990-07-17,4.128,4.128,4.128,4.128,
1990-07-18,4.142,4.142,4.142,4.142,
1990-07-19,4.222,4.222,4.222,4.222,
1990-07-20,4.237,4.237,4.237,4.237,
1990-07-23,4.121,4.121,4.121,4.121,
1990-07-24,4.179,4.179,4.179,4.179,
1990-07-25,4.251,4.251,4.251,4.251,
1990-07-26,4.258,4.258,4.258,4.258,
1990-07-27,4.2,4.2,4.2,4.2,
1990-07-30,4.157,4.157,4.157,4.157,
1990-07-31,4.099,4.099,4.099,4.099,
1990-08-01,4.091,4.091,4.091,4.091,
1990-08-02,3.99,3.99,3.99,3.99,
1990-08-03,3.903,3.903,3.903,3.903,
1990-08-06,3.714,3.714,3.714,3.714,
1990-08-07,3.787,3.787,3.787,3.787,
1990-08-08,3.896,3.896,3.896,3.896,
1990-08-09,3.881,3.881,3.881,3.881,
1990-08-10,3.838,3.838,3.838,3.838,
1990-08-13,3.91,3.91,3.91,3.91,
1990-08-14,3.925,3.925,3.925,3.925,
1990-08-15,3.988,3.988,3.988,3.988,
1990-08-16,3.901,3.901,3.901,3.901,
1990-08-17,3.842,3.842,3.842,3.842,
1990-08-20,3.791,3.791,3.791,3.791,
1990-08-21,3.726,3.726,3.726,3.726,
1990-08-22,3.66,3.66,3.66,3.66,
1990-08-23,3.551,3.551,3.551,3.551,
1990-08-24,3.616,3.616,3.616,3.616,
1990-08-27,3.769,3.769,3.769,3.769,
1990-08-28,3.777,3.777,3.777,3.777,
1990-08-29,3.85,3.85,3.85,3.85,
1990-08-30,3.799,3.799,3.799,3.799,
1990-08-31,3.828,3.828,3.828,3.828,
1990-09-04,3.857,3.857,3.857,3.857,
1990-09-05,3.857,3.857,3.857,3.857,
1990-09-06,3.777,3.777,3.777,3.777,
1990-09-07,3.828,3.828,3.828,3.828,
1990-09-10,3.806,3.806,3.806,3.806,
1990-09-11,3.791,3.791,3.791,3.791,
1990-09-12,3.791,3.791,3.791,3.791,
1990-09-13,3.711,3.711,3.711,3.711,
1990-09-14,3.718,3.718,3.718,3.718,
1990-09-17,3.74,3.74,3.74,3.74,
1990-09-18,3.777,3.777,3.777,3.777,
1990-09-19,3.733,3.733,3.733,3.733,
1990-09-20,3.631,3.631,3.631,3.631,
1990-09-21,3.646,3.646,3.646,3.646,
1990-09-24,3.58,3.58,3.58,3.58,
1990-09-25,3.675,3.675,3.675,3.675,
1990-09-26,3.66,3.66,3.66,3.66,
1990-09-27,3.638,3.638,3.638,3.638,
1990-09-28,3.689,3.689,3.689,3.689,
1990-10-01,3.842,3.842,3.842,3.842,
1990-10-02,3.872,3.872,3.872,3.872,
1990-10-03,3.813,3.813,3.813,3.813,
1990-10-04,3.821,3.821,3.821,3.821,
1990-10-05,3.821,3.821,3.821,3.821,
1990-10-08,3.879,3.879,3.879,3.879,
1990-10-09,3.799,3.799,3.799,3.799,
1990-10-10,3.762,3.762,3.762,3.762,
1990-10-11,3.697,3.697,3.697,3.697,
1990-10-12,3.748,3.748,3.748,3.748,
1990-10-15,3.813,3.813,3.813,3.813,
1990-10-16,3.777,3.777,3.777,3.777,
1990-10-17,3.799,3.799,3.799,3.799,
1990-10-18,3.901,3.901,3.901,3.901,
1990-10-19,3.93,3.93,3.93,3.93,
1990-10-22,3.981,3.981,3.981,3.981,
1990-10-23,4.003,4.003,4.003,4.003,
1990-10-24,3.959,3.959,3.959,3.959,
1990-10-25,3.944,3.944,3.944,3.944,
1990-10-26,3.857,3.857,3.857,3.857,
1990-10-29,3.821,3.821,3.821,3.821,
1990-10-30,3.835,3.835,3.835,3.835,
1990-10-31,3.755,3.755,3.755,3.755,
1990-11-01,3.835,3.835,3.835,3.835,
1990-11-02,3.886,3.886,3.886,3.886,
1990-11-05,3.937,3.937,3.937,3.937,
1990-11-06,3.872,3.872,3.872,3.872,
1990-11-07,3.813,3.813,3.813,3.813,
1990-11-08,3.791,3.791,3.791,3.791,
1990-11-09,3.821,3.821,3.821,3.821,
1990-11-12,3.893,3.893,3.893,3.893,
1990-11-13,3.864,3.864,3.864,3.864,
1990-11-14,3.884,3.884,3.884,3.884,
1990-11-15,3.855,3.855,3.855,3.855,
1990-11-16,3.848,3.848,3.848,3.848,
1990-11-19,3.899,3.899,3.899,3.899,
1990-11-20,3.87,3.87,3.87,3.87,
1990-11-21,3.87,3.87,3.87,3.87,
1990-11-23,3.84,3.84,3.84,3.84,
1990-11-26,3.833,3.833,3.833,3.833,
1990-11-27,3.848,3.848,3.848,3.848,
1990-11-28,3.928,3.928,3.928,3.928,
1990-11-29,3.987,3.987,3.987,3.987,
1990-11-30,4.089,4.089,4.089,4.089,
1990-12-03,4.163,4.163,4.163,4.163,
1990-12-04,4.163,4.163,4.163,4.163,
1990-12-05,4.133,4.133,4.133,4.133,
1990-12-06,4.141,4.141,4.141,4.141,
1990-12-07,4.148,4.148,4.148,4.148,
1990-12-10,4.126,4.126,4.126,4.126,
1990-12-11,4.119,4.119,4.119,4.119,
1990-12-12,4.185,4.185,4.185,4.185,
1990-12-13,4.148,4.148,4.148,4.148,
1990-12-14,4.111,4.111,4.111,4.111,
1990-12-17,4.126,4.126,4.126,4.126,
1990-12-18,4.199,4.199,4.199,4.199,
1990-12-19,4.199,4.199,4.199,4.199,
1990-12-20,4.192,4.192,4.192,4.192,
1990-12-21,4.17,4.17,4.17,4.17,
1990-12-24,4.17,4.17,4.17,4.17,
1990-12-26,4.185,4.185,4.185,4.185,
1990-12-27,4.148,4.148,4.148,4.148,
1990-12-28,4.163,4.163,4.163,4.163,
1990-12-31,4.207,4.207,4.207,4.207,
1991-01-02,4.104,4.104,4.104,4.104,
1991-01-03,4.06,4.06,4.06,4.06,
1991-01-04,4.031,4.031,4.031,4.031,
1991-01-07,3.906,3.906,3.906,3.906,
1991-01-08,3.943,3.943,3.943,3.943,
1991-01-09,3.848,3.848,3.848,3.848,
1991-01-10,3.95,3.95,3.95,3.95,
1991-01-11,3.979,3.979,3.979,3.979,
1991-01-14,3.987,3.987,3.987,3.987,
1991-01-15,3.994,3.994,3.994,3.994,
1991-01-16,4.067,4.067,4.067,4.067,
1991-01-17,4.192,4.192,4.192,4.192,
1991-01-18,4.214,4.214,4.214,4.214,
1991-01-21,4.229,4.229,4.229,4.229,
1991-01-22,4.207,4.207,4.207,4.207,
1991-01-23,4.28,4.28,4.28,4.28,
1991-01-24,4.383,4.383,4.383,4.383,
1991-01-25,4.375,4.375,4.375,4.375,
1991-01-28,4.383,4.383,4.383,4.383,
1991-01-29,4.412,4.412,4.412,4.412,
1991-01-30,4.478,4.478,4.478,4.478,
1991-01-31,4.485,4.485,4.485,4.485,
1991-02-01,4.405,4.405,4.405,4.405,
1991-02-04,4.478,4.478,4.478,4.478,
1991-02-05,4.471,4.471,4.471,4.471,
1991-02-06,4.529,4.529,4.529,4.529,
1991-02-07,4.478,4.478,4.478,4.478,
1991-02-08,4.529,4.529,4.529,4.529,
1991-02-11,4.683,4.683,4.683,4.683,
1991-02-12,4.622,4.622,4.622,4.622,
1991-02-13,4.659,4.659,4.659,4.659,
1991-02-14,4.593,4.593,4.593,4.593,
1991-02-15,4.769,4.769,4.769,4.769,
1991-02-19,4.762,4.762,4.762,4.762,
1991-02-20,4.71,4.71,4.71,4.71,
1991-02-21,4.732,4.732,4.732,4.732,
1991-02-22,4.74,4.74,4.74,4.74,
1991-02-25,4.843,4.843,4.843,4.843,
1991-02-26,4.762,4.762,4.762,4.762,
1991-02-27,4.85,4.85,4.85,4.85,
1991-02-28,4.836,4.836,4.836,4.836,
1991-03-01,4.828,4.828,4.828,4.828,
1991-03-04,4.777,4.777,4.777,4.777,
1991-03-05,4.909,4.909,4.909,4.909,
1991-03-06,5.159,5.159,5.159,5.159,
1991-03-07,5.321,5.321,5.321,5.321,
1991-03-08,5.284,5.284,5.284,5.284,
1991-03-11,5.196,5.196,5.196,5.196,
1991-03-12,5.152,5.152,5.152,5.152,
1991-03-13,5.24,5.24,5.24,5.24,
1991-03-14,5.402,5.402,5.402,5.402,
1991-03-15,5.513,5.513,5.513,5.513,
1991-03-18,5.461,5.461,5.461,5.461,
1991-03-19,5.336,5.336,5.336,5.336,
1991-03-20,5.299,5.299,5.299,5.299,
1991-03-21,5.307,5.307,5.307,5.307,
1991-03-22,5.38,5.38,5.38,5.38,
1991-03-25,5.594,5.594,5.594,5.594,
1991-03-26,5.748,5.748,5.748,5.748,
1991-03-27,5.697,5.697,5.697,5.697,
1991-03-28,5.645,5.645,5.645,5.645,
1991-04-01,5.557,5.557,5.557,5.557,
1991-04-02,5.682,5.682,5.682,5.682,
1991-04-03,5.675,5.675,5.675,5.675,
1991-04-04,5.586,5.586,5.586,5.586,
1991-04-05,5.498,5.498,5.498,5.498,
1991-04-08,5.704,5.704,5.704,5.704,
1991-04-09,5.63,5.63,5.63,5.63,
1991-04-10,5.601,5.601,5.601,5.601,
1991-04-11,5.733,5.733,5.733,5.733,
1991-04-12,5.756,5.756,5.756,5.756,
1991-04-15,5.711,5.711,5.711,5.711,
1991-04-16,5.903,5.903,5.903,5.903,
1991-04-17,5.859,5.859,5.859,5.859,
1991-04-18,5.792,5.792,5.792,5.792,
1991-04-19,5.726,5.726,5.726,5.726,
1991-04-22,5.682,5.682,5.682,5.682,
1991-04-23,5.638,5.638,5.638,5.638,
1991-04-24,5.527,5.527,5.527,5.527,
1991-04-25,5.594,5.594,5.594,5.594,
1991-04-26,5.586,5.586,5.586,5.586,
1991-04-29,5.579,5.579,5.579,5.579,
1991-04-30,5.564,5.564,5.564,5.564,
1991-05-01,5.667,5.667,5.667,5.667,
1991-05-02,5.549,5.549,5.549,5.549,
1991-05-03,5.549,5.549,5.549,5.549,
1991-05-06,5.535,5.535,5.535,5.535,
1991-05-07,5.542,5.542,5.542,5.542,
1991-05-08,5.513,5.513,5.513,5.513,
1991-05-09,5.608,5.608,5.608,5.608,
1991-05-10,5.491,5.491,5.491,5.491,
1991-05-13,5.476,5.476,5.476,5.476,
1991-05-14,5.439,5.439,5.439,5.439,
1991-05-15,5.404,5.404,5.404,5.404,
1991-05-16,5.441,5.441,5.441,5.441,
1991-05-17,5.322,5.322,5.322,5.322,
1991-05-20,5.396,5.396,5.396,5.396,
1991-05-21,5.537,5.537,5.537,5.537,
1991-05-22,5.574,5.574,5.574,5.574,
1991-05-23,5.537,5.537,5.537,5.537,
1991-05-24,5.477,5.477,5.477,5.477,
1991-05-28,5.581,5.581,5.581,5.581,
1991-05-29,5.537,5.537,5.537,5.537,
1991-05-30,5.441,5.441,5.441,5.441,
1991-05-31,5.359,5.359,5.359,5.359,
1991-06-03,5.226,5.226,5.226,5.226,
1991-06-04,5.248,5.248,5.248,5.248,
1991-06-05,5.234,5.234,5.234,5.234,
1991-06-06,5.226,5.226,5.226,5.226,
1991-06-07,5.13,5.13,5.13,5.13,
1991-06-10,5.13,5.13,5.13,5.13,
1991-06-11,5.137,5.137,5.137,5.137,
1991-06-12,5.041,5.041,5.041,5.041,
1991-06-13,5.019,5.019,5.019,5.019,
1991-06-14,5.056,5.056,5.056,5.056,
1991-06-17,5.041,5.041,5.041,5.041,
1991-06-18,5.012,5.012,5.012,5.012,
1991-06-19,4.945,4.945,4.945,4.945,
1991-06-20,5.019,5.019,5.019,5.019,
1991-06-21,5.056,5.056,5.056,5.056,
1991-06-24,4.967,4.967,4.967,4.967,
1991-06-25,4.953,4.953,4.953,4.953,
1991-06-26,4.901,4.901,4.901,4.901,
1991-06-27,4.975,4.975,4.975,4.975,
1991-06-28,4.938,4.938,4.938,4.938,
1991-07-01,4.997,4.997,4.997,4.997,
1991-07-02,4.908,4.908,4.908,4.908,
1991-07-03,4.849,4.849,4.849,4.849,
1991-07-05,4.997,4.997,4.997,4.997,
1991-07-08,5.034,5.034,5.034,5.034,
1991-07-09,5.064,5.064,5.064,5.064,
1991-07-10,5.115,5.115,5.115,5.115,
1991-07-11,5.152,5.152,5.152,5.152,
1991-07-12,5.16,5.16,5.16,5.16,
1991-07-15,5.137,5.137,5.137,5.137,
1991-07-16,5.182,5.182,5.182,5.182,
1991-07-17,5.115,5.115,5.115,5.115,
1991-07-18,5.197,5.197,5.197,5.197,
1991-07-19,5.182,5.182,5.182,5.182,
1991-07-22,5.189,5.189,5.189,5.189,
1991-07-23,5.152,5.152,5.152,5.152,
1991-07-24,5.13,5.13,5.13,5.13,
1991-07-25,5.174,5.174,5.174,5.174,
1991-07-26,5.197,5.197,5.197,5.197,
1991-07-29,5.307,5.307,5.307,5.307,
1991-07-30,5.374,5.374,5.374,5.374,
1991-07-31,5.418,5.418,5.418,5.418,
1991-08-01,5.381,5.381,5.381,5.381,
1991-08-02,5.411,5.411,5.411,5.411,
1991-08-05,5.389,5.389,5.389,5.389,
1991-08-06,5.47,5.47,5.47,5.47,
1991-08-07,5.485,5.485,5.485,5.485,
1991-08-08,5.448,5.448,5.448,5.448,
1991-08-09,5.455,5.455,5.455,5.455,
1991-08-12,5.411,5.411,5.411,5.411,
1991-08-13,5.455,5.455,5.455,5.455,
1991-08-14,5.397,5.397,5.397,5.397,
1991-08-15,5.412,5.412,5.412,5.412,
1991-08-16,5.301,5.301,5.301,5.301,
1991-08-19,5.167,5.167,5.167,5.167,
1991-08-20,5.182,5.182,5.182,5.182,
1991-08-21,5.368,5.368,5.368,5.368,
1991-08-22,5.412,5.412,5.412,5.412,
1991-08-23,5.472,5.472,5.472,5.472,
1991-08-26,5.486,5.486,5.486,5.486,
1991-08-27,5.457,5.457,5.457,5.457,
1991-08-28,5.516,5.516,5.516,5.516,
1991-08-29,5.524,5.524,5.524,5.524,
1991-08-30,5.516,5.516,5.516,5.516,
1991-09-03,5.464,5.464,5.464,5.464,
1991-09-04,5.412,5.412,5.412,5.412,
1991-09-05,5.368,5.368,5.368,5.368,
1991-09-06,5.338,5.338,5.338,5.338,
1991-09-09,5.308,5.308,5.308,5.308,
1991-09-10,5.256,5.256,5.256,5.256,
1991-09-11,5.242,5.242,5.242,5.242,
1991-09-12,5.338,5.338,5.338,5.338,
1991-09-13,5.293,5.293,5.293,5.293,
1991-09-16,5.36,5.36,5.36,5.36,
1991-09-17,5.331,5.331,5.331,5.331,
1991-09-18,5.308,5.308,5.308,5.308,
1991-09-19,5.323,5.323,5.323,5.323,
1991-09-20,5.264,5.264,5.264,5.264,
1991-09-23,5.286,5.286,5.286,5.286,
1991-09-24,5.383,5.383,5.383,5.383,
1991-09-25,5.331,5.331,5.331,5.331,
1991-09-26,5.316,5.316,5.316,5.316,
1991-09-27,5.256,5.256,5.256,5.256,
1991-09-30,5.249,5.249,5.249,5.249,
1991-10-01,5.271,5.271,5.271,5.271,
1991-10-02,5.197,5.197,5.197,5.197,
1991-10-03,5.175,5.175,5.175,5.175,
1991-10-04,5.152,5.152,5.152,5.152,
1991-10-07,5.145,5.145,5.145,5.145,
1991-10-08,5.16,5.16,5.16,5.16,
1991-10-09,5.123,5.123,5.123,5.123,
1991-10-10,5.13,5.13,5.13,5.13,
1991-10-11,5.13,5.13,5.13,5.13,
1991-10-14,5.167,5.167,5.167,5.167,
1991-10-15,5.219,5.219,5.219,5.219,
1991-10-16,5.264,5.264,5.264,5.264,
1991-10-17,5.338,5.338,5.338,5.338,
1991-10-18,5.405,5.405,5.405,5.405,
1991-10-21,5.279,5.279,5.279,5.279,
1991-10-22,5.538,5.538,5.538,5.538,
1991-10-23,5.598,5.598,5.598,5.598,
1991-10-24,5.516,5.516,5.516,5.516,
1991-10-25,5.516,5.516,5.516,5.516,
1991-10-28,5.613,5.613,5.613,5.613,
1991-10-29,5.65,5.65,5.65,5.65,
1991-10-30,5.657,5.657,5.657,5.657,
1991-10-31,5.65,5.65,5.65,5.65,
1991-11-01,5.665,5.665,5.665,5.665,
1991-11-04,5.739,5.739,5.739,5.739,
1991-11-05,5.717,5.717,5.717,5.717,
1991-11-06,5.694,5.694,5.694,5.694,
1991-11-07,5.709,5.709,5.709,5.709,
1991-11-08,5.702,5.702,5.702,5.702,
1991-11-11,5.821,5.821,5.821,5.821,
1991-11-12,5.91,5.91,5.91,5.91,
1991-11-13,5.852,5.852,5.852,5.852,
1991-11-14,5.896,5.896,5.896,5.896,
1991-11-15,5.62,5.62,5.62,5.62,
1991-11-18,5.77,5.77,5.77,5.77,
1991-11-19,5.68,5.68,5.68,5.68,
1991-11-20,5.62,5.62,5.62,5.62,
1991-11-21,5.68,5.68,5.68,5.68,
1991-11-22,5.658,5.658,5.658,5.658,
1991-11-25,5.62,5.62,5.62,5.62,
1991-11-26,5.606,5.606,5.606,5.606,
1991-11-27,5.71,5.71,5.71,5.71,
1991-11-29,5.747,5.747,5.747,5.747,
1991-12-02,5.889,5.889,5.889,5.889,
1991-12-03,5.941,5.941,5.941,5.941,
1991-12-04,6.038,6.038,6.038,6.038,
1991-12-05,5.963,5.963,5.963,5.963,
1991-12-06,6.12,6.12,6.12,6.12,
1991-12-09,6.023,6.023,6.023,6.023,
1991-12-10,6.224,6.224,6.224,6.224,
1991-12-11,6.12,6.12,6.12,6.12,
1991-12-12,6.187,6.187,6.187,6.187,
1991-12-13,6.232,6.232,6.232,6.232,
1991-12-16,6.336,6.336,6.336,6.336,
1991-12-17,6.358,6.358,6.358,6.358,
1991-12-18,6.336,6.336,6.336,6.336,
1991-12-19,6.358,6.358,6.358,6.358,
1991-12-20,6.47,6.47,6.47,6.47,
1991-12-23,6.604,6.604,6.604,6.604,
1991-12-24,6.589,6.589,6.589,6.589,
1991-12-26,6.709,6.709,6.709,6.709,
1991-12-27,6.783,6.783,6.783,6.783,
1991-12-30,6.888,6.888,6.888,6.888,
1991-12-31,6.828,6.828,6.828,6.828,
1992-01-02,6.694,6.694,6.694,6.694,
1992-01-03,6.664,6.664,6.664,6.664,
1992-01-06,6.724,6.724,6.724,6.724,
1992-01-07,6.813,6.813,6.813,6.813,
1992-01-08,6.94,6.94,6.94,6.94,
1992-01-09,6.925,6.925,6.925,6.925,
1992-01-10,6.858,6.858,6.858,6.858,
1992-01-13,6.858,6.858,6.858,6.858,
1992-01-14,6.776,6.776,6.776,6.776,
1992-01-15,6.463,6.463,6.463,6.463,
1992-01-16,6.239,6.239,6.239,6.239,
1992-01-17,6.396,6.396,6.396,6.396,
1992-01-20,6.262,6.262,6.262,6.262,
1992-01-21,6.209,6.209,6.209,6.209,
1992-01-22,6.411,6.411,6.411,6.411,
1992-01-23,6.358,6.358,6.358,6.358,
1992-01-24,6.396,6.396,6.396,6.396,
1992-01-27,6.336,6.336,6.336,6.336,
1992-01-28,6.291,6.291,6.291,6.291,
1992-01-29,6.157,6.157,6.157,6.157,
1992-01-30,6.321,6.321,6.321,6.321,
1992-01-31,6.411,6.411,6.411,6.411,
1992-02-03,6.321,6.321,6.321,6.321,
1992-02-04,6.411,6.411,6.411,6.411,
1992-02-05,6.44,6.44,6.44,6.44,
1992-02-06,6.44,6.44,6.44,6.44,
1992-02-07,6.329,6.329,6.329,6.329,
1992-02-10,6.351,6.351,6.351,6.351,
1992-02-11,6.248,6.248,6.248,6.248,
1992-02-12,6.337,6.337,6.337,6.337,
1992-02-13,6.158,6.158,6.158,6.158,
1992-02-14,6.046,6.046,6.046,6.046,
1992-02-18,5.844,5.844,5.844,5.844,
1992-02-19,5.904,5.904,5.904,5.904,
1992-02-20,5.971,5.971,5.971,5.971,
1992-02-21,5.956,5.956,5.956,5.956,
1992-02-24,6.031,6.031,6.031,6.031,
1992-02-25,6.046,6.046,6.046,6.046,
1992-02-26,6.195,6.195,6.195,6.195,
1992-02-27,6.158,6.158,6.158,6.158,
1992-02-28,6.061,6.061,6.061,6.061,
1992-03-02,6.038,6.038,6.038,6.038,
1992-03-03,5.971,5.971,5.971,5.971,
1992-03-04,5.851,5.851,5.851,5.851,
1992-03-05,5.821,5.821,5.821,5.821,
1992-03-06,5.754,5.754,5.754,5.754,
1992-03-09,5.866,5.866,5.866,5.866,
1992-03-10,5.784,5.784,5.784,5.784,
1992-03-11,5.761,5.761,5.761,5.761,
1992-03-12,5.746,5.746,5.746,5.746,
1992-03-13,5.746,5.746,5.746,5.746,
1992-03-16,5.821,5.821,5.821,5.821,
1992-03-17,5.829,5.829,5.829,5.829,
1992-03-18,5.754,5.754,5.754,5.754,
1992-03-19,5.761,5.761,5.761,5.761,
1992-03-20,5.746,5.746,5.746,5.746,
1992-03-23,5.664,5.664,5.664,5.664,
1992-03-24,5.799,5.799,5.799,5.799,
1992-03-25,5.829,5.829,5.829,5.829,
1992-03-26,5.866,5.866,5.866,5.866,
1992-03-27,5.761,5.761,5.761,5.761,
1992-03-30,5.724,5.724,5.724,5.724,
1992-03-31,5.836,5.836,5.836,5.836,
1992-04-01,5.874,5.874,5.874,5.874,
1992-04-02,5.806,5.806,5.806,5.806,
1992-04-03,5.896,5.896,5.896,5.896,
1992-04-06,5.844,5.844,5.844,5.844,
1992-04-07,5.739,5.739,5.739,5.739,
1992-04-08,5.769,5.769,5.769,5.769,
1992-04-09,5.844,5.844,5.844,5.844,
1992-04-10,6.031,6.031,6.031,6.031,
1992-04-13,6.046,6.046,6.046,6.046,
1992-04-14,6.121,6.121,6.121,6.121,
1992-04-15,6.016,6.016,6.016,6.016,
1992-04-16,5.948,5.948,5.948,5.948,
1992-04-20,5.791,5.791,5.791,5.791,
1992-04-21,5.746,5.746,5.746,5.746,
1992-04-22,5.567,5.567,5.567,5.567,
1992-04-23,5.44,5.44,5.44,5.44,
1992-04-24,5.514,5.514,5.514,5.514,
1992-04-27,5.604,5.604,5.604,5.604,
1992-04-28,5.642,5.642,5.642,5.642,
1992-04-29,5.657,5.657,5.657,5.657,
1992-04-30,5.679,5.679,5.679,5.679,
1992-05-01,5.731,5.731,5.731,5.731,
1992-05-04,5.829,5.829,5.829,5.829,
1992-05-05,5.814,5.814,5.814,5.814,
1992-05-06,5.687,5.687,5.687,5.687,
1992-05-07,5.731,5.731,5.731,5.731,
1992-05-08,5.709,5.709,5.709,5.709,
1992-05-11,5.784,5.784,5.784,5.784,
1992-05-12,5.687,5.687,5.687,5.687,
1992-05-13,5.722,5.722,5.722,5.722,
1992-05-14,5.639,5.639,5.639,5.639,
1992-05-15,5.601,5.601,5.601,5.601,
1992-05-18,5.647,5.647,5.647,5.647,
1992-05-19,5.729,5.729,5.729,5.729,
1992-05-20,5.662,5.662,5.662,5.662,
1992-05-21,5.654,5.654,5.654,5.654,
1992-05-22,5.707,5.707,5.707,5.707,
1992-05-26,5.541,5.541,5.541,5.541,
1992-05-27,5.677,5.677,5.677,5.677,
1992-05-28,5.85,5.85,5.85,5.85,
1992-05-29,5.827,5.827,5.827,5.827,
1992-06-01,5.895,5.895,5.895,5.895,
1992-06-02,5.556,5.556,5.556,5.556,
1992-06-03,5.421,5.421,5.421,5.421,
1992-06-04,5.413,5.413,5.413,5.413,
1992-06-05,5.421,5.421,5.421,5.421,
1992-06-08,5.444,5.444,5.444,5.444,
1992-06-09,5.428,5.428,5.428,5.428,
1992-06-10,5.293,5.293,5.293,5.293,
1992-06-11,5.428,5.428,5.428,5.428,
1992-06-12,5.413,5.413,5.413,5.413,
1992-06-15,5.323,5.323,5.323,5.323,
1992-06-16,5.308,5.308,5.308,5.308,
1992-06-17,5.188,5.188,5.188,5.188,
1992-06-18,5.263,5.263,5.263,5.263,
1992-06-19,5.338,5.338,5.338,5.338,
1992-06-22,5.428,5.428,5.428,5.428,
1992-06-23,5.398,5.398,5.398,5.398,
1992-06-24,5.263,5.263,5.263,5.263,
1992-06-25,5.263,5.263,5.263,5.263,
1992-06-26,5.383,5.383,5.383,5.383,
1992-06-29,5.474,5.474,5.474,5.474,
1992-06-30,5.383,5.383,5.383,5.383,
1992-07-01,5.489,5.489,5.489,5.489,
1992-07-02,5.489,5.489,5.489,5.489,
1992-07-06,5.624,5.624,5.624,5.624,
1992-07-07,5.564,5.564,5.564,5.564,
1992-07-08,5.684,5.684,5.684,5.684,
1992-07-09,5.669,5.669,5.669,5.669,
1992-07-10,5.639,5.639,5.639,5.639,
1992-07-13,5.639,5.639,5.639,5.639,
1992-07-14,5.564,5.564,5.564,5.564,
1992-07-15,5.594,5.594,5.594,5.594,
1992-07-16,5.624,5.624,5.624,5.624,
1992-07-17,5.579,5.579,5.579,5.579,
1992-07-20,5.519,5.519,5.519,5.519,
1992-07-21,5.489,5.489,5.489,5.489,
1992-07-22,5.534,5.534,5.534,5.534,
1992-07-23,5.504,5.504,5.504,5.504,
1992-07-24,5.534,5.534,5.534,5.534,
1992-07-27,5.669,5.669,5.669,5.669,
1992-07-28,5.865,5.865,5.865,5.865,
1992-07-29,5.895,5.895,5.895,5.895,
1992-07-30,5.97,5.97,5.97,5.97,
1992-07-31,5.925,5.925,5.925,5.925,
1992-08-03,6.015,6.015,6.015,6.015,
1992-08-04,5.985,5.985,5.985,5.985,
1992-08-05,5.985,5.985,5.985,5.985,
1992-08-06,5.985,5.985,5.985,5.985,
1992-08-07,6.0,6.0,6.0,6.0,
1992-08-10,6.0,6.0,6.0,6.0,
1992-08-11,5.91,5.91,5.91,5.91,
1992-08-12,5.877,5.877,5.877,5.877,
1992-08-13,5.862,5.862,5.862,5.862,
1992-08-14,5.998,5.998,5.998,5.998,
1992-08-17,6.104,6.104,6.104,6.104,
1992-08-18,6.149,6.149,6.149,6.149,
1992-08-19,6.119,6.119,6.119,6.119,
1992-08-20,6.073,6.073,6.073,6.073,
1992-08-21,5.847,5.847,5.847,5.847,
1992-08-24,5.937,5.937,5.937,5.937,
1992-08-25,5.937,5.937,5.937,5.937,
1992-08-26,6.104,6.104,6.104,6.104,
1992-08-27,6.089,6.089,6.089,6.089,
1992-08-28,6.043,6.043,6.043,6.043,
1992-08-31,5.968,5.968,5.968,5.968,
1992-09-01,6.089,6.089,6.089,6.089,
1992-09-02,6.104,6.104,6.104,6.104,
1992-09-03,6.361,6.361,6.361,6.361,
1992-09-04,6.33,6.33,6.33,6.33,
1992-09-08,6.345,6.345,6.345,6.345,
1992-09-09,6.285,6.285,6.285,6.285,
1992-09-10,6.33,6.33,6.33,6.33,
1992-09-11,6.255,6.255,6.255,6.255,
1992-09-14,6.255,6.255,6.255,6.255,
1992-09-15,6.104,6.104,6.104,6.104,
1992-09-16,6.149,6.149,6.149,6.149,
1992-09-17,6.104,6.104,6.104,6.104,
1992-09-18,6.209,6.209,6.209,6.209,
1992-09-21,6.209,6.209,6.209,6.209,
1992-09-22,6.119,6.119,6.119,6.119,
1992-09-23,6.164,6.164,6.164,6.164,
1992-09-24,6.104,6.104,6.104,6.104,
1992-09-25,5.756,5.756,5.756,5.756,
1992-09-28,5.741,5.741,5.741,5.741,
1992-09-29,5.756,5.756,5.756,5.756,
1992-09-30,5.696,5.696,5.696,5.696,
1992-10-01,5.65,5.65,5.65,5.65,
1992-10-02,5.545,5.545,5.545,5.545,
1992-10-05,5.56,5.56,5.56,5.56,
1992-10-06,5.439,5.439,5.439,5.439,
1992-10-07,5.499,5.499,5.499,5.499,
1992-10-08,5.681,5.681,5.681,5.681,
1992-10-09,5.65,5.65,5.65,5.65,
1992-10-12,5.817,5.817,5.817,5.817,
1992-10-13,5.817,5.817,5.817,5.817,
1992-10-14,5.802,5.802,5.802,5.802,
1992-10-15,5.922,5.922,5.922,5.922,
1992-10-16,5.892,5.892,5.892,5.892,
1992-10-19,5.892,5.892,5.892,5.892,
1992-10-20,5.953,5.953,5.953,5.953,
1992-10-21,6.089,6.089,6.089,6.089,
1992-10-22,6.073,6.073,6.073,6.073,
1992-10-23,5.953,5.953,5.953,5.953,
1992-10-26,5.998,5.998,5.998,5.998,
1992-10-27,5.937,5.937,5.937,5.937,
1992-10-28,5.983,5.983,5.983,5.983,
1992-10-29,5.998,5.998,5.998,5.998,
1992-10-30,6.043,6.043,6.043,6.043,
1992-11-02,6.134,6.134,6.134,6.134,
1992-11-03,6.013,6.013,6.013,6.013,
1992-11-04,5.937,5.937,5.937,5.937,
1992-11-05,5.832,5.832,5.832,5.832,
1992-11-06,5.937,5.937,5.937,5.937,
1992-11-09,5.953,5.953,5.953,5.953,
1992-11-10,5.996,5.996,5.996,5.996,
1992-11-11,6.117,6.117,6.117,6.117,
1992-11-12,6.132,6.132,6.132,6.132,
1992-11-13,6.056,6.056,6.056,6.056,
1992-11-16,6.041,6.041,6.041,6.041,
1992-11-17,6.056,6.056,6.056,6.056,
1992-11-18,6.117,6.117,6.117,6.117,
1992-11-19,6.102,6.102,6.102,6.102,
1992-11-20,6.132,6.132,6.132,6.132,
1992-11-23,6.102,6.102,6.102,6.102,
1992-11-24,6.239,6.239,6.239,6.239,
1992-11-25,6.239,6.239,6.239,6.239,
1992-11-27,6.193,6.193,6.193,6.193,
1992-11-30,6.117,6.117,6.117,6.117,
1992-12-01,6.117,6.117,6.117,6.117,
1992-12-02,6.072,6.072,6.072,6.072,
1992-12-03,6.102,6.102,6.102,6.102,
1992-12-04,6.208,6.208,6.208,6.208,
1992-12-07,6.314,6.314,6.314,6.314,
1992-12-08,6.314,6.314,6.314,6.314,
1992-12-09,6.223,6.223,6.223,6.223,
1992-12-10,6.254,6.254,6.254,6.254,
1992-12-11,6.193,6.193,6.193,6.193,
1992-12-14,6.223,6.223,6.223,6.223,
1992-12-15,6.208,6.208,6.208,6.208,
1992-12-16,6.269,6.269,6.269,6.269,
1992-12-17,6.406,6.406,6.406,6.406,
1992-12-18,6.542,6.542,6.542,6.542,
1992-12-21,6.481,6.481,6.481,6.481,
1992-12-22,6.451,6.451,6.451,6.451,
1992-12-23,6.269,6.269,6.269,6.269,
1992-12-24,6.254,6.254,6.254,6.254,
1992-12-28,6.147,6.147,6.147,6.147,
1992-12-29,6.117,6.117,6.117,6.117,
1992-12-30,6.163,6.163,6.163,6.163,
1992-12-31,6.132,6.132,6.132,6.132,
1993-01-04,6.011,6.011,6.011,6.011,
1993-01-05,5.874,5.874,5.874,5.874,
1993-01-06,5.692,5.692,5.692,5.692,
1993-01-07,5.54,5.54,5.54,5.54,
1993-01-08,5.677,5.677,5.677,5.677,
1993-01-11,5.677,5.677,5.677,5.677,
1993-01-12,5.692,5.692,5.692,5.692,
1993-01-13,5.677,5.677,5.677,5.677,
1993-01-14,5.616,5.616,5.616,5.616,
1993-01-15,5.692,5.692,5.692,5.692,
1993-01-18,5.677,5.677,5.677,5.677,
1993-01-19,5.51,5.51,5.51,5.51,
1993-01-20,5.556,5.556,5.556,5.556,
1993-01-21,5.586,5.586,5.586,5.586,
1993-01-22,5.571,5.571,5.571,5.571,
1993-01-25,5.464,5.464,5.464,5.464,
1993-01-26,5.297,5.297,5.297,5.297,
1993-01-27,5.373,5.373,5.373,5.373,
1993-01-28,5.328,5.328,5.328,5.328,
1993-01-29,5.343,5.343,5.343,5.343,
1993-02-01,5.343,5.343,5.343,5.343,
1993-02-02,5.282,5.282,5.282,5.282,
1993-02-03,5.495,5.495,5.495,5.495,
1993-02-04,5.54,5.54,5.54,5.54,
1993-02-05,5.464,5.464,5.464,5.464,
1993-02-08,5.449,5.449,5.449,5.449,
1993-02-09,5.447,5.447,5.447,5.447,
1993-02-10,5.554,5.554,5.554,5.554,
1993-02-11,5.493,5.493,5.493,5.493,
1993-02-12,5.493,5.493,5.493,5.493,
1993-02-16,5.203,5.203,5.203,5.203,
1993-02-17,5.126,5.126,5.126,5.126,
1993-02-18,5.065,5.065,5.065,5.065,
1993-02-19,4.959,4.959,4.959,4.959,
1993-02-22,4.776,4.776,4.776,4.776,
1993-02-23,4.898,4.898,4.898,4.898,
1993-02-24,5.157,5.157,5.157,5.157,
1993-02-25,5.081,5.081,5.081,5.081,
1993-02-26,5.187,5.187,5.187,5.187,
1993-03-01,5.233,5.233,5.233,5.233,
1993-03-02,5.31,5.31,5.31,5.31,
1993-03-03,5.187,5.187,5.187,5.187,
1993-03-04,5.05,5.05,5.05,5.05,
1993-03-05,4.928,4.928,4.928,4.928,
1993-03-08,5.172,5.172,5.172,5.172,
1993-03-09,5.264,5.264,5.264,5.264,
1993-03-10,5.462,5.462,5.462,5.462,
1993-03-11,5.386,5.386,5.386,5.386,
1993-03-12,5.325,5.325,5.325,5.325,
1993-03-15,5.31,5.31,5.31,5.31,
1993-03-16,5.126,5.126,5.126,5.126,
1993-03-17,4.928,4.928,4.928,4.928,
1993-03-18,4.913,4.913,4.913,4.913,
1993-03-19,4.791,4.791,4.791,4.791,
1993-03-22,4.821,4.821,4.821,4.821,
1993-03-23,4.959,4.959,4.959,4.959,
1993-03-24,4.821,4.821,4.821,4.821,
1993-03-25,5.004,5.004,5.004,5.004,
1993-03-26,4.821,4.821,4.821,4.821,
1993-03-29,4.882,4.882,4.882,4.882,
1993-03-30,5.126,5.126,5.126,5.126,
1993-03-31,5.203,5.203,5.203,5.203,
1993-04-01,4.974,4.974,4.974,4.974,
1993-04-02,4.898,4.898,4.898,4.898,
1993-04-05,5.05,5.05,5.05,5.05,
1993-04-06,4.882,4.882,4.882,4.882,
1993-04-07,4.852,4.852,4.852,4.852,
1993-04-08,4.699,4.699,4.699,4.699,
1993-04-12,4.882,4.882,4.882,4.882,
1993-04-13,4.806,4.806,4.806,4.806,
1993-04-14,4.791,4.791,4.791,4.791,
1993-04-15,4.73,4.73,4.73,4.73,
1993-04-16,4.806,4.806,4.806,4.806,
1993-04-19,5.065,5.065,5.065,5.065,
1993-04-20,5.187,5.187,5.187,5.187,
1993-04-21,5.157,5.157,5.157,5.157,
1993-04-22,4.959,4.959,4.959,4.959,
1993-04-23,4.867,4.867,4.867,4.867,
1993-04-26,4.837,4.837,4.837,4.837,
1993-04-27,5.218,5.218,5.218,5.218,
1993-04-28,5.203,5.203,5.203,5.203,
1993-04-29,5.172,5.172,5.172,5.172,
1993-04-30,5.325,5.325,5.325,5.325,
1993-05-03,5.477,5.477,5.477,5.477,
1993-05-04,5.371,5.371,5.371,5.371,
1993-05-05,5.447,5.447,5.447,5.447,
1993-05-06,5.325,5.325,5.325,5.325,
1993-05-07,5.279,5.279,5.279,5.279,
1993-05-10,5.355,5.355,5.355,5.355,
1993-05-11,5.477,5.477,5.477,5.477,
1993-05-12,5.34,5.34,5.34,5.34,
1993-05-13,5.202,5.202,5.202,5.202,
1993-05-14,5.31,5.31,5.31,5.31,
1993-05-17,5.371,5.371,5.371,5.371,
1993-05-18,5.371,5.371,5.371,5.371,
1993-05-19,5.509,5.509,5.509,5.509,
1993-05-20,5.586,5.586,5.586,5.586,
1993-05-21,5.54,5.54,5.54,5.54,
1993-05-24,5.54,5.54,5.54,5.54,
1993-05-25,5.479,5.479,5.479,5.479,
1993-05-26,5.571,5.571,5.571,5.571,
1993-05-27,5.433,5.433,5.433,5.433,
1993-05-28,5.479,5.479,5.479,5.479,
1993-06-01,5.494,5.494,5.494,5.494,
1993-06-02,5.433,5.433,5.433,5.433,
1993-06-03,5.356,5.356,5.356,5.356,
1993-06-04,5.264,5.264,5.264,5.264,
1993-06-07,5.264,5.264,5.264,5.264,
1993-06-08,5.279,5.279,5.279,5.279,
1993-06-09,5.325,5.325,5.325,5.325,
1993-06-10,5.463,5.463,5.463,5.463,
1993-06-11,5.494,5.494,5.494,5.494,
1993-06-14,5.509,5.509,5.509,5.509,
1993-06-15,5.525,5.525,5.525,5.525,
1993-06-16,5.555,5.555,5.555,5.555,
1993-06-17,5.617,5.617,5.617,5.617,
1993-06-18,5.264,5.264,5.264,5.264,
1993-06-21,5.218,5.218,5.218,5.218,
1993-06-22,5.095,5.095,5.095,5.095,
1993-06-23,5.034,5.034,5.034,5.034,
1993-06-24,5.141,5.141,5.141,5.141,
1993-06-25,5.156,5.156,5.156,5.156,
1993-06-28,5.064,5.064,5.064,5.064,
1993-06-29,5.156,5.156,5.156,5.156,
1993-06-30,5.095,5.095,5.095,5.095,
1993-07-01,4.957,4.957,4.957,4.957,
1993-07-02,4.895,4.895,4.895,4.895,
1993-07-06,4.865,4.865,4.865,4.865,
1993-07-07,4.865,4.865,4.865,4.865,
1993-07-08,4.926,4.926,4.926,4.926,
1993-07-09,4.88,4.88,4.88,4.88,
1993-07-12,4.895,4.895,4.895,4.895,
1993-07-13,4.987,4.987,4.987,4.987,
1993-07-14,4.972,4.972,4.972,4.972,
1993-07-15,4.865,4.865,4.865,4.865,
1993-07-16,4.819,4.819,4.819,4.819,
1993-07-19,4.849,4.849,4.849,4.849,
1993-07-20,4.88,4.88,4.88,4.88,
1993-07-21,4.696,4.696,4.696,4.696,
1993-07-22,4.665,4.665,4.665,4.665,
1993-07-23,4.711,4.711,4.711,4.711,
1993-07-26,4.696,4.696,4.696,4.696,
1993-07-27,4.665,4.665,4.665,4.665,
1993-07-28,4.619,4.619,4.619,4.619,
1993-07-29,4.512,4.512,4.512,4.512,
1993-07-30,4.481,4.481,4.481,4.481,
1993-08-02,4.588,4.588,4.588,4.588,
1993-08-03,4.635,4.635,4.635,4.635,
1993-08-04,4.619,4.619,4.619,4.619,
1993-08-05,4.542,4.542,4.542,4.542,
1993-08-06,4.604,4.604,4.604,4.604,
1993-08-09,4.512,4.512,4.512,4.512,
1993-08-10,4.481,4.481,4.481,4.481,
1993-08-11,4.405,4.405,4.405,4.405,
1993-08-12,4.498,4.498,4.498,4.498,
1993-08-13,4.56,4.56,4.56,4.56,
1993-08-16,4.606,4.606,4.606,4.606,
1993-08-17,4.761,4.761,4.761,4.761,
1993-08-18,4.946,4.946,4.946,4.946,
1993-08-19,4.992,4.992,4.992,4.992,
1993-08-20,5.07,5.07,5.07,5.07,
1993-08-23,4.992,4.992,4.992,4.992,
1993-08-24,4.946,4.946,4.946,4.946,
1993-08-25,4.915,4.915,4.915,4.915,
1993-08-26,4.992,4.992,4.992,4.992,
1993-08-27,4.992,4.992,4.992,4.992,
1993-08-30,5.008,5.008,5.008,5.008,
1993-08-31,5.039,5.039,5.039,5.039,
1993-09-01,4.992,4.992,4.992,4.992,
1993-09-02,5.054,5.054,5.054,5.054,
1993-09-03,4.931,4.931,4.931,4.931,
1993-09-07,4.869,4.869,4.869,4.869,
1993-09-08,4.745,4.745,4.745,4.745,
1993-09-09,4.791,4.791,4.791,4.791,
1993-09-10,4.791,4.791,4.791,4.791,
1993-09-13,4.776,4.776,4.776,4.776,
1993-09-14,4.869,4.869,4.869,4.869,
1993-09-15,4.822,4.822,4.822,4.822,
1993-09-16,4.791,4.791,4.791,4.791,
1993-09-17,4.838,4.838,4.838,4.838,
1993-09-20,4.683,4.683,4.683,4.683,
1993-09-21,4.807,4.807,4.807,4.807,
1993-09-22,4.853,4.853,4.853,4.853,
1993-09-23,4.9,4.9,4.9,4.9,
1993-09-24,4.838,4.838,4.838,4.838,
1993-09-27,4.9,4.9,4.9,4.9,
1993-09-28,4.853,4.853,4.853,4.853,
1993-09-29,4.884,4.884,4.884,4.884,
1993-09-30,4.869,4.869,4.869,4.869,
1993-10-01,4.838,4.838,4.838,4.838,
1993-10-04,4.776,4.776,4.776,4.776,
1993-10-05,4.884,4.884,4.884,4.884,
1993-10-06,4.869,4.869,4.869,4.869,
1993-10-07,4.9,4.9,4.9,4.9,
1993-10-08,4.869,4.869,4.869,4.869,
1993-10-11,4.931,4.931,4.931,4.931,
1993-10-12,4.946,4.946,4.946,4.946,
1993-10-13,4.977,4.977,4.977,4.977,
1993-10-14,5.039,5.039,5.039,5.039,
1993-10-15,5.101,5.101,5.101,5.101,
1993-10-18,5.147,5.147,5.147,5.147,
1993-10-19,5.116,5.116,5.116,5.116,
1993-10-20,5.209,5.209,5.209,5.209,
1993-10-21,5.271,5.271,5.271,5.271,
1993-10-22,5.162,5.162,5.162,5.162,
1993-10-25,5.193,5.193,5.193,5.193,
1993-10-26,5.131,5.131,5.131,5.131,
1993-10-27,5.147,5.147,5.147,5.147,
1993-10-28,5.162,5.162,5.162,5.162,
1993-10-29,5.209,5.209,5.209,5.209,
1993-11-01,5.286,5.286,5.286,5.286,
1993-11-02,5.286,5.286,5.286,5.286,
1993-11-03,5.286,5.286,5.286,5.286,
1993-11-04,5.24,5.24,5.24,5.24,
1993-11-05,5.271,5.271,5.271,5.271,
1993-11-08,5.332,5.332,5.332,5.332,
1993-11-09,5.334,5.334,5.334,5.334,
1993-11-10,5.411,5.411,5.411,5.411,
1993-11-11,5.365,5.365,5.365,5.365,
1993-11-12,5.396,5.396,5.396,5.396,
1993-11-15,5.427,5.427,5.427,5.427,
1993-11-16,5.505,5.505,5.505,5.505,
1993-11-17,5.458,5.458,5.458,5.458,
1993-11-18,5.536,5.536,5.536,5.536,
1993-11-19,5.536,5.536,5.536,5.536,
1993-11-22,5.567,5.567,5.567,5.567,
1993-11-23,5.614,5.614,5.614,5.614,
1993-11-24,5.567,5.567,5.567,5.567,
1993-11-26,5.489,5.489,5.489,5.489,
1993-11-29,5.505,5.505,5.505,5.505,
1993-11-30,5.427,5.427,5.427,5.427,
1993-12-01,5.474,5.474,5.474,5.474,
1993-12-02,5.505,5.505,5.505,5.505,
1993-12-03,5.567,5.567,5.567,5.567,
1993-12-06,5.645,5.645,5.645,5.645,
1993-12-07,5.614,5.614,5.614,5.614,
1993-12-08,5.645,5.645,5.645,5.645,
1993-12-09,5.505,5.505,5.505,5.505,
1993-12-10,5.411,5.411,5.411,5.411,
1993-12-13,5.349,5.349,5.349,5.349,
1993-12-14,5.303,5.303,5.303,5.303,
1993-12-15,5.38,5.38,5.38,5.38,
1993-12-16,5.349,5.349,5.349,5.349,
1993-12-17,5.365,5.365,5.365,5.365,
1993-12-20,5.303,5.303,5.303,5.303,
1993-12-21,5.303,5.303,5.303,5.303,
1993-12-22,5.334,5.334,5.334,5.334,
1993-12-23,5.411,5.411,5.411,5.411,
1993-12-27,5.52,5.52,5.52,5.52,
1993-12-28,5.551,5.551,5.551,5.551,
1993-12-29,5.567,5.567,5.567,5.567,
1993-12-30,5.598,5.598,5.598,5.598,
1993-12-31,5.582,5.582,5.582,5.582,
1994-01-03,5.629,5.629,5.629,5.629,
1994-01-04,5.614,5.614,5.614,5.614,
1994-01-05,5.598,5.598,5.598,5.598,
1994-01-06,5.489,5.489,5.489,5.489,
1994-01-07,5.551,5.551,5.551,5.551,
1994-01-10,5.66,5.66,5.66,5.66,
1994-01-11,5.536,5.536,5.536,5.536,
1994-01-12,5.52,5.52,5.52,5.52,
1994-01-13,5.442,5.442,5.442,5.442,
1994-01-14,5.442,5.442,5.442,5.442,
1994-01-17,5.489,5.489,5.489,5.489,
1994-01-18,5.427,5.427,5.427,5.427,
1994-01-19,5.334,5.334,5.334,5.334,
1994-01-20,5.178,5.178,5.178,5.178,
1994-01-21,5.209,5.209,5.209,5.209,
1994-01-24,5.023,5.023,5.023,5.023,
1994-01-25,5.085,5.085,5.085,5.085,
1994-01-26,5.209,5.209,5.209,5.209,
1994-01-27,5.271,5.271,5.271,5.271,
1994-01-28,5.287,5.287,5.287,5.287,
1994-01-31,5.271,5.271,5.271,5.271,
1994-02-01,5.24,5.24,5.24,5.24,
1994-02-02,5.303,5.303,5.303,5.303,
1994-02-03,5.271,5.271,5.271,5.271,
1994-02-04,5.225,5.225,5.225,5.225,
1994-02-07,5.178,5.178,5.178,5.178,
1994-02-08,5.303,5.303,5.303,5.303,
1994-02-09,5.21,5.21,5.21,5.21,
1994-02-10,5.179,5.179,5.179,5.179,
1994-02-11,5.241,5.241,5.241,5.241,
1994-02-14,5.273,5.273,5.273,5.273,
1994-02-15,5.288,5.288,5.288,5.288,
1994-02-16,5.226,5.226,5.226,5.226,
1994-02-17,5.163,5.163,5.163,5.163,
1994-02-18,5.194,5.194,5.194,5.194,
1994-02-22,5.163,5.163,5.163,5.163,
1994-02-23,5.132,5.132,5.132,5.132,
1994-02-24,5.069,5.069,5.069,5.069,
1994-02-25,5.085,5.085,5.085,5.085,
1994-02-28,5.022,5.022,5.022,5.022,
1994-03-01,5.053,5.053,5.053,5.053,
1994-03-02,5.038,5.038,5.038,5.038,
1994-03-03,4.975,4.975,4.975,4.975,
1994-03-04,4.975,4.975,4.975,4.975,
1994-03-07,4.96,4.96,4.96,4.96,
1994-03-08,4.975,4.975,4.975,4.975,
1994-03-09,5.022,5.022,5.022,5.022,
1994-03-10,4.96,4.96,4.96,4.96,
1994-03-11,4.96,4.96,4.96,4.96,
1994-03-14,4.975,4.975,4.975,4.975,
1994-03-15,4.991,4.991,4.991,4.991,
1994-03-16,4.944,4.944,4.944,4.944,
1994-03-17,4.928,4.928,4.928,4.928,
1994-03-18,4.944,4.944,4.944,4.944,
1994-03-21,4.944,4.944,4.944,4.944,
1994-03-22,4.897,4.897,4.897,4.897,
1994-03-23,4.819,4.819,4.819,4.819,
1994-03-24,4.834,4.834,4.834,4.834,
1994-03-25,4.834,4.834,4.834,4.834,
1994-03-28,4.866,4.866,4.866,4.866,
1994-03-29,4.756,4.756,4.756,4.756,
1994-03-30,4.647,4.647,4.647,4.647,
1994-03-31,4.725,4.725,4.725,4.725,
1994-04-04,4.615,4.615,4.615,4.615,
1994-04-05,4.647,4.647,4.647,4.647,
1994-04-06,4.6,4.6,4.6,4.6,
1994-04-07,4.647,4.647,4.647,4.647,
1994-04-08,4.678,4.678,4.678,4.678,
1994-04-11,4.85,4.85,4.85,4.85,
1994-04-12,4.944,4.944,4.944,4.944,
1994-04-13,4.975,4.975,4.975,4.975,
1994-04-14,4.881,4.881,4.881,4.881,
1994-04-15,4.913,4.913,4.913,4.913,
1994-04-18,4.866,4.866,4.866,4.866,
1994-04-19,5.053,5.053,5.053,5.053,
1994-04-20,5.069,5.069,5.069,5.069,
1994-04-21,5.116,5.116,5.116,5.116,
1994-04-22,5.038,5.038,5.038,5.038,
1994-04-25,5.022,5.022,5.022,5.022,
1994-04-26,5.038,5.038,5.038,5.038,
1994-04-28,5.21,5.21,5.21,5.21,
1994-04-29,5.179,5.179,5.179,5.179,
1994-05-02,5.257,5.257,5.257,5.257,
1994-05-03,5.21,5.21,5.21,5.21,
1994-05-04,5.226,5.226,5.226,5.226,
1994-05-05,5.179,5.179,5.179,5.179,
1994-05-06,5.1,5.1,5.1,5.1,
1994-05-09,5.1,5.1,5.1,5.1,
1994-05-10,5.21,5.21,5.21,5.21,
1994-05-11,5.341,5.341,5.341,5.341,
1994-05-12,5.294,5.294,5.294,5.294,
1994-05-13,5.357,5.357,5.357,5.357,
1994-05-16,5.388,5.388,5.388,5.388,
1994-05-17,5.451,5.451,5.451,5.451,
1994-05-18,5.451,5.451,5.451,5.451,
1994-05-19,5.467,5.467,5.467,5.467,
1994-05-20,5.451,5.451,5.451,5.451,
1994-05-23,5.514,5.514,5.514,5.514,
1994-05-24,5.499,5.499,5.499,5.499,
1994-05-25,5.546,5.546,5.546,5.546,
1994-05-26,5.562,5.562,5.562,5.562,
1994-05-27,5.609,5.609,5.609,5.609,
1994-05-31,5.577,5.577,5.577,5.577,
1994-06-01,5.546,5.546,5.546,5.546,
1994-06-02,5.514,5.514,5.514,5.514,
1994-06-03,5.514,5.514,5.514,5.514,
1994-06-06,5.388,5.388,5.388,5.388,
1994-06-07,5.483,5.483,5.483,5.483,
1994-06-08,5.467,5.467,5.467,5.467,
1994-06-09,5.53,5.53,5.53,5.53,
1994-06-10,5.467,5.467,5.467,5.467,
1994-06-13,5.499,5.499,5.499,5.499,
1994-06-14,5.514,5.514,5.514,5.514,
1994-06-15,5.467,5.467,5.467,5.467,
1994-06-16,5.514,5.514,5.514,5.514,
1994-06-17,5.499,5.499,5.499,5.499,
1994-06-20,5.499,5.499,5.499,5.499,
1994-06-21,5.53,5.53,5.53,5.53,
1994-06-22,5.467,5.467,5.467,5.467,
1994-06-23,5.451,5.451,5.451,5.451,
1994-06-24,5.373,5.373,5.373,5.373,
1994-06-27,5.388,5.388,5.388,5.388,
1994-06-28,5.451,5.451,5.451,5.451,
1994-06-29,5.483,5.483,5.483,5.483,
1994-06-30,5.404,5.404,5.404,5.404,
1994-07-01,5.404,5.404,5.404,5.404,
1994-07-05,5.388,5.388,5.388,5.388,
1994-07-06,5.341,5.341,5.341,5.341,
1994-07-07,5.357,5.357,5.357,5.357,
1994-07-08,5.388,5.388,5.388,5.388,
1994-07-11,5.42,5.42,5.42,5.42,
1994-07-12,5.373,5.373,5.373,5.373,
1994-07-13,5.341,5.341,5.341,5.341,
1994-07-14,5.42,5.42,5.42,5.42,
1994-07-15,5.514,5.514,5.514,5.514,
1994-07-18,5.499,5.499,5.499,5.499,
1994-07-19,5.499,5.499,5.499,5.499,
1994-07-20,5.64,5.64,5.64,5.64,
1994-07-21,5.845,5.845,5.845,5.845,
1994-07-22,5.719,5.719,5.719,5.719,
1994-07-25,5.892,5.892,5.892,5.892,
1994-07-26,5.877,5.877,5.877,5.877,
1994-07-27,5.971,5.971,5.971,5.971,
1994-07-28,5.924,5.924,5.924,5.924,
1994-07-29,5.924,5.924,5.924,5.924,
1994-08-01,5.924,5.924,5.924,5.924,
1994-08-02,5.94,5.94,5.94,5.94,
1994-08-03,6.05,6.05,6.05,6.05,
1994-08-04,6.113,6.113,6.113,6.113,
1994-08-05,6.034,6.034,6.034,6.034,
1994-08-08,6.003,6.003,6.003,6.003,
1994-08-09,6.034,6.034,6.034,6.034,
1994-08-10,6.15,6.15,6.15,6.15,
1994-08-11,6.055,6.055,6.055,6.055,
1994-08-12,6.166,6.166,6.166,6.166,
1994-08-15,6.277,6.277,6.277,6.277,
1994-08-16,6.277,6.277,6.277,6.277,
1994-08-17,6.245,6.245,6.245,6.245,
1994-08-18,6.103,6.103,6.103,6.103,
1994-08-19,6.214,6.214,6.214,6.214,
1994-08-22,6.23,6.23,6.23,6.23,
1994-08-23,6.166,6.166,6.166,6.166,
1994-08-24,6.245,6.245,6.245,6.245,
1994-08-25,6.214,6.214,6.214,6.214,
1994-08-26,6.277,6.277,6.277,6.277,
1994-08-29,6.277,6.277,6.277,6.277,
1994-08-30,6.23,6.23,6.23,6.23,
1994-08-31,6.356,6.356,6.356,6.356,
1994-09-01,6.404,6.404,6.404,6.404,
1994-09-02,6.356,6.356,6.356,6.356,
1994-09-06,6.34,6.34,6.34,6.34,
1994-09-07,6.261,6.261,6.261,6.261,
1994-09-08,6.325,6.325,6.325,6.325,
1994-09-09,6.325,6.325,6.325,6.325,
1994-09-12,6.261,6.261,6.261,6.261,
1994-09-13,6.293,6.293,6.293,6.293,
1994-09-14,6.214,6.214,6.214,6.214,
1994-09-15,6.325,6.325,6.325,6.325,
1994-09-16,6.325,6.325,6.325,6.325,
1994-09-19,6.325,6.325,6.325,6.325,
1994-09-20,6.261,6.261,6.261,6.261,
1994-09-21,6.261,6.261,6.261,6.261,
1994-09-22,6.214,6.214,6.214,6.214,
1994-09-23,6.261,6.261,6.261,6.261,
1994-09-26,6.23,6.23,6.23,6.23,
1994-09-27,6.499,6.499,6.499,6.499,
1994-09-28,6.562,6.562,6.562,6.562,
1994-09-29,6.483,6.483,6.483,6.483,
1994-09-30,6.562,6.562,6.562,6.562,
1994-10-03,6.515,6.515,6.515,6.515,
1994-10-04,6.356,6.356,6.356,6.356,
1994-10-05,6.388,6.388,6.388,6.388,
1994-10-06,6.404,6.404,6.404,6.404,
1994-10-07,6.451,6.451,6.451,6.451,
1994-10-10,6.436,6.436,6.436,6.436,
1994-10-11,6.61,6.61,6.61,6.61,
1994-10-12,6.658,6.658,6.658,6.658,
1994-10-13,6.689,6.689,6.689,6.689,
1994-10-14,6.642,6.642,6.642,6.642,
1994-10-17,6.737,6.737,6.737,6.737,
1994-10-18,6.737,6.737,6.737,6.737,
1994-10-19,6.911,6.911,6.911,6.911,
1994-10-20,6.959,6.959,6.959,6.959,
1994-10-21,6.927,6.927,6.927,6.927,
1994-10-24,6.848,6.848,6.848,6.848,
1994-10-25,6.879,6.879,6.879,6.879,
1994-10-26,6.895,6.895,6.895,6.895,
1994-10-27,6.895,6.895,6.895,6.895,
1994-10-28,6.99,6.99,6.99,6.99,
1994-10-31,6.927,6.927,6.927,6.927,
1994-11-01,7.07,7.07,7.07,7.07,
1994-11-02,7.038,7.038,7.038,7.038,
1994-11-03,6.911,6.911,6.911,6.911,
1994-11-04,6.673,6.673,6.673,6.673,
1994-11-07,6.737,6.737,6.737,6.737,
1994-11-08,6.949,6.949,6.949,6.949,
1994-11-09,6.981,6.981,6.981,6.981,
1994-11-10,6.965,6.965,6.965,6.965,
1994-11-11,6.885,6.885,6.885,6.885,
1994-11-14,6.981,6.981,6.981,6.981,
1994-11-15,6.917,6.917,6.917,6.917,
1994-11-16,6.917,6.917,6.917,6.917,
1994-11-17,6.901,6.901,6.901,6.901,
1994-11-18,7.013,7.013,7.013,7.013,
1994-11-21,6.885,6.885,6.885,6.885,
1994-11-22,6.726,6.726,6.726,6.726,
1994-11-23,6.758,6.758,6.758,6.758,
1994-11-25,6.742,6.742,6.742,6.742,
1994-11-28,6.806,6.806,6.806,6.806,
1994-11-29,6.806,6.806,6.806,6.806,
1994-11-30,6.806,6.806,6.806,6.806,
1994-12-01,6.822,6.822,6.822,6.822,
1994-12-02,6.853,6.853,6.853,6.853,
1994-12-05,6.837,6.837,6.837,6.837,
1994-12-06,6.837,6.837,6.837,6.837,
1994-12-07,6.822,6.822,6.822,6.822,
1994-12-08,6.71,6.71,6.71,6.71,
1994-12-09,6.758,6.758,6.758,6.758,
1994-12-12,6.79,6.79,6.79,6.79,
1994-12-13,6.806,6.806,6.806,6.806,
1994-12-14,6.933,6.933,6.933,6.933,
1994-12-15,6.981,6.981,6.981,6.981,
1994-12-16,7.045,7.045,7.045,7.045,
1994-12-19,7.061,7.061,7.061,7.061,
1994-12-20,6.965,6.965,6.965,6.965,
1994-12-21,6.933,6.933,6.933,6.933,
1994-12-22,6.965,6.965,6.965,6.965,
1994-12-23,7.045,7.045,7.045,7.045,
1994-12-27,7.077,7.077,7.077,7.077,
1994-12-28,7.029,7.029,7.029,7.029,
1994-12-29,7.013,7.013,7.013,7.013,
1994-12-30,6.981,6.981,6.981,6.981,
1995-01-03,6.949,6.949,6.949,6.949,
1995-01-04,7.013,7.013,7.013,7.013,
1995-01-05,6.981,6.981,6.981,6.981,
1995-01-06,6.933,6.933,6.933,6.933,
1995-01-09,6.853,6.853,6.853,6.853,
1995-01-10,6.997,6.997,6.997,6.997,
1995-01-11,6.997,6.997,6.997,6.997,
1995-01-12,6.933,6.933,6.933,6.933,
1995-01-13,6.917,6.917,6.917,6.917,
1995-01-16,6.981,6.981,6.981,6.981,
1995-01-17,7.013,7.013,7.013,7.013,
1995-01-18,6.997,6.997,6.997,6.997,
1995-01-19,6.949,6.949,6.949,6.949,
1995-01-20,6.949,6.949,6.949,6.949,
1995-01-23,7.124,7.124,7.124,7.124,
1995-01-24,7.029,7.029,7.029,7.029,
1995-01-25,6.981,6.981,6.981,6.981,
1995-01-26,7.124,7.124,7.124,7.124,
1995-01-27,7.284,7.284,7.284,7.284,
1995-01-30,7.348,7.348,7.348,7.348,
1995-01-31,7.411,7.411,7.411,7.411,
1995-02-01,7.236,7.236,7.236,7.236,
1995-02-02,7.252,7.252,7.252,7.252,
1995-02-03,7.316,7.316,7.316,7.316,
1995-02-06,7.363,7.363,7.363,7.363,
1995-02-07,7.379,7.379,7.379,7.379,
1995-02-08,7.368,7.368,7.368,7.368,
1995-02-09,7.272,7.272,7.272,7.272,
1995-02-10,7.32,7.32,7.32,7.32,
1995-02-13,7.32,7.32,7.32,7.32,
1995-02-14,7.304,7.304,7.304,7.304,
1995-02-15,7.24,7.24,7.24,7.24,
1995-02-16,7.24,7.24,7.24,7.24,
1995-02-17,7.128,7.128,7.128,7.128,
1995-02-21,7.16,7.16,7.16,7.16,
1995-02-22,7.272,7.272,7.272,7.272,
1995-02-23,7.304,7.304,7.304,7.304,
1995-02-24,7.32,7.32,7.32,7.32,
1995-02-27,7.288,7.288,7.288,7.288,
1995-02-28,7.272,7.272,7.272,7.272,
1995-03-01,7.256,7.256,7.256,7.256,
1995-03-02,7.449,7.449,7.449,7.449,
1995-03-03,7.401,7.401,7.401,7.401,
1995-03-06,7.433,7.433,7.433,7.433,
1995-03-07,7.433,7.433,7.433,7.433,
1995-03-08,7.449,7.449,7.449,7.449,
1995-03-09,7.449,7.449,7.449,7.449,
1995-03-10,7.561,7.561,7.561,7.561,
1995-03-13,7.721,7.721,7.721,7.721,
1995-03-14,7.721,7.721,7.721,7.721,
1995-03-15,7.865,7.865,7.865,7.865,
1995-03-16,7.897,7.897,7.897,7.897,
1995-03-17,8.009,8.009,8.009,8.009,
1995-03-20,7.945,7.945,7.945,7.945,
1995-03-21,7.913,7.913,7.913,7.913,
1995-03-22,7.881,7.881,7.881,7.881,
1995-03-23,7.833,7.833,7.833,7.833,
1995-03-24,7.929,7.929,7.929,7.929,
1995-03-27,7.929,7.929,7.929,7.929,
1995-03-28,7.913,7.913,7.913,7.913,
1995-03-29,7.689,7.689,7.689,7.689,
1995-03-30,7.689,7.689,7.689,7.689,
1995-03-31,7.625,7.625,7.625,7.625,
1995-04-03,7.625,7.625,7.625,7.625,
1995-04-04,7.673,7.673,7.673,7.673,
1995-04-05,7.645,7.645,7.645,7.645,
1995-04-06,7.593,7.593,7.593,7.593,
1995-04-07,7.561,7.561,7.561,7.561,
1995-04-10,7.689,7.689,7.689,7.689,
1995-04-11,7.705,7.705,7.705,7.705,
1995-04-12,7.705,7.705,7.705,7.705,
1995-04-13,7.897,7.897,7.897,7.897,
1995-04-17,7.753,7.753,7.753,7.753,
1995-04-18,8.025,8.025,8.025,8.025,
1995-04-19,8.041,8.041,8.041,8.041,
1995-04-20,8.073,8.073,8.073,8.073,
1995-04-21,8.105,8.105,8.105,8.105,
1995-04-24,8.201,8.201,8.201,8.201,
1995-04-25,8.169,8.169,8.169,8.169,
1995-04-26,8.217,8.217,8.217,8.217,
1995-04-27,8.121,8.121,8.121,8.121,
1995-04-28,8.33,8.33,8.33,8.33,
1995-05-01,8.314,8.314,8.314,8.314,
1995-05-02,8.33,8.33,8.33,8.33,
1995-05-03,8.426,8.426,8.426,8.426,
1995-05-04,8.474,8.474,8.474,8.474,
1995-05-05,8.394,8.394,8.394,8.394,
1995-05-08,8.522,8.522,8.522,8.522,
1995-05-09,8.522,8.522,8.522,8.522,
1995-05-10,8.58,8.58,8.58,8.58,
1995-05-11,8.693,8.693,8.693,8.693,
1995-05-12,8.339,8.339,8.339,8.339,
1995-05-15,8.194,8.194,8.194,8.194,
1995-05-16,8.178,8.178,8.178,8.178,
1995-05-17,8.275,8.275,8.275,8.275,
1995-05-18,7.985,7.985,7.985,7.985,
1995-05-19,8.065,8.065,8.065,8.065,
1995-05-22,8.194,8.194,8.194,8.194,
1995-05-23,8.339,8.339,8.339,8.339,
1995-05-24,8.371,8.371,8.371,8.371,
1995-05-25,8.355,8.355,8.355,8.355,
1995-05-26,8.258,8.258,8.258,8.258,
1995-05-30,8.258,8.258,8.258,8.258,
1995-05-31,8.516,8.516,8.516,8.516,
1995-06-01,8.564,8.564,8.564,8.564,
1995-06-02,8.484,8.484,8.484,8.484,
1995-06-05,8.484,8.484,8.484,8.484,
1995-06-06,8.548,8.548,8.548,8.548,
1995-06-07,8.532,8.532,8.532,8.532,
1995-06-08,8.548,8.548,8.548,8.548,
1995-06-09,8.516,8.516,8.516,8.516,
1995-06-12,8.532,8.532,8.532,8.532,
1995-06-13,8.693,8.693,8.693,8.693,
1995-06-14,8.79,8.79,8.79,8.79,
1995-06-15,8.725,8.725,8.725,8.725,
1995-06-16,8.854,8.854,8.854,8.854,
1995-06-19,8.918,8.918,8.918,8.918,
1995-06-20,8.806,8.806,8.806,8.806,
1995-06-21,8.967,8.967,8.967,8.967,
1995-06-22,9.16,9.16,9.16,9.16,
1995-06-23,9.16,9.16,9.16,9.16,
1995-06-26,8.951,8.951,8.951,8.951,
1995-06-27,8.709,8.709,8.709,8.709,
1995-06-28,8.79,8.79,8.79,8.79,
1995-06-29,8.806,8.806,8.806,8.806,
1995-06-30,8.693,8.693,8.693,8.693,
1995-07-03,8.717,8.717,8.717,8.717,
1995-07-05,8.564,8.564,8.564,8.564,
1995-07-06,8.677,8.677,8.677,8.677,
1995-07-07,8.355,8.355,8.355,8.355,
1995-07-10,8.403,8.403,8.403,8.403,
1995-07-11,8.548,8.548,8.548,8.548,
1995-07-12,8.5,8.5,8.5,8.5,
1995-07-13,8.564,8.564,8.564,8.564,
1995-07-14,8.613,8.613,8.613,8.613,
1995-07-17,8.661,8.661,8.661,8.661,
1995-07-18,8.838,8.838,8.838,8.838,
1995-07-19,8.886,8.886,8.886,8.886,
1995-07-20,8.838,8.838,8.838,8.838,
1995-07-21,8.902,8.902,8.902,8.902,
1995-07-24,8.983,8.983,8.983,8.983,
1995-07-25,9.015,9.015,9.015,9.015,
1995-07-26,9.079,9.079,9.079,9.079,
1995-07-27,9.208,9.208,9.208,9.208,
1995-07-28,9.24,9.24,9.24,9.24,
1995-07-31,9.24,9.24,9.24,9.24,
1995-08-01,9.16,9.16,9.16,9.16,
1995-08-02,9.079,9.079,9.079,9.079,
1995-08-03,8.999,8.999,8.999,8.999,
1995-08-04,9.096,9.096,9.096,9.096,
1995-08-07,9.112,9.112,9.112,9.112,
1995-08-08,9.096,9.096,9.096,9.096,
1995-08-09,9.063,9.063,9.063,9.063,
1995-08-10,9.047,9.047,9.047,9.047,
1995-08-11,8.88,8.88,8.88,8.88,
1995-08-14,8.993,8.993,8.993,8.993,
1995-08-15,8.928,8.928,8.928,8.928,
1995-08-16,8.799,8.799,8.799,8.799,
1995-08-17,8.734,8.734,8.734,8.734,
1995-08-18,8.718,8.718,8.718,8.718,
1995-08-21,8.75,8.75,8.75,8.75,
1995-08-22,8.799,8.799,8.799,8.799,
1995-08-23,8.831,8.831,8.831,8.831,
1995-08-24,8.799,8.799,8.799,8.799,
1995-08-25,8.799,8.799,8.799,8.799,
1995-08-28,8.912,8.912,8.912,8.912,
1995-08-29,8.928,8.928,8.928,8.928,
1995-08-30,8.928,8.928,8.928,8.928,
1995-08-31,8.928,8.928,8.928,8.928,
1995-09-01,8.896,8.896,8.896,8.896,
1995-09-05,8.977,8.977,8.977,8.977,
1995-09-06,8.993,8.993,8.993,8.993,
1995-09-07,9.009,9.009,9.009,9.009,
1995-09-08,9.025,9.025,9.025,9.025,
1995-09-11,9.058,9.058,9.058,9.058,
1995-09-12,9.025,9.025,9.025,9.025,
1995-09-13,9.09,9.09,9.09,9.09,
1995-09-14,9.3,9.3,9.3,9.3,
1995-09-15,9.252,9.252,9.252,9.252,
1995-09-18,9.236,9.236,9.236,9.236,
1995-09-19,9.333,9.333,9.333,9.333,
1995-09-20,9.268,9.268,9.268,9.268,
1995-09-21,9.543,9.543,9.543,9.543,
1995-09-22,9.413,9.413,9.413,9.413,
1995-09-25,9.559,9.559,9.559,9.559,
1995-09-26,9.624,9.624,9.624,9.624,
1995-09-27,9.656,9.656,9.656,9.656,
1995-09-28,9.511,9.511,9.511,9.511,
1995-09-29,9.591,9.591,9.591,9.591,
1995-10-02,9.511,9.511,9.511,9.511,
1995-10-03,9.672,9.672,9.672,9.672,
1995-10-04,9.769,9.769,9.769,9.769,
1995-10-05,9.769,9.769,9.769,9.769,
1995-10-06,9.996,9.996,9.996,9.996,
1995-10-09,9.915,9.915,9.915,9.915,
1995-10-10,9.85,9.85,9.85,9.85,
1995-10-11,9.85,9.85,9.85,9.85,
1995-10-12,9.899,9.899,9.899,9.899,
1995-10-13,10.044,10.044,10.044,10.044,
1995-10-16,10.044,10.044,10.044,10.044,
1995-10-17,10.028,10.028,10.028,10.028,
1995-10-18,10.109,10.109,10.109,10.109,
1995-10-19,10.222,10.222,10.222,10.222,
1995-10-20,10.319,10.319,10.319,10.319,
1995-10-23,10.449,10.449,10.449,10.449,
1995-10-24,10.707,10.707,10.707,10.707,
1995-10-25,10.61,10.61,10.61,10.61,
1995-10-26,10.4,10.4,10.4,10.4,
1995-10-27,10.449,10.449,10.449,10.449,
1995-10-30,10.562,10.562,10.562,10.562,
1995-10-31,10.546,10.546,10.546,10.546,
1995-11-01,10.578,10.578,10.578,10.578,
1995-11-02,10.513,10.513,10.513,10.513,
1995-11-03,10.384,10.384,10.384,10.384,
1995-11-06,10.368,10.368,10.368,10.368,
1995-11-07,10.578,10.578,10.578,10.578,
1995-11-08,10.627,10.627,10.627,10.627,
1995-11-09,10.529,10.529,10.529,10.529,
1995-11-10,10.361,10.361,10.361,10.361,
1995-11-13,10.621,10.621,10.621,10.621,
1995-11-14,10.8,10.8,10.8,10.8,
1995-11-15,11.157,11.157,11.157,11.157,
1995-11-16,10.946,10.946,10.946,10.946,
1995-11-17,10.962,10.962,10.962,10.962,
1995-11-20,10.865,10.865,10.865,10.865,
1995-11-21,11.092,11.092,11.092,11.092,
1995-11-22,11.011,11.011,11.011,11.011,
1995-11-24,10.978,10.978,10.978,10.978,
1995-11-27,10.962,10.962,10.962,10.962,
1995-11-28,11.076,11.076,11.076,11.076,
1995-11-29,11.173,11.173,11.173,11.173,
1995-11-30,11.254,11.254,11.254,11.254,
1995-12-01,11.157,11.157,11.157,11.157,
1995-12-04,11.401,11.401,11.401,11.401,
1995-12-05,11.628,11.628,11.628,11.628,
1995-12-06,11.79,11.79,11.79,11.79,
1995-12-07,11.807,11.807,11.807,11.807,
1995-12-08,11.725,11.725,11.725,11.725,
1995-12-11,11.709,11.709,11.709,11.709,
1995-12-12,11.79,11.79,11.79,11.79,
1995-12-13,11.807,11.807,11.807,11.807,
1995-12-14,11.888,11.888,11.888,11.888,
1995-12-15,11.872,11.872,11.872,11.872,
1995-12-18,11.579,11.579,11.579,11.579,
1995-12-19,11.303,11.303,11.303,11.303,
1995-12-20,11.336,11.336,11.336,11.336,
1995-12-21,11.482,11.482,11.482,11.482,
1995-12-22,11.238,11.238,11.238,11.238,
1995-12-26,11.238,11.238,11.238,11.238,
1995-12-27,11.287,11.287,11.287,11.287,
1995-12-28,11.173,11.173,11.173,11.173,
1995-12-29,11.108,11.108,11.108,11.108,
1996-01-02,10.946,10.946,10.946,10.946,
1996-01-03,11.384,11.384,11.384,11.384,
1996-01-04,11.271,11.271,11.271,11.271,
1996-01-05,11.271,11.271,11.271,11.271,
1996-01-08,11.417,11.417,11.417,11.417,
1996-01-09,11.482,11.482,11.482,11.482,
1996-01-10,11.108,11.108,11.108,11.108,
1996-01-11,10.881,10.881,10.881,10.881,
1996-01-12,11.141,11.141,11.141,11.141,
1996-01-15,11.238,11.238,11.238,11.238,
1996-01-16,11.271,11.271,11.271,11.271,
1996-01-17,11.352,11.352,11.352,11.352,
1996-01-18,11.271,11.271,11.271,11.271,
1996-01-19,11.222,11.222,11.222,11.222,
1996-01-22,11.271,11.271,11.271,11.271,
1996-01-23,11.401,11.401,11.401,11.401,
1996-01-24,12.18,12.18,12.18,12.18,
1996-01-25,12.083,12.083,12.083,12.083,
1996-01-26,12.115,12.115,12.115,12.115,
1996-01-29,12.245,12.245,12.245,12.245,
1996-01-30,12.521,12.521,12.521,12.521,
1996-01-31,12.472,12.472,12.472,12.472,
1996-02-01,12.261,12.261,12.261,12.261,
1996-02-02,12.456,12.456,12.456,12.456,
1996-02-05,12.716,12.716,12.716,12.716,
1996-02-06,12.619,12.619,12.619,12.619,
1996-02-07,12.602,12.602,12.602,12.602,
1996-02-08,12.83,12.83,12.83,12.83,
1996-02-09,12.878,12.878,12.878,12.878,
1996-02-12,12.846,12.846,12.846,12.846,
1996-02-13,12.862,12.862,12.862,12.862,
1996-02-14,12.684,12.684,12.684,12.684,
1996-02-15,12.401,12.401,12.401,12.401,
1996-02-16,12.27,12.27,12.27,12.27,
1996-02-20,12.075,12.075,12.075,12.075,
1996-02-21,12.368,12.368,12.368,12.368,
1996-02-22,12.401,12.401,12.401,12.401,
1996-02-23,12.189,12.189,12.189,12.189,
1996-02-26,12.221,12.221,12.221,12.221,
1996-02-27,12.189,12.189,12.189,12.189,
1996-02-28,12.238,12.238,12.238,12.238,
1996-02-29,12.189,12.189,12.189,12.189,
1996-03-01,12.515,12.515,12.515,12.515,
1996-03-04,12.613,12.613,12.613,12.613,
1996-03-05,12.547,12.547,12.547,12.547,
1996-03-06,12.498,12.498,12.498,12.498,
1996-03-07,12.808,12.808,12.808,12.808,
1996-03-08,12.384,12.384,12.384,12.384,
1996-03-11,12.417,12.417,12.417,12.417,
1996-03-12,12.27,12.27,12.27,12.27,
1996-03-13,12.107,12.107,12.107,12.107,
1996-03-14,12.075,12.075,12.075,12.075,
1996-03-15,12.254,12.254,12.254,12.254,
1996-03-18,12.303,12.303,12.303,12.303,
1996-03-19,12.058,12.058,12.058,12.058,
1996-03-20,12.221,12.221,12.221,12.221,
1996-03-21,12.27,12.27,12.27,12.27,
1996-03-22,12.319,12.319,12.319,12.319,
1996-03-25,12.205,12.205,12.205,12.205,
1996-03-26,12.336,12.336,12.336,12.336,
1996-03-27,12.14,12.14,12.14,12.14,
1996-03-28,12.091,12.091,12.091,12.091,
1996-03-29,12.026,12.026,12.026,12.026,
1996-04-01,12.156,12.156,12.156,12.156,
1996-04-02,12.417,12.417,12.417,12.417,
1996-04-03,12.27,12.27,12.27,12.27,
1996-04-04,12.336,12.336,12.336,12.336,
1996-04-08,12.01,12.01,12.01,12.01,
1996-04-09,11.896,11.896,11.896,11.896,
1996-04-10,11.504,11.504,11.504,11.504,
1996-04-11,11.407,11.407,11.407,11.407,
1996-04-12,11.553,11.553,11.553,11.553,
1996-04-15,11.7,11.7,11.7,11.7,
1996-04-16,11.879,11.879,11.879,11.879,
1996-04-17,11.814,11.814,11.814,11.814,
1996-04-18,11.944,11.944,11.944,11.944,
1996-04-19,11.847,11.847,11.847,11.847,
1996-04-22,11.733,11.733,11.733,11.733,
1996-04-23,11.798,11.798,11.798,11.798,
1996-04-24,11.7,11.7,11.7,11.7,
1996-04-25,11.749,11.749,11.749,11.749,
1996-04-26,11.814,11.814,11.814,11.814,
1996-04-29,11.977,11.977,11.977,11.977,
1996-04-30,12.058,12.058,12.058,12.058,
1996-05-01,12.091,12.091,12.091,12.091,
1996-05-02,11.667,11.667,11.667,11.667,
1996-05-03,11.667,11.667,11.667,11.667,
1996-05-06,11.7,11.7,11.7,11.7,
1996-05-07,11.7,11.7,11.7,11.7,
1996-05-08,11.977,11.977,11.977,11.977,
1996-05-09,11.847,11.847,11.847,11.847,
1996-05-10,11.944,11.944,11.944,11.944,
1996-05-13,12.075,12.075,12.075,12.075,
1996-05-14,12.058,12.058,12.058,12.058,
1996-05-15,12.238,12.238,12.238,12.238,
1996-05-16,12.287,12.287,12.287,12.287,
1996-05-17,12.418,12.418,12.418,12.418,
1996-05-20,12.467,12.467,12.467,12.467,
1996-05-21,12.516,12.516,12.516,12.516,
1996-05-22,12.696,12.696,12.696,12.696,
1996-05-23,12.631,12.631,12.631,12.631,
1996-05-24,12.778,12.778,12.778,12.778,
1996-05-28,12.745,12.745,12.745,12.745,
1996-05-29,12.598,12.598,12.598,12.598,
1996-05-30,12.794,12.794,12.794,12.794,
1996-05-31,12.745,12.745,12.745,12.745,
1996-06-03,12.696,12.696,12.696,12.696,
1996-06-04,12.86,12.86,12.86,12.86,
1996-06-05,12.991,12.991,12.991,12.991,
1996-06-06,12.86,12.86,12.86,12.86,
1996-06-07,12.909,12.909,12.909,12.909,
1996-06-10,13.007,13.007,13.007,13.007,
1996-06-11,13.089,13.089,13.089,13.089,
1996-06-12,13.089,13.089,13.089,13.089,
1996-06-13,12.794,12.794,12.794,12.794,
1996-06-14,12.827,12.827,12.827,12.827,
1996-06-17,12.762,12.762,12.762,12.762,
1996-06-18,12.533,12.533,12.533,12.533,
1996-06-19,12.565,12.565,12.565,12.565,
1996-06-20,12.533,12.533,12.533,12.533,
1996-06-21,12.598,12.598,12.598,12.598,
1996-06-24,12.664,12.664,12.664,12.664,
1996-06-25,12.925,12.925,12.925,12.925,
1996-06-26,12.925,12.925,12.925,12.925,
1996-06-27,12.86,12.86,12.86,12.86,
1996-06-28,12.958,12.958,12.958,12.958,
1996-07-01,12.991,12.991,12.991,12.991,
1996-07-02,13.024,13.024,13.024,13.024,
1996-07-03,12.925,12.925,12.925,12.925,
1996-07-05,12.664,12.664,12.664,12.664,
1996-07-08,12.565,12.565,12.565,12.565,
1996-07-09,12.369,12.369,12.369,12.369,
1996-07-10,12.565,12.565,12.565,12.565,
1996-07-11,12.565,12.565,12.565,12.565,
1996-07-12,12.353,12.353,12.353,12.353,
1996-07-15,12.042,12.042,12.042,12.042,
1996-07-16,12.631,12.631,12.631,12.631,
1996-07-17,12.435,12.435,12.435,12.435,
1996-07-18,12.86,12.86,12.86,12.86,
1996-07-19,12.925,12.925,12.925,12.925,
1996-07-22,12.794,12.794,12.794,12.794,
1996-07-23,12.402,12.402,12.402,12.402,
1996-07-24,12.435,12.435,12.435,12.435,
1996-07-25,12.402,12.402,12.402,12.402,
1996-07-26,12.598,12.598,12.598,12.598,
1996-07-29,12.467,12.467,12.467,12.467,
1996-07-30,12.631,12.631,12.631,12.631,
1996-07-31,12.5,12.5,12.5,12.5,
1996-08-01,12.86,12.86,12.86,12.86,
1996-08-02,12.991,12.991,12.991,12.991,
1996-08-05,13.187,13.187,13.187,13.187,
1996-08-06,13.22,13.22,13.22,13.22,
1996-08-07,13.482,13.482,13.482,13.482,
1996-08-08,13.416,13.416,13.416,13.416,
1996-08-09,13.416,13.416,13.416,13.416,
1996-08-12,13.776,13.776,13.776,13.776,
1996-08-13,13.743,13.743,13.743,13.743,
1996-08-14,13.907,13.907,13.907,13.907,
1996-08-15,13.907,13.907,13.907,13.907,
1996-08-16,13.563,13.563,13.563,13.563,
1996-08-19,13.694,13.694,13.694,13.694,
1996-08-20,13.596,13.596,13.596,13.596,
1996-08-21,13.629,13.629,13.629,13.629,
1996-08-22,13.661,13.661,13.661,13.661,
1996-08-23,13.432,13.432,13.432,13.432,
1996-08-26,13.267,13.267,13.267,13.267,
1996-08-27,13.366,13.366,13.366,13.366,
1996-08-28,13.234,13.234,13.234,13.234,
1996-08-29,13.103,13.103,13.103,13.103,
1996-08-30,12.939,12.939,12.939,12.939,
1996-09-03,12.906,12.906,12.906,12.906,
1996-09-04,12.906,12.906,12.906,12.906,
1996-09-05,12.742,12.742,12.742,12.742,
1996-09-06,13.07,13.07,13.07,13.07,
1996-09-09,13.103,13.103,13.103,13.103,
1996-09-10,12.972,12.972,12.972,12.972,
1996-09-11,12.939,12.939,12.939,12.939,
1996-09-12,12.939,12.939,12.939,12.939,
1996-09-13,13.136,13.136,13.136,13.136,
1996-09-16,13.169,13.169,13.169,13.169,
1996-09-17,13.136,13.136,13.136,13.136,
1996-09-18,13.037,13.037,13.037,13.037,
1996-09-19,13.136,13.136,13.136,13.136,
1996-09-20,13.267,13.267,13.267,13.267,
1996-09-23,13.333,13.333,13.333,13.333,
1996-09-24,13.234,13.234,13.234,13.234,
1996-09-25,13.202,13.202,13.202,13.202,
1996-09-26,13.399,13.399,13.399,13.399,
1996-09-27,13.53,13.53,13.53,13.53,
1996-09-30,13.464,13.464,13.464,13.464,
1996-10-01,13.432,13.432,13.432,13.432,
1996-10-02,13.464,13.464,13.464,13.464,
1996-10-03,13.399,13.399,13.399,13.399,
1996-10-04,13.629,13.629,13.629,13.629,
1996-10-07,13.661,13.661,13.661,13.661,
1996-10-08,13.629,13.629,13.629,13.629,
1996-10-09,13.464,13.464,13.464,13.464,
1996-10-10,13.366,13.366,13.366,13.366,
1996-10-11,13.53,13.53,13.53,13.53,
1996-10-14,13.793,13.793,13.793,13.793,
1996-10-15,13.464,13.464,13.464,13.464,
1996-10-16,13.464,13.464,13.464,13.464,
1996-10-17,13.76,13.76,13.76,13.76,
1996-10-18,13.629,13.629,13.629,13.629,
1996-10-21,13.333,13.333,13.333,13.333,
1996-10-22,13.07,13.07,13.07,13.07,
1996-10-23,13.07,13.07,13.07,13.07,
1996-10-24,12.775,12.775,12.775,12.775,
1996-10-25,12.413,12.413,12.413,12.413,
1996-10-28,12.512,12.512,12.512,12.512,
1996-10-29,12.676,12.676,12.676,12.676,
1996-10-30,12.611,12.611,12.611,12.611,
1996-10-31,12.939,12.939,12.939,12.939,
1996-11-01,12.906,12.906,12.906,12.906,
1996-11-04,12.84,12.84,12.84,12.84,
1996-11-05,13.136,13.136,13.136,13.136,
1996-11-06,13.793,13.793,13.793,13.793,
1996-11-07,13.53,13.53,13.53,13.53,
1996-11-08,13.53,13.53,13.53,13.53,
1996-11-11,13.53,13.53,13.53,13.53,
1996-11-12,13.366,13.366,13.366,13.366,
1996-11-13,13.366,13.366,13.366,13.366,
1996-11-14,13.366,13.366,13.366,13.366,
1996-11-15,13.383,13.383,13.383,13.383,
1996-11-18,13.35,13.35,13.35,13.35,
1996-11-19,13.614,13.614,13.614,13.614,
1996-11-20,13.548,13.548,13.548,13.548,
1996-11-21,13.746,13.746,13.746,13.746,
1996-11-22,13.779,13.779,13.779,13.779,
1996-11-25,14.174,14.174,14.174,14.174,
1996-11-26,14.141,14.141,14.141,14.141,
1996-11-27,14.108,14.108,14.108,14.108,
1996-11-29,14.042,14.042,14.042,14.042,
1996-12-02,13.943,13.943,13.943,13.943,
1996-12-03,13.647,13.647,13.647,13.647,
1996-12-04,13.713,13.713,13.713,13.713,
1996-12-05,13.614,13.614,13.614,13.614,
1996-12-06,13.647,13.647,13.647,13.647,
1996-12-09,13.812,13.812,13.812,13.812,
1996-12-10,13.844,13.844,13.844,13.844,
1996-12-11,13.647,13.647,13.647,13.647,
1996-12-12,13.317,13.317,13.317,13.317,
1996-12-13,13.119,13.119,13.119,13.119,
1996-12-16,12.889,12.889,12.889,12.889,
1996-12-17,12.823,12.823,12.823,12.823,
1996-12-18,12.954,12.954,12.954,12.954,
1996-12-19,13.35,13.35,13.35,13.35,
1996-12-20,13.152,13.152,13.152,13.152,
1996-12-23,13.152,13.152,13.152,13.152,
1996-12-24,13.185,13.185,13.185,13.185,
1996-12-26,13.218,13.218,13.218,13.218,
1996-12-27,13.317,13.317,13.317,13.317,
1996-12-30,13.482,13.482,13.482,13.482,
1996-12-31,13.119,13.119,13.119,13.119,
1997-01-02,13.119,13.119,13.119,13.119,
1997-01-03,13.251,13.251,13.251,13.251,
1997-01-06,13.35,13.35,13.35,13.35,
1997-01-07,13.383,13.383,13.383,13.383,
1997-01-08,13.482,13.482,13.482,13.482,
1997-01-09,13.581,13.581,13.581,13.581,
1997-01-10,13.482,13.482,13.482,13.482,
1997-01-13,13.251,13.251,13.251,13.251,
1997-01-14,13.515,13.515,13.515,13.515,
1997-01-15,13.746,13.746,13.746,13.746,
1997-01-16,13.614,13.614,13.614,13.614,
1997-01-17,13.548,13.548,13.548,13.548,
1997-01-20,13.449,13.449,13.449,13.449,
1997-01-21,14.108,14.108,14.108,14.108,
1997-01-22,15.13,15.13,15.13,15.13,
1997-01-23,14.8,14.8,14.8,14.8,
1997-01-24,14.537,14.537,14.537,14.537,
1997-01-27,14.405,14.405,14.405,14.405,
1997-01-28,14.339,14.339,14.339,14.339,
1997-01-29,14.504,14.504,14.504,14.504,
1997-01-30,14.998,14.998,14.998,14.998,
1997-01-31,15.229,15.229,15.229,15.229,
1997-02-03,15.097,15.097,15.097,15.097,
1997-02-04,15.526,15.526,15.526,15.526,
1997-02-05,15.13,15.13,15.13,15.13,
1997-02-06,15.526,15.526,15.526,15.526,
1997-02-07,15.756,15.756,15.756,15.756,
1997-02-10,15.723,15.723,15.723,15.723,
1997-02-11,15.822,15.822,15.822,15.822,
1997-02-12,16.053,16.053,16.053,16.053,
1997-02-13,16.335,16.335,16.335,16.335,
1997-02-14,16.236,16.236,16.236,16.236,
1997-02-18,16.599,16.599,16.599,16.599,
1997-02-19,16.302,16.302,16.302,16.302,
1997-02-20,15.938,15.938,15.938,15.938,
1997-02-21,15.938,15.938,15.938,15.938,
1997-02-24,16.07,16.07,16.07,16.07,
1997-02-25,15.872,15.872,15.872,15.872,
1997-02-26,15.541,15.541,15.541,15.541,
1997-02-27,15.244,15.244,15.244,15.244,
1997-02-28,15.21,15.21,15.21,15.21,
1997-03-03,15.442,15.442,15.442,15.442,
1997-03-04,15.177,15.177,15.177,15.177,
1997-03-05,15.706,15.706,15.706,15.706,
1997-03-06,15.64,15.64,15.64,15.64,
1997-03-07,16.037,16.037,16.037,16.037,
1997-03-10,16.202,16.202,16.202,16.202,
1997-03-11,16.103,16.103,16.103,16.103,
1997-03-12,15.773,15.773,15.773,15.773,
1997-03-13,15.541,15.541,15.541,15.541,
1997-03-14,15.31,15.31,15.31,15.31,
1997-03-17,15.31,15.31,15.31,15.31,
1997-03-18,15.244,15.244,15.244,15.244,
1997-03-19,15.177,15.177,15.177,15.177,
1997-03-20,15.111,15.111,15.111,15.111,
1997-03-21,14.979,14.979,14.979,14.979,
1997-03-24,15.31,15.31,15.31,15.31,
1997-03-25,15.21,15.21,15.21,15.21,
1997-03-26,15.111,15.111,15.111,15.111,
1997-03-27,14.582,14.582,14.582,14.582,
1997-03-31,13.987,13.987,13.987,13.987,
1997-04-01,14.516,14.516,14.516,14.516,
1997-04-02,14.384,14.384,14.384,14.384,
1997-04-03,14.285,14.285,14.285,14.285,
1997-04-04,14.45,14.45,14.45,14.45,
1997-04-07,14.417,14.417,14.417,14.417,
1997-04-08,14.417,14.417,14.417,14.417,
1997-04-09,14.185,14.185,14.185,14.185,
1997-04-10,14.384,14.384,14.384,14.384,
1997-04-11,13.822,13.822,13.822,13.822,
1997-04-14,14.02,14.02,14.02,14.02,
1997-04-15,14.549,14.549,14.549,14.549,
1997-04-16,14.781,14.781,14.781,14.781,
1997-04-17,14.615,14.615,14.615,14.615,
1997-04-18,14.748,14.748,14.748,14.748,
1997-04-21,15.144,15.144,15.144,15.144,
1997-04-22,15.607,15.607,15.607,15.607,
1997-04-23,15.343,15.343,15.343,15.343,
1997-04-24,15.376,15.376,15.376,15.376,
1997-04-25,15.376,15.376,15.376,15.376,
1997-04-28,15.74,15.74,15.74,15.74,
1997-04-29,15.872,15.872,15.872,15.872,
1997-04-30,16.169,16.169,16.169,16.169,
1997-05-01,15.773,15.773,15.773,15.773,
1997-05-02,16.236,16.236,16.236,16.236,
1997-05-05,16.5,16.5,16.5,16.5,
1997-05-06,16.269,16.269,16.269,16.269,
1997-05-07,15.971,15.971,15.971,15.971,
1997-05-08,15.872,15.872,15.872,15.872,
1997-05-09,16.169,16.169,16.169,16.169,
1997-05-12,16.401,16.401,16.401,16.401,
1997-05-13,16.467,16.467,16.467,16.467,
1997-05-14,16.202,16.202,16.202,16.202,
1997-05-15,16.335,16.335,16.335,16.335,
1997-05-16,15.995,15.995,15.995,15.995,
1997-05-19,16.26,16.26,16.26,16.26,
1997-05-20,16.161,16.161,16.161,16.161,
1997-05-21,15.763,15.763,15.763,15.763,
1997-05-22,15.796,15.796,15.796,15.796,
1997-05-23,15.895,15.895,15.895,15.895,
1997-05-27,15.895,15.895,15.895,15.895,
1997-05-28,15.763,15.763,15.763,15.763,
1997-05-29,15.63,15.63,15.63,15.63,
1997-05-30,15.929,15.929,15.929,15.929,
1997-06-02,15.763,15.763,15.763,15.763,
1997-06-03,15.862,15.862,15.862,15.862,
1997-06-04,15.763,15.763,15.763,15.763,
1997-06-05,15.729,15.729,15.729,15.729,
1997-06-06,15.962,15.962,15.962,15.962,
1997-06-09,16.36,16.36,16.36,16.36,
1997-06-10,16.426,16.426,16.426,16.426,
1997-06-11,16.957,16.957,16.957,16.957,
1997-06-12,17.389,17.389,17.389,17.389,
1997-06-13,17.621,17.621,17.621,17.621,
1997-06-16,17.588,17.588,17.588,17.588,
1997-06-17,17.256,17.256,17.256,17.256,
1997-06-18,17.057,17.057,17.057,17.057,
1997-06-19,17.455,17.455,17.455,17.455,
1997-06-20,17.488,17.488,17.488,17.488,
1997-06-23,16.99,16.99,16.99,16.99,
1997-06-24,17.621,17.621,17.621,17.621,
1997-06-25,17.306,17.306,17.306,17.306,
1997-06-26,16.957,16.957,16.957,16.957,
1997-06-27,17.09,17.09,17.09,17.09,
1997-06-30,17.09,17.09,17.09,17.09,
1997-07-01,16.758,16.758,16.758,16.758,
1997-07-02,16.841,16.841,16.841,16.841,
1997-07-03,17.04,17.04,17.04,17.04,
1997-07-07,17.19,17.19,17.19,17.19,
1997-07-08,17.389,17.389,17.389,17.389,
1997-07-09,16.907,16.907,16.907,16.907,
1997-07-10,16.559,16.559,16.559,16.559,
1997-07-11,16.742,16.742,16.742,16.742,
1997-07-14,16.708,16.708,16.708,16.708,
1997-07-15,16.393,16.393,16.393,16.393,
1997-07-16,16.459,16.459,16.459,16.459,
1997-07-17,16.559,16.559,16.559,16.559,
1997-07-18,15.978,15.978,15.978,15.978,
1997-07-21,16.111,16.111,16.111,16.111,
1997-07-22,16.708,16.708,16.708,16.708,
1997-07-23,16.625,16.625,16.625,16.625,
1997-07-24,16.426,16.426,16.426,16.426,
1997-07-25,16.343,16.343,16.343,16.343,
1997-07-28,16.078,16.078,16.078,16.078,
1997-07-29,16.211,16.211,16.211,16.211,
1997-07-30,16.36,16.36,16.36,16.36,
1997-07-31,16.493,16.493,16.493,16.493,
1997-08-01,16.211,16.211,16.211,16.211,
1997-08-04,16.177,16.177,16.177,16.177,
1997-08-05,16.31,16.31,16.31,16.31,
1997-08-06,16.526,16.526,16.526,16.526,
1997-08-07,16.111,16.111,16.111,16.111,
1997-08-08,15.746,15.746,15.746,15.746,
1997-08-11,15.481,15.481,15.481,15.481,
1997-08-12,15.281,15.281,15.281,15.281,
1997-08-13,15.149,15.149,15.149,15.149,
1997-08-14,15.663,15.663,15.663,15.663,
1997-08-15,14.939,14.939,14.939,14.939,
1997-08-18,15.472,15.472,15.472,15.472,
1997-08-19,15.755,15.755,15.755,15.755,
1997-08-20,15.872,15.872,15.872,15.872,
1997-08-21,15.755,15.755,15.755,15.755,
1997-08-22,15.638,15.638,15.638,15.638,
1997-08-25,15.389,15.389,15.389,15.389,
1997-08-26,15.239,15.239,15.239,15.239,
1997-08-27,15.455,15.455,15.455,15.455,
1997-08-28,15.189,15.189,15.189,15.189,
1997-08-29,15.105,15.105,15.105,15.105,
1997-09-02,15.555,15.555,15.555,15.555,
1997-09-03,15.439,15.439,15.439,15.439,
1997-09-04,15.638,15.638,15.638,15.638,
1997-09-05,15.489,15.489,15.489,15.489,
1997-09-08,15.322,15.322,15.322,15.322,
1997-09-09,15.372,15.372,15.372,15.372,
1997-09-10,14.972,14.972,14.972,14.972,
1997-09-11,15.089,15.089,15.089,15.089,
1997-09-12,15.322,15.322,15.322,15.322,
1997-09-15,15.405,15.405,15.405,15.405,
1997-09-16,15.655,15.655,15.655,15.655,
1997-09-17,15.405,15.405,15.405,15.405,
1997-09-18,15.389,15.389,15.389,15.389,
1997-09-19,15.622,15.622,15.622,15.622,
1997-09-22,16.055,16.055,16.055,16.055,
1997-09-23,15.788,15.788,15.788,15.788,
1997-09-24,15.622,15.622,15.622,15.622,
1997-09-25,15.339,15.339,15.339,15.339,
1997-09-26,15.355,15.355,15.355,15.355,
1997-09-29,15.455,15.455,15.455,15.455,
1997-09-30,15.372,15.372,15.372,15.372,
1997-10-01,15.422,15.422,15.422,15.422,
1997-10-02,15.605,15.605,15.605,15.605,
1997-10-03,15.888,15.888,15.888,15.888,
1997-10-06,15.938,15.938,15.938,15.938,
1997-10-07,16.388,16.388,16.388,16.388,
1997-10-08,16.255,16.255,16.255,16.255,
1997-10-09,16.121,16.121,16.121,16.121,
1997-10-10,16.005,16.005,16.005,16.005,
1997-10-13,16.155,16.155,16.155,16.155,
1997-10-14,16.105,16.105,16.105,16.105,
1997-10-15,15.822,15.822,15.822,15.822,
1997-10-16,15.688,15.688,15.688,15.688,
1997-10-17,15.538,15.538,15.538,15.538,
1997-10-20,15.722,15.722,15.722,15.722,
1997-10-21,15.938,15.938,15.938,15.938,
1997-10-22,15.972,15.972,15.972,15.972,
1997-10-23,15.588,15.588,15.588,15.588,
1997-10-24,15.538,15.538,15.538,15.538,
1997-10-27,14.656,14.656,14.656,14.656,
1997-10-28,14.922,14.922,14.922,14.922,
1997-10-29,15.222,15.222,15.222,15.222,
1997-10-30,15.056,15.056,15.056,15.056,
1997-10-31,15.289,15.289,15.289,15.289,
1997-11-03,15.722,15.722,15.722,15.722,
1997-11-04,16.021,16.021,16.021,16.021,
1997-11-05,16.038,16.038,16.038,16.038,
1997-11-06,16.038,16.038,16.038,16.038,
1997-11-07,15.938,15.938,15.938,15.938,
1997-11-10,15.905,15.905,15.905,15.905,
1997-11-11,16.138,16.138,16.138,16.138,
1997-11-12,15.555,15.555,15.555,15.555,
1997-11-13,15.972,15.972,15.972,15.972,
1997-11-14,16.682,16.682,16.682,16.682,
1997-11-17,16.966,16.966,16.966,16.966,
1997-11-18,16.849,16.849,16.849,16.849,
1997-11-19,16.883,16.883,16.883,16.883,
1997-11-20,17.184,17.184,17.184,17.184,
1997-11-21,17.368,17.368,17.368,17.368,
1997-11-24,17.15,17.15,17.15,17.15,
1997-11-25,17.117,17.117,17.117,17.117,
1997-11-26,16.766,16.766,16.766,16.766,
1997-11-28,16.833,16.833,16.833,16.833,
1997-12-01,17.301,17.301,17.301,17.301,
1997-12-02,17.217,17.217,17.217,17.217,
1997-12-03,17.251,17.251,17.251,17.251,
1997-12-04,17.217,17.217,17.217,17.217,
1997-12-05,17.434,17.434,17.434,17.434,
1997-12-08,17.434,17.434,17.434,17.434,
1997-12-09,17.384,17.384,17.384,17.384,
1997-12-10,17.652,17.652,17.652,17.652,
1997-12-11,17.434,17.434,17.434,17.434,
1997-12-12,17.117,17.117,17.117,17.117,
1997-12-15,17.384,17.384,17.384,17.384,
1997-12-16,17.468,17.468,17.468,17.468,
1997-12-17,17.752,17.752,17.752,17.752,
1997-12-18,17.869,17.869,17.869,17.869,
1997-12-19,17.719,17.719,17.719,17.719,
1997-12-22,17.903,17.903,17.903,17.903,
1997-12-23,17.668,17.668,17.668,17.668,
1997-12-24,17.401,17.401,17.401,17.401,
1997-12-26,17.351,17.351,17.351,17.351,
1997-12-29,17.468,17.468,17.468,17.468,
1997-12-30,17.719,17.719,17.719,17.719,
1997-12-31,17.618,17.618,17.618,17.618,
1998-01-02,17.401,17.401,17.401,17.401,
1998-01-05,17.384,17.384,17.384,17.384,
1998-01-06,17.117,17.117,17.117,17.117,
1998-01-07,17.284,17.284,17.284,17.284,
1998-01-08,17.485,17.485,17.485,17.485,
1998-01-09,17.284,17.284,17.284,17.284,
1998-01-12,17.635,17.635,17.635,17.635,
1998-01-13,17.752,17.752,17.752,17.752,
1998-01-14,17.785,17.785,17.785,17.785,
1998-01-15,17.568,17.568,17.568,17.568,
1998-01-16,18.12,18.12,18.12,18.12,
1998-01-20,18.538,18.538,18.538,18.538,
1998-01-21,18.22,18.22,18.22,18.22,
1998-01-22,17.986,17.986,17.986,17.986,
1998-01-23,17.886,17.886,17.886,17.886,
1998-01-26,17.969,17.969,17.969,17.969,
1998-01-27,18.036,18.036,18.036,18.036,
1998-01-28,17.886,17.886,17.886,17.886,
1998-01-29,17.886,17.886,17.886,17.886,
1998-01-30,17.903,17.903,17.903,17.903,
1998-02-02,18.404,18.404,18.404,18.404,
1998-02-03,18.588,18.588,18.588,18.588,
1998-02-04,18.387,18.387,18.387,18.387,
1998-02-05,18.421,18.421,18.421,18.421,
1998-02-06,18.655,18.655,18.655,18.655,
1998-02-09,18.421,18.421,18.421,18.421,
1998-02-10,18.655,18.655,18.655,18.655,
1998-02-11,18.504,18.504,18.504,18.504,
1998-02-12,18.664,18.664,18.664,18.664,
1998-02-13,18.53,18.53,18.53,18.53,
1998-02-17,18.647,18.647,18.647,18.647,
1998-02-18,18.915,18.915,18.915,18.915,
1998-02-19,18.932,18.932,18.932,18.932,
1998-02-20,18.798,18.798,18.798,18.798,
1998-02-23,19.318,19.318,19.318,19.318,
1998-02-24,19.62,19.62,19.62,19.62,
1998-02-25,19.922,19.922,19.922,19.922,
1998-02-26,19.955,19.955,19.955,19.955,
1998-02-27,20.223,20.223,20.223,20.223,
1998-03-02,20.056,20.056,20.056,20.056,
1998-03-03,19.989,19.989,19.989,19.989,
1998-03-04,19.67,19.67,19.67,19.67,
1998-03-05,19.385,19.385,19.385,19.385,
1998-03-06,19.821,19.821,19.821,19.821,
1998-03-09,19.905,19.905,19.905,19.905,
1998-03-10,20.123,20.123,20.123,20.123,
1998-03-11,20.374,20.374,20.374,20.374,
1998-03-12,20.391,20.391,20.391,20.391,
1998-03-13,20.156,20.156,20.156,20.156,
1998-03-16,20.089,20.089,20.089,20.089,
1998-03-17,20.14,20.14,20.14,20.14,
1998-03-18,20.073,20.073,20.073,20.073,
1998-03-19,19.989,19.989,19.989,19.989,
1998-03-20,20.324,20.324,20.324,20.324,
1998-03-23,19.905,19.905,19.905,19.905,
1998-03-24,19.821,19.821,19.821,19.821,
1998-03-25,19.637,19.637,19.637,19.637,
1998-03-26,19.502,19.502,19.502,19.502,
1998-03-27,19.184,19.184,19.184,19.184,
1998-03-30,19.234,19.234,19.234,19.234,
1998-03-31,19.704,19.704,19.704,19.704,
1998-04-01,19.687,19.687,19.687,19.687,
1998-04-02,20.458,20.458,20.458,20.458,
1998-04-03,20.659,20.659,20.659,20.659,
1998-04-06,20.441,20.441,20.441,20.441,
1998-04-07,20.19,20.19,20.19,20.19,
1998-04-08,19.771,19.771,19.771,19.771,
1998-04-09,19.972,19.972,19.972,19.972,
1998-04-13,19.787,19.787,19.787,19.787,
1998-04-14,19.469,19.469,19.469,19.469,
1998-04-15,19.201,19.201,19.201,19.201,
1998-04-16,18.781,18.781,18.781,18.781,
1998-04-17,19.469,19.469,19.469,19.469,
1998-04-20,19.15,19.15,19.15,19.15,
1998-04-21,18.983,18.983,18.983,18.983,
1998-04-22,19.15,19.15,19.15,19.15,
1998-04-23,19.016,19.016,19.016,19.016,
1998-04-24,18.949,18.949,18.949,18.949,
1998-04-27,18.614,18.614,18.614,18.614,
1998-04-28,18.513,18.513,18.513,18.513,
1998-04-29,18.563,18.563,18.563,18.563,
1998-04-30,19.184,19.184,19.184,19.184,
1998-05-01,18.832,18.832,18.832,18.832,
1998-05-04,18.983,18.983,18.983,18.983,
1998-05-05,18.882,18.882,18.882,18.882,
1998-05-06,18.597,18.597,18.597,18.597,
1998-05-07,18.664,18.664,18.664,18.664,
1998-05-08,19.083,19.083,19.083,19.083,
1998-05-11,18.815,18.815,18.815,18.815,
1998-05-12,19.016,19.016,19.016,19.016,
1998-05-13,19.435,19.435,19.435,19.435,
1998-05-14,19.368,19.368,19.368,19.368,
1998-05-15,18.948,18.948,18.948,18.948,
1998-05-18,19.116,19.116,19.116,19.116,
1998-05-19,19.032,19.032,19.032,19.032,
1998-05-20,19.166,19.166,19.166,19.166,
1998-05-21,19.099,19.099,19.099,19.099,
1998-05-22,18.981,18.981,18.981,18.981,
1998-05-26,18.813,18.813,18.813,18.813,
1998-05-27,18.695,18.695,18.695,18.695,
1998-05-28,18.847,18.847,18.847,18.847,
1998-05-29,18.594,18.594,18.594,18.594,
1998-06-01,18.561,18.561,18.561,18.561,
1998-06-02,18.426,18.426,18.426,18.426,
1998-06-03,18.241,18.241,18.241,18.241,
1998-06-04,18.678,18.678,18.678,18.678,
1998-06-05,19.25,19.25,19.25,19.25,
1998-06-08,19.048,19.048,19.048,19.048,
1998-06-09,19.402,19.402,19.402,19.402,
1998-06-10,19.604,19.604,19.604,19.604,
1998-06-11,19.621,19.621,19.621,19.621,
1998-06-12,19.654,19.654,19.654,19.654,
1998-06-15,19.217,19.217,19.217,19.217,
1998-06-16,19.654,19.654,19.654,19.654,
1998-06-17,19.991,19.991,19.991,19.991,
1998-06-18,20.159,20.159,20.159,20.159,
1998-06-19,20.361,20.361,20.361,20.361,
1998-06-22,20.125,20.125,20.125,20.125,
1998-06-23,20.563,20.563,20.563,20.563,
1998-06-24,20.933,20.933,20.933,20.933,
1998-06-25,20.714,20.714,20.714,20.714,
1998-06-26,20.714,20.714,20.714,20.714,
1998-06-29,20.731,20.731,20.731,20.731,
1998-06-30,19.924,19.924,19.924,19.924,
1998-07-01,19.722,19.722,19.722,19.722,
1998-07-02,19.839,19.839,19.839,19.839,
1998-07-06,19.486,19.486,19.486,19.486,
1998-07-07,20.075,20.075,20.075,20.075,
1998-07-08,19.671,19.671,19.671,19.671,
1998-07-09,19.503,19.503,19.503,19.503,
1998-07-10,19.351,19.351,19.351,19.351,
1998-07-13,19.335,19.335,19.335,19.335,
1998-07-14,19.991,19.991,19.991,19.991,
1998-07-15,20.428,20.428,20.428,20.428,
1998-07-16,20.832,20.832,20.832,20.832,
1998-07-17,20.883,20.883,20.883,20.883,
1998-07-20,20.765,20.765,20.765,20.765,
1998-07-21,20.529,20.529,20.529,20.529,
1998-07-22,20.899,20.899,20.899,20.899,
1998-07-23,20.193,20.193,20.193,20.193,
1998-07-24,20.613,20.613,20.613,20.613,
1998-07-27,20.731,20.731,20.731,20.731,
1998-07-28,20.782,20.782,20.782,20.782,
1998-07-29,21.118,21.118,21.118,21.118,
1998-07-30,21.371,21.371,21.371,21.371,
1998-07-31,20.799,20.799,20.799,20.799,
1998-08-03,20.361,20.361,20.361,20.361,
1998-08-04,19.789,19.789,19.789,19.789,
1998-08-05,20.176,20.176,20.176,20.176,
1998-08-06,20.327,20.327,20.327,20.327,
1998-08-07,20.445,20.445,20.445,20.445,
1998-08-10,20.024,20.024,20.024,20.024,
1998-08-11,19.924,19.924,19.924,19.924,
1998-08-12,20.21,20.21,20.21,20.21,
1998-08-13,20.395,20.395,20.395,20.395,
1998-08-14,20.26,20.26,20.26,20.26,
1998-08-17,20.648,20.648,20.648,20.648,
1998-08-18,20.58,20.58,20.58,20.58,
1998-08-19,20.513,20.513,20.513,20.513,
1998-08-20,20.395,20.395,20.395,20.395,
1998-08-21,20.563,20.563,20.563,20.563,
1998-08-24,20.682,20.682,20.682,20.682,
1998-08-25,20.53,20.53,20.53,20.53,
1998-08-26,20.766,20.766,20.766,20.766,
1998-08-27,19.973,19.973,19.973,19.973,
1998-08-28,20.04,20.04,20.04,20.04,
1998-08-31,18.639,18.639,18.639,18.639,
1998-09-01,19.551,19.551,19.551,19.551,
1998-09-02,19.635,19.635,19.635,19.635,
1998-09-03,20.226,20.226,20.226,20.226,
1998-09-04,20.563,20.563,20.563,20.563,
1998-09-08,21.323,21.323,21.323,21.323,
1998-09-09,20.699,20.699,20.699,20.699,
1998-09-10,20.428,20.428,20.428,20.428,
1998-09-11,20.631,20.631,20.631,20.631,
1998-09-14,21.34,21.34,21.34,21.34,
1998-09-15,21.087,21.087,21.087,21.087,
1998-09-16,20.766,20.766,20.766,20.766,
1998-09-17,20.597,20.597,20.597,20.597,
1998-09-18,20.732,20.732,20.732,20.732,
1998-09-21,21.425,21.425,21.425,21.425,
1998-09-22,21.138,21.138,21.138,21.138,
1998-09-23,21.458,21.458,21.458,21.458,
1998-09-24,21.273,21.273,21.273,21.273,
1998-09-25,21.019,21.019,21.019,21.019,
1998-09-28,21.61,21.61,21.61,21.61,
1998-09-29,21.425,21.425,21.425,21.425,
1998-09-30,21.138,21.138,21.138,21.138,
1998-10-01,20.631,20.631,20.631,20.631,
1998-10-02,20.834,20.834,20.834,20.834,
1998-10-05,21.458,21.458,21.458,21.458,
1998-10-06,21.492,21.492,21.492,21.492,
1998-10-07,20.884,20.884,20.884,20.884,
1998-10-08,20.479,20.479,20.479,20.479,
1998-10-09,20.53,20.53,20.53,20.53,
1998-10-12,20.648,20.648,20.648,20.648,
1998-10-13,21.002,21.002,21.002,21.002,
1998-10-14,21.576,21.576,21.576,21.576,
1998-10-15,22.319,22.319,22.319,22.319,
1998-10-16,22.454,22.454,22.454,22.454,
1998-10-19,22.37,22.37,22.37,22.37,
1998-10-20,21.948,21.948,21.948,21.948,
1998-10-21,21.83,21.83,21.83,21.83,
1998-10-22,22.454,22.454,22.454,22.454,
1998-10-23,22.623,22.623,22.623,22.623,
1998-10-26,22.15,22.15,22.15,22.15,
1998-10-27,22.032,22.032,22.032,22.032,
1998-10-28,21.83,21.83,21.83,21.83,
1998-10-29,22.252,22.252,22.252,22.252,
1998-10-30,22.015,22.015,22.015,22.015,
1998-11-02,22.032,22.032,22.032,22.032,
1998-11-03,22.201,22.201,22.201,22.201,
1998-11-04,22.117,22.117,22.117,22.117,
1998-11-05,22.066,22.066,22.066,22.066,
1998-11-06,22.134,22.134,22.134,22.134,
1998-11-09,22.201,22.201,22.201,22.201,
1998-11-10,22.505,22.505,22.505,22.505,
1998-11-11,22.471,22.471,22.471,22.471,
1998-11-12,22.809,22.809,22.809,22.809,
1998-11-13,22.927,22.927,22.927,22.927,
1998-11-16,23.097,23.097,23.097,23.097,
1998-11-17,22.995,22.995,22.995,22.995,
1998-11-18,23.283,23.283,23.283,23.283,
1998-11-19,23.469,23.469,23.469,23.469,
1998-11-20,24.113,24.113,24.113,24.113,
1998-11-23,23.842,23.842,23.842,23.842,
1998-11-24,23.097,23.097,23.097,23.097,
1998-11-25,22.436,22.436,22.436,22.436,
1998-11-27,22.284,22.284,22.284,22.284,
1998-11-30,22.013,22.013,22.013,22.013,
1998-12-01,21.945,21.945,21.945,21.945,
1998-12-02,21.81,21.81,21.81,21.81,
1998-12-03,21.556,21.556,21.556,21.556,
1998-12-04,22.149,22.149,22.149,22.149,
1998-12-07,22.115,22.115,22.115,22.115,
1998-12-08,21.556,21.556,21.556,21.556,
1998-12-09,21.641,21.641,21.641,21.641,
1998-12-10,21.471,21.471,21.471,21.471,
1998-12-11,21.624,21.624,21.624,21.624,
1998-12-14,21.37,21.37,21.37,21.37,
1998-12-15,21.878,21.878,21.878,21.878,
1998-12-16,21.708,21.708,21.708,21.708,
1998-12-17,21.674,21.674,21.674,21.674,
1998-12-18,21.539,21.539,21.539,21.539,
1998-12-21,20.828,20.828,20.828,20.828,
1998-12-22,20.862,20.862,20.862,20.862,
1998-12-23,21.353,21.353,21.353,21.353,
1998-12-24,21.505,21.505,21.505,21.505,
1998-12-28,21.827,21.827,21.827,21.827,
1998-12-29,22.69,22.69,22.69,22.69,
1998-12-30,22.758,22.758,22.758,22.758,
1998-12-31,22.724,22.724,22.724,22.724,
1999-01-04,22.403,22.403,22.403,22.403,
1999-01-05,22.487,22.487,22.487,22.487,
1999-01-06,22.758,22.758,22.758,22.758,
1999-01-07,22.538,22.538,22.538,22.538,
1999-01-08,22.555,22.555,22.555,22.555,
1999-01-11,21.725,21.725,21.725,21.725,
1999-01-12,21.624,21.624,21.624,21.624,
1999-01-13,20.862,20.862,20.862,20.862,
1999-01-14,21.149,21.149,21.149,21.149,
1999-01-15,21.674,21.674,21.674,21.674,
1999-01-19,21.793,21.793,21.793,21.793,
1999-01-20,21.945,21.945,21.945,21.945,
1999-01-21,21.674,21.674,21.674,21.674,
1999-01-22,21.268,21.268,21.268,21.268,
1999-01-25,21.336,21.336,21.336,21.336,
1999-01-26,22.352,22.352,22.352,22.352,
1999-01-27,22.657,22.657,22.657,22.657,
1999-01-28,22.961,22.961,22.961,22.961,
1999-01-29,23.063,23.063,23.063,23.063,
1999-02-01,22.673,22.673,22.673,22.673,
1999-02-02,22.47,22.47,22.47,22.47,
1999-02-03,22.86,22.86,22.86,22.86,
1999-02-04,22.724,22.724,22.724,22.724,
1999-02-05,22.758,22.758,22.758,22.758,
1999-02-08,22.758,22.758,22.758,22.758,
1999-02-09,22.403,22.403,22.403,22.403,
1999-02-10,22.707,22.707,22.707,22.707,
1999-02-11,22.996,22.996,22.996,22.996,
1999-02-12,22.996,22.996,22.996,22.996,
1999-02-16,23.54,23.54,23.54,23.54,
1999-02-17,23.302,23.302,23.302,23.302,
1999-02-18,23.455,23.455,23.455,23.455,
1999-02-19,23.54,23.54,23.54,23.54,
1999-02-22,23.896,23.896,23.896,23.896,
1999-02-23,23.743,23.743,23.743,23.743,
1999-02-24,23.302,23.302,23.302,23.302,
1999-02-25,22.945,22.945,22.945,22.945,
1999-02-26,23.2,23.2,23.2,23.2,
1999-03-01,23.217,23.217,23.217,23.217,
1999-03-02,23.115,23.115,23.115,23.115,
1999-03-03,23.013,23.013,23.013,23.013,
1999-03-04,23.624,23.624,23.624,23.624,
1999-03-05,24.185,24.185,24.185,24.185,
1999-03-08,24.202,24.202,24.202,24.202,
1999-03-09,23.811,23.811,23.811,23.811,
1999-03-10,23.777,23.777,23.777,23.777,
1999-03-11,24.134,24.134,24.134,24.134,
1999-03-12,24.066,24.066,24.066,24.066,
1999-03-15,24.711,24.711,24.711,24.711,
1999-03-16,24.525,24.525,24.525,24.525,
1999-03-17,24.44,24.44,24.44,24.44,
1999-03-18,24.406,24.406,24.406,24.406,
1999-03-19,24.745,24.745,24.745,24.745,
1999-03-22,24.898,24.898,24.898,24.898,
1999-03-23,24.525,24.525,24.525,24.525,
1999-03-24,24.643,24.643,24.643,24.643,
1999-03-25,25.0,25.0,25.0,25.0,
1999-03-26,24.813,24.813,24.813,24.813,
1999-03-29,25.527,25.527,25.527,25.527,
1999-03-30,25.289,25.289,25.289,25.289,
1999-03-31,25.408,25.408,25.408,25.408,
1999-04-01,25.578,25.578,25.578,25.578,
1999-04-05,25.781,25.781,25.781,25.781,
1999-04-06,25.612,25.612,25.612,25.612,
1999-04-07,25.781,25.781,25.781,25.781,
1999-04-08,26.427,26.427,26.427,26.427,
1999-04-09,26.631,26.631,26.631,26.631,
1999-04-12,27.072,27.072,27.072,27.072,
1999-04-13,26.8,26.8,26.8,26.8,
1999-04-14,25.73,25.73,25.73,25.73,
1999-04-15,25.051,25.051,25.051,25.051,
1999-04-16,25.306,25.306,25.306,25.306,
1999-04-19,24.525,24.525,24.525,24.525,
1999-04-20,26.155,26.155,26.155,26.155,
1999-04-21,27.378,27.378,27.378,27.378,
1999-04-22,27.853,27.853,27.853,27.853,
1999-04-23,27.65,27.65,27.65,27.65,
1999-04-26,27.225,27.225,27.225,27.225,
1999-04-27,27.701,27.701,27.701,27.701,
1999-04-28,27.038,27.038,27.038,27.038,
1999-04-29,26.817,26.817,26.817,26.817,
1999-04-30,26.495,26.495,26.495,26.495,
1999-05-03,26.563,26.563,26.563,26.563,
1999-05-04,25.815,25.815,25.815,25.815,
1999-05-05,25.544,25.544,25.544,25.544,
1999-05-06,26.529,26.529,26.529,26.529,
1999-05-07,26.121,26.121,26.121,26.121,
1999-05-10,25.374,25.374,25.374,25.374,
1999-05-11,25.221,25.221,25.221,25.221,
1999-05-12,25.73,25.73,25.73,25.73,
1999-05-13,25.883,25.883,25.883,25.883,
1999-05-14,25.312,25.312,25.312,25.312,
1999-05-17,25.006,25.006,25.006,25.006,
1999-05-18,24.631,24.631,24.631,24.631,
1999-05-19,25.449,25.449,25.449,25.449,
1999-05-20,25.891,25.891,25.891,25.891,
1999-05-21,25.21,25.21,25.21,25.21,
1999-05-24,24.665,24.665,24.665,24.665,
1999-05-25,23.933,23.933,23.933,23.933,
1999-05-26,24.529,24.529,24.529,24.529,
1999-05-27,24.597,24.597,24.597,24.597,
1999-05-28,25.244,25.244,25.244,25.244,
1999-06-01,25.244,25.244,25.244,25.244,
1999-06-02,24.989,24.989,24.989,24.989,
1999-06-03,25.534,25.534,25.534,25.534,
1999-06-04,26.351,26.351,26.351,26.351,
1999-06-07,26.147,26.147,26.147,26.147,
1999-06-08,25.278,25.278,25.278,25.278,
1999-06-09,25.023,25.023,25.023,25.023,
1999-06-10,24.392,24.392,24.392,24.392,
1999-06-11,24.767,24.767,24.767,24.767,
1999-06-14,24.699,24.699,24.699,24.699,
1999-06-15,24.716,24.716,24.716,24.716,
1999-06-16,24.767,24.767,24.767,24.767,
1999-06-17,25.057,25.057,25.057,25.057,
1999-06-18,24.733,24.733,24.733,24.733,
1999-06-21,24.546,24.546,24.546,24.546,
1999-06-22,24.75,24.75,24.75,24.75,
1999-06-23,24.665,24.665,24.665,24.665,
1999-06-24,24.955,24.955,24.955,24.955,
1999-06-25,24.699,24.699,24.699,24.699,
1999-06-28,24.767,24.767,24.767,24.767,
1999-06-29,25.619,25.619,25.619,25.619,
1999-06-30,26.709,26.709,26.709,26.709,
1999-07-01,26.556,26.556,26.556,26.556,
1999-07-02,26.556,26.556,26.556,26.556,
1999-07-06,26.402,26.402,26.402,26.402,
1999-07-07,26.675,26.675,26.675,26.675,
1999-07-08,26.079,26.079,26.079,26.079,
1999-07-09,26.181,26.181,26.181,26.181,
1999-07-12,26.556,26.556,26.556,26.556,
1999-07-13,26.368,26.368,26.368,26.368,
1999-07-14,26.198,26.198,26.198,26.198,
1999-07-15,26.368,26.368,26.368,26.368,
1999-07-16,26.573,26.573,26.573,26.573,
1999-07-19,26.147,26.147,26.147,26.147,
1999-07-20,26.283,26.283,26.283,26.283,
1999-07-21,26.556,26.556,26.556,26.556,
1999-07-22,26.811,26.811,26.811,26.811,
1999-07-23,26.658,26.658,26.658,26.658,
1999-07-26,26.505,26.505,26.505,26.505,
1999-07-27,26.368,26.368,26.368,26.368,
1999-07-28,26.096,26.096,26.096,26.096,
1999-07-29,25.415,25.415,25.415,25.415,
1999-07-30,24.818,24.818,24.818,24.818,
1999-08-02,25.057,25.057,25.057,25.057,
1999-08-03,25.67,25.67,25.67,25.67,
1999-08-04,25.074,25.074,25.074,25.074,
1999-08-05,24.75,24.75,24.75,24.75,
1999-08-06,25.057,25.057,25.057,25.057,
1999-08-09,25.363,25.363,25.363,25.363,
1999-08-10,25.142,25.142,25.142,25.142,
1999-08-11,25.21,25.21,25.21,25.21,
1999-08-12,25.823,25.823,25.823,25.823,
1999-08-13,26.6,26.6,26.6,26.6,
1999-08-16,26.669,26.669,26.669,26.669,
1999-08-17,26.874,26.874,26.874,26.874,
1999-08-18,26.293,26.293,26.293,26.293,
1999-08-19,26.19,26.19,26.19,26.19,
1999-08-20,27.045,27.045,27.045,27.045,
1999-08-23,27.694,27.694,27.694,27.694,
1999-08-24,28.206,28.206,28.206,28.206,
1999-08-25,28.907,28.907,28.907,28.907,
1999-08-26,28.548,28.548,28.548,28.548,
1999-08-27,27.933,27.933,27.933,27.933,
1999-08-30,27.984,27.984,27.984,27.984,
1999-08-31,27.95,27.95,27.95,27.95,
1999-09-01,27.745,27.745,27.745,27.745,
1999-09-02,27.335,27.335,27.335,27.335,
1999-09-03,27.711,27.711,27.711,27.711,
1999-09-07,27.83,27.83,27.83,27.83,
1999-09-08,27.472,27.472,27.472,27.472,
1999-09-09,27.557,27.557,27.557,27.557,
1999-09-10,27.198,27.198,27.198,27.198,
1999-09-13,27.147,27.147,27.147,27.147,
1999-09-14,26.771,26.771,26.771,26.771,
1999-09-15,26.566,26.566,26.566,26.566,
1999-09-16,26.173,26.173,26.173,26.173,
1999-09-17,26.259,26.259,26.259,26.259,
1999-09-20,26.378,26.378,26.378,26.378,
1999-09-21,25.695,25.695,25.695,25.695,
1999-09-22,25.49,25.49,25.49,25.49,
1999-09-23,24.909,24.909,24.909,24.909,
1999-09-24,24.601,24.601,24.601,24.601,
1999-09-27,25.148,25.148,25.148,25.148,
1999-09-28,25.011,25.011,25.011,25.011,
1999-09-29,25.063,25.063,25.063,25.063,
1999-09-30,25.114,25.114,25.114,25.114,
1999-10-01,25.695,25.695,25.695,25.695,
1999-10-04,25.832,25.832,25.832,25.832,
1999-10-05,25.746,25.746,25.746,25.746,
1999-10-06,25.9,25.9,25.9,25.9,
1999-10-07,25.763,25.763,25.763,25.763,
1999-10-08,26.993,26.993,26.993,26.993,
1999-10-11,26.891,26.891,26.891,26.891,
1999-10-12,26.447,26.447,26.447,26.447,
1999-10-13,26.054,26.054,26.054,26.054,
1999-10-14,25.866,25.866,25.866,25.866,
1999-10-15,25.507,25.507,25.507,25.507,
1999-10-18,25.832,25.832,25.832,25.832,
1999-10-19,27.267,27.267,27.267,27.267,
1999-10-20,28.018,28.018,28.018,28.018,
1999-10-21,28.65,28.65,28.65,28.65,
1999-10-22,28.633,28.633,28.633,28.633,
1999-10-25,28.77,28.77,28.77,28.77,
1999-10-26,28.787,28.787,28.787,28.787,
1999-10-27,28.514,28.514,28.514,28.514,
1999-10-28,28.428,28.428,28.428,28.428,
1999-10-29,28.633,28.633,28.633,28.633,
1999-11-01,28.719,28.719,28.719,28.719,
1999-11-02,28.018,28.018,28.018,28.018,
1999-11-03,28.497,28.497,28.497,28.497,
1999-11-04,28.787,28.787,28.787,28.787,
1999-11-05,28.838,28.838,28.838,28.838,
1999-11-08,28.548,28.548,28.548,28.548,
1999-11-09,28.326,28.326,28.326,28.326,
1999-11-10,28.155,28.155,28.155,28.155,
1999-11-11,28.377,28.377,28.377,28.377,
1999-11-12,28.437,28.437,28.437,28.437,
1999-11-15,28.368,28.368,28.368,28.368,
1999-11-16,29.088,29.088,29.088,29.088,
1999-11-17,28.951,28.951,28.951,28.951,
1999-11-18,28.608,28.608,28.608,28.608,
1999-11-19,28.831,28.831,28.831,28.831,
1999-11-22,28.865,28.865,28.865,28.865,
1999-11-23,28.522,28.522,28.522,28.522,
1999-11-24,28.711,28.711,28.711,28.711,
1999-11-26,28.283,28.283,28.283,28.283,
1999-11-29,28.796,28.796,28.796,28.796,
1999-11-30,28.437,28.437,28.437,28.437,
1999-12-01,28.094,28.094,28.094,28.094,
1999-12-02,27.43,27.43,27.43,27.43,
1999-12-03,26.655,26.655,26.655,26.655,
1999-12-06,26.535,26.535,26.535,26.535,
1999-12-07,25.593,25.593,25.593,25.593,
1999-12-08,25.002,25.002,25.002,25.002,
1999-12-09,25.559,25.559,25.559,25.559,
1999-12-10,25.867,25.867,25.867,25.867,
1999-12-13,25.542,25.542,25.542,25.542,
1999-12-14,25.816,25.816,25.816,25.816,
1999-12-15,25.949,25.949,25.949,25.949,
1999-12-16,25.936,25.936,25.936,25.936,
1999-12-17,26.004,26.004,26.004,26.004,
1999-12-20,25.212,25.212,25.212,25.212,
1999-12-21,24.942,24.942,24.942,24.942,
1999-12-22,25.096,25.096,25.096,25.096,
1999-12-23,26.193,26.193,26.193,26.193,
1999-12-27,26.792,26.792,26.792,26.792,
1999-12-28,26.158,26.158,26.158,26.158,
1999-12-29,25.336,25.336,25.336,25.336,
1999-12-30,25.627,25.627,25.627,25.627,
1999-12-31,25.559,25.559,25.559,25.559,
2000-01-03,25.268,25.268,25.268,25.268,
2000-01-04,24.343,24.343,24.343,24.343,
2000-01-05,24.599,24.599,24.599,24.599,
2000-01-06,25.37,25.37,25.37,25.37,
2000-01-07,26.45,26.45,26.45,26.45,
2000-01-10,25.781,25.781,25.781,25.781,
2000-01-11,25.867,25.867,25.867,25.867,
2000-01-12,25.627,25.627,25.627,25.627,
2000-01-13,25.593,25.593,25.593,25.593,
2000-01-14,25.679,25.679,25.679,25.679,
2000-01-18,25.028,25.028,25.028,25.028,
2000-01-19,25.113,25.113,25.113,25.113,
2000-01-20,25.199,25.199,25.199,25.199,
2000-01-21,24.634,24.634,24.634,24.634,
2000-01-24,22.938,22.938,22.938,22.938,
2000-01-25,23.366,23.366,23.366,23.366,
2000-01-26,22.886,22.886,22.886,22.886,
2000-01-27,22.064,22.064,22.064,22.064,
2000-01-28,23.161,23.161,23.161,23.161,
2000-01-31,23.589,23.589,23.589,23.589,
2000-02-01,23.246,23.246,23.246,23.246,
2000-02-02,23.4,23.4,23.4,23.4,
2000-02-03,22.835,22.835,22.835,22.835,
2000-02-04,22.51,22.51,22.51,22.51,
2000-02-07,22.321,22.321,22.321,22.321,
2000-02-08,22.492,22.492,22.492,22.492,
2000-02-09,21.927,21.927,21.927,21.927,
2000-02-10,21.379,21.379,21.379,21.379,
2000-02-11,21.301,21.301,21.301,21.301,
2000-02-14,21.353,21.353,21.353,21.353,
2000-02-15,21.92,21.92,21.92,21.92,
2000-02-16,21.955,21.955,21.955,21.955,
2000-02-17,21.783,21.783,21.783,21.783,
2000-02-18,21.301,21.301,21.301,21.301,
2000-02-22,21.628,21.628,21.628,21.628,
2000-02-23,20.94,20.94,20.94,20.94,
2000-02-24,20.287,20.287,20.287,20.287,
2000-02-25,19.806,19.806,19.806,19.806,
2000-02-28,20.012,20.012,20.012,20.012,
2000-02-29,19.806,19.806,19.806,19.806,
2000-03-01,20.184,20.184,20.184,20.184,
2000-03-02,20.27,20.27,20.27,20.27,
2000-03-03,20.218,20.218,20.218,20.218,
2000-03-06,19.393,19.393,19.393,19.393,
2000-03-07,18.843,18.843,18.843,18.843,
2000-03-08,19.53,19.53,19.53,19.53,
2000-03-09,19.995,19.995,19.995,19.995,
2000-03-10,19.496,19.496,19.496,19.496,
2000-03-13,19.255,19.255,19.255,19.255,
2000-03-14,20.012,20.012,20.012,20.012,
2000-03-15,21.164,21.164,21.164,21.164,
2000-03-16,21.955,21.955,21.955,21.955,
2000-03-17,21.886,21.886,21.886,21.886,
2000-03-20,21.817,21.817,21.817,21.817,
2000-03-21,22.075,22.075,22.075,22.075,
2000-03-22,22.625,22.625,22.625,22.625,
2000-03-23,22.006,22.006,22.006,22.006,
2000-03-24,19.874,19.874,19.874,19.874,
2000-03-27,19.187,19.187,19.187,19.187,
2000-03-28,19.806,19.806,19.806,19.806,
2000-03-29,19.548,19.548,19.548,19.548,
2000-03-30,19.462,19.462,19.462,19.462,
2000-03-31,19.324,19.324,19.324,19.324,
2000-04-03,19.874,19.874,19.874,19.874,
2000-04-04,21.112,21.112,21.112,21.112,
2000-04-05,21.318,21.318,21.318,21.318,
2000-04-06,20.596,20.596,20.596,20.596,
2000-04-07,20.373,20.373,20.373,20.373,
2000-04-10,20.906,20.906,20.906,20.906,
2000-04-11,21.525,21.525,21.525,21.525,
2000-04-12,21.181,21.181,21.181,21.181,
2000-04-13,20.975,20.975,20.975,20.975,
2000-04-14,20.167,20.167,20.167,20.167,
2000-04-17,21.318,21.318,21.318,21.318,
2000-04-18,22.419,22.419,22.419,22.419,
2000-04-19,22.625,22.625,22.625,22.625,
2000-04-20,22.453,22.453,22.453,22.453,
2000-04-24,23.072,23.072,23.072,23.072,
2000-04-25,23.192,23.192,23.192,23.192,
2000-04-26,22.763,22.763,22.763,22.763,
2000-04-27,22.831,22.831,22.831,22.831,
2000-04-28,22.694,22.694,22.694,22.694,
2000-05-01,22.745,22.745,22.745,22.745,
2000-05-02,23.158,23.158,23.158,23.158,
2000-05-03,22.9,22.9,22.9,22.9,
2000-05-04,22.849,22.849,22.849,22.849,
2000-05-05,23.106,23.106,23.106,23.106,
2000-05-08,24.138,24.138,24.138,24.138,
2000-05-09,23.932,23.932,23.932,23.932,
2000-05-10,23.519,23.519,23.519,23.519,
2000-05-11,23.674,23.674,23.674,23.674,
2000-05-12,23.519,23.519,23.519,23.519,
2000-05-15,23.725,23.725,23.725,23.725,
2000-05-16,24.018,24.018,24.018,24.018,
2000-05-17,23.949,23.949,23.949,23.949,
2000-05-18,24.344,24.344,24.344,24.344,
2000-05-19,24.502,24.502,24.502,24.502,
2000-05-22,23.984,23.984,23.984,23.984,
2000-05-23,24.018,24.018,24.018,24.018,
2000-05-24,24.829,24.829,24.829,24.829,
2000-05-25,24.657,24.657,24.657,24.657,
2000-05-26,24.329,24.329,24.329,24.329,
2000-05-30,24.553,24.553,24.553,24.553,
2000-05-31,24.709,24.709,24.709,24.709,
2000-06-01,24.208,24.208,24.208,24.208,
2000-06-02,23.19,23.19,23.19,23.19,
2000-06-05,23.19,23.19,23.19,23.19,
2000-06-06,23.225,23.225,23.225,23.225,
2000-06-07,23.104,23.104,23.104,23.104,
2000-06-08,23.432,23.432,23.432,23.432,
2000-06-09,23.777,23.777,23.777,23.777,
2000-06-12,23.406,23.406,23.406,23.406,
2000-06-13,24.295,24.295,24.295,24.295,
2000-06-14,24.778,24.778,24.778,24.778,
2000-06-15,25.019,25.019,25.019,25.019,
2000-06-16,24.726,24.726,24.726,24.726,
2000-06-19,24.898,24.898,24.898,24.898,
2000-06-20,24.45,24.45,24.45,24.45,
2000-06-21,24.812,24.812,24.812,24.812,
2000-06-22,24.45,24.45,24.45,24.45,
2000-06-23,24.778,24.778,24.778,24.778,
2000-06-26,26.365,26.365,26.365,26.365,
2000-06-27,27.038,27.038,27.038,27.038,
2000-06-28,27.077,27.077,27.077,27.077,
2000-06-29,27.211,27.211,27.211,27.211,
2000-06-30,28.125,28.125,28.125,28.125,
2000-07-03,27.901,27.901,27.901,27.901,
2000-07-05,27.884,27.884,27.884,27.884,
2000-07-06,27.521,27.521,27.521,27.521,
2000-07-07,27.538,27.538,27.538,27.538,
2000-07-10,27.659,27.659,27.659,27.659,
2000-07-11,27.659,27.659,27.659,27.659,
2000-07-12,27.073,27.073,27.073,27.073,
2000-07-13,26.296,26.296,26.296,26.296,
2000-07-14,25.347,25.347,25.347,25.347,
2000-07-17,26.046,26.046,26.046,26.046,
2000-07-18,26.227,26.227,26.227,26.227,
2000-07-19,25.727,25.727,25.727,25.727,
2000-07-20,25.364,25.364,25.364,25.364,
2000-07-21,25.468,25.468,25.468,25.468,
2000-07-24,26.076,26.076,26.076,26.076,
2000-07-25,25.813,25.813,25.813,25.813,
2000-07-26,24.916,24.916,24.916,24.916,
2000-07-27,25.36,25.36,25.36,25.36,
2000-07-28,25.856,25.856,25.856,25.856,
2000-07-31,25.692,25.692,25.692,25.692,
2000-08-01,26.175,26.175,26.175,26.175,
2000-08-02,26.641,26.641,26.641,26.641,
2000-08-03,26.779,26.779,26.779,26.779,
2000-08-04,26.658,26.658,26.658,26.658,
2000-08-07,26.74,26.74,26.74,26.74,
2000-08-08,26.689,26.689,26.689,26.689,
2000-08-09,26.175,26.175,26.175,26.175,
2000-08-10,26.891,26.891,26.891,26.891,
2000-08-11,27.012,27.012,27.012,27.012,
2000-08-14,26.866,26.866,26.866,26.866,
2000-08-15,26.529,26.529,26.529,26.529,
2000-08-16,27.012,27.012,27.012,27.012,
2000-08-17,26.779,26.779,26.779,26.779,
2000-08-18,26.708,26.708,26.708,26.708,
2000-08-21,26.868,26.868,26.868,26.868,
2000-08-22,27.076,27.076,27.076,27.076,
2000-08-23,26.851,26.851,26.851,26.851,
2000-08-24,26.66,26.66,26.66,26.66,
2000-08-25,26.435,26.435,26.435,26.435,
2000-08-28,26.245,26.245,26.245,26.245,
2000-08-29,25.76,25.76,25.76,25.76,
2000-08-30,25.275,25.275,25.275,25.275,
2000-08-31,25.47,25.47,25.47,25.47,
2000-09-01,25.656,25.656,25.656,25.656,
2000-09-05,25.829,25.829,25.829,25.829,
2000-09-06,25.829,25.829,25.829,25.829,
2000-09-07,25.881,25.881,25.881,25.881,
2000-09-08,26.167,26.167,26.167,26.167,
2000-09-11,26.318,26.318,26.318,26.318,
2000-09-12,26.764,26.764,26.764,26.764,
2000-09-13,27.041,27.041,27.041,27.041,
2000-09-14,26.574,26.574,26.574,26.574,
2000-09-15,26.314,26.314,26.314,26.314,
2000-09-18,25.518,25.518,25.518,25.518,
2000-09-19,25.431,25.431,25.431,25.431,
2000-09-20,25.228,25.228,25.228,25.228,
2000-09-21,26.106,26.106,26.106,26.106,
2000-09-22,26.556,26.556,26.556,26.556,
2000-09-25,26.552,26.552,26.552,26.552,
2000-09-26,26.175,26.175,26.175,26.175,
2000-09-27,26.34,26.34,26.34,26.34,
2000-09-28,25.864,25.864,25.864,25.864,
2000-09-29,26.02,26.02,26.02,26.02,
2000-10-02,25.812,25.812,25.812,25.812,
2000-10-03,25.621,25.621,25.621,25.621,
2000-10-04,25.016,25.016,25.016,25.016,
2000-10-05,25.777,25.777,25.777,25.777,
2000-10-06,25.569,25.569,25.569,25.569,
2000-10-09,25.293,25.293,25.293,25.293,
2000-10-10,26.21,26.21,26.21,26.21,
2000-10-11,26.591,26.591,26.591,26.591,
2000-10-12,26.868,26.868,26.868,26.868,
2000-10-13,26.539,26.539,26.539,26.539,
2000-10-16,26.851,26.851,26.851,26.851,
2000-10-17,26.885,26.885,26.885,26.885,
2000-10-18,26.106,26.106,26.106,26.106,
2000-10-19,25.414,25.414,25.414,25.414,
2000-10-20,25.448,25.448,25.448,25.448,
2000-10-23,25.362,25.362,25.362,25.362,
2000-10-24,25.396,25.396,25.396,25.396,
2000-10-25,26.02,26.02,26.02,26.02,
2000-10-26,25.795,25.795,25.795,25.795,
2000-10-27,25.691,25.691,25.691,25.691,
2000-10-30,26.141,26.141,26.141,26.141,
2000-10-31,25.518,25.518,25.518,25.518,
2000-11-01,25.206,25.206,25.206,25.206,
2000-11-02,24.894,24.894,24.894,24.894,
2000-11-03,25.396,25.396,25.396,25.396,
2000-11-06,25.5,25.5,25.5,25.5,
2000-11-07,25.518,25.518,25.518,25.518,
2000-11-08,25.881,25.881,25.881,25.881,
2000-11-09,25.916,25.916,25.916,25.916,
2000-11-10,26.158,26.158,26.158,26.158,
2000-11-13,25.777,25.777,25.777,25.777,
2000-11-14,26.21,26.21,26.21,26.21,
2000-11-15,26.314,26.314,26.314,26.314,
2000-11-16,26.089,26.089,26.089,26.089,
2000-11-17,26.438,26.438,26.438,26.438,
2000-11-20,26.734,26.734,26.734,26.734,
2000-11-21,27.168,27.168,27.168,27.168,
2000-11-22,26.821,26.821,26.821,26.821,
2000-11-24,26.421,26.421,26.421,26.421,
2000-11-27,27.064,27.064,27.064,27.064,
2000-11-28,27.828,27.828,27.828,27.828,
2000-11-29,27.863,27.863,27.863,27.863,
2000-11-30,27.793,27.793,27.793,27.793,
2000-12-01,27.168,27.168,27.168,27.168,
2000-12-04,27.672,27.672,27.672,27.672,
2000-12-05,27.654,27.654,27.654,27.654,
2000-12-06,26.716,26.716,26.716,26.716,
2000-12-07,26.977,26.977,26.977,26.977,
2000-12-08,26.786,26.786,26.786,26.786,
2000-12-11,26.577,26.577,26.577,26.577,
2000-12-12,26.959,26.959,26.959,26.959,
2000-12-13,27.428,27.428,27.428,27.428,
2000-12-14,27.585,27.585,27.585,27.585,
2000-12-15,27.394,27.394,27.394,27.394,
2000-12-18,27.394,27.394,27.394,27.394,
2000-12-19,27.567,27.567,27.567,27.567,
2000-12-20,27.967,27.967,27.967,27.967,
2000-12-21,28.071,28.071,28.071,28.071,
2000-12-22,28.21,28.21,28.21,28.21,
2000-12-26,28.453,28.453,28.453,28.453,
2000-12-27,28.627,28.627,28.627,28.627,
2000-12-28,29.113,29.113,29.113,29.113,
2000-12-29,29.2,29.2,29.2,29.2,
2001-01-02,28.349,28.349,28.349,28.349,
2001-01-03,27.446,27.446,27.446,27.446,
2001-01-04,26.855,26.855,26.855,26.855,
2001-01-05,27.203,27.203,27.203,27.203,
2001-01-08,27.168,27.168,27.168,27.168,
2001-01-09,27.359,27.359,27.359,27.359,
2001-01-10,26.647,26.647,26.647,26.647,
2001-01-11,25.691,25.691,25.691,25.691,
2001-01-12,26.282,26.282,26.282,26.282,
2001-01-16,26.178,26.178,26.178,26.178,
2001-01-17,25.483,25.483,25.483,25.483,
2001-01-18,26.126,26.126,26.126,26.126,
2001-01-19,26.16,26.16,26.16,26.16,
2001-01-22,26.213,26.213,26.213,26.213,
2001-01-23,25.761,25.761,25.761,25.761,
2001-01-24,25.17,25.17,25.17,25.17,
2001-01-25,25.5,25.5,25.5,25.5,
2001-01-26,25.552,25.552,25.552,25.552,
2001-01-29,25.459,25.459,25.459,25.459,
2001-01-30,25.459,25.459,25.459,25.459,
2001-01-31,25.884,25.884,25.884,25.884,
2001-02-01,26.09,26.09,26.09,26.09,
2001-02-02,26.431,26.431,26.431,26.431,
2001-02-05,26.106,26.106,26.106,26.106,
2001-02-06,25.964,25.964,25.964,25.964,
2001-02-07,26.376,26.376,26.376,26.376,
2001-02-08,26.301,26.301,26.301,26.301,
2001-02-09,26.398,26.398,26.398,26.398,
2001-02-12,27.265,27.265,27.265,27.265,
2001-02-13,26.932,26.932,26.932,26.932,
2001-02-14,26.584,26.584,26.584,26.584,
2001-02-15,26.269,26.269,26.269,26.269,
2001-02-16,26.361,26.361,26.361,26.361,
2001-02-20,26.779,26.779,26.779,26.779,
2001-02-21,27.025,27.025,27.025,27.025,
2001-02-22,26.916,26.916,26.916,26.916,
2001-02-23,26.629,26.629,26.629,26.629,
2001-02-26,26.701,26.701,26.701,26.701,
2001-02-27,26.757,26.757,26.757,26.757,
2001-02-28,27.142,27.142,27.142,27.142,
2001-03-01,27.63,27.63,27.63,27.63,
2001-03-02,27.65,27.65,27.65,27.65,
2001-03-05,27.463,27.463,27.463,27.463,
2001-03-06,26.994,26.994,26.994,26.994,
2001-03-07,26.436,26.436,26.436,26.436,
2001-03-08,27.293,27.293,27.293,27.293,
2001-03-09,26.966,26.966,26.966,26.966,
2001-03-12,26.478,26.478,26.478,26.478,
2001-03-13,26.255,26.255,26.255,26.255,
2001-03-14,26.004,26.004,26.004,26.004,
2001-03-15,26.032,26.032,26.032,26.032,
2001-03-16,25.653,25.653,25.653,25.653,
2001-03-19,25.642,25.642,25.642,25.642,
2001-03-20,25.321,25.321,25.321,25.321,
2001-03-21,24.325,24.325,24.325,24.325,
2001-03-22,24.484,24.484,24.484,24.484,
2001-03-23,24.599,24.599,24.599,24.599,
2001-03-26,23.81,23.81,23.81,23.81,
2001-03-27,23.216,23.216,23.216,23.216,
2001-03-28,24.061,24.061,24.061,24.061,
2001-03-29,24.646,24.646,24.646,24.646,
2001-03-30,24.392,24.392,24.392,24.392,
2001-04-02,24.351,24.351,24.351,24.351,
2001-04-03,24.013,24.013,24.013,24.013,
2001-04-04,24.236,24.236,24.236,24.236,
2001-04-05,24.786,24.786,24.786,24.786,
2001-04-06,25.207,25.207,25.207,25.207,
2001-04-09,25.444,25.444,25.444,25.444,
2001-04-10,25.664,25.664,25.664,25.664,
2001-04-11,25.332,25.332,25.332,25.332,
2001-04-12,25.363,25.363,25.363,25.363,
2001-04-16,25.823,25.823,25.823,25.823,
2001-04-17,26.339,26.339,26.339,26.339,
2001-04-18,26.199,26.199,26.199,26.199,
2001-04-19,25.893,25.893,25.893,25.893,
2001-04-20,25.686,25.686,25.686,25.686,
2001-04-23,25.628,25.628,25.628,25.628,
2001-04-24,25.798,25.798,25.798,25.798,
2001-04-25,26.213,26.213,26.213,26.213,
2001-04-26,26.646,26.646,26.646,26.646,
2001-04-27,26.598,26.598,26.598,26.598,
2001-04-30,26.905,26.905,26.905,26.905,
2001-05-01,26.994,26.994,26.994,26.994,
2001-05-02,27.189,27.189,27.189,27.189,
2001-05-03,26.983,26.983,26.983,26.983,
2001-05-04,27.262,27.262,27.262,27.262,
2001-05-07,27.357,27.357,27.357,27.357,
2001-05-08,27.315,27.315,27.315,27.315,
2001-05-09,27.399,27.399,27.399,27.399,
2001-05-10,27.117,27.117,27.117,27.117,
2001-05-11,27.122,27.122,27.122,27.122,
2001-05-14,27.27,27.27,27.27,27.27,
2001-05-15,27.072,27.072,27.072,27.072,
2001-05-16,27.822,27.822,27.822,27.822,
2001-05-17,28.076,28.076,28.076,28.076,
2001-05-18,28.267,28.267,28.267,28.267,
2001-05-21,28.163,28.163,28.163,28.163,
2001-05-22,27.707,27.707,27.707,27.707,
2001-05-23,27.351,27.351,27.351,27.351,
2001-05-24,27.273,27.273,27.273,27.273,
2001-05-25,27.217,27.217,27.217,27.217,
2001-05-29,27.27,27.27,27.27,27.27,
2001-05-30,27.175,27.175,27.175,27.175,
2001-05-31,27.133,27.133,27.133,27.133,
2001-06-01,27.427,27.427,27.427,27.427,
2001-06-04,28.026,28.026,28.026,28.026,
2001-06-05,28.6,28.6,28.6,28.6,
2001-06-06,28.854,28.854,28.854,28.854,
2001-06-07,28.843,28.843,28.843,28.843,
2001-06-08,28.549,28.549,28.549,28.549,
2001-06-11,28.37,28.37,28.37,28.37,
2001-06-12,28.49,28.49,28.49,28.49,
2001-06-13,28.384,28.384,28.384,28.384,
2001-06-14,28.496,28.496,28.496,28.496,
2001-06-15,29.129,29.129,29.129,29.129,
2001-06-18,29.123,29.123,29.123,29.123,
2001-06-19,29.823,29.823,29.823,29.823,
2001-06-20,30.007,30.007,30.007,30.007,
2001-06-21,29.677,29.677,29.677,29.677,
2001-06-22,29.324,29.324,29.324,29.324,
2001-06-25,28.882,28.882,28.882,28.882,
2001-06-26,28.608,28.608,28.608,28.608,
2001-06-27,28.378,28.378,28.378,28.378,
2001-06-28,29.218,29.218,29.218,29.218,
2001-06-29,27.964,27.964,27.964,27.964,
2001-07-02,28.653,28.653,28.653,28.653,
2001-07-03,28.569,28.569,28.569,28.569,
2001-07-05,28.496,28.496,28.496,28.496,
2001-07-06,28.216,28.216,28.216,28.216,
2001-07-09,29.173,29.173,29.173,29.173,
2001-07-10,29.386,29.386,29.386,29.386,
2001-07-11,29.862,29.862,29.862,29.862,
2001-07-12,29.576,29.576,29.576,29.576,
2001-07-13,29.694,29.694,29.694,29.694,
2001-07-16,30.074,30.074,30.074,30.074,
2001-07-17,30.735,30.735,30.735,30.735,
2001-07-18,30.449,30.449,30.449,30.449,
2001-07-19,30.337,30.337,30.337,30.337,
2001-07-20,30.5,30.5,30.5,30.5,
2001-07-23,30.002,30.002,30.002,30.002,
2001-07-24,29.504,29.504,29.504,29.504,
2001-07-25,29.498,29.498,29.498,29.498,
2001-07-26,29.772,29.772,29.772,29.772,
2001-07-27,29.671,29.671,29.671,29.671,
2001-07-30,29.621,29.621,29.621,29.621,
2001-07-31,30.282,30.282,30.282,30.282,
2001-08-01,30.114,30.114,30.114,30.114,
2001-08-02,29.772,29.772,29.772,29.772,
2001-08-03,29.99,29.99,29.99,29.99,
2001-08-06,29.867,29.867,29.867,29.867,
2001-08-07,30.214,30.214,30.214,30.214,
2001-08-08,30.063,30.063,30.063,30.063,
2001-08-09,30.147,30.147,30.147,30.147,
2001-08-10,30.796,30.796,30.796,30.796,
2001-08-13,31.177,31.177,31.177,31.177,
2001-08-14,31.899,31.899,31.899,31.899,
2001-08-15,31.905,31.905,31.905,31.905,
2001-08-16,30.724,30.724,30.724,30.724,
2001-08-17,30.185,30.185,30.185,30.185,
2001-08-20,30.802,30.802,30.802,30.802,
2001-08-21,30.493,30.493,30.493,30.493,
2001-08-22,30.763,30.763,30.763,30.763,
2001-08-23,30.684,30.684,30.684,30.684,
2001-08-24,30.662,30.662,30.662,30.662,
2001-08-27,30.522,30.522,30.522,30.522,
2001-08-28,30.252,30.252,30.252,30.252,
2001-08-29,29.921,29.921,29.921,29.921,
2001-08-30,29.814,29.814,29.814,29.814,
2001-08-31,29.601,29.601,29.601,29.601,
2001-09-04,31.532,31.532,31.532,31.532,
2001-09-05,31.583,31.583,31.583,31.583,
2001-09-06,31.976,31.976,31.976,31.976,
2001-09-07,31.297,31.297,31.297,31.297,
2001-09-10,31.235,31.235,31.235,31.235,
2001-09-17,31.347,31.347,31.347,31.347,
2001-09-18,30.606,30.606,30.606,30.606,
2001-09-19,30.067,30.067,30.067,30.067,
2001-09-20,29.398,29.398,29.398,29.398,
2001-09-21,29.337,29.337,29.337,29.337,
2001-09-24,29.432,29.432,29.432,29.432,
2001-09-25,29.73,29.73,29.73,29.73,
2001-09-26,30.398,30.398,30.398,30.398,
2001-09-27,30.595,30.595,30.595,30.595,
2001-09-28,31.111,31.111,31.111,31.111,
2001-10-01,31.122,31.122,31.122,31.122,
2001-10-02,30.881,30.881,30.881,30.881,
2001-10-03,30.477,30.477,30.477,30.477,
2001-10-04,30.578,30.578,30.578,30.578,
2001-10-05,30.718,30.718,30.718,30.718,
2001-10-08,31.319,31.319,31.319,31.319,
2001-10-09,31.134,31.134,31.134,31.134,
2001-10-10,31.471,31.471,31.471,31.471,
2001-10-11,30.853,30.853,30.853,30.853,
2001-10-12,31.083,31.083,31.083,31.083,
2001-10-15,31.291,31.291,31.291,31.291,
2001-10-16,31.881,31.881,31.881,31.881,
2001-10-17,32.442,32.442,32.442,32.442,
2001-10-18,32.616,32.616,32.616,32.616,
2001-10-19,32.807,32.807,32.807,32.807,
2001-10-22,33.116,33.116,33.116,33.116,
2001-10-23,33.049,33.049,33.049,33.049,
2001-10-24,33.279,33.279,33.279,33.279,
2001-10-25,33.116,33.116,33.116,33.116,
2001-10-26,32.948,32.948,32.948,32.948,
2001-10-29,32.886,32.886,32.886,32.886,
2001-10-30,32.487,32.487,32.487,32.487,
2001-10-31,32.521,32.521,32.521,32.521,
2001-11-01,33.06,33.06,33.06,33.06,
2001-11-02,33.122,33.122,33.122,33.122,
2001-11-05,32.841,32.841,32.841,32.841,
2001-11-06,33.133,33.133,33.133,33.133,
2001-11-07,32.992,32.992,32.992,32.992,
2001-11-08,33.133,33.133,33.133,33.133,
2001-11-09,33.447,33.447,33.447,33.447,
2001-11-12,33.144,33.144,33.144,33.144,
2001-11-13,33.498,33.498,33.498,33.498,
2001-11-14,33.734,33.734,33.734,33.734,
2001-11-15,33.694,33.694,33.694,33.694,
2001-11-16,33.751,33.751,33.751,33.751,
2001-11-19,33.74,33.74,33.74,33.74,
2001-11-20,34.235,34.235,34.235,34.235,
2001-11-21,34.275,34.275,34.275,34.275,
2001-11-23,34.342,34.342,34.342,34.342,
2001-11-26,34.077,34.077,34.077,34.077,
2001-11-27,33.801,33.801,33.801,33.801,
2001-11-28,33.79,33.79,33.79,33.79,
2001-11-29,32.94,32.94,32.94,32.94,
2001-11-30,32.81,32.81,32.81,32.81,
2001-12-03,32.844,32.844,32.844,32.844,
2001-12-04,32.236,32.236,32.236,32.236,
2001-12-05,31.881,31.881,31.881,31.881,
2001-12-06,31.357,31.357,31.357,31.357,
2001-12-07,31.909,31.909,31.909,31.909,
2001-12-10,31.272,31.272,31.272,31.272,
2001-12-11,31.622,31.622,31.622,31.622,
2001-12-12,31.571,31.571,31.571,31.571,
2001-12-13,31.672,31.672,31.672,31.672,
2001-12-14,31.712,31.712,31.712,31.712,
2001-12-17,31.796,31.796,31.796,31.796,
2001-12-18,31.988,31.988,31.988,31.988,
2001-12-19,32.5,32.5,32.5,32.5,
2001-12-20,32.844,32.844,32.844,32.844,
2001-12-21,33.633,33.633,33.633,33.633,
2001-12-24,33.492,33.492,33.492,33.492,
2001-12-26,33.61,33.61,33.61,33.61,
2001-12-27,33.807,33.807,33.807,33.807,
2001-12-28,33.717,33.717,33.717,33.717,
2001-12-31,33.289,33.289,33.289,33.289,
2002-01-02,33.064,33.064,33.064,33.064,
2002-01-03,33.052,33.052,33.052,33.052,
2002-01-04,32.748,32.748,32.748,32.748,
2002-01-07,32.596,32.596,32.596,32.596,
2002-01-08,32.382,32.382,32.382,32.382,
2002-01-09,32.055,32.055,32.055,32.055,
2002-01-10,32.827,32.827,32.827,32.827,
2002-01-11,32.799,32.799,32.799,32.799,
2002-01-14,33.188,33.188,33.188,33.188,
2002-01-15,33.328,33.328,33.328,33.328,
2002-01-16,33.559,33.559,33.559,33.559,
2002-01-17,33.7,33.7,33.7,33.7,
2002-01-18,33.627,33.627,33.627,33.627,
2002-01-22,33.3,33.3,33.3,33.3,
2002-01-23,33.109,33.109,33.109,33.109,
2002-01-24,32.692,32.692,32.692,32.692,
2002-01-25,32.472,32.472,32.472,32.472,
2002-01-28,32.562,32.562,32.562,32.562,
2002-01-29,32.207,32.207,32.207,32.207,
2002-01-30,32.219,32.219,32.219,32.219,
2002-01-31,32.393,32.393,32.393,32.393,
2002-02-01,32.444,32.444,32.444,32.444,
2002-02-04,31.717,31.717,31.717,31.717,
2002-02-05,31.261,31.261,31.261,31.261,
2002-02-06,31.475,31.475,31.475,31.475,
2002-02-07,31.819,31.819,31.819,31.819,
2002-02-08,32.038,32.038,32.038,32.038,
2002-02-11,32.134,32.134,32.134,32.134,
2002-02-12,32.275,32.275,32.275,32.275,
2002-02-13,32.72,32.72,32.72,32.72,
2002-02-14,32.375,32.375,32.375,32.375,
2002-02-15,32.341,32.341,32.341,32.341,
2002-02-19,32.161,32.161,32.161,32.161,
2002-02-20,32.839,32.839,32.839,32.839,
2002-02-21,32.771,32.771,32.771,32.771,
2002-02-22,33.562,33.562,33.562,33.562,
2002-02-25,33.731,33.731,33.731,33.731,
2002-02-26,33.907,33.907,33.907,33.907,
2002-02-27,34.031,34.031,34.031,34.031,
2002-02-28,34.409,34.409,34.409,34.409,
2002-03-01,35.087,35.087,35.087,35.087,
2002-03-04,34.986,34.986,34.986,34.986,
2002-03-05,34.641,34.641,34.641,34.641,
2002-03-06,35.325,35.325,35.325,35.325,
2002-03-07,35.946,35.946,35.946,35.946,
2002-03-08,35.969,35.969,35.969,35.969,
2002-03-11,36.054,36.054,36.054,36.054,
2002-03-12,35.963,35.963,35.963,35.963,
2002-03-13,36.104,36.104,36.104,36.104,
2002-03-14,36.376,36.376,36.376,36.376,
2002-03-15,36.5,36.5,36.5,36.5,
2002-03-18,36.534,36.534,36.534,36.534,
2002-03-19,37.003,37.003,37.003,37.003,
2002-03-20,36.438,36.438,36.438,36.438,
2002-03-21,36.613,36.613,36.613,36.613,
2002-03-22,36.641,36.641,36.641,36.641,
2002-03-25,36.359,36.359,36.359,36.359,
2002-03-26,36.562,36.562,36.562,36.562,
2002-03-27,36.805,36.805,36.805,36.805,
2002-03-28,36.698,36.698,36.698,36.698,
2002-04-01,36.506,36.506,36.506,36.506,
2002-04-02,36.415,36.415,36.415,36.415,
2002-04-03,36.172,36.172,36.172,36.172,
2002-04-04,35.867,35.867,35.867,35.867,
2002-04-05,35.624,35.624,35.624,35.624,
2002-04-08,35.811,35.811,35.811,35.811,
2002-04-09,35.596,35.596,35.596,35.596,
2002-04-10,35.845,35.845,35.845,35.845,
2002-04-11,35.426,35.426,35.426,35.426,
2002-04-12,35.409,35.409,35.409,35.409,
2002-04-15,35.121,35.121,35.121,35.121,
2002-04-16,35.743,35.743,35.743,35.743,
2002-04-17,35.325,35.325,35.325,35.325,
2002-04-18,36.325,36.325,36.325,36.325,
2002-04-19,36.438,36.438,36.438,36.438,
2002-04-22,35.788,35.788,35.788,35.788,
2002-04-23,35.483,35.483,35.483,35.483,
2002-04-24,35.941,35.941,35.941,35.941,
2002-04-25,35.822,35.822,35.822,35.822,
2002-04-26,35.941,35.941,35.941,35.941,
2002-04-29,35.545,35.545,35.545,35.545,
2002-04-30,36.082,36.082,36.082,36.082,
2002-05-01,36.133,36.133,36.133,36.133,
2002-05-02,36.274,36.274,36.274,36.274,
2002-05-03,35.839,35.839,35.839,35.839,
2002-05-06,35.087,35.087,35.087,35.087,
2002-05-07,34.138,34.138,34.138,34.138,
2002-05-08,34.409,34.409,34.409,34.409,
2002-05-09,34.675,34.675,34.675,34.675,
2002-05-10,34.946,34.946,34.946,34.946,
2002-05-13,34.941,34.941,34.941,34.941,
2002-05-14,34.489,34.489,34.489,34.489,
2002-05-15,34.037,34.037,34.037,34.037,
2002-05-16,34.212,34.212,34.212,34.212,
2002-05-17,34.849,34.849,34.849,34.849,
2002-05-20,34.271,34.271,34.271,34.271,
2002-05-21,34.379,34.379,34.379,34.379,
2002-05-22,35.15,35.15,35.15,35.15,
2002-05-23,35.008,35.008,35.008,35.008,
2002-05-24,34.81,34.81,34.81,34.81,
2002-05-28,34.702,34.702,34.702,34.702,
2002-05-29,34.787,34.787,34.787,34.787,
2002-05-30,34.793,34.793,34.793,34.793,
2002-05-31,34.781,34.781,34.781,34.781,
2002-06-03,34.044,34.044,34.044,34.044,
2002-06-04,33.676,33.676,33.676,33.676,
2002-06-05,33.795,33.795,33.795,33.795,
2002-06-06,33.307,33.307,33.307,33.307,
2002-06-07,33.058,33.058,33.058,33.058,
2002-06-10,33.449,33.449,33.449,33.449,
2002-06-11,32.593,32.593,32.593,32.593,
2002-06-12,32.451,32.451,32.451,32.451,
2002-06-13,32.548,32.548,32.548,32.548,
2002-06-14,32.213,32.213,32.213,32.213,
2002-06-17,32.57,32.57,32.57,32.57,
2002-06-18,32.009,32.009,32.009,32.009,
2002-06-19,31.958,31.958,31.958,31.958,
2002-06-20,31.204,31.204,31.204,31.204,
2002-06-21,30.048,30.048,30.048,30.048,
2002-06-24,30.688,30.688,30.688,30.688,
2002-06-25,30.24,30.24,30.24,30.24,
2002-06-26,30.694,30.694,30.694,30.694,
2002-06-27,30.847,30.847,30.847,30.847,
2002-06-28,29.628,29.628,29.628,29.628,
2002-07-01,28.63,28.63,28.63,28.63,
2002-07-02,29.259,29.259,29.259,29.259,
2002-07-03,30.019,30.019,30.019,30.019,
2002-07-05,30.949,30.949,30.949,30.949,
2002-07-08,30.376,30.376,30.376,30.376,
2002-07-09,29.832,29.832,29.832,29.832,
2002-07-10,28.517,28.517,28.517,28.517,
2002-07-11,28.902,28.902,28.902,28.902,
2002-07-12,28.63,28.63,28.63,28.63,
2002-07-15,27.78,27.78,27.78,27.78,
2002-07-16,28.403,28.403,28.403,28.403,
2002-07-17,29.05,29.05,29.05,29.05,
2002-07-18,28.194,28.194,28.194,28.194,
2002-07-19,23.726,23.726,23.726,23.726,
2002-07-22,24.112,24.112,24.112,24.112,
2002-07-23,24.99,24.99,24.99,24.99,
2002-07-24,27.043,27.043,27.043,27.043,
2002-07-25,27.61,27.61,27.61,27.61,
2002-07-26,28.126,28.126,28.126,28.126,
2002-07-29,29.061,29.061,29.061,29.061,
2002-07-30,28.88,28.88,28.88,28.88,
2002-07-31,29.821,29.821,29.821,29.821,
2002-08-01,29.152,29.152,29.152,29.152,
2002-08-02,29.622,29.622,29.622,29.622,
2002-08-05,28.403,28.403,28.403,28.403,
2002-08-06,28.959,28.959,28.959,28.959,
2002-08-07,29.77,29.77,29.77,29.77,
2002-08-08,30.938,30.938,30.938,30.938,
2002-08-09,30.904,30.904,30.904,30.904,
2002-08-12,30.943,30.943,30.943,30.943,
2002-08-13,30.257,30.257,30.257,30.257,
2002-08-14,31.465,31.465,31.465,31.465,
2002-08-15,31.731,31.731,31.731,31.731,
2002-08-16,31.478,31.478,31.478,31.478,
2002-08-19,31.808,31.808,31.808,31.808,
2002-08-20,31.239,31.239,31.239,31.239,
2002-08-21,31.233,31.233,31.233,31.233,
2002-08-22,31.979,31.979,31.979,31.979,
2002-08-23,31.194,31.194,31.194,31.194,
2002-08-26,31.7,31.7,31.7,31.7,
2002-08-27,31.154,31.154,31.154,31.154,
2002-08-28,30.932,30.932,30.932,30.932,
2002-08-29,30.818,30.818,30.818,30.818,
2002-08-30,30.903,30.903,30.903,30.903,
2002-09-03,29.976,29.976,29.976,29.976,
2002-09-04,30.92,30.92,30.92,30.92,
2002-09-05,30.966,30.966,30.966,30.966,
2002-09-06,31.25,31.25,31.25,31.25,
2002-09-09,31.41,31.41,31.41,31.41,
2002-09-10,31.518,31.518,31.518,31.518,
2002-09-11,31.569,31.569,31.569,31.569,
2002-09-12,30.71,30.71,30.71,30.71,
2002-09-13,30.807,30.807,30.807,30.807,
2002-09-16,31.239,31.239,31.239,31.239,
2002-09-17,30.494,30.494,30.494,30.494,
2002-09-18,30.642,30.642,30.642,30.642,
2002-09-19,29.566,29.566,29.566,29.566,
2002-09-20,29.76,29.76,29.76,29.76,
2002-09-23,30.073,30.073,30.073,30.073,
2002-09-24,30.505,30.505,30.505,30.505,
2002-09-25,30.528,30.528,30.528,30.528,
2002-09-26,31.603,31.603,31.603,31.603,
2002-09-27,31.353,31.353,31.353,31.353,
2002-09-30,30.773,30.773,30.773,30.773,
2002-10-01,32.036,32.036,32.036,32.036,
2002-10-02,33.174,33.174,33.174,33.174,
2002-10-03,32.992,32.992,32.992,32.992,
2002-10-04,32.406,32.406,32.406,32.406,
2002-10-07,32.263,32.263,32.263,32.263,
2002-10-08,33.282,33.282,33.282,33.282,
2002-10-09,31.979,31.979,31.979,31.979,
2002-10-10,32.32,32.32,32.32,32.32,
2002-10-11,32.263,32.263,32.263,32.263,
2002-10-14,32.906,32.906,32.906,32.906,
2002-10-15,33.891,33.891,33.891,33.891,
2002-10-16,33.515,33.515,33.515,33.515,
2002-10-17,34.255,34.255,34.255,34.255,
2002-10-18,33.771,33.771,33.771,33.771,
2002-10-21,34.773,34.773,34.773,34.773,
2002-10-22,34.039,34.039,34.039,34.039,
2002-10-23,32.975,32.975,32.975,32.975,
2002-10-24,32.838,32.838,32.838,32.838,
2002-10-25,32.867,32.867,32.867,32.867,
2002-10-28,32.588,32.588,32.588,32.588,
2002-10-29,32.007,32.007,32.007,32.007,
2002-10-30,32.605,32.605,32.605,32.605,
2002-10-31,33.43,33.43,33.43,33.43,
2002-11-01,33.339,33.339,33.339,33.339,
2002-11-04,33.407,33.407,33.407,33.407,
2002-11-05,34.079,34.079,34.079,34.079,
2002-11-06,34.295,34.295,34.295,34.295,
2002-11-07,34.079,34.079,34.079,34.079,
2002-11-08,34.295,34.295,34.295,34.295,
2002-11-11,34.141,34.141,34.141,34.141,
2002-11-12,34.152,34.152,34.152,34.152,
2002-11-13,34.101,34.101,34.101,34.101,
2002-11-14,34.403,34.403,34.403,34.403,
2002-11-15,34.343,34.343,34.343,34.343,
2002-11-18,33.732,33.732,33.732,33.732,
2002-11-19,33.572,33.572,33.572,33.572,
2002-11-20,34.257,34.257,34.257,34.257,
2002-11-21,33.96,33.96,33.96,33.96,
2002-11-22,33.429,33.429,33.429,33.429,
2002-11-25,33.481,33.481,33.481,33.481,
2002-11-26,32.208,32.208,32.208,32.208,
2002-11-27,32.967,32.967,32.967,32.967,
2002-11-29,32.556,32.556,32.556,32.556,
2002-12-02,31.802,31.802,31.802,31.802,
2002-12-03,31.876,31.876,31.876,31.876,
2002-12-04,32.39,32.39,32.39,32.39,
2002-12-05,31.899,31.899,31.899,31.899,
2002-12-06,31.557,31.557,31.557,31.557,
2002-12-09,31.722,31.722,31.722,31.722,
2002-12-10,31.893,31.893,31.893,31.893,
2002-12-11,32.071,32.071,32.071,32.071,
2002-12-12,31.431,31.431,31.431,31.431,
2002-12-13,31.351,31.351,31.351,31.351,
2002-12-16,31.734,31.734,31.734,31.734,
2002-12-17,31.214,31.214,31.214,31.214,
2002-12-18,30.66,30.66,30.66,30.66,
2002-12-19,30.495,30.495,30.495,30.495,
2002-12-20,31.128,31.128,31.128,31.128,
2002-12-23,31.117,31.117,31.117,31.117,
2002-12-24,31.345,31.345,31.345,31.345,
2002-12-26,30.752,30.752,30.752,30.752,
2002-12-27,30.323,30.323,30.323,30.323,
2002-12-30,30.706,30.706,30.706,30.706,
2002-12-31,30.666,30.666,30.666,30.666,
2003-01-02,31.591,31.591,31.591,31.591,
2003-01-03,32.436,32.436,32.436,32.436,
2003-01-06,32.744,32.744,32.744,32.744,
2003-01-07,32.008,32.008,32.008,32.008,
2003-01-08,31.819,31.819,31.819,31.819,
2003-01-09,32.459,32.459,32.459,32.459,
2003-01-10,32.659,32.659,32.659,32.659,
2003-01-13,31.996,31.996,31.996,31.996,
2003-01-14,32.179,32.179,32.179,32.179,
2003-01-15,31.402,31.402,31.402,31.402,
2003-01-16,31.22,31.22,31.22,31.22,
2003-01-17,31.283,31.283,31.283,31.283,
2003-01-21,30.826,30.826,30.826,30.826,
2003-01-22,30.832,30.832,30.832,30.832,
2003-01-23,31.288,31.288,31.288,31.288,
2003-01-24,30.609,30.609,30.609,30.609,
2003-01-27,29.792,29.792,29.792,29.792,
2003-01-28,30.283,30.283,30.283,30.283,
2003-01-29,29.918,29.918,29.918,29.918,
2003-01-30,29.427,29.427,29.427,29.427,
2003-01-31,30.609,30.609,30.609,30.609,
2003-02-03,30.455,30.455,30.455,30.455,
2003-02-04,30.124,30.124,30.124,30.124,
2003-02-05,29.747,29.747,29.747,29.747,
2003-02-06,29.758,29.758,29.758,29.758,
2003-02-07,29.598,29.598,29.598,29.598,
2003-02-10,29.712,29.712,29.712,29.712,
2003-02-11,29.69,29.69,29.69,29.69,
2003-02-12,28.548,28.548,28.548,28.548,
2003-02-13,29.416,29.416,29.416,29.416,
2003-02-14,29.669,29.669,29.669,29.669,
2003-02-18,30.42,30.42,30.42,30.42,
2003-02-19,30.139,30.139,30.139,30.139,
2003-02-20,29.766,29.766,29.766,29.766,
2003-02-21,30.66,30.66,30.66,30.66,
2003-02-24,30.058,30.058,30.058,30.058,
2003-02-25,30.248,30.248,30.248,30.248,
2003-02-26,29.709,29.709,29.709,29.709,
2003-02-27,30.259,30.259,30.259,30.259,
2003-02-28,30.07,30.07,30.07,30.07,
2003-03-03,30.058,30.058,30.058,30.058,
2003-03-04,29.634,29.634,29.634,29.634,
2003-03-05,30.276,30.276,30.276,30.276,
2003-03-06,30.557,30.557,30.557,30.557,
2003-03-07,31.704,31.704,31.704,31.704,
2003-03-10,31.033,31.033,31.033,31.033,
2003-03-11,31.234,31.234,31.234,31.234,
2003-03-12,31.348,31.348,31.348,31.348,
2003-03-13,31.807,31.807,31.807,31.807,
2003-03-14,31.641,31.641,31.641,31.641,
2003-03-17,32.329,32.329,32.329,32.329,
2003-03-18,32.552,32.552,32.552,32.552,
2003-03-19,32.856,32.856,32.856,32.856,
2003-03-20,32.902,32.902,32.902,32.902,
2003-03-21,33.636,33.636,33.636,33.636,
2003-03-24,32.535,32.535,32.535,32.535,
2003-03-25,32.724,32.724,32.724,32.724,
2003-03-26,32.483,32.483,32.483,32.483,
2003-03-27,32.655,32.655,32.655,32.655,
2003-03-28,32.896,32.896,32.896,32.896,
2003-03-31,33.177,33.177,33.177,33.177,
2003-04-01,33.492,33.492,33.492,33.492,
2003-04-02,33.487,33.487,33.487,33.487,
2003-04-03,32.942,32.942,32.942,32.942,
2003-04-04,33.16,33.16,33.16,33.16,
2003-04-07,32.868,32.868,32.868,32.868,
2003-04-08,32.965,32.965,32.965,32.965,
2003-04-09,32.827,32.827,32.827,32.827,
2003-04-10,32.799,32.799,32.799,32.799,
2003-04-11,32.896,32.896,32.896,32.896,
2003-04-14,33.126,33.126,33.126,33.126,
2003-04-15,32.094,32.094,32.094,32.094,
2003-04-16,31.182,31.182,31.182,31.182,
2003-04-17,31.538,31.538,31.538,31.538,
2003-04-21,31.738,31.738,31.738,31.738,
2003-04-22,32.157,32.157,32.157,32.157,
2003-04-23,32.564,32.564,32.564,32.564,
2003-04-24,32.965,32.965,32.965,32.965,
2003-04-25,32.225,32.225,32.225,32.225,
2003-04-28,32.684,32.684,32.684,32.684,
2003-04-29,32.615,32.615,32.615,32.615,
2003-04-30,32.311,32.311,32.311,32.311,
2003-05-01,32.289,32.289,32.289,32.289,
2003-05-02,32.472,32.472,32.472,32.472,
2003-05-05,32.369,32.369,32.369,32.369,
2003-05-06,32.403,32.403,32.403,32.403,
2003-05-07,32.684,32.684,32.684,32.684,
2003-05-08,32.357,32.357,32.357,32.357,
2003-05-09,32.3,32.3,32.3,32.3,
2003-05-12,32.197,32.197,32.197,32.197,
2003-05-13,31.818,31.818,31.818,31.818,
2003-05-14,31.732,31.732,31.732,31.732,
2003-05-15,31.784,31.784,31.784,31.784,
2003-05-16,32.268,32.268,32.268,32.268,
2003-05-19,31.456,31.456,31.456,31.456,
2003-05-20,31.087,31.087,31.087,31.087,
2003-05-21,30.776,30.776,30.776,30.776,
2003-05-22,30.736,30.736,30.736,30.736,
2003-05-23,30.569,30.569,30.569,30.569,
2003-05-27,30.759,30.759,30.759,30.759,
2003-05-28,30.897,30.897,30.897,30.897,
2003-05-29,30.742,30.742,30.742,30.742,
2003-05-30,31.295,31.295,31.295,31.295,
2003-06-02,30.644,30.644,30.644,30.644,
2003-06-03,31.007,31.007,31.007,31.007,
2003-06-04,31.128,31.128,31.128,31.128,
2003-06-05,29.953,29.953,29.953,29.953,
2003-06-06,30.373,30.373,30.373,30.373,
2003-06-09,30.356,30.356,30.356,30.356,
2003-06-10,30.31,30.31,30.31,30.31,
2003-06-11,30.517,30.517,30.517,30.517,
2003-06-12,30.673,30.673,30.673,30.673,
2003-06-13,30.264,30.264,30.264,30.264,
2003-06-16,30.92,30.92,30.92,30.92,
2003-06-17,31.531,31.531,31.531,31.531,
2003-06-18,31.64,31.64,31.64,31.64,
2003-06-19,31.329,31.329,31.329,31.329,
2003-06-20,31.352,31.352,31.352,31.352,
2003-06-23,30.719,30.719,30.719,30.719,
2003-06-24,30.287,30.287,30.287,30.287,
2003-06-25,30.212,30.212,30.212,30.212,
2003-06-26,30.114,30.114,30.114,30.114,
2003-06-27,29.677,29.677,29.677,29.677,
2003-06-30,29.769,29.769,29.769,29.769,
2003-07-01,30.183,30.183,30.183,30.183,
2003-07-02,30.46,30.46,30.46,30.46,
2003-07-03,30.512,30.512,30.512,30.512,
2003-07-07,30.506,30.506,30.506,30.506,
2003-07-08,30.218,30.218,30.218,30.218,
2003-07-09,29.895,29.895,29.895,29.895,
2003-07-10,29.51,29.51,29.51,29.51,
2003-07-11,29.872,29.872,29.872,29.872,
2003-07-14,30.863,30.863,30.863,30.863,
2003-07-15,30.258,30.258,30.258,30.258,
2003-07-16,30.287,30.287,30.287,30.287,
2003-07-17,30.097,30.097,30.097,30.097,
2003-07-18,30.368,30.368,30.368,30.368,
2003-07-21,29.584,29.584,29.584,29.584,
2003-07-22,29.803,29.803,29.803,29.803,
2003-07-23,30.057,30.057,30.057,30.057,
2003-07-24,29.769,29.769,29.769,29.769,
2003-07-25,30.074,30.074,30.074,30.074,
2003-07-28,29.631,29.631,29.631,29.631,
2003-07-29,29.153,29.153,29.153,29.153,
2003-07-30,29.406,29.406,29.406,29.406,
2003-07-31,29.821,29.821,29.821,29.821,
2003-08-01,29.037,29.037,29.037,29.037,
2003-08-04,29.135,29.135,29.135,29.135,
2003-08-05,28.663,28.663,28.663,28.663,
2003-08-06,28.911,28.911,28.911,28.911,
2003-08-07,29.826,29.826,29.826,29.826,
2003-08-08,29.798,29.798,29.798,29.798,
2003-08-11,29.757,29.757,29.757,29.757,
2003-08-12,29.515,29.515,29.515,29.515,
2003-08-13,29.36,29.36,29.36,29.36,
2003-08-14,29.366,29.366,29.366,29.366,
2003-08-15,29.533,29.533,29.533,29.533,
2003-08-18,29.169,29.169,29.169,29.169,
2003-08-19,28.961,28.961,28.961,28.961,
2003-08-20,28.943,28.943,28.943,28.943,
2003-08-21,28.579,28.579,28.579,28.579,
2003-08-22,28.66,28.66,28.66,28.66,
2003-08-25,28.677,28.677,28.677,28.677,
2003-08-26,28.735,28.735,28.735,28.735,
2003-08-27,28.498,28.498,28.498,28.498,
2003-08-28,28.428,28.428,28.428,28.428,
2003-08-29,28.683,28.683,28.683,28.683,
2003-09-02,28.926,28.926,28.926,28.926,
2003-09-03,29.065,29.065,29.065,29.065,
2003-09-04,29.574,29.574,29.574,29.574,
2003-09-05,29.215,29.215,29.215,29.215,
2003-09-08,29.678,29.678,29.678,29.678,
2003-09-09,29.649,29.649,29.649,29.649,
2003-09-10,30.106,30.106,30.106,30.106,
2003-09-11,30.228,30.228,30.228,30.228,
2003-09-12,29.869,29.869,29.869,29.869,
2003-09-15,29.412,29.412,29.412,29.412,
2003-09-16,29.418,29.418,29.418,29.418,
2003-09-17,29.053,29.053,29.053,29.053,
2003-09-18,29.354,29.354,29.354,29.354,
2003-09-19,29.105,29.105,29.105,29.105,
2003-09-22,29.03,29.03,29.03,29.03,
2003-09-23,28.938,28.938,28.938,28.938,
2003-09-24,28.608,28.608,28.608,28.608,
2003-09-25,28.654,28.654,28.654,28.654,
2003-09-26,28.452,28.452,28.452,28.452,
2003-09-29,28.845,28.845,28.845,28.845,
2003-09-30,28.648,28.648,28.648,28.648,
2003-10-01,29.082,29.082,29.082,29.082,
2003-10-02,29.1,29.1,29.1,29.1,
2003-10-03,28.99,28.99,28.99,28.99,
2003-10-06,29.019,29.019,29.019,29.019,
2003-10-07,28.984,28.984,28.984,28.984,
2003-10-08,28.799,28.799,28.799,28.799,
2003-10-09,28.573,28.573,28.573,28.573,
2003-10-10,28.486,28.486,28.486,28.486,
2003-10-13,28.805,28.805,28.805,28.805,
2003-10-14,29.464,29.464,29.464,29.464,
2003-10-15,29.215,29.215,29.215,29.215,
2003-10-16,29.325,29.325,29.325,29.325,
2003-10-17,29.163,29.163,29.163,29.163,
2003-10-20,29.29,29.29,29.29,29.29,
2003-10-21,29.418,29.418,29.418,29.418,
2003-10-22,28.874,28.874,28.874,28.874,
2003-10-23,29.1,29.1,29.1,29.1,
2003-10-24,29.128,29.128,29.128,29.128,
2003-10-27,28.88,28.88,28.88,28.88,
2003-10-28,29.238,29.238,29.238,29.238,
2003-10-29,28.625,28.625,28.625,28.625,
2003-10-30,28.625,28.625,28.625,28.625,
2003-10-31,29.117,29.117,29.117,29.117,
2003-11-03,28.799,28.799,28.799,28.799,
2003-11-04,28.434,28.434,28.434,28.434,
2003-11-05,28.434,28.434,28.434,28.434,
2003-11-06,28.446,28.446,28.446,28.446,
2003-11-07,28.238,28.238,28.238,28.238,
2003-11-10,28.191,28.191,28.191,28.191,
2003-11-11,28.394,28.394,28.394,28.394,
2003-11-12,28.637,28.637,28.637,28.637,
2003-11-13,29.123,29.123,29.123,29.123,
2003-11-14,30.297,30.297,30.297,30.297,
2003-11-17,30.035,30.035,30.035,30.035,
2003-11-18,30.192,30.192,30.192,30.192,
2003-11-19,30.378,30.378,30.378,30.378,
2003-11-20,29.931,29.931,29.931,29.931,
2003-11-21,29.576,29.576,29.576,29.576,
2003-11-24,29.925,29.925,29.925,29.925,
2003-11-25,29.466,29.466,29.466,29.466,
2003-11-26,28.89,28.89,28.89,28.89,
2003-11-28,28.658,28.658,28.658,28.658,
2003-12-01,28.774,28.774,28.774,28.774,
2003-12-02,28.454,28.454,28.454,28.454,
2003-12-03,28.576,28.576,28.576,28.576,
2003-12-04,28.675,28.675,28.675,28.675,
2003-12-05,28.576,28.576,28.576,28.576,
2003-12-08,28.977,28.977,28.977,28.977,
2003-12-09,29.07,29.07,29.07,29.07,
2003-12-10,29.21,29.21,29.21,29.21,
2003-12-11,29.065,29.065,29.065,29.065,
2003-12-12,28.71,28.71,28.71,28.71,
2003-12-15,28.751,28.751,28.751,28.751,
2003-12-16,28.727,28.727,28.727,28.727,
2003-12-17,28.687,28.687,28.687,28.687,
2003-12-18,29.047,29.047,29.047,29.047,
2003-12-19,29.123,29.123,29.123,29.123,
2003-12-22,29.344,29.344,29.344,29.344,
2003-12-23,29.384,29.384,29.384,29.384,
2003-12-24,29.489,29.489,29.489,29.489,
2003-12-26,29.425,29.425,29.425,29.425,
2003-12-29,29.791,29.791,29.791,29.791,
2003-12-30,29.861,29.861,29.861,29.861,
2003-12-31,30.03,30.03,30.03,30.03,
2004-01-02,30.03,30.03,30.03,30.03,
2004-01-05,30.204,30.204,30.204,30.204,
2004-01-06,30.07,30.07,30.07,30.07,
2004-01-07,30.082,30.082,30.082,30.082,
2004-01-08,30.221,30.221,30.221,30.221,
2004-01-09,29.878,29.878,29.878,29.878,
2004-01-12,30.454,30.454,30.454,30.454,
2004-01-13,30.372,30.372,30.372,30.372,
2004-01-14,30.227,30.227,30.227,30.227,
2004-01-15,30.134,30.134,30.134,30.134,
2004-01-16,29.326,29.326,29.326,29.326,
2004-01-20,29.936,29.936,29.936,29.936,
2004-01-21,30.553,30.553,30.553,30.553,
2004-01-22,30.838,30.838,30.838,30.838,
2004-01-23,30.808,30.808,30.808,30.808,
2004-01-26,31.099,31.099,31.099,31.099,
2004-01-27,30.971,30.971,30.971,30.971,
2004-01-28,30.901,30.901,30.901,30.901,
2004-01-29,31.326,31.326,31.326,31.326,
2004-01-30,31.053,31.053,31.053,31.053,
2004-02-02,31.117,31.117,31.117,31.117,
2004-02-03,31.297,31.297,31.297,31.297,
2004-02-04,31.669,31.669,31.669,31.669,
2004-02-05,31.68,31.68,31.68,31.68,
2004-02-06,31.477,31.477,31.477,31.477,
2004-02-09,31.454,31.454,31.454,31.454,
2004-02-10,31.64,31.64,31.64,31.64,
2004-02-11,31.768,31.768,31.768,31.768,
2004-02-12,31.878,31.878,31.878,31.878,
2004-02-13,31.662,31.662,31.662,31.662,
2004-02-17,31.768,31.768,31.768,31.768,
2004-02-18,31.464,31.464,31.464,31.464,
2004-02-19,31.277,31.277,31.277,31.277,
2004-02-20,31.119,31.119,31.119,31.119,
2004-02-23,30.974,30.974,30.974,30.974,
2004-02-24,31.633,31.633,31.633,31.633,
2004-02-25,31.563,31.563,31.563,31.563,
2004-02-26,31.511,31.511,31.511,31.511,
2004-02-27,31.476,31.476,31.476,31.476,
2004-03-01,31.388,31.388,31.388,31.388,
2004-03-02,30.868,30.868,30.868,30.868,
2004-03-03,31.073,31.073,31.073,31.073,
2004-03-04,30.962,30.962,30.962,30.962,
2004-03-05,31.02,31.02,31.02,31.02,
2004-03-08,31.003,31.003,31.003,31.003,
2004-03-09,30.752,30.752,30.752,30.752,
2004-03-10,30.226,30.226,30.226,30.226,
2004-03-11,29.841,29.841,29.841,29.841,
2004-03-12,29.607,29.607,29.607,29.607,
2004-03-15,29.526,29.526,29.526,29.526,
2004-03-16,29.823,29.823,29.823,29.823,
2004-03-17,29.707,29.707,29.707,29.707,
2004-03-18,29.765,29.765,29.765,29.765,
2004-03-19,29.222,29.222,29.222,29.222,
2004-03-22,28.901,28.901,28.901,28.901,
2004-03-23,28.988,28.988,28.988,28.988,
2004-03-24,28.988,28.988,28.988,28.988,
2004-03-25,29.31,29.31,29.31,29.31,
2004-03-26,29.269,29.269,29.269,29.269,
2004-03-29,29.526,29.526,29.526,29.526,
2004-03-30,29.438,29.438,29.438,29.438,
2004-03-31,29.613,29.613,29.613,29.613,
2004-04-01,29.496,29.496,29.496,29.496,
2004-04-02,29.882,29.882,29.882,29.882,
2004-04-05,30.08,30.08,30.08,30.08,
2004-04-06,30.057,30.057,30.057,30.057,
2004-04-07,29.998,29.998,29.998,29.998,
2004-04-08,29.701,29.701,29.701,29.701,
2004-04-12,29.893,29.893,29.893,29.893,
2004-04-13,30.004,30.004,30.004,30.004,
2004-04-14,30.711,30.711,30.711,30.711,
2004-04-15,31.832,31.832,31.832,31.832,
2004-04-16,31.604,31.604,31.604,31.604,
2004-04-19,31.481,31.481,31.481,31.481,
2004-04-20,31.02,31.02,31.02,31.02,
2004-04-21,31.341,31.341,31.341,31.341,
2004-04-22,31.318,31.318,31.318,31.318,
2004-04-23,31.341,31.341,31.341,31.341,
2004-04-26,31.47,31.47,31.47,31.47,
2004-04-27,31.738,31.738,31.738,31.738,
2004-04-28,31.639,31.639,31.639,31.639,
2004-04-29,31.587,31.587,31.587,31.587,
2004-04-30,31.546,31.546,31.546,31.546,
2004-05-03,32.071,32.071,32.071,32.071,
2004-05-04,31.995,31.995,31.995,31.995,
2004-05-05,31.575,31.575,31.575,31.575,
2004-05-06,32.019,32.019,32.019,32.019,
2004-05-07,32.287,32.287,32.287,32.287,
2004-05-10,32.375,32.375,32.375,32.375,
2004-05-11,32.194,32.194,32.194,32.194,
2004-05-12,32.252,32.252,32.252,32.252,
2004-05-13,32.071,32.071,32.071,32.071,
2004-05-14,31.998,31.998,31.998,31.998,
2004-05-17,32.103,32.103,32.103,32.103,
2004-05-18,32.062,32.062,32.062,32.062,
2004-05-19,31.857,31.857,31.857,31.857,
2004-05-20,32.033,32.033,32.033,32.033,
2004-05-21,32.244,32.244,32.244,32.244,
2004-05-24,31.875,31.875,31.875,31.875,
2004-05-25,32.491,32.491,32.491,32.491,
2004-05-26,32.561,32.561,32.561,32.561,
2004-05-27,32.743,32.743,32.743,32.743,
2004-05-28,32.696,32.696,32.696,32.696,
2004-06-01,32.731,32.731,32.731,32.731,
2004-06-02,32.984,32.984,32.984,32.984,
2004-06-03,33.213,33.213,33.213,33.213,
2004-06-04,33.089,33.089,33.089,33.089,
2004-06-07,33.289,33.289,33.289,33.289,
2004-06-08,33.436,33.436,33.436,33.436,
2004-06-09,33.312,33.312,33.312,33.312,
2004-06-10,33.494,33.494,33.494,33.494,
2004-06-14,33.459,33.459,33.459,33.459,
2004-06-15,32.99,32.99,32.99,32.99,
2004-06-16,32.796,32.796,32.796,32.796,
2004-06-17,32.602,32.602,32.602,32.602,
2004-06-18,32.426,32.426,32.426,32.426,
2004-06-21,32.444,32.444,32.444,32.444,
2004-06-22,32.497,32.497,32.497,32.497,
2004-06-23,32.655,32.655,32.655,32.655,
2004-06-24,32.684,32.684,32.684,32.684,
2004-06-25,31.986,31.986,31.986,31.986,
2004-06-28,32.262,32.262,32.262,32.262,
2004-06-29,32.714,32.714,32.714,32.714,
2004-06-30,32.69,32.69,32.69,32.69,
2004-07-01,32.555,32.555,32.555,32.555,
2004-07-02,32.485,32.485,32.485,32.485,
2004-07-06,32.25,32.25,32.25,32.25,
2004-07-07,32.004,32.004,32.004,32.004,
2004-07-08,32.139,32.139,32.139,32.139,
2004-07-09,32.274,32.274,32.274,32.274,
2004-07-12,32.215,32.215,32.215,32.215,
2004-07-13,32.503,32.503,32.503,32.503,
2004-07-14,32.819,32.819,32.819,32.819,
2004-07-15,32.485,32.485,32.485,32.485,
2004-07-16,33.336,33.336,33.336,33.336,
2004-07-19,33.101,33.101,33.101,33.101,
2004-07-20,33.048,33.048,33.048,33.048,
2004-07-21,32.72,32.72,32.72,32.72,
2004-07-22,33.007,33.007,33.007,33.007,
2004-07-23,32.714,32.714,32.714,32.714,
2004-07-26,32.532,32.532,32.532,32.532,
2004-07-27,32.661,32.661,32.661,32.661,
2004-07-28,32.679,32.679,32.679,32.679,
2004-07-29,32.555,32.555,32.555,32.555,
2004-07-30,32.438,32.438,32.438,32.438,
2004-08-02,32.585,32.585,32.585,32.585,
2004-08-03,32.532,32.532,32.532,32.532,
2004-08-04,32.62,32.62,32.62,32.62,
2004-08-05,32.409,32.409,32.409,32.409,
2004-08-06,32.045,32.045,32.045,32.045,
2004-08-09,31.98,31.98,31.98,31.98,
2004-08-10,32.274,32.274,32.274,32.274,
2004-08-11,32.866,32.866,32.866,32.866,
2004-08-12,33.043,33.043,33.043,33.043,
2004-08-13,32.762,32.762,32.762,32.762,
2004-08-16,33.087,33.087,33.087,33.087,
2004-08-17,33.352,33.352,33.352,33.352,
2004-08-18,33.641,33.641,33.641,33.641,
2004-08-19,33.494,33.494,33.494,33.494,
2004-08-20,33.647,33.647,33.647,33.647,
2004-08-23,33.653,33.653,33.653,33.653,
2004-08-24,33.724,33.724,33.724,33.724,
2004-08-25,34.013,34.013,34.013,34.013,
2004-08-26,33.93,33.93,33.93,33.93,
2004-08-27,34.042,34.042,34.042,34.042,
2004-08-30,33.942,33.942,33.942,33.942,
2004-08-31,34.272,34.272,34.272,34.272,
2004-09-01,34.09,34.09,34.09,34.09,
2004-09-02,34.048,34.048,34.048,34.048,
2004-09-03,34.125,34.125,34.125,34.125,
2004-09-07,34.131,34.131,34.131,34.131,
2004-09-08,34.373,34.373,34.373,34.373,
2004-09-09,33.924,33.924,33.924,33.924,
2004-09-10,33.96,33.96,33.96,33.96,
2004-09-13,34.302,34.302,34.302,34.302,
2004-09-14,34.42,34.42,34.42,34.42,
2004-09-15,34.32,34.32,34.32,34.32,
2004-09-16,34.284,34.284,34.284,34.284,
2004-09-17,34.52,34.52,34.52,34.52,
2004-09-20,34.166,34.166,34.166,34.166,
2004-09-21,34.154,34.154,34.154,34.154,
2004-09-22,33.8,33.8,33.8,33.8,
2004-09-23,33.364,33.364,33.364,33.364,
2004-09-24,33.358,33.358,33.358,33.358,
2004-09-27,33.346,33.346,33.346,33.346,
2004-09-28,33.683,33.683,33.683,33.683,
2004-09-29,33.641,33.641,33.641,33.641,
2004-09-30,33.228,33.228,33.228,33.228,
2004-10-01,33.624,33.624,33.624,33.624,
2004-10-04,33.771,33.771,33.771,33.771,
2004-10-05,33.895,33.895,33.895,33.895,
2004-10-06,34.066,34.066,34.066,34.066,
2004-10-07,32.986,32.986,32.986,32.986,
2004-10-08,32.633,32.633,32.633,32.633,
2004-10-11,32.656,32.656,32.656,32.656,
2004-10-12,33.517,33.517,33.517,33.517,
2004-10-13,33.334,33.334,33.334,33.334,
2004-10-14,33.34,33.34,33.34,33.34,
2004-10-15,33.376,33.376,33.376,33.376,
2004-10-18,33.812,33.812,33.812,33.812,
2004-10-19,33.393,33.393,33.393,33.393,
2004-10-20,33.918,33.918,33.918,33.918,
2004-10-21,34.084,34.084,34.084,34.084,
2004-10-22,33.795,33.795,33.795,33.795,
2004-10-25,33.671,33.671,33.671,33.671,
2004-10-26,33.759,33.759,33.759,33.759,
2004-10-27,34.078,34.078,34.078,34.078,
2004-10-28,34.219,34.219,34.219,34.219,
2004-10-29,34.438,34.438,34.438,34.438,
2004-11-01,34.473,34.473,34.473,34.473,
2004-11-02,34.237,34.237,34.237,34.237,
2004-11-03,35.069,35.069,35.069,35.069,
2004-11-04,34.933,34.933,34.933,34.933,
2004-11-05,34.909,34.909,34.909,34.909,
2004-11-08,35.299,35.299,35.299,35.299,
2004-11-09,35.293,35.293,35.293,35.293,
2004-11-10,35.464,35.464,35.464,35.464,
2004-11-11,35.747,35.747,35.747,35.747,
2004-11-12,36.153,36.153,36.153,36.153,
2004-11-15,36.248,36.248,36.248,36.248,
2004-11-16,36.171,36.171,36.171,36.171,
2004-11-17,36.094,36.094,36.094,36.094,
2004-11-18,36.224,36.224,36.224,36.224,
2004-11-19,35.88,35.88,35.88,35.88,
2004-11-22,36.076,36.076,36.076,36.076,
2004-11-23,35.898,35.898,35.898,35.898,
2004-11-24,35.863,35.863,35.863,35.863,
2004-11-26,35.827,35.827,35.827,35.827,
2004-11-29,35.679,35.679,35.679,35.679,
2004-11-30,35.75,35.75,35.75,35.75,
2004-12-01,36.266,36.266,36.266,36.266,
2004-12-02,36.598,36.598,36.598,36.598,
2004-12-03,36.692,36.692,36.692,36.692,
2004-12-06,36.645,36.645,36.645,36.645,
2004-12-07,35.803,35.803,35.803,35.803,
2004-12-08,36.242,36.242,36.242,36.242,
2004-12-09,36.337,36.337,36.337,36.337,
2004-12-10,35.709,35.709,35.709,35.709,
2004-12-13,35.94,35.94,35.94,35.94,
2004-12-14,36.408,36.408,36.408,36.408,
2004-12-15,36.094,36.094,36.094,36.094,
2004-12-16,37.605,37.605,37.605,37.605,
2004-12-17,37.682,37.682,37.682,37.682,
2004-12-20,37.38,37.38,37.38,37.38,
2004-12-21,37.309,37.309,37.309,37.309,
2004-12-22,37.516,37.516,37.516,37.516,
2004-12-23,37.694,37.694,37.694,37.694,
2004-12-27,37.653,37.653,37.653,37.653,
2004-12-28,37.789,37.789,37.789,37.789,
2004-12-29,37.653,37.653,37.653,37.653,
2004-12-30,37.664,37.664,37.664,37.664,
2004-12-31,37.587,37.587,37.587,37.587,
2005-01-03,37.279,37.279,37.279,37.279,
2005-01-04,37.161,37.161,37.161,37.161,
2005-01-05,37.137,37.137,37.137,37.137,
2005-01-06,37.244,37.244,37.244,37.244,
2005-01-07,37.107,37.107,37.107,37.107,
2005-01-10,37.398,37.398,37.398,37.398,
2005-01-11,37.267,37.267,37.267,37.267,
2005-01-12,37.528,37.528,37.528,37.528,
2005-01-13,36.728,36.728,36.728,36.728,
2005-01-14,37.161,37.161,37.161,37.161,
2005-01-18,37.356,37.356,37.356,37.356,
2005-01-19,37.232,37.232,37.232,37.232,
2005-01-20,37.036,37.036,37.036,37.036,
2005-01-21,36.657,36.657,36.657,36.657,
2005-01-24,36.444,36.444,36.444,36.444,
2005-01-25,37.765,37.765,37.765,37.765,
2005-01-26,38.316,38.316,38.316,38.316,
2005-01-27,38.062,38.062,38.062,38.062,
2005-01-28,38.299,38.299,38.299,38.299,
2005-01-31,38.346,38.346,38.346,38.346,
2005-02-01,38.773,38.773,38.773,38.773,
2005-02-02,39.116,39.116,39.116,39.116,
2005-02-03,38.909,38.909,38.909,38.909,
2005-02-04,39.259,39.259,39.259,39.259,
2005-02-07,39.383,39.383,39.383,39.383,
2005-02-08,39.312,39.312,39.312,39.312,
2005-02-09,39.229,39.229,39.229,39.229,
2005-02-10,39.194,39.194,39.194,39.194,
2005-02-11,39.643,39.643,39.643,39.643,
2005-02-14,39.286,39.286,39.286,39.286,
2005-02-15,39.232,39.232,39.232,39.232,
2005-02-16,39.131,39.131,39.131,39.131,
2005-02-17,38.899,38.899,38.899,38.899,
2005-02-18,38.947,38.947,38.947,38.947,
2005-02-22,38.732,38.732,38.732,38.732,
2005-02-23,38.935,38.935,38.935,38.935,
2005-02-24,39.22,39.22,39.22,39.22,
2005-02-25,39.417,39.417,39.417,39.417,
2005-02-28,39.048,39.048,39.048,39.048,
2005-03-01,39.673,39.673,39.673,39.673,
2005-03-02,39.857,39.857,39.857,39.857,
2005-03-03,39.732,39.732,39.732,39.732,
2005-03-04,40.322,40.322,40.322,40.322,
2005-03-07,40.738,40.738,40.738,40.738,
2005-03-08,40.589,40.589,40.589,40.589,
2005-03-09,40.333,40.333,40.333,40.333,
2005-03-10,40.476,40.476,40.476,40.476,
2005-03-11,40.238,40.238,40.238,40.238,
2005-03-14,40.369,40.369,40.369,40.369,
2005-03-15,40.036,40.036,40.036,40.036,
2005-03-16,39.911,39.911,39.911,39.911,
2005-03-17,39.875,39.875,39.875,39.875,
2005-03-18,40.03,40.03,40.03,40.03,
2005-03-21,39.792,39.792,39.792,39.792,
2005-03-22,39.756,39.756,39.756,39.756,
2005-03-23,40.595,40.595,40.595,40.595,
2005-03-24,40.53,40.53,40.53,40.53,
2005-03-28,40.685,40.685,40.685,40.685,
2005-03-29,40.429,40.429,40.429,40.429,
2005-03-30,40.506,40.506,40.506,40.506,
2005-03-31,39.976,39.976,39.976,39.976,
2005-04-01,39.792,39.792,39.792,39.792,
2005-04-04,40.464,40.464,40.464,40.464,
2005-04-05,41.077,41.077,41.077,41.077,
2005-04-06,40.958,40.958,40.958,40.958,
2005-04-07,41.214,41.214,41.214,41.214,
2005-04-08,40.857,40.857,40.857,40.857,
2005-04-11,41.006,41.006,41.006,41.006,
2005-04-12,40.857,40.857,40.857,40.857,
2005-04-13,40.827,40.827,40.827,40.827,
2005-04-14,41.22,41.22,41.22,41.22,
2005-04-15,41.31,41.31,41.31,41.31,
2005-04-18,41.095,41.095,41.095,41.095,
2005-04-19,41.101,41.101,41.101,41.101,
2005-04-20,40.536,40.536,40.536,40.536,
2005-04-21,40.649,40.649,40.649,40.649,
2005-04-22,40.768,40.768,40.768,40.768,
2005-04-25,40.798,40.798,40.798,40.798,
2005-04-26,40.488,40.488,40.488,40.488,
2005-04-27,40.673,40.673,40.673,40.673,
2005-04-28,40.274,40.274,40.274,40.274,
2005-04-29,40.851,40.851,40.851,40.851,
2005-05-02,40.941,40.941,40.941,40.941,
2005-05-03,40.911,40.911,40.911,40.911,
2005-05-04,40.607,40.607,40.607,40.607,
2005-05-05,40.78,40.78,40.78,40.78,
2005-05-06,40.601,40.601,40.601,40.601,
2005-05-09,40.577,40.577,40.577,40.577,
2005-05-10,40.316,40.316,40.316,40.316,
2005-05-11,40.446,40.446,40.446,40.446,
2005-05-12,40.268,40.268,40.268,40.268,
2005-05-13,40.136,40.136,40.136,40.136,
2005-05-16,40.459,40.459,40.459,40.459,
2005-05-17,40.621,40.621,40.621,40.621,
2005-05-18,40.435,40.435,40.435,40.435,
2005-05-19,40.322,40.322,40.322,40.322,
2005-05-20,40.196,40.196,40.196,40.196,
2005-05-23,40.232,40.232,40.232,40.232,
2005-05-24,40.435,40.435,40.435,40.435,
2005-05-25,40.358,40.358,40.358,40.358,
2005-05-26,40.328,40.328,40.328,40.328,
2005-05-27,40.334,40.334,40.334,40.334,
2005-05-31,40.136,40.136,40.136,40.136,
2005-06-01,40.262,40.262,40.262,40.262,
2005-06-02,40.077,40.077,40.077,40.077,
2005-06-03,39.742,39.742,39.742,39.742,
2005-06-06,39.706,39.706,39.706,39.706,
2005-06-07,39.801,39.801,39.801,39.801,
2005-06-08,39.694,39.694,39.694,39.694,
2005-06-09,39.915,39.915,39.915,39.915,
2005-06-10,39.765,39.765,39.765,39.765,
2005-06-13,39.759,39.759,39.759,39.759,
2005-06-14,39.825,39.825,39.825,39.825,
2005-06-15,39.688,39.688,39.688,39.688,
2005-06-16,39.658,39.658,39.658,39.658,
2005-06-17,39.813,39.813,39.813,39.813,
2005-06-20,39.807,39.807,39.807,39.807,
2005-06-21,39.795,39.795,39.795,39.795,
2005-06-22,39.478,39.478,39.478,39.478,
2005-06-23,39.09,39.09,39.09,39.09,
2005-06-24,39.227,39.227,39.227,39.227,
2005-06-27,39.269,39.269,39.269,39.269,
2005-06-28,39.52,39.52,39.52,39.52,
2005-06-29,39.299,39.299,39.299,39.299,
2005-06-30,38.88,38.88,38.88,38.88,
2005-07-01,38.85,38.85,38.85,38.85,
2005-07-05,38.79,38.79,38.79,38.79,
2005-07-06,38.372,38.372,38.372,38.372,
2005-07-07,38.234,38.234,38.234,38.234,
2005-07-08,38.45,38.45,38.45,38.45,
2005-07-11,38.755,38.755,38.755,38.755,
2005-07-12,38.749,38.749,38.749,38.749,
2005-07-13,38.533,38.533,38.533,38.533,
2005-07-14,38.641,38.641,38.641,38.641,
2005-07-15,38.898,38.898,38.898,38.898,
2005-07-18,38.641,38.641,38.641,38.641,
2005-07-19,38.892,38.892,38.892,38.892,
2005-07-20,38.856,38.856,38.856,38.856,
2005-07-21,38.27,38.27,38.27,38.27,
2005-07-22,38.473,38.473,38.473,38.473,
2005-07-25,37.887,37.887,37.887,37.887,
2005-07-26,37.487,37.487,37.487,37.487,
2005-07-27,38.605,38.605,38.605,38.605,
2005-07-28,38.719,38.719,38.719,38.719,
2005-07-29,38.258,38.258,38.258,38.258,
2005-08-01,38.581,38.581,38.581,38.581,
2005-08-02,38.659,38.659,38.659,38.659,
2005-08-03,38.802,38.802,38.802,38.802,
2005-08-04,38.372,38.372,38.372,38.372,
2005-08-05,38.007,38.007,38.007,38.007,
2005-08-08,37.947,37.947,37.947,37.947,
2005-08-09,38.294,38.294,38.294,38.294,
2005-08-10,38.192,38.192,38.192,38.192,
2005-08-11,38.467,38.467,38.467,38.467,
2005-08-12,38.019,38.019,38.019,38.019,
2005-08-15,37.893,37.893,37.893,37.893,
2005-08-16,37.69,37.69,37.69,37.69,
2005-08-17,37.983,37.983,37.983,37.983,
2005-08-18,38.432,38.432,38.432,38.432,
2005-08-19,38.221,38.221,38.221,38.221,
2005-08-22,38.179,38.179,38.179,38.179,
2005-08-23,37.734,37.734,37.734,37.734,
2005-08-24,37.428,37.428,37.428,37.428,
2005-08-25,37.596,37.596,37.596,37.596,
2005-08-26,37.241,37.241,37.241,37.241,
2005-08-29,37.884,37.884,37.884,37.884,
2005-08-30,37.878,37.878,37.878,37.878,
2005-08-31,38.113,38.113,38.113,38.113,
2005-09-01,37.957,37.957,37.957,37.957,
2005-09-02,37.818,37.818,37.818,37.818,
2005-09-06,38.353,38.353,38.353,38.353,
2005-09-07,38.961,38.961,38.961,38.961,
2005-09-08,38.54,38.54,38.54,38.54,
2005-09-09,38.919,38.919,38.919,38.919,
2005-09-12,38.889,38.889,38.889,38.889,
2005-09-13,38.51,38.51,38.51,38.51,
2005-09-14,38.66,38.66,38.66,38.66,
2005-09-15,38.702,38.702,38.702,38.702,
2005-09-16,39.189,39.189,39.189,39.189,
2005-09-19,38.87,38.87,38.87,38.87,
2005-09-20,38.72,38.72,38.72,38.72,
2005-09-21,38.901,38.901,38.901,38.901,
2005-09-22,38.889,38.889,38.889,38.889,
2005-09-23,38.474,38.474,38.474,38.474,
2005-09-26,38.402,38.402,38.402,38.402,
2005-09-27,38.149,38.149,38.149,38.149,
2005-09-28,38.005,38.005,38.005,38.005,
2005-09-29,38.329,38.329,38.329,38.329,
2005-09-30,38.047,38.047,38.047,38.047,
2005-10-03,37.626,37.626,37.626,37.626,
2005-10-04,37.909,37.909,37.909,37.909,
2005-10-05,37.428,37.428,37.428,37.428,
2005-10-06,37.019,37.019,37.019,37.019,
2005-10-07,36.88,36.88,36.88,36.88,
2005-10-10,36.959,36.959,36.959,36.959,
2005-10-11,36.85,36.85,36.85,36.85,
2005-10-12,37.157,37.157,37.157,37.157,
2005-10-13,38.492,38.492,38.492,38.492,
2005-10-14,38.299,38.299,38.299,38.299,
2005-10-17,37.878,37.878,37.878,37.878,
2005-10-18,37.86,37.86,37.86,37.86,
2005-10-19,38.672,38.672,38.672,38.672,
2005-10-20,38.582,38.582,38.582,38.582,
2005-10-21,38.522,38.522,38.522,38.522,
2005-10-24,38.54,38.54,38.54,38.54,
2005-10-25,38.227,38.227,38.227,38.227,
2005-10-26,37.764,37.764,37.764,37.764,
2005-10-27,36.941,36.941,36.941,36.941,
2005-10-28,37.848,37.848,37.848,37.848,
2005-10-31,37.65,37.65,37.65,37.65,
2005-11-01,37.217,37.217,37.217,37.217,
2005-11-02,36.856,36.856,36.856,36.856,
2005-11-03,36.796,36.796,36.796,36.796,
2005-11-04,36.604,36.604,36.604,36.604,
2005-11-07,36.935,36.935,36.935,36.935,
2005-11-08,36.538,36.538,36.538,36.538,
2005-11-09,36.688,36.688,36.688,36.688,
2005-11-10,36.922,36.922,36.922,36.922,
2005-11-11,36.628,36.628,36.628,36.628,
2005-11-14,36.381,36.381,36.381,36.381,
2005-11-15,37.776,37.776,37.776,37.776,
2005-11-16,38.029,38.029,38.029,38.029,
2005-11-17,38.083,38.083,38.083,38.083,
2005-11-18,37.805,37.805,37.805,37.805,
2005-11-21,37.466,37.466,37.466,37.466,
2005-11-22,37.237,37.237,37.237,37.237,
2005-11-23,37.273,37.273,37.273,37.273,
2005-11-25,37.563,37.563,37.563,37.563,
2005-11-28,37.714,37.714,37.714,37.714,
2005-11-29,37.472,37.472,37.472,37.472,
2005-11-30,37.321,37.321,37.321,37.321,
2005-12-01,37.285,37.285,37.285,37.285,
2005-12-02,36.995,36.995,36.995,36.995,
2005-12-05,36.898,36.898,36.898,36.898,
2005-12-06,36.548,36.548,36.548,36.548,
2005-12-07,36.288,36.288,36.288,36.288,
2005-12-08,36.312,36.312,36.312,36.312,
2005-12-09,36.324,36.324,36.324,36.324,
2005-12-12,36.354,36.354,36.354,36.354,
2005-12-13,36.415,36.415,36.415,36.415,
2005-12-14,36.33,36.33,36.33,36.33,
2005-12-15,36.36,36.36,36.36,36.36,
2005-12-16,36.783,36.783,36.783,36.783,
2005-12-19,36.983,36.983,36.983,36.983,
2005-12-20,36.735,36.735,36.735,36.735,
2005-12-21,36.795,36.795,36.795,36.795,
2005-12-22,37.061,37.061,37.061,37.061,
2005-12-23,36.935,36.935,36.935,36.935,
2005-12-27,36.445,36.445,36.445,36.445,
2005-12-28,36.517,36.517,36.517,36.517,
2005-12-29,36.415,36.415,36.415,36.415,
2005-12-30,36.324,36.324,36.324,36.324,
2006-01-03,37.249,37.249,37.249,37.249,
2006-01-04,37.823,37.823,37.823,37.823,
2006-01-05,37.666,37.666,37.666,37.666,
2006-01-06,37.835,37.835,37.835,37.835,
2006-01-09,38.071,38.071,38.071,38.071,
2006-01-10,38.137,38.137,38.137,38.137,
2006-01-11,37.775,37.775,37.775,37.775,
2006-01-12,37.599,37.599,37.599,37.599,
2006-01-13,37.364,37.364,37.364,37.364,
2006-01-17,37.037,37.037,37.037,37.037,
2006-01-18,37.587,37.587,37.587,37.587,
2006-01-19,37.575,37.575,37.575,37.575,
2006-01-20,36.747,36.747,36.747,36.747,
2006-01-23,36.983,36.983,36.983,36.983,
2006-01-24,35.877,35.877,35.877,35.877,
2006-01-25,35.357,35.357,35.357,35.357,
2006-01-26,35.442,35.442,35.442,35.442,
2006-01-27,35.484,35.484,35.484,35.484,
2006-01-30,35.297,35.297,35.297,35.297,
2006-01-31,34.777,34.777,34.777,34.777,
2006-02-01,34.97,34.97,34.97,34.97,
2006-02-02,34.843,34.843,34.843,34.843,
2006-02-03,34.68,34.68,34.68,34.68,
2006-02-06,34.36,34.36,34.36,34.36,
2006-02-07,34.33,34.33,34.33,34.33,
2006-02-08,35.417,35.417,35.417,35.417,
2006-02-09,35.387,35.387,35.387,35.387,
2006-02-10,35.291,35.291,35.291,35.291,
2006-02-13,35.357,35.357,35.357,35.357,
2006-02-14,35.689,35.689,35.689,35.689,
2006-02-15,35.72,35.72,35.72,35.72,
2006-02-16,35.647,35.647,35.647,35.647,
2006-02-17,35.702,35.702,35.702,35.702,
2006-02-21,35.744,35.744,35.744,35.744,
2006-02-22,35.677,35.677,35.677,35.677,
2006-02-23,35.411,35.411,35.411,35.411,
2006-02-24,35.108,35.108,35.108,35.108,
2006-02-27,35.199,35.199,35.199,35.199,
2006-02-28,35.041,35.041,35.041,35.041,
2006-03-01,35.047,35.047,35.047,35.047,
2006-03-02,35.065,35.065,35.065,35.065,
2006-03-03,34.931,34.931,34.931,34.931,
2006-03-06,35.162,35.162,35.162,35.162,
2006-03-07,35.387,35.387,35.387,35.387,
2006-03-08,35.703,35.703,35.703,35.703,
2006-03-09,35.442,35.442,35.442,35.442,
2006-03-10,35.886,35.886,35.886,35.886,
2006-03-13,35.91,35.91,35.91,35.91,
2006-03-14,36.038,36.038,36.038,36.038,
2006-03-15,36.347,36.347,36.347,36.347,
2006-03-16,36.481,36.481,36.481,36.481,
2006-03-17,36.676,36.676,36.676,36.676,
2006-03-20,36.761,36.761,36.761,36.761,
2006-03-21,36.816,36.816,36.816,36.816,
2006-03-22,37.077,37.077,37.077,37.077,
2006-03-23,36.961,36.961,36.961,36.961,
2006-03-24,36.706,36.706,36.706,36.706,
2006-03-27,36.433,36.433,36.433,36.433,
2006-03-28,36.226,36.226,36.226,36.226,
2006-03-29,36.171,36.171,36.171,36.171,
2006-03-30,36.074,36.074,36.074,36.074,
2006-03-31,35.995,35.995,35.995,35.995,
2006-04-03,35.965,35.965,35.965,35.965,
2006-04-04,35.752,35.752,35.752,35.752,
2006-04-05,35.497,35.497,35.497,35.497,
2006-04-06,35.557,35.557,35.557,35.557,
2006-04-07,35.15,35.15,35.15,35.15,
2006-04-10,35.077,35.077,35.077,35.077,
2006-04-11,35.101,35.101,35.101,35.101,
2006-04-12,35.174,35.174,35.174,35.174,
2006-04-13,35.199,35.199,35.199,35.199,
2006-04-17,35.041,35.041,35.041,35.041,
2006-04-18,35.332,35.332,35.332,35.332,
2006-04-19,35.266,35.266,35.266,35.266,
2006-04-20,35.387,35.387,35.387,35.387,
2006-04-21,35.478,35.478,35.478,35.478,
2006-04-24,35.454,35.454,35.454,35.454,
2006-04-25,35.381,35.381,35.381,35.381,
2006-04-26,35.582,35.582,35.582,35.582,
2006-04-27,35.648,35.648,35.648,35.648,
2006-04-28,35.624,35.624,35.624,35.624,
2006-05-01,35.612,35.612,35.612,35.612,
2006-05-02,35.661,35.661,35.661,35.661,
2006-05-03,35.466,35.466,35.466,35.466,
2006-05-04,35.411,35.411,35.411,35.411,
2006-05-05,35.679,35.679,35.679,35.679,
2006-05-08,35.685,35.685,35.685,35.685,
2006-05-09,35.472,35.472,35.472,35.472,
2006-05-10,35.448,35.448,35.448,35.448,
2006-05-11,35.764,35.764,35.764,35.764,
2006-05-12,35.758,35.758,35.758,35.758,
2006-05-15,36.451,36.451,36.451,36.451,
2006-05-16,36.621,36.621,36.621,36.621,
2006-05-17,36.548,36.548,36.548,36.548,
2006-05-18,36.554,36.554,36.554,36.554,
2006-05-19,36.408,36.408,36.408,36.408,
2006-05-22,36.384,36.384,36.384,36.384,
2006-05-23,36.469,36.469,36.469,36.469,
2006-05-24,36.949,36.949,36.949,36.949,
2006-05-25,36.971,36.971,36.971,36.971,
2006-05-26,37.117,37.117,37.117,37.117,
2006-05-30,36.604,36.604,36.604,36.604,
2006-05-31,36.83,36.83,36.83,36.83,
2006-06-01,37.093,37.093,37.093,37.093,
2006-06-02,37.148,37.148,37.148,37.148,
2006-06-05,36.775,36.775,36.775,36.775,
2006-06-06,37.27,37.27,37.27,37.27,
2006-06-07,37.411,37.411,37.411,37.411,
2006-06-08,37.65,37.65,37.65,37.65,
2006-06-09,37.539,37.539,37.539,37.539,
2006-06-12,37.539,37.539,37.539,37.539,
2006-06-13,37.338,37.338,37.338,37.338,
2006-06-14,37.46,37.46,37.46,37.46,
2006-06-15,37.594,37.594,37.594,37.594,
2006-06-16,37.723,37.723,37.723,37.723,
2006-06-19,37.521,37.521,37.521,37.521,
2006-06-20,37.631,37.631,37.631,37.631,
2006-06-21,37.79,37.79,37.79,37.79,
2006-06-22,37.417,37.417,37.417,37.417,
2006-06-23,37.503,37.503,37.503,37.503,
2006-06-26,36.824,36.824,36.824,36.824,
2006-06-27,36.42,36.42,36.42,36.42,
2006-06-28,36.224,36.224,36.224,36.224,
2006-06-29,36.628,36.628,36.628,36.628,
2006-06-30,36.646,36.646,36.646,36.646,
2006-07-03,36.787,36.787,36.787,36.787,
2006-07-05,36.72,36.72,36.72,36.72,
2006-07-06,37.013,37.013,37.013,37.013,
2006-07-07,37.075,37.075,37.075,37.075,
2006-07-10,37.276,37.276,37.276,37.276,
2006-07-11,37.166,37.166,37.166,37.166,
2006-07-12,37.075,37.075,37.075,37.075,
2006-07-13,36.861,36.861,36.861,36.861,
2006-07-14,36.977,36.977,36.977,36.977,
2006-07-17,37.252,37.252,37.252,37.252,
2006-07-18,37.062,37.062,37.062,37.062,
2006-07-19,37.497,37.497,37.497,37.497,
2006-07-20,37.533,37.533,37.533,37.533,
2006-07-21,37.753,37.753,37.753,37.753,
2006-07-24,37.906,37.906,37.906,37.906,
2006-07-25,37.919,37.919,37.919,37.919,
2006-07-26,37.949,37.949,37.949,37.949,
2006-07-27,38.261,38.261,38.261,38.261,
2006-07-28,38.481,38.481,38.481,38.481,
2006-07-31,38.255,38.255,38.255,38.255,
2006-08-01,38.334,38.334,38.334,38.334,
2006-08-02,38.622,38.622,38.622,38.622,
2006-08-03,38.579,38.579,38.579,38.579,
2006-08-04,38.854,38.854,38.854,38.854,
2006-08-07,38.695,38.695,38.695,38.695,
2006-08-08,38.873,38.873,38.873,38.873,
2006-08-09,38.726,38.726,38.726,38.726,
2006-08-10,38.867,38.867,38.867,38.867,
2006-08-11,38.818,38.818,38.818,38.818,
2006-08-14,39.087,39.087,39.087,39.087,
2006-08-15,39.393,39.393,39.393,39.393,
2006-08-16,39.515,39.515,39.515,39.515,
2006-08-17,39.282,39.282,39.282,39.282,
2006-08-18,39.399,39.399,39.399,39.399,
2006-08-21,39.307,39.307,39.307,39.307,
2006-08-22,39.24,39.24,39.24,39.24,
2006-08-23,39.087,39.087,39.087,39.087,
2006-08-24,39.753,39.753,39.753,39.753,
2006-08-25,39.781,39.781,39.781,39.781,
2006-08-28,39.726,39.726,39.726,39.726,
2006-08-29,39.738,39.738,39.738,39.738,
2006-08-30,39.738,39.738,39.738,39.738,
2006-08-31,39.775,39.775,39.775,39.775,
2006-09-01,39.812,39.812,39.812,39.812,
2006-09-05,39.56,39.56,39.56,39.56,
2006-09-06,39.32,39.32,39.32,39.32,
2006-09-07,39.037,39.037,39.037,39.037,
2006-09-08,39.117,39.117,39.117,39.117,
2006-09-11,39.394,39.394,39.394,39.394,
2006-09-12,39.264,39.264,39.264,39.264,
2006-09-13,39.252,39.252,39.252,39.252,
2006-09-14,39.203,39.203,39.203,39.203,
2006-09-15,39.24,39.24,39.24,39.24,
2006-09-18,39.467,39.467,39.467,39.467,
2006-09-19,39.48,39.48,39.48,39.48,
2006-09-20,39.486,39.486,39.486,39.486,
2006-09-21,39.51,39.51,39.51,39.51,
2006-09-22,39.344,39.344,39.344,39.344,
2006-09-25,39.486,39.486,39.486,39.486,
2006-09-26,39.781,39.781,39.781,39.781,
2006-09-27,39.873,39.873,39.873,39.873,
2006-09-28,39.923,39.923,39.923,39.923,
2006-09-29,39.947,39.947,39.947,39.947,
2006-10-02,40.039,40.039,40.039,40.039,
2006-10-03,40.292,40.292,40.292,40.292,
2006-10-04,40.495,40.495,40.495,40.495,
2006-10-05,40.052,40.052,40.052,40.052,
2006-10-06,40.021,40.021,40.021,40.021,
2006-10-09,39.904,39.904,39.904,39.904,
2006-10-10,39.959,39.959,39.959,39.959,
2006-10-11,40.046,40.046,40.046,40.046,
2006-10-12,39.886,39.886,39.886,39.886,
2006-10-13,39.726,39.726,39.726,39.726,
2006-10-16,39.941,39.941,39.941,39.941,
2006-10-17,40.648,40.648,40.648,40.648,
2006-10-18,41.922,41.922,41.922,41.922,
2006-10-19,41.854,41.854,41.854,41.854,
2006-10-20,42.211,42.211,42.211,42.211,
2006-10-23,42.506,42.506,42.506,42.506,
2006-10-24,42.291,42.291,42.291,42.291,
2006-10-25,42.34,42.34,42.34,42.34,
2006-10-26,42.334,42.334,42.334,42.334,
2006-10-27,41.934,41.934,41.934,41.934,
2006-10-30,41.645,41.645,41.645,41.645,
2006-10-31,41.46,41.46,41.46,41.46,
2006-11-01,41.325,41.325,41.325,41.325,
2006-11-02,41.768,41.768,41.768,41.768,
2006-11-03,41.713,41.713,41.713,41.713,
2006-11-06,42.088,42.088,42.088,42.088,
2006-11-07,42.266,42.266,42.266,42.266,
2006-11-08,41.823,41.823,41.823,41.823,
2006-11-09,40.691,40.691,40.691,40.691,
2006-11-10,40.778,40.778,40.778,40.778,
2006-11-13,40.562,40.562,40.562,40.562,
2006-11-14,40.944,40.944,40.944,40.944,
2006-11-15,40.931,40.931,40.931,40.931,
2006-11-16,40.925,40.925,40.925,40.925,
2006-11-17,41.362,41.362,41.362,41.362,
2006-11-20,41.22,41.22,41.22,41.22,
2006-11-21,40.968,40.968,40.968,40.968,
2006-11-22,41.073,41.073,41.073,41.073,
2006-11-24,40.736,40.736,40.736,40.736,
2006-11-27,40.612,40.612,40.612,40.612,
2006-11-28,40.81,40.81,40.81,40.81,
2006-11-29,40.952,40.952,40.952,40.952,
2006-11-30,40.773,40.773,40.773,40.773,
2006-12-01,40.81,40.81,40.81,40.81,
2006-12-04,41.002,41.002,41.002,41.002,
2006-12-05,40.934,40.934,40.934,40.934,
2006-12-06,40.847,40.847,40.847,40.847,
2006-12-07,40.866,40.866,40.866,40.866,
2006-12-08,40.798,40.798,40.798,40.798,
2006-12-11,40.643,40.643,40.643,40.643,
2006-12-12,40.569,40.569,40.569,40.569,
2006-12-13,40.501,40.501,40.501,40.501,
2006-12-14,40.983,40.983,40.983,40.983,
2006-12-15,41.008,41.008,41.008,41.008,
2006-12-18,41.2,41.2,41.2,41.2,
2006-12-19,41.373,41.373,41.373,41.373,
2006-12-20,41.095,41.095,41.095,41.095,
2006-12-21,40.828,40.828,40.828,40.828,
2006-12-22,40.612,40.612,40.612,40.612,
2006-12-26,40.606,40.606,40.606,40.606,
2006-12-27,40.835,40.835,40.835,40.835,
2006-12-28,41.088,41.088,41.088,41.088,
2006-12-29,40.841,40.841,40.841,40.841,
2007-01-03,41.076,41.076,41.076,41.076,
2007-01-04,41.589,41.589,41.589,41.589,
2007-01-05,41.212,41.212,41.212,41.212,
2007-01-08,41.144,41.144,41.144,41.144,
2007-01-09,40.989,40.989,40.989,40.989,
2007-01-10,40.921,40.921,40.921,40.921,
2007-01-11,41.28,41.28,41.28,41.28,
2007-01-12,41.224,41.224,41.224,41.224,
2007-01-16,41.163,41.163,41.163,41.163,
2007-01-17,41.367,41.367,41.367,41.367,
2007-01-18,41.886,41.886,41.886,41.886,
2007-01-19,41.917,41.917,41.917,41.917,
2007-01-22,41.558,41.558,41.558,41.558,
2007-01-23,41.138,41.138,41.138,41.138,
2007-01-24,41.453,41.453,41.453,41.453,
2007-01-25,41.249,41.249,41.249,41.249,
2007-01-26,40.872,40.872,40.872,40.872,
2007-01-29,40.921,40.921,40.921,40.921,
2007-01-30,41.07,41.07,41.07,41.07,
2007-01-31,41.323,41.323,41.323,41.323,
2007-02-01,41.453,41.453,41.453,41.453,
2007-02-02,41.187,41.187,41.187,41.187,
2007-02-05,41.014,41.014,41.014,41.014,
2007-02-06,40.828,40.828,40.828,40.828,
2007-02-07,40.705,40.705,40.705,40.705,
2007-02-08,40.68,40.68,40.68,40.68,
2007-02-09,40.581,40.581,40.581,40.581,
2007-02-12,40.494,40.494,40.494,40.494,
2007-02-13,40.445,40.445,40.445,40.445,
2007-02-14,40.736,40.736,40.736,40.736,
2007-02-15,40.699,40.699,40.699,40.699,
2007-02-16,40.525,40.525,40.525,40.525,
2007-02-20,40.494,40.494,40.494,40.494,
2007-02-21,40.21,40.21,40.21,40.21,
2007-02-22,40.074,40.074,40.074,40.074,
2007-02-23,39.915,39.915,39.915,39.915,
2007-02-26,40.008,40.008,40.008,40.008,
2007-02-27,39.231,39.231,39.231,39.231,
2007-02-28,39.156,39.156,39.156,39.156,
2007-03-01,38.857,38.857,38.857,38.857,
2007-03-02,38.546,38.546,38.546,38.546,
2007-03-05,38.472,38.472,38.472,38.472,
2007-03-06,38.391,38.391,38.391,38.391,
2007-03-07,38.49,38.49,38.49,38.49,
2007-03-08,38.403,38.403,38.403,38.403,
2007-03-09,38.664,38.664,38.664,38.664,
2007-03-12,38.447,38.447,38.447,38.447,
2007-03-13,37.812,37.812,37.812,37.812,
2007-03-14,37.775,37.775,37.775,37.775,
2007-03-15,37.663,37.663,37.663,37.663,
2007-03-16,37.65,37.65,37.65,37.65,
2007-03-19,37.787,37.787,37.787,37.787,
2007-03-20,37.999,37.999,37.999,37.999,
2007-03-21,38.092,38.092,38.092,38.092,
2007-03-22,37.868,37.868,37.868,37.868,
2007-03-23,37.65,37.65,37.65,37.65,
2007-03-26,37.488,37.488,37.488,37.488,
2007-03-27,37.352,37.352,37.352,37.352,
2007-03-28,37.333,37.333,37.333,37.333,
2007-03-29,37.544,37.544,37.544,37.544,
2007-03-30,37.495,37.495,37.495,37.495,
2007-04-02,37.395,37.395,37.395,37.395,
2007-04-03,37.731,37.731,37.731,37.731,
2007-04-04,38.136,38.136,38.136,38.136,
2007-04-05,38.297,38.297,38.297,38.297,
2007-04-09,38.347,38.347,38.347,38.347,
2007-04-10,38.372,38.372,38.372,38.372,
2007-04-11,38.509,38.509,38.509,38.509,
2007-04-12,38.528,38.528,38.528,38.528,
2007-04-13,38.795,38.795,38.795,38.795,
2007-04-16,39.212,39.212,39.212,39.212,
2007-04-17,40.164,40.164,40.164,40.164,
2007-04-18,40.089,40.089,40.089,40.089,
2007-04-19,40.407,40.407,40.407,40.407,
2007-04-20,40.519,40.519,40.519,40.519,
2007-04-23,40.288,40.288,40.288,40.288,
2007-04-24,40.127,40.127,40.127,40.127,
2007-04-25,40.245,40.245,40.245,40.245,
2007-04-26,39.971,39.971,39.971,39.971,
2007-04-27,39.928,39.928,39.928,39.928,
2007-04-30,39.959,39.959,39.959,39.959,
2007-05-01,40.17,40.17,40.17,40.17,
2007-05-02,40.12,40.12,40.12,40.12,
2007-05-03,40.021,40.021,40.021,40.021,
2007-05-04,40.12,40.12,40.12,40.12,
2007-05-07,39.984,39.984,39.984,39.984,
2007-05-08,39.635,39.635,39.635,39.635,
2007-05-09,39.89,39.89,39.89,39.89,
2007-05-10,38.888,38.888,38.888,38.888,
2007-05-11,38.745,38.745,38.745,38.745,
2007-05-14,38.957,38.957,38.957,38.957,
2007-05-15,38.465,38.465,38.465,38.465,
2007-05-16,39.231,39.231,39.231,39.231,
2007-05-17,39.038,39.038,39.038,39.038,
2007-05-18,39.461,39.461,39.461,39.461,
2007-05-21,39.523,39.523,39.523,39.523,
2007-05-22,39.56,39.56,39.56,39.56,
2007-05-23,39.704,39.704,39.704,39.704,
2007-05-24,39.757,39.757,39.757,39.757,
2007-05-25,39.575,39.575,39.575,39.575,
2007-05-29,39.487,39.487,39.487,39.487,
2007-05-30,39.594,39.594,39.594,39.594,
2007-05-31,39.625,39.625,39.625,39.625,
2007-06-01,39.713,39.713,39.713,39.713,
2007-06-04,39.832,39.832,39.832,39.832,
2007-06-05,39.65,39.65,39.65,39.65,
2007-06-06,39.394,39.394,39.394,39.394,
2007-06-07,38.83,38.83,38.83,38.83,
2007-06-08,38.911,38.911,38.911,38.911,
2007-06-11,38.999,38.999,38.999,38.999,
2007-06-12,38.723,38.723,38.723,38.723,
2007-06-13,38.943,38.943,38.943,38.943,
2007-06-14,39.112,39.112,39.112,39.112,
2007-06-15,39.312,39.312,39.312,39.312,
2007-06-18,39.037,39.037,39.037,39.037,
2007-06-19,39.093,39.093,39.093,39.093,
2007-06-20,38.855,38.855,38.855,38.855,
2007-06-21,38.899,38.899,38.899,38.899,
2007-06-22,38.034,38.034,38.034,38.034,
2007-06-25,38.272,38.272,38.272,38.272,
2007-06-26,38.611,38.611,38.611,38.611,
2007-06-27,38.485,38.485,38.485,38.485,
2007-06-28,38.517,38.517,38.517,38.517,
2007-06-29,38.592,38.592,38.592,38.592,
2007-07-02,38.736,38.736,38.736,38.736,
2007-07-03,38.799,38.799,38.799,38.799,
2007-07-05,39.005,39.005,39.005,39.005,
2007-07-06,38.911,38.911,38.911,38.911,
2007-07-09,39.281,39.281,39.281,39.281,
2007-07-10,38.955,38.955,38.955,38.955,
2007-07-11,39.368,39.368,39.368,39.368,
2007-07-12,39.682,39.682,39.682,39.682,
2007-07-13,39.725,39.725,39.725,39.725,
2007-07-16,39.957,39.957,39.957,39.957,
2007-07-17,39.293,39.293,39.293,39.293,
2007-07-18,38.955,38.955,38.955,38.955,
2007-07-19,39.074,39.074,39.074,39.074,
2007-07-20,38.698,38.698,38.698,38.698,
2007-07-23,38.83,38.83,38.83,38.83,
2007-07-24,38.498,38.498,38.498,38.498,
2007-07-25,38.536,38.536,38.536,38.536,
2007-07-26,38.179,38.179,38.179,38.179,
2007-07-27,37.433,37.433,37.433,37.433,
2007-07-30,37.621,37.621,37.621,37.621,
2007-07-31,37.89,37.89,37.89,37.89,
2007-08-01,38.179,38.179,38.179,38.179,
2007-08-02,38.222,38.222,38.222,38.222,
2007-08-03,37.922,37.922,37.922,37.922,
2007-08-06,39.018,39.018,39.018,39.018,
2007-08-07,38.88,38.88,38.88,38.88,
2007-08-08,39.137,39.137,39.137,39.137,
2007-08-09,38.097,38.097,38.097,38.097,
2007-08-10,38.298,38.298,38.298,38.298,
2007-08-13,38.485,38.485,38.485,38.485,
2007-08-14,38.285,38.285,38.285,38.285,
2007-08-15,38.391,38.391,38.391,38.391,
2007-08-16,38.598,38.598,38.598,38.598,
2007-08-17,38.842,38.842,38.842,38.842,
2007-08-20,38.723,38.723,38.723,38.723,
2007-08-21,38.623,38.623,38.623,38.623,
2007-08-22,38.836,38.836,38.836,38.836,
2007-08-23,38.899,38.899,38.899,38.899,
2007-08-24,39.015,39.015,39.015,39.015,
2007-08-27,38.839,38.839,38.839,38.839,
2007-08-28,38.618,38.618,38.618,38.618,
2007-08-29,39.003,39.003,39.003,39.003,
2007-08-30,38.839,38.839,38.839,38.839,
2007-08-31,38.959,38.959,38.959,38.959,
2007-09-04,39.078,39.078,39.078,39.078,
2007-09-05,38.87,38.87,38.87,38.87,
2007-09-06,38.877,38.877,38.877,38.877,
2007-09-07,38.889,38.889,38.889,38.889,
2007-09-10,38.99,38.99,38.99,38.99,
2007-09-11,39.123,39.123,39.123,39.123,
2007-09-12,39.413,39.413,39.413,39.413,
2007-09-13,39.791,39.791,39.791,39.791,
2007-09-14,39.848,39.848,39.848,39.848,
2007-09-17,39.684,39.684,39.684,39.684,
2007-09-18,40.245,40.245,40.245,40.245,
2007-09-19,40.661,40.661,40.661,40.661,
2007-09-20,40.85,40.85,40.85,40.85,
2007-09-21,41.058,41.058,41.058,41.058,
2007-09-24,41.109,41.109,41.109,41.109,
2007-09-25,40.964,40.964,40.964,40.964,
2007-09-26,41.228,41.228,41.228,41.228,
2007-09-27,41.323,41.323,41.323,41.323,
2007-09-28,41.424,41.424,41.424,41.424,
2007-10-01,41.701,41.701,41.701,41.701,
2007-10-02,41.645,41.645,41.645,41.645,
2007-10-03,41.676,41.676,41.676,41.676,
2007-10-04,41.682,41.682,41.682,41.682,
2007-10-05,41.771,41.771,41.771,41.771,
2007-10-08,41.626,41.626,41.626,41.626,
2007-10-09,41.771,41.771,41.771,41.771,
2007-10-10,41.506,41.506,41.506,41.506,
2007-10-11,41.582,41.582,41.582,41.582,
2007-10-12,41.575,41.575,41.575,41.575,
2007-10-15,41.392,41.392,41.392,41.392,
2007-10-16,41.027,41.027,41.027,41.027,
2007-10-17,40.888,40.888,40.888,40.888,
2007-10-18,40.92,40.92,40.92,40.92,
2007-10-19,40.497,40.497,40.497,40.497,
2007-10-22,40.566,40.566,40.566,40.566,
2007-10-23,40.699,40.699,40.699,40.699,
2007-10-24,40.63,40.63,40.63,40.63,
2007-10-25,40.321,40.321,40.321,40.321,
2007-10-26,40.541,40.541,40.541,40.541,
2007-10-29,40.97,40.97,40.97,40.97,
2007-10-30,40.869,40.869,40.869,40.869,
2007-10-31,41.09,41.09,41.09,41.09,
2007-11-01,40.768,40.768,40.768,40.768,
2007-11-02,40.844,40.844,40.844,40.844,
2007-11-05,40.661,40.661,40.661,40.661,
2007-11-06,40.737,40.737,40.737,40.737,
2007-11-07,40.295,40.295,40.295,40.295,
2007-11-08,40.724,40.724,40.724,40.724,
2007-11-09,41.083,41.083,41.083,41.083,
2007-11-12,41.809,41.809,41.809,41.809,
2007-11-13,42.439,42.439,42.439,42.439,
2007-11-14,42.174,42.174,42.174,42.174,
2007-11-15,42.168,42.168,42.168,42.168,
2007-11-16,42.716,42.716,42.716,42.716,
2007-11-19,42.616,42.616,42.616,42.616,
2007-11-20,42.647,42.647,42.647,42.647,
2007-11-21,42.332,42.332,42.332,42.332,
2007-11-23,42.43,42.43,42.43,42.43,
2007-11-26,42.741,42.741,42.741,42.741,
2007-11-27,42.969,42.969,42.969,42.969,
2007-11-28,43.363,43.363,43.363,43.363,
2007-11-29,43.395,43.395,43.395,43.395,
2007-11-30,42.976,42.976,42.976,42.976,
2007-12-03,42.957,42.957,42.957,42.957,
2007-12-04,43.103,43.103,43.103,43.103,
2007-12-05,43.274,43.274,43.274,43.274,
2007-12-06,43.331,43.331,43.331,43.331,
2007-12-07,42.938,42.938,42.938,42.938,
2007-12-10,43.008,43.008,43.008,43.008,
2007-12-11,42.855,42.855,42.855,42.855,
2007-12-12,42.95,42.95,42.95,42.95,
2007-12-13,43.058,43.058,43.058,43.058,
2007-12-14,42.881,42.881,42.881,42.881,
2007-12-17,42.855,42.855,42.855,42.855,
2007-12-18,42.957,42.957,42.957,42.957,
2007-12-19,42.709,42.709,42.709,42.709,
2007-12-20,42.716,42.716,42.716,42.716,
2007-12-21,43.16,43.16,43.16,43.16,
2007-12-24,43.058,43.058,43.058,43.058,
2007-12-26,42.862,42.862,42.862,42.862,
2007-12-27,42.716,42.716,42.716,42.716,
2007-12-28,42.747,42.747,42.747,42.747,
2007-12-31,42.316,42.316,42.316,42.316,
2008-01-02,41.815,41.815,41.815,41.815,
2008-01-03,41.828,41.828,41.828,41.828,
2008-01-04,41.77,41.77,41.77,41.77,
2008-01-07,42.418,42.418,42.418,42.418,
2008-01-08,42.468,42.468,42.468,42.468,
2008-01-09,43.014,43.014,43.014,43.014,
2008-01-10,43.084,43.084,43.084,43.084,
2008-01-11,43.065,43.065,43.065,43.065,
2008-01-14,43.109,43.109,43.109,43.109,
2008-01-15,42.988,42.988,42.988,42.988,
2008-01-16,43.337,43.337,43.337,43.337,
2008-01-17,43.033,43.033,43.033,43.033,
2008-01-18,42.056,42.056,42.056,42.056,
2008-01-22,41.409,41.409,41.409,41.409,
2008-01-23,40.73,40.73,40.73,40.73,
2008-01-24,40.292,40.292,40.292,40.292,
2008-01-25,39.626,39.626,39.626,39.626,
2008-01-28,40.013,40.013,40.013,40.013,
2008-01-29,39.95,39.95,39.95,39.95,
2008-01-30,39.448,39.448,39.448,39.448,
2008-01-31,40.057,40.057,40.057,40.057,
2008-02-01,40.197,40.197,40.197,40.197,
2008-02-04,40.267,40.267,40.267,40.267,
2008-02-05,39.886,39.886,39.886,39.886,
2008-02-06,40.0,40.0,40.0,40.0,
2008-02-07,39.848,39.848,39.848,39.848,
2008-02-08,39.353,39.353,39.353,39.353,
2008-02-11,39.258,39.258,39.258,39.258,
2008-02-12,39.95,39.95,39.95,39.95,
2008-02-13,40.229,40.229,40.229,40.229,
2008-02-14,39.835,39.835,39.835,39.835,
2008-02-15,39.905,39.905,39.905,39.905,
2008-02-19,40.387,40.387,40.387,40.387,
2008-02-20,40.115,40.115,40.115,40.115,
2008-02-21,39.956,39.956,39.956,39.956,
2008-02-22,40.349,40.349,40.349,40.349,
2008-02-25,40.777,40.777,40.777,40.777,
2008-02-26,40.694,40.694,40.694,40.694,
2008-02-27,40.259,40.259,40.259,40.259,
2008-02-28,40.049,40.049,40.049,40.049,
2008-02-29,39.57,39.57,39.57,39.57,
2008-03-03,39.742,39.742,39.742,39.742,
2008-03-04,40.004,40.004,40.004,40.004,
2008-03-05,40.317,40.317,40.317,40.317,
2008-03-06,39.997,39.997,39.997,39.997,
2008-03-07,39.282,39.282,39.282,39.282,
2008-03-10,39.167,39.167,39.167,39.167,
2008-03-11,39.876,39.876,39.876,39.876,
2008-03-12,39.946,39.946,39.946,39.946,
2008-03-13,40.112,40.112,40.112,40.112,
2008-03-14,40.01,40.01,40.01,40.01,
2008-03-17,40.898,40.898,40.898,40.898,
2008-03-18,41.709,41.709,41.709,41.709,
2008-03-19,41.434,41.434,41.434,41.434,
2008-03-20,41.754,41.754,41.754,41.754,
2008-03-24,41.441,41.441,41.441,41.441,
2008-03-25,41.224,41.224,41.224,41.224,
2008-03-26,41.319,41.319,41.319,41.319,
2008-03-27,41.268,41.268,41.268,41.268,
2008-03-28,40.987,40.987,40.987,40.987,
2008-03-31,41.428,41.428,41.428,41.428,
2008-04-01,42.067,42.067,42.067,42.067,
2008-04-02,41.709,41.709,41.709,41.709,
2008-04-03,41.683,41.683,41.683,41.683,
2008-04-04,41.977,41.977,41.977,41.977,
2008-04-07,42.239,42.239,42.239,42.239,
2008-04-08,42.354,42.354,42.354,42.354,
2008-04-09,42.335,42.335,42.335,42.335,
2008-04-10,42.36,42.36,42.36,42.36,
2008-04-11,42.15,42.15,42.15,42.15,
2008-04-14,41.984,41.984,41.984,41.984,
2008-04-15,41.926,41.926,41.926,41.926,
2008-04-16,41.958,41.958,41.958,41.958,
2008-04-17,41.996,41.996,41.996,41.996,
2008-04-18,42.475,42.475,42.475,42.475,
2008-04-21,42.354,42.354,42.354,42.354,
2008-04-22,42.782,42.782,42.782,42.782,
2008-04-23,42.954,42.954,42.954,42.954,
2008-04-24,43.025,43.025,43.025,43.025,
2008-04-25,42.986,42.986,42.986,42.986,
2008-04-28,42.993,42.993,42.993,42.993,
2008-04-29,42.91,42.91,42.91,42.91,
2008-04-30,42.846,42.846,42.846,42.846,
2008-05-01,43.306,43.306,43.306,43.306,
2008-05-02,43.593,43.593,43.593,43.593,
2008-05-05,43.363,43.363,43.363,43.363,
2008-05-06,43.159,43.159,43.159,43.159,
2008-05-07,42.731,42.731,42.731,42.731,
2008-05-08,42.724,42.724,42.724,42.724,
2008-05-09,42.501,42.501,42.501,42.501,
2008-05-12,42.603,42.603,42.603,42.603,
2008-05-13,42.411,42.411,42.411,42.411,
2008-05-14,42.667,42.667,42.667,42.667,
2008-05-15,42.584,42.584,42.584,42.584,
2008-05-16,42.584,42.584,42.584,42.584,
2008-05-19,42.552,42.552,42.552,42.552,
2008-05-20,42.245,42.245,42.245,42.245,
2008-05-21,41.977,41.977,41.977,41.977,
2008-05-22,42.067,42.067,42.067,42.067,
2008-05-23,41.752,41.752,41.752,41.752,
2008-05-27,41.9,41.9,41.9,41.9,
2008-05-28,41.726,41.726,41.726,41.726,
2008-05-29,42.717,42.717,42.717,42.717,
2008-05-30,42.923,42.923,42.923,42.923,
2008-06-02,42.775,42.775,42.775,42.775,
2008-06-03,42.935,42.935,42.935,42.935,
2008-06-04,42.8,42.8,42.8,42.8,
2008-06-05,43.064,43.064,43.064,43.064,
2008-06-06,42.292,42.292,42.292,42.292,
2008-06-09,42.209,42.209,42.209,42.209,
2008-06-10,42.202,42.202,42.202,42.202,
2008-06-11,41.932,41.932,41.932,41.932,
2008-06-12,42.247,42.247,42.247,42.247,
2008-06-13,42.62,42.62,42.62,42.62,
2008-06-16,42.344,42.344,42.344,42.344,
2008-06-17,42.183,42.183,42.183,42.183,
2008-06-18,41.443,41.443,41.443,41.443,
2008-06-19,41.559,41.559,41.559,41.559,
2008-06-20,41.199,41.199,41.199,41.199,
2008-06-23,41.347,41.347,41.347,41.347,
2008-06-24,41.624,41.624,41.624,41.624,
2008-06-25,41.984,41.984,41.984,41.984,
2008-06-26,41.328,41.328,41.328,41.328,
2008-06-27,40.884,40.884,40.884,40.884,
2008-06-30,41.379,41.379,41.379,41.379,
2008-07-01,41.604,41.604,41.604,41.604,
2008-07-02,41.572,41.572,41.572,41.572,
2008-07-03,41.881,41.881,41.881,41.881,
2008-07-07,41.964,41.964,41.964,41.964,
2008-07-08,42.582,42.582,42.582,42.582,
2008-07-09,42.562,42.562,42.562,42.562,
2008-07-10,43.051,43.051,43.051,43.051,
2008-07-11,42.614,42.614,42.614,42.614,
2008-07-14,42.71,42.71,42.71,42.71,
2008-07-15,43.54,43.54,43.54,43.54,
2008-07-16,43.855,43.855,43.855,43.855,
2008-07-17,43.624,43.624,43.624,43.624,
2008-07-18,43.617,43.617,43.617,43.617,
2008-07-21,43.161,43.161,43.161,43.161,
2008-07-22,43.727,43.727,43.727,43.727,
2008-07-23,43.907,43.907,43.907,43.907,
2008-07-24,44.157,44.157,44.157,44.157,
2008-07-25,44.395,44.395,44.395,44.395,
2008-07-28,44.042,44.042,44.042,44.042,
2008-07-29,44.042,44.042,44.042,44.042,
2008-07-30,43.784,43.784,43.784,43.784,
2008-07-31,44.035,44.035,44.035,44.035,
2008-08-01,43.797,43.797,43.797,43.797,
2008-08-04,44.363,44.363,44.363,44.363,
2008-08-05,45.309,45.309,45.309,45.309,
2008-08-06,45.707,45.707,45.707,45.707,
2008-08-07,45.437,45.437,45.437,45.437,
2008-08-08,46.016,46.016,46.016,46.016,
2008-08-11,46.087,46.087,46.087,46.087,
2008-08-12,46.113,46.113,46.113,46.113,
2008-08-13,45.791,45.791,45.791,45.791,
2008-08-14,45.785,45.785,45.785,45.785,
2008-08-15,45.875,45.875,45.875,45.875,
2008-08-18,45.72,45.72,45.72,45.72,
2008-08-19,45.759,45.759,45.759,45.759,
2008-08-20,45.714,45.714,45.714,45.714,
2008-08-21,45.842,45.842,45.842,45.842,
2008-08-22,46.231,46.231,46.231,46.231,
2008-08-25,45.83,45.83,45.83,45.83,
2008-08-26,45.771,45.771,45.771,45.771,
2008-08-27,46.095,46.095,46.095,46.095,
2008-08-28,46.224,46.224,46.224,46.224,
2008-08-29,45.59,45.59,45.59,45.59,
2008-09-02,46.431,46.431,46.431,46.431,
2008-09-03,46.289,46.289,46.289,46.289,
2008-09-04,45.603,45.603,45.603,45.603,
2008-09-05,45.745,45.745,45.745,45.745,
2008-09-08,46.749,46.749,46.749,46.749,
2008-09-09,46.179,46.179,46.179,46.179,
2008-09-10,46.108,46.108,46.108,46.108,
2008-09-11,46.063,46.063,46.063,46.063,
2008-09-12,45.694,45.694,45.694,45.694,
2008-09-15,45.059,45.059,45.059,45.059,
2008-09-16,45.182,45.182,45.182,45.182,
2008-09-17,44.994,44.994,44.994,44.994,
2008-09-18,45.914,45.914,45.914,45.914,
2008-09-19,45.305,45.305,45.305,45.305,
2008-09-22,44.282,44.282,44.282,44.282,
2008-09-23,44.114,44.114,44.114,44.114,
2008-09-24,44.14,44.14,44.14,44.14,
2008-09-25,44.897,44.897,44.897,44.897,
2008-09-26,44.923,44.923,44.923,44.923,
2008-09-29,43.305,43.305,43.305,43.305,
2008-09-30,44.846,44.846,44.846,44.846,
2008-10-01,43.881,43.881,43.881,43.881,
2008-10-02,43.881,43.881,43.881,43.881,
2008-10-03,42.826,42.826,42.826,42.826,
2008-10-06,41.751,41.751,41.751,41.751,
2008-10-07,40.45,40.45,40.45,40.45,
2008-10-08,40.366,40.366,40.366,40.366,
2008-10-09,37.272,37.272,37.272,37.272,
2008-10-10,36.152,36.152,36.152,36.152,
2008-10-13,40.573,40.573,40.573,40.573,
2008-10-14,41.428,41.428,41.428,41.428,
2008-10-15,39.188,39.188,39.188,39.188,
2008-10-16,41.104,41.104,41.104,41.104,
2008-10-17,40.554,40.554,40.554,40.554,
2008-10-20,41.713,41.713,41.713,41.713,
2008-10-21,41.208,41.208,41.208,41.208,
2008-10-22,39.758,39.758,39.758,39.758,
2008-10-23,40.424,40.424,40.424,40.424,
2008-10-24,39.35,39.35,39.35,39.35,
2008-10-27,38.936,38.936,38.936,38.936,
2008-10-28,41.551,41.551,41.551,41.551,
2008-10-29,39.829,39.829,39.829,39.829,
2008-10-30,39.208,39.208,39.208,39.208,
2008-10-31,39.706,39.706,39.706,39.706,
2008-11-03,39.589,39.589,39.589,39.589,
2008-11-04,40.062,40.062,40.062,40.062,
2008-11-05,38.741,38.741,38.741,38.741,
2008-11-06,37.492,37.492,37.492,37.492,
2008-11-07,38.981,38.981,38.981,38.981,
2008-11-10,38.845,38.845,38.845,38.845,
2008-11-11,38.547,38.547,38.547,38.547,
2008-11-12,37.492,37.492,37.492,37.492,
2008-11-13,40.716,40.716,40.716,40.716,
2008-11-14,38.871,38.871,38.871,38.871,
2008-11-17,38.366,38.366,38.366,38.366,
2008-11-18,39.415,39.415,39.415,39.415,
2008-11-19,37.622,37.622,37.622,37.622,
2008-11-20,36.126,36.126,36.126,36.126,
2008-11-21,38.084,38.084,38.084,38.084,
2008-11-24,38.58,38.58,38.58,38.58,
2008-11-25,38.313,38.313,38.313,38.313,
2008-11-26,38.032,38.032,38.032,38.032,
2008-11-28,38.235,38.235,38.235,38.235,
2008-12-01,36.113,36.113,36.113,36.113,
2008-12-02,37.092,37.092,37.092,37.092,
2008-12-03,37.412,37.412,37.412,37.412,
2008-12-04,36.668,36.668,36.668,36.668,
2008-12-05,38.006,38.006,38.006,38.006,
2008-12-08,38.359,38.359,38.359,38.359,
2008-12-09,37.732,37.732,37.732,37.732,
2008-12-10,37.725,37.725,37.725,37.725,
2008-12-11,38.019,38.019,38.019,38.019,
2008-12-12,37.366,37.366,37.366,37.366,
2008-12-15,37.732,37.732,37.732,37.732,
2008-12-16,38.9,38.9,38.9,38.9,
2008-12-17,38.365,38.365,38.365,38.365,
2008-12-18,38.502,38.502,38.502,38.502,
2008-12-19,38.404,38.404,38.404,38.404,
2008-12-22,38.463,38.463,38.463,38.463,
2008-12-23,38.3,38.3,38.3,38.3,
2008-12-24,38.221,38.221,38.221,38.221,
2008-12-26,38.221,38.221,38.221,38.221,
2008-12-29,37.954,37.954,37.954,37.954,
2008-12-30,38.62,38.62,38.62,38.62,
2008-12-31,39.05,39.05,39.05,39.05,
2009-01-02,39.586,39.586,39.586,39.586,
2009-01-05,39.194,39.194,39.194,39.194,
2009-01-06,38.959,38.959,38.959,38.959,
2009-01-07,38.593,38.593,38.593,38.593,
2009-01-08,38.522,38.522,38.522,38.522,
2009-01-09,38.541,38.541,38.541,38.541,
2009-01-12,38.078,38.078,38.078,38.078,
2009-01-13,38.404,38.404,38.404,38.404,
2009-01-14,37.823,37.823,37.823,37.823,
2009-01-15,37.608,37.608,37.608,37.608,
2009-01-16,37.49,37.49,37.49,37.49,
2009-01-20,37.04,37.04,37.04,37.04,
2009-01-21,36.786,36.786,36.786,36.786,
2009-01-22,37.118,37.118,37.118,37.118,
2009-01-23,36.531,36.531,36.531,36.531,
2009-01-26,36.91,36.91,36.91,36.91,
2009-01-27,37.556,37.556,37.556,37.556,
2009-01-28,38.221,38.221,38.221,38.221,
2009-01-29,38.039,38.039,38.039,38.039,
2009-01-30,37.654,37.654,37.654,37.654,
2009-02-02,37.654,37.654,37.654,37.654,
2009-02-03,38.235,38.235,38.235,38.235,
2009-02-04,37.83,37.83,37.83,37.83,
2009-02-05,37.928,37.928,37.928,37.928,
2009-02-06,38.189,38.189,38.189,38.189,
2009-02-09,38.182,38.182,38.182,38.182,
2009-02-10,37.027,37.027,37.027,37.027,
2009-02-11,37.419,37.419,37.419,37.419,
2009-02-12,37.712,37.712,37.712,37.712,
2009-02-13,37.269,37.269,37.269,37.269,
2009-02-17,36.538,36.538,36.538,36.538,
2009-02-18,36.44,36.44,36.44,36.44,
2009-02-19,36.505,36.505,36.505,36.505,
2009-02-20,35.965,35.965,35.965,35.965,
2009-02-23,35.307,35.307,35.307,35.307,
2009-02-24,35.893,35.893,35.893,35.893,
2009-02-25,35.511,35.511,35.511,35.511,
2009-02-26,34.511,34.511,34.511,34.511,
2009-02-27,32.905,32.905,32.905,32.905,
2009-03-02,31.536,31.536,31.536,31.536,
2009-03-03,31.352,31.352,31.352,31.352,
2009-03-04,32.313,32.313,32.313,32.313,
2009-03-05,31.372,31.372,31.372,31.372,
2009-03-06,31.569,31.569,31.569,31.569,
2009-03-09,30.668,30.668,30.668,30.668,
2009-03-10,31.444,31.444,31.444,31.444,
2009-03-11,31.523,31.523,31.523,31.523,
2009-03-12,32.247,32.247,32.247,32.247,
2009-03-13,33.326,33.326,33.326,33.326,
2009-03-16,33.385,33.385,33.385,33.385,
2009-03-17,33.379,33.379,33.379,33.379,
2009-03-18,33.339,33.339,33.339,33.339,
2009-03-19,32.945,32.945,32.945,32.945,
2009-03-20,34.004,34.004,34.004,34.004,
2009-03-23,35.031,35.031,35.031,35.031,
2009-03-24,34.682,34.682,34.682,34.682,
2009-03-25,34.787,34.787,34.787,34.787,
2009-03-26,34.814,34.814,34.814,34.814,
2009-03-27,34.768,34.768,34.768,34.768,
2009-03-30,34.886,34.886,34.886,34.886,
2009-03-31,34.616,34.616,34.616,34.616,
2009-04-01,34.906,34.906,34.906,34.906,
2009-04-02,34.86,34.86,34.86,34.86,
2009-04-03,34.32,34.32,34.32,34.32,
2009-04-06,34.353,34.353,34.353,34.353,
2009-04-07,33.8,33.8,33.8,33.8,
2009-04-08,33.859,33.859,33.859,33.859,
2009-04-09,33.833,33.833,33.833,33.833,
2009-04-13,33.662,33.662,33.662,33.662,
2009-04-14,33.807,33.807,33.807,33.807,
2009-04-15,34.07,34.07,34.07,34.07,
2009-04-16,34.353,34.353,34.353,34.353,
2009-04-17,34.912,34.912,34.912,34.912,
2009-04-20,34.531,34.531,34.531,34.531,
2009-04-21,34.524,34.524,34.524,34.524,
2009-04-22,33.682,33.682,33.682,33.682,
2009-04-23,33.826,33.826,33.826,33.826,
2009-04-24,33.511,33.511,33.511,33.511,
2009-04-27,33.471,33.471,33.471,33.471,
2009-04-28,33.333,33.333,33.333,33.333,
2009-04-29,33.583,33.583,33.583,33.583,
2009-04-30,34.458,34.458,34.458,34.458,
2009-05-01,34.61,34.61,34.61,34.61,
2009-05-04,35.38,35.38,35.38,35.38,
2009-05-05,35.774,35.774,35.774,35.774,
2009-05-06,35.676,35.676,35.676,35.676,
2009-05-07,36.123,36.123,36.123,36.123,
2009-05-08,36.182,36.182,36.182,36.182,
2009-05-11,35.61,35.61,35.61,35.61,
2009-05-12,36.196,36.196,36.196,36.196,
2009-05-13,36.294,36.294,36.294,36.294,
2009-05-14,36.209,36.209,36.209,36.209,
2009-05-15,36.465,36.465,36.465,36.465,
2009-05-18,36.887,36.887,36.887,36.887,
2009-05-19,36.781,36.781,36.781,36.781,
2009-05-20,36.768,36.768,36.768,36.768,
2009-05-21,36.509,36.509,36.509,36.509,
2009-05-22,36.363,36.363,36.363,36.363,
2009-05-26,36.688,36.688,36.688,36.688,
2009-05-27,35.998,35.998,35.998,35.998,
2009-05-28,36.204,36.204,36.204,36.204,
2009-05-29,36.622,36.622,36.622,36.622,
2009-06-01,37.034,37.034,37.034,37.034,
2009-06-02,37.319,37.319,37.319,37.319,
2009-06-03,37.286,37.286,37.286,37.286,
2009-06-04,37.074,37.074,37.074,37.074,
2009-06-05,37.133,37.133,37.133,37.133,
2009-06-08,36.934,36.934,36.934,36.934,
2009-06-09,36.981,36.981,36.981,36.981,
2009-06-10,36.954,36.954,36.954,36.954,
2009-06-11,37.213,37.213,37.213,37.213,
2009-06-12,37.22,37.22,37.22,37.22,
2009-06-15,36.35,36.35,36.35,36.35,
2009-06-16,36.264,36.264,36.264,36.264,
2009-06-17,36.649,36.649,36.649,36.649,
2009-06-18,37.04,37.04,37.04,37.04,
2009-06-19,37.24,37.24,37.24,37.24,
2009-06-22,36.841,36.841,36.841,36.841,
2009-06-23,36.522,36.522,36.522,36.522,
2009-06-24,36.821,36.821,36.821,36.821,
2009-06-25,37.359,37.359,37.359,37.359,
2009-06-26,37.578,37.578,37.578,37.578,
2009-06-29,37.817,37.817,37.817,37.817,
2009-06-30,37.711,37.711,37.711,37.711,
2009-07-01,37.89,37.89,37.89,37.89,
2009-07-02,37.166,37.166,37.166,37.166,
2009-07-06,37.591,37.591,37.591,37.591,
2009-07-07,37.332,37.332,37.332,37.332,
2009-07-08,37.897,37.897,37.897,37.897,
2009-07-09,37.638,37.638,37.638,37.638,
2009-07-10,37.797,37.797,37.797,37.797,
2009-07-13,38.322,38.322,38.322,38.322,
2009-07-14,38.66,38.66,38.66,38.66,
2009-07-15,39.145,39.145,39.145,39.145,
2009-07-16,39.338,39.338,39.338,39.338,
2009-07-17,39.324,39.324,39.324,39.324,
2009-07-20,39.211,39.211,39.211,39.211,
2009-07-21,39.497,39.497,39.497,39.497,
2009-07-22,39.298,39.298,39.298,39.298,
2009-07-23,39.982,39.982,39.982,39.982,
2009-07-24,40.838,40.838,40.838,40.838,
2009-07-27,40.679,40.679,40.679,40.679,
2009-07-28,40.446,40.446,40.446,40.446,
2009-07-29,40.606,40.606,40.606,40.606,
2009-07-30,41.024,41.024,41.024,41.024,
2009-07-31,40.426,40.426,40.426,40.426,
2009-08-03,40.566,40.566,40.566,40.566,
2009-08-04,40.539,40.539,40.539,40.539,
2009-08-05,40.134,40.134,40.134,40.134,
2009-08-06,39.789,39.789,39.789,39.789,
2009-08-07,39.769,39.769,39.769,39.769,
2009-08-10,40.313,40.313,40.313,40.313,
2009-08-11,39.982,39.982,39.982,39.982,
2009-08-12,40.227,40.227,40.227,40.227,
2009-08-13,40.048,40.048,40.048,40.048,
2009-08-14,39.889,39.889,39.889,39.889,
2009-08-17,39.716,39.716,39.716,39.716,
2009-08-18,39.703,39.703,39.703,39.703,
2009-08-19,40.081,40.081,40.081,40.081,
2009-08-20,40.466,40.466,40.466,40.466,
2009-08-21,40.848,40.848,40.848,40.848,
2009-08-24,41.015,41.015,41.015,41.015,
2009-08-25,40.921,40.921,40.921,40.921,
2009-08-26,40.58,40.58,40.58,40.58,
2009-08-27,40.486,40.486,40.486,40.486,
2009-08-28,40.352,40.352,40.352,40.352,
2009-08-31,40.453,40.453,40.453,40.453,
2009-09-01,40.118,40.118,40.118,40.118,
2009-09-02,39.998,39.998,39.998,39.998,
2009-09-03,39.951,39.951,39.951,39.951,
2009-09-04,40.372,40.372,40.372,40.372,
2009-09-08,40.54,40.54,40.54,40.54,
2009-09-09,40.774,40.774,40.774,40.774,
2009-09-10,40.6,40.6,40.6,40.6,
2009-09-11,40.439,40.439,40.439,40.439,
2009-09-14,40.386,40.386,40.386,40.386,
2009-09-15,40.259,40.259,40.259,40.259,
2009-09-16,40.285,40.285,40.285,40.285,
2009-09-17,40.674,40.674,40.674,40.674,
2009-09-18,40.68,40.68,40.68,40.68,
2009-09-21,40.607,40.607,40.607,40.607,
2009-09-22,40.881,40.881,40.881,40.881,
2009-09-23,40.674,40.674,40.674,40.674,
2009-09-24,40.64,40.64,40.64,40.64,
2009-09-25,40.573,40.573,40.573,40.573,
2009-09-28,41.008,41.008,41.008,41.008,
2009-09-29,40.781,40.781,40.781,40.781,
2009-09-30,40.754,40.754,40.754,40.754,
2009-10-01,40.031,40.031,40.031,40.031,
2009-10-02,39.978,39.978,39.978,39.978,
2009-10-05,40.038,40.038,40.038,40.038,
2009-10-06,40.352,40.352,40.352,40.352,
2009-10-07,40.634,40.634,40.634,40.634,
2009-10-08,40.787,40.787,40.787,40.787,
2009-10-09,41.323,41.323,41.323,41.323,
2009-10-12,41.852,41.852,41.852,41.852,
2009-10-13,40.834,40.834,40.834,40.834,
2009-10-14,40.526,40.526,40.526,40.526,
2009-10-15,40.787,40.787,40.787,40.787,
2009-10-16,40.466,40.466,40.466,40.466,
2009-10-19,40.935,40.935,40.935,40.935,
2009-10-20,40.553,40.553,40.553,40.553,
2009-10-21,40.366,40.366,40.366,40.366,
2009-10-22,40.787,40.787,40.787,40.787,
2009-10-23,40.52,40.52,40.52,40.52,
2009-10-26,40.219,40.219,40.219,40.219,
2009-10-27,40.172,40.172,40.172,40.172,
2009-10-28,39.871,39.871,39.871,39.871,
2009-10-29,40.065,40.065,40.065,40.065,
2009-10-30,39.522,39.522,39.522,39.522,
2009-11-02,39.817,39.817,39.817,39.817,
2009-11-03,39.442,39.442,39.442,39.442,
2009-11-04,39.837,39.837,39.837,39.837,
2009-11-05,40.145,40.145,40.145,40.145,
2009-11-06,40.359,40.359,40.359,40.359,
2009-11-09,40.66,40.66,40.66,40.66,
2009-11-10,40.982,40.982,40.982,40.982,
2009-11-11,40.741,40.741,40.741,40.741,
2009-11-12,40.928,40.928,40.928,40.928,
2009-11-13,41.115,41.115,41.115,41.115,
2009-11-16,41.624,41.624,41.624,41.624,
2009-11-17,41.611,41.611,41.611,41.611,
2009-11-18,41.711,41.711,41.711,41.711,
2009-11-19,41.785,41.785,41.785,41.785,
2009-11-20,42.034,42.034,42.034,42.034,
2009-11-23,42.291,42.291,42.291,42.291,
2009-11-24,42.621,42.621,42.621,42.621,
2009-11-25,42.702,42.702,42.702,42.702,
2009-11-27,42.426,42.426,42.426,42.426,
2009-11-30,42.392,42.392,42.392,42.392,
2009-12-01,42.844,42.844,42.844,42.844,
2009-12-02,43.093,43.093,43.093,43.093,
2009-12-03,43.282,43.282,43.282,43.282,
2009-12-04,43.417,43.417,43.417,43.417,
2009-12-07,43.424,43.424,43.424,43.424,
2009-12-08,43.343,43.343,43.343,43.343,
2009-12-09,43.431,43.431,43.431,43.431,
2009-12-10,43.694,43.694,43.694,43.694,
2009-12-11,43.748,43.748,43.748,43.748,
2009-12-14,43.822,43.822,43.822,43.822,
2009-12-15,43.674,43.674,43.674,43.674,
2009-12-16,43.714,43.714,43.714,43.714,
2009-12-17,43.491,43.491,43.491,43.491,
2009-12-18,43.424,43.424,43.424,43.424,
2009-12-21,43.397,43.397,43.397,43.397,
2009-12-22,43.532,43.532,43.532,43.532,
2009-12-23,43.559,43.559,43.559,43.559,
2009-12-24,43.647,43.647,43.647,43.647,
2009-12-28,43.809,43.809,43.809,43.809,
2009-12-29,43.809,43.809,43.809,43.809,
2009-12-30,43.788,43.788,43.788,43.788,
2009-12-31,43.451,43.451,43.451,43.451,
2010-01-04,43.633,43.633,43.633,43.633,
2010-01-05,43.127,43.127,43.127,43.127,
2010-01-06,43.478,43.478,43.478,43.478,
2010-01-07,43.168,43.168,43.168,43.168,
2010-01-08,43.316,43.316,43.316,43.316,
2010-01-11,43.323,43.323,43.323,43.323,
2010-01-12,43.552,43.552,43.552,43.552,
2010-01-13,43.829,43.829,43.829,43.829,
2010-01-14,43.916,43.916,43.916,43.916,
2010-01-15,43.552,43.552,43.552,43.552,
2010-01-19,44.085,44.085,44.085,44.085,
2010-01-20,43.95,43.95,43.95,43.95,
2010-01-21,43.154,43.154,43.154,43.154,
2010-01-22,42.635,42.635,42.635,42.635,
2010-01-25,42.648,42.648,42.648,42.648,
2010-01-26,42.358,42.358,42.358,42.358,
2010-01-27,42.797,42.797,42.797,42.797,
2010-01-28,43.039,43.039,43.039,43.039,
2010-01-29,42.405,42.405,42.405,42.405,
2010-02-01,42.561,42.561,42.561,42.561,
2010-02-02,43.168,43.168,43.168,43.168,
2010-02-03,42.925,42.925,42.925,42.925,
2010-02-04,42.257,42.257,42.257,42.257,
2010-02-05,42.257,42.257,42.257,42.257,
2010-02-08,42.075,42.075,42.075,42.075,
2010-02-09,42.338,42.338,42.338,42.338,
2010-02-10,42.318,42.318,42.318,42.318,
2010-02-11,42.439,42.439,42.439,42.439,
2010-02-12,42.311,42.311,42.311,42.311,
2010-02-16,42.911,42.911,42.911,42.911,
2010-02-17,43.161,43.161,43.161,43.161,
2010-02-18,43.532,43.532,43.532,43.532,
2010-02-19,43.376,43.376,43.376,43.376,
2010-02-22,43.158,43.158,43.158,43.158,
2010-02-23,43.036,43.036,43.036,43.036,
2010-02-24,43.131,43.131,43.131,43.131,
2010-02-25,43.015,43.015,43.015,43.015,
2010-02-26,42.825,42.825,42.825,42.825,
2010-03-01,43.09,43.09,43.09,43.09,
2010-03-02,43.124,43.124,43.124,43.124,
2010-03-03,43.097,43.097,43.097,43.097,
2010-03-04,43.212,43.212,43.212,43.212,
2010-03-05,43.532,43.532,43.532,43.532,
2010-03-08,43.641,43.641,43.641,43.641,
2010-03-09,43.688,43.688,43.688,43.688,
2010-03-10,43.702,43.702,43.702,43.702,
2010-03-11,43.654,43.654,43.654,43.654,
2010-03-12,43.627,43.627,43.627,43.627,
2010-03-15,43.892,43.892,43.892,43.892,
2010-03-16,43.865,43.865,43.865,43.865,
2010-03-17,43.947,43.947,43.947,43.947,
2010-03-18,44.225,44.225,44.225,44.225,
2010-03-19,44.259,44.259,44.259,44.259,
2010-03-22,44.252,44.252,44.252,44.252,
2010-03-23,44.429,44.429,44.429,44.429,
2010-03-24,44.015,44.015,44.015,44.015,
2010-03-25,43.892,43.892,43.892,43.892,
2010-03-26,43.763,43.763,43.763,43.763,
2010-03-29,44.062,44.062,44.062,44.062,
2010-03-30,44.117,44.117,44.117,44.117,
2010-03-31,44.32,44.32,44.32,44.32,
2010-04-01,44.708,44.708,44.708,44.708,
2010-04-05,44.456,44.456,44.456,44.456,
2010-04-06,44.395,44.395,44.395,44.395,
2010-04-07,44.334,44.334,44.334,44.334,
2010-04-08,44.137,44.137,44.137,44.137,
2010-04-09,44.28,44.28,44.28,44.28,
2010-04-12,44.259,44.259,44.259,44.259,
2010-04-13,44.647,44.647,44.647,44.647,
2010-04-14,44.518,44.518,44.518,44.518,
2010-04-15,44.531,44.531,44.531,44.531,
2010-04-16,44.198,44.198,44.198,44.198,
2010-04-19,44.885,44.885,44.885,44.885,
2010-04-20,44.857,44.857,44.857,44.857,
2010-04-21,44.45,44.45,44.45,44.45,
2010-04-22,44.035,44.035,44.035,44.035,
2010-04-23,44.212,44.212,44.212,44.212,
2010-04-26,44.021,44.021,44.021,44.021,
2010-04-27,43.695,43.695,43.695,43.695,
2010-04-28,43.926,43.926,43.926,43.926,
2010-04-29,44.191,44.191,44.191,44.191,
2010-04-30,43.709,43.709,43.709,43.709,
2010-05-03,44.409,44.409,44.409,44.409,
2010-05-04,43.981,43.981,43.981,43.981,
2010-05-05,44.28,44.28,44.28,44.28,
2010-05-06,43.097,43.097,43.097,43.097,
2010-05-07,43.036,43.036,43.036,43.036,
2010-05-10,44.015,44.015,44.015,44.015,
2010-05-11,43.96,43.96,43.96,43.96,
2010-05-12,44.117,44.117,44.117,44.117,
2010-05-13,43.96,43.96,43.96,43.96,
2010-05-14,43.484,43.484,43.484,43.484,
2010-05-17,43.423,43.423,43.423,43.423,
2010-05-18,42.805,42.805,42.805,42.805,
2010-05-19,42.295,42.295,42.295,42.295,
2010-05-20,41.16,41.16,41.16,41.16,
2010-05-21,41.384,41.384,41.384,41.384,
2010-05-24,41.173,41.173,41.173,41.173,
2010-05-25,41.024,41.024,41.024,41.024,
2010-05-26,40.555,40.555,40.555,40.555,
2010-05-27,40.493,40.493,40.493,40.493,
2010-05-28,39.992,39.992,39.992,39.992,
2010-06-01,40.308,40.308,40.308,40.308,
2010-06-02,40.973,40.973,40.973,40.973,
2010-06-03,41.0,41.0,41.0,41.0,
2010-06-04,39.793,39.793,39.793,39.793,
2010-06-07,39.786,39.786,39.786,39.786,
2010-06-08,40.225,40.225,40.225,40.225,
2010-06-09,39.903,39.903,39.903,39.903,
2010-06-10,40.129,40.129,40.129,40.129,
2010-06-11,40.102,40.102,40.102,40.102,
2010-06-14,40.074,40.074,40.074,40.074,
2010-06-15,40.568,40.568,40.568,40.568,
2010-06-16,40.637,40.637,40.637,40.637,
2010-06-17,40.596,40.596,40.596,40.596,
2010-06-18,40.596,40.596,40.596,40.596,
2010-06-21,40.561,40.561,40.561,40.561,
2010-06-22,40.582,40.582,40.582,40.582,
2010-06-23,40.637,40.637,40.637,40.637,
2010-06-24,40.884,40.884,40.884,40.884,
2010-06-25,40.266,40.266,40.266,40.266,
2010-06-28,40.781,40.781,40.781,40.781,
2010-06-29,40.637,40.637,40.637,40.637,
2010-06-30,40.513,40.513,40.513,40.513,
2010-07-01,40.52,40.52,40.52,40.52,
2010-07-02,40.527,40.527,40.527,40.527,
2010-07-06,40.527,40.527,40.527,40.527,
2010-07-07,41.577,41.577,41.577,41.577,
2010-07-08,42.105,42.105,42.105,42.105,
2010-07-09,41.529,41.529,41.529,41.529,
2010-07-12,41.302,41.302,41.302,41.302,
2010-07-13,41.501,41.501,41.501,41.501,
2010-07-14,41.584,41.584,41.584,41.584,
2010-07-15,41.337,41.337,41.337,41.337,
2010-07-16,40.774,40.774,40.774,40.774,
2010-07-19,40.863,40.863,40.863,40.863,
2010-07-20,40.184,40.184,40.184,40.184,
2010-07-21,39.183,39.183,39.183,39.183,
2010-07-22,39.114,39.114,39.114,39.114,
2010-07-23,39.532,39.532,39.532,39.532,
2010-07-26,39.608,39.608,39.608,39.608,
2010-07-27,39.855,39.855,39.855,39.855,
2010-07-28,39.67,39.67,39.67,39.67,
2010-07-29,39.67,39.67,39.67,39.67,
2010-07-30,39.848,39.848,39.848,39.848,
2010-08-02,40.28,40.28,40.28,40.28,
2010-08-03,40.712,40.712,40.712,40.712,
2010-08-04,40.98,40.98,40.98,40.98,
2010-08-05,40.994,40.994,40.994,40.994,
2010-08-06,41.131,41.131,41.131,41.131,
2010-08-09,41.193,41.193,41.193,41.193,
2010-08-10,40.767,40.767,40.767,40.767,
2010-08-11,40.129,40.129,40.129,40.129,
2010-08-12,40.143,40.143,40.143,40.143,
2010-08-13,39.889,39.889,39.889,39.889,
2010-08-16,39.793,39.793,39.793,39.793,
2010-08-17,40.623,40.623,40.623,40.623,
2010-08-18,40.712,40.712,40.712,40.712,
2010-08-19,40.28,40.28,40.28,40.28,
2010-08-20,40.294,40.294,40.294,40.294,
2010-08-23,40.383,40.383,40.383,40.383,
2010-08-24,39.793,39.793,39.793,39.793,
2010-08-25,39.773,39.773,39.773,39.773,
2010-08-26,39.649,39.649,39.649,39.649,
2010-08-27,39.885,39.885,39.885,39.885,
2010-08-30,39.677,39.677,39.677,39.677,
2010-08-31,39.483,39.483,39.483,39.483,
2010-09-01,40.362,40.362,40.362,40.362,
2010-09-02,40.584,40.584,40.584,40.584,
2010-09-03,40.805,40.805,40.805,40.805,
2010-09-07,40.646,40.646,40.646,40.646,
2010-09-08,40.75,40.75,40.75,40.75,
2010-09-09,41.422,41.422,41.422,41.422,
2010-09-10,41.533,41.533,41.533,41.533,
2010-09-13,41.768,41.768,41.768,41.768,
2010-09-14,41.948,41.948,41.948,41.948,
2010-09-15,42.273,42.273,42.273,42.273,
2010-09-16,42.44,42.44,42.44,42.44,
2010-09-17,42.633,42.633,42.633,42.633,
2010-09-20,42.994,42.994,42.994,42.994,
2010-09-21,42.89,42.89,42.89,42.89,
2010-09-22,42.91,42.91,42.91,42.91,
2010-09-23,42.8,42.8,42.8,42.8,
2010-09-24,43.028,43.028,43.028,43.028,
2010-09-27,42.952,42.952,42.952,42.952,
2010-09-28,43.229,43.229,43.229,43.229,
2010-09-29,43.146,43.146,43.146,43.146,
2010-09-30,42.904,42.904,42.904,42.904,
2010-10-01,42.758,42.758,42.758,42.758,
2010-10-04,42.703,42.703,42.703,42.703,
2010-10-05,43.485,43.485,43.485,43.485,
2010-10-06,43.769,43.769,43.769,43.769,
2010-10-07,43.776,43.776,43.776,43.776,
2010-10-08,43.783,43.783,43.783,43.783,
2010-10-11,43.831,43.831,43.831,43.831,
2010-10-12,43.824,43.824,43.824,43.824,
2010-10-13,44.025,44.025,44.025,44.025,
2010-10-14,44.136,44.136,44.136,44.136,
2010-10-15,44.018,44.018,44.018,44.018,
2010-10-18,44.219,44.219,44.219,44.219,
2010-10-19,43.824,43.824,43.824,43.824,
2010-10-20,44.039,44.039,44.039,44.039,
2010-10-21,44.309,44.309,44.309,44.309,
2010-10-22,44.185,44.185,44.185,44.185,
2010-10-25,44.302,44.302,44.302,44.302,
2010-10-26,44.205,44.205,44.205,44.205,
2010-10-27,44.018,44.018,44.018,44.018,
2010-10-28,44.011,44.011,44.011,44.011,
2010-10-29,44.136,44.136,44.136,44.136,
2010-11-01,44.101,44.101,44.101,44.101,
2010-11-02,44.233,44.233,44.233,44.233,
2010-11-03,44.448,44.448,44.448,44.448,
2010-11-04,44.842,44.842,44.842,44.842,
2010-11-05,44.766,44.766,44.766,44.766,
2010-11-08,44.545,44.545,44.545,44.545,
2010-11-09,44.531,44.531,44.531,44.531,
2010-11-10,44.282,44.282,44.282,44.282,
2010-11-11,44.261,44.261,44.261,44.261,
2010-11-12,44.088,44.088,44.088,44.088,
2010-11-15,44.413,44.413,44.413,44.413,
2010-11-16,43.721,43.721,43.721,43.721,
2010-11-17,43.665,43.665,43.665,43.665,
2010-11-18,44.198,44.198,44.198,44.198,
2010-11-19,44.198,44.198,44.198,44.198,
2010-11-22,44.053,44.053,44.053,44.053,
2010-11-23,43.534,43.534,43.534,43.534,
2010-11-24,43.824,43.824,43.824,43.824,
2010-11-26,43.51,43.51,43.51,43.51,
2010-11-29,43.238,43.238,43.238,43.238,
2010-11-30,42.986,42.986,42.986,42.986,
2010-12-01,43.594,43.594,43.594,43.594,
2010-12-02,43.72,43.72,43.72,43.72,
2010-12-03,43.692,43.692,43.692,43.692,
2010-12-06,43.44,43.44,43.44,43.44,
2010-12-07,43.517,43.517,43.517,43.517,
2010-12-08,43.615,43.615,43.615,43.615,
2010-12-09,43.343,43.343,43.343,43.343,
2010-12-10,43.238,43.238,43.238,43.238,
2010-12-13,43.203,43.203,43.203,43.203,
2010-12-14,43.838,43.838,43.838,43.838,
2010-12-15,43.699,43.699,43.699,43.699,
2010-12-16,43.58,43.58,43.58,43.58,
2010-12-17,43.678,43.678,43.678,43.678,
2010-12-20,43.643,43.643,43.643,43.643,
2010-12-21,43.538,43.538,43.538,43.538,
2010-12-22,43.315,43.315,43.315,43.315,
2010-12-23,43.475,43.475,43.475,43.475,
2010-12-27,43.252,43.252,43.252,43.252,
2010-12-28,43.336,43.336,43.336,43.336,
2010-12-29,43.391,43.391,43.391,43.391,
2010-12-30,43.259,43.259,43.259,43.259,
2010-12-31,43.196,43.196,43.196,43.196,
2011-01-03,43.873,43.873,43.873,43.873,
2011-01-04,44.244,44.244,44.244,44.244,
2011-01-05,44.216,44.216,44.216,44.216,
2011-01-06,44.146,44.146,44.146,44.146,
2011-01-07,43.72,43.72,43.72,43.72,
2011-01-10,43.412,43.412,43.412,43.412,
2011-01-11,43.489,43.489,43.489,43.489,
2011-01-12,43.65,43.65,43.65,43.65,
2011-01-13,43.936,43.936,43.936,43.936,
2011-01-14,43.685,43.685,43.685,43.685,
2011-01-18,43.371,43.371,43.371,43.371,
2011-01-19,43.692,43.692,43.692,43.692,
2011-01-20,43.901,43.901,43.901,43.901,
2011-01-21,43.762,43.762,43.762,43.762,
2011-01-24,43.454,43.454,43.454,43.454,
2011-01-25,42.658,42.658,42.658,42.658,
2011-01-26,42.323,42.323,42.323,42.323,
2011-01-27,42.379,42.379,42.379,42.379,
2011-01-28,41.911,41.911,41.911,41.911,
2011-01-31,41.743,41.743,41.743,41.743,
2011-02-01,42.344,42.344,42.344,42.344,
2011-02-02,42.337,42.337,42.337,42.337,
2011-02-03,42.463,42.463,42.463,42.463,
2011-02-04,42.491,42.491,42.491,42.491,
2011-02-07,42.512,42.512,42.512,42.512,
2011-02-08,42.56,42.56,42.56,42.56,
2011-02-09,42.519,42.519,42.519,42.519,
2011-02-10,42.553,42.553,42.553,42.553,
2011-02-11,42.393,42.393,42.393,42.393,
2011-02-14,42.393,42.393,42.393,42.393,
2011-02-15,42.337,42.337,42.337,42.337,
2011-02-16,42.267,42.267,42.267,42.267,
2011-02-17,42.456,42.456,42.456,42.456,
2011-02-18,42.679,42.679,42.679,42.679,
2011-02-22,42.358,42.358,42.358,42.358,
2011-02-23,42.176,42.176,42.176,42.176,
2011-02-24,42.079,42.079,42.079,42.079,
2011-02-25,42.029,42.029,42.029,42.029,
2011-02-28,43.298,43.298,43.298,43.298,
2011-03-01,42.776,42.776,42.776,42.776,
2011-03-02,42.854,42.854,42.854,42.854,
2011-03-03,43.023,43.023,43.023,43.023,
2011-03-04,43.03,43.03,43.03,43.03,
2011-03-07,42.565,42.565,42.565,42.565,
2011-03-08,42.783,42.783,42.783,42.783,
2011-03-09,42.565,42.565,42.565,42.565,
2011-03-10,42.008,42.008,42.008,42.008,
2011-03-11,42.064,42.064,42.064,42.064,
2011-03-14,41.67,41.67,41.67,41.67,
2011-03-15,41.212,41.212,41.212,41.212,
2011-03-16,40.634,40.634,40.634,40.634,
2011-03-17,40.965,40.965,40.965,40.965,
2011-03-18,41.275,41.275,41.275,41.275,
2011-03-21,41.458,41.458,41.458,41.458,
2011-03-22,41.43,41.43,41.43,41.43,
2011-03-23,41.381,41.381,41.381,41.381,
2011-03-24,41.599,41.599,41.599,41.599,
2011-03-25,41.564,41.564,41.564,41.564,
2011-03-28,41.747,41.747,41.747,41.747,
2011-03-29,41.733,41.733,41.733,41.733,
2011-03-30,41.846,41.846,41.846,41.846,
2011-03-31,41.754,41.754,41.754,41.754,
2011-04-01,41.923,41.923,41.923,41.923,
2011-04-04,42.389,42.389,42.389,42.389,
2011-04-05,42.142,42.142,42.142,42.142,
2011-04-06,42.043,42.043,42.043,42.043,
2011-04-07,41.916,41.916,41.916,41.916,
2011-04-08,41.902,41.902,41.902,41.902,
2011-04-11,42.184,42.184,42.184,42.184,
2011-04-12,42.241,42.241,42.241,42.241,
2011-04-13,42.001,42.001,42.001,42.001,
2011-04-14,42.297,42.297,42.297,42.297,
2011-04-15,42.678,42.678,42.678,42.678,
2011-04-18,42.607,42.607,42.607,42.607,
2011-04-19,44.179,44.179,44.179,44.179,
2011-04-20,45.377,45.377,45.377,45.377,
2011-04-21,45.151,45.151,45.151,45.151,
2011-04-25,45.179,45.179,45.179,45.179,
2011-04-26,45.771,45.771,45.771,45.771,
2011-04-27,46.208,46.208,46.208,46.208,
2011-04-28,46.074,46.074,46.074,46.074,
2011-04-29,46.314,46.314,46.314,46.314,
2011-05-02,46.659,46.659,46.659,46.659,
2011-05-03,46.694,46.694,46.694,46.694,
2011-05-04,46.279,46.279,46.279,46.279,
2011-05-05,45.813,45.813,45.813,45.813,
2011-05-06,45.997,45.997,45.997,45.997,
2011-05-09,46.25,46.25,46.25,46.25,
2011-05-10,46.342,46.342,46.342,46.342,
2011-05-11,46.913,46.913,46.913,46.913,
2011-05-12,47.35,47.35,47.35,47.35,
2011-05-13,46.948,46.948,46.948,46.948,
2011-05-16,46.772,46.772,46.772,46.772,
2011-05-17,46.793,46.793,46.793,46.793,
2011-05-18,46.864,46.864,46.864,46.864,
2011-05-19,46.786,46.786,46.786,46.786,
2011-05-20,46.293,46.293,46.293,46.293,
2011-05-23,46.201,46.201,46.201,46.201,
2011-05-24,46.356,46.356,46.356,46.356,
2011-05-25,46.716,46.716,46.716,46.716,
2011-05-26,46.566,46.566,46.566,46.566,
2011-05-27,47.462,47.462,47.462,47.462,
2011-05-31,47.832,47.832,47.832,47.832,
2011-06-01,47.256,47.256,47.256,47.256,
2011-06-02,47.256,47.256,47.256,47.256,
2011-06-03,46.979,46.979,46.979,46.979,
2011-06-06,46.95,46.95,46.95,46.95,
2011-06-07,46.559,46.559,46.559,46.559,
2011-06-08,47.014,47.014,47.014,47.014,
2011-06-09,47.469,47.469,47.469,47.469,
2011-06-10,46.979,46.979,46.979,46.979,
2011-06-13,47.334,47.334,47.334,47.334,
2011-06-14,47.696,47.696,47.696,47.696,
2011-06-15,47.028,47.028,47.028,47.028,
2011-06-16,47.142,47.142,47.142,47.142,
2011-06-17,47.121,47.121,47.121,47.121,
2011-06-20,47.277,47.277,47.277,47.277,
2011-06-21,47.263,47.263,47.263,47.263,
2011-06-22,46.964,46.964,46.964,46.964,
2011-06-23,46.68,46.68,46.68,46.68,
2011-06-24,46.246,46.246,46.246,46.246,
2011-06-27,46.381,46.381,46.381,46.381,
2011-06-28,46.851,46.851,46.851,46.851,
2011-06-29,47.135,47.135,47.135,47.135,
2011-06-30,47.284,47.284,47.284,47.284,
2011-07-01,47.839,47.839,47.839,47.839,
2011-07-05,48.066,48.066,48.066,48.066,
2011-07-06,48.016,48.016,48.016,48.016,
2011-07-07,48.279,48.279,48.279,48.279,
2011-07-08,48.031,48.031,48.031,48.031,
2011-07-11,47.817,47.817,47.817,47.817,
2011-07-12,47.647,47.647,47.647,47.647,
2011-07-13,48.073,48.073,48.073,48.073,
2011-07-14,48.095,48.095,48.095,48.095,
2011-07-15,47.945,47.945,47.945,47.945,
2011-07-18,47.689,47.689,47.689,47.689,
2011-07-19,47.426,47.426,47.426,47.426,
2011-07-20,47.085,47.085,47.085,47.085,
2011-07-21,47.249,47.249,47.249,47.249,
2011-07-22,47.426,47.426,47.426,47.426,
2011-07-25,47.092,47.092,47.092,47.092,
2011-07-26,46.858,46.858,46.858,46.858,
2011-07-27,46.367,46.367,46.367,46.367,
2011-07-28,46.261,46.261,46.261,46.261,
2011-07-29,46.054,46.054,46.054,46.054,
2011-08-01,45.784,45.784,45.784,45.784,
2011-08-02,45.088,45.088,45.088,45.088,
2011-08-03,45.074,45.074,45.074,45.074,
2011-08-04,43.958,43.958,43.958,43.958,
2011-08-05,44.576,44.576,44.576,44.576,
2011-08-08,43.446,43.446,43.446,43.446,
2011-08-09,44.213,44.213,44.213,44.213,
2011-08-10,42.792,42.792,42.792,42.792,
2011-08-11,45.095,45.095,45.095,45.095,
2011-08-12,45.038,45.038,45.038,45.038,
2011-08-15,45.912,45.912,45.912,45.912,
2011-08-16,45.749,45.749,45.749,45.749,
2011-08-17,45.678,45.678,45.678,45.678,
2011-08-18,44.896,44.896,44.896,44.896,
2011-08-19,44.882,44.882,44.882,44.882,
2011-08-22,44.988,44.988,44.988,44.988,
2011-08-23,46.182,46.182,46.182,46.182,
2011-08-24,46.58,46.58,46.58,46.58,
2011-08-25,45.884,45.884,45.884,45.884,
2011-08-26,46.099,46.099,46.099,46.099,
2011-08-29,47.232,47.232,47.232,47.232,
2011-08-30,47.168,47.168,47.168,47.168,
2011-08-31,47.189,47.189,47.189,47.189,
2011-09-01,46.852,46.852,46.852,46.852,
2011-09-02,45.948,45.948,45.948,45.948,
2011-09-06,46.357,46.357,46.357,46.357,
2011-09-07,46.924,46.924,46.924,46.924,
2011-09-08,46.58,46.58,46.58,46.58,
2011-09-09,45.64,45.64,45.64,45.64,
2011-09-12,45.604,45.604,45.604,45.604,
2011-09-13,45.619,45.619,45.619,45.619,
2011-09-14,45.705,45.705,45.705,45.705,
2011-09-15,46.185,46.185,46.185,46.185,
2011-09-16,46.321,46.321,46.321,46.321,
2011-09-19,45.999,45.999,45.999,45.999,
2011-09-20,46.056,46.056,46.056,46.056,
2011-09-21,45.274,45.274,45.274,45.274,
2011-09-22,44.407,44.407,44.407,44.407,
2011-09-23,44.17,44.17,44.17,44.17,
2011-09-26,44.959,44.959,44.959,44.959,
2011-09-27,45.769,45.769,45.769,45.769,
2011-09-28,45.36,45.36,45.36,45.36,
2011-09-29,45.826,45.826,45.826,45.826,
2011-09-30,45.676,45.676,45.676,45.676,
2011-10-03,44.521,44.521,44.521,44.521,
2011-10-04,44.586,44.586,44.586,44.586,
2011-10-05,44.715,44.715,44.715,44.715,
2011-10-06,45.045,45.045,45.045,45.045,
2011-10-07,45.274,45.274,45.274,45.274,
2011-10-10,46.207,46.207,46.207,46.207,
2011-10-11,45.87,45.87,45.87,45.87,
2011-10-12,46.135,46.135,46.135,46.135,
2011-10-13,46.063,46.063,46.063,46.063,
2011-10-14,46.415,46.415,46.415,46.415,
2011-10-17,45.748,45.748,45.748,45.748,
2011-10-18,46.199,46.199,46.199,46.199,
2011-10-19,44.923,44.923,44.923,44.923,
2011-10-20,44.844,44.844,44.844,44.844,
2011-10-21,45.74,45.74,45.74,45.74,
2011-10-24,46.422,46.422,46.422,46.422,
2011-10-25,45.676,45.676,45.676,45.676,
2011-10-26,46.25,46.25,46.25,46.25,
2011-10-27,46.974,46.974,46.974,46.974,
2011-10-28,47.046,47.046,47.046,47.046,
2011-10-31,46.178,46.178,46.178,46.178,
2011-11-01,45.454,45.454,45.454,45.454,
2011-11-02,45.64,45.64,45.64,45.64,
2011-11-03,46.142,46.142,46.142,46.142,
2011-11-04,45.984,45.984,45.984,45.984,
2011-11-07,45.898,45.898,45.898,45.898,
2011-11-08,46.515,46.515,46.515,46.515,
2011-11-09,45.561,45.561,45.561,45.561,
2011-11-10,45.984,45.984,45.984,45.984,
2011-11-11,46.795,46.795,46.795,46.795,
2011-11-14,46.551,46.551,46.551,46.551,
2011-11-15,46.608,46.608,46.608,46.608,
2011-11-16,46.185,46.185,46.185,46.185,
2011-11-17,45.855,45.855,45.855,45.855,
2011-11-18,45.791,45.791,45.791,45.791,
2011-11-21,45.138,45.138,45.138,45.138,
2011-11-22,45.109,45.109,45.109,45.109,
2011-11-23,44.457,44.457,44.457,44.457,
2011-11-25,44.348,44.348,44.348,44.348,
2011-11-28,45.144,45.144,45.144,45.144,
2011-11-29,45.441,45.441,45.441,45.441,
2011-11-30,46.845,46.845,46.845,46.845,
2011-12-01,46.65,46.65,46.65,46.65,
2011-12-02,45.941,45.941,45.941,45.941,
2011-12-05,45.861,45.861,45.861,45.861,
2011-12-06,45.955,45.955,45.955,45.955,
2011-12-07,46.65,46.65,46.65,46.65,
2011-12-08,46.165,46.165,46.165,46.165,
2011-12-09,46.708,46.708,46.708,46.708,
2011-12-12,45.969,45.969,45.969,45.969,
2011-12-13,45.861,45.861,45.861,45.861,
2011-12-14,45.731,45.731,45.731,45.731,
2011-12-15,46.324,46.324,46.324,46.324,
2011-12-16,46.541,46.541,46.541,46.541,
2011-12-19,45.984,45.984,45.984,45.984,
2011-12-20,46.701,46.701,46.701,46.701,
2011-12-21,47.019,47.019,47.019,47.019,
2011-12-22,47.178,47.178,47.178,47.178,
2011-12-23,47.757,47.757,47.757,47.757,
2011-12-27,47.786,47.786,47.786,47.786,
2011-12-28,47.374,47.374,47.374,47.374,
2011-12-29,47.685,47.685,47.685,47.685,
2011-12-30,47.468,47.468,47.468,47.468,
2012-01-03,47.685,47.685,47.685,47.685,
2012-01-04,47.395,47.395,47.395,47.395,
2012-01-05,47.337,47.337,47.337,47.337,
2012-01-06,46.925,46.925,46.925,46.925,
2012-01-09,46.997,46.997,46.997,46.997,
2012-01-10,47.193,47.193,47.193,47.193,
2012-01-11,47.142,47.142,47.142,47.142,
2012-01-12,47.214,47.214,47.214,47.214,
2012-01-13,47.236,47.236,47.236,47.236,
2012-01-17,47.135,47.135,47.135,47.135,
2012-01-18,47.251,47.251,47.251,47.251,
2012-01-19,47.185,47.185,47.185,47.185,
2012-01-20,47.243,47.243,47.243,47.243,
2012-01-23,47.048,47.048,47.048,47.048,
2012-01-24,47.048,47.048,47.048,47.048,
2012-01-25,47.207,47.207,47.207,47.207,
2012-01-26,47.555,47.555,47.555,47.555,
2012-01-27,47.453,47.453,47.453,47.453,
2012-01-30,47.562,47.562,47.562,47.562,
2012-01-31,47.707,47.707,47.707,47.707,
2012-02-01,47.547,47.547,47.547,47.547,
2012-02-02,47.475,47.475,47.475,47.475,
2012-02-03,47.511,47.511,47.511,47.511,
2012-02-06,47.185,47.185,47.185,47.185,
2012-02-07,47.236,47.236,47.236,47.236,
2012-02-08,47.222,47.222,47.222,47.222,
2012-02-09,46.968,46.968,46.968,46.968,
2012-02-10,46.758,46.758,46.758,46.758,
2012-02-13,46.816,46.816,46.816,46.816,
2012-02-14,46.766,46.766,46.766,46.766,
2012-02-15,46.795,46.795,46.795,46.795,
2012-02-16,46.99,46.99,46.99,46.99,
2012-02-17,47.041,47.041,47.041,47.041,
2012-02-21,47.077,47.077,47.077,47.077,
2012-02-22,47.048,47.048,47.048,47.048,
2012-02-23,47.12,47.12,47.12,47.12,
2012-02-24,47.069,47.069,47.069,47.069,
2012-02-27,47.062,47.062,47.062,47.062,
2012-02-28,47.595,47.595,47.595,47.595,
2012-02-29,47.522,47.522,47.522,47.522,
2012-03-01,47.339,47.339,47.339,47.339,
2012-03-02,47.296,47.296,47.296,47.296,
2012-03-05,47.398,47.398,47.398,47.398,
2012-03-06,46.989,46.989,46.989,46.989,
2012-03-07,46.952,46.952,46.952,46.952,
2012-03-08,47.354,47.354,47.354,47.354,
2012-03-09,47.274,47.274,47.274,47.274,
2012-03-12,47.537,47.537,47.537,47.537,
2012-03-13,47.705,47.705,47.705,47.705,
2012-03-14,47.522,47.522,47.522,47.522,
2012-03-15,47.515,47.515,47.515,47.515,
2012-03-16,47.551,47.551,47.551,47.551,
2012-03-19,47.617,47.617,47.617,47.617,
2012-03-20,47.434,47.434,47.434,47.434,
2012-03-21,47.288,47.288,47.288,47.288,
2012-03-22,47.069,47.069,47.069,47.069,
2012-03-23,47.135,47.135,47.135,47.135,
2012-03-26,47.588,47.588,47.588,47.588,
2012-03-27,47.756,47.756,47.756,47.756,
2012-03-28,47.916,47.916,47.916,47.916,
2012-03-29,47.858,47.858,47.858,47.858,
2012-03-30,48.165,48.165,48.165,48.165,
2012-04-02,48.347,48.347,48.347,48.347,
2012-04-03,48.106,48.106,48.106,48.106,
2012-04-04,47.748,47.748,47.748,47.748,
2012-04-05,47.712,47.712,47.712,47.712,
2012-04-09,47.405,47.405,47.405,47.405,
2012-04-10,46.879,46.879,46.879,46.879,
2012-04-11,46.828,46.828,46.828,46.828,
2012-04-12,46.843,46.843,46.843,46.843,
2012-04-13,46.397,46.397,46.397,46.397,
2012-04-16,46.719,46.719,46.719,46.719,
2012-04-17,46.894,46.894,46.894,46.894,
2012-04-18,46.193,46.193,46.193,46.193,
2012-04-19,46.025,46.025,46.025,46.025,
2012-04-20,46.522,46.522,46.522,46.522,
2012-04-23,46.273,46.273,46.273,46.273,
2012-04-24,46.565,46.565,46.565,46.565,
2012-04-25,47.047,47.047,47.047,47.047,
2012-04-26,47.281,47.281,47.281,47.281,
2012-04-27,47.347,47.347,47.347,47.347,
2012-04-30,47.537,47.537,47.537,47.537,
2012-05-01,47.624,47.624,47.624,47.624,
2012-05-02,47.705,47.705,47.705,47.705,
2012-05-03,47.712,47.712,47.712,47.712,
2012-05-04,47.274,47.274,47.274,47.274,
2012-05-07,47.318,47.318,47.318,47.318,
2012-05-08,47.449,47.449,47.449,47.449,
2012-05-09,46.938,46.938,46.938,46.938,
2012-05-10,47.15,47.15,47.15,47.15,
2012-05-11,46.982,46.982,46.982,46.982,
2012-05-14,46.682,46.682,46.682,46.682,
2012-05-15,46.449,46.449,46.449,46.449,
2012-05-16,46.522,46.522,46.522,46.522,
2012-05-17,46.405,46.405,46.405,46.405,
2012-05-18,46.259,46.259,46.259,46.259,
2012-05-21,46.346,46.346,46.346,46.346,
2012-05-22,46.383,46.383,46.383,46.383,
2012-05-23,46.2,46.2,46.2,46.2,
2012-05-24,46.525,46.525,46.525,46.525,
2012-05-25,46.09,46.09,46.09,46.09,
2012-05-29,46.149,46.149,46.149,46.149,
2012-05-30,45.868,45.868,45.868,45.868,
2012-05-31,46.031,46.031,46.031,46.031,
2012-06-01,45.551,45.551,45.551,45.551,
2012-06-04,45.964,45.964,45.964,45.964,
2012-06-05,45.868,45.868,45.868,45.868,
2012-06-06,46.304,46.304,46.304,46.304,
2012-06-07,46.304,46.304,46.304,46.304,
2012-06-08,46.436,46.436,46.436,46.436,
2012-06-11,45.802,45.802,45.802,45.802,
2012-06-12,46.51,46.51,46.51,46.51,
2012-06-13,47.52,47.52,47.52,47.52,
2012-06-14,48.257,48.257,48.257,48.257,
2012-06-15,48.67,48.67,48.67,48.67,
2012-06-18,48.884,48.884,48.884,48.884,
2012-06-19,49.194,49.194,49.194,49.194,
2012-06-20,49.4,49.4,49.4,49.4,
2012-06-21,48.95,48.95,48.95,48.95,
2012-06-22,49.127,49.127,49.127,49.127,
2012-06-25,49.032,49.032,49.032,49.032,
2012-06-26,48.973,48.973,48.973,48.973,
2012-06-27,49.282,49.282,49.282,49.282,
2012-06-28,49.356,49.356,49.356,49.356,
2012-06-29,49.813,49.813,49.813,49.813,
2012-07-02,50.138,50.138,50.138,50.138,
2012-07-03,50.167,50.167,50.167,50.167,
2012-07-05,49.975,49.975,49.975,49.975,
2012-07-06,49.872,49.872,49.872,49.872,
2012-07-09,49.975,49.975,49.975,49.975,
2012-07-10,50.049,50.049,50.049,50.049,
2012-07-11,50.064,50.064,50.064,50.064,
2012-07-12,49.924,49.924,49.924,49.924,
2012-07-13,50.587,50.587,50.587,50.587,
2012-07-16,50.469,50.469,50.469,50.469,
2012-07-17,50.875,50.875,50.875,50.875,
2012-07-18,51.148,51.148,51.148,51.148,
2012-07-19,51.266,51.266,51.266,51.266,
2012-07-20,50.602,50.602,50.602,50.602,
2012-07-23,50.219,50.219,50.219,50.219,
2012-07-24,49.658,49.658,49.658,49.658,
2012-07-25,49.791,49.791,49.791,49.791,
2012-07-26,50.683,50.683,50.683,50.683,
2012-07-27,51.258,51.258,51.258,51.258,
2012-07-30,51.207,51.207,51.207,51.207,
2012-07-31,51.037,51.037,51.037,51.037,
2012-08-01,51.155,51.155,51.155,51.155,
2012-08-02,50.469,50.469,50.469,50.469,
2012-08-03,50.963,50.963,50.963,50.963,
2012-08-06,50.757,50.757,50.757,50.757,
2012-08-07,50.351,50.351,50.351,50.351,
2012-08-08,50.396,50.396,50.396,50.396,
2012-08-09,50.373,50.373,50.373,50.373,
2012-08-10,50.609,50.609,50.609,50.609,
2012-08-13,50.477,50.477,50.477,50.477,
2012-08-14,50.609,50.609,50.609,50.609,
2012-08-15,50.396,50.396,50.396,50.396,
2012-08-16,50.285,50.285,50.285,50.285,
2012-08-17,49.99,49.99,49.99,49.99,
2012-08-20,49.916,49.916,49.916,49.916,
2012-08-21,49.975,49.975,49.975,49.975,
2012-08-22,49.953,49.953,49.953,49.953,
2012-08-23,49.946,49.946,49.946,49.946,
2012-08-24,50.296,50.296,50.296,50.296,
2012-08-27,50.214,50.214,50.214,50.214,
2012-08-28,50.229,50.229,50.229,50.229,
2012-08-29,50.124,50.124,50.124,50.124,
2012-08-30,50.005,50.005,50.005,50.005,
2012-08-31,50.169,50.169,50.169,50.169,
2012-09-04,50.043,50.043,50.043,50.043,
2012-09-05,50.05,50.05,50.05,50.05,
2012-09-06,50.474,50.474,50.474,50.474,
2012-09-07,50.504,50.504,50.504,50.504,
2012-09-10,50.727,50.727,50.727,50.727,
2012-09-11,50.742,50.742,50.742,50.742,
2012-09-12,50.705,50.705,50.705,50.705,
2012-09-13,51.33,51.33,51.33,51.33,
2012-09-14,50.943,50.943,50.943,50.943,
2012-09-17,50.779,50.779,50.779,50.779,
2012-09-18,51.002,51.002,51.002,51.002,
2012-09-19,51.04,51.04,51.04,51.04,
2012-09-20,51.263,51.263,51.263,51.263,
2012-09-21,51.382,51.382,51.382,51.382,
2012-09-24,51.337,51.337,51.337,51.337,
2012-09-25,51.575,51.575,51.575,51.575,
2012-09-26,51.337,51.337,51.337,51.337,
2012-09-27,51.345,51.345,51.345,51.345,
2012-09-28,51.27,51.27,51.27,51.27,
2012-10-01,51.434,51.434,51.434,51.434,
2012-10-02,51.307,51.307,51.307,51.307,
2012-10-03,51.337,51.337,51.337,51.337,
2012-10-04,51.538,51.538,51.538,51.538,
2012-10-05,51.821,51.821,51.821,51.821,
2012-10-08,51.665,51.665,51.665,51.665,
2012-10-09,50.898,50.898,50.898,50.898,
2012-10-10,50.757,50.757,50.757,50.757,
2012-10-11,50.571,50.571,50.571,50.571,
2012-10-12,50.571,50.571,50.571,50.571,
2012-10-15,51.04,51.04,51.04,51.04,
2012-10-16,51.746,51.746,51.746,51.746,
2012-10-17,52.825,52.825,52.825,52.825,
2012-10-18,53.956,53.956,53.956,53.956,
2012-10-19,53.465,53.465,53.465,53.465,
2012-10-22,53.406,53.406,53.406,53.406,
2012-10-23,52.743,52.743,52.743,52.743,
2012-10-24,52.632,52.632,52.632,52.632,
2012-10-25,52.929,52.929,52.929,52.929,
2012-10-26,52.751,52.751,52.751,52.751,
2012-10-31,52.691,52.691,52.691,52.691,
2012-11-01,53.197,53.197,53.197,53.197,
2012-11-02,52.751,52.751,52.751,52.751,
2012-11-05,52.669,52.669,52.669,52.669,
2012-11-06,52.833,52.833,52.833,52.833,
2012-11-07,52.334,52.334,52.334,52.334,
2012-11-08,51.821,51.821,51.821,51.821,
2012-11-09,51.984,51.984,51.984,51.984,
2012-11-12,51.843,51.843,51.843,51.843,
2012-11-13,51.717,51.717,51.717,51.717,
2012-11-14,51.538,51.538,51.538,51.538,
2012-11-15,51.389,51.389,51.389,51.389,
2012-11-16,51.479,51.479,51.479,51.479,
2012-11-19,51.523,51.523,51.523,51.523,
2012-11-20,51.836,51.836,51.836,51.836,
2012-11-21,51.776,51.776,51.776,51.776,
2012-11-23,52.211,52.211,52.211,52.211,
2012-11-26,51.859,51.859,51.859,51.859,
2012-11-27,51.649,51.649,51.649,51.649,
2012-11-28,52.009,52.009,52.009,52.009,
2012-11-29,51.956,51.956,51.956,51.956,
2012-11-30,52.339,52.339,52.339,52.339,
2012-12-03,52.279,52.279,52.279,52.279,
2012-12-04,52.437,52.437,52.437,52.437,
2012-12-05,52.519,52.519,52.519,52.519,
2012-12-06,52.579,52.579,52.579,52.579,
2012-12-07,52.88,52.88,52.88,52.88,
2012-12-10,52.992,52.992,52.992,52.992,
2012-12-11,53.367,53.367,53.367,53.367,
2012-12-12,53.262,53.262,53.262,53.262,
2012-12-13,53.105,53.105,53.105,53.105,
2012-12-14,53.06,53.06,53.06,53.06,
2012-12-17,53.247,53.247,53.247,53.247,
2012-12-18,53.255,53.255,53.255,53.255,
2012-12-19,53.015,53.015,53.015,53.015,
2012-12-20,53.105,53.105,53.105,53.105,
2012-12-21,52.744,52.744,52.744,52.744,
2012-12-24,52.557,52.557,52.557,52.557,
2012-12-26,52.669,52.669,52.669,52.669,
2012-12-27,52.609,52.609,52.609,52.609,
2012-12-28,52.151,52.151,52.151,52.151,
2012-12-31,52.617,52.617,52.617,52.617,
2013-01-02,53.172,53.172,53.172,53.172,
2013-01-03,53.097,53.097,53.097,53.097,
2013-01-04,53.705,53.705,53.705,53.705,
2013-01-07,53.593,53.593,53.593,53.593,
2013-01-08,53.6,53.6,53.6,53.6,
2013-01-09,53.84,53.84,53.84,53.84,
2013-01-10,54.186,54.186,54.186,54.186,
2013-01-11,54.306,54.306,54.306,54.306,
2013-01-14,54.463,54.463,54.463,54.463,
2013-01-15,54.321,54.321,54.321,54.321,
2013-01-16,54.478,54.478,54.478,54.478,
2013-01-17,54.718,54.718,54.718,54.718,
2013-01-18,54.966,54.966,54.966,54.966,
2013-01-22,54.561,54.561,54.561,54.561,
2013-01-23,54.681,54.681,54.681,54.681,
2013-01-24,54.869,54.869,54.869,54.869,
2013-01-25,55.484,55.484,55.484,55.484,
2013-01-28,55.259,55.259,55.259,55.259,
2013-01-29,55.852,55.852,55.852,55.852,
2013-01-30,55.612,55.612,55.612,55.612,
2013-01-31,55.484,55.484,55.484,55.484,
2013-02-01,55.679,55.679,55.679,55.679,
2013-02-04,55.627,55.627,55.627,55.627,
2013-02-05,56.04,56.04,56.04,56.04,
2013-02-06,56.587,56.587,56.587,56.587,
2013-02-07,56.34,56.34,56.34,56.34,
2013-02-08,56.655,56.655,56.655,56.655,
2013-02-11,56.602,56.602,56.602,56.602,
2013-02-12,56.895,56.895,56.895,56.895,
2013-02-13,56.79,56.79,56.79,56.79,
2013-02-14,56.903,56.903,56.903,56.903,
2013-02-15,57.165,57.165,57.165,57.165,
2013-02-19,57.766,57.766,57.766,57.766,
2013-02-20,57.533,57.533,57.533,57.533,
2013-02-21,57.698,57.698,57.698,57.698,
2013-02-22,57.691,57.691,57.691,57.691,
2013-02-25,57.176,57.176,57.176,57.176,
2013-02-26,57.312,57.312,57.312,57.312,
2013-02-27,57.744,57.744,57.744,57.744,
2013-02-28,57.585,57.585,57.585,57.585,
2013-03-01,58.031,58.031,58.031,58.031,
2013-03-04,58.41,58.41,58.41,58.41,
2013-03-05,58.758,58.758,58.758,58.758,
2013-03-06,58.553,58.553,58.553,58.553,
2013-03-07,58.826,58.826,58.826,58.826,
2013-03-08,59.159,59.159,59.159,59.159,
2013-03-11,59.348,59.348,59.348,59.348,
2013-03-12,59.439,59.439,59.439,59.439,
2013-03-13,59.431,59.431,59.431,59.431,
2013-03-14,59.847,59.847,59.847,59.847,
2013-03-15,59.915,59.915,59.915,59.915,
2013-03-18,59.628,59.628,59.628,59.628,
2013-03-19,59.666,59.666,59.666,59.666,
2013-03-20,60.112,60.112,60.112,60.112,
2013-03-21,59.779,59.779,59.779,59.779,
2013-03-22,60.331,60.331,60.331,60.331,
2013-03-25,60.286,60.286,60.286,60.286,
2013-03-26,61.171,61.171,61.171,61.171,
2013-03-27,61.489,61.489,61.489,61.489,
2013-03-28,61.686,61.686,61.686,61.686,
2013-04-01,61.988,61.988,61.988,61.988,
2013-04-02,62.563,62.563,62.563,62.563,
2013-04-03,62.094,62.094,62.094,62.094,
2013-04-04,62.351,62.351,62.351,62.351,
2013-04-05,62.071,62.071,62.071,62.071,
2013-04-08,61.368,61.368,61.368,61.368,
2013-04-09,61.678,61.678,61.678,61.678,
2013-04-10,62.056,62.056,62.056,62.056,
2013-04-11,62.283,62.283,62.283,62.283,
2013-04-12,62.601,62.601,62.601,62.601,
2013-04-15,61.822,61.822,61.822,61.822,
2013-04-16,63.131,63.131,63.131,63.131,
2013-04-17,63.479,63.479,63.479,63.479,
2013-04-18,62.934,62.934,62.934,62.934,
2013-04-19,63.925,63.925,63.925,63.925,
2013-04-22,64.182,64.182,64.182,64.182,
2013-04-23,64.652,64.652,64.652,64.652,
2013-04-24,63.849,63.849,63.849,63.849,
2013-04-25,64.478,64.478,64.478,64.478,
2013-04-26,64.402,64.402,64.402,64.402,
2013-04-29,64.75,64.75,64.75,64.75,
2013-04-30,64.485,64.485,64.485,64.485,
2013-05-01,63.728,63.728,63.728,63.728,
2013-05-02,64.432,64.432,64.432,64.432,
2013-05-03,64.878,64.878,64.878,64.878,
2013-05-06,64.069,64.069,64.069,64.069,
2013-05-07,64.712,64.712,64.712,64.712,
2013-05-08,64.659,64.659,64.659,64.659,
2013-05-09,64.425,64.425,64.425,64.425,
2013-05-10,64.886,64.886,64.886,64.886,
2013-05-13,64.954,64.954,64.954,64.954,
2013-05-14,65.802,65.802,65.802,65.802,
2013-05-15,66.308,66.308,66.308,66.308,
2013-05-16,66.165,66.165,66.165,66.165,
2013-05-17,66.649,66.649,66.649,66.649,
2013-05-20,66.588,66.588,66.588,66.588,
2013-05-21,67.027,67.027,67.027,67.027,
2013-05-22,66.929,66.929,66.929,66.929,
2013-05-23,66.479,66.479,66.479,66.479,
2013-05-24,66.182,66.182,66.182,66.182,
2013-05-28,66.784,66.784,66.784,66.784,
2013-05-29,65.29,65.29,65.29,65.29,
2013-05-30,65.549,65.549,65.549,65.549,
2013-05-31,64.169,64.169,64.169,64.169,
2013-06-03,64.573,64.573,64.573,64.573,
2013-06-04,64.108,64.108,64.108,64.108,
2013-06-05,63.788,63.788,63.788,63.788,
2013-06-06,64.383,64.383,64.383,64.383,
2013-06-07,64.726,64.726,64.726,64.726,
2013-06-10,64.901,64.901,64.901,64.901,
2013-06-11,64.558,64.558,64.558,64.558,
2013-06-12,63.834,63.834,63.834,63.834,
2013-06-13,64.726,64.726,64.726,64.726,
2013-06-14,64.726,64.726,64.726,64.726,
2013-06-17,65.275,65.275,65.275,65.275,
2013-06-18,65.831,65.831,65.831,65.831,
2013-06-19,64.688,64.688,64.688,64.688,
2013-06-20,62.98,62.98,62.98,62.98,
2013-06-21,63.422,63.422,63.422,63.422,
2013-06-24,64.497,64.497,64.497,64.497,
2013-06-25,65.061,65.061,65.061,65.061,
2013-06-26,66.311,66.311,66.311,66.311,
2013-06-27,66.098,66.098,66.098,66.098,
2013-06-28,65.45,65.45,65.45,65.45,
2013-07-01,66.037,66.037,66.037,66.037,
2013-07-02,65.991,65.991,65.991,65.991,
2013-07-03,66.151,66.151,66.151,66.151,
2013-07-05,66.982,66.982,66.982,66.982,
2013-07-08,67.531,67.531,67.531,67.531,
2013-07-09,67.752,67.752,67.752,67.752,
2013-07-10,68.027,68.027,68.027,68.027,
2013-07-11,68.354,68.354,68.354,68.354,
2013-07-12,68.598,68.598,68.598,68.598,
2013-07-15,68.911,68.911,68.911,68.911,
2013-07-16,68.911,68.911,68.911,68.911,
2013-07-17,68.705,68.705,68.705,68.705,
2013-07-18,68.735,68.735,68.735,68.735,
2013-07-19,70.306,70.306,70.306,70.306,
2013-07-22,70.344,70.344,70.344,70.344,
2013-07-23,70.451,70.451,70.451,70.451,
2013-07-24,70.405,70.405,70.405,70.405,
2013-07-25,70.565,70.565,70.565,70.565,
2013-07-26,70.763,70.763,70.763,70.763,
2013-07-29,71.053,71.053,71.053,71.053,
2013-07-30,71.022,71.022,71.022,71.022,
2013-07-31,71.274,71.274,71.274,71.274,
2013-08-01,71.48,71.48,71.48,71.48,
2013-08-02,71.952,71.952,71.952,71.952,
2013-08-05,71.503,71.503,71.503,71.503,
2013-08-06,71.51,71.51,71.51,71.51,
2013-08-07,71.396,71.396,71.396,71.396,
2013-08-08,71.152,71.152,71.152,71.152,
2013-08-09,70.405,70.405,70.405,70.405,
2013-08-12,70.13,70.13,70.13,70.13,
2013-08-13,70.9,70.9,70.9,70.9,
2013-08-14,69.139,69.139,69.139,69.139,
2013-08-15,68.263,68.263,68.263,68.263,
2013-08-16,68.126,68.126,68.126,68.126,
2013-08-19,68.949,68.949,68.949,68.949,
2013-08-20,68.4,68.4,68.4,68.4,
2013-08-21,67.691,67.691,67.691,67.691,
2013-08-22,67.28,67.28,67.28,67.28,
2013-08-23,67.902,67.902,67.902,67.902,
2013-08-26,67.226,67.226,67.226,67.226,
2013-08-27,66.181,66.181,66.181,66.181,
2013-08-28,66.458,66.458,66.458,66.458,
2013-08-29,66.488,66.488,66.488,66.488,
2013-08-30,66.366,66.366,66.366,66.366,
2013-09-03,66.373,66.373,66.373,66.373,
2013-09-04,66.742,66.742,66.742,66.742,
2013-09-05,66.849,66.849,66.849,66.849,
2013-09-06,66.942,66.942,66.942,66.942,
2013-09-09,67.249,67.249,67.249,67.249,
2013-09-10,67.994,67.994,67.994,67.994,
2013-09-11,68.531,68.531,68.531,68.531,
2013-09-12,68.362,68.362,68.362,68.362,
2013-09-13,68.025,68.025,68.025,68.025,
2013-09-16,68.378,68.378,68.378,68.378,
2013-09-17,68.401,68.401,68.401,68.401,
2013-09-18,69.054,69.054,69.054,69.054,
2013-09-19,69.177,69.177,69.177,69.177,
2013-09-20,68.877,68.877,68.877,68.877,
2013-09-23,68.424,68.424,68.424,68.424,
2013-09-24,67.756,67.756,67.756,67.756,
2013-09-25,66.88,66.88,66.88,66.88,
2013-09-26,66.872,66.872,66.872,66.872,
2013-09-27,66.611,66.611,66.611,66.611,
2013-09-30,66.581,66.581,66.581,66.581,
2013-10-01,67.18,67.18,67.18,67.18,
2013-10-02,67.041,67.041,67.041,67.041,
2013-10-03,66.496,66.496,66.496,66.496,
2013-10-04,67.057,67.057,67.057,67.057,
2013-10-07,66.504,66.504,66.504,66.504,
2013-10-08,65.751,65.751,65.751,65.751,
2013-10-09,66.02,66.02,66.02,66.02,
2013-10-10,67.418,67.418,67.418,67.418,
2013-10-11,68.7,68.7,68.7,68.7,
2013-10-14,68.969,68.969,68.969,68.969,
2013-10-15,69.069,69.069,69.069,69.069,
2013-10-16,69.975,69.975,69.975,69.975,
2013-10-17,70.636,70.636,70.636,70.636,
2013-10-18,70.375,70.375,70.375,70.375,
2013-10-21,70.044,70.044,70.044,70.044,
2013-10-22,70.935,70.935,70.935,70.935,
2013-10-23,70.736,70.736,70.736,70.736,
2013-10-24,70.928,70.928,70.928,70.928,
2013-10-25,70.728,70.728,70.728,70.728,
2013-10-28,70.958,70.958,70.958,70.958,
2013-10-29,71.534,71.534,71.534,71.534,
2013-10-30,71.266,71.266,71.266,71.266,
2013-10-31,71.127,71.127,71.127,71.127,
2013-11-01,71.711,71.711,71.711,71.711,
2013-11-04,71.45,71.45,71.45,71.45,
2013-11-05,71.281,71.281,71.281,71.281,
2013-11-06,71.458,71.458,71.458,71.458,
2013-11-07,71.189,71.189,71.189,71.189,
2013-11-08,72.233,72.233,72.233,72.233,
2013-11-11,72.418,72.418,72.418,72.418,
2013-11-12,71.857,71.857,71.857,71.857,
2013-11-13,71.688,71.688,71.688,71.688,
2013-11-14,72.133,72.133,72.133,72.133,
2013-11-15,72.494,72.494,72.494,72.494,
2013-11-18,72.425,72.425,72.425,72.425,
2013-11-19,72.855,72.855,72.855,72.855,
2013-11-20,73.078,73.078,73.078,73.078,
2013-11-21,73.117,73.117,73.117,73.117,
2013-11-22,73.666,73.666,73.666,73.666,
2013-11-25,73.96,73.96,73.96,73.96,
2013-11-26,73.519,73.519,73.519,73.519,
2013-11-27,73.457,73.457,73.457,73.457,
2013-11-29,73.209,73.209,73.209,73.209,
2013-12-02,72.915,72.915,72.915,72.915,
2013-12-03,72.676,72.676,72.676,72.676,
2013-12-04,72.413,72.413,72.413,72.413,
2013-12-05,71.902,71.902,71.902,71.902,
2013-12-06,73.039,73.039,73.039,73.039,
2013-12-09,73.039,73.039,73.039,73.039,
2013-12-10,72.807,72.807,72.807,72.807,
2013-12-11,72.011,72.011,72.011,72.011,
2013-12-12,70.502,70.502,70.502,70.502,
2013-12-13,70.649,70.649,70.649,70.649,
2013-12-16,70.665,70.665,70.665,70.665,
2013-12-17,70.116,70.116,70.116,70.116,
2013-12-18,71.647,71.647,71.647,71.647,
2013-12-19,71.137,71.137,71.137,71.137,
2013-12-20,71.222,71.222,71.222,71.222,
2013-12-23,71.175,71.175,71.175,71.175,
2013-12-24,71.199,71.199,71.199,71.199,
2013-12-26,71.57,71.57,71.57,71.57,
2013-12-27,71.423,71.423,71.423,71.423,
2013-12-30,71.384,71.384,71.384,71.384,
2013-12-31,70.835,70.835,70.835,70.835,
2014-01-02,70.402,70.402,70.402,70.402,
2014-01-03,71.036,71.036,71.036,71.036,
2014-01-06,71.407,71.407,71.407,71.407,
2014-01-07,72.923,72.923,72.923,72.923,
2014-01-08,72.823,72.823,72.823,72.823,
2014-01-09,73.264,73.264,73.264,73.264,
2014-01-10,73.271,73.271,73.271,73.271,
2014-01-13,73.086,73.086,73.086,73.086,
2014-01-14,73.256,73.256,73.256,73.256,
2014-01-15,73.318,73.318,73.318,73.318,
2014-01-16,73.194,73.194,73.194,73.194,
2014-01-17,73.519,73.519,73.519,73.519,
2014-01-21,72.722,72.722,72.722,72.722,
2014-01-22,72.946,72.946,72.946,72.946,
2014-01-23,71.724,71.724,71.724,71.724,
2014-01-24,70.077,70.077,70.077,70.077,
2014-01-27,69.559,69.559,69.559,69.559,
2014-01-28,69.683,69.683,69.683,69.683,
2014-01-29,68.755,68.755,68.755,68.755,
2014-01-30,69.219,69.219,69.219,69.219,
2014-01-31,68.422,68.422,68.422,68.422,
2014-02-03,67.115,67.115,67.115,67.115,
2014-02-04,66.991,66.991,66.991,66.991,
2014-02-05,67.502,67.502,67.502,67.502,
2014-02-06,68.639,68.639,68.639,68.639,
2014-02-07,69.636,69.636,69.636,69.636,
2014-02-10,70.433,70.433,70.433,70.433,
2014-02-11,71.902,71.902,71.902,71.902,
2014-02-12,71.477,71.477,71.477,71.477,
2014-02-13,71.585,71.585,71.585,71.585,
2014-02-14,71.74,71.74,71.74,71.74,
2014-02-18,71.284,71.284,71.284,71.284,
2014-02-19,70.874,70.874,70.874,70.874,
2014-02-20,71.446,71.446,71.446,71.446,
2014-02-21,71.29,71.29,71.29,71.29,
2014-02-24,70.971,70.971,70.971,70.971,
2014-02-25,70.971,70.971,70.971,70.971,
2014-02-26,70.971,70.971,70.971,70.971,
2014-02-27,71.166,71.166,71.166,71.166,
2014-02-28,71.758,71.758,71.758,71.758,
2014-03-03,71.321,71.321,71.321,71.321,
2014-03-04,72.708,72.708,72.708,72.708,
2014-03-05,72.124,72.124,72.124,72.124,
2014-03-06,72.357,72.357,72.357,72.357,
2014-03-07,72.692,72.692,72.692,72.692,
2014-03-10,72.794,72.794,72.794,72.794,
2014-03-11,72.825,72.825,72.825,72.825,
2014-03-12,72.91,72.91,72.91,72.91,
2014-03-13,72.443,72.443,72.443,72.443,
2014-03-14,72.295,72.295,72.295,72.295,
2014-03-17,73.168,73.168,73.168,73.168,
2014-03-18,73.175,73.175,73.175,73.175,
2014-03-19,72.903,72.903,72.903,72.903,
2014-03-20,73.316,73.316,73.316,73.316,
2014-03-21,74.725,74.725,74.725,74.725,
2014-03-24,74.157,74.157,74.157,74.157,
2014-03-25,75.855,75.855,75.855,75.855,
2014-03-26,75.598,75.598,75.598,75.598,
2014-03-27,75.777,75.777,75.777,75.777,
2014-03-28,75.902,75.902,75.902,75.902,
2014-03-31,76.517,76.517,76.517,76.517,
2014-04-01,76.291,76.291,76.291,76.291,
2014-04-02,76.517,76.517,76.517,76.517,
2014-04-03,76.54,76.54,76.54,76.54,
2014-04-04,76.665,76.665,76.665,76.665,
2014-04-07,76.252,76.252,76.252,76.252,
2014-04-08,76.385,76.385,76.385,76.385,
2014-04-09,77.078,77.078,77.078,77.078,
2014-04-10,75.201,75.201,75.201,75.201,
2014-04-11,75.458,75.458,75.458,75.458,
2014-04-14,75.668,75.668,75.668,75.668,
2014-04-15,77.273,77.273,77.273,77.273,
2014-04-16,76.922,76.922,76.922,76.922,
2014-04-17,77.086,77.086,77.086,77.086,
2014-04-21,77.896,77.896,77.896,77.896,
2014-04-22,78.036,78.036,78.036,78.036,
2014-04-23,78.067,78.067,78.067,78.067,
2014-04-24,77.865,77.865,77.865,77.865,
2014-04-25,77.732,77.732,77.732,77.732,
2014-04-28,78.94,78.94,78.94,78.94,
2014-04-29,78.698,78.698,78.698,78.698,
2014-04-30,78.901,78.901,78.901,78.901,
2014-05-01,78.309,78.309,78.309,78.309,
2014-05-02,77.358,77.358,77.358,77.358,
2014-05-05,77.896,77.896,77.896,77.896,
2014-05-06,77.514,77.514,77.514,77.514,
2014-05-07,78.605,78.605,78.605,78.605,
2014-05-08,78.285,78.285,78.285,78.285,
2014-05-09,78.605,78.605,78.605,78.605,
2014-05-12,78.301,78.301,78.301,78.301,
2014-05-13,78.69,78.69,78.69,78.69,
2014-05-14,78.574,78.574,78.574,78.574,
2014-05-15,78.433,78.433,78.433,78.433,
2014-05-16,78.348,78.348,78.348,78.348,
2014-05-19,78.394,78.394,78.394,78.394,
2014-05-20,78.091,78.091,78.091,78.091,
2014-05-21,78.784,78.784,78.784,78.784,
2014-05-22,79.192,79.192,79.192,79.192,
2014-05-23,79.207,79.207,79.207,79.207,
2014-05-27,79.074,79.074,79.074,79.074,
2014-05-28,78.674,78.674,78.674,78.674,
2014-05-29,79.035,79.035,79.035,79.035,
2014-05-30,79.584,79.584,79.584,79.584,
2014-06-02,80.141,80.141,80.141,80.141,
2014-06-03,80.368,80.368,80.368,80.368,
2014-06-04,80.541,80.541,80.541,80.541,
2014-06-05,80.964,80.964,80.964,80.964,
2014-06-06,80.933,80.933,80.933,80.933,
2014-06-09,80.964,80.964,80.964,80.964,
2014-06-10,81.655,81.655,81.655,81.655,
2014-06-11,81.043,81.043,81.043,81.043,
2014-06-12,80.423,80.423,80.423,80.423,
2014-06-13,80.423,80.423,80.423,80.423,
2014-06-16,80.36,80.36,80.36,80.36,
2014-06-17,79.953,79.953,79.953,79.953,
2014-06-18,80.643,80.643,80.643,80.643,
2014-06-19,81.427,81.427,81.427,81.427,
2014-06-20,82.572,82.572,82.572,82.572,
2014-06-23,82.165,82.165,82.165,82.165,
2014-06-24,82.039,82.039,82.039,82.039,
2014-06-25,82.957,82.957,82.957,82.957,
2014-06-26,82.87,82.87,82.87,82.87,
2014-06-27,82.353,82.353,82.353,82.353,
2014-06-30,82.063,82.063,82.063,82.063,
2014-07-01,83.043,83.043,83.043,83.043,
2014-07-02,83.035,83.035,83.035,83.035,
2014-07-03,82.69,82.69,82.69,82.69,
2014-07-07,83.514,83.514,83.514,83.514,
2014-07-08,82.925,82.925,82.925,82.925,
2014-07-09,83.176,83.176,83.176,83.176,
2014-07-10,82.988,82.988,82.988,82.988,
2014-07-11,82.439,82.439,82.439,82.439,
2014-07-14,82.659,82.659,82.659,82.659,
2014-07-15,81.011,81.011,81.011,81.011,
2014-07-16,80.18,80.18,80.18,80.18,
2014-07-17,78.729,78.729,78.729,78.729,
2014-07-18,79.851,79.851,79.851,79.851,
2014-07-21,79.435,79.435,79.435,79.435,
2014-07-22,80.376,80.376,80.376,80.376,
2014-07-23,80.156,80.156,80.156,80.156,
2014-07-24,80.164,80.164,80.164,80.164,
2014-07-25,80.094,80.094,80.094,80.094,
2014-07-28,80.094,80.094,80.094,80.094,
2014-07-29,79.976,79.976,79.976,79.976,
2014-07-30,80.243,80.243,80.243,80.243,
2014-07-31,78.509,78.509,78.509,78.509,
2014-08-01,78.36,78.36,78.36,78.36,
2014-08-04,78.564,78.564,78.564,78.564,
2014-08-05,78.298,78.298,78.298,78.298,
2014-08-06,78.996,78.996,78.996,78.996,
2014-08-07,78.384,78.384,78.384,78.384,
2014-08-08,79.286,79.286,79.286,79.286,
2014-08-11,79.349,79.349,79.349,79.349,
2014-08-12,78.933,78.933,78.933,78.933,
2014-08-13,79.804,79.804,79.804,79.804,
2014-08-14,80.023,80.023,80.023,80.023,
2014-08-15,79.356,79.356,79.356,79.356,
2014-08-18,80.557,80.557,80.557,80.557,
2014-08-19,80.76,80.76,80.76,80.76,
2014-08-20,80.957,80.957,80.957,80.957,
2014-08-21,81.725,81.725,81.725,81.725,
2014-08-22,81.417,81.417,81.417,81.417,
2014-08-25,81.52,81.52,81.52,81.52,
2014-08-26,81.686,81.686,81.686,81.686,
2014-08-27,81.512,81.512,81.512,81.512,
2014-08-28,81.299,81.299,81.299,81.299,
2014-08-29,81.915,81.915,81.915,81.915,
2014-09-02,81.623,81.623,81.623,81.623,
2014-09-03,81.938,81.938,81.938,81.938,
2014-09-04,82.002,82.002,82.002,82.002,
2014-09-05,82.46,82.46,82.46,82.46,
2014-09-08,82.168,82.168,82.168,82.168,
2014-09-09,81.97,81.97,81.97,81.97,
2014-09-10,82.91,82.91,82.91,82.91,
2014-09-11,82.562,82.562,82.562,82.562,
2014-09-12,82.586,82.586,82.586,82.586,
2014-09-15,82.697,82.697,82.697,82.697,
2014-09-16,83.613,83.613,83.613,83.613,
2014-09-17,83.857,83.857,83.857,83.857,
2014-09-18,84.773,84.773,84.773,84.773,
2014-09-19,85.279,85.279,85.279,85.279,
2014-09-22,85.192,85.192,85.192,85.192,
2014-09-23,84.86,84.86,84.86,84.86,
2014-09-24,85.792,85.792,85.792,85.792,
2014-09-25,84.576,84.576,84.576,84.576,
2014-09-26,84.576,84.576,84.576,84.576,
2014-09-29,84.134,84.134,84.134,84.134,
2014-09-30,84.173,84.173,84.173,84.173,
2014-10-01,82.365,82.365,82.365,82.365,
2014-10-02,82.01,82.01,82.01,82.01,
2014-10-03,83.02,83.02,83.02,83.02,
2014-10-06,82.807,82.807,82.807,82.807,
2014-10-07,80.857,80.857,80.857,80.857,
2014-10-08,82.847,82.847,82.847,82.847,
2014-10-09,80.612,80.612,80.612,80.612,
2014-10-10,79.941,79.941,79.941,79.941,
2014-10-13,78.274,78.274,78.274,78.274,
2014-10-14,76.608,76.608,76.608,76.608,
2014-10-15,77.556,77.556,77.556,77.556,
2014-10-16,76.426,76.426,76.426,76.426,
2014-10-17,77.943,77.943,77.943,77.943,
2014-10-20,78.337,78.337,78.337,78.337,
2014-10-21,79.254,79.254,79.254,79.254,
2014-10-22,79.933,79.933,79.933,79.933,
2014-10-23,81.046,81.046,81.046,81.046,
2014-10-24,81.441,81.441,81.441,81.441,
2014-10-27,82.183,82.183,82.183,82.183,
2014-10-28,82.752,82.752,82.752,82.752,
2014-10-29,83.36,83.36,83.36,83.36,
2014-10-30,84.529,84.529,84.529,84.529,
2014-10-31,85.113,85.113,85.113,85.113,
2014-11-03,84.86,84.86,84.86,84.86,
2014-11-04,85.776,85.776,85.776,85.776,
2014-11-05,85.934,85.934,85.934,85.934,
2014-11-06,86.084,86.084,86.084,86.084,
2014-11-07,85.445,85.445,85.445,85.445,
2014-11-10,85.934,85.934,85.934,85.934,
2014-11-11,86.005,86.005,86.005,86.005,
2014-11-12,85.879,85.879,85.879,85.879,
2014-11-13,86.132,86.132,86.132,86.132,
2014-11-14,85.413,85.413,85.413,85.413,
2014-11-17,85.524,85.524,85.524,85.524,
2014-11-18,85.942,85.942,85.942,85.942,
2014-11-19,85.887,85.887,85.887,85.887,
2014-11-20,85.429,85.429,85.429,85.429,
2014-11-21,85.731,85.731,85.731,85.731,
2014-11-24,84.952,84.952,84.952,84.952,
2014-11-25,84.809,84.809,84.809,84.809,
2014-11-26,85.214,85.214,85.214,85.214,
2014-11-28,86.041,86.041,86.041,86.041,
2014-12-01,85.866,85.866,85.866,85.866,
2014-12-02,86.248,86.248,86.248,86.248,
2014-12-03,85.62,85.62,85.62,85.62,
2014-12-04,85.493,85.493,85.493,85.493,
2014-12-05,86.248,86.248,86.248,86.248,
2014-12-08,86.256,86.256,86.256,86.256,
2014-12-09,85.882,85.882,85.882,85.882,
2014-12-10,84.443,84.443,84.443,84.443,
2014-12-11,84.825,84.825,84.825,84.825,
2014-12-12,83.005,83.005,83.005,83.005,
2014-12-15,82.631,82.631,82.631,82.631,
2014-12-16,81.677,81.677,81.677,81.677,
2014-12-17,82.719,82.719,82.719,82.719,
2014-12-18,84.896,84.896,84.896,84.896,
2014-12-19,83.895,83.895,83.895,83.895,
2014-12-22,84.841,84.841,84.841,84.841,
2014-12-23,82.885,82.885,82.885,82.885,
2014-12-24,83.132,83.132,83.132,83.132,
2014-12-26,83.505,83.505,83.505,83.505,
2014-12-29,83.72,83.72,83.72,83.72,
2014-12-30,83.744,83.744,83.744,83.744,
2014-12-31,83.116,83.116,83.116,83.116,
2015-01-02,83.076,83.076,83.076,83.076,
2015-01-05,82.496,82.496,82.496,82.496,
2015-01-06,82.091,82.091,82.091,82.091,
2015-01-07,83.903,83.903,83.903,83.903,
2015-01-08,84.563,84.563,84.563,84.563,
2015-01-09,83.41,83.41,83.41,83.41,
2015-01-12,83.124,83.124,83.124,83.124,
2015-01-13,83.267,83.267,83.267,83.267,
2015-01-14,82.663,82.663,82.663,82.663,
2015-01-15,81.463,81.463,81.463,81.463,
2015-01-16,82.695,82.695,82.695,82.695,
2015-01-20,80.509,80.509,80.509,80.509,
2015-01-21,80.994,80.994,80.994,80.994,
2015-01-22,82.472,82.472,82.472,82.472,
2015-01-23,81.232,81.232,81.232,81.232,
2015-01-26,81.28,81.28,81.28,81.28,
2015-01-27,81.145,81.145,81.145,81.145,
2015-01-28,80.66,80.66,80.66,80.66,
2015-01-29,81.375,81.375,81.375,81.375,
2015-01-30,79.595,79.595,79.595,79.595,
2015-02-02,80.143,80.143,80.143,80.143,
2015-02-03,81.439,81.439,81.439,81.439,
2015-02-04,80.565,80.565,80.565,80.565,
2015-02-05,81.439,81.439,81.439,81.439,
2015-02-06,80.358,80.358,80.358,80.358,
2015-02-09,79.309,79.309,79.309,79.309,
2015-02-10,79.762,79.762,79.762,79.762,
2015-02-11,79.786,79.786,79.786,79.786,
2015-02-12,78.244,78.244,78.244,78.244,
2015-02-13,79.182,79.182,79.182,79.182,
2015-02-17,79.833,79.833,79.833,79.833,
2015-02-18,79.452,79.452,79.452,79.452,
2015-02-19,80.04,80.04,80.04,80.04,
2015-02-20,80.248,80.248,80.248,80.248,
2015-02-23,80.184,80.184,80.184,80.184,
2015-02-24,80.6,80.6,80.6,80.6,
2015-02-25,81.008,81.008,81.008,81.008,
2015-02-26,82.281,82.281,82.281,82.281,
2015-02-27,82.049,82.049,82.049,82.049,
2015-03-02,82.617,82.617,82.617,82.617,
2015-03-03,81.913,81.913,81.913,81.913,
2015-03-04,81.361,81.361,81.361,81.361,
2015-03-05,82.057,82.057,82.057,82.057,
2015-03-06,80.128,80.128,80.128,80.128,
2015-03-09,80.568,80.568,80.568,80.568,
2015-03-10,79.664,79.664,79.664,79.664,
2015-03-11,78.695,78.695,78.695,78.695,
2015-03-12,79.904,79.904,79.904,79.904,
2015-03-13,79.408,79.408,79.408,79.408,
2015-03-16,80.888,80.888,80.888,80.888,
2015-03-17,79.952,79.952,79.952,79.952,
2015-03-18,81.209,81.209,81.209,81.209,
2015-03-19,81.393,81.393,81.393,81.393,
2015-03-20,81.961,81.961,81.961,81.961,
2015-03-23,82.425,82.425,82.425,82.425,
2015-03-24,81.609,81.609,81.609,81.609,
2015-03-25,80.312,80.312,80.312,80.312,
2015-03-26,80.152,80.152,80.152,80.152,
2015-03-27,80.312,80.312,80.312,80.312,
2015-03-30,81.281,81.281,81.281,81.281,
2015-03-31,80.52,80.52,80.52,80.52,
2015-04-01,79.36,79.36,79.36,79.36,
2015-04-02,79.752,79.752,79.752,79.752,
2015-04-06,79.368,79.368,79.368,79.368,
2015-04-07,80.12,80.12,80.12,80.12,
2015-04-08,80.168,80.168,80.168,80.168,
2015-04-09,81.104,81.104,81.104,81.104,
2015-04-10,81.689,81.689,81.689,81.689,
2015-04-13,80.48,80.48,80.48,80.48,
2015-04-14,80.456,80.456,80.456,80.456,
2015-04-15,80.52,80.52,80.52,80.52,
2015-04-16,79.872,79.872,79.872,79.872,
2015-04-17,79.704,79.704,79.704,79.704,
2015-04-20,80.208,80.208,80.208,80.208,
2015-04-21,80.28,80.28,80.28,80.28,
2015-04-22,80.384,80.384,80.384,80.384,
2015-04-23,80.408,80.408,80.408,80.408,
2015-04-24,80.904,80.904,80.904,80.904,
2015-04-27,80.504,80.504,80.504,80.504,
2015-04-28,80.632,80.632,80.632,80.632,
2015-04-29,80.352,80.352,80.352,80.352,
2015-04-30,79.4,79.4,79.4,79.4,
2015-05-01,80.144,80.144,80.144,80.144,
2015-05-04,80.32,80.32,80.32,80.32,
2015-05-05,79.64,79.64,79.64,79.64,
2015-05-06,79.376,79.376,79.376,79.376,
2015-05-07,79.768,79.768,79.768,79.768,
2015-05-08,81.217,81.217,81.217,81.217,
2015-05-11,80.864,80.864,80.864,80.864,
2015-05-12,80.416,80.416,80.416,80.416,
2015-05-13,80.48,80.48,80.48,80.48,
2015-05-14,81.505,81.505,81.505,81.505,
2015-05-15,81.881,81.881,81.881,81.881,
2015-05-18,82.777,82.777,82.777,82.777,
2015-05-19,83.21,83.21,83.21,83.21,
2015-05-20,82.921,82.921,82.921,82.921,
2015-05-21,82.575,82.575,82.575,82.575,
2015-05-22,81.712,81.712,81.712,81.712,
2015-05-26,81.285,81.285,81.285,81.285,
2015-05-27,81.535,81.535,81.535,81.535,
2015-05-28,81.551,81.551,81.551,81.551,
2015-05-29,80.736,80.736,80.736,80.736,
2015-06-01,80.656,80.656,80.656,80.656,
2015-06-02,80.607,80.607,80.607,80.607,
2015-06-03,80.696,80.696,80.696,80.696,
2015-06-04,80.003,80.003,80.003,80.003,
2015-06-05,79.487,79.487,79.487,79.487,
2015-06-08,78.979,78.979,78.979,78.979,
2015-06-09,79.18,79.18,79.18,79.18,
2015-06-10,79.721,79.721,79.721,79.721,
2015-06-11,80.011,80.011,80.011,80.011,
2015-06-12,79.293,79.293,79.293,79.293,
2015-06-15,78.6,78.6,78.6,78.6,
2015-06-16,79.301,79.301,79.301,79.301,
2015-06-17,79.6,79.6,79.6,79.6,
2015-06-18,80.914,80.914,80.914,80.914,
2015-06-19,80.511,80.511,80.511,80.511,
2015-06-22,80.696,80.696,80.696,80.696,
2015-06-23,80.446,80.446,80.446,80.446,
2015-06-24,80.083,80.083,80.083,80.083,
2015-06-25,79.914,79.914,79.914,79.914,
2015-06-26,80.333,80.333,80.333,80.333,
2015-06-29,78.753,78.753,78.753,78.753,
2015-06-30,78.576,78.576,78.576,78.576,
2015-07-01,79.39,79.39,79.39,79.39,
2015-07-02,79.366,79.366,79.366,79.366,
2015-07-06,79.172,79.172,79.172,79.172,
2015-07-07,79.753,79.753,79.753,79.753,
2015-07-08,78.826,78.826,78.826,78.826,
2015-07-09,79.334,79.334,79.334,79.334,
2015-07-10,80.245,80.245,80.245,80.245,
2015-07-13,80.841,80.841,80.841,80.841,
2015-07-14,80.446,80.446,80.446,80.446,
2015-07-15,80.962,80.962,80.962,80.962,
2015-07-16,81.519,81.519,81.519,81.519,
2015-07-17,80.688,80.688,80.688,80.688,
2015-07-20,80.922,80.922,80.922,80.922,
2015-07-21,80.898,80.898,80.898,80.898,
2015-07-22,80.769,80.769,80.769,80.769,
2015-07-23,80.785,80.785,80.785,80.785,
2015-07-24,79.938,79.938,79.938,79.938,
2015-07-27,79.237,79.237,79.237,79.237,
2015-07-28,79.833,79.833,79.833,79.833,
2015-07-29,80.406,80.406,80.406,80.406,
2015-07-30,80.495,80.495,80.495,80.495,
2015-07-31,80.793,80.793,80.793,80.793,
2015-08-03,80.64,80.64,80.64,80.64,
2015-08-04,80.462,80.462,80.462,80.462,
2015-08-05,81.043,81.043,81.043,81.043,
2015-08-06,79.874,79.874,79.874,79.874,
2015-08-07,79.696,79.696,79.696,79.696,
2015-08-10,80.454,80.454,80.454,80.454,
2015-08-11,79.825,79.825,79.825,79.825,
2015-08-12,79.584,79.584,79.584,79.584,
2015-08-13,79.398,79.398,79.398,79.398,
2015-08-14,79.664,79.664,79.664,79.664,
2015-08-17,80.519,80.519,80.519,80.519,
2015-08-18,80.116,80.116,80.116,80.116,
2015-08-19,80.067,80.067,80.067,80.067,
2015-08-20,79.648,79.648,79.648,79.648,
2015-08-21,77.633,77.633,77.633,77.633,
2015-08-24,75.407,75.407,75.407,75.407,
2015-08-25,73.709,73.709,73.709,73.709,
2015-08-26,77.268,77.268,77.268,77.268,
2015-08-27,78.169,78.169,78.169,78.169,
2015-08-28,77.316,77.316,77.316,77.316,
2015-08-31,76.35,76.35,76.35,76.35,
2015-09-01,74.814,74.814,74.814,74.814,
2015-09-02,75.838,75.838,75.838,75.838,
2015-09-03,75.261,75.261,75.261,75.261,
2015-09-04,74.181,74.181,74.181,74.181,
2015-09-08,76.317,76.317,76.317,76.317,
2015-09-09,74.92,74.92,74.92,74.92,
2015-09-10,75.326,75.326,75.326,75.326,
2015-09-11,75.497,75.497,75.497,75.497,
2015-09-14,75.814,75.814,75.814,75.814,
2015-09-15,76.691,76.691,76.691,76.691,
2015-09-16,76.862,76.862,76.862,76.862,
2015-09-17,77.048,77.048,77.048,77.048,
2015-09-18,75.87,75.87,75.87,75.87,
2015-09-21,75.659,75.659,75.659,75.659,
2015-09-22,75.749,75.749,75.749,75.749,
2015-09-23,75.545,75.545,75.545,75.545,
2015-09-24,75.131,75.131,75.131,75.131,
2015-09-25,73.929,73.929,73.929,73.929,
2015-09-28,74.229,74.229,74.229,74.229,
2015-09-29,75.586,75.586,75.586,75.586,
2015-09-30,75.838,75.838,75.838,75.838,
2015-10-01,75.692,75.692,75.692,75.692,
2015-10-02,76.309,76.309,76.309,76.309,
2015-10-05,76.983,76.983,76.983,76.983,
2015-10-06,75.895,75.895,75.895,75.895,
2015-10-07,77.162,77.162,77.162,77.162,
2015-10-08,77.243,77.243,77.243,77.243,
2015-10-09,77.479,77.479,77.479,77.479,
2015-10-12,77.983,77.983,77.983,77.983,
2015-10-13,77.544,77.544,77.544,77.544,
2015-10-14,76.797,76.797,76.797,76.797,
2015-10-15,78.925,78.925,78.925,78.925,
2015-10-16,79.811,79.811,79.811,79.811,
2015-10-19,79.567,79.567,79.567,79.567,
2015-10-20,79.282,79.282,79.282,79.282,
2015-10-21,79.315,79.315,79.315,79.315,
2015-10-22,80.859,80.859,80.859,80.859,
2015-10-23,81.492,81.492,81.492,81.492,
2015-10-26,81.192,81.192,81.192,81.192,
2015-10-27,81.395,81.395,81.395,81.395,
2015-10-28,81.63,81.63,81.63,81.63,
2015-10-29,82.353,82.353,82.353,82.353,
2015-10-30,82.077,82.077,82.077,82.077,
2015-11-02,83.003,83.003,83.003,83.003,
2015-11-03,82.833,82.833,82.833,82.833,
2015-11-04,82.816,82.816,82.816,82.816,
2015-11-05,83.133,83.133,83.133,83.133,
2015-11-06,82.8,82.8,82.8,82.8,
2015-11-09,81.923,81.923,81.923,81.923,
2015-11-10,82.418,82.418,82.418,82.418,
2015-11-11,82.751,82.751,82.751,82.751,
2015-11-12,81.46,81.46,81.46,81.46,
2015-11-13,81.143,81.143,81.143,81.143,
2015-11-16,82.232,82.232,82.232,82.232,
2015-11-17,82.459,82.459,82.459,82.459,
2015-11-18,83.409,83.409,83.409,83.409,
2015-11-19,83.263,83.263,83.263,83.263,
2015-11-20,83.869,83.869,83.869,83.869,
2015-11-23,84.106,84.106,84.106,84.106,
2015-11-24,83.509,83.509,83.509,83.509,
2015-11-25,83.443,83.443,83.443,83.443,
2015-11-27,83.779,83.779,83.779,83.779,
2015-11-30,82.854,82.854,82.854,82.854,
2015-12-01,83.771,83.771,83.771,83.771,
2015-12-02,83.517,83.517,83.517,83.517,
2015-12-03,82.486,82.486,82.486,82.486,
2015-12-04,84.253,84.253,84.253,84.253,
2015-12-07,84.556,84.556,84.556,84.556,
2015-12-08,83.82,83.82,83.82,83.82,
2015-12-09,83.599,83.599,83.599,83.599,
2015-12-10,84.0,84.0,84.0,84.0,
2015-12-11,83.214,83.214,83.214,83.214,
2015-12-14,83.599,83.599,83.599,83.599,
2015-12-15,85.219,85.219,85.219,85.219,
2015-12-16,86.136,86.136,86.136,86.136,
2015-12-17,84.818,84.818,84.818,84.818,
2015-12-18,83.435,83.435,83.435,83.435,
2015-12-21,83.132,83.132,83.132,83.132,
2015-12-22,84.057,84.057,84.057,84.057,
2015-12-23,84.695,84.695,84.695,84.695,
2015-12-24,84.884,84.884,84.884,84.884,
2015-12-28,84.474,84.474,84.474,84.474,
2015-12-29,85.137,85.137,85.137,85.137,
2015-12-30,84.933,84.933,84.933,84.933,
2015-12-31,84.065,84.065,84.065,84.065,
2016-01-04,82.232,82.232,82.232,82.232,
2016-01-05,82.576,82.576,82.576,82.576,
2016-01-06,82.158,82.158,82.158,82.158,
2016-01-07,81.201,81.201,81.201,81.201,
2016-01-08,80.333,80.333,80.333,80.333,
2016-01-11,79.851,79.851,79.851,79.851,
2016-01-12,80.399,80.399,80.399,80.399,
2016-01-13,79.4,79.4,79.4,79.4,
2016-01-14,80.931,80.931,80.931,80.931,
2016-01-15,79.384,79.384,79.384,79.384,
2016-01-19,79.793,79.793,79.793,79.793,
2016-01-20,78.361,78.361,78.361,78.361,
2016-01-21,78.517,78.517,78.517,78.517,
2016-01-22,79.179,79.179,79.179,79.179,
2016-01-25,78.893,78.893,78.893,78.893,
2016-01-26,82.805,82.805,82.805,82.805,
2016-01-27,83.607,83.607,83.607,83.607,
2016-01-28,83.697,83.697,83.697,83.697,
2016-01-29,85.473,85.473,85.473,85.473,
2016-02-01,85.416,85.416,85.416,85.416,
2016-02-02,84.63,84.63,84.63,84.63,
2016-02-03,85.227,85.227,85.227,85.227,
2016-02-04,85.031,85.031,85.031,85.031,
2016-02-05,82.281,82.281,82.281,82.281,
2016-02-08,83.476,83.476,83.476,83.476,
2016-02-09,83.451,83.451,83.451,83.451,
2016-02-10,83.255,83.255,83.255,83.255,
2016-02-11,83.231,83.231,83.231,83.231,
2016-02-12,83.329,83.329,83.329,83.329,
2016-02-16,83.738,83.738,83.738,83.738,
2016-02-17,83.885,83.885,83.885,83.885,
2016-02-18,85.309,85.309,85.309,85.309,
2016-02-19,85.862,85.862,85.862,85.862,
2016-02-22,86.348,86.348,86.348,86.348,
2016-02-23,85.796,85.796,85.796,85.796,
2016-02-24,86.521,86.521,86.521,86.521,
2016-02-25,87.692,87.692,87.692,87.692,
2016-02-26,87.197,87.197,87.197,87.197,
2016-02-29,86.727,86.727,86.727,86.727,
2016-03-01,88.384,88.384,88.384,88.384,
2016-03-02,88.236,88.236,88.236,88.236,
2016-03-03,87.914,87.914,87.914,87.914,
2016-03-04,87.79,87.79,87.79,87.79,
2016-03-07,87.988,87.988,87.988,87.988,
2016-03-08,87.56,87.56,87.56,87.56,
2016-03-09,88.071,88.071,88.071,88.071,
2016-03-10,88.318,88.318,88.318,88.318,
2016-03-11,88.788,88.788,88.788,88.788,
2016-03-14,88.747,88.747,88.747,88.747,
2016-03-15,88.829,88.829,88.829,88.829,
2016-03-16,88.541,88.541,88.541,88.541,
2016-03-17,87.988,87.988,87.988,87.988,
2016-03-18,88.615,88.615,88.615,88.615,
2016-03-21,88.433,88.433,88.433,88.433,
2016-03-22,88.516,88.516,88.516,88.516,
2016-03-23,89.439,89.439,89.439,89.439,
2016-03-24,89.282,89.282,89.282,89.282,
2016-03-28,89.217,89.217,89.217,89.217,
2016-03-29,89.967,89.967,89.967,89.967,
2016-03-30,89.835,89.835,89.835,89.835,
2016-03-31,89.192,89.192,89.192,89.192,
2016-04-01,90.008,90.008,90.008,90.008,
2016-04-04,89.513,89.513,89.513,89.513,
2016-04-05,89.81,89.81,89.81,89.81,
2016-04-06,90.197,90.197,90.197,90.197,
2016-04-07,90.074,90.074,90.074,90.074,
2016-04-08,89.934,89.934,89.934,89.934,
2016-04-11,89.827,89.827,89.827,89.827,
2016-04-12,90.346,90.346,90.346,90.346,
2016-04-13,90.568,90.568,90.568,90.568,
2016-04-14,90.544,90.544,90.544,90.544,
2016-04-15,90.824,90.824,90.824,90.824,
2016-04-18,91.442,91.442,91.442,91.442,
2016-04-19,92.885,92.885,92.885,92.885,
2016-04-20,93.627,93.627,93.627,93.627,
2016-04-21,93.618,93.618,93.618,93.618,
2016-04-22,93.412,93.412,93.412,93.412,
2016-04-25,93.569,93.569,93.569,93.569,
2016-04-26,93.074,93.074,93.074,93.074,
2016-04-27,92.959,92.959,92.959,92.959,
2016-04-28,92.72,92.72,92.72,92.72,
2016-04-29,92.39,92.39,92.39,92.39,
2016-05-02,92.942,92.942,92.942,92.942,
2016-05-03,92.893,92.893,92.893,92.893,
2016-05-04,92.506,92.506,92.506,92.506,
2016-05-05,93.05,93.05,93.05,93.05,
2016-05-06,92.934,92.934,92.934,92.934,
2016-05-09,93.742,93.742,93.742,93.742,
2016-05-10,94.525,94.525,94.525,94.525,
2016-05-11,94.278,94.278,94.278,94.278,
2016-05-12,94.162,94.162,94.162,94.162,
2016-05-13,93.61,93.61,93.61,93.61,
2016-05-16,94.336,94.336,94.336,94.336,
2016-05-17,93.833,93.833,93.833,93.833,
2016-05-18,93.635,93.635,93.635,93.635,
2016-05-19,93.025,93.025,93.025,93.025,
2016-05-20,93.515,93.515,93.515,93.515,
2016-05-23,93.116,93.116,93.116,93.116,
2016-05-24,93.556,93.556,93.556,93.556,
2016-05-25,94.104,94.104,94.104,94.104,
2016-05-26,93.731,93.731,93.731,93.731,
2016-05-27,93.863,93.863,93.863,93.863,
2016-05-31,93.556,93.556,93.556,93.556,
2016-06-01,93.631,93.631,93.631,93.631,
2016-06-02,95.051,95.051,95.051,95.051,
2016-06-03,95.275,95.275,95.275,95.275,
2016-06-06,96.113,96.113,96.113,96.113,
2016-06-07,96.08,96.08,96.08,96.08,
2016-06-08,96.138,96.138,96.138,96.138,
2016-06-09,97.134,97.134,97.134,97.134,
2016-06-10,97.143,97.143,97.143,97.143,
2016-06-13,96.96,96.96,96.96,96.96,
2016-06-14,97.234,97.234,97.234,97.234,
2016-06-15,96.645,96.645,96.645,96.645,
2016-06-16,96.836,96.836,96.836,96.836,
2016-06-17,95.873,95.873,95.873,95.873,
2016-06-20,96.753,96.753,96.753,96.753,
2016-06-21,96.454,96.454,96.454,96.454,
2016-06-22,96.686,96.686,96.686,96.686,
2016-06-23,97.45,97.45,97.45,97.45,
2016-06-24,95.997,95.997,95.997,95.997,
2016-06-27,96.761,96.761,96.761,96.761,
2016-06-28,98.156,98.156,98.156,98.156,
2016-06-29,99.069,99.069,99.069,99.069,
2016-06-30,100.704,100.704,100.704,100.704,
2016-07-01,100.696,100.696,100.696,100.696,
2016-07-05,101.51,101.51,101.51,101.51,
2016-07-06,101.817,101.817,101.817,101.817,
2016-07-07,101.709,101.709,101.709,101.709,
2016-07-08,101.991,101.991,101.991,101.991,
2016-07-11,102.058,102.058,102.058,102.058,
2016-07-12,102.049,102.049,102.049,102.049,
2016-07-13,102.116,102.116,102.116,102.116,
2016-07-14,102.265,102.265,102.265,102.265,
2016-07-15,102.116,102.116,102.116,102.116,
2016-07-18,102.232,102.232,102.232,102.232,
2016-07-19,103.984,103.984,103.984,103.984,
2016-07-20,103.892,103.892,103.892,103.892,
2016-07-21,103.901,103.901,103.901,103.901,
2016-07-22,103.801,103.801,103.801,103.801,
2016-07-25,103.685,103.685,103.685,103.685,
2016-07-26,103.901,103.901,103.901,103.901,
2016-07-27,103.585,103.585,103.585,103.585,
2016-07-28,103.328,103.328,103.328,103.328,
2016-07-29,103.967,103.967,103.967,103.967,
2016-08-01,104.108,104.108,104.108,104.108,
2016-08-02,103.652,103.652,103.652,103.652,
2016-08-03,102.863,102.863,102.863,102.863,
2016-08-04,102.83,102.83,102.83,102.83,
2016-08-05,103.145,103.145,103.145,103.145,
2016-08-08,102.655,102.655,102.655,102.655,
2016-08-09,102.473,102.473,102.473,102.473,
2016-08-10,102.415,102.415,102.415,102.415,
2016-08-11,102.755,102.755,102.755,102.755,
2016-08-12,102.298,102.298,102.298,102.298,
2016-08-15,101.543,101.543,101.543,101.543,
2016-08-16,99.899,99.899,99.899,99.899,
2016-08-17,100.713,100.713,100.713,100.713,
2016-08-18,100.223,100.223,100.223,100.223,
2016-08-19,100.223,100.223,100.223,100.223,
2016-08-22,99.563,99.563,99.563,99.563,
2016-08-23,99.822,99.822,99.822,99.822,
2016-08-24,99.212,99.212,99.212,99.212,
2016-08-25,99.095,99.095,99.095,99.095,
2016-08-26,99.487,99.487,99.487,99.487,
2016-08-29,100.223,100.223,100.223,100.223,
2016-08-30,99.847,99.847,99.847,99.847,
2016-08-31,99.738,99.738,99.738,99.738,
2016-09-01,99.521,99.521,99.521,99.521,
2016-09-02,99.721,99.721,99.721,99.721,
2016-09-06,100.081,100.081,100.081,100.081,
2016-09-07,99.964,99.964,99.964,99.964,
2016-09-08,99.847,99.847,99.847,99.847,
2016-09-09,98.81,98.81,98.81,98.81,
2016-09-12,99.588,99.588,99.588,99.588,
2016-09-13,98.292,98.292,98.292,98.292,
2016-09-14,98.501,98.501,98.501,98.501,
2016-09-15,99.145,99.145,99.145,99.145,
2016-09-16,98.827,98.827,98.827,98.827,
2016-09-19,98.334,98.334,98.334,98.334,
2016-09-20,98.576,98.576,98.576,98.576,
2016-09-21,99.379,99.379,99.379,99.379,
2016-09-22,99.838,99.838,99.838,99.838,
2016-09-23,99.295,99.295,99.295,99.295,
2016-09-26,98.434,98.434,98.434,98.434,
2016-09-27,99.638,99.638,99.638,99.638,
2016-09-28,99.78,99.78,99.78,99.78,
2016-09-29,98.008,98.008,98.008,98.008,
2016-09-30,98.727,98.727,98.727,98.727,
2016-10-03,99.295,99.295,99.295,99.295,
2016-10-04,99.303,99.303,99.303,99.303,
2016-10-05,99.604,99.604,99.604,99.604,
2016-10-06,99.245,99.245,99.245,99.245,
2016-10-07,99.654,99.654,99.654,99.654,
2016-10-10,100.123,100.123,100.123,100.123,
2016-10-11,98.317,98.317,98.317,98.317,
2016-10-12,98.593,98.593,98.593,98.593,
2016-10-13,98.835,98.835,98.835,98.835,
2016-10-14,98.25,98.25,98.25,98.25,
2016-10-17,99.028,99.028,99.028,99.028,
2016-10-18,96.454,96.454,96.454,96.454,
2016-10-19,95.768,95.768,95.768,95.768,
2016-10-20,96.002,96.002,96.002,96.002,
2016-10-21,94.807,94.807,94.807,94.807,
2016-10-24,94.949,94.949,94.949,94.949,
2016-10-25,95.242,95.242,95.242,95.242,
2016-10-26,95.743,95.743,95.743,95.743,
2016-10-27,96.696,96.696,96.696,96.696,
2016-10-28,96.387,96.387,96.387,96.387,
2016-10-31,96.938,96.938,96.938,96.938,
2016-11-01,96.395,96.395,96.395,96.395,
2016-11-02,95.994,95.994,95.994,95.994,
2016-11-03,96.136,96.136,96.136,96.136,
2016-11-04,96.203,96.203,96.203,96.203,
2016-11-07,97.498,97.498,97.498,97.498,
2016-11-08,97.824,97.824,97.824,97.824,
2016-11-09,100.549,100.549,100.549,100.549,
2016-11-10,99.905,99.905,99.905,99.905,
2016-11-11,99.011,99.011,99.011,99.011,
2016-11-14,97.448,97.448,97.448,97.448,
2016-11-15,97.214,97.214,97.214,97.214,
2016-11-16,97.248,97.248,97.248,97.248,
2016-11-17,97.423,97.423,97.423,97.423,
2016-11-18,97.078,97.078,97.078,97.078,
2016-11-21,96.775,96.775,96.775,96.775,
2016-11-22,94.873,94.873,94.873,94.873,
2016-11-23,95.151,95.151,95.151,95.151,
2016-11-25,96.043,96.043,96.043,96.043,
2016-11-28,95.201,95.201,95.201,95.201,
2016-11-29,94.654,94.654,94.654,94.654,
2016-11-30,93.661,93.661,93.661,93.661,
2016-12-01,93.729,93.729,93.729,93.729,
2016-12-02,94.217,94.217,94.217,94.217,
2016-12-05,94.2,94.2,94.2,94.2,
2016-12-06,94.301,94.301,94.301,94.301,
2016-12-07,93.493,93.493,93.493,93.493,
2016-12-08,93.401,93.401,93.401,93.401,
2016-12-09,94.469,94.469,94.469,94.469,
2016-12-12,97.078,97.078,97.078,97.078,
2016-12-13,97.524,97.524,97.524,97.524,
2016-12-14,96.767,96.767,96.767,96.767,
2016-12-15,97.524,97.524,97.524,97.524,
2016-12-16,97.516,97.516,97.516,97.516,
2016-12-19,97.633,97.633,97.633,97.633,
2016-12-20,97.331,97.331,97.331,97.331,
2016-12-21,97.036,97.036,97.036,97.036,
2016-12-22,97.145,97.145,97.145,97.145,
2016-12-23,97.583,97.583,97.583,97.583,
2016-12-27,97.541,97.541,97.541,97.541,
2016-12-28,96.859,96.859,96.859,96.859,
2016-12-29,97.187,97.187,97.187,97.187,
2016-12-30,96.952,96.952,96.952,96.952,
2017-01-03,97.482,97.482,97.482,97.482,
2017-01-04,97.322,97.322,97.322,97.322,
2017-01-05,98.34,98.34,98.34,98.34,
2017-01-06,97.869,97.869,97.869,97.869,
2017-01-09,97.852,97.852,97.852,97.852,
2017-01-10,97.751,97.751,97.751,97.751,
2017-01-11,96.548,96.548,96.548,96.548,
2017-01-12,96.455,96.455,96.455,96.455,
2017-01-13,96.438,96.438,96.438,96.438,
2017-01-17,96.666,96.666,96.666,96.666,
2017-01-18,96.523,96.523,96.523,96.523,
2017-01-19,96.102,96.102,96.102,96.102,
2017-01-20,96.06,96.06,96.06,96.06,
2017-01-23,95.858,95.858,95.858,95.858,
2017-01-24,94.049,94.049,94.049,94.049,
2017-01-25,94.924,94.924,94.924,94.924,
2017-01-26,94.116,94.116,94.116,94.116,
2017-01-27,95.412,95.412,95.412,95.412,
2017-01-30,95.201,95.201,95.201,95.201,
2017-01-31,95.302,95.302,95.302,95.302,
2017-02-01,95.286,95.286,95.286,95.286,
2017-02-02,95.572,95.572,95.572,95.572,
2017-02-03,95.631,95.631,95.631,95.631,
2017-02-06,95.429,95.429,95.429,95.429,
2017-02-07,95.496,95.496,95.496,95.496,
2017-02-08,95.429,95.429,95.429,95.429,
2017-02-09,96.001,96.001,96.001,96.001,
2017-02-10,96.977,96.977,96.977,96.977,
2017-02-13,97.516,97.516,97.516,97.516,
2017-02-14,97.92,97.92,97.92,97.92,
2017-02-15,98.626,98.626,98.626,98.626,
2017-02-16,99.367,99.367,99.367,99.367,
2017-02-17,100.023,100.023,100.023,100.023,
2017-02-21,100.697,100.697,100.697,100.697,
2017-02-22,100.579,100.579,100.579,100.579,
2017-02-23,102.413,102.413,102.413,102.413,
2017-02-24,103.963,103.963,103.963,103.963,
2017-02-27,103.684,103.684,103.684,103.684,
2017-02-28,103.523,103.523,103.523,103.523,
2017-03-01,104.921,104.921,104.921,104.921,
2017-03-02,104.726,104.726,104.726,104.726,
2017-03-03,104.861,104.861,104.861,104.861,
2017-03-06,104.794,104.794,104.794,104.794,
2017-03-07,104.895,104.895,104.895,104.895,
2017-03-08,105.124,105.124,105.124,105.124,
2017-03-09,106.691,106.691,106.691,106.691,
2017-03-10,106.911,106.911,106.911,106.911,
2017-03-13,107.309,107.309,107.309,107.309,
2017-03-14,107.623,107.623,107.623,107.623,
2017-03-15,109.241,109.241,109.241,109.241,
2017-03-16,108.817,108.817,108.817,108.817,
2017-03-17,108.478,108.478,108.478,108.478,
2017-03-20,108.487,108.487,108.487,108.487,
2017-03-21,107.792,107.792,107.792,107.792,
2017-03-22,106.954,106.954,106.954,106.954,
2017-03-23,106.649,106.649,106.649,106.649,
2017-03-24,106.293,106.293,106.293,106.293,
2017-03-27,106.564,106.564,106.564,106.564,
2017-03-28,106.445,106.445,106.445,106.445,
2017-03-29,105.819,105.819,105.819,105.819,
2017-03-30,105.598,105.598,105.598,105.598,
2017-03-31,105.505,105.505,105.505,105.505,
2017-04-03,105.624,105.624,105.624,105.624,
2017-04-04,105.615,105.615,105.615,105.615,
2017-04-05,105.717,105.717,105.717,105.717,
2017-04-06,105.929,105.929,105.929,105.929,
2017-04-07,105.819,105.819,105.819,105.819,
2017-04-10,105.327,105.327,105.327,105.327,
2017-04-11,105.226,105.226,105.226,105.226,
2017-04-12,106.225,106.225,106.225,106.225,
2017-04-13,105.878,105.878,105.878,105.878,
2017-04-17,106.496,106.496,106.496,106.496,
2017-04-18,103.193,103.193,103.193,103.193,
2017-04-19,102.811,102.811,102.811,102.811,
2017-04-20,103.235,103.235,103.235,103.235,
2017-04-21,103.142,103.142,103.142,103.142,
2017-04-24,104.099,104.099,104.099,104.099,
2017-04-25,104.556,104.556,104.556,104.556,
2017-04-26,104.624,104.624,104.624,104.624,
2017-04-27,104.819,104.819,104.819,104.819,
2017-04-28,104.59,104.59,104.59,104.59,
2017-05-01,104.48,104.48,104.48,104.48,
2017-05-02,104.785,104.785,104.785,104.785,
2017-05-03,104.472,104.472,104.472,104.472,
2017-05-04,104.997,104.997,104.997,104.997,
2017-05-05,104.624,104.624,104.624,104.624,
2017-05-08,104.404,104.404,104.404,104.404,
2017-05-09,104.37,104.37,104.37,104.37,
2017-05-10,104.031,104.031,104.031,104.031,
2017-05-11,104.362,104.362,104.362,104.362,
2017-05-12,104.734,104.734,104.734,104.734,
2017-05-15,107.572,107.572,107.572,107.572,
2017-05-16,108.233,108.233,108.233,108.233,
2017-05-17,107.301,107.301,107.301,107.301,
2017-05-18,107.555,107.555,107.555,107.555,
2017-05-19,107.581,107.581,107.581,107.581,
2017-05-22,107.801,107.801,107.801,107.801,
2017-05-23,108.021,108.021,108.021,108.021,
2017-05-24,108.013,108.013,108.013,108.013,
2017-05-25,108.746,108.746,108.746,108.746,
2017-05-26,108.226,108.226,108.226,108.226,
2017-05-30,108.388,108.388,108.388,108.388,
2017-05-31,109.36,109.36,109.36,109.36,
2017-06-01,109.812,109.812,109.812,109.812,
2017-06-02,110.92,110.92,110.92,110.92,
2017-06-05,111.159,111.159,111.159,111.159,
2017-06-06,111.56,111.56,111.56,111.56,
2017-06-07,111.492,111.492,111.492,111.492,
2017-06-08,111.321,111.321,111.321,111.321,
2017-06-09,112.157,112.157,112.157,112.157,
2017-06-12,112.404,112.404,112.404,112.404,
2017-06-13,112.575,112.575,112.575,112.575,
2017-06-14,113.214,113.214,113.214,113.214,
2017-06-15,113.444,113.444,113.444,113.444,
2017-06-16,114.561,114.561,114.561,114.561,
2017-06-19,114.323,114.323,114.323,114.323,
2017-06-20,114.451,114.451,114.451,114.451,
2017-06-21,115.039,115.039,115.039,115.039,
2017-06-22,116.011,116.011,116.011,116.011,
2017-06-23,116.335,116.335,116.335,116.335,
2017-06-26,116.258,116.258,116.258,116.258,
2017-06-27,115.124,115.124,115.124,115.124,
2017-06-28,114.109,114.109,114.109,114.109,
2017-06-29,113.103,113.103,113.103,113.103,
2017-06-30,112.805,112.805,112.805,112.805,
2017-07-03,113.325,113.325,113.325,113.325,
2017-07-05,113.956,113.956,113.956,113.956,
2017-07-06,113.001,113.001,113.001,113.001,
2017-07-07,113.018,113.018,113.018,113.018,
2017-07-10,112.174,112.174,112.174,112.174,
2017-07-11,111.901,111.901,111.901,111.901,
2017-07-12,112.754,112.754,112.754,112.754,
2017-07-13,112.438,112.438,112.438,112.438,
2017-07-14,113.069,113.069,113.069,113.069,
2017-07-17,112.685,112.685,112.685,112.685,
2017-07-18,114.655,114.655,114.655,114.655,
2017-07-19,115.295,115.295,115.295,115.295,
2017-07-20,116.454,116.454,116.454,116.454,
2017-07-21,115.38,115.38,115.38,115.38,
2017-07-24,113.419,113.419,113.419,113.419,
2017-07-25,112.455,112.455,112.455,112.455,
2017-07-26,111.662,111.662,111.662,111.662,
2017-07-27,111.56,111.56,111.56,111.56,
2017-07-28,112.43,112.43,112.43,112.43,
2017-07-31,113.171,113.171,113.171,113.171,
2017-08-01,112.992,112.992,112.992,112.992,
2017-08-02,112.694,112.694,112.694,112.694,
2017-08-03,113.709,113.709,113.709,113.709,
2017-08-04,113.564,113.564,113.564,113.564,
2017-08-07,113.291,113.291,113.291,113.291,
2017-08-08,112.788,112.788,112.788,112.788,
2017-08-09,113.606,113.606,113.606,113.606,
2017-08-10,113.487,113.487,113.487,113.487,
2017-08-11,113.495,113.495,113.495,113.495,
2017-08-14,113.819,113.819,113.819,113.819,
2017-08-15,113.734,113.734,113.734,113.734,
2017-08-16,114.408,114.408,114.408,114.408,
2017-08-17,113.444,113.444,113.444,113.444,
2017-08-18,113.095,113.095,113.095,113.095,
2017-08-21,113.794,113.794,113.794,113.794,
2017-08-22,114.86,114.86,114.86,114.86,
2017-08-23,113.24,113.24,113.24,113.24,
2017-08-24,113.316,113.316,113.316,113.316,
2017-08-25,112.999,112.999,112.999,112.999,
2017-08-28,113.05,113.05,113.05,113.05,
2017-08-29,113.454,113.454,113.454,113.454,
2017-08-30,112.475,112.475,112.475,112.475,
2017-08-31,113.591,113.591,113.591,113.591,
2017-09-01,112.441,112.441,112.441,112.441,
2017-09-05,111.471,111.471,111.471,111.471,
2017-09-06,112.132,112.132,112.132,112.132,
2017-09-07,113.437,113.437,113.437,113.437,
2017-09-08,112.398,112.398,112.398,112.398,
2017-09-11,114.312,114.312,114.312,114.312,
2017-09-12,113.814,113.814,113.814,113.814,
2017-09-13,113.66,113.66,113.66,113.66,
2017-09-14,115.144,115.144,115.144,115.144,
2017-09-15,115.376,115.376,115.376,115.376,
2017-09-18,116.174,116.174,116.174,116.174,
2017-09-19,116.037,116.037,116.037,116.037,
2017-09-20,114.32,114.32,114.32,114.32,
2017-09-21,113.059,113.059,113.059,113.059,
2017-09-22,112.75,112.75,112.75,112.75,
2017-09-25,112.561,112.561,112.561,112.561,
2017-09-26,112.364,112.364,112.364,112.364,
2017-09-27,111.343,111.343,111.343,111.343,
2017-09-28,111.102,111.102,111.102,111.102,
2017-09-29,111.566,111.566,111.566,111.566,
2017-10-02,112.604,112.604,112.604,112.604,
2017-10-03,113.359,113.359,113.359,113.359,
2017-10-04,114.037,114.037,114.037,114.037,
2017-10-05,114.295,114.295,114.295,114.295,
2017-10-06,114.32,114.32,114.32,114.32,
2017-10-09,114.518,114.518,114.518,114.518,
2017-10-10,114.904,114.904,114.904,114.904,
2017-10-11,117.264,117.264,117.264,117.264,
2017-10-12,117.418,117.418,117.418,117.418,
2017-10-13,117.075,117.075,117.075,117.075,
2017-10-16,116.809,116.809,116.809,116.809,
2017-10-17,120.816,120.816,120.816,120.816,
2017-10-18,120.722,120.722,120.722,120.722,
2017-10-19,121.889,121.889,121.889,121.889,
2017-10-20,122.198,122.198,122.198,122.198,
2017-10-23,123.245,123.245,123.245,123.245,
2017-10-24,121.546,121.546,121.546,121.546,
2017-10-25,122.164,122.164,122.164,122.164,
2017-10-26,121.692,121.692,121.692,121.692,
2017-10-27,121.666,121.666,121.666,121.666,
2017-10-30,120.139,120.139,120.139,120.139,
2017-10-31,119.632,119.632,119.632,119.632,
2017-11-01,120.121,120.121,120.121,120.121,
2017-11-02,120.078,120.078,120.078,120.078,
2017-11-03,120.207,120.207,120.207,120.207,
2017-11-06,119.933,119.933,119.933,119.933,
2017-11-07,119.941,119.941,119.941,119.941,
2017-11-08,121.271,121.271,121.271,121.271,
2017-11-09,120.439,120.439,120.439,120.439,
2017-11-10,119.761,119.761,119.761,119.761,
2017-11-13,119.933,119.933,119.933,119.933,
2017-11-14,119.701,119.701,119.701,119.701,
2017-11-15,119.366,119.366,119.366,119.366,
2017-11-16,119.169,119.169,119.169,119.169,
2017-11-17,118.422,118.422,118.422,118.422,
2017-11-20,118.362,118.362,118.362,118.362,
2017-11-21,118.714,118.714,118.714,118.714,
2017-11-22,117.813,117.813,117.813,117.813,
2017-11-24,118.431,118.431,118.431,118.431,
2017-11-27,119.234,119.234,119.234,119.234,
2017-11-28,120.892,120.892,120.892,120.892,
2017-11-29,120.71,120.71,120.71,120.71,
2017-11-30,120.296,120.296,120.296,120.296,
2017-12-01,120.857,120.857,120.857,120.857,
2017-12-04,120.02,120.02,120.02,120.02,
2017-12-05,120.589,120.589,120.589,120.589,
2017-12-06,121.789,121.789,121.789,121.789,
2017-12-07,120.883,120.883,120.883,120.883,
2017-12-08,121.384,121.384,121.384,121.384,
2017-12-11,121.859,121.859,121.859,121.859,
2017-12-12,123.119,123.119,123.119,123.119,
2017-12-13,123.369,123.369,123.369,123.369,
2017-12-14,122.299,122.299,122.299,122.299,
2017-12-15,122.998,122.998,122.998,122.998,
2017-12-18,122.428,122.428,122.428,122.428,
2017-12-19,122.411,122.411,122.411,122.411,
2017-12-20,121.876,121.876,121.876,121.876,
2017-12-21,121.789,121.789,121.789,121.789,
2017-12-22,120.978,120.978,120.978,120.978,
2017-12-26,120.952,120.952,120.952,120.952,
2017-12-27,121.366,121.366,121.366,121.366,
2017-12-28,121.358,121.358,121.358,121.358,
2017-12-29,120.633,120.633,120.633,120.633,
2018-01-02,120.209,120.209,120.209,120.209,
2018-01-03,121.358,121.358,121.358,121.358,
2018-01-04,121.349,121.349,121.349,121.349,
2018-01-05,122.351,122.351,122.351,122.351,
2018-01-08,122.506,122.506,122.506,122.506,
2018-01-09,124.449,124.449,124.449,124.449,
2018-01-10,124.302,124.302,124.302,124.302,
2018-01-11,125.01,125.01,125.01,125.01,
2018-01-12,125.847,125.847,125.847,125.847,
2018-01-16,126.797,126.797,126.797,126.797,
2018-01-17,126.901,126.901,126.901,126.901,
2018-01-18,126.849,126.849,126.849,126.849,
2018-01-19,127.229,127.229,127.229,127.229,
2018-01-22,127.902,127.902,127.902,127.902,
2018-01-23,122.454,122.454,122.454,122.454,
2018-01-24,122.662,122.662,122.662,122.662,
2018-01-25,124.673,124.673,124.673,124.673,
2018-01-26,125.476,125.476,125.476,125.476,
2018-01-29,124.052,124.052,124.052,124.052,
2018-01-30,122.972,122.972,122.972,122.972,
2018-01-31,119.312,119.312,119.312,119.312,
2018-02-01,120.892,120.892,120.892,120.892,
2018-02-02,118.871,118.871,118.871,118.871,
2018-02-05,112.577,112.577,112.577,112.577,
2018-02-06,113.82,113.82,113.82,113.82,
2018-02-07,113.466,113.466,113.466,113.466,
2018-02-08,109.098,109.098,109.098,109.098,
2018-02-09,111.835,111.835,111.835,111.835,
2018-02-12,112.474,112.474,112.474,112.474,
2018-02-13,112.206,112.206,112.206,112.206,
2018-02-14,111.955,111.955,111.955,111.955,
2018-02-15,113.302,113.302,113.302,113.302,
2018-02-16,114.96,114.96,114.96,114.96,
2018-02-20,112.992,112.992,112.992,112.992,
2018-02-21,112.163,112.163,112.163,112.163,
2018-02-22,112.163,112.163,112.163,112.163,
2018-02-23,113.984,113.984,113.984,113.984,
2018-02-26,114.758,114.758,114.758,114.758,
2018-02-27,114.41,114.41,114.41,114.41,
2018-02-28,112.855,112.855,112.855,112.855,
2018-03-01,110.596,110.596,110.596,110.596,
2018-03-02,111.934,111.934,111.934,111.934,
2018-03-05,112.777,112.777,112.777,112.777,
2018-03-06,111.412,111.412,111.412,111.412,
2018-03-07,112.125,112.125,112.125,112.125,
2018-03-08,114.749,114.749,114.749,114.749,
2018-03-09,116.261,116.261,116.261,116.261,
2018-03-12,115.244,115.244,115.244,115.244,
2018-03-13,116.739,116.739,116.739,116.739,
2018-03-14,114.975,114.975,114.975,114.975,
2018-03-15,115.618,115.618,115.618,115.618,
2018-03-16,116.157,116.157,116.157,116.157,
2018-03-19,113.168,113.168,113.168,113.168,
2018-03-20,114.011,114.011,114.011,114.011,
2018-03-21,113.993,113.993,113.993,113.993,
2018-03-22,110.683,110.683,110.683,110.683,
2018-03-23,108.701,108.701,108.701,108.701,
2018-03-26,110.691,110.691,110.691,110.691,
2018-03-27,110.535,110.535,110.535,110.535,
2018-03-28,110.743,110.743,110.743,110.743,
2018-03-29,111.352,111.352,111.352,111.352,
2018-04-02,108.232,108.232,108.232,108.232,
2018-04-03,111.525,111.525,111.525,111.525,
2018-04-04,113.315,113.315,113.315,113.315,
2018-04-05,113.576,113.576,113.576,113.576,
2018-04-06,111.308,111.308,111.308,111.308,
2018-04-09,112.507,112.507,112.507,112.507,
2018-04-10,113.176,113.176,113.176,113.176,
2018-04-11,112.638,112.638,112.638,112.638,
2018-04-12,113.333,113.333,113.333,113.333,
2018-04-13,113.498,113.498,113.498,113.498,
2018-04-16,114.488,114.488,114.488,114.488,
2018-04-17,113.428,113.428,113.428,113.428,
2018-04-18,110.978,110.978,110.978,110.978,
2018-04-19,110.83,110.83,110.83,110.83,
2018-04-20,110.057,110.057,110.057,110.057,
2018-04-23,110.205,110.205,110.205,110.205,
2018-04-24,109.649,109.649,109.649,109.649,
2018-04-25,110.144,110.144,110.144,110.144,
2018-04-26,111.23,111.23,111.23,111.23,
2018-04-27,111.456,111.456,111.456,111.456,
2018-04-30,109.909,109.909,109.909,109.909,
2018-05-01,109.492,109.492,109.492,109.492,
2018-05-02,107.311,107.311,107.311,107.311,
2018-05-03,106.903,106.903,106.903,106.903,
2018-05-04,107.911,107.911,107.911,107.911,
2018-05-07,107.389,107.389,107.389,107.389,
2018-05-08,106.538,106.538,106.538,106.538,
2018-05-09,107.32,107.32,107.32,107.32,
2018-05-10,108.919,108.919,108.919,108.919,
2018-05-11,110.561,110.561,110.561,110.561,
2018-05-14,109.536,109.536,109.536,109.536,
2018-05-15,108.728,108.728,108.728,108.728,
2018-05-16,108.919,108.919,108.919,108.919,
2018-05-17,107.615,107.615,107.615,107.615,
2018-05-18,107.954,107.954,107.954,107.954,
2018-05-21,107.502,107.502,107.502,107.502,
2018-05-22,106.799,106.799,106.799,106.799,
2018-05-23,107.268,107.268,107.268,107.268,
2018-05-24,106.225,106.225,106.225,106.225,
2018-05-25,106.33,106.33,106.33,106.33,
2018-05-29,104.518,104.518,104.518,104.518,
2018-05-30,105.892,105.892,105.892,105.892,
2018-05-31,104.711,104.711,104.711,104.711,
2018-06-01,106.146,106.146,106.146,106.146,
2018-06-04,106.75,106.75,106.75,106.75,
2018-06-05,106.339,106.339,106.339,106.339,
2018-06-06,107.486,107.486,107.486,107.486,
2018-06-07,107.958,107.958,107.958,107.958,
2018-06-08,108.597,108.597,108.597,108.597,
2018-06-11,107.372,107.372,107.372,107.372,
2018-06-12,107.267,107.267,107.267,107.267,
2018-06-13,107.345,107.345,107.345,107.345,
2018-06-14,107.153,107.153,107.153,107.153,
2018-06-15,107.328,107.328,107.328,107.328,
2018-06-18,106.199,106.199,106.199,106.199,
2018-06-19,107.293,107.293,107.293,107.293,
2018-06-20,106.829,106.829,106.829,106.829,
2018-06-21,106.313,106.313,106.313,106.313,
2018-06-22,107.529,107.529,107.529,107.529,
2018-06-25,107.31,107.31,107.31,107.31,
2018-06-26,107.1,107.1,107.1,107.1,
2018-06-27,106.453,106.453,106.453,106.453,
2018-06-28,106.794,106.794,106.794,106.794,
2018-06-29,106.216,106.216,106.216,106.216,
2018-07-02,106.426,106.426,106.426,106.426,
2018-07-03,107.416,107.416,107.416,107.416,
2018-07-05,109.42,109.42,109.42,109.42,
2018-07-06,110.077,110.077,110.077,110.077,
2018-07-09,110.339,110.339,110.339,110.339,
2018-07-10,111.503,111.503,111.503,111.503,
2018-07-11,110.506,110.506,110.506,110.506,
2018-07-12,111.836,111.836,111.836,111.836,
2018-07-13,110.234,110.234,110.234,110.234,
2018-07-16,109.149,109.149,109.149,109.149,
2018-07-17,113.018,113.018,113.018,113.018,
2018-07-18,111.871,111.871,111.871,111.871,
2018-07-19,110.243,110.243,110.243,110.243,
2018-07-20,110.164,110.164,110.164,110.164,
2018-07-23,110.847,110.847,110.847,110.847,
2018-07-24,113.237,113.237,113.237,113.237,
2018-07-25,112.589,112.589,112.589,112.589,
2018-07-26,114.042,114.042,114.042,114.042,
2018-07-27,115.154,115.154,115.154,115.154,
2018-07-30,115.696,115.696,115.696,115.696,
2018-07-31,116.003,116.003,116.003,116.003,
2018-08-01,116.108,116.108,116.108,116.108,
2018-08-02,114.891,114.891,114.891,114.891,
2018-08-03,115.504,115.504,115.504,115.504,
2018-08-06,115.565,115.565,115.565,115.565,
2018-08-07,115.075,115.075,115.075,115.075,
2018-08-08,114.821,114.821,114.821,114.821,
2018-08-09,114.847,114.847,114.847,114.847,
2018-08-10,114.453,114.453,114.453,114.453,
2018-08-13,113.989,113.989,113.989,113.989,
2018-08-14,113.359,113.359,113.359,113.359,
2018-08-15,114.173,114.173,114.173,114.173,
2018-08-16,115.968,115.968,115.968,115.968,
2018-08-17,117.71,117.71,117.71,117.71,
2018-08-20,119.819,119.819,119.819,119.819,
2018-08-21,118.48,118.48,118.48,118.48,
2018-08-22,117.832,117.832,117.832,117.832,
2018-08-23,118.27,118.27,118.27,118.27,
2018-08-24,119.005,119.005,119.005,119.005,
2018-08-27,118.891,118.891,118.891,118.891,
2018-08-28,118.362,118.362,118.362,118.362,
2018-08-29,118.838,118.838,118.838,118.838,
2018-08-30,118.917,118.917,118.917,118.917,
2018-08-31,118.688,118.688,118.688,118.688,
2018-09-04,117.833,117.833,117.833,117.833,
2018-09-05,119.719,119.719,119.719,119.719,
2018-09-06,120.609,120.609,120.609,120.609,
2018-09-07,121.006,121.006,121.006,121.006,
2018-09-10,120.909,120.909,120.909,120.909,
2018-09-11,122.054,122.054,122.054,122.054,
2018-09-12,122.803,122.803,122.803,122.803,
2018-09-13,123.27,123.27,123.27,123.27,
2018-09-14,122.918,122.918,122.918,122.918,
2018-09-17,123.332,123.332,123.332,123.332,
2018-09-18,123.843,123.843,123.843,123.843,
2018-09-19,123.773,123.773,123.773,123.773,
2018-09-20,125.112,125.112,125.112,125.112,
2018-09-21,125.905,125.905,125.905,125.905,
2018-09-24,123.781,123.781,123.781,123.781,
2018-09-25,122.169,122.169,122.169,122.169,
2018-09-26,121.746,121.746,121.746,121.746,
2018-09-27,121.799,121.799,121.799,121.799,
2018-09-28,121.755,121.755,121.755,121.755,
2018-10-01,123.094,123.094,123.094,123.094,
2018-10-02,123.79,123.79,123.79,123.79,
2018-10-03,122.512,122.512,122.512,122.512,
2018-10-04,122.794,122.794,122.794,122.794,
2018-10-05,122.574,122.574,122.574,122.574,
2018-10-08,122.83,122.83,122.83,122.83,
2018-10-09,122.662,122.662,122.662,122.662,
2018-10-10,121.367,121.367,121.367,121.367,
2018-10-11,117.939,117.939,117.939,117.939,
2018-10-12,117.965,117.965,117.965,117.965,
2018-10-15,118.036,118.036,118.036,118.036,
2018-10-16,120.336,120.336,120.336,120.336,
2018-10-17,122.891,122.891,122.891,122.891,
2018-10-18,122.927,122.927,122.927,122.927,
2018-10-19,122.53,122.53,122.53,122.53,
2018-10-22,122.204,122.204,122.204,122.204,
2018-10-23,122.424,122.424,122.424,122.424,
2018-10-24,121.138,121.138,121.138,121.138,
2018-10-25,122.019,122.019,122.019,122.019,
2018-10-26,120.697,120.697,120.697,120.697,
2018-10-29,121.208,121.208,121.208,121.208,
2018-10-30,124.028,124.028,124.028,124.028,
2018-10-31,123.358,123.358,123.358,123.358,
2018-11-01,124.09,124.09,124.09,124.09,
2018-11-02,123.966,123.966,123.966,123.966,
2018-11-05,125.306,125.306,125.306,125.306,
2018-11-06,125.632,125.632,125.632,125.632,
2018-11-07,127.553,127.553,127.553,127.553,
2018-11-08,128.038,128.038,128.038,128.038,
2018-11-09,128.073,128.073,128.073,128.073,
2018-11-12,128.32,128.32,128.32,128.32,
2018-11-13,127.491,127.491,127.491,127.491,
2018-11-14,127.112,127.112,127.112,127.112,
2018-11-15,127.333,127.333,127.333,127.333,
2018-11-16,128.646,128.646,128.646,128.646,
2018-11-19,130.179,130.179,130.179,130.179,
2018-11-20,129.051,129.051,129.051,129.051,
2018-11-21,125.121,125.121,125.121,125.121,
2018-11-23,125.332,125.332,125.332,125.332,
2018-11-26,125.368,125.368,125.368,125.368,
2018-11-27,127.008,127.008,127.008,127.008,
2018-11-28,129.864,129.864,129.864,129.864,
2018-11-29,129.341,129.341,129.341,129.341,
2018-11-30,130.272,130.272,130.272,130.272,
2018-12-03,129.66,129.66,129.66,129.66,
2018-12-04,129.5,129.5,129.5,129.5,
2018-12-06,129.394,129.394,129.394,129.394,
2018-12-07,128.968,128.968,128.968,128.968,
2018-12-10,128.817,128.817,128.817,128.817,
2018-12-11,129.917,129.917,129.917,129.917,
2018-12-12,130.449,130.449,130.449,130.449,
2018-12-13,131.105,131.105,131.105,131.105,
2018-12-14,117.945,117.945,117.945,117.945,
2018-12-17,114.522,114.522,114.522,114.522,
2018-12-18,115.657,115.657,115.657,115.657,
2018-12-19,113.165,113.165,113.165,113.165,
2018-12-20,113.751,113.751,113.751,113.751,
2018-12-21,113.591,113.591,113.591,113.591,
2018-12-24,108.935,108.935,108.935,108.935,
2018-12-26,112.367,112.367,112.367,112.367,
2018-12-27,112.988,112.988,112.988,112.988,
2018-12-28,112.864,112.864,112.864,112.864,
2018-12-31,114.442,114.442,114.442,114.442,
2019-01-02,113.289,113.289,113.289,113.289,
2019-01-03,111.489,111.489,111.489,111.489,
2019-01-04,113.36,113.36,113.36,113.36,
2019-01-07,112.633,112.633,112.633,112.633,
2019-01-08,115.249,115.249,115.249,115.249,
2019-01-09,114.336,114.336,114.336,114.336,
2019-01-10,115.028,115.028,115.028,115.028,
2019-01-11,115.063,115.063,115.063,115.063,
2019-01-14,113.759,113.759,113.759,113.759,
2019-01-15,114.717,114.717,114.717,114.717,
2019-01-16,113.547,113.547,113.547,113.547,
2019-01-17,114.478,114.478,114.478,114.478,
2019-01-18,115.897,115.897,115.897,115.897,
2019-01-22,114.221,114.221,114.221,114.221,
2019-01-23,114.221,114.221,114.221,114.221,
2019-01-24,112.651,112.651,112.651,112.651,
2019-01-25,113.715,113.715,113.715,113.715,
2019-01-28,114.389,114.389,114.389,114.389,
2019-01-29,115.577,115.577,115.577,115.577,
2019-01-30,116.739,116.739,116.739,116.739,
2019-01-31,118.016,118.016,118.016,118.016,
2019-02-01,119.009,119.009,119.009,119.009,
2019-02-04,117.839,117.839,117.839,117.839,
2019-02-05,117.839,117.839,117.839,117.839,
2019-02-06,117.945,117.945,117.945,117.945,
2019-02-07,117.103,117.103,117.103,117.103,
2019-02-08,117.413,117.413,117.413,117.413,
2019-02-11,117.058,117.058,117.058,117.058,
2019-02-12,118.974,118.974,118.974,118.974,
2019-02-13,119.231,119.231,119.231,119.231,
2019-02-14,119.107,119.107,119.107,119.107,
2019-02-15,120.943,120.943,120.943,120.943,
2019-02-19,120.331,120.331,120.331,120.331,
2019-02-20,120.916,120.916,120.916,120.916,
2019-02-21,120.091,120.091,120.091,120.091,
2019-02-22,121.138,121.138,121.138,121.138,
2019-02-25,121.584,121.584,121.584,121.584,
2019-02-26,121.504,121.504,121.504,121.504,
2019-02-27,121.289,121.289,121.289,121.289,
2019-02-28,121.977,121.977,121.977,121.977,
2019-03-01,123.503,123.503,123.503,123.503,
2019-03-04,123.619,123.619,123.619,123.619,
2019-03-05,123.878,123.878,123.878,123.878,
2019-03-06,124.164,124.164,124.164,124.164,
2019-03-07,123.405,123.405,123.405,123.405,
2019-03-08,123.244,123.244,123.244,123.244,
2019-03-11,123.691,123.691,123.691,123.691,
2019-03-12,124.244,124.244,124.244,124.244,
2019-03-13,124.45,124.45,124.45,124.45,
2019-03-14,123.209,123.209,123.209,123.209,
2019-03-15,122.834,122.834,122.834,122.834,
2019-03-18,122.45,122.45,122.45,122.45,
2019-03-19,123.584,123.584,123.584,123.584,
2019-03-20,122.557,122.557,122.557,122.557,
2019-03-21,123.28,123.28,123.28,123.28,
2019-03-22,122.218,122.218,122.218,122.218,
2019-03-25,121.95,121.95,121.95,121.95,
2019-03-26,123.7,123.7,123.7,123.7,
2019-03-27,123.816,123.816,123.816,123.816,
2019-03-28,123.976,123.976,123.976,123.976,
2019-03-29,124.789,124.789,124.789,124.789,
2019-04-01,124.066,124.066,124.066,124.066,
2019-04-02,122.932,122.932,122.932,122.932,
2019-04-03,122.45,122.45,122.45,122.45,
2019-04-04,121.022,121.022,121.022,121.022,
2019-04-05,121.566,121.566,121.566,121.566,
2019-04-08,121.53,121.53,121.53,121.53,
2019-04-09,121.022,121.022,121.022,121.022,
2019-04-10,121.031,121.031,121.031,121.031,
2019-04-11,120.7,120.7,120.7,120.7,
2019-04-12,121.388,121.388,121.388,121.388,
2019-04-15,121.87,121.87,121.87,121.87,
2019-04-16,123.209,123.209,123.209,123.209,
2019-04-17,123.655,123.655,123.655,123.655,
2019-04-18,122.762,122.762,122.762,122.762,
2019-04-22,123.039,123.039,123.039,123.039,
2019-04-23,124.887,124.887,124.887,124.887,
2019-04-24,124.262,124.262,124.262,124.262,
2019-04-25,124.664,124.664,124.664,124.664,
2019-04-26,125.324,125.324,125.324,125.324,
2019-04-29,124.833,124.833,124.833,124.833,
2019-04-30,126.047,126.047,126.047,126.047,
2019-05-01,126.717,126.717,126.717,126.717,
2019-05-02,126.119,126.119,126.119,126.119,
2019-05-03,126.771,126.771,126.771,126.771,
2019-05-06,126.842,126.842,126.842,126.842,
2019-05-07,124.949,124.949,124.949,124.949,
2019-05-08,124.789,124.789,124.789,124.789,
2019-05-09,123.842,123.842,123.842,123.842,
2019-05-10,124.128,124.128,124.128,124.128,
2019-05-13,122.477,122.477,122.477,122.477,
2019-05-14,122.137,122.137,122.137,122.137,
2019-05-15,122.218,122.218,122.218,122.218,
2019-05-16,123.378,123.378,123.378,123.378,
2019-05-17,123.735,123.735,123.735,123.735,
2019-05-20,123.566,123.566,123.566,123.566,
2019-05-21,123.298,123.298,123.298,123.298,
2019-05-22,123.869,123.869,123.869,123.869,
2019-05-23,124.789,124.789,124.789,124.789,
2019-05-24,124.798,124.798,124.798,124.798,
2019-05-28,123.198,123.198,123.198,123.198,
2019-05-29,118.039,118.039,118.039,118.039,
2019-05-30,118.74,118.74,118.74,118.74,
2019-05-31,117.877,117.877,117.877,117.877,
2019-06-03,118.138,118.138,118.138,118.138,
2019-06-04,120.196,120.196,120.196,120.196,
2019-06-05,120.78,120.78,120.78,120.78,
2019-06-06,122.847,122.847,122.847,122.847,
2019-06-07,124.528,124.528,124.528,124.528,
2019-06-10,124.951,124.951,124.951,124.951,
2019-06-11,125.634,125.634,125.634,125.634,
2019-06-12,127.341,127.341,127.341,127.341,
2019-06-13,126.47,126.47,126.47,126.47,
2019-06-14,125.912,125.912,125.912,125.912,
2019-06-17,125.328,125.328,125.328,125.328,
2019-06-18,126.038,126.038,126.038,126.038,
2019-06-19,126.236,126.236,126.236,126.236,
2019-06-20,127.818,127.818,127.818,127.818,
2019-06-21,127.71,127.71,127.71,127.71,
2019-06-24,128.582,128.582,128.582,128.582,
2019-06-25,129.642,129.642,129.642,129.642,
2019-06-26,127.494,127.494,127.494,127.494,
2019-06-27,126.452,126.452,126.452,126.452,
2019-06-28,125.184,125.184,125.184,125.184,
2019-07-01,125.256,125.256,125.256,125.256,
2019-07-02,125.858,125.858,125.858,125.858,
2019-07-03,127.755,127.755,127.755,127.755,
2019-07-05,126.344,126.344,126.344,126.344,
2019-07-08,126.703,126.703,126.703,126.703,
2019-07-09,127.099,127.099,127.099,127.099,
2019-07-10,126.919,126.919,126.919,126.919,
2019-07-11,125.93,125.93,125.93,125.93,
2019-07-12,120.708,120.708,120.708,120.708,
2019-07-15,121.077,121.077,121.077,121.077,
2019-07-16,119.09,119.09,119.09,119.09,
2019-07-17,118.515,118.515,118.515,118.515,
2019-07-18,118.704,118.704,118.704,118.704,
2019-07-19,117.122,117.122,117.122,117.122,
2019-07-22,115.621,115.621,115.621,115.621,
2019-07-23,115.801,115.801,115.801,115.801,
2019-07-24,116.646,116.646,116.646,116.646,
2019-07-25,117.85,117.85,117.85,117.85,
2019-07-26,117.499,117.499,117.499,117.499,
2019-07-29,119.558,119.558,119.558,119.558,
2019-07-30,118.713,118.713,118.713,118.713,
2019-07-31,117.041,117.041,117.041,117.041,
2019-08-01,117.104,117.104,117.104,117.104,
2019-08-02,117.805,117.805,117.805,117.805,
2019-08-05,116.987,116.987,116.987,116.987,
2019-08-06,117.535,117.535,117.535,117.535,
2019-08-07,117.032,117.032,117.032,117.032,
2019-08-08,118.353,118.353,118.353,118.353,
2019-08-09,118.677,118.677,118.677,118.677,
2019-08-12,118.578,118.578,118.578,118.578,
2019-08-13,119.917,119.917,119.917,119.917,
2019-08-14,117.077,117.077,117.077,117.077,
2019-08-15,117.329,117.329,117.329,117.329,
2019-08-16,118.066,118.066,118.066,118.066,
2019-08-19,118.866,118.866,118.866,118.866,
2019-08-20,117.383,117.383,117.383,117.383,
2019-08-21,118.219,118.219,118.219,118.219,
2019-08-22,117.985,117.985,117.985,117.985,
2019-08-23,114.803,114.803,114.803,114.803,
2019-08-26,115.727,115.727,115.727,115.727,
2019-08-27,117.393,117.393,117.393,117.393,
2019-08-28,116.524,116.524,116.524,116.524,
2019-08-29,116.125,116.125,116.125,116.125,
2019-08-30,116.234,116.234,116.234,116.234,
2019-09-03,116.578,116.578,116.578,116.578,
2019-09-04,116.687,116.687,116.687,116.687,
2019-09-05,116.433,116.433,116.433,116.433,
2019-09-06,116.098,116.098,116.098,116.098,
2019-09-09,114.957,114.957,114.957,114.957,
2019-09-10,117.311,117.311,117.311,117.311,
2019-09-11,118.778,118.778,118.778,118.778,
2019-09-12,118.108,118.108,118.108,118.108,
2019-09-13,118.425,118.425,118.425,118.425,
2019-09-16,117.302,117.302,117.302,117.302,
2019-09-17,117.42,117.42,117.42,117.42,
2019-09-18,118.09,118.09,118.09,118.09,
2019-09-19,117.819,117.819,117.819,117.819,
2019-09-20,119.213,119.213,119.213,119.213,
2019-09-23,119.295,119.295,119.295,119.295,
2019-09-24,119.123,119.123,119.123,119.123,
2019-09-25,118.615,118.615,118.615,118.615,
2019-09-26,116.678,116.678,116.678,116.678,
2019-09-27,116.451,116.451,116.451,116.451,
2019-09-30,117.158,117.158,117.158,117.158,
2019-10-01,117.71,117.71,117.71,117.71,
2019-10-02,119.53,119.53,119.53,119.53,
2019-10-03,118.797,118.797,118.797,118.797,
2019-10-04,121.033,121.033,121.033,121.033,
2019-10-07,120.58,120.58,120.58,120.58,
2019-10-08,119.385,119.385,119.385,119.385,
2019-10-09,117.013,117.013,117.013,117.013,
2019-10-10,116.868,116.868,116.868,116.868,
2019-10-11,118.923,118.923,118.923,118.923,
2019-10-14,118.371,118.371,118.371,118.371,
2019-10-15,120.291,120.291,120.291,120.291,
2019-10-16,122.401,122.401,122.401,122.401,
2019-10-17,123.306,123.306,123.306,123.306,
2019-10-18,115.636,115.636,115.636,115.636,
2019-10-21,115.926,115.926,115.926,115.926,
2019-10-22,116.995,116.995,116.995,116.995,
2019-10-23,117.628,117.628,117.628,117.628,
2019-10-24,115.455,115.455,115.455,115.455,
2019-10-25,116.225,116.225,116.225,116.225,
2019-10-28,116.976,116.976,116.976,116.976,
2019-10-29,116.922,116.922,116.922,116.922,
2019-10-30,120.291,120.291,120.291,120.291,
2019-10-31,119.566,119.566,119.566,119.566,
2019-11-01,118.806,118.806,118.806,118.806,
2019-11-04,117.927,117.927,117.927,117.927,
2019-11-05,118.099,118.099,118.099,118.099,
2019-11-06,118.588,118.588,118.588,118.588,
2019-11-07,119.014,119.014,119.014,119.014,
2019-11-08,120.436,120.436,120.436,120.436,
2019-11-11,119.512,119.512,119.512,119.512,
2019-11-12,118.941,118.941,118.941,118.941,
2019-11-13,118.869,118.869,118.869,118.869,
2019-11-14,118.588,118.588,118.588,118.588,
2019-11-15,122.192,122.192,122.192,122.192,
2019-11-18,122.093,122.093,122.093,122.093,
2019-11-19,122.084,122.084,122.084,122.084,
2019-11-20,123.098,123.098,123.098,123.098,
2019-11-21,123.551,123.551,123.551,123.551,
2019-11-22,125.027,125.027,125.027,125.027,
2019-11-25,125.081,125.081,125.081,125.081,
2019-11-26,125.072,125.072,125.072,125.072,
2019-11-27,125.601,125.601,125.601,125.601,
2019-11-29,125.364,125.364,125.364,125.364,
2019-12-02,125.245,125.245,125.245,125.245,
2019-12-03,125.063,125.063,125.063,125.063,
2019-12-04,127.087,127.087,127.087,127.087,
2019-12-05,127.251,127.251,127.251,127.251,
2019-12-06,127.999,127.999,127.999,127.999,
2019-12-09,128.108,128.108,128.108,128.108,
2019-12-10,127.643,127.643,127.643,127.643,
2019-12-11,128.546,128.546,128.546,128.546,
2019-12-12,128.874,128.874,128.874,128.874,
2019-12-13,128.911,128.911,128.911,128.911,
2019-12-16,129.285,129.285,129.285,129.285,
2019-12-17,130.899,130.899,130.899,130.899,
2019-12-18,130.561,130.561,130.561,130.561,
2019-12-19,132.531,132.531,132.531,132.531,
2019-12-20,133.178,133.178,133.178,133.178,
2019-12-23,133.525,133.525,133.525,133.525,
2019-12-24,133.06,133.06,133.06,133.06,
2019-12-26,132.968,132.968,132.968,132.968,
2019-12-27,132.895,132.895,132.895,132.895,
2019-12-30,132.485,132.485,132.485,132.485,
2019-12-31,133.005,133.005,133.005,133.005,
2020-01-02,133.096,133.096,133.096,133.096,
2020-01-03,131.555,131.555,131.555,131.555,
2020-01-06,131.391,131.391,131.391,131.391,
2020-01-07,132.193,132.193,132.193,132.193,
2020-01-08,132.175,132.175,132.175,132.175,
2020-01-09,132.567,132.567,132.567,132.567,
2020-01-10,132.266,132.266,132.266,132.266,
2020-01-13,132.85,132.85,132.85,132.85,
2020-01-14,133.598,133.598,133.598,133.598,
2020-01-15,134.044,134.044,134.044,134.044,
2020-01-16,135.129,135.129,135.129,135.129,
2020-01-17,136.014,136.014,136.014,136.014,
2020-01-21,136.105,136.105,136.105,136.105,
2020-01-22,135.175,135.175,135.175,135.175,
2020-01-23,135.43,135.43,135.43,135.43,
2020-01-24,135.239,135.239,135.239,135.239,
2020-01-27,135.631,135.631,135.631,135.631,
2020-01-28,136.315,136.315,136.315,136.315,
2020-01-29,137.263,137.263,137.263,137.263,
2020-01-30,137.099,137.099,137.099,137.099,
2020-01-31,135.74,135.74,135.74,135.74,
2020-02-03,136.926,136.926,136.926,136.926,
2020-02-04,138.23,138.23,138.23,138.23,
2020-02-05,140.409,140.409,140.409,140.409,
2020-02-06,139.989,139.989,139.989,139.989,
2020-02-07,138.494,138.494,138.494,138.494,
2020-02-10,138.467,138.467,138.467,138.467,
2020-02-11,138.585,138.585,138.585,138.585,
2020-02-12,137.764,137.764,137.764,137.764,
2020-02-13,136.853,136.853,136.853,136.853,
2020-02-14,136.889,136.889,136.889,136.889,
2020-02-18,135.986,135.986,135.986,135.986,
2020-02-19,135.804,135.804,135.804,135.804,
2020-02-20,135.284,135.284,135.284,135.284,
2020-02-21,136.707,136.707,136.707,136.707,
2020-02-24,133.89,133.89,133.89,133.89,
2020-02-25,132.733,132.733,132.733,132.733,
2020-02-26,131.843,131.843,131.843,131.843,
2020-02-27,127.659,127.659,127.659,127.659,
2020-02-28,123.401,123.401,123.401,123.401,
2020-03-02,128.485,128.485,128.485,128.485,
2020-03-03,124.42,124.42,124.42,124.42,
2020-03-04,131.66,131.66,131.66,131.66,
2020-03-05,130.311,130.311,130.311,130.311,
2020-03-06,130.329,130.329,130.329,130.329,
2020-03-09,125.2,125.2,125.2,125.2,
2020-03-10,129.971,129.971,129.971,129.971,
2020-03-11,120.942,120.942,120.942,120.942,
2020-03-12,115.079,115.079,115.079,115.079,
2020-03-13,123.227,123.227,123.227,123.227,
2020-03-16,116.657,116.657,116.657,116.657,
2020-03-17,125.338,125.338,125.338,125.338,
2020-03-18,123.842,123.842,123.842,123.842,
2020-03-19,116.583,116.583,116.583,116.583,
2020-03-20,110.013,110.013,110.013,110.013,
2020-03-23,101.984,101.984,101.984,101.984,
2020-03-24,109.362,109.362,109.362,109.362,
2020-03-25,109.564,109.564,109.564,109.564,
2020-03-26,116.143,116.143,116.143,116.143,
2020-03-27,113.014,113.014,113.014,113.014,
2020-03-30,122.052,122.052,122.052,122.052,
2020-03-31,120.327,120.327,120.327,120.327,
2020-04-01,118.198,118.198,118.198,118.198,
2020-04-02,122.181,122.181,122.181,122.181,
2020-04-03,123.117,123.117,123.117,123.117,
2020-04-06,128.246,128.246,128.246,128.246,
2020-04-07,126.154,126.154,126.154,126.154,
2020-04-08,131.458,131.458,131.458,131.458,
2020-04-09,129.595,129.595,129.595,129.595,
2020-04-13,128.256,128.256,128.256,128.256,
2020-04-14,134.0,134.0,134.0,134.0,
2020-04-15,135.496,135.496,135.496,135.496,
2020-04-16,137.34,137.34,137.34,137.34,
2020-04-17,139.496,139.496,139.496,139.496,
2020-04-20,139.175,139.175,139.175,139.175,
2020-04-21,137.349,137.349,137.349,137.349,
2020-04-22,140.386,140.386,140.386,140.386,
2020-04-23,142.699,142.699,142.699,142.699,
2020-04-24,142.102,142.102,142.102,142.102,
2020-04-27,141.579,141.579,141.579,141.579,
2020-04-28,138.918,138.918,138.918,138.918,
2020-04-29,137.863,137.863,137.863,137.863,
2020-04-30,137.679,137.679,137.679,137.679,
2020-05-01,136.074,136.074,136.074,136.074,
2020-05-04,136.055,136.055,136.055,136.055,
2020-05-05,137.184,137.184,137.184,137.184,
2020-05-06,135.881,135.881,135.881,135.881,
2020-05-07,135.431,135.431,135.431,135.431,
2020-05-08,136.45,136.45,136.45,136.45,
2020-05-11,136.826,136.826,136.826,136.826,
2020-05-12,135.018,135.018,135.018,135.018,
2020-05-13,135.009,135.009,135.009,135.009,
2020-05-14,135.477,135.477,135.477,135.477,
2020-05-15,138.047,138.047,138.047,138.047,
2020-05-18,138.12,138.12,138.12,138.12,
2020-05-19,136.743,136.743,136.743,136.743,
2020-05-20,135.514,135.514,135.514,135.514,
2020-05-21,134.624,134.624,134.624,134.624,
2020-05-22,133.395,133.395,133.395,133.395,
2020-05-26,133.57,133.57,133.57,133.57,
2020-05-27,133.875,133.875,133.875,133.875,
2020-05-28,135.797,135.797,135.797,135.797,
2020-05-29,137.442,137.442,137.442,137.442,
2020-06-01,136.001,136.001,136.001,136.001,
2020-06-02,136.98,136.98,136.98,136.98,
2020-06-03,137.35,137.35,137.35,137.35,
2020-06-04,135.575,135.575,135.575,135.575,
2020-06-05,136.102,136.102,136.102,136.102,
2020-06-08,135.612,135.612,135.612,135.612,
2020-06-09,134.864,134.864,134.864,134.864,
2020-06-10,136.564,136.564,136.564,136.564,
2020-06-11,130.161,130.161,130.161,130.161,
2020-06-12,131.344,131.344,131.344,131.344,
2020-06-15,130.512,130.512,130.512,130.512,
2020-06-16,133.478,133.478,133.478,133.478,
2020-06-17,133.071,133.071,133.071,133.071,
2020-06-18,132.508,132.508,132.508,132.508,
2020-06-19,132.896,132.896,132.896,132.896,
2020-06-22,132.489,132.489,132.489,132.489,
2020-06-23,132.0,132.0,132.0,132.0,
2020-06-24,129.191,129.191,129.191,129.191,
2020-06-25,129.052,129.052,129.052,129.052,
2020-06-26,127.334,127.334,127.334,127.334,
2020-06-29,128.47,128.47,128.47,128.47,
2020-06-30,129.939,129.939,129.939,129.939,
2020-07-01,129.708,129.708,129.708,129.708,
2020-07-02,130.253,130.253,130.253,130.253,
2020-07-06,132.111,132.111,132.111,132.111,
2020-07-07,131.99,131.99,131.99,131.99,
2020-07-08,132.379,132.379,132.379,132.379,
2020-07-09,131.658,131.658,131.658,131.658,
2020-07-10,131.547,131.547,131.547,131.547,
2020-07-13,134.171,134.171,134.171,134.171,
2020-07-14,136.675,136.675,136.675,136.675,
2020-07-15,136.989,136.989,136.989,136.989,
2020-07-16,137.904,137.904,137.904,137.904,
2020-07-17,137.996,137.996,137.996,137.996,
2020-07-20,138.227,138.227,138.227,138.227,
2020-07-21,138.357,138.357,138.357,138.357,
2020-07-22,138.606,138.606,138.606,138.606,
2020-07-23,138.237,138.237,138.237,138.237,
2020-07-24,136.86,136.86,136.86,136.86,
2020-07-27,135.991,135.991,135.991,135.991,
2020-07-28,135.668,135.668,135.668,135.668,
2020-07-29,135.4,135.4,135.4,135.4,
2020-07-30,135.677,135.677,135.677,135.677,
2020-07-31,134.679,134.679,134.679,134.679,
2020-08-03,136.148,136.148,136.148,136.148,
2020-08-04,136.028,136.028,136.028,136.028,
2020-08-05,137.119,137.119,137.119,137.119,
2020-08-06,136.333,136.333,136.333,136.333,
2020-08-07,137.303,137.303,137.303,137.303,
2020-08-10,136.777,136.777,136.777,136.777,
2020-08-11,135.797,135.797,135.797,135.797,
2020-08-12,138.283,138.283,138.283,138.283,
2020-08-13,136.749,136.749,136.749,136.749,
2020-08-14,136.971,136.971,136.971,136.971,
2020-08-17,137.664,137.664,137.664,137.664,
2020-08-18,138.68,138.68,138.68,138.68,
2020-08-19,138.957,138.957,138.957,138.957,
2020-08-20,139.909,139.909,139.909,139.909,
2020-08-21,141.147,141.147,141.147,141.147,
2020-08-24,141.519,141.519,141.519,141.519,
2020-08-25,141.435,141.435,141.435,141.435,
2020-08-26,141.659,141.659,141.659,141.659,
2020-08-27,142.291,142.291,142.291,142.291,
2020-08-28,142.905,142.905,142.905,142.905,
2020-08-31,142.691,142.691,142.691,142.691,
2020-09-01,140.933,140.933,140.933,140.933,
2020-09-02,143.082,143.082,143.082,143.082,
2020-09-03,139.101,139.101,139.101,139.101,
2020-09-04,138.208,138.208,138.208,138.208,
2020-09-08,136.971,136.971,136.971,136.971,
2020-09-09,139.24,139.24,139.24,139.24,
2020-09-10,136.645,136.645,136.645,136.645,
2020-09-11,137.454,137.454,137.454,137.454,
2020-09-14,137.985,137.985,137.985,137.985,
2020-09-15,138.487,138.487,138.487,138.487,
2020-09-16,138.031,138.031,138.031,138.031,
2020-09-17,136.887,136.887,136.887,136.887,
2020-09-18,138.757,138.757,138.757,138.757,
2020-09-21,134.962,134.962,134.962,134.962,
2020-09-22,134.134,134.134,134.134,134.134,
2020-09-23,134.348,134.348,134.348,134.348,
2020-09-24,134.562,134.562,134.562,134.562,
2020-09-25,135.483,135.483,135.483,135.483,
2020-09-28,136.831,136.831,136.831,136.831,
2020-09-29,136.785,136.785,136.785,136.785,
2020-09-30,138.478,138.478,138.478,138.478,
2020-10-01,137.027,137.027,137.027,137.027,
2020-10-02,136.022,136.022,136.022,136.022,
2020-10-05,137.873,137.873,137.873,137.873,
2020-10-06,136.041,136.041,136.041,136.041,
2020-10-07,137.548,137.548,137.548,137.548,
2020-10-08,138.487,138.487,138.487,138.487,
2020-10-09,140.422,140.422,140.422,140.422,
2020-10-12,141.231,141.231,141.231,141.231,
2020-10-13,137.994,137.994,137.994,137.994,
2020-10-14,137.752,137.752,137.752,137.752,
2020-10-15,136.906,136.906,136.906,136.906,
2020-10-16,137.752,137.752,137.752,137.752,
2020-10-19,134.236,134.236,134.236,134.236,
2020-10-20,134.45,134.45,134.45,134.45,
2020-10-21,133.874,133.874,133.874,133.874,
2020-10-22,134.943,134.943,134.943,134.943,
2020-10-23,135.092,135.092,135.092,135.092,
2020-10-26,133.911,133.911,133.911,133.911,
2020-10-27,133.148,133.148,133.148,133.148,
2020-10-28,128.693,128.693,128.693,128.693,
2020-10-29,127.604,127.604,127.604,127.604,
2020-10-30,127.53,127.53,127.53,127.53,
2020-11-02,129.0,129.0,129.0,129.0,
2020-11-03,128.823,128.823,128.823,128.823,
2020-11-04,129.66,129.66,129.66,129.66,
2020-11-05,129.995,129.995,129.995,129.995,
2020-11-06,132.311,132.311,132.311,132.311,
2020-11-09,135.873,135.873,135.873,135.873,
2020-11-10,137.92,137.92,137.92,137.92,
2020-11-11,137.473,137.473,137.473,137.473,
2020-11-12,137.938,137.938,137.938,137.938,
2020-11-13,139.426,139.426,139.426,139.426,
2020-11-16,140.31,140.31,140.31,140.31,
2020-11-17,138.915,138.915,138.915,138.915,
2020-11-18,137.073,137.073,137.073,137.073,
2020-11-19,136.859,136.859,136.859,136.859,
2020-11-20,136.134,136.134,136.134,136.134,
2020-11-23,134.748,134.748,134.748,134.748,
2020-11-24,134.748,134.748,134.748,134.748,
2020-11-25,134.57,134.57,134.57,134.57,
2020-11-27,134.869,134.869,134.869,134.869,
2020-11-30,135.506,135.506,135.506,135.506,
2020-12-01,138.101,138.101,138.101,138.101,
2020-12-02,138.747,138.747,138.747,138.747,
2020-12-03,139.552,139.552,139.552,139.552,
2020-12-04,140.742,140.742,140.742,140.742,
2020-12-07,139.524,139.524,139.524,139.524,
2020-12-08,141.941,141.941,141.941,141.941,
2020-12-09,143.392,143.392,143.392,143.392,
2020-12-10,142.596,142.596,142.596,142.596,
2020-12-11,143.252,143.252,143.252,143.252,
2020-12-14,139.618,139.618,139.618,139.618,
2020-12-15,141.023,141.023,141.023,141.023,
2020-12-16,140.18,140.18,140.18,140.18,
2020-12-17,143.879,143.879,143.879,143.879,
2020-12-18,144.713,144.713,144.713,144.713,
2020-12-21,143.317,143.317,143.317,143.317,
2020-12-22,143.036,143.036,143.036,143.036,
2020-12-23,142.306,142.306,142.306,142.306,
2020-12-24,142.802,142.802,142.802,142.802,
2020-12-28,143.477,143.477,143.477,143.477,
2020-12-29,144.366,144.366,144.366,144.366,
2020-12-30,146.155,146.155,146.155,146.155,
2020-12-31,147.401,147.401,147.401,147.401,
2021-01-04,146.577,146.577,146.577,146.577,
2021-01-05,148.3,148.3,148.3,148.3,
2021-01-06,149.696,149.696,149.696,149.696,
2021-01-07,150.201,150.201,150.201,150.201,
2021-01-08,149.892,149.892,149.892,149.892,
2021-01-11,149.265,149.265,149.265,149.265,
2021-01-12,148.103,148.103,148.103,148.103,
2021-01-13,147.879,147.879,147.879,147.879,
2021-01-14,150.464,150.464,150.464,150.464,
2021-01-15,150.136,150.136,150.136,150.136,
2021-01-19,152.458,152.458,152.458,152.458,
2021-01-20,152.084,152.084,152.084,152.084,
2021-01-21,151.475,151.475,151.475,151.475,
2021-01-22,153.18,153.18,153.18,153.18,
2021-01-25,155.456,155.456,155.456,155.456,
2021-01-26,159.67,159.67,159.67,159.67,
2021-01-27,157.235,157.235,157.235,157.235,
2021-01-28,158.434,158.434,158.434,158.434,
2021-01-29,152.786,152.786,152.786,152.786,
2021-02-01,152.393,152.393,152.393,152.393,
2021-02-02,151.026,151.026,151.026,151.026,
2021-02-03,150.323,150.323,150.323,150.323,
2021-02-04,151.719,151.719,151.719,151.719,
2021-02-05,154.023,154.023,154.023,154.023,
2021-02-08,154.463,154.463,154.463,154.463,
2021-02-09,155.727,155.727,155.727,155.727,
2021-02-10,156.233,156.233,156.233,156.233,
2021-02-11,155.531,155.531,155.531,155.531,
2021-02-12,156.018,156.018,156.018,156.018,
2021-02-16,154.603,154.603,154.603,154.603,
2021-02-17,155.156,155.156,155.156,155.156,
2021-02-18,155.231,155.231,155.231,155.231,
2021-02-19,152.646,152.646,152.646,152.646,
2021-02-22,152.552,152.552,152.552,152.552,
2021-02-23,151.204,151.204,151.204,151.204,
2021-02-24,153.23,153.23,153.23,153.23,
2021-02-25,153.39,153.39,153.39,153.39,
2021-02-26,149.338,149.338,149.338,149.338,
2021-03-01,150.148,150.148,150.148,150.148,
2021-03-02,149.866,149.866,149.866,149.866,
2021-03-03,147.227,147.227,147.227,147.227,
2021-03-04,144.258,144.258,144.258,144.258,
2021-03-05,147.114,147.114,147.114,147.114,
2021-03-08,148.339,148.339,148.339,148.339,
2021-03-09,148.622,148.622,148.622,148.622,
2021-03-10,149.988,149.988,149.988,149.988,
2021-03-11,149.979,149.979,149.979,149.979,
2021-03-12,150.412,150.412,150.412,150.412,
2021-03-15,151.185,151.185,151.185,151.185,
2021-03-16,152.08,152.08,152.08,152.08,
2021-03-17,151.515,151.515,151.515,151.515,
2021-03-18,151.232,151.232,151.232,151.232,
2021-03-19,150.827,150.827,150.827,150.827,
2021-03-22,151.26,151.26,151.26,151.26,
2021-03-23,151.119,151.119,151.119,151.119,
2021-03-24,152.589,152.589,152.589,152.589,
2021-03-25,152.646,152.646,152.646,152.646,
2021-03-26,155.435,155.435,155.435,155.435,
2021-03-29,156.482,156.482,156.482,156.482,
2021-03-30,155.511,155.511,155.511,155.511,
2021-03-31,154.889,154.889,154.889,154.889,
2021-04-01,153.456,153.456,153.456,153.456,
2021-04-05,154.022,154.022,154.022,154.022,
2021-04-06,153.984,153.984,153.984,153.984,
2021-04-07,154.191,154.191,154.191,154.191,
2021-04-08,153.588,153.588,153.588,153.588,
2021-04-09,151.967,151.967,151.967,151.967,
2021-04-12,152.335,152.335,152.335,152.335,
2021-04-13,150.299,150.299,150.299,150.299,
2021-04-14,150.714,150.714,150.714,150.714,
2021-04-15,151.157,151.157,151.157,151.157,
2021-04-16,152.9,152.9,152.9,152.9,
2021-04-19,153.324,153.324,153.324,153.324,
2021-04-20,156.896,156.896,156.896,156.896,
2021-04-21,157.0,157.0,157.0,157.0,
2021-04-22,155.671,155.671,155.671,155.671,
2021-04-23,155.991,155.991,155.991,155.991,
2021-04-26,154.672,154.672,154.672,154.672,
2021-04-27,153.786,153.786,153.786,153.786,
2021-04-28,152.655,152.655,152.655,152.655,
2021-04-29,154.747,154.747,154.747,154.747,
2021-04-30,153.362,153.362,153.362,153.362,
2021-05-03,155.699,155.699,155.699,155.699,
2021-05-04,158.112,158.112,158.112,158.112,
2021-05-05,157.452,157.452,157.452,157.452,
2021-05-06,158.084,158.084,158.084,158.084,
2021-05-07,158.8,158.8,158.8,158.8,
2021-05-10,160.468,160.468,160.468,160.468,
2021-05-11,159.158,159.158,159.158,159.158,
2021-05-12,158.517,158.517,158.517,158.517,
2021-05-13,160.176,160.176,160.176,160.176,
2021-05-14,160.421,160.421,160.421,160.421,
2021-05-17,160.581,160.581,160.581,160.581,
2021-05-18,160.638,160.638,160.638,160.638,
2021-05-19,160.289,160.289,160.289,160.289,
2021-05-20,161.222,161.222,161.222,161.222,
2021-05-21,161.118,161.118,161.118,161.118,
2021-05-24,161.735,161.735,161.735,161.735,
2021-05-25,161.289,161.289,161.289,161.289,
2021-05-26,160.331,160.331,160.331,160.331,
2021-05-27,160.085,160.085,160.085,160.085,
2021-05-28,160.502,160.502,160.502,160.502,
2021-06-01,156.974,156.974,156.974,156.974,
2021-06-02,157.61,157.61,157.61,157.61,
2021-06-03,157.458,157.458,157.458,157.458,
2021-06-04,157.391,157.391,157.391,157.391,
2021-06-07,156.32,156.32,156.32,156.32,
2021-06-08,154.945,154.945,154.945,154.945,
2021-06-09,157.031,157.031,157.031,157.031,
2021-06-10,158.444,158.444,158.444,158.444,
2021-06-11,156.434,156.434,156.434,156.434,
2021-06-14,156.822,156.822,156.822,156.822,
2021-06-15,155.988,155.988,155.988,155.988,
2021-06-16,155.931,155.931,155.931,155.931,
2021-06-17,156.68,156.68,156.68,156.68,
2021-06-18,153.608,153.608,153.608,153.608,
2021-06-21,155.372,155.372,155.372,155.372,
2021-06-22,155.163,155.163,155.163,155.163,
2021-06-23,154.224,154.224,154.224,154.224,
2021-06-24,154.926,154.926,154.926,154.926,
2021-06-25,155.722,155.722,155.722,155.722,
2021-06-28,155.542,155.542,155.542,155.542,
2021-06-29,155.552,155.552,155.552,155.552,
2021-06-30,156.225,156.225,156.225,156.225,
2021-07-01,157.382,157.382,157.382,157.382,
2021-07-02,160.246,160.246,160.246,160.246,
2021-07-06,159.288,159.288,159.288,159.288,
2021-07-07,160.654,160.654,160.654,160.654,
2021-07-08,160.341,160.341,160.341,160.341,
2021-07-09,160.976,160.976,160.976,160.976,
2021-07-12,160.72,160.72,160.72,160.72,
2021-07-13,160.521,160.521,160.521,160.521,
2021-07-14,161.611,161.611,161.611,161.611,
2021-07-15,159.667,159.667,159.667,159.667,
2021-07-16,159.411,159.411,159.411,159.411,
2021-07-19,158.254,158.254,158.254,158.254,
2021-07-20,159.743,159.743,159.743,159.743,
2021-07-21,160.729,160.729,160.729,160.729,
2021-07-22,161.194,161.194,161.194,161.194,
2021-07-23,162.911,162.911,162.911,162.911,
2021-07-26,162.986,162.986,162.986,162.986,
2021-07-27,163.736,163.736,163.736,163.736,
2021-07-28,163.28,163.28,163.28,163.28,
2021-07-29,163.28,163.28,163.28,163.28,
2021-07-30,163.299,163.299,163.299,163.299,
2021-08-02,163.366,163.366,163.366,163.366,
2021-08-03,165.376,165.376,165.376,165.376,
2021-08-04,164.399,164.399,164.399,164.399,
2021-08-05,164.712,164.712,164.712,164.712,
2021-08-06,164.162,164.162,164.162,164.162,
2021-08-09,164.731,164.731,164.731,164.731,
2021-08-10,164.788,164.788,164.788,164.788,
2021-08-11,164.817,164.817,164.817,164.817,
2021-08-12,166.144,166.144,166.144,166.144,
2021-08-13,167.14,167.14,167.14,167.14,
2021-08-16,168.648,168.648,168.648,168.648,
2021-08-17,170.194,170.194,170.194,170.194,
2021-08-18,168.031,168.031,168.031,168.031,
2021-08-19,169.34,169.34,169.34,169.34,
2021-08-20,170.165,170.165,170.165,170.165,
2021-08-23,169.431,169.431,169.431,169.431,
2021-08-24,167.313,167.313,167.313,167.313,
2021-08-25,166.206,166.206,166.206,166.206,
2021-08-26,165.319,165.319,165.319,165.319,
2021-08-27,164.966,164.966,164.966,164.966,
2021-08-30,165.663,165.663,165.663,165.663,
2021-08-31,165.157,165.157,165.157,165.157,
2021-09-01,165.739,165.739,165.739,165.739,
2021-09-02,166.874,166.874,166.874,166.874,
2021-09-03,166.979,166.979,166.979,166.979,
2021-09-07,164.384,164.384,164.384,164.384,
2021-09-08,163.984,163.984,163.984,163.984,
2021-09-09,160.33,160.33,160.33,160.33,
2021-09-10,159.281,159.281,159.281,159.281,
2021-09-13,158.165,158.165,158.165,158.165,
2021-09-14,157.211,157.211,157.211,157.211,
2021-09-15,157.802,157.802,157.802,157.802,
2021-09-16,157.611,157.611,157.611,157.611,
2021-09-17,157.163,157.163,157.163,157.163,
2021-09-20,156.266,156.266,156.266,156.266,
2021-09-21,156.953,156.953,156.953,156.953,
2021-09-22,156.381,156.381,156.381,156.381,
2021-09-23,157.268,157.268,157.268,157.268,
2021-09-24,156.791,156.791,156.791,156.791,
2021-09-27,155.656,155.656,155.656,155.656,
2021-09-28,155.312,155.312,155.312,155.312,
2021-09-29,156.466,156.466,156.466,156.466,
2021-09-30,154.063,154.063,154.063,154.063,
2021-10-01,153.08,153.08,153.08,153.08,
2021-10-04,151.888,151.888,151.888,151.888,
2021-10-05,152.231,152.231,152.231,152.231,
2021-10-06,152.546,152.546,152.546,152.546,
2021-10-07,153.91,153.91,153.91,153.91,
2021-10-08,153.519,153.519,153.519,153.519,
2021-10-11,152.87,152.87,152.87,152.87,
2021-10-12,150.428,150.428,150.428,150.428,
2021-10-13,151.868,151.868,151.868,151.868,
2021-10-14,152.737,152.737,152.737,152.737,
2021-10-15,153.872,153.872,153.872,153.872,
2021-10-18,152.746,152.746,152.746,152.746,
2021-10-19,156.323,156.323,156.323,156.323,
2021-10-20,156.238,156.238,156.238,156.238,
2021-10-21,155.875,155.875,155.875,155.875,
2021-10-22,156.18,156.18,156.18,156.18,
2021-10-25,156.524,156.524,156.524,156.524,
2021-10-26,158.117,158.117,158.117,158.117,
2021-10-27,156.199,156.199,156.199,156.199,
2021-10-28,155.35,155.35,155.35,155.35,
2021-10-29,155.379,155.379,155.379,155.379,
2021-11-01,155.513,155.513,155.513,155.513,
2021-11-02,157.964,157.964,157.964,157.964,
2021-11-03,157.459,157.459,157.459,157.459,
2021-11-04,157.02,157.02,157.02,157.02,
2021-11-05,155.904,155.904,155.904,155.904,
2021-11-08,155.369,155.369,155.369,155.369,
2021-11-09,155.026,155.026,155.026,155.026,
2021-11-10,156.705,156.705,156.705,156.705,
2021-11-11,155.551,155.551,155.551,155.551,
2021-11-12,157.411,157.411,157.411,157.411,
2021-11-15,155.99,155.99,155.99,155.99,
2021-11-16,155.179,155.179,155.179,155.179,
2021-11-17,155.761,155.761,155.761,155.761,
2021-11-18,154.921,154.921,154.921,154.921,
2021-11-19,155.389,155.389,155.389,155.389,
2021-11-22,153.343,153.343,153.343,153.343,
2021-11-23,154.294,154.294,154.294,154.294,
2021-11-24,153.862,153.862,153.862,153.862,
2021-11-26,152.863,152.863,152.863,152.863,
2021-11-29,153.391,153.391,153.391,153.391,
2021-11-30,149.723,149.723,149.723,149.723,
2021-12-01,151.788,151.788,151.788,151.788,
2021-12-02,150.837,150.837,150.837,150.837,
2021-12-03,153.036,153.036,153.036,153.036,
2021-12-06,156.454,156.454,156.454,156.454,
2021-12-07,156.858,156.858,156.858,156.858,
2021-12-08,157.799,157.799,157.799,157.799,
2021-12-09,159.297,159.297,159.297,159.297,
2021-12-10,158.903,158.903,158.903,158.903,
2021-12-13,161.745,161.745,161.745,161.745,
2021-12-14,163.512,163.512,163.512,163.512,
2021-12-15,164.328,164.328,164.328,164.328,
2021-12-16,166.124,166.124,166.124,166.124,
2021-12-17,161.534,161.534,161.534,161.534,
2021-12-20,161.073,161.073,161.073,161.073,
2021-12-21,160.554,160.554,160.554,160.554,
2021-12-22,161.246,161.246,161.246,161.246,
2021-12-23,161.553,161.553,161.553,161.553,
2021-12-27,162.916,162.916,162.916,162.916,
2021-12-28,163.569,163.569,163.569,163.569,
2021-12-29,164.722,164.722,164.722,164.722,
2021-12-30,165.451,165.451,165.451,165.451,
2021-12-31,164.261,164.261,164.261,164.261,
2022-01-03,164.712,164.712,164.712,164.712,
2022-01-04,164.27,164.27,164.27,164.27,
2022-01-05,165.365,165.365,165.365,165.365,
2022-01-06,164.798,164.798,164.798,164.798,
2022-01-07,167.026,167.026,167.026,167.026,
2022-01-10,166.2,166.2,166.2,166.2,
2022-01-11,164.434,164.434,164.434,164.434,
2022-01-12,163.032,163.032,163.032,163.032,
2022-01-13,162.043,162.043,162.043,162.043,
2022-01-14,161.159,161.159,161.159,161.159,
2022-01-18,160.449,160.449,160.449,160.449,
2022-01-19,159.949,159.949,159.949,159.949,
2022-01-20,158.672,158.672,158.672,158.672,
2022-01-21,158.308,158.308,158.308,158.308,
2022-01-24,156.483,156.483,156.483,156.483,
2022-01-25,160.958,160.958,160.958,160.958,
2022-01-26,161.678,161.678,161.678,161.678,
2022-01-27,163.8,163.8,163.8,163.8,
2022-01-28,164.952,164.952,164.952,164.952,
2022-01-31,165.432,165.432,165.432,165.432,
2022-02-01,164.078,164.078,164.078,164.078,
2022-02-02,165.893,165.893,165.893,165.893,
2022-02-03,165.883,165.883,165.883,165.883,
2022-02-04,164.798,164.798,164.798,164.798,
2022-02-07,164.251,164.251,164.251,164.251,
2022-02-08,164.683,164.683,164.683,164.683,
2022-02-09,164.664,164.664,164.664,164.664,
2022-02-10,162.676,162.676,162.676,162.676,
2022-02-11,161.035,161.035,161.035,161.035,
2022-02-14,159.008,159.008,159.008,159.008,
2022-02-15,160.65,160.65,160.65,160.65,
2022-02-16,160.554,160.554,160.554,160.554,
2022-02-17,159.575,159.575,159.575,159.575,
2022-02-18,157.865,157.865,157.865,157.865,
2022-02-22,155.719,155.719,155.719,155.719,
2022-02-23,155.797,155.797,155.797,155.797,
2022-02-24,152.82,152.82,152.82,152.82,
2022-02-25,160.416,160.416,160.416,160.416,
2022-02-28,159.034,159.034,159.034,159.034,
2022-03-01,158.483,158.483,158.483,158.483,
2022-03-02,160.454,160.454,160.454,160.454,
2022-03-03,162.812,162.812,162.812,162.812,
2022-03-04,163.779,163.779,163.779,163.779,
2022-03-07,166.417,166.417,166.417,166.417,
2022-03-08,163.044,163.044,163.044,163.044,
2022-03-09,163.663,163.663,163.663,163.663,
2022-03-10,163.953,163.953,163.953,163.953,
2022-03-11,163.653,163.653,163.653,163.653,
2022-03-14,165.914,165.914,165.914,165.914,
2022-03-15,170.215,170.215,170.215,170.215,
2022-03-16,168.649,168.649,168.649,168.649,
2022-03-17,170.852,170.852,170.852,170.852,
2022-03-18,168.958,168.958,168.958,168.958,
2022-03-21,169.915,169.915,169.915,169.915,
2022-03-22,169.113,169.113,169.113,169.113,
2022-03-23,168.475,168.475,168.475,168.475,
2022-03-24,169.345,169.345,169.345,169.345,
2022-03-25,170.968,170.968,170.968,170.968,
2022-03-28,171.848,171.848,171.848,171.848,
2022-03-29,171.761,171.761,171.761,171.761,
2022-03-30,173.549,173.549,173.549,173.549,
2022-03-31,171.268,171.268,171.268,171.268,
2022-04-01,172.196,172.196,172.196,172.196,
2022-04-04,170.534,170.534,170.534,170.534,
2022-04-05,171.635,171.635,171.635,171.635,
2022-04-06,176.1,176.1,176.1,176.1,
2022-04-07,175.646,175.646,175.646,175.646,
2022-04-08,175.993,175.993,175.993,175.993,
2022-04-11,173.79,173.79,173.79,173.79,
2022-04-12,173.848,173.848,173.848,173.848,
2022-04-13,174.583,174.583,174.583,174.583,
2022-04-14,173.848,173.848,173.848,173.848,
2022-04-18,171.683,171.683,171.683,171.683,
2022-04-19,176.921,176.921,176.921,176.921,
2022-04-20,177.704,177.704,177.704,177.704,
2022-04-21,177.192,177.192,177.192,177.192,
2022-04-22,175.433,175.433,175.433,175.433,
2022-04-25,179.753,179.753,179.753,179.753,
2022-04-26,178.467,178.467,178.467,178.467,
2022-04-27,175.974,175.974,175.974,175.974,
2022-04-28,177.288,177.288,177.288,177.288,
2022-04-29,174.389,174.389,174.389,174.389,
2022-05-02,172.63,172.63,172.63,172.63,
2022-05-03,172.292,172.292,172.292,172.292,
2022-05-04,174.138,174.138,174.138,174.138,
2022-05-05,170.814,170.814,170.814,170.814,
2022-05-06,170.437,170.437,170.437,170.437,
2022-05-09,171.365,171.365,171.365,171.365,
2022-05-10,171.133,171.133,171.133,171.133,
2022-05-11,170.205,170.205,170.205,170.205,
2022-05-12,171.886,171.886,171.886,171.886,
2022-05-13,170.901,170.901,170.901,170.901,
2022-05-16,172.089,172.089,172.089,172.089,
2022-05-17,172.804,172.804,172.804,172.804,
2022-05-18,169.596,169.596,169.596,169.596,
2022-05-19,168.089,168.089,168.089,168.089,
2022-05-20,171.026,171.026,171.026,171.026,
2022-05-23,174.518,174.518,174.518,174.518,
2022-05-24,176.424,176.424,176.424,176.424,
2022-05-25,174.693,174.693,174.693,174.693,
2022-05-26,174.537,174.537,174.537,174.537,
2022-05-27,176.123,176.123,176.123,176.123,
2022-05-31,174.605,174.605,174.605,174.605,
2022-06-01,172.835,172.835,172.835,172.835,
2022-06-02,172.291,172.291,172.291,172.291,
2022-06-03,171.581,171.581,171.581,171.581,
2022-06-06,171.561,171.561,171.561,171.561,
2022-06-07,173.448,173.448,173.448,173.448,
2022-06-08,172.417,172.417,172.417,172.417,
2022-06-09,168.945,168.945,168.945,168.945,
2022-06-10,167.817,167.817,167.817,167.817,
2022-06-13,166.125,166.125,166.125,166.125,
2022-06-14,163.576,163.576,163.576,163.576,
2022-06-15,165.327,165.327,165.327,165.327,
2022-06-16,165.415,165.415,165.415,165.415,
2022-06-17,164.812,164.812,164.812,164.812,
2022-06-21,168.264,168.264,168.264,168.264,
2022-06-22,170.919,170.919,170.919,170.919,
2022-06-23,174.732,174.732,174.732,174.732,
2022-06-24,177.29,177.29,177.29,177.29,
2022-06-27,177.124,177.124,177.124,177.124,
2022-06-28,172.086,172.086,172.086,172.086,
2022-06-29,172.135,172.135,172.135,172.135,
2022-06-30,172.641,172.641,172.641,172.641,
2022-07-01,174.596,174.596,174.596,174.596,
2022-07-05,173.254,173.254,173.254,173.254,
2022-07-06,173.409,173.409,173.409,173.409,
2022-07-07,173.604,173.604,173.604,173.604,
2022-07-08,173.39,173.39,173.39,173.39,
2022-07-11,173.458,173.458,173.458,173.458,
2022-07-12,171.026,171.026,171.026,171.026,
2022-07-13,170.628,170.628,170.628,170.628,
2022-07-14,170.861,170.861,170.861,170.861,
2022-07-15,173.341,173.341,173.341,173.341,
2022-07-18,169.451,169.451,169.451,169.451,
2022-07-19,166.98,166.98,166.98,166.98,
2022-07-20,166.027,166.027,166.027,166.027,
2022-07-21,166.611,166.611,166.611,166.611,
2022-07-22,167.399,167.399,167.399,167.399,
2022-07-25,167.729,167.729,167.729,167.729,
2022-07-26,168.916,168.916,168.916,168.916,
2022-07-27,168.449,168.449,168.449,168.449,
2022-07-28,169.422,169.422,169.422,169.422,
2022-07-29,169.733,169.733,169.733,169.733,
2022-08-01,169.14,169.14,169.14,169.14,
2022-08-02,168.177,168.177,168.177,168.177,
2022-08-03,169.801,169.801,169.801,169.801,
2022-08-04,167.078,167.078,167.078,167.078,
2022-08-05,166.416,166.416,166.416,166.416,
2022-08-08,165.531,165.531,165.531,165.531,
2022-08-09,165.512,165.512,165.512,165.512,
2022-08-10,165.988,165.988,165.988,165.988,
2022-08-11,162.555,162.555,162.555,162.555,
2022-08-12,160.766,160.766,160.766,160.766,
2022-08-15,161.534,161.534,161.534,161.534,
2022-08-16,162.973,162.973,162.973,162.973,
2022-08-17,162.983,162.983,162.983,162.983,
2022-08-18,162.195,162.195,162.195,162.195,
2022-08-19,164.666,164.666,164.666,164.666,
2022-08-22,164.088,164.088,164.088,164.088,
2022-08-23,162.659,162.659,162.659,162.659,
2022-08-24,162.12,162.12,162.12,162.12,
2022-08-25,163.638,163.638,163.638,163.638,
2022-08-26,160.837,160.837,160.837,160.837,
2022-08-29,159.594,159.594,159.594,159.594,
2022-08-30,159.036,159.036,159.036,159.036,
2022-08-31,157.969,157.969,157.969,157.969,
2022-09-01,161.885,161.885,161.885,161.885,
2022-09-02,159.339,159.339,159.339,159.339,
2022-09-06,159.77,159.77,159.77,159.77,
2022-09-07,160.642,160.642,160.642,160.642,
2022-09-08,161.934,161.934,161.934,161.934,
2022-09-09,162.247,162.247,162.247,162.247,
2022-09-12,162.179,162.179,162.179,162.179,
2022-09-13,157.959,157.959,157.959,157.959,
2022-09-14,161.219,161.219,161.219,161.219,
2022-09-15,161.631,161.631,161.631,161.631,
2022-09-16,164.098,164.098,164.098,164.098,
2022-09-19,162.805,162.805,162.805,162.805,
2022-09-20,161.523,161.523,161.523,161.523,
2022-09-21,159.868,159.868,159.868,159.868,
2022-09-22,162.708,162.708,162.708,162.708,
2022-09-23,163.236,163.236,163.236,163.236,
2022-09-26,162.238,162.238,162.238,162.238,
2022-09-27,161.493,161.493,161.493,161.493,
2022-09-28,162.884,162.884,162.884,162.884,
2022-09-29,161.092,161.092,161.092,161.092,
2022-09-30,159.946,159.946,159.946,159.946,
2022-10-03,159.79,159.79,159.79,159.79,
2022-10-04,162.159,162.159,162.159,162.159,
2022-10-05,161.66,161.66,161.66,161.66,
2022-10-06,158.527,158.527,158.527,158.527,
2022-10-07,156.852,156.852,156.852,156.852,
2022-10-10,157.058,157.058,157.058,157.058,
2022-10-11,159.33,159.33,159.33,159.33,
2022-10-12,159.29,159.29,159.29,159.29,
2022-10-13,161.699,161.699,161.699,161.699,
2022-10-14,161.023,161.023,161.023,161.023,
2022-10-17,163.109,163.109,163.109,163.109,
2022-10-18,162.541,162.541,162.541,162.541,
2022-10-19,161.249,161.249,161.249,161.249,
2022-10-20,161.66,161.66,161.66,161.66,
2022-10-21,165.185,165.185,165.185,165.185,
2022-10-24,167.407,167.407,167.407,167.407,
2022-10-25,167.143,167.143,167.143,167.143,
2022-10-26,168.612,168.612,168.612,168.612,
2022-10-27,168.709,168.709,168.709,168.709,
2022-10-28,171.216,171.216,171.216,171.216,
2022-10-31,170.335,170.335,170.335,170.335,
2022-11-01,169.473,169.473,169.473,169.473,
2022-11-02,166.869,166.869,166.869,166.869,
2022-11-03,167.153,167.153,167.153,167.153,
2022-11-04,167.897,167.897,167.897,167.897,
2022-11-07,169.365,169.365,169.365,169.365,
2022-11-08,170.207,170.207,170.207,170.207,
2022-11-09,168.847,168.847,168.847,168.847,
2022-11-10,170.824,170.824,170.824,170.824,
2022-11-11,165.713,165.713,165.713,165.713,
2022-11-14,168.318,168.318,168.318,168.318,
2022-11-15,168.788,168.788,168.788,168.788,
2022-11-16,169.835,169.835,169.835,169.835,
2022-11-17,171.206,171.206,171.206,171.206,
2022-11-18,172.518,172.518,172.518,172.518,
2022-11-21,173.405,173.405,173.405,173.405,
2022-11-22,174.243,174.243,174.243,174.243,
2022-11-23,174.43,174.43,174.43,174.43,
2022-11-25,174.657,174.657,174.657,174.657,
2022-11-28,174.745,174.745,174.745,174.745,
2022-11-29,173.523,173.523,173.523,173.523,
2022-11-30,175.405,175.405,175.405,175.405,
2022-12-01,176.135,176.135,176.135,176.135,
2022-12-02,176.273,176.273,176.273,176.273,
2022-12-05,176.174,176.174,176.174,176.174,
2022-12-06,173.533,173.533,173.533,173.533,
2022-12-07,174.588,174.588,174.588,174.588,
2022-12-08,174.617,174.617,174.617,174.617,
2022-12-09,173.178,173.178,173.178,173.178,
2022-12-12,175.248,175.248,175.248,175.248,
2022-12-13,176.598,176.598,176.598,176.598,
2022-12-14,177.14,177.14,177.14,177.14,
2022-12-15,174.903,174.903,174.903,174.903,
2022-12-16,173.109,173.109,173.109,173.109,
2022-12-19,172.922,172.922,172.922,172.922,
2022-12-20,173.109,173.109,173.109,173.109,
2022-12-21,175.09,175.09,175.09,175.09,
2022-12-22,174.45,174.45,174.45,174.45,
2022-12-23,174.893,174.893,174.893,174.893,
2022-12-27,174.844,174.844,174.844,174.844,
2022-12-28,174.085,174.085,174.085,174.085,
