Date,Open,High,Low,Close,Volume
1990-01-02,2.235,2.235,2.235,2.235,
1990-01-03,2.203,2.203,2.203,2.203,
1990-01-04,2.192,2.192,2.192,2.192,
1990-01-05,2.174,2.174,2.174,2.174,
1990-01-08,2.22,2.22,2.22,2.22,
1990-01-09,2.203,2.203,2.203,2.203,
1990-01-10,2.188,2.188,2.188,2.188,
1990-01-11,2.188,2.188,2.188,2.188,
1990-01-12,2.109,2.109,2.109,2.109,
1990-01-15,2.074,2.074,2.074,2.074,
1990-01-16,2.092,2.092,2.092,2.092,
1990-01-17,2.077,2.077,2.077,2.077,
1990-01-18,2.066,2.066,2.066,2.066,
1990-01-19,2.081,2.081,2.081,2.081,
1990-01-22,2.02,2.02,2.02,2.02,
1990-01-23,2.034,2.034,2.034,2.034,
1990-01-24,2.023,2.023,2.023,2.023,
1990-01-25,1.97,1.97,1.97,1.97,
1990-01-26,1.934,1.934,1.934,1.934,
1990-01-29,1.955,1.955,1.955,1.955,
1990-01-30,1.898,1.898,1.898,1.898,
1990-01-31,1.973,1.973,1.973,1.973,
1990-02-01,1.97,1.97,1.97,1.97,
1990-02-02,1.988,1.988,1.988,1.988,
1990-02-05,1.98,1.98,1.98,1.98,
1990-02-06,1.97,1.97,1.97,1.97,
1990-02-07,1.991,1.991,1.991,1.991,
1990-02-08,1.988,1.988,1.988,1.988,
1990-02-09,1.977,1.977,1.977,1.977,
1990-02-12,1.963,1.963,1.963,1.963,
1990-02-13,1.92,1.92,1.92,1.92,
1990-02-14,1.923,1.923,1.923,1.923,
1990-02-15,1.991,1.991,1.991,1.991,
1990-02-16,1.963,1.963,1.963,1.963,
1990-02-20,1.963,1.963,1.963,1.963,
1990-02-21,1.963,1.963,1.963,1.963,
1990-02-22,1.941,1.941,1.941,1.941,
1990-02-23,1.948,1.948,1.948,1.948,
1990-02-26,1.984,1.984,1.984,1.984,
1990-02-27,2.002,2.002,2.002,2.002,
1990-02-28,2.02,2.02,2.02,2.02,
1990-03-01,2.027,2.027,2.027,2.027,
1990-03-02,2.013,2.013,2.013,2.013,
1990-03-05,2.013,2.013,2.013,2.013,
1990-03-06,2.049,2.049,2.049,2.049,
1990-03-07,2.045,2.045,2.045,2.045,
1990-03-08,2.074,2.074,2.074,2.074,
1990-03-09,2.074,2.074,2.074,2.074,
1990-03-12,2.078,2.078,2.078,2.078,
1990-03-13,2.071,2.071,2.071,2.071,
1990-03-14,2.085,2.085,2.085,2.085,
1990-03-15,2.082,2.082,2.082,2.082,
1990-03-16,2.11,2.11,2.11,2.11,
1990-03-19,2.172,2.172,2.172,2.172,
1990-03-20,2.146,2.146,2.146,2.146,
1990-03-21,2.132,2.132,2.132,2.132,
1990-03-22,2.089,2.089,2.089,2.089,
1990-03-23,2.136,2.136,2.136,2.136,
1990-03-26,2.143,2.143,2.143,2.143,
1990-03-27,2.172,2.172,2.172,2.172,
1990-03-28,2.186,2.186,2.186,2.186,
1990-03-29,2.175,2.175,2.175,2.175,
1990-03-30,2.154,2.154,2.154,2.154,
1990-04-02,2.19,2.19,2.19,2.19,
1990-04-03,2.226,2.226,2.226,2.226,
1990-04-04,2.229,2.229,2.229,2.229,
1990-04-05,2.233,2.233,2.233,2.233,
1990-04-06,2.244,2.244,2.244,2.244,
1990-04-09,2.283,2.283,2.283,2.283,
1990-04-10,2.308,2.308,2.308,2.308,
1990-04-11,2.305,2.305,2.305,2.305,
1990-04-12,2.319,2.319,2.319,2.319,
1990-04-16,2.316,2.316,2.316,2.316,
1990-04-17,2.312,2.312,2.312,2.312,
1990-04-18,2.283,2.283,2.283,2.283,
1990-04-19,2.229,2.229,2.229,2.229,
1990-04-20,2.208,2.208,2.208,2.208,
1990-04-23,2.215,2.215,2.215,2.215,
1990-04-24,2.218,2.218,2.218,2.218,
1990-04-25,2.218,2.218,2.218,2.218,
1990-04-26,2.218,2.218,2.218,2.218,
1990-04-27,2.168,2.168,2.168,2.168,
1990-04-30,2.197,2.197,2.197,2.197,
1990-05-01,2.211,2.211,2.211,2.211,
1990-05-02,2.229,2.229,2.229,2.229,
1990-05-03,2.247,2.247,2.247,2.247,
1990-05-04,2.254,2.254,2.254,2.254,
1990-05-07,2.269,2.269,2.269,2.269,
1990-05-08,2.294,2.294,2.294,2.294,
1990-05-09,2.301,2.301,2.301,2.301,
1990-05-10,2.305,2.305,2.305,2.305,
1990-05-11,2.398,2.398,2.398,2.398,
1990-05-14,2.42,2.42,2.42,2.42,
1990-05-15,2.413,2.413,2.413,2.413,
1990-05-16,2.427,2.427,2.427,2.427,
1990-05-17,2.456,2.456,2.456,2.456,
1990-05-18,2.449,2.449,2.449,2.449,
1990-05-21,2.506,2.506,2.506,2.506,
1990-05-22,2.506,2.506,2.506,2.506,
1990-05-23,2.586,2.586,2.586,2.586,
1990-05-24,2.615,2.615,2.615,2.615,
1990-05-25,2.528,2.528,2.528,2.528,
1990-05-29,2.622,2.622,2.622,2.622,
1990-05-30,2.593,2.593,2.593,2.593,
1990-05-31,2.6,2.6,2.6,2.6,
1990-06-01,2.607,2.607,2.607,2.607,
1990-06-04,2.679,2.679,2.679,2.679,
1990-06-05,2.651,2.651,2.651,2.651,
1990-06-06,2.615,2.615,2.615,2.615,
1990-06-07,2.578,2.578,2.578,2.578,
1990-06-08,2.55,2.55,2.55,2.55,
1990-06-11,2.576,2.576,2.576,2.576,
1990-06-12,2.626,2.626,2.626,2.626,
1990-06-13,2.619,2.619,2.619,2.619,
1990-06-14,2.597,2.597,2.597,2.597,
1990-06-15,2.605,2.605,2.605,2.605,
1990-06-18,2.554,2.554,2.554,2.554,
1990-06-19,2.547,2.547,2.547,2.547,
1990-06-20,2.554,2.554,2.554,2.554,
1990-06-21,2.568,2.568,2.568,2.568,
1990-06-22,2.511,2.511,2.511,2.511,
1990-06-25,2.482,2.482,2.482,2.482,
1990-06-26,2.503,2.503,2.503,2.503,
1990-06-27,2.568,2.568,2.568,2.568,
1990-06-28,2.605,2.605,2.605,2.605,
1990-06-29,2.568,2.568,2.568,2.568,
1990-07-02,2.583,2.583,2.583,2.583,
1990-07-03,2.597,2.597,2.597,2.597,
1990-07-05,2.561,2.561,2.561,2.561,
1990-07-06,2.59,2.59,2.59,2.59,
1990-07-09,2.568,2.568,2.568,2.568,
1990-07-10,2.547,2.547,2.547,2.547,
1990-07-11,2.576,2.576,2.576,2.576,
1990-07-12,2.605,2.605,2.605,2.605,
1990-07-13,2.597,2.597,2.597,2.597,
1990-07-16,2.626,2.626,2.626,2.626,
1990-07-17,2.735,2.735,2.735,2.735,
1990-07-18,2.742,2.742,2.742,2.742,
1990-07-19,2.764,2.764,2.764,2.764,
1990-07-20,2.742,2.742,2.742,2.742,
1990-07-23,2.67,2.67,2.67,2.67,
1990-07-24,2.663,2.663,2.663,2.663,
1990-07-25,2.648,2.648,2.648,2.648,
1990-07-26,2.663,2.663,2.663,2.663,
1990-07-27,2.641,2.641,2.641,2.641,
1990-07-30,2.648,2.648,2.648,2.648,
1990-07-31,2.626,2.626,2.626,2.626,
1990-08-01,2.626,2.626,2.626,2.626,
1990-08-02,2.554,2.554,2.554,2.554,
1990-08-03,2.525,2.525,2.525,2.525,
1990-08-06,2.402,2.402,2.402,2.402,
1990-08-07,2.453,2.453,2.453,2.453,
1990-08-08,2.547,2.547,2.547,2.547,
1990-08-09,2.59,2.59,2.59,2.59,
1990-08-10,2.532,2.532,2.532,2.532,
1990-08-13,2.576,2.576,2.576,2.576,
1990-08-14,2.576,2.576,2.576,2.576,
1990-08-15,2.583,2.583,2.583,2.583,
1990-08-16,2.496,2.496,2.496,2.496,
1990-08-17,2.431,2.431,2.431,2.431,
1990-08-20,2.445,2.445,2.445,2.445,
1990-08-21,2.395,2.395,2.395,2.395,
1990-08-22,2.286,2.286,2.286,2.286,
1990-08-23,2.178,2.178,2.178,2.178,
1990-08-24,2.257,2.257,2.257,2.257,
1990-08-27,2.409,2.409,2.409,2.409,
1990-08-28,2.417,2.417,2.417,2.417,
1990-08-29,2.474,2.474,2.474,2.474,
1990-08-30,2.388,2.388,2.388,2.388,
1990-08-31,2.445,2.445,2.445,2.445,
1990-09-04,2.474,2.474,2.474,2.474,
1990-09-05,2.46,2.46,2.46,2.46,
1990-09-06,2.38,2.38,2.38,2.38,
1990-09-07,2.438,2.438,2.438,2.438,
1990-09-10,2.457,2.457,2.457,2.457,
1990-09-11,2.443,2.443,2.443,2.443,
1990-09-12,2.45,2.45,2.45,2.45,
1990-09-13,2.399,2.399,2.399,2.399,
1990-09-14,2.37,2.37,2.37,2.37,
1990-09-17,2.355,2.355,2.355,2.355,
1990-09-18,2.399,2.399,2.399,2.399,
1990-09-19,2.312,2.312,2.312,2.312,
1990-09-20,2.254,2.254,2.254,2.254,
1990-09-21,2.275,2.275,2.275,2.275,
1990-09-24,2.232,2.232,2.232,2.232,
1990-09-25,2.275,2.275,2.275,2.275,
1990-09-26,2.254,2.254,2.254,2.254,
1990-09-27,2.261,2.261,2.261,2.261,
1990-09-28,2.297,2.297,2.297,2.297,
1990-10-01,2.421,2.421,2.421,2.421,
1990-10-02,2.399,2.399,2.399,2.399,
1990-10-03,2.392,2.392,2.392,2.392,
1990-10-04,2.428,2.428,2.428,2.428,
1990-10-05,2.457,2.457,2.457,2.457,
1990-10-08,2.486,2.486,2.486,2.486,
1990-10-09,2.384,2.384,2.384,2.384,
1990-10-10,2.341,2.341,2.341,2.341,
1990-10-11,2.348,2.348,2.348,2.348,
1990-10-12,2.421,2.421,2.421,2.421,
1990-10-15,2.457,2.457,2.457,2.457,
1990-10-16,2.428,2.428,2.428,2.428,
1990-10-17,2.421,2.421,2.421,2.421,
1990-10-18,2.523,2.523,2.523,2.523,
1990-10-19,2.661,2.661,2.661,2.661,
1990-10-22,2.624,2.624,2.624,2.624,
1990-10-23,2.624,2.624,2.624,2.624,
1990-10-24,2.653,2.653,2.653,2.653,
1990-10-25,2.617,2.617,2.617,2.617,
1990-10-26,2.573,2.573,2.573,2.573,
1990-10-29,2.544,2.544,2.544,2.544,
1990-10-30,2.61,2.61,2.61,2.61,
1990-10-31,2.61,2.61,2.61,2.61,
1990-11-01,2.624,2.624,2.624,2.624,
1990-11-02,2.624,2.624,2.624,2.624,
1990-11-05,2.632,2.632,2.632,2.632,
1990-11-06,2.595,2.595,2.595,2.595,
1990-11-07,2.566,2.566,2.566,2.566,
1990-11-08,2.552,2.552,2.552,2.552,
1990-11-09,2.61,2.61,2.61,2.61,
1990-11-12,2.639,2.639,2.639,2.639,
1990-11-13,2.617,2.617,2.617,2.617,
1990-11-14,2.639,2.639,2.639,2.639,
1990-11-15,2.632,2.632,2.632,2.632,
1990-11-16,2.661,2.661,2.661,2.661,
1990-11-19,2.712,2.712,2.712,2.712,
1990-11-20,2.697,2.697,2.697,2.697,
1990-11-21,2.668,2.668,2.668,2.668,
1990-11-23,2.661,2.661,2.661,2.661,
1990-11-26,2.621,2.621,2.621,2.621,
1990-11-27,2.694,2.694,2.694,2.694,
1990-11-28,2.658,2.658,2.658,2.658,
1990-11-29,2.614,2.614,2.614,2.614,
1990-11-30,2.702,2.702,2.702,2.702,
1990-12-03,2.731,2.731,2.731,2.731,
1990-12-04,2.738,2.738,2.738,2.738,
1990-12-05,2.775,2.775,2.775,2.775,
1990-12-06,2.745,2.745,2.745,2.745,
1990-12-07,2.738,2.738,2.738,2.738,
1990-12-10,2.753,2.753,2.753,2.753,
1990-12-11,2.738,2.738,2.738,2.738,
1990-12-12,2.818,2.818,2.818,2.818,
1990-12-13,2.811,2.811,2.811,2.811,
1990-12-14,2.775,2.775,2.775,2.775,
1990-12-17,2.797,2.797,2.797,2.797,
1990-12-18,2.848,2.848,2.848,2.848,
1990-12-19,2.797,2.797,2.797,2.797,
1990-12-20,2.811,2.811,2.811,2.811,
1990-12-21,2.833,2.833,2.833,2.833,
1990-12-24,2.767,2.767,2.767,2.767,
1990-12-26,2.767,2.767,2.767,2.767,
1990-12-27,2.738,2.738,2.738,2.738,
1990-12-28,2.724,2.724,2.724,2.724,
1990-12-31,2.716,2.716,2.716,2.716,
1991-01-02,2.643,2.643,2.643,2.643,
1991-01-03,2.57,2.57,2.57,2.57,
1991-01-04,2.636,2.636,2.636,2.636,
1991-01-07,2.592,2.592,2.592,2.592,
1991-01-08,2.57,2.57,2.57,2.57,
1991-01-09,2.512,2.512,2.512,2.512,
1991-01-10,2.556,2.556,2.556,2.556,
1991-01-11,2.585,2.585,2.585,2.585,
1991-01-14,2.592,2.592,2.592,2.592,
1991-01-15,2.592,2.592,2.592,2.592,
1991-01-16,2.621,2.621,2.621,2.621,
1991-01-17,2.789,2.789,2.789,2.789,
1991-01-18,2.84,2.84,2.84,2.84,
1991-01-21,2.804,2.804,2.804,2.804,
1991-01-22,2.804,2.804,2.804,2.804,
1991-01-23,2.811,2.811,2.811,2.811,
1991-01-24,2.855,2.855,2.855,2.855,
1991-01-25,2.789,2.789,2.789,2.789,
1991-01-28,2.782,2.782,2.782,2.782,
1991-01-29,2.767,2.767,2.767,2.767,
1991-01-30,2.848,2.848,2.848,2.848,
1991-01-31,2.848,2.848,2.848,2.848,
1991-02-01,2.76,2.76,2.76,2.76,
1991-02-04,2.818,2.818,2.818,2.818,
1991-02-05,2.913,2.913,2.913,2.913,
1991-02-06,3.008,3.008,3.008,3.008,
1991-02-07,2.891,2.891,2.891,2.891,
1991-02-08,2.95,2.95,2.95,2.95,
1991-02-11,3.03,3.03,3.03,3.03,
1991-02-12,2.972,2.972,2.972,2.972,
1991-02-13,3.03,3.03,3.03,3.03,
1991-02-14,3.008,3.008,3.008,3.008,
1991-02-15,3.067,3.067,3.067,3.067,
1991-02-19,3.059,3.059,3.059,3.059,
1991-02-20,3.023,3.023,3.023,3.023,
1991-02-21,3.074,3.074,3.074,3.074,
1991-02-22,3.11,3.11,3.11,3.11,
1991-02-25,3.125,3.125,3.125,3.125,
1991-02-26,3.103,3.103,3.103,3.103,
1991-02-27,3.125,3.125,3.125,3.125,
1991-02-28,3.059,3.059,3.059,3.059,
1991-03-01,3.081,3.081,3.081,3.081,
1991-03-04,3.023,3.023,3.023,3.023,
1991-03-05,3.11,3.11,3.11,3.11,
1991-03-06,3.059,3.059,3.059,3.059,
1991-03-07,3.052,3.052,3.052,3.052,
1991-03-08,3.052,3.052,3.052,3.052,
1991-03-11,3.051,3.051,3.051,3.051,
1991-03-12,3.029,3.029,3.029,3.029,
1991-03-13,3.118,3.118,3.118,3.118,
1991-03-14,3.147,3.147,3.147,3.147,
1991-03-15,3.147,3.147,3.147,3.147,
1991-03-18,3.169,3.169,3.169,3.169,
1991-03-19,3.125,3.125,3.125,3.125,
1991-03-20,3.206,3.206,3.206,3.206,
1991-03-21,3.169,3.169,3.169,3.169,
1991-03-22,3.169,3.169,3.169,3.169,
1991-03-25,3.118,3.118,3.118,3.118,
1991-03-26,3.169,3.169,3.169,3.169,
1991-03-27,3.184,3.184,3.184,3.184,
1991-03-28,3.184,3.184,3.184,3.184,
1991-04-01,3.213,3.213,3.213,3.213,
1991-04-02,3.316,3.316,3.316,3.316,
1991-04-03,3.272,3.272,3.272,3.272,
1991-04-04,3.257,3.257,3.257,3.257,
1991-04-05,3.176,3.176,3.176,3.176,
1991-04-08,3.154,3.154,3.154,3.154,
1991-04-09,3.103,3.103,3.103,3.103,
1991-04-10,3.103,3.103,3.103,3.103,
1991-04-11,3.096,3.096,3.096,3.096,
1991-04-12,3.147,3.147,3.147,3.147,
1991-04-15,3.176,3.176,3.176,3.176,
1991-04-16,3.257,3.257,3.257,3.257,
1991-04-17,3.286,3.286,3.286,3.286,
1991-04-18,3.228,3.228,3.228,3.228,
1991-04-19,3.184,3.184,3.184,3.184,
1991-04-22,3.184,3.184,3.184,3.184,
1991-04-23,3.169,3.169,3.169,3.169,
1991-04-24,3.154,3.154,3.154,3.154,
1991-04-25,3.125,3.125,3.125,3.125,
1991-04-26,3.11,3.11,3.11,3.11,
1991-04-29,3.015,3.015,3.015,3.015,
1991-04-30,3.096,3.096,3.096,3.096,
1991-05-01,3.184,3.184,3.184,3.184,
1991-05-02,3.191,3.191,3.191,3.191,
1991-05-03,3.235,3.235,3.235,3.235,
1991-05-06,3.242,3.242,3.242,3.242,
1991-05-07,3.213,3.213,3.213,3.213,
1991-05-08,3.213,3.213,3.213,3.213,
1991-05-09,3.286,3.286,3.286,3.286,
1991-05-10,3.213,3.213,3.213,3.213,
1991-05-13,3.191,3.191,3.191,3.191,
1991-05-14,3.162,3.162,3.162,3.162,
1991-05-15,3.154,3.154,3.154,3.154,
1991-05-16,3.228,3.228,3.228,3.228,
1991-05-17,3.22,3.22,3.22,3.22,
1991-05-20,3.235,3.235,3.235,3.235,
1991-05-21,3.279,3.279,3.279,3.279,
1991-05-22,3.286,3.286,3.286,3.286,
1991-05-23,3.228,3.228,3.228,3.228,
1991-05-24,3.279,3.279,3.279,3.279,
1991-05-28,3.316,3.316,3.316,3.316,
1991-05-29,3.316,3.316,3.316,3.316,
1991-05-30,3.367,3.367,3.367,3.367,
1991-05-31,3.36,3.36,3.36,3.36,
1991-06-03,3.316,3.316,3.316,3.316,
1991-06-04,3.301,3.301,3.301,3.301,
1991-06-05,3.242,3.242,3.242,3.242,
1991-06-06,3.22,3.22,3.22,3.22,
1991-06-07,3.22,3.22,3.22,3.22,
1991-06-10,3.249,3.249,3.249,3.249,
1991-06-11,3.271,3.271,3.271,3.271,
1991-06-12,3.22,3.22,3.22,3.22,
1991-06-13,3.264,3.264,3.264,3.264,
1991-06-14,3.308,3.308,3.308,3.308,
1991-06-17,3.301,3.301,3.301,3.301,
1991-06-18,3.249,3.249,3.249,3.249,
1991-06-19,3.242,3.242,3.242,3.242,
1991-06-20,3.271,3.271,3.271,3.271,
1991-06-21,3.271,3.271,3.271,3.271,
1991-06-24,3.249,3.249,3.249,3.249,
1991-06-25,3.22,3.22,3.22,3.22,
1991-06-26,3.242,3.242,3.242,3.242,
1991-06-27,3.227,3.227,3.227,3.227,
1991-06-28,3.212,3.212,3.212,3.212,
1991-07-01,3.301,3.301,3.301,3.301,
1991-07-02,3.293,3.293,3.293,3.293,
1991-07-03,3.279,3.279,3.279,3.279,
1991-07-05,3.293,3.293,3.293,3.293,
1991-07-08,3.33,3.33,3.33,3.33,
1991-07-09,3.286,3.286,3.286,3.286,
1991-07-10,3.264,3.264,3.264,3.264,
1991-07-11,3.293,3.293,3.293,3.293,
1991-07-12,3.404,3.404,3.404,3.404,
1991-07-15,3.396,3.396,3.396,3.396,
1991-07-16,3.404,3.404,3.404,3.404,
1991-07-17,3.433,3.433,3.433,3.433,
1991-07-18,3.529,3.529,3.529,3.529,
1991-07-19,3.507,3.507,3.507,3.507,
1991-07-22,3.47,3.47,3.47,3.47,
1991-07-23,3.441,3.441,3.441,3.441,
1991-07-24,3.433,3.433,3.433,3.433,
1991-07-25,3.433,3.433,3.433,3.433,
1991-07-26,3.411,3.411,3.411,3.411,
1991-07-29,3.448,3.448,3.448,3.448,
1991-07-30,3.5,3.5,3.5,3.5,
1991-07-31,3.544,3.544,3.544,3.544,
1991-08-01,3.588,3.588,3.588,3.588,
1991-08-02,3.647,3.647,3.647,3.647,
1991-08-05,3.662,3.662,3.662,3.662,
1991-08-06,3.743,3.743,3.743,3.743,
1991-08-07,3.735,3.735,3.735,3.735,
1991-08-08,3.713,3.713,3.713,3.713,
1991-08-09,3.706,3.706,3.706,3.706,
1991-08-12,3.728,3.728,3.728,3.728,
1991-08-13,3.743,3.743,3.743,3.743,
1991-08-14,3.757,3.757,3.757,3.757,
1991-08-15,3.765,3.765,3.765,3.765,
1991-08-16,3.699,3.699,3.699,3.699,
1991-08-19,3.647,3.647,3.647,3.647,
1991-08-20,3.728,3.728,3.728,3.728,
1991-08-21,3.838,3.838,3.838,3.838,
1991-08-22,3.824,3.824,3.824,3.824,
1991-08-23,3.831,3.831,3.831,3.831,
1991-08-26,3.824,3.824,3.824,3.824,
1991-08-27,3.809,3.809,3.809,3.809,
1991-08-28,3.912,3.912,3.912,3.912,
1991-08-29,3.89,3.89,3.89,3.89,
1991-08-30,3.875,3.875,3.875,3.875,
1991-09-03,3.831,3.831,3.831,3.831,
1991-09-04,3.787,3.787,3.787,3.787,
1991-09-05,3.787,3.787,3.787,3.787,
1991-09-06,3.838,3.838,3.838,3.838,
1991-09-09,3.816,3.816,3.816,3.816,
1991-09-10,3.764,3.764,3.764,3.764,
1991-09-11,3.794,3.794,3.794,3.794,
1991-09-12,3.83,3.83,3.83,3.83,
1991-09-13,3.816,3.816,3.816,3.816,
1991-09-16,3.867,3.867,3.867,3.867,
1991-09-17,3.853,3.853,3.853,3.853,
1991-09-18,3.875,3.875,3.875,3.875,
1991-09-19,3.845,3.845,3.845,3.845,
1991-09-20,3.83,3.83,3.83,3.83,
1991-09-23,3.794,3.794,3.794,3.794,
1991-09-24,3.808,3.808,3.808,3.808,
1991-09-25,3.808,3.808,3.808,3.808,
1991-09-26,3.801,3.801,3.801,3.801,
1991-09-27,3.801,3.801,3.801,3.801,
1991-09-30,3.816,3.816,3.816,3.816,
1991-10-01,3.845,3.845,3.845,3.845,
1991-10-02,3.838,3.838,3.838,3.838,
1991-10-03,3.786,3.786,3.786,3.786,
1991-10-04,3.779,3.779,3.779,3.779,
1991-10-07,3.764,3.764,3.764,3.764,
1991-10-08,3.801,3.801,3.801,3.801,
1991-10-09,3.779,3.779,3.779,3.779,
1991-10-10,3.771,3.771,3.771,3.771,
1991-10-11,3.727,3.727,3.727,3.727,
1991-10-14,3.786,3.786,3.786,3.786,
1991-10-15,3.742,3.742,3.742,3.742,
1991-10-16,3.72,3.72,3.72,3.72,
1991-10-17,3.72,3.72,3.72,3.72,
1991-10-18,3.749,3.749,3.749,3.749,
1991-10-21,3.734,3.734,3.734,3.734,
1991-10-22,3.712,3.712,3.712,3.712,
1991-10-23,3.727,3.727,3.727,3.727,
1991-10-24,3.712,3.712,3.712,3.712,
1991-10-25,3.749,3.749,3.749,3.749,
1991-10-28,3.838,3.838,3.838,3.838,
1991-10-29,3.882,3.882,3.882,3.882,
1991-10-30,3.956,3.956,3.956,3.956,
1991-10-31,3.941,3.941,3.941,3.941,
1991-11-01,3.912,3.912,3.912,3.912,
1991-11-04,3.897,3.897,3.897,3.897,
1991-11-05,3.867,3.867,3.867,3.867,
1991-11-06,3.882,3.882,3.882,3.882,
1991-11-07,3.882,3.882,3.882,3.882,
1991-11-08,3.882,3.882,3.882,3.882,
1991-11-11,3.927,3.927,3.927,3.927,
1991-11-12,3.964,3.964,3.964,3.964,
1991-11-13,4.015,4.015,4.015,4.015,
1991-11-14,4.045,4.045,4.045,4.045,
1991-11-15,3.83,3.83,3.83,3.83,
1991-11-18,3.971,3.971,3.971,3.971,
1991-11-19,3.927,3.927,3.927,3.927,
1991-11-20,3.934,3.934,3.934,3.934,
1991-11-21,4.067,4.067,4.067,4.067,
1991-11-22,4.111,4.111,4.111,4.111,
1991-11-25,4.067,4.067,4.067,4.067,
1991-11-26,4.185,4.185,4.185,4.185,
1991-11-27,4.148,4.148,4.148,4.148,
1991-11-29,4.118,4.118,4.118,4.118,
1991-12-02,4.267,4.267,4.267,4.267,
1991-12-03,4.245,4.245,4.245,4.245,
1991-12-04,4.252,4.252,4.252,4.252,
1991-12-05,4.297,4.297,4.297,4.297,
1991-12-06,4.245,4.245,4.245,4.245,
1991-12-09,4.297,4.297,4.297,4.297,
1991-12-10,4.252,4.252,4.252,4.252,
1991-12-11,4.282,4.282,4.282,4.282,
1991-12-12,4.259,4.259,4.259,4.259,
1991-12-13,4.274,4.274,4.274,4.274,
1991-12-16,4.356,4.356,4.356,4.356,
1991-12-17,4.438,4.438,4.438,4.438,
1991-12-18,4.445,4.445,4.445,4.445,
1991-12-19,4.452,4.452,4.452,4.452,
1991-12-20,4.504,4.504,4.504,4.504,
1991-12-23,4.675,4.675,4.675,4.675,
1991-12-24,4.734,4.734,4.734,4.734,
1991-12-26,4.786,4.786,4.786,4.786,
1991-12-27,4.764,4.764,4.764,4.764,
1991-12-30,4.823,4.823,4.823,4.823,
1991-12-31,4.764,4.764,4.764,4.764,
1992-01-02,4.764,4.764,4.764,4.764,
1992-01-03,4.942,4.942,4.942,4.942,
1992-01-06,4.927,4.927,4.927,4.927,
1992-01-07,4.883,4.883,4.883,4.883,
1992-01-08,4.794,4.794,4.794,4.794,
1992-01-09,4.749,4.749,4.749,4.749,
1992-01-10,4.705,4.705,4.705,4.705,
1992-01-13,4.682,4.682,4.682,4.682,
1992-01-14,4.734,4.734,4.734,4.734,
1992-01-15,4.571,4.571,4.571,4.571,
1992-01-16,4.393,4.393,4.393,4.393,
1992-01-17,4.4,4.4,4.4,4.4,
1992-01-20,4.311,4.311,4.311,4.311,
1992-01-21,4.356,4.356,4.356,4.356,
1992-01-22,4.445,4.445,4.445,4.445,
1992-01-23,4.423,4.423,4.423,4.423,
1992-01-24,4.445,4.445,4.445,4.445,
1992-01-27,4.386,4.386,4.386,4.386,
1992-01-28,4.356,4.356,4.356,4.356,
1992-01-29,4.245,4.245,4.245,4.245,
1992-01-30,4.579,4.579,4.579,4.579,
1992-01-31,4.601,4.601,4.601,4.601,
1992-02-03,4.682,4.682,4.682,4.682,
1992-02-04,4.69,4.69,4.69,4.69,
1992-02-05,4.638,4.638,4.638,4.638,
1992-02-06,4.668,4.668,4.668,4.668,
1992-02-07,4.638,4.638,4.638,4.638,
1992-02-10,4.675,4.675,4.675,4.675,
1992-02-11,4.616,4.616,4.616,4.616,
1992-02-12,4.66,4.66,4.66,4.66,
1992-02-13,4.601,4.601,4.601,4.601,
1992-02-14,4.571,4.571,4.571,4.571,
1992-02-18,4.504,4.504,4.504,4.504,
1992-02-19,4.571,4.571,4.571,4.571,
1992-02-20,4.697,4.697,4.697,4.697,
1992-02-21,4.697,4.697,4.697,4.697,
1992-02-24,4.72,4.72,4.72,4.72,
1992-02-25,4.727,4.727,4.727,4.727,
1992-02-26,4.868,4.868,4.868,4.868,
1992-02-27,4.846,4.846,4.846,4.846,
1992-02-28,4.853,4.853,4.853,4.853,
1992-03-02,4.831,4.831,4.831,4.831,
1992-03-03,4.838,4.838,4.838,4.838,
1992-03-04,4.779,4.779,4.779,4.779,
1992-03-05,4.772,4.772,4.772,4.772,
1992-03-06,4.682,4.682,4.682,4.682,
1992-03-09,4.774,4.774,4.774,4.774,
1992-03-10,4.841,4.841,4.841,4.841,
1992-03-11,4.818,4.818,4.818,4.818,
1992-03-12,4.833,4.833,4.833,4.833,
1992-03-13,4.848,4.848,4.848,4.848,
1992-03-16,4.87,4.87,4.87,4.87,
1992-03-17,4.908,4.908,4.908,4.908,
1992-03-18,4.848,4.848,4.848,4.848,
1992-03-19,4.803,4.803,4.803,4.803,
1992-03-20,4.826,4.826,4.826,4.826,
1992-03-23,4.87,4.87,4.87,4.87,
1992-03-24,4.856,4.856,4.856,4.856,
1992-03-25,4.9,4.9,4.9,4.9,
1992-03-26,4.915,4.915,4.915,4.915,
1992-03-27,4.93,4.93,4.93,4.93,
1992-03-30,4.893,4.893,4.893,4.893,
1992-03-31,4.87,4.87,4.87,4.87,
1992-04-01,4.885,4.885,4.885,4.885,
1992-04-02,4.818,4.818,4.818,4.818,
1992-04-03,4.945,4.945,4.945,4.945,
1992-04-06,4.967,4.967,4.967,4.967,
1992-04-07,4.818,4.818,4.818,4.818,
1992-04-08,4.766,4.766,4.766,4.766,
1992-04-09,4.841,4.841,4.841,4.841,
1992-04-10,4.908,4.908,4.908,4.908,
1992-04-13,4.878,4.878,4.878,4.878,
1992-04-14,4.885,4.885,4.885,4.885,
1992-04-15,4.967,4.967,4.967,4.967,
1992-04-16,4.952,4.952,4.952,4.952,
1992-04-20,4.848,4.848,4.848,4.848,
1992-04-21,4.841,4.841,4.841,4.841,
1992-04-22,4.841,4.841,4.841,4.841,
1992-04-23,4.908,4.908,4.908,4.908,
1992-04-24,4.826,4.826,4.826,4.826,
1992-04-27,4.789,4.789,4.789,4.789,
1992-04-28,4.789,4.789,4.789,4.789,
1992-04-29,4.863,4.863,4.863,4.863,
1992-04-30,4.945,4.945,4.945,4.945,
1992-05-01,4.937,4.937,4.937,4.937,
1992-05-04,4.975,4.975,4.975,4.975,
1992-05-05,4.93,4.93,4.93,4.93,
1992-05-06,4.923,4.923,4.923,4.923,
1992-05-07,4.967,4.967,4.967,4.967,
1992-05-08,5.034,5.034,5.034,5.034,
1992-05-11,5.086,5.086,5.086,5.086,
1992-05-12,5.109,5.109,5.109,5.109,
1992-05-13,5.213,5.213,5.213,5.213,
1992-05-14,5.139,5.139,5.139,5.139,
1992-05-15,5.168,5.168,5.168,5.168,
1992-05-18,5.273,5.273,5.273,5.273,
1992-05-19,5.377,5.377,5.377,5.377,
1992-05-20,5.302,5.302,5.302,5.302,
1992-05-21,5.287,5.287,5.287,5.287,
1992-05-22,5.273,5.273,5.273,5.273,
1992-05-26,5.168,5.168,5.168,5.168,
1992-05-27,5.258,5.258,5.258,5.258,
1992-05-28,5.302,5.302,5.302,5.302,
1992-05-29,5.243,5.243,5.243,5.243,
1992-06-01,5.332,5.332,5.332,5.332,
1992-06-02,5.273,5.273,5.273,5.273,
1992-06-03,5.243,5.243,5.243,5.243,
1992-06-04,5.094,5.094,5.094,5.094,
1992-06-05,5.228,5.228,5.228,5.228,
1992-06-08,5.198,5.198,5.198,5.198,
1992-06-09,5.155,5.155,5.155,5.155,
1992-06-10,5.095,5.095,5.095,5.095,
1992-06-11,5.11,5.11,5.11,5.11,
1992-06-12,5.05,5.05,5.05,5.05,
1992-06-15,5.021,5.021,5.021,5.021,
1992-06-16,4.871,4.871,4.871,4.871,
1992-06-17,4.707,4.707,4.707,4.707,
1992-06-18,4.737,4.737,4.737,4.737,
1992-06-19,4.826,4.826,4.826,4.826,
1992-06-22,4.811,4.811,4.811,4.811,
1992-06-23,4.796,4.796,4.796,4.796,
1992-06-24,4.767,4.767,4.767,4.767,
1992-06-25,4.826,4.826,4.826,4.826,
1992-06-26,4.752,4.752,4.752,4.752,
1992-06-29,4.826,4.826,4.826,4.826,
1992-06-30,4.782,4.782,4.782,4.782,
1992-07-01,4.931,4.931,4.931,4.931,
1992-07-02,5.006,5.006,5.006,5.006,
1992-07-06,5.08,5.08,5.08,5.08,
1992-07-07,5.021,5.021,5.021,5.021,
1992-07-08,5.08,5.08,5.08,5.08,
1992-07-09,5.155,5.155,5.155,5.155,
1992-07-10,5.095,5.095,5.095,5.095,
1992-07-13,5.036,5.036,5.036,5.036,
1992-07-14,4.961,4.961,4.961,4.961,
1992-07-15,4.841,4.841,4.841,4.841,
1992-07-16,4.841,4.841,4.841,4.841,
1992-07-17,4.886,4.886,4.886,4.886,
1992-07-20,4.901,4.901,4.901,4.901,
1992-07-21,4.946,4.946,4.946,4.946,
1992-07-22,4.856,4.856,4.856,4.856,
1992-07-23,4.856,4.856,4.856,4.856,
1992-07-24,4.841,4.841,4.841,4.841,
1992-07-27,4.826,4.826,4.826,4.826,
1992-07-28,4.901,4.901,4.901,4.901,
1992-07-29,5.006,5.006,5.006,5.006,
1992-07-30,4.961,4.961,4.961,4.961,
1992-07-31,5.006,5.006,5.006,5.006,
1992-08-03,5.14,5.14,5.14,5.14,
1992-08-04,5.095,5.095,5.095,5.095,
1992-08-05,5.08,5.08,5.08,5.08,
1992-08-06,5.08,5.08,5.08,5.08,
1992-08-07,5.095,5.095,5.095,5.095,
1992-08-10,5.155,5.155,5.155,5.155,
1992-08-11,5.125,5.125,5.125,5.125,
1992-08-12,5.14,5.14,5.14,5.14,
1992-08-13,5.17,5.17,5.17,5.17,
1992-08-14,5.185,5.185,5.185,5.185,
1992-08-17,5.185,5.185,5.185,5.185,
1992-08-18,5.2,5.2,5.2,5.2,
1992-08-19,5.155,5.155,5.155,5.155,
1992-08-20,5.215,5.215,5.215,5.215,
1992-08-21,5.11,5.11,5.11,5.11,
1992-08-24,5.095,5.095,5.095,5.095,
1992-08-25,5.095,5.095,5.095,5.095,
1992-08-26,5.11,5.11,5.11,5.11,
1992-08-27,5.125,5.125,5.125,5.125,
1992-08-28,5.185,5.185,5.185,5.185,
1992-08-31,5.14,5.14,5.14,5.14,
1992-09-01,5.23,5.23,5.23,5.23,
1992-09-02,5.215,5.215,5.215,5.215,
1992-09-03,5.215,5.215,5.215,5.215,
1992-09-04,5.215,5.215,5.215,5.215,
1992-09-08,5.215,5.215,5.215,5.215,
1992-09-09,5.292,5.292,5.292,5.292,
1992-09-10,5.292,5.292,5.292,5.292,
1992-09-11,5.307,5.307,5.307,5.307,
1992-09-14,5.322,5.322,5.322,5.322,
1992-09-15,5.307,5.307,5.307,5.307,
1992-09-16,5.367,5.367,5.367,5.367,
1992-09-17,5.352,5.352,5.352,5.352,
1992-09-18,5.397,5.397,5.397,5.397,
1992-09-21,5.367,5.367,5.367,5.367,
1992-09-22,5.067,5.067,5.067,5.067,
1992-09-23,4.887,4.887,4.887,4.887,
1992-09-24,4.962,4.962,4.962,4.962,
1992-09-25,4.932,4.932,4.932,4.932,
1992-09-28,4.947,4.947,4.947,4.947,
1992-09-29,4.887,4.887,4.887,4.887,
1992-09-30,4.857,4.857,4.857,4.857,
1992-10-01,4.797,4.797,4.797,4.797,
1992-10-02,4.707,4.707,4.707,4.707,
1992-10-05,4.722,4.722,4.722,4.722,
1992-10-06,4.647,4.647,4.647,4.647,
1992-10-07,4.497,4.497,4.497,4.497,
1992-10-08,4.512,4.512,4.512,4.512,
1992-10-09,4.437,4.437,4.437,4.437,
1992-10-12,4.422,4.422,4.422,4.422,
1992-10-13,4.542,4.542,4.542,4.542,
1992-10-14,4.617,4.617,4.617,4.617,
1992-10-15,4.707,4.707,4.707,4.707,
1992-10-16,4.842,4.842,4.842,4.842,
1992-10-19,4.932,4.932,4.932,4.932,
1992-10-20,4.887,4.887,4.887,4.887,
1992-10-21,4.857,4.857,4.857,4.857,
1992-10-22,4.857,4.857,4.857,4.857,
1992-10-23,4.797,4.797,4.797,4.797,
1992-10-26,4.887,4.887,4.887,4.887,
1992-10-27,4.962,4.962,4.962,4.962,
1992-10-28,4.962,4.962,4.962,4.962,
1992-10-29,4.977,4.977,4.977,4.977,
1992-10-30,4.872,4.872,4.872,4.872,
1992-11-02,4.977,4.977,4.977,4.977,
1992-11-03,4.887,4.887,4.887,4.887,
1992-11-04,4.827,4.827,4.827,4.827,
1992-11-05,4.902,4.902,4.902,4.902,
1992-11-06,4.902,4.902,4.902,4.902,
1992-11-09,4.932,4.932,4.932,4.932,
1992-11-10,4.902,4.902,4.902,4.902,
1992-11-11,5.022,5.022,5.022,5.022,
1992-11-12,4.917,4.917,4.917,4.917,
1992-11-13,4.977,4.977,4.977,4.977,
1992-11-16,4.902,4.902,4.902,4.902,
1992-11-17,4.887,4.887,4.887,4.887,
1992-11-18,4.887,4.887,4.887,4.887,
1992-11-19,4.887,4.887,4.887,4.887,
1992-11-20,4.902,4.902,4.902,4.902,
1992-11-23,4.887,4.887,4.887,4.887,
1992-11-24,4.874,4.874,4.874,4.874,
1992-11-25,4.889,4.889,4.889,4.889,
1992-11-27,4.859,4.859,4.859,4.859,
1992-11-30,4.783,4.783,4.783,4.783,
1992-12-01,4.768,4.768,4.768,4.768,
1992-12-02,4.753,4.753,4.753,4.753,
1992-12-03,4.753,4.753,4.753,4.753,
1992-12-04,4.768,4.768,4.768,4.768,
1992-12-07,4.813,4.813,4.813,4.813,
1992-12-08,4.828,4.828,4.828,4.828,
1992-12-09,4.798,4.798,4.798,4.798,
1992-12-10,4.783,4.783,4.783,4.783,
1992-12-11,4.798,4.798,4.798,4.798,
1992-12-14,4.753,4.753,4.753,4.753,
1992-12-15,4.889,4.889,4.889,4.889,
1992-12-16,4.889,4.889,4.889,4.889,
1992-12-17,4.994,4.994,4.994,4.994,
1992-12-18,5.265,5.265,5.265,5.265,
1992-12-21,5.235,5.235,5.235,5.235,
1992-12-22,5.25,5.25,5.25,5.25,
1992-12-23,5.25,5.25,5.25,5.25,
1992-12-24,5.235,5.235,5.235,5.235,
1992-12-28,5.235,5.235,5.235,5.235,
1992-12-29,5.174,5.174,5.174,5.174,
1992-12-30,5.144,5.144,5.144,5.144,
1992-12-31,5.039,5.039,5.039,5.039,
1993-01-04,5.054,5.054,5.054,5.054,
1993-01-05,4.949,4.949,4.949,4.949,
1993-01-06,4.979,4.979,4.979,4.979,
1993-01-07,4.889,4.889,4.889,4.889,
1993-01-08,4.844,4.844,4.844,4.844,
1993-01-11,4.904,4.904,4.904,4.904,
1993-01-12,4.934,4.934,4.934,4.934,
1993-01-13,4.979,4.979,4.979,4.979,
1993-01-14,5.205,5.205,5.205,5.205,
1993-01-15,5.205,5.205,5.205,5.205,
1993-01-18,5.189,5.189,5.189,5.189,
1993-01-19,5.054,5.054,5.054,5.054,
1993-01-20,5.024,5.024,5.024,5.024,
1993-01-21,5.039,5.039,5.039,5.039,
1993-01-22,4.934,4.934,4.934,4.934,
1993-01-25,5.024,5.024,5.024,5.024,
1993-01-26,5.069,5.069,5.069,5.069,
1993-01-27,4.994,4.994,4.994,4.994,
1993-01-28,4.964,4.964,4.964,4.964,
1993-01-29,5.099,5.099,5.099,5.099,
1993-02-01,5.174,5.174,5.174,5.174,
1993-02-02,5.069,5.069,5.069,5.069,
1993-02-03,5.039,5.039,5.039,5.039,
1993-02-04,5.024,5.024,5.024,5.024,
1993-02-05,4.964,4.964,4.964,4.964,
1993-02-08,4.949,4.949,4.949,4.949,
1993-02-09,4.904,4.904,4.904,4.904,
1993-02-10,4.874,4.874,4.874,4.874,
1993-02-11,4.889,4.889,4.889,4.889,
1993-02-12,4.874,4.874,4.874,4.874,
1993-02-16,4.889,4.889,4.889,4.889,
1993-02-17,4.919,4.919,4.919,4.919,
1993-02-18,4.964,4.964,4.964,4.964,
1993-02-19,5.024,5.024,5.024,5.024,
1993-02-22,4.964,4.964,4.964,4.964,
1993-02-23,4.979,4.979,4.979,4.979,
1993-02-24,5.054,5.054,5.054,5.054,
1993-02-25,5.084,5.084,5.084,5.084,
1993-02-26,5.099,5.099,5.099,5.099,
1993-03-01,5.069,5.069,5.069,5.069,
1993-03-02,5.189,5.189,5.189,5.189,
1993-03-03,5.144,5.144,5.144,5.144,
1993-03-04,5.189,5.189,5.189,5.189,
1993-03-05,5.159,5.159,5.159,5.159,
1993-03-08,5.265,5.265,5.265,5.265,
1993-03-09,5.21,5.21,5.21,5.21,
1993-03-10,5.18,5.18,5.18,5.18,
1993-03-11,5.164,5.164,5.164,5.164,
1993-03-12,5.104,5.104,5.104,5.104,
1993-03-15,5.195,5.195,5.195,5.195,
1993-03-16,5.21,5.21,5.21,5.21,
1993-03-17,5.149,5.149,5.149,5.149,
1993-03-18,5.18,5.18,5.18,5.18,
1993-03-19,5.119,5.119,5.119,5.119,
1993-03-22,5.074,5.074,5.074,5.074,
1993-03-23,5.013,5.013,5.013,5.013,
1993-03-24,5.059,5.059,5.059,5.059,
1993-03-25,5.149,5.149,5.149,5.149,
1993-03-26,5.029,5.029,5.029,5.029,
1993-03-29,5.059,5.059,5.059,5.059,
1993-03-30,5.195,5.195,5.195,5.195,
1993-03-31,5.149,5.149,5.149,5.149,
1993-04-01,5.18,5.18,5.18,5.18,
1993-04-02,5.074,5.074,5.074,5.074,
1993-04-05,4.953,4.953,4.953,4.953,
1993-04-06,4.832,4.832,4.832,4.832,
1993-04-07,4.772,4.772,4.772,4.772,
1993-04-08,4.802,4.802,4.802,4.802,
1993-04-12,4.757,4.757,4.757,4.757,
1993-04-13,4.727,4.727,4.727,4.727,
1993-04-14,4.817,4.817,4.817,4.817,
1993-04-15,4.787,4.787,4.787,4.787,
1993-04-16,4.591,4.591,4.591,4.591,
1993-04-19,4.606,4.606,4.606,4.606,
1993-04-20,4.651,4.651,4.651,4.651,
1993-04-21,4.711,4.711,4.711,4.711,
1993-04-22,4.696,4.696,4.696,4.696,
1993-04-23,4.696,4.696,4.696,4.696,
1993-04-26,4.787,4.787,4.787,4.787,
1993-04-27,4.787,4.787,4.787,4.787,
1993-04-28,4.757,4.757,4.757,4.757,
1993-04-29,4.802,4.802,4.802,4.802,
1993-04-30,4.757,4.757,4.757,4.757,
1993-05-03,4.787,4.787,4.787,4.787,
1993-05-04,4.757,4.757,4.757,4.757,
1993-05-05,4.742,4.742,4.742,4.742,
1993-05-06,4.696,4.696,4.696,4.696,
1993-05-07,4.681,4.681,4.681,4.681,
1993-05-10,4.727,4.727,4.727,4.727,
1993-05-11,4.847,4.847,4.847,4.847,
1993-05-12,4.802,4.802,4.802,4.802,
1993-05-13,4.742,4.742,4.742,4.742,
1993-05-14,4.817,4.817,4.817,4.817,
1993-05-17,4.847,4.847,4.847,4.847,
1993-05-18,4.832,4.832,4.832,4.832,
1993-05-19,4.998,4.998,4.998,4.998,
1993-05-20,5.089,5.089,5.089,5.089,
1993-05-21,4.953,4.953,4.953,4.953,
1993-05-24,4.953,4.953,4.953,4.953,
1993-05-25,4.968,4.968,4.968,4.968,
1993-05-26,5.013,5.013,5.013,5.013,
1993-05-27,4.983,4.983,4.983,4.983,
1993-05-28,5.013,5.013,5.013,5.013,
1993-06-01,5.013,5.013,5.013,5.013,
1993-06-02,5.029,5.029,5.029,5.029,
1993-06-03,4.983,4.983,4.983,4.983,
1993-06-04,4.968,4.968,4.968,4.968,
1993-06-07,4.953,4.953,4.953,4.953,
1993-06-08,4.908,4.908,4.908,4.908,
1993-06-09,4.837,4.837,4.837,4.837,
1993-06-10,4.974,4.974,4.974,4.974,
1993-06-11,5.065,5.065,5.065,5.065,
1993-06-14,5.08,5.08,5.08,5.08,
1993-06-15,5.08,5.08,5.08,5.08,
1993-06-16,5.095,5.095,5.095,5.095,
1993-06-17,5.125,5.125,5.125,5.125,
1993-06-18,5.034,5.034,5.034,5.034,
1993-06-21,5.004,5.004,5.004,5.004,
1993-06-22,4.989,4.989,4.989,4.989,
1993-06-23,5.065,5.065,5.065,5.065,
1993-06-24,5.171,5.171,5.171,5.171,
1993-06-25,5.171,5.171,5.171,5.171,
1993-06-28,5.247,5.247,5.247,5.247,
1993-06-29,5.262,5.262,5.262,5.262,
1993-06-30,5.216,5.216,5.216,5.216,
1993-07-01,5.216,5.216,5.216,5.216,
1993-07-02,5.186,5.186,5.186,5.186,
1993-07-06,5.08,5.08,5.08,5.08,
1993-07-07,5.201,5.201,5.201,5.201,
1993-07-08,5.292,5.292,5.292,5.292,
1993-07-09,5.262,5.262,5.262,5.262,
1993-07-12,5.368,5.368,5.368,5.368,
1993-07-13,5.307,5.307,5.307,5.307,
1993-07-14,5.383,5.383,5.383,5.383,
1993-07-15,5.398,5.398,5.398,5.398,
1993-07-16,5.353,5.353,5.353,5.353,
1993-07-19,5.383,5.383,5.383,5.383,
1993-07-20,5.414,5.414,5.414,5.414,
1993-07-21,5.368,5.368,5.368,5.368,
1993-07-22,5.307,5.307,5.307,5.307,
1993-07-23,5.338,5.338,5.338,5.338,
1993-07-26,5.307,5.307,5.307,5.307,
1993-07-27,5.277,5.277,5.277,5.277,
1993-07-28,5.292,5.292,5.292,5.292,
1993-07-29,5.338,5.338,5.338,5.338,
1993-07-30,5.247,5.247,5.247,5.247,
1993-08-02,5.277,5.277,5.277,5.277,
1993-08-03,5.262,5.262,5.262,5.262,
1993-08-04,5.186,5.186,5.186,5.186,
1993-08-05,5.232,5.232,5.232,5.232,
1993-08-06,5.171,5.171,5.171,5.171,
1993-08-09,5.232,5.232,5.232,5.232,
1993-08-10,5.186,5.186,5.186,5.186,
1993-08-11,5.307,5.307,5.307,5.307,
1993-08-12,5.156,5.156,5.156,5.156,
1993-08-13,5.186,5.186,5.186,5.186,
1993-08-16,5.095,5.095,5.095,5.095,
1993-08-17,5.156,5.156,5.156,5.156,
1993-08-18,5.186,5.186,5.186,5.186,
1993-08-19,5.307,5.307,5.307,5.307,
1993-08-20,5.277,5.277,5.277,5.277,
1993-08-23,5.292,5.292,5.292,5.292,
1993-08-24,5.353,5.353,5.353,5.353,
1993-08-25,5.232,5.232,5.232,5.232,
1993-08-26,5.201,5.201,5.201,5.201,
1993-08-27,5.201,5.201,5.201,5.201,
1993-08-30,5.232,5.232,5.232,5.232,
1993-08-31,5.262,5.262,5.262,5.262,
1993-09-01,5.171,5.171,5.171,5.171,
1993-09-02,5.171,5.171,5.171,5.171,
1993-09-03,5.232,5.232,5.232,5.232,
1993-09-07,5.216,5.216,5.216,5.216,
1993-09-08,5.232,5.232,5.232,5.232,
1993-09-09,5.252,5.252,5.252,5.252,
1993-09-10,5.359,5.359,5.359,5.359,
1993-09-13,5.42,5.42,5.42,5.42,
1993-09-14,5.374,5.374,5.374,5.374,
1993-09-15,5.344,5.344,5.344,5.344,
1993-09-16,5.268,5.268,5.268,5.268,
1993-09-17,5.298,5.298,5.298,5.298,
1993-09-20,5.207,5.207,5.207,5.207,
1993-09-21,5.176,5.176,5.176,5.176,
1993-09-22,5.207,5.207,5.207,5.207,
1993-09-23,5.207,5.207,5.207,5.207,
1993-09-24,5.191,5.191,5.191,5.191,
1993-09-27,5.237,5.237,5.237,5.237,
1993-09-28,5.207,5.207,5.207,5.207,
1993-09-29,5.161,5.161,5.161,5.161,
1993-09-30,5.146,5.146,5.146,5.146,
1993-10-01,5.115,5.115,5.115,5.115,
1993-10-04,5.131,5.131,5.131,5.131,
1993-10-05,5.1,5.1,5.1,5.1,
1993-10-06,5.039,5.039,5.039,5.039,
1993-10-07,5.009,5.009,5.009,5.009,
1993-10-08,5.024,5.024,5.024,5.024,
1993-10-11,5.115,5.115,5.115,5.115,
1993-10-12,5.131,5.131,5.131,5.131,
1993-10-13,5.131,5.131,5.131,5.131,
1993-10-14,5.374,5.374,5.374,5.374,
1993-10-15,5.359,5.359,5.359,5.359,
1993-10-18,5.313,5.313,5.313,5.313,
1993-10-19,5.313,5.313,5.313,5.313,
1993-10-20,5.359,5.359,5.359,5.359,
1993-10-21,5.313,5.313,5.313,5.313,
1993-10-22,5.207,5.207,5.207,5.207,
1993-10-25,5.222,5.222,5.222,5.222,
1993-10-26,5.222,5.222,5.222,5.222,
1993-10-27,5.237,5.237,5.237,5.237,
1993-10-28,5.237,5.237,5.237,5.237,
1993-10-29,5.283,5.283,5.283,5.283,
1993-11-01,5.252,5.252,5.252,5.252,
1993-11-02,5.191,5.191,5.191,5.191,
1993-11-03,5.115,5.115,5.115,5.115,
1993-11-04,5.054,5.054,5.054,5.054,
1993-11-05,5.054,5.054,5.054,5.054,
1993-11-08,5.054,5.054,5.054,5.054,
1993-11-09,5.009,5.009,5.009,5.009,
1993-11-10,4.948,4.948,4.948,4.948,
1993-11-11,4.887,4.887,4.887,4.887,
1993-11-12,4.963,4.963,4.963,4.963,
1993-11-15,5.039,5.039,5.039,5.039,
1993-11-16,5.131,5.131,5.131,5.131,
1993-11-17,5.161,5.161,5.161,5.161,
1993-11-18,5.115,5.115,5.115,5.115,
1993-11-19,5.191,5.191,5.191,5.191,
1993-11-22,5.131,5.131,5.131,5.131,
1993-11-23,5.146,5.146,5.146,5.146,
1993-11-24,5.136,5.136,5.136,5.136,
1993-11-26,5.167,5.167,5.167,5.167,
1993-11-29,5.167,5.167,5.167,5.167,
1993-11-30,5.136,5.136,5.136,5.136,
1993-12-01,5.167,5.167,5.167,5.167,
1993-12-02,5.197,5.197,5.197,5.197,
1993-12-03,5.243,5.243,5.243,5.243,
1993-12-06,5.319,5.319,5.319,5.319,
1993-12-07,5.381,5.381,5.381,5.381,
1993-12-08,5.35,5.35,5.35,5.35,
1993-12-09,5.335,5.335,5.335,5.335,
1993-12-10,5.319,5.319,5.319,5.319,
1993-12-13,5.35,5.35,5.35,5.35,
1993-12-14,5.289,5.289,5.289,5.289,
1993-12-15,5.212,5.212,5.212,5.212,
1993-12-16,5.304,5.304,5.304,5.304,
1993-12-17,5.212,5.212,5.212,5.212,
1993-12-20,5.243,5.243,5.243,5.243,
1993-12-21,5.319,5.319,5.319,5.319,
1993-12-22,5.381,5.381,5.381,5.381,
1993-12-23,5.319,5.319,5.319,5.319,
1993-12-27,5.411,5.411,5.411,5.411,
1993-12-28,5.457,5.457,5.457,5.457,
1993-12-29,5.503,5.503,5.503,5.503,
1993-12-30,5.488,5.488,5.488,5.488,
1993-12-31,5.457,5.457,5.457,5.457,
1994-01-03,5.442,5.442,5.442,5.442,
1994-01-04,5.396,5.396,5.396,5.396,
1994-01-05,5.258,5.258,5.258,5.258,
1994-01-06,5.151,5.151,5.151,5.151,
1994-01-07,5.212,5.212,5.212,5.212,
1994-01-10,5.304,5.304,5.304,5.304,
1994-01-11,5.228,5.228,5.228,5.228,
1994-01-12,5.289,5.289,5.289,5.289,
1994-01-13,5.212,5.212,5.212,5.212,
1994-01-14,5.197,5.197,5.197,5.197,
1994-01-17,5.09,5.09,5.09,5.09,
1994-01-18,5.014,5.014,5.014,5.014,
1994-01-19,5.075,5.075,5.075,5.075,
1994-01-20,5.06,5.06,5.06,5.06,
1994-01-21,5.044,5.044,5.044,5.044,
1994-01-24,4.953,4.953,4.953,4.953,
1994-01-25,4.983,4.983,4.983,4.983,
1994-01-26,5.014,5.014,5.014,5.014,
1994-01-27,5.105,5.105,5.105,5.105,
1994-01-28,5.044,5.044,5.044,5.044,
1994-01-31,4.998,4.998,4.998,4.998,
1994-02-01,5.075,5.075,5.075,5.075,
1994-02-02,5.075,5.075,5.075,5.075,
1994-02-03,5.105,5.105,5.105,5.105,
1994-02-04,4.983,4.983,4.983,4.983,
1994-02-07,4.983,4.983,4.983,4.983,
1994-02-08,4.922,4.922,4.922,4.922,
1994-02-09,4.953,4.953,4.953,4.953,
1994-02-10,4.983,4.983,4.983,4.983,
1994-02-11,5.075,5.075,5.075,5.075,
1994-02-14,5.014,5.014,5.014,5.014,
1994-02-15,4.998,4.998,4.998,4.998,
1994-02-16,5.06,5.06,5.06,5.06,
1994-02-17,5.105,5.105,5.105,5.105,
1994-02-18,5.075,5.075,5.075,5.075,
1994-02-22,5.197,5.197,5.197,5.197,
1994-02-23,5.212,5.212,5.212,5.212,
1994-02-24,5.136,5.136,5.136,5.136,
1994-02-25,5.136,5.136,5.136,5.136,
1994-02-28,5.212,5.212,5.212,5.212,
1994-03-01,5.182,5.182,5.182,5.182,
1994-03-02,5.151,5.151,5.151,5.151,
1994-03-03,5.09,5.09,5.09,5.09,
1994-03-04,5.09,5.09,5.09,5.09,
1994-03-07,5.09,5.09,5.09,5.09,
1994-03-08,5.014,5.014,5.014,5.014,
1994-03-09,5.022,5.022,5.022,5.022,
1994-03-10,5.007,5.007,5.007,5.007,
1994-03-11,5.022,5.022,5.022,5.022,
1994-03-14,5.114,5.114,5.114,5.114,
1994-03-15,5.053,5.053,5.053,5.053,
1994-03-16,5.053,5.053,5.053,5.053,
1994-03-17,5.099,5.099,5.099,5.099,
1994-03-18,5.145,5.145,5.145,5.145,
1994-03-21,5.161,5.161,5.161,5.161,
1994-03-22,5.176,5.176,5.176,5.176,
1994-03-23,5.145,5.145,5.145,5.145,
1994-03-24,5.145,5.145,5.145,5.145,
1994-03-25,5.13,5.13,5.13,5.13,
1994-03-28,5.176,5.176,5.176,5.176,
1994-03-29,5.145,5.145,5.145,5.145,
1994-03-30,5.038,5.038,5.038,5.038,
1994-03-31,4.992,4.992,4.992,4.992,
1994-04-04,4.945,4.945,4.945,4.945,
1994-04-05,4.976,4.976,4.976,4.976,
1994-04-06,5.038,5.038,5.038,5.038,
1994-04-07,5.068,5.068,5.068,5.068,
1994-04-08,5.053,5.053,5.053,5.053,
1994-04-11,4.961,4.961,4.961,4.961,
1994-04-12,4.884,4.884,4.884,4.884,
1994-04-13,4.976,4.976,4.976,4.976,
1994-04-14,4.838,4.838,4.838,4.838,
1994-04-15,4.838,4.838,4.838,4.838,
1994-04-18,4.838,4.838,4.838,4.838,
1994-04-19,4.869,4.869,4.869,4.869,
1994-04-20,4.899,4.899,4.899,4.899,
1994-04-21,4.976,4.976,4.976,4.976,
1994-04-22,4.915,4.915,4.915,4.915,
1994-04-25,4.992,4.992,4.992,4.992,
1994-04-26,4.976,4.976,4.976,4.976,
1994-04-28,5.068,5.068,5.068,5.068,
1994-04-29,5.13,5.13,5.13,5.13,
1994-05-02,5.145,5.145,5.145,5.145,
1994-05-03,5.099,5.099,5.099,5.099,
1994-05-04,5.099,5.099,5.099,5.099,
1994-05-05,5.053,5.053,5.053,5.053,
1994-05-06,4.945,4.945,4.945,4.945,
1994-05-09,4.853,4.853,4.853,4.853,
1994-05-10,4.884,4.884,4.884,4.884,
1994-05-11,4.915,4.915,4.915,4.915,
1994-05-12,4.945,4.945,4.945,4.945,
1994-05-13,4.853,4.853,4.853,4.853,
1994-05-16,4.884,4.884,4.884,4.884,
1994-05-17,4.976,4.976,4.976,4.976,
1994-05-18,4.992,4.992,4.992,4.992,
1994-05-19,5.053,5.053,5.053,5.053,
1994-05-20,5.022,5.022,5.022,5.022,
1994-05-23,4.961,4.961,4.961,4.961,
1994-05-24,4.93,4.93,4.93,4.93,
1994-05-25,4.945,4.945,4.945,4.945,
1994-05-26,5.007,5.007,5.007,5.007,
1994-05-27,4.992,4.992,4.992,4.992,
1994-05-31,4.945,4.945,4.945,4.945,
1994-06-01,5.038,5.038,5.038,5.038,
1994-06-02,5.114,5.114,5.114,5.114,
1994-06-03,5.161,5.161,5.161,5.161,
1994-06-06,5.176,5.176,5.176,5.176,
1994-06-07,5.191,5.191,5.191,5.191,
1994-06-08,5.145,5.145,5.145,5.145,
1994-06-09,5.015,5.015,5.015,5.015,
1994-06-10,4.969,4.969,4.969,4.969,
1994-06-13,4.861,4.861,4.861,4.861,
1994-06-14,4.922,4.922,4.922,4.922,
1994-06-15,4.922,4.922,4.922,4.922,
1994-06-16,5.03,5.03,5.03,5.03,
1994-06-17,4.938,4.938,4.938,4.938,
1994-06-20,4.969,4.969,4.969,4.969,
1994-06-21,4.953,4.953,4.953,4.953,
1994-06-22,5.03,5.03,5.03,5.03,
1994-06-23,4.999,4.999,4.999,4.999,
1994-06-24,4.953,4.953,4.953,4.953,
1994-06-27,4.999,4.999,4.999,4.999,
1994-06-28,4.984,4.984,4.984,4.984,
1994-06-29,5.046,5.046,5.046,5.046,
1994-06-30,5.015,5.015,5.015,5.015,
1994-07-01,5.138,5.138,5.138,5.138,
1994-07-05,5.123,5.123,5.123,5.123,
1994-07-06,5.123,5.123,5.123,5.123,
1994-07-07,5.138,5.138,5.138,5.138,
1994-07-08,5.169,5.169,5.169,5.169,
1994-07-11,5.185,5.185,5.185,5.185,
1994-07-12,5.185,5.185,5.185,5.185,
1994-07-13,5.169,5.169,5.169,5.169,
1994-07-14,5.2,5.2,5.2,5.2,
1994-07-15,5.231,5.231,5.231,5.231,
1994-07-18,5.231,5.231,5.231,5.231,
1994-07-19,5.246,5.246,5.246,5.246,
1994-07-20,5.216,5.216,5.216,5.216,
1994-07-21,5.246,5.246,5.246,5.246,
1994-07-22,5.262,5.262,5.262,5.262,
1994-07-25,5.339,5.339,5.339,5.339,
1994-07-26,5.308,5.308,5.308,5.308,
1994-07-27,5.354,5.354,5.354,5.354,
1994-07-28,5.447,5.447,5.447,5.447,
1994-07-29,5.478,5.478,5.478,5.478,
1994-08-01,5.478,5.478,5.478,5.478,
1994-08-02,5.447,5.447,5.447,5.447,
1994-08-03,5.416,5.416,5.416,5.416,
1994-08-04,5.416,5.416,5.416,5.416,
1994-08-05,5.416,5.416,5.416,5.416,
1994-08-08,5.416,5.416,5.416,5.416,
1994-08-09,5.416,5.416,5.416,5.416,
1994-08-10,5.432,5.432,5.432,5.432,
1994-08-11,5.385,5.385,5.385,5.385,
1994-08-12,5.493,5.493,5.493,5.493,
1994-08-15,5.462,5.462,5.462,5.462,
1994-08-16,5.632,5.632,5.632,5.632,
1994-08-17,5.694,5.694,5.694,5.694,
1994-08-18,5.879,5.879,5.879,5.879,
1994-08-19,5.771,5.771,5.771,5.771,
1994-08-22,5.74,5.74,5.74,5.74,
1994-08-23,5.74,5.74,5.74,5.74,
1994-08-24,5.709,5.709,5.709,5.709,
1994-08-25,5.709,5.709,5.709,5.709,
1994-08-26,5.756,5.756,5.756,5.756,
1994-08-29,5.709,5.709,5.709,5.709,
1994-08-30,5.694,5.694,5.694,5.694,
1994-08-31,5.678,5.678,5.678,5.678,
1994-09-01,5.678,5.678,5.678,5.678,
1994-09-02,5.709,5.709,5.709,5.709,
1994-09-06,5.663,5.663,5.663,5.663,
1994-09-07,5.709,5.709,5.709,5.709,
1994-09-08,5.694,5.694,5.694,5.694,
1994-09-09,5.625,5.625,5.625,5.625,
1994-09-12,5.625,5.625,5.625,5.625,
1994-09-13,5.703,5.703,5.703,5.703,
1994-09-14,5.842,5.842,5.842,5.842,
1994-09-15,6.012,6.012,6.012,6.012,
1994-09-16,5.919,5.919,5.919,5.919,
1994-09-19,6.074,6.074,6.074,6.074,
1994-09-20,6.012,6.012,6.012,6.012,
1994-09-21,6.028,6.028,6.028,6.028,
1994-09-22,6.043,6.043,6.043,6.043,
1994-09-23,6.043,6.043,6.043,6.043,
1994-09-26,6.167,6.167,6.167,6.167,
1994-09-27,6.121,6.121,6.121,6.121,
1994-09-28,6.09,6.09,6.09,6.09,
1994-09-29,6.059,6.059,6.059,6.059,
1994-09-30,6.028,6.028,6.028,6.028,
1994-10-03,6.105,6.105,6.105,6.105,
1994-10-04,5.997,5.997,5.997,5.997,
1994-10-05,6.028,6.028,6.028,6.028,
1994-10-06,6.043,6.043,6.043,6.043,
1994-10-07,6.028,6.028,6.028,6.028,
1994-10-10,6.074,6.074,6.074,6.074,
1994-10-11,6.245,6.245,6.245,6.245,
1994-10-12,6.183,6.183,6.183,6.183,
1994-10-13,6.291,6.291,6.291,6.291,
1994-10-14,6.276,6.276,6.276,6.276,
1994-10-17,6.245,6.245,6.245,6.245,
1994-10-18,6.291,6.291,6.291,6.291,
1994-10-19,6.276,6.276,6.276,6.276,
1994-10-20,6.198,6.198,6.198,6.198,
1994-10-21,6.229,6.229,6.229,6.229,
1994-10-24,6.121,6.121,6.121,6.121,
1994-10-25,6.229,6.229,6.229,6.229,
1994-10-26,6.198,6.198,6.198,6.198,
1994-10-27,6.276,6.276,6.276,6.276,
1994-10-28,6.26,6.26,6.26,6.26,
1994-10-31,6.245,6.245,6.245,6.245,
1994-11-01,6.276,6.276,6.276,6.276,
1994-11-02,6.229,6.229,6.229,6.229,
1994-11-03,6.183,6.183,6.183,6.183,
1994-11-04,6.198,6.198,6.198,6.198,
1994-11-07,6.229,6.229,6.229,6.229,
1994-11-08,6.276,6.276,6.276,6.276,
1994-11-09,6.276,6.276,6.276,6.276,
1994-11-10,6.26,6.26,6.26,6.26,
1994-11-11,6.26,6.26,6.26,6.26,
1994-11-14,6.369,6.369,6.369,6.369,
1994-11-15,6.384,6.384,6.384,6.384,
1994-11-16,6.477,6.477,6.477,6.477,
1994-11-17,6.446,6.446,6.446,6.446,
1994-11-18,6.508,6.508,6.508,6.508,
1994-11-21,6.586,6.586,6.586,6.586,
1994-11-22,6.477,6.477,6.477,6.477,
1994-11-23,6.415,6.415,6.415,6.415,
1994-11-25,6.455,6.455,6.455,6.455,
1994-11-28,6.486,6.486,6.486,6.486,
1994-11-29,6.471,6.471,6.471,6.471,
1994-11-30,6.362,6.362,6.362,6.362,
1994-12-01,6.284,6.284,6.284,6.284,
1994-12-02,6.409,6.409,6.409,6.409,
1994-12-05,6.409,6.409,6.409,6.409,
1994-12-06,6.362,6.362,6.362,6.362,
1994-12-07,6.331,6.331,6.331,6.331,
1994-12-08,6.3,6.3,6.3,6.3,
1994-12-09,6.222,6.222,6.222,6.222,
1994-12-12,6.206,6.206,6.206,6.206,
1994-12-13,6.237,6.237,6.237,6.237,
1994-12-14,6.331,6.331,6.331,6.331,
1994-12-15,6.346,6.346,6.346,6.346,
1994-12-16,6.424,6.424,6.424,6.424,
1994-12-19,6.393,6.393,6.393,6.393,
1994-12-20,6.486,6.486,6.486,6.486,
1994-12-21,6.564,6.564,6.564,6.564,
1994-12-22,6.362,6.362,6.362,6.362,
1994-12-23,6.424,6.424,6.424,6.424,
1994-12-27,6.502,6.502,6.502,6.502,
1994-12-28,6.502,6.502,6.502,6.502,
1994-12-29,6.517,6.517,6.517,6.517,
1994-12-30,6.409,6.409,6.409,6.409,
1995-01-03,6.44,6.44,6.44,6.44,
1995-01-04,6.3,6.3,6.3,6.3,
1995-01-05,6.269,6.269,6.269,6.269,
1995-01-06,6.269,6.269,6.269,6.269,
1995-01-09,6.175,6.175,6.175,6.175,
1995-01-10,6.113,6.113,6.113,6.113,
1995-01-11,6.129,6.129,6.129,6.129,
1995-01-12,6.191,6.191,6.191,6.191,
1995-01-13,6.191,6.191,6.191,6.191,
1995-01-16,6.3,6.3,6.3,6.3,
1995-01-17,6.331,6.331,6.331,6.331,
1995-01-18,6.284,6.284,6.284,6.284,
1995-01-19,6.331,6.331,6.331,6.331,
1995-01-20,6.331,6.331,6.331,6.331,
1995-01-23,6.331,6.331,6.331,6.331,
1995-01-24,6.269,6.269,6.269,6.269,
1995-01-25,6.3,6.3,6.3,6.3,
1995-01-26,6.44,6.44,6.44,6.44,
1995-01-27,6.517,6.517,6.517,6.517,
1995-01-30,6.549,6.549,6.549,6.549,
1995-01-31,6.533,6.533,6.533,6.533,
1995-02-01,6.502,6.502,6.502,6.502,
1995-02-02,6.517,6.517,6.517,6.517,
1995-02-03,6.611,6.611,6.611,6.611,
1995-02-06,6.626,6.626,6.626,6.626,
1995-02-07,6.673,6.673,6.673,6.673,
1995-02-08,6.626,6.626,6.626,6.626,
1995-02-09,6.533,6.533,6.533,6.533,
1995-02-10,6.611,6.611,6.611,6.611,
1995-02-13,6.517,6.517,6.517,6.517,
1995-02-14,6.486,6.486,6.486,6.486,
1995-02-15,6.58,6.58,6.58,6.58,
1995-02-16,6.72,6.72,6.72,6.72,
1995-02-17,6.642,6.642,6.642,6.642,
1995-02-21,6.673,6.673,6.673,6.673,
1995-02-22,6.689,6.689,6.689,6.689,
1995-02-23,6.72,6.72,6.72,6.72,
1995-02-24,6.813,6.813,6.813,6.813,
1995-02-27,6.782,6.782,6.782,6.782,
1995-02-28,6.844,6.844,6.844,6.844,
1995-03-01,6.875,6.875,6.875,6.875,
1995-03-02,6.828,6.828,6.828,6.828,
1995-03-03,6.86,6.86,6.86,6.86,
1995-03-06,6.953,6.953,6.953,6.953,
1995-03-07,6.891,6.891,6.891,6.891,
1995-03-08,6.906,6.906,6.906,6.906,
1995-03-09,6.871,6.871,6.871,6.871,
1995-03-10,7.09,7.09,7.09,7.09,
1995-03-13,7.106,7.106,7.106,7.106,
1995-03-14,7.106,7.106,7.106,7.106,
1995-03-15,7.137,7.137,7.137,7.137,
1995-03-16,7.309,7.309,7.309,7.309,
1995-03-17,7.277,7.277,7.277,7.277,
1995-03-20,7.215,7.215,7.215,7.215,
1995-03-21,7.309,7.309,7.309,7.309,
1995-03-22,7.371,7.371,7.371,7.371,
1995-03-23,7.246,7.246,7.246,7.246,
1995-03-24,7.215,7.215,7.215,7.215,
1995-03-27,7.168,7.168,7.168,7.168,
1995-03-28,7.121,7.121,7.121,7.121,
1995-03-29,7.199,7.199,7.199,7.199,
1995-03-30,7.09,7.09,7.09,7.09,
1995-03-31,7.043,7.043,7.043,7.043,
1995-04-03,7.215,7.215,7.215,7.215,
1995-04-04,7.293,7.293,7.293,7.293,
1995-04-05,7.277,7.277,7.277,7.277,
1995-04-06,7.309,7.309,7.309,7.309,
1995-04-07,7.34,7.34,7.34,7.34,
1995-04-10,7.309,7.309,7.309,7.309,
1995-04-11,7.23,7.23,7.23,7.23,
1995-04-12,7.293,7.293,7.293,7.293,
1995-04-13,7.262,7.262,7.262,7.262,
1995-04-17,7.137,7.137,7.137,7.137,
1995-04-18,7.293,7.293,7.293,7.293,
1995-04-19,7.23,7.23,7.23,7.23,
1995-04-20,7.152,7.152,7.152,7.152,
1995-04-21,7.262,7.262,7.262,7.262,
1995-04-24,7.293,7.293,7.293,7.293,
1995-04-25,7.277,7.277,7.277,7.277,
1995-04-26,7.262,7.262,7.262,7.262,
1995-04-27,7.246,7.246,7.246,7.246,
1995-04-28,7.262,7.262,7.262,7.262,
1995-05-01,7.199,7.199,7.199,7.199,
1995-05-02,7.246,7.246,7.246,7.246,
1995-05-03,7.324,7.324,7.324,7.324,
1995-05-04,7.371,7.371,7.371,7.371,
1995-05-05,7.433,7.433,7.433,7.433,
1995-05-08,7.59,7.59,7.59,7.59,
1995-05-09,7.621,7.621,7.621,7.621,
1995-05-10,7.668,7.668,7.668,7.668,
1995-05-11,7.605,7.605,7.605,7.605,
1995-05-12,7.371,7.371,7.371,7.371,
1995-05-15,7.23,7.23,7.23,7.23,
1995-05-16,7.168,7.168,7.168,7.168,
1995-05-17,7.246,7.246,7.246,7.246,
1995-05-18,7.152,7.152,7.152,7.152,
1995-05-19,7.293,7.293,7.293,7.293,
1995-05-22,7.34,7.34,7.34,7.34,
1995-05-23,7.48,7.48,7.48,7.48,
1995-05-24,7.449,7.449,7.449,7.449,
1995-05-25,7.496,7.496,7.496,7.496,
1995-05-26,7.449,7.449,7.449,7.449,
1995-05-30,7.512,7.512,7.512,7.512,
1995-05-31,7.699,7.699,7.699,7.699,
1995-06-01,7.621,7.621,7.621,7.621,
1995-06-02,7.605,7.605,7.605,7.605,
1995-06-05,7.543,7.543,7.543,7.543,
1995-06-06,7.527,7.527,7.527,7.527,
1995-06-07,7.558,7.558,7.558,7.558,
1995-06-08,7.59,7.59,7.59,7.59,
1995-06-09,7.496,7.496,7.496,7.496,
1995-06-12,7.527,7.527,7.527,7.527,
1995-06-13,7.586,7.586,7.586,7.586,
1995-06-14,7.633,7.633,7.633,7.633,
1995-06-15,7.696,7.696,7.696,7.696,
1995-06-16,7.821,7.821,7.821,7.821,
1995-06-19,7.868,7.868,7.868,7.868,
1995-06-20,7.931,7.931,7.931,7.931,
1995-06-21,8.025,8.025,8.025,8.025,
1995-06-22,8.135,8.135,8.135,8.135,
1995-06-23,8.197,8.197,8.197,8.197,
1995-06-26,8.244,8.244,8.244,8.244,
1995-06-27,8.119,8.119,8.119,8.119,
1995-06-28,8.088,8.088,8.088,8.088,
1995-06-29,8.025,8.025,8.025,8.025,
1995-06-30,7.994,7.994,7.994,7.994,
1995-07-03,8.088,8.088,8.088,8.088,
1995-07-05,8.009,8.009,8.009,8.009,
1995-07-06,8.088,8.088,8.088,8.088,
1995-07-07,7.931,7.931,7.931,7.931,
1995-07-10,7.994,7.994,7.994,7.994,
1995-07-11,8.025,8.025,8.025,8.025,
1995-07-12,8.166,8.166,8.166,8.166,
1995-07-13,8.103,8.103,8.103,8.103,
1995-07-14,8.009,8.009,8.009,8.009,
1995-07-17,8.025,8.025,8.025,8.025,
1995-07-18,8.088,8.088,8.088,8.088,
1995-07-19,8.166,8.166,8.166,8.166,
1995-07-20,8.056,8.056,8.056,8.056,
1995-07-21,8.166,8.166,8.166,8.166,
1995-07-24,8.182,8.182,8.182,8.182,
1995-07-25,8.229,8.229,8.229,8.229,
1995-07-26,8.338,8.338,8.338,8.338,
1995-07-27,8.338,8.338,8.338,8.338,
1995-07-28,8.276,8.276,8.276,8.276,
1995-07-31,8.229,8.229,8.229,8.229,
1995-08-01,8.338,8.338,8.338,8.338,
1995-08-02,8.26,8.26,8.26,8.26,
1995-08-03,8.244,8.244,8.244,8.244,
1995-08-04,8.291,8.291,8.291,8.291,
1995-08-07,8.244,8.244,8.244,8.244,
1995-08-08,8.276,8.276,8.276,8.276,
1995-08-09,8.37,8.37,8.37,8.37,
1995-08-10,8.37,8.37,8.37,8.37,
1995-08-11,8.276,8.276,8.276,8.276,
1995-08-14,8.323,8.323,8.323,8.323,
1995-08-15,8.213,8.213,8.213,8.213,
1995-08-16,8.088,8.088,8.088,8.088,
1995-08-17,8.072,8.072,8.072,8.072,
1995-08-18,7.9,7.9,7.9,7.9,
1995-08-21,7.915,7.915,7.915,7.915,
1995-08-22,7.931,7.931,7.931,7.931,
1995-08-23,7.884,7.884,7.884,7.884,
1995-08-24,7.994,7.994,7.994,7.994,
1995-08-25,8.088,8.088,8.088,8.088,
1995-08-28,8.119,8.119,8.119,8.119,
1995-08-29,8.103,8.103,8.103,8.103,
1995-08-30,8.056,8.056,8.056,8.056,
1995-08-31,8.056,8.056,8.056,8.056,
1995-09-01,8.041,8.041,8.041,8.041,
1995-09-05,7.994,7.994,7.994,7.994,
1995-09-06,8.088,8.088,8.088,8.088,
1995-09-07,8.009,8.009,8.009,8.009,
1995-09-08,7.978,7.978,7.978,7.978,
1995-09-11,7.994,7.994,7.994,7.994,
1995-09-12,8.103,8.103,8.103,8.103,
1995-09-13,8.288,8.288,8.288,8.288,
1995-09-14,8.351,8.351,8.351,8.351,
1995-09-15,8.383,8.383,8.383,8.383,
1995-09-18,8.414,8.414,8.414,8.414,
1995-09-19,8.493,8.493,8.493,8.493,
1995-09-20,8.697,8.697,8.697,8.697,
1995-09-21,8.744,8.744,8.744,8.744,
1995-09-22,8.886,8.886,8.886,8.886,
1995-09-25,8.823,8.823,8.823,8.823,
1995-09-26,8.776,8.776,8.776,8.776,
1995-09-27,8.823,8.823,8.823,8.823,
1995-09-28,8.65,8.65,8.65,8.65,
1995-09-29,8.681,8.681,8.681,8.681,
1995-10-02,8.666,8.666,8.666,8.666,
1995-10-03,8.917,8.917,8.917,8.917,
1995-10-04,9.012,9.012,9.012,9.012,
1995-10-05,8.886,8.886,8.886,8.886,
1995-10-06,8.902,8.902,8.902,8.902,
1995-10-09,9.012,9.012,9.012,9.012,
1995-10-10,8.98,8.98,8.98,8.98,
1995-10-11,8.949,8.949,8.949,8.949,
1995-10-12,8.902,8.902,8.902,8.902,
1995-10-13,8.917,8.917,8.917,8.917,
1995-10-16,9.012,9.012,9.012,9.012,
1995-10-17,8.917,8.917,8.917,8.917,
1995-10-18,9.027,9.027,9.027,9.027,
1995-10-19,9.248,9.248,9.248,9.248,
1995-10-20,9.106,9.106,9.106,9.106,
1995-10-23,9.059,9.059,9.059,9.059,
1995-10-24,9.122,9.122,9.122,9.122,
1995-10-25,9.027,9.027,9.027,9.027,
1995-10-26,8.933,8.933,8.933,8.933,
1995-10-27,9.012,9.012,9.012,9.012,
1995-10-30,9.059,9.059,9.059,9.059,
1995-10-31,9.043,9.043,9.043,9.043,
1995-11-01,9.027,9.027,9.027,9.027,
1995-11-02,9.012,9.012,9.012,9.012,
1995-11-03,8.949,8.949,8.949,8.949,
1995-11-06,8.854,8.854,8.854,8.854,
1995-11-07,8.965,8.965,8.965,8.965,
1995-11-08,9.153,9.153,9.153,9.153,
1995-11-09,9.027,9.027,9.027,9.027,
1995-11-10,9.153,9.153,9.153,9.153,
1995-11-13,9.295,9.295,9.295,9.295,
1995-11-14,9.311,9.311,9.311,9.311,
1995-11-15,9.342,9.342,9.342,9.342,
1995-11-16,9.405,9.405,9.405,9.405,
1995-11-17,9.436,9.436,9.436,9.436,
1995-11-20,9.468,9.468,9.468,9.468,
1995-11-21,9.657,9.657,9.657,9.657,
1995-11-22,9.436,9.436,9.436,9.436,
1995-11-24,9.468,9.468,9.468,9.468,
1995-11-27,9.389,9.389,9.389,9.389,
1995-11-28,9.484,9.484,9.484,9.484,
1995-11-29,9.527,9.527,9.527,9.527,
1995-11-30,9.559,9.559,9.559,9.559,
1995-12-01,9.563,9.563,9.563,9.563,
1995-12-04,9.622,9.622,9.622,9.622,
1995-12-05,9.764,9.764,9.764,9.764,
1995-12-06,10.016,10.016,10.016,10.016,
1995-12-07,9.89,9.89,9.89,9.89,
1995-12-08,9.906,9.906,9.906,9.906,
1995-12-11,10.016,10.016,10.016,10.016,
1995-12-12,10.111,10.111,10.111,10.111,
1995-12-13,10.095,10.095,10.095,10.095,
1995-12-14,9.937,9.937,9.937,9.937,
1995-12-15,9.921,9.921,9.921,9.921,
1995-12-18,9.795,9.795,9.795,9.795,
1995-12-19,9.748,9.748,9.748,9.748,
1995-12-20,9.369,9.369,9.369,9.369,
1995-12-21,9.18,9.18,9.18,9.18,
1995-12-22,9.085,9.085,9.085,9.085,
1995-12-26,9.417,9.417,9.417,9.417,
1995-12-27,9.417,9.417,9.417,9.417,
1995-12-28,9.448,9.448,9.448,9.448,
1995-12-29,9.369,9.369,9.369,9.369,
1996-01-02,9.464,9.464,9.464,9.464,
1996-01-03,9.543,9.543,9.543,9.543,
1996-01-04,9.464,9.464,9.464,9.464,
1996-01-05,9.417,9.417,9.417,9.417,
1996-01-08,9.48,9.48,9.48,9.48,
1996-01-09,9.354,9.354,9.354,9.354,
1996-01-10,9.196,9.196,9.196,9.196,
1996-01-11,9.291,9.291,9.291,9.291,
1996-01-12,9.18,9.18,9.18,9.18,
1996-01-15,9.291,9.291,9.291,9.291,
1996-01-16,9.448,9.448,9.448,9.448,
1996-01-17,9.227,9.227,9.227,9.227,
1996-01-18,9.259,9.259,9.259,9.259,
1996-01-19,9.259,9.259,9.259,9.259,
1996-01-22,9.18,9.18,9.18,9.18,
1996-01-23,9.275,9.275,9.275,9.275,
1996-01-24,9.48,9.48,9.48,9.48,
1996-01-25,9.291,9.291,9.291,9.291,
1996-01-26,9.401,9.401,9.401,9.401,
1996-01-29,9.369,9.369,9.369,9.369,
1996-01-30,9.496,9.496,9.496,9.496,
1996-01-31,9.511,9.511,9.511,9.511,
1996-02-01,9.527,9.527,9.527,9.527,
1996-02-02,9.48,9.48,9.48,9.48,
1996-02-05,9.622,9.622,9.622,9.622,
1996-02-06,9.669,9.669,9.669,9.669,
1996-02-07,9.843,9.843,9.843,9.843,
1996-02-08,10.127,10.127,10.127,10.127,
1996-02-09,10.048,10.048,10.048,10.048,
1996-02-12,10.048,10.048,10.048,10.048,
1996-02-13,10.19,10.19,10.19,10.19,
1996-02-14,10.221,10.221,10.221,10.221,
1996-02-15,10.253,10.253,10.253,10.253,
1996-02-16,10.158,10.158,10.158,10.158,
1996-02-20,10.174,10.174,10.174,10.174,
1996-02-21,10.332,10.332,10.332,10.332,
1996-02-22,10.6,10.6,10.6,10.6,
1996-02-23,10.489,10.489,10.489,10.489,
1996-02-26,10.316,10.316,10.316,10.316,
1996-02-27,10.363,10.363,10.363,10.363,
1996-02-28,10.268,10.268,10.268,10.268,
1996-02-29,10.19,10.19,10.19,10.19,
1996-03-01,10.363,10.363,10.363,10.363,
1996-03-04,10.6,10.6,10.6,10.6,
1996-03-05,10.631,10.631,10.631,10.631,
1996-03-06,10.489,10.489,10.489,10.489,
1996-03-07,10.537,10.537,10.537,10.537,
1996-03-08,10.127,10.127,10.127,10.127,
1996-03-11,10.237,10.237,10.237,10.237,
1996-03-12,10.253,10.253,10.253,10.253,
1996-03-13,10.269,10.269,10.269,10.269,
1996-03-14,10.316,10.316,10.316,10.316,
1996-03-15,10.237,10.237,10.237,10.237,
1996-03-18,10.443,10.443,10.443,10.443,
1996-03-19,10.443,10.443,10.443,10.443,
1996-03-20,10.664,10.664,10.664,10.664,
1996-03-21,10.585,10.585,10.585,10.585,
1996-03-22,10.617,10.617,10.617,10.617,
1996-03-25,10.696,10.696,10.696,10.696,
1996-03-26,10.743,10.743,10.743,10.743,
1996-03-27,10.617,10.617,10.617,10.617,
1996-03-28,10.617,10.617,10.617,10.617,
1996-03-29,10.474,10.474,10.474,10.474,
1996-04-01,10.664,10.664,10.664,10.664,
1996-04-02,10.632,10.632,10.632,10.632,
1996-04-03,10.632,10.632,10.632,10.632,
1996-04-04,10.601,10.601,10.601,10.601,
1996-04-08,10.443,10.443,10.443,10.443,
1996-04-09,10.348,10.348,10.348,10.348,
1996-04-10,9.984,9.984,9.984,9.984,
1996-04-11,10.11,10.11,10.11,10.11,
1996-04-12,10.221,10.221,10.221,10.221,
1996-04-15,10.253,10.253,10.253,10.253,
1996-04-16,10.3,10.3,10.3,10.3,
1996-04-17,10.142,10.142,10.142,10.142,
1996-04-18,10.063,10.063,10.063,10.063,
1996-04-19,9.968,9.968,9.968,9.968,
1996-04-22,10.205,10.205,10.205,10.205,
1996-04-23,10.253,10.253,10.253,10.253,
1996-04-24,10.174,10.174,10.174,10.174,
1996-04-25,10.284,10.284,10.284,10.284,
1996-04-26,10.284,10.284,10.284,10.284,
1996-04-29,10.269,10.269,10.269,10.269,
1996-04-30,10.316,10.316,10.316,10.316,
1996-05-01,10.348,10.348,10.348,10.348,
1996-05-02,10.174,10.174,10.174,10.174,
1996-05-03,10.094,10.094,10.094,10.094,
1996-05-06,10.237,10.237,10.237,10.237,
1996-05-07,10.3,10.3,10.3,10.3,
1996-05-08,10.474,10.474,10.474,10.474,
1996-05-09,10.474,10.474,10.474,10.474,
1996-05-10,10.617,10.617,10.617,10.617,
1996-05-13,10.886,10.886,10.886,10.886,
1996-05-14,11.234,11.234,11.234,11.234,
1996-05-15,11.265,11.265,11.265,11.265,
1996-05-16,11.518,11.518,11.518,11.518,
1996-05-17,11.677,11.677,11.677,11.677,
1996-05-20,11.772,11.772,11.772,11.772,
1996-05-21,11.772,11.772,11.772,11.772,
1996-05-22,11.93,11.93,11.93,11.93,
1996-05-23,11.803,11.803,11.803,11.803,
1996-05-24,12.025,12.025,12.025,12.025,
1996-05-28,11.645,11.645,11.645,11.645,
1996-05-29,11.645,11.645,11.645,11.645,
1996-05-30,11.835,11.835,11.835,11.835,
1996-05-31,11.645,11.645,11.645,11.645,
1996-06-03,11.708,11.708,11.708,11.708,
1996-06-04,11.772,11.772,11.772,11.772,
1996-06-05,12.088,12.088,12.088,12.088,
1996-06-06,11.835,11.835,11.835,11.835,
1996-06-07,11.867,11.867,11.867,11.867,
1996-06-10,11.835,11.835,11.835,11.835,
1996-06-11,11.898,11.898,11.898,11.898,
1996-06-12,11.74,11.74,11.74,11.74,
1996-06-13,11.771,11.771,11.771,11.771,
1996-06-14,11.613,11.613,11.613,11.613,
1996-06-17,11.708,11.708,11.708,11.708,
1996-06-18,11.74,11.74,11.74,11.74,
1996-06-19,11.803,11.803,11.803,11.803,
1996-06-20,11.866,11.866,11.866,11.866,
1996-06-21,12.089,12.089,12.089,12.089,
1996-06-24,12.374,12.374,12.374,12.374,
1996-06-25,12.311,12.311,12.311,12.311,
1996-06-26,12.469,12.469,12.469,12.469,
1996-06-27,12.406,12.406,12.406,12.406,
1996-06-28,12.438,12.438,12.438,12.438,
1996-07-01,12.533,12.533,12.533,12.533,
1996-07-02,12.564,12.564,12.564,12.564,
1996-07-03,12.438,12.438,12.438,12.438,
1996-07-05,12.057,12.057,12.057,12.057,
1996-07-08,12.025,12.025,12.025,12.025,
1996-07-09,12.057,12.057,12.057,12.057,
1996-07-10,12.184,12.184,12.184,12.184,
1996-07-11,12.089,12.089,12.089,12.089,
1996-07-12,11.962,11.962,11.962,11.962,
1996-07-15,11.549,11.549,11.549,11.549,
1996-07-16,11.708,11.708,11.708,11.708,
1996-07-17,11.676,11.676,11.676,11.676,
1996-07-18,12.025,12.025,12.025,12.025,
1996-07-19,11.962,11.962,11.962,11.962,
1996-07-22,12.025,12.025,12.025,12.025,
1996-07-23,11.866,11.866,11.866,11.866,
1996-07-24,11.644,11.644,11.644,11.644,
1996-07-25,11.708,11.708,11.708,11.708,
1996-07-26,11.962,11.962,11.962,11.962,
1996-07-29,11.74,11.74,11.74,11.74,
1996-07-30,11.771,11.771,11.771,11.771,
1996-07-31,11.898,11.898,11.898,11.898,
1996-08-01,12.215,12.215,12.215,12.215,
1996-08-02,12.501,12.501,12.501,12.501,
1996-08-05,12.469,12.469,12.469,12.469,
1996-08-06,12.533,12.533,12.533,12.533,
1996-08-07,12.501,12.501,12.501,12.501,
1996-08-08,12.438,12.438,12.438,12.438,
1996-08-09,12.374,12.374,12.374,12.374,
1996-08-12,12.628,12.628,12.628,12.628,
1996-08-13,12.755,12.755,12.755,12.755,
1996-08-14,12.85,12.85,12.85,12.85,
1996-08-15,12.977,12.977,12.977,12.977,
1996-08-16,13.136,13.136,13.136,13.136,
1996-08-19,13.104,13.104,13.104,13.104,
1996-08-20,13.009,13.009,13.009,13.009,
1996-08-21,12.914,12.914,12.914,12.914,
1996-08-22,13.199,13.199,13.199,13.199,
1996-08-23,13.04,13.04,13.04,13.04,
1996-08-26,12.977,12.977,12.977,12.977,
1996-08-27,13.104,13.104,13.104,13.104,
1996-08-28,13.009,13.009,13.009,13.009,
1996-08-29,12.787,12.787,12.787,12.787,
1996-08-30,12.691,12.691,12.691,12.691,
1996-09-03,12.882,12.882,12.882,12.882,
1996-09-04,12.85,12.85,12.85,12.85,
1996-09-05,12.691,12.691,12.691,12.691,
1996-09-06,13.025,13.025,13.025,13.025,
1996-09-09,13.136,13.136,13.136,13.136,
1996-09-10,13.294,13.294,13.294,13.294,
1996-09-11,13.199,13.199,13.199,13.199,
1996-09-12,13.199,13.199,13.199,13.199,
1996-09-13,13.485,13.485,13.485,13.485,
1996-09-16,13.517,13.517,13.517,13.517,
1996-09-17,13.262,13.262,13.262,13.262,
1996-09-18,13.199,13.199,13.199,13.199,
1996-09-19,13.231,13.231,13.231,13.231,
1996-09-20,13.008,13.008,13.008,13.008,
1996-09-23,13.008,13.008,13.008,13.008,
1996-09-24,13.103,13.103,13.103,13.103,
1996-09-25,13.04,13.04,13.04,13.04,
1996-09-26,13.103,13.103,13.103,13.103,
1996-09-27,12.913,12.913,12.913,12.913,
1996-09-30,12.944,12.944,12.944,12.944,
1996-10-01,12.754,12.754,12.754,12.754,
1996-10-02,12.658,12.658,12.658,12.658,
1996-10-03,12.436,12.436,12.436,12.436,
1996-10-04,12.722,12.722,12.722,12.722,
1996-10-07,12.785,12.785,12.785,12.785,
1996-10-08,12.722,12.722,12.722,12.722,
1996-10-09,12.658,12.658,12.658,12.658,
1996-10-10,12.467,12.467,12.467,12.467,
1996-10-11,12.658,12.658,12.658,12.658,
1996-10-14,12.563,12.563,12.563,12.563,
1996-10-15,12.404,12.404,12.404,12.404,
1996-10-16,12.34,12.34,12.34,12.34,
1996-10-17,12.531,12.531,12.531,12.531,
1996-10-18,12.722,12.722,12.722,12.722,
1996-10-21,12.658,12.658,12.658,12.658,
1996-10-22,12.754,12.754,12.754,12.754,
1996-10-23,12.785,12.785,12.785,12.785,
1996-10-24,12.785,12.785,12.785,12.785,
1996-10-25,12.69,12.69,12.69,12.69,
1996-10-28,12.626,12.626,12.626,12.626,
1996-10-29,12.658,12.658,12.658,12.658,
1996-10-30,12.817,12.817,12.817,12.817,
1996-10-31,12.849,12.849,12.849,12.849,
1996-11-01,12.785,12.785,12.785,12.785,
1996-11-04,12.913,12.913,12.913,12.913,
1996-11-05,13.103,13.103,13.103,13.103,
1996-11-06,13.231,13.231,13.231,13.231,
1996-11-07,13.326,13.326,13.326,13.326,
1996-11-08,13.39,13.39,13.39,13.39,
1996-11-11,13.231,13.231,13.231,13.231,
1996-11-12,13.072,13.072,13.072,13.072,
1996-11-13,13.231,13.231,13.231,13.231,
1996-11-14,13.262,13.262,13.262,13.262,
1996-11-15,13.421,13.421,13.421,13.421,
1996-11-18,13.294,13.294,13.294,13.294,
1996-11-19,13.167,13.167,13.167,13.167,
1996-11-20,13.135,13.135,13.135,13.135,
1996-11-21,12.881,12.881,12.881,12.881,
1996-11-22,12.913,12.913,12.913,12.913,
1996-11-25,13.072,13.072,13.072,13.072,
1996-11-26,13.072,13.072,13.072,13.072,
1996-11-27,13.072,13.072,13.072,13.072,
1996-11-29,13.04,13.04,13.04,13.04,
1996-12-02,12.976,12.976,12.976,12.976,
1996-12-03,12.689,12.689,12.689,12.689,
1996-12-04,12.657,12.657,12.657,12.657,
1996-12-05,12.562,12.562,12.562,12.562,
1996-12-06,12.498,12.498,12.498,12.498,
1996-12-09,12.817,12.817,12.817,12.817,
1996-12-10,12.657,12.657,12.657,12.657,
1996-12-11,12.562,12.562,12.562,12.562,
1996-12-12,12.211,12.211,12.211,12.211,
1996-12-13,12.211,12.211,12.211,12.211,
1996-12-16,12.275,12.275,12.275,12.275,
1996-12-17,12.402,12.402,12.402,12.402,
1996-12-18,12.338,12.338,12.338,12.338,
1996-12-19,13.04,13.04,13.04,13.04,
1996-12-20,13.486,13.486,13.486,13.486,
1996-12-23,13.359,13.359,13.359,13.359,
1996-12-24,13.55,13.55,13.55,13.55,
1996-12-26,13.582,13.582,13.582,13.582,
1996-12-27,13.773,13.773,13.773,13.773,
1996-12-30,13.55,13.55,13.55,13.55,
1996-12-31,13.422,13.422,13.422,13.422,
1997-01-02,13.231,13.231,13.231,13.231,
1997-01-03,13.55,13.55,13.55,13.55,
1997-01-06,13.422,13.422,13.422,13.422,
1997-01-07,13.869,13.869,13.869,13.869,
1997-01-08,13.614,13.614,13.614,13.614,
1997-01-09,13.741,13.741,13.741,13.741,
1997-01-10,13.805,13.805,13.805,13.805,
1997-01-13,13.773,13.773,13.773,13.773,
1997-01-14,14.156,14.156,14.156,14.156,
1997-01-15,14.538,14.538,14.538,14.538,
1997-01-16,14.698,14.698,14.698,14.698,
1997-01-17,14.985,14.985,14.985,14.985,
1997-01-20,14.985,14.985,14.985,14.985,
1997-01-21,15.208,15.208,15.208,15.208,
1997-01-22,15.144,15.144,15.144,15.144,
1997-01-23,14.666,14.666,14.666,14.666,
1997-01-24,14.57,14.57,14.57,14.57,
1997-01-27,14.379,14.379,14.379,14.379,
1997-01-28,14.156,14.156,14.156,14.156,
1997-01-29,14.411,14.411,14.411,14.411,
1997-01-30,14.634,14.634,14.634,14.634,
1997-01-31,14.761,14.761,14.761,14.761,
1997-02-03,15.176,15.176,15.176,15.176,
1997-02-04,15.144,15.144,15.144,15.144,
1997-02-05,14.857,14.857,14.857,14.857,
1997-02-06,14.729,14.729,14.729,14.729,
1997-02-07,14.857,14.857,14.857,14.857,
1997-02-10,14.857,14.857,14.857,14.857,
1997-02-11,15.112,15.112,15.112,15.112,
1997-02-12,15.367,15.367,15.367,15.367,
1997-02-13,15.558,15.558,15.558,15.558,
1997-02-14,15.463,15.463,15.463,15.463,
1997-02-18,15.686,15.686,15.686,15.686,
1997-02-19,15.813,15.813,15.813,15.813,
1997-02-20,15.622,15.622,15.622,15.622,
1997-02-21,15.813,15.813,15.813,15.813,
1997-02-24,16.037,16.037,16.037,16.037,
1997-02-25,15.973,15.973,15.973,15.973,
1997-02-26,15.558,15.558,15.558,15.558,
1997-02-27,15.718,15.718,15.718,15.718,
1997-02-28,15.558,15.558,15.558,15.558,
1997-03-03,15.399,15.399,15.399,15.399,
1997-03-04,15.112,15.112,15.112,15.112,
1997-03-05,15.367,15.367,15.367,15.367,
1997-03-06,15.527,15.527,15.527,15.527,
1997-03-07,15.431,15.431,15.431,15.431,
1997-03-10,15.59,15.59,15.59,15.59,
1997-03-11,15.813,15.813,15.813,15.813,
1997-03-12,15.594,15.594,15.594,15.594,
1997-03-13,15.306,15.306,15.306,15.306,
1997-03-14,15.21,15.21,15.21,15.21,
1997-03-17,15.402,15.402,15.402,15.402,
1997-03-18,15.434,15.434,15.434,15.434,
1997-03-19,15.242,15.242,15.242,15.242,
1997-03-20,15.082,15.082,15.082,15.082,
1997-03-21,15.338,15.338,15.338,15.338,
1997-03-24,15.274,15.274,15.274,15.274,
1997-03-25,15.21,15.21,15.21,15.21,
1997-03-26,14.986,14.986,14.986,14.986,
1997-03-27,14.667,14.667,14.667,14.667,
1997-03-31,14.252,14.252,14.252,14.252,
1997-04-01,14.347,14.347,14.347,14.347,
1997-04-02,14.252,14.252,14.252,14.252,
1997-04-03,14.156,14.156,14.156,14.156,
1997-04-04,14.667,14.667,14.667,14.667,
1997-04-07,14.411,14.411,14.411,14.411,
1997-04-08,14.507,14.507,14.507,14.507,
1997-04-09,14.731,14.731,14.731,14.731,
1997-04-10,14.571,14.571,14.571,14.571,
1997-04-11,13.74,13.74,13.74,13.74,
1997-04-14,14.22,14.22,14.22,14.22,
1997-04-15,14.827,14.827,14.827,14.827,
1997-04-16,15.018,15.018,15.018,15.018,
1997-04-17,14.955,14.955,14.955,14.955,
1997-04-18,15.242,15.242,15.242,15.242,
1997-04-21,14.986,14.986,14.986,14.986,
1997-04-22,15.817,15.817,15.817,15.817,
1997-04-23,15.402,15.402,15.402,15.402,
1997-04-24,15.338,15.338,15.338,15.338,
1997-04-25,15.114,15.114,15.114,15.114,
1997-04-28,15.626,15.626,15.626,15.626,
1997-04-29,16.009,16.009,16.009,16.009,
1997-04-30,16.265,16.265,16.265,16.265,
1997-05-01,15.881,15.881,15.881,15.881,
1997-05-02,16.361,16.361,16.361,16.361,
1997-05-05,16.872,16.872,16.872,16.872,
1997-05-06,17.0,17.0,17.0,17.0,
1997-05-07,16.712,16.712,16.712,16.712,
1997-05-08,16.52,16.52,16.52,16.52,
1997-05-09,16.712,16.712,16.712,16.712,
1997-05-12,17.0,17.0,17.0,17.0,
1997-05-13,17.0,17.0,17.0,17.0,
1997-05-14,17.127,17.127,17.127,17.127,
1997-05-15,17.351,17.351,17.351,17.351,
1997-05-16,17.095,17.095,17.095,17.095,
1997-05-19,17.383,17.383,17.383,17.383,
1997-05-20,17.479,17.479,17.479,17.479,
1997-05-21,17.223,17.223,17.223,17.223,
1997-05-22,17.0,17.0,17.0,17.0,
1997-05-23,17.415,17.415,17.415,17.415,
1997-05-27,17.511,17.511,17.511,17.511,
1997-05-28,17.191,17.191,17.191,17.191,
1997-05-29,17.255,17.255,17.255,17.255,
1997-05-30,17.511,17.511,17.511,17.511,
1997-06-02,17.287,17.287,17.287,17.287,
1997-06-03,17.351,17.351,17.351,17.351,
1997-06-04,17.032,17.032,17.032,17.032,
1997-06-05,17.0,17.0,17.0,17.0,
1997-06-06,17.319,17.319,17.319,17.319,
1997-06-09,17.511,17.511,17.511,17.511,
1997-06-10,17.479,17.479,17.479,17.479,
1997-06-11,17.515,17.515,17.515,17.515,
1997-06-12,17.931,17.931,17.931,17.931,
1997-06-13,18.411,18.411,18.411,18.411,
1997-06-16,18.347,18.347,18.347,18.347,
1997-06-17,18.347,18.347,18.347,18.347,
1997-06-18,18.283,18.283,18.283,18.283,
1997-06-19,18.315,18.315,18.315,18.315,
1997-06-20,18.283,18.283,18.283,18.283,
1997-06-23,17.867,17.867,17.867,17.867,
1997-06-24,18.011,18.011,18.011,18.011,
1997-06-25,17.787,17.787,17.787,17.787,
1997-06-26,17.899,17.899,17.899,17.899,
1997-06-27,18.187,18.187,18.187,18.187,
1997-06-30,17.419,17.419,17.419,17.419,
1997-07-01,17.579,17.579,17.579,17.579,
1997-07-02,18.043,18.043,18.043,18.043,
1997-07-03,18.123,18.123,18.123,18.123,
1997-07-07,17.899,17.899,17.899,17.899,
1997-07-08,18.075,18.075,18.075,18.075,
1997-07-09,17.771,17.771,17.771,17.771,
1997-07-10,17.835,17.835,17.835,17.835,
1997-07-11,17.883,17.883,17.883,17.883,
1997-07-14,17.867,17.867,17.867,17.867,
1997-07-15,17.963,17.963,17.963,17.963,
1997-07-16,18.155,18.155,18.155,18.155,
1997-07-17,17.899,17.899,17.899,17.899,
1997-07-18,17.739,17.739,17.739,17.739,
1997-07-21,17.499,17.499,17.499,17.499,
1997-07-22,17.963,17.963,17.963,17.963,
1997-07-23,17.691,17.691,17.691,17.691,
1997-07-24,17.979,17.979,17.979,17.979,
1997-07-25,17.963,17.963,17.963,17.963,
1997-07-28,17.851,17.851,17.851,17.851,
1997-07-29,17.851,17.851,17.851,17.851,
1997-07-30,17.899,17.899,17.899,17.899,
1997-07-31,17.707,17.707,17.707,17.707,
1997-08-01,17.579,17.579,17.579,17.579,
1997-08-04,17.659,17.659,17.659,17.659,
1997-08-05,17.419,17.419,17.419,17.419,
1997-08-06,17.451,17.451,17.451,17.451,
1997-08-07,17.05,17.05,17.05,17.05,
1997-08-08,16.058,16.058,16.058,16.058,
1997-08-11,15.818,15.818,15.818,15.818,
1997-08-12,15.61,15.61,15.61,15.61,
1997-08-13,15.482,15.482,15.482,15.482,
1997-08-14,15.385,15.385,15.385,15.385,
1997-08-15,15.049,15.049,15.049,15.049,
1997-08-18,15.466,15.466,15.466,15.466,
1997-08-19,15.578,15.578,15.578,15.578,
1997-08-20,15.754,15.754,15.754,15.754,
1997-08-21,15.514,15.514,15.514,15.514,
1997-08-22,15.546,15.546,15.546,15.546,
1997-08-25,15.289,15.289,15.289,15.289,
1997-08-26,15.113,15.113,15.113,15.113,
1997-08-27,15.017,15.017,15.017,15.017,
1997-08-28,14.921,14.921,14.921,14.921,
1997-08-29,14.681,14.681,14.681,14.681,
1997-09-02,15.337,15.337,15.337,15.337,
1997-09-03,15.113,15.113,15.113,15.113,
1997-09-04,15.273,15.273,15.273,15.273,
1997-09-05,15.337,15.337,15.337,15.337,
1997-09-08,15.145,15.145,15.145,15.145,
1997-09-09,15.049,15.049,15.049,15.049,
1997-09-10,14.761,14.761,14.761,14.761,
1997-09-11,14.412,14.412,14.412,14.412,
1997-09-12,14.653,14.653,14.653,14.653,
1997-09-15,14.781,14.781,14.781,14.781,
1997-09-16,15.214,15.214,15.214,15.214,
1997-09-17,15.166,15.166,15.166,15.166,
1997-09-18,15.102,15.102,15.102,15.102,
1997-09-19,15.198,15.198,15.198,15.198,
1997-09-22,15.367,15.367,15.367,15.367,
1997-09-23,15.343,15.343,15.343,15.343,
1997-09-24,15.567,15.567,15.567,15.567,
1997-09-25,15.728,15.728,15.728,15.728,
1997-09-26,15.904,15.904,15.904,15.904,
1997-09-29,16.065,16.065,16.065,16.065,
1997-09-30,15.664,15.664,15.664,15.664,
1997-10-01,15.904,15.904,15.904,15.904,
1997-10-02,16.145,16.145,16.145,16.145,
1997-10-03,16.017,16.017,16.017,16.017,
1997-10-06,16.145,16.145,16.145,16.145,
1997-10-07,16.386,16.386,16.386,16.386,
1997-10-08,16.113,16.113,16.113,16.113,
1997-10-09,15.872,15.872,15.872,15.872,
1997-10-10,15.84,15.84,15.84,15.84,
1997-10-13,15.744,15.744,15.744,15.744,
1997-10-14,15.599,15.599,15.599,15.599,
1997-10-15,15.359,15.359,15.359,15.359,
1997-10-16,15.134,15.134,15.134,15.134,
1997-10-17,15.022,15.022,15.022,15.022,
1997-10-20,15.102,15.102,15.102,15.102,
1997-10-21,15.407,15.407,15.407,15.407,
1997-10-22,15.23,15.23,15.23,15.23,
1997-10-23,14.813,14.813,14.813,14.813,
1997-10-24,14.251,14.251,14.251,14.251,
1997-10-27,13.754,13.754,13.754,13.754,
1997-10-28,14.829,14.829,14.829,14.829,
1997-10-29,14.669,14.669,14.669,14.669,
1997-10-30,14.38,14.38,14.38,14.38,
1997-10-31,14.54,14.54,14.54,14.54,
1997-11-03,14.958,14.958,14.958,14.958,
1997-11-04,14.909,14.909,14.909,14.909,
1997-11-05,14.797,14.797,14.797,14.797,
1997-11-06,14.861,14.861,14.861,14.861,
1997-11-07,14.637,14.637,14.637,14.637,
1997-11-10,14.316,14.316,14.316,14.316,
1997-11-11,14.524,14.524,14.524,14.524,
1997-11-12,14.492,14.492,14.492,14.492,
1997-11-13,14.749,14.749,14.749,14.749,
1997-11-14,14.781,14.781,14.781,14.781,
1997-11-17,15.311,15.311,15.311,15.311,
1997-11-18,15.343,15.343,15.343,15.343,
1997-11-19,15.953,15.953,15.953,15.953,
1997-11-20,16.306,16.306,16.306,16.306,
1997-11-21,16.37,16.37,16.37,16.37,
1997-11-24,16.065,16.065,16.065,16.065,
1997-11-25,16.466,16.466,16.466,16.466,
1997-11-26,16.052,16.052,16.052,16.052,
1997-11-28,16.084,16.084,16.084,16.084,
1997-12-01,16.615,16.615,16.615,16.615,
1997-12-02,16.952,16.952,16.952,16.952,
1997-12-03,16.936,16.936,16.936,16.936,
1997-12-04,16.679,16.679,16.679,16.679,
1997-12-05,17.001,17.001,17.001,17.001,
1997-12-08,16.357,16.357,16.357,16.357,
1997-12-09,16.373,16.373,16.373,16.373,
1997-12-10,16.438,16.438,16.438,16.438,
1997-12-11,16.373,16.373,16.373,16.373,
1997-12-12,16.711,16.711,16.711,16.711,
1997-12-15,16.952,16.952,16.952,16.952,
1997-12-16,16.904,16.904,16.904,16.904,
1997-12-17,16.952,16.952,16.952,16.952,
1997-12-18,16.534,16.534,16.534,16.534,
1997-12-19,16.84,16.84,16.84,16.84,
1997-12-22,17.001,17.001,17.001,17.001,
1997-12-23,16.727,16.727,16.727,16.727,
1997-12-24,16.631,16.631,16.631,16.631,
1997-12-26,16.566,16.566,16.566,16.566,
1997-12-29,17.065,17.065,17.065,17.065,
1997-12-30,17.258,17.258,17.258,17.258,
1997-12-31,17.162,17.162,17.162,17.162,
1998-01-02,17.226,17.226,17.226,17.226,
1998-01-05,17.097,17.097,17.097,17.097,
1998-01-06,17.017,17.017,17.017,17.017,
1998-01-07,17.033,17.033,17.033,17.033,
1998-01-08,17.146,17.146,17.146,17.146,
1998-01-09,16.502,16.502,16.502,16.502,
1998-01-12,17.001,17.001,17.001,17.001,
1998-01-13,16.824,16.824,16.824,16.824,
1998-01-14,16.631,16.631,16.631,16.631,
1998-01-15,16.406,16.406,16.406,16.406,
1998-01-16,16.727,16.727,16.727,16.727,
1998-01-20,16.969,16.969,16.969,16.969,
1998-01-21,16.856,16.856,16.856,16.856,
1998-01-22,16.84,16.84,16.84,16.84,
1998-01-23,16.422,16.422,16.422,16.422,
1998-01-26,16.229,16.229,16.229,16.229,
1998-01-27,16.277,16.277,16.277,16.277,
1998-01-28,16.502,16.502,16.502,16.502,
1998-01-29,16.663,16.663,16.663,16.663,
1998-01-30,16.663,16.663,16.663,16.663,
1998-02-02,17.162,17.162,17.162,17.162,
1998-02-03,17.371,17.371,17.371,17.371,
1998-02-04,17.258,17.258,17.258,17.258,
1998-02-05,17.387,17.387,17.387,17.387,
1998-02-06,17.29,17.29,17.29,17.29,
1998-02-09,17.339,17.339,17.339,17.339,
1998-02-10,17.483,17.483,17.483,17.483,
1998-02-11,17.725,17.725,17.725,17.725,
1998-02-12,17.821,17.821,17.821,17.821,
1998-02-13,17.644,17.644,17.644,17.644,
1998-02-17,17.628,17.628,17.628,17.628,
1998-02-18,17.789,17.789,17.789,17.789,
1998-02-19,17.692,17.692,17.692,17.692,
1998-02-20,17.901,17.901,17.901,17.901,
1998-02-23,17.805,17.805,17.805,17.805,
1998-02-24,17.58,17.58,17.58,17.58,
1998-02-25,17.66,17.66,17.66,17.66,
1998-02-26,17.725,17.725,17.725,17.725,
1998-02-27,17.66,17.66,17.66,17.66,
1998-03-02,17.499,17.499,17.499,17.499,
1998-03-03,17.548,17.548,17.548,17.548,
1998-03-04,17.692,17.692,17.692,17.692,
1998-03-05,17.837,17.837,17.837,17.837,
1998-03-06,18.143,18.143,18.143,18.143,
1998-03-09,18.673,18.673,18.673,18.673,
1998-03-10,18.69,18.69,18.69,18.69,
1998-03-11,18.68,18.68,18.68,18.68,
1998-03-12,18.47,18.47,18.47,18.47,
1998-03-13,18.196,18.196,18.196,18.196,
1998-03-16,18.503,18.503,18.503,18.503,
1998-03-17,18.68,18.68,18.68,18.68,
1998-03-18,19.292,19.292,19.292,19.292,
1998-03-19,19.325,19.325,19.325,19.325,
1998-03-20,19.985,19.985,19.985,19.985,
1998-03-23,19.566,19.566,19.566,19.566,
1998-03-24,19.599,19.599,19.599,19.599,
1998-03-25,19.647,19.647,19.647,19.647,
1998-03-26,19.711,19.711,19.711,19.711,
1998-03-27,19.357,19.357,19.357,19.357,
1998-03-30,20.211,20.211,20.211,20.211,
1998-03-31,19.969,19.969,19.969,19.969,
1998-04-01,20.791,20.791,20.791,20.791,
1998-04-02,20.92,20.92,20.92,20.92,
1998-04-03,20.743,20.743,20.743,20.743,
1998-04-06,20.437,20.437,20.437,20.437,
1998-04-07,20.372,20.372,20.372,20.372,
1998-04-08,20.13,20.13,20.13,20.13,
1998-04-09,20.259,20.259,20.259,20.259,
1998-04-13,20.05,20.05,20.05,20.05,
1998-04-14,20.066,20.066,20.066,20.066,
1998-04-15,19.776,19.776,19.776,19.776,
1998-04-16,19.292,19.292,19.292,19.292,
1998-04-17,19.808,19.808,19.808,19.808,
1998-04-20,19.421,19.421,19.421,19.421,
1998-04-21,19.26,19.26,19.26,19.26,
1998-04-22,19.534,19.534,19.534,19.534,
1998-04-23,19.276,19.276,19.276,19.276,
1998-04-24,18.986,18.986,18.986,18.986,
1998-04-27,18.664,18.664,18.664,18.664,
1998-04-28,18.68,18.68,18.68,18.68,
1998-04-29,19.002,19.002,19.002,19.002,
1998-04-30,19.566,19.566,19.566,19.566,
1998-05-01,19.647,19.647,19.647,19.647,
1998-05-04,19.663,19.663,19.663,19.663,
1998-05-05,19.615,19.615,19.615,19.615,
1998-05-06,19.599,19.599,19.599,19.599,
1998-05-07,19.518,19.518,19.518,19.518,
1998-05-08,19.711,19.711,19.711,19.711,
1998-05-11,19.969,19.969,19.969,19.969,
1998-05-12,20.05,20.05,20.05,20.05,
1998-05-13,19.921,19.921,19.921,19.921,
1998-05-14,20.05,20.05,20.05,20.05,
1998-05-15,19.824,19.824,19.824,19.824,
1998-05-18,19.953,19.953,19.953,19.953,
1998-05-19,20.13,20.13,20.13,20.13,
1998-05-20,20.582,20.582,20.582,20.582,
1998-05-21,20.485,20.485,20.485,20.485,
1998-05-22,20.324,20.324,20.324,20.324,
1998-05-26,19.953,19.953,19.953,19.953,
1998-05-27,20.179,20.179,20.179,20.179,
1998-05-28,20.356,20.356,20.356,20.356,
1998-05-29,20.211,20.211,20.211,20.211,
1998-06-01,20.501,20.501,20.501,20.501,
1998-06-02,20.533,20.533,20.533,20.533,
1998-06-03,20.485,20.485,20.485,20.485,
1998-06-04,20.678,20.678,20.678,20.678,
1998-06-05,21.162,21.162,21.162,21.162,
1998-06-08,20.904,20.904,20.904,20.904,
1998-06-09,21.049,21.049,21.049,21.049,
1998-06-10,20.952,20.952,20.952,20.952,
1998-06-11,20.587,20.587,20.587,20.587,
1998-06-12,20.846,20.846,20.846,20.846,
1998-06-15,20.491,20.491,20.491,20.491,
1998-06-16,20.41,20.41,20.41,20.41,
1998-06-17,20.749,20.749,20.749,20.749,
1998-06-18,21.023,21.023,21.023,21.023,
1998-06-19,20.765,20.765,20.765,20.765,
1998-06-22,20.959,20.959,20.959,20.959,
1998-06-23,21.33,21.33,21.33,21.33,
1998-06-24,21.734,21.734,21.734,21.734,
1998-06-25,21.928,21.928,21.928,21.928,
1998-06-26,22.17,22.17,22.17,22.17,
1998-06-29,22.218,22.218,22.218,22.218,
1998-06-30,22.089,22.089,22.089,22.089,
1998-07-01,22.154,22.154,22.154,22.154,
1998-07-02,22.057,22.057,22.057,22.057,
1998-07-06,22.412,22.412,22.412,22.412,
1998-07-07,22.202,22.202,22.202,22.202,
1998-07-08,22.525,22.525,22.525,22.525,
1998-07-09,22.396,22.396,22.396,22.396,
1998-07-10,22.525,22.525,22.525,22.525,
1998-07-13,22.444,22.444,22.444,22.444,
1998-07-14,22.719,22.719,22.719,22.719,
1998-07-15,22.687,22.687,22.687,22.687,
1998-07-16,22.525,22.525,22.525,22.525,
1998-07-17,22.251,22.251,22.251,22.251,
1998-07-20,21.847,21.847,21.847,21.847,
1998-07-21,21.766,21.766,21.766,21.766,
1998-07-22,21.669,21.669,21.669,21.669,
1998-07-23,21.443,21.443,21.443,21.443,
1998-07-24,21.556,21.556,21.556,21.556,
1998-07-27,21.944,21.944,21.944,21.944,
1998-07-28,21.54,21.54,21.54,21.54,
1998-07-29,21.153,21.153,21.153,21.153,
1998-07-30,21.379,21.379,21.379,21.379,
1998-07-31,20.797,20.797,20.797,20.797,
1998-08-03,21.217,21.217,21.217,21.217,
1998-08-04,20.313,20.313,20.313,20.313,
1998-08-05,20.765,20.765,20.765,20.765,
1998-08-06,21.088,21.088,21.088,21.088,
1998-08-07,20.781,20.781,20.781,20.781,
1998-08-10,20.701,20.701,20.701,20.701,
1998-08-11,20.539,20.539,20.539,20.539,
1998-08-12,20.587,20.587,20.587,20.587,
1998-08-13,20.345,20.345,20.345,20.345,
1998-08-14,19.845,19.845,19.845,19.845,
1998-08-17,20.426,20.426,20.426,20.426,
1998-08-18,20.426,20.426,20.426,20.426,
1998-08-19,20.329,20.329,20.329,20.329,
1998-08-20,20.523,20.523,20.523,20.523,
1998-08-21,20.491,20.491,20.491,20.491,
1998-08-24,20.571,20.571,20.571,20.571,
1998-08-25,20.701,20.701,20.701,20.701,
1998-08-26,20.458,20.458,20.458,20.458,
1998-08-27,19.312,19.312,19.312,19.312,
1998-08-28,18.795,18.795,18.795,18.795,
1998-08-31,16.825,16.825,16.825,16.825,
1998-09-01,17.633,17.633,17.633,17.633,
1998-09-02,16.599,16.599,16.599,16.599,
1998-09-03,16.002,16.002,16.002,16.002,
1998-09-04,16.05,16.05,16.05,16.05,
1998-09-08,16.405,16.405,16.405,16.405,
1998-09-09,16.179,16.179,16.179,16.179,
1998-09-10,15.727,15.727,15.727,15.727,
1998-09-11,16.171,16.171,16.171,16.171,
1998-09-14,16.397,16.397,16.397,16.397,
1998-09-15,15.847,15.847,15.847,15.847,
1998-09-16,16.171,16.171,16.171,16.171,
1998-09-17,15.75,15.75,15.75,15.75,
1998-09-18,15.896,15.896,15.896,15.896,
1998-09-21,15.329,15.329,15.329,15.329,
1998-09-22,14.601,14.601,14.601,14.601,
1998-09-23,15.021,15.021,15.021,15.021,
1998-09-24,14.682,14.682,14.682,14.682,
1998-09-25,14.552,14.552,14.552,14.552,
1998-09-28,14.827,14.827,14.827,14.827,
1998-09-29,15.2,15.2,15.2,15.2,
1998-09-30,14.924,14.924,14.924,14.924,
1998-10-01,14.568,14.568,14.568,14.568,
1998-10-02,15.264,15.264,15.264,15.264,
1998-10-05,15.912,15.912,15.912,15.912,
1998-10-06,16.268,16.268,16.268,16.268,
1998-10-07,16.397,16.397,16.397,16.397,
1998-10-08,16.705,16.705,16.705,16.705,
1998-10-09,16.527,16.527,16.527,16.527,
1998-10-12,16.236,16.236,16.236,16.236,
1998-10-13,16.575,16.575,16.575,16.575,
1998-10-14,16.673,16.673,16.673,16.673,
1998-10-15,17.482,17.482,17.482,17.482,
1998-10-16,17.919,17.919,17.919,17.919,
1998-10-19,17.709,17.709,17.709,17.709,
1998-10-20,17.369,17.369,17.369,17.369,
1998-10-21,17.352,17.352,17.352,17.352,
1998-10-22,17.903,17.903,17.903,17.903,
1998-10-23,18.194,18.194,18.194,18.194,
1998-10-26,18.097,18.097,18.097,18.097,
1998-10-27,17.611,17.611,17.611,17.611,
1998-10-28,17.498,17.498,17.498,17.498,
1998-10-29,17.563,17.563,17.563,17.563,
1998-10-30,17.498,17.498,17.498,17.498,
1998-11-02,18.388,18.388,18.388,18.388,
1998-11-03,18.89,18.89,18.89,18.89,
1998-11-04,18.68,18.68,18.68,18.68,
1998-11-05,18.825,18.825,18.825,18.825,
1998-11-06,18.809,18.809,18.809,18.809,
1998-11-09,18.534,18.534,18.534,18.534,
1998-11-10,18.68,18.68,18.68,18.68,
1998-11-11,18.485,18.485,18.485,18.485,
1998-11-12,18.275,18.275,18.275,18.275,
1998-11-13,18.065,18.065,18.065,18.065,
1998-11-16,18.129,18.129,18.129,18.129,
1998-11-17,18.178,18.178,18.178,18.178,
1998-11-18,18.372,18.372,18.372,18.372,
1998-11-19,18.485,18.485,18.485,18.485,
1998-11-20,18.858,18.858,18.858,18.858,
1998-11-23,19.538,19.538,19.538,19.538,
1998-11-24,19.036,19.036,19.036,19.036,
1998-11-25,18.987,18.987,18.987,18.987,
1998-11-27,18.604,18.604,18.604,18.604,
1998-11-30,18.183,18.183,18.183,18.183,
1998-12-01,18.134,18.134,18.134,18.134,
1998-12-02,18.053,18.053,18.053,18.053,
1998-12-03,17.68,17.68,17.68,17.68,
1998-12-04,17.907,17.907,17.907,17.907,
1998-12-07,17.81,17.81,17.81,17.81,
1998-12-08,17.81,17.81,17.81,17.81,
1998-12-09,17.42,17.42,17.42,17.42,
1998-12-10,17.145,17.145,17.145,17.145,
1998-12-11,16.317,16.317,16.317,16.317,
1998-12-14,16.463,16.463,16.463,16.463,
1998-12-15,17.112,17.112,17.112,17.112,
1998-12-16,16.836,16.836,16.836,16.836,
1998-12-17,16.804,16.804,16.804,16.804,
1998-12-18,17.015,17.015,17.015,17.015,
1998-12-21,17.064,17.064,17.064,17.064,
1998-12-22,17.502,17.502,17.502,17.502,
1998-12-23,18.15,18.15,18.15,18.15,
1998-12-24,18.021,18.021,18.021,18.021,
1998-12-28,17.875,17.875,17.875,17.875,
1998-12-29,17.988,17.988,17.988,17.988,
1998-12-30,17.599,17.599,17.599,17.599,
1998-12-31,17.388,17.388,17.388,17.388,
1999-01-04,17.437,17.437,17.437,17.437,
1999-01-05,17.793,17.793,17.793,17.793,
1999-01-06,18.231,18.231,18.231,18.231,
1999-01-07,18.021,18.021,18.021,18.021,
1999-01-08,17.648,17.648,17.648,17.648,
1999-01-11,17.145,17.145,17.145,17.145,
1999-01-12,16.982,16.982,16.982,16.982,
1999-01-13,16.918,16.918,16.918,16.918,
1999-01-14,16.48,16.48,16.48,16.48,
1999-01-15,16.82,16.82,16.82,16.82,
1999-01-19,16.642,16.642,16.642,16.642,
1999-01-20,16.463,16.463,16.463,16.463,
1999-01-21,15.977,15.977,15.977,15.977,
1999-01-22,15.798,15.798,15.798,15.798,
1999-01-25,16.334,16.334,16.334,16.334,
1999-01-26,16.236,16.236,16.236,16.236,
1999-01-27,16.593,16.593,16.593,16.593,
1999-01-28,16.901,16.901,16.901,16.901,
1999-01-29,16.95,16.95,16.95,16.95,
1999-02-01,16.609,16.609,16.609,16.609,
1999-02-02,16.934,16.934,16.934,16.934,
1999-02-03,16.739,16.739,16.739,16.739,
1999-02-04,16.496,16.496,16.496,16.496,
1999-02-05,16.107,16.107,16.107,16.107,
1999-02-08,15.961,15.961,15.961,15.961,
1999-02-09,16.074,16.074,16.074,16.074,
1999-02-10,16.512,16.512,16.512,16.512,
1999-02-11,16.707,16.707,16.707,16.707,
1999-02-12,16.577,16.577,16.577,16.577,
1999-02-16,16.836,16.836,16.836,16.836,
1999-02-17,16.691,16.691,16.691,16.691,
1999-02-18,16.772,16.772,16.772,16.772,
1999-02-19,17.064,17.064,17.064,17.064,
1999-02-22,16.723,16.723,16.723,16.723,
1999-02-23,16.285,16.285,16.285,16.285,
1999-02-24,16.301,16.301,16.301,16.301,
1999-02-25,16.674,16.674,16.674,16.674,
1999-02-26,16.577,16.577,16.577,16.577,
1999-03-01,16.528,16.528,16.528,16.528,
1999-03-02,16.123,16.123,16.123,16.123,
1999-03-03,15.993,15.993,15.993,15.993,
1999-03-04,16.334,16.334,16.334,16.334,
1999-03-05,16.593,16.593,16.593,16.593,
1999-03-08,16.609,16.609,16.609,16.609,
1999-03-09,16.35,16.35,16.35,16.35,
1999-03-10,16.317,16.317,16.317,16.317,
1999-03-11,17.27,17.27,17.27,17.27,
1999-03-12,18.067,18.067,18.067,18.067,
1999-03-15,17.871,17.871,17.871,17.871,
1999-03-16,17.871,17.871,17.871,17.871,
1999-03-17,17.384,17.384,17.384,17.384,
1999-03-18,17.758,17.758,17.758,17.758,
1999-03-19,17.562,17.562,17.562,17.562,
1999-03-22,17.611,17.611,17.611,17.611,
1999-03-23,17.14,17.14,17.14,17.14,
1999-03-24,17.01,17.01,17.01,17.01,
1999-03-25,17.14,17.14,17.14,17.14,
1999-03-26,16.993,16.993,16.993,16.993,
1999-03-29,16.863,16.863,16.863,16.863,
1999-03-30,16.457,16.457,16.457,16.457,
1999-03-31,15.969,15.969,15.969,15.969,
1999-04-01,15.855,15.855,15.855,15.855,
1999-04-05,15.741,15.741,15.741,15.741,
1999-04-06,15.562,15.562,15.562,15.562,
1999-04-07,15.335,15.335,15.335,15.335,
1999-04-08,15.839,15.839,15.839,15.839,
1999-04-09,15.806,15.806,15.806,15.806,
1999-04-12,16.099,16.099,16.099,16.099,
1999-04-13,16.473,16.473,16.473,16.473,
1999-04-14,16.505,16.505,16.505,16.505,
1999-04-15,16.717,16.717,16.717,16.717,
1999-04-16,17.091,17.091,17.091,17.091,
1999-04-19,16.896,16.896,16.896,16.896,
1999-04-20,16.977,16.977,16.977,16.977,
1999-04-21,17.579,17.579,17.579,17.579,
1999-04-22,17.302,17.302,17.302,17.302,
1999-04-23,17.302,17.302,17.302,17.302,
1999-04-26,17.465,17.465,17.465,17.465,
1999-04-27,18.067,18.067,18.067,18.067,
1999-04-28,17.676,17.676,17.676,17.676,
1999-04-29,17.644,17.644,17.644,17.644,
1999-04-30,17.709,17.709,17.709,17.709,
1999-05-03,17.953,17.953,17.953,17.953,
1999-05-04,17.871,17.871,17.871,17.871,
1999-05-05,18.343,18.343,18.343,18.343,
1999-05-06,17.985,17.985,17.985,17.985,
1999-05-07,17.627,17.627,17.627,17.627,
1999-05-10,17.449,17.449,17.449,17.449,
1999-05-11,17.416,17.416,17.416,17.416,
1999-05-12,17.286,17.286,17.286,17.286,
1999-05-13,17.107,17.107,17.107,17.107,
1999-05-14,16.977,16.977,16.977,16.977,
1999-05-17,17.465,17.465,17.465,17.465,
1999-05-18,17.888,17.888,17.888,17.888,
1999-05-19,17.806,17.806,17.806,17.806,
1999-05-20,17.676,17.676,17.676,17.676,
1999-05-21,17.693,17.693,17.693,17.693,
1999-05-24,17.384,17.384,17.384,17.384,
1999-05-25,17.432,17.432,17.432,17.432,
1999-05-26,17.823,17.823,17.823,17.823,
1999-05-27,17.725,17.725,17.725,17.725,
1999-05-28,17.823,17.823,17.823,17.823,
1999-06-01,17.985,17.985,17.985,17.985,
1999-06-02,17.855,17.855,17.855,17.855,
1999-06-03,17.904,17.904,17.904,17.904,
1999-06-04,18.148,18.148,18.148,18.148,
1999-06-07,17.627,17.627,17.627,17.627,
1999-06-08,17.627,17.627,17.627,17.627,
1999-06-09,17.432,17.432,17.432,17.432,
1999-06-10,17.205,17.205,17.205,17.205,
1999-06-11,16.806,16.806,16.806,16.806,
1999-06-14,16.904,16.904,16.904,16.904,
1999-06-15,16.627,16.627,16.627,16.627,
1999-06-16,16.66,16.66,16.66,16.66,
1999-06-17,16.839,16.839,16.839,16.839,
1999-06-18,16.545,16.545,16.545,16.545,
1999-06-21,16.056,16.056,16.056,16.056,
1999-06-22,16.334,16.334,16.334,16.334,
1999-06-23,16.105,16.105,16.105,16.105,
1999-06-24,16.334,16.334,16.334,16.334,
1999-06-25,16.138,16.138,16.138,16.138,
1999-06-28,15.926,15.926,15.926,15.926,
1999-06-29,15.959,15.959,15.959,15.959,
1999-06-30,16.171,16.171,16.171,16.171,
1999-07-01,16.92,16.92,16.92,16.92,
1999-07-02,16.904,16.904,16.904,16.904,
1999-07-06,16.594,16.594,16.594,16.594,
1999-07-07,16.431,16.431,16.431,16.431,
1999-07-08,16.464,16.464,16.464,16.464,
1999-07-09,16.594,16.594,16.594,16.594,
1999-07-12,16.448,16.448,16.448,16.448,
1999-07-13,16.285,16.285,16.285,16.285,
1999-07-14,16.138,16.138,16.138,16.138,
1999-07-15,16.692,16.692,16.692,16.692,
1999-07-16,16.953,16.953,16.953,16.953,
1999-07-19,16.48,16.48,16.48,16.48,
1999-07-20,16.415,16.415,16.415,16.415,
1999-07-21,16.334,16.334,16.334,16.334,
1999-07-22,16.464,16.464,16.464,16.464,
1999-07-23,16.236,16.236,16.236,16.236,
1999-07-26,16.448,16.448,16.448,16.448,
1999-07-27,16.301,16.301,16.301,16.301,
1999-07-28,16.008,16.008,16.008,16.008,
1999-07-29,16.04,16.04,16.04,16.04,
1999-07-30,15.796,15.796,15.796,15.796,
1999-08-02,15.665,15.665,15.665,15.665,
1999-08-03,15.861,15.861,15.861,15.861,
1999-08-04,15.682,15.682,15.682,15.682,
1999-08-05,15.877,15.877,15.877,15.877,
1999-08-06,15.453,15.453,15.453,15.453,
1999-08-09,15.584,15.584,15.584,15.584,
1999-08-10,15.6,15.6,15.6,15.6,
1999-08-11,15.502,15.502,15.502,15.502,
1999-08-12,15.682,15.682,15.682,15.682,
1999-08-13,15.6,15.6,15.6,15.6,
1999-08-16,15.486,15.486,15.486,15.486,
1999-08-17,15.682,15.682,15.682,15.682,
1999-08-18,15.258,15.258,15.258,15.258,
1999-08-19,15.144,15.144,15.144,15.144,
1999-08-20,15.339,15.339,15.339,15.339,
1999-08-23,15.339,15.339,15.339,15.339,
1999-08-24,15.453,15.453,15.453,15.453,
1999-08-25,15.991,15.991,15.991,15.991,
1999-08-26,16.056,16.056,16.056,16.056,
1999-08-27,16.187,16.187,16.187,16.187,
1999-08-30,15.877,15.877,15.877,15.877,
1999-08-31,15.6,15.6,15.6,15.6,
1999-09-01,15.649,15.649,15.649,15.649,
1999-09-02,15.519,15.519,15.519,15.519,
1999-09-03,14.964,14.964,14.964,14.964,
1999-09-07,14.247,14.247,14.247,14.247,
1999-09-08,14.41,14.41,14.41,14.41,
1999-09-09,14.345,14.345,14.345,14.345,
1999-09-10,14.377,14.377,14.377,14.377,
1999-09-13,14.485,14.485,14.485,14.485,
1999-09-14,14.321,14.321,14.321,14.321,
1999-09-15,14.141,14.141,14.141,14.141,
1999-09-16,14.141,14.141,14.141,14.141,
1999-09-17,14.125,14.125,14.125,14.125,
1999-09-20,14.19,14.19,14.19,14.19,
1999-09-21,14.06,14.06,14.06,14.06,
1999-09-22,13.716,13.716,13.716,13.716,
1999-09-23,13.324,13.324,13.324,13.324,
1999-09-24,13.373,13.373,13.373,13.373,
1999-09-27,13.34,13.34,13.34,13.34,
1999-09-28,13.275,13.275,13.275,13.275,
1999-09-29,12.784,12.784,12.784,12.784,
1999-09-30,12.621,12.621,12.621,12.621,
1999-10-01,12.833,12.833,12.833,12.833,
1999-10-04,12.441,12.441,12.441,12.441,
1999-10-05,12.539,12.539,12.539,12.539,
1999-10-06,13.586,13.586,13.586,13.586,
1999-10-07,13.602,13.602,13.602,13.602,
1999-10-08,13.88,13.88,13.88,13.88,
1999-10-11,13.7,13.7,13.7,13.7,
1999-10-12,13.226,13.226,13.226,13.226,
1999-10-13,12.997,12.997,12.997,12.997,
1999-10-14,13.226,13.226,13.226,13.226,
1999-10-15,13.062,13.062,13.062,13.062,
1999-10-18,13.34,13.34,13.34,13.34,
1999-10-19,13.814,13.814,13.814,13.814,
1999-10-20,13.798,13.798,13.798,13.798,
1999-10-21,14.207,14.207,14.207,14.207,
1999-10-22,14.452,14.452,14.452,14.452,
1999-10-25,14.73,14.73,14.73,14.73,
1999-10-26,14.517,14.517,14.517,14.517,
1999-10-27,14.893,14.893,14.893,14.893,
1999-10-28,15.384,15.384,15.384,15.384,
1999-10-29,15.433,15.433,15.433,15.433,
1999-11-01,15.433,15.433,15.433,15.433,
1999-11-02,15.106,15.106,15.106,15.106,
1999-11-03,14.877,14.877,14.877,14.877,
1999-11-04,14.828,14.828,14.828,14.828,
1999-11-05,15.204,15.204,15.204,15.204,
1999-11-08,15.384,15.384,15.384,15.384,
1999-11-09,15.09,15.09,15.09,15.09,
1999-11-10,15.139,15.139,15.139,15.139,
1999-11-11,14.844,14.844,14.844,14.844,
1999-11-12,15.041,15.041,15.041,15.041,
1999-11-15,15.237,15.237,15.237,15.237,
1999-11-16,15.498,15.498,15.498,15.498,
1999-11-17,15.678,15.678,15.678,15.678,
1999-11-18,15.809,15.809,15.809,15.809,
1999-11-19,15.825,15.825,15.825,15.825,
1999-11-22,17.1,17.1,17.1,17.1,
1999-11-23,17.444,17.444,17.444,17.444,
1999-11-24,17.771,17.771,17.771,17.771,
1999-11-26,17.411,17.411,17.411,17.411,
1999-11-29,17.584,17.584,17.584,17.584,
1999-11-30,17.65,17.65,17.65,17.65,
1999-12-01,17.879,17.879,17.879,17.879,
1999-12-02,17.682,17.682,17.682,17.682,
1999-12-03,17.912,17.912,17.912,17.912,
1999-12-06,16.941,16.941,16.941,16.941,
1999-12-07,15.47,15.47,15.47,15.47,
1999-12-08,15.732,15.732,15.732,15.732,
1999-12-09,16.289,16.289,16.289,16.289,
1999-12-10,16.584,16.584,16.584,16.584,
1999-12-13,16.257,16.257,16.257,16.257,
1999-12-14,16.06,16.06,16.06,16.06,
1999-12-15,15.7,15.7,15.7,15.7,
1999-12-16,15.339,15.339,15.339,15.339,
1999-12-17,15.667,15.667,15.667,15.667,
1999-12-20,15.618,15.618,15.618,15.618,
1999-12-21,15.323,15.323,15.323,15.323,
1999-12-22,15.339,15.339,15.339,15.339,
1999-12-23,15.536,15.536,15.536,15.536,
1999-12-27,15.601,15.601,15.601,15.601,
1999-12-28,15.503,15.503,15.503,15.503,
1999-12-29,15.454,15.454,15.454,15.454,
1999-12-30,15.323,15.323,15.323,15.323,
1999-12-31,15.273,15.273,15.273,15.273,
2000-01-03,14.782,14.782,14.782,14.782,
2000-01-04,14.798,14.798,14.798,14.798,
2000-01-05,14.929,14.929,14.929,14.929,
2000-01-06,14.946,14.946,14.946,14.946,
2000-01-07,15.929,15.929,15.929,15.929,
2000-01-10,15.421,15.421,15.421,15.421,
2000-01-11,15.945,15.945,15.945,15.945,
2000-01-12,16.126,16.126,16.126,16.126,
2000-01-13,15.88,15.88,15.88,15.88,
2000-01-14,16.011,16.011,16.011,16.011,
2000-01-18,17.043,17.043,17.043,17.043,
2000-01-19,17.109,17.109,17.109,17.109,
2000-01-20,17.273,17.273,17.273,17.273,
2000-01-21,17.535,17.535,17.535,17.535,
2000-01-24,17.011,17.011,17.011,17.011,
2000-01-25,17.273,17.273,17.273,17.273,
2000-01-26,16.535,16.535,16.535,16.535,
2000-01-27,15.601,15.601,15.601,15.601,
2000-01-28,14.929,14.929,14.929,14.929,
2000-01-31,15.06,15.06,15.06,15.06,
2000-02-01,15.241,15.241,15.241,15.241,
2000-02-02,14.782,14.782,14.782,14.782,
2000-02-03,14.487,14.487,14.487,14.487,
2000-02-04,14.749,14.749,14.749,14.749,
2000-02-07,14.913,14.913,14.913,14.913,
2000-02-08,14.995,14.995,14.995,14.995,
2000-02-09,14.946,14.946,14.946,14.946,
2000-02-10,14.864,14.864,14.864,14.864,
2000-02-11,14.569,14.569,14.569,14.569,
2000-02-14,14.192,14.192,14.192,14.192,
2000-02-15,14.602,14.602,14.602,14.602,
2000-02-16,14.044,14.044,14.044,14.044,
2000-02-17,13.717,13.717,13.717,13.717,
2000-02-18,13.471,13.471,13.471,13.471,
2000-02-22,13.569,13.569,13.569,13.569,
2000-02-23,13.438,13.438,13.438,13.438,
2000-02-24,13.061,13.061,13.061,13.061,
2000-02-25,12.766,12.766,12.766,12.766,
2000-02-28,12.93,12.93,12.93,12.93,
2000-02-29,12.75,12.75,12.75,12.75,
2000-03-01,13.372,13.372,13.372,13.372,
2000-03-02,13.012,13.012,13.012,13.012,
2000-03-03,13.143,13.143,13.143,13.143,
2000-03-06,12.848,12.848,12.848,12.848,
2000-03-07,12.356,12.356,12.356,12.356,
2000-03-08,12.455,12.455,12.455,12.455,
2000-03-09,12.258,12.258,12.258,12.258,
2000-03-10,11.93,11.93,11.93,11.93,
2000-03-13,11.514,11.514,11.514,11.514,
2000-03-14,11.399,11.399,11.399,11.399,
2000-03-15,12.518,12.518,12.518,12.518,
2000-03-16,13.094,13.094,13.094,13.094,
2000-03-17,12.929,12.929,12.929,12.929,
2000-03-20,12.781,12.781,12.781,12.781,
2000-03-21,13.011,13.011,13.011,13.011,
2000-03-22,12.386,12.386,12.386,12.386,
2000-03-23,12.37,12.37,12.37,12.37,
2000-03-24,12.37,12.37,12.37,12.37,
2000-03-27,11.909,11.909,11.909,11.909,
2000-03-28,11.811,11.811,11.811,11.811,
2000-03-29,12.337,12.337,12.337,12.337,
2000-03-30,12.781,12.781,12.781,12.781,
2000-03-31,12.353,12.353,12.353,12.353,
2000-04-03,12.978,12.978,12.978,12.978,
2000-04-04,13.784,13.784,13.784,13.784,
2000-04-05,12.534,12.534,12.534,12.534,
2000-04-06,12.041,12.041,12.041,12.041,
2000-04-07,12.156,12.156,12.156,12.156,
2000-04-10,11.843,11.843,11.843,11.843,
2000-04-11,12.419,12.419,12.419,12.419,
2000-04-12,12.765,12.765,12.765,12.765,
2000-04-13,12.436,12.436,12.436,12.436,
2000-04-14,12.37,12.37,12.37,12.37,
2000-04-17,12.765,12.765,12.765,12.765,
2000-04-18,12.798,12.798,12.798,12.798,
2000-04-19,12.946,12.946,12.946,12.946,
2000-04-20,13.011,13.011,13.011,13.011,
2000-04-24,13.061,13.061,13.061,13.061,
2000-04-25,13.291,13.291,13.291,13.291,
2000-04-26,13.011,13.011,13.011,13.011,
2000-04-27,12.699,12.699,12.699,12.699,
2000-04-28,12.436,12.436,12.436,12.436,
2000-05-01,12.172,12.172,12.172,12.172,
2000-05-02,12.172,12.172,12.172,12.172,
2000-05-03,12.765,12.765,12.765,12.765,
2000-05-04,12.765,12.765,12.765,12.765,
2000-05-05,12.386,12.386,12.386,12.386,
2000-05-08,12.765,12.765,12.765,12.765,
2000-05-09,13.291,13.291,13.291,13.291,
2000-05-10,13.9,13.9,13.9,13.9,
2000-05-11,14.097,14.097,14.097,14.097,
2000-05-12,13.752,13.752,13.752,13.752,
2000-05-15,13.62,13.62,13.62,13.62,
2000-05-16,12.88,12.88,12.88,12.88,
2000-05-17,12.699,12.699,12.699,12.699,
2000-05-18,13.011,13.011,13.011,13.011,
2000-05-19,13.176,13.176,13.176,13.176,
2000-05-22,13.34,13.34,13.34,13.34,
2000-05-23,13.159,13.159,13.159,13.159,
2000-05-24,13.867,13.867,13.867,13.867,
2000-05-25,13.867,13.867,13.867,13.867,
2000-05-26,14.36,14.36,14.36,14.36,
2000-05-30,14.179,14.179,14.179,14.179,
2000-05-31,14.048,14.048,14.048,14.048,
2000-06-01,14.015,14.015,14.015,14.015,
2000-06-02,13.834,13.834,13.834,13.834,
2000-06-05,13.686,13.686,13.686,13.686,
2000-06-06,13.636,13.636,13.636,13.636,
2000-06-07,13.949,13.949,13.949,13.949,
2000-06-08,13.9,13.9,13.9,13.9,
2000-06-09,13.768,13.768,13.768,13.768,
2000-06-12,13.85,13.85,13.85,13.85,
2000-06-13,14.093,14.093,14.093,14.093,
2000-06-14,13.994,13.994,13.994,13.994,
2000-06-15,14.753,14.753,14.753,14.753,
2000-06-16,14.654,14.654,14.654,14.654,
2000-06-19,14.374,14.374,14.374,14.374,
2000-06-20,13.978,13.978,13.978,13.978,
2000-06-21,14.126,14.126,14.126,14.126,
2000-06-22,14.819,14.819,14.819,14.819,
2000-06-23,15.281,15.281,15.281,15.281,
2000-06-26,15.578,15.578,15.578,15.578,
2000-06-27,15.281,15.281,15.281,15.281,
2000-06-28,15.855,15.855,15.855,15.855,
2000-06-29,15.595,15.595,15.595,15.595,
2000-06-30,15.166,15.166,15.166,15.166,
2000-07-03,15.364,15.364,15.364,15.364,
2000-07-05,15.512,15.512,15.512,15.512,
2000-07-06,15.562,15.562,15.562,15.562,
2000-07-07,15.512,15.512,15.512,15.512,
2000-07-10,15.199,15.199,15.199,15.199,
2000-07-11,14.836,14.836,14.836,14.836,
2000-07-12,14.819,14.819,14.819,14.819,
2000-07-13,15.298,15.298,15.298,15.298,
2000-07-14,15.215,15.215,15.215,15.215,
2000-07-17,15.141,15.141,15.141,15.141,
2000-07-18,15.364,15.364,15.364,15.364,
2000-07-19,15.974,15.974,15.974,15.974,
2000-07-20,15.974,15.974,15.974,15.974,
2000-07-21,16.069,16.069,16.069,16.069,
2000-07-24,15.644,15.644,15.644,15.644,
2000-07-25,15.644,15.644,15.644,15.644,
2000-07-26,15.529,15.529,15.529,15.529,
2000-07-27,15.958,15.958,15.958,15.958,
2000-07-28,16.552,16.552,16.552,16.552,
2000-07-31,16.189,16.189,16.189,16.189,
2000-08-01,16.635,16.635,16.635,16.635,
2000-08-02,16.618,16.618,16.618,16.618,
2000-08-03,16.635,16.635,16.635,16.635,
2000-08-04,16.404,16.404,16.404,16.404,
2000-08-07,16.206,16.206,16.206,16.206,
2000-08-08,16.09,16.09,16.09,16.09,
2000-08-09,15.793,15.793,15.793,15.793,
2000-08-10,16.107,16.107,16.107,16.107,
2000-08-11,16.437,16.437,16.437,16.437,
2000-08-14,16.651,16.651,16.651,16.651,
2000-08-15,16.371,16.371,16.371,16.371,
2000-08-16,16.024,16.024,16.024,16.024,
2000-08-17,15.76,15.76,15.76,15.76,
2000-08-18,15.925,15.925,15.925,15.925,
2000-08-21,15.793,15.793,15.793,15.793,
2000-08-22,15.314,15.314,15.314,15.314,
2000-08-23,15.525,15.525,15.525,15.525,
2000-08-24,15.298,15.298,15.298,15.298,
2000-08-25,14.786,14.786,14.786,14.786,
2000-08-28,15.05,15.05,15.05,15.05,
2000-08-29,14.869,14.869,14.869,14.869,
2000-08-30,14.324,14.324,14.324,14.324,
2000-08-31,13.899,13.899,13.899,13.899,
2000-09-01,14.324,14.324,14.324,14.324,
2000-09-05,14.869,14.869,14.869,14.869,
2000-09-06,14.341,14.341,14.341,14.341,
2000-09-07,14.258,14.258,14.258,14.258,
2000-09-08,14.407,14.407,14.407,14.407,
2000-09-11,13.994,13.994,13.994,13.994,
2000-09-12,14.126,14.126,14.126,14.126,
2000-09-13,13.906,13.906,13.906,13.906,
2000-09-14,13.509,13.509,13.509,13.509,
2000-09-15,13.459,13.459,13.459,13.459,
2000-09-18,14.072,14.072,14.072,14.072,
2000-09-19,14.006,14.006,14.006,14.006,
2000-09-20,13.31,13.31,13.31,13.31,
2000-09-21,13.128,13.128,13.128,13.128,
2000-09-22,14.006,14.006,14.006,14.006,
2000-09-25,14.188,14.188,14.188,14.188,
2000-09-26,14.552,14.552,14.552,14.552,
2000-09-27,14.734,14.734,14.734,14.734,
2000-09-28,14.684,14.684,14.684,14.684,
2000-09-29,14.602,14.602,14.602,14.602,
2000-10-02,15.098,15.098,15.098,15.098,
2000-10-03,14.916,14.916,14.916,14.916,
2000-10-04,15.165,15.165,15.165,15.165,
2000-10-05,15.661,15.661,15.661,15.661,
2000-10-06,15.479,15.479,15.479,15.479,
2000-10-09,15.314,15.314,15.314,15.314,
2000-10-10,15.413,15.413,15.413,15.413,
2000-10-11,15.512,15.512,15.512,15.512,
2000-10-12,15.165,15.165,15.165,15.165,
2000-10-13,15.148,15.148,15.148,15.148,
2000-10-16,15.529,15.529,15.529,15.529,
2000-10-17,15.347,15.347,15.347,15.347,
2000-10-18,15.413,15.413,15.413,15.413,
2000-10-19,15.131,15.131,15.131,15.131,
2000-10-20,14.519,14.519,14.519,14.519,
2000-10-23,14.651,14.651,14.651,14.651,
2000-10-24,14.867,14.867,14.867,14.867,
2000-10-25,15.347,15.347,15.347,15.347,
2000-10-26,15.545,15.545,15.545,15.545,
2000-10-27,15.612,15.612,15.612,15.612,
2000-10-30,15.86,15.86,15.86,15.86,
2000-10-31,15.992,15.992,15.992,15.992,
2000-11-01,16.125,16.125,16.125,16.125,
2000-11-02,16.092,16.092,16.092,16.092,
2000-11-03,15.711,15.711,15.711,15.711,
2000-11-06,16.025,16.025,16.025,16.025,
2000-11-07,15.91,15.91,15.91,15.91,
2000-11-08,15.943,15.943,15.943,15.943,
2000-11-09,16.506,16.506,16.506,16.506,
2000-11-10,16.39,16.39,16.39,16.39,
2000-11-13,16.174,16.174,16.174,16.174,
2000-11-14,16.042,16.042,16.042,16.042,
2000-11-15,16.241,16.241,16.241,16.241,
2000-11-16,16.406,16.406,16.406,16.406,
2000-11-17,16.274,16.274,16.274,16.274,
2000-11-20,14.982,14.982,14.982,14.982,
2000-11-21,14.635,14.635,14.635,14.635,
2000-11-22,15.777,15.777,15.777,15.777,
2000-11-24,15.628,15.628,15.628,15.628,
2000-11-27,15.777,15.777,15.777,15.777,
2000-11-28,16.009,16.009,16.009,16.009,
2000-11-29,16.502,16.502,16.502,16.502,
2000-11-30,16.635,16.635,16.635,16.635,
2000-12-01,16.519,16.519,16.519,16.519,
2000-12-04,16.668,16.668,16.668,16.668,
2000-12-05,16.32,16.32,16.32,16.32,
2000-12-06,16.17,16.17,16.17,16.17,
2000-12-07,16.569,16.569,16.569,16.569,
2000-12-08,16.17,16.17,16.17,16.17,
2000-12-11,15.49,15.49,15.49,15.49,
2000-12-12,15.407,15.407,15.407,15.407,
2000-12-13,15.357,15.357,15.357,15.357,
2000-12-14,15.141,15.141,15.141,15.141,
2000-12-15,14.211,14.211,14.211,14.211,
2000-12-18,14.576,14.576,14.576,14.576,
2000-12-19,15.075,15.075,15.075,15.075,
2000-12-20,14.942,14.942,14.942,14.942,
2000-12-21,15.772,15.772,15.772,15.772,
2000-12-22,15.639,15.639,15.639,15.639,
2000-12-26,15.938,15.938,15.938,15.938,
2000-12-27,16.087,16.087,16.087,16.087,
2000-12-28,16.22,16.22,16.22,16.22,
2000-12-29,16.187,16.187,16.187,16.187,
2001-01-02,16.154,16.154,16.154,16.154,
2001-01-03,15.739,15.739,15.739,15.739,
2001-01-04,15.29,15.29,15.29,15.29,
2001-01-05,15.324,15.324,15.324,15.324,
2001-01-08,15.573,15.573,15.573,15.573,
2001-01-09,15.772,15.772,15.772,15.772,
2001-01-10,15.705,15.705,15.705,15.705,
2001-01-11,15.241,15.241,15.241,15.241,
2001-01-12,15.041,15.041,15.041,15.041,
2001-01-16,15.141,15.141,15.141,15.141,
2001-01-17,15.39,15.39,15.39,15.39,
2001-01-18,15.174,15.174,15.174,15.174,
2001-01-19,14.825,14.825,14.825,14.825,
2001-01-22,14.792,14.792,14.792,14.792,
2001-01-23,15.108,15.108,15.108,15.108,
2001-01-24,15.423,15.423,15.423,15.423,
2001-01-25,15.573,15.573,15.573,15.573,
2001-01-26,15.39,15.39,15.39,15.39,
2001-01-29,15.173,15.173,15.173,15.173,
2001-01-30,15.383,15.383,15.383,15.383,
2001-01-31,15.407,15.407,15.407,15.407,
2001-02-01,15.258,15.258,15.258,15.258,
2001-02-02,15.337,15.337,15.337,15.337,
2001-02-05,15.725,15.725,15.725,15.725,
2001-02-06,15.784,15.784,15.784,15.784,
2001-02-07,15.938,15.938,15.938,15.938,
2001-02-08,16.1,16.1,16.1,16.1,
2001-02-09,15.975,15.975,15.975,15.975,
2001-02-12,16.156,16.156,16.156,16.156,
2001-02-13,15.927,15.927,15.927,15.927,
2001-02-14,15.805,15.805,15.805,15.805,
2001-02-15,15.505,15.505,15.505,15.505,
2001-02-16,15.768,15.768,15.768,15.768,
2001-02-20,15.531,15.531,15.531,15.531,
2001-02-21,14.588,14.588,14.588,14.588,
2001-02-22,14.076,14.076,14.076,14.076,
2001-02-23,13.813,13.813,13.813,13.813,
2001-02-26,13.938,13.938,13.938,13.938,
2001-02-27,13.813,13.813,13.813,13.813,
2001-02-28,14.086,14.086,14.086,14.086,
2001-03-01,13.999,13.999,13.999,13.999,
2001-03-02,13.959,13.959,13.959,13.959,
2001-03-05,13.335,13.335,13.335,13.335,
2001-03-06,13.228,13.228,13.228,13.228,
2001-03-07,13.396,13.396,13.396,13.396,
2001-03-08,13.653,13.653,13.653,13.653,
2001-03-09,13.68,13.68,13.68,13.68,
2001-03-12,13.308,13.308,13.308,13.308,
2001-03-13,12.996,12.996,12.996,12.996,
2001-03-14,12.708,12.708,12.708,12.708,
2001-03-15,12.703,12.703,12.703,12.703,
2001-03-16,12.969,12.969,12.969,12.969,
2001-03-19,12.903,12.903,12.903,12.903,
2001-03-20,12.644,12.644,12.644,12.644,
2001-03-21,12.063,12.063,12.063,12.063,
2001-03-22,12.188,12.188,12.188,12.188,
2001-03-23,12.13,12.13,12.13,12.13,
2001-03-26,11.97,11.97,11.97,11.97,
2001-03-27,12.426,12.426,12.426,12.426,
2001-03-28,12.25,12.25,12.25,12.25,
2001-03-29,11.868,11.868,11.868,11.868,
2001-03-30,12.039,12.039,12.039,12.039,
2001-04-02,12.223,12.223,12.223,12.223,
2001-04-03,11.906,11.906,11.906,11.906,
2001-04-04,12.063,12.063,12.063,12.063,
2001-04-05,12.076,12.076,12.076,12.076,
2001-04-06,11.996,11.996,11.996,11.996,
2001-04-09,11.703,11.703,11.703,11.703,
2001-04-10,11.637,11.637,11.637,11.637,
2001-04-11,11.765,11.765,11.765,11.765,
2001-04-12,11.882,11.882,11.882,11.882,
2001-04-16,12.106,12.106,12.106,12.106,
2001-04-17,12.183,12.183,12.183,12.183,
2001-04-18,12.463,12.463,12.463,12.463,
2001-04-19,12.663,12.663,12.663,12.663,
2001-04-20,12.53,12.53,12.53,12.53,
2001-04-23,12.65,12.65,12.65,12.65,
2001-04-24,12.634,12.634,12.634,12.634,
2001-04-25,12.85,12.85,12.85,12.85,
2001-04-26,12.503,12.503,12.503,12.503,
2001-04-27,12.53,12.53,12.53,12.53,
2001-04-30,12.314,12.314,12.314,12.314,
2001-05-01,12.698,12.698,12.698,12.698,
2001-05-02,12.682,12.682,12.682,12.682,
2001-05-03,12.463,12.463,12.463,12.463,
2001-05-04,12.484,12.484,12.484,12.484,
2001-05-07,12.482,12.482,12.482,12.482,
2001-05-08,12.415,12.415,12.415,12.415,
2001-05-09,12.199,12.199,12.199,12.199,
2001-05-10,12.159,12.159,12.159,12.159,
2001-05-11,12.074,12.074,12.074,12.074,
2001-05-14,12.266,12.266,12.266,12.266,
2001-05-15,12.236,12.236,12.236,12.236,
2001-05-16,12.858,12.858,12.858,12.858,
2001-05-17,12.831,12.831,12.831,12.831,
2001-05-18,12.823,12.823,12.823,12.823,
2001-05-21,12.874,12.874,12.874,12.874,
2001-05-22,12.743,12.743,12.743,12.743,
2001-05-23,12.983,12.983,12.983,12.983,
2001-05-24,13.087,13.087,13.087,13.087,
2001-05-25,12.842,12.842,12.842,12.842,
2001-05-29,12.887,12.887,12.887,12.887,
2001-05-30,12.764,12.764,12.764,12.764,
2001-05-31,12.636,12.636,12.636,12.636,
2001-06-01,12.746,12.746,12.746,12.746,
2001-06-04,12.682,12.682,12.682,12.682,
2001-06-05,12.695,12.695,12.695,12.695,
2001-06-06,12.463,12.463,12.463,12.463,
2001-06-07,12.295,12.295,12.295,12.295,
2001-06-08,12.263,12.263,12.263,12.263,
2001-06-11,12.244,12.244,12.244,12.244,
2001-06-12,12.239,12.239,12.239,12.239,
2001-06-13,12.271,12.271,12.271,12.271,
2001-06-14,12.049,12.049,12.049,12.049,
2001-06-15,11.846,11.846,11.846,11.846,
2001-06-18,11.714,11.714,11.714,11.714,
2001-06-19,11.709,11.709,11.709,11.709,
2001-06-20,11.757,11.757,11.757,11.757,
2001-06-21,11.666,11.666,11.666,11.666,
2001-06-22,11.468,11.468,11.468,11.468,
2001-06-25,11.666,11.666,11.666,11.666,
2001-06-26,11.763,11.763,11.763,11.763,
2001-06-27,11.824,11.824,11.824,11.824,
2001-06-28,12.137,12.137,12.137,12.137,
2001-06-29,12.044,12.044,12.044,12.044,
2001-07-02,12.204,12.204,12.204,12.204,
2001-07-03,12.295,12.295,12.295,12.295,
2001-07-05,12.108,12.108,12.108,12.108,
2001-07-06,11.937,11.937,11.937,11.937,
2001-07-09,12.103,12.103,12.103,12.103,
2001-07-10,11.955,11.955,11.955,11.955,
2001-07-11,12.18,12.18,12.18,12.18,
2001-07-12,12.175,12.175,12.175,12.175,
2001-07-13,12.314,12.314,12.314,12.314,
2001-07-16,12.574,12.574,12.574,12.574,
2001-07-17,12.614,12.614,12.614,12.614,
2001-07-18,12.37,12.37,12.37,12.37,
2001-07-19,12.499,12.499,12.499,12.499,
2001-07-20,12.341,12.341,12.341,12.341,
2001-07-23,11.904,11.904,11.904,11.904,
2001-07-24,11.83,11.83,11.83,11.83,
2001-07-25,12.038,12.038,12.038,12.038,
2001-07-26,12.044,12.044,12.044,12.044,
2001-07-27,11.987,11.987,11.987,11.987,
2001-07-30,11.846,11.846,11.846,11.846,
2001-07-31,11.937,11.937,11.937,11.937,
2001-08-01,11.797,11.797,11.797,11.797,
2001-08-02,11.752,11.752,11.752,11.752,
2001-08-03,11.963,11.963,11.963,11.963,
2001-08-06,11.939,11.939,11.939,11.939,
2001-08-07,12.012,12.012,12.012,12.012,
2001-08-08,12.177,12.177,12.177,12.177,
2001-08-09,12.207,12.207,12.207,12.207,
2001-08-10,12.223,12.223,12.223,12.223,
2001-08-13,12.258,12.258,12.258,12.258,
2001-08-14,12.322,12.322,12.322,12.322,
2001-08-15,12.734,12.734,12.734,12.734,
2001-08-16,12.769,12.769,12.769,12.769,
2001-08-17,12.723,12.723,12.723,12.723,
2001-08-20,12.991,12.991,12.991,12.991,
2001-08-21,12.93,12.93,12.93,12.93,
2001-08-22,12.913,12.913,12.913,12.913,
2001-08-23,13.235,13.235,13.235,13.235,
2001-08-24,13.17,13.17,13.17,13.17,
2001-08-27,12.983,12.983,12.983,12.983,
2001-08-28,12.812,12.812,12.812,12.812,
2001-08-29,12.766,12.766,12.766,12.766,
2001-08-30,13.058,13.058,13.058,13.058,
2001-08-31,13.026,13.026,13.026,13.026,
2001-09-04,13.248,13.248,13.248,13.248,
2001-09-05,13.502,13.502,13.502,13.502,
2001-09-06,13.251,13.251,13.251,13.251,
2001-09-07,13.31,13.31,13.31,13.31,
2001-09-10,13.368,13.368,13.368,13.368,
2001-09-17,13.484,13.484,13.484,13.484,
2001-09-18,13.288,13.288,13.288,13.288,
2001-09-19,13.296,13.296,13.296,13.296,
2001-09-20,12.987,12.987,12.987,12.987,
2001-09-21,12.571,12.571,12.571,12.571,
2001-09-24,12.901,12.901,12.901,12.901,
2001-09-25,12.893,12.893,12.893,12.893,
2001-09-26,12.595,12.595,12.595,12.595,
2001-09-27,12.611,12.611,12.611,12.611,
2001-09-28,12.584,12.584,12.584,12.584,
2001-10-01,12.38,12.38,12.38,12.38,
2001-10-02,12.401,12.401,12.401,12.401,
2001-10-03,12.302,12.302,12.302,12.302,
2001-10-04,12.13,12.13,12.13,12.13,
2001-10-05,12.222,12.222,12.222,12.222,
2001-10-08,12.396,12.396,12.396,12.396,
2001-10-09,12.404,12.404,12.404,12.404,
2001-10-10,12.396,12.396,12.396,12.396,
2001-10-11,12.369,12.369,12.369,12.369,
2001-10-12,12.034,12.034,12.034,12.034,
2001-10-15,11.953,11.953,11.953,11.953,
2001-10-16,11.964,11.964,11.964,11.964,
2001-10-17,11.894,11.894,11.894,11.894,
2001-10-18,12.388,12.388,12.388,12.388,
2001-10-19,13.052,13.052,13.052,13.052,
2001-10-22,13.156,13.156,13.156,13.156,
2001-10-23,13.127,13.127,13.127,13.127,
2001-10-24,13.1,13.1,13.1,13.1,
2001-10-25,13.28,13.28,13.28,13.28,
2001-10-26,13.199,13.199,13.199,13.199,
2001-10-29,13.057,13.057,13.057,13.057,
2001-10-30,12.936,12.936,12.936,12.936,
2001-10-31,12.861,12.861,12.861,12.861,
2001-11-01,13.052,13.052,13.052,13.052,
2001-11-02,13.129,13.129,13.129,13.129,
2001-11-05,13.242,13.242,13.242,13.242,
2001-11-06,13.39,13.39,13.39,13.39,
2001-11-07,13.269,13.269,13.269,13.269,
2001-11-08,13.18,13.18,13.18,13.18,
2001-11-09,13.221,13.221,13.221,13.221,
2001-11-12,13.248,13.248,13.248,13.248,
2001-11-13,13.336,13.336,13.336,13.336,
2001-11-14,13.43,13.43,13.43,13.43,
2001-11-15,13.43,13.43,13.43,13.43,
2001-11-16,13.411,13.411,13.411,13.411,
2001-11-19,13.288,13.288,13.288,13.288,
2001-11-20,13.162,13.162,13.162,13.162,
2001-11-21,13.097,13.097,13.097,13.097,
2001-11-23,13.202,13.202,13.202,13.202,
2001-11-26,12.976,12.976,12.976,12.976,
2001-11-27,12.89,12.89,12.89,12.89,
2001-11-28,12.605,12.605,12.605,12.605,
2001-11-29,12.694,12.694,12.694,12.694,
2001-11-30,12.661,12.661,12.661,12.661,
2001-12-03,12.545,12.545,12.545,12.545,
2001-12-04,12.551,12.551,12.551,12.551,
2001-12-05,12.704,12.704,12.704,12.704,
2001-12-06,12.518,12.518,12.518,12.518,
2001-12-07,12.564,12.564,12.564,12.564,
2001-12-10,12.303,12.303,12.303,12.303,
2001-12-11,12.308,12.308,12.308,12.308,
2001-12-12,12.397,12.397,12.397,12.397,
2001-12-13,12.464,12.464,12.464,12.464,
2001-12-14,12.47,12.47,12.47,12.47,
2001-12-17,12.443,12.443,12.443,12.443,
2001-12-18,12.537,12.537,12.537,12.537,
2001-12-19,12.804,12.804,12.804,12.804,
2001-12-20,12.877,12.877,12.877,12.877,
2001-12-21,13.152,13.152,13.152,13.152,
2001-12-24,13.041,13.041,13.041,13.041,
2001-12-26,13.082,13.082,13.082,13.082,
2001-12-27,12.925,12.925,12.925,12.925,
2001-12-28,12.718,12.718,12.718,12.718,
2001-12-31,12.712,12.712,12.712,12.712,
2002-01-02,12.799,12.799,12.799,12.799,
2002-01-03,12.632,12.632,12.632,12.632,
2002-01-04,12.518,12.518,12.518,12.518,
2002-01-07,12.192,12.192,12.192,12.192,
2002-01-08,12.038,12.038,12.038,12.038,
2002-01-09,12.014,12.014,12.014,12.014,
2002-01-10,12.073,12.073,12.073,12.073,
2002-01-11,12.214,12.214,12.214,12.214,
2002-01-14,11.998,11.998,11.998,11.998,
2002-01-15,11.957,11.957,11.957,11.957,
2002-01-16,11.904,11.904,11.904,11.904,
2002-01-17,12.146,12.146,12.146,12.146,
2002-01-18,12.251,12.251,12.251,12.251,
2002-01-22,12.375,12.375,12.375,12.375,
2002-01-23,12.073,12.073,12.073,12.073,
2002-01-24,11.922,11.922,11.922,11.922,
2002-01-25,12.173,12.173,12.173,12.173,
2002-01-28,12.189,12.189,12.189,12.189,
2002-01-29,11.863,11.863,11.863,11.863,
2002-01-30,11.823,11.823,11.823,11.823,
2002-01-31,11.796,11.796,11.796,11.796,
2002-02-01,12.046,12.046,12.046,12.046,
2002-02-04,12.046,12.046,12.046,12.046,
2002-02-05,12.335,12.335,12.335,12.335,
2002-02-06,12.537,12.537,12.537,12.537,
2002-02-07,12.37,12.37,12.37,12.37,
2002-02-08,12.362,12.362,12.362,12.362,
2002-02-11,12.44,12.44,12.44,12.44,
2002-02-12,12.432,12.432,12.432,12.432,
2002-02-13,12.505,12.505,12.505,12.505,
2002-02-14,12.669,12.669,12.669,12.669,
2002-02-15,12.658,12.658,12.658,12.658,
2002-02-19,12.481,12.481,12.481,12.481,
2002-02-20,12.64,12.64,12.64,12.64,
2002-02-21,12.402,12.402,12.402,12.402,
2002-02-22,12.753,12.753,12.753,12.753,
2002-02-25,12.772,12.772,12.772,12.772,
2002-02-26,12.669,12.669,12.669,12.669,
2002-02-27,12.801,12.801,12.801,12.801,
2002-02-28,12.777,12.777,12.777,12.777,
2002-03-01,13.052,13.052,13.052,13.052,
2002-03-04,12.88,12.88,12.88,12.88,
2002-03-05,12.834,12.834,12.834,12.834,
2002-03-06,12.818,12.818,12.818,12.818,
2002-03-07,12.658,12.658,12.658,12.658,
2002-03-08,12.901,12.901,12.901,12.901,
2002-03-11,12.828,12.828,12.828,12.828,
2002-03-12,12.966,12.966,12.966,12.966,
2002-03-13,12.982,12.982,12.982,12.982,
2002-03-14,12.966,12.966,12.966,12.966,
2002-03-15,13.169,13.169,13.169,13.169,
2002-03-18,13.177,13.177,13.177,13.177,
2002-03-19,13.321,13.321,13.321,13.321,
2002-03-20,13.377,13.377,13.377,13.377,
2002-03-21,13.645,13.645,13.645,13.645,
2002-03-22,13.876,13.876,13.876,13.876,
2002-03-25,14.011,14.011,14.011,14.011,
2002-03-26,14.241,14.241,14.241,14.241,
2002-03-27,14.157,14.157,14.157,14.157,
2002-03-28,14.149,14.149,14.149,14.149,
2002-04-01,14.16,14.16,14.16,14.16,
2002-04-02,14.154,14.154,14.154,14.154,
2002-04-03,14.008,14.008,14.008,14.008,
2002-04-04,14.084,14.084,14.084,14.084,
2002-04-05,14.127,14.127,14.127,14.127,
2002-04-08,14.349,14.349,14.349,14.349,
2002-04-09,14.444,14.444,14.444,14.444,
2002-04-10,14.68,14.68,14.68,14.68,
2002-04-11,14.387,14.387,14.387,14.387,
2002-04-12,14.447,14.447,14.447,14.447,
2002-04-15,14.184,14.184,14.184,14.184,
2002-04-16,14.588,14.588,14.588,14.588,
2002-04-17,14.598,14.598,14.598,14.598,
2002-04-18,14.542,14.542,14.542,14.542,
2002-04-19,14.866,14.866,14.866,14.866,
2002-04-22,14.972,14.972,14.972,14.972,
2002-04-23,14.761,14.761,14.761,14.761,
2002-04-24,14.885,14.885,14.885,14.885,
2002-04-25,14.885,14.885,14.885,14.885,
2002-04-26,14.742,14.742,14.742,14.742,
2002-04-29,14.793,14.793,14.793,14.793,
2002-04-30,15.029,15.029,15.029,15.029,
2002-05-01,15.6,15.6,15.6,15.6,
2002-05-02,15.606,15.606,15.606,15.606,
2002-05-03,15.394,15.394,15.394,15.394,
2002-05-06,15.321,15.321,15.321,15.321,
2002-05-07,15.338,15.338,15.338,15.338,
2002-05-08,15.297,15.297,15.297,15.297,
2002-05-09,15.297,15.297,15.297,15.297,
2002-05-10,15.259,15.259,15.259,15.259,
2002-05-13,15.403,15.403,15.403,15.403,
2002-05-14,15.338,15.338,15.338,15.338,
2002-05-15,15.348,15.348,15.348,15.348,
2002-05-16,15.446,15.446,15.446,15.446,
2002-05-17,15.432,15.432,15.432,15.432,
2002-05-20,15.216,15.216,15.216,15.216,
2002-05-21,15.015,15.015,15.015,15.015,
2002-05-22,15.216,15.216,15.216,15.216,
2002-05-23,15.348,15.348,15.348,15.348,
2002-05-24,15.216,15.216,15.216,15.216,
2002-05-28,14.793,14.793,14.793,14.793,
2002-05-29,14.661,14.661,14.661,14.661,
2002-05-30,14.726,14.726,14.726,14.726,
2002-05-31,15.042,15.042,15.042,15.042,
2002-06-03,14.628,14.628,14.628,14.628,
2002-06-04,14.62,14.62,14.62,14.62,
2002-06-05,14.999,14.999,14.999,14.999,
2002-06-06,14.661,14.661,14.661,14.661,
2002-06-07,14.634,14.634,14.634,14.634,
2002-06-10,14.547,14.547,14.547,14.547,
2002-06-11,14.62,14.62,14.62,14.62,
2002-06-12,14.805,14.805,14.805,14.805,
2002-06-13,14.81,14.81,14.81,14.81,
2002-06-14,14.905,14.905,14.905,14.905,
2002-06-17,15.014,15.014,15.014,15.014,
2002-06-18,15.028,15.028,15.028,15.028,
2002-06-19,14.968,14.968,14.968,14.968,
2002-06-20,15.142,15.142,15.142,15.142,
2002-06-21,15.218,15.218,15.218,15.218,
2002-06-24,15.476,15.476,15.476,15.476,
2002-06-25,15.068,15.068,15.068,15.068,
2002-06-26,15.093,15.093,15.093,15.093,
2002-06-27,15.242,15.242,15.242,15.242,
2002-06-28,15.218,15.218,15.218,15.218,
2002-07-01,15.313,15.313,15.313,15.313,
2002-07-02,15.403,15.403,15.403,15.403,
2002-07-03,15.384,15.384,15.384,15.384,
2002-07-05,15.346,15.346,15.346,15.346,
2002-07-08,15.566,15.566,15.566,15.566,
2002-07-09,15.337,15.337,15.337,15.337,
2002-07-10,14.865,14.865,14.865,14.865,
2002-07-11,14.433,14.433,14.433,14.433,
2002-07-12,13.873,13.873,13.873,13.873,
2002-07-15,14.131,14.131,14.131,14.131,
2002-07-16,13.688,13.688,13.688,13.688,
2002-07-17,13.587,13.587,13.587,13.587,
2002-07-18,13.025,13.025,13.025,13.025,
2002-07-19,12.253,12.253,12.253,12.253,
2002-07-22,12.471,12.471,12.471,12.471,
2002-07-23,12.115,12.115,12.115,12.115,
2002-07-24,12.731,12.731,12.731,12.731,
2002-07-25,12.924,12.924,12.924,12.924,
2002-07-26,12.894,12.894,12.894,12.894,
2002-07-29,13.433,13.433,13.433,13.433,
2002-07-30,13.085,13.085,13.085,13.085,
2002-07-31,13.571,13.571,13.571,13.571,
2002-08-01,13.568,13.568,13.568,13.568,
2002-08-02,13.615,13.615,13.615,13.615,
2002-08-05,13.142,13.142,13.142,13.142,
2002-08-06,13.009,13.009,13.009,13.009,
2002-08-07,13.318,13.318,13.318,13.318,
2002-08-08,13.81,13.81,13.81,13.81,
2002-08-09,13.886,13.886,13.886,13.886,
2002-08-12,13.808,13.808,13.808,13.808,
2002-08-13,13.658,13.658,13.658,13.658,
2002-08-14,14.117,14.117,14.117,14.117,
2002-08-15,13.971,13.971,13.971,13.971,
2002-08-16,14.183,14.183,14.183,14.183,
2002-08-19,14.049,14.049,14.049,14.049,
2002-08-20,14.03,14.03,14.03,14.03,
2002-08-21,14.332,14.332,14.332,14.332,
2002-08-22,14.24,14.24,14.24,14.24,
2002-08-23,14.321,14.321,14.321,14.321,
2002-08-26,14.405,14.405,14.405,14.405,
2002-08-27,14.272,14.272,14.272,14.272,
2002-08-28,13.935,13.935,13.935,13.935,
2002-08-29,13.696,13.696,13.696,13.696,
2002-08-30,13.859,13.859,13.859,13.859,
2002-09-03,13.566,13.566,13.566,13.566,
2002-09-04,13.723,13.723,13.723,13.723,
2002-09-05,13.411,13.411,13.411,13.411,
2002-09-06,13.558,13.558,13.558,13.558,
2002-09-09,13.683,13.683,13.683,13.683,
2002-09-10,13.851,13.851,13.851,13.851,
2002-09-11,13.941,13.941,13.941,13.941,
2002-09-12,13.518,13.518,13.518,13.518,
2002-09-13,13.545,13.545,13.545,13.545,
2002-09-16,13.826,13.826,13.826,13.826,
2002-09-17,13.355,13.355,13.355,13.355,
2002-09-18,13.45,13.45,13.45,13.45,
2002-09-19,13.005,13.005,13.005,13.005,
2002-09-20,12.964,12.964,12.964,12.964,
2002-09-23,12.823,12.823,12.823,12.823,
2002-09-24,12.877,12.877,12.877,12.877,
2002-09-25,13.229,13.229,13.229,13.229,
2002-09-26,13.213,13.213,13.213,13.213,
2002-09-27,13.229,13.229,13.229,13.229,
2002-09-30,13.084,13.084,13.084,13.084,
2002-10-01,13.657,13.657,13.657,13.657,
2002-10-02,13.614,13.614,13.614,13.614,
2002-10-03,13.81,13.81,13.81,13.81,
2002-10-04,13.887,13.887,13.887,13.887,
2002-10-07,13.676,13.676,13.676,13.676,
2002-10-08,14.219,14.219,14.219,14.219,
2002-10-09,14.086,14.086,14.086,14.086,
2002-10-10,14.039,14.039,14.039,14.039,
2002-10-11,14.037,14.037,14.037,14.037,
2002-10-14,14.337,14.337,14.337,14.337,
2002-10-15,14.318,14.318,14.318,14.318,
2002-10-16,12.877,12.877,12.877,12.877,
2002-10-17,12.522,12.522,12.522,12.522,
2002-10-18,12.656,12.656,12.656,12.656,
2002-10-21,13.095,13.095,13.095,13.095,
2002-10-22,13.063,13.063,13.063,13.063,
2002-10-23,13.079,13.079,13.079,13.079,
2002-10-24,12.792,12.792,12.792,12.792,
2002-10-25,12.814,12.814,12.814,12.814,
2002-10-28,12.531,12.531,12.531,12.531,
2002-10-29,12.653,12.653,12.653,12.653,
2002-10-30,12.782,12.782,12.782,12.782,
2002-10-31,12.681,12.681,12.681,12.681,
2002-11-01,12.776,12.776,12.776,12.776,
2002-11-04,12.468,12.468,12.468,12.468,
2002-11-05,12.648,12.648,12.648,12.648,
2002-11-06,12.386,12.386,12.386,12.386,
2002-11-07,12.228,12.228,12.228,12.228,
2002-11-08,12.146,12.146,12.146,12.146,
2002-11-11,12.157,12.157,12.157,12.157,
2002-11-12,12.089,12.089,12.089,12.089,
2002-11-13,12.34,12.34,12.34,12.34,
2002-11-14,12.315,12.315,12.315,12.315,
2002-11-15,12.542,12.542,12.542,12.542,
2002-11-18,12.528,12.528,12.528,12.528,
2002-11-19,12.656,12.656,12.656,12.656,
2002-11-20,12.572,12.572,12.572,12.572,
2002-11-21,12.484,12.484,12.484,12.484,
2002-11-22,12.389,12.389,12.389,12.389,
2002-11-25,12.307,12.307,12.307,12.307,
2002-11-26,12.277,12.277,12.277,12.277,
2002-11-27,12.669,12.669,12.669,12.669,
2002-11-29,12.507,12.507,12.507,12.507,
2002-12-02,12.386,12.386,12.386,12.386,
2002-12-03,12.304,12.304,12.304,12.304,
2002-12-04,12.507,12.507,12.507,12.507,
2002-12-05,12.34,12.34,12.34,12.34,
2002-12-06,12.441,12.441,12.441,12.441,
2002-12-09,12.359,12.359,12.359,12.359,
2002-12-10,12.743,12.743,12.743,12.743,
2002-12-11,12.811,12.811,12.811,12.811,
2002-12-12,12.57,12.57,12.57,12.57,
2002-12-13,12.564,12.564,12.564,12.564,
2002-12-16,12.532,12.532,12.532,12.532,
2002-12-17,12.31,12.31,12.31,12.31,
2002-12-18,12.205,12.205,12.205,12.205,
2002-12-19,12.09,12.09,12.09,12.09,
2002-12-20,12.079,12.079,12.079,12.079,
2002-12-23,12.164,12.164,12.164,12.164,
2002-12-24,12.121,12.121,12.121,12.121,
2002-12-26,12.099,12.099,12.099,12.099,
2002-12-27,11.912,11.912,11.912,11.912,
2002-12-30,11.923,11.923,11.923,11.923,
2002-12-31,12.014,12.014,12.014,12.014,
2003-01-02,12.29,12.29,12.29,12.29,
2003-01-03,12.26,12.26,12.26,12.26,
2003-01-06,12.31,12.31,12.31,12.31,
2003-01-07,12.156,12.156,12.156,12.156,
2003-01-08,12.077,12.077,12.077,12.077,
2003-01-09,12.203,12.203,12.203,12.203,
2003-01-10,12.386,12.386,12.386,12.386,
2003-01-13,12.54,12.54,12.54,12.54,
2003-01-14,12.532,12.532,12.532,12.532,
2003-01-15,12.304,12.304,12.304,12.304,
2003-01-16,12.515,12.515,12.515,12.515,
2003-01-17,12.359,12.359,12.359,12.359,
2003-01-21,12.255,12.255,12.255,12.255,
2003-01-22,12.208,12.208,12.208,12.208,
2003-01-23,12.03,12.03,12.03,12.03,
2003-01-24,11.737,11.737,11.737,11.737,
2003-01-27,11.452,11.452,11.452,11.452,
2003-01-28,11.263,11.263,11.263,11.263,
2003-01-29,11.112,11.112,11.112,11.112,
2003-01-30,10.742,10.742,10.742,10.742,
2003-01-31,11.087,11.087,11.087,11.087,
2003-02-03,11.002,11.002,11.002,11.002,
2003-02-04,11.052,11.052,11.052,11.052,
2003-02-05,10.975,10.975,10.975,10.975,
2003-02-06,10.937,10.937,10.937,10.937,
2003-02-07,10.833,10.833,10.833,10.833,
2003-02-10,10.978,10.978,10.978,10.978,
2003-02-11,10.687,10.687,10.687,10.687,
2003-02-12,10.89,10.89,10.89,10.89,
2003-02-13,10.956,10.956,10.956,10.956,
2003-02-14,11.181,11.181,11.181,11.181,
2003-02-18,11.263,11.263,11.263,11.263,
2003-02-19,11.145,11.145,11.145,11.145,
2003-02-20,10.975,10.975,10.975,10.975,
2003-02-21,11.137,11.137,11.137,11.137,
2003-02-24,10.912,10.912,10.912,10.912,
2003-02-25,11.066,11.066,11.066,11.066,
2003-02-26,10.885,10.885,10.885,10.885,
2003-02-27,11.033,11.033,11.033,11.033,
2003-02-28,11.022,11.022,11.022,11.022,
2003-03-03,10.745,10.745,10.745,10.745,
2003-03-04,10.515,10.515,10.515,10.515,
2003-03-05,10.29,10.29,10.29,10.29,
2003-03-06,10.29,10.29,10.29,10.29,
2003-03-07,10.331,10.331,10.331,10.331,
2003-03-10,10.158,10.158,10.158,10.158,
2003-03-11,10.32,10.32,10.32,10.32,
2003-03-12,10.488,10.488,10.488,10.488,
2003-03-13,10.874,10.874,10.874,10.874,
2003-03-14,10.998,10.998,10.998,10.998,
2003-03-17,11.299,11.299,11.299,11.299,
2003-03-18,11.293,11.293,11.293,11.293,
2003-03-19,11.525,11.525,11.525,11.525,
2003-03-20,11.448,11.448,11.448,11.448,
2003-03-21,11.646,11.646,11.646,11.646,
2003-03-24,11.277,11.277,11.277,11.277,
2003-03-25,11.301,11.301,11.301,11.301,
2003-03-26,11.227,11.227,11.227,11.227,
2003-03-27,11.263,11.263,11.263,11.263,
2003-03-28,11.227,11.227,11.227,11.227,
2003-03-31,11.158,11.158,11.158,11.158,
2003-04-01,11.133,11.133,11.133,11.133,
2003-04-02,11.425,11.425,11.425,11.425,
2003-04-03,11.357,11.357,11.357,11.357,
2003-04-04,11.55,11.55,11.55,11.55,
2003-04-07,11.494,11.494,11.494,11.494,
2003-04-08,11.536,11.536,11.536,11.536,
2003-04-09,11.486,11.486,11.486,11.486,
2003-04-10,11.423,11.423,11.423,11.423,
2003-04-11,11.42,11.42,11.42,11.42,
2003-04-14,11.69,11.69,11.69,11.69,
2003-04-15,11.723,11.723,11.723,11.723,
2003-04-16,10.998,10.998,10.998,10.998,
2003-04-17,11.136,11.136,11.136,11.136,
2003-04-21,11.056,11.056,11.056,11.056,
2003-04-22,11.139,11.139,11.139,11.139,
2003-04-23,11.026,11.026,11.026,11.026,
2003-04-24,11.001,11.001,11.001,11.001,
2003-04-25,10.866,10.866,10.866,10.866,
2003-04-28,11.117,11.117,11.117,11.117,
2003-04-29,11.255,11.255,11.255,11.255,
2003-04-30,11.136,11.136,11.136,11.136,
2003-05-01,11.147,11.147,11.147,11.147,
2003-05-02,11.301,11.301,11.301,11.301,
2003-05-05,11.172,11.172,11.172,11.172,
2003-05-06,11.307,11.307,11.307,11.307,
2003-05-07,11.927,11.927,11.927,11.927,
2003-05-08,11.82,11.82,11.82,11.82,
2003-05-09,12.126,12.126,12.126,12.126,
2003-05-12,12.266,12.266,12.266,12.266,
2003-05-13,12.197,12.197,12.197,12.197,
2003-05-14,12.197,12.197,12.197,12.197,
2003-05-15,12.305,12.305,12.305,12.305,
2003-05-16,12.115,12.115,12.115,12.115,
2003-05-19,12.159,12.159,12.159,12.159,
2003-05-20,12.272,12.272,12.272,12.272,
2003-05-21,12.167,12.167,12.167,12.167,
2003-05-22,12.274,12.274,12.274,12.274,
2003-05-23,12.181,12.181,12.181,12.181,
2003-05-27,12.31,12.31,12.31,12.31,
2003-05-28,12.172,12.172,12.172,12.172,
2003-05-29,12.299,12.299,12.299,12.299,
2003-05-30,12.561,12.561,12.561,12.561,
2003-06-02,12.625,12.625,12.625,12.625,
2003-06-03,12.71,12.71,12.71,12.71,
2003-06-04,12.842,12.842,12.842,12.842,
2003-06-05,12.895,12.895,12.895,12.895,
2003-06-06,12.925,12.925,12.925,12.925,
2003-06-09,12.919,12.919,12.919,12.919,
2003-06-10,12.845,12.845,12.845,12.845,
2003-06-11,12.961,12.961,12.961,12.961,
2003-06-12,13.141,13.141,13.141,13.141,
2003-06-13,13.114,13.114,13.114,13.114,
2003-06-16,13.349,13.349,13.349,13.349,
2003-06-17,13.072,13.072,13.072,13.072,
2003-06-18,13.017,13.017,13.017,13.017,
2003-06-19,12.773,12.773,12.773,12.773,
2003-06-20,12.87,12.87,12.87,12.87,
2003-06-23,12.948,12.948,12.948,12.948,
2003-06-24,13.064,13.064,13.064,13.064,
2003-06-25,12.917,12.917,12.917,12.917,
2003-06-26,12.984,12.984,12.984,12.984,
2003-06-27,12.881,12.881,12.881,12.881,
2003-06-30,12.853,12.853,12.853,12.853,
2003-07-01,12.875,12.875,12.875,12.875,
2003-07-02,12.845,12.845,12.845,12.845,
2003-07-03,12.803,12.803,12.803,12.803,
2003-07-07,12.449,12.449,12.449,12.449,
2003-07-08,12.247,12.247,12.247,12.247,
2003-07-09,12.153,12.153,12.153,12.153,
2003-07-10,12.189,12.189,12.189,12.189,
2003-07-11,12.161,12.161,12.161,12.161,
2003-07-14,12.263,12.263,12.263,12.263,
2003-07-15,12.183,12.183,12.183,12.183,
2003-07-16,11.884,11.884,11.884,11.884,
2003-07-17,12.396,12.396,12.396,12.396,
2003-07-18,12.435,12.435,12.435,12.435,
2003-07-21,12.463,12.463,12.463,12.463,
2003-07-22,12.488,12.488,12.488,12.488,
2003-07-23,12.51,12.51,12.51,12.51,
2003-07-24,12.33,12.33,12.33,12.33,
2003-07-25,12.474,12.474,12.474,12.474,
2003-07-28,12.36,12.36,12.36,12.36,
2003-07-29,12.424,12.424,12.424,12.424,
2003-07-30,12.568,12.568,12.568,12.568,
2003-07-31,12.455,12.455,12.455,12.455,
2003-08-01,12.394,12.394,12.394,12.394,
2003-08-04,12.432,12.432,12.432,12.432,
2003-08-05,12.286,12.286,12.286,12.286,
2003-08-06,12.214,12.214,12.214,12.214,
2003-08-07,12.402,12.402,12.402,12.402,
2003-08-08,12.421,12.421,12.421,12.421,
2003-08-11,12.358,12.358,12.358,12.358,
2003-08-12,12.366,12.366,12.366,12.366,
2003-08-13,12.327,12.327,12.327,12.327,
2003-08-14,12.479,12.479,12.479,12.479,
2003-08-15,12.466,12.466,12.466,12.466,
2003-08-18,12.424,12.424,12.424,12.424,
2003-08-19,12.269,12.269,12.269,12.269,
2003-08-20,12.155,12.155,12.155,12.155,
2003-08-21,12.078,12.078,12.078,12.078,
2003-08-22,11.986,11.986,11.986,11.986,
2003-08-25,12.205,12.205,12.205,12.205,
2003-08-26,12.25,12.25,12.25,12.25,
2003-08-27,12.175,12.175,12.175,12.175,
2003-08-28,12.139,12.139,12.139,12.139,
2003-08-29,12.053,12.053,12.053,12.053,
2003-09-02,12.125,12.125,12.125,12.125,
2003-09-03,12.106,12.106,12.106,12.106,
2003-09-04,12.324,12.324,12.324,12.324,
2003-09-05,12.227,12.227,12.227,12.227,
2003-09-08,12.261,12.261,12.261,12.261,
2003-09-09,12.283,12.283,12.283,12.283,
2003-09-10,12.449,12.449,12.449,12.449,
2003-09-11,12.379,12.379,12.379,12.379,
2003-09-12,12.243,12.243,12.243,12.243,
2003-09-15,12.107,12.107,12.107,12.107,
2003-09-16,11.945,11.945,11.945,11.945,
2003-09-17,11.97,11.97,11.97,11.97,
2003-09-18,12.134,12.134,12.134,12.134,
2003-09-19,12.018,12.018,12.018,12.018,
2003-09-22,12.034,12.034,12.034,12.034,
2003-09-23,12.084,12.084,12.084,12.084,
2003-09-24,11.965,11.965,11.965,11.965,
2003-09-25,11.981,11.981,11.981,11.981,
2003-09-26,11.976,11.976,11.976,11.976,
2003-09-29,11.987,11.987,11.987,11.987,
2003-09-30,11.956,11.956,11.956,11.956,
2003-10-01,12.215,12.215,12.215,12.215,
2003-10-02,12.315,12.315,12.315,12.315,
2003-10-03,12.257,12.257,12.257,12.257,
2003-10-06,12.36,12.36,12.36,12.36,
2003-10-07,12.43,12.43,12.43,12.43,
2003-10-08,12.313,12.313,12.313,12.313,
2003-10-09,12.226,12.226,12.226,12.226,
2003-10-10,12.199,12.199,12.199,12.199,
2003-10-13,12.285,12.285,12.285,12.285,
2003-10-14,12.399,12.399,12.399,12.399,
2003-10-15,12.552,12.552,12.552,12.552,
2003-10-16,12.524,12.524,12.524,12.524,
2003-10-17,12.538,12.538,12.538,12.538,
2003-10-20,12.694,12.694,12.694,12.694,
2003-10-21,12.744,12.744,12.744,12.744,
2003-10-22,12.613,12.613,12.613,12.613,
2003-10-23,12.669,12.669,12.669,12.669,
2003-10-24,12.635,12.635,12.635,12.635,
2003-10-27,12.577,12.577,12.577,12.577,
2003-10-28,12.63,12.63,12.63,12.63,
2003-10-29,12.761,12.761,12.761,12.761,
2003-10-30,12.802,12.802,12.802,12.802,
2003-10-31,12.914,12.914,12.914,12.914,
2003-11-03,12.992,12.992,12.992,12.992,
2003-11-04,13.053,13.053,13.053,13.053,
2003-11-05,13.075,13.075,13.075,13.075,
2003-11-06,13.086,13.086,13.086,13.086,
2003-11-07,12.978,12.978,12.978,12.978,
2003-11-10,12.975,12.975,12.975,12.975,
2003-11-11,12.947,12.947,12.947,12.947,
2003-11-12,13.103,13.103,13.103,13.103,
2003-11-13,13.061,13.061,13.061,13.061,
2003-11-14,12.994,12.994,12.994,12.994,
2003-11-17,12.992,12.992,12.992,12.992,
2003-11-18,12.942,12.942,12.942,12.942,
2003-11-19,13.042,13.042,13.042,13.042,
2003-11-20,12.928,12.928,12.928,12.928,
2003-11-21,12.919,12.919,12.919,12.919,
2003-11-24,12.919,12.919,12.919,12.919,
2003-11-25,12.961,12.961,12.961,12.961,
2003-11-26,13.056,13.056,13.056,13.056,
2003-11-28,13.003,13.003,13.003,13.003,
2003-12-01,13.148,13.148,13.148,13.148,
2003-12-02,13.146,13.146,13.146,13.146,
2003-12-03,13.255,13.255,13.255,13.255,
2003-12-04,13.188,13.188,13.188,13.188,
2003-12-05,13.112,13.112,13.112,13.112,
2003-12-08,13.353,13.353,13.353,13.353,
2003-12-09,13.355,13.355,13.355,13.355,
2003-12-10,13.476,13.476,13.476,13.476,
2003-12-11,13.532,13.532,13.532,13.532,
2003-12-12,13.806,13.806,13.806,13.806,
2003-12-15,13.923,13.923,13.923,13.923,
2003-12-16,14.172,14.172,14.172,14.172,
2003-12-17,14.029,14.029,14.029,14.029,
2003-12-18,13.965,13.965,13.965,13.965,
2003-12-19,14.01,14.01,14.01,14.01,
2003-12-22,14.026,14.026,14.026,14.026,
2003-12-23,14.029,14.029,14.029,14.029,
2003-12-24,13.954,13.954,13.954,13.954,
2003-12-26,13.971,13.971,13.971,13.971,
2003-12-29,14.026,14.026,14.026,14.026,
2003-12-30,14.127,14.127,14.127,14.127,
2003-12-31,14.191,14.191,14.191,14.191,
2004-01-02,14.08,14.08,14.08,14.08,
2004-01-05,14.096,14.096,14.096,14.096,
2004-01-06,14.038,14.038,14.038,14.038,
2004-01-07,13.948,13.948,13.948,13.948,
2004-01-08,14.015,14.015,14.015,14.015,
2004-01-09,13.867,13.867,13.867,13.867,
2004-01-12,13.985,13.985,13.985,13.985,
2004-01-13,13.901,13.901,13.901,13.901,
2004-01-14,13.926,13.926,13.926,13.926,
2004-01-15,13.906,13.906,13.906,13.906,
2004-01-16,13.948,13.948,13.948,13.948,
2004-01-20,13.962,13.962,13.962,13.962,
2004-01-21,13.92,13.92,13.92,13.92,
2004-01-22,13.794,13.794,13.794,13.794,
2004-01-23,13.993,13.993,13.993,13.993,
2004-01-26,14.035,14.035,14.035,14.035,
2004-01-27,13.979,13.979,13.979,13.979,
2004-01-28,13.811,13.811,13.811,13.811,
2004-01-29,13.867,13.867,13.867,13.867,
2004-01-30,13.769,13.769,13.769,13.769,
2004-02-02,13.873,13.873,13.873,13.873,
2004-02-03,13.934,13.934,13.934,13.934,
2004-02-04,13.912,13.912,13.912,13.912,
2004-02-05,14.088,14.088,14.088,14.088,
2004-02-06,14.259,14.259,14.259,14.259,
2004-02-09,14.653,14.653,14.653,14.653,
2004-02-10,14.589,14.589,14.589,14.589,
2004-02-11,14.485,14.485,14.485,14.485,
2004-02-12,14.412,14.412,14.412,14.412,
2004-02-13,14.301,14.301,14.301,14.301,
2004-02-17,14.301,14.301,14.301,14.301,
2004-02-18,14.329,14.329,14.329,14.329,
2004-02-19,14.261,14.261,14.261,14.261,
2004-02-20,14.245,14.245,14.245,14.245,
2004-02-23,14.077,14.077,14.077,14.077,
2004-02-24,13.92,13.92,13.92,13.92,
2004-02-25,13.884,13.884,13.884,13.884,
2004-02-26,13.934,13.934,13.934,13.934,
2004-02-27,13.971,13.971,13.971,13.971,
2004-03-01,13.875,13.875,13.875,13.875,
2004-03-02,13.78,13.78,13.78,13.78,
2004-03-03,13.741,13.741,13.741,13.741,
2004-03-04,13.655,13.655,13.655,13.655,
2004-03-05,14.01,14.01,14.01,14.01,
2004-03-08,13.943,13.943,13.943,13.943,
2004-03-09,14.032,14.032,14.032,14.032,
2004-03-10,13.954,13.954,13.954,13.954,
2004-03-11,13.541,13.541,13.541,13.541,
2004-03-12,13.617,13.617,13.617,13.617,
2004-03-15,13.409,13.409,13.409,13.409,
2004-03-16,13.535,13.535,13.535,13.535,
2004-03-17,13.737,13.737,13.737,13.737,
2004-03-18,13.782,13.782,13.782,13.782,
2004-03-19,13.709,13.709,13.709,13.709,
2004-03-22,13.56,13.56,13.56,13.56,
2004-03-23,13.527,13.527,13.527,13.527,
2004-03-24,13.628,13.628,13.628,13.628,
2004-03-25,13.704,13.704,13.704,13.704,
2004-03-26,13.709,13.709,13.709,13.709,
2004-03-29,13.884,13.884,13.884,13.884,
2004-03-30,14.117,14.117,14.117,14.117,
2004-03-31,14.136,14.136,14.136,14.136,
2004-04-01,14.215,14.215,14.215,14.215,
2004-04-02,14.314,14.314,14.314,14.314,
2004-04-05,14.215,14.215,14.215,14.215,
2004-04-06,14.297,14.297,14.297,14.297,
2004-04-07,14.356,14.356,14.356,14.356,
2004-04-08,14.401,14.401,14.401,14.401,
2004-04-12,14.291,14.291,14.291,14.291,
2004-04-13,14.302,14.302,14.302,14.302,
2004-04-14,14.387,14.387,14.387,14.387,
2004-04-15,14.389,14.389,14.389,14.389,
2004-04-16,14.595,14.595,14.595,14.595,
2004-04-19,14.895,14.895,14.895,14.895,
2004-04-20,14.693,14.693,14.693,14.693,
2004-04-21,14.651,14.651,14.651,14.651,
2004-04-22,14.462,14.462,14.462,14.462,
2004-04-23,14.347,14.347,14.347,14.347,
2004-04-26,14.246,14.246,14.246,14.246,
2004-04-27,14.252,14.252,14.252,14.252,
2004-04-28,14.111,14.111,14.111,14.111,
2004-04-29,14.181,14.181,14.181,14.181,
2004-04-30,14.212,14.212,14.212,14.212,
2004-05-03,14.226,14.226,14.226,14.226,
2004-05-04,14.128,14.128,14.128,14.128,
2004-05-05,14.358,14.358,14.358,14.358,
2004-05-06,14.353,14.353,14.353,14.353,
2004-05-07,14.26,14.26,14.26,14.26,
2004-05-10,14.032,14.032,14.032,14.032,
2004-05-11,14.066,14.066,14.066,14.066,
2004-05-12,14.03,14.03,14.03,14.03,
2004-05-13,13.943,13.943,13.943,13.943,
2004-05-14,14.052,14.052,14.052,14.052,
2004-05-17,13.999,13.999,13.999,13.999,
2004-05-18,14.08,14.08,14.08,14.08,
2004-05-19,13.872,13.872,13.872,13.872,
2004-05-20,13.948,13.948,13.948,13.948,
2004-05-21,13.878,13.878,13.878,13.878,
2004-05-24,14.004,14.004,14.004,14.004,
2004-05-25,14.162,14.162,14.162,14.162,
2004-05-26,14.114,14.114,14.114,14.114,
2004-05-27,14.423,14.423,14.423,14.423,
2004-05-28,14.432,14.432,14.432,14.432,
2004-06-01,14.353,14.353,14.353,14.353,
2004-06-02,14.597,14.597,14.597,14.597,
2004-06-03,14.55,14.55,14.55,14.55,
2004-06-04,14.69,14.69,14.69,14.69,
2004-06-07,14.814,14.814,14.814,14.814,
2004-06-08,14.786,14.786,14.786,14.786,
2004-06-09,14.547,14.547,14.547,14.547,
2004-06-10,14.51,14.51,14.51,14.51,
2004-06-14,14.51,14.51,14.51,14.51,
2004-06-15,14.468,14.468,14.468,14.468,
2004-06-16,14.457,14.457,14.457,14.457,
2004-06-17,14.428,14.428,14.428,14.428,
2004-06-18,14.513,14.513,14.513,14.513,
2004-06-21,14.451,14.451,14.451,14.451,
2004-06-22,14.409,14.409,14.409,14.409,
2004-06-23,14.488,14.488,14.488,14.488,
2004-06-24,14.414,14.414,14.414,14.414,
2004-06-25,14.149,14.149,14.149,14.149,
2004-06-28,14.231,14.231,14.231,14.231,
2004-06-29,14.273,14.273,14.273,14.273,
2004-06-30,14.256,14.256,14.256,14.256,
2004-07-01,14.222,14.222,14.222,14.222,
2004-07-02,14.27,14.27,14.27,14.27,
2004-07-06,14.307,14.307,14.307,14.307,
2004-07-07,14.239,14.239,14.239,14.239,
2004-07-08,14.279,14.279,14.279,14.279,
2004-07-09,14.409,14.409,14.409,14.409,
2004-07-12,14.355,14.355,14.355,14.355,
2004-07-13,14.307,14.307,14.307,14.307,
2004-07-14,14.448,14.448,14.448,14.448,
2004-07-15,14.358,14.358,14.358,14.358,
2004-07-16,14.284,14.284,14.284,14.284,
2004-07-19,14.217,14.217,14.217,14.217,
2004-07-20,14.143,14.143,14.143,14.143,
2004-07-21,13.895,13.895,13.895,13.895,
2004-07-22,13.83,13.83,13.83,13.83,
2004-07-23,12.756,12.756,12.756,12.756,
2004-07-26,12.511,12.511,12.511,12.511,
2004-07-27,12.355,12.355,12.355,12.355,
2004-07-28,12.336,12.336,12.336,12.336,
2004-07-29,12.161,12.161,12.161,12.161,
2004-07-30,12.387,12.387,12.387,12.387,
2004-08-02,12.485,12.485,12.485,12.485,
2004-08-03,12.457,12.457,12.457,12.457,
2004-08-04,12.483,12.483,12.483,12.483,
2004-08-05,12.384,12.384,12.384,12.384,
2004-08-06,12.285,12.285,12.285,12.285,
2004-08-09,12.206,12.206,12.206,12.206,
2004-08-10,12.274,12.274,12.274,12.274,
2004-08-11,12.553,12.553,12.553,12.553,
2004-08-12,12.381,12.381,12.381,12.381,
2004-08-13,12.531,12.531,12.531,12.531,
2004-08-16,12.573,12.573,12.573,12.573,
2004-08-17,12.519,12.519,12.519,12.519,
2004-08-18,12.587,12.587,12.587,12.587,
2004-08-19,12.432,12.432,12.432,12.432,
2004-08-20,12.485,12.485,12.485,12.485,
2004-08-23,12.522,12.522,12.522,12.522,
2004-08-24,12.432,12.432,12.432,12.432,
2004-08-25,12.522,12.522,12.522,12.522,
2004-08-26,12.556,12.556,12.556,12.556,
2004-08-27,12.629,12.629,12.629,12.629,
2004-08-30,12.525,12.525,12.525,12.525,
2004-08-31,12.627,12.627,12.627,12.627,
2004-09-01,12.607,12.607,12.607,12.607,
2004-09-02,12.819,12.819,12.819,12.819,
2004-09-03,12.847,12.847,12.847,12.847,
2004-09-07,12.892,12.892,12.892,12.892,
2004-09-08,12.271,12.271,12.271,12.271,
2004-09-09,12.288,12.288,12.288,12.288,
2004-09-10,12.132,12.132,12.132,12.132,
2004-09-13,12.158,12.158,12.158,12.158,
2004-09-14,12.178,12.178,12.178,12.178,
2004-09-15,11.692,11.692,11.692,11.692,
2004-09-16,11.374,11.374,11.374,11.374,
2004-09-17,11.448,11.448,11.448,11.448,
2004-09-20,11.488,11.488,11.488,11.488,
2004-09-21,11.57,11.57,11.57,11.57,
2004-09-22,11.482,11.482,11.482,11.482,
2004-09-23,11.368,11.368,11.368,11.368,
2004-09-24,11.36,11.36,11.36,11.36,
2004-09-27,11.257,11.257,11.257,11.257,
2004-09-28,11.36,11.36,11.36,11.36,
2004-09-29,11.365,11.365,11.365,11.365,
2004-09-30,11.377,11.377,11.377,11.377,
2004-10-01,11.451,11.451,11.451,11.451,
2004-10-04,11.576,11.576,11.576,11.576,
2004-10-05,11.544,11.544,11.544,11.544,
2004-10-06,11.618,11.618,11.618,11.618,
2004-10-07,11.397,11.397,11.397,11.397,
2004-10-08,11.363,11.363,11.363,11.363,
2004-10-11,11.365,11.365,11.365,11.365,
2004-10-12,11.3,11.3,11.3,11.3,
2004-10-13,11.189,11.189,11.189,11.189,
2004-10-14,11.121,11.121,11.121,11.121,
2004-10-15,11.135,11.135,11.135,11.135,
2004-10-18,11.147,11.147,11.147,11.147,
2004-10-19,11.186,11.186,11.186,11.186,
2004-10-20,11.206,11.206,11.206,11.206,
2004-10-21,11.215,11.215,11.215,11.215,
2004-10-22,11.05,11.05,11.05,11.05,
2004-10-25,10.979,10.979,10.979,10.979,
2004-10-26,11.164,11.164,11.164,11.164,
2004-10-27,11.485,11.485,11.485,11.485,
2004-10-28,11.502,11.502,11.502,11.502,
2004-10-29,11.55,11.55,11.55,11.55,
2004-11-01,11.513,11.513,11.513,11.513,
2004-11-02,11.547,11.547,11.547,11.547,
2004-11-03,11.604,11.604,11.604,11.604,
2004-11-04,11.749,11.749,11.749,11.749,
2004-11-05,11.76,11.76,11.76,11.76,
2004-11-08,11.726,11.726,11.726,11.726,
2004-11-09,11.715,11.715,11.715,11.715,
2004-11-10,11.695,11.695,11.695,11.695,
2004-11-11,11.635,11.635,11.635,11.635,
2004-11-12,11.587,11.587,11.587,11.587,
2004-11-15,11.527,11.527,11.527,11.527,
2004-11-16,11.434,11.434,11.434,11.434,
2004-11-17,11.442,11.442,11.442,11.442,
2004-11-18,11.442,11.442,11.442,11.442,
2004-11-19,11.286,11.286,11.286,11.286,
2004-11-22,11.326,11.326,11.326,11.326,
2004-11-23,11.28,11.28,11.28,11.28,
2004-11-24,11.306,11.306,11.306,11.306,
2004-11-26,11.323,11.323,11.323,11.323,
2004-11-29,11.351,11.351,11.351,11.351,
2004-11-30,11.237,11.237,11.237,11.237,
2004-12-01,11.369,11.369,11.369,11.369,
2004-12-02,11.554,11.554,11.554,11.554,
2004-12-03,11.637,11.637,11.637,11.637,
2004-12-06,11.546,11.546,11.546,11.546,
2004-12-07,11.48,11.48,11.48,11.48,
2004-12-08,11.546,11.546,11.546,11.546,
2004-12-09,11.666,11.666,11.666,11.666,
2004-12-10,11.586,11.586,11.586,11.586,
2004-12-13,11.68,11.68,11.68,11.68,
2004-12-14,11.806,11.806,11.806,11.806,
2004-12-15,11.854,11.854,11.854,11.854,
2004-12-16,11.757,11.757,11.757,11.757,
2004-12-17,11.706,11.706,11.706,11.706,
2004-12-20,11.706,11.706,11.706,11.706,
2004-12-21,11.72,11.72,11.72,11.72,
2004-12-22,11.886,11.886,11.886,11.886,
2004-12-23,11.866,11.866,11.866,11.866,
2004-12-27,11.906,11.906,11.906,11.906,
2004-12-28,11.963,11.963,11.963,11.963,
2004-12-29,11.88,11.88,11.88,11.88,
2004-12-30,11.906,11.906,11.906,11.906,
2004-12-31,11.903,11.903,11.903,11.903,
2005-01-03,11.874,11.874,11.874,11.874,
2005-01-04,11.709,11.709,11.709,11.709,
2005-01-05,11.654,11.654,11.654,11.654,
2005-01-06,11.752,11.752,11.752,11.752,
2005-01-07,11.766,11.766,11.766,11.766,
2005-01-10,11.832,11.832,11.832,11.832,
2005-01-11,11.766,11.766,11.766,11.766,
2005-01-12,11.766,11.766,11.766,11.766,
2005-01-13,11.646,11.646,11.646,11.646,
2005-01-14,11.712,11.712,11.712,11.712,
2005-01-18,11.792,11.792,11.792,11.792,
2005-01-19,11.749,11.749,11.749,11.749,
2005-01-20,11.814,11.814,11.814,11.814,
2005-01-21,11.694,11.694,11.694,11.694,
2005-01-24,11.709,11.709,11.709,11.709,
2005-01-25,11.789,11.789,11.789,11.789,
2005-01-26,11.915,11.915,11.915,11.915,
2005-01-27,11.937,11.937,11.937,11.937,
2005-01-28,11.86,11.86,11.86,11.86,
2005-01-31,11.86,11.86,11.86,11.86,
2005-02-01,11.84,11.84,11.84,11.84,
2005-02-02,11.983,11.983,11.983,11.983,
2005-02-03,11.932,11.932,11.932,11.932,
2005-02-04,12.14,12.14,12.14,12.14,
2005-02-07,12.146,12.146,12.146,12.146,
2005-02-08,12.192,12.192,12.192,12.192,
2005-02-09,12.223,12.223,12.223,12.223,
2005-02-10,12.149,12.149,12.149,12.149,
2005-02-11,12.223,12.223,12.223,12.223,
2005-02-14,12.252,12.252,12.252,12.252,
2005-02-15,12.192,12.192,12.192,12.192,
2005-02-16,12.378,12.378,12.378,12.378,
2005-02-17,12.292,12.292,12.292,12.292,
2005-02-18,12.28,12.28,12.28,12.28,
2005-02-22,12.232,12.232,12.232,12.232,
2005-02-23,12.172,12.172,12.172,12.172,
2005-02-24,12.195,12.195,12.195,12.195,
2005-02-25,12.298,12.298,12.298,12.298,
2005-02-28,12.235,12.235,12.235,12.235,
2005-03-01,12.369,12.369,12.369,12.369,
2005-03-02,12.303,12.303,12.303,12.303,
2005-03-03,12.343,12.343,12.343,12.343,
2005-03-04,12.475,12.475,12.475,12.475,
2005-03-07,12.498,12.498,12.498,12.498,
2005-03-08,12.412,12.412,12.412,12.412,
2005-03-09,12.352,12.352,12.352,12.352,
2005-03-10,12.312,12.312,12.312,12.312,
2005-03-11,12.223,12.223,12.223,12.223,
2005-03-14,12.182,12.182,12.182,12.182,
2005-03-15,12.154,12.154,12.154,12.154,
2005-03-16,12.067,12.067,12.067,12.067,
2005-03-17,12.085,12.085,12.085,12.085,
2005-03-18,11.929,11.929,11.929,11.929,
2005-03-21,11.969,11.969,11.969,11.969,
2005-03-22,11.912,11.912,11.912,11.912,
2005-03-23,11.849,11.849,11.849,11.849,
2005-03-24,11.854,11.854,11.854,11.854,
2005-03-28,11.831,11.831,11.831,11.831,
2005-03-29,11.909,11.909,11.909,11.909,
2005-03-30,12.07,12.07,12.07,12.07,
2005-03-31,11.99,11.99,11.99,11.99,
2005-04-01,11.906,11.906,11.906,11.906,
2005-04-04,11.932,11.932,11.932,11.932,
2005-04-05,12.044,12.044,12.044,12.044,
2005-04-06,12.001,12.001,12.001,12.001,
2005-04-07,12.119,12.119,12.119,12.119,
2005-04-08,12.113,12.113,12.113,12.113,
2005-04-11,12.047,12.047,12.047,12.047,
2005-04-12,12.179,12.179,12.179,12.179,
2005-04-13,12.113,12.113,12.113,12.113,
2005-04-14,12.105,12.105,12.105,12.105,
2005-04-15,11.88,11.88,11.88,11.88,
2005-04-18,11.788,11.788,11.788,11.788,
2005-04-19,12.2,12.2,12.2,12.2,
2005-04-20,12.05,12.05,12.05,12.05,
2005-04-21,12.079,12.079,12.079,12.079,
2005-04-22,12.122,12.122,12.122,12.122,
2005-04-25,12.28,12.28,12.28,12.28,
2005-04-26,12.361,12.361,12.361,12.361,
2005-04-27,12.32,12.32,12.32,12.32,
2005-04-28,12.283,12.283,12.283,12.283,
2005-04-29,12.499,12.499,12.499,12.499,
2005-05-02,12.536,12.536,12.536,12.536,
2005-05-03,12.591,12.591,12.591,12.591,
2005-05-04,12.64,12.64,12.64,12.64,
2005-05-05,12.703,12.703,12.703,12.703,
2005-05-06,12.715,12.715,12.715,12.715,
2005-05-09,12.824,12.824,12.824,12.824,
2005-05-10,12.726,12.726,12.726,12.726,
2005-05-11,12.738,12.738,12.738,12.738,
2005-05-12,12.709,12.709,12.709,12.709,
2005-05-13,12.692,12.692,12.692,12.692,
2005-05-16,12.735,12.735,12.735,12.735,
2005-05-17,12.775,12.775,12.775,12.775,
2005-05-18,12.925,12.925,12.925,12.925,
2005-05-19,13.02,13.02,13.02,13.02,
2005-05-20,12.962,12.962,12.962,12.962,
2005-05-23,12.939,12.939,12.939,12.939,
2005-05-24,12.953,12.953,12.953,12.953,
2005-05-25,12.919,12.919,12.919,12.919,
2005-05-26,12.916,12.916,12.916,12.916,
2005-05-27,12.928,12.928,12.928,12.928,
2005-05-31,12.841,12.841,12.841,12.841,
2005-06-01,12.83,12.83,12.83,12.83,
2005-06-02,12.884,12.884,12.884,12.884,
2005-06-03,12.726,12.726,12.726,12.726,
2005-06-06,12.651,12.651,12.651,12.651,
2005-06-07,12.692,12.692,12.692,12.692,
2005-06-08,12.631,12.631,12.631,12.631,
2005-06-09,12.559,12.559,12.559,12.559,
2005-06-10,12.646,12.646,12.646,12.646,
2005-06-13,12.622,12.622,12.622,12.622,
2005-06-14,12.663,12.663,12.663,12.663,
2005-06-15,12.637,12.637,12.637,12.637,
2005-06-16,12.677,12.677,12.677,12.677,
2005-06-17,12.756,12.756,12.756,12.756,
2005-06-20,12.715,12.715,12.715,12.715,
2005-06-21,12.648,12.648,12.648,12.648,
2005-06-22,12.576,12.576,12.576,12.576,
2005-06-23,12.472,12.472,12.472,12.472,
2005-06-24,12.22,12.22,12.22,12.22,
2005-06-27,12.258,12.258,12.258,12.258,
2005-06-28,12.414,12.414,12.414,12.414,
2005-06-29,12.365,12.365,12.365,12.365,
2005-06-30,12.09,12.09,12.09,12.09,
2005-07-01,12.223,12.223,12.223,12.223,
2005-07-05,12.278,12.278,12.278,12.278,
2005-07-06,12.148,12.148,12.148,12.148,
2005-07-07,12.093,12.093,12.093,12.093,
2005-07-08,12.373,12.373,12.373,12.373,
2005-07-11,12.385,12.385,12.385,12.385,
2005-07-12,12.399,12.399,12.399,12.399,
2005-07-13,12.431,12.431,12.431,12.431,
2005-07-14,12.504,12.504,12.504,12.504,
2005-07-15,12.475,12.475,12.475,12.475,
2005-07-18,12.431,12.431,12.431,12.431,
2005-07-19,12.547,12.547,12.547,12.547,
2005-07-20,12.547,12.547,12.547,12.547,
2005-07-21,12.727,12.727,12.727,12.727,
2005-07-22,12.75,12.75,12.75,12.75,
2005-07-25,12.64,12.64,12.64,12.64,
2005-07-26,12.651,12.651,12.651,12.651,
2005-07-27,12.744,12.744,12.744,12.744,
2005-07-28,12.854,12.854,12.854,12.854,
2005-07-29,12.672,12.672,12.672,12.672,
2005-08-01,12.704,12.704,12.704,12.704,
2005-08-02,12.822,12.822,12.822,12.822,
2005-08-03,12.935,12.935,12.935,12.935,
2005-08-04,12.845,12.845,12.845,12.845,
2005-08-05,12.759,12.759,12.759,12.759,
2005-08-08,12.646,12.646,12.646,12.646,
2005-08-09,12.77,12.77,12.77,12.77,
2005-08-10,12.712,12.712,12.712,12.712,
2005-08-11,12.773,12.773,12.773,12.773,
2005-08-12,12.62,12.62,12.62,12.62,
2005-08-15,12.608,12.608,12.608,12.608,
2005-08-16,12.538,12.538,12.538,12.538,
2005-08-17,12.541,12.541,12.541,12.541,
2005-08-18,12.605,12.605,12.605,12.605,
2005-08-19,12.854,12.854,12.854,12.854,
2005-08-22,12.819,12.819,12.819,12.819,
2005-08-23,12.796,12.796,12.796,12.796,
2005-08-24,12.692,12.692,12.692,12.692,
2005-08-25,12.686,12.686,12.686,12.686,
2005-08-26,12.617,12.617,12.617,12.617,
2005-08-29,12.741,12.741,12.741,12.741,
2005-08-30,12.565,12.565,12.565,12.565,
2005-08-31,12.741,12.741,12.741,12.741,
2005-09-01,12.706,12.706,12.706,12.706,
2005-09-02,12.712,12.712,12.712,12.712,
2005-09-06,12.892,12.892,12.892,12.892,
2005-09-07,12.929,12.929,12.929,12.929,
2005-09-08,12.822,12.822,12.822,12.822,
2005-09-09,12.756,12.756,12.756,12.756,
2005-09-12,12.814,12.814,12.814,12.814,
2005-09-13,12.723,12.723,12.723,12.723,
2005-09-14,12.682,12.682,12.682,12.682,
2005-09-15,12.714,12.714,12.714,12.714,
2005-09-16,12.647,12.647,12.647,12.647,
2005-09-19,12.636,12.636,12.636,12.636,
2005-09-20,12.502,12.502,12.502,12.502,
2005-09-21,12.312,12.312,12.312,12.312,
2005-09-22,12.304,12.304,12.304,12.304,
2005-09-23,12.341,12.341,12.341,12.341,
2005-09-26,12.347,12.347,12.347,12.347,
2005-09-27,12.336,12.336,12.336,12.336,
2005-09-28,12.493,12.493,12.493,12.493,
2005-09-29,12.56,12.56,12.56,12.56,
2005-09-30,12.586,12.586,12.586,12.586,
2005-10-03,12.592,12.592,12.592,12.592,
2005-10-04,12.543,12.543,12.543,12.543,
2005-10-05,12.42,12.42,12.42,12.42,
2005-10-06,12.446,12.446,12.446,12.446,
2005-10-07,12.298,12.298,12.298,12.298,
2005-10-10,12.234,12.234,12.234,12.234,
2005-10-11,12.14,12.14,12.14,12.14,
2005-10-12,12.158,12.158,12.158,12.158,
2005-10-13,12.158,12.158,12.158,12.158,
2005-10-14,12.26,12.26,12.26,12.26,
2005-10-17,12.266,12.266,12.266,12.266,
2005-10-18,12.167,12.167,12.167,12.167,
2005-10-19,12.181,12.181,12.181,12.181,
2005-10-20,12.269,12.269,12.269,12.269,
2005-10-21,12.219,12.219,12.219,12.219,
2005-10-24,12.356,12.356,12.356,12.356,
2005-10-25,12.374,12.374,12.374,12.374,
2005-10-26,12.339,12.339,12.339,12.339,
2005-10-27,12.283,12.283,12.283,12.283,
2005-10-28,12.481,12.481,12.481,12.481,
2005-10-31,12.467,12.467,12.467,12.467,
2005-11-01,12.429,12.429,12.429,12.429,
2005-11-02,12.4,12.4,12.4,12.4,
2005-11-03,12.408,12.408,12.408,12.408,
2005-11-04,12.327,12.327,12.327,12.327,
2005-11-07,12.359,12.359,12.359,12.359,
2005-11-08,12.28,12.28,12.28,12.28,
2005-11-09,12.292,12.292,12.292,12.292,
2005-11-10,12.391,12.391,12.391,12.391,
2005-11-11,12.461,12.461,12.461,12.461,
2005-11-14,12.408,12.408,12.408,12.408,
2005-11-15,12.374,12.374,12.374,12.374,
2005-11-16,12.28,12.28,12.28,12.28,
2005-11-17,12.202,12.202,12.202,12.202,
2005-11-18,12.298,12.298,12.298,12.298,
2005-11-21,12.283,12.283,12.283,12.283,
2005-11-22,12.339,12.339,12.339,12.339,
2005-11-23,12.429,12.429,12.429,12.429,
2005-11-25,12.473,12.473,12.473,12.473,
2005-11-28,12.467,12.467,12.467,12.467,
2005-11-29,12.628,12.628,12.628,12.628,
2005-11-30,12.523,12.523,12.523,12.523,
2005-12-01,12.567,12.567,12.567,12.567,
2005-12-02,12.561,12.561,12.561,12.561,
2005-12-05,12.511,12.511,12.511,12.511,
2005-12-06,12.479,12.479,12.479,12.479,
2005-12-07,12.379,12.379,12.379,12.379,
2005-12-08,12.285,12.285,12.285,12.285,
2005-12-09,12.176,12.176,12.176,12.176,
2005-12-12,12.071,12.071,12.071,12.071,
2005-12-13,12.015,12.015,12.015,12.015,
2005-12-14,12.053,12.053,12.053,12.053,
2005-12-15,12.074,12.074,12.074,12.074,
2005-12-16,12.088,12.088,12.088,12.088,
2005-12-19,12.15,12.15,12.15,12.15,
2005-12-20,12.091,12.091,12.091,12.091,
2005-12-21,12.088,12.088,12.088,12.088,
2005-12-22,12.109,12.109,12.109,12.109,
2005-12-23,12.071,12.071,12.071,12.071,
2005-12-27,12.018,12.018,12.018,12.018,
2005-12-28,11.962,11.962,11.962,11.962,
2005-12-29,11.909,11.909,11.909,11.909,
2005-12-30,11.824,11.824,11.824,11.824,
2006-01-03,11.997,11.997,11.997,11.997,
2006-01-04,11.974,11.974,11.974,11.974,
2006-01-05,12.033,12.033,12.033,12.033,
2006-01-06,12.147,12.147,12.147,12.147,
2006-01-09,12.206,12.206,12.206,12.206,
2006-01-10,12.217,12.217,12.217,12.217,
2006-01-11,12.223,12.223,12.223,12.223,
2006-01-12,12.156,12.156,12.156,12.156,
2006-01-13,12.118,12.118,12.118,12.118,
2006-01-17,12.036,12.036,12.036,12.036,
2006-01-18,11.974,11.974,11.974,11.974,
2006-01-19,12.006,12.006,12.006,12.006,
2006-01-20,11.76,11.76,11.76,11.76,
2006-01-23,11.88,11.88,11.88,11.88,
2006-01-24,11.997,11.997,11.997,11.997,
2006-01-25,12.068,12.068,12.068,12.068,
2006-01-26,12.168,12.168,12.168,12.168,
2006-01-27,12.311,12.311,12.311,12.311,
2006-01-30,12.247,12.247,12.247,12.247,
2006-01-31,12.138,12.138,12.138,12.138,
2006-02-01,12.173,12.173,12.173,12.173,
2006-02-02,12.094,12.094,12.094,12.094,
2006-02-03,11.992,11.992,11.992,11.992,
2006-02-06,12.009,12.009,12.009,12.009,
2006-02-07,12.036,12.036,12.036,12.036,
2006-02-08,12.094,12.094,12.094,12.094,
2006-02-09,12.027,12.027,12.027,12.027,
2006-02-10,12.074,12.074,12.074,12.074,
2006-02-13,11.951,11.951,11.951,11.951,
2006-02-14,12.126,12.126,12.126,12.126,
2006-02-15,12.126,12.126,12.126,12.126,
2006-02-16,12.2,12.2,12.2,12.2,
2006-02-17,12.259,12.259,12.259,12.259,
2006-02-21,12.276,12.276,12.276,12.276,
2006-02-22,12.344,12.344,12.344,12.344,
2006-02-23,12.329,12.329,12.329,12.329,
2006-02-24,12.388,12.388,12.388,12.388,
2006-02-27,12.476,12.476,12.476,12.476,
2006-02-28,12.311,12.311,12.311,12.311,
2006-03-01,12.411,12.411,12.411,12.411,
2006-03-02,12.294,12.294,12.294,12.294,
2006-03-03,12.261,12.261,12.261,12.261,
2006-03-06,12.305,12.305,12.305,12.305,
2006-03-07,12.261,12.261,12.261,12.261,
2006-03-08,12.388,12.388,12.388,12.388,
2006-03-09,12.437,12.437,12.437,12.437,
2006-03-10,12.546,12.546,12.546,12.546,
2006-03-13,12.555,12.555,12.555,12.555,
2006-03-14,12.643,12.643,12.643,12.643,
2006-03-15,12.626,12.626,12.626,12.626,
2006-03-16,12.614,12.614,12.614,12.614,
2006-03-17,12.643,12.643,12.643,12.643,
2006-03-20,12.673,12.673,12.673,12.673,
2006-03-21,12.632,12.632,12.632,12.632,
2006-03-22,12.638,12.638,12.638,12.638,
2006-03-23,12.531,12.531,12.531,12.531,
2006-03-24,12.605,12.605,12.605,12.605,
2006-03-27,12.525,12.525,12.525,12.525,
2006-03-28,12.457,12.457,12.457,12.457,
2006-03-29,12.457,12.457,12.457,12.457,
2006-03-30,12.446,12.446,12.446,12.446,
2006-03-31,12.372,12.372,12.372,12.372,
2006-04-03,12.372,12.372,12.372,12.372,
2006-04-04,12.434,12.434,12.434,12.434,
2006-04-05,12.395,12.395,12.395,12.395,
2006-04-06,12.318,12.318,12.318,12.318,
2006-04-07,12.218,12.218,12.218,12.218,
2006-04-10,12.256,12.256,12.256,12.256,
2006-04-11,12.2,12.2,12.2,12.2,
2006-04-12,12.159,12.159,12.159,12.159,
2006-04-13,12.191,12.191,12.191,12.191,
2006-04-17,12.126,12.126,12.126,12.126,
2006-04-18,12.203,12.203,12.203,12.203,
2006-04-19,12.318,12.318,12.318,12.318,
2006-04-20,12.354,12.354,12.354,12.354,
2006-04-21,12.366,12.366,12.366,12.366,
2006-04-24,12.28,12.28,12.28,12.28,
2006-04-25,12.218,12.218,12.218,12.218,
2006-04-26,12.327,12.327,12.327,12.327,
2006-04-27,12.425,12.425,12.425,12.425,
2006-04-28,12.398,12.398,12.398,12.398,
2006-05-01,12.401,12.401,12.401,12.401,
2006-05-02,12.481,12.481,12.481,12.481,
2006-05-03,12.386,12.386,12.386,12.386,
2006-05-04,12.434,12.434,12.434,12.434,
2006-05-05,12.62,12.62,12.62,12.62,
2006-05-08,12.815,12.815,12.815,12.815,
2006-05-09,12.904,12.904,12.904,12.904,
2006-05-10,12.877,12.877,12.877,12.877,
2006-05-11,12.818,12.818,12.818,12.818,
2006-05-12,12.759,12.759,12.759,12.759,
2006-05-15,12.983,12.983,12.983,12.983,
2006-05-16,12.954,12.954,12.954,12.954,
2006-05-17,12.868,12.868,12.868,12.868,
2006-05-18,12.868,12.868,12.868,12.868,
2006-05-19,12.898,12.898,12.898,12.898,
2006-05-22,12.883,12.883,12.883,12.883,
2006-05-23,12.877,12.877,12.877,12.877,
2006-05-24,13.01,13.01,13.01,13.01,
2006-05-25,13.11,13.11,13.11,13.11,
2006-05-26,13.146,13.146,13.146,13.146,
2006-05-30,12.904,12.904,12.904,12.904,
2006-05-31,13.01,13.01,13.01,13.01,
2006-06-01,12.977,12.977,12.977,12.977,
2006-06-02,12.969,12.969,12.969,12.969,
2006-06-05,12.833,12.833,12.833,12.833,
2006-06-06,12.853,12.853,12.853,12.853,
2006-06-07,12.818,12.818,12.818,12.818,
2006-06-08,12.821,12.821,12.821,12.821,
2006-06-09,12.868,12.868,12.868,12.868,
2006-06-12,12.797,12.797,12.797,12.797,
2006-06-13,12.77,12.77,12.77,12.77,
2006-06-14,12.741,12.741,12.741,12.741,
2006-06-15,12.809,12.809,12.809,12.809,
2006-06-16,12.86,12.86,12.86,12.86,
2006-06-19,12.776,12.776,12.776,12.776,
2006-06-20,12.738,12.738,12.738,12.738,
2006-06-21,12.8,12.8,12.8,12.8,
2006-06-22,12.758,12.758,12.758,12.758,
2006-06-23,12.723,12.723,12.723,12.723,
2006-06-26,12.747,12.747,12.747,12.747,
2006-06-27,12.651,12.651,12.651,12.651,
2006-06-28,12.625,12.625,12.625,12.625,
2006-06-29,12.815,12.815,12.815,12.815,
2006-06-30,12.803,12.803,12.803,12.803,
2006-07-03,12.907,12.907,12.907,12.907,
2006-07-05,12.803,12.803,12.803,12.803,
2006-07-06,12.895,12.895,12.895,12.895,
2006-07-07,12.851,12.851,12.851,12.851,
2006-07-10,12.985,12.985,12.985,12.985,
2006-07-11,13.038,13.038,13.038,13.038,
2006-07-12,12.967,12.967,12.967,12.967,
2006-07-13,12.827,12.827,12.827,12.827,
2006-07-14,12.693,12.693,12.693,12.693,
2006-07-17,12.708,12.708,12.708,12.708,
2006-07-18,12.961,12.961,12.961,12.961,
2006-07-19,13.041,13.041,13.041,13.041,
2006-07-20,13.047,13.047,13.047,13.047,
2006-07-21,13.065,13.065,13.065,13.065,
2006-07-24,13.095,13.095,13.095,13.095,
2006-07-25,13.169,13.169,13.169,13.169,
2006-07-26,13.229,13.229,13.229,13.229,
2006-07-27,13.187,13.187,13.187,13.187,
2006-07-28,13.249,13.249,13.249,13.249,
2006-07-31,13.244,13.244,13.244,13.244,
2006-08-01,13.187,13.187,13.187,13.187,
2006-08-02,13.187,13.187,13.187,13.187,
2006-08-03,13.101,13.101,13.101,13.101,
2006-08-04,13.05,13.05,13.05,13.05,
2006-08-07,12.979,12.979,12.979,12.979,
2006-08-08,13.038,13.038,13.038,13.038,
2006-08-09,13.02,13.02,13.02,13.02,
2006-08-10,13.065,13.065,13.065,13.065,
2006-08-11,13.023,13.023,13.023,13.023,
2006-08-14,13.092,13.092,13.092,13.092,
2006-08-15,13.19,13.19,13.19,13.19,
2006-08-16,13.193,13.193,13.193,13.193,
2006-08-17,13.148,13.148,13.148,13.148,
2006-08-18,13.187,13.187,13.187,13.187,
2006-08-21,13.151,13.151,13.151,13.151,
2006-08-22,13.217,13.217,13.217,13.217,
2006-08-23,13.19,13.19,13.19,13.19,
2006-08-24,13.247,13.247,13.247,13.247,
2006-08-25,13.249,13.249,13.249,13.249,
2006-08-28,13.306,13.306,13.306,13.306,
2006-08-29,13.434,13.434,13.434,13.434,
2006-08-30,13.38,13.38,13.38,13.38,
2006-08-31,13.336,13.336,13.336,13.336,
2006-09-01,13.413,13.413,13.413,13.413,
2006-09-05,13.386,13.386,13.386,13.386,
2006-09-06,13.303,13.303,13.303,13.303,
2006-09-07,13.241,13.241,13.241,13.241,
2006-09-08,13.273,13.273,13.273,13.273,
2006-09-11,13.258,13.258,13.258,13.258,
2006-09-12,13.327,13.327,13.327,13.327,
2006-09-13,13.369,13.369,13.369,13.369,
2006-09-14,13.36,13.36,13.36,13.36,
2006-09-15,13.366,13.366,13.366,13.366,
2006-09-18,13.318,13.318,13.318,13.318,
2006-09-19,13.3,13.3,13.3,13.3,
2006-09-20,13.321,13.321,13.321,13.321,
2006-09-21,13.246,13.246,13.246,13.246,
2006-09-22,13.183,13.183,13.183,13.183,
2006-09-25,13.306,13.306,13.306,13.306,
2006-09-26,13.378,13.378,13.378,13.378,
2006-09-27,13.399,13.399,13.399,13.399,
2006-09-28,13.471,13.471,13.471,13.471,
2006-09-29,13.39,13.39,13.39,13.39,
2006-10-02,13.336,13.336,13.336,13.336,
2006-10-03,13.354,13.354,13.354,13.354,
2006-10-04,13.426,13.426,13.426,13.426,
2006-10-05,13.435,13.435,13.435,13.435,
2006-10-06,13.414,13.414,13.414,13.414,
2006-10-09,13.312,13.312,13.312,13.312,
2006-10-10,13.204,13.204,13.204,13.204,
2006-10-11,13.222,13.222,13.222,13.222,
2006-10-12,13.201,13.201,13.201,13.201,
2006-10-13,13.192,13.192,13.192,13.192,
2006-10-16,13.261,13.261,13.261,13.261,
2006-10-17,13.123,13.123,13.123,13.123,
2006-10-18,13.174,13.174,13.174,13.174,
2006-10-19,13.459,13.459,13.459,13.459,
2006-10-20,14.01,14.01,14.01,14.01,
2006-10-23,14.169,14.169,14.169,14.169,
2006-10-24,14.094,14.094,14.094,14.094,
2006-10-25,14.142,14.142,14.142,14.142,
2006-10-26,14.127,14.127,14.127,14.127,
2006-10-27,14.046,14.046,14.046,14.046,
2006-10-30,14.013,14.013,14.013,14.013,
2006-10-31,14.001,14.001,14.001,14.001,
2006-11-01,13.977,13.977,13.977,13.977,
2006-11-02,13.998,13.998,13.998,13.998,
2006-11-03,13.935,13.935,13.935,13.935,
2006-11-06,14.028,14.028,14.028,14.028,
2006-11-07,14.061,14.061,14.061,14.061,
2006-11-08,14.049,14.049,14.049,14.049,
2006-11-09,13.98,13.98,13.98,13.98,
2006-11-10,13.926,13.926,13.926,13.926,
2006-11-13,13.908,13.908,13.908,13.908,
2006-11-14,13.95,13.95,13.95,13.95,
2006-11-15,13.98,13.98,13.98,13.98,
2006-11-16,14.127,14.127,14.127,14.127,
2006-11-17,14.163,14.163,14.163,14.163,
2006-11-20,14.097,14.097,14.097,14.097,
2006-11-21,14.082,14.082,14.082,14.082,
2006-11-22,14.115,14.115,14.115,14.115,
2006-11-24,14.061,14.061,14.061,14.061,
2006-11-27,13.95,13.95,13.95,13.95,
2006-11-28,13.989,13.989,13.989,13.989,
2006-11-29,14.071,14.071,14.071,14.071,
2006-11-30,14.128,14.128,14.128,14.128,
2006-12-01,14.05,14.05,14.05,14.05,
2006-12-04,14.128,14.128,14.128,14.128,
2006-12-05,14.481,14.481,14.481,14.481,
2006-12-06,14.596,14.596,14.596,14.596,
2006-12-07,14.698,14.698,14.698,14.698,
2006-12-08,14.755,14.755,14.755,14.755,
2006-12-11,14.725,14.725,14.725,14.725,
2006-12-12,14.752,14.752,14.752,14.752,
2006-12-13,14.734,14.734,14.734,14.734,
2006-12-14,14.783,14.783,14.783,14.783,
2006-12-15,14.761,14.761,14.761,14.761,
2006-12-18,14.752,14.752,14.752,14.752,
2006-12-19,14.713,14.713,14.713,14.713,
2006-12-20,14.707,14.707,14.707,14.707,
2006-12-21,14.68,14.68,14.68,14.68,
2006-12-22,14.596,14.596,14.596,14.596,
2006-12-26,14.647,14.647,14.647,14.647,
2006-12-27,14.689,14.689,14.689,14.689,
2006-12-28,14.644,14.644,14.644,14.644,
2006-12-29,14.556,14.556,14.556,14.556,
2007-01-03,14.656,14.656,14.656,14.656,
2007-01-04,14.662,14.662,14.662,14.662,
2007-01-05,14.559,14.559,14.559,14.559,
2007-01-08,14.653,14.653,14.653,14.653,
2007-01-09,14.665,14.665,14.665,14.665,
2007-01-10,14.686,14.686,14.686,14.686,
2007-01-11,14.704,14.704,14.704,14.704,
2007-01-12,14.647,14.647,14.647,14.647,
2007-01-16,14.632,14.632,14.632,14.632,
2007-01-17,14.662,14.662,14.662,14.662,
2007-01-18,14.587,14.587,14.587,14.587,
2007-01-19,14.559,14.559,14.559,14.559,
2007-01-22,14.49,14.49,14.49,14.49,
2007-01-23,14.517,14.517,14.517,14.517,
2007-01-24,14.52,14.52,14.52,14.52,
2007-01-25,14.463,14.463,14.463,14.463,
2007-01-26,14.43,14.43,14.43,14.43,
2007-01-29,14.393,14.393,14.393,14.393,
2007-01-30,14.424,14.424,14.424,14.424,
2007-01-31,14.445,14.445,14.445,14.445,
2007-02-01,14.511,14.511,14.511,14.511,
2007-02-02,14.553,14.553,14.553,14.553,
2007-02-05,14.451,14.451,14.451,14.451,
2007-02-06,14.496,14.496,14.496,14.496,
2007-02-07,14.49,14.49,14.49,14.49,
2007-02-08,14.439,14.439,14.439,14.439,
2007-02-09,14.409,14.409,14.409,14.409,
2007-02-12,14.457,14.457,14.457,14.457,
2007-02-13,14.544,14.544,14.544,14.544,
2007-02-14,14.445,14.445,14.445,14.445,
2007-02-15,14.436,14.436,14.436,14.436,
2007-02-16,14.442,14.442,14.442,14.442,
2007-02-20,14.415,14.415,14.415,14.415,
2007-02-21,14.351,14.351,14.351,14.351,
2007-02-22,14.27,14.27,14.27,14.27,
2007-02-23,14.258,14.258,14.258,14.258,
2007-02-26,14.396,14.396,14.396,14.396,
2007-02-27,13.995,13.995,13.995,13.995,
2007-02-28,14.083,14.083,14.083,14.083,
2007-03-01,14.034,14.034,14.034,14.034,
2007-03-02,13.844,13.844,13.844,13.844,
2007-03-05,13.965,13.965,13.965,13.965,
2007-03-06,14.158,14.158,14.158,14.158,
2007-03-07,14.104,14.104,14.104,14.104,
2007-03-08,14.224,14.224,14.224,14.224,
2007-03-09,14.351,14.351,14.351,14.351,
2007-03-12,14.466,14.466,14.466,14.466,
2007-03-13,14.299,14.299,14.299,14.299,
2007-03-14,14.293,14.293,14.293,14.293,
2007-03-15,14.305,14.305,14.305,14.305,
2007-03-16,14.344,14.344,14.344,14.344,
2007-03-19,14.381,14.381,14.381,14.381,
2007-03-20,14.469,14.469,14.469,14.469,
2007-03-21,14.663,14.663,14.663,14.663,
2007-03-22,14.66,14.66,14.66,14.66,
2007-03-23,14.6,14.6,14.6,14.6,
2007-03-26,14.63,14.63,14.63,14.63,
2007-03-27,14.59,14.59,14.59,14.59,
2007-03-28,14.557,14.557,14.557,14.557,
2007-03-29,14.618,14.618,14.618,14.618,
2007-03-30,14.584,14.584,14.584,14.584,
2007-04-02,14.742,14.742,14.742,14.742,
2007-04-03,14.885,14.885,14.885,14.885,
2007-04-04,15.028,15.028,15.028,15.028,
2007-04-05,15.046,15.046,15.046,15.046,
2007-04-09,15.08,15.08,15.08,15.08,
2007-04-10,15.216,15.216,15.216,15.216,
2007-04-11,15.083,15.083,15.083,15.083,
2007-04-12,15.092,15.092,15.092,15.092,
2007-04-13,15.156,15.156,15.156,15.156,
2007-04-16,15.274,15.274,15.274,15.274,
2007-04-17,15.669,15.669,15.669,15.669,
2007-04-18,15.696,15.696,15.696,15.696,
2007-04-19,15.724,15.724,15.724,15.724,
2007-04-20,15.827,15.827,15.827,15.827,
2007-04-23,15.693,15.693,15.693,15.693,
2007-04-24,15.712,15.712,15.712,15.712,
2007-04-25,15.721,15.721,15.721,15.721,
2007-04-26,15.824,15.824,15.824,15.824,
2007-04-27,15.818,15.818,15.818,15.818,
2007-04-30,15.857,15.857,15.857,15.857,
2007-05-01,15.991,15.991,15.991,15.991,
2007-05-02,16.015,16.015,16.015,16.015,
2007-05-03,16.076,16.076,16.076,16.076,
2007-05-04,16.167,16.167,16.167,16.167,
2007-05-07,16.289,16.289,16.289,16.289,
2007-05-08,16.125,16.125,16.125,16.125,
2007-05-09,16.137,16.137,16.137,16.137,
2007-05-10,15.946,15.946,15.946,15.946,
2007-05-11,16.009,16.009,16.009,16.009,
2007-05-14,15.982,15.982,15.982,15.982,
2007-05-15,15.939,15.939,15.939,15.939,
2007-05-16,16.025,16.025,16.025,16.025,
2007-05-17,15.86,15.86,15.86,15.86,
2007-05-18,15.991,15.991,15.991,15.991,
2007-05-21,15.772,15.772,15.772,15.772,
2007-05-22,15.642,15.642,15.642,15.642,
2007-05-23,15.596,15.596,15.596,15.596,
2007-05-24,15.569,15.569,15.569,15.569,
2007-05-25,15.766,15.766,15.766,15.766,
2007-05-29,15.854,15.854,15.854,15.854,
2007-05-30,16.119,16.119,16.119,16.119,
2007-05-31,16.1,16.1,16.1,16.1,
2007-06-01,16.043,16.043,16.043,16.043,
2007-06-04,16.003,16.003,16.003,16.003,
2007-06-05,15.897,15.897,15.897,15.897,
2007-06-06,15.8,15.8,15.8,15.8,
2007-06-07,15.611,15.611,15.611,15.611,
2007-06-08,15.699,15.699,15.699,15.699,
2007-06-11,15.687,15.687,15.687,15.687,
2007-06-12,15.538,15.538,15.538,15.538,
2007-06-13,15.71,15.71,15.71,15.71,
2007-06-14,15.694,15.694,15.694,15.694,
2007-06-15,15.777,15.777,15.777,15.777,
2007-06-18,15.832,15.832,15.832,15.832,
2007-06-19,15.719,15.719,15.719,15.719,
2007-06-20,15.749,15.749,15.749,15.749,
2007-06-21,15.933,15.933,15.933,15.933,
2007-06-22,15.789,15.789,15.789,15.789,
2007-06-25,15.835,15.835,15.835,15.835,
2007-06-26,15.89,15.89,15.89,15.89,
2007-06-27,16.04,16.04,16.04,16.04,
2007-06-28,16.098,16.098,16.098,16.098,
2007-06-29,16.0,16.0,16.0,16.0,
2007-07-02,16.077,16.077,16.077,16.077,
2007-07-03,16.181,16.181,16.181,16.181,
2007-07-05,16.11,16.11,16.11,16.11,
2007-07-06,16.089,16.089,16.089,16.089,
2007-07-09,16.12,16.12,16.12,16.12,
2007-07-10,15.936,15.936,15.936,15.936,
2007-07-11,15.933,15.933,15.933,15.933,
2007-07-12,16.098,16.098,16.098,16.098,
2007-07-13,16.245,16.245,16.245,16.245,
2007-07-16,16.471,16.471,16.471,16.471,
2007-07-17,16.263,16.263,16.263,16.263,
2007-07-18,16.343,16.343,16.343,16.343,
2007-07-19,16.425,16.425,16.425,16.425,
2007-07-20,16.276,16.276,16.276,16.276,
2007-07-23,16.407,16.407,16.407,16.407,
2007-07-24,16.279,16.279,16.279,16.279,
2007-07-25,16.532,16.532,16.532,16.532,
2007-07-26,16.205,16.205,16.205,16.205,
2007-07-27,15.991,15.991,15.991,15.991,
2007-07-30,16.025,16.025,16.025,16.025,
2007-07-31,15.939,15.939,15.939,15.939,
2007-08-01,16.294,16.294,16.294,16.294,
2007-08-02,16.413,16.413,16.413,16.413,
2007-08-03,16.297,16.297,16.297,16.297,
2007-08-06,16.588,16.588,16.588,16.588,
2007-08-07,16.658,16.658,16.658,16.658,
2007-08-08,17.086,17.086,17.086,17.086,
2007-08-09,17.083,17.083,17.083,17.083,
2007-08-10,16.817,16.817,16.817,16.817,
2007-08-13,16.676,16.676,16.676,16.676,
2007-08-14,16.56,16.56,16.56,16.56,
2007-08-15,16.465,16.465,16.465,16.465,
2007-08-16,16.389,16.389,16.389,16.389,
2007-08-17,16.655,16.655,16.655,16.655,
2007-08-20,16.676,16.676,16.676,16.676,
2007-08-21,16.526,16.526,16.526,16.526,
2007-08-22,16.502,16.502,16.502,16.502,
2007-08-23,16.511,16.511,16.511,16.511,
2007-08-24,16.517,16.517,16.517,16.517,
2007-08-27,16.52,16.52,16.52,16.52,
2007-08-28,16.291,16.291,16.291,16.291,
2007-08-29,16.367,16.367,16.367,16.367,
2007-08-30,16.334,16.334,16.334,16.334,
2007-08-31,16.45,16.45,16.45,16.45,
2007-09-04,16.63,16.63,16.63,16.63,
2007-09-05,16.422,16.422,16.422,16.422,
2007-09-06,16.719,16.719,16.719,16.719,
2007-09-07,16.698,16.698,16.698,16.698,
2007-09-10,16.692,16.692,16.692,16.692,
2007-09-11,17.025,17.025,17.025,17.025,
2007-09-12,17.185,17.185,17.185,17.185,
2007-09-13,17.194,17.194,17.194,17.194,
2007-09-14,17.357,17.357,17.357,17.357,
2007-09-17,17.013,17.013,17.013,17.013,
2007-09-18,17.36,17.36,17.36,17.36,
2007-09-19,17.425,17.425,17.425,17.425,
2007-09-20,17.33,17.33,17.33,17.33,
2007-09-21,17.403,17.403,17.403,17.403,
2007-09-24,17.45,17.45,17.45,17.45,
2007-09-25,17.548,17.548,17.548,17.548,
2007-09-26,17.65,17.65,17.65,17.65,
2007-09-27,17.644,17.644,17.644,17.644,
2007-09-28,17.687,17.687,17.687,17.687,
2007-10-01,17.819,17.819,17.819,17.819,
2007-10-02,17.825,17.825,17.825,17.825,
2007-10-03,17.717,17.717,17.717,17.717,
2007-10-04,17.81,17.81,17.81,17.81,
2007-10-05,17.871,17.871,17.871,17.871,
2007-10-08,17.788,17.788,17.788,17.788,
2007-10-09,17.813,17.813,17.813,17.813,
2007-10-10,17.81,17.81,17.81,17.81,
2007-10-11,17.6,17.6,17.6,17.6,
2007-10-12,17.788,17.788,17.788,17.788,
2007-10-15,17.739,17.739,17.739,17.739,
2007-10-16,17.776,17.776,17.776,17.776,
2007-10-17,18.185,18.185,18.185,18.185,
2007-10-18,18.268,18.268,18.268,18.268,
2007-10-19,18.084,18.084,18.084,18.084,
2007-10-22,18.234,18.234,18.234,18.234,
2007-10-23,18.388,18.388,18.388,18.388,
2007-10-24,18.521,18.521,18.521,18.521,
2007-10-25,18.865,18.865,18.865,18.865,
2007-10-26,18.948,18.948,18.948,18.948,
2007-10-29,19.031,19.031,19.031,19.031,
2007-10-30,18.998,18.998,18.998,18.998,
2007-10-31,19.007,19.007,19.007,19.007,
2007-11-01,18.742,18.742,18.742,18.742,
2007-11-02,18.622,18.622,18.622,18.622,
2007-11-05,18.57,18.57,18.57,18.57,
2007-11-06,18.776,18.776,18.776,18.776,
2007-11-07,18.453,18.453,18.453,18.453,
2007-11-08,18.918,18.918,18.918,18.918,
2007-11-09,18.721,18.721,18.721,18.721,
2007-11-12,18.422,18.422,18.422,18.422,
2007-11-13,18.785,18.785,18.785,18.785,
2007-11-14,18.884,18.884,18.884,18.884,
2007-11-15,19.065,19.065,19.065,19.065,
2007-11-16,19.272,19.272,19.272,19.272,
2007-11-19,19.173,19.173,19.173,19.173,
2007-11-20,19.324,19.324,19.324,19.324,
2007-11-21,19.158,19.158,19.158,19.158,
2007-11-23,19.173,19.173,19.173,19.173,
2007-11-26,18.998,18.998,18.998,18.998,
2007-11-27,19.382,19.382,19.382,19.382,
2007-11-28,19.491,19.491,19.491,19.491,
2007-11-29,19.429,19.429,19.429,19.429,
2007-11-30,19.215,19.215,19.215,19.215,
2007-12-03,19.246,19.246,19.246,19.246,
2007-12-04,19.416,19.416,19.416,19.416,
2007-12-05,19.509,19.509,19.509,19.509,
2007-12-06,19.515,19.515,19.515,19.515,
2007-12-07,19.54,19.54,19.54,19.54,
2007-12-10,19.577,19.577,19.577,19.577,
2007-12-11,19.484,19.484,19.484,19.484,
2007-12-12,19.732,19.732,19.732,19.732,
2007-12-13,19.831,19.831,19.831,19.831,
2007-12-14,19.744,19.744,19.744,19.744,
2007-12-17,19.33,19.33,19.33,19.33,
2007-12-18,19.252,19.252,19.252,19.252,
2007-12-19,19.447,19.447,19.447,19.447,
2007-12-20,19.271,19.271,19.271,19.271,
2007-12-21,19.515,19.515,19.515,19.515,
2007-12-24,19.559,19.559,19.559,19.559,
2007-12-26,19.497,19.497,19.497,19.497,
2007-12-27,19.277,19.277,19.277,19.277,
2007-12-28,19.268,19.268,19.268,19.268,
2007-12-31,18.989,18.989,18.989,18.989,
2008-01-02,18.903,18.903,18.903,18.903,
2008-01-03,19.101,19.101,19.101,19.101,
2008-01-04,19.138,19.138,19.138,19.138,
2008-01-07,19.59,19.59,19.59,19.59,
2008-01-08,19.67,19.67,19.67,19.67,
2008-01-09,20.196,20.196,20.196,20.196,
2008-01-10,20.286,20.286,20.286,20.286,
2008-01-11,19.732,19.732,19.732,19.732,
2008-01-14,19.896,19.896,19.896,19.896,
2008-01-15,19.682,19.682,19.682,19.682,
2008-01-16,19.385,19.385,19.385,19.385,
2008-01-17,19.197,19.197,19.197,19.197,
2008-01-18,18.794,18.794,18.794,18.794,
2008-01-22,18.191,18.191,18.191,18.191,
2008-01-23,18.216,18.216,18.216,18.216,
2008-01-24,18.528,18.528,18.528,18.528,
2008-01-25,18.073,18.073,18.073,18.073,
2008-01-28,18.383,18.383,18.383,18.383,
2008-01-29,18.117,18.117,18.117,18.117,
2008-01-30,17.875,17.875,17.875,17.875,
2008-01-31,18.256,18.256,18.256,18.256,
2008-02-01,18.336,18.336,18.336,18.336,
2008-02-04,18.142,18.142,18.142,18.142,
2008-02-05,17.761,17.761,17.761,17.761,
2008-02-06,17.857,17.857,17.857,17.857,
2008-02-07,18.086,18.086,18.086,18.086,
2008-02-08,18.333,18.333,18.333,18.333,
2008-02-11,18.411,18.411,18.411,18.411,
2008-02-12,18.541,18.541,18.541,18.541,
2008-02-13,18.377,18.377,18.377,18.377,
2008-02-14,18.117,18.117,18.117,18.117,
2008-02-15,18.182,18.182,18.182,18.182,
2008-02-19,17.978,17.978,17.978,17.978,
2008-02-20,18.018,18.018,18.018,18.018,
2008-02-21,17.944,17.944,17.944,17.944,
2008-02-22,18.027,18.027,18.027,18.027,
2008-02-25,18.185,18.185,18.185,18.185,
2008-02-26,18.417,18.417,18.417,18.417,
2008-02-27,18.581,18.581,18.581,18.581,
2008-02-28,18.398,18.398,18.398,18.398,
2008-02-29,18.089,18.089,18.089,18.089,
2008-03-03,18.262,18.262,18.262,18.262,
2008-03-04,18.371,18.371,18.371,18.371,
2008-03-05,18.466,18.466,18.466,18.466,
2008-03-06,18.287,18.287,18.287,18.287,
2008-03-07,18.21,18.21,18.21,18.21,
2008-03-10,18.151,18.151,18.151,18.151,
2008-03-11,18.401,18.401,18.401,18.401,
2008-03-12,18.433,18.433,18.433,18.433,
2008-03-13,18.352,18.352,18.352,18.352,
2008-03-14,17.916,17.916,17.916,17.916,
2008-03-17,17.965,17.965,17.965,17.965,
2008-03-18,18.501,18.501,18.501,18.501,
2008-03-19,18.672,18.672,18.672,18.672,
2008-03-20,19.009,19.009,19.009,19.009,
2008-03-24,19.052,19.052,19.052,19.052,
2008-03-25,19.124,19.124,19.124,19.124,
2008-03-26,19.043,19.043,19.043,19.043,
2008-03-27,19.093,19.093,19.093,19.093,
2008-03-28,18.978,18.978,18.978,18.978,
2008-03-31,18.956,18.956,18.956,18.956,
2008-04-01,19.133,19.133,19.133,19.133,
2008-04-02,18.828,18.828,18.828,18.828,
2008-04-03,18.859,18.859,18.859,18.859,
2008-04-04,18.763,18.763,18.763,18.763,
2008-04-07,18.8,18.8,18.8,18.8,
2008-04-08,18.844,18.844,18.844,18.844,
2008-04-09,18.928,18.928,18.928,18.928,
2008-04-10,19.099,19.099,19.099,19.099,
2008-04-11,18.775,18.775,18.775,18.775,
2008-04-14,18.996,18.996,18.996,18.996,
2008-04-15,18.978,18.978,18.978,18.978,
2008-04-16,19.043,19.043,19.043,19.043,
2008-04-17,18.897,18.897,18.897,18.897,
2008-04-18,18.719,18.719,18.719,18.719,
2008-04-21,18.794,18.794,18.794,18.794,
2008-04-22,18.651,18.651,18.651,18.651,
2008-04-23,18.784,18.784,18.784,18.784,
2008-04-24,18.763,18.763,18.763,18.763,
2008-04-25,18.476,18.476,18.476,18.476,
2008-04-28,18.367,18.367,18.367,18.367,
2008-04-29,18.286,18.286,18.286,18.286,
2008-04-30,18.333,18.333,18.333,18.333,
2008-05-01,18.401,18.401,18.401,18.401,
2008-05-02,18.302,18.302,18.302,18.302,
2008-05-05,18.18,18.18,18.18,18.18,
2008-05-06,18.146,18.146,18.146,18.146,
2008-05-07,17.76,17.76,17.76,17.76,
2008-05-08,17.529,17.529,17.529,17.529,
2008-05-09,17.486,17.486,17.486,17.486,
2008-05-12,17.564,17.564,17.564,17.564,
2008-05-13,17.595,17.595,17.595,17.595,
2008-05-14,17.607,17.607,17.607,17.607,
2008-05-15,17.754,17.754,17.754,17.754,
2008-05-16,17.772,17.772,17.772,17.772,
2008-05-19,17.913,17.913,17.913,17.913,
2008-05-20,17.779,17.779,17.779,17.779,
2008-05-21,17.642,17.642,17.642,17.642,
2008-05-22,18.146,18.146,18.146,18.146,
2008-05-23,18.258,18.258,18.258,18.258,
2008-05-27,18.246,18.246,18.246,18.246,
2008-05-28,17.888,17.888,17.888,17.888,
2008-05-29,18.022,18.022,18.022,18.022,
2008-05-30,17.832,17.832,17.832,17.832,
2008-06-02,17.751,17.751,17.751,17.751,
2008-06-03,17.564,17.564,17.564,17.564,
2008-06-04,17.657,17.657,17.657,17.657,
2008-06-05,17.81,17.81,17.81,17.81,
2008-06-06,17.377,17.377,17.377,17.377,
2008-06-09,17.396,17.396,17.396,17.396,
2008-06-10,18.065,18.065,18.065,18.065,
2008-06-11,17.912,17.912,17.912,17.912,
2008-06-12,17.912,17.912,17.912,17.912,
2008-06-13,17.372,17.372,17.372,17.372,
2008-06-16,16.984,16.984,16.984,16.984,
2008-06-17,16.915,16.915,16.915,16.915,
2008-06-18,16.664,16.664,16.664,16.664,
2008-06-19,16.727,16.727,16.727,16.727,
2008-06-20,16.821,16.821,16.821,16.821,
2008-06-23,16.695,16.695,16.695,16.695,
2008-06-24,16.73,16.73,16.73,16.73,
2008-06-25,16.959,16.959,16.959,16.959,
2008-06-26,16.683,16.683,16.683,16.683,
2008-06-27,16.25,16.25,16.25,16.25,
2008-06-30,16.294,16.294,16.294,16.294,
2008-07-01,15.987,15.987,15.987,15.987,
2008-07-02,16.103,16.103,16.103,16.103,
2008-07-03,16.137,16.137,16.137,16.137,
2008-07-07,16.078,16.078,16.078,16.078,
2008-07-08,16.134,16.134,16.134,16.134,
2008-07-09,15.952,15.952,15.952,15.952,
2008-07-10,15.686,15.686,15.686,15.686,
2008-07-11,15.758,15.758,15.758,15.758,
2008-07-14,15.974,15.974,15.974,15.974,
2008-07-15,16.234,16.234,16.234,16.234,
2008-07-16,16.407,16.407,16.407,16.407,
2008-07-17,15.78,15.78,15.78,15.78,
2008-07-18,15.683,15.683,15.683,15.683,
2008-07-21,15.548,15.548,15.548,15.548,
2008-07-22,16.097,16.097,16.097,16.097,
2008-07-23,16.457,16.457,16.457,16.457,
2008-07-24,16.256,16.256,16.256,16.256,
2008-07-25,16.319,16.319,16.319,16.319,
2008-07-28,16.034,16.034,16.034,16.034,
2008-07-29,16.166,16.166,16.166,16.166,
2008-07-30,16.084,16.084,16.084,16.084,
2008-07-31,16.144,16.144,16.144,16.144,
2008-08-01,16.658,16.658,16.658,16.658,
2008-08-04,16.896,16.896,16.896,16.896,
2008-08-05,17.213,17.213,17.213,17.213,
2008-08-06,17.354,17.354,17.354,17.354,
2008-08-07,16.93,16.93,16.93,16.93,
2008-08-08,17.369,17.369,17.369,17.369,
2008-08-11,17.35,17.35,17.35,17.35,
2008-08-12,17.175,17.175,17.175,17.175,
2008-08-13,17.307,17.307,17.307,17.307,
2008-08-14,17.247,17.247,17.247,17.247,
2008-08-15,17.26,17.26,17.26,17.26,
2008-08-18,17.031,17.031,17.031,17.031,
2008-08-19,17.031,17.031,17.031,17.031,
2008-08-20,17.037,17.037,17.037,17.037,
2008-08-21,16.774,16.774,16.774,16.774,
2008-08-22,17.043,17.043,17.043,17.043,
2008-08-25,16.792,16.792,16.792,16.792,
2008-08-26,16.777,16.777,16.777,16.777,
2008-08-27,16.861,16.861,16.861,16.861,
2008-08-28,16.651,16.651,16.651,16.651,
2008-08-29,16.322,16.322,16.322,16.322,
2008-09-02,16.288,16.288,16.288,16.288,
2008-09-03,16.194,16.194,16.194,16.194,
2008-09-04,16.209,16.209,16.209,16.209,
2008-09-05,16.278,16.278,16.278,16.278,
2008-09-08,16.733,16.733,16.733,16.733,
2008-09-09,16.89,16.89,16.89,16.89,
2008-09-10,16.868,16.868,16.868,16.868,
2008-09-11,17.095,17.095,17.095,17.095,
2008-09-12,17.205,17.205,17.205,17.205,
2008-09-15,17.284,17.284,17.284,17.284,
2008-09-16,17.316,17.316,17.316,17.316,
2008-09-17,16.625,16.625,16.625,16.625,
2008-09-18,16.855,16.855,16.855,16.855,
2008-09-19,16.644,16.644,16.644,16.644,
2008-09-22,16.221,16.221,16.221,16.221,
2008-09-23,16.0,16.0,16.0,16.0,
2008-09-24,15.845,15.845,15.845,15.845,
2008-09-25,16.246,16.246,16.246,16.246,
2008-09-26,16.568,16.568,16.568,16.568,
2008-09-29,16.11,16.11,16.11,16.11,
2008-09-30,16.694,16.694,16.694,16.694,
2008-10-01,17.098,17.098,17.098,17.098,
2008-10-02,16.921,16.921,16.921,16.921,
2008-10-03,16.596,16.596,16.596,16.596,
2008-10-06,16.075,16.075,16.075,16.075,
2008-10-07,15.564,15.564,15.564,15.564,
2008-10-08,14.967,14.967,14.967,14.967,
2008-10-09,13.67,13.67,13.67,13.67,
2008-10-10,13.101,13.101,13.101,13.101,
2008-10-13,14.92,14.92,14.92,14.92,
2008-10-14,13.805,13.805,13.805,13.805,
2008-10-15,13.957,13.957,13.957,13.957,
2008-10-16,14.453,14.453,14.453,14.453,
2008-10-17,13.954,13.954,13.954,13.954,
2008-10-20,14.667,14.667,14.667,14.667,
2008-10-21,14.532,14.532,14.532,14.532,
2008-10-22,14.326,14.326,14.326,14.326,
2008-10-23,13.594,13.594,13.594,13.594,
2008-10-24,13.136,13.136,13.136,13.136,
2008-10-27,12.947,12.947,12.947,12.947,
2008-10-28,14.285,14.285,14.285,14.285,
2008-10-29,13.843,13.843,13.843,13.843,
2008-10-30,14.099,14.099,14.099,14.099,
2008-10-31,13.91,13.91,13.91,13.91,
2008-11-03,14.348,14.348,14.348,14.348,
2008-11-04,14.532,14.532,14.532,14.532,
2008-11-05,14.121,14.121,14.121,14.121,
2008-11-06,14.045,14.045,14.045,14.045,
2008-11-07,14.601,14.601,14.601,14.601,
2008-11-10,14.49,14.49,14.49,14.49,
2008-11-11,14.03,14.03,14.03,14.03,
2008-11-12,13.837,13.837,13.837,13.837,
2008-11-13,14.61,14.61,14.61,14.61,
2008-11-14,14.213,14.213,14.213,14.213,
2008-11-17,13.881,13.881,13.881,13.881,
2008-11-18,13.73,13.73,13.73,13.73,
2008-11-19,13.345,13.345,13.345,13.345,
2008-11-20,12.966,12.966,12.966,12.966,
2008-11-21,13.891,13.891,13.891,13.891,
2008-11-24,14.279,14.279,14.279,14.279,
2008-11-25,14.228,14.228,14.228,14.228,
2008-11-26,14.448,14.448,14.448,14.448,
2008-11-28,14.923,14.923,14.923,14.923,
2008-12-01,14.114,14.114,14.114,14.114,
2008-12-02,13.986,13.986,13.986,13.986,
2008-12-03,14.69,14.69,14.69,14.69,
2008-12-04,14.248,14.248,14.248,14.248,
2008-12-05,14.639,14.639,14.639,14.639,
2008-12-08,14.639,14.639,14.639,14.639,
2008-12-09,14.273,14.273,14.273,14.273,
2008-12-10,14.426,14.426,14.426,14.426,
2008-12-11,14.079,14.079,14.079,14.079,
2008-12-12,14.19,14.19,14.19,14.19,
2008-12-15,14.318,14.318,14.318,14.318,
2008-12-16,14.792,14.792,14.792,14.792,
2008-12-17,14.48,14.48,14.48,14.48,
2008-12-18,14.384,14.384,14.384,14.384,
2008-12-19,14.146,14.146,14.146,14.146,
2008-12-22,14.219,14.219,14.219,14.219,
2008-12-23,13.999,13.999,13.999,13.999,
2008-12-24,14.041,14.041,14.041,14.041,
2008-12-26,14.193,14.193,14.193,14.193,
2008-12-29,14.139,14.139,14.139,14.139,
2008-12-30,14.305,14.305,14.305,14.305,
2008-12-31,14.413,14.413,14.413,14.413,
2009-01-02,14.614,14.614,14.614,14.614,
2009-01-05,14.467,14.467,14.467,14.467,
2009-01-06,14.235,14.235,14.235,14.235,
2009-01-07,14.305,14.305,14.305,14.305,
2009-01-08,14.404,14.404,14.404,14.404,
2009-01-09,14.2,14.2,14.2,14.2,
2009-01-12,13.923,13.923,13.923,13.923,
2009-01-13,14.015,14.015,14.015,14.015,
2009-01-14,13.569,13.569,13.569,13.569,
2009-01-15,13.805,13.805,13.805,13.805,
2009-01-16,13.958,13.958,13.958,13.958,
2009-01-20,13.652,13.652,13.652,13.652,
2009-01-21,13.783,13.783,13.783,13.783,
2009-01-22,13.729,13.729,13.729,13.729,
2009-01-23,13.436,13.436,13.436,13.436,
2009-01-26,13.7,13.7,13.7,13.7,
2009-01-27,13.795,13.795,13.795,13.795,
2009-01-28,13.964,13.964,13.964,13.964,
2009-01-29,13.866,13.866,13.866,13.866,
2009-01-30,13.601,13.601,13.601,13.601,
2009-02-02,13.448,13.448,13.448,13.448,
2009-02-03,13.792,13.792,13.792,13.792,
2009-02-04,13.499,13.499,13.499,13.499,
2009-02-05,13.592,13.592,13.592,13.592,
2009-02-06,13.866,13.866,13.866,13.866,
2009-02-09,13.471,13.471,13.471,13.471,
2009-02-10,12.949,12.949,12.949,12.949,
2009-02-11,13.14,13.14,13.14,13.14,
2009-02-12,14.133,14.133,14.133,14.133,
2009-02-13,13.961,13.961,13.961,13.961,
2009-02-17,13.563,13.563,13.563,13.563,
2009-02-18,13.589,13.589,13.589,13.589,
2009-02-19,13.786,13.786,13.786,13.786,
2009-02-20,13.639,13.639,13.639,13.639,
2009-02-23,13.401,13.401,13.401,13.401,
2009-02-24,13.709,13.709,13.709,13.709,
2009-02-25,13.49,13.49,13.49,13.49,
2009-02-26,13.076,13.076,13.076,13.076,
2009-02-27,13.006,13.006,13.006,13.006,
2009-03-02,12.637,12.637,12.637,12.637,
2009-03-03,12.363,12.363,12.363,12.363,
2009-03-04,12.649,12.649,12.649,12.649,
2009-03-05,12.051,12.051,12.051,12.051,
2009-03-06,12.449,12.449,12.449,12.449,
2009-03-09,12.337,12.337,12.337,12.337,
2009-03-10,12.468,12.468,12.468,12.468,
2009-03-11,12.732,12.732,12.732,12.732,
2009-03-12,13.14,13.14,13.14,13.14,
2009-03-13,13.263,13.263,13.263,13.263,
2009-03-16,13.279,13.279,13.279,13.279,
2009-03-17,13.337,13.337,13.337,13.337,
2009-03-18,13.401,13.401,13.401,13.401,
2009-03-19,13.571,13.571,13.571,13.571,
2009-03-20,13.719,13.719,13.719,13.719,
2009-03-23,14.202,14.202,14.202,14.202,
2009-03-24,14.163,14.163,14.163,14.163,
2009-03-25,14.398,14.398,14.398,14.398,
2009-03-26,14.43,14.43,14.43,14.43,
2009-03-27,14.511,14.511,14.511,14.511,
2009-03-30,14.131,14.131,14.131,14.131,
2009-03-31,14.141,14.141,14.141,14.141,
2009-04-01,14.434,14.434,14.434,14.434,
2009-04-02,14.588,14.588,14.588,14.588,
2009-04-03,14.469,14.469,14.469,14.469,
2009-04-06,14.476,14.476,14.476,14.476,
2009-04-07,14.356,14.356,14.356,14.356,
2009-04-08,14.476,14.476,14.476,14.476,
2009-04-09,14.476,14.476,14.476,14.476,
2009-04-13,14.392,14.392,14.392,14.392,
2009-04-14,14.225,14.225,14.225,14.225,
2009-04-15,14.488,14.488,14.488,14.488,
2009-04-16,14.511,14.511,14.511,14.511,
2009-04-17,14.485,14.485,14.485,14.485,
2009-04-20,14.263,14.263,14.263,14.263,
2009-04-21,13.864,13.864,13.864,13.864,
2009-04-22,13.813,13.813,13.813,13.813,
2009-04-23,13.81,13.81,13.81,13.81,
2009-04-24,13.768,13.768,13.768,13.768,
2009-04-27,13.591,13.591,13.591,13.591,
2009-04-28,13.604,13.604,13.604,13.604,
2009-04-29,13.742,13.742,13.742,13.742,
2009-04-30,13.851,13.851,13.851,13.851,
2009-05-01,13.665,13.665,13.665,13.665,
2009-05-04,13.89,13.89,13.89,13.89,
2009-05-05,13.88,13.88,13.88,13.88,
2009-05-06,13.816,13.816,13.816,13.816,
2009-05-07,13.771,13.771,13.771,13.771,
2009-05-08,13.81,13.81,13.81,13.81,
2009-05-11,13.755,13.755,13.755,13.755,
2009-05-12,14.286,14.286,14.286,14.286,
2009-05-13,14.038,14.038,14.038,14.038,
2009-05-14,14.447,14.447,14.447,14.447,
2009-05-15,14.466,14.466,14.466,14.466,
2009-05-18,14.823,14.823,14.823,14.823,
2009-05-19,15.006,15.006,15.006,15.006,
2009-05-20,15.122,15.122,15.122,15.122,
2009-05-21,15.019,15.019,15.019,15.019,
2009-05-22,15.219,15.219,15.219,15.219,
2009-05-26,15.19,15.19,15.19,15.19,
2009-05-27,15.003,15.003,15.003,15.003,
2009-05-28,15.09,15.09,15.09,15.09,
2009-05-29,15.817,15.817,15.817,15.817,
2009-06-01,15.772,15.772,15.772,15.772,
2009-06-02,15.978,15.978,15.978,15.978,
2009-06-03,15.795,15.795,15.795,15.795,
2009-06-04,16.01,16.01,16.01,16.01,
2009-06-05,15.907,15.907,15.907,15.907,
2009-06-08,15.888,15.888,15.888,15.888,
2009-06-09,15.795,15.795,15.795,15.795,
2009-06-10,15.576,15.576,15.576,15.576,
2009-06-11,15.764,15.764,15.764,15.764,
2009-06-12,15.865,15.865,15.865,15.865,
2009-06-15,15.612,15.612,15.612,15.612,
2009-06-16,15.521,15.521,15.521,15.521,
2009-06-17,15.553,15.553,15.553,15.553,
2009-06-18,16.079,16.079,16.079,16.079,
2009-06-19,15.839,15.839,15.839,15.839,
2009-06-22,15.573,15.573,15.573,15.573,
2009-06-23,15.511,15.511,15.511,15.511,
2009-06-24,15.414,15.414,15.414,15.414,
2009-06-25,15.527,15.527,15.527,15.527,
2009-06-26,15.618,15.618,15.618,15.618,
2009-06-29,15.67,15.67,15.67,15.67,
2009-06-30,15.573,15.573,15.573,15.573,
2009-07-01,15.959,15.959,15.959,15.959,
2009-07-02,15.861,15.861,15.861,15.861,
2009-07-06,15.9,15.9,15.9,15.9,
2009-07-07,15.784,15.784,15.784,15.784,
2009-07-08,15.741,15.741,15.741,15.741,
2009-07-09,15.806,15.806,15.806,15.806,
2009-07-10,15.677,15.677,15.677,15.677,
2009-07-13,15.917,15.917,15.917,15.917,
2009-07-14,15.995,15.995,15.995,15.995,
2009-07-15,16.397,16.397,16.397,16.397,
2009-07-16,16.481,16.481,16.481,16.481,
2009-07-17,16.329,16.329,16.329,16.329,
2009-07-20,16.559,16.559,16.559,16.559,
2009-07-21,16.338,16.338,16.338,16.338,
2009-07-22,15.943,15.943,15.943,15.943,
2009-07-23,15.959,15.959,15.959,15.959,
2009-07-24,16.017,16.017,16.017,16.017,
2009-07-27,16.069,16.069,16.069,16.069,
2009-07-28,16.027,16.027,16.027,16.027,
2009-07-29,15.991,15.991,15.991,15.991,
2009-07-30,16.118,16.118,16.118,16.118,
2009-07-31,16.173,16.173,16.173,16.173,
2009-08-03,16.095,16.095,16.095,16.095,
2009-08-04,16.063,16.063,16.063,16.063,
2009-08-05,15.956,15.956,15.956,15.956,
2009-08-06,16.027,16.027,16.027,16.027,
2009-08-07,16.011,16.011,16.011,16.011,
2009-08-10,16.043,16.043,16.043,16.043,
2009-08-11,15.913,15.913,15.913,15.913,
2009-08-12,15.725,15.725,15.725,15.725,
2009-08-13,15.615,15.615,15.615,15.615,
2009-08-14,15.728,15.728,15.728,15.728,
2009-08-17,15.803,15.803,15.803,15.803,
2009-08-18,15.774,15.774,15.774,15.774,
2009-08-19,16.017,16.017,16.017,16.017,
2009-08-20,16.037,16.037,16.037,16.037,
2009-08-21,16.196,16.196,16.196,16.196,
2009-08-24,15.92,15.92,15.92,15.92,
2009-08-25,15.816,15.816,15.816,15.816,
2009-08-26,15.959,15.959,15.959,15.959,
2009-08-27,16.043,16.043,16.043,16.043,
2009-08-28,15.92,15.92,15.92,15.92,
2009-08-31,15.826,15.826,15.826,15.826,
2009-09-01,15.748,15.748,15.748,15.748,
2009-09-02,16.16,16.16,16.16,16.16,
2009-09-03,16.089,16.089,16.089,16.089,
2009-09-04,16.209,16.209,16.209,16.209,
2009-09-08,16.358,16.358,16.358,16.358,
2009-09-09,16.429,16.429,16.429,16.429,
2009-09-10,16.413,16.413,16.413,16.413,
2009-09-11,16.852,16.852,16.852,16.852,
2009-09-14,17.064,17.064,17.064,17.064,
2009-09-15,17.159,17.159,17.159,17.159,
2009-09-16,17.231,17.231,17.231,17.231,
2009-09-17,17.476,17.476,17.476,17.476,
2009-09-18,17.588,17.588,17.588,17.588,
2009-09-21,17.339,17.339,17.339,17.339,
2009-09-22,17.29,17.29,17.29,17.29,
2009-09-23,17.202,17.202,17.202,17.202,
2009-09-24,17.123,17.123,17.123,17.123,
2009-09-25,17.329,17.329,17.329,17.329,
2009-09-28,17.381,17.381,17.381,17.381,
2009-09-29,17.44,17.44,17.44,17.44,
2009-09-30,17.568,17.568,17.568,17.568,
2009-10-01,17.378,17.378,17.378,17.378,
2009-10-02,17.624,17.624,17.624,17.624,
2009-10-05,17.601,17.601,17.601,17.601,
2009-10-06,17.771,17.771,17.771,17.771,
2009-10-07,17.931,17.931,17.931,17.931,
2009-10-08,17.859,17.859,17.859,17.859,
2009-10-09,17.879,17.879,17.879,17.879,
2009-10-12,17.925,17.925,17.925,17.925,
2009-10-13,17.928,17.928,17.928,17.928,
2009-10-14,17.941,17.941,17.941,17.941,
2009-10-15,17.967,17.967,17.967,17.967,
2009-10-16,17.997,17.997,17.997,17.997,
2009-10-19,17.925,17.925,17.925,17.925,
2009-10-20,17.689,17.689,17.689,17.689,
2009-10-21,17.689,17.689,17.689,17.689,
2009-10-22,17.715,17.715,17.715,17.715,
2009-10-23,17.417,17.417,17.417,17.417,
2009-10-26,17.414,17.414,17.414,17.414,
2009-10-27,17.489,17.489,17.489,17.489,
2009-10-28,17.506,17.506,17.506,17.506,
2009-10-29,17.696,17.696,17.696,17.696,
2009-10-30,17.44,17.44,17.44,17.44,
2009-11-02,17.575,17.575,17.575,17.575,
2009-11-03,17.378,17.378,17.378,17.378,
2009-11-04,17.499,17.499,17.499,17.499,
2009-11-05,17.797,17.797,17.797,17.797,
2009-11-06,17.826,17.826,17.826,17.826,
2009-11-09,18.15,18.15,18.15,18.15,
2009-11-10,18.258,18.258,18.258,18.258,
2009-11-11,18.363,18.363,18.363,18.363,
2009-11-12,18.301,18.301,18.301,18.301,
2009-11-13,18.471,18.471,18.471,18.471,
2009-11-16,18.562,18.562,18.562,18.562,
2009-11-17,18.605,18.605,18.605,18.605,
2009-11-18,18.51,18.51,18.51,18.51,
2009-11-19,18.608,18.608,18.608,18.608,
2009-11-20,18.805,18.805,18.805,18.805,
2009-11-23,19.053,19.053,19.053,19.053,
2009-11-24,19.037,19.037,19.037,19.037,
2009-11-25,19.011,19.011,19.011,19.011,
2009-11-27,18.839,18.839,18.839,18.839,
2009-11-30,18.846,18.846,18.846,18.846,
2009-12-01,19.136,19.136,19.136,19.136,
2009-12-02,19.096,19.096,19.096,19.096,
2009-12-03,18.869,18.869,18.869,18.869,
2009-12-04,18.941,18.941,18.941,18.941,
2009-12-07,19.067,19.067,19.067,19.067,
2009-12-08,19.004,19.004,19.004,19.004,
2009-12-09,19.054,19.054,19.054,19.054,
2009-12-10,19.301,19.301,19.301,19.301,
2009-12-11,19.475,19.475,19.475,19.475,
2009-12-14,19.452,19.452,19.452,19.452,
2009-12-15,19.459,19.459,19.459,19.459,
2009-12-16,19.248,19.248,19.248,19.248,
2009-12-17,18.773,18.773,18.773,18.773,
2009-12-18,18.754,18.754,18.754,18.754,
2009-12-21,18.839,18.839,18.839,18.839,
2009-12-22,18.869,18.869,18.869,18.869,
2009-12-23,18.876,18.876,18.876,18.876,
2009-12-24,18.925,18.925,18.925,18.925,
2009-12-28,18.925,18.925,18.925,18.925,
2009-12-29,19.024,19.024,19.024,19.024,
2009-12-30,19.004,19.004,19.004,19.004,
2009-12-31,18.78,18.78,18.78,18.78,
2010-01-04,18.793,18.793,18.793,18.793,
2010-01-05,18.566,18.566,18.566,18.566,
2010-01-06,18.559,18.559,18.559,18.559,
2010-01-07,18.513,18.513,18.513,18.513,
2010-01-08,18.171,18.171,18.171,18.171,
2010-01-11,18.54,18.54,18.54,18.54,
2010-01-12,18.741,18.741,18.741,18.741,
2010-01-13,18.79,18.79,18.79,18.79,
2010-01-14,18.823,18.823,18.823,18.823,
2010-01-15,18.546,18.546,18.546,18.546,
2010-01-19,18.589,18.589,18.589,18.589,
2010-01-20,18.286,18.286,18.286,18.286,
2010-01-21,17.914,17.914,17.914,17.914,
2010-01-22,17.871,17.871,17.871,17.871,
2010-01-25,17.907,17.907,17.907,17.907,
2010-01-26,17.838,17.838,17.838,17.838,
2010-01-27,17.96,17.96,17.96,17.96,
2010-01-28,17.851,17.851,17.851,17.851,
2010-01-29,17.874,17.874,17.874,17.874,
2010-02-01,17.917,17.917,17.917,17.917,
2010-02-02,18.138,18.138,18.138,18.138,
2010-02-03,18.078,18.078,18.078,18.078,
2010-02-04,17.604,17.604,17.604,17.604,
2010-02-05,17.492,17.492,17.492,17.492,
2010-02-08,17.347,17.347,17.347,17.347,
2010-02-09,17.795,17.795,17.795,17.795,
2010-02-10,17.722,17.722,17.722,17.722,
2010-02-11,17.864,17.864,17.864,17.864,
2010-02-12,17.785,17.785,17.785,17.785,
2010-02-16,18.062,18.062,18.062,18.062,
2010-02-17,18.23,18.23,18.23,18.23,
2010-02-18,18.421,18.421,18.421,18.421,
2010-02-19,18.358,18.358,18.358,18.358,
2010-02-22,18.246,18.246,18.246,18.246,
2010-02-23,18.065,18.065,18.065,18.065,
2010-02-24,18.174,18.174,18.174,18.174,
2010-02-25,17.502,17.502,17.502,17.502,
2010-02-26,17.37,17.37,17.37,17.37,
2010-03-01,17.551,17.551,17.551,17.551,
2010-03-02,17.561,17.561,17.561,17.561,
2010-03-03,17.769,17.769,17.769,17.769,
2010-03-04,17.946,17.946,17.946,17.946,
2010-03-05,18.022,18.022,18.022,18.022,
2010-03-08,17.943,17.943,17.943,17.943,
2010-03-09,17.851,17.851,17.851,17.851,
2010-03-10,17.858,17.858,17.858,17.858,
2010-03-11,17.804,17.804,17.804,17.804,
2010-03-12,17.721,17.721,17.721,17.721,
2010-03-15,17.821,17.821,17.821,17.821,
2010-03-16,17.838,17.838,17.838,17.838,
2010-03-17,17.884,17.884,17.884,17.884,
2010-03-18,17.921,17.921,17.921,17.921,
2010-03-19,18.186,18.186,18.186,18.186,
2010-03-22,18.117,18.117,18.117,18.117,
2010-03-23,18.369,18.369,18.369,18.369,
2010-03-24,18.143,18.143,18.143,18.143,
2010-03-25,18.203,18.203,18.203,18.203,
2010-03-26,18.153,18.153,18.153,18.153,
2010-03-29,18.193,18.193,18.193,18.193,
2010-03-30,18.226,18.226,18.226,18.226,
2010-03-31,18.269,18.269,18.269,18.269,
2010-04-01,18.369,18.369,18.369,18.369,
2010-04-05,18.223,18.223,18.223,18.223,
2010-04-06,18.034,18.034,18.034,18.034,
2010-04-07,17.877,17.877,17.877,17.877,
2010-04-08,17.858,17.858,17.858,17.858,
2010-04-09,18.133,18.133,18.133,18.133,
2010-04-12,18.19,18.19,18.19,18.19,
2010-04-13,18.276,18.276,18.276,18.276,
2010-04-14,18.253,18.253,18.253,18.253,
2010-04-15,18.024,18.024,18.024,18.024,
2010-04-16,18.259,18.259,18.259,18.259,
2010-04-19,18.376,18.376,18.376,18.376,
2010-04-20,18.093,18.093,18.093,18.093,
2010-04-21,18.0,18.0,18.0,18.0,
2010-04-22,18.04,18.04,18.04,18.04,
2010-04-23,17.897,17.897,17.897,17.897,
2010-04-26,17.848,17.848,17.848,17.848,
2010-04-27,17.562,17.562,17.562,17.562,
2010-04-28,17.725,17.725,17.725,17.725,
2010-04-29,17.851,17.851,17.851,17.851,
2010-04-30,17.755,17.755,17.755,17.755,
2010-05-03,17.858,17.858,17.858,17.858,
2010-05-04,17.665,17.665,17.665,17.665,
2010-05-05,17.824,17.824,17.824,17.824,
2010-05-06,17.373,17.373,17.373,17.373,
2010-05-07,17.495,17.495,17.495,17.495,
2010-05-10,17.951,17.951,17.951,17.951,
2010-05-11,17.808,17.808,17.808,17.808,
2010-05-12,17.944,17.944,17.944,17.944,
2010-05-13,17.768,17.768,17.768,17.768,
2010-05-14,17.718,17.718,17.718,17.718,
2010-05-17,17.741,17.741,17.741,17.741,
2010-05-18,17.638,17.638,17.638,17.638,
2010-05-19,17.645,17.645,17.645,17.645,
2010-05-20,17.12,17.12,17.12,17.12,
2010-05-21,17.137,17.137,17.137,17.137,
2010-05-24,17.094,17.094,17.094,17.094,
2010-05-25,16.815,16.815,16.815,16.815,
2010-05-26,16.635,16.635,16.635,16.635,
2010-05-27,17.017,17.017,17.017,17.017,
2010-05-28,17.074,17.074,17.074,17.074,
2010-06-01,17.037,17.037,17.037,17.037,
2010-06-02,17.409,17.409,17.409,17.409,
2010-06-03,17.522,17.522,17.522,17.522,
2010-06-04,17.03,17.03,17.03,17.03,
2010-06-07,16.874,16.874,16.874,16.874,
2010-06-08,17.127,17.127,17.127,17.127,
2010-06-09,17.057,17.057,17.057,17.057,
2010-06-10,17.422,17.422,17.422,17.422,
2010-06-11,17.302,17.302,17.302,17.302,
2010-06-14,17.255,17.255,17.255,17.255,
2010-06-15,17.479,17.479,17.479,17.479,
2010-06-16,17.553,17.553,17.553,17.553,
2010-06-17,17.54,17.54,17.54,17.54,
2010-06-18,17.523,17.523,17.523,17.523,
2010-06-21,17.58,17.58,17.58,17.58,
2010-06-22,17.573,17.573,17.573,17.573,
2010-06-23,17.499,17.499,17.499,17.499,
2010-06-24,17.352,17.352,17.352,17.352,
2010-06-25,16.836,16.836,16.836,16.836,
2010-06-28,17.111,17.111,17.111,17.111,
2010-06-29,16.86,16.86,16.86,16.86,
2010-06-30,16.789,16.789,16.789,16.789,
2010-07-01,16.759,16.759,16.759,16.759,
2010-07-02,16.766,16.766,16.766,16.766,
2010-07-06,16.893,16.893,16.893,16.893,
2010-07-07,17.241,17.241,17.241,17.241,
2010-07-08,17.56,17.56,17.56,17.56,
2010-07-09,17.553,17.553,17.553,17.553,
2010-07-12,17.57,17.57,17.57,17.57,
2010-07-13,17.66,17.66,17.66,17.66,
2010-07-14,17.694,17.694,17.694,17.694,
2010-07-15,17.704,17.704,17.704,17.704,
2010-07-16,17.543,17.543,17.543,17.543,
2010-07-19,17.509,17.509,17.509,17.509,
2010-07-20,17.834,17.834,17.834,17.834,
2010-07-21,18.116,18.116,18.116,18.116,
2010-07-22,18.176,18.176,18.176,18.176,
2010-07-23,18.34,18.34,18.34,18.34,
2010-07-26,18.404,18.404,18.404,18.404,
2010-07-27,18.441,18.441,18.441,18.441,
2010-07-28,18.384,18.384,18.384,18.384,
2010-07-29,18.421,18.421,18.421,18.421,
2010-07-30,18.461,18.461,18.461,18.461,
2010-08-02,18.896,18.896,18.896,18.896,
2010-08-03,18.886,18.886,18.886,18.886,
2010-08-04,18.943,18.943,18.943,18.943,
2010-08-05,18.883,18.883,18.883,18.883,
2010-08-06,19.01,19.01,19.01,19.01,
2010-08-09,19.131,19.131,19.131,19.131,
2010-08-10,19.087,19.087,19.087,19.087,
2010-08-11,18.772,18.772,18.772,18.772,
2010-08-12,18.655,18.655,18.655,18.655,
2010-08-13,18.669,18.669,18.669,18.669,
2010-08-16,18.719,18.719,18.719,18.719,
2010-08-17,18.799,18.799,18.799,18.799,
2010-08-18,18.705,18.705,18.705,18.705,
2010-08-19,18.518,18.518,18.518,18.518,
2010-08-20,18.524,18.524,18.524,18.524,
2010-08-23,18.625,18.625,18.625,18.625,
2010-08-24,18.645,18.645,18.645,18.645,
2010-08-25,18.555,18.555,18.555,18.555,
2010-08-26,18.478,18.478,18.478,18.478,
2010-08-27,18.813,18.813,18.813,18.813,
2010-08-30,18.608,18.608,18.608,18.608,
2010-08-31,18.719,18.719,18.719,18.719,
2010-09-01,19.198,19.198,19.198,19.198,
2010-09-02,19.221,19.221,19.221,19.221,
2010-09-03,19.282,19.282,19.282,19.282,
2010-09-07,19.305,19.305,19.305,19.305,
2010-09-08,19.372,19.372,19.372,19.372,
2010-09-09,19.526,19.526,19.526,19.526,
2010-09-10,19.603,19.603,19.603,19.603,
2010-09-13,19.586,19.586,19.586,19.586,
2010-09-14,19.438,19.438,19.438,19.438,
2010-09-15,19.38,19.38,19.38,19.38,
2010-09-16,19.411,19.411,19.411,19.411,
2010-09-17,19.428,19.428,19.428,19.428,
2010-09-20,19.566,19.566,19.566,19.566,
2010-09-21,19.613,19.613,19.613,19.613,
2010-09-22,19.654,19.654,19.654,19.654,
2010-09-23,19.532,19.532,19.532,19.532,
2010-09-24,19.785,19.785,19.785,19.785,
2010-09-27,19.779,19.779,19.779,19.779,
2010-09-28,19.947,19.947,19.947,19.947,
2010-09-29,19.833,19.833,19.833,19.833,
2010-09-30,19.752,19.752,19.752,19.752,
2010-10-01,19.954,19.954,19.954,19.954,
2010-10-04,19.873,19.873,19.873,19.873,
2010-10-05,20.136,20.136,20.136,20.136,
2010-10-06,20.184,20.184,20.184,20.184,
2010-10-07,20.062,20.062,20.062,20.062,
2010-10-08,20.052,20.052,20.052,20.052,
2010-10-11,20.103,20.103,20.103,20.103,
2010-10-12,20.116,20.116,20.116,20.116,
2010-10-13,20.231,20.231,20.231,20.231,
2010-10-14,20.221,20.221,20.221,20.221,
2010-10-15,20.231,20.231,20.231,20.231,
2010-10-18,20.251,20.251,20.251,20.251,
2010-10-19,20.366,20.366,20.366,20.366,
2010-10-20,20.639,20.639,20.639,20.639,
2010-10-21,20.747,20.747,20.747,20.747,
2010-10-22,20.795,20.795,20.795,20.795,
2010-10-25,20.592,20.592,20.592,20.592,
2010-10-26,20.67,20.67,20.67,20.67,
2010-10-27,20.653,20.653,20.653,20.653,
2010-10-28,20.66,20.66,20.66,20.66,
2010-10-29,20.697,20.697,20.697,20.697,
2010-11-01,20.828,20.828,20.828,20.828,
2010-11-02,20.879,20.879,20.879,20.879,
2010-11-03,20.909,20.909,20.909,20.909,
2010-11-04,21.078,21.078,21.078,21.078,
2010-11-05,21.122,21.122,21.122,21.122,
2010-11-08,21.081,21.081,21.081,21.081,
2010-11-09,21.142,21.142,21.142,21.142,
2010-11-10,21.112,21.112,21.112,21.112,
2010-11-11,21.196,21.196,21.196,21.196,
2010-11-12,21.237,21.237,21.237,21.237,
2010-11-15,21.25,21.25,21.25,21.25,
2010-11-16,20.953,20.953,20.953,20.953,
2010-11-17,21.102,21.102,21.102,21.102,
2010-11-18,21.547,21.547,21.547,21.547,
2010-11-19,21.709,21.709,21.709,21.709,
2010-11-22,21.692,21.692,21.692,21.692,
2010-11-23,21.473,21.473,21.473,21.473,
2010-11-24,21.807,21.807,21.807,21.807,
2010-11-26,21.638,21.638,21.638,21.638,
2010-11-29,21.543,21.543,21.543,21.543,
2010-11-30,21.468,21.468,21.468,21.468,
2010-12-01,21.988,21.988,21.988,21.988,
2010-12-02,22.056,22.056,22.056,22.056,
2010-12-03,21.92,21.92,21.92,21.92,
2010-12-06,21.747,21.747,21.747,21.747,
2010-12-07,21.798,21.798,21.798,21.798,
2010-12-08,21.883,21.883,21.883,21.883,
2010-12-09,22.033,22.033,22.033,22.033,
2010-12-10,21.971,21.971,21.971,21.971,
2010-12-13,22.039,22.039,22.039,22.039,
2010-12-14,21.717,21.717,21.717,21.717,
2010-12-15,22.002,22.002,22.002,22.002,
2010-12-16,22.206,22.206,22.206,22.206,
2010-12-17,22.328,22.328,22.328,22.328,
2010-12-20,22.196,22.196,22.196,22.196,
2010-12-21,22.257,22.257,22.257,22.257,
2010-12-22,22.291,22.291,22.291,22.291,
2010-12-23,22.287,22.287,22.287,22.287,
2010-12-27,22.114,22.114,22.114,22.114,
2010-12-28,22.213,22.213,22.213,22.213,
2010-12-29,22.243,22.243,22.243,22.243,
2010-12-30,22.26,22.26,22.26,22.26,
2010-12-31,22.352,22.352,22.352,22.352,
2011-01-03,22.165,22.165,22.165,22.165,
2011-01-04,21.706,21.706,21.706,21.706,
2011-01-05,21.577,21.577,21.577,21.577,
2011-01-06,21.421,21.421,21.421,21.421,
2011-01-07,21.383,21.383,21.383,21.383,
2011-01-10,21.431,21.431,21.431,21.431,
2011-01-11,21.305,21.305,21.305,21.305,
2011-01-12,21.424,21.424,21.424,21.424,
2011-01-13,21.547,21.547,21.547,21.547,
2011-01-14,21.455,21.455,21.455,21.455,
2011-01-18,21.574,21.574,21.574,21.574,
2011-01-19,21.553,21.553,21.553,21.553,
2011-01-20,21.387,21.387,21.387,21.387,
2011-01-21,21.332,21.332,21.332,21.332,
2011-01-24,21.496,21.496,21.496,21.496,
2011-01-25,21.397,21.397,21.397,21.397,
2011-01-26,21.397,21.397,21.397,21.397,
2011-01-27,21.309,21.309,21.309,21.309,
2011-01-28,21.142,21.142,21.142,21.142,
2011-01-31,21.36,21.36,21.36,21.36,
2011-02-01,21.428,21.428,21.428,21.428,
2011-02-02,21.363,21.363,21.363,21.363,
2011-02-03,21.265,21.265,21.265,21.265,
2011-02-04,21.261,21.261,21.261,21.261,
2011-02-07,21.248,21.248,21.248,21.248,
2011-02-08,21.366,21.366,21.366,21.366,
2011-02-09,21.462,21.462,21.462,21.462,
2011-02-10,21.594,21.594,21.594,21.594,
2011-02-11,21.604,21.604,21.604,21.604,
2011-02-14,21.458,21.458,21.458,21.458,
2011-02-15,21.475,21.475,21.475,21.475,
2011-02-16,21.547,21.547,21.547,21.547,
2011-02-17,21.937,21.937,21.937,21.937,
2011-02-18,21.937,21.937,21.937,21.937,
2011-02-22,21.669,21.669,21.669,21.669,
2011-02-23,21.72,21.72,21.72,21.72,
2011-02-24,21.71,21.71,21.71,21.71,
2011-02-25,21.856,21.856,21.856,21.856,
2011-02-28,21.723,21.723,21.723,21.723,
2011-03-01,22.06,22.06,22.06,22.06,
2011-03-02,21.897,21.897,21.897,21.897,
2011-03-03,22.284,22.284,22.284,22.284,
2011-03-04,22.162,22.162,22.162,22.162,
2011-03-07,22.165,22.165,22.165,22.165,
2011-03-08,22.308,22.308,22.308,22.308,
2011-03-09,22.301,22.301,22.301,22.301,
2011-03-10,22.189,22.189,22.189,22.189,
2011-03-11,22.185,22.185,22.185,22.185,
2011-03-14,21.888,21.888,21.888,21.888,
2011-03-15,21.576,21.576,21.576,21.576,
2011-03-16,21.087,21.087,21.087,21.087,
2011-03-17,21.319,21.319,21.319,21.319,
2011-03-18,21.463,21.463,21.463,21.463,
2011-03-21,21.761,21.761,21.761,21.761,
2011-03-22,21.74,21.74,21.74,21.74,
2011-03-23,22.001,22.001,22.001,22.001,
2011-03-24,22.144,22.144,22.144,22.144,
2011-03-25,22.326,22.326,22.326,22.326,
2011-03-28,22.261,22.261,22.261,22.261,
2011-03-29,22.497,22.497,22.497,22.497,
2011-03-30,22.607,22.607,22.607,22.607,
2011-03-31,22.709,22.709,22.709,22.709,
2011-04-01,23.01,23.01,23.01,23.01,
2011-04-04,23.161,23.161,23.161,23.161,
2011-04-05,23.096,23.096,23.096,23.096,
2011-04-06,23.151,23.151,23.151,23.151,
2011-04-07,23.086,23.086,23.086,23.086,
2011-04-08,23.028,23.028,23.028,23.028,
2011-04-11,23.072,23.072,23.072,23.072,
2011-04-12,22.901,22.901,22.901,22.901,
2011-04-13,23.031,23.031,23.031,23.031,
2011-04-14,23.384,23.384,23.384,23.384,
2011-04-15,23.281,23.281,23.281,23.281,
2011-04-18,23.041,23.041,23.041,23.041,
2011-04-19,22.966,22.966,22.966,22.966,
2011-04-20,23.226,23.226,23.226,23.226,
2011-04-21,23.236,23.236,23.236,23.236,
2011-04-25,23.188,23.188,23.188,23.188,
2011-04-26,22.911,22.911,22.911,22.911,
2011-04-27,22.935,22.935,22.935,22.935,
2011-04-28,23.076,23.076,23.076,23.076,
2011-04-29,23.093,23.093,23.093,23.093,
2011-05-02,23.182,23.182,23.182,23.182,
2011-05-03,23.236,23.236,23.236,23.236,
2011-05-04,23.093,23.093,23.093,23.093,
2011-05-05,22.832,22.832,22.832,22.832,
2011-05-06,22.901,22.901,22.901,22.901,
2011-05-09,22.918,22.918,22.918,22.918,
2011-05-10,23.052,23.052,23.052,23.052,
2011-05-11,23.045,23.045,23.045,23.045,
2011-05-12,23.384,23.384,23.384,23.384,
2011-05-13,23.339,23.339,23.339,23.339,
2011-05-16,23.219,23.219,23.219,23.219,
2011-05-17,23.274,23.274,23.274,23.274,
2011-05-18,23.38,23.38,23.38,23.38,
2011-05-19,23.435,23.435,23.435,23.435,
2011-05-20,23.38,23.38,23.38,23.38,
2011-05-23,23.103,23.103,23.103,23.103,
2011-05-24,23.096,23.096,23.096,23.096,
2011-05-25,22.904,22.904,22.904,22.904,
2011-05-26,22.832,22.832,22.832,22.832,
2011-05-27,22.767,22.767,22.767,22.767,
2011-05-31,22.87,22.87,22.87,22.87,
2011-06-01,22.853,22.853,22.853,22.853,
2011-06-02,22.607,22.607,22.607,22.607,
2011-06-03,22.432,22.432,22.432,22.432,
2011-06-06,22.394,22.394,22.394,22.394,
2011-06-07,22.319,22.319,22.319,22.319,
2011-06-08,22.387,22.387,22.387,22.387,
2011-06-09,22.555,22.555,22.555,22.555,
2011-06-10,22.384,22.384,22.384,22.384,
2011-06-13,22.453,22.453,22.453,22.453,
2011-06-14,22.622,22.622,22.622,22.622,
2011-06-15,22.401,22.401,22.401,22.401,
2011-06-16,22.581,22.581,22.581,22.581,
2011-06-17,22.625,22.625,22.625,22.625,
2011-06-20,22.698,22.698,22.698,22.698,
2011-06-21,22.846,22.846,22.846,22.846,
2011-06-22,22.894,22.894,22.894,22.894,
2011-06-23,22.405,22.405,22.405,22.405,
2011-06-24,22.387,22.387,22.387,22.387,
2011-06-27,22.484,22.484,22.484,22.484,
2011-06-28,22.767,22.767,22.767,22.767,
2011-06-29,23.001,23.001,23.001,23.001,
2011-06-30,23.201,23.201,23.201,23.201,
2011-07-01,23.477,23.477,23.477,23.477,
2011-07-05,23.549,23.549,23.549,23.549,
2011-07-06,23.629,23.629,23.629,23.629,
2011-07-07,23.705,23.705,23.705,23.705,
2011-07-08,23.68,23.68,23.68,23.68,
2011-07-11,23.48,23.48,23.48,23.48,
2011-07-12,23.394,23.394,23.394,23.394,
2011-07-13,23.467,23.467,23.467,23.467,
2011-07-14,23.332,23.332,23.332,23.332,
2011-07-15,23.284,23.284,23.284,23.284,
2011-07-18,23.143,23.143,23.143,23.143,
2011-07-19,23.901,23.901,23.901,23.901,
2011-07-20,23.746,23.746,23.746,23.746,
2011-07-21,23.908,23.908,23.908,23.908,
2011-07-22,24.042,24.042,24.042,24.042,
2011-07-25,23.88,23.88,23.88,23.88,
2011-07-26,23.856,23.856,23.856,23.856,
2011-07-27,23.684,23.684,23.684,23.684,
2011-07-28,23.725,23.725,23.725,23.725,
2011-07-29,23.449,23.449,23.449,23.449,
2011-08-01,23.353,23.353,23.353,23.353,
2011-08-02,23.125,23.125,23.125,23.125,
2011-08-03,23.584,23.584,23.584,23.584,
2011-08-04,22.694,22.694,22.694,22.694,
2011-08-05,23.022,23.022,23.022,23.022,
2011-08-08,22.453,22.453,22.453,22.453,
2011-08-09,22.991,22.991,22.991,22.991,
2011-08-10,22.053,22.053,22.053,22.053,
2011-08-11,22.918,22.918,22.918,22.918,
2011-08-12,23.149,23.149,23.149,23.149,
2011-08-15,23.515,23.515,23.515,23.515,
2011-08-16,23.505,23.505,23.505,23.505,
2011-08-17,23.887,23.887,23.887,23.887,
2011-08-18,23.363,23.363,23.363,23.363,
2011-08-19,23.136,23.136,23.136,23.136,
2011-08-22,23.194,23.194,23.194,23.194,
2011-08-23,23.811,23.811,23.811,23.811,
2011-08-24,24.025,24.025,24.025,24.025,
2011-08-25,23.436,23.436,23.436,23.436,
2011-08-26,23.618,23.618,23.618,23.618,
2011-08-29,24.042,24.042,24.042,24.042,
2011-08-30,24.087,24.087,24.087,24.087,
2011-08-31,24.291,24.291,24.291,24.291,
2011-09-01,24.291,24.291,24.291,24.291,
2011-09-02,24.046,24.046,24.046,24.046,
2011-09-06,23.939,23.939,23.939,23.939,
2011-09-07,24.411,24.411,24.411,24.411,
2011-09-08,24.539,24.539,24.539,24.539,
2011-09-09,23.918,23.918,23.918,23.918,
2011-09-12,23.922,23.922,23.922,23.922,
2011-09-13,23.988,23.988,23.988,23.988,
2011-09-14,24.22,24.22,24.22,24.22,
2011-09-15,24.654,24.654,24.654,24.654,
2011-09-16,24.727,24.727,24.727,24.727,
2011-09-19,24.47,24.47,24.47,24.47,
2011-09-20,24.526,24.526,24.526,24.526,
2011-09-21,24.05,24.05,24.05,24.05,
2011-09-22,23.543,23.543,23.543,23.543,
2011-09-23,23.405,23.405,23.405,23.405,
2011-09-26,23.87,23.87,23.87,23.87,
2011-09-27,24.151,24.151,24.151,24.151,
2011-09-28,23.627,23.627,23.627,23.627,
2011-09-29,23.97,23.97,23.97,23.97,
2011-09-30,23.453,23.453,23.453,23.453,
2011-10-03,22.71,22.71,22.71,22.71,
2011-10-04,22.644,22.644,22.644,22.644,
2011-10-05,22.748,22.748,22.748,22.748,
2011-10-06,22.7,22.7,22.7,22.7,
2011-10-07,22.877,22.877,22.877,22.877,
2011-10-10,23.224,23.224,23.224,23.224,
2011-10-11,23.189,23.189,23.189,23.189,
2011-10-12,23.425,23.425,23.425,23.425,
2011-10-13,23.398,23.398,23.398,23.398,
2011-10-14,23.554,23.554,23.554,23.554,
2011-10-17,23.259,23.259,23.259,23.259,
2011-10-18,23.169,23.169,23.169,23.169,
2011-10-19,23.269,23.269,23.269,23.269,
2011-10-20,23.3,23.3,23.3,23.3,
2011-10-21,23.672,23.672,23.672,23.672,
2011-10-24,23.561,23.561,23.561,23.561,
2011-10-25,23.241,23.241,23.241,23.241,
2011-10-26,23.422,23.422,23.422,23.422,
2011-10-27,23.804,23.804,23.804,23.804,
2011-10-28,23.929,23.929,23.929,23.929,
2011-10-31,23.717,23.717,23.717,23.717,
2011-11-01,23.273,23.273,23.273,23.273,
2011-11-02,23.526,23.526,23.526,23.526,
2011-11-03,23.832,23.832,23.832,23.832,
2011-11-04,23.53,23.53,23.53,23.53,
2011-11-07,23.679,23.679,23.679,23.679,
2011-11-08,23.832,23.832,23.832,23.832,
2011-11-09,23.269,23.269,23.269,23.269,
2011-11-10,23.394,23.394,23.394,23.394,
2011-11-11,23.648,23.648,23.648,23.648,
2011-11-14,23.533,23.533,23.533,23.533,
2011-11-15,23.606,23.606,23.606,23.606,
2011-11-16,23.262,23.262,23.262,23.262,
2011-11-17,23.127,23.127,23.127,23.127,
2011-11-18,23.394,23.394,23.394,23.394,
2011-11-21,22.894,22.894,22.894,22.894,
2011-11-22,22.901,22.901,22.901,22.901,
2011-11-23,22.519,22.519,22.519,22.519,
2011-11-25,22.474,22.474,22.474,22.474,
2011-11-28,22.623,22.623,22.623,22.623,
2011-11-29,23.144,23.144,23.144,23.144,
2011-11-30,23.508,23.508,23.508,23.508,
2011-12-01,23.368,23.368,23.368,23.368,
2011-12-02,23.211,23.211,23.211,23.211,
2011-12-05,23.186,23.186,23.186,23.186,
2011-12-06,23.316,23.316,23.316,23.316,
2011-12-07,23.351,23.351,23.351,23.351,
2011-12-08,23.333,23.333,23.333,23.333,
2011-12-09,23.627,23.627,23.627,23.627,
2011-12-12,23.389,23.389,23.389,23.389,
2011-12-13,23.246,23.246,23.246,23.246,
2011-12-14,23.169,23.169,23.169,23.169,
2011-12-15,23.389,23.389,23.389,23.389,
2011-12-16,23.582,23.582,23.582,23.582,
2011-12-19,23.557,23.557,23.557,23.557,
2011-12-20,23.917,23.917,23.917,23.917,
2011-12-21,24.326,24.326,24.326,24.326,
2011-12-22,24.193,24.193,24.193,24.193,
2011-12-23,24.456,24.456,24.456,24.456,
2011-12-27,24.435,24.435,24.435,24.435,
2011-12-28,24.305,24.305,24.305,24.305,
2011-12-29,24.533,24.533,24.533,24.533,
2011-12-30,24.466,24.466,24.466,24.466,
2012-01-03,24.526,24.526,24.526,24.526,
2012-01-04,24.372,24.372,24.372,24.372,
2012-01-05,24.256,24.256,24.256,24.256,
2012-01-06,24.103,24.103,24.103,24.103,
2012-01-09,24.103,24.103,24.103,24.103,
2012-01-10,24.246,24.246,24.246,24.246,
2012-01-11,23.798,23.798,23.798,23.798,
2012-01-12,23.627,23.627,23.627,23.627,
2012-01-13,23.424,23.424,23.424,23.424,
2012-01-17,23.55,23.55,23.55,23.55,
2012-01-18,23.634,23.634,23.634,23.634,
2012-01-19,23.585,23.585,23.585,23.585,
2012-01-20,23.809,23.809,23.809,23.809,
2012-01-23,23.963,23.963,23.963,23.963,
2012-01-24,23.742,23.742,23.742,23.742,
2012-01-25,23.928,23.928,23.928,23.928,
2012-01-26,23.781,23.781,23.781,23.781,
2012-01-27,23.582,23.582,23.582,23.582,
2012-01-30,23.589,23.589,23.589,23.589,
2012-01-31,23.613,23.613,23.613,23.613,
2012-02-01,23.725,23.725,23.725,23.725,
2012-02-02,23.718,23.718,23.718,23.718,
2012-02-03,23.805,23.805,23.805,23.805,
2012-02-06,23.788,23.788,23.788,23.788,
2012-02-07,23.97,23.97,23.97,23.97,
2012-02-08,23.893,23.893,23.893,23.893,
2012-02-09,23.767,23.767,23.767,23.767,
2012-02-10,23.756,23.756,23.756,23.756,
2012-02-13,23.931,23.931,23.931,23.931,
2012-02-14,24.092,24.092,24.092,24.092,
2012-02-15,23.917,23.917,23.917,23.917,
2012-02-16,24.078,24.078,24.078,24.078,
2012-02-17,24.145,24.145,24.145,24.145,
2012-02-21,24.064,24.064,24.064,24.064,
2012-02-22,24.214,24.214,24.214,24.214,
2012-02-23,24.19,24.19,24.19,24.19,
2012-02-24,24.127,24.127,24.127,24.127,
2012-02-27,24.068,24.068,24.068,24.068,
2012-02-28,24.075,24.075,24.075,24.075,
2012-02-29,24.428,24.428,24.428,24.428,
2012-03-01,24.337,24.337,24.337,24.337,
2012-03-02,24.19,24.19,24.19,24.19,
2012-03-05,24.207,24.207,24.207,24.207,
2012-03-06,24.043,24.043,24.043,24.043,
2012-03-07,24.054,24.054,24.054,24.054,
2012-03-08,24.221,24.221,24.221,24.221,
2012-03-09,24.305,24.305,24.305,24.305,
2012-03-12,24.529,24.529,24.529,24.529,
2012-03-13,24.744,24.744,24.744,24.744,
2012-03-14,24.733,24.733,24.733,24.733,
2012-03-15,24.772,24.772,24.772,24.772,
2012-03-16,24.712,24.712,24.712,24.712,
2012-03-19,24.797,24.797,24.797,24.797,
2012-03-20,24.864,24.864,24.864,24.864,
2012-03-21,25.05,25.05,25.05,25.05,
2012-03-22,25.156,25.156,25.156,25.156,
2012-03-23,25.181,25.181,25.181,25.181,
2012-03-26,25.325,25.325,25.325,25.325,
2012-03-27,25.315,25.315,25.315,25.315,
2012-03-28,25.593,25.593,25.593,25.593,
2012-03-29,25.998,25.998,25.998,25.998,
2012-03-30,26.068,26.068,26.068,26.068,
2012-04-02,26.114,26.114,26.114,26.114,
2012-04-03,25.98,25.98,25.98,25.98,
2012-04-04,25.875,25.875,25.875,25.875,
2012-04-05,25.878,25.878,25.878,25.878,
2012-04-09,25.667,25.667,25.667,25.667,
2012-04-10,25.367,25.367,25.367,25.367,
2012-04-11,25.403,25.403,25.403,25.403,
2012-04-12,25.438,25.438,25.438,25.438,
2012-04-13,25.339,25.339,25.339,25.339,
2012-04-16,25.515,25.515,25.515,25.515,
2012-04-17,26.047,26.047,26.047,26.047,
2012-04-18,26.125,26.125,26.125,26.125,
2012-04-19,26.001,26.001,26.001,26.001,
2012-04-20,26.111,26.111,26.111,26.111,
2012-04-23,25.956,25.956,25.956,25.956,
2012-04-24,26.107,26.107,26.107,26.107,
2012-04-25,26.392,26.392,26.392,26.392,
2012-04-26,26.667,26.667,26.667,26.667,
2012-04-27,26.991,26.991,26.991,26.991,
2012-04-30,26.882,26.882,26.882,26.882,
2012-05-01,27.097,27.097,27.097,27.097,
2012-05-02,27.178,27.178,27.178,27.178,
2012-05-03,27.277,27.277,27.277,27.277,
2012-05-04,27.122,27.122,27.122,27.122,
2012-05-07,27.22,27.22,27.22,27.22,
2012-05-08,27.171,27.171,27.171,27.171,
2012-05-09,27.044,27.044,27.044,27.044,
2012-05-10,27.266,27.266,27.266,27.266,
2012-05-11,27.287,27.287,27.287,27.287,
2012-05-14,27.076,27.076,27.076,27.076,
2012-05-15,26.97,26.97,26.97,26.97,
2012-05-16,26.886,26.886,26.886,26.886,
2012-05-17,26.459,26.459,26.459,26.459,
2012-05-18,26.083,26.083,26.083,26.083,
2012-05-21,26.245,26.245,26.245,26.245,
2012-05-22,26.132,26.132,26.132,26.132,
2012-05-23,26.259,26.259,26.259,26.259,
2012-05-24,26.614,26.614,26.614,26.614,
2012-05-25,26.498,26.498,26.498,26.498,
2012-05-29,26.579,26.579,26.579,26.579,
2012-05-30,26.438,26.438,26.438,26.438,
2012-05-31,26.322,26.322,26.322,26.322,
2012-06-01,25.744,25.744,25.744,25.744,
2012-06-04,25.938,25.938,25.938,25.938,
2012-06-05,25.797,25.797,25.797,25.797,
2012-06-06,26.28,26.28,26.28,26.28,
2012-06-07,26.164,26.164,26.164,26.164,
2012-06-08,26.502,26.502,26.502,26.502,
2012-06-11,26.297,26.297,26.297,26.297,
2012-06-12,26.488,26.488,26.488,26.488,
2012-06-13,26.488,26.488,26.488,26.488,
2012-06-14,26.86,26.86,26.86,26.86,
2012-06-15,26.984,26.984,26.984,26.984,
2012-06-18,26.945,26.945,26.945,26.945,
2012-06-19,26.86,26.86,26.86,26.86,
2012-06-20,26.796,26.796,26.796,26.796,
2012-06-21,26.48,26.48,26.48,26.48,
2012-06-22,26.576,26.576,26.576,26.576,
2012-06-25,26.516,26.516,26.516,26.516,
2012-06-26,26.626,26.626,26.626,26.626,
2012-06-27,27.073,27.073,27.073,27.073,
2012-06-28,27.154,27.154,27.154,27.154,
2012-06-29,27.729,27.729,27.729,27.729,
2012-07-02,27.988,27.988,27.988,27.988,
2012-07-03,28.073,28.073,28.073,28.073,
2012-07-05,27.821,27.821,27.821,27.821,
2012-07-06,27.715,27.715,27.715,27.715,
2012-07-09,27.654,27.654,27.654,27.654,
2012-07-10,27.654,27.654,27.654,27.654,
2012-07-11,27.47,27.47,27.47,27.47,
2012-07-12,27.179,27.179,27.179,27.179,
2012-07-13,27.406,27.406,27.406,27.406,
2012-07-16,27.122,27.122,27.122,27.122,
2012-07-17,27.551,27.551,27.551,27.551,
2012-07-18,27.463,27.463,27.463,27.463,
2012-07-19,27.502,27.502,27.502,27.502,
2012-07-20,27.317,27.317,27.317,27.317,
2012-07-23,27.264,27.264,27.264,27.264,
2012-07-24,27.186,27.186,27.186,27.186,
2012-07-25,27.314,27.314,27.314,27.314,
2012-07-26,27.963,27.963,27.963,27.963,
2012-07-27,28.374,28.374,28.374,28.374,
2012-07-30,28.768,28.768,28.768,28.768,
2012-07-31,28.654,28.654,28.654,28.654,
2012-08-01,28.729,28.729,28.729,28.729,
2012-08-02,28.282,28.282,28.282,28.282,
2012-08-03,28.665,28.665,28.665,28.665,
2012-08-06,28.598,28.598,28.598,28.598,
2012-08-07,28.289,28.289,28.289,28.289,
2012-08-08,28.215,28.215,28.215,28.215,
2012-08-09,28.101,28.101,28.101,28.101,
2012-08-10,27.942,27.942,27.942,27.942,
2012-08-13,27.874,27.874,27.874,27.874,
2012-08-14,27.931,27.931,27.931,27.931,
2012-08-15,27.91,27.91,27.91,27.91,
2012-08-16,28.051,28.051,28.051,28.051,
2012-08-17,28.037,28.037,28.037,28.037,
2012-08-20,27.995,27.995,27.995,27.995,
2012-08-21,27.846,27.846,27.846,27.846,
2012-08-22,27.498,27.498,27.498,27.498,
2012-08-23,27.03,27.03,27.03,27.03,
2012-08-24,27.285,27.285,27.285,27.285,
2012-08-27,27.073,27.073,27.073,27.073,
2012-08-28,26.952,26.952,26.952,26.952,
2012-08-29,26.569,26.569,26.569,26.569,
2012-08-30,26.342,26.342,26.342,26.342,
2012-08-31,26.527,26.527,26.527,26.527,
2012-09-04,26.441,26.441,26.441,26.441,
2012-09-05,26.605,26.605,26.605,26.605,
2012-09-06,27.059,27.059,27.059,27.059,
2012-09-07,26.881,26.881,26.881,26.881,
2012-09-10,26.711,26.711,26.711,26.711,
2012-09-11,26.789,26.789,26.789,26.789,
2012-09-12,26.814,26.814,26.814,26.814,
2012-09-13,27.385,27.385,27.385,27.385,
2012-09-14,27.221,27.221,27.221,27.221,
2012-09-17,27.385,27.385,27.385,27.385,
2012-09-18,27.578,27.578,27.578,27.578,
2012-09-19,27.507,27.507,27.507,27.507,
2012-09-20,27.592,27.592,27.592,27.592,
2012-09-21,27.157,27.157,27.157,27.157,
2012-09-24,27.221,27.221,27.221,27.221,
2012-09-25,26.907,26.907,26.907,26.907,
2012-09-26,26.964,26.964,26.964,26.964,
2012-09-27,27.357,27.357,27.357,27.357,
2012-09-28,27.085,27.085,27.085,27.085,
2012-10-01,27.407,27.407,27.407,27.407,
2012-10-02,27.378,27.378,27.378,27.378,
2012-10-03,27.307,27.307,27.307,27.307,
2012-10-04,27.371,27.371,27.371,27.371,
2012-10-05,27.55,27.55,27.55,27.55,
2012-10-08,27.55,27.55,27.55,27.55,
2012-10-09,27.535,27.535,27.535,27.535,
2012-10-10,27.2,27.2,27.2,27.2,
2012-10-11,27.214,27.214,27.214,27.214,
2012-10-12,27.3,27.3,27.3,27.3,
2012-10-15,27.228,27.228,27.228,27.228,
2012-10-16,27.064,27.064,27.064,27.064,
2012-10-17,26.95,26.95,26.95,26.95,
2012-10-18,27.021,27.021,27.021,27.021,
2012-10-19,26.707,26.707,26.707,26.707,
2012-10-22,26.585,26.585,26.585,26.585,
2012-10-23,26.143,26.143,26.143,26.143,
2012-10-24,26.336,26.336,26.336,26.336,
2012-10-25,26.486,26.486,26.486,26.486,
2012-10-26,26.45,26.45,26.45,26.45,
2012-10-31,26.55,26.55,26.55,26.55,
2012-11-01,26.657,26.657,26.657,26.657,
2012-11-02,26.478,26.478,26.478,26.478,
2012-11-05,26.257,26.257,26.257,26.257,
2012-11-06,26.721,26.721,26.721,26.721,
2012-11-07,26.221,26.221,26.221,26.221,
2012-11-08,25.964,25.964,25.964,25.964,
2012-11-09,25.914,25.914,25.914,25.914,
2012-11-12,25.764,25.764,25.764,25.764,
2012-11-13,25.821,25.821,25.821,25.821,
2012-11-14,25.714,25.714,25.714,25.714,
2012-11-15,26.014,26.014,26.014,26.014,
2012-11-16,26.107,26.107,26.107,26.107,
2012-11-19,26.593,26.593,26.593,26.593,
2012-11-20,26.6,26.6,26.6,26.6,
2012-11-21,26.7,26.7,26.7,26.7,
2012-11-23,27.085,27.085,27.085,27.085,
2012-11-26,26.678,26.678,26.678,26.678,
2012-11-27,26.721,26.721,26.721,26.721,
2012-11-28,27.005,27.005,27.005,27.005,
2012-11-29,27.3,27.3,27.3,27.3,
2012-11-30,27.264,27.264,27.264,27.264,
2012-12-03,26.876,26.876,26.876,26.876,
2012-12-04,26.71,26.71,26.71,26.71,
2012-12-05,26.825,26.825,26.825,26.825,
2012-12-06,26.876,26.876,26.876,26.876,
2012-12-07,27.113,27.113,27.113,27.113,
2012-12-10,27.063,27.063,27.063,27.063,
2012-12-11,27.221,27.221,27.221,27.221,
2012-12-12,27.063,27.063,27.063,27.063,
2012-12-13,27.034,27.034,27.034,27.034,
2012-12-14,27.077,27.077,27.077,27.077,
2012-12-17,26.962,26.962,26.962,26.962,
2012-12-18,26.804,26.804,26.804,26.804,
2012-12-19,26.444,26.444,26.444,26.444,
2012-12-20,26.638,26.638,26.638,26.638,
2012-12-21,26.523,26.523,26.523,26.523,
2012-12-24,26.408,26.408,26.408,26.408,
2012-12-26,26.186,26.186,26.186,26.186,
2012-12-27,26.186,26.186,26.186,26.186,
2012-12-28,25.862,25.862,25.862,25.862,
2012-12-31,26.063,26.063,26.063,26.063,
2013-01-02,27.034,27.034,27.034,27.034,
2013-01-03,27.034,27.034,27.034,27.034,
2013-01-04,27.077,27.077,27.077,27.077,
2013-01-07,26.818,26.818,26.818,26.818,
2013-01-08,26.631,26.631,26.631,26.631,
2013-01-09,26.624,26.624,26.624,26.624,
2013-01-10,26.574,26.574,26.574,26.574,
2013-01-11,26.538,26.538,26.538,26.538,
2013-01-14,26.595,26.595,26.595,26.595,
2013-01-15,26.833,26.833,26.833,26.833,
2013-01-16,26.833,26.833,26.833,26.833,
2013-01-17,26.969,26.969,26.969,26.969,
2013-01-18,27.106,27.106,27.106,27.106,
2013-01-22,26.696,26.696,26.696,26.696,
2013-01-23,26.696,26.696,26.696,26.696,
2013-01-24,26.682,26.682,26.682,26.682,
2013-01-25,26.638,26.638,26.638,26.638,
2013-01-28,26.61,26.61,26.61,26.61,
2013-01-29,26.905,26.905,26.905,26.905,
2013-01-30,26.962,26.962,26.962,26.962,
2013-01-31,26.775,26.775,26.775,26.775,
2013-02-01,26.991,26.991,26.991,26.991,
2013-02-04,26.854,26.854,26.854,26.854,
2013-02-05,27.422,27.422,27.422,27.422,
2013-02-06,27.544,27.544,27.544,27.544,
2013-02-07,27.976,27.976,27.976,27.976,
2013-02-08,27.875,27.875,27.875,27.875,
2013-02-11,27.76,27.76,27.76,27.76,
2013-02-12,27.005,27.005,27.005,27.005,
2013-02-13,26.754,26.754,26.754,26.754,
2013-02-14,26.487,26.487,26.487,26.487,
2013-02-15,26.905,26.905,26.905,26.905,
2013-02-19,27.084,27.084,27.084,27.084,
2013-02-20,27.127,27.127,27.127,27.127,
2013-02-21,27.113,27.113,27.113,27.113,
2013-02-22,27.695,27.695,27.695,27.695,
2013-02-25,27.12,27.12,27.12,27.12,
2013-02-26,27.401,27.401,27.401,27.401,
2013-02-27,27.645,27.645,27.645,27.645,
2013-02-28,27.839,27.839,27.839,27.839,
2013-03-01,27.825,27.825,27.825,27.825,
2013-03-04,27.911,27.911,27.911,27.911,
2013-03-05,27.81,27.81,27.81,27.81,
2013-03-06,28.055,28.055,28.055,28.055,
2013-03-07,28.127,28.127,28.127,28.127,
2013-03-08,28.199,28.199,28.199,28.199,
2013-03-11,28.263,28.263,28.263,28.263,
2013-03-12,28.012,28.012,28.012,28.012,
2013-03-13,27.947,27.947,27.947,27.947,
2013-03-14,28.258,28.258,28.258,28.258,
2013-03-15,28.12,28.12,28.12,28.12,
2013-03-18,28.07,28.07,28.07,28.07,
2013-03-19,28.482,28.482,28.482,28.482,
2013-03-20,28.874,28.874,28.874,28.874,
2013-03-21,29.018,29.018,29.018,29.018,
2013-03-22,28.997,28.997,28.997,28.997,
2013-03-25,29.055,29.055,29.055,29.055,
2013-03-26,29.467,29.467,29.467,29.467,
2013-03-27,29.127,29.127,29.127,29.127,
2013-03-28,29.286,29.286,29.286,29.286,
2013-04-01,29.294,29.294,29.294,29.294,
2013-04-02,29.489,29.489,29.489,29.489,
2013-04-03,29.091,29.091,29.091,29.091,
2013-04-04,29.359,29.359,29.359,29.359,
2013-04-05,29.026,29.026,29.026,29.026,
2013-04-08,29.59,29.59,29.59,29.59,
2013-04-09,29.482,29.482,29.482,29.482,
2013-04-10,29.743,29.743,29.743,29.743,
2013-04-11,29.822,29.822,29.822,29.822,
2013-04-12,29.75,29.75,29.75,29.75,
2013-04-15,29.033,29.033,29.033,29.033,
2013-04-16,30.684,30.684,30.684,30.684,
2013-04-17,30.814,30.814,30.814,30.814,
2013-04-18,30.488,30.488,30.488,30.488,
2013-04-19,30.894,30.894,30.894,30.894,
2013-04-22,30.937,30.937,30.937,30.937,
2013-04-23,30.923,30.923,30.923,30.923,
2013-04-24,30.525,30.525,30.525,30.525,
2013-04-25,30.67,30.67,30.67,30.67,
2013-04-26,30.488,30.488,30.488,30.488,
2013-04-29,30.59,30.59,30.59,30.59,
2013-04-30,30.655,30.655,30.655,30.655,
2013-05-01,30.568,30.568,30.568,30.568,
2013-05-02,30.387,30.387,30.387,30.387,
2013-05-03,30.59,30.59,30.59,30.59,
2013-05-06,30.474,30.474,30.474,30.474,
2013-05-07,30.923,30.923,30.923,30.923,
2013-05-08,30.749,30.749,30.749,30.749,
2013-05-09,30.503,30.503,30.503,30.503,
2013-05-10,30.525,30.525,30.525,30.525,
2013-05-13,30.554,30.554,30.554,30.554,
2013-05-14,30.793,30.793,30.793,30.793,
2013-05-15,31.082,31.082,31.082,31.082,
2013-05-16,31.205,31.205,31.205,31.205,
2013-05-17,31.119,31.119,31.119,31.119,
2013-05-20,30.691,30.691,30.691,30.691,
2013-05-21,30.662,30.662,30.662,30.662,
2013-05-22,30.597,30.597,30.597,30.597,
2013-05-23,30.365,30.365,30.365,30.365,
2013-05-24,30.59,30.59,30.59,30.59,
2013-05-28,30.814,30.814,30.814,30.814,
2013-05-29,29.982,29.982,29.982,29.982,
2013-05-30,29.525,29.525,29.525,29.525,
2013-05-31,28.96,28.96,28.96,28.96,
2013-06-03,29.554,29.554,29.554,29.554,
2013-06-04,29.996,29.996,29.996,29.996,
2013-06-05,29.438,29.438,29.438,29.438,
2013-06-06,29.54,29.54,29.54,29.54,
2013-06-07,29.989,29.989,29.989,29.989,
2013-06-10,29.822,29.822,29.822,29.822,
2013-06-11,29.54,29.54,29.54,29.54,
2013-06-12,29.452,29.452,29.452,29.452,
2013-06-13,29.467,29.467,29.467,29.467,
2013-06-14,29.416,29.416,29.416,29.416,
2013-06-17,29.664,29.664,29.664,29.664,
2013-06-18,29.846,29.846,29.846,29.846,
2013-06-19,29.467,29.467,29.467,29.467,
2013-06-20,28.534,28.534,28.534,28.534,
2013-06-21,28.993,28.993,28.993,28.993,
2013-06-24,28.825,28.825,28.825,28.825,
2013-06-25,28.964,28.964,28.964,28.964,
2013-06-26,29.409,29.409,29.409,29.409,
2013-06-27,29.357,29.357,29.357,29.357,
2013-06-28,29.248,29.248,29.248,29.248,
2013-07-01,29.503,29.503,29.503,29.503,
2013-07-02,29.438,29.438,29.438,29.438,
2013-07-03,29.525,29.525,29.525,29.525,
2013-07-05,29.547,29.547,29.547,29.547,
2013-07-08,29.562,29.562,29.562,29.562,
2013-07-09,29.773,29.773,29.773,29.773,
2013-07-10,29.664,29.664,29.664,29.664,
2013-07-11,29.919,29.919,29.919,29.919,
2013-07-12,29.919,29.919,29.919,29.919,
2013-07-15,29.904,29.904,29.904,29.904,
2013-07-16,29.336,29.336,29.336,29.336,
2013-07-17,29.78,29.78,29.78,29.78,
2013-07-18,29.759,29.759,29.759,29.759,
2013-07-19,29.963,29.963,29.963,29.963,
2013-07-22,29.78,29.78,29.78,29.78,
2013-07-23,29.868,29.868,29.868,29.868,
2013-07-24,29.795,29.795,29.795,29.795,
2013-07-25,29.78,29.78,29.78,29.78,
2013-07-26,29.635,29.635,29.635,29.635,
2013-07-29,29.372,29.372,29.372,29.372,
2013-07-30,29.401,29.401,29.401,29.401,
2013-07-31,29.226,29.226,29.226,29.226,
2013-08-01,29.584,29.584,29.584,29.584,
2013-08-02,29.328,29.328,29.328,29.328,
2013-08-05,29.379,29.379,29.379,29.379,
2013-08-06,29.438,29.438,29.438,29.438,
2013-08-07,29.277,29.277,29.277,29.277,
2013-08-08,29.314,29.314,29.314,29.314,
2013-08-09,29.285,29.285,29.285,29.285,
2013-08-12,29.044,29.044,29.044,29.044,
2013-08-13,28.913,28.913,28.913,28.913,
2013-08-14,28.825,28.825,28.825,28.825,
2013-08-15,28.504,28.504,28.504,28.504,
2013-08-16,28.475,28.475,28.475,28.475,
2013-08-19,28.278,28.278,28.278,28.278,
2013-08-20,28.183,28.183,28.183,28.183,
2013-08-21,27.914,27.914,27.914,27.914,
2013-08-22,27.936,27.936,27.936,27.936,
2013-08-23,28.089,28.089,28.089,28.089,
2013-08-26,27.797,27.797,27.797,27.797,
2013-08-27,27.819,27.819,27.819,27.819,
2013-08-28,27.965,27.965,27.965,27.965,
2013-08-29,27.782,27.782,27.782,27.782,
2013-08-30,27.841,27.841,27.841,27.841,
2013-09-03,27.637,27.637,27.637,27.637,
2013-09-04,28.103,28.103,28.103,28.103,
2013-09-05,27.885,27.885,27.885,27.885,
2013-09-06,27.965,27.965,27.965,27.965,
2013-09-09,28.089,28.089,28.089,28.089,
2013-09-10,28.169,28.169,28.169,28.169,
2013-09-11,28.278,28.278,28.278,28.278,
2013-09-12,28.234,28.234,28.234,28.234,
2013-09-13,28.418,28.418,28.418,28.418,
2013-09-16,28.543,28.543,28.543,28.543,
2013-09-17,28.491,28.491,28.491,28.491,
2013-09-18,29.079,29.079,29.079,29.079,
2013-09-19,28.873,28.873,28.873,28.873,
2013-09-20,28.939,28.939,28.939,28.939,
2013-09-23,28.374,28.374,28.374,28.374,
2013-09-24,28.3,28.3,28.3,28.3,
2013-09-25,28.153,28.153,28.153,28.153,
2013-09-26,28.455,28.455,28.455,28.455,
2013-09-27,28.205,28.205,28.205,28.205,
2013-09-30,27.823,27.823,27.823,27.823,
2013-10-01,27.874,27.874,27.874,27.874,
2013-10-02,27.492,27.492,27.492,27.492,
2013-10-03,27.294,27.294,27.294,27.294,
2013-10-04,27.323,27.323,27.323,27.323,
2013-10-07,27.213,27.213,27.213,27.213,
2013-10-08,27.382,27.382,27.382,27.382,
2013-10-09,27.235,27.235,27.235,27.235,
2013-10-10,27.749,27.749,27.749,27.749,
2013-10-11,27.742,27.742,27.742,27.742,
2013-10-14,27.845,27.845,27.845,27.845,
2013-10-15,27.661,27.661,27.661,27.661,
2013-10-16,27.911,27.911,27.911,27.911,
2013-10-17,28.315,28.315,28.315,28.315,
2013-10-18,28.484,28.484,28.484,28.484,
2013-10-21,28.513,28.513,28.513,28.513,
2013-10-22,28.712,28.712,28.712,28.712,
2013-10-23,28.712,28.712,28.712,28.712,
2013-10-24,28.499,28.499,28.499,28.499,
2013-10-25,28.668,28.668,28.668,28.668,
2013-10-28,29.094,29.094,29.094,29.094,
2013-10-29,29.233,29.233,29.233,29.233,
2013-10-30,29.101,29.101,29.101,29.101,
2013-10-31,29.064,29.064,29.064,29.064,
2013-11-01,29.094,29.094,29.094,29.094,
2013-11-04,29.02,29.02,29.02,29.02,
2013-11-05,29.013,29.013,29.013,29.013,
2013-11-06,29.417,29.417,29.417,29.417,
2013-11-07,29.255,29.255,29.255,29.255,
2013-11-08,29.417,29.417,29.417,29.417,
2013-11-11,29.285,29.285,29.285,29.285,
2013-11-12,29.292,29.292,29.292,29.292,
2013-11-13,29.468,29.468,29.468,29.468,
2013-11-14,29.534,29.534,29.534,29.534,
2013-11-15,29.542,29.542,29.542,29.542,
2013-11-18,29.505,29.505,29.505,29.505,
2013-11-19,29.483,29.483,29.483,29.483,
2013-11-20,29.424,29.424,29.424,29.424,
2013-11-21,29.696,29.696,29.696,29.696,
2013-11-22,29.696,29.696,29.696,29.696,
2013-11-25,29.652,29.652,29.652,29.652,
2013-11-26,29.564,29.564,29.564,29.564,
2013-11-27,29.726,29.726,29.726,29.726,
2013-11-29,29.726,29.726,29.726,29.726,
2013-12-02,29.645,29.645,29.645,29.645,
2013-12-03,29.845,29.845,29.845,29.845,
2013-12-04,29.86,29.86,29.86,29.86,
2013-12-05,29.46,29.46,29.46,29.46,
2013-12-06,29.926,29.926,29.926,29.926,
2013-12-09,29.882,29.882,29.882,29.882,
2013-12-10,29.475,29.475,29.475,29.475,
2013-12-11,29.682,29.682,29.682,29.682,
2013-12-12,29.002,29.002,29.002,29.002,
2013-12-13,29.016,29.016,29.016,29.016,
2013-12-16,29.046,29.046,29.046,29.046,
2013-12-17,28.92,28.92,28.92,28.92,
2013-12-18,29.601,29.601,29.601,29.601,
2013-12-19,29.482,29.482,29.482,29.482,
2013-12-20,29.615,29.615,29.615,29.615,
2013-12-23,29.704,29.704,29.704,29.704,
2013-12-24,29.726,29.726,29.726,29.726,
2013-12-26,29.948,29.948,29.948,29.948,
2013-12-27,30.074,30.074,30.074,30.074,
2013-12-30,30.392,30.392,30.392,30.392,
2013-12-31,30.555,30.555,30.555,30.555,
2014-01-02,30.074,30.074,30.074,30.074,
2014-01-03,29.926,29.926,29.926,29.926,
2014-01-06,29.786,29.786,29.786,29.786,
2014-01-07,29.874,29.874,29.874,29.874,
2014-01-08,29.541,29.541,29.541,29.541,
2014-01-09,29.386,29.386,29.386,29.386,
2014-01-10,29.682,29.682,29.682,29.682,
2014-01-13,29.238,29.238,29.238,29.238,
2014-01-14,29.357,29.357,29.357,29.357,
2014-01-15,29.408,29.408,29.408,29.408,
2014-01-16,29.371,29.371,29.371,29.371,
2014-01-17,29.053,29.053,29.053,29.053,
2014-01-21,29.527,29.527,29.527,29.527,
2014-01-22,29.512,29.512,29.512,29.512,
2014-01-23,29.024,29.024,29.024,29.024,
2014-01-24,28.728,28.728,28.728,28.728,
2014-01-27,28.647,28.647,28.647,28.647,
2014-01-28,28.75,28.75,28.75,28.75,
2014-01-29,28.033,28.033,28.033,28.033,
2014-01-30,28.232,28.232,28.232,28.232,
2014-01-31,27.973,27.973,27.973,27.973,
2014-02-03,27.515,27.515,27.515,27.515,
2014-02-04,27.722,27.722,27.722,27.722,
2014-02-05,27.818,27.818,27.818,27.818,
2014-02-06,28.129,28.129,28.129,28.129,
2014-02-07,28.07,28.07,28.07,28.07,
2014-02-10,28.528,28.528,28.528,28.528,
2014-02-11,28.58,28.58,28.58,28.58,
2014-02-12,28.484,28.484,28.484,28.484,
2014-02-13,28.587,28.587,28.587,28.587,
2014-02-14,28.794,28.794,28.794,28.794,
2014-02-18,27.715,27.715,27.715,27.715,
2014-02-19,27.441,27.441,27.441,27.441,
2014-02-20,27.589,27.589,27.589,27.589,
2014-02-21,27.5,27.5,27.5,27.5,
2014-02-24,27.737,27.737,27.737,27.737,
2014-02-25,27.936,27.936,27.936,27.936,
2014-02-26,28.01,28.01,28.01,28.01,
2014-02-27,28.158,28.158,28.158,28.158,
2014-02-28,28.254,28.254,28.254,28.254,
2014-03-03,28.195,28.195,28.195,28.195,
2014-03-04,28.336,28.336,28.336,28.336,
2014-03-05,28.365,28.365,28.365,28.365,
2014-03-06,28.454,28.454,28.454,28.454,
2014-03-07,28.513,28.513,28.513,28.513,
2014-03-10,28.587,28.587,28.587,28.587,
2014-03-11,28.698,28.698,28.698,28.698,
2014-03-12,28.68,28.68,28.68,28.68,
2014-03-13,28.307,28.307,28.307,28.307,
2014-03-14,28.456,28.456,28.456,28.456,
2014-03-17,28.531,28.531,28.531,28.531,
2014-03-18,28.627,28.627,28.627,28.627,
2014-03-19,28.434,28.434,28.434,28.434,
2014-03-20,28.665,28.665,28.665,28.665,
2014-03-21,28.657,28.657,28.657,28.657,
2014-03-24,28.627,28.627,28.627,28.627,
2014-03-25,28.791,28.791,28.791,28.791,
2014-03-26,28.784,28.784,28.784,28.784,
2014-03-27,28.941,28.941,28.941,28.941,
2014-03-28,29.037,29.037,29.037,29.037,
2014-03-31,28.821,28.821,28.821,28.821,
2014-04-01,28.635,28.635,28.635,28.635,
2014-04-02,28.575,28.575,28.575,28.575,
2014-04-03,28.381,28.381,28.381,28.381,
2014-04-04,28.493,28.493,28.493,28.493,
2014-04-07,28.791,28.791,28.791,28.791,
2014-04-08,29.0,29.0,29.0,29.0,
2014-04-09,29.067,29.067,29.067,29.067,
2014-04-10,28.993,28.993,28.993,28.993,
2014-04-11,28.799,28.799,28.799,28.799,
2014-04-14,28.873,28.873,28.873,28.873,
2014-04-15,29.954,29.954,29.954,29.954,
2014-04-16,30.26,30.26,30.26,30.26,
2014-04-17,30.357,30.357,30.357,30.357,
2014-04-21,30.379,30.379,30.379,30.379,
2014-04-22,30.35,30.35,30.35,30.35,
2014-04-23,30.364,30.364,30.364,30.364,
2014-04-24,30.342,30.342,30.342,30.342,
2014-04-25,30.573,30.573,30.573,30.573,
2014-04-28,30.588,30.588,30.588,30.588,
2014-04-29,30.245,30.245,30.245,30.245,
2014-04-30,30.409,30.409,30.409,30.409,
2014-05-01,30.402,30.402,30.402,30.402,
2014-05-02,30.529,30.529,30.529,30.529,
2014-05-05,30.387,30.387,30.387,30.387,
2014-05-06,30.186,30.186,30.186,30.186,
2014-05-07,30.499,30.499,30.499,30.499,
2014-05-08,30.364,30.364,30.364,30.364,
2014-05-09,30.469,30.469,30.469,30.469,
2014-05-12,30.432,30.432,30.432,30.432,
2014-05-13,30.648,30.648,30.648,30.648,
2014-05-14,30.484,30.484,30.484,30.484,
2014-05-15,30.208,30.208,30.208,30.208,
2014-05-16,30.484,30.484,30.484,30.484,
2014-05-19,30.35,30.35,30.35,30.35,
2014-05-20,30.253,30.253,30.253,30.253,
2014-05-21,30.469,30.469,30.469,30.469,
2014-05-22,30.253,30.253,30.253,30.253,
2014-05-23,30.253,30.253,30.253,30.253,
2014-05-27,30.394,30.394,30.394,30.394,
2014-05-28,30.253,30.253,30.253,30.253,
2014-05-29,30.312,30.312,30.312,30.312,
2014-05-30,30.499,30.499,30.499,30.499,
2014-06-02,30.461,30.461,30.461,30.461,
2014-06-03,30.476,30.476,30.476,30.476,
2014-06-04,30.409,30.409,30.409,30.409,
2014-06-05,30.484,30.484,30.484,30.484,
2014-06-06,30.558,30.558,30.558,30.558,
2014-06-09,30.499,30.499,30.499,30.499,
2014-06-10,30.618,30.618,30.618,30.618,
2014-06-11,30.461,30.461,30.461,30.461,
2014-06-12,30.36,30.36,30.36,30.36,
2014-06-13,30.322,30.322,30.322,30.322,
2014-06-16,30.54,30.54,30.54,30.54,
2014-06-17,30.736,30.736,30.736,30.736,
2014-06-18,31.216,31.216,31.216,31.216,
2014-06-19,31.389,31.389,31.389,31.389,
2014-06-20,31.314,31.314,31.314,31.314,
2014-06-23,31.344,31.344,31.344,31.344,
2014-06-24,31.434,31.434,31.434,31.434,
2014-06-25,31.517,31.517,31.517,31.517,
2014-06-26,31.569,31.569,31.569,31.569,
2014-06-27,31.689,31.689,31.689,31.689,
2014-06-30,31.817,31.817,31.817,31.817,
2014-07-01,31.765,31.765,31.765,31.765,
2014-07-02,31.765,31.765,31.765,31.765,
2014-07-03,31.72,31.72,31.72,31.72,
2014-07-07,31.652,31.652,31.652,31.652,
2014-07-08,31.502,31.502,31.502,31.502,
2014-07-09,31.509,31.509,31.509,31.509,
2014-07-10,31.742,31.742,31.742,31.742,
2014-07-11,31.524,31.524,31.524,31.524,
2014-07-14,31.832,31.832,31.832,31.832,
2014-07-15,31.622,31.622,31.622,31.622,
2014-07-16,31.637,31.637,31.637,31.637,
2014-07-17,31.562,31.562,31.562,31.562,
2014-07-18,31.87,31.87,31.87,31.87,
2014-07-21,31.847,31.847,31.847,31.847,
2014-07-22,30.938,30.938,30.938,30.938,
2014-07-23,30.653,30.653,30.653,30.653,
2014-07-24,30.773,30.773,30.773,30.773,
2014-07-25,30.796,30.796,30.796,30.796,
2014-07-28,30.555,30.555,30.555,30.555,
2014-07-29,30.307,30.307,30.307,30.307,
2014-07-30,29.759,29.759,29.759,29.759,
2014-07-31,29.511,29.511,29.511,29.511,
2014-08-01,29.511,29.511,29.511,29.511,
2014-08-04,29.594,29.594,29.594,29.594,
2014-08-05,29.429,29.429,29.429,29.429,
2014-08-06,29.984,29.984,29.984,29.984,
2014-08-07,29.556,29.556,29.556,29.556,
2014-08-08,29.631,29.631,29.631,29.631,
2014-08-11,29.722,29.722,29.722,29.722,
2014-08-12,29.804,29.804,29.804,29.804,
2014-08-13,29.999,29.999,29.999,29.999,
2014-08-14,30.18,30.18,30.18,30.18,
2014-08-15,30.706,30.706,30.706,30.706,
2014-08-18,31.059,31.059,31.059,31.059,
2014-08-19,30.991,30.991,30.991,30.991,
2014-08-20,30.983,30.983,30.983,30.983,
2014-08-21,31.104,31.104,31.104,31.104,
2014-08-22,30.886,30.886,30.886,30.886,
2014-08-25,31.104,31.104,31.104,31.104,
2014-08-26,31.246,31.246,31.246,31.246,
2014-08-27,31.246,31.246,31.246,31.246,
2014-08-28,31.269,31.269,31.269,31.269,
2014-08-29,31.336,31.336,31.336,31.336,
2014-09-02,31.276,31.276,31.276,31.276,
2014-09-03,31.382,31.382,31.382,31.382,
2014-09-04,31.449,31.449,31.449,31.449,
2014-09-05,31.427,31.427,31.427,31.427,
2014-09-08,31.382,31.382,31.382,31.382,
2014-09-09,31.502,31.502,31.502,31.502,
2014-09-10,31.674,31.674,31.674,31.674,
2014-09-11,31.739,31.739,31.739,31.739,
2014-09-12,31.368,31.368,31.368,31.368,
2014-09-15,31.398,31.398,31.398,31.398,
2014-09-16,31.504,31.504,31.504,31.504,
2014-09-17,31.482,31.482,31.482,31.482,
2014-09-18,31.618,31.618,31.618,31.618,
2014-09-19,31.814,31.814,31.814,31.814,
2014-09-22,31.943,31.943,31.943,31.943,
2014-09-23,31.693,31.693,31.693,31.693,
2014-09-24,31.981,31.981,31.981,31.981,
2014-09-25,31.61,31.61,31.61,31.61,
2014-09-26,31.928,31.928,31.928,31.928,
2014-09-29,31.966,31.966,31.966,31.966,
2014-09-30,32.276,32.276,32.276,32.276,
2014-10-01,32.336,32.336,32.336,32.336,
2014-10-02,32.276,32.276,32.276,32.276,
2014-10-03,32.533,32.533,32.533,32.533,
2014-10-06,32.987,32.987,32.987,32.987,
2014-10-07,33.229,33.229,33.229,33.229,
2014-10-08,33.706,33.706,33.706,33.706,
2014-10-09,33.191,33.191,33.191,33.191,
2014-10-10,33.645,33.645,33.645,33.645,
2014-10-13,33.343,33.343,33.343,33.343,
2014-10-14,33.017,33.017,33.017,33.017,
2014-10-15,32.707,32.707,32.707,32.707,
2014-10-16,32.2,32.2,32.2,32.2,
2014-10-17,32.442,32.442,32.442,32.442,
2014-10-20,32.753,32.753,32.753,32.753,
2014-10-21,30.778,30.778,30.778,30.778,
2014-10-22,30.733,30.733,30.733,30.733,
2014-10-23,30.914,30.914,30.914,30.914,
2014-10-24,31.043,31.043,31.043,31.043,
2014-10-27,30.838,30.838,30.838,30.838,
2014-10-28,30.687,30.687,30.687,30.687,
2014-10-29,30.99,30.99,30.99,30.99,
2014-10-30,31.323,31.323,31.323,31.323,
2014-10-31,31.686,31.686,31.686,31.686,
2014-11-03,31.633,31.633,31.633,31.633,
2014-11-04,31.64,31.64,31.64,31.64,
2014-11-05,32.011,32.011,32.011,32.011,
2014-11-06,31.996,31.996,31.996,31.996,
2014-11-07,32.019,32.019,32.019,32.019,
2014-11-10,32.072,32.072,32.072,32.072,
2014-11-11,32.162,32.162,32.162,32.162,
2014-11-12,32.314,32.314,32.314,32.314,
2014-11-13,32.374,32.374,32.374,32.374,
2014-11-14,32.329,32.329,32.329,32.329,
2014-11-17,32.473,32.473,32.473,32.473,
2014-11-18,32.934,32.934,32.934,32.934,
2014-11-19,33.456,33.456,33.456,33.456,
2014-11-20,33.479,33.479,33.479,33.479,
2014-11-21,33.668,33.668,33.668,33.668,
2014-11-24,33.494,33.494,33.494,33.494,
2014-11-25,33.615,33.615,33.615,33.615,
2014-11-26,33.741,33.741,33.741,33.741,
2014-11-28,34.152,34.152,34.152,34.152,
2014-12-01,33.939,33.939,33.939,33.939,
2014-12-02,33.931,33.931,33.931,33.931,
2014-12-03,33.368,33.368,33.368,33.368,
2014-12-04,33.139,33.139,33.139,33.139,
2014-12-05,33.162,33.162,33.162,33.162,
2014-12-08,32.865,32.865,32.865,32.865,
2014-12-09,32.027,32.027,32.027,32.027,
2014-12-10,31.692,31.692,31.692,31.692,
2014-12-11,31.638,31.638,31.638,31.638,
2014-12-12,31.166,31.166,31.166,31.166,
2014-12-15,30.907,30.907,30.907,30.907,
2014-12-16,30.77,30.77,30.77,30.77,
2014-12-17,31.653,31.653,31.653,31.653,
2014-12-18,32.293,32.293,32.293,32.293,
2014-12-19,31.958,31.958,31.958,31.958,
2014-12-22,32.263,32.263,32.263,32.263,
2014-12-23,32.735,32.735,32.735,32.735,
2014-12-24,32.712,32.712,32.712,32.712,
2014-12-26,32.728,32.728,32.728,32.728,
2014-12-29,32.651,32.651,32.651,32.651,
2014-12-30,32.575,32.575,32.575,32.575,
2014-12-31,32.164,32.164,32.164,32.164,
2015-01-02,32.103,32.103,32.103,32.103,
2015-01-05,32.103,32.103,32.103,32.103,
2015-01-06,32.347,32.347,32.347,32.347,
2015-01-07,32.75,32.75,32.75,32.75,
2015-01-08,33.147,33.147,33.147,33.147,
2015-01-09,32.781,32.781,32.781,32.781,
2015-01-12,32.484,32.484,32.484,32.484,
2015-01-13,32.476,32.476,32.476,32.476,
2015-01-14,32.423,32.423,32.423,32.423,
2015-01-15,32.286,32.286,32.286,32.286,
2015-01-16,32.4,32.4,32.4,32.4,
2015-01-20,32.88,32.88,32.88,32.88,
2015-01-21,33.032,33.032,33.032,33.032,
2015-01-22,33.352,33.352,33.352,33.352,
2015-01-23,32.994,32.994,32.994,32.994,
2015-01-26,32.758,32.758,32.758,32.758,
2015-01-27,32.293,32.293,32.293,32.293,
2015-01-28,31.935,31.935,31.935,31.935,
2015-01-29,32.072,32.072,32.072,32.072,
2015-01-30,31.364,31.364,31.364,31.364,
2015-02-02,31.684,31.684,31.684,31.684,
2015-02-03,31.714,31.714,31.714,31.714,
2015-02-04,31.752,31.752,31.752,31.752,
2015-02-05,31.836,31.836,31.836,31.836,
2015-02-06,31.577,31.577,31.577,31.577,
2015-02-09,31.41,31.41,31.41,31.41,
2015-02-10,32.301,32.301,32.301,32.301,
2015-02-11,32.278,32.278,32.278,32.278,
2015-02-12,32.126,32.126,32.126,32.126,
2015-02-13,31.989,31.989,31.989,31.989,
2015-02-17,31.851,31.851,31.851,31.851,
2015-02-18,31.791,31.791,31.791,31.791,
2015-02-19,32.08,32.08,32.08,32.08,
2015-02-20,31.973,31.973,31.973,31.973,
2015-02-23,31.882,31.882,31.882,31.882,
2015-02-24,32.095,32.095,32.095,32.095,
2015-02-25,32.034,32.034,32.034,32.034,
2015-02-26,32.347,32.347,32.347,32.347,
2015-02-27,32.987,32.987,32.987,32.987,
2015-03-02,32.91,32.91,32.91,32.91,
2015-03-03,32.72,32.72,32.72,32.72,
2015-03-04,32.377,32.377,32.377,32.377,
2015-03-05,32.301,32.301,32.301,32.301,
2015-03-06,31.631,31.631,31.631,31.631,
2015-03-09,31.532,31.532,31.532,31.532,
2015-03-10,30.998,30.998,30.998,30.998,
2015-03-11,30.549,30.549,30.549,30.549,
2015-03-12,31.163,31.163,31.163,31.163,
2015-03-13,30.656,30.656,30.656,30.656,
2015-03-16,30.948,30.948,30.948,30.948,
2015-03-17,31.117,31.117,31.117,31.117,
2015-03-18,31.186,31.186,31.186,31.186,
2015-03-19,30.741,30.741,30.741,30.741,
2015-03-20,31.225,31.225,31.225,31.225,
2015-03-23,31.202,31.202,31.202,31.202,
2015-03-24,31.086,31.086,31.086,31.086,
2015-03-25,31.071,31.071,31.071,31.071,
2015-03-26,30.994,30.994,30.994,30.994,
2015-03-27,30.787,30.787,30.787,30.787,
2015-03-30,31.117,31.117,31.117,31.117,
2015-03-31,31.148,31.148,31.148,31.148,
2015-04-01,31.248,31.248,31.248,31.248,
2015-04-02,31.248,31.248,31.248,31.248,
2015-04-06,31.624,31.624,31.624,31.624,
2015-04-07,31.501,31.501,31.501,31.501,
2015-04-08,31.409,31.409,31.409,31.409,
2015-04-09,31.532,31.532,31.532,31.532,
2015-04-10,31.401,31.401,31.401,31.401,
2015-04-13,31.263,31.263,31.263,31.263,
2015-04-14,31.117,31.117,31.117,31.117,
2015-04-15,31.033,31.033,31.033,31.033,
2015-04-16,31.186,31.186,31.186,31.186,
2015-04-17,30.956,30.956,30.956,30.956,
2015-04-20,31.232,31.232,31.232,31.232,
2015-04-21,31.325,31.325,31.325,31.325,
2015-04-22,31.732,31.732,31.732,31.732,
2015-04-23,31.455,31.455,31.455,31.455,
2015-04-24,31.409,31.409,31.409,31.409,
2015-04-27,31.363,31.363,31.363,31.363,
2015-04-28,31.317,31.317,31.317,31.317,
2015-04-29,31.102,31.102,31.102,31.102,
2015-04-30,31.156,31.156,31.156,31.156,
2015-05-01,31.424,31.424,31.424,31.424,
2015-05-04,31.463,31.463,31.463,31.463,
2015-05-05,31.302,31.302,31.302,31.302,
2015-05-06,31.232,31.232,31.232,31.232,
2015-05-07,31.263,31.263,31.263,31.263,
2015-05-08,31.478,31.478,31.478,31.478,
2015-05-11,31.448,31.448,31.448,31.448,
2015-05-12,31.255,31.255,31.255,31.255,
2015-05-13,31.532,31.532,31.532,31.532,
2015-05-14,31.878,31.878,31.878,31.878,
2015-05-15,31.893,31.893,31.893,31.893,
2015-05-18,31.739,31.739,31.739,31.739,
2015-05-19,31.732,31.732,31.732,31.732,
2015-05-20,31.762,31.762,31.762,31.762,
2015-05-21,31.67,31.67,31.67,31.67,
2015-05-22,31.655,31.655,31.655,31.655,
2015-05-26,31.486,31.486,31.486,31.486,
2015-05-27,31.586,31.586,31.586,31.586,
2015-05-28,31.601,31.601,31.601,31.601,
2015-05-29,31.463,31.463,31.463,31.463,
2015-06-01,31.448,31.448,31.448,31.448,
2015-06-02,31.486,31.486,31.486,31.486,
2015-06-03,31.394,31.394,31.394,31.394,
2015-06-04,31.179,31.179,31.179,31.179,
2015-06-05,30.802,30.802,30.802,30.802,
2015-06-08,30.848,30.848,30.848,30.848,
2015-06-09,30.879,30.879,30.879,30.879,
2015-06-10,30.979,30.979,30.979,30.979,
2015-06-11,31.056,31.056,31.056,31.056,
2015-06-12,30.948,30.948,30.948,30.948,
2015-06-15,30.661,30.661,30.661,30.661,
2015-06-16,31.041,31.041,31.041,31.041,
2015-06-17,31.188,31.188,31.188,31.188,
2015-06-18,31.482,31.482,31.482,31.482,
2015-06-19,31.289,31.289,31.289,31.289,
2015-06-22,31.351,31.351,31.351,31.351,
2015-06-23,31.273,31.273,31.273,31.273,
2015-06-24,31.126,31.126,31.126,31.126,
2015-06-25,30.994,30.994,30.994,30.994,
2015-06-26,30.979,30.979,30.979,30.979,
2015-06-29,30.514,30.514,30.514,30.514,
2015-06-30,30.383,30.383,30.383,30.383,
2015-07-01,30.592,30.592,30.592,30.592,
2015-07-02,30.584,30.584,30.584,30.584,
2015-07-06,30.53,30.53,30.53,30.53,
2015-07-07,31.173,31.173,31.173,31.173,
2015-07-08,30.871,30.871,30.871,30.871,
2015-07-09,30.917,30.917,30.917,30.917,
2015-07-10,31.281,31.281,31.281,31.281,
2015-07-13,31.49,31.49,31.49,31.49,
2015-07-14,31.885,31.885,31.885,31.885,
2015-07-15,31.854,31.854,31.854,31.854,
2015-07-16,32.125,32.125,32.125,32.125,
2015-07-17,31.947,31.947,31.947,31.947,
2015-07-20,32.048,32.048,32.048,32.048,
2015-07-21,31.901,31.901,31.901,31.901,
2015-07-22,31.676,31.676,31.676,31.676,
2015-07-23,31.629,31.629,31.629,31.629,
2015-07-24,31.32,31.32,31.32,31.32,
2015-07-27,31.397,31.397,31.397,31.397,
2015-07-28,31.405,31.405,31.405,31.405,
2015-07-29,31.436,31.436,31.436,31.436,
2015-07-30,31.413,31.413,31.413,31.413,
2015-07-31,31.815,31.815,31.815,31.815,
2015-08-03,32.172,32.172,32.172,32.172,
2015-08-04,32.412,32.412,32.412,32.412,
2015-08-05,32.621,32.621,32.621,32.621,
2015-08-06,32.466,32.466,32.466,32.466,
2015-08-07,32.35,32.35,32.35,32.35,
2015-08-10,32.28,32.28,32.28,32.28,
2015-08-11,32.125,32.125,32.125,32.125,
2015-08-12,31.955,31.955,31.955,31.955,
2015-08-13,31.831,31.831,31.831,31.831,
2015-08-14,31.947,31.947,31.947,31.947,
2015-08-17,32.024,32.024,32.024,32.024,
2015-08-18,31.986,31.986,31.986,31.986,
2015-08-19,31.583,31.583,31.583,31.583,
2015-08-20,31.405,31.405,31.405,31.405,
2015-08-21,30.615,30.615,30.615,30.615,
2015-08-24,29.724,29.724,29.724,29.724,
2015-08-25,29.422,29.422,29.422,29.422,
2015-08-26,29.995,29.995,29.995,29.995,
2015-08-27,30.414,30.414,30.414,30.414,
2015-08-28,30.553,30.553,30.553,30.553,
2015-08-31,30.452,30.452,30.452,30.452,
2015-09-01,30.011,30.011,30.011,30.011,
2015-09-02,30.127,30.127,30.127,30.127,
2015-09-03,30.328,30.328,30.328,30.328,
2015-09-04,29.833,29.833,29.833,29.833,
2015-09-08,30.127,30.127,30.127,30.127,
2015-09-09,29.662,29.662,29.662,29.662,
2015-09-10,29.755,29.755,29.755,29.755,
2015-09-11,29.787,29.787,29.787,29.787,
2015-09-14,29.763,29.763,29.763,29.763,
2015-09-15,30.076,30.076,30.076,30.076,
2015-09-16,30.583,30.583,30.583,30.583,
2015-09-17,30.763,30.763,30.763,30.763,
2015-09-18,30.451,30.451,30.451,30.451,
2015-09-21,30.615,30.615,30.615,30.615,
2015-09-22,30.302,30.302,30.302,30.302,
2015-09-23,30.279,30.279,30.279,30.279,
2015-09-24,30.583,30.583,30.583,30.583,
2015-09-25,30.95,30.95,30.95,30.95,
2015-09-28,30.88,30.88,30.88,30.88,
2015-09-29,30.982,30.982,30.982,30.982,
2015-09-30,31.341,31.341,31.341,31.341,
2015-10-01,31.091,31.091,31.091,31.091,
2015-10-02,31.552,31.552,31.552,31.552,
2015-10-05,32.036,32.036,32.036,32.036,
2015-10-06,31.997,31.997,31.997,31.997,
2015-10-07,32.435,32.435,32.435,32.435,
2015-10-08,32.794,32.794,32.794,32.794,
2015-10-09,32.825,32.825,32.825,32.825,
2015-10-12,32.81,32.81,32.81,32.81,
2015-10-13,32.536,32.536,32.536,32.536,
2015-10-14,32.56,32.56,32.56,32.56,
2015-10-15,32.747,32.747,32.747,32.747,
2015-10-16,32.825,32.825,32.825,32.825,
2015-10-19,32.802,32.802,32.802,32.802,
2015-10-20,33.036,33.036,33.036,33.036,
2015-10-21,32.958,32.958,32.958,32.958,
2015-10-22,33.778,33.778,33.778,33.778,
2015-10-23,33.427,33.427,33.427,33.427,
2015-10-26,33.271,33.271,33.271,33.271,
2015-10-27,33.286,33.286,33.286,33.286,
2015-10-28,33.38,33.38,33.38,33.38,
2015-10-29,33.427,33.427,33.427,33.427,
2015-10-30,33.083,33.083,33.083,33.083,
2015-11-02,32.997,32.997,32.997,32.997,
2015-11-03,32.935,32.935,32.935,32.935,
2015-11-04,32.786,32.786,32.786,32.786,
2015-11-05,33.067,33.067,33.067,33.067,
2015-11-06,32.778,32.778,32.778,32.778,
2015-11-09,32.45,32.45,32.45,32.45,
2015-11-10,32.63,32.63,32.63,32.63,
2015-11-11,32.841,32.841,32.841,32.841,
2015-11-12,32.482,32.482,32.482,32.482,
2015-11-13,32.325,32.325,32.325,32.325,
2015-11-16,32.778,32.778,32.778,32.778,
2015-11-17,32.552,32.552,32.552,32.552,
2015-11-18,33.028,33.028,33.028,33.028,
2015-11-19,33.677,33.677,33.677,33.677,
2015-11-20,33.146,33.146,33.146,33.146,
2015-11-23,33.56,33.56,33.56,33.56,
2015-11-24,33.872,33.872,33.872,33.872,
2015-11-25,33.872,33.872,33.872,33.872,
2015-11-27,33.967,33.967,33.967,33.967,
2015-11-30,33.549,33.549,33.549,33.549,
2015-12-01,33.762,33.762,33.762,33.762,
2015-12-02,33.667,33.667,33.667,33.667,
2015-12-03,33.423,33.423,33.423,33.423,
2015-12-04,34.077,34.077,34.077,34.077,
2015-12-07,34.006,34.006,34.006,34.006,
2015-12-08,33.856,33.856,33.856,33.856,
2015-12-09,33.581,33.581,33.581,33.581,
2015-12-10,33.66,33.66,33.66,33.66,
2015-12-11,33.274,33.274,33.274,33.274,
2015-12-14,33.416,33.416,33.416,33.416,
2015-12-15,33.904,33.904,33.904,33.904,
2015-12-16,34.51,34.51,34.51,34.51,
2015-12-17,34.234,34.234,34.234,34.234,
2015-12-18,33.455,33.455,33.455,33.455,
2015-12-21,33.675,33.675,33.675,33.675,
2015-12-22,34.077,34.077,34.077,34.077,
2015-12-23,34.376,34.376,34.376,34.376,
2015-12-24,34.274,34.274,34.274,34.274,
2015-12-28,34.234,34.234,34.234,34.234,
2015-12-29,34.407,34.407,34.407,34.407,
2015-12-30,34.297,34.297,34.297,34.297,
2015-12-31,33.817,33.817,33.817,33.817,
2016-01-04,33.376,33.376,33.376,33.376,
2016-01-05,33.494,33.494,33.494,33.494,
2016-01-06,33.313,33.313,33.313,33.313,
2016-01-07,32.762,32.762,32.762,32.762,
2016-01-08,32.676,32.676,32.676,32.676,
2016-01-11,32.731,32.731,32.731,32.731,
2016-01-12,33.156,33.156,33.156,33.156,
2016-01-13,32.943,32.943,32.943,32.943,
2016-01-14,32.967,32.967,32.967,32.967,
2016-01-15,32.668,32.668,32.668,32.668,
2016-01-19,32.998,32.998,32.998,32.998,
2016-01-20,32.573,32.573,32.573,32.573,
2016-01-21,32.581,32.581,32.581,32.581,
2016-01-22,33.109,33.109,33.109,33.109,
2016-01-25,33.187,33.187,33.187,33.187,
2016-01-26,33.124,33.124,33.124,33.124,
2016-01-27,33.132,33.132,33.132,33.132,
2016-01-28,33.51,33.51,33.51,33.51,
2016-01-29,33.786,33.786,33.786,33.786,
2016-02-01,33.848,33.848,33.848,33.848,
2016-02-02,33.408,33.408,33.408,33.408,
2016-02-03,33.628,33.628,33.628,33.628,
2016-02-04,33.479,33.479,33.479,33.479,
2016-02-05,33.408,33.408,33.408,33.408,
2016-02-08,33.573,33.573,33.573,33.573,
2016-02-09,34.085,34.085,34.085,34.085,
2016-02-10,33.494,33.494,33.494,33.494,
2016-02-11,33.384,33.384,33.384,33.384,
2016-02-12,33.935,33.935,33.935,33.935,
2016-02-16,34.132,34.132,34.132,34.132,
2016-02-17,34.234,34.234,34.234,34.234,
2016-02-18,34.329,34.329,34.329,34.329,
2016-02-19,34.455,34.455,34.455,34.455,
2016-02-22,34.588,34.588,34.588,34.588,
2016-02-23,34.392,34.392,34.392,34.392,
2016-02-24,34.565,34.565,34.565,34.565,
2016-02-25,34.762,34.762,34.762,34.762,
2016-02-26,33.959,33.959,33.959,33.959,
2016-02-29,33.951,33.951,33.951,33.951,
2016-03-01,34.392,34.392,34.392,34.392,
2016-03-02,34.455,34.455,34.455,34.455,
2016-03-03,34.604,34.604,34.604,34.604,
2016-03-04,34.722,34.722,34.722,34.722,
2016-03-07,34.644,34.644,34.644,34.644,
2016-03-08,34.888,34.888,34.888,34.888,
2016-03-09,35.273,35.273,35.273,35.273,
2016-03-10,35.604,35.604,35.604,35.604,
2016-03-11,35.858,35.858,35.858,35.858,
2016-03-14,35.929,35.929,35.929,35.929,
2016-03-15,35.889,35.889,35.889,35.889,
2016-03-16,35.739,35.739,35.739,35.739,
2016-03-17,36.31,36.31,36.31,36.31,
2016-03-18,36.175,36.175,36.175,36.175,
2016-03-21,36.231,36.231,36.231,36.231,
2016-03-22,36.096,36.096,36.096,36.096,
2016-03-23,36.064,36.064,36.064,36.064,
2016-03-24,36.159,36.159,36.159,36.159,
2016-03-28,36.334,36.334,36.334,36.334,
2016-03-29,36.873,36.873,36.873,36.873,
2016-03-30,36.953,36.953,36.953,36.953,
2016-03-31,36.802,36.802,36.802,36.802,
2016-04-01,37.151,37.151,37.151,37.151,
2016-04-04,37.198,37.198,37.198,37.198,
2016-04-05,36.913,36.913,36.913,36.913,
2016-04-06,37.056,37.056,37.056,37.056,
2016-04-07,36.778,36.778,36.778,36.778,
2016-04-08,37.183,37.183,37.183,37.183,
2016-04-11,36.841,36.841,36.841,36.841,
2016-04-12,37.008,37.008,37.008,37.008,
2016-04-13,36.524,36.524,36.524,36.524,
2016-04-14,36.358,36.358,36.358,36.358,
2016-04-15,36.572,36.572,36.572,36.572,
2016-04-18,36.667,36.667,36.667,36.667,
2016-04-19,36.968,36.968,36.968,36.968,
2016-04-20,35.199,35.199,35.199,35.199,
2016-04-21,34.636,34.636,34.636,34.636,
2016-04-22,35.334,35.334,35.334,35.334,
2016-04-25,35.469,35.469,35.469,35.469,
2016-04-26,35.326,35.326,35.326,35.326,
2016-04-27,35.445,35.445,35.445,35.445,
2016-04-28,35.406,35.406,35.406,35.406,
2016-04-29,35.54,35.54,35.54,35.54,
2016-05-02,35.683,35.683,35.683,35.683,
2016-05-03,35.572,35.572,35.572,35.572,
2016-05-04,35.683,35.683,35.683,35.683,
2016-05-05,35.747,35.747,35.747,35.747,
2016-05-06,35.953,35.953,35.953,35.953,
2016-05-09,35.889,35.889,35.889,35.889,
2016-05-10,36.294,36.294,36.294,36.294,
2016-05-11,36.064,36.064,36.064,36.064,
2016-05-12,36.358,36.358,36.358,36.358,
2016-05-13,35.977,35.977,35.977,35.977,
2016-05-16,36.191,36.191,36.191,36.191,
2016-05-17,35.501,35.501,35.501,35.501,
2016-05-18,35.287,35.287,35.287,35.287,
2016-05-19,35.16,35.16,35.16,35.16,
2016-05-20,34.866,34.866,34.866,34.866,
2016-05-23,34.882,34.882,34.882,34.882,
2016-05-24,35.199,35.199,35.199,35.199,
2016-05-25,35.207,35.207,35.207,35.207,
2016-05-26,35.453,35.453,35.453,35.453,
2016-05-27,35.525,35.525,35.525,35.525,
2016-05-31,35.382,35.382,35.382,35.382,
2016-06-01,35.461,35.461,35.461,35.461,
2016-06-02,35.477,35.477,35.477,35.477,
2016-06-03,35.731,35.731,35.731,35.731,
2016-06-06,35.993,35.993,35.993,35.993,
2016-06-07,35.953,35.953,35.953,35.953,
2016-06-08,36.135,36.135,36.135,36.135,
2016-06-09,36.302,36.302,36.302,36.302,
2016-06-10,36.484,36.484,36.484,36.484,
2016-06-13,36.069,36.069,36.069,36.069,
2016-06-14,36.005,36.005,36.005,36.005,
2016-06-15,35.981,35.981,35.981,35.981,
2016-06-16,36.221,36.221,36.221,36.221,
2016-06-17,35.805,35.805,35.805,35.805,
2016-06-20,35.957,35.957,35.957,35.957,
2016-06-21,36.077,36.077,36.077,36.077,
2016-06-22,35.861,35.861,35.861,35.861,
2016-06-23,36.037,36.037,36.037,36.037,
2016-06-24,35.117,35.117,35.117,35.117,
2016-06-27,34.998,34.998,34.998,34.998,
2016-06-28,35.317,35.317,35.317,35.317,
2016-06-29,35.525,35.525,35.525,35.525,
2016-06-30,36.237,36.237,36.237,36.237,
2016-07-01,36.069,36.069,36.069,36.069,
2016-07-05,36.317,36.317,36.317,36.317,
2016-07-06,36.189,36.189,36.189,36.189,
2016-07-07,36.045,36.045,36.045,36.045,
2016-07-08,36.277,36.277,36.277,36.277,
2016-07-11,36.429,36.429,36.429,36.429,
2016-07-12,36.437,36.437,36.437,36.437,
2016-07-13,36.564,36.564,36.564,36.564,
2016-07-14,36.524,36.524,36.524,36.524,
2016-07-15,36.476,36.476,36.476,36.476,
2016-07-18,36.476,36.476,36.476,36.476,
2016-07-19,36.476,36.476,36.476,36.476,
2016-07-20,36.381,36.381,36.381,36.381,
2016-07-21,36.333,36.333,36.333,36.333,
2016-07-22,36.636,36.636,36.636,36.636,
2016-07-25,36.429,36.429,36.429,36.429,
2016-07-26,35.877,35.877,35.877,35.877,
2016-07-27,34.694,34.694,34.694,34.694,
2016-07-28,34.894,34.894,34.894,34.894,
2016-07-29,34.878,34.878,34.878,34.878,
2016-08-01,34.734,34.734,34.734,34.734,
2016-08-02,34.798,34.798,34.798,34.798,
2016-08-03,34.886,34.886,34.886,34.886,
2016-08-04,34.782,34.782,34.782,34.782,
2016-08-05,34.758,34.758,34.758,34.758,
2016-08-08,34.726,34.726,34.726,34.726,
2016-08-09,34.75,34.75,34.75,34.75,
2016-08-10,34.862,34.862,34.862,34.862,
2016-08-11,34.974,34.974,34.974,34.974,
2016-08-12,35.197,35.197,35.197,35.197,
2016-08-15,35.365,35.365,35.365,35.365,
2016-08-16,35.038,35.038,35.038,35.038,
2016-08-17,35.221,35.221,35.221,35.221,
2016-08-18,35.253,35.253,35.253,35.253,
2016-08-19,35.11,35.11,35.11,35.11,
2016-08-22,34.966,34.966,34.966,34.966,
2016-08-23,35.054,35.054,35.054,35.054,
2016-08-24,35.054,35.054,35.054,35.054,
2016-08-25,34.91,34.91,34.91,34.91,
2016-08-26,34.63,34.63,34.63,34.63,
2016-08-29,34.806,34.806,34.806,34.806,
2016-08-30,34.566,34.566,34.566,34.566,
2016-08-31,34.718,34.718,34.718,34.718,
2016-09-01,34.654,34.654,34.654,34.654,
2016-09-02,34.902,34.902,34.902,34.902,
2016-09-06,35.006,35.006,35.006,35.006,
2016-09-07,34.886,34.886,34.886,34.886,
2016-09-08,34.878,34.878,34.878,34.878,
2016-09-09,33.79,33.79,33.79,33.79,
2016-09-12,34.526,34.526,34.526,34.526,
2016-09-13,34.075,34.075,34.075,34.075,
2016-09-14,33.938,33.938,33.938,33.938,
2016-09-15,34.139,34.139,34.139,34.139,
2016-09-16,33.962,33.962,33.962,33.962,
2016-09-19,33.93,33.93,33.93,33.93,
2016-09-20,34.123,34.123,34.123,34.123,
2016-09-21,34.276,34.276,34.276,34.276,
2016-09-22,34.623,34.623,34.623,34.623,
2016-09-23,34.445,34.445,34.445,34.445,
2016-09-26,33.889,33.889,33.889,33.889,
2016-09-27,34.324,34.324,34.324,34.324,
2016-09-28,33.97,33.97,33.97,33.97,
2016-09-29,33.873,33.873,33.873,33.873,
2016-09-30,34.107,34.107,34.107,34.107,
2016-10-03,33.873,33.873,33.873,33.873,
2016-10-04,33.72,33.72,33.72,33.72,
2016-10-05,33.696,33.696,33.696,33.696,
2016-10-06,33.615,33.615,33.615,33.615,
2016-10-07,33.631,33.631,33.631,33.631,
2016-10-10,33.631,33.631,33.631,33.631,
2016-10-11,33.478,33.478,33.478,33.478,
2016-10-12,33.672,33.672,33.672,33.672,
2016-10-13,33.656,33.656,33.656,33.656,
2016-10-14,33.583,33.583,33.583,33.583,
2016-10-17,33.527,33.527,33.527,33.527,
2016-10-18,33.825,33.825,33.825,33.825,
2016-10-19,33.889,33.889,33.889,33.889,
2016-10-20,33.793,33.793,33.793,33.793,
2016-10-21,33.954,33.954,33.954,33.954,
2016-10-24,34.3,34.3,34.3,34.3,
2016-10-25,34.284,34.284,34.284,34.284,
2016-10-26,34.204,34.204,34.204,34.204,
2016-10-27,33.946,33.946,33.946,33.946,
2016-10-28,34.034,34.034,34.034,34.034,
2016-10-31,34.171,34.171,34.171,34.171,
2016-11-01,33.946,33.946,33.946,33.946,
2016-11-02,33.889,33.889,33.889,33.889,
2016-11-03,33.873,33.873,33.873,33.873,
2016-11-04,33.599,33.599,33.599,33.599,
2016-11-07,34.22,34.22,34.22,34.22,
2016-11-08,34.558,34.558,34.558,34.558,
2016-11-09,34.067,34.067,34.067,34.067,
2016-11-10,32.995,32.995,32.995,32.995,
2016-11-11,33.067,33.067,33.067,33.067,
2016-11-14,33.18,33.18,33.18,33.18,
2016-11-15,33.398,33.398,33.398,33.398,
2016-11-16,33.253,33.253,33.253,33.253,
2016-11-17,33.14,33.14,33.14,33.14,
2016-11-18,32.97,32.97,32.97,32.97,
2016-11-21,33.333,33.333,33.333,33.333,
2016-11-22,33.341,33.341,33.341,33.341,
2016-11-23,33.14,33.14,33.14,33.14,
2016-11-25,33.47,33.47,33.47,33.47,
2016-11-28,33.647,33.647,33.647,33.647,
2016-11-29,33.444,33.444,33.444,33.444,
2016-11-30,32.794,32.794,32.794,32.794,
2016-12-01,32.648,32.648,32.648,32.648,
2016-12-02,32.802,32.802,32.802,32.802,
2016-12-05,33.014,33.014,33.014,33.014,
2016-12-06,32.973,32.973,32.973,32.973,
2016-12-07,33.558,33.558,33.558,33.558,
2016-12-08,33.306,33.306,33.306,33.306,
2016-12-09,34.135,34.135,34.135,34.135,
2016-12-12,34.054,34.054,34.054,34.054,
2016-12-13,33.94,33.94,33.94,33.94,
2016-12-14,33.493,33.493,33.493,33.493,
2016-12-15,33.769,33.769,33.769,33.769,
2016-12-16,33.924,33.924,33.924,33.924,
2016-12-19,33.867,33.867,33.867,33.867,
2016-12-20,33.859,33.859,33.859,33.859,
2016-12-21,33.786,33.786,33.786,33.786,
2016-12-22,33.769,33.769,33.769,33.769,
2016-12-23,33.81,33.81,33.81,33.81,
2016-12-27,33.818,33.818,33.818,33.818,
2016-12-28,33.639,33.639,33.639,33.639,
2016-12-29,33.81,33.81,33.81,33.81,
2016-12-30,33.696,33.696,33.696,33.696,
2017-01-03,33.973,33.973,33.973,33.973,
2017-01-04,33.851,33.851,33.851,33.851,
2017-01-05,33.932,33.932,33.932,33.932,
2017-01-06,33.924,33.924,33.924,33.924,
2017-01-09,33.582,33.582,33.582,33.582,
2017-01-10,33.355,33.355,33.355,33.355,
2017-01-11,33.363,33.363,33.363,33.363,
2017-01-12,33.282,33.282,33.282,33.282,
2017-01-13,33.225,33.225,33.225,33.225,
2017-01-17,33.501,33.501,33.501,33.501,
2017-01-18,33.558,33.558,33.558,33.558,
2017-01-19,33.436,33.436,33.436,33.436,
2017-01-20,33.582,33.582,33.582,33.582,
2017-01-23,33.672,33.672,33.672,33.672,
2017-01-24,34.054,34.054,34.054,34.054,
2017-01-25,34.233,34.233,34.233,34.233,
2017-01-26,33.981,33.981,33.981,33.981,
2017-01-27,33.688,33.688,33.688,33.688,
2017-01-30,33.631,33.631,33.631,33.631,
2017-01-31,33.786,33.786,33.786,33.786,
2017-02-01,33.534,33.534,33.534,33.534,
2017-02-02,33.647,33.647,33.647,33.647,
2017-02-03,33.761,33.761,33.761,33.761,
2017-02-06,33.778,33.778,33.778,33.778,
2017-02-07,34.054,34.054,34.054,34.054,
2017-02-08,34.151,34.151,34.151,34.151,
2017-02-09,33.526,33.526,33.526,33.526,
2017-02-10,32.981,32.981,32.981,32.981,
2017-02-13,33.014,33.014,33.014,33.014,
2017-02-14,32.94,32.94,32.94,32.94,
2017-02-15,32.867,32.867,32.867,32.867,
2017-02-16,33.485,33.485,33.485,33.485,
2017-02-17,33.509,33.509,33.509,33.509,
2017-02-21,33.696,33.696,33.696,33.696,
2017-02-22,33.81,33.81,33.81,33.81,
2017-02-23,33.859,33.859,33.859,33.859,
2017-02-24,33.956,33.956,33.956,33.956,
2017-02-27,33.867,33.867,33.867,33.867,
2017-02-28,34.103,34.103,34.103,34.103,
2017-03-01,34.265,34.265,34.265,34.265,
2017-03-02,34.517,34.517,34.517,34.517,
2017-03-03,34.525,34.525,34.525,34.525,
2017-03-06,34.281,34.281,34.281,34.281,
2017-03-07,34.127,34.127,34.127,34.127,
2017-03-08,34.127,34.127,34.127,34.127,
2017-03-09,34.16,34.16,34.16,34.16,
2017-03-10,34.371,34.371,34.371,34.371,
2017-03-13,34.461,34.461,34.461,34.461,
2017-03-14,34.412,34.412,34.412,34.412,
2017-03-15,34.535,34.535,34.535,34.535,
2017-03-16,34.641,34.641,34.641,34.641,
2017-03-17,34.461,34.461,34.461,34.461,
2017-03-20,34.584,34.584,34.584,34.584,
2017-03-21,34.846,34.846,34.846,34.846,
2017-03-22,34.748,34.748,34.748,34.748,
2017-03-23,34.576,34.576,34.576,34.576,
2017-03-24,34.535,34.535,34.535,34.535,
2017-03-27,34.699,34.699,34.699,34.699,
2017-03-28,34.789,34.789,34.789,34.789,
2017-03-29,34.781,34.781,34.781,34.781,
2017-03-30,34.928,34.928,34.928,34.928,
2017-03-31,34.797,34.797,34.797,34.797,
2017-04-03,34.773,34.773,34.773,34.773,
2017-04-04,34.994,34.994,34.994,34.994,
2017-04-05,34.904,34.904,34.904,34.904,
2017-04-06,34.986,34.986,34.986,34.986,
2017-04-07,34.937,34.937,34.937,34.937,
2017-04-10,35.002,35.002,35.002,35.002,
2017-04-11,34.978,34.978,34.978,34.978,
2017-04-12,35.207,35.207,35.207,35.207,
2017-04-13,35.084,35.084,35.084,35.084,
2017-04-17,35.314,35.314,35.314,35.314,
2017-04-18,35.65,35.65,35.65,35.65,
2017-04-19,35.445,35.445,35.445,35.445,
2017-04-20,35.33,35.33,35.33,35.33,
2017-04-21,35.314,35.314,35.314,35.314,
2017-04-24,35.486,35.486,35.486,35.486,
2017-04-25,35.347,35.347,35.347,35.347,
2017-04-26,35.453,35.453,35.453,35.453,
2017-04-27,35.265,35.265,35.265,35.265,
2017-04-28,35.379,35.379,35.379,35.379,
2017-05-01,35.437,35.437,35.437,35.437,
2017-05-02,35.576,35.576,35.576,35.576,
2017-05-03,35.519,35.519,35.519,35.519,
2017-05-04,35.797,35.797,35.797,35.797,
2017-05-05,35.822,35.822,35.822,35.822,
2017-05-08,35.986,35.986,35.986,35.986,
2017-05-09,35.674,35.674,35.674,35.674,
2017-05-10,35.724,35.724,35.724,35.724,
2017-05-11,35.806,35.806,35.806,35.806,
2017-05-12,35.74,35.74,35.74,35.74,
2017-05-15,35.855,35.855,35.855,35.855,
2017-05-16,35.953,35.953,35.953,35.953,
2017-05-17,36.019,36.019,36.019,36.019,
2017-05-18,35.912,35.912,35.912,35.912,
2017-05-19,35.994,35.994,35.994,35.994,
2017-05-22,36.224,36.224,36.224,36.224,
2017-05-23,36.396,36.396,36.396,36.396,
2017-05-24,36.921,36.921,36.921,36.921,
2017-05-25,37.232,37.232,37.232,37.232,
2017-05-26,37.216,37.216,37.216,37.216,
2017-05-30,37.249,37.249,37.249,37.249,
2017-05-31,37.282,37.282,37.282,37.282,
2017-06-01,37.544,37.544,37.544,37.544,
2017-06-02,37.626,37.626,37.626,37.626,
2017-06-05,37.708,37.708,37.708,37.708,
2017-06-06,37.7,37.7,37.7,37.7,
2017-06-07,37.314,37.314,37.314,37.314,
2017-06-08,37.003,37.003,37.003,37.003,
2017-06-09,37.159,37.159,37.159,37.159,
2017-06-12,37.167,37.167,37.167,37.167,
2017-06-13,37.225,37.225,37.225,37.225,
2017-06-14,37.448,37.448,37.448,37.448,
2017-06-15,37.406,37.406,37.406,37.406,
2017-06-16,37.456,37.456,37.456,37.456,
2017-06-19,37.514,37.514,37.514,37.514,
2017-06-20,37.704,37.704,37.704,37.704,
2017-06-21,37.382,37.382,37.382,37.382,
2017-06-22,37.258,37.258,37.258,37.258,
2017-06-23,37.406,37.406,37.406,37.406,
2017-06-26,37.555,37.555,37.555,37.555,
2017-06-27,37.241,37.241,37.241,37.241,
2017-06-28,37.464,37.464,37.464,37.464,
2017-06-29,37.059,37.059,37.059,37.059,
2017-06-30,37.076,37.076,37.076,37.076,
2017-07-03,37.001,37.001,37.001,37.001,
2017-07-05,37.051,37.051,37.051,37.051,
2017-07-06,36.704,36.704,36.704,36.704,
2017-07-07,36.696,36.696,36.696,36.696,
2017-07-10,36.687,36.687,36.687,36.687,
2017-07-11,36.646,36.646,36.646,36.646,
2017-07-12,36.795,36.795,36.795,36.795,
2017-07-13,36.729,36.729,36.729,36.729,
2017-07-14,36.935,36.935,36.935,36.935,
2017-07-17,36.977,36.977,36.977,36.977,
2017-07-18,36.927,36.927,36.927,36.927,
2017-07-19,37.059,37.059,37.059,37.059,
2017-07-20,37.051,37.051,37.051,37.051,
2017-07-21,37.225,37.225,37.225,37.225,
2017-07-24,37.068,37.068,37.068,37.068,
2017-07-25,37.398,37.398,37.398,37.398,
2017-07-26,37.812,37.812,37.812,37.812,
2017-07-27,38.126,38.126,38.126,38.126,
2017-07-28,38.035,38.035,38.035,38.035,
2017-07-31,37.894,37.894,37.894,37.894,
2017-08-01,37.778,37.778,37.778,37.778,
2017-08-02,37.688,37.688,37.688,37.688,
2017-08-03,37.754,37.754,37.754,37.754,
2017-08-04,37.613,37.613,37.613,37.613,
2017-08-07,37.729,37.729,37.729,37.729,
2017-08-08,37.696,37.696,37.696,37.696,
2017-08-09,37.688,37.688,37.688,37.688,
2017-08-10,37.812,37.812,37.812,37.812,
2017-08-11,37.688,37.688,37.688,37.688,
2017-08-14,37.861,37.861,37.861,37.861,
2017-08-15,38.184,38.184,38.184,38.184,
2017-08-16,38.192,38.192,38.192,38.192,
2017-08-17,37.911,37.911,37.911,37.911,
2017-08-18,37.754,37.754,37.754,37.754,
2017-08-21,37.762,37.762,37.762,37.762,
2017-08-22,37.696,37.696,37.696,37.696,
2017-08-23,37.646,37.646,37.646,37.646,
2017-08-24,37.539,37.539,37.539,37.539,
2017-08-25,37.671,37.671,37.671,37.671,
2017-08-28,37.547,37.547,37.547,37.547,
2017-08-29,37.572,37.572,37.572,37.572,
2017-08-30,37.522,37.522,37.522,37.522,
2017-08-31,37.654,37.654,37.654,37.654,
2017-09-01,37.845,37.845,37.845,37.845,
2017-09-05,37.96,37.96,37.96,37.96,
2017-09-06,37.993,37.993,37.993,37.993,
2017-09-07,38.258,38.258,38.258,38.258,
2017-09-08,38.274,38.274,38.274,38.274,
2017-09-11,38.456,38.456,38.456,38.456,
2017-09-12,38.622,38.622,38.622,38.622,
2017-09-13,38.746,38.746,38.746,38.746,
2017-09-14,38.421,38.421,38.421,38.421,
2017-09-15,38.479,38.479,38.479,38.479,
2017-09-18,38.421,38.421,38.421,38.421,
2017-09-19,38.312,38.312,38.312,38.312,
2017-09-20,38.146,38.146,38.146,38.146,
2017-09-21,37.829,37.829,37.829,37.829,
2017-09-22,37.904,37.904,37.904,37.904,
2017-09-25,38.071,38.071,38.071,38.071,
2017-09-26,37.971,37.971,37.971,37.971,
2017-09-27,37.196,37.196,37.196,37.196,
2017-09-28,37.421,37.421,37.421,37.421,
2017-09-29,37.504,37.504,37.504,37.504,
2017-10-02,37.329,37.329,37.329,37.329,
2017-10-03,37.654,37.654,37.654,37.654,
2017-10-04,37.912,37.912,37.912,37.912,
2017-10-05,37.929,37.929,37.929,37.929,
2017-10-06,37.904,37.904,37.904,37.904,
2017-10-09,37.837,37.837,37.837,37.837,
2017-10-10,38.221,38.221,38.221,38.221,
2017-10-11,38.412,38.412,38.412,38.412,
2017-10-12,38.421,38.421,38.421,38.421,
2017-10-13,38.479,38.479,38.479,38.479,
2017-10-16,38.846,38.846,38.846,38.846,
2017-10-17,38.762,38.762,38.762,38.762,
2017-10-18,38.662,38.662,38.662,38.662,
2017-10-19,38.821,38.821,38.821,38.821,
2017-10-20,38.646,38.646,38.646,38.646,
2017-10-23,38.596,38.596,38.596,38.596,
2017-10-24,38.479,38.479,38.479,38.479,
2017-10-25,38.371,38.371,38.371,38.371,
2017-10-26,38.521,38.521,38.521,38.521,
2017-10-27,38.387,38.387,38.387,38.387,
2017-10-30,38.212,38.212,38.212,38.212,
2017-10-31,38.312,38.312,38.312,38.312,
2017-11-01,38.162,38.162,38.162,38.162,
2017-11-02,38.229,38.229,38.229,38.229,
2017-11-03,38.304,38.304,38.304,38.304,
2017-11-06,37.887,37.887,37.887,37.887,
2017-11-07,38.279,38.279,38.279,38.279,
2017-11-08,38.479,38.479,38.479,38.479,
2017-11-09,38.521,38.521,38.521,38.521,
2017-11-10,38.779,38.779,38.779,38.779,
2017-11-13,38.929,38.929,38.929,38.929,
2017-11-14,39.521,39.521,39.521,39.521,
2017-11-15,39.004,39.004,39.004,39.004,
2017-11-16,38.787,38.787,38.787,38.787,
2017-11-17,38.087,38.087,38.087,38.087,
2017-11-20,37.879,37.879,37.879,37.879,
2017-11-21,38.146,38.146,38.146,38.146,
2017-11-22,38.196,38.196,38.196,38.196,
2017-11-24,38.229,38.229,38.229,38.229,
2017-11-27,38.246,38.246,38.246,38.246,
2017-11-28,38.187,38.187,38.187,38.187,
2017-11-29,37.912,37.912,37.912,37.912,
2017-11-30,38.45,38.45,38.45,38.45,
2017-12-01,38.618,38.618,38.618,38.618,
2017-12-04,38.836,38.836,38.836,38.836,
2017-12-05,38.862,38.862,38.862,38.862,
2017-12-06,39.021,39.021,39.021,39.021,
2017-12-07,38.458,38.458,38.458,38.458,
2017-12-08,38.064,38.064,38.064,38.064,
2017-12-11,38.08,38.08,38.08,38.08,
2017-12-12,38.047,38.047,38.047,38.047,
2017-12-13,38.559,38.559,38.559,38.559,
2017-12-14,38.668,38.668,38.668,38.668,
2017-12-15,38.803,38.803,38.803,38.803,
2017-12-18,38.584,38.584,38.584,38.584,
2017-12-19,38.752,38.752,38.752,38.752,
2017-12-20,38.71,38.71,38.71,38.71,
2017-12-21,38.307,38.307,38.307,38.307,
2017-12-22,38.299,38.299,38.299,38.299,
2017-12-26,38.484,38.484,38.484,38.484,
2017-12-27,38.584,38.584,38.584,38.584,
2017-12-28,38.408,38.408,38.408,38.408,
2017-12-29,38.542,38.542,38.542,38.542,
2018-01-02,38.257,38.257,38.257,38.257,
2018-01-03,38.173,38.173,38.173,38.173,
2018-01-04,38.71,38.71,38.71,38.71,
2018-01-05,38.702,38.702,38.702,38.702,
2018-01-08,38.643,38.643,38.643,38.643,
2018-01-09,38.836,38.836,38.836,38.836,
2018-01-10,38.702,38.702,38.702,38.702,
2018-01-11,38.677,38.677,38.677,38.677,
2018-01-12,38.769,38.769,38.769,38.769,
2018-01-16,39.089,39.089,39.089,39.089,
2018-01-17,39.332,39.332,39.332,39.332,
2018-01-18,39.383,39.383,39.383,39.383,
2018-01-19,39.618,39.618,39.618,39.618,
2018-01-22,39.803,39.803,39.803,39.803,
2018-01-23,39.861,39.861,39.861,39.861,
2018-01-24,40.181,40.181,40.181,40.181,
2018-01-25,40.189,40.189,40.189,40.189,
2018-01-26,40.769,40.769,40.769,40.769,
2018-01-29,40.071,40.071,40.071,40.071,
2018-01-30,39.828,39.828,39.828,39.828,
2018-01-31,39.979,39.979,39.979,39.979,
2018-02-01,39.861,39.861,39.861,39.861,
2018-02-02,39.257,39.257,39.257,39.257,
2018-02-05,37.711,37.711,37.711,37.711,
2018-02-06,37.526,37.526,37.526,37.526,
2018-02-07,37.434,37.434,37.434,37.434,
2018-02-08,36.207,36.207,36.207,36.207,
2018-02-09,36.232,36.232,36.232,36.232,
2018-02-12,36.938,36.938,36.938,36.938,
2018-02-13,37.123,37.123,37.123,37.123,
2018-02-14,37.047,37.047,37.047,37.047,
2018-02-15,37.618,37.618,37.618,37.618,
2018-02-16,37.786,37.786,37.786,37.786,
2018-02-20,36.955,36.955,36.955,36.955,
2018-02-21,36.409,36.409,36.409,36.409,
2018-02-22,36.56,36.56,36.56,36.56,
2018-02-23,36.997,36.997,36.997,36.997,
2018-02-26,36.988,36.988,36.988,36.988,
2018-02-27,36.644,36.644,36.644,36.644,
2018-02-28,36.308,36.308,36.308,36.308,
2018-03-01,36.484,36.484,36.484,36.484,
2018-03-02,36.728,36.728,36.728,36.728,
2018-03-05,36.871,36.871,36.871,36.871,
2018-03-06,36.904,36.904,36.904,36.904,
2018-03-07,36.812,36.812,36.812,36.812,
2018-03-08,37.341,37.341,37.341,37.341,
2018-03-09,37.652,37.652,37.652,37.652,
2018-03-12,37.408,37.408,37.408,37.408,
2018-03-13,37.442,37.442,37.442,37.442,
2018-03-14,37.103,37.103,37.103,37.103,
2018-03-15,37.01,37.01,37.01,37.01,
2018-03-16,36.832,36.832,36.832,36.832,
2018-03-19,36.662,36.662,36.662,36.662,
2018-03-20,36.578,36.578,36.578,36.578,
2018-03-21,36.442,36.442,36.442,36.442,
2018-03-22,36.239,36.239,36.239,36.239,
2018-03-23,35.874,35.874,35.874,35.874,
2018-03-26,36.179,36.179,36.179,36.179,
2018-03-27,36.349,36.349,36.349,36.349,
2018-03-28,36.713,36.713,36.713,36.713,
2018-03-29,36.806,36.806,36.806,36.806,
2018-04-02,36.162,36.162,36.162,36.162,
2018-04-03,36.764,36.764,36.764,36.764,
2018-04-04,37.493,37.493,37.493,37.493,
2018-04-05,37.628,37.628,37.628,37.628,
2018-04-06,37.222,37.222,37.222,37.222,
2018-04-09,37.145,37.145,37.145,37.145,
2018-04-10,37.281,37.281,37.281,37.281,
2018-04-11,37.281,37.281,37.281,37.281,
2018-04-12,37.315,37.315,37.315,37.315,
2018-04-13,37.722,37.722,37.722,37.722,
2018-04-16,37.866,37.866,37.866,37.866,
2018-04-17,38.035,38.035,38.035,38.035,
2018-04-18,37.722,37.722,37.722,37.722,
2018-04-19,37.552,37.552,37.552,37.552,
2018-04-20,37.069,37.069,37.069,37.069,
2018-04-23,37.272,37.272,37.272,37.272,
2018-04-24,36.501,36.501,36.501,36.501,
2018-04-25,35.959,35.959,35.959,35.959,
2018-04-26,36.23,36.23,36.23,36.23,
2018-04-27,36.705,36.705,36.705,36.705,
2018-04-30,36.62,36.62,36.62,36.62,
2018-05-01,36.094,36.094,36.094,36.094,
2018-05-02,35.645,35.645,35.645,35.645,
2018-05-03,35.501,35.501,35.501,35.501,
2018-05-04,35.9,35.9,35.9,35.9,
2018-05-07,35.713,35.713,35.713,35.713,
2018-05-08,35.433,35.433,35.433,35.433,
2018-05-09,35.408,35.408,35.408,35.408,
2018-05-10,35.747,35.747,35.747,35.747,
2018-05-11,35.713,35.713,35.713,35.713,
2018-05-14,35.628,35.628,35.628,35.628,
2018-05-15,35.357,35.357,35.357,35.357,
2018-05-16,35.213,35.213,35.213,35.213,
2018-05-17,35.849,35.849,35.849,35.849,
2018-05-18,35.747,35.747,35.747,35.747,
2018-05-21,35.942,35.942,35.942,35.942,
2018-05-22,35.806,35.806,35.806,35.806,
2018-05-23,35.933,35.933,35.933,35.933,
2018-05-24,35.866,35.866,35.866,35.866,
2018-05-25,35.933,35.933,35.933,35.933,
2018-05-29,36.171,36.171,36.171,36.171,
2018-05-30,36.552,36.552,36.552,36.552,
2018-05-31,36.442,36.442,36.442,36.442,
2018-06-01,36.544,36.544,36.544,36.544,
2018-06-04,36.857,36.857,36.857,36.857,
2018-06-05,36.535,36.535,36.535,36.535,
2018-06-06,36.832,36.832,36.832,36.832,
2018-06-07,36.815,36.815,36.815,36.815,
2018-06-08,37.247,37.247,37.247,37.247,
2018-06-11,37.4,37.4,37.4,37.4,
2018-06-12,37.637,37.637,37.637,37.637,
2018-06-13,37.442,37.442,37.442,37.442,
2018-06-14,37.262,37.262,37.262,37.262,
2018-06-15,37.724,37.724,37.724,37.724,
2018-06-18,37.237,37.237,37.237,37.237,
2018-06-19,37.28,37.28,37.28,37.28,
2018-06-20,36.989,36.989,36.989,36.989,
2018-06-21,36.843,36.843,36.843,36.843,
2018-06-22,36.98,36.98,36.98,36.98,
2018-06-25,37.262,37.262,37.262,37.262,
2018-06-26,37.049,37.049,37.049,37.049,
2018-06-27,36.826,36.826,36.826,36.826,
2018-06-28,37.168,37.168,37.168,37.168,
2018-06-29,37.502,37.502,37.502,37.502,
2018-07-02,37.408,37.408,37.408,37.408,
2018-07-03,37.613,37.613,37.613,37.613,
2018-07-05,38.186,38.186,38.186,38.186,
2018-07-06,38.169,38.169,38.169,38.169,
2018-07-09,37.964,37.964,37.964,37.964,
2018-07-10,38.451,38.451,38.451,38.451,
2018-07-11,38.297,38.297,38.297,38.297,
2018-07-12,38.194,38.194,38.194,38.194,
2018-07-13,38.254,38.254,38.254,38.254,
2018-07-16,38.246,38.246,38.246,38.246,
2018-07-17,38.69,38.69,38.69,38.69,
2018-07-18,38.579,38.579,38.579,38.579,
2018-07-19,38.571,38.571,38.571,38.571,
2018-07-20,38.716,38.716,38.716,38.716,
2018-07-23,38.434,38.434,38.434,38.434,
2018-07-24,38.699,38.699,38.699,38.699,
2018-07-25,39.409,39.409,39.409,39.409,
2018-07-26,39.537,39.537,39.537,39.537,
2018-07-27,39.511,39.511,39.511,39.511,
2018-07-30,39.528,39.528,39.528,39.528,
2018-07-31,39.87,39.87,39.87,39.87,
2018-08-01,39.665,39.665,39.665,39.665,
2018-08-02,39.486,39.486,39.486,39.486,
2018-08-03,39.862,39.862,39.862,39.862,
2018-08-06,39.887,39.887,39.887,39.887,
2018-08-07,39.759,39.759,39.759,39.759,
2018-08-08,39.46,39.46,39.46,39.46,
2018-08-09,39.631,39.631,39.631,39.631,
2018-08-10,39.4,39.4,39.4,39.4,
2018-08-13,39.186,39.186,39.186,39.186,
2018-08-14,39.238,39.238,39.238,39.238,
2018-08-15,39.4,39.4,39.4,39.4,
2018-08-16,39.52,39.52,39.52,39.52,
2018-08-17,39.845,39.845,39.845,39.845,
2018-08-20,39.956,39.956,39.956,39.956,
2018-08-21,39.52,39.52,39.52,39.52,
2018-08-22,39.272,39.272,39.272,39.272,
2018-08-23,39.075,39.075,39.075,39.075,
2018-08-24,39.015,39.015,39.015,39.015,
2018-08-27,39.067,39.067,39.067,39.067,
2018-08-28,38.793,38.793,38.793,38.793,
2018-08-29,38.759,38.759,38.759,38.759,
2018-08-30,38.434,38.434,38.434,38.434,
2018-08-31,38.109,38.109,38.109,38.109,
2018-09-04,38.271,38.271,38.271,38.271,
2018-09-05,38.801,38.801,38.801,38.801,
2018-09-06,39.135,39.135,39.135,39.135,
2018-09-07,39.092,39.092,39.092,39.092,
2018-09-10,39.383,39.383,39.383,39.383,
2018-09-11,39.349,39.349,39.349,39.349,
2018-09-12,39.537,39.537,39.537,39.537,
2018-09-13,39.52,39.52,39.52,39.52,
2018-09-14,39.658,39.658,39.658,39.658,
2018-09-17,39.942,39.942,39.942,39.942,
2018-09-18,39.606,39.606,39.606,39.606,
2018-09-19,39.632,39.632,39.632,39.632,
2018-09-20,40.218,40.218,40.218,40.218,
2018-09-21,40.166,40.166,40.166,40.166,
2018-09-24,39.727,39.727,39.727,39.727,
2018-09-25,39.39,39.39,39.39,39.39,
2018-09-26,39.537,39.537,39.537,39.537,
2018-09-27,39.675,39.675,39.675,39.675,
2018-09-28,39.83,39.83,39.83,39.83,
2018-10-01,39.864,39.864,39.864,39.864,
2018-10-02,40.106,40.106,40.106,40.106,
2018-10-03,39.554,39.554,39.554,39.554,
2018-10-04,39.537,39.537,39.537,39.537,
2018-10-05,39.563,39.563,39.563,39.563,
2018-10-08,40.08,40.08,40.08,40.08,
2018-10-09,40.002,40.002,40.002,40.002,
2018-10-10,39.39,39.39,39.39,39.39,
2018-10-11,38.493,38.493,38.493,38.493,
2018-10-12,38.528,38.528,38.528,38.528,
2018-10-15,38.726,38.726,38.726,38.726,
2018-10-16,39.226,39.226,39.226,39.226,
2018-10-17,39.545,39.545,39.545,39.545,
2018-10-18,39.33,39.33,39.33,39.33,
2018-10-19,39.951,39.951,39.951,39.951,
2018-10-22,39.64,39.64,39.64,39.64,
2018-10-23,39.977,39.977,39.977,39.977,
2018-10-24,40.296,40.296,40.296,40.296,
2018-10-25,40.106,40.106,40.106,40.106,
2018-10-26,39.597,39.597,39.597,39.597,
2018-10-29,40.063,40.063,40.063,40.063,
2018-10-30,41.072,41.072,41.072,41.072,
2018-10-31,41.287,41.287,41.287,41.287,
2018-11-01,41.167,41.167,41.167,41.167,
2018-11-02,41.391,41.391,41.391,41.391,
2018-11-05,41.986,41.986,41.986,41.986,
2018-11-06,42.348,42.348,42.348,42.348,
2018-11-07,42.572,42.572,42.572,42.572,
2018-11-08,42.538,42.538,42.538,42.538,
2018-11-09,42.839,42.839,42.839,42.839,
2018-11-12,43.003,43.003,43.003,43.003,
2018-11-13,42.995,42.995,42.995,42.995,
2018-11-14,42.908,42.908,42.908,42.908,
2018-11-15,42.891,42.891,42.891,42.891,
2018-11-16,43.262,43.262,43.262,43.262,
2018-11-19,43.555,43.555,43.555,43.555,
2018-11-20,42.581,42.581,42.581,42.581,
2018-11-21,42.02,42.02,42.02,42.02,
2018-11-23,42.27,42.27,42.27,42.27,
2018-11-26,42.141,42.141,42.141,42.141,
2018-11-27,42.572,42.572,42.572,42.572,
2018-11-28,42.865,42.865,42.865,42.865,
2018-11-29,42.57,42.57,42.57,42.57,
2018-11-30,43.804,43.804,43.804,43.804,
2018-12-03,43.187,43.187,43.187,43.187,
2018-12-04,43.091,43.091,43.091,43.091,
2018-12-06,42.917,42.917,42.917,42.917,
2018-12-07,42.665,42.665,42.665,42.665,
2018-12-10,42.796,42.796,42.796,42.796,
2018-12-11,43.057,43.057,43.057,43.057,
2018-12-12,42.778,42.778,42.778,42.778,
2018-12-13,42.996,42.996,42.996,42.996,
2018-12-14,42.883,42.883,42.883,42.883,
2018-12-17,42.005,42.005,42.005,42.005,
2018-12-18,41.996,41.996,41.996,41.996,
2018-12-19,41.631,41.631,41.631,41.631,
2018-12-20,41.318,41.318,41.318,41.318,
2018-12-21,41.344,41.344,41.344,41.344,
2018-12-24,39.945,39.945,39.945,39.945,
2018-12-26,40.797,40.797,40.797,40.797,
2018-12-27,41.31,41.31,41.31,41.31,
2018-12-28,41.023,41.023,41.023,41.023,
2018-12-31,41.153,41.153,41.153,41.153,
2019-01-02,40.788,40.788,40.788,40.788,
2019-01-03,40.536,40.536,40.536,40.536,
2019-01-04,41.344,41.344,41.344,41.344,
2019-01-07,40.805,40.805,40.805,40.805,
2019-01-08,41.266,41.266,41.266,41.266,
2019-01-09,40.475,40.475,40.475,40.475,
2019-01-10,40.91,40.91,40.91,40.91,
2019-01-11,41.144,41.144,41.144,41.144,
2019-01-14,40.979,40.979,40.979,40.979,
2019-01-15,41.344,41.344,41.344,41.344,
2019-01-16,40.779,40.779,40.779,40.779,
2019-01-17,40.901,40.901,40.901,40.901,
2019-01-18,41.379,41.379,41.379,41.379,
2019-01-22,41.475,41.475,41.475,41.475,
2019-01-23,41.953,41.953,41.953,41.953,
2019-01-24,41.449,41.449,41.449,41.449,
2019-01-25,41.171,41.171,41.171,41.171,
2019-01-28,40.997,40.997,40.997,40.997,
2019-01-29,41.197,41.197,41.197,41.197,
2019-01-30,41.596,41.596,41.596,41.596,
2019-01-31,41.831,41.831,41.831,41.831,
2019-02-01,42.326,42.326,42.326,42.326,
2019-02-04,42.804,42.804,42.804,42.804,
2019-02-05,42.813,42.813,42.813,42.813,
2019-02-06,42.813,42.813,42.813,42.813,
2019-02-07,42.952,42.952,42.952,42.952,
2019-02-08,43.022,43.022,43.022,43.022,
2019-02-11,43.117,43.117,43.117,43.117,
2019-02-12,43.161,43.161,43.161,43.161,
2019-02-13,43.274,43.274,43.274,43.274,
2019-02-14,39.623,39.623,39.623,39.623,
2019-02-15,39.319,39.319,39.319,39.319,
2019-02-19,38.963,38.963,38.963,38.963,
2019-02-20,39.198,39.198,39.198,39.198,
2019-02-21,39.858,39.858,39.858,39.858,
2019-02-22,39.354,39.354,39.354,39.354,
2019-02-25,39.059,39.059,39.059,39.059,
2019-02-26,38.841,38.841,38.841,38.841,
2019-02-27,39.059,39.059,39.059,39.059,
2019-02-28,39.406,39.406,39.406,39.406,
2019-03-01,39.441,39.441,39.441,39.441,
2019-03-04,39.676,39.676,39.676,39.676,
2019-03-05,39.632,39.632,39.632,39.632,
2019-03-06,39.502,39.502,39.502,39.502,
2019-03-07,39.354,39.354,39.354,39.354,
2019-03-08,38.972,38.972,38.972,38.972,
2019-03-11,40.136,40.136,40.136,40.136,
2019-03-12,40.023,40.023,40.023,40.023,
2019-03-13,40.171,40.171,40.171,40.171,
2019-03-14,40.066,40.066,40.066,40.066,
2019-03-15,39.715,39.715,39.715,39.715,
2019-03-18,39.812,39.812,39.812,39.812,
2019-03-19,39.943,39.943,39.943,39.943,
2019-03-20,39.917,39.917,39.917,39.917,
2019-03-21,39.899,39.899,39.899,39.899,
2019-03-22,40.267,40.267,40.267,40.267,
2019-03-25,40.355,40.355,40.355,40.355,
2019-03-26,40.89,40.89,40.89,40.89,
2019-03-27,40.864,40.864,40.864,40.864,
2019-03-28,40.837,40.837,40.837,40.837,
2019-03-29,41.083,41.083,41.083,41.083,
2019-04-01,40.96,40.96,40.96,40.96,
2019-04-02,40.829,40.829,40.829,40.829,
2019-04-03,40.487,40.487,40.487,40.487,
2019-04-04,40.75,40.75,40.75,40.75,
2019-04-05,40.741,40.741,40.741,40.741,
2019-04-08,40.811,40.811,40.811,40.811,
2019-04-09,40.916,40.916,40.916,40.916,
2019-04-10,40.89,40.89,40.89,40.89,
2019-04-11,40.951,40.951,40.951,40.951,
2019-04-12,40.978,40.978,40.978,40.978,
2019-04-15,41.206,41.206,41.206,41.206,
2019-04-16,41.162,41.162,41.162,41.162,
2019-04-17,41.451,41.451,41.451,41.451,
2019-04-18,41.626,41.626,41.626,41.626,
2019-04-22,41.556,41.556,41.556,41.556,
2019-04-23,42.266,42.266,42.266,42.266,
2019-04-24,42.065,42.065,42.065,42.065,
2019-04-25,41.942,41.942,41.942,41.942,
2019-04-26,42.31,42.31,42.31,42.31,
2019-04-29,42.45,42.45,42.45,42.45,
2019-04-30,43.012,43.012,43.012,43.012,
2019-05-01,42.6,42.6,42.6,42.6,
2019-05-02,42.424,42.424,42.424,42.424,
2019-05-03,42.713,42.713,42.713,42.713,
2019-05-06,42.494,42.494,42.494,42.494,
2019-05-07,42.082,42.082,42.082,42.082,
2019-05-08,41.951,41.951,41.951,41.951,
2019-05-09,41.556,41.556,41.556,41.556,
2019-05-10,42.249,42.249,42.249,42.249,
2019-05-13,42.126,42.126,42.126,42.126,
2019-05-14,42.687,42.687,42.687,42.687,
2019-05-15,43.117,43.117,43.117,43.117,
2019-05-16,43.467,43.467,43.467,43.467,
2019-05-17,43.134,43.134,43.134,43.134,
2019-05-20,42.827,42.827,42.827,42.827,
2019-05-21,42.608,42.608,42.608,42.608,
2019-05-22,43.529,43.529,43.529,43.529,
2019-05-23,43.704,43.704,43.704,43.704,
2019-05-24,43.494,43.494,43.494,43.494,
2019-05-28,43.047,43.047,43.047,43.047,
2019-05-29,42.617,42.617,42.617,42.617,
2019-05-30,43.178,43.178,43.178,43.178,
2019-05-31,43.073,43.073,43.073,43.073,
2019-06-03,43.818,43.818,43.818,43.818,
2019-06-04,43.836,43.836,43.836,43.836,
2019-06-05,44.52,44.52,44.52,44.52,
2019-06-06,45.063,45.063,45.063,45.063,
2019-06-07,45.142,45.142,45.142,45.142,
2019-06-10,45.046,45.046,45.046,45.046,
2019-06-11,45.002,45.002,45.002,45.002,
2019-06-12,45.273,45.273,45.273,45.273,
2019-06-13,45.176,45.176,45.176,45.176,
2019-06-14,45.335,45.335,45.335,45.335,
2019-06-17,44.947,44.947,44.947,44.947,
2019-06-18,44.743,44.743,44.743,44.743,
2019-06-19,45.167,45.167,45.167,45.167,
2019-06-20,45.645,45.645,45.645,45.645,
2019-06-21,45.547,45.547,45.547,45.547,
2019-06-24,45.874,45.874,45.874,45.874,
2019-06-25,45.733,45.733,45.733,45.733,
2019-06-26,45.167,45.167,45.167,45.167,
2019-06-27,45.132,45.132,45.132,45.132,
2019-06-28,44.991,44.991,44.991,44.991,
2019-07-01,45.592,45.592,45.592,45.592,
2019-07-02,45.927,45.927,45.927,45.927,
2019-07-03,46.033,46.033,46.033,46.033,
2019-07-05,46.042,46.042,46.042,46.042,
2019-07-08,45.945,45.945,45.945,45.945,
2019-07-09,45.583,45.583,45.583,45.583,
2019-07-10,45.786,45.786,45.786,45.786,
2019-07-11,45.98,45.98,45.98,45.98,
2019-07-12,46.051,46.051,46.051,46.051,
2019-07-15,46.06,46.06,46.06,46.06,
2019-07-16,46.069,46.069,46.069,46.069,
2019-07-17,46.104,46.104,46.104,46.104,
2019-07-18,45.972,45.972,45.972,45.972,
2019-07-19,45.406,45.406,45.406,45.406,
2019-07-22,45.256,45.256,45.256,45.256,
2019-07-23,48.004,48.004,48.004,48.004,
2019-07-24,47.518,47.518,47.518,47.518,
2019-07-25,46.89,46.89,46.89,46.89,
2019-07-26,47.862,47.862,47.862,47.862,
2019-07-29,47.703,47.703,47.703,47.703,
2019-07-30,47.465,47.465,47.465,47.465,
2019-07-31,46.502,46.502,46.502,46.502,
2019-08-01,45.972,45.972,45.972,45.972,
2019-08-02,46.237,46.237,46.237,46.237,
2019-08-05,45.636,45.636,45.636,45.636,
2019-08-06,46.184,46.184,46.184,46.184,
2019-08-07,46.988,46.988,46.988,46.988,
2019-08-08,47.438,47.438,47.438,47.438,
2019-08-09,47.2,47.2,47.2,47.2,
2019-08-12,47.005,47.005,47.005,47.005,
2019-08-13,47.27,47.27,47.27,47.27,
2019-08-14,46.82,46.82,46.82,46.82,
2019-08-15,47.597,47.597,47.597,47.597,
2019-08-16,48.074,48.074,48.074,48.074,
2019-08-19,48.322,48.322,48.322,48.322,
2019-08-20,47.606,47.606,47.606,47.606,
2019-08-21,47.8,47.8,47.8,47.8,
2019-08-22,48.145,48.145,48.145,48.145,
2019-08-23,47.482,47.482,47.482,47.482,
2019-08-26,48.189,48.189,48.189,48.189,
2019-08-27,48.348,48.348,48.348,48.348,
2019-08-28,48.693,48.693,48.693,48.693,
2019-08-29,48.64,48.64,48.64,48.64,
2019-08-30,48.631,48.631,48.631,48.631,
2019-09-03,48.861,48.861,48.861,48.861,
2019-09-04,49.276,49.276,49.276,49.276,
2019-09-05,48.702,48.702,48.702,48.702,
2019-09-06,48.799,48.799,48.799,48.799,
2019-09-09,48.172,48.172,48.172,48.172,
2019-09-10,48.066,48.066,48.066,48.066,
2019-09-11,48.392,48.392,48.392,48.392,
2019-09-12,48.693,48.693,48.693,48.693,
2019-09-13,48.292,48.292,48.292,48.292,
2019-09-16,48.025,48.025,48.025,48.025,
2019-09-17,48.275,48.275,48.275,48.275,
2019-09-18,48.266,48.266,48.266,48.266,
2019-09-19,48.524,48.524,48.524,48.524,
2019-09-20,47.981,47.981,47.981,47.981,
2019-09-23,48.186,48.186,48.186,48.186,
2019-09-24,48.328,48.328,48.328,48.328,
2019-09-25,48.212,48.212,48.212,48.212,
2019-09-26,48.408,48.408,48.408,48.408,
2019-09-27,48.337,48.337,48.337,48.337,
2019-09-30,48.453,48.453,48.453,48.453,
2019-10-01,48.639,48.639,48.639,48.639,
2019-10-02,47.242,47.242,47.242,47.242,
2019-10-03,47.919,47.919,47.919,47.919,
2019-10-04,48.542,48.542,48.542,48.542,
2019-10-07,47.945,47.945,47.945,47.945,
2019-10-08,47.687,47.687,47.687,47.687,
2019-10-09,47.91,47.91,47.91,47.91,
2019-10-10,47.758,47.758,47.758,47.758,
2019-10-11,47.438,47.438,47.438,47.438,
2019-10-14,47.438,47.438,47.438,47.438,
2019-10-15,47.625,47.625,47.625,47.625,
2019-10-16,47.607,47.607,47.607,47.607,
2019-10-17,47.874,47.874,47.874,47.874,
2019-10-18,48.755,48.755,48.755,48.755,
2019-10-21,48.266,48.266,48.266,48.266,
2019-10-22,47.927,47.927,47.927,47.927,
2019-10-23,48.631,48.631,48.631,48.631,
2019-10-24,48.604,48.604,48.604,48.604,
2019-10-25,47.838,47.838,47.838,47.838,
2019-10-28,47.678,47.678,47.678,47.678,
2019-10-29,47.536,47.536,47.536,47.536,
2019-10-30,48.008,48.008,48.008,48.008,
2019-10-31,48.444,48.444,48.444,48.444,
2019-11-01,47.972,47.972,47.972,47.972,
2019-11-04,47.296,47.296,47.296,47.296,
2019-11-05,46.655,46.655,46.655,46.655,
2019-11-06,46.993,46.993,46.993,46.993,
2019-11-07,46.539,46.539,46.539,46.539,
2019-11-08,46.468,46.468,46.468,46.468,
2019-11-11,46.139,46.139,46.139,46.139,
2019-11-12,46.023,46.023,46.023,46.023,
2019-11-13,46.646,46.646,46.646,46.646,
2019-11-14,46.842,46.842,46.842,46.842,
2019-11-15,46.877,46.877,46.877,46.877,
2019-11-18,47.198,47.198,47.198,47.198,
2019-11-19,47.242,47.242,47.242,47.242,
2019-11-20,47.367,47.367,47.367,47.367,
2019-11-21,47.135,47.135,47.135,47.135,
2019-11-22,47.198,47.198,47.198,47.198,
2019-11-25,47.367,47.367,47.367,47.367,
2019-11-26,47.972,47.972,47.972,47.972,
2019-11-27,48.016,48.016,48.016,48.016,
2019-11-29,47.882,47.882,47.882,47.882,
2019-12-02,48.196,48.196,48.196,48.196,
2019-12-03,48.241,48.241,48.241,48.241,
2019-12-04,48.68,48.68,48.68,48.68,
2019-12-05,48.59,48.59,48.59,48.59,
2019-12-06,48.797,48.797,48.797,48.797,
2019-12-09,48.483,48.483,48.483,48.483,
2019-12-10,48.214,48.214,48.214,48.214,
2019-12-11,48.375,48.375,48.375,48.375,
2019-12-12,48.545,48.545,48.545,48.545,
2019-12-13,48.797,48.797,48.797,48.797,
2019-12-16,48.797,48.797,48.797,48.797,
2019-12-17,48.797,48.797,48.797,48.797,
2019-12-18,48.339,48.339,48.339,48.339,
2019-12-19,48.707,48.707,48.707,48.707,
2019-12-20,49.29,49.29,49.29,49.29,
2019-12-23,49.236,49.236,49.236,49.236,
2019-12-24,49.057,49.057,49.057,49.057,
2019-12-26,49.335,49.335,49.335,49.335,
2019-12-27,49.63,49.63,49.63,49.63,
2019-12-30,49.559,49.559,49.559,49.559,
2019-12-31,49.63,49.63,49.63,49.63,
2020-01-02,49.308,49.308,49.308,49.308,
2020-01-03,49.039,49.039,49.039,49.039,
2020-01-06,49.021,49.021,49.021,49.021,
2020-01-07,48.644,48.644,48.644,48.644,
2020-01-08,48.734,48.734,48.734,48.734,
2020-01-09,49.621,49.621,49.621,49.621,
2020-01-10,49.792,49.792,49.792,49.792,
2020-01-13,50.33,50.33,50.33,50.33,
2020-01-14,50.213,50.213,50.213,50.213,
2020-01-15,50.841,50.841,50.841,50.841,
2020-01-16,50.949,50.949,50.949,50.949,
2020-01-17,51.056,51.056,51.056,51.056,
2020-01-21,51.262,51.262,51.262,51.262,
2020-01-22,51.657,51.657,51.657,51.657,
2020-01-23,51.854,51.854,51.854,51.854,
2020-01-24,51.72,51.72,51.72,51.72,
2020-01-27,51.54,51.54,51.54,51.54,
2020-01-28,51.119,51.119,51.119,51.119,
2020-01-29,51.119,51.119,51.119,51.119,
2020-01-30,52.778,52.778,52.778,52.778,
2020-01-31,52.365,52.365,52.365,52.365,
2020-02-03,52.527,52.527,52.527,52.527,
2020-02-04,52.76,52.76,52.76,52.76,
2020-02-05,52.769,52.769,52.769,52.769,
2020-02-06,52.894,52.894,52.894,52.894,
2020-02-07,53.074,53.074,53.074,53.074,
2020-02-10,53.576,53.576,53.576,53.576,
2020-02-11,53.432,53.432,53.432,53.432,
2020-02-12,53.271,53.271,53.271,53.271,
2020-02-13,53.45,53.45,53.45,53.45,
2020-02-14,53.755,53.755,53.755,53.755,
2020-02-18,53.379,53.379,53.379,53.379,
2020-02-19,53.594,53.594,53.594,53.594,
2020-02-20,53.549,53.549,53.549,53.549,
2020-02-21,53.917,53.917,53.917,53.917,
2020-02-24,52.589,52.589,52.589,52.589,
2020-02-25,51.845,51.845,51.845,51.845,
2020-02-26,51.648,51.648,51.648,51.648,
2020-02-27,49.254,49.254,49.254,49.254,
2020-02-28,47.963,47.963,47.963,47.963,
2020-03-02,50.142,50.142,50.142,50.142,
2020-03-03,50.267,50.267,50.267,50.267,
2020-03-04,52.832,52.832,52.832,52.832,
2020-03-05,50.877,50.877,50.877,50.877,
2020-03-06,49.55,49.55,49.55,49.55,
2020-03-09,46.501,46.501,46.501,46.501,
2020-03-10,48.115,48.115,48.115,48.115,
2020-03-11,46.815,46.815,46.815,46.815,
2020-03-12,42.287,42.287,42.287,42.287,
2020-03-13,43.843,43.843,43.843,43.843,
2020-03-16,40.939,40.939,40.939,40.939,
2020-03-17,42.676,42.676,42.676,42.676,
2020-03-18,40.568,40.568,40.568,40.568,
2020-03-19,37.836,37.836,37.836,37.836,
2020-03-20,34.643,34.643,34.643,34.643,
2020-03-23,33.974,33.974,33.974,33.974,
2020-03-24,35.684,35.684,35.684,35.684,
2020-03-25,37.637,37.637,37.637,37.637,
2020-03-26,40.062,40.062,40.062,40.062,
2020-03-27,38.723,38.723,38.723,38.723,
2020-03-30,40.704,40.704,40.704,40.704,
2020-03-31,40.025,40.025,40.025,40.025,
2020-04-01,38.099,38.099,38.099,38.099,
2020-04-02,39.754,39.754,39.754,39.754,
2020-04-03,39.646,39.646,39.646,39.646,
2020-04-06,42.214,42.214,42.214,42.214,
2020-04-07,42.07,42.07,42.07,42.07,
2020-04-08,43.255,43.255,43.255,43.255,
2020-04-09,44.322,44.322,44.322,44.322,
2020-04-13,42.45,42.45,42.45,42.45,
2020-04-14,44.25,44.25,44.25,44.25,
2020-04-15,43.065,43.065,43.065,43.065,
2020-04-16,42.603,42.603,42.603,42.603,
2020-04-17,43.472,43.472,43.472,43.472,
2020-04-20,42.088,42.088,42.088,42.088,
2020-04-21,41.048,41.048,41.048,41.048,
2020-04-22,41.319,41.319,41.319,41.319,
2020-04-23,40.767,40.767,40.767,40.767,
2020-04-24,41.093,41.093,41.093,41.093,
2020-04-27,42.314,42.314,42.314,42.314,
2020-04-28,42.278,42.278,42.278,42.278,
2020-04-29,42.621,42.621,42.621,42.621,
2020-04-30,41.509,41.509,41.509,41.509,
2020-05-01,41.247,41.247,41.247,41.247,
2020-05-04,40.83,40.83,40.83,40.83,
2020-05-05,41.066,41.066,41.066,41.066,
2020-05-06,40.478,40.478,40.478,40.478,
2020-05-07,40.342,40.342,40.342,40.342,
2020-05-08,41.708,41.708,41.708,41.708,
2020-05-11,41.192,41.192,41.192,41.192,
2020-05-12,40.541,40.541,40.541,40.541,
2020-05-13,39.745,39.745,39.745,39.745,
2020-05-14,39.528,39.528,39.528,39.528,
2020-05-15,39.13,39.13,39.13,39.13,
2020-05-18,40.677,40.677,40.677,40.677,
2020-05-19,40.288,40.288,40.288,40.288,
2020-05-20,41.509,41.509,41.509,41.509,
2020-05-21,40.858,40.858,40.858,40.858,
2020-05-22,40.731,40.731,40.731,40.731,
2020-05-26,41.69,41.69,41.69,41.69,
2020-05-27,42.269,42.269,42.269,42.269,
2020-05-28,42.594,42.594,42.594,42.594,
2020-05-29,42.223,42.223,42.223,42.223,
2020-06-01,42.504,42.504,42.504,42.504,
2020-06-02,42.422,42.422,42.422,42.422,
2020-06-03,43.327,43.327,43.327,43.327,
2020-06-04,43.345,43.345,43.345,43.345,
2020-06-05,44.403,44.403,44.403,44.403,
2020-06-08,45.091,45.091,45.091,45.091,
2020-06-09,44.322,44.322,44.322,44.322,
2020-06-10,43.978,43.978,43.978,43.978,
2020-06-11,41.192,41.192,41.192,41.192,
2020-06-12,41.621,41.621,41.621,41.621,
2020-06-15,42.26,42.26,42.26,42.26,
2020-06-16,42.689,42.689,42.689,42.689,
2020-06-17,42.516,42.516,42.516,42.516,
2020-06-18,42.89,42.89,42.89,42.89,
2020-06-19,42.005,42.005,42.005,42.005,
2020-06-22,41.749,41.749,41.749,41.749,
2020-06-23,41.658,41.658,41.658,41.658,
2020-06-24,40.754,40.754,40.754,40.754,
2020-06-25,41.01,41.01,41.01,41.01,
2020-06-26,39.768,39.768,39.768,39.768,
2020-06-29,40.489,40.489,40.489,40.489,
2020-06-30,40.782,40.782,40.782,40.782,
2020-07-01,40.909,40.909,40.909,40.909,
2020-07-02,40.964,40.964,40.964,40.964,
2020-07-06,41.284,41.284,41.284,41.284,
2020-07-07,41.265,41.265,41.265,41.265,
2020-07-08,41.138,41.138,41.138,41.138,
2020-07-09,40.079,40.079,40.079,40.079,
2020-07-10,41.211,41.211,41.211,41.211,
2020-07-13,41.302,41.302,41.302,41.302,
2020-07-14,41.868,41.868,41.868,41.868,
2020-07-15,42.351,42.351,42.351,42.351,
2020-07-16,42.123,42.123,42.123,42.123,
2020-07-17,42.735,42.735,42.735,42.735,
2020-07-20,42.096,42.096,42.096,42.096,
2020-07-21,43.082,43.082,43.082,43.082,
2020-07-22,44.25,44.25,44.25,44.25,
2020-07-23,44.067,44.067,44.067,44.067,
2020-07-24,44.259,44.259,44.259,44.259,
2020-07-27,44.25,44.25,44.25,44.25,
2020-07-28,43.976,43.976,43.976,43.976,
2020-07-29,43.83,43.83,43.83,43.83,
2020-07-30,43.529,43.529,43.529,43.529,
2020-07-31,43.118,43.118,43.118,43.118,
2020-08-03,42.26,42.26,42.26,42.26,
2020-08-04,42.616,42.616,42.616,42.616,
2020-08-05,43.1,43.1,43.1,43.1,
2020-08-06,43.337,43.337,43.337,43.337,
2020-08-07,43.629,43.629,43.629,43.629,
2020-08-10,43.556,43.556,43.556,43.556,
2020-08-11,43.748,43.748,43.748,43.748,
2020-08-12,44.204,44.204,44.204,44.204,
2020-08-13,44.159,44.159,44.159,44.159,
2020-08-14,44.223,44.223,44.223,44.223,
2020-08-17,44.004,44.004,44.004,44.004,
2020-08-18,44.195,44.195,44.195,44.195,
2020-08-19,43.237,43.237,43.237,43.237,
2020-08-20,43.219,43.219,43.219,43.219,
2020-08-21,43.155,43.155,43.155,43.155,
2020-08-24,43.784,43.784,43.784,43.784,
2020-08-25,43.73,43.73,43.73,43.73,
2020-08-26,43.958,43.958,43.958,43.958,
2020-08-27,44.022,44.022,44.022,44.022,
2020-08-28,45.482,45.482,45.482,45.482,
2020-08-31,45.208,45.208,45.208,45.208,
2020-09-01,44.834,44.834,44.834,44.834,
2020-09-02,46.724,46.724,46.724,46.724,
2020-09-03,46.075,46.075,46.075,46.075,
2020-09-04,46.587,46.587,46.587,46.587,
2020-09-08,45.464,45.464,45.464,45.464,
2020-09-09,45.811,45.811,45.811,45.811,
2020-09-10,45.637,45.637,45.637,45.637,
2020-09-11,46.605,46.605,46.605,46.605,
2020-09-14,46.66,46.66,46.66,46.66,
2020-09-15,46.973,46.973,46.973,46.973,
2020-09-16,46.734,46.734,46.734,46.734,
2020-09-17,46.513,46.513,46.513,46.513,
2020-09-18,46.421,46.421,46.421,46.421,
2020-09-21,45.169,45.169,45.169,45.169,
2020-09-22,45.694,45.694,45.694,45.694,
2020-09-23,44.36,44.36,44.36,44.36,
2020-09-24,44.811,44.811,44.811,44.811,
2020-09-25,44.829,44.829,44.829,44.829,
2020-09-28,45.344,45.344,45.344,45.344,
2020-09-29,45.013,45.013,45.013,45.013,
2020-09-30,45.427,45.427,45.427,45.427,
2020-10-01,45.252,45.252,45.252,45.252,
2020-10-02,45.418,45.418,45.418,45.418,
2020-10-05,45.436,45.436,45.436,45.436,
2020-10-06,45.031,45.031,45.031,45.031,
2020-10-07,45.602,45.602,45.602,45.602,
2020-10-08,46.43,46.43,46.43,46.43,
2020-10-09,46.752,46.752,46.752,46.752,
2020-10-12,47.01,47.01,47.01,47.01,
2020-10-13,46.209,46.209,46.209,46.209,
2020-10-14,46.117,46.117,46.117,46.117,
2020-10-15,45.998,45.998,45.998,45.998,
2020-10-16,46.034,46.034,46.034,46.034,
2020-10-19,45.657,45.657,45.657,45.657,
2020-10-20,46.237,46.237,46.237,46.237,
2020-10-21,45.998,45.998,45.998,45.998,
2020-10-22,46.632,46.632,46.632,46.632,
2020-10-23,46.485,46.485,46.485,46.485,
2020-10-26,45.823,45.823,45.823,45.823,
2020-10-27,45.915,45.915,45.915,45.915,
2020-10-28,44.13,44.13,44.13,44.13,
2020-10-29,44.185,44.185,44.185,44.185,
2020-10-30,44.222,44.222,44.222,44.222,
2020-11-02,44.737,44.737,44.737,44.737,
2020-11-03,45.409,45.409,45.409,45.409,
2020-11-04,45.243,45.243,45.243,45.243,
2020-11-05,45.492,45.492,45.492,45.492,
2020-11-06,45.501,45.501,45.501,45.501,
2020-11-09,48.372,48.372,48.372,48.372,
2020-11-10,49.669,49.669,49.669,49.669,
2020-11-11,49.301,49.301,49.301,49.301,
2020-11-12,48.776,48.776,48.776,48.776,
2020-11-13,49.181,49.181,49.181,49.181,
2020-11-16,49.549,49.549,49.549,49.549,
2020-11-17,49.393,49.393,49.393,49.393,
2020-11-18,48.408,48.408,48.408,48.408,
2020-11-19,48.887,48.887,48.887,48.887,
2020-11-20,48.464,48.464,48.464,48.464,
2020-11-23,48.473,48.473,48.473,48.473,
2020-11-24,48.97,48.97,48.97,48.97,
2020-11-25,48.703,48.703,48.703,48.703,
2020-11-27,48.491,48.491,48.491,48.491,
2020-11-30,47.851,47.851,47.851,47.851,
2020-12-01,48.259,48.259,48.259,48.259,
2020-12-02,48.324,48.324,48.324,48.324,
2020-12-03,48.946,48.946,48.946,48.946,
2020-12-04,49.938,49.938,49.938,49.938,
2020-12-07,49.14,49.14,49.14,49.14,
2020-12-08,49.316,49.316,49.316,49.316,
2020-12-09,49.456,49.456,49.456,49.456,
2020-12-10,49.196,49.196,49.196,49.196,
2020-12-11,49.474,49.474,49.474,49.474,
2020-12-14,49.4,49.4,49.4,49.4,
2020-12-15,49.929,49.929,49.929,49.929,
2020-12-16,49.205,49.205,49.205,49.205,
2020-12-17,49.4,49.4,49.4,49.4,
2020-12-18,49.836,49.836,49.836,49.836,
2020-12-21,48.973,48.973,48.973,48.973,
2020-12-22,48.927,48.927,48.927,48.927,
2020-12-23,49.224,49.224,49.224,49.224,
2020-12-24,49.558,49.558,49.558,49.558,
2020-12-28,50.225,50.225,50.225,50.225,
2020-12-29,50.197,50.197,50.197,50.197,
2020-12-30,50.485,50.485,50.485,50.485,
2020-12-31,50.856,50.856,50.856,50.856,
2021-01-04,48.927,48.927,48.927,48.927,
2021-01-05,48.389,48.389,48.389,48.389,
2021-01-06,46.85,46.85,46.85,46.85,
2021-01-07,46.33,46.33,46.33,46.33,
2021-01-08,47.369,47.369,47.369,47.369,
2021-01-11,46.553,46.553,46.553,46.553,
2021-01-12,46.47,46.47,46.47,46.47,
2021-01-13,46.516,46.516,46.516,46.516,
2021-01-14,45.653,45.653,45.653,45.653,
2021-01-15,45.162,45.162,45.162,45.162,
2021-01-19,44.986,44.986,44.986,44.986,
2021-01-20,45.143,45.143,45.143,45.143,
2021-01-21,45.394,45.394,45.394,45.394,
2021-01-22,44.967,44.967,44.967,44.967,
2021-01-25,45.236,45.236,45.236,45.236,
2021-01-26,45.709,45.709,45.709,45.709,
2021-01-27,45.004,45.004,45.004,45.004,
2021-01-28,45.579,45.579,45.579,45.579,
2021-01-29,44.652,44.652,44.652,44.652,
2021-02-01,44.958,44.958,44.958,44.958,
2021-02-02,45.403,45.403,45.403,45.403,
2021-02-03,45.227,45.227,45.227,45.227,
2021-02-04,45.449,45.449,45.449,45.449,
2021-02-05,46.043,46.043,46.043,46.043,
2021-02-08,46.293,46.293,46.293,46.293,
2021-02-09,46.089,46.089,46.089,46.089,
2021-02-10,45.997,45.997,45.997,45.997,
2021-02-11,46.646,46.646,46.646,46.646,
2021-02-12,47.007,47.007,47.007,47.007,
2021-02-16,46.618,46.618,46.618,46.618,
2021-02-17,46.488,46.488,46.488,46.488,
2021-02-18,47.082,47.082,47.082,47.082,
2021-02-19,46.47,46.47,46.47,46.47,
2021-02-22,46.952,46.952,46.952,46.952,
2021-02-23,46.868,46.868,46.868,46.868,
2021-02-24,47.026,47.026,47.026,47.026,
2021-02-25,46.525,46.525,46.525,46.525,
2021-02-26,45.431,45.431,45.431,45.431,
2021-03-01,46.275,46.275,46.275,46.275,
2021-03-02,46.46,46.46,46.46,46.46,
2021-03-03,46.349,46.349,46.349,46.349,
2021-03-04,46.312,46.312,46.312,46.312,
2021-03-05,47.1,47.1,47.1,47.1,
2021-03-08,47.888,47.888,47.888,47.888,
2021-03-09,47.165,47.165,47.165,47.165,
2021-03-10,47.703,47.703,47.703,47.703,
2021-03-11,47.184,47.184,47.184,47.184,
2021-03-12,47.09,47.09,47.09,47.09,
2021-03-15,47.717,47.717,47.717,47.717,
2021-03-16,47.894,47.894,47.894,47.894,
2021-03-17,47.913,47.913,47.913,47.913,
2021-03-18,47.286,47.286,47.286,47.286,
2021-03-19,47.511,47.511,47.511,47.511,
2021-03-22,47.689,47.689,47.689,47.689,
2021-03-23,48.053,48.053,48.053,48.053,
2021-03-24,48.175,48.175,48.175,48.175,
2021-03-25,48.642,48.642,48.642,48.642,
2021-03-26,49.596,49.596,49.596,49.596,
2021-03-29,50.353,50.353,50.353,50.353,
2021-03-30,49.699,49.699,49.699,49.699,
2021-03-31,49.287,49.287,49.287,49.287,
2021-04-01,49.1,49.1,49.1,49.1,
2021-04-05,49.381,49.381,49.381,49.381,
2021-04-06,49.736,49.736,49.736,49.736,
2021-04-07,49.82,49.82,49.82,49.82,
2021-04-08,49.671,49.671,49.671,49.671,
2021-04-09,49.727,49.727,49.727,49.727,
2021-04-12,49.886,49.886,49.886,49.886,
2021-04-13,49.643,49.643,49.643,49.643,
2021-04-14,49.633,49.633,49.633,49.633,
2021-04-15,49.867,49.867,49.867,49.867,
2021-04-16,50.195,50.195,50.195,50.195,
2021-04-19,50.494,50.494,50.494,50.494,
2021-04-20,50.653,50.653,50.653,50.653,
2021-04-21,51.064,51.064,51.064,51.064,
2021-04-22,50.905,50.905,50.905,50.905,
2021-04-23,50.933,50.933,50.933,50.933,
2021-04-26,50.176,50.176,50.176,50.176,
2021-04-27,50.101,50.101,50.101,50.101,
2021-04-28,50.11,50.11,50.11,50.11,
2021-04-29,50.737,50.737,50.737,50.737,
2021-04-30,50.475,50.475,50.475,50.475,
2021-05-03,50.943,50.943,50.943,50.943,
2021-05-04,50.625,50.625,50.625,50.625,
2021-05-05,50.494,50.494,50.494,50.494,
2021-05-06,50.999,50.999,50.999,50.999,
2021-05-07,50.971,50.971,50.971,50.971,
2021-05-10,51.345,51.345,51.345,51.345,
2021-05-11,50.793,50.793,50.793,50.793,
2021-05-12,50.531,50.531,50.531,50.531,
2021-05-13,50.971,50.971,50.971,50.971,
2021-05-14,51.176,51.176,51.176,51.176,
2021-05-17,51.092,51.092,51.092,51.092,
2021-05-18,50.812,50.812,50.812,50.812,
2021-05-19,50.653,50.653,50.653,50.653,
2021-05-20,51.102,51.102,51.102,51.102,
2021-05-21,51.073,51.073,51.073,51.073,
2021-05-24,51.242,51.242,51.242,51.242,
2021-05-25,51.232,51.232,51.232,51.232,
2021-05-26,51.457,51.457,51.457,51.457,
2021-05-27,51.887,51.887,51.887,51.887,
2021-05-28,51.7,51.7,51.7,51.7,
2021-06-01,51.691,51.691,51.691,51.691,
2021-06-02,51.896,51.896,51.896,51.896,
2021-06-03,52.027,52.027,52.027,52.027,
2021-06-04,52.588,52.588,52.588,52.588,
2021-06-07,52.401,52.401,52.401,52.401,
2021-06-08,52.037,52.037,52.037,52.037,
2021-06-09,51.878,51.878,51.878,51.878,
2021-06-10,52.28,52.28,52.28,52.28,
2021-06-11,52.513,52.513,52.513,52.513,
2021-06-14,52.334,52.334,52.334,52.334,
2021-06-15,52.203,52.203,52.203,52.203,
2021-06-16,51.505,51.505,51.505,51.505,
2021-06-17,51.769,51.769,51.769,51.769,
2021-06-18,50.658,50.658,50.658,50.658,
2021-06-21,51.213,51.213,51.213,51.213,
2021-06-22,51.402,51.402,51.402,51.402,
2021-06-23,50.987,50.987,50.987,50.987,
2021-06-24,51.242,51.242,51.242,51.242,
2021-06-25,51.176,51.176,51.176,51.176,
2021-06-28,51.119,51.119,51.119,51.119,
2021-06-29,50.742,50.742,50.742,50.742,
2021-06-30,50.978,50.978,50.978,50.978,
2021-07-01,50.837,50.837,50.837,50.837,
2021-07-02,51.044,51.044,51.044,51.044,
2021-07-06,50.761,50.761,50.761,50.761,
2021-07-07,51.176,51.176,51.176,51.176,
2021-07-08,50.997,50.997,50.997,50.997,
2021-07-09,51.308,51.308,51.308,51.308,
2021-07-12,51.326,51.326,51.326,51.326,
2021-07-13,51.835,51.835,51.835,51.835,
2021-07-14,53.003,53.003,53.003,53.003,
2021-07-15,53.173,53.173,53.173,53.173,
2021-07-16,53.135,53.135,53.135,53.135,
2021-07-19,52.504,52.504,52.504,52.504,
2021-07-20,52.598,52.598,52.598,52.598,
2021-07-21,53.277,53.277,53.277,53.277,
2021-07-22,53.201,53.201,53.201,53.201,
2021-07-23,53.71,53.71,53.71,53.71,
2021-07-26,53.757,53.757,53.757,53.757,
2021-07-27,53.945,53.945,53.945,53.945,
2021-07-28,53.456,53.456,53.456,53.456,
2021-07-29,53.748,53.748,53.748,53.748,
2021-07-30,53.729,53.729,53.729,53.729,
2021-08-02,53.587,53.587,53.587,53.587,
2021-08-03,53.625,53.625,53.625,53.625,
2021-08-04,52.853,52.853,52.853,52.853,
2021-08-05,53.229,53.229,53.229,53.229,
2021-08-06,53.361,53.361,53.361,53.361,
2021-08-09,53.371,53.371,53.371,53.371,
2021-08-10,53.512,53.512,53.512,53.512,
2021-08-11,53.446,53.446,53.446,53.446,
2021-08-12,53.55,53.55,53.55,53.55,
2021-08-13,53.917,53.917,53.917,53.917,
2021-08-16,54.153,54.153,54.153,54.153,
2021-08-17,53.964,53.964,53.964,53.964,
2021-08-18,53.229,53.229,53.229,53.229,
2021-08-19,53.569,53.569,53.569,53.569,
2021-08-20,53.361,53.361,53.361,53.361,
2021-08-23,53.173,53.173,53.173,53.173,
2021-08-24,52.768,52.768,52.768,52.768,
2021-08-25,52.824,52.824,52.824,52.824,
2021-08-26,52.325,52.325,52.325,52.325,
2021-08-27,52.429,52.429,52.429,52.429,
2021-08-30,52.928,52.928,52.928,52.928,
2021-08-31,53.05,53.05,53.05,53.05,
2021-09-01,53.408,53.408,53.408,53.408,
2021-09-02,53.484,53.484,53.484,53.484,
2021-09-03,53.446,53.446,53.446,53.446,
2021-09-07,52.448,52.448,52.448,52.448,
2021-09-08,53.154,53.154,53.154,53.154,
2021-09-09,52.627,52.627,52.627,52.627,
2021-09-10,52.391,52.391,52.391,52.391,
2021-09-13,52.824,52.824,52.824,52.824,
2021-09-14,52.862,52.862,52.862,52.862,
2021-09-15,53.043,53.043,53.043,53.043,
2021-09-16,52.54,52.54,52.54,52.54,
2021-09-17,51.676,51.676,51.676,51.676,
2021-09-20,51.315,51.315,51.315,51.315,
2021-09-21,51.306,51.306,51.306,51.306,
2021-09-22,51.382,51.382,51.382,51.382,
2021-09-23,51.296,51.296,51.296,51.296,
2021-09-24,51.154,51.154,51.154,51.154,
2021-09-27,50.888,50.888,50.888,50.888,
2021-09-28,49.967,49.967,49.967,49.967,
2021-09-29,50.271,50.271,50.271,50.271,
2021-09-30,49.806,49.806,49.806,49.806,
2021-10-01,50.328,50.328,50.328,50.328,
2021-10-04,50.299,50.299,50.299,50.299,
2021-10-05,50.385,50.385,50.385,50.385,
2021-10-06,50.983,50.983,50.983,50.983,
2021-10-07,51.144,51.144,51.144,51.144,
2021-10-08,51.372,51.372,51.372,51.372,
2021-10-11,51.476,51.476,51.476,51.476,
2021-10-12,51.476,51.476,51.476,51.476,
2021-10-13,51.486,51.486,51.486,51.486,
2021-10-14,51.837,51.837,51.837,51.837,
2021-10-15,51.714,51.714,51.714,51.714,
2021-10-18,51.201,51.201,51.201,51.201,
2021-10-19,51.401,51.401,51.401,51.401,
2021-10-20,51.856,51.856,51.856,51.856,
2021-10-21,51.59,51.59,51.59,51.59,
2021-10-22,51.685,51.685,51.685,51.685,
2021-10-25,51.476,51.476,51.476,51.476,
2021-10-26,51.704,51.704,51.704,51.704,
2021-10-27,52.701,52.701,52.701,52.701,
2021-10-28,53.195,53.195,53.195,53.195,
2021-10-29,53.508,53.508,53.508,53.508,
2021-11-01,53.318,53.318,53.318,53.318,
2021-11-02,53.252,53.252,53.252,53.252,
2021-11-03,53.432,53.432,53.432,53.432,
2021-11-04,53.726,53.726,53.726,53.726,
2021-11-05,53.954,53.954,53.954,53.954,
2021-11-08,53.47,53.47,53.47,53.47,
2021-11-09,53.622,53.622,53.622,53.622,
2021-11-10,53.84,53.84,53.84,53.84,
2021-11-11,53.859,53.859,53.859,53.859,
2021-11-12,53.736,53.736,53.736,53.736,
2021-11-15,53.745,53.745,53.745,53.745,
2021-11-16,53.365,53.365,53.365,53.365,
2021-11-17,53.071,53.071,53.071,53.071,
2021-11-18,52.597,52.597,52.597,52.597,
2021-11-19,52.331,52.331,52.331,52.331,
2021-11-22,52.654,52.654,52.654,52.654,
2021-11-23,53.043,53.043,53.043,53.043,
2021-11-24,52.616,52.616,52.616,52.616,
2021-11-26,51.002,51.002,51.002,51.002,
2021-11-29,51.809,51.809,51.809,51.809,
2021-11-30,50.173,50.173,50.173,50.173,
2021-12-01,50.029,50.029,50.029,50.029,
2021-12-02,50.766,50.766,50.766,50.766,
2021-12-03,51.216,51.216,51.216,51.216,
2021-12-06,52.526,52.526,52.526,52.526,
2021-12-07,52.813,52.813,52.813,52.813,
2021-12-08,52.612,52.612,52.612,52.612,
2021-12-09,52.478,52.478,52.478,52.478,
2021-12-10,53.837,53.837,53.837,53.837,
2021-12-13,55.252,55.252,55.252,55.252,
2021-12-14,55.291,55.291,55.291,55.291,
2021-12-15,55.539,55.539,55.539,55.539,
2021-12-16,56.104,56.104,56.104,56.104,
2021-12-17,55.224,55.224,55.224,55.224,
2021-12-20,55.042,55.042,55.042,55.042,
2021-12-21,55.262,55.262,55.262,55.262,
2021-12-22,55.654,55.654,55.654,55.654,
2021-12-23,55.692,55.692,55.692,55.692,
2021-12-27,56.104,56.104,56.104,56.104,
2021-12-28,56.324,56.324,56.324,56.324,
2021-12-29,56.391,56.391,56.391,56.391,
2021-12-30,56.228,56.228,56.228,56.228,
2021-12-31,56.639,56.639,56.639,56.639,
2022-01-03,56.726,56.726,56.726,56.726,
2022-01-04,57.673,57.673,57.673,57.673,
2022-01-05,58.151,58.151,58.151,58.151,
2022-01-06,57.845,57.845,57.845,57.845,
2022-01-07,57.711,57.711,57.711,57.711,
2022-01-10,57.807,57.807,57.807,57.807,
2022-01-11,57.826,57.826,57.826,57.826,
2022-01-12,57.912,57.912,57.912,57.912,
2022-01-13,58.256,58.256,58.256,58.256,
2022-01-14,58.725,58.725,58.725,58.725,
2022-01-18,58.256,58.256,58.256,58.256,
2022-01-19,58.352,58.352,58.352,58.352,
2022-01-20,58.113,58.113,58.113,58.113,
2022-01-21,57.826,57.826,57.826,57.826,
2022-01-24,57.357,57.357,57.357,57.357,
2022-01-25,57.223,57.223,57.223,57.223,
2022-01-26,57.013,57.013,57.013,57.013,
2022-01-27,57.06,57.06,57.06,57.06,
2022-01-28,58.199,58.199,58.199,58.199,
2022-01-31,58.361,58.361,58.361,58.361,
2022-02-01,57.931,57.931,57.931,57.931,
2022-02-02,58.524,58.524,58.524,58.524,
2022-02-03,58.935,58.935,58.935,58.935,
2022-02-04,58.313,58.313,58.313,58.313,
2022-02-07,58.926,58.926,58.926,58.926,
2022-02-08,59.308,59.308,59.308,59.308,
2022-02-09,58.39,58.39,58.39,58.39,
2022-02-10,58.715,58.715,58.715,58.715,
2022-02-11,57.673,57.673,57.673,57.673,
2022-02-14,58.046,58.046,58.046,58.046,
2022-02-15,58.266,58.266,58.266,58.266,
2022-02-16,58.256,58.256,58.256,58.256,
2022-02-17,59.423,59.423,59.423,59.423,
2022-02-18,59.825,59.825,59.825,59.825,
2022-02-22,59.576,59.576,59.576,59.576,
2022-02-23,58.916,58.916,58.916,58.916,
2022-02-24,57.883,57.883,57.883,57.883,
2022-02-25,60.121,60.121,60.121,60.121,
2022-02-28,59.538,59.538,59.538,59.538,
2022-03-01,59.28,59.28,59.28,59.28,
2022-03-02,59.72,59.72,59.72,59.72,
2022-03-03,59.758,59.758,59.758,59.758,
2022-03-04,59.854,59.854,59.854,59.854,
2022-03-07,58.428,58.428,58.428,58.428,
2022-03-08,56.113,56.113,56.113,56.113,
2022-03-09,56.4,56.4,56.4,56.4,
2022-03-10,55.367,55.367,55.367,55.367,
2022-03-11,55.405,55.405,55.405,55.405,
2022-03-14,56.427,56.427,56.427,56.427,
2022-03-15,57.468,57.468,57.468,57.468,
2022-03-16,57.314,57.314,57.314,57.314,
2022-03-17,57.921,57.921,57.921,57.921,
2022-03-18,57.931,57.931,57.931,57.931,
2022-03-21,58.394,58.394,58.394,58.394,
2022-03-22,58.606,58.606,58.606,58.606,
2022-03-23,58.22,58.22,58.22,58.22,
2022-03-24,58.779,58.779,58.779,58.779,
2022-03-25,59.309,59.309,59.309,59.309,
2022-03-28,59.685,59.685,59.685,59.685,
2022-03-29,59.917,59.917,59.917,59.917,
2022-03-30,59.965,59.965,59.965,59.965,
2022-03-31,59.762,59.762,59.762,59.762,
2022-04-01,60.601,60.601,60.601,60.601,
2022-04-04,60.283,60.283,60.283,60.283,
2022-04-05,60.215,60.215,60.215,60.215,
2022-04-06,60.823,60.823,60.823,60.823,
2022-04-07,61.15,61.15,61.15,61.15,
2022-04-08,61.526,61.526,61.526,61.526,
2022-04-11,61.507,61.507,61.507,61.507,
2022-04-12,62.23,62.23,62.23,62.23,
2022-04-13,62.394,62.394,62.394,62.394,
2022-04-14,62.673,62.673,62.673,62.673,
2022-04-18,62.114,62.114,62.114,62.114,
2022-04-19,62.722,62.722,62.722,62.722,
2022-04-20,63.579,63.579,63.579,63.579,
2022-04-21,63.82,63.82,63.82,63.82,
2022-04-22,62.895,62.895,62.895,62.895,
2022-04-25,63.56,63.56,63.56,63.56,
2022-04-26,62.702,62.702,62.702,62.702,
2022-04-27,63.194,63.194,63.194,63.194,
2022-04-28,63.801,63.801,63.801,63.801,
2022-04-29,62.278,62.278,62.278,62.278,
2022-05-02,61.15,61.15,61.15,61.15,
2022-05-03,60.803,60.803,60.803,60.803,
2022-05-04,62.683,62.683,62.683,62.683,
2022-05-05,62.182,62.182,62.182,62.182,
2022-05-06,62.403,62.403,62.403,62.403,
2022-05-09,62.278,62.278,62.278,62.278,
2022-05-10,61.7,61.7,61.7,61.7,
2022-05-11,61.989,61.989,61.989,61.989,
2022-05-12,62.182,62.182,62.182,62.182,
2022-05-13,63.348,63.348,63.348,63.348,
2022-05-16,63.579,63.579,63.579,63.579,
2022-05-17,63.406,63.406,63.406,63.406,
2022-05-18,58.991,58.991,58.991,58.991,
2022-05-19,57.835,57.835,57.835,57.835,
2022-05-20,58.779,58.779,58.779,58.779,
2022-05-23,60.591,60.591,60.591,60.591,
2022-05-24,61.709,61.709,61.709,61.709,
2022-05-25,61.758,61.758,61.758,61.758,
2022-05-26,61.979,61.979,61.979,61.979,
2022-05-27,62.346,62.346,62.346,62.346,
2022-05-31,61.093,61.093,61.093,61.093,
2022-06-01,60.794,60.794,60.794,60.794,
2022-06-02,61.43,61.43,61.43,61.43,
2022-06-03,60.697,60.697,60.697,60.697,
2022-06-06,60.601,60.601,60.601,60.601,
2022-06-07,60.967,60.967,60.967,60.967,
2022-06-08,60.62,60.62,60.62,60.62,
2022-06-09,59.57,59.57,59.57,59.57,
2022-06-10,59.194,59.194,59.194,59.194,
2022-06-13,59.126,59.126,59.126,59.126,
2022-06-14,57.505,57.505,57.505,57.505,
2022-06-15,57.932,57.932,57.932,57.932,
2022-06-16,57.349,57.349,57.349,57.349,
2022-06-17,57.699,57.699,57.699,57.699,
2022-06-21,58.932,58.932,58.932,58.932,
2022-06-22,59.369,59.369,59.369,59.369,
2022-06-23,60.078,60.078,60.078,60.078,
2022-06-24,61.204,61.204,61.204,61.204,
2022-06-27,61.078,61.078,61.078,61.078,
2022-06-28,60.466,60.466,60.466,60.466,
2022-06-29,60.903,60.903,60.903,60.903,
2022-06-30,61.078,61.078,61.078,61.078,
2022-07-01,62.505,62.505,62.505,62.505,
2022-07-05,61.437,61.437,61.437,61.437,
2022-07-06,61.563,61.563,61.563,61.563,
2022-07-07,61.078,61.078,61.078,61.078,
2022-07-08,61.301,61.301,61.301,61.301,
2022-07-11,61.107,61.107,61.107,61.107,
2022-07-12,60.845,60.845,60.845,60.845,
2022-07-13,60.563,60.563,60.563,60.563,
2022-07-14,60.369,60.369,60.369,60.369,
2022-07-15,60.68,60.68,60.68,60.68,
2022-07-18,59.854,59.854,59.854,59.854,
2022-07-19,60.709,60.709,60.709,60.709,
2022-07-20,59.709,59.709,59.709,59.709,
2022-07-21,59.573,59.573,59.573,59.573,
2022-07-22,59.796,59.796,59.796,59.796,
2022-07-25,60.379,60.379,60.379,60.379,
2022-07-26,61.369,61.369,61.369,61.369,
2022-07-27,61.175,61.175,61.175,61.175,
2022-07-28,62.194,62.194,62.194,62.194,
2022-07-29,62.301,62.301,62.301,62.301,
2022-08-01,62.641,62.641,62.641,62.641,
2022-08-02,61.786,61.786,61.786,61.786,
2022-08-03,62.058,62.058,62.058,62.058,
2022-08-04,61.815,61.815,61.815,61.815,
2022-08-05,61.534,61.534,61.534,61.534,
2022-08-08,61.136,61.136,61.136,61.136,
2022-08-09,61.214,61.214,61.214,61.214,
2022-08-10,61.796,61.796,61.796,61.796,
2022-08-11,61.379,61.379,61.379,61.379,
2022-08-12,61.845,61.845,61.845,61.845,
2022-08-15,62.621,62.621,62.621,62.621,
2022-08-16,63.136,63.136,63.136,63.136,
2022-08-17,62.99,62.99,62.99,62.99,
2022-08-18,63.32,63.32,63.32,63.32,
2022-08-19,63.272,63.272,63.272,63.272,
2022-08-22,62.33,62.33,62.33,62.33,
2022-08-23,62.398,62.398,62.398,62.398,
2022-08-24,62.485,62.485,62.485,62.485,
2022-08-25,62.786,62.786,62.786,62.786,
2022-08-26,61.272,61.272,61.272,61.272,
2022-08-29,60.903,60.903,60.903,60.903,
2022-08-30,60.34,60.34,60.34,60.34,
2022-08-31,59.913,59.913,59.913,59.913,
2022-09-01,60.194,60.194,60.194,60.194,
2022-09-02,59.369,59.369,59.369,59.369,
2022-09-06,59.398,59.398,59.398,59.398,
2022-09-07,60.495,60.495,60.495,60.495,
2022-09-08,60.311,60.311,60.311,60.311,
2022-09-09,60.505,60.505,60.505,60.505,
2022-09-12,60.68,60.68,60.68,60.68,
2022-09-13,58.709,58.709,58.709,58.709,
2022-09-14,59.019,59.019,59.019,59.019,
2022-09-15,58.217,58.217,58.217,58.217,
2022-09-16,58.227,58.227,58.227,58.227,
2022-09-19,58.667,58.667,58.667,58.667,
2022-09-20,58.579,58.579,58.579,58.579,
2022-09-21,58.09,58.09,58.09,58.09,
2022-09-22,57.953,57.953,57.953,57.953,
2022-09-23,57.308,57.308,57.308,57.308,
2022-09-26,56.594,56.594,56.594,56.594,
2022-09-27,55.137,55.137,55.137,55.137,
2022-09-28,55.724,55.724,55.724,55.724,
2022-09-29,55.323,55.323,55.323,55.323,
2022-09-30,54.785,54.785,54.785,54.785,
2022-10-03,55.401,55.401,55.401,55.401,
2022-10-04,55.528,55.528,55.528,55.528,
2022-10-05,55.0,55.0,55.0,55.0,
2022-10-06,53.817,53.817,53.817,53.817,
2022-10-07,53.308,53.308,53.308,53.308,
2022-10-10,53.191,53.191,53.191,53.191,
2022-10-11,53.279,53.279,53.279,53.279,
2022-10-12,53.924,53.924,53.924,53.924,
2022-10-13,54.638,54.638,54.638,54.638,
2022-10-14,53.768,53.768,53.768,53.768,
2022-10-17,54.462,54.462,54.462,54.462,
2022-10-18,55.196,55.196,55.196,55.196,
2022-10-19,54.726,54.726,54.726,54.726,
2022-10-20,53.866,53.866,53.866,53.866,
2022-10-21,54.726,54.726,54.726,54.726,
2022-10-24,56.301,56.301,56.301,56.301,
2022-10-25,57.65,57.65,57.65,57.65,
2022-10-26,58.081,58.081,58.081,58.081,
2022-10-27,58.217,58.217,58.217,58.217,
2022-10-28,59.42,59.42,59.42,59.42,
2022-10-31,58.53,58.53,58.53,58.53,
2022-11-01,58.325,58.325,58.325,58.325,
2022-11-02,57.513,57.513,57.513,57.513,
2022-11-03,57.484,57.484,57.484,57.484,
2022-11-04,57.953,57.953,57.953,57.953,
2022-11-07,58.178,58.178,58.178,58.178,
2022-11-08,58.286,58.286,58.286,58.286,
2022-11-09,57.474,57.474,57.474,57.474,
2022-11-10,59.538,59.538,59.538,59.538,
2022-11-11,59.968,59.968,59.968,59.968,
2022-11-14,59.391,59.391,59.391,59.391,
2022-11-15,59.293,59.293,59.293,59.293,
2022-11-16,59.186,59.186,59.186,59.186,
2022-11-17,59.371,59.371,59.371,59.371,
2022-11-18,59.792,59.792,59.792,59.792,
2022-11-21,60.711,60.711,60.711,60.711,
2022-11-22,60.975,60.975,60.975,60.975,
2022-11-23,61.249,61.249,61.249,61.249,
2022-11-25,61.308,61.308,61.308,61.308,
2022-11-28,61.318,61.318,61.318,61.318,
2022-11-29,61.102,61.102,61.102,61.102,
2022-11-30,62.649,62.649,62.649,62.649,
2022-12-01,62.826,62.826,62.826,62.826,
2022-12-02,63.377,63.377,63.377,63.377,
2022-12-05,62.511,62.511,62.511,62.511,
2022-12-06,62.481,62.481,62.481,62.481,
2022-12-07,62.58,62.58,62.58,62.58,
2022-12-08,62.846,62.846,62.846,62.846,
2022-12-09,62.186,62.186,62.186,62.186,
2022-12-12,63.003,63.003,63.003,63.003,
2022-12-13,63.023,63.023,63.023,63.023,
2022-12-14,63.023,63.023,63.023,63.023,
2022-12-15,62.156,62.156,62.156,62.156,
2022-12-16,61.802,61.802,61.802,61.802,
2022-12-19,61.89,61.89,61.89,61.89,
2022-12-20,61.841,61.841,61.841,61.841,
2022-12-21,62.836,62.836,62.836,62.836,
2022-12-22,62.383,62.383,62.383,62.383,
2022-12-23,62.855,62.855,62.855,62.855,
2022-12-27,63.24,63.24,63.24,63.24,
2022-12-28,62.609,62.609,62.609,62.609,
