Date,Open,High,Low,Close,Volume
1990-01-02,6.658,6.658,6.658,6.658,
1990-01-03,6.658,6.658,6.658,6.658,
1990-01-04,6.621,6.621,6.621,6.621,
1990-01-05,6.549,6.549,6.549,6.549,
1990-01-08,6.549,6.549,6.549,6.549,
1990-01-09,6.476,6.476,6.476,6.476,
1990-01-10,6.476,6.476,6.476,6.476,
1990-01-11,6.464,6.464,6.464,6.464,
1990-01-12,6.294,6.294,6.294,6.294,
1990-01-15,6.222,6.222,6.222,6.222,
1990-01-16,6.343,6.343,6.343,6.343,
1990-01-17,6.319,6.319,6.319,6.319,
1990-01-18,6.355,6.355,6.355,6.355,
1990-01-19,6.355,6.355,6.355,6.355,
1990-01-22,6.222,6.222,6.222,6.222,
1990-01-23,6.21,6.21,6.21,6.21,
1990-01-24,6.185,6.185,6.185,6.185,
1990-01-25,6.101,6.101,6.101,6.101,
1990-01-26,5.992,5.992,5.992,5.992,
1990-01-29,6.016,6.016,6.016,6.016,
1990-01-30,6.004,6.004,6.004,6.004,
1990-01-31,6.113,6.113,6.113,6.113,
1990-02-01,6.089,6.089,6.089,6.089,
1990-02-02,6.222,6.222,6.222,6.222,
1990-02-05,6.222,6.222,6.222,6.222,
1990-02-06,6.113,6.113,6.113,6.113,
1990-02-07,6.198,6.198,6.198,6.198,
1990-02-08,6.161,6.161,6.161,6.161,
1990-02-09,6.116,6.116,6.116,6.116,
1990-02-12,6.043,6.043,6.043,6.043,
1990-02-13,6.067,6.067,6.067,6.067,
1990-02-14,6.067,6.067,6.067,6.067,
1990-02-15,6.116,6.116,6.116,6.116,
1990-02-16,6.067,6.067,6.067,6.067,
1990-02-20,6.006,6.006,6.006,6.006,
1990-02-21,5.982,5.982,5.982,5.982,
1990-02-22,5.848,5.848,5.848,5.848,
1990-02-23,5.763,5.763,5.763,5.763,
1990-02-26,5.872,5.872,5.872,5.872,
1990-02-27,5.872,5.872,5.872,5.872,
1990-02-28,5.884,5.884,5.884,5.884,
1990-03-01,5.982,5.982,5.982,5.982,
1990-03-02,6.031,6.031,6.031,6.031,
1990-03-05,6.031,6.031,6.031,6.031,
1990-03-06,6.092,6.092,6.092,6.092,
1990-03-07,6.104,6.104,6.104,6.104,
1990-03-08,6.165,6.165,6.165,6.165,
1990-03-09,6.128,6.128,6.128,6.128,
1990-03-12,6.14,6.14,6.14,6.14,
1990-03-13,6.031,6.031,6.031,6.031,
1990-03-14,6.018,6.018,6.018,6.018,
1990-03-15,6.128,6.128,6.128,6.128,
1990-03-16,6.177,6.177,6.177,6.177,
1990-03-19,6.177,6.177,6.177,6.177,
1990-03-20,6.177,6.177,6.177,6.177,
1990-03-21,6.092,6.092,6.092,6.092,
1990-03-22,6.031,6.031,6.031,6.031,
1990-03-23,6.031,6.031,6.031,6.031,
1990-03-26,6.128,6.128,6.128,6.128,
1990-03-27,6.323,6.323,6.323,6.323,
1990-03-28,6.311,6.311,6.311,6.311,
1990-03-29,6.299,6.299,6.299,6.299,
1990-03-30,6.299,6.299,6.299,6.299,
1990-04-02,6.311,6.311,6.311,6.311,
1990-04-03,6.396,6.396,6.396,6.396,
1990-04-04,6.445,6.445,6.445,6.445,
1990-04-05,6.506,6.506,6.506,6.506,
1990-04-06,6.506,6.506,6.506,6.506,
1990-04-09,6.53,6.53,6.53,6.53,
1990-04-10,6.567,6.567,6.567,6.567,
1990-04-11,6.591,6.591,6.591,6.591,
1990-04-12,6.676,6.676,6.676,6.676,
1990-04-16,6.555,6.555,6.555,6.555,
1990-04-17,6.603,6.603,6.603,6.603,
1990-04-18,6.506,6.506,6.506,6.506,
1990-04-19,6.421,6.421,6.421,6.421,
1990-04-20,6.36,6.36,6.36,6.36,
1990-04-23,6.299,6.299,6.299,6.299,
1990-04-24,6.347,6.347,6.347,6.347,
1990-04-25,6.421,6.421,6.421,6.421,
1990-04-26,6.542,6.542,6.542,6.542,
1990-04-27,6.396,6.396,6.396,6.396,
1990-04-30,6.445,6.445,6.445,6.445,
1990-05-01,6.518,6.518,6.518,6.518,
1990-05-02,6.555,6.555,6.555,6.555,
1990-05-03,6.603,6.603,6.603,6.603,
1990-05-04,6.64,6.64,6.64,6.64,
1990-05-07,6.701,6.701,6.701,6.701,
1990-05-08,6.701,6.701,6.701,6.701,
1990-05-09,6.765,6.765,6.765,6.765,
1990-05-10,6.827,6.827,6.827,6.827,
1990-05-11,7.035,7.035,7.035,7.035,
1990-05-14,7.121,7.121,7.121,7.121,
1990-05-15,7.035,7.035,7.035,7.035,
1990-05-16,7.084,7.084,7.084,7.084,
1990-05-17,7.084,7.084,7.084,7.084,
1990-05-18,7.084,7.084,7.084,7.084,
1990-05-21,7.243,7.243,7.243,7.243,
1990-05-22,7.452,7.452,7.452,7.452,
1990-05-23,7.587,7.587,7.587,7.587,
1990-05-24,7.476,7.476,7.476,7.476,
1990-05-25,7.403,7.403,7.403,7.403,
1990-05-29,7.611,7.611,7.611,7.611,
1990-05-30,7.66,7.66,7.66,7.66,
1990-05-31,7.672,7.672,7.672,7.672,
1990-06-01,7.562,7.562,7.562,7.562,
1990-06-04,7.587,7.587,7.587,7.587,
1990-06-05,7.623,7.623,7.623,7.623,
1990-06-06,7.55,7.55,7.55,7.55,
1990-06-07,7.489,7.489,7.489,7.489,
1990-06-08,7.366,7.366,7.366,7.366,
1990-06-11,7.525,7.525,7.525,7.525,
1990-06-12,7.697,7.697,7.697,7.697,
1990-06-13,7.623,7.623,7.623,7.623,
1990-06-14,7.672,7.672,7.672,7.672,
1990-06-15,7.648,7.648,7.648,7.648,
1990-06-18,7.501,7.501,7.501,7.501,
1990-06-19,7.55,7.55,7.55,7.55,
1990-06-20,7.562,7.562,7.562,7.562,
1990-06-21,7.746,7.746,7.746,7.746,
1990-06-22,7.795,7.795,7.795,7.795,
1990-06-25,7.77,7.77,7.77,7.77,
1990-06-26,7.783,7.783,7.783,7.783,
1990-06-27,7.942,7.942,7.942,7.942,
1990-06-28,8.212,8.212,8.212,8.212,
1990-06-29,8.15,8.15,8.15,8.15,
1990-07-02,8.199,8.199,8.199,8.199,
1990-07-03,8.31,8.31,8.31,8.31,
1990-07-05,8.457,8.457,8.457,8.457,
1990-07-06,8.481,8.481,8.481,8.481,
1990-07-09,8.432,8.432,8.432,8.432,
1990-07-10,8.31,8.31,8.31,8.31,
1990-07-11,8.518,8.518,8.518,8.518,
1990-07-12,8.579,8.579,8.579,8.579,
1990-07-13,8.677,8.677,8.677,8.677,
1990-07-16,8.8,8.8,8.8,8.8,
1990-07-17,8.714,8.714,8.714,8.714,
1990-07-18,8.334,8.334,8.334,8.334,
1990-07-19,8.396,8.396,8.396,8.396,
1990-07-20,8.347,8.347,8.347,8.347,
1990-07-23,8.236,8.236,8.236,8.236,
1990-07-24,8.175,8.175,8.175,8.175,
1990-07-25,8.236,8.236,8.236,8.236,
1990-07-26,7.807,7.807,7.807,7.807,
1990-07-27,7.893,7.893,7.893,7.893,
1990-07-30,8.114,8.114,8.114,8.114,
1990-07-31,8.163,8.163,8.163,8.163,
1990-08-01,8.297,8.297,8.297,8.297,
1990-08-02,8.101,8.101,8.101,8.101,
1990-08-03,7.844,7.844,7.844,7.844,
1990-08-06,7.697,7.697,7.697,7.697,
1990-08-07,7.427,7.427,7.427,7.427,
1990-08-08,7.685,7.685,7.685,7.685,
1990-08-09,7.688,7.688,7.688,7.688,
1990-08-10,7.417,7.417,7.417,7.417,
1990-08-13,7.479,7.479,7.479,7.479,
1990-08-14,7.429,7.429,7.429,7.429,
1990-08-15,7.454,7.454,7.454,7.454,
1990-08-16,7.047,7.047,7.047,7.047,
1990-08-17,7.195,7.195,7.195,7.195,
1990-08-20,7.158,7.158,7.158,7.158,
1990-08-21,7.072,7.072,7.072,7.072,
1990-08-22,6.949,6.949,6.949,6.949,
1990-08-23,6.752,6.752,6.752,6.752,
1990-08-24,6.801,6.801,6.801,6.801,
1990-08-27,7.134,7.134,7.134,7.134,
1990-08-28,7.245,7.245,7.245,7.245,
1990-08-29,7.429,7.429,7.429,7.429,
1990-08-30,7.368,7.368,7.368,7.368,
1990-08-31,7.405,7.405,7.405,7.405,
1990-09-04,7.38,7.38,7.38,7.38,
1990-09-05,7.331,7.331,7.331,7.331,
1990-09-06,7.22,7.22,7.22,7.22,
1990-09-07,7.257,7.257,7.257,7.257,
1990-09-10,7.417,7.417,7.417,7.417,
1990-09-11,7.442,7.442,7.442,7.442,
1990-09-12,7.442,7.442,7.442,7.442,
1990-09-13,7.245,7.245,7.245,7.245,
1990-09-14,7.183,7.183,7.183,7.183,
1990-09-17,7.183,7.183,7.183,7.183,
1990-09-18,7.282,7.282,7.282,7.282,
1990-09-19,7.097,7.097,7.097,7.097,
1990-09-20,6.924,6.924,6.924,6.924,
1990-09-21,6.974,6.974,6.974,6.974,
1990-09-24,6.937,6.937,6.937,6.937,
1990-09-25,7.121,7.121,7.121,7.121,
1990-09-26,7.072,7.072,7.072,7.072,
1990-09-27,6.9,6.9,6.9,6.9,
1990-09-28,7.047,7.047,7.047,7.047,
1990-10-01,7.368,7.368,7.368,7.368,
1990-10-02,7.319,7.319,7.319,7.319,
1990-10-03,7.171,7.171,7.171,7.171,
1990-10-04,7.405,7.405,7.405,7.405,
1990-10-05,7.405,7.405,7.405,7.405,
1990-10-08,7.528,7.528,7.528,7.528,
1990-10-09,7.22,7.22,7.22,7.22,
1990-10-10,7.269,7.269,7.269,7.269,
1990-10-11,7.208,7.208,7.208,7.208,
1990-10-12,7.282,7.282,7.282,7.282,
1990-10-15,7.503,7.503,7.503,7.503,
1990-10-16,7.368,7.368,7.368,7.368,
1990-10-17,7.442,7.442,7.442,7.442,
1990-10-18,7.688,7.688,7.688,7.688,
1990-10-19,7.294,7.294,7.294,7.294,
1990-10-22,7.466,7.466,7.466,7.466,
1990-10-23,7.392,7.392,7.392,7.392,
1990-10-24,7.294,7.294,7.294,7.294,
1990-10-25,7.282,7.282,7.282,7.282,
1990-10-26,7.195,7.195,7.195,7.195,
1990-10-29,7.01,7.01,7.01,7.01,
1990-10-30,6.838,6.838,6.838,6.838,
1990-10-31,6.641,6.641,6.641,6.641,
1990-11-01,6.702,6.702,6.702,6.702,
1990-11-02,6.739,6.739,6.739,6.739,
1990-11-05,6.924,6.924,6.924,6.924,
1990-11-06,6.789,6.789,6.789,6.789,
1990-11-07,6.752,6.752,6.752,6.752,
1990-11-08,6.792,6.792,6.792,6.792,
1990-11-09,6.892,6.892,6.892,6.892,
1990-11-12,6.941,6.941,6.941,6.941,
1990-11-13,6.941,6.941,6.941,6.941,
1990-11-14,7.077,7.077,7.077,7.077,
1990-11-15,6.966,6.966,6.966,6.966,
1990-11-16,6.892,6.892,6.892,6.892,
1990-11-19,6.78,6.78,6.78,6.78,
1990-11-20,6.545,6.545,6.545,6.545,
1990-11-21,6.792,6.792,6.792,6.792,
1990-11-23,6.929,6.929,6.929,6.929,
1990-11-26,7.139,7.139,7.139,7.139,
1990-11-27,7.276,7.276,7.276,7.276,
1990-11-28,7.09,7.09,7.09,7.09,
1990-11-29,7.239,7.239,7.239,7.239,
1990-11-30,7.313,7.313,7.313,7.313,
1990-12-03,7.425,7.425,7.425,7.425,
1990-12-04,7.474,7.474,7.474,7.474,
1990-12-05,7.573,7.573,7.573,7.573,
1990-12-06,7.387,7.387,7.387,7.387,
1990-12-07,7.474,7.474,7.474,7.474,
1990-12-10,7.561,7.561,7.561,7.561,
1990-12-11,7.499,7.499,7.499,7.499,
1990-12-12,7.586,7.586,7.586,7.586,
1990-12-13,7.536,7.536,7.536,7.536,
1990-12-14,7.387,7.387,7.387,7.387,
1990-12-17,7.375,7.375,7.375,7.375,
1990-12-18,7.437,7.437,7.437,7.437,
1990-12-19,7.462,7.462,7.462,7.462,
1990-12-20,7.363,7.363,7.363,7.363,
1990-12-21,7.35,7.35,7.35,7.35,
1990-12-24,7.363,7.363,7.363,7.363,
1990-12-26,7.387,7.387,7.387,7.387,
1990-12-27,7.288,7.288,7.288,7.288,
1990-12-28,7.139,7.139,7.139,7.139,
1990-12-31,7.263,7.263,7.263,7.263,
1991-01-02,7.214,7.214,7.214,7.214,
1991-01-03,7.09,7.09,7.09,7.09,
1991-01-04,7.065,7.065,7.065,7.065,
1991-01-07,6.867,6.867,6.867,6.867,
1991-01-08,6.867,6.867,6.867,6.867,
1991-01-09,6.916,6.916,6.916,6.916,
1991-01-10,6.842,6.842,6.842,6.842,
1991-01-11,6.842,6.842,6.842,6.842,
1991-01-14,6.842,6.842,6.842,6.842,
1991-01-15,6.892,6.892,6.892,6.892,
1991-01-16,7.152,7.152,7.152,7.152,
1991-01-17,7.412,7.412,7.412,7.412,
1991-01-18,7.425,7.425,7.425,7.425,
1991-01-21,7.623,7.623,7.623,7.623,
1991-01-22,7.549,7.549,7.549,7.549,
1991-01-23,7.734,7.734,7.734,7.734,
1991-01-24,7.933,7.933,7.933,7.933,
1991-01-25,7.858,7.858,7.858,7.858,
1991-01-28,7.71,7.71,7.71,7.71,
1991-01-29,7.697,7.697,7.697,7.697,
1991-01-30,7.772,7.772,7.772,7.772,
1991-01-31,7.734,7.734,7.734,7.734,
1991-02-01,7.536,7.536,7.536,7.536,
1991-02-04,7.61,7.61,7.61,7.61,
1991-02-05,7.511,7.511,7.511,7.511,
1991-02-06,7.549,7.549,7.549,7.549,
1991-02-07,7.374,7.374,7.374,7.374,
1991-02-08,7.723,7.723,7.723,7.723,
1991-02-11,7.973,7.973,7.973,7.973,
1991-02-12,7.823,7.823,7.823,7.823,
1991-02-13,7.985,7.985,7.985,7.985,
1991-02-14,8.06,8.06,8.06,8.06,
1991-02-15,8.197,8.197,8.197,8.197,
1991-02-19,8.11,8.11,8.11,8.11,
1991-02-20,7.935,7.935,7.935,7.935,
1991-02-21,7.96,7.96,7.96,7.96,
1991-02-22,7.96,7.96,7.96,7.96,
1991-02-25,8.035,8.035,8.035,8.035,
1991-02-26,8.035,8.035,8.035,8.035,
1991-02-27,8.035,8.035,8.035,8.035,
1991-02-28,7.885,7.885,7.885,7.885,
1991-03-01,8.122,8.122,8.122,8.122,
1991-03-04,8.26,8.26,8.26,8.26,
1991-03-05,8.422,8.422,8.422,8.422,
1991-03-06,8.172,8.172,8.172,8.172,
1991-03-07,8.285,8.285,8.285,8.285,
1991-03-08,8.26,8.26,8.26,8.26,
1991-03-11,8.31,8.31,8.31,8.31,
1991-03-12,8.048,8.048,8.048,8.048,
1991-03-13,8.01,8.01,8.01,8.01,
1991-03-14,8.048,8.048,8.048,8.048,
1991-03-15,8.01,8.01,8.01,8.01,
1991-03-18,7.885,7.885,7.885,7.885,
1991-03-19,7.623,7.623,7.623,7.623,
1991-03-20,7.773,7.773,7.773,7.773,
1991-03-21,7.673,7.673,7.673,7.673,
1991-03-22,7.561,7.561,7.561,7.561,
1991-03-25,7.648,7.648,7.648,7.648,
1991-03-26,7.885,7.885,7.885,7.885,
1991-03-27,7.835,7.835,7.835,7.835,
1991-03-28,7.811,7.811,7.811,7.811,
1991-04-01,7.91,7.91,7.91,7.91,
1991-04-02,8.16,8.16,8.16,8.16,
1991-04-03,8.285,8.285,8.285,8.285,
1991-04-04,8.322,8.322,8.322,8.322,
1991-04-05,8.272,8.272,8.272,8.272,
1991-04-08,8.21,8.21,8.21,8.21,
1991-04-09,8.135,8.135,8.135,8.135,
1991-04-10,7.985,7.985,7.985,7.985,
1991-04-11,7.998,7.998,7.998,7.998,
1991-04-12,8.01,8.01,8.01,8.01,
1991-04-15,8.147,8.147,8.147,8.147,
1991-04-16,8.359,8.359,8.359,8.359,
1991-04-17,8.272,8.272,8.272,8.272,
1991-04-18,8.21,8.21,8.21,8.21,
1991-04-19,7.985,7.985,7.985,7.985,
1991-04-22,7.848,7.848,7.848,7.848,
1991-04-23,7.91,7.91,7.91,7.91,
1991-04-24,7.848,7.848,7.848,7.848,
1991-04-25,7.91,7.91,7.91,7.91,
1991-04-26,7.848,7.848,7.848,7.848,
1991-04-29,7.661,7.661,7.661,7.661,
1991-04-30,7.661,7.661,7.661,7.661,
1991-05-01,7.848,7.848,7.848,7.848,
1991-05-02,7.773,7.773,7.773,7.773,
1991-05-03,7.736,7.736,7.736,7.736,
1991-05-06,7.686,7.686,7.686,7.686,
1991-05-07,7.598,7.598,7.598,7.598,
1991-05-08,7.623,7.623,7.623,7.623,
1991-05-09,7.736,7.736,7.736,7.736,
1991-05-10,7.787,7.787,7.787,7.787,
1991-05-13,7.962,7.962,7.962,7.962,
1991-05-14,7.799,7.799,7.799,7.799,
1991-05-15,7.636,7.636,7.636,7.636,
1991-05-16,7.736,7.736,7.736,7.736,
1991-05-17,7.674,7.674,7.674,7.674,
1991-05-20,7.711,7.711,7.711,7.711,
1991-05-21,7.9,7.9,7.9,7.9,
1991-05-22,8.038,8.038,8.038,8.038,
1991-05-23,8.038,8.038,8.038,8.038,
1991-05-24,8.0,8.0,8.0,8.0,
1991-05-28,8.126,8.126,8.126,8.126,
1991-05-29,8.101,8.101,8.101,8.101,
1991-05-30,8.038,8.038,8.038,8.038,
1991-05-31,7.988,7.988,7.988,7.988,
1991-06-03,7.787,7.787,7.787,7.787,
1991-06-04,7.875,7.875,7.875,7.875,
1991-06-05,7.812,7.812,7.812,7.812,
1991-06-06,7.787,7.787,7.787,7.787,
1991-06-07,7.724,7.724,7.724,7.724,
1991-06-10,7.674,7.674,7.674,7.674,
1991-06-11,7.623,7.623,7.623,7.623,
1991-06-12,7.523,7.523,7.523,7.523,
1991-06-13,7.473,7.473,7.473,7.473,
1991-06-14,7.498,7.498,7.498,7.498,
1991-06-17,7.435,7.435,7.435,7.435,
1991-06-18,7.422,7.422,7.422,7.422,
1991-06-19,7.347,7.347,7.347,7.347,
1991-06-20,7.448,7.448,7.448,7.448,
1991-06-21,7.498,7.498,7.498,7.498,
1991-06-24,7.422,7.422,7.422,7.422,
1991-06-25,7.322,7.322,7.322,7.322,
1991-06-26,7.322,7.322,7.322,7.322,
1991-06-27,7.335,7.335,7.335,7.335,
1991-06-28,7.221,7.221,7.221,7.221,
1991-07-01,7.422,7.422,7.422,7.422,
1991-07-02,7.422,7.422,7.422,7.422,
1991-07-03,7.46,7.46,7.46,7.46,
1991-07-05,7.498,7.498,7.498,7.498,
1991-07-08,7.535,7.535,7.535,7.535,
1991-07-09,7.435,7.435,7.435,7.435,
1991-07-10,7.297,7.297,7.297,7.297,
1991-07-11,7.184,7.184,7.184,7.184,
1991-07-12,7.134,7.134,7.134,7.134,
1991-07-15,7.259,7.259,7.259,7.259,
1991-07-16,7.347,7.347,7.347,7.347,
1991-07-17,7.372,7.372,7.372,7.372,
1991-07-18,7.422,7.422,7.422,7.422,
1991-07-19,7.397,7.397,7.397,7.397,
1991-07-22,7.385,7.385,7.385,7.385,
1991-07-23,7.309,7.309,7.309,7.309,
1991-07-24,7.309,7.309,7.309,7.309,
1991-07-25,7.347,7.347,7.347,7.347,
1991-07-26,7.36,7.36,7.36,7.36,
1991-07-29,7.397,7.397,7.397,7.397,
1991-07-30,7.523,7.523,7.523,7.523,
1991-07-31,7.674,7.674,7.674,7.674,
1991-08-01,7.661,7.661,7.661,7.661,
1991-08-02,7.937,7.937,7.937,7.937,
1991-08-05,7.9,7.9,7.9,7.9,
1991-08-06,7.962,7.962,7.962,7.962,
1991-08-07,8.025,8.025,8.025,8.025,
1991-08-08,7.962,7.962,7.962,7.962,
1991-08-09,8.026,8.026,8.026,8.026,
1991-08-12,8.038,8.038,8.038,8.038,
1991-08-13,7.887,7.887,7.887,7.887,
1991-08-14,7.988,7.988,7.988,7.988,
1991-08-15,8.038,8.038,8.038,8.038,
1991-08-16,7.975,7.975,7.975,7.975,
1991-08-19,7.823,7.823,7.823,7.823,
1991-08-20,7.937,7.937,7.937,7.937,
1991-08-21,8.291,8.291,8.291,8.291,
1991-08-22,8.152,8.152,8.152,8.152,
1991-08-23,8.241,8.241,8.241,8.241,
1991-08-26,8.266,8.266,8.266,8.266,
1991-08-27,8.43,8.43,8.43,8.43,
1991-08-28,8.481,8.481,8.481,8.481,
1991-08-29,8.531,8.531,8.531,8.531,
1991-08-30,8.493,8.493,8.493,8.493,
1991-09-03,8.316,8.316,8.316,8.316,
1991-09-04,8.228,8.228,8.228,8.228,
1991-09-05,8.19,8.19,8.19,8.19,
1991-09-06,8.114,8.114,8.114,8.114,
1991-09-09,8.165,8.165,8.165,8.165,
1991-09-10,8.114,8.114,8.114,8.114,
1991-09-11,8.076,8.076,8.076,8.076,
1991-09-12,8.253,8.253,8.253,8.253,
1991-09-13,8.215,8.215,8.215,8.215,
1991-09-16,8.215,8.215,8.215,8.215,
1991-09-17,8.203,8.203,8.203,8.203,
1991-09-18,8.392,8.392,8.392,8.392,
1991-09-19,8.342,8.342,8.342,8.342,
1991-09-20,8.405,8.405,8.405,8.405,
1991-09-23,8.228,8.228,8.228,8.228,
1991-09-24,8.203,8.203,8.203,8.203,
1991-09-25,8.064,8.064,8.064,8.064,
1991-09-26,8.127,8.127,8.127,8.127,
1991-09-27,8.013,8.013,8.013,8.013,
1991-09-30,8.064,8.064,8.064,8.064,
1991-10-01,8.114,8.114,8.114,8.114,
1991-10-02,8.19,8.19,8.19,8.19,
1991-10-03,8.038,8.038,8.038,8.038,
1991-10-04,7.988,7.988,7.988,7.988,
1991-10-07,7.899,7.899,7.899,7.899,
1991-10-08,7.861,7.861,7.861,7.861,
1991-10-09,7.735,7.735,7.735,7.735,
1991-10-10,7.823,7.823,7.823,7.823,
1991-10-11,7.76,7.76,7.76,7.76,
1991-10-14,7.748,7.748,7.748,7.748,
1991-10-15,7.937,7.937,7.937,7.937,
1991-10-16,7.887,7.887,7.887,7.887,
1991-10-17,7.836,7.836,7.836,7.836,
1991-10-18,7.457,7.457,7.457,7.457,
1991-10-21,7.394,7.394,7.394,7.394,
1991-10-22,7.457,7.457,7.457,7.457,
1991-10-23,7.659,7.659,7.659,7.659,
1991-10-24,7.558,7.558,7.558,7.558,
1991-10-25,7.583,7.583,7.583,7.583,
1991-10-28,7.672,7.672,7.672,7.672,
1991-10-29,7.571,7.571,7.571,7.571,
1991-10-30,7.646,7.646,7.646,7.646,
1991-10-31,7.773,7.773,7.773,7.773,
1991-11-01,7.849,7.849,7.849,7.849,
1991-11-04,7.798,7.798,7.798,7.798,
1991-11-05,7.773,7.773,7.773,7.773,
1991-11-06,7.786,7.786,7.786,7.786,
1991-11-07,7.823,7.823,7.823,7.823,
1991-11-08,7.747,7.747,7.747,7.747,
1991-11-11,7.823,7.823,7.823,7.823,
1991-11-12,7.811,7.811,7.811,7.811,
1991-11-13,7.811,7.811,7.811,7.811,
1991-11-14,7.862,7.862,7.862,7.862,
1991-11-15,7.633,7.633,7.633,7.633,
1991-11-18,7.582,7.582,7.582,7.582,
1991-11-19,7.467,7.467,7.467,7.467,
1991-11-20,7.633,7.633,7.633,7.633,
1991-11-21,7.544,7.544,7.544,7.544,
1991-11-22,7.505,7.505,7.505,7.505,
1991-11-25,7.556,7.556,7.556,7.556,
1991-11-26,7.544,7.544,7.544,7.544,
1991-11-27,7.493,7.493,7.493,7.493,
1991-11-29,7.48,7.48,7.48,7.48,
1991-12-02,7.582,7.582,7.582,7.582,
1991-12-03,7.556,7.556,7.556,7.556,
1991-12-04,7.582,7.582,7.582,7.582,
1991-12-05,7.556,7.556,7.556,7.556,
1991-12-06,7.582,7.582,7.582,7.582,
1991-12-09,7.544,7.544,7.544,7.544,
1991-12-10,7.544,7.544,7.544,7.544,
1991-12-11,7.607,7.607,7.607,7.607,
1991-12-12,7.696,7.696,7.696,7.696,
1991-12-13,7.696,7.696,7.696,7.696,
1991-12-16,7.798,7.798,7.798,7.798,
1991-12-17,7.836,7.836,7.836,7.836,
1991-12-18,7.823,7.823,7.823,7.823,
1991-12-19,7.862,7.862,7.862,7.862,
1991-12-20,8.014,8.014,8.014,8.014,
1991-12-23,8.23,8.23,8.23,8.23,
1991-12-24,8.307,8.307,8.307,8.307,
1991-12-26,8.561,8.561,8.561,8.561,
1991-12-27,8.625,8.625,8.625,8.625,
1991-12-30,8.638,8.638,8.638,8.638,
1991-12-31,8.498,8.498,8.498,8.498,
1992-01-02,8.638,8.638,8.638,8.638,
1992-01-03,8.638,8.638,8.638,8.638,
1992-01-06,8.599,8.599,8.599,8.599,
1992-01-07,8.688,8.688,8.688,8.688,
1992-01-08,8.841,8.841,8.841,8.841,
1992-01-09,8.867,8.867,8.867,8.867,
1992-01-10,8.841,8.841,8.841,8.841,
1992-01-13,8.828,8.828,8.828,8.828,
1992-01-14,8.816,8.816,8.816,8.816,
1992-01-15,8.612,8.612,8.612,8.612,
1992-01-16,8.358,8.358,8.358,8.358,
1992-01-17,8.205,8.205,8.205,8.205,
1992-01-20,8.192,8.192,8.192,8.192,
1992-01-21,8.04,8.04,8.04,8.04,
1992-01-22,8.281,8.281,8.281,8.281,
1992-01-23,8.167,8.167,8.167,8.167,
1992-01-24,8.218,8.218,8.218,8.218,
1992-01-27,8.167,8.167,8.167,8.167,
1992-01-28,8.103,8.103,8.103,8.103,
1992-01-29,8.002,8.002,8.002,8.002,
1992-01-30,8.141,8.141,8.141,8.141,
1992-01-31,8.027,8.027,8.027,8.027,
1992-02-03,7.951,7.951,7.951,7.951,
1992-02-04,8.014,8.014,8.014,8.014,
1992-02-05,7.963,7.963,7.963,7.963,
1992-02-06,7.887,7.887,7.887,7.887,
1992-02-07,7.912,7.912,7.912,7.912,
1992-02-10,8.123,8.123,8.123,8.123,
1992-02-11,7.994,7.994,7.994,7.994,
1992-02-12,7.905,7.905,7.905,7.905,
1992-02-13,7.764,7.764,7.764,7.764,
1992-02-14,7.789,7.789,7.789,7.789,
1992-02-18,7.725,7.725,7.725,7.725,
1992-02-19,7.649,7.649,7.649,7.649,
1992-02-20,7.674,7.674,7.674,7.674,
1992-02-21,7.495,7.495,7.495,7.495,
1992-02-24,7.572,7.572,7.572,7.572,
1992-02-25,7.572,7.572,7.572,7.572,
1992-02-26,7.713,7.713,7.713,7.713,
1992-02-27,7.713,7.713,7.713,7.713,
1992-02-28,7.674,7.674,7.674,7.674,
1992-03-02,7.482,7.482,7.482,7.482,
1992-03-03,7.52,7.52,7.52,7.52,
1992-03-04,7.392,7.392,7.392,7.392,
1992-03-05,7.444,7.444,7.444,7.444,
1992-03-06,7.392,7.392,7.392,7.392,
1992-03-09,7.418,7.418,7.418,7.418,
1992-03-10,7.405,7.405,7.405,7.405,
1992-03-11,7.367,7.367,7.367,7.367,
1992-03-12,7.251,7.251,7.251,7.251,
1992-03-13,7.303,7.303,7.303,7.303,
1992-03-16,7.277,7.277,7.277,7.277,
1992-03-17,7.38,7.38,7.38,7.38,
1992-03-18,7.303,7.303,7.303,7.303,
1992-03-19,7.29,7.29,7.29,7.29,
1992-03-20,7.315,7.315,7.315,7.315,
1992-03-23,7.367,7.367,7.367,7.367,
1992-03-24,7.328,7.328,7.328,7.328,
1992-03-25,7.213,7.213,7.213,7.213,
1992-03-26,7.213,7.213,7.213,7.213,
1992-03-27,7.162,7.162,7.162,7.162,
1992-03-30,7.162,7.162,7.162,7.162,
1992-03-31,7.277,7.277,7.277,7.277,
1992-04-01,7.431,7.431,7.431,7.431,
1992-04-02,7.239,7.239,7.239,7.239,
1992-04-03,7.341,7.341,7.341,7.341,
1992-04-06,7.392,7.392,7.392,7.392,
1992-04-07,7.277,7.277,7.277,7.277,
1992-04-08,7.2,7.2,7.2,7.2,
1992-04-09,7.38,7.38,7.38,7.38,
1992-04-10,7.444,7.444,7.444,7.444,
1992-04-13,7.636,7.636,7.636,7.636,
1992-04-14,7.52,7.52,7.52,7.52,
1992-04-15,7.418,7.418,7.418,7.418,
1992-04-16,7.341,7.341,7.341,7.341,
1992-04-20,7.149,7.149,7.149,7.149,
1992-04-21,7.072,7.072,7.072,7.072,
1992-04-22,6.97,6.97,6.97,6.97,
1992-04-23,6.944,6.944,6.944,6.944,
1992-04-24,7.008,7.008,7.008,7.008,
1992-04-27,6.982,6.982,6.982,6.982,
1992-04-28,7.072,7.072,7.072,7.072,
1992-04-29,7.046,7.046,7.046,7.046,
1992-04-30,7.046,7.046,7.046,7.046,
1992-05-01,7.021,7.021,7.021,7.021,
1992-05-04,7.072,7.072,7.072,7.072,
1992-05-05,7.085,7.085,7.085,7.085,
1992-05-06,6.982,6.982,6.982,6.982,
1992-05-07,7.008,7.008,7.008,7.008,
1992-05-08,6.918,6.918,6.918,6.918,
1992-05-11,6.962,6.962,6.962,6.962,
1992-05-12,6.911,6.911,6.911,6.911,
1992-05-13,6.898,6.898,6.898,6.898,
1992-05-14,6.794,6.794,6.794,6.794,
1992-05-15,6.743,6.743,6.743,6.743,
1992-05-18,6.859,6.859,6.859,6.859,
1992-05-19,7.014,7.014,7.014,7.014,
1992-05-20,6.898,6.898,6.898,6.898,
1992-05-21,6.833,6.833,6.833,6.833,
1992-05-22,6.911,6.911,6.911,6.911,
1992-05-26,6.756,6.756,6.756,6.756,
1992-05-27,6.768,6.768,6.768,6.768,
1992-05-28,6.962,6.962,6.962,6.962,
1992-05-29,6.82,6.82,6.82,6.82,
1992-06-01,6.923,6.923,6.923,6.923,
1992-06-02,6.678,6.678,6.678,6.678,
1992-06-03,6.794,6.794,6.794,6.794,
1992-06-04,6.743,6.743,6.743,6.743,
1992-06-05,6.73,6.73,6.73,6.73,
1992-06-08,6.665,6.665,6.665,6.665,
1992-06-09,6.678,6.678,6.678,6.678,
1992-06-10,6.678,6.678,6.678,6.678,
1992-06-11,6.743,6.743,6.743,6.743,
1992-06-12,6.756,6.756,6.756,6.756,
1992-06-15,6.717,6.717,6.717,6.717,
1992-06-16,6.756,6.756,6.756,6.756,
1992-06-17,6.678,6.678,6.678,6.678,
1992-06-18,6.588,6.588,6.588,6.588,
1992-06-19,6.613,6.613,6.613,6.613,
1992-06-22,6.678,6.678,6.678,6.678,
1992-06-23,6.652,6.652,6.652,6.652,
1992-06-24,6.652,6.652,6.652,6.652,
1992-06-25,6.652,6.652,6.652,6.652,
1992-06-26,6.665,6.665,6.665,6.665,
1992-06-29,6.794,6.794,6.794,6.794,
1992-06-30,6.73,6.73,6.73,6.73,
1992-07-01,6.885,6.885,6.885,6.885,
1992-07-02,6.807,6.807,6.807,6.807,
1992-07-06,6.923,6.923,6.923,6.923,
1992-07-07,6.717,6.717,6.717,6.717,
1992-07-08,6.743,6.743,6.743,6.743,
1992-07-09,6.833,6.833,6.833,6.833,
1992-07-10,6.678,6.678,6.678,6.678,
1992-07-13,6.756,6.756,6.756,6.756,
1992-07-14,6.691,6.691,6.691,6.691,
1992-07-15,6.885,6.885,6.885,6.885,
1992-07-16,6.872,6.872,6.872,6.872,
1992-07-17,6.911,6.911,6.911,6.911,
1992-07-20,6.885,6.885,6.885,6.885,
1992-07-21,6.872,6.872,6.872,6.872,
1992-07-22,6.923,6.923,6.923,6.923,
1992-07-23,6.911,6.911,6.911,6.911,
1992-07-24,7.078,7.078,7.078,7.078,
1992-07-27,7.182,7.182,7.182,7.182,
1992-07-28,7.311,7.311,7.311,7.311,
1992-07-29,7.324,7.324,7.324,7.324,
1992-07-30,7.324,7.324,7.324,7.324,
1992-07-31,7.298,7.298,7.298,7.298,
1992-08-03,7.414,7.414,7.414,7.414,
1992-08-04,7.427,7.427,7.427,7.427,
1992-08-05,7.414,7.414,7.414,7.414,
1992-08-06,7.35,7.35,7.35,7.35,
1992-08-07,7.337,7.337,7.337,7.337,
1992-08-10,7.264,7.264,7.264,7.264,
1992-08-11,7.316,7.316,7.316,7.316,
1992-08-12,7.225,7.225,7.225,7.225,
1992-08-13,7.238,7.238,7.238,7.238,
1992-08-14,7.29,7.29,7.29,7.29,
1992-08-17,7.316,7.316,7.316,7.316,
1992-08-18,7.316,7.316,7.316,7.316,
1992-08-19,7.173,7.173,7.173,7.173,
1992-08-20,7.082,7.082,7.082,7.082,
1992-08-21,6.951,6.951,6.951,6.951,
1992-08-24,6.938,6.938,6.938,6.938,
1992-08-25,6.978,6.978,6.978,6.978,
1992-08-26,6.925,6.925,6.925,6.925,
1992-08-27,6.847,6.847,6.847,6.847,
1992-08-28,6.821,6.821,6.821,6.821,
1992-08-31,6.782,6.782,6.782,6.782,
1992-09-01,6.951,6.951,6.951,6.951,
1992-09-02,6.899,6.899,6.899,6.899,
1992-09-03,6.912,6.912,6.912,6.912,
1992-09-04,6.873,6.873,6.873,6.873,
1992-09-08,6.899,6.899,6.899,6.899,
1992-09-09,6.912,6.912,6.912,6.912,
1992-09-10,6.964,6.964,6.964,6.964,
1992-09-11,7.004,7.004,7.004,7.004,
1992-09-14,7.095,7.095,7.095,7.095,
1992-09-15,7.069,7.069,7.069,7.069,
1992-09-16,7.121,7.121,7.121,7.121,
1992-09-17,7.082,7.082,7.082,7.082,
1992-09-18,6.951,6.951,6.951,6.951,
1992-09-21,6.938,6.938,6.938,6.938,
1992-09-22,6.847,6.847,6.847,6.847,
1992-09-23,6.847,6.847,6.847,6.847,
1992-09-24,6.834,6.834,6.834,6.834,
1992-09-25,6.613,6.613,6.613,6.613,
1992-09-28,6.535,6.535,6.535,6.535,
1992-09-29,6.483,6.483,6.483,6.483,
1992-09-30,6.522,6.522,6.522,6.522,
1992-10-01,6.47,6.47,6.47,6.47,
1992-10-02,6.314,6.314,6.314,6.314,
1992-10-05,6.457,6.457,6.457,6.457,
1992-10-06,6.262,6.262,6.262,6.262,
1992-10-07,6.262,6.262,6.262,6.262,
1992-10-08,6.34,6.34,6.34,6.34,
1992-10-09,6.196,6.196,6.196,6.196,
1992-10-12,6.301,6.301,6.301,6.301,
1992-10-13,6.262,6.262,6.262,6.262,
1992-10-14,6.314,6.314,6.314,6.314,
1992-10-15,6.327,6.327,6.327,6.327,
1992-10-16,6.249,6.249,6.249,6.249,
1992-10-19,6.34,6.34,6.34,6.34,
1992-10-20,6.314,6.314,6.314,6.314,
1992-10-21,6.183,6.183,6.183,6.183,
1992-10-22,6.183,6.183,6.183,6.183,
1992-10-23,6.131,6.131,6.131,6.131,
1992-10-26,6.209,6.209,6.209,6.209,
1992-10-27,6.196,6.196,6.196,6.196,
1992-10-28,6.235,6.235,6.235,6.235,
1992-10-29,6.327,6.327,6.327,6.327,
1992-10-30,6.418,6.418,6.418,6.418,
1992-11-02,6.522,6.522,6.522,6.522,
1992-11-03,6.574,6.574,6.574,6.574,
1992-11-04,6.418,6.418,6.418,6.418,
1992-11-05,6.431,6.431,6.431,6.431,
1992-11-06,6.449,6.449,6.449,6.449,
1992-11-09,6.331,6.331,6.331,6.331,
1992-11-10,6.37,6.37,6.37,6.37,
1992-11-11,6.541,6.541,6.541,6.541,
1992-11-12,6.686,6.686,6.686,6.686,
1992-11-13,6.541,6.541,6.541,6.541,
1992-11-16,6.58,6.58,6.58,6.58,
1992-11-17,6.567,6.567,6.567,6.567,
1992-11-18,6.633,6.633,6.633,6.633,
1992-11-19,6.659,6.659,6.659,6.659,
1992-11-20,6.686,6.686,6.686,6.686,
1992-11-23,6.646,6.646,6.646,6.646,
1992-11-24,6.712,6.712,6.712,6.712,
1992-11-25,6.659,6.659,6.659,6.659,
1992-11-27,6.646,6.646,6.646,6.646,
1992-11-30,6.567,6.567,6.567,6.567,
1992-12-01,6.633,6.633,6.633,6.633,
1992-12-02,6.633,6.633,6.633,6.633,
1992-12-03,6.633,6.633,6.633,6.633,
1992-12-04,6.686,6.686,6.686,6.686,
1992-12-07,6.817,6.817,6.817,6.817,
1992-12-08,6.83,6.83,6.83,6.83,
1992-12-09,6.869,6.869,6.869,6.869,
1992-12-10,6.856,6.856,6.856,6.856,
1992-12-11,6.751,6.751,6.751,6.751,
1992-12-14,6.686,6.686,6.686,6.686,
1992-12-15,6.686,6.686,6.686,6.686,
1992-12-16,6.58,6.58,6.58,6.58,
1992-12-17,6.607,6.607,6.607,6.607,
1992-12-18,6.725,6.725,6.725,6.725,
1992-12-21,6.764,6.764,6.764,6.764,
1992-12-22,6.725,6.725,6.725,6.725,
1992-12-23,6.633,6.633,6.633,6.633,
1992-12-24,6.646,6.646,6.646,6.646,
1992-12-28,6.567,6.567,6.567,6.567,
1992-12-29,6.567,6.567,6.567,6.567,
1992-12-30,6.489,6.489,6.489,6.489,
1992-12-31,6.383,6.383,6.383,6.383,
1993-01-04,6.449,6.449,6.449,6.449,
1993-01-05,6.383,6.383,6.383,6.383,
1993-01-06,6.278,6.278,6.278,6.278,
1993-01-07,6.16,6.16,6.16,6.16,
1993-01-08,6.383,6.383,6.383,6.383,
1993-01-11,6.397,6.397,6.397,6.397,
1993-01-12,6.41,6.41,6.41,6.41,
1993-01-13,6.436,6.436,6.436,6.436,
1993-01-14,6.436,6.436,6.436,6.436,
1993-01-15,6.449,6.449,6.449,6.449,
1993-01-18,6.292,6.292,6.292,6.292,
1993-01-19,6.147,6.147,6.147,6.147,
1993-01-20,6.173,6.173,6.173,6.173,
1993-01-21,6.095,6.095,6.095,6.095,
1993-01-22,6.095,6.095,6.095,6.095,
1993-01-25,6.042,6.042,6.042,6.042,
1993-01-26,5.924,5.924,5.924,5.924,
1993-01-27,5.963,5.963,5.963,5.963,
1993-01-28,5.989,5.989,5.989,5.989,
1993-01-29,5.937,5.937,5.937,5.937,
1993-02-01,5.884,5.884,5.884,5.884,
1993-02-02,5.806,5.806,5.806,5.806,
1993-02-03,5.924,5.924,5.924,5.924,
1993-02-04,5.911,5.911,5.911,5.911,
1993-02-05,5.884,5.884,5.884,5.884,
1993-02-08,5.792,5.792,5.792,5.792,
1993-02-09,5.777,5.777,5.777,5.777,
1993-02-10,5.897,5.897,5.897,5.897,
1993-02-11,5.989,5.989,5.989,5.989,
1993-02-12,5.883,5.883,5.883,5.883,
1993-02-16,5.644,5.644,5.644,5.644,
1993-02-17,5.644,5.644,5.644,5.644,
1993-02-18,5.511,5.511,5.511,5.511,
1993-02-19,5.179,5.179,5.179,5.179,
1993-02-22,5.14,5.14,5.14,5.14,
1993-02-23,5.246,5.246,5.246,5.246,
1993-02-24,5.405,5.405,5.405,5.405,
1993-02-25,5.392,5.392,5.392,5.392,
1993-02-26,5.472,5.472,5.472,5.472,
1993-03-01,5.511,5.511,5.511,5.511,
1993-03-02,5.591,5.591,5.591,5.591,
1993-03-03,5.565,5.565,5.565,5.565,
1993-03-04,5.498,5.498,5.498,5.498,
1993-03-05,5.472,5.472,5.472,5.472,
1993-03-08,5.618,5.618,5.618,5.618,
1993-03-09,5.591,5.591,5.591,5.591,
1993-03-10,5.657,5.657,5.657,5.657,
1993-03-11,5.591,5.591,5.591,5.591,
1993-03-12,5.498,5.498,5.498,5.498,
1993-03-15,5.392,5.392,5.392,5.392,
1993-03-16,5.179,5.179,5.179,5.179,
1993-03-17,5.073,5.073,5.073,5.073,
1993-03-18,5.1,5.1,5.1,5.1,
1993-03-19,5.02,5.02,5.02,5.02,
1993-03-22,4.914,4.914,4.914,4.914,
1993-03-23,5.02,5.02,5.02,5.02,
1993-03-24,4.9,4.9,4.9,4.9,
1993-03-25,4.874,4.874,4.874,4.874,
1993-03-26,4.821,4.821,4.821,4.821,
1993-03-29,4.98,4.98,4.98,4.98,
1993-03-30,5.219,5.219,5.219,5.219,
1993-03-31,5.179,5.179,5.179,5.179,
1993-04-01,5.1,5.1,5.1,5.1,
1993-04-02,5.02,5.02,5.02,5.02,
1993-04-05,5.02,5.02,5.02,5.02,
1993-04-06,4.993,4.993,4.993,4.993,
1993-04-07,4.94,4.94,4.94,4.94,
1993-04-08,4.887,4.887,4.887,4.887,
1993-04-12,4.967,4.967,4.967,4.967,
1993-04-13,4.861,4.861,4.861,4.861,
1993-04-14,4.914,4.914,4.914,4.914,
1993-04-15,4.914,4.914,4.914,4.914,
1993-04-16,4.847,4.847,4.847,4.847,
1993-04-19,4.927,4.927,4.927,4.927,
1993-04-20,5.086,5.086,5.086,5.086,
1993-04-21,5.113,5.113,5.113,5.113,
1993-04-22,4.914,4.914,4.914,4.914,
1993-04-23,4.954,4.954,4.954,4.954,
1993-04-26,4.887,4.887,4.887,4.887,
1993-04-27,5.126,5.126,5.126,5.126,
1993-04-28,5.1,5.1,5.1,5.1,
1993-04-29,5.193,5.193,5.193,5.193,
1993-04-30,5.259,5.259,5.259,5.259,
1993-05-03,5.445,5.445,5.445,5.445,
1993-05-04,5.379,5.379,5.379,5.379,
1993-05-05,5.511,5.511,5.511,5.511,
1993-05-06,5.472,5.472,5.472,5.472,
1993-05-07,5.485,5.485,5.485,5.485,
1993-05-10,5.456,5.456,5.456,5.456,
1993-05-11,5.429,5.429,5.429,5.429,
1993-05-12,5.348,5.348,5.348,5.348,
1993-05-13,5.268,5.268,5.268,5.268,
1993-05-14,5.402,5.402,5.402,5.402,
1993-05-17,5.469,5.469,5.469,5.469,
1993-05-18,5.429,5.429,5.429,5.429,
1993-05-19,5.496,5.496,5.496,5.496,
1993-05-20,5.563,5.563,5.563,5.563,
1993-05-21,5.442,5.442,5.442,5.442,
1993-05-24,5.416,5.416,5.416,5.416,
1993-05-25,5.375,5.375,5.375,5.375,
1993-05-26,5.429,5.429,5.429,5.429,
1993-05-27,5.375,5.375,5.375,5.375,
1993-05-28,5.483,5.483,5.483,5.483,
1993-06-01,5.51,5.51,5.51,5.51,
1993-06-02,5.469,5.469,5.469,5.469,
1993-06-03,5.389,5.389,5.389,5.389,
1993-06-04,5.295,5.295,5.295,5.295,
1993-06-07,5.321,5.321,5.321,5.321,
1993-06-08,5.281,5.281,5.281,5.281,
1993-06-09,5.295,5.295,5.295,5.295,
1993-06-10,5.321,5.321,5.321,5.321,
1993-06-11,5.362,5.362,5.362,5.362,
1993-06-14,5.456,5.456,5.456,5.456,
1993-06-15,5.389,5.389,5.389,5.389,
1993-06-16,5.389,5.389,5.389,5.389,
1993-06-17,5.442,5.442,5.442,5.442,
1993-06-18,5.321,5.321,5.321,5.321,
1993-06-21,5.254,5.254,5.254,5.254,
1993-06-22,5.133,5.133,5.133,5.133,
1993-06-23,5.147,5.147,5.147,5.147,
1993-06-24,5.308,5.308,5.308,5.308,
1993-06-25,5.51,5.51,5.51,5.51,
1993-06-28,5.308,5.308,5.308,5.308,
1993-06-29,5.321,5.321,5.321,5.321,
1993-06-30,5.295,5.295,5.295,5.295,
1993-07-01,5.093,5.093,5.093,5.093,
1993-07-02,5.066,5.066,5.066,5.066,
1993-07-06,4.999,4.999,4.999,4.999,
1993-07-07,4.999,4.999,4.999,4.999,
1993-07-08,5.053,5.053,5.053,5.053,
1993-07-09,5.026,5.026,5.026,5.026,
1993-07-12,5.026,5.026,5.026,5.026,
1993-07-13,5.16,5.16,5.16,5.16,
1993-07-14,5.12,5.12,5.12,5.12,
1993-07-15,5.012,5.012,5.012,5.012,
1993-07-16,4.932,4.932,4.932,4.932,
1993-07-19,4.985,4.985,4.985,4.985,
1993-07-20,5.214,5.214,5.214,5.214,
1993-07-21,5.16,5.16,5.16,5.16,
1993-07-22,5.12,5.12,5.12,5.12,
1993-07-23,5.174,5.174,5.174,5.174,
1993-07-26,5.187,5.187,5.187,5.187,
1993-07-27,5.187,5.187,5.187,5.187,
1993-07-28,5.16,5.16,5.16,5.16,
1993-07-29,5.106,5.106,5.106,5.106,
1993-07-30,5.012,5.012,5.012,5.012,
1993-08-02,4.999,4.999,4.999,4.999,
1993-08-03,4.999,4.999,4.999,4.999,
1993-08-04,4.985,4.985,4.985,4.985,
1993-08-05,4.945,4.945,4.945,4.945,
1993-08-06,4.905,4.905,4.905,4.905,
1993-08-09,4.835,4.835,4.835,4.835,
1993-08-10,4.807,4.807,4.807,4.807,
1993-08-11,4.835,4.835,4.835,4.835,
1993-08-12,4.766,4.766,4.766,4.766,
1993-08-13,4.753,4.753,4.753,4.753,
1993-08-16,4.916,4.916,4.916,4.916,
1993-08-17,4.971,4.971,4.971,4.971,
1993-08-18,5.216,5.216,5.216,5.216,
1993-08-19,5.189,5.189,5.189,5.189,
1993-08-20,5.121,5.121,5.121,5.121,
1993-08-23,5.025,5.025,5.025,5.025,
1993-08-24,5.093,5.093,5.093,5.093,
1993-08-25,4.998,4.998,4.998,4.998,
1993-08-26,5.202,5.202,5.202,5.202,
1993-08-27,5.148,5.148,5.148,5.148,
1993-08-30,5.257,5.257,5.257,5.257,
1993-08-31,5.23,5.23,5.23,5.23,
1993-09-01,5.202,5.202,5.202,5.202,
1993-09-02,5.325,5.325,5.325,5.325,
1993-09-03,5.298,5.298,5.298,5.298,
1993-09-07,5.284,5.284,5.284,5.284,
1993-09-08,5.27,5.27,5.27,5.27,
1993-09-09,5.202,5.202,5.202,5.202,
1993-09-10,5.257,5.257,5.257,5.257,
1993-09-13,5.161,5.161,5.161,5.161,
1993-09-14,5.27,5.27,5.27,5.27,
1993-09-15,5.23,5.23,5.23,5.23,
1993-09-16,5.189,5.189,5.189,5.189,
1993-09-17,5.311,5.311,5.311,5.311,
1993-09-20,5.27,5.27,5.27,5.27,
1993-09-21,5.407,5.407,5.407,5.407,
1993-09-22,5.379,5.379,5.379,5.379,
1993-09-23,5.461,5.461,5.461,5.461,
1993-09-24,5.447,5.447,5.447,5.447,
1993-09-27,5.502,5.502,5.502,5.502,
1993-09-28,5.447,5.447,5.447,5.447,
1993-09-29,5.42,5.42,5.42,5.42,
1993-09-30,5.447,5.447,5.447,5.447,
1993-10-01,5.543,5.543,5.543,5.543,
1993-10-04,5.529,5.529,5.529,5.529,
1993-10-05,5.679,5.679,5.679,5.679,
1993-10-06,5.556,5.556,5.556,5.556,
1993-10-07,5.529,5.529,5.529,5.529,
1993-10-08,5.461,5.461,5.461,5.461,
1993-10-11,5.842,5.842,5.842,5.842,
1993-10-12,5.801,5.801,5.801,5.801,
1993-10-13,5.72,5.72,5.72,5.72,
1993-10-14,5.761,5.761,5.761,5.761,
1993-10-15,5.883,5.883,5.883,5.883,
1993-10-18,5.979,5.979,5.979,5.979,
1993-10-19,5.815,5.815,5.815,5.815,
1993-10-20,5.91,5.91,5.91,5.91,
1993-10-21,6.087,6.087,6.087,6.087,
1993-10-22,5.992,5.992,5.992,5.992,
1993-10-25,5.992,5.992,5.992,5.992,
1993-10-26,5.883,5.883,5.883,5.883,
1993-10-27,5.829,5.829,5.829,5.829,
1993-10-28,5.883,5.883,5.883,5.883,
1993-10-29,5.897,5.897,5.897,5.897,
1993-11-01,5.883,5.883,5.883,5.883,
1993-11-02,5.91,5.91,5.91,5.91,
1993-11-03,6.033,6.033,6.033,6.033,
1993-11-04,6.06,6.06,6.06,6.06,
1993-11-05,6.087,6.087,6.087,6.087,
1993-11-08,6.14,6.14,6.14,6.14,
1993-11-09,6.25,6.25,6.25,6.25,
1993-11-10,6.374,6.374,6.374,6.374,
1993-11-11,6.347,6.347,6.347,6.347,
1993-11-12,6.264,6.264,6.264,6.264,
1993-11-15,6.347,6.347,6.347,6.347,
1993-11-16,6.402,6.402,6.402,6.402,
1993-11-17,6.416,6.416,6.416,6.416,
1993-11-18,6.443,6.443,6.443,6.443,
1993-11-19,6.512,6.512,6.512,6.512,
1993-11-22,6.677,6.677,6.677,6.677,
1993-11-23,6.471,6.471,6.471,6.471,
1993-11-24,6.361,6.361,6.361,6.361,
1993-11-26,6.347,6.347,6.347,6.347,
1993-11-29,6.361,6.361,6.361,6.361,
1993-11-30,6.319,6.319,6.319,6.319,
1993-12-01,6.319,6.319,6.319,6.319,
1993-12-02,6.319,6.319,6.319,6.319,
1993-12-03,6.278,6.278,6.278,6.278,
1993-12-06,6.278,6.278,6.278,6.278,
1993-12-07,6.319,6.319,6.319,6.319,
1993-12-08,6.278,6.278,6.278,6.278,
1993-12-09,6.333,6.333,6.333,6.333,
1993-12-10,6.306,6.306,6.306,6.306,
1993-12-13,6.333,6.333,6.333,6.333,
1993-12-14,6.292,6.292,6.292,6.292,
1993-12-15,6.278,6.278,6.278,6.278,
1993-12-16,6.223,6.223,6.223,6.223,
1993-12-17,6.292,6.292,6.292,6.292,
1993-12-20,6.347,6.347,6.347,6.347,
1993-12-21,6.429,6.429,6.429,6.429,
1993-12-22,6.485,6.485,6.485,6.485,
1993-12-23,6.54,6.54,6.54,6.54,
1993-12-27,6.581,6.581,6.581,6.581,
1993-12-28,6.608,6.608,6.608,6.608,
1993-12-29,6.553,6.553,6.553,6.553,
1993-12-30,6.581,6.581,6.581,6.581,
1993-12-31,6.54,6.54,6.54,6.54,
1994-01-03,6.54,6.54,6.54,6.54,
1994-01-04,6.512,6.512,6.512,6.512,
1994-01-05,6.457,6.457,6.457,6.457,
1994-01-06,6.402,6.402,6.402,6.402,
1994-01-07,6.416,6.416,6.416,6.416,
1994-01-10,6.498,6.498,6.498,6.498,
1994-01-11,6.457,6.457,6.457,6.457,
1994-01-12,6.429,6.429,6.429,6.429,
1994-01-13,6.416,6.416,6.416,6.416,
1994-01-14,6.498,6.498,6.498,6.498,
1994-01-17,6.595,6.595,6.595,6.595,
1994-01-18,6.774,6.774,6.774,6.774,
1994-01-19,6.595,6.595,6.595,6.595,
1994-01-20,6.608,6.608,6.608,6.608,
1994-01-21,6.622,6.622,6.622,6.622,
1994-01-24,6.512,6.512,6.512,6.512,
1994-01-25,6.512,6.512,6.512,6.512,
1994-01-26,6.581,6.581,6.581,6.581,
1994-01-27,6.526,6.526,6.526,6.526,
1994-01-28,6.581,6.581,6.581,6.581,
1994-01-31,6.595,6.595,6.595,6.595,
1994-02-01,6.581,6.581,6.581,6.581,
1994-02-02,6.622,6.622,6.622,6.622,
1994-02-03,6.636,6.636,6.636,6.636,
1994-02-04,6.526,6.526,6.526,6.526,
1994-02-07,6.498,6.498,6.498,6.498,
1994-02-08,6.457,6.457,6.457,6.457,
1994-02-09,6.429,6.429,6.429,6.429,
1994-02-10,6.374,6.374,6.374,6.374,
1994-02-11,6.318,6.318,6.318,6.318,
1994-02-14,6.346,6.346,6.346,6.346,
1994-02-15,6.346,6.346,6.346,6.346,
1994-02-16,6.346,6.346,6.346,6.346,
1994-02-17,6.234,6.234,6.234,6.234,
1994-02-18,6.095,6.095,6.095,6.095,
1994-02-22,6.123,6.123,6.123,6.123,
1994-02-23,6.374,6.374,6.374,6.374,
1994-02-24,6.22,6.22,6.22,6.22,
1994-02-25,6.262,6.262,6.262,6.262,
1994-02-28,6.165,6.165,6.165,6.165,
1994-03-01,6.248,6.248,6.248,6.248,
1994-03-02,6.276,6.276,6.276,6.276,
1994-03-03,6.193,6.193,6.193,6.193,
1994-03-04,6.012,6.012,6.012,6.012,
1994-03-07,5.845,5.845,5.845,5.845,
1994-03-08,5.928,5.928,5.928,5.928,
1994-03-09,5.984,5.984,5.984,5.984,
1994-03-10,5.803,5.803,5.803,5.803,
1994-03-11,5.761,5.761,5.761,5.761,
1994-03-14,5.761,5.761,5.761,5.761,
1994-03-15,5.706,5.706,5.706,5.706,
1994-03-16,5.706,5.706,5.706,5.706,
1994-03-17,5.817,5.817,5.817,5.817,
1994-03-18,5.956,5.956,5.956,5.956,
1994-03-21,6.248,6.248,6.248,6.248,
1994-03-22,5.956,5.956,5.956,5.956,
1994-03-23,5.9,5.9,5.9,5.9,
1994-03-24,5.886,5.886,5.886,5.886,
1994-03-25,5.803,5.803,5.803,5.803,
1994-03-28,5.747,5.747,5.747,5.747,
1994-03-29,5.678,5.678,5.678,5.678,
1994-03-30,5.539,5.539,5.539,5.539,
1994-03-31,5.552,5.552,5.552,5.552,
1994-04-04,5.497,5.497,5.497,5.497,
1994-04-05,5.525,5.525,5.525,5.525,
1994-04-06,5.511,5.511,5.511,5.511,
1994-04-07,5.566,5.566,5.566,5.566,
1994-04-08,5.413,5.413,5.413,5.413,
1994-04-11,5.427,5.427,5.427,5.427,
1994-04-12,5.385,5.385,5.385,5.385,
1994-04-13,5.344,5.344,5.344,5.344,
1994-04-14,5.288,5.288,5.288,5.288,
1994-04-15,5.288,5.288,5.288,5.288,
1994-04-18,5.427,5.427,5.427,5.427,
1994-04-19,5.427,5.427,5.427,5.427,
1994-04-20,5.372,5.372,5.372,5.372,
1994-04-21,5.594,5.594,5.594,5.594,
1994-04-22,5.622,5.622,5.622,5.622,
1994-04-25,5.622,5.622,5.622,5.622,
1994-04-26,5.552,5.552,5.552,5.552,
1994-04-28,5.539,5.539,5.539,5.539,
1994-04-29,5.483,5.483,5.483,5.483,
1994-05-02,5.747,5.747,5.747,5.747,
1994-05-03,5.9,5.9,5.9,5.9,
1994-05-04,5.97,5.97,5.97,5.97,
1994-05-05,5.928,5.928,5.928,5.928,
1994-05-06,5.859,5.859,5.859,5.859,
1994-05-09,5.985,5.985,5.985,5.985,
1994-05-10,6.042,6.042,6.042,6.042,
1994-05-11,6.056,6.056,6.056,6.056,
1994-05-12,6.112,6.112,6.112,6.112,
1994-05-13,6.098,6.098,6.098,6.098,
1994-05-16,6.14,6.14,6.14,6.14,
1994-05-17,6.253,6.253,6.253,6.253,
1994-05-18,6.295,6.295,6.295,6.295,
1994-05-19,6.295,6.295,6.295,6.295,
1994-05-20,6.211,6.211,6.211,6.211,
1994-05-23,6.225,6.225,6.225,6.225,
1994-05-24,6.267,6.267,6.267,6.267,
1994-05-25,6.323,6.323,6.323,6.323,
1994-05-26,6.464,6.464,6.464,6.464,
1994-05-27,6.506,6.506,6.506,6.506,
1994-05-31,6.45,6.45,6.45,6.45,
1994-06-01,6.366,6.366,6.366,6.366,
1994-06-02,6.394,6.394,6.394,6.394,
1994-06-03,6.45,6.45,6.45,6.45,
1994-06-06,6.253,6.253,6.253,6.253,
1994-06-07,6.239,6.239,6.239,6.239,
1994-06-08,6.197,6.197,6.197,6.197,
1994-06-09,6.422,6.422,6.422,6.422,
1994-06-10,6.436,6.436,6.436,6.436,
1994-06-13,6.45,6.45,6.45,6.45,
1994-06-14,6.619,6.619,6.619,6.619,
1994-06-15,6.464,6.464,6.464,6.464,
1994-06-16,6.422,6.422,6.422,6.422,
1994-06-17,6.394,6.394,6.394,6.394,
1994-06-20,6.45,6.45,6.45,6.45,
1994-06-21,6.492,6.492,6.492,6.492,
1994-06-22,6.408,6.408,6.408,6.408,
1994-06-23,6.45,6.45,6.45,6.45,
1994-06-24,6.436,6.436,6.436,6.436,
1994-06-27,6.521,6.521,6.521,6.521,
1994-06-28,6.478,6.478,6.478,6.478,
1994-06-29,6.422,6.422,6.422,6.422,
1994-06-30,6.408,6.408,6.408,6.408,
1994-07-01,6.394,6.394,6.394,6.394,
1994-07-05,6.408,6.408,6.408,6.408,
1994-07-06,6.478,6.478,6.478,6.478,
1994-07-07,6.45,6.45,6.45,6.45,
1994-07-08,6.464,6.464,6.464,6.464,
1994-07-11,5.633,5.633,5.633,5.633,
1994-07-12,5.45,5.45,5.45,5.45,
1994-07-13,5.591,5.591,5.591,5.591,
1994-07-14,5.704,5.704,5.704,5.704,
1994-07-15,5.69,5.69,5.69,5.69,
1994-07-18,5.591,5.591,5.591,5.591,
1994-07-19,5.507,5.507,5.507,5.507,
1994-07-20,5.478,5.478,5.478,5.478,
1994-07-21,5.408,5.408,5.408,5.408,
1994-07-22,5.38,5.38,5.38,5.38,
1994-07-25,5.408,5.408,5.408,5.408,
1994-07-26,5.422,5.422,5.422,5.422,
1994-07-27,5.394,5.394,5.394,5.394,
1994-07-28,5.464,5.464,5.464,5.464,
1994-07-29,5.478,5.478,5.478,5.478,
1994-08-01,5.45,5.45,5.45,5.45,
1994-08-02,5.619,5.619,5.619,5.619,
1994-08-03,5.605,5.605,5.605,5.605,
1994-08-04,5.563,5.563,5.563,5.563,
1994-08-05,5.633,5.633,5.633,5.633,
1994-08-08,5.647,5.647,5.647,5.647,
1994-08-09,5.562,5.562,5.562,5.562,
1994-08-10,5.776,5.776,5.776,5.776,
1994-08-11,5.99,5.99,5.99,5.99,
1994-08-12,6.047,6.047,6.047,6.047,
1994-08-15,6.047,6.047,6.047,6.047,
1994-08-16,6.218,6.218,6.218,6.218,
1994-08-17,6.56,6.56,6.56,6.56,
1994-08-18,6.517,6.517,6.517,6.517,
1994-08-19,6.532,6.532,6.532,6.532,
1994-08-22,6.375,6.375,6.375,6.375,
1994-08-23,6.375,6.375,6.375,6.375,
1994-08-24,6.417,6.417,6.417,6.417,
1994-08-25,6.36,6.36,6.36,6.36,
1994-08-26,6.346,6.346,6.346,6.346,
1994-08-29,6.375,6.375,6.375,6.375,
1994-08-30,6.36,6.36,6.36,6.36,
1994-08-31,6.503,6.503,6.503,6.503,
1994-09-01,6.475,6.475,6.475,6.475,
1994-09-02,6.446,6.446,6.446,6.446,
1994-09-06,6.417,6.417,6.417,6.417,
1994-09-07,6.389,6.389,6.389,6.389,
1994-09-08,6.375,6.375,6.375,6.375,
1994-09-09,6.417,6.417,6.417,6.417,
1994-09-12,6.432,6.432,6.432,6.432,
1994-09-13,6.432,6.432,6.432,6.432,
1994-09-14,6.389,6.389,6.389,6.389,
1994-09-15,6.432,6.432,6.432,6.432,
1994-09-16,6.389,6.389,6.389,6.389,
1994-09-19,6.66,6.66,6.66,6.66,
1994-09-20,6.574,6.574,6.574,6.574,
1994-09-21,6.574,6.574,6.574,6.574,
1994-09-22,6.56,6.56,6.56,6.56,
1994-09-23,6.532,6.532,6.532,6.532,
1994-09-26,6.446,6.446,6.446,6.446,
1994-09-27,6.589,6.589,6.589,6.589,
1994-09-28,6.574,6.574,6.574,6.574,
1994-09-29,6.574,6.574,6.574,6.574,
1994-09-30,6.603,6.603,6.603,6.603,
1994-10-03,6.631,6.631,6.631,6.631,
1994-10-04,6.617,6.617,6.617,6.617,
1994-10-05,6.646,6.646,6.646,6.646,
1994-10-06,6.688,6.688,6.688,6.688,
1994-10-07,6.617,6.617,6.617,6.617,
1994-10-10,6.617,6.617,6.617,6.617,
1994-10-11,6.66,6.66,6.66,6.66,
1994-10-12,6.674,6.674,6.674,6.674,
1994-10-13,6.731,6.731,6.731,6.731,
1994-10-14,6.703,6.703,6.703,6.703,
1994-10-17,6.688,6.688,6.688,6.688,
1994-10-18,6.717,6.717,6.717,6.717,
1994-10-19,6.817,6.817,6.817,6.817,
1994-10-20,6.817,6.817,6.817,6.817,
1994-10-21,6.831,6.831,6.831,6.831,
1994-10-24,6.86,6.86,6.86,6.86,
1994-10-25,6.902,6.902,6.902,6.902,
1994-10-26,6.845,6.845,6.845,6.845,
1994-10-27,6.902,6.902,6.902,6.902,
1994-10-28,6.931,6.931,6.931,6.931,
1994-10-31,7.073,7.073,7.073,7.073,
1994-11-01,7.045,7.045,7.045,7.045,
1994-11-02,7.188,7.188,7.188,7.188,
1994-11-03,7.344,7.344,7.344,7.344,
1994-11-04,7.131,7.131,7.131,7.131,
1994-11-07,7.216,7.216,7.216,7.216,
1994-11-08,7.274,7.274,7.274,7.274,
1994-11-09,7.418,7.418,7.418,7.418,
1994-11-10,7.461,7.461,7.461,7.461,
1994-11-11,7.331,7.331,7.331,7.331,
1994-11-14,7.375,7.375,7.375,7.375,
1994-11-15,7.303,7.303,7.303,7.303,
1994-11-16,7.317,7.317,7.317,7.317,
1994-11-17,7.202,7.202,7.202,7.202,
1994-11-18,7.144,7.144,7.144,7.144,
1994-11-21,7.101,7.101,7.101,7.101,
1994-11-22,6.942,6.942,6.942,6.942,
1994-11-23,6.755,6.755,6.755,6.755,
1994-11-25,6.827,6.827,6.827,6.827,
1994-11-28,6.928,6.928,6.928,6.928,
1994-11-29,7.043,7.043,7.043,7.043,
1994-11-30,7.216,7.216,7.216,7.216,
1994-12-01,7.173,7.173,7.173,7.173,
1994-12-02,7.115,7.115,7.115,7.115,
1994-12-05,7.173,7.173,7.173,7.173,
1994-12-06,7.288,7.288,7.288,7.288,
1994-12-07,7.303,7.303,7.303,7.303,
1994-12-08,7.187,7.187,7.187,7.187,
1994-12-09,7.101,7.101,7.101,7.101,
1994-12-12,7.216,7.216,7.216,7.216,
1994-12-13,7.086,7.086,7.086,7.086,
1994-12-14,7.158,7.158,7.158,7.158,
1994-12-15,7.086,7.086,7.086,7.086,
1994-12-16,7.158,7.158,7.158,7.158,
1994-12-19,7.23,7.23,7.23,7.23,
1994-12-20,7.432,7.432,7.432,7.432,
1994-12-21,7.519,7.519,7.519,7.519,
1994-12-22,7.317,7.317,7.317,7.317,
1994-12-23,7.519,7.519,7.519,7.519,
1994-12-27,7.562,7.562,7.562,7.562,
1994-12-28,7.547,7.547,7.547,7.547,
1994-12-29,7.533,7.533,7.533,7.533,
1994-12-30,7.562,7.562,7.562,7.562,
1995-01-03,7.519,7.519,7.519,7.519,
1995-01-04,7.504,7.504,7.504,7.504,
1995-01-05,7.533,7.533,7.533,7.533,
1995-01-06,7.504,7.504,7.504,7.504,
1995-01-09,7.461,7.461,7.461,7.461,
1995-01-10,7.346,7.346,7.346,7.346,
1995-01-11,7.288,7.288,7.288,7.288,
1995-01-12,7.259,7.259,7.259,7.259,
1995-01-13,7.245,7.245,7.245,7.245,
1995-01-16,7.403,7.403,7.403,7.403,
1995-01-17,7.49,7.49,7.49,7.49,
1995-01-18,7.519,7.519,7.519,7.519,
1995-01-19,7.504,7.504,7.504,7.504,
1995-01-20,7.504,7.504,7.504,7.504,
1995-01-23,7.576,7.576,7.576,7.576,
1995-01-24,7.432,7.432,7.432,7.432,
1995-01-25,7.375,7.375,7.375,7.375,
1995-01-26,7.432,7.432,7.432,7.432,
1995-01-27,7.432,7.432,7.432,7.432,
1995-01-30,7.533,7.533,7.533,7.533,
1995-01-31,7.591,7.591,7.591,7.591,
1995-02-01,7.562,7.562,7.562,7.562,
1995-02-02,7.576,7.576,7.576,7.576,
1995-02-03,7.619,7.619,7.619,7.619,
1995-02-06,7.677,7.677,7.677,7.677,
1995-02-07,7.648,7.648,7.648,7.648,
1995-02-08,7.677,7.677,7.677,7.677,
1995-02-09,7.636,7.636,7.636,7.636,
1995-02-10,7.534,7.534,7.534,7.534,
1995-02-13,7.548,7.548,7.548,7.548,
1995-02-14,7.476,7.476,7.476,7.476,
1995-02-15,7.519,7.519,7.519,7.519,
1995-02-16,7.476,7.476,7.476,7.476,
1995-02-17,7.49,7.49,7.49,7.49,
1995-02-21,7.476,7.476,7.476,7.476,
1995-02-22,7.592,7.592,7.592,7.592,
1995-02-23,7.621,7.621,7.621,7.621,
1995-02-24,7.738,7.738,7.738,7.738,
1995-02-27,7.708,7.708,7.708,7.708,
1995-02-28,7.796,7.796,7.796,7.796,
1995-03-01,7.883,7.883,7.883,7.883,
1995-03-02,7.796,7.796,7.796,7.796,
1995-03-03,7.796,7.796,7.796,7.796,
1995-03-06,7.956,7.956,7.956,7.956,
1995-03-07,7.868,7.868,7.868,7.868,
1995-03-08,7.927,7.927,7.927,7.927,
1995-03-09,7.825,7.825,7.825,7.825,
1995-03-10,7.927,7.927,7.927,7.927,
1995-03-13,7.912,7.912,7.912,7.912,
1995-03-14,7.985,7.985,7.985,7.985,
1995-03-15,7.927,7.927,7.927,7.927,
1995-03-16,7.956,7.956,7.956,7.956,
1995-03-17,8.014,8.014,8.014,8.014,
1995-03-20,8.028,8.028,8.028,8.028,
1995-03-21,8.057,8.057,8.057,8.057,
1995-03-22,8.203,8.203,8.203,8.203,
1995-03-23,8.348,8.348,8.348,8.348,
1995-03-24,8.567,8.567,8.567,8.567,
1995-03-27,8.93,8.93,8.93,8.93,
1995-03-28,8.828,8.828,8.828,8.828,
1995-03-29,8.814,8.814,8.814,8.814,
1995-03-30,8.552,8.552,8.552,8.552,
1995-03-31,8.508,8.508,8.508,8.508,
1995-04-03,8.61,8.61,8.61,8.61,
1995-04-04,8.814,8.814,8.814,8.814,
1995-04-05,8.668,8.668,8.668,8.668,
1995-04-06,8.668,8.668,8.668,8.668,
1995-04-07,8.668,8.668,8.668,8.668,
1995-04-10,8.727,8.727,8.727,8.727,
1995-04-11,8.77,8.77,8.77,8.77,
1995-04-12,8.916,8.916,8.916,8.916,
1995-04-13,9.046,9.046,9.046,9.046,
1995-04-17,9.046,9.046,9.046,9.046,
1995-04-18,8.843,8.843,8.843,8.843,
1995-04-19,8.596,8.596,8.596,8.596,
1995-04-20,8.596,8.596,8.596,8.596,
1995-04-21,8.712,8.712,8.712,8.712,
1995-04-24,8.857,8.857,8.857,8.857,
1995-04-25,8.537,8.537,8.537,8.537,
1995-04-26,8.334,8.334,8.334,8.334,
1995-04-27,8.436,8.436,8.436,8.436,
1995-04-28,8.697,8.697,8.697,8.697,
1995-05-01,8.683,8.683,8.683,8.683,
1995-05-02,8.712,8.712,8.712,8.712,
1995-05-03,8.901,8.901,8.901,8.901,
1995-05-04,8.843,8.843,8.843,8.843,
1995-05-05,8.697,8.697,8.697,8.697,
1995-05-08,8.683,8.683,8.683,8.683,
1995-05-09,8.597,8.597,8.597,8.597,
1995-05-10,8.583,8.583,8.583,8.583,
1995-05-11,8.553,8.553,8.553,8.553,
1995-05-12,8.318,8.318,8.318,8.318,
1995-05-15,8.186,8.186,8.186,8.186,
1995-05-16,8.23,8.23,8.23,8.23,
1995-05-17,8.392,8.392,8.392,8.392,
1995-05-18,8.348,8.348,8.348,8.348,
1995-05-19,8.465,8.465,8.465,8.465,
1995-05-22,8.465,8.465,8.465,8.465,
1995-05-23,8.568,8.568,8.568,8.568,
1995-05-24,8.641,8.641,8.641,8.641,
1995-05-25,8.597,8.597,8.597,8.597,
1995-05-26,8.612,8.612,8.612,8.612,
1995-05-30,8.583,8.583,8.583,8.583,
1995-05-31,8.759,8.759,8.759,8.759,
1995-06-01,8.759,8.759,8.759,8.759,
1995-06-02,8.876,8.876,8.876,8.876,
1995-06-05,8.876,8.876,8.876,8.876,
1995-06-06,8.905,8.905,8.905,8.905,
1995-06-07,8.979,8.979,8.979,8.979,
1995-06-08,9.023,9.023,9.023,9.023,
1995-06-09,8.891,8.891,8.891,8.891,
1995-06-12,8.92,8.92,8.92,8.92,
1995-06-13,8.92,8.92,8.92,8.92,
1995-06-14,8.935,8.935,8.935,8.935,
1995-06-15,8.876,8.876,8.876,8.876,
1995-06-16,8.92,8.92,8.92,8.92,
1995-06-19,8.935,8.935,8.935,8.935,
1995-06-20,8.788,8.788,8.788,8.788,
1995-06-21,9.008,9.008,9.008,9.008,
1995-06-22,9.125,9.125,9.125,9.125,
1995-06-23,9.184,9.184,9.184,9.184,
1995-06-26,9.052,9.052,9.052,9.052,
1995-06-27,9.008,9.008,9.008,9.008,
1995-06-28,9.199,9.199,9.199,9.199,
1995-06-29,9.243,9.243,9.243,9.243,
1995-06-30,9.213,9.213,9.213,9.213,
1995-07-03,9.272,9.272,9.272,9.272,
1995-07-05,9.228,9.228,9.228,9.228,
1995-07-06,9.14,9.14,9.14,9.14,
1995-07-07,8.92,8.92,8.92,8.92,
1995-07-10,8.891,8.891,8.891,8.891,
1995-07-11,8.861,8.861,8.861,8.861,
1995-07-12,9.023,9.023,9.023,9.023,
1995-07-13,9.184,9.184,9.184,9.184,
1995-07-14,9.155,9.155,9.155,9.155,
1995-07-17,9.14,9.14,9.14,9.14,
1995-07-18,9.213,9.213,9.213,9.213,
1995-07-19,9.169,9.169,9.169,9.169,
1995-07-20,9.008,9.008,9.008,9.008,
1995-07-21,9.023,9.023,9.023,9.023,
1995-07-24,9.081,9.081,9.081,9.081,
1995-07-25,9.257,9.257,9.257,9.257,
1995-07-26,9.155,9.155,9.155,9.155,
1995-07-27,9.257,9.257,9.257,9.257,
1995-07-28,9.213,9.213,9.213,9.213,
1995-07-31,9.184,9.184,9.184,9.184,
1995-08-01,9.067,9.067,9.067,9.067,
1995-08-02,9.037,9.037,9.037,9.037,
1995-08-03,9.155,9.155,9.155,9.155,
1995-08-04,9.14,9.14,9.14,9.14,
1995-08-07,9.125,9.125,9.125,9.125,
1995-08-08,9.14,9.14,9.14,9.14,
1995-08-09,9.037,9.037,9.037,9.037,
1995-08-10,9.008,9.008,9.008,9.008,
1995-08-11,8.981,8.981,8.981,8.981,
1995-08-14,9.084,9.084,9.084,9.084,
1995-08-15,8.996,8.996,8.996,8.996,
1995-08-16,9.025,9.025,9.025,9.025,
1995-08-17,8.936,8.936,8.936,8.936,
1995-08-18,9.04,9.04,9.04,9.04,
1995-08-21,9.158,9.158,9.158,9.158,
1995-08-22,9.144,9.144,9.144,9.144,
1995-08-23,9.173,9.173,9.173,9.173,
1995-08-24,9.247,9.247,9.247,9.247,
1995-08-25,9.232,9.232,9.232,9.232,
1995-08-28,9.41,9.41,9.41,9.41,
1995-08-29,9.425,9.425,9.425,9.425,
1995-08-30,9.528,9.528,9.528,9.528,
1995-08-31,9.691,9.691,9.691,9.691,
1995-09-01,9.676,9.676,9.676,9.676,
1995-09-05,9.661,9.661,9.661,9.661,
1995-09-06,9.691,9.691,9.691,9.691,
1995-09-07,10.002,10.002,10.002,10.002,
1995-09-08,9.913,9.913,9.913,9.913,
1995-09-11,9.854,9.854,9.854,9.854,
1995-09-12,9.824,9.824,9.824,9.824,
1995-09-13,9.809,9.809,9.809,9.809,
1995-09-14,10.061,10.061,10.061,10.061,
1995-09-15,10.105,10.105,10.105,10.105,
1995-09-18,10.105,10.105,10.105,10.105,
1995-09-19,10.401,10.401,10.401,10.401,
1995-09-20,10.534,10.534,10.534,10.534,
1995-09-21,10.653,10.653,10.653,10.653,
1995-09-22,10.564,10.564,10.564,10.564,
1995-09-25,10.564,10.564,10.564,10.564,
1995-09-26,10.608,10.608,10.608,10.608,
1995-09-27,10.875,10.875,10.875,10.875,
1995-09-28,10.727,10.727,10.727,10.727,
1995-09-29,10.638,10.638,10.638,10.638,
1995-10-02,10.549,10.549,10.549,10.549,
1995-10-03,10.727,10.727,10.727,10.727,
1995-10-04,10.86,10.86,10.86,10.86,
1995-10-05,10.993,10.993,10.993,10.993,
1995-10-06,10.949,10.949,10.949,10.949,
1995-10-09,10.889,10.889,10.889,10.889,
1995-10-10,10.889,10.889,10.889,10.889,
1995-10-11,10.904,10.904,10.904,10.904,
1995-10-12,11.037,11.037,11.037,11.037,
1995-10-13,11.082,11.082,11.082,11.082,
1995-10-16,11.141,11.141,11.141,11.141,
1995-10-17,11.096,11.096,11.096,11.096,
1995-10-18,11.2,11.2,11.2,11.2,
1995-10-19,11.185,11.185,11.185,11.185,
1995-10-20,11.17,11.17,11.17,11.17,
1995-10-23,11.126,11.126,11.126,11.126,
1995-10-24,11.17,11.17,11.17,11.17,
1995-10-25,11.614,11.614,11.614,11.614,
1995-10-26,11.585,11.585,11.585,11.585,
1995-10-27,11.452,11.452,11.452,11.452,
1995-10-30,11.407,11.407,11.407,11.407,
1995-10-31,11.437,11.437,11.437,11.437,
1995-11-01,11.54,11.54,11.54,11.54,
1995-11-02,11.304,11.304,11.304,11.304,
1995-11-03,11.304,11.304,11.304,11.304,
1995-11-06,11.274,11.274,11.274,11.274,
1995-11-07,11.304,11.304,11.304,11.304,
1995-11-08,11.54,11.54,11.54,11.54,
1995-11-09,11.6,11.6,11.6,11.6,
1995-11-10,11.526,11.526,11.526,11.526,
1995-11-13,11.488,11.488,11.488,11.488,
1995-11-14,11.563,11.563,11.563,11.563,
1995-11-15,11.861,11.861,11.861,11.861,
1995-11-16,11.875,11.875,11.875,11.875,
1995-11-17,12.218,12.218,12.218,12.218,
1995-11-20,12.069,12.069,12.069,12.069,
1995-11-21,11.92,11.92,11.92,11.92,
1995-11-22,11.756,11.756,11.756,11.756,
1995-11-24,11.697,11.697,11.697,11.697,
1995-11-27,11.682,11.682,11.682,11.682,
1995-11-28,11.756,11.756,11.756,11.756,
1995-11-29,11.89,11.89,11.89,11.89,
1995-11-30,11.861,11.861,11.861,11.861,
1995-12-01,11.706,11.706,11.706,11.706,
1995-12-04,11.89,11.89,11.89,11.89,
1995-12-05,12.01,12.01,12.01,12.01,
1995-12-06,12.278,12.278,12.278,12.278,
1995-12-07,11.995,11.995,11.995,11.995,
1995-12-08,12.039,12.039,12.039,12.039,
1995-12-11,12.114,12.114,12.114,12.114,
1995-12-12,12.069,12.069,12.069,12.069,
1995-12-13,12.173,12.173,12.173,12.173,
1995-12-14,12.248,12.248,12.248,12.248,
1995-12-15,12.486,12.486,12.486,12.486,
1995-12-18,12.606,12.606,12.606,12.606,
1995-12-19,12.382,12.382,12.382,12.382,
1995-12-20,12.218,12.218,12.218,12.218,
1995-12-21,13.172,13.172,13.172,13.172,
1995-12-22,13.291,13.291,13.291,13.291,
1995-12-26,13.47,13.47,13.47,13.47,
1995-12-27,13.172,13.172,13.172,13.172,
1995-12-28,13.351,13.351,13.351,13.351,
1995-12-29,13.41,13.41,13.41,13.41,
1996-01-02,13.202,13.202,13.202,13.202,
1996-01-03,12.725,12.725,12.725,12.725,
1996-01-04,12.755,12.755,12.755,12.755,
1996-01-05,12.665,12.665,12.665,12.665,
1996-01-08,12.814,12.814,12.814,12.814,
1996-01-09,12.673,12.673,12.673,12.673,
1996-01-10,11.801,11.801,11.801,11.801,
1996-01-11,12.188,12.188,12.188,12.188,
1996-01-12,12.159,12.159,12.159,12.159,
1996-01-15,12.01,12.01,12.01,12.01,
1996-01-16,12.457,12.457,12.457,12.457,
1996-01-17,12.337,12.337,12.337,12.337,
1996-01-18,12.635,12.635,12.635,12.635,
1996-01-19,12.665,12.665,12.665,12.665,
1996-01-22,12.546,12.546,12.546,12.546,
1996-01-23,12.457,12.457,12.457,12.457,
1996-01-24,12.576,12.576,12.576,12.576,
1996-01-25,12.397,12.397,12.397,12.397,
1996-01-26,12.606,12.606,12.606,12.606,
1996-01-29,12.784,12.784,12.784,12.784,
1996-01-30,13.321,13.321,13.321,13.321,
1996-01-31,13.649,13.649,13.649,13.649,
1996-02-01,13.768,13.768,13.768,13.768,
1996-02-02,13.708,13.708,13.708,13.708,
1996-02-05,13.827,13.827,13.827,13.827,
1996-02-06,13.827,13.827,13.827,13.827,
1996-02-07,14.096,14.096,14.096,14.096,
1996-02-08,14.543,14.543,14.543,14.543,
1996-02-09,14.721,14.721,14.721,14.721,
1996-02-12,15.288,15.288,15.288,15.288,
1996-02-13,15.37,15.37,15.37,15.37,
1996-02-14,15.31,15.31,15.31,15.31,
1996-02-15,15.25,15.25,15.25,15.25,
1996-02-16,14.92,14.92,14.92,14.92,
1996-02-20,14.501,14.501,14.501,14.501,
1996-02-21,14.86,14.86,14.86,14.86,
1996-02-22,15.16,15.16,15.16,15.16,
1996-02-23,15.399,15.399,15.399,15.399,
1996-02-26,14.92,14.92,14.92,14.92,
1996-02-27,14.621,14.621,14.621,14.621,
1996-02-28,14.411,14.411,14.411,14.411,
1996-02-29,14.531,14.531,14.531,14.531,
1996-03-01,14.77,14.77,14.77,14.77,
1996-03-04,15.37,15.37,15.37,15.37,
1996-03-05,15.519,15.519,15.519,15.519,
1996-03-06,15.579,15.579,15.579,15.579,
1996-03-07,16.148,16.148,16.148,16.148,
1996-03-08,15.699,15.699,15.699,15.699,
1996-03-11,15.34,15.34,15.34,15.34,
1996-03-12,15.22,15.22,15.22,15.22,
1996-03-13,14.92,14.92,14.92,14.92,
1996-03-14,14.77,14.77,14.77,14.77,
1996-03-15,14.591,14.591,14.591,14.591,
1996-03-18,14.291,14.291,14.291,14.291,
1996-03-19,14.351,14.351,14.351,14.351,
1996-03-20,14.86,14.86,14.86,14.86,
1996-03-21,15.969,15.969,15.969,15.969,
1996-03-22,15.549,15.549,15.549,15.549,
1996-03-25,15.879,15.879,15.879,15.879,
1996-03-26,16.059,16.059,16.059,16.059,
1996-03-27,15.669,15.669,15.669,15.669,
1996-03-28,15.669,15.669,15.669,15.669,
1996-03-29,15.579,15.579,15.579,15.579,
1996-04-01,15.669,15.669,15.669,15.669,
1996-04-02,15.909,15.909,15.909,15.909,
1996-04-03,15.639,15.639,15.639,15.639,
1996-04-04,15.489,15.489,15.489,15.489,
1996-04-08,15.1,15.1,15.1,15.1,
1996-04-09,15.1,15.1,15.1,15.1,
1996-04-10,14.621,14.621,14.621,14.621,
1996-04-11,14.471,14.471,14.471,14.471,
1996-04-12,14.77,14.77,14.77,14.77,
1996-04-15,14.471,14.471,14.471,14.471,
1996-04-16,14.141,14.141,14.141,14.141,
1996-04-17,13.542,13.542,13.542,13.542,
1996-04-18,14.111,14.111,14.111,14.111,
1996-04-19,14.561,14.561,14.561,14.561,
1996-04-22,14.021,14.021,14.021,14.021,
1996-04-23,13.752,13.752,13.752,13.752,
1996-04-24,13.302,13.302,13.302,13.302,
1996-04-25,13.572,13.572,13.572,13.572,
1996-04-26,13.931,13.931,13.931,13.931,
1996-04-29,14.081,14.081,14.081,14.081,
1996-04-30,14.171,14.171,14.171,14.171,
1996-05-01,13.842,13.842,13.842,13.842,
1996-05-02,13.422,13.422,13.422,13.422,
1996-05-03,13.272,13.272,13.272,13.272,
1996-05-06,13.152,13.152,13.152,13.152,
1996-05-07,13.152,13.152,13.152,13.152,
1996-05-08,13.452,13.452,13.452,13.452,
1996-05-09,13.272,13.272,13.272,13.272,
1996-05-10,13.512,13.512,13.512,13.512,
1996-05-13,13.474,13.474,13.474,13.474,
1996-05-14,13.534,13.534,13.534,13.534,
1996-05-15,13.594,13.594,13.594,13.594,
1996-05-16,14.167,14.167,14.167,14.167,
1996-05-17,14.258,14.258,14.258,14.258,
1996-05-20,14.469,14.469,14.469,14.469,
1996-05-21,14.227,14.227,14.227,14.227,
1996-05-22,14.408,14.408,14.408,14.408,
1996-05-23,14.74,14.74,14.74,14.74,
1996-05-24,15.132,15.132,15.132,15.132,
1996-05-28,14.8,14.8,14.8,14.8,
1996-05-29,15.071,15.071,15.071,15.071,
1996-05-30,15.433,15.433,15.433,15.433,
1996-05-31,15.493,15.493,15.493,15.493,
1996-06-03,15.765,15.765,15.765,15.765,
1996-06-04,15.765,15.765,15.765,15.765,
1996-06-05,15.976,15.976,15.976,15.976,
1996-06-06,15.946,15.946,15.946,15.946,
1996-06-07,16.217,16.217,16.217,16.217,
1996-06-10,16.066,16.066,16.066,16.066,
1996-06-11,15.915,15.915,15.915,15.915,
1996-06-12,15.493,15.493,15.493,15.493,
1996-06-13,15.373,15.373,15.373,15.373,
1996-06-14,15.313,15.313,15.313,15.313,
1996-06-17,15.132,15.132,15.132,15.132,
1996-06-18,14.83,14.83,14.83,14.83,
1996-06-19,15.102,15.102,15.102,15.102,
1996-06-20,15.493,15.493,15.493,15.493,
1996-06-21,15.885,15.885,15.885,15.885,
1996-06-24,15.614,15.614,15.614,15.614,
1996-06-25,15.915,15.915,15.915,15.915,
1996-06-26,15.795,15.795,15.795,15.795,
1996-06-27,15.855,15.855,15.855,15.855,
1996-06-28,15.674,15.674,15.674,15.674,
1996-07-01,15.644,15.644,15.644,15.644,
1996-07-02,15.614,15.614,15.614,15.614,
1996-07-03,15.795,15.795,15.795,15.795,
1996-07-05,15.313,15.313,15.313,15.313,
1996-07-08,15.222,15.222,15.222,15.222,
1996-07-09,14.921,14.921,14.921,14.921,
1996-07-10,14.74,14.74,14.74,14.74,
1996-07-11,14.589,14.589,14.589,14.589,
1996-07-12,14.649,14.649,14.649,14.649,
1996-07-15,14.348,14.348,14.348,14.348,
1996-07-16,13.745,13.745,13.745,13.745,
1996-07-17,13.504,13.504,13.504,13.504,
1996-07-18,14.077,14.077,14.077,14.077,
1996-07-19,13.836,13.836,13.836,13.836,
1996-07-22,14.016,14.016,14.016,14.016,
1996-07-23,13.625,13.625,13.625,13.625,
1996-07-24,13.745,13.745,13.745,13.745,
1996-07-25,13.594,13.594,13.594,13.594,
1996-07-26,13.564,13.564,13.564,13.564,
1996-07-29,13.203,13.203,13.203,13.203,
1996-07-30,13.142,13.142,13.142,13.142,
1996-07-31,13.504,13.504,13.504,13.504,
1996-08-01,13.986,13.986,13.986,13.986,
1996-08-02,13.986,13.986,13.986,13.986,
1996-08-05,14.077,14.077,14.077,14.077,
1996-08-06,14.137,14.137,14.137,14.137,
1996-08-07,13.956,13.956,13.956,13.956,
1996-08-08,14.077,14.077,14.077,14.077,
1996-08-09,13.926,13.926,13.926,13.926,
1996-08-12,13.926,13.926,13.926,13.926,
1996-08-13,14.312,14.312,14.312,14.312,
1996-08-14,14.1,14.1,14.1,14.1,
1996-08-15,14.191,14.191,14.191,14.191,
1996-08-16,14.1,14.1,14.1,14.1,
1996-08-19,14.221,14.221,14.221,14.221,
1996-08-20,14.13,14.13,14.13,14.13,
1996-08-21,14.403,14.403,14.403,14.403,
1996-08-22,14.494,14.494,14.494,14.494,
1996-08-23,14.403,14.403,14.403,14.403,
1996-08-26,14.373,14.373,14.373,14.373,
1996-08-27,14.524,14.524,14.524,14.524,
1996-08-28,14.373,14.373,14.373,14.373,
1996-08-29,14.13,14.13,14.13,14.13,
1996-08-30,13.888,13.888,13.888,13.888,
1996-09-03,14.494,14.494,14.494,14.494,
1996-09-04,14.312,14.312,14.312,14.312,
1996-09-05,13.979,13.979,13.979,13.979,
1996-09-06,14.312,14.312,14.312,14.312,
1996-09-09,14.343,14.343,14.343,14.343,
1996-09-10,14.373,14.373,14.373,14.373,
1996-09-11,14.615,14.615,14.615,14.615,
1996-09-12,14.737,14.737,14.737,14.737,
1996-09-13,15.07,15.07,15.07,15.07,
1996-09-16,15.192,15.192,15.192,15.192,
1996-09-17,14.949,14.949,14.949,14.949,
1996-09-18,15.07,15.07,15.07,15.07,
1996-09-19,15.495,15.495,15.495,15.495,
1996-09-20,15.404,15.404,15.404,15.404,
1996-09-23,15.525,15.525,15.525,15.525,
1996-09-24,15.525,15.525,15.525,15.525,
1996-09-25,15.283,15.283,15.283,15.283,
1996-09-26,15.525,15.525,15.525,15.525,
1996-09-27,15.737,15.737,15.737,15.737,
1996-09-30,15.646,15.646,15.646,15.646,
1996-10-01,15.768,15.768,15.768,15.768,
1996-10-02,15.859,15.859,15.859,15.859,
1996-10-03,15.98,15.98,15.98,15.98,
1996-10-04,16.192,16.192,16.192,16.192,
1996-10-07,16.01,16.01,16.01,16.01,
1996-10-08,16.071,16.071,16.071,16.071,
1996-10-09,15.98,15.98,15.98,15.98,
1996-10-10,15.828,15.828,15.828,15.828,
1996-10-11,16.041,16.041,16.041,16.041,
1996-10-14,16.253,16.253,16.253,16.253,
1996-10-15,16.465,16.465,16.465,16.465,
1996-10-16,16.192,16.192,16.192,16.192,
1996-10-17,16.374,16.374,16.374,16.374,
1996-10-18,16.647,16.647,16.647,16.647,
1996-10-21,16.677,16.677,16.677,16.677,
1996-10-22,16.799,16.799,16.799,16.799,
1996-10-23,17.344,17.344,17.344,17.344,
1996-10-24,17.405,17.405,17.405,17.405,
1996-10-25,16.92,16.92,16.92,16.92,
1996-10-28,16.526,16.526,16.526,16.526,
1996-10-29,17.072,17.072,17.072,17.072,
1996-10-30,16.708,16.708,16.708,16.708,
1996-10-31,17.102,17.102,17.102,17.102,
1996-11-01,17.163,17.163,17.163,17.163,
1996-11-04,17.344,17.344,17.344,17.344,
1996-11-05,17.89,17.89,17.89,17.89,
1996-11-06,18.709,18.709,18.709,18.709,
1996-11-07,18.588,18.588,18.588,18.588,
1996-11-08,18.861,18.861,18.861,18.861,
1996-11-11,18.739,18.739,18.739,18.739,
1996-11-12,18.284,18.284,18.284,18.284,
1996-11-13,18.429,18.429,18.429,18.429,
1996-11-14,18.276,18.276,18.276,18.276,
1996-11-15,18.246,18.246,18.246,18.246,
1996-11-18,18.246,18.246,18.246,18.246,
1996-11-19,18.094,18.094,18.094,18.094,
1996-11-20,17.911,17.911,17.911,17.911,
1996-11-21,18.124,18.124,18.124,18.124,
1996-11-22,18.276,18.276,18.276,18.276,
1996-11-25,19.007,19.007,19.007,19.007,
1996-11-26,18.642,18.642,18.642,18.642,
1996-11-27,18.52,18.52,18.52,18.52,
1996-11-29,18.642,18.642,18.642,18.642,
1996-12-02,18.185,18.185,18.185,18.185,
1996-12-03,18.49,18.49,18.49,18.49,
1996-12-04,18.216,18.216,18.216,18.216,
1996-12-05,17.789,17.789,17.789,17.789,
1996-12-06,17.911,17.911,17.911,17.911,
1996-12-09,18.063,18.063,18.063,18.063,
1996-12-10,18.246,18.246,18.246,18.246,
1996-12-11,18.429,18.429,18.429,18.429,
1996-12-12,18.155,18.155,18.155,18.155,
1996-12-13,18.094,18.094,18.094,18.094,
1996-12-16,18.033,18.033,18.033,18.033,
1996-12-17,17.972,17.972,17.972,17.972,
1996-12-18,18.307,18.307,18.307,18.307,
1996-12-19,19.312,19.312,19.312,19.312,
1996-12-20,18.794,18.794,18.794,18.794,
1996-12-23,18.49,18.49,18.49,18.49,
1996-12-24,18.52,18.52,18.52,18.52,
1996-12-26,18.459,18.459,18.459,18.459,
1996-12-27,18.368,18.368,18.368,18.368,
1996-12-30,18.276,18.276,18.276,18.276,
1996-12-31,17.789,17.789,17.789,17.789,
1997-01-02,17.667,17.667,17.667,17.667,
1997-01-03,18.337,18.337,18.337,18.337,
1997-01-06,18.368,18.368,18.368,18.368,
1997-01-07,18.581,18.581,18.581,18.581,
1997-01-08,18.246,18.246,18.246,18.246,
1997-01-09,18.429,18.429,18.429,18.429,
1997-01-10,18.611,18.611,18.611,18.611,
1997-01-13,18.916,18.916,18.916,18.916,
1997-01-14,19.343,19.343,19.343,19.343,
1997-01-15,19.373,19.373,19.373,19.373,
1997-01-16,19.525,19.525,19.525,19.525,
1997-01-17,19.921,19.921,19.921,19.921,
1997-01-20,19.891,19.891,19.891,19.891,
1997-01-21,20.317,20.317,20.317,20.317,
1997-01-22,20.561,20.561,20.561,20.561,
1997-01-23,20.013,20.013,20.013,20.013,
1997-01-24,20.135,20.135,20.135,20.135,
1997-01-27,19.586,19.586,19.586,19.586,
1997-01-28,20.043,20.043,20.043,20.043,
1997-01-29,19.982,19.982,19.982,19.982,
1997-01-30,21.17,21.17,21.17,21.17,
1997-01-31,21.231,21.231,21.231,21.231,
1997-02-03,21.353,21.353,21.353,21.353,
1997-02-04,21.292,21.292,21.292,21.292,
1997-02-05,21.231,21.231,21.231,21.231,
1997-02-06,21.17,21.17,21.17,21.17,
1997-02-07,21.688,21.688,21.688,21.688,
1997-02-10,21.627,21.627,21.627,21.627,
1997-02-11,21.779,21.779,21.779,21.779,
1997-02-12,22.143,22.143,22.143,22.143,
1997-02-13,22.632,22.632,22.632,22.632,
1997-02-14,22.693,22.693,22.693,22.693,
1997-02-18,22.663,22.663,22.663,22.663,
1997-02-19,22.969,22.969,22.969,22.969,
1997-02-20,22.785,22.785,22.785,22.785,
1997-02-21,22.693,22.693,22.693,22.693,
1997-02-24,23.091,23.091,23.091,23.091,
1997-02-25,22.907,22.907,22.907,22.907,
1997-02-26,22.449,22.449,22.449,22.449,
1997-02-27,21.409,21.409,21.409,21.409,
1997-02-28,21.378,21.378,21.378,21.378,
1997-03-03,21.806,21.806,21.806,21.806,
1997-03-04,21.042,21.042,21.042,21.042,
1997-03-05,21.806,21.806,21.806,21.806,
1997-03-06,21.164,21.164,21.164,21.164,
1997-03-07,21.776,21.776,21.776,21.776,
1997-03-10,22.387,22.387,22.387,22.387,
1997-03-11,21.715,21.715,21.715,21.715,
1997-03-12,21.133,21.133,21.133,21.133,
1997-03-13,20.797,20.797,20.797,20.797,
1997-03-14,20.399,20.399,20.399,20.399,
1997-03-17,21.133,21.133,21.133,21.133,
1997-03-18,20.828,20.828,20.828,20.828,
1997-03-19,21.195,21.195,21.195,21.195,
1997-03-20,21.042,21.042,21.042,21.042,
1997-03-21,20.797,20.797,20.797,20.797,
1997-03-24,21.225,21.225,21.225,21.225,
1997-03-25,21.837,21.837,21.837,21.837,
1997-03-26,22.173,22.173,22.173,22.173,
1997-03-27,21.47,21.47,21.47,21.47,
1997-03-31,20.124,20.124,20.124,20.124,
1997-04-01,20.522,20.522,20.522,20.522,
1997-04-02,19.91,19.91,19.91,19.91,
1997-04-03,20.308,20.308,20.308,20.308,
1997-04-04,20.399,20.399,20.399,20.399,
1997-04-07,20.583,20.583,20.583,20.583,
1997-04-08,20.185,20.185,20.185,20.185,
1997-04-09,19.543,19.543,19.543,19.543,
1997-04-10,19.451,19.451,19.451,19.451,
1997-04-11,19.115,19.115,19.115,19.115,
1997-04-14,19.757,19.757,19.757,19.757,
1997-04-15,20.461,20.461,20.461,20.461,
1997-04-16,21.133,21.133,21.133,21.133,
1997-04-17,20.889,20.889,20.889,20.889,
1997-04-18,20.797,20.797,20.797,20.797,
1997-04-21,20.828,20.828,20.828,20.828,
1997-04-22,20.797,20.797,20.797,20.797,
1997-04-23,21.011,21.011,21.011,21.011,
1997-04-24,20.95,20.95,20.95,20.95,
1997-04-25,20.614,20.614,20.614,20.614,
1997-04-28,20.552,20.552,20.552,20.552,
1997-04-29,21.439,21.439,21.439,21.439,
1997-04-30,21.5,21.5,21.5,21.5,
1997-05-01,21.164,21.164,21.164,21.164,
1997-05-02,21.623,21.623,21.623,21.623,
1997-05-05,22.51,22.51,22.51,22.51,
1997-05-06,22.112,22.112,22.112,22.112,
1997-05-07,21.409,21.409,21.409,21.409,
1997-05-08,21.623,21.623,21.623,21.623,
1997-05-09,22.02,22.02,22.02,22.02,
1997-05-12,22.754,22.754,22.754,22.754,
1997-05-13,22.812,22.812,22.812,22.812,
1997-05-14,22.751,22.751,22.751,22.751,
1997-05-15,22.966,22.966,22.966,22.966,
1997-05-16,22.229,22.229,22.229,22.229,
1997-05-19,22.137,22.137,22.137,22.137,
1997-05-20,22.72,22.72,22.72,22.72,
1997-05-21,22.781,22.781,22.781,22.781,
1997-05-22,22.352,22.352,22.352,22.352,
1997-05-23,22.843,22.843,22.843,22.843,
1997-05-27,22.751,22.751,22.751,22.751,
1997-05-28,22.536,22.536,22.536,22.536,
1997-05-29,22.413,22.413,22.413,22.413,
1997-05-30,22.843,22.843,22.843,22.843,
1997-06-02,22.505,22.505,22.505,22.505,
1997-06-03,22.659,22.659,22.659,22.659,
1997-06-04,22.935,22.935,22.935,22.935,
1997-06-05,22.874,22.874,22.874,22.874,
1997-06-06,23.856,23.856,23.856,23.856,
1997-06-09,24.624,24.624,24.624,24.624,
1997-06-10,24.562,24.562,24.562,24.562,
1997-06-11,25.023,25.023,25.023,25.023,
1997-06-12,25.76,25.76,25.76,25.76,
1997-06-13,26.282,26.282,26.282,26.282,
1997-06-16,25.882,25.882,25.882,25.882,
1997-06-17,25.913,25.913,25.913,25.913,
1997-06-18,25.514,25.514,25.514,25.514,
1997-06-19,26.558,26.558,26.558,26.558,
1997-06-20,27.111,27.111,27.111,27.111,
1997-06-23,26.036,26.036,26.036,26.036,
1997-06-24,27.003,27.003,27.003,27.003,
1997-06-25,26.834,26.834,26.834,26.834,
1997-06-26,26.512,26.512,26.512,26.512,
1997-06-27,26.957,26.957,26.957,26.957,
1997-06-30,26.85,26.85,26.85,26.85,
1997-07-01,27.233,27.233,27.233,27.233,
1997-07-02,26.926,26.926,26.926,26.926,
1997-07-03,27.372,27.372,27.372,27.372,
1997-07-07,27.479,27.479,27.479,27.479,
1997-07-08,27.924,27.924,27.924,27.924,
1997-07-09,27.31,27.31,27.31,27.31,
1997-07-10,28.032,28.032,28.032,28.032,
1997-07-11,28.185,28.185,28.185,28.185,
1997-07-14,28.523,28.523,28.523,28.523,
1997-07-15,28.661,28.661,28.661,28.661,
1997-07-16,27.878,27.878,27.878,27.878,
1997-07-17,28.001,28.001,28.001,28.001,
1997-07-18,26.865,26.865,26.865,26.865,
1997-07-21,27.325,27.325,27.325,27.325,
1997-07-22,27.909,27.909,27.909,27.909,
1997-07-23,28.477,28.477,28.477,28.477,
1997-07-24,28.523,28.523,28.523,28.523,
1997-07-25,27.74,27.74,27.74,27.74,
1997-07-28,27.233,27.233,27.233,27.233,
1997-07-29,27.586,27.586,27.586,27.586,
1997-07-30,27.494,27.494,27.494,27.494,
1997-07-31,27.755,27.755,27.755,27.755,
1997-08-01,27.341,27.341,27.341,27.341,
1997-08-04,28.339,28.339,28.339,28.339,
1997-08-05,28.415,28.415,28.415,28.415,
1997-08-06,28.461,28.461,28.461,28.461,
1997-08-07,27.955,27.955,27.955,27.955,
1997-08-08,27.679,27.679,27.679,27.679,
1997-08-11,26.696,26.696,26.696,26.696,
1997-08-12,26.282,26.282,26.282,26.282,
1997-08-13,25.754,25.754,25.754,25.754,
1997-08-14,25.924,25.924,25.924,25.924,
1997-08-15,24.892,24.892,24.892,24.892,
1997-08-18,25.415,25.415,25.415,25.415,
1997-08-19,26.185,26.185,26.185,26.185,
1997-08-20,27.726,27.726,27.726,27.726,
1997-08-21,27.156,27.156,27.156,27.156,
1997-08-22,27.11,27.11,27.11,27.11,
1997-08-25,26.494,26.494,26.494,26.494,
1997-08-26,25.816,25.816,25.816,25.816,
1997-08-27,25.97,25.97,25.97,25.97,
1997-08-28,25.338,25.338,25.338,25.338,
1997-08-29,25.785,25.785,25.785,25.785,
1997-09-02,26.786,26.786,26.786,26.786,
1997-09-03,26.001,26.001,26.001,26.001,
1997-09-04,26.617,26.617,26.617,26.617,
1997-09-05,26.586,26.586,26.586,26.586,
1997-09-08,26.401,26.401,26.401,26.401,
1997-09-09,26.139,26.139,26.139,26.139,
1997-09-10,25.924,25.924,25.924,25.924,
1997-09-11,25.646,25.646,25.646,25.646,
1997-09-12,26.725,26.725,26.725,26.725,
1997-09-15,27.449,27.449,27.449,27.449,
1997-09-16,27.957,27.957,27.957,27.957,
1997-09-17,27.757,27.757,27.757,27.757,
1997-09-18,27.741,27.741,27.741,27.741,
1997-09-19,28.604,28.604,28.604,28.604,
1997-09-22,29.728,29.728,29.728,29.728,
1997-09-23,29.79,29.79,29.79,29.79,
1997-09-24,29.513,29.513,29.513,29.513,
1997-09-25,29.328,29.328,29.328,29.328,
1997-09-26,29.636,29.636,29.636,29.636,
1997-09-29,30.437,30.437,30.437,30.437,
1997-09-30,29.821,29.821,29.821,29.821,
1997-10-01,29.851,29.851,29.851,29.851,
1997-10-02,30.344,30.344,30.344,30.344,
1997-10-03,30.837,30.837,30.837,30.837,
1997-10-06,31.361,31.361,31.361,31.361,
1997-10-07,32.439,32.439,32.439,32.439,
1997-10-08,32.131,32.131,32.131,32.131,
1997-10-09,31.607,31.607,31.607,31.607,
1997-10-10,31.022,31.022,31.022,31.022,
1997-10-13,30.745,30.745,30.745,30.745,
1997-10-14,31.5,31.5,31.5,31.5,
1997-10-15,31.469,31.469,31.469,31.469,
1997-10-16,31.268,31.268,31.268,31.268,
1997-10-17,30.93,30.93,30.93,30.93,
1997-10-20,31.854,31.854,31.854,31.854,
1997-10-21,32.809,32.809,32.809,32.809,
1997-10-22,33.363,33.363,33.363,33.363,
1997-10-23,33.887,33.887,33.887,33.887,
1997-10-24,34.103,34.103,34.103,34.103,
1997-10-27,30.806,30.806,30.806,30.806,
1997-10-28,33.764,33.764,33.764,33.764,
1997-10-29,33.394,33.394,33.394,33.394,
1997-10-30,32.532,32.532,32.532,32.532,
1997-10-31,33.055,33.055,33.055,33.055,
1997-11-03,33.024,33.024,33.024,33.024,
1997-11-04,32.655,32.655,32.655,32.655,
1997-11-05,33.086,33.086,33.086,33.086,
1997-11-06,32.778,32.778,32.778,32.778,
1997-11-07,32.285,32.285,32.285,32.285,
1997-11-10,32.1,32.1,32.1,32.1,
1997-11-11,32.1,32.1,32.1,32.1,
1997-11-12,31.21,31.21,31.21,31.21,
1997-11-13,31.458,31.458,31.458,31.458,
1997-11-14,33.064,33.064,33.064,33.064,
1997-11-17,33.281,33.281,33.281,33.281,
1997-11-18,32.755,32.755,32.755,32.755,
1997-11-19,31.643,31.643,31.643,31.643,
1997-11-20,32.076,32.076,32.076,32.076,
1997-11-21,32.137,32.137,32.137,32.137,
1997-11-24,30.901,30.901,30.901,30.901,
1997-11-25,30.654,30.654,30.654,30.654,
1997-11-26,30.778,30.778,30.778,30.778,
1997-11-28,31.149,31.149,31.149,31.149,
1997-12-01,32.354,32.354,32.354,32.354,
1997-12-02,32.199,32.199,32.199,32.199,
1997-12-03,32.199,32.199,32.199,32.199,
1997-12-04,32.23,32.23,32.23,32.23,
1997-12-05,31.458,31.458,31.458,31.458,
1997-12-08,31.767,31.767,31.767,31.767,
1997-12-09,31.334,31.334,31.334,31.334,
1997-12-10,31.303,31.303,31.303,31.303,
1997-12-11,31.458,31.458,31.458,31.458,
1997-12-12,31.396,31.396,31.396,31.396,
1997-12-15,32.076,32.076,32.076,32.076,
1997-12-16,33.064,33.064,33.064,33.064,
1997-12-17,33.188,33.188,33.188,33.188,
1997-12-18,33.25,33.25,33.25,33.25,
1997-12-19,32.817,32.817,32.817,32.817,
1997-12-22,33.033,33.033,33.033,33.033,
1997-12-23,33.682,33.682,33.682,33.682,
1997-12-24,33.25,33.25,33.25,33.25,
1997-12-26,33.528,33.528,33.528,33.528,
1997-12-29,34.517,34.517,34.517,34.517,
1997-12-30,34.579,34.579,34.579,34.579,
1997-12-31,34.424,34.424,34.424,34.424,
1998-01-02,34.084,34.084,34.084,34.084,
1998-01-05,35.567,35.567,35.567,35.567,
1998-01-06,34.949,34.949,34.949,34.949,
1998-01-07,34.27,34.27,34.27,34.27,
1998-01-08,33.868,33.868,33.868,33.868,
1998-01-09,32.941,32.941,32.941,32.941,
1998-01-12,33.744,33.744,33.744,33.744,
1998-01-13,33.59,33.59,33.59,33.59,
1998-01-14,33.806,33.806,33.806,33.806,
1998-01-15,33.126,33.126,33.126,33.126,
1998-01-16,33.126,33.126,33.126,33.126,
1998-01-20,34.424,34.424,34.424,34.424,
1998-01-21,34.27,34.27,34.27,34.27,
1998-01-22,33.559,33.559,33.559,33.559,
1998-01-23,33.064,33.064,33.064,33.064,
1998-01-26,32.786,32.786,32.786,32.786,
1998-01-27,32.817,32.817,32.817,32.817,
1998-01-28,33.682,33.682,33.682,33.682,
1998-01-29,33.59,33.59,33.59,33.59,
1998-01-30,33.435,33.435,33.435,33.435,
1998-02-02,34.3,34.3,34.3,34.3,
1998-02-03,33.991,33.991,33.991,33.991,
1998-02-04,33.806,33.806,33.806,33.806,
1998-02-05,32.972,32.972,32.972,32.972,
1998-02-06,33.003,33.003,33.003,33.003,
1998-02-09,32.137,32.137,32.137,32.137,
1998-02-10,31.396,31.396,31.396,31.396,
1998-02-11,32.797,32.797,32.797,32.797,
1998-02-12,32.084,32.084,32.084,32.084,
1998-02-13,31.588,31.588,31.588,31.588,
1998-02-17,30.627,30.627,30.627,30.627,
1998-02-18,29.759,29.759,29.759,29.759,
1998-02-19,29.976,29.976,29.976,29.976,
1998-02-20,30.565,30.565,30.565,30.565,
1998-02-23,32.146,32.146,32.146,32.146,
1998-02-24,31.712,31.712,31.712,31.712,
1998-02-25,32.425,32.425,32.425,32.425,
1998-02-26,32.456,32.456,32.456,32.456,
1998-02-27,32.642,32.642,32.642,32.642,
1998-03-02,32.239,32.239,32.239,32.239,
1998-03-03,31.929,31.929,31.929,31.929,
1998-03-04,31.123,31.123,31.123,31.123,
1998-03-05,31.929,31.929,31.929,31.929,
1998-03-06,32.797,32.797,32.797,32.797,
1998-03-09,32.053,32.053,32.053,32.053,
1998-03-10,32.952,32.952,32.952,32.952,
1998-03-11,32.921,32.921,32.921,32.921,
1998-03-12,32.518,32.518,32.518,32.518,
1998-03-13,32.487,32.487,32.487,32.487,
1998-03-16,33.448,33.448,33.448,33.448,
1998-03-17,32.797,32.797,32.797,32.797,
1998-03-18,32.518,32.518,32.518,32.518,
1998-03-19,32.828,32.828,32.828,32.828,
1998-03-20,32.363,32.363,32.363,32.363,
1998-03-23,31.495,31.495,31.495,31.495,
1998-03-24,30.999,30.999,30.999,30.999,
1998-03-25,30.379,30.379,30.379,30.379,
1998-03-26,30.069,30.069,30.069,30.069,
1998-03-27,29.852,29.852,29.852,29.852,
1998-03-30,28.891,28.891,28.891,28.891,
1998-03-31,29.573,29.573,29.573,29.573,
1998-04-01,29.48,29.48,29.48,29.48,
1998-04-02,29.635,29.635,29.635,29.635,
1998-04-03,29.046,29.046,29.046,29.046,
1998-04-06,30.317,30.317,30.317,30.317,
1998-04-07,31.681,31.681,31.681,31.681,
1998-04-08,32.239,32.239,32.239,32.239,
1998-04-09,31.712,31.712,31.712,31.712,
1998-04-13,31.557,31.557,31.557,31.557,
1998-04-14,31.898,31.898,31.898,31.898,
1998-04-15,32.115,32.115,32.115,32.115,
1998-04-16,31.371,31.371,31.371,31.371,
1998-04-17,33.913,33.913,33.913,33.913,
1998-04-20,35.804,35.804,35.804,35.804,
1998-04-21,35.804,35.804,35.804,35.804,
1998-04-22,35.432,35.432,35.432,35.432,
1998-04-23,34.967,34.967,34.967,34.967,
1998-04-24,34.719,34.719,34.719,34.719,
1998-04-27,33.541,33.541,33.541,33.541,
1998-04-28,34.161,34.161,34.161,34.161,
1998-04-29,33.975,33.975,33.975,33.975,
1998-04-30,34.502,34.502,34.502,34.502,
1998-05-01,32.89,32.89,32.89,32.89,
1998-05-04,33.231,33.231,33.231,33.231,
1998-05-05,32.89,32.89,32.89,32.89,
1998-05-06,32.766,32.766,32.766,32.766,
1998-05-07,32.797,32.797,32.797,32.797,
1998-05-08,33.231,33.231,33.231,33.231,
1998-05-11,32.828,32.828,32.828,32.828,
1998-05-12,33.014,33.014,33.014,33.014,
1998-05-13,34.139,34.139,34.139,34.139,
1998-05-14,33.828,33.828,33.828,33.828,
1998-05-15,34.046,34.046,34.046,34.046,
1998-05-18,34.699,34.699,34.699,34.699,
1998-05-19,33.549,33.549,33.549,33.549,
1998-05-20,33.984,33.984,33.984,33.984,
1998-05-21,33.362,33.362,33.362,33.362,
1998-05-22,32.834,32.834,32.834,32.834,
1998-05-26,31.901,31.901,31.901,31.901,
1998-05-27,32.274,32.274,32.274,32.274,
1998-05-28,31.59,31.59,31.59,31.59,
1998-05-29,30.533,30.533,30.533,30.533,
1998-06-01,30.564,30.564,30.564,30.564,
1998-06-02,30.16,30.16,30.16,30.16,
1998-06-03,30.408,30.408,30.408,30.408,
1998-06-04,30.813,30.813,30.813,30.813,
1998-06-05,31.714,31.714,31.714,31.714,
1998-06-08,31.807,31.807,31.807,31.807,
1998-06-09,31.839,31.839,31.839,31.839,
1998-06-10,31.528,31.528,31.528,31.528,
1998-06-11,30.968,30.968,30.968,30.968,
1998-06-12,31.652,31.652,31.652,31.652,
1998-06-15,31.621,31.621,31.621,31.621,
1998-06-16,31.87,31.87,31.87,31.87,
1998-06-17,32.025,32.025,32.025,32.025,
1998-06-18,32.398,32.398,32.398,32.398,
1998-06-19,33.113,33.113,33.113,33.113,
1998-06-22,32.834,32.834,32.834,32.834,
1998-06-23,32.647,32.647,32.647,32.647,
1998-06-24,33.86,33.86,33.86,33.86,
1998-06-25,33.331,33.331,33.331,33.331,
1998-06-26,34.077,34.077,34.077,34.077,
1998-06-29,33.642,33.642,33.642,33.642,
1998-06-30,32.958,32.958,32.958,32.958,
1998-07-01,32.118,32.118,32.118,32.118,
1998-07-02,32.274,32.274,32.274,32.274,
1998-07-06,32.585,32.585,32.585,32.585,
1998-07-07,33.3,33.3,33.3,33.3,
1998-07-08,33.486,33.486,33.486,33.486,
1998-07-09,33.269,33.269,33.269,33.269,
1998-07-10,32.647,32.647,32.647,32.647,
1998-07-13,32.554,32.554,32.554,32.554,
1998-07-14,32.398,32.398,32.398,32.398,
1998-07-15,31.403,31.403,31.403,31.403,
1998-07-16,32.056,32.056,32.056,32.056,
1998-07-17,33.611,33.611,33.611,33.611,
1998-07-20,34.419,34.419,34.419,34.419,
1998-07-21,34.264,34.264,34.264,34.264,
1998-07-22,34.45,34.45,34.45,34.45,
1998-07-23,32.616,32.616,32.616,32.616,
1998-07-24,33.331,33.331,33.331,33.331,
1998-07-27,33.238,33.238,33.238,33.238,
1998-07-28,32.46,32.46,32.46,32.46,
1998-07-29,33.051,33.051,33.051,33.051,
1998-07-30,34.046,34.046,34.046,34.046,
1998-07-31,33.455,33.455,33.455,33.455,
1998-08-03,33.455,33.455,33.455,33.455,
1998-08-04,32.958,32.958,32.958,32.958,
1998-08-05,33.828,33.828,33.828,33.828,
1998-08-06,33.673,33.673,33.673,33.673,
1998-08-07,33.922,33.922,33.922,33.922,
1998-08-10,33.766,33.766,33.766,33.766,
1998-08-11,33.424,33.424,33.424,33.424,
1998-08-12,34.241,34.241,34.241,34.241,
1998-08-13,34.647,34.647,34.647,34.647,
1998-08-14,34.241,34.241,34.241,34.241,
1998-08-17,34.927,34.927,34.927,34.927,
1998-08-18,36.331,36.331,36.331,36.331,
1998-08-19,37.235,37.235,37.235,37.235,
1998-08-20,36.362,36.362,36.362,36.362,
1998-08-21,37.017,37.017,37.017,37.017,
1998-08-24,37.36,37.36,37.36,37.36,
1998-08-25,37.079,37.079,37.079,37.079,
1998-08-26,38.483,38.483,38.483,38.483,
1998-08-27,36.923,36.923,36.923,36.923,
1998-08-28,36.175,36.175,36.175,36.175,
1998-08-31,32.807,32.807,32.807,32.807,
1998-09-01,34.647,34.647,34.647,34.647,
1998-09-02,34.553,34.553,34.553,34.553,
1998-09-03,36.019,36.019,36.019,36.019,
1998-09-04,35.395,35.395,35.395,35.395,
1998-09-08,37.048,37.048,37.048,37.048,
1998-09-09,36.393,36.393,36.393,36.393,
1998-09-10,36.331,36.331,36.331,36.331,
1998-09-11,37.36,37.36,37.36,37.36,
1998-09-14,38.015,38.015,38.015,38.015,
1998-09-15,38.576,38.576,38.576,38.576,
1998-09-16,38.67,38.67,38.67,38.67,
1998-09-17,37.235,37.235,37.235,37.235,
1998-09-18,37.485,37.485,37.485,37.485,
1998-09-21,38.077,38.077,38.077,38.077,
1998-09-22,39.855,39.855,39.855,39.855,
1998-09-23,40.354,40.354,40.354,40.354,
1998-09-24,38.981,38.981,38.981,38.981,
1998-09-25,39.2,39.2,39.2,39.2,
1998-09-28,39.855,39.855,39.855,39.855,
1998-09-29,39.948,39.948,39.948,39.948,
1998-09-30,39.075,39.075,39.075,39.075,
1998-10-01,38.077,38.077,38.077,38.077,
1998-10-02,38.358,38.358,38.358,38.358,
1998-10-05,39.262,39.262,39.262,39.262,
1998-10-06,38.67,38.67,38.67,38.67,
1998-10-07,35.613,35.613,35.613,35.613,
1998-10-08,35.208,35.208,35.208,35.208,
1998-10-09,36.611,36.611,36.611,36.611,
1998-10-12,36.799,36.799,36.799,36.799,
1998-10-13,36.175,36.175,36.175,36.175,
1998-10-14,36.175,36.175,36.175,36.175,
1998-10-15,37.173,37.173,37.173,37.173,
1998-10-16,37.547,37.547,37.547,37.547,
1998-10-19,37.453,37.453,37.453,37.453,
1998-10-20,37.609,37.609,37.609,37.609,
1998-10-21,38.919,38.919,38.919,38.919,
1998-10-22,39.2,39.2,39.2,39.2,
1998-10-23,38.763,38.763,38.763,38.763,
1998-10-26,38.607,38.607,38.607,38.607,
1998-10-27,38.358,38.358,38.358,38.358,
1998-10-28,38.576,38.576,38.576,38.576,
1998-10-29,40.042,40.042,40.042,40.042,
1998-10-30,40.416,40.416,40.416,40.416,
1998-11-02,40.946,40.946,40.946,40.946,
1998-11-03,40.79,40.79,40.79,40.79,
1998-11-04,40.416,40.416,40.416,40.416,
1998-11-05,42.349,42.349,42.349,42.349,
1998-11-06,43.597,43.597,43.597,43.597,
1998-11-09,42.973,42.973,42.973,42.973,
1998-11-10,42.823,42.823,42.823,42.823,
1998-11-11,42.135,42.135,42.135,42.135,
1998-11-12,42.104,42.104,42.104,42.104,
1998-11-13,41.823,41.823,41.823,41.823,
1998-11-16,41.917,41.917,41.917,41.917,
1998-11-17,41.417,41.417,41.417,41.417,
1998-11-18,42.448,42.448,42.448,42.448,
1998-11-19,43.042,43.042,43.042,43.042,
1998-11-20,43.605,43.605,43.605,43.605,
1998-11-23,44.699,44.699,44.699,44.699,
1998-11-24,44.699,44.699,44.699,44.699,
1998-11-25,45.386,45.386,45.386,45.386,
1998-11-27,45.449,45.449,45.449,45.449,
1998-11-30,44.855,44.855,44.855,44.855,
1998-12-01,45.136,45.136,45.136,45.136,
1998-12-02,44.449,44.449,44.449,44.449,
1998-12-03,41.885,41.885,41.885,41.885,
1998-12-04,43.073,43.073,43.073,43.073,
1998-12-07,43.48,43.48,43.48,43.48,
1998-12-08,43.823,43.823,43.823,43.823,
1998-12-09,44.23,44.23,44.23,44.23,
1998-12-10,43.417,43.417,43.417,43.417,
1998-12-11,44.98,44.98,44.98,44.98,
1998-12-14,43.855,43.855,43.855,43.855,
1998-12-15,44.167,44.167,44.167,44.167,
1998-12-16,44.574,44.574,44.574,44.574,
1998-12-17,44.761,44.761,44.761,44.761,
1998-12-18,43.667,43.667,43.667,43.667,
1998-12-21,42.042,42.042,42.042,42.042,
1998-12-22,42.479,42.479,42.479,42.479,
1998-12-23,42.823,42.823,42.823,42.823,
1998-12-24,42.636,42.636,42.636,42.636,
1998-12-28,43.636,43.636,43.636,43.636,
1998-12-29,45.074,45.074,45.074,45.074,
1998-12-30,45.261,45.261,45.261,45.261,
1998-12-31,44.449,44.449,44.449,44.449,
1999-01-04,43.011,43.011,43.011,43.011,
1999-01-05,42.917,42.917,42.917,42.917,
1999-01-06,42.573,42.573,42.573,42.573,
1999-01-07,41.198,41.198,41.198,41.198,
1999-01-08,39.447,39.447,39.447,39.447,
1999-01-11,38.103,38.103,38.103,38.103,
1999-01-12,38.26,38.26,38.26,38.26,
1999-01-13,40.354,40.354,40.354,40.354,
1999-01-14,40.76,40.76,40.76,40.76,
1999-01-15,40.635,40.635,40.635,40.635,
1999-01-19,39.76,39.76,39.76,39.76,
1999-01-20,41.135,41.135,41.135,41.135,
1999-01-21,38.978,38.978,38.978,38.978,
1999-01-22,40.135,40.135,40.135,40.135,
1999-01-25,43.136,43.136,43.136,43.136,
1999-01-26,44.761,44.761,44.761,44.761,
1999-01-27,45.386,45.386,45.386,45.386,
1999-01-28,46.136,46.136,46.136,46.136,
1999-01-29,46.855,46.855,46.855,46.855,
1999-02-01,46.605,46.605,46.605,46.605,
1999-02-02,45.918,45.918,45.918,45.918,
1999-02-03,46.011,46.011,46.011,46.011,
1999-02-04,45.48,45.48,45.48,45.48,
1999-02-05,44.23,44.23,44.23,44.23,
1999-02-08,43.636,43.636,43.636,43.636,
1999-02-09,43.355,43.355,43.355,43.355,
1999-02-10,43.815,43.815,43.815,43.815,
1999-02-11,45.131,45.131,45.131,45.131,
1999-02-12,45.225,45.225,45.225,45.225,
1999-02-16,44.818,44.818,44.818,44.818,
1999-02-17,44.379,44.379,44.379,44.379,
1999-02-18,46.823,46.823,46.823,46.823,
1999-02-19,46.667,46.667,46.667,46.667,
1999-02-22,47.576,47.576,47.576,47.576,
1999-02-23,48.359,48.359,48.359,48.359,
1999-02-24,46.51,46.51,46.51,46.51,
1999-02-25,46.761,46.761,46.761,46.761,
1999-02-26,47.387,47.387,47.387,47.387,
1999-03-01,47.043,47.043,47.043,47.043,
1999-03-02,46.635,46.635,46.635,46.635,
1999-03-03,46.573,46.573,46.573,46.573,
1999-03-04,47.387,47.387,47.387,47.387,
1999-03-05,48.861,48.861,48.861,48.861,
1999-03-08,48.798,48.798,48.798,48.798,
1999-03-09,47.889,47.889,47.889,47.889,
1999-03-10,46.04,46.04,46.04,46.04,
1999-03-11,46.541,46.541,46.541,46.541,
1999-03-12,47.576,47.576,47.576,47.576,
1999-03-15,48.422,48.422,48.422,48.422,
1999-03-16,47.168,47.168,47.168,47.168,
1999-03-17,44.504,44.504,44.504,44.504,
1999-03-18,44.535,44.535,44.535,44.535,
1999-03-19,43.846,43.846,43.846,43.846,
1999-03-22,42.655,42.655,42.655,42.655,
1999-03-23,42.216,42.216,42.216,42.216,
1999-03-24,42.968,42.968,42.968,42.968,
1999-03-25,43.376,43.376,43.376,43.376,
1999-03-26,42.342,42.342,42.342,42.342,
1999-03-29,43.439,43.439,43.439,43.439,
1999-03-30,44.097,44.097,44.097,44.097,
1999-03-31,42.561,42.561,42.561,42.561,
1999-04-01,43.564,43.564,43.564,43.564,
1999-04-05,43.25,43.25,43.25,43.25,
1999-04-06,43.094,43.094,43.094,43.094,
1999-04-07,42.812,42.812,42.812,42.812,
1999-04-08,44.379,44.379,44.379,44.379,
1999-04-09,45.256,45.256,45.256,45.256,
1999-04-12,45.131,45.131,45.131,45.131,
1999-04-13,43.846,43.846,43.846,43.846,
1999-04-14,41.966,41.966,41.966,41.966,
1999-04-15,40.712,40.712,40.712,40.712,
1999-04-16,41.276,41.276,41.276,41.276,
1999-04-19,36.544,36.544,36.544,36.544,
1999-04-20,36.951,36.951,36.951,36.951,
1999-04-21,38.111,38.111,38.111,38.111,
1999-04-22,37.797,37.797,37.797,37.797,
1999-04-23,37.233,37.233,37.233,37.233,
1999-04-26,38.612,38.612,38.612,38.612,
1999-04-27,39.646,39.646,39.646,39.646,
1999-04-28,38.863,38.863,38.863,38.863,
1999-04-29,37.609,37.609,37.609,37.609,
1999-04-30,36.92,36.92,36.92,36.92,
1999-05-03,38.205,38.205,38.205,38.205,
1999-05-04,37.985,37.985,37.985,37.985,
1999-05-05,37.703,37.703,37.703,37.703,
1999-05-06,38.173,38.173,38.173,38.173,
1999-05-07,37.86,37.86,37.86,37.86,
1999-05-10,36.763,36.763,36.763,36.763,
1999-05-11,38.017,38.017,38.017,38.017,
1999-05-12,38.447,38.447,38.447,38.447,
1999-05-13,39.673,39.673,39.673,39.673,
1999-05-14,38.698,38.698,38.698,38.698,
1999-05-17,39.233,39.233,39.233,39.233,
1999-05-18,38.855,38.855,38.855,38.855,
1999-05-19,38.101,38.101,38.101,38.101,
1999-05-20,37.158,37.158,37.158,37.158,
1999-05-21,35.869,35.869,35.869,35.869,
1999-05-24,35.712,35.712,35.712,35.712,
1999-05-25,34.58,34.58,34.58,34.58,
1999-05-26,33.7,33.7,33.7,33.7,
1999-05-27,34.706,34.706,34.706,34.706,
1999-05-28,35.932,35.932,35.932,35.932,
1999-06-01,35.554,35.554,35.554,35.554,
1999-06-02,35.272,35.272,35.272,35.272,
1999-06-03,36.183,36.183,36.183,36.183,
1999-06-04,37.849,37.849,37.849,37.849,
1999-06-07,36.152,36.152,36.152,36.152,
1999-06-08,36.466,36.466,36.466,36.466,
1999-06-09,36.623,36.623,36.623,36.623,
1999-06-10,35.554,35.554,35.554,35.554,
1999-06-11,35.051,35.051,35.051,35.051,
1999-06-14,34.611,34.611,34.611,34.611,
1999-06-15,34.643,34.643,34.643,34.643,
1999-06-16,35.083,35.083,35.083,35.083,
1999-06-17,35.523,35.523,35.523,35.523,
1999-06-18,34.674,34.674,34.674,34.674,
1999-06-21,34.014,34.014,34.014,34.014,
1999-06-22,33.731,33.731,33.731,33.731,
1999-06-23,32.788,32.788,32.788,32.788,
1999-06-24,33.668,33.668,33.668,33.668,
1999-06-25,33.134,33.134,33.134,33.134,
1999-06-28,32.851,32.851,32.851,32.851,
1999-06-29,34.203,34.203,34.203,34.203,
1999-06-30,36.026,36.026,36.026,36.026,
1999-07-01,37.661,37.661,37.661,37.661,
1999-07-02,37.566,37.566,37.566,37.566,
1999-07-06,37.378,37.378,37.378,37.378,
1999-07-07,37.535,37.535,37.535,37.535,
1999-07-08,37.472,37.472,37.472,37.472,
1999-07-09,37.472,37.472,37.472,37.472,
1999-07-12,37.095,37.095,37.095,37.095,
1999-07-13,36.623,36.623,36.623,36.623,
1999-07-14,37.189,37.189,37.189,37.189,
1999-07-15,38.667,38.667,38.667,38.667,
1999-07-16,38.667,38.667,38.667,38.667,
1999-07-19,38.227,38.227,38.227,38.227,
1999-07-20,37.126,37.126,37.126,37.126,
1999-07-21,36.718,36.718,36.718,36.718,
1999-07-22,36.183,36.183,36.183,36.183,
1999-07-23,34.643,34.643,34.643,34.643,
1999-07-26,34.674,34.674,34.674,34.674,
1999-07-27,34.14,34.14,34.14,34.14,
1999-07-28,34.108,34.108,34.108,34.108,
1999-07-29,33.385,33.385,33.385,33.385,
1999-07-30,33.04,33.04,33.04,33.04,
1999-08-02,32.819,32.819,32.819,32.819,
1999-08-03,32.317,32.317,32.317,32.317,
1999-08-04,31.562,31.562,31.562,31.562,
1999-08-05,31.751,31.751,31.751,31.751,
1999-08-06,31.531,31.531,31.531,31.531,
1999-08-09,32.065,32.065,32.065,32.065,
1999-08-10,31.845,31.845,31.845,31.845,
1999-08-11,31.046,31.046,31.046,31.046,
1999-08-12,31.235,31.235,31.235,31.235,
1999-08-13,31.835,31.835,31.835,31.835,
1999-08-16,32.529,32.529,32.529,32.529,
1999-08-17,33.128,33.128,33.128,33.128,
1999-08-18,33.791,33.791,33.791,33.791,
1999-08-19,33.633,33.633,33.633,33.633,
1999-08-20,34.107,34.107,34.107,34.107,
1999-08-23,35.842,35.842,35.842,35.842,
1999-08-24,36.631,36.631,36.631,36.631,
1999-08-25,38.177,38.177,38.177,38.177,
1999-08-26,37.861,37.861,37.861,37.861,
1999-08-27,37.987,37.987,37.987,37.987,
1999-08-30,38.555,38.555,38.555,38.555,
1999-08-31,37.672,37.672,37.672,37.672,
1999-09-01,38.05,38.05,38.05,38.05,
1999-09-02,37.798,37.798,37.798,37.798,
1999-09-03,38.965,38.965,38.965,38.965,
1999-09-07,37.861,37.861,37.861,37.861,
1999-09-08,37.325,37.325,37.325,37.325,
1999-09-09,37.104,37.104,37.104,37.104,
1999-09-10,36.536,36.536,36.536,36.536,
1999-09-13,36.284,36.284,36.284,36.284,
1999-09-14,35.274,35.274,35.274,35.274,
1999-09-15,34.391,34.391,34.391,34.391,
1999-09-16,34.107,34.107,34.107,34.107,
1999-09-17,33.823,33.823,33.823,33.823,
1999-09-20,33.886,33.886,33.886,33.886,
1999-09-21,33.128,33.128,33.128,33.128,
1999-09-22,33.665,33.665,33.665,33.665,
1999-09-23,32.844,32.844,32.844,32.844,
1999-09-24,32.908,32.908,32.908,32.908,
1999-09-27,31.898,31.898,31.898,31.898,
1999-09-28,31.772,31.772,31.772,31.772,
1999-09-29,31.93,31.93,31.93,31.93,
1999-09-30,32.403,32.403,32.403,32.403,
1999-10-01,34.611,34.611,34.611,34.611,
1999-10-04,35.842,35.842,35.842,35.842,
1999-10-05,34.864,34.864,34.864,34.864,
1999-10-06,35.779,35.779,35.779,35.779,
1999-10-07,35.684,35.684,35.684,35.684,
1999-10-08,37.072,37.072,37.072,37.072,
1999-10-11,36.41,36.41,36.41,36.41,
1999-10-12,35.653,35.653,35.653,35.653,
1999-10-13,35.211,35.211,35.211,35.211,
1999-10-14,34.233,34.233,34.233,34.233,
1999-10-15,33.507,33.507,33.507,33.507,
1999-10-18,33.854,33.854,33.854,33.854,
1999-10-19,35.274,35.274,35.274,35.274,
1999-10-20,33.128,33.128,33.128,33.128,
1999-10-21,34.422,34.422,34.422,34.422,
1999-10-22,34.611,34.611,34.611,34.611,
1999-10-25,34.548,34.548,34.548,34.548,
1999-10-26,33.728,33.728,33.728,33.728,
1999-10-27,33.886,33.886,33.886,33.886,
1999-10-28,34.454,34.454,34.454,34.454,
1999-10-29,34.769,34.769,34.769,34.769,
1999-11-01,34.706,34.706,34.706,34.706,
1999-11-02,34.769,34.769,34.769,34.769,
1999-11-03,36.284,36.284,36.284,36.284,
1999-11-04,38.429,38.429,38.429,38.429,
1999-11-05,38.871,38.871,38.871,38.871,
1999-11-08,37.987,37.987,37.987,37.987,
1999-11-09,37.356,37.356,37.356,37.356,
1999-11-10,38.454,38.454,38.454,38.454,
1999-11-11,38.929,38.929,38.929,38.929,
1999-11-12,39.182,39.182,39.182,39.182,
1999-11-15,37.409,37.409,37.409,37.409,
1999-11-16,38.992,38.992,38.992,38.992,
1999-11-17,38.011,38.011,38.011,38.011,
1999-11-18,37.283,37.283,37.283,37.283,
1999-11-19,36.903,36.903,36.903,36.903,
1999-11-22,38.011,38.011,38.011,38.011,
1999-11-23,37.188,37.188,37.188,37.188,
1999-11-24,37.251,37.251,37.251,37.251,
1999-11-26,36.682,36.682,36.682,36.682,
1999-11-29,38.169,38.169,38.169,38.169,
1999-11-30,36.547,36.547,36.547,36.547,
1999-12-01,36.175,36.175,36.175,36.175,
1999-12-02,36.12,36.12,36.12,36.12,
1999-12-03,36.397,36.397,36.397,36.397,
1999-12-06,35.194,35.194,35.194,35.194,
1999-12-07,33.675,33.675,33.675,33.675,
1999-12-08,33.548,33.548,33.548,33.548,
1999-12-09,33.865,33.865,33.865,33.865,
1999-12-10,33.358,33.358,33.358,33.358,
1999-12-13,32.472,32.472,32.472,32.472,
1999-12-14,33.612,33.612,33.612,33.612,
1999-12-15,34.719,34.719,34.719,34.719,
1999-12-16,33.865,33.865,33.865,33.865,
1999-12-17,33.96,33.96,33.96,33.96,
1999-12-20,32.915,32.915,32.915,32.915,
1999-12-21,33.137,33.137,33.137,33.137,
1999-12-22,33.865,33.865,33.865,33.865,
1999-12-23,34.561,34.561,34.561,34.561,
1999-12-27,35.7,35.7,35.7,35.7,
1999-12-28,34.656,34.656,34.656,34.656,
1999-12-29,34.086,34.086,34.086,34.086,
1999-12-30,34.055,34.055,34.055,34.055,
1999-12-31,33.675,33.675,33.675,33.675,
2000-01-03,33.2,33.2,33.2,33.2,
2000-01-04,32.156,32.156,32.156,32.156,
2000-01-05,32.567,32.567,32.567,32.567,
2000-01-06,33.517,33.517,33.517,33.517,
2000-01-07,35.985,35.985,35.985,35.985,
2000-01-10,34.498,34.498,34.498,34.498,
2000-01-11,34.688,34.688,34.688,34.688,
2000-01-12,34.181,34.181,34.181,34.181,
2000-01-13,33.77,33.77,33.77,33.77,
2000-01-14,34.593,34.593,34.593,34.593,
2000-01-18,34.086,34.086,34.086,34.086,
2000-01-19,34.308,34.308,34.308,34.308,
2000-01-20,33.817,33.817,33.817,33.817,
2000-01-21,32.789,32.789,32.789,32.789,
2000-01-24,31.459,31.459,31.459,31.459,
2000-01-25,31.554,31.554,31.554,31.554,
2000-01-26,31.776,31.776,31.776,31.776,
2000-01-27,32.535,32.535,32.535,32.535,
2000-01-28,33.074,33.074,33.074,33.074,
2000-01-31,33.865,33.865,33.865,33.865,
2000-02-01,33.2,33.2,33.2,33.2,
2000-02-02,32.947,32.947,32.947,32.947,
2000-02-03,33.042,33.042,33.042,33.042,
2000-02-04,32.852,32.852,32.852,32.852,
2000-02-07,32.061,32.061,32.061,32.061,
2000-02-08,32.061,32.061,32.061,32.061,
2000-02-09,31.269,31.269,31.269,31.269,
2000-02-10,31.554,31.554,31.554,31.554,
2000-02-11,31.337,31.337,31.337,31.337,
2000-02-14,30.892,30.892,30.892,30.892,
2000-02-15,31.114,31.114,31.114,31.114,
2000-02-16,31.146,31.146,31.146,31.146,
2000-02-17,30.606,30.606,30.606,30.606,
2000-02-18,29.748,29.748,29.748,29.748,
2000-02-22,30.256,30.256,30.256,30.256,
2000-02-23,30.67,30.67,30.67,30.67,
2000-02-24,29.78,29.78,29.78,29.78,
2000-02-25,28.826,28.826,28.826,28.826,
2000-02-28,29.239,29.239,29.239,29.239,
2000-02-29,30.225,30.225,30.225,30.225,
2000-03-01,29.939,29.939,29.939,29.939,
2000-03-02,29.335,29.335,29.335,29.335,
2000-03-03,29.494,29.494,29.494,29.494,
2000-03-06,29.303,29.303,29.303,29.303,
2000-03-07,27.714,27.714,27.714,27.714,
2000-03-08,28.222,28.222,28.222,28.222,
2000-03-09,30.542,30.542,30.542,30.542,
2000-03-10,31.114,31.114,31.114,31.114,
2000-03-13,30.129,30.129,30.129,30.129,
2000-03-14,29.208,29.208,29.208,29.208,
2000-03-15,31.909,31.909,31.909,31.909,
2000-03-16,32.926,32.926,32.926,32.926,
2000-03-17,31.21,31.21,31.21,31.21,
2000-03-20,30.892,30.892,30.892,30.892,
2000-03-21,31.369,31.369,31.369,31.369,
2000-03-22,32.322,32.322,32.322,32.322,
2000-03-23,32.735,32.735,32.735,32.735,
2000-03-24,31.591,31.591,31.591,31.591,
2000-03-27,30.765,30.765,30.765,30.765,
2000-03-28,30.638,30.638,30.638,30.638,
2000-03-29,31.019,31.019,31.019,31.019,
2000-03-30,30.892,30.892,30.892,30.892,
2000-03-31,31.845,31.845,31.845,31.845,
2000-04-03,33.244,33.244,33.244,33.244,
2000-04-04,35.087,35.087,35.087,35.087,
2000-04-05,34.309,34.309,34.309,34.309,
2000-04-06,33.498,33.498,33.498,33.498,
2000-04-07,32.704,32.704,32.704,32.704,
2000-04-10,32.99,32.99,32.99,32.99,
2000-04-11,34.007,34.007,34.007,34.007,
2000-04-12,33.117,33.117,33.117,33.117,
2000-04-13,35.596,35.596,35.596,35.596,
2000-04-14,34.293,34.293,34.293,34.293,
2000-04-17,35.596,35.596,35.596,35.596,
2000-04-18,37.248,37.248,37.248,37.248,
2000-04-19,38.456,38.456,38.456,38.456,
2000-04-20,38.52,38.52,38.52,38.52,
2000-04-24,39.41,39.41,39.41,39.41,
2000-04-25,39.155,39.155,39.155,39.155,
2000-04-26,39.568,39.568,39.568,39.568,
2000-04-27,39.632,39.632,39.632,39.632,
2000-04-28,39.219,39.219,39.219,39.219,
2000-05-01,39.346,39.346,39.346,39.346,
2000-05-02,39.664,39.664,39.664,39.664,
2000-05-03,40.172,40.172,40.172,40.172,
2000-05-04,40.299,40.299,40.299,40.299,
2000-05-05,40.554,40.554,40.554,40.554,
2000-05-08,40.935,40.935,40.935,40.935,
2000-05-09,40.49,40.49,40.49,40.49,
2000-05-10,39.282,39.282,39.282,39.282,
2000-05-11,38.203,38.203,38.203,38.203,
2000-05-12,38.49,38.49,38.49,38.49,
2000-05-15,39.001,39.001,39.001,39.001,
2000-05-16,38.235,38.235,38.235,38.235,
2000-05-17,37.693,37.693,37.693,37.693,
2000-05-18,37.629,37.629,37.629,37.629,
2000-05-19,38.745,38.745,38.745,38.745,
2000-05-22,38.363,38.363,38.363,38.363,
2000-05-23,38.554,38.554,38.554,38.554,
2000-05-24,39.351,39.351,39.351,39.351,
2000-05-25,40.117,40.117,40.117,40.117,
2000-05-26,40.212,40.212,40.212,40.212,
2000-05-30,39.032,39.032,39.032,39.032,
2000-05-31,38.841,38.841,38.841,38.841,
2000-06-01,39.319,39.319,39.319,39.319,
2000-06-02,37.31,37.31,37.31,37.31,
2000-06-05,36.96,36.96,36.96,36.96,
2000-06-06,37.821,37.821,37.821,37.821,
2000-06-07,38.203,38.203,38.203,38.203,
2000-06-08,38.235,38.235,38.235,38.235,
2000-06-09,38.873,38.873,38.873,38.873,
2000-06-12,39.925,39.925,39.925,39.925,
2000-06-13,41.201,41.201,41.201,41.201,
2000-06-14,42.253,42.253,42.253,42.253,
2000-06-15,42.349,42.349,42.349,42.349,
2000-06-16,43.337,43.337,43.337,43.337,
2000-06-19,44.071,44.071,44.071,44.071,
2000-06-20,44.175,44.175,44.175,44.175,
2000-06-21,44.262,44.262,44.262,44.262,
2000-06-22,43.114,43.114,43.114,43.114,
2000-06-23,43.529,43.529,43.529,43.529,
2000-06-26,44.167,44.167,44.167,44.167,
2000-06-27,43.242,43.242,43.242,43.242,
2000-06-28,44.493,44.493,44.493,44.493,
2000-06-29,51.852,51.852,51.852,51.852,
2000-06-30,50.959,50.959,50.959,50.959,
2000-07-03,50.385,50.385,50.385,50.385,
2000-07-05,53.319,53.319,53.319,53.319,
2000-07-06,51.852,51.852,51.852,51.852,
2000-07-07,51.533,51.533,51.533,51.533,
2000-07-10,53.064,53.064,53.064,53.064,
2000-07-11,52.553,52.553,52.553,52.553,
2000-07-12,50.895,50.895,50.895,50.895,
2000-07-13,48.854,48.854,48.854,48.854,
2000-07-14,48.217,48.217,48.217,48.217,
2000-07-17,50.241,50.241,50.241,50.241,
2000-07-18,51.278,51.278,51.278,51.278,
2000-07-19,50.385,50.385,50.385,50.385,
2000-07-20,49.237,49.237,49.237,49.237,
2000-07-21,49.939,49.939,49.939,49.939,
2000-07-24,51.605,51.605,51.605,51.605,
2000-07-25,51.533,51.533,51.533,51.533,
2000-07-26,50.465,50.465,50.465,50.465,
2000-07-27,50.728,50.728,50.728,50.728,
2000-07-28,52.171,52.171,52.171,52.171,
2000-07-31,53.0,53.0,53.0,53.0,
2000-08-01,54.531,54.531,54.531,54.531,
2000-08-02,54.467,54.467,54.467,54.467,
2000-08-03,55.041,55.041,55.041,55.041,
2000-08-04,54.786,54.786,54.786,54.786,
2000-08-07,54.363,54.363,54.363,54.363,
2000-08-08,55.384,55.384,55.384,55.384,
2000-08-09,39.224,39.224,39.224,39.224,
2000-08-10,39.351,39.351,39.351,39.351,
2000-08-11,39.42,39.42,39.42,39.42,
2000-08-14,39.804,39.804,39.804,39.804,
2000-08-15,39.42,39.42,39.42,39.42,
2000-08-16,39.548,39.548,39.548,39.548,
2000-08-17,40.124,40.124,40.124,40.124,
2000-08-18,39.164,39.164,39.164,39.164,
2000-08-21,39.516,39.516,39.516,39.516,
2000-08-22,38.956,38.956,38.956,38.956,
2000-08-23,39.516,39.516,39.516,39.516,
2000-08-24,38.716,38.716,38.716,38.716,
2000-08-25,38.685,38.685,38.685,38.685,
2000-08-28,38.141,38.141,38.141,38.141,
2000-08-29,37.885,37.885,37.885,37.885,
2000-08-30,38.013,38.013,38.013,38.013,
2000-08-31,37.381,37.381,37.381,37.381,
2000-09-01,37.213,37.213,37.213,37.213,
2000-09-05,35.709,35.709,35.709,35.709,
2000-09-06,34.493,34.493,34.493,34.493,
2000-09-07,35.325,35.325,35.325,35.325,
2000-09-08,35.501,35.501,35.501,35.501,
2000-09-11,35.965,35.965,35.965,35.965,
2000-09-12,36.669,36.669,36.669,36.669,
2000-09-13,38.109,38.109,38.109,38.109,
2000-09-14,37.757,37.757,37.757,37.757,
2000-09-15,37.341,37.341,37.341,37.341,
2000-09-18,38.109,38.109,38.109,38.109,
2000-09-19,38.844,38.844,38.844,38.844,
2000-09-20,37.949,37.949,37.949,37.949,
2000-09-21,39.964,39.964,39.964,39.964,
2000-09-22,41.724,41.724,41.724,41.724,
2000-09-25,42.42,42.42,42.42,42.42,
2000-09-26,42.3,42.3,42.3,42.3,
2000-09-27,41.82,41.82,41.82,41.82,
2000-09-28,42.172,42.172,42.172,42.172,
2000-09-29,41.532,41.532,41.532,41.532,
2000-10-02,41.404,41.404,41.404,41.404,
2000-10-03,41.852,41.852,41.852,41.852,
2000-10-04,42.236,42.236,42.236,42.236,
2000-10-05,43.292,43.292,43.292,43.292,
2000-10-06,42.46,42.46,42.46,42.46,
2000-10-09,42.332,42.332,42.332,42.332,
2000-10-10,43.26,43.26,43.26,43.26,
2000-10-11,44.764,44.764,44.764,44.764,
2000-10-12,44.796,44.796,44.796,44.796,
2000-10-13,44.54,44.54,44.54,44.54,
2000-10-16,45.98,45.98,45.98,45.98,
2000-10-17,45.628,45.628,45.628,45.628,
2000-10-18,45.692,45.692,45.692,45.692,
2000-10-19,45.308,45.308,45.308,45.308,
2000-10-20,44.22,44.22,44.22,44.22,
2000-10-23,45.532,45.532,45.532,45.532,
2000-10-24,44.892,44.892,44.892,44.892,
2000-10-25,45.468,45.468,45.468,45.468,
2000-10-26,44.796,44.796,44.796,44.796,
2000-10-27,44.796,44.796,44.796,44.796,
2000-10-30,45.052,45.052,45.052,45.052,
2000-10-31,45.756,45.756,45.756,45.756,
2000-11-01,46.588,46.588,46.588,46.588,
2000-11-02,45.308,45.308,45.308,45.308,
2000-11-03,45.084,45.084,45.084,45.084,
2000-11-06,45.852,45.852,45.852,45.852,
2000-11-07,44.668,44.668,44.668,44.668,
2000-11-08,46.3,46.3,46.3,46.3,
2000-11-09,45.916,45.916,45.916,45.916,
2000-11-10,46.332,46.332,46.332,46.332,
2000-11-13,44.219,44.219,44.219,44.219,
2000-11-14,45.118,45.118,45.118,45.118,
2000-11-15,45.021,45.021,45.021,45.021,
2000-11-16,44.444,44.444,44.444,44.444,
2000-11-17,45.92,45.92,45.92,45.92,
2000-11-20,45.053,45.053,45.053,45.053,
2000-11-21,46.144,46.144,46.144,46.144,
2000-11-22,44.572,44.572,44.572,44.572,
2000-11-24,43.545,43.545,43.545,43.545,
2000-11-27,45.535,45.535,45.535,45.535,
2000-11-28,47.107,47.107,47.107,47.107,
2000-11-29,48.519,48.519,48.519,48.519,
2000-11-30,48.102,48.102,48.102,48.102,
2000-12-01,46.241,46.241,46.241,46.241,
2000-12-04,46.433,46.433,46.433,46.433,
2000-12-05,46.401,46.401,46.401,46.401,
2000-12-06,46.401,46.401,46.401,46.401,
2000-12-07,47.3,47.3,47.3,47.3,
2000-12-08,47.524,47.524,47.524,47.524,
2000-12-11,47.685,47.685,47.685,47.685,
2000-12-12,47.396,47.396,47.396,47.396,
2000-12-13,46.722,46.722,46.722,46.722,
2000-12-14,46.08,46.08,46.08,46.08,
2000-12-15,45.824,45.824,45.824,45.824,
2000-12-18,45.438,45.438,45.438,45.438,
2000-12-19,45.695,45.695,45.695,45.695,
2000-12-20,46.69,46.69,46.69,46.69,
2000-12-21,46.594,46.594,46.594,46.594,
2000-12-22,45.021,45.021,45.021,45.021,
2000-12-26,46.176,46.176,46.176,46.176,
2000-12-27,45.759,45.759,45.759,45.759,
2000-12-28,47.043,47.043,47.043,47.043,
2000-12-29,47.781,47.781,47.781,47.781,
2001-01-02,46.979,46.979,46.979,46.979,
2001-01-03,44.315,44.315,44.315,44.315,
2001-01-04,41.652,41.652,41.652,41.652,
2001-01-05,41.427,41.427,41.427,41.427,
2001-01-08,41.459,41.459,41.459,41.459,
2001-01-09,43.385,43.385,43.385,43.385,
2001-01-10,42.807,42.807,42.807,42.807,
2001-01-11,41.909,41.909,41.909,41.909,
2001-01-12,41.074,41.074,41.074,41.074,
2001-01-16,42.743,42.743,42.743,42.743,
2001-01-17,41.877,41.877,41.877,41.877,
2001-01-18,41.973,41.973,41.973,41.973,
2001-01-19,41.459,41.459,41.459,41.459,
2001-01-22,41.973,41.973,41.973,41.973,
2001-01-23,42.679,42.679,42.679,42.679,
2001-01-24,42.486,42.486,42.486,42.486,
2001-01-25,42.647,42.647,42.647,42.647,
2001-01-26,42.358,42.358,42.358,42.358,
2001-01-29,41.639,41.639,41.639,41.639,
2001-01-30,40.977,40.977,40.977,40.977,
2001-01-31,40.458,40.458,40.458,40.458,
2001-02-01,41.151,41.151,41.151,41.151,
2001-02-02,42.05,42.05,42.05,42.05,
2001-02-05,41.023,41.023,41.023,41.023,
2001-02-06,39.791,39.791,39.791,39.791,
2001-02-07,40.535,40.535,40.535,40.535,
2001-02-08,41.583,41.583,41.583,41.583,
2001-02-09,41.459,41.459,41.459,41.459,
2001-02-12,41.28,41.28,41.28,41.28,
2001-02-13,41.213,41.213,41.213,41.213,
2001-02-14,39.713,39.713,39.713,39.713,
2001-02-15,38.771,38.771,38.771,38.771,
2001-02-16,37.611,37.611,37.611,37.611,
2001-02-20,37.962,37.962,37.962,37.962,
2001-02-21,38.003,38.003,38.003,38.003,
2001-02-22,38.25,38.25,38.25,38.25,
2001-02-23,39.131,39.131,39.131,39.131,
2001-02-26,39.873,39.873,39.873,39.873,
2001-02-27,40.187,40.187,40.187,40.187,
2001-02-28,40.94,40.94,40.94,40.94,
2001-03-01,40.692,40.692,40.692,40.692,
2001-03-02,40.873,40.873,40.873,40.873,
2001-03-05,40.94,40.94,40.94,40.94,
2001-03-06,40.167,40.167,40.167,40.167,
2001-03-07,39.554,39.554,39.554,39.554,
2001-03-08,39.878,39.878,39.878,39.878,
2001-03-09,40.703,40.703,40.703,40.703,
2001-03-12,40.445,40.445,40.445,40.445,
2001-03-13,40.342,40.342,40.342,40.342,
2001-03-14,39.641,39.641,39.641,39.641,
2001-03-15,39.023,39.023,39.023,39.023,
2001-03-16,38.353,38.353,38.353,38.353,
2001-03-19,39.157,39.157,39.157,39.157,
2001-03-20,39.415,39.415,39.415,39.415,
2001-03-21,38.24,38.24,38.24,38.24,
2001-03-22,37.792,37.792,37.792,37.792,
2001-03-23,37.4,37.4,37.4,37.4,
2001-03-26,38.327,38.327,38.327,38.327,
2001-03-27,39.27,39.27,39.27,39.27,
2001-03-28,39.858,39.858,39.858,39.858,
2001-03-29,39.002,39.002,39.002,39.002,
2001-03-30,39.497,39.497,39.497,39.497,
2001-04-02,38.879,38.879,38.879,38.879,
2001-04-03,38.647,38.647,38.647,38.647,
2001-04-04,39.265,39.265,39.265,39.265,
2001-04-05,39.734,39.734,39.734,39.734,
2001-04-06,39.93,39.93,39.93,39.93,
2001-04-09,40.146,40.146,40.146,40.146,
2001-04-10,40.373,40.373,40.373,40.373,
2001-04-11,39.631,39.631,39.631,39.631,
2001-04-12,39.899,39.899,39.899,39.899,
2001-04-16,40.703,40.703,40.703,40.703,
2001-04-17,41.676,41.676,41.676,41.676,
2001-04-18,41.156,41.156,41.156,41.156,
2001-04-19,41.11,41.11,41.11,41.11,
2001-04-20,41.269,41.269,41.269,41.269,
2001-04-23,41.419,41.419,41.419,41.419,
2001-04-24,40.734,40.734,40.734,40.734,
2001-04-25,41.908,41.908,41.908,41.908,
2001-04-26,41.934,41.934,41.934,41.934,
2001-04-27,42.66,42.66,42.66,42.66,
2001-04-30,43.794,43.794,43.794,43.794,
2001-05-01,44.119,44.119,44.119,44.119,
2001-05-02,44.515,44.515,44.515,44.515,
2001-05-03,43.959,43.959,43.959,43.959,
2001-05-04,44.33,44.33,44.33,44.33,
2001-05-07,44.711,44.711,44.711,44.711,
2001-05-08,44.33,44.33,44.33,44.33,
2001-05-09,44.057,44.057,44.057,44.057,
2001-05-10,43.799,43.799,43.799,43.799,
2001-05-11,43.37,43.37,43.37,43.37,
2001-05-14,43.649,43.649,43.649,43.649,
2001-05-15,43.835,43.835,43.835,43.835,
2001-05-16,44.59,44.59,44.59,44.59,
2001-05-17,45.35,45.35,45.35,45.35,
2001-05-18,44.192,44.192,44.192,44.192,
2001-05-21,44.378,44.378,44.378,44.378,
2001-05-22,44.228,44.228,44.228,44.228,
2001-05-23,43.68,43.68,43.68,43.68,
2001-05-24,43.887,43.887,43.887,43.887,
2001-05-25,43.432,43.432,43.432,43.432,
2001-05-29,44.404,44.404,44.404,44.404,
2001-05-30,43.784,43.784,43.784,43.784,
2001-05-31,43.784,43.784,43.784,43.784,
2001-06-01,44.678,44.678,44.678,44.678,
2001-06-04,44.973,44.973,44.973,44.973,
2001-06-05,45.541,45.541,45.541,45.541,
2001-06-06,44.967,44.967,44.967,44.967,
2001-06-07,44.993,44.993,44.993,44.993,
2001-06-08,44.993,44.993,44.993,44.993,
2001-06-11,44.973,44.973,44.973,44.973,
2001-06-12,44.714,44.714,44.714,44.714,
2001-06-13,43.267,43.267,43.267,43.267,
2001-06-14,43.163,43.163,43.163,43.163,
2001-06-15,42.078,42.078,42.078,42.078,
2001-06-18,41.809,41.809,41.809,41.809,
2001-06-19,40.687,40.687,40.687,40.687,
2001-06-20,41.106,41.106,41.106,41.106,
2001-06-21,40.579,40.579,40.579,40.579,
2001-06-22,39.493,39.493,39.493,39.493,
2001-06-25,39.038,39.038,39.038,39.038,
2001-06-26,39.147,39.147,39.147,39.147,
2001-06-27,38.263,38.263,38.263,38.263,
2001-06-28,38.087,38.087,38.087,38.087,
2001-06-29,38.252,38.252,38.252,38.252,
2001-07-02,39.157,39.157,39.157,39.157,
2001-07-03,39.467,39.467,39.467,39.467,
2001-07-05,39.08,39.08,39.08,39.08,
2001-07-06,38.826,38.826,38.826,38.826,
2001-07-09,39.493,39.493,39.493,39.493,
2001-07-10,38.614,38.614,38.614,38.614,
2001-07-11,39.183,39.183,39.183,39.183,
2001-07-12,38.537,38.537,38.537,38.537,
2001-07-13,39.173,39.173,39.173,39.173,
2001-07-16,38.821,38.821,38.821,38.821,
2001-07-17,38.795,38.795,38.795,38.795,
2001-07-18,39.674,39.674,39.674,39.674,
2001-07-19,40.041,40.041,40.041,40.041,
2001-07-20,40.01,40.01,40.01,40.01,
2001-07-23,39.571,39.571,39.571,39.571,
2001-07-24,39.343,39.343,39.343,39.343,
2001-07-25,39.441,39.441,39.441,39.441,
2001-07-26,40.382,40.382,40.382,40.382,
2001-07-27,40.517,40.517,40.517,40.517,
2001-07-30,40.884,40.884,40.884,40.884,
2001-07-31,40.982,40.982,40.982,40.982,
2001-08-01,40.785,40.785,40.785,40.785,
2001-08-02,41.121,41.121,41.121,41.121,
2001-08-03,40.941,40.941,40.941,40.941,
2001-08-06,40.863,40.863,40.863,40.863,
2001-08-07,40.501,40.501,40.501,40.501,
2001-08-08,40.129,40.129,40.129,40.129,
2001-08-09,39.927,39.927,39.927,39.927,
2001-08-10,40.372,40.372,40.372,40.372,
2001-08-13,40.704,40.704,40.704,40.704,
2001-08-14,40.668,40.668,40.668,40.668,
2001-08-15,41.036,41.036,41.036,41.036,
2001-08-16,41.524,41.524,41.524,41.524,
2001-08-17,41.399,41.399,41.399,41.399,
2001-08-20,42.068,42.068,42.068,42.068,
2001-08-21,41.902,41.902,41.902,41.902,
2001-08-22,42.437,42.437,42.437,42.437,
2001-08-23,42.769,42.769,42.769,42.769,
2001-08-24,43.407,43.407,43.407,43.407,
2001-08-27,42.67,42.67,42.67,42.67,
2001-08-28,41.477,41.477,41.477,41.477,
2001-08-29,41.005,41.005,41.005,41.005,
2001-08-30,41.15,41.15,41.15,41.15,
2001-08-31,40.273,40.273,40.273,40.273,
2001-09-04,40.839,40.839,40.839,40.839,
2001-09-05,41.399,41.399,41.399,41.399,
2001-09-06,40.725,40.725,40.725,40.725,
2001-09-07,39.791,39.791,39.791,39.791,
2001-09-10,40.05,40.05,40.05,40.05,
2001-09-17,40.263,40.263,40.263,40.263,
2001-09-18,40.445,40.445,40.445,40.445,
2001-09-19,39.168,39.168,39.168,39.168,
2001-09-20,38.343,38.343,38.343,38.343,
2001-09-21,38.385,38.385,38.385,38.385,
2001-09-24,39.895,39.895,39.895,39.895,
2001-09-25,40.05,40.05,40.05,40.05,
2001-09-26,40.751,40.751,40.751,40.751,
2001-09-27,41.555,41.555,41.555,41.555,
2001-09-28,41.866,41.866,41.866,41.866,
2001-10-01,42.364,42.364,42.364,42.364,
2001-10-02,42.992,42.992,42.992,42.992,
2001-10-03,41.114,41.114,41.114,41.114,
2001-10-04,40.968,40.968,40.968,40.968,
2001-10-05,41.342,41.342,41.342,41.342,
2001-10-08,41.321,41.321,41.321,41.321,
2001-10-09,40.828,40.828,40.828,40.828,
2001-10-10,41.373,41.373,41.373,41.373,
2001-10-11,40.979,40.979,40.979,40.979,
2001-10-12,40.927,40.927,40.927,40.927,
2001-10-15,40.496,40.496,40.496,40.496,
2001-10-16,40.984,40.984,40.984,40.984,
2001-10-17,38.909,38.909,38.909,38.909,
2001-10-18,39.48,39.48,39.48,39.48,
2001-10-19,39.407,39.407,39.407,39.407,
2001-10-22,40.211,40.211,40.211,40.211,
2001-10-23,40.237,40.237,40.237,40.237,
2001-10-24,40.569,40.569,40.569,40.569,
2001-10-25,40.984,40.984,40.984,40.984,
2001-10-26,41.347,41.347,41.347,41.347,
2001-10-29,41.176,41.176,41.176,41.176,
2001-10-30,40.087,40.087,40.087,40.087,
2001-10-31,39.687,39.687,39.687,39.687,
2001-11-01,39.921,39.921,39.921,39.921,
2001-11-02,40.408,40.408,40.408,40.408,
2001-11-05,40.725,40.725,40.725,40.725,
2001-11-06,41.295,41.295,41.295,41.295,
2001-11-07,41.581,41.581,41.581,41.581,
2001-11-08,41.171,41.171,41.171,41.171,
2001-11-09,40.709,40.709,40.709,40.709,
2001-11-12,40.725,40.725,40.725,40.725,
2001-11-13,41.115,41.115,41.115,41.115,
2001-11-14,40.735,40.735,40.735,40.735,
2001-11-15,40.803,40.803,40.803,40.803,
2001-11-16,41.141,41.141,41.141,41.141,
2001-11-19,41.646,41.646,41.646,41.646,
2001-11-20,42.245,42.245,42.245,42.245,
2001-11-21,43.385,43.385,43.385,43.385,
2001-11-23,42.911,42.911,42.911,42.911,
2001-11-26,43.026,43.026,43.026,43.026,
2001-11-27,42.812,42.812,42.812,42.812,
2001-11-28,42.406,42.406,42.406,42.406,
2001-11-29,42.979,42.979,42.979,42.979,
2001-11-30,43.042,43.042,43.042,43.042,
2001-12-03,43.526,43.526,43.526,43.526,
2001-12-04,43.104,43.104,43.104,43.104,
2001-12-05,42.927,42.927,42.927,42.927,
2001-12-06,42.573,42.573,42.573,42.573,
2001-12-07,42.859,42.859,42.859,42.859,
2001-12-10,42.453,42.453,42.453,42.453,
2001-12-11,41.86,41.86,41.86,41.86,
2001-12-12,41.136,41.136,41.136,41.136,
2001-12-13,41.896,41.896,41.896,41.896,
2001-12-14,42.594,42.594,42.594,42.594,
2001-12-17,43.109,43.109,43.109,43.109,
2001-12-18,43.026,43.026,43.026,43.026,
2001-12-19,42.484,42.484,42.484,42.484,
2001-12-20,41.667,41.667,41.667,41.667,
2001-12-21,40.818,40.818,40.818,40.818,
2001-12-24,41.516,41.516,41.516,41.516,
2001-12-26,41.287,41.287,41.287,41.287,
2001-12-27,41.256,41.256,41.256,41.256,
2001-12-28,41.568,41.568,41.568,41.568,
2001-12-31,40.891,40.891,40.891,40.891,
2002-01-02,40.87,40.87,40.87,40.87,
2002-01-03,40.433,40.433,40.433,40.433,
2002-01-04,40.454,40.454,40.454,40.454,
2002-01-07,40.011,40.011,40.011,40.011,
2002-01-08,39.387,39.387,39.387,39.387,
2002-01-09,39.215,39.215,39.215,39.215,
2002-01-10,39.985,39.985,39.985,39.985,
2002-01-11,39.777,39.777,39.777,39.777,
2002-01-14,40.089,40.089,40.089,40.089,
2002-01-15,40.116,40.116,40.116,40.116,
2002-01-16,39.6,39.6,39.6,39.6,
2002-01-17,39.272,39.272,39.272,39.272,
2002-01-18,38.835,38.835,38.835,38.835,
2002-01-22,39.491,39.491,39.491,39.491,
2002-01-23,39.449,39.449,39.449,39.449,
2002-01-24,38.58,38.58,38.58,38.58,
2002-01-25,39.105,39.105,39.105,39.105,
2002-01-28,38.679,38.679,38.679,38.679,
2002-01-29,38.215,38.215,38.215,38.215,
2002-01-30,38.548,38.548,38.548,38.548,
2002-01-31,39.1,39.1,39.1,39.1,
2002-02-01,38.939,38.939,38.939,38.939,
2002-02-04,38.163,38.163,38.163,38.163,
2002-02-05,38.496,38.496,38.496,38.496,
2002-02-06,38.194,38.194,38.194,38.194,
2002-02-07,37.934,37.934,37.934,37.934,
2002-02-08,38.356,38.356,38.356,38.356,
2002-02-11,38.975,38.975,38.975,38.975,
2002-02-12,39.439,39.439,39.439,39.439,
2002-02-13,39.794,39.794,39.794,39.794,
2002-02-14,39.951,39.951,39.951,39.951,
2002-02-15,39.935,39.935,39.935,39.935,
2002-02-19,39.564,39.564,39.564,39.564,
2002-02-20,40.165,40.165,40.165,40.165,
2002-02-21,40.045,40.045,40.045,40.045,
2002-02-22,40.296,40.296,40.296,40.296,
2002-02-25,40.071,40.071,40.071,40.071,
2002-02-26,39.69,39.69,39.69,39.69,
2002-02-27,40.484,40.484,40.484,40.484,
2002-02-28,39.59,39.59,39.59,39.59,
2002-03-01,40.516,40.516,40.516,40.516,
2002-03-04,41.038,41.038,41.038,41.038,
2002-03-05,40.385,40.385,40.385,40.385,
2002-03-06,40.882,40.882,40.882,40.882,
2002-03-07,41.028,41.028,41.028,41.028,
2002-03-08,40.882,40.882,40.882,40.882,
2002-03-11,41.237,41.237,41.237,41.237,
2002-03-12,41.504,41.504,41.504,41.504,
2002-03-13,41.556,41.556,41.556,41.556,
2002-03-14,41.43,41.43,41.43,41.43,
2002-03-15,41.744,41.744,41.744,41.744,
2002-03-18,42.136,42.136,42.136,42.136,
2002-03-19,42.183,42.183,42.183,42.183,
2002-03-20,41.42,41.42,41.42,41.42,
2002-03-21,41.352,41.352,41.352,41.352,
2002-03-22,41.164,41.164,41.164,41.164,
2002-03-25,40.442,40.442,40.442,40.442,
2002-03-26,40.254,40.254,40.254,40.254,
2002-03-27,39.616,39.616,39.616,39.616,
2002-03-28,39.836,39.836,39.836,39.836,
2002-04-01,40.631,40.631,40.631,40.631,
2002-04-02,41.164,41.164,41.164,41.164,
2002-04-03,40.589,40.589,40.589,40.589,
2002-04-04,39.836,39.836,39.836,39.836,
2002-04-05,39.392,39.392,39.392,39.392,
2002-04-08,38.947,38.947,38.947,38.947,
2002-04-09,38.984,38.984,38.984,38.984,
2002-04-10,39.235,39.235,39.235,39.235,
2002-04-11,38.9,38.9,38.9,38.9,
2002-04-12,38.383,38.383,38.383,38.383,
2002-04-15,39.313,39.313,39.313,39.313,
2002-04-16,38.743,38.743,38.743,38.743,
2002-04-17,38.315,38.315,38.315,38.315,
2002-04-18,38.77,38.77,38.77,38.77,
2002-04-19,38.602,38.602,38.602,38.602,
2002-04-22,38.377,38.377,38.377,38.377,
2002-04-23,37.588,37.588,37.588,37.588,
2002-04-24,36.537,36.537,36.537,36.537,
2002-04-25,36.804,36.804,36.804,36.804,
2002-04-26,36.605,36.605,36.605,36.605,
2002-04-29,35.706,35.706,35.706,35.706,
2002-04-30,34.53,34.53,34.53,34.53,
2002-05-01,35.131,35.131,35.131,35.131,
2002-05-02,35.549,35.549,35.549,35.549,
2002-05-03,34.974,34.974,34.974,34.974,
2002-05-06,34.279,34.279,34.279,34.279,
2002-05-07,33.902,33.902,33.902,33.902,
2002-05-08,35.22,35.22,35.22,35.22,
2002-05-09,33.986,33.986,33.986,33.986,
2002-05-10,33.829,33.829,33.829,33.829,
2002-05-13,33.924,33.924,33.924,33.924,
2002-05-14,34.512,34.512,34.512,34.512,
2002-05-15,33.362,33.362,33.362,33.362,
2002-05-16,33.309,33.309,33.309,33.309,
2002-05-17,34.144,34.144,34.144,34.144,
2002-05-20,33.619,33.619,33.619,33.619,
2002-05-21,33.619,33.619,33.619,33.619,
2002-05-22,33.703,33.703,33.703,33.703,
2002-05-23,34.066,34.066,34.066,34.066,
2002-05-24,33.519,33.519,33.519,33.519,
2002-05-28,33.603,33.603,33.603,33.603,
2002-05-29,33.777,33.777,33.777,33.777,
2002-05-30,33.803,33.803,33.803,33.803,
2002-05-31,33.987,33.987,33.987,33.987,
2002-06-03,33.593,33.593,33.593,33.593,
2002-06-04,32.6,32.6,32.6,32.6,
2002-06-05,32.915,32.915,32.915,32.915,
2002-06-06,32.243,32.243,32.243,32.243,
2002-06-07,32.201,32.201,32.201,32.201,
2002-06-10,32.206,32.206,32.206,32.206,
2002-06-11,31.387,31.387,31.387,31.387,
2002-06-12,30.73,30.73,30.73,30.73,
2002-06-13,31.45,31.45,31.45,31.45,
2002-06-14,31.754,31.754,31.754,31.754,
2002-06-17,32.779,32.779,32.779,32.779,
2002-06-18,32.905,32.905,32.905,32.905,
2002-06-19,31.875,31.875,31.875,31.875,
2002-06-20,31.597,31.597,31.597,31.597,
2002-06-21,30.672,30.672,30.672,30.672,
2002-06-24,30.431,30.431,30.431,30.431,
2002-06-25,30.063,30.063,30.063,30.063,
2002-06-26,30.525,30.525,30.525,30.525,
2002-06-27,31.429,31.429,31.429,31.429,
2002-06-28,29.627,29.627,29.627,29.627,
2002-07-01,28.24,28.24,28.24,28.24,
2002-07-02,27.379,27.379,27.379,27.379,
2002-07-03,26.522,26.522,26.522,26.522,
2002-07-05,27.447,27.447,27.447,27.447,
2002-07-08,27.363,27.363,27.363,27.363,
2002-07-09,26.254,26.254,26.254,26.254,
2002-07-10,25.309,25.309,25.309,25.309,
2002-07-11,26.107,26.107,26.107,26.107,
2002-07-12,26.402,26.402,26.402,26.402,
2002-07-15,27.111,27.111,27.111,27.111,
2002-07-16,27.499,27.499,27.499,27.499,
2002-07-17,26.738,26.738,26.738,26.738,
2002-07-18,25.498,25.498,25.498,25.498,
2002-07-19,25.293,25.293,25.293,25.293,
2002-07-22,25.572,25.572,25.572,25.572,
2002-07-23,25.572,25.572,25.572,25.572,
2002-07-24,25.976,25.976,25.976,25.976,
2002-07-25,27.216,27.216,27.216,27.216,
2002-07-26,28.209,28.209,28.209,28.209,
2002-07-29,30.021,30.021,30.021,30.021,
2002-07-30,30.599,30.599,30.599,30.599,
2002-07-31,30.688,30.688,30.688,30.688,
2002-08-01,28.891,28.891,28.891,28.891,
2002-08-02,28.308,28.308,28.308,28.308,
2002-08-05,27.21,27.21,27.21,27.21,
2002-08-06,27.652,27.652,27.652,27.652,
2002-08-07,29.165,29.165,29.165,29.165,
2002-08-08,29.842,29.842,29.842,29.842,
2002-08-09,30.058,30.058,30.058,30.058,
2002-08-12,30.467,30.467,30.467,30.467,
2002-08-13,29.575,29.575,29.575,29.575,
2002-08-14,30.758,30.758,30.758,30.758,
2002-08-15,30.541,30.541,30.541,30.541,
2002-08-16,30.156,30.156,30.156,30.156,
2002-08-19,30.515,30.515,30.515,30.515,
2002-08-20,30.124,30.124,30.124,30.124,
2002-08-21,30.694,30.694,30.694,30.694,
2002-08-22,32.823,32.823,32.823,32.823,
2002-08-23,31.46,31.46,31.46,31.46,
2002-08-26,31.502,31.502,31.502,31.502,
2002-08-27,30.89,30.89,30.89,30.89,
2002-08-28,30.631,30.631,30.631,30.631,
2002-08-29,30.108,30.108,30.108,30.108,
2002-08-30,30.657,30.657,30.657,30.657,
2002-09-03,29.48,29.48,29.48,29.48,
2002-09-04,30.43,30.43,30.43,30.43,
2002-09-05,29.68,29.68,29.68,29.68,
2002-09-06,29.585,29.585,29.585,29.585,
2002-09-09,30.404,30.404,30.404,30.404,
2002-09-10,30.531,30.531,30.531,30.531,
2002-09-11,30.652,30.652,30.652,30.652,
2002-09-12,30.599,30.599,30.599,30.599,
2002-09-13,30.668,30.668,30.668,30.668,
2002-09-16,31.027,31.027,31.027,31.027,
2002-09-17,30.409,30.409,30.409,30.409,
2002-09-18,30.14,30.14,30.14,30.14,
2002-09-19,29.216,29.216,29.216,29.216,
2002-09-20,29.749,29.749,29.749,29.749,
2002-09-23,29.099,29.099,29.099,29.099,
2002-09-24,29.047,29.047,29.047,29.047,
2002-09-25,30.087,30.087,30.087,30.087,
2002-09-26,30.626,30.626,30.626,30.626,
2002-09-27,29.385,29.385,29.385,29.385,
2002-09-30,29.226,29.226,29.226,29.226,
2002-10-01,30.367,30.367,30.367,30.367,
2002-10-02,30.547,30.547,30.547,30.547,
2002-10-03,30.288,30.288,30.288,30.288,
2002-10-04,29.268,29.268,29.268,29.268,
2002-10-07,30.008,30.008,30.008,30.008,
2002-10-08,31.476,31.476,31.476,31.476,
2002-10-09,31.582,31.582,31.582,31.582,
2002-10-10,32.163,32.163,32.163,32.163,
2002-10-11,32.743,32.743,32.743,32.743,
2002-10-14,32.738,32.738,32.738,32.738,
2002-10-15,33.805,33.805,33.805,33.805,
2002-10-16,33.62,33.62,33.62,33.62,
2002-10-17,33.272,33.272,33.272,33.272,
2002-10-18,33.24,33.24,33.24,33.24,
2002-10-21,33.377,33.377,33.377,33.377,
2002-10-22,33.272,33.272,33.272,33.272,
2002-10-23,30.679,30.679,30.679,30.679,
2002-10-24,29.422,29.422,29.422,29.422,
2002-10-25,30.076,30.076,30.076,30.076,
2002-10-28,29.981,29.981,29.981,29.981,
2002-10-29,29.775,29.775,29.775,29.775,
2002-10-30,29.929,29.929,29.929,29.929,
2002-10-31,29.311,29.311,29.311,29.311,
2002-11-01,29.966,29.966,29.966,29.966,
2002-11-04,30.631,30.631,30.631,30.631,
2002-11-05,30.599,30.599,30.599,30.599,
2002-11-06,31.941,31.941,31.941,31.941,
2002-11-07,31.138,31.138,31.138,31.138,
2002-11-08,32.87,32.87,32.87,32.87,
2002-11-11,32.823,32.823,32.823,32.823,
2002-11-12,32.421,32.421,32.421,32.421,
2002-11-13,32.002,32.002,32.002,32.002,
2002-11-14,32.883,32.883,32.883,32.883,
2002-11-15,32.538,32.538,32.538,32.538,
2002-11-18,32.05,32.05,32.05,32.05,
2002-11-19,32.671,32.671,32.671,32.671,
2002-11-20,33.594,33.594,33.594,33.594,
2002-11-21,34.359,34.359,34.359,34.359,
2002-11-22,34.89,34.89,34.89,34.89,
2002-11-25,36.126,36.126,36.126,36.126,
2002-11-26,33.971,33.971,33.971,33.971,
2002-11-27,36.625,36.625,36.625,36.625,
2002-11-29,36.254,36.254,36.254,36.254,
2002-12-02,36.493,36.493,36.493,36.493,
2002-12-03,35.649,35.649,35.649,35.649,
2002-12-04,35.824,35.824,35.824,35.824,
2002-12-05,35.601,35.601,35.601,35.601,
2002-12-06,34.736,34.736,34.736,34.736,
2002-12-09,34.693,34.693,34.693,34.693,
2002-12-10,35.086,35.086,35.086,35.086,
2002-12-11,34.953,34.953,34.953,34.953,
2002-12-12,34.024,34.024,34.024,34.024,
2002-12-13,34.221,34.221,34.221,34.221,
2002-12-16,34.422,34.422,34.422,34.422,
2002-12-17,33.95,33.95,33.95,33.95,
2002-12-18,33.249,33.249,33.249,33.249,
2002-12-19,33.175,33.175,33.175,33.175,
2002-12-20,33.573,33.573,33.573,33.573,
2002-12-23,34.21,34.21,34.21,34.21,
2002-12-24,34.2,34.2,34.2,34.2,
2002-12-26,33.918,33.918,33.918,33.918,
2002-12-27,33.356,33.356,33.356,33.356,
2002-12-30,33.918,33.918,33.918,33.918,
2002-12-31,33.706,33.706,33.706,33.706,
2003-01-02,34.768,34.768,34.768,34.768,
2003-01-03,35.558,35.558,35.558,35.558,
2003-01-06,36.084,36.084,36.084,36.084,
2003-01-07,35.362,35.362,35.362,35.362,
2003-01-08,35.617,35.617,35.617,35.617,
2003-01-09,35.686,35.686,35.686,35.686,
2003-01-10,35.702,35.702,35.702,35.702,
2003-01-13,35.298,35.298,35.298,35.298,
2003-01-14,35.67,35.67,35.67,35.67,
2003-01-15,35.712,35.712,35.712,35.712,
2003-01-16,35.888,35.888,35.888,35.888,
2003-01-17,34.927,34.927,34.927,34.927,
2003-01-21,34.72,34.72,34.72,34.72,
2003-01-22,34.476,34.476,34.476,34.476,
2003-01-23,33.732,33.732,33.732,33.732,
2003-01-24,32.687,32.687,32.687,32.687,
2003-01-27,31.965,31.965,31.965,31.965,
2003-01-28,32.347,32.347,32.347,32.347,
2003-01-29,32.506,32.506,32.506,32.506,
2003-01-30,31.514,31.514,31.514,31.514,
2003-01-31,31.975,31.975,31.975,31.975,
2003-02-03,32.74,32.74,32.74,32.74,
2003-02-04,32.464,32.464,32.464,32.464,
2003-02-05,32.119,32.119,32.119,32.119,
2003-02-06,32.49,32.49,32.49,32.49,
2003-02-07,31.721,31.721,31.721,31.721,
2003-02-10,31.917,31.917,31.917,31.917,
2003-02-11,31.869,31.869,31.869,31.869,
2003-02-12,31.434,31.434,31.434,31.434,
2003-02-13,30.58,30.58,30.58,30.58,
2003-02-14,30.281,30.281,30.281,30.281,
2003-02-18,30.863,30.863,30.863,30.863,
2003-02-19,31.039,31.039,31.039,31.039,
2003-02-20,30.345,30.345,30.345,30.345,
2003-02-21,30.682,30.682,30.682,30.682,
2003-02-24,30.249,30.249,30.249,30.249,
2003-02-25,29.87,29.87,29.87,29.87,
2003-02-26,29.667,29.667,29.667,29.667,
2003-02-27,30.164,30.164,30.164,30.164,
2003-02-28,30.191,30.191,30.191,30.191,
2003-03-03,30.212,30.212,30.212,30.212,
2003-03-04,29.998,29.998,29.998,29.998,
2003-03-05,30.425,30.425,30.425,30.425,
2003-03-06,29.865,29.865,29.865,29.865,
2003-03-07,30.415,30.415,30.415,30.415,
2003-03-10,29.892,29.892,29.892,29.892,
2003-03-11,28.664,28.664,28.664,28.664,
2003-03-12,28.845,28.845,28.845,28.845,
2003-03-13,29.486,29.486,29.486,29.486,
2003-03-14,28.813,28.813,28.813,28.813,
2003-03-17,29.518,29.518,29.518,29.518,
2003-03-18,29.881,29.881,29.881,29.881,
2003-03-19,30.319,30.319,30.319,30.319,
2003-03-20,30.228,30.228,30.228,30.228,
2003-03-21,31.066,31.066,31.066,31.066,
2003-03-24,30.265,30.265,30.265,30.265,
2003-03-25,31.034,31.034,31.034,31.034,
2003-03-26,30.885,30.885,30.885,30.885,
2003-03-27,31.071,31.071,31.071,31.071,
2003-03-28,31.151,31.151,31.151,31.151,
2003-03-31,30.506,30.506,30.506,30.506,
2003-04-01,31.135,31.135,31.135,31.135,
2003-04-02,31.819,31.819,31.819,31.819,
2003-04-03,32.294,32.294,32.294,32.294,
2003-04-04,32.694,32.694,32.694,32.694,
2003-04-07,31.925,31.925,31.925,31.925,
2003-04-08,31.92,31.92,31.92,31.92,
2003-04-09,31.632,31.632,31.632,31.632,
2003-04-10,31.851,31.851,31.851,31.851,
2003-04-11,31.151,31.151,31.151,31.151,
2003-04-14,31.76,31.76,31.76,31.76,
2003-04-15,31.53,31.53,31.53,31.53,
2003-04-16,31.087,31.087,31.087,31.087,
2003-04-17,31.162,31.162,31.162,31.162,
2003-04-21,31.744,31.744,31.744,31.744,
2003-04-22,32.715,32.715,32.715,32.715,
2003-04-23,33.361,33.361,33.361,33.361,
2003-04-24,34.189,34.189,34.189,34.189,
2003-04-25,33.778,33.778,33.778,33.778,
2003-04-28,34.183,34.183,34.183,34.183,
2003-04-29,34.429,34.429,34.429,34.429,
2003-04-30,34.066,34.066,34.066,34.066,
2003-05-01,34.226,34.226,34.226,34.226,
2003-05-02,34.29,34.29,34.29,34.29,
2003-05-05,34.135,34.135,34.135,34.135,
2003-05-06,34.157,34.157,34.157,34.157,
2003-05-07,34.354,34.354,34.354,34.354,
2003-05-08,34.114,34.114,34.114,34.114,
2003-05-09,34.242,34.242,34.242,34.242,
2003-05-12,34.359,34.359,34.359,34.359,
2003-05-13,34.233,34.233,34.233,34.233,
2003-05-14,34.201,34.201,34.201,34.201,
2003-05-15,34.421,34.421,34.421,34.421,
2003-05-16,34.088,34.088,34.088,34.088,
2003-05-19,32.597,32.597,32.597,32.597,
2003-05-20,31.309,31.309,31.309,31.309,
2003-05-21,31.282,31.282,31.282,31.282,
2003-05-22,30.976,30.976,30.976,30.976,
2003-05-23,31.175,31.175,31.175,31.175,
2003-05-27,31.819,31.819,31.819,31.819,
2003-05-28,31.497,31.497,31.497,31.497,
2003-05-29,31.239,31.239,31.239,31.239,
2003-05-30,32.071,32.071,32.071,32.071,
2003-06-02,31.202,31.202,31.202,31.202,
2003-06-03,31.98,31.98,31.98,31.98,
2003-06-04,32.291,32.291,32.291,32.291,
2003-06-05,33.117,33.117,33.117,33.117,
2003-06-06,32.827,32.827,32.827,32.827,
2003-06-09,32.178,32.178,32.178,32.178,
2003-06-10,32.318,32.318,32.318,32.318,
2003-06-11,33.906,33.906,33.906,33.906,
2003-06-12,34.373,34.373,34.373,34.373,
2003-06-13,34.99,34.99,34.99,34.99,
2003-06-16,36.406,36.406,36.406,36.406,
2003-06-17,37.469,37.469,37.469,37.469,
2003-06-18,37.023,37.023,37.023,37.023,
2003-06-19,36.165,36.165,36.165,36.165,
2003-06-20,36.771,36.771,36.771,36.771,
2003-06-23,35.988,35.988,35.988,35.988,
2003-06-24,36.841,36.841,36.841,36.841,
2003-06-25,36.353,36.353,36.353,36.353,
2003-06-26,37.308,37.308,37.308,37.308,
2003-06-27,36.551,36.551,36.551,36.551,
2003-06-30,37.007,37.007,37.007,37.007,
2003-07-01,37.442,37.442,37.442,37.442,
2003-07-02,37.351,37.351,37.351,37.351,
2003-07-03,37.168,37.168,37.168,37.168,
2003-07-07,37.737,37.737,37.737,37.737,
2003-07-08,37.115,37.115,37.115,37.115,
2003-07-09,36.439,36.439,36.439,36.439,
2003-07-10,35.993,35.993,35.993,35.993,
2003-07-11,36.192,36.192,36.192,36.192,
2003-07-14,36.138,36.138,36.138,36.138,
2003-07-15,35.323,35.323,35.323,35.323,
2003-07-16,35.537,35.537,35.537,35.537,
2003-07-17,35.848,35.848,35.848,35.848,
2003-07-18,36.047,36.047,36.047,36.047,
2003-07-21,35.489,35.489,35.489,35.489,
2003-07-22,35.355,35.355,35.355,35.355,
2003-07-23,35.451,35.451,35.451,35.451,
2003-07-24,35.854,35.854,35.854,35.854,
2003-07-25,36.138,36.138,36.138,36.138,
2003-07-28,35.746,35.746,35.746,35.746,
2003-07-29,34.813,34.813,34.813,34.813,
2003-07-30,35.709,35.709,35.709,35.709,
2003-07-31,35.328,35.328,35.328,35.328,
2003-08-01,34.341,34.341,34.341,34.341,
2003-08-04,34.673,34.673,34.673,34.673,
2003-08-05,34.239,34.239,34.239,34.239,
2003-08-06,33.772,33.772,33.772,33.772,
2003-08-07,34.26,34.26,34.26,34.26,
2003-08-08,33.766,33.766,33.766,33.766,
2003-08-11,33.842,33.842,33.842,33.842,
2003-08-12,33.74,33.74,33.74,33.74,
2003-08-13,33.554,33.554,33.554,33.554,
2003-08-14,33.122,33.122,33.122,33.122,
2003-08-15,33.246,33.246,33.246,33.246,
2003-08-18,33.262,33.262,33.262,33.262,
2003-08-19,33.041,33.041,33.041,33.041,
2003-08-20,33.241,33.241,33.241,33.241,
2003-08-21,34.287,34.287,34.287,34.287,
2003-08-22,33.877,33.877,33.877,33.877,
2003-08-25,34.298,34.298,34.298,34.298,
2003-08-26,34.827,34.827,34.827,34.827,
2003-08-27,35.183,35.183,35.183,35.183,
2003-08-28,35.533,35.533,35.533,35.533,
2003-08-29,35.889,35.889,35.889,35.889,
2003-09-02,36.035,36.035,36.035,36.035,
2003-09-03,33.5,33.5,33.5,33.5,
2003-09-04,32.928,32.928,32.928,32.928,
2003-09-05,32.906,32.906,32.906,32.906,
2003-09-08,33.311,33.311,33.311,33.311,
2003-09-09,33.144,33.144,33.144,33.144,
2003-09-10,33.462,33.462,33.462,33.462,
2003-09-11,32.895,32.895,32.895,32.895,
2003-09-12,33.171,33.171,33.171,33.171,
2003-09-15,32.852,32.852,32.852,32.852,
2003-09-16,32.906,32.906,32.906,32.906,
2003-09-17,32.766,32.766,32.766,32.766,
2003-09-18,32.928,32.928,32.928,32.928,
2003-09-19,32.48,32.48,32.48,32.48,
2003-09-22,31.962,31.962,31.962,31.962,
2003-09-23,32.275,32.275,32.275,32.275,
2003-09-24,31.962,31.962,31.962,31.962,
2003-09-25,31.676,31.676,31.676,31.676,
2003-09-26,31.282,31.282,31.282,31.282,
2003-09-29,31.396,31.396,31.396,31.396,
2003-09-30,32.043,32.043,32.043,32.043,
2003-10-01,33.991,33.991,33.991,33.991,
2003-10-02,34.26,34.26,34.26,34.26,
2003-10-03,34.201,34.201,34.201,34.201,
2003-10-06,34.217,34.217,34.217,34.217,
2003-10-07,33.985,33.985,33.985,33.985,
2003-10-08,33.597,33.597,33.597,33.597,
2003-10-09,33.537,33.537,33.537,33.537,
2003-10-10,33.613,33.613,33.613,33.613,
2003-10-13,33.467,33.467,33.467,33.467,
2003-10-14,33.651,33.651,33.651,33.651,
2003-10-15,33.262,33.262,33.262,33.262,
2003-10-16,33.403,33.403,33.403,33.403,
2003-10-17,32.993,32.993,32.993,32.993,
2003-10-20,33.203,33.203,33.203,33.203,
2003-10-21,33.715,33.715,33.715,33.715,
2003-10-22,32.788,32.788,32.788,32.788,
2003-10-23,35.118,35.118,35.118,35.118,
2003-10-24,35.76,35.76,35.76,35.76,
2003-10-27,35.954,35.954,35.954,35.954,
2003-10-28,36.332,36.332,36.332,36.332,
2003-10-29,35.674,35.674,35.674,35.674,
2003-10-30,35.949,35.949,35.949,35.949,
2003-10-31,35.938,35.938,35.938,35.938,
2003-11-03,36.008,36.008,36.008,36.008,
2003-11-04,35.199,35.199,35.199,35.199,
2003-11-05,35.625,35.625,35.625,35.625,
2003-11-06,35.808,35.808,35.808,35.808,
2003-11-07,35.523,35.523,35.523,35.523,
2003-11-10,35.35,35.35,35.35,35.35,
2003-11-11,35.08,35.08,35.08,35.08,
2003-11-12,35.891,35.891,35.891,35.891,
2003-11-13,37.442,37.442,37.442,37.442,
2003-11-14,38.651,38.651,38.651,38.651,
2003-11-17,38.336,38.336,38.336,38.336,
2003-11-18,38.466,38.466,38.466,38.466,
2003-11-19,39.334,39.334,39.334,39.334,
2003-11-20,38.786,38.786,38.786,38.786,
2003-11-21,37.745,37.745,37.745,37.745,
2003-11-24,38.228,38.228,38.228,38.228,
2003-11-25,38.32,38.32,38.32,38.32,
2003-11-26,37.577,37.577,37.577,37.577,
2003-11-28,37.306,37.306,37.306,37.306,
2003-12-01,38.119,38.119,38.119,38.119,
2003-12-02,37.686,37.686,37.686,37.686,
2003-12-03,37.404,37.404,37.404,37.404,
2003-12-04,37.42,37.42,37.42,37.42,
2003-12-05,37.306,37.306,37.306,37.306,
2003-12-08,37.973,37.973,37.973,37.973,
2003-12-09,38.255,38.255,38.255,38.255,
2003-12-10,38.174,38.174,38.174,38.174,
2003-12-11,38.933,38.933,38.933,38.933,
2003-12-12,39.144,39.144,39.144,39.144,
2003-12-15,38.873,38.873,38.873,38.873,
2003-12-16,39.741,39.741,39.741,39.741,
2003-12-17,39.302,39.302,39.302,39.302,
2003-12-18,39.649,39.649,39.649,39.649,
2003-12-19,40.066,40.066,40.066,40.066,
2003-12-22,39.15,39.15,39.15,39.15,
2003-12-23,38.239,38.239,38.239,38.239,
2003-12-24,38.228,38.228,38.228,38.228,
2003-12-26,38.293,38.293,38.293,38.293,
2003-12-29,38.835,38.835,38.835,38.835,
2003-12-30,38.461,38.461,38.461,38.461,
2003-12-31,38.136,38.136,38.136,38.136,
2004-01-02,38.629,38.629,38.629,38.629,
2004-01-05,38.06,38.06,38.06,38.06,
2004-01-06,38.027,38.027,38.027,38.027,
2004-01-07,37.859,37.859,37.859,37.859,
2004-01-08,36.927,36.927,36.927,36.927,
2004-01-09,36.645,36.645,36.645,36.645,
2004-01-12,37.322,37.322,37.322,37.322,
2004-01-13,37.198,37.198,37.198,37.198,
2004-01-14,37.523,37.523,37.523,37.523,
2004-01-15,37.691,37.691,37.691,37.691,
2004-01-16,37.989,37.989,37.989,37.989,
2004-01-20,37.821,37.821,37.821,37.821,
2004-01-21,38.391,38.391,38.391,38.391,
2004-01-22,38.472,38.472,38.472,38.472,
2004-01-23,37.664,37.664,37.664,37.664,
2004-01-26,37.355,37.355,37.355,37.355,
2004-01-27,37.116,37.116,37.116,37.116,
2004-01-28,36.287,36.287,36.287,36.287,
2004-01-29,37.089,37.089,37.089,37.089,
2004-01-30,36.894,36.894,36.894,36.894,
2004-02-02,37.442,37.442,37.442,37.442,
2004-02-03,37.631,37.631,37.631,37.631,
2004-02-04,38.228,38.228,38.228,38.228,
2004-02-05,38.743,38.743,38.743,38.743,
2004-02-06,39.502,39.502,39.502,39.502,
2004-02-09,39.703,39.703,39.703,39.703,
2004-02-10,40.419,40.419,40.419,40.419,
2004-02-11,40.699,40.699,40.699,40.699,
2004-02-12,40.089,40.089,40.089,40.089,
2004-02-13,40.045,40.045,40.045,40.045,
2004-02-17,39.751,39.751,39.751,39.751,
2004-02-18,39.479,39.479,39.479,39.479,
2004-02-19,39.582,39.582,39.582,39.582,
2004-02-20,39.484,39.484,39.484,39.484,
2004-02-23,39.239,39.239,39.239,39.239,
2004-02-24,39.43,39.43,39.43,39.43,
2004-02-25,39.659,39.659,39.659,39.659,
2004-02-26,40.1,40.1,40.1,40.1,
2004-02-27,40.285,40.285,40.285,40.285,
2004-03-01,40.013,40.013,40.013,40.013,
2004-03-02,39.571,39.571,39.571,39.571,
2004-03-03,39.816,39.816,39.816,39.816,
2004-03-04,39.838,39.838,39.838,39.838,
2004-03-05,40.024,40.024,40.024,40.024,
2004-03-08,39.664,39.664,39.664,39.664,
2004-03-09,39.146,39.146,39.146,39.146,
2004-03-10,38.405,38.405,38.405,38.405,
2004-03-11,37.686,37.686,37.686,37.686,
2004-03-12,38.645,38.645,38.645,38.645,
2004-03-15,37.964,37.964,37.964,37.964,
2004-03-16,38.503,38.503,38.503,38.503,
2004-03-17,38.046,38.046,38.046,38.046,
2004-03-18,38.04,38.04,38.04,38.04,
2004-03-19,37.392,37.392,37.392,37.392,
2004-03-22,37.027,37.027,37.027,37.027,
2004-03-23,36.804,36.804,36.804,36.804,
2004-03-24,36.226,36.226,36.226,36.226,
2004-03-25,35.687,35.687,35.687,35.687,
2004-03-26,35.414,35.414,35.414,35.414,
2004-03-29,35.741,35.741,35.741,35.741,
2004-03-30,35.85,35.85,35.85,35.85,
2004-03-31,36.449,36.449,36.449,36.449,
2004-04-01,36.831,36.831,36.831,36.831,
2004-04-02,37.43,37.43,37.43,37.43,
2004-04-05,37.675,37.675,37.675,37.675,
2004-04-06,37.474,37.474,37.474,37.474,
2004-04-07,37.812,37.812,37.812,37.812,
2004-04-08,37.528,37.528,37.528,37.528,
2004-04-12,37.708,37.708,37.708,37.708,
2004-04-13,37.779,37.779,37.779,37.779,
2004-04-14,38.362,38.362,38.362,38.362,
2004-04-15,39.718,39.718,39.718,39.718,
2004-04-16,39.473,39.473,39.473,39.473,
2004-04-19,39.991,39.991,39.991,39.991,
2004-04-20,39.364,39.364,39.364,39.364,
2004-04-21,39.996,39.996,39.996,39.996,
2004-04-22,40.329,40.329,40.329,40.329,
2004-04-23,39.855,39.855,39.855,39.855,
2004-04-26,39.964,39.964,39.964,39.964,
2004-04-27,40.198,40.198,40.198,40.198,
2004-04-28,40.127,40.127,40.127,40.127,
2004-04-29,39.991,39.991,39.991,39.991,
2004-04-30,40.214,40.214,40.214,40.214,
2004-05-03,40.666,40.666,40.666,40.666,
2004-05-04,41.042,41.042,41.042,41.042,
2004-05-05,41.042,41.042,41.042,41.042,
2004-05-06,41.549,41.549,41.549,41.549,
2004-05-07,41.162,41.162,41.162,41.162,
2004-05-10,40.525,40.525,40.525,40.525,
2004-05-11,40.236,40.236,40.236,40.236,
2004-05-12,40.354,40.354,40.354,40.354,
2004-05-13,40.107,40.107,40.107,40.107,
2004-05-14,40.43,40.43,40.43,40.43,
2004-05-17,39.927,39.927,39.927,39.927,
2004-05-18,39.73,39.73,39.73,39.73,
2004-05-19,39.352,39.352,39.352,39.352,
2004-05-20,39.587,39.587,39.587,39.587,
2004-05-21,39.407,39.407,39.407,39.407,
2004-05-24,38.744,38.744,38.744,38.744,
2004-05-25,39.456,39.456,39.456,39.456,
2004-05-26,40.195,40.195,40.195,40.195,
2004-05-27,40.491,40.491,40.491,40.491,
2004-05-28,40.332,40.332,40.332,40.332,
2004-06-01,40.918,40.918,40.918,40.918,
2004-06-02,40.786,40.786,40.786,40.786,
2004-06-03,40.71,40.71,40.71,40.71,
2004-06-04,41.06,41.06,41.06,41.06,
2004-06-07,41.421,41.421,41.421,41.421,
2004-06-08,41.268,41.268,41.268,41.268,
2004-06-09,40.277,40.277,40.277,40.277,
2004-06-10,40.315,40.315,40.315,40.315,
2004-06-14,39.801,39.801,39.801,39.801,
2004-06-15,39.757,39.757,39.757,39.757,
2004-06-16,40.075,40.075,40.075,40.075,
2004-06-17,40.261,40.261,40.261,40.261,
2004-06-18,40.283,40.283,40.283,40.283,
2004-06-21,39.784,39.784,39.784,39.784,
2004-06-22,39.927,39.927,39.927,39.927,
2004-06-23,40.042,40.042,40.042,40.042,
2004-06-24,39.817,39.817,39.817,39.817,
2004-06-25,39.089,39.089,39.089,39.089,
2004-06-28,39.253,39.253,39.253,39.253,
2004-06-29,38.459,38.459,38.459,38.459,
2004-06-30,38.273,38.273,38.273,38.273,
2004-07-01,37.737,37.737,37.737,37.737,
2004-07-02,37.978,37.978,37.978,37.978,
2004-07-06,37.381,37.381,37.381,37.381,
2004-07-07,36.97,36.97,36.97,36.97,
2004-07-08,37.162,37.162,37.162,37.162,
2004-07-09,36.68,36.68,36.68,36.68,
2004-07-12,37.293,37.293,37.293,37.293,
2004-07-13,37.463,37.463,37.463,37.463,
2004-07-14,37.222,37.222,37.222,37.222,
2004-07-15,36.587,36.587,36.587,36.587,
2004-07-16,36.297,36.297,36.297,36.297,
2004-07-19,35.875,35.875,35.875,35.875,
2004-07-20,35.405,35.405,35.405,35.405,
2004-07-21,35.739,35.739,35.739,35.739,
2004-07-22,35.443,35.443,35.443,35.443,
2004-07-23,34.332,34.332,34.332,34.332,
2004-07-26,34.02,34.02,34.02,34.02,
2004-07-27,34.529,34.529,34.529,34.529,
2004-07-28,34.868,34.868,34.868,34.868,
2004-07-29,34.841,34.841,34.841,34.841,
2004-07-30,34.885,34.885,34.885,34.885,
2004-08-02,34.791,34.791,34.791,34.791,
2004-08-03,34.611,34.611,34.611,34.611,
2004-08-04,34.846,34.846,34.846,34.846,
2004-08-05,33.62,33.62,33.62,33.62,
2004-08-06,33.395,33.395,33.395,33.395,
2004-08-09,33.105,33.105,33.105,33.105,
2004-08-10,33.428,33.428,33.428,33.428,
2004-08-11,34.472,34.472,34.472,34.472,
2004-08-12,34.174,34.174,34.174,34.174,
2004-08-13,33.905,33.905,33.905,33.905,
2004-08-16,34.742,34.742,34.742,34.742,
2004-08-17,34.598,34.598,34.598,34.598,
2004-08-18,35.551,35.551,35.551,35.551,
2004-08-19,35.435,35.435,35.435,35.435,
2004-08-20,35.518,35.518,35.518,35.518,
2004-08-23,35.463,35.463,35.463,35.463,
2004-08-24,35.628,35.628,35.628,35.628,
2004-08-25,35.507,35.507,35.507,35.507,
2004-08-26,34.984,34.984,34.984,34.984,
2004-08-27,35.419,35.419,35.419,35.419,
2004-08-30,34.802,34.802,34.802,34.802,
2004-08-31,34.94,34.94,34.94,34.94,
2004-09-01,35.303,35.303,35.303,35.303,
2004-09-02,35.683,35.683,35.683,35.683,
2004-09-03,35.782,35.782,35.782,35.782,
2004-09-07,36.344,36.344,36.344,36.344,
2004-09-08,35.832,35.832,35.832,35.832,
2004-09-09,36.195,36.195,36.195,36.195,
2004-09-10,36.261,36.261,36.261,36.261,
2004-09-13,36.041,36.041,36.041,36.041,
2004-09-14,36.597,36.597,36.597,36.597,
2004-09-15,36.977,36.977,36.977,36.977,
2004-09-16,36.763,36.763,36.763,36.763,
2004-09-17,36.559,36.559,36.559,36.559,
2004-09-20,36.074,36.074,36.074,36.074,
2004-09-21,35.882,35.882,35.882,35.882,
2004-09-22,35.199,35.199,35.199,35.199,
2004-09-23,34.967,34.967,34.967,34.967,
2004-09-24,35.056,35.056,35.056,35.056,
2004-09-27,34.637,34.637,34.637,34.637,
2004-09-28,34.169,34.169,34.169,34.169,
2004-09-29,34.059,34.059,34.059,34.059,
2004-09-30,33.068,33.068,33.068,33.068,
2004-10-01,33.811,33.811,33.811,33.811,
2004-10-04,33.899,33.899,33.899,33.899,
2004-10-05,34.147,34.147,34.147,34.147,
2004-10-06,33.85,33.85,33.85,33.85,
2004-10-07,32.798,32.798,32.798,32.798,
2004-10-08,32.533,32.533,32.533,32.533,
2004-10-11,32.489,32.489,32.489,32.489,
2004-10-12,31.471,31.471,31.471,31.471,
2004-10-13,31.003,31.003,31.003,31.003,
2004-10-14,30.854,30.854,30.854,30.854,
2004-10-15,31.581,31.581,31.581,31.581,
2004-10-18,31.608,31.608,31.608,31.608,
2004-10-19,30.837,30.837,30.837,30.837,
2004-10-20,30.342,30.342,30.342,30.342,
2004-10-21,28.987,28.987,28.987,28.987,
2004-10-22,28.552,28.552,28.552,28.552,
2004-10-25,27.776,27.776,27.776,27.776,
2004-10-26,28.883,28.883,28.883,28.883,
2004-10-27,30.948,30.948,30.948,30.948,
2004-10-28,30.859,30.859,30.859,30.859,
2004-10-29,30.237,30.237,30.237,30.237,
2004-11-01,30.369,30.369,30.369,30.369,
2004-11-02,30.353,30.353,30.353,30.353,
2004-11-03,31.184,31.184,31.184,31.184,
2004-11-04,31.564,31.564,31.564,31.564,
2004-11-05,31.718,31.718,31.718,31.718,
2004-11-08,31.361,31.361,31.361,31.361,
2004-11-09,31.129,31.129,31.129,31.129,
2004-11-10,30.822,30.822,30.822,30.822,
2004-11-11,31.027,31.027,31.027,31.027,
2004-11-12,31.149,31.149,31.149,31.149,
2004-11-15,31.686,31.686,31.686,31.686,
2004-11-16,31.481,31.481,31.481,31.481,
2004-11-17,30.955,30.955,30.955,30.955,
2004-11-18,31.254,31.254,31.254,31.254,
2004-11-19,30.6,30.6,30.6,30.6,
2004-11-22,31.104,31.104,31.104,31.104,
2004-11-23,30.273,30.273,30.273,30.273,
2004-11-24,30.362,30.362,30.362,30.362,
2004-11-26,30.34,30.34,30.34,30.34,
2004-11-29,30.101,30.101,30.101,30.101,
2004-11-30,29.553,29.553,29.553,29.553,
2004-12-01,30.184,30.184,30.184,30.184,
2004-12-02,30.362,30.362,30.362,30.362,
2004-12-03,30.201,30.201,30.201,30.201,
2004-12-06,30.256,30.256,30.256,30.256,
2004-12-07,29.736,29.736,29.736,29.736,
2004-12-08,30.112,30.112,30.112,30.112,
2004-12-09,30.301,30.301,30.301,30.301,
2004-12-10,30.5,30.5,30.5,30.5,
2004-12-13,31.06,31.06,31.06,31.06,
2004-12-14,31.586,31.586,31.586,31.586,
2004-12-15,31.431,31.431,31.431,31.431,
2004-12-16,31.808,31.808,31.808,31.808,
2004-12-17,31.043,31.043,31.043,31.043,
2004-12-20,30.644,30.644,30.644,30.644,
2004-12-21,30.927,30.927,30.927,30.927,
2004-12-22,31.376,31.376,31.376,31.376,
2004-12-23,31.73,31.73,31.73,31.73,
2004-12-27,31.686,31.686,31.686,31.686,
2004-12-28,31.825,31.825,31.825,31.825,
2004-12-29,31.725,31.725,31.725,31.725,
2004-12-30,31.863,31.863,31.863,31.863,
2004-12-31,31.448,31.448,31.448,31.448,
2005-01-03,31.171,31.171,31.171,31.171,
2005-01-04,30.755,30.755,30.755,30.755,
2005-01-05,31.077,31.077,31.077,31.077,
2005-01-06,31.326,31.326,31.326,31.326,
2005-01-07,31.176,31.176,31.176,31.176,
2005-01-10,31.553,31.553,31.553,31.553,
2005-01-11,31.603,31.603,31.603,31.603,
2005-01-12,32.019,32.019,32.019,32.019,
2005-01-13,31.265,31.265,31.265,31.265,
2005-01-14,31.725,31.725,31.725,31.725,
2005-01-18,31.886,31.886,31.886,31.886,
2005-01-19,31.586,31.586,31.586,31.586,
2005-01-20,31.271,31.271,31.271,31.271,
2005-01-21,30.655,30.655,30.655,30.655,
2005-01-24,30.389,30.389,30.389,30.389,
2005-01-25,30.395,30.395,30.395,30.395,
2005-01-26,30.755,30.755,30.755,30.755,
2005-01-27,30.794,30.794,30.794,30.794,
2005-01-28,29.691,29.691,29.691,29.691,
2005-01-31,30.057,30.057,30.057,30.057,
2005-02-01,30.345,30.345,30.345,30.345,
2005-02-02,30.556,30.556,30.556,30.556,
2005-02-03,30.406,30.406,30.406,30.406,
2005-02-04,30.495,30.495,30.495,30.495,
2005-02-07,30.888,30.888,30.888,30.888,
2005-02-08,30.7,30.7,30.7,30.7,
2005-02-09,30.284,30.284,30.284,30.284,
2005-02-10,30.367,30.367,30.367,30.367,
2005-02-11,30.97,30.97,30.97,30.97,
2005-02-14,30.914,30.914,30.914,30.914,
2005-02-15,31.121,31.121,31.121,31.121,
2005-02-16,30.931,30.931,30.931,30.931,
2005-02-17,30.763,30.763,30.763,30.763,
2005-02-18,30.468,30.468,30.468,30.468,
2005-02-22,30.445,30.445,30.445,30.445,
2005-02-23,30.596,30.596,30.596,30.596,
2005-02-24,30.758,30.758,30.758,30.758,
2005-02-25,31.154,31.154,31.154,31.154,
2005-02-28,31.249,31.249,31.249,31.249,
2005-03-01,31.522,31.522,31.522,31.522,
2005-03-02,31.444,31.444,31.444,31.444,
2005-03-03,31.333,31.333,31.333,31.333,
2005-03-04,31.673,31.673,31.673,31.673,
2005-03-07,31.986,31.986,31.986,31.986,
2005-03-08,31.662,31.662,31.662,31.662,
2005-03-09,31.026,31.026,31.026,31.026,
2005-03-10,31.003,31.003,31.003,31.003,
2005-03-11,30.607,30.607,30.607,30.607,
2005-03-14,29.966,29.966,29.966,29.966,
2005-03-15,29.408,29.408,29.408,29.408,
2005-03-16,29.179,29.179,29.179,29.179,
2005-03-17,29.145,29.145,29.145,29.145,
2005-03-18,29.307,29.307,29.307,29.307,
2005-03-21,29.006,29.006,29.006,29.006,
2005-03-22,28.928,28.928,28.928,28.928,
2005-03-23,29.452,29.452,29.452,29.452,
2005-03-24,29.519,29.519,29.519,29.519,
2005-03-28,29.435,29.435,29.435,29.435,
2005-03-29,28.866,28.866,28.866,28.866,
2005-03-30,29.447,29.447,29.447,29.447,
2005-03-31,29.073,29.073,29.073,29.073,
2005-04-01,28.565,28.565,28.565,28.565,
2005-04-04,28.643,28.643,28.643,28.643,
2005-04-05,29.692,29.692,29.692,29.692,
2005-04-06,29.887,29.887,29.887,29.887,
2005-04-07,30.133,30.133,30.133,30.133,
2005-04-08,30.306,30.306,30.306,30.306,
2005-04-11,30.339,30.339,30.339,30.339,
2005-04-12,30.032,30.032,30.032,30.032,
2005-04-13,31.874,31.874,31.874,31.874,
2005-04-14,30.78,30.78,30.78,30.78,
2005-04-15,32.404,32.404,32.404,32.404,
2005-04-18,32.923,32.923,32.923,32.923,
2005-04-19,33.174,33.174,33.174,33.174,
2005-04-20,32.376,32.376,32.376,32.376,
2005-04-21,32.644,32.644,32.644,32.644,
2005-04-22,32.588,32.588,32.588,32.588,
2005-04-25,32.795,32.795,32.795,32.795,
2005-04-26,32.588,32.588,32.588,32.588,
2005-04-27,32.493,32.493,32.493,32.493,
2005-04-28,32.365,32.365,32.365,32.365,
2005-04-29,32.627,32.627,32.627,32.627,
2005-05-02,32.873,32.873,32.873,32.873,
2005-05-03,33.342,33.342,33.342,33.342,
2005-05-04,33.626,33.626,33.626,33.626,
2005-05-05,33.727,33.727,33.727,33.727,
2005-05-06,33.581,33.581,33.581,33.581,
2005-05-09,33.347,33.347,33.347,33.347,
2005-05-10,32.996,32.996,32.996,32.996,
2005-05-11,32.996,32.996,32.996,32.996,
2005-05-12,33.243,33.243,33.243,33.243,
2005-05-13,33.001,33.001,33.001,33.001,
2005-05-16,33.361,33.361,33.361,33.361,
2005-05-17,33.45,33.45,33.45,33.45,
2005-05-18,33.9,33.9,33.9,33.9,
2005-05-19,33.664,33.664,33.664,33.664,
2005-05-20,33.08,33.08,33.08,33.08,
2005-05-23,32.979,32.979,32.979,32.979,
2005-05-24,32.923,32.923,32.923,32.923,
2005-05-25,32.967,32.967,32.967,32.967,
2005-05-26,33.192,33.192,33.192,33.192,
2005-05-27,33.164,33.164,33.164,33.164,
2005-05-31,32.743,32.743,32.743,32.743,
2005-06-01,32.827,32.827,32.827,32.827,
2005-06-02,32.681,32.681,32.681,32.681,
2005-06-03,32.378,32.378,32.378,32.378,
2005-06-06,32.4,32.4,32.4,32.4,
2005-06-07,32.378,32.378,32.378,32.378,
2005-06-08,32.221,32.221,32.221,32.221,
2005-06-09,32.052,32.052,32.052,32.052,
2005-06-10,32.007,32.007,32.007,32.007,
2005-06-13,32.181,32.181,32.181,32.181,
2005-06-14,32.378,32.378,32.378,32.378,
2005-06-15,32.215,32.215,32.215,32.215,
2005-06-16,32.777,32.777,32.777,32.777,
2005-06-17,32.866,32.866,32.866,32.866,
2005-06-20,32.602,32.602,32.602,32.602,
2005-06-21,32.642,32.642,32.642,32.642,
2005-06-22,32.754,32.754,32.754,32.754,
2005-06-23,32.305,32.305,32.305,32.305,
2005-06-24,31.962,31.962,31.962,31.962,
2005-06-27,31.698,31.698,31.698,31.698,
2005-06-28,31.822,31.822,31.822,31.822,
2005-06-29,31.62,31.62,31.62,31.62,
2005-06-30,31.288,31.288,31.288,31.288,
2005-07-01,31.125,31.125,31.125,31.125,
2005-07-05,31.294,31.294,31.294,31.294,
2005-07-06,31.243,31.243,31.243,31.243,
2005-07-07,31.007,31.007,31.007,31.007,
2005-07-08,31.591,31.591,31.591,31.591,
2005-07-11,31.799,31.799,31.799,31.799,
2005-07-12,31.704,31.704,31.704,31.704,
2005-07-13,31.664,31.664,31.664,31.664,
2005-07-14,31.979,31.979,31.979,31.979,
2005-07-15,31.822,31.822,31.822,31.822,
2005-07-18,31.9,31.9,31.9,31.9,
2005-07-19,31.855,31.855,31.855,31.855,
2005-07-20,32.159,32.159,32.159,32.159,
2005-07-21,31.591,31.591,31.591,31.591,
2005-07-22,30.889,30.889,30.889,30.889,
2005-07-25,30.749,30.749,30.749,30.749,
2005-07-26,30.53,30.53,30.53,30.53,
2005-07-27,30.839,30.839,30.839,30.839,
2005-07-28,31.137,31.137,31.137,31.137,
2005-07-29,31.631,31.631,31.631,31.631,
2005-08-01,31.839,31.839,31.839,31.839,
2005-08-02,31.457,31.457,31.457,31.457,
2005-08-03,30.856,30.856,30.856,30.856,
2005-08-04,30.272,30.272,30.272,30.272,
2005-08-05,30.019,30.019,30.019,30.019,
2005-08-08,29.822,29.822,29.822,29.822,
2005-08-09,30.238,30.238,30.238,30.238,
2005-08-10,30.272,30.272,30.272,30.272,
2005-08-11,30.34,30.34,30.34,30.34,
2005-08-12,30.209,30.209,30.209,30.209,
2005-08-15,30.006,30.006,30.006,30.006,
2005-08-16,29.825,29.825,29.825,29.825,
2005-08-17,29.853,29.853,29.853,29.853,
2005-08-18,29.706,29.706,29.706,29.706,
2005-08-19,29.734,29.734,29.734,29.734,
2005-08-22,29.814,29.814,29.814,29.814,
2005-08-23,30.385,30.385,30.385,30.385,
2005-08-24,30.198,30.198,30.198,30.198,
2005-08-25,30.26,30.26,30.26,30.26,
2005-08-26,30.209,30.209,30.209,30.209,
2005-08-29,30.566,30.566,30.566,30.566,
2005-08-30,30.583,30.583,30.583,30.583,
2005-08-31,31.12,31.12,31.12,31.12,
2005-09-01,30.832,30.832,30.832,30.832,
2005-09-02,30.967,30.967,30.967,30.967,
2005-09-06,31.465,31.465,31.465,31.465,
2005-09-07,31.878,31.878,31.878,31.878,
2005-09-08,31.929,31.929,31.929,31.929,
2005-09-09,32.082,32.082,32.082,32.082,
2005-09-12,32.212,32.212,32.212,32.212,
2005-09-13,31.403,31.403,31.403,31.403,
2005-09-14,31.363,31.363,31.363,31.363,
2005-09-15,31.058,31.058,31.058,31.058,
2005-09-16,31.222,31.222,31.222,31.222,
2005-09-19,30.973,30.973,30.973,30.973,
2005-09-20,30.6,30.6,30.6,30.6,
2005-09-21,30.368,30.368,30.368,30.368,
2005-09-22,30.515,30.515,30.515,30.515,
2005-09-23,30.424,30.424,30.424,30.424,
2005-09-26,30.142,30.142,30.142,30.142,
2005-09-27,30.3,30.3,30.3,30.3,
2005-09-28,30.243,30.243,30.243,30.243,
2005-09-29,30.707,30.707,30.707,30.707,
2005-09-30,30.272,30.272,30.272,30.272,
2005-10-03,29.938,29.938,29.938,29.938,
2005-10-04,30.323,30.323,30.323,30.323,
2005-10-05,30.402,30.402,30.402,30.402,
2005-10-06,30.549,30.549,30.549,30.549,
2005-10-07,30.209,30.209,30.209,30.209,
2005-10-10,29.932,29.932,29.932,29.932,
2005-10-11,29.48,29.48,29.48,29.48,
2005-10-12,29.514,29.514,29.514,29.514,
2005-10-13,29.717,29.717,29.717,29.717,
2005-10-14,29.763,29.763,29.763,29.763,
2005-10-17,29.146,29.146,29.146,29.146,
2005-10-18,29.203,29.203,29.203,29.203,
2005-10-19,29.186,29.186,29.186,29.186,
2005-10-20,28.988,28.988,28.988,28.988,
2005-10-21,28.677,28.677,28.677,28.677,
2005-10-24,28.722,28.722,28.722,28.722,
2005-10-25,28.456,28.456,28.456,28.456,
2005-10-26,28.507,28.507,28.507,28.507,
2005-10-27,28.281,28.281,28.281,28.281,
2005-10-28,28.275,28.275,28.275,28.275,
2005-10-31,28.162,28.162,28.162,28.162,
2005-11-01,28.145,28.145,28.145,28.145,
2005-11-02,28.224,28.224,28.224,28.224,
2005-11-03,28.371,28.371,28.371,28.371,
2005-11-04,28.75,28.75,28.75,28.75,
2005-11-07,28.903,28.903,28.903,28.903,
2005-11-08,29.231,29.231,29.231,29.231,
2005-11-09,29.429,29.429,29.429,29.429,
2005-11-10,29.286,29.286,29.286,29.286,
2005-11-11,29.047,29.047,29.047,29.047,
2005-11-14,28.608,28.608,28.608,28.608,
2005-11-15,28.739,28.739,28.739,28.739,
2005-11-16,28.375,28.375,28.375,28.375,
2005-11-17,28.352,28.352,28.352,28.352,
2005-11-18,28.682,28.682,28.682,28.682,
2005-11-21,28.91,28.91,28.91,28.91,
2005-11-22,28.842,28.842,28.842,28.842,
2005-11-23,28.973,28.973,28.973,28.973,
2005-11-25,28.796,28.796,28.796,28.796,
2005-11-28,28.603,28.603,28.603,28.603,
2005-11-29,28.517,28.517,28.517,28.517,
2005-11-30,28.774,28.774,28.774,28.774,
2005-12-01,29.343,29.343,29.343,29.343,
2005-12-02,29.383,29.383,29.383,29.383,
2005-12-05,29.326,29.326,29.326,29.326,
2005-12-06,29.737,29.737,29.737,29.737,
2005-12-07,30.17,30.17,30.17,30.17,
2005-12-08,29.748,29.748,29.748,29.748,
2005-12-09,30.432,30.432,30.432,30.432,
2005-12-12,31.036,31.036,31.036,31.036,
2005-12-13,31.736,31.736,31.736,31.736,
2005-12-14,31.885,31.885,31.885,31.885,
2005-12-15,32.067,32.067,32.067,32.067,
2005-12-16,32.283,32.283,32.283,32.283,
2005-12-19,32.813,32.813,32.813,32.813,
2005-12-20,32.489,32.489,32.489,32.489,
2005-12-21,32.477,32.477,32.477,32.477,
2005-12-22,32.546,32.546,32.546,32.546,
2005-12-23,32.876,32.876,32.876,32.876,
2005-12-27,32.939,32.939,32.939,32.939,
2005-12-28,32.905,32.905,32.905,32.905,
2005-12-29,32.739,32.739,32.739,32.739,
2005-12-30,32.244,32.244,32.244,32.244,
2006-01-03,32.682,32.682,32.682,32.682,
2006-01-04,32.523,32.523,32.523,32.523,
2006-01-05,32.699,32.699,32.699,32.699,
2006-01-06,32.944,32.944,32.944,32.944,
2006-01-09,33.377,33.377,33.377,33.377,
2006-01-10,33.15,33.15,33.15,33.15,
2006-01-11,33.15,33.15,33.15,33.15,
2006-01-12,33.018,33.018,33.018,33.018,
2006-01-13,33.018,33.018,33.018,33.018,
2006-01-17,32.631,32.631,32.631,32.631,
2006-01-18,32.454,32.454,32.454,32.454,
2006-01-19,32.58,32.58,32.58,32.58,
2006-01-20,32.42,32.42,32.42,32.42,
2006-01-23,32.597,32.597,32.597,32.597,
2006-01-24,32.54,32.54,32.54,32.54,
2006-01-25,32.574,32.574,32.574,32.574,
2006-01-26,32.437,32.437,32.437,32.437,
2006-01-27,32.791,32.791,32.791,32.791,
2006-01-30,32.688,32.688,32.688,32.688,
2006-01-31,32.261,32.261,32.261,32.261,
2006-02-01,32.415,32.415,32.415,32.415,
2006-02-02,32.078,32.078,32.078,32.078,
2006-02-03,31.828,31.828,31.828,31.828,
2006-02-06,31.577,31.577,31.577,31.577,
2006-02-07,31.326,31.326,31.326,31.326,
2006-02-08,31.736,31.736,31.736,31.736,
2006-02-09,32.078,32.078,32.078,32.078,
2006-02-10,32.01,32.01,32.01,32.01,
2006-02-13,31.763,31.763,31.763,31.763,
2006-02-14,31.838,31.838,31.838,31.838,
2006-02-15,32.148,32.148,32.148,32.148,
2006-02-16,32.343,32.343,32.343,32.343,
2006-02-17,32.044,32.044,32.044,32.044,
2006-02-21,31.849,31.849,31.849,31.849,
2006-02-22,32.194,32.194,32.194,32.194,
2006-02-23,32.096,32.096,32.096,32.096,
2006-02-24,32.148,32.148,32.148,32.148,
2006-02-27,32.555,32.555,32.555,32.555,
2006-02-28,31.918,31.918,31.918,31.918,
2006-03-01,32.073,32.073,32.073,32.073,
2006-03-02,31.993,31.993,31.993,31.993,
2006-03-03,31.97,31.97,31.97,31.97,
2006-03-06,32.417,32.417,32.417,32.417,
2006-03-07,32.486,32.486,32.486,32.486,
2006-03-08,32.917,32.917,32.917,32.917,
2006-03-09,32.756,32.756,32.756,32.756,
2006-03-10,32.854,32.854,32.854,32.854,
2006-03-13,32.848,32.848,32.848,32.848,
2006-03-14,33.026,33.026,33.026,33.026,
2006-03-15,32.693,32.693,32.693,32.693,
2006-03-16,32.842,32.842,32.842,32.842,
2006-03-17,32.762,32.762,32.762,32.762,
2006-03-20,32.951,32.951,32.951,32.951,
2006-03-21,32.888,32.888,32.888,32.888,
2006-03-22,33.565,33.565,33.565,33.565,
2006-03-23,33.307,33.307,33.307,33.307,
2006-03-24,33.777,33.777,33.777,33.777,
2006-03-27,33.668,33.668,33.668,33.668,
2006-03-28,32.354,32.354,32.354,32.354,
2006-03-29,32.32,32.32,32.32,32.32,
2006-03-30,32.165,32.165,32.165,32.165,
2006-03-31,31.735,31.735,31.735,31.735,
2006-04-03,31.7,31.7,31.7,31.7,
2006-04-04,31.654,31.654,31.654,31.654,
2006-04-05,31.488,31.488,31.488,31.488,
2006-04-06,31.264,31.264,31.264,31.264,
2006-04-07,30.725,30.725,30.725,30.725,
2006-04-10,30.627,30.627,30.627,30.627,
2006-04-11,30.472,30.472,30.472,30.472,
2006-04-12,30.656,30.656,30.656,30.656,
2006-04-13,30.57,30.57,30.57,30.57,
2006-04-17,30.42,30.42,30.42,30.42,
2006-04-18,31.275,31.275,31.275,31.275,
2006-04-19,31.361,31.361,31.361,31.361,
2006-04-20,30.77,30.77,30.77,30.77,
2006-04-21,30.374,30.374,30.374,30.374,
2006-04-24,30.162,30.162,30.162,30.162,
2006-04-25,29.961,29.961,29.961,29.961,
2006-04-26,29.979,29.979,29.979,29.979,
2006-04-27,30.271,30.271,30.271,30.271,
2006-04-28,30.369,30.369,30.369,30.369,
2006-05-01,30.013,30.013,30.013,30.013,
2006-05-02,29.801,29.801,29.801,29.801,
2006-05-03,29.818,29.818,29.818,29.818,
2006-05-04,29.852,29.852,29.852,29.852,
2006-05-05,30.38,30.38,30.38,30.38,
2006-05-08,30.363,30.363,30.363,30.363,
2006-05-09,29.95,29.95,29.95,29.95,
2006-05-10,29.875,29.875,29.875,29.875,
2006-05-11,29.563,29.563,29.563,29.563,
2006-05-12,29.17,29.17,29.17,29.17,
2006-05-15,29.939,29.939,29.939,29.939,
2006-05-16,29.956,29.956,29.956,29.956,
2006-05-17,29.494,29.494,29.494,29.494,
2006-05-18,29.355,29.355,29.355,29.355,
2006-05-19,29.499,29.499,29.499,29.499,
2006-05-22,29.297,29.297,29.297,29.297,
2006-05-23,29.152,29.152,29.152,29.152,
2006-05-24,29.343,29.343,29.343,29.343,
2006-05-25,29.852,29.852,29.852,29.852,
2006-05-26,30.228,30.228,30.228,30.228,
2006-05-30,29.748,29.748,29.748,29.748,
2006-05-31,29.864,29.864,29.864,29.864,
2006-06-01,30.066,30.066,30.066,30.066,
2006-06-02,30.089,30.089,30.089,30.089,
2006-06-05,29.696,29.696,29.696,29.696,
2006-06-06,29.58,29.58,29.58,29.58,
2006-06-07,29.904,29.904,29.904,29.904,
2006-06-08,29.933,29.933,29.933,29.933,
2006-06-09,29.921,29.921,29.921,29.921,
2006-06-12,29.846,29.846,29.846,29.846,
2006-06-13,29.846,29.846,29.846,29.846,
2006-06-14,30.748,30.748,30.748,30.748,
2006-06-15,31.257,31.257,31.257,31.257,
2006-06-16,31.373,31.373,31.373,31.373,
2006-06-19,31.512,31.512,31.512,31.512,
2006-06-20,31.743,31.743,31.743,31.743,
2006-06-21,31.651,31.651,31.651,31.651,
2006-06-22,31.57,31.57,31.57,31.57,
2006-06-23,31.402,31.402,31.402,31.402,
2006-06-26,31.454,31.454,31.454,31.454,
2006-06-27,30.922,30.922,30.922,30.922,
2006-06-28,30.905,30.905,30.905,30.905,
2006-06-29,31.535,31.535,31.535,31.535,
2006-06-30,31.963,31.963,31.963,31.963,
2006-07-03,32.2,32.2,32.2,32.2,
2006-07-05,32.512,32.512,32.512,32.512,
2006-07-06,32.773,32.773,32.773,32.773,
2006-07-07,32.524,32.524,32.524,32.524,
2006-07-10,32.541,32.541,32.541,32.541,
2006-07-11,32.345,32.345,32.345,32.345,
2006-07-12,32.165,32.165,32.165,32.165,
2006-07-13,31.737,31.737,31.737,31.737,
2006-07-14,31.552,31.552,31.552,31.552,
2006-07-17,31.691,31.691,31.691,31.691,
2006-07-18,31.789,31.789,31.789,31.789,
2006-07-19,32.431,32.431,32.431,32.431,
2006-07-20,32.535,32.535,32.535,32.535,
2006-07-21,31.604,31.604,31.604,31.604,
2006-07-24,32.391,32.391,32.391,32.391,
2006-07-25,32.125,32.125,32.125,32.125,
2006-07-26,32.107,32.107,32.107,32.107,
2006-07-27,32.188,32.188,32.188,32.188,
2006-07-28,32.911,32.911,32.911,32.911,
2006-07-31,32.83,32.83,32.83,32.83,
2006-08-01,32.553,32.553,32.553,32.553,
2006-08-02,32.923,32.923,32.923,32.923,
2006-08-03,32.755,32.755,32.755,32.755,
2006-08-04,32.541,32.541,32.541,32.541,
2006-08-07,32.142,32.142,32.142,32.142,
2006-08-08,31.894,31.894,31.894,31.894,
2006-08-09,31.807,31.807,31.807,31.807,
2006-08-10,31.974,31.974,31.974,31.974,
2006-08-11,31.666,31.666,31.666,31.666,
2006-08-14,31.701,31.701,31.701,31.701,
2006-08-15,32.207,32.207,32.207,32.207,
2006-08-16,32.365,32.365,32.365,32.365,
2006-08-17,32.592,32.592,32.592,32.592,
2006-08-18,32.056,32.056,32.056,32.056,
2006-08-21,31.969,31.969,31.969,31.969,
2006-08-22,32.027,32.027,32.027,32.027,
2006-08-23,32.068,32.068,32.068,32.068,
2006-08-24,32.178,32.178,32.178,32.178,
2006-08-25,32.073,32.073,32.073,32.073,
2006-08-28,32.528,32.528,32.528,32.528,
2006-08-29,32.685,32.685,32.685,32.685,
2006-08-30,32.656,32.656,32.656,32.656,
2006-08-31,32.58,32.58,32.58,32.58,
2006-09-01,32.621,32.621,32.621,32.621,
2006-09-05,32.458,32.458,32.458,32.458,
2006-09-06,32.26,32.26,32.26,32.26,
2006-09-07,31.963,31.963,31.963,31.963,
2006-09-08,32.19,32.19,32.19,32.19,
2006-09-11,31.607,31.607,31.607,31.607,
2006-09-12,32.126,32.126,32.126,32.126,
2006-09-13,32.161,32.161,32.161,32.161,
2006-09-14,32.033,32.033,32.033,32.033,
2006-09-15,31.922,31.922,31.922,31.922,
2006-09-18,32.126,32.126,32.126,32.126,
2006-09-19,32.05,32.05,32.05,32.05,
2006-09-20,32.475,32.475,32.475,32.475,
2006-09-21,32.604,32.604,32.604,32.604,
2006-09-22,32.58,32.58,32.58,32.58,
2006-09-25,32.959,32.959,32.959,32.959,
2006-09-26,33.116,33.116,33.116,33.116,
2006-09-27,33.209,33.209,33.209,33.209,
2006-09-28,33.39,33.39,33.39,33.39,
2006-09-29,33.204,33.204,33.204,33.204,
2006-10-02,33.081,33.081,33.081,33.081,
2006-10-03,33.023,33.023,33.023,33.023,
2006-10-04,33.553,33.553,33.553,33.553,
2006-10-05,33.646,33.646,33.646,33.646,
2006-10-06,33.53,33.53,33.53,33.53,
2006-10-09,33.501,33.501,33.501,33.501,
2006-10-10,33.349,33.349,33.349,33.349,
2006-10-11,33.239,33.239,33.239,33.239,
2006-10-12,33.524,33.524,33.524,33.524,
2006-10-13,33.419,33.419,33.419,33.419,
2006-10-16,33.588,33.588,33.588,33.588,
2006-10-17,33.524,33.524,33.524,33.524,
2006-10-18,33.932,33.932,33.932,33.932,
2006-10-19,33.489,33.489,33.489,33.489,
2006-10-20,33.343,33.343,33.343,33.343,
2006-10-23,33.734,33.734,33.734,33.734,
2006-10-24,33.658,33.658,33.658,33.658,
2006-10-25,33.489,33.489,33.489,33.489,
2006-10-26,33.373,33.373,33.373,33.373,
2006-10-27,33.221,33.221,33.221,33.221,
2006-10-30,32.807,32.807,32.807,32.807,
2006-10-31,32.627,32.627,32.627,32.627,
2006-11-01,32.615,32.615,32.615,32.615,
2006-11-02,32.837,32.837,32.837,32.837,
2006-11-03,32.668,32.668,32.668,32.668,
2006-11-06,33.011,33.011,33.011,33.011,
2006-11-07,33.192,33.192,33.192,33.192,
2006-11-08,32.901,32.901,32.901,32.901,
2006-11-09,31.963,31.963,31.963,31.963,
2006-11-10,31.538,31.538,31.538,31.538,
2006-11-13,31.725,31.725,31.725,31.725,
2006-11-14,31.602,31.602,31.602,31.602,
2006-11-15,31.907,31.907,31.907,31.907,
2006-11-16,32.019,32.019,32.019,32.019,
2006-11-17,32.013,32.013,32.013,32.013,
2006-11-20,31.913,31.913,31.913,31.913,
2006-11-21,31.719,31.719,31.719,31.719,
2006-11-22,31.708,31.708,31.708,31.708,
2006-11-24,31.631,31.631,31.631,31.631,
2006-11-27,31.444,31.444,31.444,31.444,
2006-11-28,31.526,31.526,31.526,31.526,
2006-11-29,31.714,31.714,31.714,31.714,
2006-11-30,31.45,31.45,31.45,31.45,
2006-12-01,31.338,31.338,31.338,31.338,
2006-12-04,31.708,31.708,31.708,31.708,
2006-12-05,32.101,32.101,32.101,32.101,
2006-12-06,32.195,32.195,32.195,32.195,
2006-12-07,31.684,31.684,31.684,31.684,
2006-12-08,31.69,31.69,31.69,31.69,
2006-12-11,31.678,31.678,31.678,31.678,
2006-12-12,31.631,31.631,31.631,31.631,
2006-12-13,31.508,31.508,31.508,31.508,
2006-12-14,31.673,31.673,31.673,31.673,
2006-12-15,31.995,31.995,31.995,31.995,
2006-12-18,31.238,31.238,31.238,31.238,
2006-12-19,30.88,30.88,30.88,30.88,
2006-12-20,30.751,30.751,30.751,30.751,
2006-12-21,30.393,30.393,30.393,30.393,
2006-12-22,30.135,30.135,30.135,30.135,
2006-12-26,30.387,30.387,30.387,30.387,
2006-12-27,30.516,30.516,30.516,30.516,
2006-12-28,30.522,30.522,30.522,30.522,
2006-12-29,30.575,30.575,30.575,30.575,
2007-01-03,30.663,30.663,30.663,30.663,
2007-01-04,30.728,30.728,30.728,30.728,
2007-01-05,30.54,30.54,30.54,30.54,
2007-01-08,30.399,30.399,30.399,30.399,
2007-01-09,30.417,30.417,30.417,30.417,
2007-01-10,30.317,30.317,30.317,30.317,
2007-01-11,30.651,30.651,30.651,30.651,
2007-01-12,30.869,30.869,30.869,30.869,
2007-01-16,31.033,31.033,31.033,31.033,
2007-01-17,31.015,31.015,31.015,31.015,
2007-01-18,31.127,31.127,31.127,31.127,
2007-01-19,31.08,31.08,31.08,31.08,
2007-01-22,30.945,30.945,30.945,30.945,
2007-01-23,30.898,30.898,30.898,30.898,
2007-01-24,31.297,31.297,31.297,31.297,
2007-01-25,31.18,31.18,31.18,31.18,
2007-01-26,30.98,30.98,30.98,30.98,
2007-01-29,31.015,31.015,31.015,31.015,
2007-01-30,30.945,30.945,30.945,30.945,
2007-01-31,31.761,31.761,31.761,31.761,
2007-02-01,32.142,32.142,32.142,32.142,
2007-02-02,32.042,32.042,32.042,32.042,
2007-02-05,32.083,32.083,32.083,32.083,
2007-02-06,32.066,32.066,32.066,32.066,
2007-02-07,31.937,31.937,31.937,31.937,
2007-02-08,31.813,31.813,31.813,31.813,
2007-02-09,31.825,31.825,31.825,31.825,
2007-02-12,31.931,31.931,31.931,31.931,
2007-02-13,32.105,32.105,32.105,32.105,
2007-02-14,32.448,32.448,32.448,32.448,
2007-02-15,32.507,32.507,32.507,32.507,
2007-02-16,32.525,32.525,32.525,32.525,
2007-02-20,32.513,32.513,32.513,32.513,
2007-02-21,32.247,32.247,32.247,32.247,
2007-02-22,32.022,32.022,32.022,32.022,
2007-02-23,32.064,32.064,32.064,32.064,
2007-02-26,32.176,32.176,32.176,32.176,
2007-02-27,31.348,31.348,31.348,31.348,
2007-02-28,31.106,31.106,31.106,31.106,
2007-03-01,30.905,30.905,30.905,30.905,
2007-03-02,30.621,30.621,30.621,30.621,
2007-03-05,30.538,30.538,30.538,30.538,
2007-03-06,30.893,30.893,30.893,30.893,
2007-03-07,30.674,30.674,30.674,30.674,
2007-03-08,30.97,30.97,30.97,30.97,
2007-03-09,31.106,31.106,31.106,31.106,
2007-03-12,31.23,31.23,31.23,31.23,
2007-03-13,30.798,30.798,30.798,30.798,
2007-03-14,30.698,30.698,30.698,30.698,
2007-03-15,30.786,30.786,30.786,30.786,
2007-03-16,30.863,30.863,30.863,30.863,
2007-03-19,31.159,31.159,31.159,31.159,
2007-03-20,31.212,31.212,31.212,31.212,
2007-03-21,31.833,31.833,31.833,31.833,
2007-03-22,32.04,32.04,32.04,32.04,
2007-03-23,31.827,31.827,31.827,31.827,
2007-03-26,31.768,31.768,31.768,31.768,
2007-03-27,31.508,31.508,31.508,31.508,
2007-03-28,31.354,31.354,31.354,31.354,
2007-03-29,31.591,31.591,31.591,31.591,
2007-03-30,31.768,31.768,31.768,31.768,
2007-04-02,32.17,32.17,32.17,32.17,
2007-04-03,32.383,32.383,32.383,32.383,
2007-04-04,32.626,32.626,32.626,32.626,
2007-04-05,32.815,32.815,32.815,32.815,
2007-04-09,32.874,32.874,32.874,32.874,
2007-04-10,32.933,32.933,32.933,32.933,
2007-04-11,32.88,32.88,32.88,32.88,
2007-04-12,33.087,33.087,33.087,33.087,
2007-04-13,33.643,33.643,33.643,33.643,
2007-04-16,34.542,34.542,34.542,34.542,
2007-04-17,34.82,34.82,34.82,34.82,
2007-04-18,34.98,34.98,34.98,34.98,
2007-04-19,35.5,35.5,35.5,35.5,
2007-04-20,35.82,35.82,35.82,35.82,
2007-04-23,35.27,35.27,35.27,35.27,
2007-04-24,35.063,35.063,35.063,35.063,
2007-04-25,35.199,35.199,35.199,35.199,
2007-04-26,35.329,35.329,35.329,35.329,
2007-04-27,35.258,35.258,35.258,35.258,
2007-04-30,34.974,34.974,34.974,34.974,
2007-05-01,34.832,34.832,34.832,34.832,
2007-05-02,34.992,34.992,34.992,34.992,
2007-05-03,34.98,34.98,34.98,34.98,
2007-05-04,35.216,35.216,35.216,35.216,
2007-05-07,35.323,35.323,35.323,35.323,
2007-05-08,35.388,35.388,35.388,35.388,
2007-05-09,35.341,35.341,35.341,35.341,
2007-05-10,34.725,34.725,34.725,34.725,
2007-05-11,34.812,34.812,34.812,34.812,
2007-05-14,35.277,35.277,35.277,35.277,
2007-05-15,35.294,35.294,35.294,35.294,
2007-05-16,35.217,35.217,35.217,35.217,
2007-05-17,35.163,35.163,35.163,35.163,
2007-05-18,35.372,35.372,35.372,35.372,
2007-05-21,35.521,35.521,35.521,35.521,
2007-05-22,35.467,35.467,35.467,35.467,
2007-05-23,35.39,35.39,35.39,35.39,
2007-05-24,35.265,35.265,35.265,35.265,
2007-05-25,35.366,35.366,35.366,35.366,
2007-05-29,35.426,35.426,35.426,35.426,
2007-05-30,35.294,35.294,35.294,35.294,
2007-05-31,34.925,34.925,34.925,34.925,
2007-06-01,35.116,35.116,35.116,35.116,
2007-06-04,35.247,35.247,35.247,35.247,
2007-06-05,35.151,35.151,35.151,35.151,
2007-06-06,34.728,34.728,34.728,34.728,
2007-06-07,33.918,33.918,33.918,33.918,
2007-06-08,33.972,33.972,33.972,33.972,
2007-06-11,34.145,34.145,34.145,34.145,
2007-06-12,33.829,33.829,33.829,33.829,
2007-06-13,33.924,33.924,33.924,33.924,
2007-06-14,34.186,34.186,34.186,34.186,
2007-06-15,34.389,34.389,34.389,34.389,
2007-06-18,34.204,34.204,34.204,34.204,
2007-06-19,34.407,34.407,34.407,34.407,
2007-06-20,33.823,33.823,33.823,33.823,
2007-06-21,33.847,33.847,33.847,33.847,
2007-06-22,33.245,33.245,33.245,33.245,
2007-06-25,33.054,33.054,33.054,33.054,
2007-06-26,33.287,33.287,33.287,33.287,
2007-06-27,33.555,33.555,33.555,33.555,
2007-06-28,33.471,33.471,33.471,33.471,
2007-06-29,33.293,33.293,33.293,33.293,
2007-07-02,33.799,33.799,33.799,33.799,
2007-07-03,33.835,33.835,33.835,33.835,
2007-07-05,33.698,33.698,33.698,33.698,
2007-07-06,33.745,33.745,33.745,33.745,
2007-07-09,33.388,33.388,33.388,33.388,
2007-07-10,33.03,33.03,33.03,33.03,
2007-07-11,33.221,33.221,33.221,33.221,
2007-07-12,33.835,33.835,33.835,33.835,
2007-07-13,33.912,33.912,33.912,33.912,
2007-07-16,33.894,33.894,33.894,33.894,
2007-07-17,33.602,33.602,33.602,33.602,
2007-07-18,33.394,33.394,33.394,33.394,
2007-07-19,33.59,33.59,33.59,33.59,
2007-07-20,33.382,33.382,33.382,33.382,
2007-07-23,34.061,34.061,34.061,34.061,
2007-07-24,34.061,34.061,34.061,34.061,
2007-07-25,34.818,34.818,34.818,34.818,
2007-07-26,33.781,33.781,33.781,33.781,
2007-07-27,32.78,32.78,32.78,32.78,
2007-07-30,32.631,32.631,32.631,32.631,
2007-07-31,32.226,32.226,32.226,32.226,
2007-08-01,32.292,32.292,32.292,32.292,
2007-08-02,32.53,32.53,32.53,32.53,
2007-08-03,32.25,32.25,32.25,32.25,
2007-08-06,33.495,33.495,33.495,33.495,
2007-08-07,33.674,33.674,33.674,33.674,
2007-08-08,34.794,34.794,34.794,34.794,
2007-08-09,34.466,34.466,34.466,34.466,
2007-08-10,34.055,34.055,34.055,34.055,
2007-08-13,34.172,34.172,34.172,34.172,
2007-08-14,33.278,33.278,33.278,33.278,
2007-08-15,33.122,33.122,33.122,33.122,
2007-08-16,32.912,32.912,32.912,32.912,
2007-08-17,33.5,33.5,33.5,33.5,
2007-08-20,33.392,33.392,33.392,33.392,
2007-08-21,33.182,33.182,33.182,33.182,
2007-08-22,33.458,33.458,33.458,33.458,
2007-08-23,33.536,33.536,33.536,33.536,
2007-08-24,33.98,33.98,33.98,33.98,
2007-08-27,33.848,33.848,33.848,33.848,
2007-08-28,33.674,33.674,33.674,33.674,
2007-08-29,33.806,33.806,33.806,33.806,
2007-08-30,34.016,34.016,34.016,34.016,
2007-08-31,34.424,34.424,34.424,34.424,
2007-09-04,34.893,34.893,34.893,34.893,
2007-09-05,34.388,34.388,34.388,34.388,
2007-09-06,34.484,34.484,34.484,34.484,
2007-09-07,33.716,33.716,33.716,33.716,
2007-09-10,33.698,33.698,33.698,33.698,
2007-09-11,33.974,33.974,33.974,33.974,
2007-09-12,34.244,34.244,34.244,34.244,
2007-09-13,34.322,34.322,34.322,34.322,
2007-09-14,34.106,34.106,34.106,34.106,
2007-09-17,33.584,33.584,33.584,33.584,
2007-09-18,34.298,34.298,34.298,34.298,
2007-09-19,34.532,34.532,34.532,34.532,
2007-09-20,34.262,34.262,34.262,34.262,
2007-09-21,34.586,34.586,34.586,34.586,
2007-09-24,34.532,34.532,34.532,34.532,
2007-09-25,34.34,34.34,34.34,34.34,
2007-09-26,34.454,34.454,34.454,34.454,
2007-09-27,34.436,34.436,34.436,34.436,
2007-09-28,34.172,34.172,34.172,34.172,
2007-10-01,34.989,34.989,34.989,34.989,
2007-10-02,35.067,35.067,35.067,35.067,
2007-10-03,35.343,35.343,35.343,35.343,
2007-10-04,35.391,35.391,35.391,35.391,
2007-10-05,35.697,35.697,35.697,35.697,
2007-10-08,35.415,35.415,35.415,35.415,
2007-10-09,35.145,35.145,35.145,35.145,
2007-10-10,35.055,35.055,35.055,35.055,
2007-10-11,35.025,35.025,35.025,35.025,
2007-10-12,35.133,35.133,35.133,35.133,
2007-10-15,34.779,34.779,34.779,34.779,
2007-10-16,34.304,34.304,34.304,34.304,
2007-10-17,34.184,34.184,34.184,34.184,
2007-10-18,34.004,34.004,34.004,34.004,
2007-10-19,33.65,33.65,33.65,33.65,
2007-10-22,33.662,33.662,33.662,33.662,
2007-10-23,34.292,34.292,34.292,34.292,
2007-10-24,33.704,33.704,33.704,33.704,
2007-10-25,31.471,31.471,31.471,31.471,
2007-10-26,31.621,31.621,31.621,31.621,
2007-10-29,32.125,32.125,32.125,32.125,
2007-10-30,32.227,32.227,32.227,32.227,
2007-10-31,32.504,32.504,32.504,32.504,
2007-11-01,31.675,31.675,31.675,31.675,
2007-11-02,31.615,31.615,31.615,31.615,
2007-11-05,31.309,31.309,31.309,31.309,
2007-11-06,31.501,31.501,31.501,31.501,
2007-11-07,30.931,30.931,30.931,30.931,
2007-11-08,30.985,30.985,30.985,30.985,
2007-11-09,30.919,30.919,30.919,30.919,
2007-11-12,31.513,31.513,31.513,31.513,
2007-11-13,31.855,31.855,31.855,31.855,
2007-11-14,32.091,32.091,32.091,32.091,
2007-11-15,31.504,31.504,31.504,31.504,
2007-11-16,31.353,31.353,31.353,31.353,
2007-11-19,30.723,30.723,30.723,30.723,
2007-11-20,30.469,30.469,30.469,30.469,
2007-11-21,29.707,29.707,29.707,29.707,
2007-11-23,30.736,30.736,30.736,30.736,
2007-11-26,30.058,30.058,30.058,30.058,
2007-11-27,30.808,30.808,30.808,30.808,
2007-11-28,31.625,31.625,31.625,31.625,
2007-11-29,31.946,31.946,31.946,31.946,
2007-11-30,32.043,32.043,32.043,32.043,
2007-12-03,31.788,31.788,31.788,31.788,
2007-12-04,31.534,31.534,31.534,31.534,
2007-12-05,32.369,32.369,32.369,32.369,
2007-12-06,32.636,32.636,32.636,32.636,
2007-12-07,32.86,32.86,32.86,32.86,
2007-12-10,33.15,33.15,33.15,33.15,
2007-12-11,32.714,32.714,32.714,32.714,
2007-12-12,32.726,32.726,32.726,32.726,
2007-12-13,32.787,32.787,32.787,32.787,
2007-12-14,32.503,32.503,32.503,32.503,
2007-12-17,32.182,32.182,32.182,32.182,
2007-12-18,32.369,32.369,32.369,32.369,
2007-12-19,32.182,32.182,32.182,32.182,
2007-12-20,32.212,32.212,32.212,32.212,
2007-12-21,32.817,32.817,32.817,32.817,
2007-12-24,32.975,32.975,32.975,32.975,
2007-12-26,32.866,32.866,32.866,32.866,
2007-12-27,32.605,32.605,32.605,32.605,
2007-12-28,32.708,32.708,32.708,32.708,
2007-12-31,32.309,32.309,32.309,32.309,
2008-01-02,31.801,31.801,31.801,31.801,
2008-01-03,32.067,32.067,32.067,32.067,
2008-01-04,31.347,31.347,31.347,31.347,
2008-01-07,33.011,33.011,33.011,33.011,
2008-01-08,33.925,33.925,33.925,33.925,
2008-01-09,34.409,34.409,34.409,34.409,
2008-01-10,34.403,34.403,34.403,34.403,
2008-01-11,34.379,34.379,34.379,34.379,
2008-01-14,34.602,34.602,34.602,34.602,
2008-01-15,34.245,34.245,34.245,34.245,
2008-01-16,33.931,33.931,33.931,33.931,
2008-01-17,33.186,33.186,33.186,33.186,
2008-01-18,32.503,32.503,32.503,32.503,
2008-01-22,31.571,31.571,31.571,31.571,
2008-01-23,31.577,31.577,31.577,31.577,
2008-01-24,31.056,31.056,31.056,31.056,
2008-01-25,30.705,30.705,30.705,30.705,
2008-01-28,31.105,31.105,31.105,31.105,
2008-01-29,31.655,31.655,31.655,31.655,
2008-01-30,31.074,31.074,31.074,31.074,
2008-01-31,31.099,31.099,31.099,31.099,
2008-02-01,31.262,31.262,31.262,31.262,
2008-02-04,31.516,31.516,31.516,31.516,
2008-02-05,31.008,31.008,31.008,31.008,
2008-02-06,31.105,31.105,31.105,31.105,
2008-02-07,30.996,30.996,30.996,30.996,
2008-02-08,30.397,30.397,30.397,30.397,
2008-02-11,30.397,30.397,30.397,30.397,
2008-02-12,30.875,30.875,30.875,30.875,
2008-02-13,30.746,30.746,30.746,30.746,
2008-02-14,30.527,30.527,30.527,30.527,
2008-02-15,31.04,31.04,31.04,31.04,
2008-02-19,30.722,30.722,30.722,30.722,
2008-02-20,30.765,30.765,30.765,30.765,
2008-02-21,30.429,30.429,30.429,30.429,
2008-02-22,30.85,30.85,30.85,30.85,
2008-02-25,31.333,31.333,31.333,31.333,
2008-02-26,32.035,32.035,32.035,32.035,
2008-02-27,31.657,31.657,31.657,31.657,
2008-02-28,31.107,31.107,31.107,31.107,
2008-02-29,30.551,30.551,30.551,30.551,
2008-03-03,30.655,30.655,30.655,30.655,
2008-03-04,30.545,30.545,30.545,30.545,
2008-03-05,30.795,30.795,30.795,30.795,
2008-03-06,30.343,30.343,30.343,30.343,
2008-03-07,30.356,30.356,30.356,30.356,
2008-03-10,30.185,30.185,30.185,30.185,
2008-03-11,30.899,30.899,30.899,30.899,
2008-03-12,30.404,30.404,30.404,30.404,
2008-03-13,30.026,30.026,30.026,30.026,
2008-03-14,29.201,29.201,29.201,29.201,
2008-03-17,29.849,29.849,29.849,29.849,
2008-03-18,30.49,30.49,30.49,30.49,
2008-03-19,30.52,30.52,30.52,30.52,
2008-03-20,30.441,30.441,30.441,30.441,
2008-03-24,30.6,30.6,30.6,30.6,
2008-03-25,30.643,30.643,30.643,30.643,
2008-03-26,30.655,30.655,30.655,30.655,
2008-03-27,30.801,30.801,30.801,30.801,
2008-03-28,30.716,30.716,30.716,30.716,
2008-03-31,31.51,31.51,31.51,31.51,
2008-04-01,31.779,31.779,31.779,31.779,
2008-04-02,31.614,31.614,31.614,31.614,
2008-04-03,31.638,31.638,31.638,31.638,
2008-04-04,31.931,31.931,31.931,31.931,
2008-04-07,32.408,32.408,32.408,32.408,
2008-04-08,31.944,31.944,31.944,31.944,
2008-04-09,31.62,31.62,31.62,31.62,
2008-04-10,31.999,31.999,31.999,31.999,
2008-04-11,31.718,31.718,31.718,31.718,
2008-04-14,31.65,31.65,31.65,31.65,
2008-04-15,31.486,31.486,31.486,31.486,
2008-04-16,32.096,32.096,32.096,32.096,
2008-04-17,31.388,31.388,31.388,31.388,
2008-04-18,31.803,31.803,31.803,31.803,
2008-04-21,30.288,30.288,30.288,30.288,
2008-04-22,29.959,29.959,29.959,29.959,
2008-04-23,30.044,30.044,30.044,30.044,
2008-04-24,29.952,29.952,29.952,29.952,
2008-04-25,30.148,30.148,30.148,30.148,
2008-04-28,30.148,30.148,30.148,30.148,
2008-04-29,29.384,29.384,29.384,29.384,
2008-04-30,29.403,29.403,29.403,29.403,
2008-05-01,30.368,30.368,30.368,30.368,
2008-05-02,30.16,30.16,30.16,30.16,
2008-05-05,29.922,29.922,29.922,29.922,
2008-05-06,29.775,29.775,29.775,29.775,
2008-05-07,29.714,29.714,29.714,29.714,
2008-05-08,29.58,29.58,29.58,29.58,
2008-05-09,29.47,29.47,29.47,29.47,
2008-05-12,29.781,29.781,29.781,29.781,
2008-05-13,29.325,29.325,29.325,29.325,
2008-05-14,29.788,29.788,29.788,29.788,
2008-05-15,30.016,30.016,30.016,30.016,
2008-05-16,30.188,30.188,30.188,30.188,
2008-05-19,30.546,30.546,30.546,30.546,
2008-05-20,30.195,30.195,30.195,30.195,
2008-05-21,29.664,29.664,29.664,29.664,
2008-05-22,29.899,29.899,29.899,29.899,
2008-05-23,29.337,29.337,29.337,29.337,
2008-05-27,29.566,29.566,29.566,29.566,
2008-05-28,29.51,29.51,29.51,29.51,
2008-05-29,29.973,29.973,29.973,29.973,
2008-05-30,29.689,29.689,29.689,29.689,
2008-06-02,29.35,29.35,29.35,29.35,
2008-06-03,29.775,29.775,29.775,29.775,
2008-06-04,30.244,30.244,30.244,30.244,
2008-06-05,30.503,30.503,30.503,30.503,
2008-06-06,29.862,29.862,29.862,29.862,
2008-06-09,29.714,29.714,29.714,29.714,
2008-06-10,29.566,29.566,29.566,29.566,
2008-06-11,29.251,29.251,29.251,29.251,
2008-06-12,29.418,29.418,29.418,29.418,
2008-06-13,29.806,29.806,29.806,29.806,
2008-06-16,29.51,29.51,29.51,29.51,
2008-06-17,29.467,29.467,29.467,29.467,
2008-06-18,28.967,28.967,28.967,28.967,
2008-06-19,29.473,29.473,29.473,29.473,
2008-06-20,28.943,28.943,28.943,28.943,
2008-06-23,29.356,29.356,29.356,29.356,
2008-06-24,28.949,28.949,28.949,28.949,
2008-06-25,28.986,28.986,28.986,28.986,
2008-06-26,28.381,28.381,28.381,28.381,
2008-06-27,28.129,28.129,28.129,28.129,
2008-06-30,28.468,28.468,28.468,28.468,
2008-07-01,28.431,28.431,28.431,28.431,
2008-07-02,28.425,28.425,28.425,28.425,
2008-07-03,28.974,28.974,28.974,28.974,
2008-07-07,28.499,28.499,28.499,28.499,
2008-07-08,29.886,29.886,29.886,29.886,
2008-07-09,29.831,29.831,29.831,29.831,
2008-07-10,29.701,29.701,29.701,29.701,
2008-07-11,29.399,29.399,29.399,29.399,
2008-07-14,29.609,29.609,29.609,29.609,
2008-07-15,29.67,29.67,29.67,29.67,
2008-07-16,29.775,29.775,29.775,29.775,
2008-07-17,29.837,29.837,29.837,29.837,
2008-07-18,29.547,29.547,29.547,29.547,
2008-07-21,29.097,29.097,29.097,29.097,
2008-07-22,28.819,28.819,28.819,28.819,
2008-07-23,29.368,29.368,29.368,29.368,
2008-07-24,29.603,29.603,29.603,29.603,
2008-07-25,29.485,29.485,29.485,29.485,
2008-07-28,29.368,29.368,29.368,29.368,
2008-07-29,29.763,29.763,29.763,29.763,
2008-07-30,29.239,29.239,29.239,29.239,
2008-07-31,29.054,29.054,29.054,29.054,
2008-08-01,29.011,29.011,29.011,29.011,
2008-08-04,29.214,29.214,29.214,29.214,
2008-08-05,29.473,29.473,29.473,29.473,
2008-08-06,29.603,29.603,29.603,29.603,
2008-08-07,29.344,29.344,29.344,29.344,
2008-08-08,29.917,29.917,29.917,29.917,
2008-08-11,30.25,30.25,30.25,30.25,
2008-08-12,30.373,30.373,30.373,30.373,
2008-08-13,30.124,30.124,30.124,30.124,
2008-08-14,30.1,30.1,30.1,30.1,
2008-08-15,30.373,30.373,30.373,30.373,
2008-08-18,29.919,29.919,29.919,29.919,
2008-08-19,29.763,29.763,29.763,29.763,
2008-08-20,29.52,29.52,29.52,29.52,
2008-08-21,29.371,29.371,29.371,29.371,
2008-08-22,29.906,29.906,29.906,29.906,
2008-08-25,29.589,29.589,29.589,29.589,
2008-08-26,29.278,29.278,29.278,29.278,
2008-08-27,29.184,29.184,29.184,29.184,
2008-08-28,29.209,29.209,29.209,29.209,
2008-08-29,29.047,29.047,29.047,29.047,
2008-09-02,29.053,29.053,29.053,29.053,
2008-09-03,29.209,29.209,29.209,29.209,
2008-09-04,28.699,28.699,28.699,28.699,
2008-09-05,28.294,28.294,28.294,28.294,
2008-09-08,29.06,29.06,29.06,29.06,
2008-09-09,28.929,28.929,28.929,28.929,
2008-09-10,29.097,29.097,29.097,29.097,
2008-09-11,29.091,29.091,29.091,29.091,
2008-09-12,29.016,29.016,29.016,29.016,
2008-09-15,28.667,28.667,28.667,28.667,
2008-09-16,28.182,28.182,28.182,28.182,
2008-09-17,27.347,27.347,27.347,27.347,
2008-09-18,28.281,28.281,28.281,28.281,
2008-09-19,29.072,29.072,29.072,29.072,
2008-09-22,28.58,28.58,28.58,28.58,
2008-09-23,28.474,28.474,28.474,28.474,
2008-09-24,28.854,28.854,28.854,28.854,
2008-09-25,29.016,29.016,29.016,29.016,
2008-09-26,29.153,29.153,29.153,29.153,
2008-09-29,27.347,27.347,27.347,27.347,
2008-09-30,27.416,27.416,27.416,27.416,
2008-10-01,27.204,27.204,27.204,27.204,
2008-10-02,26.494,26.494,26.494,26.494,
2008-10-03,25.722,25.722,25.722,25.722,
2008-10-06,23.923,23.923,23.923,23.923,
2008-10-07,24.041,24.041,24.041,24.041,
2008-10-08,23.599,23.599,23.599,23.599,
2008-10-09,20.685,20.685,20.685,20.685,
2008-10-10,19.527,19.527,19.527,19.527,
2008-10-13,22.329,22.329,22.329,22.329,
2008-10-14,21.756,21.756,21.756,21.756,
2008-10-15,20.261,20.261,20.261,20.261,
2008-10-16,21.407,21.407,21.407,21.407,
2008-10-17,20.05,20.05,20.05,20.05,
2008-10-20,21.233,21.233,21.233,21.233,
2008-10-21,20.971,20.971,20.971,20.971,
2008-10-22,19.994,19.994,19.994,19.994,
2008-10-23,20.847,20.847,20.847,20.847,
2008-10-24,19.757,19.757,19.757,19.757,
2008-10-27,18.929,18.929,18.929,18.929,
2008-10-28,20.784,20.784,20.784,20.784,
2008-10-29,19.944,19.944,19.944,19.944,
2008-10-30,20.442,20.442,20.442,20.442,
2008-10-31,21.058,21.058,21.058,21.058,
2008-11-03,21.177,21.177,21.177,21.177,
2008-11-04,21.887,21.887,21.887,21.887,
2008-11-05,21.021,21.021,21.021,21.021,
2008-11-06,20.467,20.467,20.467,20.467,
2008-11-07,21.295,21.295,21.295,21.295,
2008-11-10,21.712,21.712,21.712,21.712,
2008-11-11,21.152,21.152,21.152,21.152,
2008-11-12,20.198,20.198,20.198,20.198,
2008-11-13,21.543,21.543,21.543,21.543,
2008-11-14,20.243,20.243,20.243,20.243,
2008-11-17,20.287,20.287,20.287,20.287,
2008-11-18,21.051,21.051,21.051,21.051,
2008-11-19,19.832,19.832,19.832,19.832,
2008-11-20,18.885,18.885,18.885,18.885,
2008-11-21,19.213,19.213,19.213,19.213,
2008-11-24,20.255,20.255,20.255,20.255,
2008-11-25,20.71,20.71,20.71,20.71,
2008-11-26,20.754,20.754,20.754,20.754,
2008-11-28,21.562,21.562,21.562,21.562,
2008-12-01,19.649,19.649,19.649,19.649,
2008-12-02,20.956,20.956,20.956,20.956,
2008-12-03,22.08,22.08,22.08,22.08,
2008-12-04,21.398,21.398,21.398,21.398,
2008-12-05,22.061,22.061,22.061,22.061,
2008-12-08,22.011,22.011,22.011,22.011,
2008-12-09,21.827,21.827,21.827,21.827,
2008-12-10,22.105,22.105,22.105,22.105,
2008-12-11,22.49,22.49,22.49,22.49,
2008-12-12,22.989,22.989,22.989,22.989,
2008-12-15,22.301,22.301,22.301,22.301,
2008-12-16,23.494,23.494,23.494,23.494,
2008-12-17,23.324,23.324,23.324,23.324,
2008-12-18,23.28,23.28,23.28,23.28,
2008-12-19,24.157,24.157,24.157,24.157,
2008-12-22,23.576,23.576,23.576,23.576,
2008-12-23,23.671,23.671,23.671,23.671,
2008-12-24,23.867,23.867,23.867,23.867,
2008-12-26,23.981,23.981,23.981,23.981,
2008-12-29,24.296,24.296,24.296,24.296,
2008-12-30,25.048,25.048,25.048,25.048,
2008-12-31,25.426,25.426,25.426,25.426,
2009-01-02,25.616,25.616,25.616,25.616,
2009-01-05,24.915,24.915,24.915,24.915,
2009-01-06,24.984,24.984,24.984,24.984,
2009-01-07,24.385,24.385,24.385,24.385,
2009-01-08,24.505,24.505,24.505,24.505,
2009-01-09,24.296,24.296,24.296,24.296,
2009-01-12,24.075,24.075,24.075,24.075,
2009-01-13,24.321,24.321,24.321,24.321,
2009-01-14,23.659,23.659,23.659,23.659,
2009-01-15,23.709,23.709,23.709,23.709,
2009-01-16,24.075,24.075,24.075,24.075,
2009-01-20,23.608,23.608,23.608,23.608,
2009-01-21,24.145,24.145,24.145,24.145,
2009-01-22,23.867,23.867,23.867,23.867,
2009-01-23,23.627,23.627,23.627,23.627,
2009-01-26,23.722,23.722,23.722,23.722,
2009-01-27,24.378,24.378,24.378,24.378,
2009-01-28,24.681,24.681,24.681,24.681,
2009-01-29,23.974,23.974,23.974,23.974,
2009-01-30,23.248,23.248,23.248,23.248,
2009-02-02,23.532,23.532,23.532,23.532,
2009-02-03,24.429,24.429,24.429,24.429,
2009-02-04,23.999,23.999,23.999,23.999,
2009-02-05,24.094,24.094,24.094,24.094,
2009-02-06,24.107,24.107,24.107,24.107,
2009-02-09,24.069,24.069,24.069,24.069,
2009-02-10,23.324,23.324,23.324,23.324,
2009-02-11,23.497,23.497,23.497,23.497,
2009-02-12,23.253,23.253,23.253,23.253,
2009-02-13,22.671,22.671,22.671,22.671,
2009-02-17,22.127,22.127,22.127,22.127,
2009-02-18,22.012,22.012,22.012,22.012,
2009-02-19,22.063,22.063,22.063,22.063,
2009-02-20,21.27,21.27,21.27,21.27,
2009-02-23,20.675,20.675,20.675,20.675,
2009-02-24,21.059,21.059,21.059,21.059,
2009-02-25,20.835,20.835,20.835,20.835,
2009-02-26,19.862,19.862,19.862,19.862,
2009-02-27,18.8,18.8,18.8,18.8,
2009-03-02,17.757,17.757,17.757,17.757,
2009-03-03,17.59,17.59,17.59,17.59,
2009-03-04,18.237,18.237,18.237,18.237,
2009-03-05,17.578,17.578,17.578,17.578,
2009-03-06,17.904,17.904,17.904,17.904,
2009-03-09,17.898,17.898,17.898,17.898,
2009-03-10,19.017,19.017,19.017,19.017,
2009-03-11,18.461,18.461,18.461,18.461,
2009-03-12,19.216,19.216,19.216,19.216,
2009-03-13,19.606,19.606,19.606,19.606,
2009-03-16,19.715,19.715,19.715,19.715,
2009-03-17,20.323,20.323,20.323,20.323,
2009-03-18,20.796,20.796,20.796,20.796,
2009-03-19,20.368,20.368,20.368,20.368,
2009-03-20,20.828,20.828,20.828,20.828,
2009-03-23,21.814,21.814,21.814,21.814,
2009-03-24,21.225,21.225,21.225,21.225,
2009-03-25,21.455,21.455,21.455,21.455,
2009-03-26,21.897,21.897,21.897,21.897,
2009-03-27,21.596,21.596,21.596,21.596,
2009-03-30,21.014,21.014,21.014,21.014,
2009-03-31,21.379,21.379,21.379,21.379,
2009-04-01,21.615,21.615,21.615,21.615,
2009-04-02,21.692,21.692,21.692,21.692,
2009-04-03,21.123,21.123,21.123,21.123,
2009-04-06,21.014,21.014,21.014,21.014,
2009-04-07,20.4,20.4,20.4,20.4,
2009-04-08,20.694,20.694,20.694,20.694,
2009-04-09,20.886,20.886,20.886,20.886,
2009-04-13,20.841,20.841,20.841,20.841,
2009-04-14,20.572,20.572,20.572,20.572,
2009-04-15,20.995,20.995,20.995,20.995,
2009-04-16,21.289,21.289,21.289,21.289,
2009-04-17,21.596,21.596,21.596,21.596,
2009-04-20,21.11,21.11,21.11,21.11,
2009-04-21,21.334,21.334,21.334,21.334,
2009-04-22,20.95,20.95,20.95,20.95,
2009-04-23,21.039,21.039,21.039,21.039,
2009-04-24,21.123,21.123,21.123,21.123,
2009-04-27,21.199,21.199,21.199,21.199,
2009-04-28,21.244,21.244,21.244,21.244,
2009-04-29,21.347,21.347,21.347,21.347,
2009-04-30,21.065,21.065,21.065,21.065,
2009-05-01,21.43,21.43,21.43,21.43,
2009-05-04,21.635,21.635,21.635,21.635,
2009-05-05,22.102,22.102,22.102,22.102,
2009-05-06,22.031,22.031,22.031,22.031,
2009-05-07,22.94,22.94,22.94,22.94,
2009-05-08,23.004,23.004,23.004,23.004,
2009-05-11,22.62,22.62,22.62,22.62,
2009-05-12,22.972,22.972,22.972,22.972,
2009-05-13,22.803,22.803,22.803,22.803,
2009-05-14,22.784,22.784,22.784,22.784,
2009-05-15,22.167,22.167,22.167,22.167,
2009-05-18,22.492,22.492,22.492,22.492,
2009-05-19,22.401,22.401,22.401,22.401,
2009-05-20,22.531,22.531,22.531,22.531,
2009-05-21,22.459,22.459,22.459,22.459,
2009-05-22,22.278,22.278,22.278,22.278,
2009-05-26,22.609,22.609,22.609,22.609,
2009-05-27,21.843,21.843,21.843,21.843,
2009-05-28,21.914,21.914,21.914,21.914,
2009-05-29,22.427,22.427,22.427,22.427,
2009-06-01,22.479,22.479,22.479,22.479,
2009-06-02,22.738,22.738,22.738,22.738,
2009-06-03,22.446,22.446,22.446,22.446,
2009-06-04,22.304,22.304,22.304,22.304,
2009-06-05,22.557,22.557,22.557,22.557,
2009-06-08,22.122,22.122,22.122,22.122,
2009-06-09,21.999,21.999,21.999,21.999,
2009-06-10,21.999,21.999,21.999,21.999,
2009-06-11,22.304,22.304,22.304,22.304,
2009-06-12,22.245,22.245,22.245,22.245,
2009-06-15,21.383,21.383,21.383,21.383,
2009-06-16,21.395,21.395,21.395,21.395,
2009-06-17,21.687,21.687,21.687,21.687,
2009-06-18,21.96,21.96,21.96,21.96,
2009-06-19,21.869,21.869,21.869,21.869,
2009-06-22,21.551,21.551,21.551,21.551,
2009-06-23,21.772,21.772,21.772,21.772,
2009-06-24,21.804,21.804,21.804,21.804,
2009-06-25,22.92,22.92,22.92,22.92,
2009-06-26,22.888,22.888,22.888,22.888,
2009-06-29,22.725,22.725,22.725,22.725,
2009-06-30,22.472,22.472,22.472,22.472,
2009-07-01,22.68,22.68,22.68,22.68,
2009-07-02,21.992,21.992,21.992,21.992,
2009-07-06,21.778,21.778,21.778,21.778,
2009-07-07,21.726,21.726,21.726,21.726,
2009-07-08,21.681,21.681,21.681,21.681,
2009-07-09,21.408,21.408,21.408,21.408,
2009-07-10,21.616,21.616,21.616,21.616,
2009-07-13,21.363,21.363,21.363,21.363,
2009-07-14,21.35,21.35,21.35,21.35,
2009-07-15,21.726,21.726,21.726,21.726,
2009-07-16,21.902,21.902,21.902,21.902,
2009-07-17,21.752,21.752,21.752,21.752,
2009-07-20,21.876,21.876,21.876,21.876,
2009-07-21,22.349,22.349,22.349,22.349,
2009-07-22,21.921,21.921,21.921,21.921,
2009-07-23,22.239,22.239,22.239,22.239,
2009-07-24,22.498,22.498,22.498,22.498,
2009-07-27,22.803,22.803,22.803,22.803,
2009-07-28,22.751,22.751,22.751,22.751,
2009-07-29,22.641,22.641,22.641,22.641,
2009-07-30,22.738,22.738,22.738,22.738,
2009-07-31,22.635,22.635,22.635,22.635,
2009-08-03,22.68,22.68,22.68,22.68,
2009-08-04,22.745,22.745,22.745,22.745,
2009-08-05,22.511,22.511,22.511,22.511,
2009-08-06,22.33,22.33,22.33,22.33,
2009-08-07,22.635,22.635,22.635,22.635,
2009-08-10,21.947,21.947,21.947,21.947,
2009-08-11,21.843,21.843,21.843,21.843,
2009-08-12,21.685,21.685,21.685,21.685,
2009-08-13,21.639,21.639,21.639,21.639,
2009-08-14,21.646,21.646,21.646,21.646,
2009-08-17,21.534,21.534,21.534,21.534,
2009-08-18,21.619,21.619,21.619,21.619,
2009-08-19,21.692,21.692,21.692,21.692,
2009-08-20,21.823,21.823,21.823,21.823,
2009-08-21,22.021,22.021,22.021,22.021,
2009-08-24,22.205,22.205,22.205,22.205,
2009-08-25,22.297,22.297,22.297,22.297,
2009-08-26,22.153,22.153,22.153,22.153,
2009-08-27,22.455,22.455,22.455,22.455,
2009-08-28,22.12,22.12,22.12,22.12,
2009-08-31,22.027,22.027,22.027,22.027,
2009-09-01,21.646,21.646,21.646,21.646,
2009-09-02,21.731,21.731,21.731,21.731,
2009-09-03,21.488,21.488,21.488,21.488,
2009-09-04,21.725,21.725,21.725,21.725,
2009-09-08,21.613,21.613,21.613,21.613,
2009-09-09,21.646,21.646,21.646,21.646,
2009-09-10,21.606,21.606,21.606,21.606,
2009-09-11,21.606,21.606,21.606,21.606,
2009-09-14,21.81,21.81,21.81,21.81,
2009-09-15,21.56,21.56,21.56,21.56,
2009-09-16,21.639,21.639,21.639,21.639,
2009-09-17,21.553,21.553,21.553,21.553,
2009-09-18,21.632,21.632,21.632,21.632,
2009-09-21,21.632,21.632,21.632,21.632,
2009-09-22,21.573,21.573,21.573,21.573,
2009-09-23,21.363,21.363,21.363,21.363,
2009-09-24,21.33,21.33,21.33,21.33,
2009-09-25,21.514,21.514,21.514,21.514,
2009-09-28,21.751,21.751,21.751,21.751,
2009-09-29,22.001,22.001,22.001,22.001,
2009-09-30,21.744,21.744,21.744,21.744,
2009-10-01,21.494,21.494,21.494,21.494,
2009-10-02,21.402,21.402,21.402,21.402,
2009-10-05,21.376,21.376,21.376,21.376,
2009-10-06,21.738,21.738,21.738,21.738,
2009-10-07,21.804,21.804,21.804,21.804,
2009-10-08,21.962,21.962,21.962,21.962,
2009-10-09,22.238,22.238,22.238,22.238,
2009-10-12,22.297,22.297,22.297,22.297,
2009-10-13,21.962,21.962,21.962,21.962,
2009-10-14,22.33,22.33,22.33,22.33,
2009-10-15,22.712,22.712,22.712,22.712,
2009-10-16,22.673,22.673,22.673,22.673,
2009-10-19,23.226,23.226,23.226,23.226,
2009-10-20,23.199,23.199,23.199,23.199,
2009-10-21,22.159,22.159,22.159,22.159,
2009-10-22,22.449,22.449,22.449,22.449,
2009-10-23,22.357,22.357,22.357,22.357,
2009-10-26,22.324,22.324,22.324,22.324,
2009-10-27,22.501,22.501,22.501,22.501,
2009-10-28,22.383,22.383,22.383,22.383,
2009-10-29,22.475,22.475,22.475,22.475,
2009-10-30,22.39,22.39,22.39,22.39,
2009-11-02,22.416,22.416,22.416,22.416,
2009-11-03,22.08,22.08,22.08,22.08,
2009-11-04,22.37,22.37,22.37,22.37,
2009-11-05,22.666,22.666,22.666,22.666,
2009-11-06,22.712,22.712,22.712,22.712,
2009-11-09,23.252,23.252,23.252,23.252,
2009-11-10,23.532,23.532,23.532,23.532,
2009-11-11,23.492,23.492,23.492,23.492,
2009-11-12,23.352,23.352,23.352,23.352,
2009-11-13,23.606,23.606,23.606,23.606,
2009-11-16,23.96,23.96,23.96,23.96,
2009-11-17,23.993,23.993,23.993,23.993,
2009-11-18,24.173,24.173,24.173,24.173,
2009-11-19,24.113,24.113,24.113,24.113,
2009-11-20,24.427,24.427,24.427,24.427,
2009-11-23,24.567,24.567,24.567,24.567,
2009-11-24,24.901,24.901,24.901,24.901,
2009-11-25,24.968,24.968,24.968,24.968,
2009-11-27,24.634,24.634,24.634,24.634,
2009-11-30,24.52,24.52,24.52,24.52,
2009-12-01,24.761,24.761,24.761,24.761,
2009-12-02,25.041,25.041,25.041,25.041,
2009-12-03,24.968,24.968,24.968,24.968,
2009-12-04,24.961,24.961,24.961,24.961,
2009-12-07,24.747,24.747,24.747,24.747,
2009-12-08,24.373,24.373,24.373,24.373,
2009-12-09,24.407,24.407,24.407,24.407,
2009-12-10,23.379,23.379,23.379,23.379,
2009-12-11,23.345,23.345,23.345,23.345,
2009-12-14,23.779,23.779,23.779,23.779,
2009-12-15,23.866,23.866,23.866,23.866,
2009-12-16,23.839,23.839,23.839,23.839,
2009-12-17,23.666,23.666,23.666,23.666,
2009-12-18,23.846,23.846,23.846,23.846,
2009-12-21,24.193,24.193,24.193,24.193,
2009-12-22,24.106,24.106,24.106,24.106,
2009-12-23,23.993,23.993,23.993,23.993,
2009-12-24,24.086,24.086,24.086,24.086,
2009-12-28,24.173,24.173,24.173,24.173,
2009-12-29,24.04,24.04,24.04,24.04,
2009-12-30,24.146,24.146,24.146,24.146,
2009-12-31,23.839,23.839,23.839,23.839,
2010-01-04,23.913,23.913,23.913,23.913,
2010-01-05,23.492,23.492,23.492,23.492,
2010-01-06,23.666,23.666,23.666,23.666,
2010-01-07,23.546,23.546,23.546,23.546,
2010-01-08,23.365,23.365,23.365,23.365,
2010-01-11,23.686,23.686,23.686,23.686,
2010-01-12,23.606,23.606,23.606,23.606,
2010-01-13,23.933,23.933,23.933,23.933,
2010-01-14,24.033,24.033,24.033,24.033,
2010-01-15,23.913,23.913,23.913,23.913,
2010-01-19,24.974,24.974,24.974,24.974,
2010-01-20,24.901,24.901,24.901,24.901,
2010-01-21,24.106,24.106,24.106,24.106,
2010-01-22,23.713,23.713,23.713,23.713,
2010-01-25,23.866,23.866,23.866,23.866,
2010-01-26,24.14,24.14,24.14,24.14,
2010-01-27,24.293,24.293,24.293,24.293,
2010-01-28,23.866,23.866,23.866,23.866,
2010-01-29,23.499,23.499,23.499,23.499,
2010-02-01,23.365,23.365,23.365,23.365,
2010-02-02,23.779,23.779,23.779,23.779,
2010-02-03,23.572,23.572,23.572,23.572,
2010-02-04,23.145,23.145,23.145,23.145,
2010-02-05,23.045,23.045,23.045,23.045,
2010-02-08,23.219,23.219,23.219,23.219,
2010-02-09,23.499,23.499,23.499,23.499,
2010-02-10,23.133,23.133,23.133,23.133,
2010-02-11,23.133,23.133,23.133,23.133,
2010-02-12,22.984,22.984,22.984,22.984,
2010-02-16,23.072,23.072,23.072,23.072,
2010-02-17,23.282,23.282,23.282,23.282,
2010-02-18,23.296,23.296,23.296,23.296,
2010-02-19,23.181,23.181,23.181,23.181,
2010-02-22,23.336,23.336,23.336,23.336,
2010-02-23,22.991,22.991,22.991,22.991,
2010-02-24,23.045,23.045,23.045,23.045,
2010-02-25,23.181,23.181,23.181,23.181,
2010-02-26,23.248,23.248,23.248,23.248,
2010-03-01,23.235,23.235,23.235,23.235,
2010-03-02,23.391,23.391,23.391,23.391,
2010-03-03,23.235,23.235,23.235,23.235,
2010-03-04,23.384,23.384,23.384,23.384,
2010-03-05,23.756,23.756,23.756,23.756,
2010-03-08,23.648,23.648,23.648,23.648,
2010-03-09,23.736,23.736,23.736,23.736,
2010-03-10,23.925,23.925,23.925,23.925,
2010-03-11,24.25,24.25,24.25,24.25,
2010-03-12,24.325,24.325,24.325,24.325,
2010-03-15,24.379,24.379,24.379,24.379,
2010-03-16,24.494,24.494,24.494,24.494,
2010-03-17,24.521,24.521,24.521,24.521,
2010-03-18,24.616,24.616,24.616,24.616,
2010-03-19,24.487,24.487,24.487,24.487,
2010-03-22,24.738,24.738,24.738,24.738,
2010-03-23,24.792,24.792,24.792,24.792,
2010-03-24,24.548,24.548,24.548,24.548,
2010-03-25,24.359,24.359,24.359,24.359,
2010-03-26,23.98,23.98,23.98,23.98,
2010-03-29,24.013,24.013,24.013,24.013,
2010-03-30,24.305,24.305,24.305,24.305,
2010-03-31,24.521,24.521,24.521,24.521,
2010-04-01,24.474,24.474,24.474,24.474,
2010-04-05,24.745,24.745,24.745,24.745,
2010-04-06,24.718,24.718,24.718,24.718,
2010-04-07,24.724,24.724,24.724,24.724,
2010-04-08,24.724,24.724,24.724,24.724,
2010-04-09,24.941,24.941,24.941,24.941,
2010-04-12,24.758,24.758,24.758,24.758,
2010-04-13,24.995,24.995,24.995,24.995,
2010-04-14,24.772,24.772,24.772,24.772,
2010-04-15,24.86,24.86,24.86,24.86,
2010-04-16,24.738,24.738,24.738,24.738,
2010-04-19,24.765,24.765,24.765,24.765,
2010-04-20,24.731,24.731,24.731,24.731,
2010-04-21,24.379,24.379,24.379,24.379,
2010-04-22,23.953,23.953,23.953,23.953,
2010-04-23,24.007,24.007,24.007,24.007,
2010-04-26,23.912,23.912,23.912,23.912,
2010-04-27,23.607,23.607,23.607,23.607,
2010-04-28,23.533,23.533,23.533,23.533,
2010-04-29,23.722,23.722,23.722,23.722,
2010-04-30,23.675,23.675,23.675,23.675,
2010-05-03,23.824,23.824,23.824,23.824,
2010-05-04,23.702,23.702,23.702,23.702,
2010-05-05,23.749,23.749,23.749,23.749,
2010-05-06,23.289,23.289,23.289,23.289,
2010-05-07,23.438,23.438,23.438,23.438,
2010-05-10,23.797,23.797,23.797,23.797,
2010-05-11,23.885,23.885,23.885,23.885,
2010-05-12,23.878,23.878,23.878,23.878,
2010-05-13,23.686,23.686,23.686,23.686,
2010-05-14,23.288,23.288,23.288,23.288,
2010-05-17,23.349,23.349,23.349,23.349,
2010-05-18,23.082,23.082,23.082,23.082,
2010-05-19,23.246,23.246,23.246,23.246,
2010-05-20,22.889,22.889,22.889,22.889,
2010-05-21,22.738,22.738,22.738,22.738,
2010-05-24,22.642,22.642,22.642,22.642,
2010-05-25,22.484,22.484,22.484,22.484,
2010-05-26,22.141,22.141,22.141,22.141,
2010-05-27,22.532,22.532,22.532,22.532,
2010-05-28,22.512,22.512,22.512,22.512,
2010-06-01,22.347,22.347,22.347,22.347,
2010-06-02,22.8,22.8,22.8,22.8,
2010-06-03,22.91,22.91,22.91,22.91,
2010-06-04,22.223,22.223,22.223,22.223,
2010-06-07,22.368,22.368,22.368,22.368,
2010-06-08,22.587,22.587,22.587,22.587,
2010-06-09,22.622,22.622,22.622,22.622,
2010-06-10,22.972,22.972,22.972,22.972,
2010-06-11,23.116,23.116,23.116,23.116,
2010-06-14,23.253,23.253,23.253,23.253,
2010-06-15,23.61,23.61,23.61,23.61,
2010-06-16,23.418,23.418,23.418,23.418,
2010-06-17,23.61,23.61,23.61,23.61,
2010-06-18,23.761,23.761,23.761,23.761,
2010-06-21,23.796,23.796,23.796,23.796,
2010-06-22,23.651,23.651,23.651,23.651,
2010-06-23,23.727,23.727,23.727,23.727,
2010-06-24,23.672,23.672,23.672,23.672,
2010-06-25,23.301,23.301,23.301,23.301,
2010-06-28,23.356,23.356,23.356,23.356,
2010-06-29,23.171,23.171,23.171,23.171,
2010-06-30,22.999,22.999,22.999,22.999,
2010-07-01,22.738,22.738,22.738,22.738,
2010-07-02,23.116,23.116,23.116,23.116,
2010-07-06,23.281,23.281,23.281,23.281,
2010-07-07,23.796,23.796,23.796,23.796,
2010-07-08,24.153,24.153,24.153,24.153,
2010-07-09,24.146,24.146,24.146,24.146,
2010-07-12,24.118,24.118,24.118,24.118,
2010-07-13,24.173,24.173,24.173,24.173,
2010-07-14,23.892,23.892,23.892,23.892,
2010-07-15,24.146,24.146,24.146,24.146,
2010-07-16,23.782,23.782,23.782,23.782,
2010-07-19,24.022,24.022,24.022,24.022,
2010-07-20,24.208,24.208,24.208,24.208,
2010-07-21,23.995,23.995,23.995,23.995,
2010-07-22,24.132,24.132,24.132,24.132,
2010-07-23,24.146,24.146,24.146,24.146,
2010-07-26,24.331,24.331,24.331,24.331,
2010-07-27,24.784,24.784,24.784,24.784,
2010-07-28,24.489,24.489,24.489,24.489,
2010-07-29,24.338,24.338,24.338,24.338,
2010-07-30,24.441,24.441,24.441,24.441,
2010-08-02,24.949,24.949,24.949,24.949,
2010-08-03,25.114,25.114,25.114,25.114,
2010-08-04,25.251,25.251,25.251,25.251,
2010-08-05,25.299,25.299,25.299,25.299,
2010-08-06,25.313,25.313,25.313,25.313,
2010-08-09,25.375,25.375,25.375,25.375,
2010-08-10,25.931,25.931,25.931,25.931,
2010-08-11,25.534,25.534,25.534,25.534,
2010-08-12,25.458,25.458,25.458,25.458,
2010-08-13,24.832,24.832,24.832,24.832,
2010-08-16,24.741,24.741,24.741,24.741,
2010-08-17,24.171,24.171,24.171,24.171,
2010-08-18,24.192,24.192,24.192,24.192,
2010-08-19,23.844,23.844,23.844,23.844,
2010-08-20,23.768,23.768,23.768,23.768,
2010-08-23,23.865,23.865,23.865,23.865,
2010-08-24,23.628,23.628,23.628,23.628,
2010-08-25,23.865,23.865,23.865,23.865,
2010-08-26,23.614,23.614,23.614,23.614,
2010-08-27,23.788,23.788,23.788,23.788,
2010-08-30,23.628,23.628,23.628,23.628,
2010-08-31,23.364,23.364,23.364,23.364,
2010-09-01,23.788,23.788,23.788,23.788,
2010-09-02,23.865,23.865,23.865,23.865,
2010-09-03,24.108,24.108,24.108,24.108,
2010-09-07,24.025,24.025,24.025,24.025,
2010-09-08,24.213,24.213,24.213,24.213,
2010-09-09,24.463,24.463,24.463,24.463,
2010-09-10,24.644,24.644,24.644,24.644,
2010-09-13,24.713,24.713,24.713,24.713,
2010-09-14,24.797,24.797,24.797,24.797,
2010-09-15,24.832,24.832,24.832,24.832,
2010-09-16,24.811,24.811,24.811,24.811,
2010-09-17,24.894,24.894,24.894,24.894,
2010-09-20,25.284,25.284,25.284,25.284,
2010-09-21,25.27,25.27,25.27,25.27,
2010-09-22,25.075,25.075,25.075,25.075,
2010-09-23,24.943,24.943,24.943,24.943,
2010-09-24,25.11,25.11,25.11,25.11,
2010-09-27,24.999,24.999,24.999,24.999,
2010-09-28,25.312,25.312,25.312,25.312,
2010-09-29,25.409,25.409,25.409,25.409,
2010-09-30,25.409,25.409,25.409,25.409,
2010-10-01,25.416,25.416,25.416,25.416,
2010-10-04,25.249,25.249,25.249,25.249,
2010-10-05,25.659,25.659,25.659,25.659,
2010-10-06,25.854,25.854,25.854,25.854,
2010-10-07,25.792,25.792,25.792,25.792,
2010-10-08,25.785,25.785,25.785,25.785,
2010-10-11,25.889,25.889,25.889,25.889,
2010-10-12,25.986,25.986,25.986,25.986,
2010-10-13,26.014,26.014,26.014,26.014,
2010-10-14,26.028,26.028,26.028,26.028,
2010-10-15,26.265,26.265,26.265,26.265,
2010-10-18,26.473,26.473,26.473,26.473,
2010-10-19,26.049,26.049,26.049,26.049,
2010-10-20,25.047,25.047,25.047,25.047,
2010-10-21,24.693,24.693,24.693,24.693,
2010-10-22,24.623,24.623,24.623,24.623,
2010-10-25,24.435,24.435,24.435,24.435,
2010-10-26,24.275,24.275,24.275,24.275,
2010-10-27,24.303,24.303,24.303,24.303,
2010-10-28,24.449,24.449,24.449,24.449,
2010-10-29,24.484,24.484,24.484,24.484,
2010-11-01,24.373,24.373,24.373,24.373,
2010-11-02,24.609,24.609,24.609,24.609,
2010-11-03,24.741,24.741,24.741,24.741,
2010-11-04,24.873,24.873,24.873,24.873,
2010-11-05,24.846,24.846,24.846,24.846,
2010-11-08,24.853,24.853,24.853,24.853,
2010-11-09,24.88,24.88,24.88,24.88,
2010-11-10,24.676,24.676,24.676,24.676,
2010-11-11,24.648,24.648,24.648,24.648,
2010-11-12,24.514,24.514,24.514,24.514,
2010-11-15,24.422,24.422,24.422,24.422,
2010-11-16,24.281,24.281,24.281,24.281,
2010-11-17,24.26,24.26,24.26,24.26,
2010-11-18,24.535,24.535,24.535,24.535,
2010-11-19,24.33,24.33,24.33,24.33,
2010-11-22,24.366,24.366,24.366,24.366,
2010-11-23,24.034,24.034,24.034,24.034,
2010-11-24,24.133,24.133,24.133,24.133,
2010-11-26,24.027,24.027,24.027,24.027,
2010-11-29,23.9,23.9,23.9,23.9,
2010-11-30,23.738,23.738,23.738,23.738,
2010-12-01,24.161,24.161,24.161,24.161,
2010-12-02,24.154,24.154,24.154,24.154,
2010-12-03,24.076,24.076,24.076,24.076,
2010-12-06,23.957,23.957,23.957,23.957,
2010-12-07,24.055,24.055,24.055,24.055,
2010-12-08,24.196,24.196,24.196,24.196,
2010-12-09,24.45,24.45,24.45,24.45,
2010-12-10,24.669,24.669,24.669,24.669,
2010-12-13,24.662,24.662,24.662,24.662,
2010-12-14,24.746,24.746,24.746,24.746,
2010-12-15,24.775,24.775,24.775,24.775,
2010-12-16,24.81,24.81,24.81,24.81,
2010-12-17,24.69,24.69,24.69,24.69,
2010-12-20,24.711,24.711,24.711,24.711,
2010-12-21,24.782,24.782,24.782,24.782,
2010-12-22,24.824,24.824,24.824,24.824,
2010-12-23,24.845,24.845,24.845,24.845,
2010-12-27,24.732,24.732,24.732,24.732,
2010-12-28,24.718,24.718,24.718,24.718,
2010-12-29,24.789,24.789,24.789,24.789,
2010-12-30,24.697,24.697,24.697,24.697,
2010-12-31,24.711,24.711,24.711,24.711,
2011-01-03,24.683,24.683,24.683,24.683,
2011-01-04,24.704,24.704,24.704,24.704,
2011-01-05,24.528,24.528,24.528,24.528,
2011-01-06,24.641,24.641,24.641,24.641,
2011-01-07,24.612,24.612,24.612,24.612,
2011-01-10,24.323,24.323,24.323,24.323,
2011-01-11,24.619,24.619,24.619,24.619,
2011-01-12,24.704,24.704,24.704,24.704,
2011-01-13,24.612,24.612,24.612,24.612,
2011-01-14,24.619,24.619,24.619,24.619,
2011-01-18,24.535,24.535,24.535,24.535,
2011-01-19,24.436,24.436,24.436,24.436,
2011-01-20,24.507,24.507,24.507,24.507,
2011-01-21,24.514,24.514,24.514,24.514,
2011-01-24,24.528,24.528,24.528,24.528,
2011-01-25,24.493,24.493,24.493,24.493,
2011-01-26,24.648,24.648,24.648,24.648,
2011-01-27,25.014,25.014,25.014,25.014,
2011-01-28,24.521,24.521,24.521,24.521,
2011-01-31,24.521,24.521,24.521,24.521,
2011-02-01,24.831,24.831,24.831,24.831,
2011-02-02,24.979,24.979,24.979,24.979,
2011-02-03,25.127,25.127,25.127,25.127,
2011-02-04,25.057,25.057,25.057,25.057,
2011-02-07,25.247,25.247,25.247,25.247,
2011-02-08,25.275,25.275,25.275,25.275,
2011-02-09,25.233,25.233,25.233,25.233,
2011-02-10,25.12,25.12,25.12,25.12,
2011-02-11,24.684,24.684,24.684,24.684,
2011-02-14,24.713,24.713,24.713,24.713,
2011-02-15,24.648,24.648,24.648,24.648,
2011-02-16,24.784,24.784,24.784,24.784,
2011-02-17,24.927,24.927,24.927,24.927,
2011-02-18,24.741,24.741,24.741,24.741,
2011-02-22,24.62,24.62,24.62,24.62,
2011-02-23,24.341,24.341,24.341,24.341,
2011-02-24,24.391,24.391,24.391,24.391,
2011-02-25,24.377,24.377,24.377,24.377,
2011-02-28,24.713,24.713,24.713,24.713,
2011-03-01,24.498,24.498,24.498,24.498,
2011-03-02,24.512,24.512,24.512,24.512,
2011-03-03,24.591,24.591,24.591,24.591,
2011-03-04,24.741,24.741,24.741,24.741,
2011-03-07,24.784,24.784,24.784,24.784,
2011-03-08,25.013,25.013,25.013,25.013,
2011-03-09,25.092,25.092,25.092,25.092,
2011-03-10,24.863,24.863,24.863,24.863,
2011-03-11,24.927,24.927,24.927,24.927,
2011-03-14,24.834,24.834,24.834,24.834,
2011-03-15,24.384,24.384,24.384,24.384,
2011-03-16,24.048,24.048,24.048,24.048,
2011-03-17,24.405,24.405,24.405,24.405,
2011-03-18,24.655,24.655,24.655,24.655,
2011-03-21,24.584,24.584,24.584,24.584,
2011-03-22,24.72,24.72,24.72,24.72,
2011-03-23,24.57,24.57,24.57,24.57,
2011-03-24,24.741,24.741,24.741,24.741,
2011-03-25,24.655,24.655,24.655,24.655,
2011-03-28,24.605,24.605,24.605,24.605,
2011-03-29,24.798,24.798,24.798,24.798,
2011-03-30,25.156,25.156,25.156,25.156,
2011-03-31,25.149,25.149,25.149,25.149,
2011-04-01,25.02,25.02,25.02,25.02,
2011-04-04,25.049,25.049,25.049,25.049,
2011-04-05,25.034,25.034,25.034,25.034,
2011-04-06,25.542,25.542,25.542,25.542,
2011-04-07,25.549,25.549,25.549,25.549,
2011-04-08,25.521,25.521,25.521,25.521,
2011-04-11,25.649,25.649,25.649,25.649,
2011-04-12,25.628,25.628,25.628,25.628,
2011-04-13,25.513,25.513,25.513,25.513,
2011-04-14,25.564,25.564,25.564,25.564,
2011-04-15,25.749,25.749,25.749,25.749,
2011-04-18,25.471,25.471,25.471,25.471,
2011-04-19,25.528,25.528,25.528,25.528,
2011-04-20,25.835,25.835,25.835,25.835,
2011-04-21,25.928,25.928,25.928,25.928,
2011-04-25,25.907,25.907,25.907,25.907,
2011-04-26,26.329,26.329,26.329,26.329,
2011-04-27,26.622,26.622,26.622,26.622,
2011-04-28,26.693,26.693,26.693,26.693,
2011-04-29,26.465,26.465,26.465,26.465,
2011-05-02,26.679,26.679,26.679,26.679,
2011-05-03,27.237,27.237,27.237,27.237,
2011-05-04,27.258,27.258,27.258,27.258,
2011-05-05,27.308,27.308,27.308,27.308,
2011-05-06,27.451,27.451,27.451,27.451,
2011-05-09,27.566,27.566,27.566,27.566,
2011-05-10,27.687,27.687,27.687,27.687,
2011-05-11,27.723,27.723,27.723,27.723,
2011-05-12,28.071,28.071,28.071,28.071,
2011-05-13,28.209,28.209,28.209,28.209,
2011-05-16,28.354,28.354,28.354,28.354,
2011-05-17,28.339,28.339,28.339,28.339,
2011-05-18,28.064,28.064,28.064,28.064,
2011-05-19,28.035,28.035,28.035,28.035,
2011-05-20,27.839,27.839,27.839,27.839,
2011-05-23,27.81,27.81,27.81,27.81,
2011-05-24,27.962,27.962,27.962,27.962,
2011-05-25,27.745,27.745,27.745,27.745,
2011-05-26,27.463,27.463,27.463,27.463,
2011-05-27,27.412,27.412,27.412,27.412,
2011-05-31,27.868,27.868,27.868,27.868,
2011-06-01,27.477,27.477,27.477,27.477,
2011-06-02,27.173,27.173,27.173,27.173,
2011-06-03,26.833,26.833,26.833,26.833,
2011-06-06,26.883,26.883,26.883,26.883,
2011-06-07,26.985,26.985,26.985,26.985,
2011-06-08,26.992,26.992,26.992,26.992,
2011-06-09,27.318,27.318,27.318,27.318,
2011-06-10,26.833,26.833,26.833,26.833,
2011-06-13,26.956,26.956,26.956,26.956,
2011-06-14,27.238,27.238,27.238,27.238,
2011-06-15,26.941,26.941,26.941,26.941,
2011-06-16,26.956,26.956,26.956,26.956,
2011-06-17,27.035,27.035,27.035,27.035,
2011-06-20,27.202,27.202,27.202,27.202,
2011-06-21,27.354,27.354,27.354,27.354,
2011-06-22,27.289,27.289,27.289,27.289,
2011-06-23,26.934,26.934,26.934,26.934,
2011-06-24,26.623,26.623,26.623,26.623,
2011-06-27,26.673,26.673,26.673,26.673,
2011-06-28,27.05,27.05,27.05,27.05,
2011-06-29,26.992,26.992,26.992,26.992,
2011-06-30,27.18,27.18,27.18,27.18,
2011-07-01,27.282,27.282,27.282,27.282,
2011-07-05,26.999,26.999,26.999,26.999,
2011-07-06,27.274,27.274,27.274,27.274,
2011-07-07,27.412,27.412,27.412,27.412,
2011-07-08,27.311,27.311,27.311,27.311,
2011-07-11,26.999,26.999,26.999,26.999,
2011-07-12,27.151,27.151,27.151,27.151,
2011-07-13,27.202,27.202,27.202,27.202,
2011-07-14,27.818,27.818,27.818,27.818,
2011-07-15,27.76,27.76,27.76,27.76,
2011-07-18,27.557,27.557,27.557,27.557,
2011-07-19,27.702,27.702,27.702,27.702,
2011-07-20,27.644,27.644,27.644,27.644,
2011-07-21,28.477,28.477,28.477,28.477,
2011-07-22,28.028,28.028,28.028,28.028,
2011-07-25,27.81,27.81,27.81,27.81,
2011-07-26,27.854,27.854,27.854,27.854,
2011-07-27,27.506,27.506,27.506,27.506,
2011-07-28,27.521,27.521,27.521,27.521,
2011-07-29,27.738,27.738,27.738,27.738,
2011-08-01,27.499,27.499,27.499,27.499,
2011-08-02,26.912,26.912,26.912,26.912,
2011-08-03,27.021,27.021,27.021,27.021,
2011-08-04,25.956,25.956,25.956,25.956,
2011-08-05,26.246,26.246,26.246,26.246,
2011-08-08,25.203,25.203,25.203,25.203,
2011-08-09,25.812,25.812,25.812,25.812,
2011-08-10,24.979,24.979,24.979,24.979,
2011-08-11,25.934,25.934,25.934,25.934,
2011-08-12,25.61,25.61,25.61,25.61,
2011-08-15,26.279,26.279,26.279,26.279,
2011-08-16,26.22,26.22,26.22,26.22,
2011-08-17,26.25,26.25,26.25,26.25,
2011-08-18,25.721,25.721,25.721,25.721,
2011-08-19,25.721,25.721,25.721,25.721,
2011-08-22,26.022,26.022,26.022,26.022,
2011-08-23,26.389,26.389,26.389,26.389,
2011-08-24,26.735,26.735,26.735,26.735,
2011-08-25,26.367,26.367,26.367,26.367,
2011-08-26,26.279,26.279,26.279,26.279,
2011-08-29,27.175,27.175,27.175,27.175,
2011-08-30,27.308,27.308,27.308,27.308,
2011-08-31,27.557,27.557,27.557,27.557,
2011-09-01,27.278,27.278,27.278,27.278,
2011-09-02,26.771,26.771,26.771,26.771,
2011-09-06,26.617,26.617,26.617,26.617,
2011-09-07,27.139,27.139,27.139,27.139,
2011-09-08,27.19,27.19,27.19,27.19,
2011-09-09,26.543,26.543,26.543,26.543,
2011-09-12,26.477,26.477,26.477,26.477,
2011-09-13,26.962,26.962,26.962,26.962,
2011-09-14,27.308,27.308,27.308,27.308,
2011-09-15,27.506,27.506,27.506,27.506,
2011-09-16,27.778,27.778,27.778,27.778,
2011-09-19,27.565,27.565,27.565,27.565,
2011-09-20,27.822,27.822,27.822,27.822,
2011-09-21,27.263,27.263,27.263,27.263,
2011-09-22,26.859,26.859,26.859,26.859,
2011-09-23,26.499,26.499,26.499,26.499,
2011-09-26,26.918,26.918,26.918,26.918,
2011-09-27,27.315,27.315,27.315,27.315,
2011-09-28,27.359,27.359,27.359,27.359,
2011-09-29,27.366,27.366,27.366,27.366,
2011-09-30,27.161,27.161,27.161,27.161,
2011-10-03,26.69,26.69,26.69,26.69,
2011-10-04,26.984,26.984,26.984,26.984,
2011-10-05,27.205,27.205,27.205,27.205,
2011-10-06,27.352,27.352,27.352,27.352,
2011-10-07,27.859,27.859,27.859,27.859,
2011-10-10,28.219,28.219,28.219,28.219,
2011-10-11,27.697,27.697,27.697,27.697,
2011-10-12,27.631,27.631,27.631,27.631,
2011-10-13,27.917,27.917,27.917,27.917,
2011-10-14,28.13,28.13,28.13,28.13,
2011-10-17,27.895,27.895,27.895,27.895,
2011-10-18,28.277,28.277,28.277,28.277,
2011-10-19,28.432,28.432,28.432,28.432,
2011-10-20,28.365,28.365,28.365,28.365,
2011-10-21,27.969,27.969,27.969,27.969,
2011-10-24,28.057,28.057,28.057,28.057,
2011-10-25,27.491,27.491,27.491,27.491,
2011-10-26,27.55,27.55,27.55,27.55,
2011-10-27,27.822,27.822,27.822,27.822,
2011-10-28,28.123,28.123,28.123,28.123,
2011-10-31,27.3,27.3,27.3,27.3,
2011-11-01,27.344,27.344,27.344,27.344,
2011-11-02,27.535,27.535,27.535,27.535,
2011-11-03,27.954,27.954,27.954,27.954,
2011-11-04,27.873,27.873,27.873,27.873,
2011-11-07,28.174,28.174,28.174,28.174,
2011-11-08,28.645,28.645,28.645,28.645,
2011-11-09,27.807,27.807,27.807,27.807,
2011-11-10,27.71,27.71,27.71,27.71,
2011-11-11,28.172,28.172,28.172,28.172,
2011-11-14,28.023,28.023,28.023,28.023,
2011-11-15,28.023,28.023,28.023,28.023,
2011-11-16,27.413,27.413,27.413,27.413,
2011-11-17,27.398,27.398,27.398,27.398,
2011-11-18,27.457,27.457,27.457,27.457,
2011-11-21,27.048,27.048,27.048,27.048,
2011-11-22,26.899,26.899,26.899,26.899,
2011-11-23,26.534,26.534,26.534,26.534,
2011-11-25,26.482,26.482,26.482,26.482,
2011-11-28,26.996,26.996,26.996,26.996,
2011-11-29,26.899,26.899,26.899,26.899,
2011-11-30,28.172,28.172,28.172,28.172,
2011-12-01,28.016,28.016,28.016,28.016,
2011-12-02,27.815,27.815,27.815,27.815,
2011-12-05,27.844,27.844,27.844,27.844,
2011-12-06,28.924,28.924,28.924,28.924,
2011-12-07,29.348,29.348,29.348,29.348,
2011-12-08,28.946,28.946,28.946,28.946,
2011-12-09,29.229,29.229,29.229,29.229,
2011-12-12,29.02,29.02,29.02,29.02,
2011-12-13,29.512,29.512,29.512,29.512,
2011-12-14,29.802,29.802,29.802,29.802,
2011-12-15,30.68,30.68,30.68,30.68,
2011-12-16,30.167,30.167,30.167,30.167,
2011-12-19,30.323,30.323,30.323,30.323,
2011-12-20,30.606,30.606,30.606,30.606,
2011-12-21,30.941,30.941,30.941,30.941,
2011-12-22,30.859,30.859,30.859,30.859,
2011-12-23,30.993,30.993,30.993,30.993,
2011-12-27,31.075,31.075,31.075,31.075,
2011-12-28,30.74,30.74,30.74,30.74,
2011-12-29,30.889,30.889,30.889,30.889,
2011-12-30,30.933,30.933,30.933,30.933,
2012-01-03,31.112,31.112,31.112,31.112,
2012-01-04,30.301,30.301,30.301,30.301,
2012-01-05,29.995,29.995,29.995,29.995,
2012-01-06,29.683,29.683,29.683,29.683,
2012-01-09,29.631,29.631,29.631,29.631,
2012-01-10,30.018,30.018,30.018,30.018,
2012-01-11,29.757,29.757,29.757,29.757,
2012-01-12,29.906,29.906,29.906,29.906,
2012-01-13,29.727,29.727,29.727,29.727,
2012-01-17,29.794,29.794,29.794,29.794,
2012-01-18,29.906,29.906,29.906,29.906,
2012-01-19,29.899,29.899,29.899,29.899,
2012-01-20,29.631,29.631,29.631,29.631,
2012-01-23,29.325,29.325,29.325,29.325,
2012-01-24,29.482,29.482,29.482,29.482,
2012-01-25,29.69,29.69,29.69,29.69,
2012-01-26,29.355,29.355,29.355,29.355,
2012-01-27,29.177,29.177,29.177,29.177,
2012-01-30,29.214,29.214,29.214,29.214,
2012-01-31,29.579,29.579,29.579,29.579,
2012-02-01,29.623,29.623,29.623,29.623,
2012-02-02,29.474,29.474,29.474,29.474,
2012-02-03,29.407,29.407,29.407,29.407,
2012-02-06,29.512,29.512,29.512,29.512,
2012-02-07,29.4,29.4,29.4,29.4,
2012-02-08,29.608,29.608,29.608,29.608,
2012-02-09,29.415,29.415,29.415,29.415,
2012-02-10,29.259,29.259,29.259,29.259,
2012-02-13,29.281,29.281,29.281,29.281,
2012-02-14,29.01,29.01,29.01,29.01,
2012-02-15,29.07,29.07,29.07,29.07,
2012-02-16,29.183,29.183,29.183,29.183,
2012-02-17,29.59,29.59,29.59,29.59,
2012-02-21,29.206,29.206,29.206,29.206,
2012-02-22,29.259,29.259,29.259,29.259,
2012-02-23,29.236,29.236,29.236,29.236,
2012-02-24,29.432,29.432,29.432,29.432,
2012-02-27,29.53,29.53,29.53,29.53,
2012-02-28,29.696,29.696,29.696,29.696,
2012-02-29,29.575,29.575,29.575,29.575,
2012-03-01,29.658,29.658,29.658,29.658,
2012-03-02,29.756,29.756,29.756,29.756,
2012-03-05,29.492,29.492,29.492,29.492,
2012-03-06,29.123,29.123,29.123,29.123,
2012-03-07,29.289,29.289,29.289,29.289,
2012-03-08,29.537,29.537,29.537,29.537,
2012-03-09,29.816,29.816,29.816,29.816,
2012-03-12,29.997,29.997,29.997,29.997,
2012-03-13,30.276,30.276,30.276,30.276,
2012-03-14,30.344,30.344,30.344,30.344,
2012-03-15,30.359,30.359,30.359,30.359,
2012-03-16,30.299,30.299,30.299,30.299,
2012-03-19,30.389,30.389,30.389,30.389,
2012-03-20,30.163,30.163,30.163,30.163,
2012-03-21,30.11,30.11,30.11,30.11,
2012-03-22,30.005,30.005,30.005,30.005,
2012-03-23,30.05,30.05,30.05,30.05,
2012-03-26,30.351,30.351,30.351,30.351,
2012-03-27,30.344,30.344,30.344,30.344,
2012-03-28,30.382,30.382,30.382,30.382,
2012-03-29,30.118,30.118,30.118,30.118,
2012-03-30,30.351,30.351,30.351,30.351,
2012-04-02,30.51,30.51,30.51,30.51,
2012-04-03,30.389,30.389,30.389,30.389,
2012-04-04,30.397,30.397,30.397,30.397,
2012-04-05,30.51,30.51,30.51,30.51,
2012-04-09,29.937,29.937,29.937,29.937,
2012-04-10,29.711,29.711,29.711,29.711,
2012-04-11,29.748,29.748,29.748,29.748,
2012-04-12,29.831,29.831,29.831,29.831,
2012-04-13,29.53,29.53,29.53,29.53,
2012-04-16,29.846,29.846,29.846,29.846,
2012-04-17,30.193,30.193,30.193,30.193,
2012-04-18,29.922,29.922,29.922,29.922,
2012-04-19,29.959,29.959,29.959,29.959,
2012-04-20,30.08,30.08,30.08,30.08,
2012-04-23,30.005,30.005,30.005,30.005,
2012-04-24,30.118,30.118,30.118,30.118,
2012-04-25,30.751,30.751,30.751,30.751,
2012-04-26,30.811,30.811,30.811,30.811,
2012-04-27,31.128,31.128,31.128,31.128,
2012-04-30,31.196,31.196,31.196,31.196,
2012-05-01,31.082,31.082,31.082,31.082,
2012-05-02,31.263,31.263,31.263,31.263,
2012-05-03,31.105,31.105,31.105,31.105,
2012-05-04,31.113,31.113,31.113,31.113,
2012-05-07,31.361,31.361,31.361,31.361,
2012-05-08,31.369,31.369,31.369,31.369,
2012-05-09,31.128,31.128,31.128,31.128,
2012-05-10,31.467,31.467,31.467,31.467,
2012-05-11,31.467,31.467,31.467,31.467,
2012-05-14,31.215,31.215,31.215,31.215,
2012-05-15,30.948,30.948,30.948,30.948,
2012-05-16,31.078,31.078,31.078,31.078,
2012-05-17,30.91,30.91,30.91,30.91,
2012-05-18,30.841,30.841,30.841,30.841,
2012-05-21,30.986,30.986,30.986,30.986,
2012-05-22,31.269,31.269,31.269,31.269,
2012-05-23,31.017,31.017,31.017,31.017,
2012-05-24,31.391,31.391,31.391,31.391,
2012-05-25,31.352,31.352,31.352,31.352,
2012-05-29,31.497,31.497,31.497,31.497,
2012-05-30,31.261,31.261,31.261,31.261,
2012-05-31,31.23,31.23,31.23,31.23,
2012-06-01,30.628,30.628,30.628,30.628,
2012-06-04,30.62,30.62,30.62,30.62,
2012-06-05,30.979,30.979,30.979,30.979,
2012-06-06,31.276,31.276,31.276,31.276,
2012-06-07,31.474,31.474,31.474,31.474,
2012-06-08,31.673,31.673,31.673,31.673,
2012-06-11,31.642,31.642,31.642,31.642,
2012-06-12,31.757,31.757,31.757,31.757,
2012-06-13,31.703,31.703,31.703,31.703,
2012-06-14,31.886,31.886,31.886,31.886,
2012-06-15,32.024,32.024,32.024,32.024,
2012-06-18,32.062,32.062,32.062,32.062,
2012-06-19,32.252,32.252,32.252,32.252,
2012-06-20,32.062,32.062,32.062,32.062,
2012-06-21,31.848,31.848,31.848,31.848,
2012-06-22,32.085,32.085,32.085,32.085,
2012-06-25,31.627,31.627,31.627,31.627,
2012-06-26,31.703,31.703,31.703,31.703,
2012-06-27,31.978,31.978,31.978,31.978,
2012-06-28,32.107,32.107,32.107,32.107,
2012-06-29,32.725,32.725,32.725,32.725,
2012-07-02,32.786,32.786,32.786,32.786,
2012-07-03,32.916,32.916,32.916,32.916,
2012-07-05,32.679,32.679,32.679,32.679,
2012-07-06,32.535,32.535,32.535,32.535,
2012-07-09,32.756,32.756,32.756,32.756,
2012-07-10,32.687,32.687,32.687,32.687,
2012-07-11,32.641,32.641,32.641,32.641,
2012-07-12,32.672,32.672,32.672,32.672,
2012-07-13,32.992,32.992,32.992,32.992,
2012-07-16,33.442,33.442,33.442,33.442,
2012-07-17,33.526,33.526,33.526,33.526,
2012-07-18,33.945,33.945,33.945,33.945,
2012-07-19,33.862,33.862,33.862,33.862,
2012-07-20,33.686,33.686,33.686,33.686,
2012-07-23,33.427,33.427,33.427,33.427,
2012-07-24,32.016,32.016,32.016,32.016,
2012-07-25,32.885,32.885,32.885,32.885,
2012-07-26,33.259,33.259,33.259,33.259,
2012-07-27,33.839,33.839,33.839,33.839,
2012-07-30,33.595,33.595,33.595,33.595,
2012-07-31,33.579,33.579,33.579,33.579,
2012-08-01,33.45,33.45,33.45,33.45,
2012-08-02,33.038,33.038,33.038,33.038,
2012-08-03,33.671,33.671,33.671,33.671,
2012-08-06,33.335,33.335,33.335,33.335,
2012-08-07,32.603,32.603,32.603,32.603,
2012-08-08,32.679,32.679,32.679,32.679,
2012-08-09,32.58,32.58,32.58,32.58,
2012-08-10,33.251,33.251,33.251,33.251,
2012-08-13,33.02,33.02,33.02,33.02,
2012-08-14,32.958,32.958,32.958,32.958,
2012-08-15,33.151,33.151,33.151,33.151,
2012-08-16,32.974,32.974,32.974,32.974,
2012-08-17,32.719,32.719,32.719,32.719,
2012-08-20,32.658,32.658,32.658,32.658,
2012-08-21,32.557,32.557,32.557,32.557,
2012-08-22,32.526,32.526,32.526,32.526,
2012-08-23,32.704,32.704,32.704,32.704,
2012-08-24,33.83,33.83,33.83,33.83,
2012-08-27,34.393,34.393,34.393,34.393,
2012-08-28,34.486,34.486,34.486,34.486,
2012-08-29,34.84,34.84,34.84,34.84,
2012-08-30,34.632,34.632,34.632,34.632,
2012-08-31,34.64,34.64,34.64,34.64,
2012-09-04,34.933,34.933,34.933,34.933,
2012-09-05,35.334,35.334,35.334,35.334,
2012-09-06,36.105,36.105,36.105,36.105,
2012-09-07,35.982,35.982,35.982,35.982,
2012-09-10,35.882,35.882,35.882,35.882,
2012-09-11,35.858,35.858,35.858,35.858,
2012-09-12,35.905,35.905,35.905,35.905,
2012-09-13,36.368,36.368,36.368,36.368,
2012-09-14,36.036,36.036,36.036,36.036,
2012-09-17,36.121,36.121,36.121,36.121,
2012-09-18,36.182,36.182,36.182,36.182,
2012-09-19,36.144,36.144,36.144,36.144,
2012-09-20,36.267,36.267,36.267,36.267,
2012-09-21,36.607,36.607,36.607,36.607,
2012-09-24,36.56,36.56,36.56,36.56,
2012-09-25,36.599,36.599,36.599,36.599,
2012-09-26,36.406,36.406,36.406,36.406,
2012-09-27,36.745,36.745,36.745,36.745,
2012-09-28,36.568,36.568,36.568,36.568,
2012-10-01,36.691,36.691,36.691,36.691,
2012-10-02,36.977,36.977,36.977,36.977,
2012-10-03,37.262,37.262,37.262,37.262,
2012-10-04,37.609,37.609,37.609,37.609,
2012-10-05,37.201,37.201,37.201,37.201,
2012-10-08,39.167,39.167,39.167,39.167,
2012-10-09,39.962,39.962,39.962,39.962,
2012-10-10,38.743,38.743,38.743,38.743,
2012-10-11,39.029,39.029,39.029,39.029,
2012-10-12,38.913,38.913,38.913,38.913,
2012-10-15,40.517,40.517,40.517,40.517,
2012-10-16,41.389,41.389,41.389,41.389,
2012-10-17,41.397,41.397,41.397,41.397,
2012-10-18,41.505,41.505,41.505,41.505,
2012-10-19,40.772,40.772,40.772,40.772,
2012-10-22,40.324,40.324,40.324,40.324,
2012-10-23,40.039,40.039,40.039,40.039,
2012-10-24,38.951,38.951,38.951,38.951,
2012-10-25,39.399,39.399,39.399,39.399,
2012-10-26,38.728,38.728,38.728,38.728,
2012-10-31,37.509,37.509,37.509,37.509,
2012-11-01,37.872,37.872,37.872,37.872,
2012-11-02,37.447,37.447,37.447,37.447,
2012-11-05,37.625,37.625,37.625,37.625,
2012-11-06,37.625,37.625,37.625,37.625,
2012-11-07,37.162,37.162,37.162,37.162,
2012-11-08,36.614,36.614,36.614,36.614,
2012-11-09,36.614,36.614,36.614,36.614,
2012-11-12,37.255,37.255,37.255,37.255,
2012-11-13,36.732,36.732,36.732,36.732,
2012-11-14,36.016,36.016,36.016,36.016,
2012-11-15,35.813,35.813,35.813,35.813,
2012-11-16,35.774,35.774,35.774,35.774,
2012-11-19,36.647,36.647,36.647,36.647,
2012-11-20,36.771,36.771,36.771,36.771,
2012-11-21,36.951,36.951,36.951,36.951,
2012-11-23,37.2,37.2,37.2,37.2,
2012-11-26,37.348,37.348,37.348,37.348,
2012-11-27,37.153,37.153,37.153,37.153,
2012-11-28,37.434,37.434,37.434,37.434,
2012-11-29,37.855,37.855,37.855,37.855,
2012-11-30,38.213,38.213,38.213,38.213,
2012-12-03,38.12,38.12,38.12,38.12,
2012-12-04,38.353,38.353,38.353,38.353,
2012-12-05,38.634,38.634,38.634,38.634,
2012-12-06,38.494,38.494,38.494,38.494,
2012-12-07,38.673,38.673,38.673,38.673,
2012-12-10,39.055,39.055,39.055,39.055,
2012-12-11,39.429,39.429,39.429,39.429,
2012-12-12,38.182,38.182,38.182,38.182,
2012-12-13,37.582,37.582,37.582,37.582,
2012-12-14,37.239,37.239,37.239,37.239,
2012-12-17,37.668,37.668,37.668,37.668,
2012-12-18,38.587,38.587,38.587,38.587,
2012-12-19,38.12,38.12,38.12,38.12,
2012-12-20,38.377,38.377,38.377,38.377,
2012-12-21,38.61,38.61,38.61,38.61,
2012-12-24,38.213,38.213,38.213,38.213,
2012-12-26,38.229,38.229,38.229,38.229,
2012-12-27,38.158,38.158,38.158,38.158,
2012-12-28,37.87,37.87,37.87,37.87,
2012-12-31,38.431,38.431,38.431,38.431,
2013-01-02,38.579,38.579,38.579,38.579,
2013-01-03,38.743,38.743,38.743,38.743,
2013-01-04,40.177,40.177,40.177,40.177,
2013-01-07,40.122,40.122,40.122,40.122,
2013-01-08,40.426,40.426,40.426,40.426,
2013-01-09,41.275,41.275,41.275,41.275,
2013-01-10,41.494,41.494,41.494,41.494,
2013-01-11,41.384,41.384,41.384,41.384,
2013-01-14,41.143,41.143,41.143,41.143,
2013-01-15,41.525,41.525,41.525,41.525,
2013-01-16,41.244,41.244,41.244,41.244,
2013-01-17,41.556,41.556,41.556,41.556,
2013-01-18,41.899,41.899,41.899,41.899,
2013-01-22,41.642,41.642,41.642,41.642,
2013-01-23,40.831,40.831,40.831,40.831,
2013-01-24,41.423,41.423,41.423,41.423,
2013-01-25,41.462,41.462,41.462,41.462,
2013-01-28,41.018,41.018,41.018,41.018,
2013-01-29,42.327,42.327,42.327,42.327,
2013-01-30,42.195,42.195,42.195,42.195,
2013-01-31,41.836,41.836,41.836,41.836,
2013-02-01,42.234,42.234,42.234,42.234,
2013-02-04,41.727,41.727,41.727,41.727,
2013-02-05,42.156,42.156,42.156,42.156,
2013-02-06,42.023,42.023,42.023,42.023,
2013-02-07,41.907,41.907,41.907,41.907,
2013-02-08,41.86,41.86,41.86,41.86,
2013-02-11,42.0,42.0,42.0,42.0,
2013-02-12,41.922,41.922,41.922,41.922,
2013-02-13,42.024,42.024,42.024,42.024,
2013-02-14,42.072,42.072,42.072,42.072,
2013-02-15,42.142,42.142,42.142,42.142,
2013-02-19,42.606,42.606,42.606,42.606,
2013-02-20,42.693,42.693,42.693,42.693,
2013-02-21,42.48,42.48,42.48,42.48,
2013-02-22,42.677,42.677,42.677,42.677,
2013-02-25,42.284,42.284,42.284,42.284,
2013-02-26,42.803,42.803,42.803,42.803,
2013-02-27,43.094,43.094,43.094,43.094,
2013-02-28,42.984,42.984,42.984,42.984,
2013-03-01,43.078,43.078,43.078,43.078,
2013-03-04,43.062,43.062,43.062,43.062,
2013-03-05,43.676,43.676,43.676,43.676,
2013-03-06,43.314,43.314,43.314,43.314,
2013-03-07,43.526,43.526,43.526,43.526,
2013-03-08,43.377,43.377,43.377,43.377,
2013-03-11,43.306,43.306,43.306,43.306,
2013-03-12,43.314,43.314,43.314,43.314,
2013-03-13,43.298,43.298,43.298,43.298,
2013-03-14,43.306,43.306,43.306,43.306,
2013-03-15,43.353,43.353,43.353,43.353,
2013-03-18,42.984,42.984,42.984,42.984,
2013-03-19,43.086,43.086,43.086,43.086,
2013-03-20,43.487,43.487,43.487,43.487,
2013-03-21,43.314,43.314,43.314,43.314,
2013-03-22,43.699,43.699,43.699,43.699,
2013-03-25,43.739,43.739,43.739,43.739,
2013-03-26,44.266,44.266,44.266,44.266,
2013-03-27,44.328,44.328,44.328,44.328,
2013-03-28,44.659,44.659,44.659,44.659,
2013-04-01,44.517,44.517,44.517,44.517,
2013-04-02,44.431,44.431,44.431,44.431,
2013-04-03,44.706,44.706,44.706,44.706,
2013-04-04,44.769,44.769,44.769,44.769,
2013-04-05,44.415,44.415,44.415,44.415,
2013-04-08,44.682,44.682,44.682,44.682,
2013-04-09,44.619,44.619,44.619,44.619,
2013-04-10,45.288,45.288,45.288,45.288,
2013-04-11,45.61,45.61,45.61,45.61,
2013-04-12,45.225,45.225,45.225,45.225,
2013-04-15,44.423,44.423,44.423,44.423,
2013-04-16,44.965,44.965,44.965,44.965,
2013-04-17,45.193,45.193,45.193,45.193,
2013-04-18,44.266,44.266,44.266,44.266,
2013-04-19,45.154,45.154,45.154,45.154,
2013-04-22,45.28,45.28,45.28,45.28,
2013-04-23,45.87,45.87,45.87,45.87,
2013-04-24,44.077,44.077,44.077,44.077,
2013-04-25,44.376,44.376,44.376,44.376,
2013-04-26,44.399,44.399,44.399,44.399,
2013-04-29,44.045,44.045,44.045,44.045,
2013-04-30,43.55,43.55,43.55,43.55,
2013-05-01,42.653,42.653,42.653,42.653,
2013-05-02,43.015,43.015,43.015,43.015,
2013-05-03,43.243,43.243,43.243,43.243,
2013-05-06,42.834,42.834,42.834,42.834,
2013-05-07,42.598,42.598,42.598,42.598,
2013-05-08,42.874,42.874,42.874,42.874,
2013-05-09,42.905,42.905,42.905,42.905,
2013-05-10,43.11,43.11,43.11,43.11,
2013-05-13,44.258,44.258,44.258,44.258,
2013-05-14,44.321,44.321,44.321,44.321,
2013-05-15,44.995,44.995,44.995,44.995,
2013-05-16,44.377,44.377,44.377,44.377,
2013-05-17,44.345,44.345,44.345,44.345,
2013-05-20,43.647,43.647,43.647,43.647,
2013-05-21,43.742,43.742,43.742,43.742,
2013-05-22,43.567,43.567,43.567,43.567,
2013-05-23,43.425,43.425,43.425,43.425,
2013-05-24,42.949,42.949,42.949,42.949,
2013-05-28,43.266,43.266,43.266,43.266,
2013-05-29,42.639,42.639,42.639,42.639,
2013-05-30,42.901,42.901,42.901,42.901,
2013-05-31,42.171,42.171,42.171,42.171,
2013-06-03,42.155,42.155,42.155,42.155,
2013-06-04,41.648,41.648,41.648,41.648,
2013-06-05,41.1,41.1,41.1,41.1,
2013-06-06,41.322,41.322,41.322,41.322,
2013-06-07,41.64,41.64,41.64,41.64,
2013-06-10,41.759,41.759,41.759,41.759,
2013-06-11,41.203,41.203,41.203,41.203,
2013-06-12,41.077,41.077,41.077,41.077,
2013-06-13,41.132,41.132,41.132,41.132,
2013-06-14,41.291,41.291,41.291,41.291,
2013-06-17,41.537,41.537,41.537,41.537,
2013-06-18,41.529,41.529,41.529,41.529,
2013-06-19,40.751,40.751,40.751,40.751,
2013-06-20,39.196,39.196,39.196,39.196,
2013-06-21,39.593,39.593,39.593,39.593,
2013-06-24,38.919,38.919,38.919,38.919,
2013-06-25,39.046,39.046,39.046,39.046,
2013-06-26,39.498,39.498,39.498,39.498,
2013-06-27,39.442,39.442,39.442,39.442,
2013-06-28,38.966,38.966,38.966,38.966,
2013-07-01,39.791,39.791,39.791,39.791,
2013-07-02,40.061,40.061,40.061,40.061,
2013-07-03,39.776,39.776,39.776,39.776,
2013-07-05,40.125,40.125,40.125,40.125,
2013-07-08,40.561,40.561,40.561,40.561,
2013-07-09,41.085,41.085,41.085,41.085,
2013-07-10,40.791,40.791,40.791,40.791,
2013-07-11,40.886,40.886,40.886,40.886,
2013-07-12,40.815,40.815,40.815,40.815,
2013-07-15,40.886,40.886,40.886,40.886,
2013-07-16,40.458,40.458,40.458,40.458,
2013-07-17,40.196,40.196,40.196,40.196,
2013-07-18,39.601,39.601,39.601,39.601,
2013-07-19,40.14,40.14,40.14,40.14,
2013-07-22,40.164,40.164,40.164,40.164,
2013-07-23,40.45,40.45,40.45,40.45,
2013-07-24,41.687,41.687,41.687,41.687,
2013-07-25,41.719,41.719,41.719,41.719,
2013-07-26,42.33,42.33,42.33,42.33,
2013-07-29,42.489,42.489,42.489,42.489,
2013-07-30,42.298,42.298,42.298,42.298,
2013-07-31,42.132,42.132,42.132,42.132,
2013-08-01,42.441,42.441,42.441,42.441,
2013-08-02,42.742,42.742,42.742,42.742,
2013-08-05,42.735,42.735,42.735,42.735,
2013-08-06,42.298,42.298,42.298,42.298,
2013-08-07,42.536,42.536,42.536,42.536,
2013-08-08,42.497,42.497,42.497,42.497,
2013-08-09,42.98,42.98,42.98,42.98,
2013-08-12,42.877,42.877,42.877,42.877,
2013-08-13,43.998,43.998,43.998,43.998,
2013-08-14,43.39,43.39,43.39,43.39,
2013-08-15,42.741,42.741,42.741,42.741,
2013-08-16,42.317,42.317,42.317,42.317,
2013-08-19,42.261,42.261,42.261,42.261,
2013-08-20,42.269,42.269,42.269,42.269,
2013-08-21,41.965,41.965,41.965,41.965,
2013-08-22,41.997,41.997,41.997,41.997,
2013-08-23,42.125,42.125,42.125,42.125,
2013-08-26,41.669,41.669,41.669,41.669,
2013-08-27,41.044,41.044,41.044,41.044,
2013-08-28,41.204,41.204,41.204,41.204,
2013-08-29,41.188,41.188,41.188,41.188,
2013-08-30,41.148,41.148,41.148,41.148,
2013-09-03,41.076,41.076,41.076,41.076,
2013-09-04,41.773,41.773,41.773,41.773,
2013-09-05,41.797,41.797,41.797,41.797,
2013-09-06,41.957,41.957,41.957,41.957,
2013-09-09,42.061,42.061,42.061,42.061,
2013-09-10,42.325,42.325,42.325,42.325,
2013-09-11,42.269,42.269,42.269,42.269,
2013-09-12,42.357,42.357,42.357,42.357,
2013-09-13,42.645,42.645,42.645,42.645,
2013-09-16,42.941,42.941,42.941,42.941,
2013-09-17,43.093,43.093,43.093,43.093,
2013-09-18,43.358,43.358,43.358,43.358,
2013-09-19,43.117,43.117,43.117,43.117,
2013-09-20,43.174,43.174,43.174,43.174,
2013-09-23,42.461,42.461,42.461,42.461,
2013-09-24,41.973,41.973,41.973,41.973,
2013-09-25,42.117,42.117,42.117,42.117,
2013-09-26,40.86,40.86,40.86,40.86,
2013-09-27,40.428,40.428,40.428,40.428,
2013-09-30,40.292,40.292,40.292,40.292,
2013-10-01,40.564,40.564,40.564,40.564,
2013-10-02,40.46,40.46,40.46,40.46,
2013-10-03,39.067,39.067,39.067,39.067,
2013-10-04,38.73,38.73,38.73,38.73,
2013-10-07,38.146,38.146,38.146,38.146,
2013-10-08,38.466,38.466,38.466,38.466,
2013-10-09,38.394,38.394,38.394,38.394,
2013-10-10,39.347,39.347,39.347,39.347,
2013-10-11,39.131,39.131,39.131,39.131,
2013-10-14,39.251,39.251,39.251,39.251,
2013-10-15,39.075,39.075,39.075,39.075,
2013-10-16,39.155,39.155,39.155,39.155,
2013-10-17,39.787,39.787,39.787,39.787,
2013-10-18,39.675,39.675,39.675,39.675,
2013-10-21,39.747,39.747,39.747,39.747,
2013-10-22,40.147,40.147,40.147,40.147,
2013-10-23,40.276,40.276,40.276,40.276,
2013-10-24,40.468,40.468,40.468,40.468,
2013-10-25,40.556,40.556,40.556,40.556,
2013-10-28,40.732,40.732,40.732,40.732,
2013-10-29,40.188,40.188,40.188,40.188,
2013-10-30,39.395,39.395,39.395,39.395,
2013-10-31,39.883,39.883,39.883,39.883,
2013-11-01,40.332,40.332,40.332,40.332,
2013-11-04,40.356,40.356,40.356,40.356,
2013-11-05,40.324,40.324,40.324,40.324,
2013-11-06,40.42,40.42,40.42,40.42,
2013-11-07,40.035,40.035,40.035,40.035,
2013-11-08,40.532,40.532,40.532,40.532,
2013-11-11,40.252,40.252,40.252,40.252,
2013-11-12,40.075,40.075,40.075,40.075,
2013-11-13,40.868,40.868,40.868,40.868,
2013-11-14,41.256,41.256,41.256,41.256,
2013-11-15,41.24,41.24,41.24,41.24,
2013-11-18,41.256,41.256,41.256,41.256,
2013-11-19,41.183,41.183,41.183,41.183,
2013-11-20,40.965,40.965,40.965,40.965,
2013-11-21,40.819,40.819,40.819,40.819,
2013-11-22,41.417,41.417,41.417,41.417,
2013-11-25,41.506,41.506,41.506,41.506,
2013-11-26,40.86,40.86,40.86,40.86,
2013-11-27,40.714,40.714,40.714,40.714,
2013-11-29,40.601,40.601,40.601,40.601,
2013-12-02,40.617,40.617,40.617,40.617,
2013-12-03,40.245,40.245,40.245,40.245,
2013-12-04,40.318,40.318,40.318,40.318,
2013-12-05,40.391,40.391,40.391,40.391,
2013-12-06,40.932,40.932,40.932,40.932,
2013-12-09,41.062,41.062,41.062,41.062,
2013-12-10,40.819,40.819,40.819,40.819,
2013-12-11,40.407,40.407,40.407,40.407,
2013-12-12,39.801,39.801,39.801,39.801,
2013-12-13,39.93,39.93,39.93,39.93,
2013-12-16,39.768,39.768,39.768,39.768,
2013-12-17,39.792,39.792,39.792,39.792,
2013-12-18,40.835,40.835,40.835,40.835,
2013-12-19,40.536,40.536,40.536,40.536,
2013-12-20,40.585,40.585,40.585,40.585,
2013-12-23,40.868,40.868,40.868,40.868,
2013-12-24,41.021,41.021,41.021,41.021,
2013-12-26,41.223,41.223,41.223,41.223,
2013-12-27,41.434,41.434,41.434,41.434,
2013-12-30,41.369,41.369,41.369,41.369,
2013-12-31,41.232,41.232,41.232,41.232,
2014-01-02,41.013,41.013,41.013,41.013,
2014-01-03,41.312,41.312,41.312,41.312,
2014-01-06,41.66,41.66,41.66,41.66,
2014-01-07,41.385,41.385,41.385,41.385,
2014-01-08,41.32,41.32,41.32,41.32,
2014-01-09,41.781,41.781,41.781,41.781,
2014-01-10,41.983,41.983,41.983,41.983,
2014-01-13,42.097,42.097,42.097,42.097,
2014-01-14,42.396,42.396,42.396,42.396,
2014-01-15,43.18,43.18,43.18,43.18,
2014-01-16,44.708,44.708,44.708,44.708,
2014-01-17,44.595,44.595,44.595,44.595,
2014-01-21,44.942,44.942,44.942,44.942,
2014-01-22,44.95,44.95,44.95,44.95,
2014-01-23,44.587,44.587,44.587,44.587,
2014-01-24,43.754,43.754,43.754,43.754,
2014-01-27,43.762,43.762,43.762,43.762,
2014-01-28,43.843,43.843,43.843,43.843,
2014-01-29,43.584,43.584,43.584,43.584,
2014-01-30,43.067,43.067,43.067,43.067,
2014-01-31,43.665,43.665,43.665,43.665,
2014-02-03,42.574,42.574,42.574,42.574,
2014-02-04,42.929,42.929,42.929,42.929,
2014-02-05,42.622,42.622,42.622,42.622,
2014-02-06,42.622,42.622,42.622,42.622,
2014-02-07,43.018,43.018,43.018,43.018,
2014-02-10,43.633,43.633,43.633,43.633,
2014-02-11,44.069,44.069,44.069,44.069,
2014-02-12,43.498,43.498,43.498,43.498,
2014-02-13,43.629,43.629,43.629,43.629,
2014-02-14,44.216,44.216,44.216,44.216,
2014-02-18,45.073,45.073,45.073,45.073,
2014-02-19,47.389,47.389,47.389,47.389,
2014-02-20,47.357,47.357,47.357,47.357,
2014-02-21,47.283,47.283,47.283,47.283,
2014-02-24,47.341,47.341,47.341,47.341,
2014-02-25,47.708,47.708,47.708,47.708,
2014-02-26,47.855,47.855,47.855,47.855,
2014-02-27,48.572,48.572,48.572,48.572,
2014-02-28,48.63,48.63,48.63,48.63,
2014-03-03,48.156,48.156,48.156,48.156,
2014-03-04,48.825,48.825,48.825,48.825,
2014-03-05,48.483,48.483,48.483,48.483,
2014-03-06,47.903,47.903,47.903,47.903,
2014-03-07,47.797,47.797,47.797,47.797,
2014-03-10,48.05,48.05,48.05,48.05,
2014-03-11,47.667,47.667,47.667,47.667,
2014-03-12,48.295,48.295,48.295,48.295,
2014-03-13,47.593,47.593,47.593,47.593,
2014-03-14,48.026,48.026,48.026,48.026,
2014-03-17,48.026,48.026,48.026,48.026,
2014-03-18,48.458,48.458,48.458,48.458,
2014-03-19,48.173,48.173,48.173,48.173,
2014-03-20,47.781,47.781,47.781,47.781,
2014-03-21,47.137,47.137,47.137,47.137,
2014-03-24,46.827,46.827,46.827,46.827,
2014-03-25,46.672,46.672,46.672,46.672,
2014-03-26,46.892,46.892,46.892,46.892,
2014-03-27,46.933,46.933,46.933,46.933,
2014-03-28,46.998,46.998,46.998,46.998,
2014-03-31,48.018,48.018,48.018,48.018,
2014-04-01,47.985,47.985,47.985,47.985,
2014-04-02,48.254,48.254,48.254,48.254,
2014-04-03,48.107,48.107,48.107,48.107,
2014-04-04,48.14,48.14,48.14,48.14,
2014-04-07,47.822,47.822,47.822,47.822,
2014-04-08,47.789,47.789,47.789,47.789,
2014-04-09,49.298,49.298,49.298,49.298,
2014-04-10,47.855,47.855,47.855,47.855,
2014-04-11,47.683,47.683,47.683,47.683,
2014-04-14,48.091,48.091,48.091,48.091,
2014-04-15,48.475,48.475,48.475,48.475,
2014-04-16,48.915,48.915,48.915,48.915,
2014-04-17,49.298,49.298,49.298,49.298,
2014-04-21,49.649,49.649,49.649,49.649,
2014-04-22,48.972,48.972,48.972,48.972,
2014-04-23,48.589,48.589,48.589,48.589,
2014-04-24,47.871,47.871,47.871,47.871,
2014-04-25,47.724,47.724,47.724,47.724,
2014-04-28,48.107,48.107,48.107,48.107,
2014-04-29,48.638,48.638,48.638,48.638,
2014-04-30,48.213,48.213,48.213,48.213,
2014-05-01,48.556,48.556,48.556,48.556,
2014-05-02,48.197,48.197,48.197,48.197,
2014-05-05,48.034,48.034,48.034,48.034,
2014-05-06,47.773,47.773,47.773,47.773,
2014-05-07,48.254,48.254,48.254,48.254,
2014-05-08,48.54,48.54,48.54,48.54,
2014-05-09,48.426,48.426,48.426,48.426,
2014-05-12,48.475,48.475,48.475,48.475,
2014-05-13,49.388,49.388,49.388,49.388,
2014-05-14,49.437,49.437,49.437,49.437,
2014-05-15,47.882,47.882,47.882,47.882,
2014-05-16,47.989,47.989,47.989,47.989,
2014-05-19,48.244,48.244,48.244,48.244,
2014-05-20,48.252,48.252,48.252,48.252,
2014-05-21,48.59,48.59,48.59,48.59,
2014-05-22,49.124,49.124,49.124,49.124,
2014-05-23,49.19,49.19,49.19,49.19,
2014-05-27,49.133,49.133,49.133,49.133,
2014-05-28,49.108,49.108,49.108,49.108,
2014-05-29,48.919,48.919,48.919,48.919,
2014-05-30,49.24,49.24,49.24,49.24,
2014-06-02,48.935,48.935,48.935,48.935,
2014-06-03,48.82,48.82,48.82,48.82,
2014-06-04,48.713,48.713,48.713,48.713,
2014-06-05,49.009,49.009,49.009,49.009,
2014-06-06,49.05,49.05,49.05,49.05,
2014-06-09,49.141,49.141,49.141,49.141,
2014-06-10,49.149,49.149,49.149,49.149,
2014-06-11,48.919,48.919,48.919,48.919,
2014-06-12,48.433,48.433,48.433,48.433,
2014-06-13,48.45,48.45,48.45,48.45,
2014-06-16,48.392,48.392,48.392,48.392,
2014-06-17,48.738,48.738,48.738,48.738,
2014-06-18,49.346,49.346,49.346,49.346,
2014-06-19,49.231,49.231,49.231,49.231,
2014-06-20,51.024,51.024,51.024,51.024,
2014-06-23,51.057,51.057,51.057,51.057,
2014-06-24,50.909,50.909,50.909,50.909,
2014-06-25,51.822,51.822,51.822,51.822,
2014-06-26,51.855,51.855,51.855,51.855,
2014-06-27,51.905,51.905,51.905,51.905,
2014-06-30,51.14,51.14,51.14,51.14,
2014-07-01,51.411,51.411,51.411,51.411,
2014-07-02,51.576,51.576,51.576,51.576,
2014-07-03,51.872,51.872,51.872,51.872,
2014-07-07,51.502,51.502,51.502,51.502,
2014-07-08,51.378,51.378,51.378,51.378,
2014-07-09,51.51,51.51,51.51,51.51,
2014-07-10,51.436,51.436,51.436,51.436,
2014-07-11,51.691,51.691,51.691,51.691,
2014-07-14,51.831,51.831,51.831,51.831,
2014-07-15,51.707,51.707,51.707,51.707,
2014-07-16,51.666,51.666,51.666,51.666,
2014-07-17,51.214,51.214,51.214,51.214,
2014-07-18,52.209,52.209,52.209,52.209,
2014-07-21,52.349,52.349,52.349,52.349,
2014-07-22,52.415,52.415,52.415,52.415,
2014-07-23,52.851,52.851,52.851,52.851,
2014-07-24,52.949,52.949,52.949,52.949,
2014-07-25,52.464,52.464,52.464,52.464,
2014-07-28,52.143,52.143,52.143,52.143,
2014-07-29,51.633,51.633,51.633,51.633,
2014-07-30,51.51,51.51,51.51,51.51,
2014-07-31,50.227,50.227,50.227,50.227,
2014-08-01,49.914,49.914,49.914,49.914,
2014-08-04,50.695,50.695,50.695,50.695,
2014-08-05,50.07,50.07,50.07,50.07,
2014-08-06,50.268,50.268,50.268,50.268,
2014-08-07,49.643,49.643,49.643,49.643,
2014-08-08,50.161,50.161,50.161,50.161,
2014-08-11,50.243,50.243,50.243,50.243,
2014-08-12,50.482,50.482,50.482,50.482,
2014-08-13,50.241,50.241,50.241,50.241,
2014-08-14,50.739,50.739,50.739,50.739,
2014-08-15,50.448,50.448,50.448,50.448,
2014-08-18,50.871,50.871,50.871,50.871,
2014-08-19,51.543,51.543,51.543,51.543,
2014-08-20,51.419,51.419,51.419,51.419,
2014-08-21,51.435,51.435,51.435,51.435,
2014-08-22,51.676,51.676,51.676,51.676,
2014-08-25,52.016,52.016,52.016,52.016,
2014-08-26,52.082,52.082,52.082,52.082,
2014-08-27,52.239,52.239,52.239,52.239,
2014-08-28,52.331,52.331,52.331,52.331,
2014-08-29,52.704,52.704,52.704,52.704,
2014-09-02,52.803,52.803,52.803,52.803,
2014-09-03,53.193,53.193,53.193,53.193,
2014-09-04,53.251,53.251,53.251,53.251,
2014-09-05,53.666,53.666,53.666,53.666,
2014-09-08,53.898,53.898,53.898,53.898,
2014-09-09,53.434,53.434,53.434,53.434,
2014-09-10,53.715,53.715,53.715,53.715,
2014-09-11,54.047,54.047,54.047,54.047,
2014-09-12,54.122,54.122,54.122,54.122,
2014-09-15,54.055,54.055,54.055,54.055,
2014-09-16,54.561,54.561,54.561,54.561,
2014-09-17,54.652,54.652,54.652,54.652,
2014-09-18,55.216,55.216,55.216,55.216,
2014-09-19,55.167,55.167,55.167,55.167,
2014-09-22,54.793,54.793,54.793,54.793,
2014-09-23,54.686,54.686,54.686,54.686,
2014-09-24,54.885,54.885,54.885,54.885,
2014-09-25,54.379,54.379,54.379,54.379,
2014-09-26,54.296,54.296,54.296,54.296,
2014-09-29,54.18,54.18,54.18,54.18,
2014-09-30,53.773,53.773,53.773,53.773,
2014-10-01,53.964,53.964,53.964,53.964,
2014-10-02,53.757,53.757,53.757,53.757,
2014-10-03,54.453,54.453,54.453,54.453,
2014-10-06,54.412,54.412,54.412,54.412,
2014-10-07,53.251,53.251,53.251,53.251,
2014-10-08,54.097,54.097,54.097,54.097,
2014-10-09,53.317,53.317,53.317,53.317,
2014-10-10,53.193,53.193,53.193,53.193,
2014-10-13,52.472,52.472,52.472,52.472,
2014-10-14,52.356,52.356,52.356,52.356,
2014-10-15,52.132,52.132,52.132,52.132,
2014-10-16,51.327,51.327,51.327,51.327,
2014-10-17,51.891,51.891,51.891,51.891,
2014-10-20,52.322,52.322,52.322,52.322,
2014-10-21,53.633,53.633,53.633,53.633,
2014-10-22,53.633,53.633,53.633,53.633,
2014-10-23,53.359,53.359,53.359,53.359,
2014-10-24,54.769,54.769,54.769,54.769,
2014-10-27,54.893,54.893,54.893,54.893,
2014-10-28,53.757,53.757,53.757,53.757,
2014-10-29,54.304,54.304,54.304,54.304,
2014-10-30,55.39,55.39,55.39,55.39,
2014-10-31,55.001,55.001,55.001,55.001,
2014-11-03,55.175,55.175,55.175,55.175,
2014-11-04,55.697,55.697,55.697,55.697,
2014-11-05,55.548,55.548,55.548,55.548,
2014-11-06,55.523,55.523,55.523,55.523,
2014-11-07,55.225,55.225,55.225,55.225,
2014-11-10,56.676,56.676,56.676,56.676,
2014-11-11,56.261,56.261,56.261,56.261,
2014-11-12,56.295,56.295,56.295,56.295,
2014-11-13,56.528,56.528,56.528,56.528,
2014-11-14,56.236,56.236,56.236,56.236,
2014-11-17,56.203,56.203,56.203,56.203,
2014-11-18,56.612,56.612,56.612,56.612,
2014-11-19,56.136,56.136,56.136,56.136,
2014-11-20,55.793,55.793,55.793,55.793,
2014-11-21,56.261,56.261,56.261,56.261,
2014-11-24,55.902,55.902,55.902,55.902,
2014-11-25,55.835,55.835,55.835,55.835,
2014-11-26,56.228,56.228,56.228,56.228,
2014-11-28,56.896,56.896,56.896,56.896,
2014-12-01,57.222,57.222,57.222,57.222,
2014-12-02,58.784,58.784,58.784,58.784,
2014-12-03,59.41,59.41,59.41,59.41,
2014-12-04,60.454,60.454,60.454,60.454,
2014-12-05,60.011,60.011,60.011,60.011,
2014-12-08,60.83,60.83,60.83,60.83,
2014-12-09,60.312,60.312,60.312,60.312,
2014-12-10,59.343,59.343,59.343,59.343,
2014-12-11,59.811,59.811,59.811,59.811,
2014-12-12,58.09,58.09,58.09,58.09,
2014-12-15,58.19,58.19,58.19,58.19,
2014-12-16,57.848,57.848,57.848,57.848,
2014-12-17,58.7,58.7,58.7,58.7,
2014-12-18,60.512,60.512,60.512,60.512,
2014-12-19,60.471,60.471,60.471,60.471,
2014-12-22,59.652,59.652,59.652,59.652,
2014-12-23,58.249,58.249,58.249,58.249,
2014-12-24,58.6,58.6,58.6,58.6,
2014-12-26,58.792,58.792,58.792,58.792,
2014-12-29,58.55,58.55,58.55,58.55,
2014-12-30,58.165,58.165,58.165,58.165,
2014-12-31,57.623,57.623,57.623,57.623,
2015-01-02,58.516,58.516,58.516,58.516,
2015-01-05,57.94,57.94,57.94,57.94,
2015-01-06,58.232,58.232,58.232,58.232,
2015-01-07,57.823,57.823,57.823,57.823,
2015-01-08,59.193,59.193,59.193,59.193,
2015-01-09,58.408,58.408,58.408,58.408,
2015-01-12,57.982,57.982,57.982,57.982,
2015-01-13,57.948,57.948,57.948,57.948,
2015-01-14,58.266,58.266,58.266,58.266,
2015-01-15,58.249,58.249,58.249,58.249,
2015-01-16,59.034,59.034,59.034,59.034,
2015-01-20,60.162,60.162,60.162,60.162,
2015-01-21,60.337,60.337,60.337,60.337,
2015-01-22,60.521,60.521,60.521,60.521,
2015-01-23,60.245,60.245,60.245,60.245,
2015-01-26,60.228,60.228,60.228,60.228,
2015-01-27,59.911,59.911,59.911,59.911,
2015-01-28,59.276,59.276,59.276,59.276,
2015-01-29,60.228,60.228,60.228,60.228,
2015-01-30,60.137,60.137,60.137,60.137,
2015-02-02,59.878,59.878,59.878,59.878,
2015-02-03,59.209,59.209,59.209,59.209,
2015-02-04,58.65,58.65,58.65,58.65,
2015-02-05,59.644,59.644,59.644,59.644,
2015-02-06,58.767,58.767,58.767,58.767,
2015-02-09,58.14,58.14,58.14,58.14,
2015-02-10,58.884,58.884,58.884,58.884,
2015-02-11,58.842,58.842,58.842,58.842,
2015-02-12,59.33,59.33,59.33,59.33,
2015-02-13,59.355,59.355,59.355,59.355,
2015-02-17,60.196,60.196,60.196,60.196,
2015-02-18,59.733,59.733,59.733,59.733,
2015-02-19,59.826,59.826,59.826,59.826,
2015-02-20,60.465,60.465,60.465,60.465,
2015-02-23,59.801,59.801,59.801,59.801,
2015-02-24,59.641,59.641,59.641,59.641,
2015-02-25,59.187,59.187,59.187,59.187,
2015-02-26,58.909,58.909,58.909,58.909,
2015-02-27,59.027,59.027,59.027,59.027,
2015-03-02,59.826,59.826,59.826,59.826,
2015-03-03,59.195,59.195,59.195,59.195,
2015-03-04,59.43,59.43,59.43,59.43,
2015-03-05,59.38,59.38,59.38,59.38,
2015-03-06,57.546,57.546,57.546,57.546,
2015-03-09,58.53,58.53,58.53,58.53,
2015-03-10,57.857,57.857,57.857,57.857,
2015-03-11,57.588,57.588,57.588,57.588,
2015-03-12,58.514,58.514,58.514,58.514,
2015-03-13,58.791,58.791,58.791,58.791,
2015-03-16,59.784,59.784,59.784,59.784,
2015-03-17,59.59,59.59,59.59,59.59,
2015-03-18,61.862,61.862,61.862,61.862,
2015-03-19,62.434,62.434,62.434,62.434,
2015-03-20,64.032,64.032,64.032,64.032,
2015-03-23,64.234,64.234,64.234,64.234,
2015-03-24,63.561,63.561,63.561,63.561,
2015-03-25,62.551,62.551,62.551,62.551,
2015-03-26,61.777,61.777,61.777,61.777,
2015-03-27,61.895,61.895,61.895,61.895,
2015-03-30,62.139,62.139,62.139,62.139,
2015-03-31,61.113,61.113,61.113,61.113,
2015-04-01,60.171,60.171,60.171,60.171,
2015-04-02,59.927,59.927,59.927,59.927,
2015-04-06,59.986,59.986,59.986,59.986,
2015-04-07,60.314,60.314,60.314,60.314,
2015-04-08,60.692,60.692,60.692,60.692,
2015-04-09,60.869,60.869,60.869,60.869,
2015-04-10,62.181,62.181,62.181,62.181,
2015-04-13,61.845,61.845,61.845,61.845,
2015-04-14,61.794,61.794,61.794,61.794,
2015-04-15,62.005,62.005,62.005,62.005,
2015-04-16,61.82,61.82,61.82,61.82,
2015-04-17,60.961,60.961,60.961,60.961,
2015-04-20,60.911,60.911,60.911,60.911,
2015-04-21,60.743,60.743,60.743,60.743,
2015-04-22,60.818,60.818,60.818,60.818,
2015-04-23,60.903,60.903,60.903,60.903,
2015-04-24,60.213,60.213,60.213,60.213,
2015-04-27,59.632,59.632,59.632,59.632,
2015-04-28,59.876,59.876,59.876,59.876,
2015-04-29,60.802,60.802,60.802,60.802,
2015-04-30,60.457,60.457,60.457,60.457,
2015-05-01,61.508,61.508,61.508,61.508,
2015-05-04,61.449,61.449,61.449,61.449,
2015-05-05,60.49,60.49,60.49,60.49,
2015-05-06,60.608,60.608,60.608,60.608,
2015-05-07,60.415,60.415,60.415,60.415,
2015-05-08,61.626,61.626,61.626,61.626,
2015-05-11,61.803,61.803,61.803,61.803,
2015-05-12,60.936,60.936,60.936,60.936,
2015-05-13,61.239,61.239,61.239,61.239,
2015-05-14,61.883,61.883,61.883,61.883,
2015-05-15,61.747,61.747,61.747,61.747,
2015-05-18,61.781,61.781,61.781,61.781,
2015-05-19,62.213,62.213,62.213,62.213,
2015-05-20,62.137,62.137,62.137,62.137,
2015-05-21,62.908,62.908,62.908,62.908,
2015-05-22,62.933,62.933,62.933,62.933,
2015-05-26,62.942,62.942,62.942,62.942,
2015-05-27,63.441,63.441,63.441,63.441,
2015-05-28,64.72,64.72,64.72,64.72,
2015-05-29,66.829,66.829,66.829,66.829,
2015-06-01,66.914,66.914,66.914,66.914,
2015-06-02,66.025,66.025,66.025,66.025,
2015-06-03,65.923,65.923,65.923,65.923,
2015-06-04,65.796,65.796,65.796,65.796,
2015-06-05,66.169,66.169,66.169,66.169,
2015-06-08,66.507,66.507,66.507,66.507,
2015-06-09,70.107,70.107,70.107,70.107,
2015-06-10,70.455,70.455,70.455,70.455,
2015-06-11,73.343,73.343,73.343,73.343,
2015-06-12,71.327,71.327,71.327,71.327,
2015-06-15,71.217,71.217,71.217,71.217,
2015-06-16,71.81,71.81,71.81,71.81,
2015-06-17,70.751,70.751,70.751,70.751,
2015-06-18,70.336,70.336,70.336,70.336,
2015-06-19,69.989,69.989,69.989,69.989,
2015-06-22,70.234,70.234,70.234,70.234,
2015-06-23,70.023,70.023,70.023,70.023,
2015-06-24,69.675,69.675,69.675,69.675,
2015-06-25,71.827,71.827,71.827,71.827,
2015-06-26,72.716,72.716,72.716,72.716,
2015-06-29,70.963,70.963,70.963,70.963,
2015-06-30,70.717,70.717,70.717,70.717,
2015-07-01,71.869,71.869,71.869,71.869,
2015-07-02,72.962,72.962,72.962,72.962,
2015-07-06,73.14,73.14,73.14,73.14,
2015-07-07,75.156,75.156,75.156,75.156,
2015-07-08,73.902,73.902,73.902,73.902,
2015-07-09,74.097,74.097,74.097,74.097,
2015-07-10,74.783,74.783,74.783,74.783,
2015-07-13,75.232,75.232,75.232,75.232,
2015-07-14,75.181,75.181,75.181,75.181,
2015-07-15,73.165,73.165,73.165,73.165,
2015-07-16,73.834,73.834,73.834,73.834,
2015-07-17,74.004,74.004,74.004,74.004,
2015-07-20,74.427,74.427,74.427,74.427,
2015-07-21,72.479,72.479,72.479,72.479,
2015-07-22,73.165,73.165,73.165,73.165,
2015-07-23,73.487,73.487,73.487,73.487,
2015-07-24,71.759,71.759,71.759,71.759,
2015-07-27,71.276,71.276,71.276,71.276,
2015-07-28,72.572,72.572,72.572,72.572,
2015-07-29,72.072,72.072,72.072,72.072,
2015-07-30,71.607,71.607,71.607,71.607,
2015-07-31,71.581,71.581,71.581,71.581,
2015-08-03,71.268,71.268,71.268,71.268,
2015-08-04,71.192,71.192,71.192,71.192,
2015-08-05,71.767,71.767,71.767,71.767,
2015-08-06,70.048,70.048,70.048,70.048,
2015-08-07,69.684,69.684,69.684,69.684,
2015-08-10,70.734,70.734,70.734,70.734,
2015-08-11,70.76,70.76,70.76,70.76,
2015-08-12,71.049,71.049,71.049,71.049,
2015-08-13,70.751,70.751,70.751,70.751,
2015-08-14,71.501,71.501,71.501,71.501,
2015-08-17,71.126,71.126,71.126,71.126,
2015-08-18,71.058,71.058,71.058,71.058,
2015-08-19,71.382,71.382,71.382,71.382,
2015-08-20,74.415,74.415,74.415,74.415,
2015-08-21,72.029,72.029,72.029,72.029,
2015-08-24,68.791,68.791,68.791,68.791,
2015-08-25,66.686,66.686,66.686,66.686,
2015-08-26,69.106,69.106,69.106,69.106,
2015-08-27,71.356,71.356,71.356,71.356,
2015-08-28,70.887,70.887,70.887,70.887,
2015-08-31,70.172,70.172,70.172,70.172,
2015-09-01,67.999,67.999,67.999,67.999,
2015-09-02,69.711,69.711,69.711,69.711,
2015-09-03,69.532,69.532,69.532,69.532,
2015-09-04,68.442,68.442,68.442,68.442,
2015-09-08,70.623,70.623,70.623,70.623,
2015-09-09,69.098,69.098,69.098,69.098,
2015-09-10,68.885,68.885,68.885,68.885,
2015-09-11,69.703,69.703,69.703,69.703,
2015-09-14,69.78,69.78,69.78,69.78,
2015-09-15,70.691,70.691,70.691,70.691,
2015-09-16,71.961,71.961,71.961,71.961,
2015-09-17,76.673,76.673,76.673,76.673,
2015-09-18,75.404,75.404,75.404,75.404,
2015-09-21,74.637,74.637,74.637,74.637,
2015-09-22,74.816,74.816,74.816,74.816,
2015-09-23,73.87,73.87,73.87,73.87,
2015-09-24,72.728,72.728,72.728,72.728,
2015-09-25,71.629,71.629,71.629,71.629,
2015-09-28,67.948,67.948,67.948,67.948,
2015-09-29,68.408,68.408,68.408,68.408,
2015-09-30,71.313,71.313,71.313,71.313,
2015-10-01,72.583,72.583,72.583,72.583,
2015-10-02,74.577,74.577,74.577,74.577,
2015-10-05,73.767,73.767,73.767,73.767,
2015-10-06,71.722,71.722,71.722,71.722,
2015-10-07,71.569,71.569,71.569,71.569,
2015-10-08,71.382,71.382,71.382,71.382,
2015-10-09,73.401,73.401,73.401,73.401,
2015-10-12,67.692,67.692,67.692,67.692,
2015-10-13,67.845,67.845,67.845,67.845,
2015-10-14,67.53,67.53,67.53,67.53,
2015-10-15,68.05,68.05,68.05,68.05,
2015-10-16,69.456,69.456,69.456,69.456,
2015-10-19,68.382,68.382,68.382,68.382,
2015-10-20,66.286,66.286,66.286,66.286,
2015-10-21,65.621,65.621,65.621,65.621,
2015-10-22,65.596,65.596,65.596,65.596,
2015-10-23,66.729,66.729,66.729,66.729,
2015-10-26,67.411,67.411,67.411,67.411,
2015-10-27,68.945,68.945,68.945,68.945,
2015-10-28,70.785,70.785,70.785,70.785,
2015-10-29,69.873,69.873,69.873,69.873,
2015-10-30,69.507,69.507,69.507,69.507,
2015-11-02,69.907,69.907,69.907,69.907,
2015-11-03,69.592,69.592,69.592,69.592,
2015-11-04,69.064,69.064,69.064,69.064,
2015-11-05,68.689,68.689,68.689,68.689,
2015-11-06,68.561,68.561,68.561,68.561,
2015-11-09,67.624,67.624,67.624,67.624,
2015-11-10,68.653,68.653,68.653,68.653,
2015-11-11,69.202,69.202,69.202,69.202,
2015-11-12,68.481,68.481,68.481,68.481,
2015-11-13,68.215,68.215,68.215,68.215,
2015-11-16,69.656,69.656,69.656,69.656,
2015-11-17,69.716,69.716,69.716,69.716,
2015-11-18,71.731,71.731,71.731,71.731,
2015-11-19,71.791,71.791,71.791,71.791,
2015-11-20,72.434,72.434,72.434,72.434,
2015-11-23,72.666,72.666,72.666,72.666,
2015-11-24,71.928,71.928,71.928,71.928,
2015-11-25,71.808,71.808,71.808,71.808,
2015-11-27,71.731,71.731,71.731,71.731,
2015-11-30,70.351,70.351,70.351,70.351,
2015-12-01,74.175,74.175,74.175,74.175,
2015-12-02,72.512,72.512,72.512,72.512,
2015-12-03,71.225,71.225,71.225,71.225,
2015-12-04,74.278,74.278,74.278,74.278,
2015-12-07,74.072,74.072,74.072,74.072,
2015-12-08,74.098,74.098,74.098,74.098,
2015-12-09,71.911,71.911,71.911,71.911,
2015-12-10,72.812,72.812,72.812,72.812,
2015-12-11,71.423,71.423,71.423,71.423,
2015-12-14,72.614,72.614,72.614,72.614,
2015-12-15,73.335,73.335,73.335,73.335,
2015-12-16,73.995,73.995,73.995,73.995,
2015-12-17,73.935,73.935,73.935,73.935,
2015-12-18,72.692,72.692,72.692,72.692,
2015-12-21,73.781,73.781,73.781,73.781,
2015-12-22,73.669,73.669,73.669,73.669,
2015-12-23,73.918,73.918,73.918,73.918,
2015-12-24,73.618,73.618,73.618,73.618,
2015-12-28,73.309,73.309,73.309,73.309,
2015-12-29,73.961,73.961,73.961,73.961,
2015-12-30,73.918,73.918,73.918,73.918,
2015-12-31,72.254,72.254,72.254,72.254,
2016-01-04,71.062,71.062,71.062,71.062,
2016-01-05,72.126,72.126,72.126,72.126,
2016-01-06,71.671,71.671,71.671,71.671,
2016-01-07,69.81,69.81,69.81,69.81,
2016-01-08,69.673,69.673,69.673,69.673,
2016-01-11,68.833,68.833,68.833,68.833,
2016-01-12,68.944,68.944,68.944,68.944,
2016-01-13,68.001,68.001,68.001,68.001,
2016-01-14,70.779,70.779,70.779,70.779,
2016-01-15,69.665,69.665,69.665,69.665,
2016-01-19,71.371,71.371,71.371,71.371,
2016-01-20,70.848,70.848,70.848,70.848,
2016-01-21,69.802,69.802,69.802,69.802,
2016-01-22,70.728,70.728,70.728,70.728,
2016-01-25,70.068,70.068,70.068,70.068,
2016-01-26,70.282,70.282,70.282,70.282,
2016-01-27,70.111,70.111,70.111,70.111,
2016-01-28,65.866,65.866,65.866,65.866,
2016-01-29,67.83,67.83,67.83,67.83,
2016-02-01,67.229,67.229,67.229,67.229,
2016-02-02,65.428,65.428,65.428,65.428,
2016-02-03,65.248,65.248,65.248,65.248,
2016-02-04,63.696,63.696,63.696,63.696,
2016-02-05,63.731,63.731,63.731,63.731,
2016-02-08,63.619,63.619,63.619,63.619,
2016-02-09,63.233,63.233,63.233,63.233,
2016-02-10,63.095,63.095,63.095,63.095,
2016-02-11,61.67,61.67,61.67,61.67,
2016-02-12,61.541,61.541,61.541,61.541,
2016-02-16,63.32,63.32,63.32,63.32,
2016-02-17,64.485,64.485,64.485,64.485,
2016-02-18,63.44,63.44,63.44,63.44,
2016-02-19,62.698,62.698,62.698,62.698,
2016-02-22,63.043,63.043,63.043,63.043,
2016-02-23,63.44,63.44,63.44,63.44,
2016-02-24,63.984,63.984,63.984,63.984,
2016-02-25,64.606,64.606,64.606,64.606,
2016-02-26,63.553,63.553,63.553,63.553,
2016-02-29,62.171,62.171,62.171,62.171,
2016-03-01,62.81,62.81,62.81,62.81,
2016-03-02,63.915,63.915,63.915,63.915,
2016-03-03,63.251,63.251,63.251,63.251,
2016-03-04,63.553,63.553,63.553,63.553,
2016-03-07,63.38,63.38,63.38,63.38,
2016-03-08,63.035,63.035,63.035,63.035,
2016-03-09,63.501,63.501,63.501,63.501,
2016-03-10,63.052,63.052,63.052,63.052,
2016-03-11,64.459,64.459,64.459,64.459,
2016-03-14,63.82,63.82,63.82,63.82,
2016-03-15,61.515,61.515,61.515,61.515,
2016-03-16,62.586,62.586,62.586,62.586,
2016-03-17,59.632,59.632,59.632,59.632,
2016-03-18,61.264,61.264,61.264,61.264,
2016-03-21,60.66,60.66,60.66,60.66,
2016-03-22,62.102,62.102,62.102,62.102,
2016-03-23,61.454,61.454,61.454,61.454,
2016-03-24,61.411,61.411,61.411,61.411,
2016-03-28,60.98,60.98,60.98,60.98,
2016-03-29,61.912,61.912,61.912,61.912,
2016-03-30,61.981,61.981,61.981,61.981,
2016-03-31,62.18,62.18,62.18,62.18,
2016-04-01,63.397,63.397,63.397,63.397,
2016-04-04,63.19,63.19,63.19,63.19,
2016-04-05,63.069,63.069,63.069,63.069,
2016-04-06,64.554,64.554,64.554,64.554,
2016-04-07,64.408,64.408,64.408,64.408,
2016-04-08,64.235,64.235,64.235,64.235,
2016-04-11,63.855,63.855,63.855,63.855,
2016-04-12,64.39,64.39,64.39,64.39,
2016-04-13,64.9,64.9,64.9,64.9,
2016-04-14,65.306,65.306,65.306,65.306,
2016-04-15,65.219,65.219,65.219,65.219,
2016-04-18,66.679,66.679,66.679,66.679,
2016-04-19,66.704,66.704,66.704,66.704,
2016-04-20,66.558,66.558,66.558,66.558,
2016-04-21,66.808,66.808,66.808,66.808,
2016-04-22,67.205,67.205,67.205,67.205,
2016-04-25,67.3,67.3,67.3,67.3,
2016-04-26,65.858,65.858,65.858,65.858,
2016-04-27,66.065,66.065,66.065,66.065,
2016-04-28,66.022,66.022,66.022,66.022,
2016-04-29,65.219,65.219,65.219,65.219,
2016-05-02,66.273,66.273,66.273,66.273,
2016-05-03,65.841,65.841,65.841,65.841,
2016-05-04,64.649,64.649,64.649,64.649,
2016-05-05,64.995,64.995,64.995,64.995,
2016-05-06,64.416,64.416,64.416,64.416,
2016-05-09,65.271,65.271,65.271,65.271,
2016-05-10,66.385,66.385,66.385,66.385,
2016-05-11,66.333,66.333,66.333,66.333,
2016-05-12,66.029,66.029,66.029,66.029,
2016-05-13,66.35,66.35,66.35,66.35,
2016-05-16,68.054,68.054,68.054,68.054,
2016-05-17,66.402,66.402,66.402,66.402,
2016-05-18,66.35,66.35,66.35,66.35,
2016-05-19,64.594,64.594,64.594,64.594,
2016-05-20,65.029,65.029,65.029,65.029,
2016-05-23,64.394,64.394,64.394,64.394,
2016-05-24,65.185,65.185,65.185,65.185,
2016-05-25,64.794,64.794,64.794,64.794,
2016-05-26,65.646,65.646,65.646,65.646,
2016-05-27,65.185,65.185,65.185,65.185,
2016-05-31,65.22,65.22,65.22,65.22,
2016-06-01,65.142,65.142,65.142,65.142,
2016-06-02,65.594,65.594,65.594,65.594,
2016-06-03,65.298,65.298,65.298,65.298,
2016-06-06,65.055,65.055,65.055,65.055,
2016-06-07,64.933,64.933,64.933,64.933,
2016-06-08,65.116,65.116,65.116,65.116,
2016-06-09,64.699,64.699,64.699,64.699,
2016-06-10,64.281,64.281,64.281,64.281,
2016-06-13,64.203,64.203,64.203,64.203,
2016-06-14,64.603,64.603,64.603,64.603,
2016-06-15,64.073,64.073,64.073,64.073,
2016-06-16,64.542,64.542,64.542,64.542,
2016-06-17,64.203,64.203,64.203,64.203,
2016-06-20,63.699,63.699,63.699,63.699,
2016-06-21,63.082,63.082,63.082,63.082,
2016-06-22,63.516,63.516,63.516,63.516,
2016-06-23,64.273,64.273,64.273,64.273,
2016-06-24,64.612,64.612,64.612,64.612,
2016-06-27,65.098,65.098,65.098,65.098,
2016-06-28,65.324,65.324,65.324,65.324,
2016-06-29,67.932,67.932,67.932,67.932,
2016-06-30,68.454,68.454,68.454,68.454,
2016-07-01,68.628,68.628,68.628,68.628,
2016-07-05,69.227,69.227,69.227,69.227,
2016-07-06,69.558,69.558,69.558,69.558,
2016-07-07,68.949,68.949,68.949,68.949,
2016-07-08,69.245,69.245,69.245,69.245,
2016-07-11,68.793,68.793,68.793,68.793,
2016-07-12,69.254,69.254,69.254,69.254,
2016-07-13,68.984,68.984,68.984,68.984,
2016-07-14,70.053,70.053,70.053,70.053,
2016-07-15,69.732,69.732,69.732,69.732,
2016-07-18,69.497,69.497,69.497,69.497,
2016-07-19,69.514,69.514,69.514,69.514,
2016-07-20,69.784,69.784,69.784,69.784,
2016-07-21,69.888,69.888,69.888,69.888,
2016-07-22,70.922,70.922,70.922,70.922,
2016-07-25,71.261,71.261,71.261,71.261,
2016-07-26,71.357,71.357,71.357,71.357,
2016-07-27,72.496,72.496,72.496,72.496,
2016-07-28,72.087,72.087,72.087,72.087,
2016-07-29,72.053,72.053,72.053,72.053,
2016-08-01,72.305,72.305,72.305,72.305,
2016-08-02,72.426,72.426,72.426,72.426,
2016-08-03,71.905,71.905,71.905,71.905,
2016-08-04,71.644,71.644,71.644,71.644,
2016-08-05,70.896,70.896,70.896,70.896,
2016-08-08,70.931,70.931,70.931,70.931,
2016-08-09,70.844,70.844,70.844,70.844,
2016-08-10,70.018,70.018,70.018,70.018,
2016-08-11,70.473,70.473,70.473,70.473,
2016-08-12,70.176,70.176,70.176,70.176,
2016-08-15,70.211,70.211,70.211,70.211,
2016-08-16,69.844,69.844,69.844,69.844,
2016-08-17,70.08,70.08,70.08,70.08,
2016-08-18,69.791,69.791,69.791,69.791,
2016-08-19,69.161,69.161,69.161,69.161,
2016-08-22,69.362,69.362,69.362,69.362,
2016-08-23,69.607,69.607,69.607,69.607,
2016-08-24,68.619,68.619,68.619,68.619,
2016-08-25,68.243,68.243,68.243,68.243,
2016-08-26,68.444,68.444,68.444,68.444,
2016-08-29,68.759,68.759,68.759,68.759,
2016-08-30,68.033,68.033,68.033,68.033,
2016-08-31,68.015,68.015,68.015,68.015,
2016-09-01,67.56,67.56,67.56,67.56,
2016-09-02,67.228,67.228,67.228,67.228,
2016-09-06,68.68,68.68,68.68,68.68,
2016-09-07,68.75,68.75,68.75,68.75,
2016-09-08,69.887,69.887,69.887,69.887,
2016-09-09,68.444,68.444,68.444,68.444,
2016-09-12,69.179,69.179,69.179,69.179,
2016-09-13,68.654,68.654,68.654,68.654,
2016-09-14,68.488,68.488,68.488,68.488,
2016-09-15,68.951,68.951,68.951,68.951,
2016-09-16,68.934,68.934,68.934,68.934,
2016-09-19,69.249,69.249,69.249,69.249,
2016-09-20,69.878,69.878,69.878,69.878,
2016-09-21,70.745,70.745,70.745,70.745,
2016-09-22,71.112,71.112,71.112,71.112,
2016-09-23,70.998,70.998,70.998,70.998,
2016-09-26,69.564,69.564,69.564,69.564,
2016-09-27,70.753,70.753,70.753,70.753,
2016-09-28,70.605,70.605,70.605,70.605,
2016-09-29,69.756,69.756,69.756,69.756,
2016-09-30,70.211,70.211,70.211,70.211,
2016-10-03,70.858,70.858,70.858,70.858,
2016-10-04,70.954,70.954,70.954,70.954,
2016-10-05,71.514,71.514,71.514,71.514,
2016-10-06,71.269,71.269,71.269,71.269,
2016-10-07,71.812,71.812,71.812,71.812,
2016-10-10,72.66,72.66,72.66,72.66,
2016-10-11,71.567,71.567,71.567,71.567,
2016-10-12,70.43,70.43,70.43,70.43,
2016-10-13,69.983,69.983,69.983,69.983,
2016-10-14,69.345,69.345,69.345,69.345,
2016-10-17,68.698,68.698,68.698,68.698,
2016-10-18,68.907,68.907,68.907,68.907,
2016-10-19,68.724,68.724,68.724,68.724,
2016-10-20,68.881,68.881,68.881,68.881,
2016-10-21,68.453,68.453,68.453,68.453,
2016-10-24,67.858,67.858,67.858,67.858,
2016-10-25,68.015,68.015,68.015,68.015,
2016-10-26,67.149,67.149,67.149,67.149,
2016-10-27,66.624,66.624,66.624,66.624,
2016-10-28,65.198,65.198,65.198,65.198,
2016-10-31,64.595,64.595,64.595,64.595,
2016-11-01,63.842,63.842,63.842,63.842,
2016-11-02,63.554,63.554,63.554,63.554,
2016-11-03,63.081,63.081,63.081,63.081,
2016-11-04,63.414,63.414,63.414,63.414,
2016-11-07,64.63,64.63,64.63,64.63,
2016-11-08,64.752,64.752,64.752,64.752,
2016-11-09,68.575,68.575,68.575,68.575,
2016-11-10,68.98,68.98,68.98,68.98,
2016-11-11,68.39,68.39,68.39,68.39,
2016-11-14,67.818,67.818,67.818,67.818,
2016-11-15,68.082,68.082,68.082,68.082,
2016-11-16,67.747,67.747,67.747,67.747,
2016-11-17,68.425,68.425,68.425,68.425,
2016-11-18,67.51,67.51,67.51,67.51,
2016-11-21,67.483,67.483,67.483,67.483,
2016-11-22,66.911,66.911,66.911,66.911,
2016-11-23,59.875,59.875,59.875,59.875,
2016-11-25,60.862,60.862,60.862,60.862,
2016-11-28,59.171,59.171,59.171,59.171,
2016-11-29,59.127,59.127,59.127,59.127,
2016-11-30,59.101,59.101,59.101,59.101,
2016-12-01,58.088,58.088,58.088,58.088,
2016-12-02,59.62,59.62,59.62,59.62,
2016-12-05,59.224,59.224,59.224,59.224,
2016-12-06,59.699,59.699,59.699,59.699,
2016-12-07,59.33,59.33,59.33,59.33,
2016-12-08,59.162,59.162,59.162,59.162,
2016-12-09,59.743,59.743,59.743,59.743,
2016-12-12,59.532,59.532,59.532,59.532,
2016-12-13,60.439,60.439,60.439,60.439,
2016-12-14,59.585,59.585,59.585,59.585,
2016-12-15,62.843,62.843,62.843,62.843,
2016-12-16,64.551,64.551,64.551,64.551,
2016-12-19,64.648,64.648,64.648,64.648,
2016-12-20,64.613,64.613,64.613,64.613,
2016-12-21,64.498,64.498,64.498,64.498,
2016-12-22,64.507,64.507,64.507,64.507,
2016-12-23,64.974,64.974,64.974,64.974,
2016-12-27,64.991,64.991,64.991,64.991,
2016-12-28,64.331,64.331,64.331,64.331,
2016-12-29,64.771,64.771,64.771,64.771,
2016-12-30,64.762,64.762,64.762,64.762,
2017-01-03,65.687,65.687,65.687,65.687,
2017-01-04,65.793,65.793,65.793,65.793,
2017-01-05,66.559,66.559,66.559,66.559,
2017-01-06,66.629,66.629,66.629,66.629,
2017-01-09,67.157,67.157,67.157,67.157,
2017-01-10,67.157,67.157,67.157,67.157,
2017-01-11,66.268,66.268,66.268,66.268,
2017-01-12,67.932,67.932,67.932,67.932,
2017-01-13,68.152,68.152,68.152,68.152,
2017-01-17,67.668,67.668,67.668,67.668,
2017-01-18,68.267,68.267,68.267,68.267,
2017-01-19,67.659,67.659,67.659,67.659,
2017-01-20,67.633,67.633,67.633,67.633,
2017-01-23,67.201,67.201,67.201,67.201,
2017-01-24,65.907,65.907,65.907,65.907,
2017-01-25,65.907,65.907,65.907,65.907,
2017-01-26,65.669,65.669,65.669,65.669,
2017-01-27,66.374,66.374,66.374,66.374,
2017-01-30,65.775,65.775,65.775,65.775,
2017-01-31,67.827,67.827,67.827,67.827,
2017-02-01,68.328,68.328,68.328,68.328,
2017-02-02,68.144,68.144,68.144,68.144,
2017-02-03,68.003,68.003,68.003,68.003,
2017-02-06,68.531,68.531,68.531,68.531,
2017-02-07,68.417,68.417,68.417,68.417,
2017-02-08,68.778,68.778,68.778,68.778,
2017-02-09,68.417,68.417,68.417,68.417,
2017-02-10,68.496,68.496,68.496,68.496,
2017-02-13,68.939,68.939,68.939,68.939,
2017-02-14,69.861,69.861,69.861,69.861,
2017-02-15,71.137,71.137,71.137,71.137,
2017-02-16,70.951,70.951,70.951,70.951,
2017-02-17,71.261,71.261,71.261,71.261,
2017-02-21,71.235,71.235,71.235,71.235,
2017-02-22,71.864,71.864,71.864,71.864,
2017-02-23,73.176,73.176,73.176,73.176,
2017-02-24,73.46,73.46,73.46,73.46,
2017-02-27,73.628,73.628,73.628,73.628,
2017-02-28,73.407,73.407,73.407,73.407,
2017-03-01,74.329,74.329,74.329,74.329,
2017-03-02,73.495,73.495,73.495,73.495,
2017-03-03,74.267,74.267,74.267,74.267,
2017-03-06,74.311,74.311,74.311,74.311,
2017-03-07,73.345,73.345,73.345,73.345,
2017-03-08,73.939,73.939,73.939,73.939,
2017-03-09,74.949,74.949,74.949,74.949,
2017-03-10,74.781,74.781,74.781,74.781,
2017-03-13,74.586,74.586,74.586,74.586,
2017-03-14,74.869,74.869,74.869,74.869,
2017-03-15,76.128,76.128,76.128,76.128,
2017-03-16,75.339,75.339,75.339,75.339,
2017-03-17,74.426,74.426,74.426,74.426,
2017-03-20,74.515,74.515,74.515,74.515,
2017-03-21,74.222,74.222,74.222,74.222,
2017-03-22,74.781,74.781,74.781,74.781,
2017-03-23,74.834,74.834,74.834,74.834,
2017-03-24,74.621,74.621,74.621,74.621,
2017-03-27,74.674,74.674,74.674,74.674,
2017-03-28,75.126,75.126,75.126,75.126,
2017-03-29,74.852,74.852,74.852,74.852,
2017-03-30,75.135,75.135,75.135,75.135,
2017-03-31,74.559,74.559,74.559,74.559,
2017-04-03,74.86,74.86,74.86,74.86,
2017-04-04,76.314,76.314,76.314,76.314,
2017-04-05,75.907,75.907,75.907,75.907,
2017-04-06,75.667,75.667,75.667,75.667,
2017-04-07,75.632,75.632,75.632,75.632,
2017-04-10,75.765,75.765,75.765,75.765,
2017-04-11,76.172,76.172,76.172,76.172,
2017-04-12,76.456,76.456,76.456,76.456,
2017-04-13,76.128,76.128,76.128,76.128,
2017-04-17,73.026,73.026,73.026,73.026,
2017-04-18,71.98,71.98,71.98,71.98,
2017-04-19,71.705,71.705,71.705,71.705,
2017-04-20,72.636,72.636,72.636,72.636,
2017-04-21,72.591,72.591,72.591,72.591,
2017-04-24,73.947,73.947,73.947,73.947,
2017-04-25,71.98,71.98,71.98,71.98,
2017-04-26,71.767,71.767,71.767,71.767,
2017-04-27,72.095,72.095,72.095,72.095,
2017-04-28,72.742,72.742,72.742,72.742,
2017-05-01,72.529,72.529,72.529,72.529,
2017-05-02,72.423,72.423,72.423,72.423,
2017-05-03,72.024,72.024,72.024,72.024,
2017-05-04,73.611,73.611,73.611,73.611,
2017-05-05,73.141,73.141,73.141,73.141,
2017-05-08,71.51,71.51,71.51,71.51,
2017-05-09,71.616,71.616,71.616,71.616,
2017-05-10,71.847,71.847,71.847,71.847,
2017-05-11,71.57,71.57,71.57,71.57,
2017-05-12,71.543,71.543,71.543,71.543,
2017-05-15,71.641,71.641,71.641,71.641,
2017-05-16,70.473,70.473,70.473,70.473,
2017-05-17,69.714,69.714,69.714,69.714,
2017-05-18,69.857,69.857,69.857,69.857,
2017-05-19,69.411,69.411,69.411,69.411,
2017-05-22,68.679,68.679,68.679,68.679,
2017-05-23,69.58,69.58,69.58,69.58,
2017-05-24,69.554,69.554,69.554,69.554,
2017-05-25,69.893,69.893,69.893,69.893,
2017-05-26,69.634,69.634,69.634,69.634,
2017-05-30,69.902,69.902,69.902,69.902,
2017-05-31,70.99,70.99,70.99,70.99,
2017-06-01,71.365,71.365,71.365,71.365,
2017-06-02,71.49,71.49,71.49,71.49,
2017-06-05,70.794,70.794,70.794,70.794,
2017-06-06,70.562,70.562,70.562,70.562,
2017-06-07,70.83,70.83,70.83,70.83,
2017-06-08,71.463,71.463,71.463,71.463,
2017-06-09,72.302,72.302,72.302,72.302,
2017-06-12,72.177,72.177,72.177,72.177,
2017-06-13,72.489,72.489,72.489,72.489,
2017-06-14,72.801,72.801,72.801,72.801,
2017-06-15,73.203,73.203,73.203,73.203,
2017-06-16,73.051,73.051,73.051,73.051,
2017-06-19,73.461,73.461,73.461,73.461,
2017-06-20,73.827,73.827,73.827,73.827,
2017-06-21,73.729,73.729,73.729,73.729,
2017-06-22,75.219,75.219,75.219,75.219,
2017-06-23,74.844,74.844,74.844,74.844,
2017-06-26,75.192,75.192,75.192,75.192,
2017-06-27,74.086,74.086,74.086,74.086,
2017-06-28,74.139,74.139,74.139,74.139,
2017-06-29,73.783,73.783,73.783,73.783,
2017-06-30,73.426,73.426,73.426,73.426,
2017-07-03,73.783,73.783,73.783,73.783,
2017-07-05,73.783,73.783,73.783,73.783,
2017-07-06,72.801,72.801,72.801,72.801,
2017-07-07,73.417,73.417,73.417,73.417,
2017-07-10,73.408,73.408,73.408,73.408,
2017-07-11,73.47,73.47,73.47,73.47,
2017-07-12,74.496,74.496,74.496,74.496,
2017-07-13,74.96,74.96,74.96,74.96,
2017-07-14,75.255,75.255,75.255,75.255,
2017-07-17,74.621,74.621,74.621,74.621,
2017-07-18,74.675,74.675,74.675,74.675,
2017-07-19,75.148,75.148,75.148,75.148,
2017-07-20,75.612,75.612,75.612,75.612,
2017-07-21,75.531,75.531,75.531,75.531,
2017-07-24,75.603,75.603,75.603,75.603,
2017-07-25,73.328,73.328,73.328,73.328,
2017-07-26,73.015,73.015,73.015,73.015,
2017-07-27,74.068,74.068,74.068,74.068,
2017-07-28,74.139,74.139,74.139,74.139,
2017-07-31,73.747,73.747,73.747,73.747,
2017-08-01,73.488,73.488,73.488,73.488,
2017-08-02,72.997,72.997,72.997,72.997,
2017-08-03,73.096,73.096,73.096,73.096,
2017-08-04,73.435,73.435,73.435,73.435,
2017-08-07,73.221,73.221,73.221,73.221,
2017-08-08,73.131,73.131,73.131,73.131,
2017-08-09,73.667,73.667,73.667,73.667,
2017-08-10,73.203,73.203,73.203,73.203,
2017-08-11,72.862,72.862,72.862,72.862,
2017-08-14,73.167,73.167,73.167,73.167,
2017-08-15,73.364,73.364,73.364,73.364,
2017-08-16,72.448,72.448,72.448,72.448,
2017-08-17,69.854,69.854,69.854,69.854,
2017-08-18,69.198,69.198,69.198,69.198,
2017-08-21,69.477,69.477,69.477,69.477,
2017-08-22,70.267,70.267,70.267,70.267,
2017-08-23,70.168,70.168,70.168,70.168,
2017-08-24,70.805,70.805,70.805,70.805,
2017-08-25,70.743,70.743,70.743,70.743,
2017-08-28,70.787,70.787,70.787,70.787,
2017-08-29,70.527,70.527,70.527,70.527,
2017-08-30,72.269,72.269,72.269,72.269,
2017-08-31,72.987,72.987,72.987,72.987,
2017-09-01,71.901,71.901,71.901,71.901,
2017-09-05,71.667,71.667,71.667,71.667,
2017-09-06,72.287,72.287,72.287,72.287,
2017-09-07,73.212,73.212,73.212,73.212,
2017-09-08,74.451,74.451,74.451,74.451,
2017-09-11,74.19,74.19,74.19,74.19,
2017-09-12,73.777,73.777,73.777,73.777,
2017-09-13,74.011,74.011,74.011,74.011,
2017-09-14,74.585,74.585,74.585,74.585,
2017-09-15,74.02,74.02,74.02,74.02,
2017-09-18,74.092,74.092,74.092,74.092,
2017-09-19,73.382,73.382,73.382,73.382,
2017-09-20,73.643,73.643,73.643,73.643,
2017-09-21,74.819,74.819,74.819,74.819,
2017-09-22,75.34,75.34,75.34,75.34,
2017-09-25,75.995,75.995,75.995,75.995,
2017-09-26,75.618,75.618,75.618,75.618,
2017-09-27,76.004,76.004,76.004,76.004,
2017-09-28,76.318,76.318,76.318,76.318,
2017-09-29,76.803,76.803,76.803,76.803,
2017-10-02,77.53,77.53,77.53,77.53,
2017-10-03,77.62,77.62,77.62,77.62,
2017-10-04,78.078,78.078,78.078,78.078,
2017-10-05,78.698,78.698,78.698,78.698,
2017-10-06,78.186,78.186,78.186,78.186,
2017-10-09,78.159,78.159,78.159,78.159,
2017-10-10,77.36,77.36,77.36,77.36,
2017-10-11,77.27,77.27,77.27,77.27,
2017-10-12,77.602,77.602,77.602,77.602,
2017-10-13,77.71,77.71,77.71,77.71,
2017-10-16,77.171,77.171,77.171,77.171,
2017-10-17,77.27,77.27,77.27,77.27,
2017-10-18,76.974,76.974,76.974,76.974,
2017-10-19,77.539,77.539,77.539,77.539,
2017-10-20,78.32,78.32,78.32,78.32,
2017-10-23,78.276,78.276,78.276,78.276,
2017-10-24,76.471,76.471,76.471,76.471,
2017-10-25,76.184,76.184,76.184,76.184,
2017-10-26,75.564,75.564,75.564,75.564,
2017-10-27,75.295,75.295,75.295,75.295,
2017-10-30,74.208,74.208,74.208,74.208,
2017-10-31,73.571,73.571,73.571,73.571,
2017-11-01,74.424,74.424,74.424,74.424,
2017-11-02,74.639,74.639,74.639,74.639,
2017-11-03,74.98,74.98,74.98,74.98,
2017-11-06,74.469,74.469,74.469,74.469,
2017-11-07,74.774,74.774,74.774,74.774,
2017-11-08,75.429,75.429,75.429,75.429,
2017-11-09,75.411,75.411,75.411,75.411,
2017-11-10,74.783,74.783,74.783,74.783,
2017-11-13,74.397,74.397,74.397,74.397,
2017-11-14,74.532,74.532,74.532,74.532,
2017-11-15,74.261,74.261,74.261,74.261,
2017-11-16,75.391,75.391,75.391,75.391,
2017-11-17,74.894,74.894,74.894,74.894,
2017-11-20,75.156,75.156,75.156,75.156,
2017-11-21,75.454,75.454,75.454,75.454,
2017-11-22,75.608,75.608,75.608,75.608,
2017-11-24,75.924,75.924,75.924,75.924,
2017-11-27,76.629,76.629,76.629,76.629,
2017-11-28,76.845,76.845,76.845,76.845,
2017-11-29,76.764,76.764,76.764,76.764,
2017-11-30,76.475,76.475,76.475,76.475,
2017-12-01,77.089,77.089,77.089,77.089,
2017-12-04,77.324,77.324,77.324,77.324,
2017-12-05,77.758,77.758,77.758,77.758,
2017-12-06,77.089,77.089,77.089,77.089,
2017-12-07,77.586,77.586,77.586,77.586,
2017-12-08,78.11,78.11,78.11,78.11,
2017-12-11,78.309,78.309,78.309,78.309,
2017-12-12,78.345,78.345,78.345,78.345,
2017-12-13,79.411,79.411,79.411,79.411,
2017-12-14,78.156,78.156,78.156,78.156,
2017-12-15,78.192,78.192,78.192,78.192,
2017-12-18,77.776,77.776,77.776,77.776,
2017-12-19,78.345,78.345,78.345,78.345,
2017-12-20,77.469,77.469,77.469,77.469,
2017-12-21,77.351,77.351,77.351,77.351,
2017-12-22,76.863,76.863,76.863,76.863,
2017-12-26,76.791,76.791,76.791,76.791,
2017-12-27,76.927,76.927,76.927,76.927,
2017-12-28,76.845,76.845,76.845,76.845,
2017-12-29,76.312,76.312,76.312,76.312,
2018-01-02,76.511,76.511,76.511,76.511,
2018-01-03,76.927,76.927,76.927,76.927,
2018-01-04,77.27,77.27,77.27,77.27,
2018-01-05,78.219,78.219,78.219,78.219,
2018-01-08,77.821,77.821,77.821,77.821,
2018-01-09,77.758,77.758,77.758,77.758,
2018-01-10,77.794,77.794,77.794,77.794,
2018-01-11,78.056,78.056,78.056,78.056,
2018-01-12,78.589,78.589,78.589,78.589,
2018-01-16,77.062,77.062,77.062,77.062,
2018-01-17,77.893,77.893,77.893,77.893,
2018-01-18,77.541,77.541,77.541,77.541,
2018-01-19,77.243,77.243,77.243,77.243,
2018-01-22,77.198,77.198,77.198,77.198,
2018-01-23,76.276,76.276,76.276,76.276,
2018-01-24,76.168,76.168,76.168,76.168,
2018-01-25,76.809,76.809,76.809,76.809,
2018-01-26,78.68,78.68,78.68,78.68,
2018-01-29,79.149,79.149,79.149,79.149,
2018-01-30,77.785,77.785,77.785,77.785,
2018-01-31,73.593,73.593,73.593,73.593,
2018-02-01,74.46,74.46,74.46,74.46,
2018-02-02,73.349,73.349,73.349,73.349,
2018-02-05,70.015,70.015,70.015,70.015,
2018-02-06,70.466,70.466,70.466,70.466,
2018-02-07,69.319,69.319,69.319,69.319,
2018-02-08,67.051,67.051,67.051,67.051,
2018-02-09,68.876,68.876,68.876,68.876,
2018-02-12,68.894,68.894,68.894,68.894,
2018-02-13,68.858,68.858,68.858,68.858,
2018-02-14,70.117,70.117,70.117,70.117,
2018-02-15,71.018,71.018,71.018,71.018,
2018-02-16,71.883,71.883,71.883,71.883,
2018-02-20,70.59,70.59,70.59,70.59,
2018-02-21,70.59,70.59,70.59,70.59,
2018-02-22,70.263,70.263,70.263,70.263,
2018-02-23,71.683,71.683,71.683,71.683,
2018-02-26,72.984,72.984,72.984,72.984,
2018-02-27,71.637,71.637,71.637,71.637,
2018-02-28,70.108,70.108,70.108,70.108,
2018-03-01,69.635,69.635,69.635,69.635,
2018-03-02,70.299,70.299,70.299,70.299,
2018-03-05,70.727,70.727,70.727,70.727,
2018-03-06,70.263,70.263,70.263,70.263,
2018-03-07,70.49,70.49,70.49,70.49,
2018-03-08,71.81,71.81,71.81,71.81,
2018-03-09,72.466,72.466,72.466,72.466,
2018-03-12,71.947,71.947,71.947,71.947,
2018-03-13,72.047,72.047,72.047,72.047,
2018-03-14,71.446,71.446,71.446,71.446,
2018-03-15,71.683,71.683,71.683,71.683,
2018-03-16,73.267,73.267,73.267,73.267,
2018-03-19,71.665,71.665,71.665,71.665,
2018-03-20,71.337,71.337,71.337,71.337,
2018-03-21,71.218,71.218,71.218,71.218,
2018-03-22,69.662,69.662,69.662,69.662,
2018-03-23,68.051,68.051,68.051,68.051,
2018-03-26,69.343,69.343,69.343,69.343,
2018-03-27,68.87,68.87,68.87,68.87,
2018-03-28,70.099,70.099,70.099,70.099,
2018-03-29,70.427,70.427,70.427,70.427,
2018-04-02,68.906,68.906,68.906,68.906,
2018-04-03,70.581,70.581,70.581,70.581,
2018-04-04,71.546,71.546,71.546,71.546,
2018-04-05,71.564,71.564,71.564,71.564,
2018-04-06,69.953,69.953,69.953,69.953,
2018-04-09,70.399,70.399,70.399,70.399,
2018-04-10,72.111,72.111,72.111,72.111,
2018-04-11,71.665,71.665,71.665,71.665,
2018-04-12,72.174,72.174,72.174,72.174,
2018-04-13,72.566,72.566,72.566,72.566,
2018-04-16,72.93,72.93,72.93,72.93,
2018-04-17,72.748,72.748,72.748,72.748,
2018-04-18,72.566,72.566,72.566,72.566,
2018-04-19,72.593,72.593,72.593,72.593,
2018-04-20,71.965,71.965,71.965,71.965,
2018-04-23,73.003,73.003,73.003,73.003,
2018-04-24,72.902,72.902,72.902,72.902,
2018-04-25,73.858,73.858,73.858,73.858,
2018-04-26,75.142,75.142,75.142,75.142,
2018-04-27,75.306,75.306,75.306,75.306,
2018-04-30,73.795,73.795,73.795,73.795,
2018-05-01,71.974,71.974,71.974,71.974,
2018-05-02,71.756,71.756,71.756,71.756,
2018-05-03,71.036,71.036,71.036,71.036,
2018-05-04,71.364,71.364,71.364,71.364,
2018-05-07,71.573,71.573,71.573,71.573,
2018-05-08,71.801,71.801,71.801,71.801,
2018-05-09,72.156,72.156,72.156,72.156,
2018-05-10,73.603,73.603,73.603,73.603,
2018-05-11,75.051,75.051,75.051,75.051,
2018-05-14,75.615,75.615,75.615,75.615,
2018-05-15,74.832,74.832,74.832,74.832,
2018-05-16,74.404,74.404,74.404,74.404,
2018-05-17,74.844,74.844,74.844,74.844,
2018-05-18,75.22,75.22,75.22,75.22,
2018-05-21,75.0,75.0,75.0,75.0,
2018-05-22,75.357,75.357,75.357,75.357,
2018-05-23,75.779,75.779,75.779,75.779,
2018-05-24,75.806,75.806,75.806,75.806,
2018-05-25,75.861,75.861,75.861,75.861,
2018-05-29,75.559,75.559,75.559,75.559,
2018-05-30,76.86,76.86,76.86,76.86,
2018-05-31,77.942,77.942,77.942,77.942,
2018-06-01,77.768,77.768,77.768,77.768,
2018-06-04,77.969,77.969,77.969,77.969,
2018-06-05,77.74,77.74,77.74,77.74,
2018-06-06,78.758,78.758,78.758,78.758,
2018-06-07,78.712,78.712,78.712,78.712,
2018-06-08,78.895,78.895,78.895,78.895,
2018-06-11,78.694,78.694,78.694,78.694,
2018-06-12,78.354,78.354,78.354,78.354,
2018-06-13,78.565,78.565,78.565,78.565,
2018-06-14,79.143,79.143,79.143,79.143,
2018-06-15,79.628,79.628,79.628,79.628,
2018-06-18,78.923,78.923,78.923,78.923,
2018-06-19,79.573,79.573,79.573,79.573,
2018-06-20,79.078,79.078,79.078,79.078,
2018-06-21,78.886,78.886,78.886,78.886,
2018-06-22,78.749,78.749,78.749,78.749,
2018-06-25,78.611,78.611,78.611,78.611,
2018-06-26,78.006,78.006,78.006,78.006,
2018-06-27,77.603,77.603,77.603,77.603,
2018-06-28,78.354,78.354,78.354,78.354,
2018-06-29,78.208,78.208,78.208,78.208,
2018-07-02,78.694,78.694,78.694,78.694,
2018-07-03,79.289,79.289,79.289,79.289,
2018-07-05,79.335,79.335,79.335,79.335,
2018-07-06,80.096,80.096,80.096,80.096,
2018-07-09,80.536,80.536,80.536,80.536,
2018-07-10,80.701,80.701,80.701,80.701,
2018-07-11,80.252,80.252,80.252,80.252,
2018-07-12,81.489,81.489,81.489,81.489,
2018-07-13,82.222,82.222,82.222,82.222,
2018-07-16,81.636,81.636,81.636,81.636,
2018-07-17,82.094,82.094,82.094,82.094,
2018-07-18,82.515,82.515,82.515,82.515,
2018-07-19,81.966,81.966,81.966,81.966,
2018-07-20,81.086,81.086,81.086,81.086,
2018-07-23,81.461,81.461,81.461,81.461,
2018-07-24,85.558,85.558,85.558,85.558,
2018-07-25,88.381,88.381,88.381,88.381,
2018-07-26,87.236,87.236,87.236,87.236,
2018-07-27,88.537,88.537,88.537,88.537,
2018-07-30,89.839,89.839,89.839,89.839,
2018-07-31,90.563,90.563,90.563,90.563,
2018-08-01,90.462,90.462,90.462,90.462,
2018-08-02,91.168,91.168,91.168,91.168,
2018-08-03,92.185,92.185,92.185,92.185,
2018-08-06,93.486,93.486,93.486,93.486,
2018-08-07,93.431,93.431,93.431,93.431,
2018-08-08,93.734,93.734,93.734,93.734,
2018-08-09,93.661,93.661,93.661,93.661,
2018-08-10,93.716,93.716,93.716,93.716,
2018-08-13,93.89,93.89,93.89,93.89,
2018-08-14,94.409,94.409,94.409,94.409,
2018-08-15,95.229,95.229,95.229,95.229,
2018-08-16,96.178,96.178,96.178,96.178,
2018-08-17,97.275,97.275,97.275,97.275,
2018-08-20,97.524,97.524,97.524,97.524,
2018-08-21,96.832,96.832,96.832,96.832,
2018-08-22,96.795,96.795,96.795,96.795,
2018-08-23,96.602,96.602,96.602,96.602,
2018-08-24,97.477,97.477,97.477,97.477,
2018-08-27,96.869,96.869,96.869,96.869,
2018-08-28,96.934,96.934,96.934,96.934,
2018-08-29,97.072,97.072,97.072,97.072,
2018-08-30,97.21,97.21,97.21,97.21,
2018-08-31,97.367,97.367,97.367,97.367,
2018-09-04,96.418,96.418,96.418,96.418,
2018-09-05,97.431,97.431,97.431,97.431,
2018-09-06,97.109,97.109,97.109,97.109,
2018-09-07,98.639,98.639,98.639,98.639,
2018-09-10,98.076,98.076,98.076,98.076,
2018-09-11,97.358,97.358,97.358,97.358,
2018-09-12,97.662,97.662,97.662,97.662,
2018-09-13,98.224,98.224,98.224,98.224,
2018-09-14,97.477,97.477,97.477,97.477,
2018-09-17,97.422,97.422,97.422,97.422,
2018-09-18,98.5,98.5,98.5,98.5,
2018-09-19,97.45,97.45,97.45,97.45,
2018-09-20,97.754,97.754,97.754,97.754,
2018-09-21,97.994,97.994,97.994,97.994,
2018-09-24,97.312,97.312,97.312,97.312,
2018-09-25,97.413,97.413,97.413,97.413,
2018-09-26,97.975,97.975,97.975,97.975,
2018-09-27,98.325,98.325,98.325,98.325,
2018-09-28,98.897,98.897,98.897,98.897,
2018-10-01,99.164,99.164,99.164,99.164,
2018-10-02,99.496,99.496,99.496,99.496,
2018-10-03,100.104,100.104,100.104,100.104,
2018-10-04,104.131,104.131,104.131,104.131,
2018-10-05,106.002,106.002,106.002,106.002,
2018-10-08,106.408,106.408,106.408,106.408,
2018-10-09,106.399,106.399,106.399,106.399,
2018-10-10,104.454,104.454,104.454,104.454,
2018-10-11,99.45,99.45,99.45,99.45,
2018-10-12,101.818,101.818,101.818,101.818,
2018-10-15,101.947,101.947,101.947,101.947,
2018-10-16,102.325,102.325,102.325,102.325,
2018-10-17,104.684,104.684,104.684,104.684,
2018-10-18,104.426,104.426,104.426,104.426,
2018-10-19,103.145,103.145,103.145,103.145,
2018-10-22,103.247,103.247,103.247,103.247,
2018-10-23,101.735,101.735,101.735,101.735,
2018-10-24,97.984,97.984,97.984,97.984,
2018-10-25,99.431,99.431,99.431,99.431,
2018-10-26,98.049,98.049,98.049,98.049,
2018-10-29,98.98,98.98,98.98,98.98,
2018-10-30,99.846,99.846,99.846,99.846,
2018-10-31,99.938,99.938,99.938,99.938,
2018-11-01,99.404,99.404,99.404,99.404,
2018-11-02,98.381,98.381,98.381,98.381,
2018-11-05,101.505,101.505,101.505,101.505,
2018-11-06,97.597,97.597,97.597,97.597,
2018-11-07,101.118,101.118,101.118,101.118,
2018-11-08,101.468,101.468,101.468,101.468,
2018-11-09,103.413,103.413,103.413,103.413,
2018-11-12,104.325,104.325,104.325,104.325,
2018-11-13,103.578,103.578,103.578,103.578,
2018-11-14,101.71,101.71,101.71,101.71,
2018-11-15,103.924,103.924,103.924,103.924,
2018-11-16,105.434,105.434,105.434,105.434,
2018-11-19,107.268,107.268,107.268,107.268,
2018-11-20,106.258,106.258,106.258,106.258,
2018-11-21,103.952,103.952,103.952,103.952,
2018-11-23,104.545,104.545,104.545,104.545,
2018-11-26,104.091,104.091,104.091,104.091,
2018-11-27,105.795,105.795,105.795,105.795,
2018-11-28,107.008,107.008,107.008,107.008,
2018-11-29,108.37,108.37,108.37,108.37,
2018-11-30,109.889,109.889,109.889,109.889,
2018-12-03,109.778,109.778,109.778,109.778,
2018-12-04,107.925,107.925,107.925,107.925,
2018-12-06,107.295,107.295,107.295,107.295,
2018-12-07,105.202,105.202,105.202,105.202,
2018-12-10,105.675,105.675,105.675,105.675,
2018-12-11,106.054,106.054,106.054,106.054,
2018-12-12,105.906,105.906,105.906,105.906,
2018-12-13,106.388,106.388,106.388,106.388,
2018-12-14,103.674,103.674,103.674,103.674,
2018-12-17,100.367,100.367,100.367,100.367,
2018-12-18,98.644,98.644,98.644,98.644,
2018-12-19,101.062,101.062,101.062,101.062,
2018-12-20,101.229,101.229,101.229,101.229,
2018-12-21,101.349,101.349,101.349,101.349,
2018-12-24,98.876,98.876,98.876,98.876,
2018-12-26,102.896,102.896,102.896,102.896,
2018-12-27,104.563,104.563,104.563,104.563,
2018-12-28,105.776,105.776,105.776,105.776,
2018-12-31,107.184,107.184,107.184,107.184,
2019-01-02,106.406,106.406,106.406,106.406,
2019-01-03,103.1,103.1,103.1,103.1,
2019-01-04,106.202,106.202,106.202,106.202,
2019-01-07,106.777,106.777,106.777,106.777,
2019-01-08,107.759,107.759,107.759,107.759,
2019-01-09,108.564,108.564,108.564,108.564,
2019-01-10,107.388,107.388,107.388,107.388,
2019-01-11,107.61,107.61,107.61,107.61,
2019-01-14,106.221,106.221,106.221,106.221,
2019-01-15,108.453,108.453,108.453,108.453,
2019-01-16,108.185,108.185,108.185,108.185,
2019-01-17,110.371,110.371,110.371,110.371,
2019-01-18,107.99,107.99,107.99,107.99,
2019-01-22,108.453,108.453,108.453,108.453,
2019-01-23,110.028,110.028,110.028,110.028,
2019-01-24,106.508,106.508,106.508,106.508,
2019-01-25,106.49,106.49,106.49,106.49,
2019-01-28,106.545,106.545,106.545,106.545,
2019-01-29,107.175,107.175,107.175,107.175,
2019-01-30,108.314,108.314,108.314,108.314,
2019-01-31,111.019,111.019,111.019,111.019,
2019-02-01,111.973,111.973,111.973,111.973,
2019-02-04,111.306,111.306,111.306,111.306,
2019-02-05,111.547,111.547,111.547,111.547,
2019-02-06,110.472,110.472,110.472,110.472,
2019-02-07,108.833,108.833,108.833,108.833,
2019-02-08,110.778,110.778,110.778,110.778,
2019-02-11,109.305,109.305,109.305,109.305,
2019-02-12,110.676,110.676,110.676,110.676,
2019-02-13,110.824,110.824,110.824,110.824,
2019-02-14,112.449,112.449,112.449,112.449,
2019-02-15,114.061,114.061,114.061,114.061,
2019-02-19,113.735,113.735,113.735,113.735,
2019-02-20,114.228,114.228,114.228,114.228,
2019-02-21,114.284,114.284,114.284,114.284,
2019-02-22,115.476,115.476,115.476,115.476,
2019-02-25,115.374,115.374,115.374,115.374,
2019-02-26,116.1,116.1,116.1,116.1,
2019-02-27,117.041,117.041,117.041,117.041,
2019-02-28,117.609,117.609,117.609,117.609,
2019-03-01,119.983,119.983,119.983,119.983,
2019-03-04,118.698,118.698,118.698,118.698,
2019-03-05,119.657,119.657,119.657,119.657,
2019-03-06,117.972,117.972,117.972,117.972,
2019-03-07,117.655,117.655,117.655,117.655,
2019-03-08,117.99,117.99,117.99,117.99,
2019-03-11,115.01,115.01,115.01,115.01,
2019-03-12,115.01,115.01,115.01,115.01,
2019-03-13,115.765,115.765,115.765,115.765,
2019-03-14,114.619,114.619,114.619,114.619,
2019-03-15,115.42,115.42,115.42,115.42,
2019-03-18,116.631,116.631,116.631,116.631,
2019-03-19,117.888,117.888,117.888,117.888,
2019-03-20,119.35,119.35,119.35,119.35,
2019-03-21,119.49,119.49,119.49,119.49,
2019-03-22,119.48,119.48,119.48,119.48,
2019-03-25,120.942,120.942,120.942,120.942,
2019-03-26,122.013,122.013,122.013,122.013,
2019-03-27,119.918,119.918,119.918,119.918,
2019-03-28,120.086,120.086,120.086,120.086,
2019-03-29,120.84,120.84,120.84,120.84,
2019-04-01,120.179,120.179,120.179,120.179,
2019-04-02,120.43,120.43,120.43,120.43,
2019-04-03,118.316,118.316,118.316,118.316,
2019-04-04,116.975,116.975,116.975,116.975,
2019-04-05,118.26,118.26,118.26,118.26,
2019-04-08,118.419,118.419,118.419,118.419,
2019-04-09,118.493,118.493,118.493,118.493,
2019-04-10,118.447,118.447,118.447,118.447,
2019-04-11,116.547,116.547,116.547,116.547,
2019-04-12,114.601,114.601,114.601,114.601,
2019-04-15,115.551,115.551,115.551,115.551,
2019-04-16,111.714,111.714,111.714,111.714,
2019-04-17,108.492,108.492,108.492,108.492,
2019-04-18,107.281,107.281,107.281,107.281,
2019-04-22,107.532,107.532,107.532,107.532,
2019-04-23,109.414,109.414,109.414,109.414,
2019-04-24,109.888,109.888,109.888,109.888,
2019-04-25,110.103,110.103,110.103,110.103,
2019-04-26,111.63,111.63,111.63,111.63,
2019-04-29,111.378,111.378,111.378,111.378,
2019-04-30,108.994,108.994,108.994,108.994,
2019-05-01,110.056,110.056,110.056,110.056,
2019-05-02,110.317,110.317,110.317,110.317,
2019-05-03,108.873,108.873,108.873,108.873,
2019-05-06,108.631,108.631,108.631,108.631,
2019-05-07,107.039,107.039,107.039,107.039,
2019-05-08,108.259,108.259,108.259,108.259,
2019-05-09,107.84,107.84,107.84,107.84,
2019-05-10,108.231,108.231,108.231,108.231,
2019-05-13,106.508,106.508,106.508,106.508,
2019-05-14,107.039,107.039,107.039,107.039,
2019-05-15,107.672,107.672,107.672,107.672,
2019-05-16,109.316,109.316,109.316,109.316,
2019-05-17,108.641,108.641,108.641,108.641,
2019-05-20,108.847,108.847,108.847,108.847,
2019-05-21,109.175,109.175,109.175,109.175,
2019-05-22,110.486,110.486,110.486,110.486,
2019-05-23,109.391,109.391,109.391,109.391,
2019-05-24,109.372,109.372,109.372,109.372,
2019-05-28,108.407,108.407,108.407,108.407,
2019-05-29,108.154,108.154,108.154,108.154,
2019-05-30,108.538,108.538,108.538,108.538,
2019-05-31,108.576,108.576,108.576,108.576,
2019-06-03,109.353,109.353,109.353,109.353,
2019-06-04,110.093,110.093,110.093,110.093,
2019-06-05,109.587,109.587,109.587,109.587,
2019-06-06,110.037,110.037,110.037,110.037,
2019-06-07,110.833,110.833,110.833,110.833,
2019-06-10,106.693,106.693,106.693,106.693,
2019-06-11,105.083,105.083,105.083,105.083,
2019-06-12,107.92,107.92,107.92,107.92,
2019-06-13,104.717,104.717,104.717,104.717,
2019-06-14,104.643,104.643,104.643,104.643,
2019-06-17,106.197,106.197,106.197,106.197,
2019-06-18,107.368,107.368,107.368,107.368,
2019-06-19,107.911,107.911,107.911,107.911,
2019-06-20,108.22,108.22,108.22,108.22,
2019-06-21,108.154,108.154,108.154,108.154,
2019-06-24,108.285,108.285,108.285,108.285,
2019-06-25,108.033,108.033,108.033,108.033,
2019-06-26,104.268,104.268,104.268,104.268,
2019-06-27,104.39,104.39,104.39,104.39,
2019-06-28,103.753,103.753,103.753,103.753,
2019-07-01,105.579,105.579,105.579,105.579,
2019-07-02,106.946,106.946,106.946,106.946,
2019-07-03,107.152,107.152,107.152,107.152,
2019-07-05,105.654,105.654,105.654,105.654,
2019-07-08,104.437,104.437,104.437,104.437,
2019-07-09,105.897,105.897,105.897,105.897,
2019-07-10,107.255,107.255,107.255,107.255,
2019-07-11,102.845,102.845,102.845,102.845,
2019-07-12,101.412,101.412,101.412,101.412,
2019-07-15,101.58,101.58,101.58,101.58,
2019-07-16,101.908,101.908,101.908,101.908,
2019-07-17,100.288,100.288,100.288,100.288,
2019-07-18,101.459,101.459,101.459,101.459,
2019-07-19,100.007,100.007,100.007,100.007,
2019-07-22,100.456,100.456,100.456,100.456,
2019-07-23,101.346,101.346,101.346,101.346,
2019-07-24,101.627,101.627,101.627,101.627,
2019-07-25,100.972,100.972,100.972,100.972,
2019-07-26,101.393,101.393,101.393,101.393,
2019-07-29,101.814,101.814,101.814,101.814,
2019-07-30,101.786,101.786,101.786,101.786,
2019-07-31,102.03,102.03,102.03,102.03,
2019-08-01,103.491,103.491,103.491,103.491,
2019-08-02,105.279,105.279,105.279,105.279,
2019-08-05,101.805,101.805,101.805,101.805,
2019-08-06,104.324,104.324,104.324,104.324,
2019-08-07,104.062,104.062,104.062,104.062,
2019-08-08,106.731,106.731,106.731,106.731,
2019-08-09,106.544,106.544,106.544,106.544,
2019-08-12,106.384,106.384,106.384,106.384,
2019-08-13,108.351,108.351,108.351,108.351,
2019-08-14,103.864,103.864,103.864,103.864,
2019-08-15,103.807,103.807,103.807,103.807,
2019-08-16,104.08,104.08,104.08,104.08,
2019-08-19,105.973,105.973,105.973,105.973,
2019-08-20,104.542,104.542,104.542,104.542,
2019-08-21,104.965,104.965,104.965,104.965,
2019-08-22,105.107,105.107,105.107,105.107,
2019-08-23,103.129,103.129,103.129,103.129,
2019-08-26,105.267,105.267,105.267,105.267,
2019-08-27,104.278,104.278,104.278,104.278,
2019-08-28,104.504,104.504,104.504,104.504,
2019-08-29,105.709,105.709,105.709,105.709,
2019-08-30,106.388,106.388,106.388,106.388,
2019-09-03,107.32,107.32,107.32,107.32,
2019-09-04,106.651,106.651,106.651,106.651,
2019-09-05,107.923,107.923,107.923,107.923,
2019-09-06,107.405,107.405,107.405,107.405,
2019-09-09,104.598,104.598,104.598,104.598,
2019-09-10,104.626,104.626,104.626,104.626,
2019-09-11,105.182,105.182,105.182,105.182,
2019-09-12,104.975,104.975,104.975,104.975,
2019-09-13,104.429,104.429,104.429,104.429,
2019-09-16,103.713,103.713,103.713,103.713,
2019-09-17,104.645,104.645,104.645,104.645,
2019-09-18,106.152,106.152,106.152,106.152,
2019-09-19,107.687,107.687,107.687,107.687,
2019-09-20,109.392,109.392,109.392,109.392,
2019-09-23,107.527,107.527,107.527,107.527,
2019-09-24,106.651,106.651,106.651,106.651,
2019-09-25,104.9,104.9,104.9,104.9,
2019-09-26,105.305,105.305,105.305,105.305,
2019-09-27,105.822,105.822,105.822,105.822,
2019-09-30,105.314,105.314,105.314,105.314,
2019-10-01,104.495,104.495,104.495,104.495,
2019-10-02,100.765,100.765,100.765,100.765,
2019-10-03,101.038,101.038,101.038,101.038,
2019-10-04,101.895,101.895,101.895,101.895,
2019-10-07,101.547,101.547,101.547,101.547,
2019-10-08,100.944,100.944,100.944,100.944,
2019-10-09,101.048,101.048,101.048,101.048,
2019-10-10,100.69,100.69,100.69,100.69,
2019-10-11,102.046,102.046,102.046,102.046,
2019-10-14,101.613,101.613,101.613,101.613,
2019-10-15,103.308,103.308,103.308,103.308,
2019-10-16,101.66,101.66,101.66,101.66,
2019-10-17,102.14,102.14,102.14,102.14,
2019-10-18,102.31,102.31,102.31,102.31,
2019-10-21,101.622,101.622,101.622,101.622,
2019-10-22,103.44,103.44,103.44,103.44,
2019-10-23,101.142,101.142,101.142,101.142,
2019-10-24,101.556,101.556,101.556,101.556,
2019-10-25,103.779,103.779,103.779,103.779,
2019-10-28,106.406,106.406,106.406,106.406,
2019-10-29,105.163,105.163,105.163,105.163,
2019-10-30,106.152,106.152,106.152,106.152,
2019-10-31,107.31,107.31,107.31,107.31,
2019-11-01,105.954,105.954,105.954,105.954,
2019-11-04,106.519,106.519,106.519,106.519,
2019-11-05,104.768,104.768,104.768,104.768,
2019-11-06,107.188,107.188,107.188,107.188,
2019-11-07,106.199,106.199,106.199,106.199,
2019-11-08,106.915,106.915,106.915,106.915,
2019-11-11,106.227,106.227,106.227,106.227,
2019-11-12,106.576,106.576,106.576,106.576,
2019-11-13,106.218,106.218,106.218,106.218,
2019-11-14,105.503,105.503,105.503,105.503,
2019-11-15,107.208,107.208,107.208,107.208,
2019-11-18,108.041,108.041,108.041,108.041,
2019-11-19,109.017,109.017,109.017,109.017,
2019-11-20,108.553,108.553,108.553,108.553,
2019-11-21,108.685,108.685,108.685,108.685,
2019-11-22,110.059,110.059,110.059,110.059,
2019-11-25,111.262,111.262,111.262,111.262,
2019-11-26,110.902,110.902,110.902,110.902,
2019-11-27,111.233,111.233,111.233,111.233,
2019-11-29,111.148,111.148,111.148,111.148,
2019-12-02,110.57,110.57,110.57,110.57,
2019-12-03,111.394,111.394,111.394,111.394,
2019-12-04,112.398,112.398,112.398,112.398,
2019-12-05,113.44,113.44,113.44,113.44,
2019-12-06,113.317,113.317,113.317,113.317,
2019-12-09,113.885,113.885,113.885,113.885,
2019-12-10,114.274,114.274,114.274,114.274,
2019-12-11,114.397,114.397,114.397,114.397,
2019-12-12,115.268,115.268,115.268,115.268,
2019-12-13,115.107,115.107,115.107,115.107,
2019-12-16,116.357,116.357,116.357,116.357,
2019-12-17,118.706,118.706,118.706,118.706,
2019-12-18,122.637,122.637,122.637,122.637,
2019-12-19,123.934,123.934,123.934,123.934,
2019-12-20,125.431,125.431,125.431,125.431,
2019-12-23,124.219,124.219,124.219,124.219,
2019-12-24,124.181,124.181,124.181,124.181,
2019-12-26,124.209,124.209,124.209,124.209,
2019-12-27,124.569,124.569,124.569,124.569,
2019-12-30,124.361,124.361,124.361,124.361,
2019-12-31,124.484,124.484,124.484,124.484,
2020-01-02,125.223,125.223,125.223,125.223,
2020-01-03,124.806,124.806,124.806,124.806,
2020-01-06,125.27,125.27,125.27,125.27,
2020-01-07,125.507,125.507,125.507,125.507,
2020-01-08,126.643,126.643,126.643,126.643,
2020-01-09,128.736,128.736,128.736,128.736,
2020-01-10,130.707,130.707,130.707,130.707,
2020-01-13,131.597,131.597,131.597,131.597,
2020-01-14,133.216,133.216,133.216,133.216,
2020-01-15,133.652,133.652,133.652,133.652,
2020-01-16,133.955,133.955,133.955,133.955,
2020-01-17,132.203,132.203,132.203,132.203,
2020-01-21,133.463,133.463,133.463,133.463,
2020-01-22,134.078,134.078,134.078,134.078,
2020-01-23,133.747,133.747,133.747,133.747,
2020-01-24,131.72,131.72,131.72,131.72,
2020-01-27,131.0,131.0,131.0,131.0,
2020-01-28,131.9,131.9,131.9,131.9,
2020-01-29,132.525,132.525,132.525,132.525,
2020-01-30,135.13,135.13,135.13,135.13,
2020-01-31,132.26,132.26,132.26,132.26,
2020-02-03,133.548,133.548,133.548,133.548,
2020-02-04,135.859,135.859,135.859,135.859,
2020-02-05,139.562,139.562,139.562,139.562,
2020-02-06,139.515,139.515,139.515,139.515,
2020-02-07,138.672,138.672,138.672,138.672,
2020-02-10,137.82,137.82,137.82,137.82,
2020-02-11,136.626,136.626,136.626,136.626,
2020-02-12,135.925,135.925,135.925,135.925,
2020-02-13,135.002,135.002,135.002,135.002,
2020-02-14,134.354,134.354,134.354,134.354,
2020-02-18,134.25,134.25,134.25,134.25,
2020-02-19,134.078,134.078,134.078,134.078,
2020-02-20,135.192,135.192,135.192,135.192,
2020-02-21,135.23,135.23,135.23,135.23,
2020-02-24,131.527,131.527,131.527,131.527,
2020-02-25,128.918,128.918,128.918,128.918,
2020-02-26,127.128,127.128,127.128,127.128,
2020-02-27,122.996,122.996,122.996,122.996,
2020-02-28,120.083,120.083,120.083,120.083,
2020-03-02,126.471,126.471,126.471,126.471,
2020-03-03,124.063,124.063,124.063,124.063,
2020-03-04,133.65,133.65,133.65,133.65,
2020-03-05,133.431,133.431,133.431,133.431,
2020-03-06,134.678,134.678,134.678,134.678,
2020-03-09,129.213,129.213,129.213,129.213,
2020-03-10,134.421,134.421,134.421,134.421,
2020-03-11,133.307,133.307,133.307,133.307,
2020-03-12,119.978,119.978,119.978,119.978,
2020-03-13,132.688,132.688,132.688,132.688,
2020-03-16,123.177,123.177,123.177,123.177,
2020-03-17,136.335,136.335,136.335,136.335,
2020-03-18,136.23,136.23,136.23,136.23,
2020-03-19,126.709,126.709,126.709,126.709,
2020-03-20,116.532,116.532,116.532,116.532,
2020-03-23,113.343,113.343,113.343,113.343,
2020-03-24,116.998,116.998,116.998,116.998,
2020-03-25,116.094,116.094,116.094,116.094,
2020-03-26,127.909,127.909,127.909,127.909,
2020-03-27,127.681,127.681,127.681,127.681,
2020-03-30,131.803,131.803,131.803,131.803,
2020-03-31,132.069,132.069,132.069,132.069,
2020-04-01,129.88,129.88,129.88,129.88,
2020-04-02,135.364,135.364,135.364,135.364,
2020-04-03,132.964,132.964,132.964,132.964,
2020-04-06,134.821,134.821,134.821,134.821,
2020-04-07,135.078,135.078,135.078,135.078,
2020-04-08,139.21,139.21,139.21,139.21,
2020-04-09,138.743,138.743,138.743,138.743,
2020-04-13,137.496,137.496,137.496,137.496,
2020-04-14,143.865,143.865,143.865,143.865,
2020-04-15,143.932,143.932,143.932,143.932,
2020-04-16,147.312,147.312,147.312,147.312,
2020-04-17,149.749,149.749,149.749,149.749,
2020-04-20,150.225,150.225,150.225,150.225,
2020-04-21,145.351,145.351,145.351,145.351,
2020-04-22,149.197,149.197,149.197,149.197,
2020-04-23,152.263,152.263,152.263,152.263,
2020-04-24,155.119,155.119,155.119,155.119,
2020-04-27,153.557,153.557,153.557,153.557,
2020-04-28,149.759,149.759,149.759,149.759,
2020-04-29,147.721,147.721,147.721,147.721,
2020-04-30,147.226,147.226,147.226,147.226,
2020-05-01,146.265,146.265,146.265,146.265,
2020-05-04,145.931,145.931,145.931,145.931,
2020-05-05,150.32,150.32,150.32,150.32,
2020-05-06,149.168,149.168,149.168,149.168,
2020-05-07,145.636,145.636,145.636,145.636,
2020-05-08,146.15,146.15,146.15,146.15,
2020-05-11,150.949,150.949,150.949,150.949,
2020-05-12,150.159,150.159,150.159,150.159,
2020-05-13,150.359,150.359,150.359,150.359,
2020-05-14,151.497,151.497,151.497,151.497,
2020-05-15,152.31,152.31,152.31,152.31,
2020-05-18,151.095,151.095,151.095,151.095,
2020-05-19,149.89,149.89,149.89,149.89,
2020-05-20,146.475,146.475,146.475,146.475,
2020-05-21,145.662,145.662,145.662,145.662,
2020-05-22,144.591,144.591,144.591,144.591,
2020-05-26,141.53,141.53,141.53,141.53,
2020-05-27,139.368,139.368,139.368,139.368,
2020-05-28,144.103,144.103,144.103,144.103,
2020-05-29,146.303,146.303,146.303,146.303,
2020-06-01,145.825,145.825,145.825,145.825,
2020-06-02,147.173,147.173,147.173,147.173,
2020-06-03,145.901,145.901,145.901,145.901,
2020-06-04,144.16,144.16,144.16,144.16,
2020-06-05,142.725,142.725,142.725,142.725,
2020-06-08,142.725,142.725,142.725,142.725,
2020-06-09,142.649,142.649,142.649,142.649,
2020-06-10,144.438,144.438,144.438,144.438,
2020-06-11,137.818,137.818,137.818,137.818,
2020-06-12,137.302,137.302,137.302,137.302,
2020-06-15,135.37,135.37,135.37,135.37,
2020-06-16,156.595,156.595,156.595,156.595,
2020-06-17,153.018,153.018,153.018,153.018,
2020-06-18,154.07,154.07,154.07,154.07,
2020-06-19,152.989,152.989,152.989,152.989,
2020-06-22,153.477,153.477,153.477,153.477,
2020-06-23,152.415,152.415,152.415,152.415,
2020-06-24,150.205,150.205,150.205,150.205,
2020-06-25,155.782,155.782,155.782,155.782,
2020-06-26,155.753,155.753,155.753,155.753,
2020-06-29,155.648,155.648,155.648,155.648,
2020-06-30,157.045,157.045,157.045,157.045,
2020-07-01,156.203,156.203,156.203,156.203,
2020-07-02,156.748,156.748,156.748,156.748,
2020-07-06,159.637,159.637,159.637,159.637,
2020-07-07,159.503,159.503,159.503,159.503,
2020-07-08,161.78,161.78,161.78,161.78,
2020-07-09,159.216,159.216,159.216,159.216,
2020-07-10,156.26,156.26,156.26,156.26,
2020-07-13,155.036,155.036,155.036,155.036,
2020-07-14,156.758,156.758,156.758,156.758,
2020-07-15,158.26,158.26,158.26,158.26,
2020-07-16,157.829,157.829,157.829,157.829,
2020-07-17,158.747,158.747,158.747,158.747,
2020-07-20,159.78,159.78,159.78,159.78,
2020-07-21,158.116,158.116,158.116,158.116,
2020-07-22,157.676,157.676,157.676,157.676,
2020-07-23,154.5,154.5,154.5,154.5,
2020-07-24,152.606,152.606,152.606,152.606,
2020-07-27,153.525,153.525,153.525,153.525,
2020-07-28,155.581,155.581,155.581,155.581,
2020-07-29,154.72,154.72,154.72,154.72,
2020-07-30,146.351,146.351,146.351,146.351,
2020-07-31,143.758,143.758,143.758,143.758,
2020-08-03,146.198,146.198,146.198,146.198,
2020-08-04,148.12,148.12,148.12,148.12,
2020-08-05,147.632,147.632,147.632,147.632,
2020-08-06,146.236,146.236,146.236,146.236,
2020-08-07,146.284,146.284,146.284,146.284,
2020-08-10,146.351,146.351,146.351,146.351,
2020-08-11,144.084,144.084,144.084,144.084,
2020-08-12,145.92,145.92,145.92,145.92,
2020-08-13,144.623,144.623,144.623,144.623,
2020-08-14,144.267,144.267,144.267,144.267,
2020-08-17,145.651,145.651,145.651,145.651,
2020-08-18,147.17,147.17,147.17,147.17,
2020-08-19,146.382,146.382,146.382,146.382,
2020-08-20,145.468,145.468,145.468,145.468,
2020-08-21,143.469,143.469,143.469,143.469,
2020-08-24,143.719,143.719,143.719,143.719,
2020-08-25,143.873,143.873,143.873,143.873,
2020-08-26,143.469,143.469,143.469,143.469,
2020-08-27,143.19,143.19,143.19,143.19,
2020-08-28,141.624,141.624,141.624,141.624,
2020-08-31,142.633,142.633,142.633,142.633,
2020-09-01,141.585,141.585,141.585,141.585,
2020-09-02,143.748,143.748,143.748,143.748,
2020-09-03,143.238,143.238,143.238,143.238,
2020-09-04,145.055,145.055,145.055,145.055,
2020-09-08,143.517,143.517,143.517,143.517,
2020-09-09,146.074,146.074,146.074,146.074,
2020-09-10,140.547,140.547,140.547,140.547,
2020-09-11,142.344,142.344,142.344,142.344,
2020-09-14,143.219,143.219,143.219,143.219,
2020-09-15,144.257,144.257,144.257,144.257,
2020-09-16,145.103,145.103,145.103,145.103,
2020-09-17,146.555,146.555,146.555,146.555,
2020-09-18,148.189,148.189,148.189,148.189,
2020-09-21,145.315,145.315,145.315,145.315,
2020-09-22,144.046,144.046,144.046,144.046,
2020-09-23,143.998,143.998,143.998,143.998,
2020-09-24,143.037,143.037,143.037,143.037,
2020-09-25,144.43,144.43,144.43,144.43,
2020-09-28,142.354,142.354,142.354,142.354,
2020-09-29,140.585,140.585,140.585,140.585,
2020-09-30,142.277,142.277,142.277,142.277,
2020-10-01,138.692,138.692,138.692,138.692,
2020-10-02,139.576,139.576,139.576,139.576,
2020-10-05,140.941,140.941,140.941,140.941,
2020-10-06,138.538,138.538,138.538,138.538,
2020-10-07,143.181,143.181,143.181,143.181,
2020-10-08,147.545,147.545,147.545,147.545,
2020-10-09,150.793,150.793,150.793,150.793,
2020-10-12,148.496,148.496,148.496,148.496,
2020-10-13,144.257,144.257,144.257,144.257,
2020-10-14,142.7,142.7,142.7,142.7,
2020-10-15,141.085,141.085,141.085,141.085,
2020-10-16,140.451,140.451,140.451,140.451,
2020-10-19,137.26,137.26,137.26,137.26,
2020-10-20,138.019,138.019,138.019,138.019,
2020-10-21,135.828,135.828,135.828,135.828,
2020-10-22,136.154,136.154,136.154,136.154,
2020-10-23,136.856,136.856,136.856,136.856,
2020-10-26,136.202,136.202,136.202,136.202,
2020-10-27,126.783,126.783,126.783,126.783,
2020-10-28,126.216,126.216,126.216,126.216,
2020-10-29,127.407,127.407,127.407,127.407,
2020-10-30,125.399,125.399,125.399,125.399,
2020-11-02,126.523,126.523,126.523,126.523,
2020-11-03,125.898,125.898,125.898,125.898,
2020-11-04,142.825,142.825,142.825,142.825,
2020-11-05,139.874,139.874,139.874,139.874,
2020-11-06,137.202,137.202,137.202,137.202,
2020-11-09,136.808,136.808,136.808,136.808,
2020-11-10,140.874,140.874,140.874,140.874,
2020-11-11,139.144,139.144,139.144,139.144,
2020-11-12,136.255,136.255,136.255,136.255,
2020-11-13,137.559,137.559,137.559,137.559,
2020-11-16,135.83,135.83,135.83,135.83,
2020-11-17,136.419,136.419,136.419,136.419,
2020-11-18,135.424,135.424,135.424,135.424,
2020-11-19,138.554,138.554,138.554,138.554,
2020-11-20,140.564,140.564,140.564,140.564,
2020-11-23,138.525,138.525,138.525,138.525,
2020-11-24,139.994,139.994,139.994,139.994,
2020-11-25,139.849,139.849,139.849,139.849,
2020-11-27,142.448,142.448,142.448,142.448,
2020-11-30,140.719,140.719,140.719,140.719,
2020-12-01,140.632,140.632,140.632,140.632,
2020-12-02,140.245,140.245,140.245,140.245,
2020-12-03,139.231,139.231,139.231,139.231,
2020-12-04,143.424,143.424,143.424,143.424,
2020-12-07,142.429,142.429,142.429,142.429,
2020-12-08,144.245,144.245,144.245,144.245,
2020-12-09,152.65,152.65,152.65,152.65,
2020-12-10,155.549,155.549,155.549,155.549,
2020-12-11,154.621,154.621,154.621,154.621,
2020-12-14,152.563,152.563,152.563,152.563,
2020-12-15,161.761,161.761,161.761,161.761,
2020-12-16,166.225,166.225,166.225,166.225,
2020-12-17,166.785,166.785,166.785,166.785,
2020-12-18,165.597,165.597,165.597,165.597,
2020-12-21,163.065,163.065,163.065,163.065,
2020-12-22,161.075,161.075,161.075,161.075,
2020-12-23,159.877,159.877,159.877,159.877,
2020-12-24,161.017,161.017,161.017,161.017,
2020-12-28,160.863,160.863,160.863,160.863,
2020-12-29,160.94,160.94,160.94,160.94,
2020-12-30,161.355,161.355,161.355,161.355,
2020-12-31,163.123,163.123,163.123,163.123,
2021-01-04,159.896,159.896,159.896,159.896,
2021-01-05,160.689,160.689,160.689,160.689,
2021-01-06,158.756,158.756,158.756,158.756,
2021-01-07,160.215,160.215,160.215,160.215,
2021-01-08,160.776,160.776,160.776,160.776,
2021-01-11,179.644,179.644,179.644,179.644,
2021-01-12,172.746,172.746,172.746,172.746,
2021-01-13,179.219,179.219,179.219,179.219,
2021-01-14,180.369,180.369,180.369,180.369,
2021-01-15,184.311,184.311,184.311,184.311,
2021-01-19,191.76,191.76,191.76,191.76,
2021-01-20,194.446,194.446,194.446,194.446,
2021-01-21,195.499,195.499,195.499,195.499,
2021-01-22,199.16,199.16,199.16,199.16,
2021-01-25,205.16,205.16,205.16,205.16,
2021-01-26,205.518,205.518,205.518,205.518,
2021-01-27,200.542,200.542,200.542,200.542,
2021-01-28,203.006,203.006,203.006,203.006,
2021-01-29,200.928,200.928,200.928,200.928,
2021-02-01,196.262,196.262,196.262,196.262,
2021-02-02,190.871,190.871,190.871,190.871,
2021-02-03,190.291,190.291,190.291,190.291,
2021-02-04,194.793,194.793,194.793,194.793,
2021-02-05,194.938,194.938,194.938,194.938,
2021-02-08,198.803,198.803,198.803,198.803,
2021-02-09,194.88,194.88,194.88,194.88,
2021-02-10,197.47,197.47,197.47,197.47,
2021-02-11,196.538,196.538,196.538,196.538,
2021-02-12,201.108,201.108,201.108,201.108,
2021-02-16,199.623,199.623,199.623,199.623,
2021-02-17,200.303,200.303,200.303,200.303,
2021-02-18,195.122,195.122,195.122,195.122,
2021-02-19,194.928,194.928,194.928,194.928,
2021-02-22,194.695,194.695,194.695,194.695,
2021-02-23,196.441,196.441,196.441,196.441,
2021-02-24,198.42,198.42,198.42,198.42,
2021-02-25,197.741,197.741,197.741,197.741,
2021-02-26,198.779,198.779,198.779,198.779,
2021-03-01,200.312,200.312,200.312,200.312,
2021-03-02,198.052,198.052,198.052,198.052,
2021-03-03,195.976,195.976,195.976,195.976,
2021-03-04,194.559,194.559,194.559,194.559,
2021-03-05,200.749,200.749,200.749,200.749,
2021-03-08,200.856,200.856,200.856,200.856,
2021-03-09,199.963,199.963,199.963,199.963,
2021-03-10,199.323,199.323,199.323,199.323,
2021-03-11,199.09,199.09,199.09,199.09,
2021-03-12,201.874,201.874,201.874,201.874,
2021-03-15,183.519,183.519,183.519,183.519,
2021-03-16,185.207,185.207,185.207,185.207,
2021-03-17,181.161,181.161,181.161,181.161,
2021-03-18,178.445,178.445,178.445,178.445,
2021-03-19,178.794,178.794,178.794,178.794,
2021-03-22,180.298,180.298,180.298,180.298,
2021-03-23,178.202,178.202,178.202,178.202,
2021-03-24,174.797,174.797,174.797,174.797,
2021-03-25,177.63,177.63,177.63,177.63,
2021-03-26,179.783,179.783,179.783,179.783,
2021-03-29,180.783,180.783,180.783,180.783,
2021-03-30,179.968,179.968,179.968,179.968,
2021-03-31,181.248,181.248,181.248,181.248,
2021-04-01,179.715,179.715,179.715,179.715,
2021-04-05,179.376,179.376,179.376,179.376,
2021-04-06,177.348,177.348,177.348,177.348,
2021-04-07,176.883,176.883,176.883,176.883,
2021-04-08,177.164,177.164,177.164,177.164,
2021-04-09,178.988,178.988,178.988,178.988,
2021-04-12,176.397,176.397,176.397,176.397,
2021-04-13,177.086,177.086,177.086,177.086,
2021-04-14,177.542,177.542,177.542,177.542,
2021-04-15,180.375,180.375,180.375,180.375,
2021-04-16,183.606,183.606,183.606,183.606,
2021-04-19,183.984,183.984,183.984,183.984,
2021-04-20,184.925,184.925,184.925,184.925,
2021-04-21,185.255,185.255,185.255,185.255,
2021-04-22,181.471,181.471,181.471,181.471,
2021-04-23,183.092,183.092,183.092,183.092,
2021-04-26,181.636,181.636,181.636,181.636,
2021-04-27,176.776,176.776,176.776,176.776,
2021-04-28,175.165,175.165,175.165,175.165,
2021-04-29,176.766,176.766,176.766,176.766,
2021-04-30,177.319,177.319,177.319,177.319,
2021-05-03,180.375,180.375,180.375,180.375,
2021-05-04,182.587,182.587,182.587,182.587,
2021-05-05,187.06,187.06,187.06,187.06,
2021-05-06,188.107,188.107,188.107,188.107,
2021-05-07,189.592,189.592,189.592,189.592,
2021-05-10,188.952,188.952,188.952,188.952,
2021-05-11,188.942,188.942,188.942,188.942,
2021-05-12,187.438,187.438,187.438,187.438,
2021-05-13,189.962,189.962,189.962,189.962,
2021-05-14,191.199,191.199,191.199,191.199,
2021-05-17,190.537,190.537,190.537,190.537,
2021-05-18,189.66,189.66,189.66,189.66,
2021-05-19,191.492,191.492,191.492,191.492,
2021-05-20,194.435,194.435,194.435,194.435,
2021-05-21,194.776,194.776,194.776,194.776,
2021-05-24,195.887,195.887,195.887,195.887,
2021-05-25,194.133,194.133,194.133,194.133,
2021-05-26,195.857,195.857,195.857,195.857,
2021-05-27,194.113,194.113,194.113,194.113,
2021-05-28,194.639,194.639,194.639,194.639,
2021-06-01,193.353,193.353,193.353,193.353,
2021-06-02,194.045,194.045,194.045,194.045,
2021-06-03,197.524,197.524,197.524,197.524,
2021-06-04,196.861,196.861,196.861,196.861,
2021-06-07,216.838,216.838,216.838,216.838,
2021-06-08,215.064,215.064,215.064,215.064,
2021-06-09,220.229,220.229,220.229,220.229,
2021-06-10,227.576,227.576,227.576,227.576,
2021-06-11,218.368,218.368,218.368,218.368,
2021-06-14,220.326,220.326,220.326,220.326,
2021-06-15,217.812,217.812,217.812,217.812,
2021-06-16,215.123,215.123,215.123,215.123,
2021-06-17,216.536,216.536,216.536,216.536,
2021-06-18,212.969,212.969,212.969,212.969,
2021-06-21,216.984,216.984,216.984,216.984,
2021-06-22,215.785,215.785,215.785,215.785,
2021-06-23,211.556,211.556,211.556,211.556,
2021-06-24,227.021,227.021,227.021,227.021,
2021-06-25,224.341,224.341,224.341,224.341,
2021-06-28,222.392,222.392,222.392,222.392,
2021-06-29,223.513,223.513,223.513,223.513,
2021-06-30,223.659,223.659,223.659,223.659,
2021-07-01,225.228,225.228,225.228,225.228,
2021-07-02,227.986,227.986,227.986,227.986,
2021-07-06,229.408,229.408,229.408,229.408,
2021-07-07,229.798,229.798,229.798,229.798,
2021-07-08,231.065,231.065,231.065,231.065,
2021-07-09,228.989,228.989,228.989,228.989,
2021-07-12,229.983,229.983,229.983,229.983,
2021-07-13,229.291,229.291,229.291,229.291,
2021-07-14,230.314,230.314,230.314,230.314,
2021-07-15,225.559,225.559,225.559,225.559,
2021-07-16,226.524,226.524,226.524,226.524,
2021-07-19,228.161,228.161,228.161,228.161,
2021-07-20,229.018,229.018,229.018,229.018,
2021-07-21,231.23,231.23,231.23,231.23,
2021-07-22,232.4,232.4,232.4,232.4,
2021-07-23,237.915,237.915,237.915,237.915,
2021-07-26,236.999,236.999,236.999,236.999,
2021-07-27,237.36,237.36,237.36,237.36,
2021-07-28,240.215,240.215,240.215,240.215,
2021-07-29,239.065,239.065,239.065,239.065,
2021-07-30,237.282,237.282,237.282,237.282,
2021-08-02,240.303,240.303,240.303,240.303,
2021-08-03,249.453,249.453,249.453,249.453,
2021-08-04,255.767,255.767,255.767,255.767,
2021-08-05,257.444,257.444,257.444,257.444,
2021-08-06,256.713,256.713,256.713,256.713,
2021-08-09,260.338,260.338,260.338,260.338,
2021-08-10,262.569,262.569,262.569,262.569,
2021-08-11,257.356,257.356,257.356,257.356,
2021-08-12,257.571,257.571,257.571,257.571,
2021-08-13,258.294,258.294,258.294,258.294,
2021-08-16,263.896,263.896,263.896,263.896,
2021-08-17,266.604,266.604,266.604,266.604,
2021-08-18,262.508,262.508,262.508,262.508,
2021-08-19,264.346,264.346,264.346,264.346,
2021-08-20,264.844,264.844,264.844,264.844,
2021-08-23,261.823,261.823,261.823,261.823,
2021-08-24,256.887,256.887,256.887,256.887,
2021-08-25,257.962,257.962,257.962,257.962,
2021-08-26,255.469,255.469,255.469,255.469,
2021-08-27,253.934,253.934,253.934,253.934,
2021-08-30,256.437,256.437,256.437,256.437,
2021-08-31,252.507,252.507,252.507,252.507,
2021-09-01,251.637,251.637,251.637,251.637,
2021-09-02,253.758,253.758,253.758,253.758,
2021-09-03,253.719,253.719,253.719,253.719,
2021-09-07,249.095,249.095,249.095,249.095,
2021-09-08,249.134,249.134,249.134,249.134,
2021-09-09,234.626,234.626,234.626,234.626,
2021-09-10,234.138,234.138,234.138,234.138,
2021-09-13,232.632,232.632,232.632,232.632,
2021-09-14,227.871,227.871,227.871,227.871,
2021-09-15,228.497,228.497,228.497,228.497,
2021-09-16,225.867,225.867,225.867,225.867,
2021-09-17,224.948,224.948,224.948,224.948,
2021-09-20,226.454,226.454,226.454,226.454,
2021-09-21,225.016,225.016,225.016,225.016,
2021-09-22,223.188,223.188,223.188,223.188,
2021-09-23,226.981,226.981,226.981,226.981,
2021-09-24,226.493,226.493,226.493,226.493,
2021-09-27,221.331,221.331,221.331,221.331,
2021-09-28,216.638,216.638,216.638,216.638,
2021-09-29,225.202,225.202,225.202,225.202,
2021-09-30,225.877,225.877,225.877,225.877,
2021-10-01,224.449,224.449,224.449,224.449,
2021-10-04,219.816,219.816,219.816,219.816,
2021-10-05,225.759,225.759,225.759,225.759,
2021-10-06,222.748,222.748,222.748,222.748,
2021-10-07,227.959,227.959,227.959,227.959,
2021-10-08,228.702,228.702,228.702,228.702,
2021-10-11,228.438,228.438,228.438,228.438,
2021-10-12,227.568,227.568,227.568,227.568,
2021-10-13,231.146,231.146,231.146,231.146,
2021-10-14,231.391,231.391,231.391,231.391,
2021-10-15,232.554,232.554,232.554,232.554,
2021-10-18,233.629,233.629,233.629,233.629,
2021-10-19,236.885,236.885,236.885,236.885,
2021-10-20,238.263,238.263,238.263,238.263,
2021-10-21,235.77,235.77,235.77,235.77,
2021-10-22,238.292,238.292,238.292,238.292,
2021-10-25,239.563,239.563,239.563,239.563,
2021-10-26,242.877,242.877,242.877,242.877,
2021-10-27,244.569,244.569,244.569,244.569,
2021-10-28,247.678,247.678,247.678,247.678,
2021-10-29,249.056,249.056,249.056,249.056,
2021-11-01,243.728,243.728,243.728,243.728,
2021-11-02,251.099,251.099,251.099,251.099,
2021-11-03,260.298,260.298,260.298,260.298,
2021-11-04,264.932,264.932,264.932,264.932,
2021-11-05,259.067,259.067,259.067,259.067,
2021-11-08,254.697,254.697,254.697,254.697,
2021-11-09,256.153,256.153,256.153,256.153,
2021-11-10,258.724,258.724,258.724,258.724,
2021-11-11,256.75,256.75,256.75,256.75,
2021-11-12,254.661,254.661,254.661,254.661,
2021-11-15,253.464,253.464,253.464,253.464,
2021-11-16,252.768,252.768,252.768,252.768,
2021-11-17,256.161,256.161,256.161,256.161,
2021-11-18,256.308,256.308,256.308,256.308,
2021-11-19,255.69,255.69,255.69,255.69,
2021-11-22,255.435,255.435,255.435,255.435,
2021-11-23,256.926,256.926,256.926,256.926,
2021-11-24,256.966,256.966,256.966,256.966,
2021-11-26,255.367,255.367,255.367,255.367,
2021-11-29,249.933,249.933,249.933,249.933,
2021-11-30,243.274,243.274,243.274,243.274,
2021-12-01,244.343,244.343,244.343,244.343,
2021-12-02,243.117,243.117,243.117,243.117,
2021-12-03,240.861,240.861,240.861,240.861,
2021-12-06,241.597,241.597,241.597,241.597,
2021-12-07,240.4,240.4,240.4,240.4,
2021-12-08,239.625,239.625,239.625,239.625,
2021-12-09,238.233,238.233,238.233,238.233,
2021-12-10,239.449,239.449,239.449,239.449,
2021-12-13,243.754,243.754,243.754,243.754,
2021-12-14,244.588,244.588,244.588,244.588,
2021-12-15,269.99,269.99,269.99,269.99,
2021-12-16,273.678,273.678,273.678,273.678,
2021-12-17,262.281,262.281,262.281,262.281,
2021-12-20,258.417,258.417,258.417,258.417,
2021-12-21,259.79,259.79,259.79,259.79,
2021-12-22,261.379,261.379,261.379,261.379,
2021-12-23,267.852,267.852,267.852,267.852,
2021-12-27,273.06,273.06,273.06,273.06,
2021-12-28,271.118,271.118,271.118,271.118,
2021-12-29,273.07,273.07,273.07,273.07,
2021-12-30,271.922,271.922,271.922,271.922,
2021-12-31,270.912,270.912,270.912,270.912,
2022-01-03,266.509,266.509,266.509,266.509,
2022-01-04,261.683,261.683,261.683,261.683,
2022-01-05,255.641,255.641,255.641,255.641,
2022-01-06,254.347,254.347,254.347,254.347,
2022-01-07,254.514,254.514,254.514,254.514,
2022-01-10,255.112,255.112,255.112,255.112,
2022-01-11,257.279,257.279,257.279,257.279,
2022-01-12,251.002,251.002,251.002,251.002,
2022-01-13,244.872,244.872,244.872,244.872,
2022-01-14,239.429,239.429,239.429,239.429,
2022-01-18,242.322,242.322,242.322,242.322,
2022-01-19,240.341,240.341,240.341,240.341,
2022-01-20,238.458,238.458,238.458,238.458,
2022-01-21,238.389,238.389,238.389,238.389,
2022-01-24,235.8,235.8,235.8,235.8,
2022-01-25,234.859,234.859,234.859,234.859,
2022-01-26,233.289,233.289,233.289,233.289,
2022-01-27,232.171,232.171,232.171,232.171,
2022-01-28,240.39,240.39,240.39,240.39,
2022-01-31,240.675,240.675,240.675,240.675,
2022-02-01,243.509,243.509,243.509,243.509,
2022-02-02,246.01,246.01,246.01,246.01,
2022-02-03,240.106,240.106,240.106,240.106,
2022-02-04,237.615,237.615,237.615,237.615,
2022-02-07,238.87,238.87,238.87,238.87,
2022-02-08,235.3,235.3,235.3,235.3,
2022-02-09,238.595,238.595,238.595,238.595,
2022-02-10,235.035,235.035,235.035,235.035,
2022-02-11,231.21,231.21,231.21,231.21,
2022-02-14,231.141,231.141,231.141,231.141,
2022-02-15,240.153,240.153,240.153,240.153,
2022-02-16,241.866,241.866,241.866,241.866,
2022-02-17,237.326,237.326,237.326,237.326,
2022-02-18,236.676,236.676,236.676,236.676,
2022-02-22,235.514,235.514,235.514,235.514,
2022-02-23,234.706,234.706,234.706,234.706,
2022-02-24,239.404,239.404,239.404,239.404,
2022-02-25,247.057,247.057,247.057,247.057,
2022-02-28,246.17,246.17,246.17,246.17,
2022-03-01,245.727,245.727,245.727,245.727,
2022-03-02,250.327,250.327,250.327,250.327,
2022-03-03,254.729,254.729,254.729,254.729,
2022-03-04,258.895,258.895,258.895,258.895,
2022-03-07,257.684,257.684,257.684,257.684,
2022-03-08,255.999,255.999,255.999,255.999,
2022-03-09,258.816,258.816,258.816,258.816,
2022-03-10,261.997,261.997,261.997,261.997,
2022-03-11,262.273,262.273,262.273,262.273,
2022-03-14,264.932,264.932,264.932,264.932,
2022-03-15,271.295,271.295,271.295,271.295,
2022-03-16,272.26,272.26,272.26,272.26,
2022-03-17,281.193,281.193,281.193,281.193,
2022-03-18,283.29,283.29,283.29,283.29,
2022-03-21,285.26,285.26,285.26,285.26,
2022-03-22,280.71,280.71,280.71,280.71,
2022-03-23,279.893,279.893,279.893,279.893,
2022-03-24,283.34,283.34,283.34,283.34,
2022-03-25,284.65,284.65,284.65,284.65,
2022-03-28,287.25,287.25,287.25,287.25,
2022-03-29,284.029,284.029,284.029,284.029,
2022-03-30,285.506,285.506,285.506,285.506,
2022-03-31,282.04,282.04,282.04,282.04,
2022-04-01,288.244,288.244,288.244,288.244,
2022-04-04,287.013,287.013,287.013,287.013,
2022-04-05,288.067,288.067,288.067,288.067,
2022-04-06,301.215,301.215,301.215,301.215,
2022-04-07,303.766,303.766,303.766,303.766,
2022-04-08,306.977,306.977,306.977,306.977,
2022-04-11,304.288,304.288,304.288,304.288,
2022-04-12,303.421,303.421,303.421,303.421,
2022-04-13,298.093,298.093,298.093,298.093,
2022-04-14,297.295,297.295,297.295,297.295,
2022-04-18,294.301,294.301,294.301,294.301,
2022-04-19,292.519,292.519,292.519,292.519,
2022-04-20,288.491,288.491,288.491,288.491,
2022-04-21,285.231,285.231,285.231,285.231,
2022-04-22,274.515,274.515,274.515,274.515,
2022-04-25,280.887,280.887,280.887,280.887,
2022-04-26,278.553,278.553,278.553,278.553,
2022-04-27,280.779,280.779,280.779,280.779,
2022-04-28,292.775,292.775,292.775,292.775,
2022-04-29,287.713,287.713,287.713,287.713,
2022-05-02,285.181,285.181,285.181,285.181,
2022-05-03,283.714,283.714,283.714,283.714,
2022-05-04,290.441,290.441,290.441,290.441,
2022-05-05,287.949,287.949,287.949,287.949,
2022-05-06,292.41,292.41,292.41,292.41,
2022-05-09,284.856,284.856,284.856,284.856,
2022-05-10,281.38,281.38,281.38,281.38,
2022-05-11,282.355,282.355,282.355,282.355,
2022-05-12,287.388,287.388,287.388,287.388,
2022-05-13,288.188,288.188,288.188,288.188,
2022-05-16,295.847,295.847,295.847,295.847,
2022-05-17,297.843,297.843,297.843,297.843,
2022-05-18,291.706,291.706,291.706,291.706,
2022-05-19,282.891,282.891,282.891,282.891,
2022-05-20,295.323,295.323,295.323,295.323,
2022-05-23,299.029,299.029,299.029,299.029,
2022-05-24,302.349,302.349,302.349,302.349,
2022-05-25,303.386,303.386,303.386,303.386,
2022-05-26,309.76,309.76,309.76,309.76,
2022-05-27,319.662,319.662,319.662,319.662,
2022-05-31,309.741,309.741,309.741,309.741,
2022-06-01,307.408,307.408,307.408,307.408,
2022-06-02,298.861,298.861,298.861,298.861,
2022-06-03,298.09,298.09,298.09,298.09,
2022-06-06,299.78,299.78,299.78,299.78,
2022-06-07,308.416,308.416,308.416,308.416,
2022-06-08,309.79,309.79,309.79,309.79,
2022-06-09,299.671,299.671,299.671,299.671,
2022-06-10,293.505,293.505,293.505,293.505,
2022-06-13,287.842,287.842,287.842,287.842,
2022-06-14,287.358,287.358,287.358,287.358,
2022-06-15,289.532,289.532,289.532,289.532,
2022-06-16,284.67,284.67,284.67,284.67,
2022-06-17,287.467,287.467,287.467,287.467,
2022-06-21,293.831,293.831,293.831,293.831,
2022-06-22,303.07,303.07,303.07,303.07,
2022-06-23,309.029,309.029,309.029,309.029,
2022-06-24,321.777,321.777,321.777,321.777,
2022-06-27,323.407,323.407,323.407,323.407,
2022-06-28,313.871,313.871,313.871,313.871,
2022-06-29,319.188,319.188,319.188,319.188,
2022-06-30,320.403,320.403,320.403,320.403,
2022-07-01,320.878,320.878,320.878,320.878,
2022-07-05,323.318,323.318,323.318,323.318,
2022-07-06,326.253,326.253,326.253,326.253,
2022-07-07,324.079,324.079,324.079,324.079,
2022-07-08,326.57,326.57,326.57,326.57,
2022-07-11,327.162,327.162,327.162,327.162,
2022-07-12,319.771,319.771,319.771,319.771,
2022-07-13,318.654,318.654,318.654,318.654,
2022-07-14,323.032,323.032,323.032,323.032,
2022-07-15,327.686,327.686,327.686,327.686,
2022-07-18,317.972,317.972,317.972,317.972,
2022-07-19,322.35,322.35,322.35,322.35,
2022-07-20,318.229,318.229,318.229,318.229,
2022-07-21,323.062,323.062,323.062,323.062,
2022-07-22,324.87,324.87,324.87,324.87,
2022-07-25,327.637,327.637,327.637,327.637,
2022-07-26,327.647,327.647,327.647,327.647,
2022-07-27,325.058,325.058,325.058,325.058,
2022-07-28,326.896,326.896,326.896,326.896,
2022-07-29,325.799,325.799,325.799,325.799,
2022-08-01,320.324,320.324,320.324,320.324,
2022-08-02,316.421,316.421,316.421,316.421,
2022-08-03,310.126,310.126,310.126,310.126,
2022-08-04,302.181,302.181,302.181,302.181,
2022-08-05,297.764,297.764,297.764,297.764,
2022-08-08,298.93,298.93,298.93,298.93,
2022-08-09,299.444,299.444,299.444,299.444,
2022-08-10,301.015,301.015,301.015,301.015,
2022-08-11,297.615,297.615,297.615,297.615,
2022-08-12,305.438,305.438,305.438,305.438,
2022-08-15,311.247,311.247,311.247,311.247,
2022-08-16,307.649,307.649,307.649,307.649,
2022-08-17,314.103,314.103,314.103,314.103,
2022-08-18,314.004,314.004,314.004,314.004,
2022-08-19,320.002,320.002,320.002,320.002,
2022-08-22,320.329,320.329,320.329,320.329,
2022-08-23,312.398,312.398,312.398,312.398,
2022-08-24,316.135,316.135,316.135,316.135,
2022-08-25,320.369,320.369,320.369,320.369,
2022-08-26,312.854,312.854,312.854,312.854,
2022-08-29,307.49,307.49,307.49,307.49,
2022-08-30,304.407,304.407,304.407,304.407,
2022-08-31,298.647,298.647,298.647,298.647,
2022-09-01,306.479,306.479,306.479,306.479,
2022-09-02,298.746,298.746,298.746,298.746,
2022-09-06,304.189,304.189,304.189,304.189,
2022-09-07,308.928,308.928,308.928,308.928,
2022-09-08,312.794,312.794,312.794,312.794,
2022-09-09,314.975,314.975,314.975,314.975,
2022-09-12,312.517,312.517,312.517,312.517,
2022-09-13,303.851,303.851,303.851,303.851,
2022-09-14,306.955,306.955,306.955,306.955,
2022-09-15,306.816,306.816,306.816,306.816,
2022-09-16,306.241,306.241,306.241,306.241,
2022-09-19,302.473,302.473,302.473,302.473,
2022-09-20,299.142,299.142,299.142,299.142,
2022-09-21,293.937,293.937,293.937,293.937,
2022-09-22,308.204,308.204,308.204,308.204,
2022-09-23,308.789,308.789,308.789,308.789,
2022-09-26,304.863,304.863,304.863,304.863,
2022-09-27,308.432,308.432,308.432,308.432,
2022-09-28,331.512,331.512,331.512,331.512,
2022-09-29,327.18,327.18,327.18,327.18,
2022-09-30,320.577,320.577,320.577,320.577,
2022-10-03,318.792,318.792,318.792,318.792,
2022-10-04,327.061,327.061,327.061,327.061,
2022-10-05,328.934,328.934,328.934,328.934,
2022-10-06,330.094,330.094,330.094,330.094,
2022-10-07,323.858,323.858,323.858,323.858,
2022-10-10,321.112,321.112,321.112,321.112,
2022-10-11,324.79,324.79,324.79,324.79,
2022-10-12,321.786,321.786,321.786,321.786,
2022-10-13,329.252,329.252,329.252,329.252,
2022-10-14,328.548,328.548,328.548,328.548,
2022-10-17,329.906,329.906,329.906,329.906,
2022-10-18,332.157,332.157,332.157,332.157,
2022-10-19,326.466,326.466,326.466,326.466,
2022-10-20,326.248,326.248,326.248,326.248,
2022-10-21,337.847,337.847,337.847,337.847,
2022-10-24,344.916,344.916,344.916,344.916,
2022-10-25,348.297,348.297,348.297,348.297,
2022-10-26,354.791,354.791,354.791,354.791,
2022-10-27,353.274,353.274,353.274,353.274,
2022-10-28,356.813,356.813,356.813,356.813,
2022-10-31,358.985,358.985,358.985,358.985,
2022-11-01,349.556,349.556,349.556,349.556,
2022-11-02,351.916,351.916,351.916,351.916,
2022-11-03,358.578,358.578,358.578,358.578,
2022-11-04,354.345,354.345,354.345,354.345,
2022-11-07,361.939,361.939,361.939,361.939,
2022-11-08,363.515,363.515,363.515,363.515,
2022-11-09,360.154,360.154,360.154,360.154,
2022-11-10,365.558,365.558,365.558,365.558,
2022-11-11,349.278,349.278,349.278,349.278,
2022-11-14,353.991,353.991,353.991,353.991,
2022-11-15,347.916,347.916,347.916,347.916,
2022-11-16,350.879,350.879,350.879,350.879,
2022-11-17,358.674,358.674,358.674,358.674,
2022-11-18,359.568,359.568,359.568,359.568,
2022-11-21,359.071,359.071,359.071,359.071,
2022-11-22,358.783,358.783,358.783,358.783,
2022-11-23,359.618,359.618,359.618,359.618,
2022-11-25,363.128,363.128,363.128,363.128,
2022-11-28,363.645,363.645,363.645,363.645,
2022-11-29,361.835,361.835,361.835,361.835,
2022-11-30,368.924,368.924,368.924,368.924,
2022-12-01,368.178,368.178,368.178,368.178,
2022-12-02,372.582,372.582,372.582,372.582,
2022-12-05,367.144,367.144,367.144,367.144,
2022-12-06,366.398,366.398,366.398,366.398,
2022-12-07,369.809,369.809,369.809,369.809,
2022-12-08,369.63,369.63,369.63,369.63,
2022-12-09,358.892,358.892,358.892,358.892,
2022-12-12,365.116,365.116,365.116,365.116,
2022-12-13,356.576,356.576,356.576,356.576,
2022-12-14,361.388,361.388,361.388,361.388,
2022-12-15,357.918,357.918,357.918,357.918,
2022-12-16,357.779,357.779,357.779,357.779,
2022-12-19,355.701,355.701,355.701,355.701,
2022-12-20,357.55,357.55,357.55,357.55,
2022-12-21,365.872,365.872,365.872,365.872,
2022-12-22,363.187,363.187,363.187,363.187,
2022-12-23,365.762,365.762,365.762,365.762,
2022-12-27,362.76,362.76,362.76,362.76,
2022-12-28,363.098,363.098,363.098,363.098,
