Date,Open,High,Low,Close,Volume
1990-01-02,4.215,4.215,4.215,4.215,
1990-01-03,4.282,4.282,4.282,4.282,
1990-01-04,4.215,4.215,4.215,4.215,
1990-01-05,4.128,4.128,4.128,4.128,
1990-01-08,4.181,4.181,4.181,4.181,
1990-01-09,4.148,4.148,4.148,4.148,
1990-01-10,4.094,4.094,4.094,4.094,
1990-01-11,4.128,4.128,4.128,4.128,
1990-01-12,4.027,4.027,4.027,4.027,
1990-01-15,3.927,3.927,3.927,3.927,
1990-01-16,3.92,3.92,3.92,3.92,
1990-01-17,3.86,3.86,3.86,3.86,
1990-01-18,3.913,3.913,3.913,3.913,
1990-01-19,3.94,3.94,3.94,3.94,
1990-01-22,3.799,3.799,3.799,3.799,
1990-01-23,3.853,3.853,3.853,3.853,
1990-01-24,3.893,3.893,3.893,3.893,
1990-01-25,3.819,3.819,3.819,3.819,
1990-01-26,3.86,3.86,3.86,3.86,
1990-01-29,3.866,3.866,3.866,3.866,
1990-01-30,3.839,3.839,3.839,3.839,
1990-01-31,3.873,3.873,3.873,3.873,
1990-02-01,3.86,3.86,3.86,3.86,
1990-02-02,3.886,3.886,3.886,3.886,
1990-02-05,3.86,3.86,3.86,3.86,
1990-02-06,3.786,3.786,3.786,3.786,
1990-02-07,3.9,3.9,3.9,3.9,
1990-02-08,3.9,3.9,3.9,3.9,
1990-02-09,3.906,3.906,3.906,3.906,
1990-02-12,3.866,3.866,3.866,3.866,
1990-02-13,3.819,3.819,3.819,3.819,
1990-02-14,3.819,3.819,3.819,3.819,
1990-02-15,3.9,3.9,3.9,3.9,
1990-02-16,3.833,3.833,3.833,3.833,
1990-02-20,3.799,3.799,3.799,3.799,
1990-02-21,3.766,3.766,3.766,3.766,
1990-02-22,3.739,3.739,3.739,3.739,
1990-02-23,3.645,3.645,3.645,3.645,
1990-02-26,3.672,3.672,3.672,3.672,
1990-02-27,3.699,3.699,3.699,3.699,
1990-02-28,3.665,3.665,3.665,3.665,
1990-03-01,3.705,3.705,3.705,3.705,
1990-03-02,3.732,3.732,3.732,3.732,
1990-03-05,3.73,3.73,3.73,3.73,
1990-03-06,3.804,3.804,3.804,3.804,
1990-03-07,3.75,3.75,3.75,3.75,
1990-03-08,3.723,3.723,3.723,3.723,
1990-03-09,3.696,3.696,3.696,3.696,
1990-03-12,3.696,3.696,3.696,3.696,
1990-03-13,3.622,3.622,3.622,3.622,
1990-03-14,3.682,3.682,3.682,3.682,
1990-03-15,3.723,3.723,3.723,3.723,
1990-03-16,3.817,3.817,3.817,3.817,
1990-03-19,3.824,3.824,3.824,3.824,
1990-03-20,3.77,3.77,3.77,3.77,
1990-03-21,3.73,3.73,3.73,3.73,
1990-03-22,3.709,3.709,3.709,3.709,
1990-03-23,3.757,3.757,3.757,3.757,
1990-03-26,3.763,3.763,3.763,3.763,
1990-03-27,3.851,3.851,3.851,3.851,
1990-03-28,3.878,3.878,3.878,3.878,
1990-03-29,3.831,3.831,3.831,3.831,
1990-03-30,3.75,3.75,3.75,3.75,
1990-04-02,3.797,3.797,3.797,3.797,
1990-04-03,3.864,3.864,3.864,3.864,
1990-04-04,3.844,3.844,3.844,3.844,
1990-04-05,3.891,3.891,3.891,3.891,
1990-04-06,3.925,3.925,3.925,3.925,
1990-04-09,3.959,3.959,3.959,3.959,
1990-04-10,3.979,3.979,3.979,3.979,
1990-04-11,3.986,3.986,3.986,3.986,
1990-04-12,4.033,4.033,4.033,4.033,
1990-04-16,3.993,3.993,3.993,3.993,
1990-04-17,3.979,3.979,3.979,3.979,
1990-04-18,4.013,4.013,4.013,4.013,
1990-04-19,4.026,4.026,4.026,4.026,
1990-04-20,4.013,4.013,4.013,4.013,
1990-04-23,3.959,3.959,3.959,3.959,
1990-04-24,3.898,3.898,3.898,3.898,
1990-04-25,3.912,3.912,3.912,3.912,
1990-04-26,3.952,3.952,3.952,3.952,
1990-04-27,3.898,3.898,3.898,3.898,
1990-04-30,3.952,3.952,3.952,3.952,
1990-05-01,3.952,3.952,3.952,3.952,
1990-05-02,3.972,3.972,3.972,3.972,
1990-05-03,3.966,3.966,3.966,3.966,
1990-05-04,3.972,3.972,3.972,3.972,
1990-05-07,3.993,3.993,3.993,3.993,
1990-05-08,4.006,4.006,4.006,4.006,
1990-05-09,4.033,4.033,4.033,4.033,
1990-05-10,4.08,4.08,4.08,4.08,
1990-05-11,4.168,4.168,4.168,4.168,
1990-05-14,4.222,4.222,4.222,4.222,
1990-05-15,4.222,4.222,4.222,4.222,
1990-05-16,4.229,4.229,4.229,4.229,
1990-05-17,4.296,4.296,4.296,4.296,
1990-05-18,4.276,4.276,4.276,4.276,
1990-05-21,4.397,4.397,4.397,4.397,
1990-05-22,4.397,4.397,4.397,4.397,
1990-05-23,4.417,4.417,4.417,4.417,
1990-05-24,4.451,4.451,4.451,4.451,
1990-05-25,4.532,4.532,4.532,4.532,
1990-05-29,4.516,4.516,4.516,4.516,
1990-05-30,4.502,4.502,4.502,4.502,
1990-05-31,4.489,4.489,4.489,4.489,
1990-06-01,4.557,4.557,4.557,4.557,
1990-06-04,4.57,4.57,4.57,4.57,
1990-06-05,4.543,4.543,4.543,4.543,
1990-06-06,4.489,4.489,4.489,4.489,
1990-06-07,4.421,4.421,4.421,4.421,
1990-06-08,4.34,4.34,4.34,4.34,
1990-06-11,4.38,4.38,4.38,4.38,
1990-06-12,4.523,4.523,4.523,4.523,
1990-06-13,4.509,4.509,4.509,4.509,
1990-06-14,4.496,4.496,4.496,4.496,
1990-06-15,4.496,4.496,4.496,4.496,
1990-06-18,4.421,4.421,4.421,4.421,
1990-06-19,4.421,4.421,4.421,4.421,
1990-06-20,4.462,4.462,4.462,4.462,
1990-06-21,4.536,4.536,4.536,4.536,
1990-06-22,4.435,4.435,4.435,4.435,
1990-06-25,4.462,4.462,4.462,4.462,
1990-06-26,4.496,4.496,4.496,4.496,
1990-06-27,4.57,4.57,4.57,4.57,
1990-06-28,4.672,4.672,4.672,4.672,
1990-06-29,4.706,4.706,4.706,4.706,
1990-07-02,4.719,4.719,4.719,4.719,
1990-07-03,4.753,4.753,4.753,4.753,
1990-07-05,4.672,4.672,4.672,4.672,
1990-07-06,4.692,4.692,4.692,4.692,
1990-07-09,4.692,4.692,4.692,4.692,
1990-07-10,4.685,4.685,4.685,4.685,
1990-07-11,4.787,4.787,4.787,4.787,
1990-07-12,4.787,4.787,4.787,4.787,
1990-07-13,4.821,4.821,4.821,4.821,
1990-07-16,4.868,4.868,4.868,4.868,
1990-07-17,4.882,4.882,4.882,4.882,
1990-07-18,4.889,4.889,4.889,4.889,
1990-07-19,4.896,4.896,4.896,4.896,
1990-07-20,4.882,4.882,4.882,4.882,
1990-07-23,4.801,4.801,4.801,4.801,
1990-07-24,4.801,4.801,4.801,4.801,
1990-07-25,4.828,4.828,4.828,4.828,
1990-07-26,4.875,4.875,4.875,4.875,
1990-07-27,4.787,4.787,4.787,4.787,
1990-07-30,4.855,4.855,4.855,4.855,
1990-07-31,4.835,4.835,4.835,4.835,
1990-08-01,4.875,4.875,4.875,4.875,
1990-08-02,4.733,4.733,4.733,4.733,
1990-08-03,4.638,4.638,4.638,4.638,
1990-08-06,4.475,4.475,4.475,4.475,
1990-08-07,4.502,4.502,4.502,4.502,
1990-08-08,4.618,4.618,4.618,4.618,
1990-08-09,4.665,4.665,4.665,4.665,
1990-08-10,4.597,4.597,4.597,4.597,
1990-08-13,4.713,4.713,4.713,4.713,
1990-08-14,4.719,4.719,4.719,4.719,
1990-08-15,4.767,4.767,4.767,4.767,
1990-08-16,4.543,4.543,4.543,4.543,
1990-08-17,4.455,4.455,4.455,4.455,
1990-08-20,4.468,4.468,4.468,4.468,
1990-08-21,4.407,4.407,4.407,4.407,
1990-08-22,4.258,4.258,4.258,4.258,
1990-08-23,4.15,4.15,4.15,4.15,
1990-08-24,4.211,4.211,4.211,4.211,
1990-08-27,4.394,4.394,4.394,4.394,
1990-08-28,4.418,4.418,4.418,4.418,
1990-08-29,4.479,4.479,4.479,4.479,
1990-08-30,4.37,4.37,4.37,4.37,
1990-08-31,4.459,4.459,4.459,4.459,
1990-09-04,4.452,4.452,4.452,4.452,
1990-09-05,4.438,4.438,4.438,4.438,
1990-09-06,4.363,4.363,4.363,4.363,
1990-09-07,4.431,4.431,4.431,4.431,
1990-09-10,4.424,4.424,4.424,4.424,
1990-09-11,4.445,4.445,4.445,4.445,
1990-09-12,4.431,4.431,4.431,4.431,
1990-09-13,4.37,4.37,4.37,4.37,
1990-09-14,4.383,4.383,4.383,4.383,
1990-09-17,4.377,4.377,4.377,4.377,
1990-09-18,4.37,4.37,4.37,4.37,
1990-09-19,4.199,4.199,4.199,4.199,
1990-09-20,4.138,4.138,4.138,4.138,
1990-09-21,4.131,4.131,4.131,4.131,
1990-09-24,4.022,4.022,4.022,4.022,
1990-09-25,4.104,4.104,4.104,4.104,
1990-09-26,4.049,4.049,4.049,4.049,
1990-09-27,4.001,4.001,4.001,4.001,
1990-09-28,4.158,4.158,4.158,4.158,
1990-10-01,4.383,4.383,4.383,4.383,
1990-10-02,4.329,4.329,4.329,4.329,
1990-10-03,4.295,4.295,4.295,4.295,
1990-10-04,4.288,4.288,4.288,4.288,
1990-10-05,4.254,4.254,4.254,4.254,
1990-10-08,4.281,4.281,4.281,4.281,
1990-10-09,4.104,4.104,4.104,4.104,
1990-10-10,4.151,4.151,4.151,4.151,
1990-10-11,4.11,4.11,4.11,4.11,
1990-10-12,4.22,4.22,4.22,4.22,
1990-10-15,4.288,4.288,4.288,4.288,
1990-10-16,4.254,4.254,4.254,4.254,
1990-10-17,4.288,4.288,4.288,4.288,
1990-10-18,4.377,4.377,4.377,4.377,
1990-10-19,4.411,4.411,4.411,4.411,
1990-10-22,4.493,4.493,4.493,4.493,
1990-10-23,4.445,4.445,4.445,4.445,
1990-10-24,4.472,4.472,4.472,4.472,
1990-10-25,4.459,4.459,4.459,4.459,
1990-10-26,4.322,4.322,4.322,4.322,
1990-10-29,4.274,4.274,4.274,4.274,
1990-10-30,4.302,4.302,4.302,4.302,
1990-10-31,4.199,4.199,4.199,4.199,
1990-11-01,4.233,4.233,4.233,4.233,
1990-11-02,4.267,4.267,4.267,4.267,
1990-11-05,4.329,4.329,4.329,4.329,
1990-11-06,4.329,4.329,4.329,4.329,
1990-11-07,4.274,4.274,4.274,4.274,
1990-11-08,4.288,4.288,4.288,4.288,
1990-11-09,4.397,4.397,4.397,4.397,
1990-11-12,4.5,4.5,4.5,4.5,
1990-11-13,4.513,4.513,4.513,4.513,
1990-11-14,4.609,4.609,4.609,4.609,
1990-11-15,4.622,4.622,4.622,4.622,
1990-11-16,4.643,4.643,4.643,4.643,
1990-11-19,4.67,4.67,4.67,4.67,
1990-11-20,4.629,4.629,4.629,4.629,
1990-11-21,4.609,4.609,4.609,4.609,
1990-11-23,4.581,4.581,4.581,4.581,
1990-11-26,4.636,4.636,4.636,4.636,
1990-11-27,4.65,4.65,4.65,4.65,
1990-11-28,4.602,4.602,4.602,4.602,
1990-11-29,4.581,4.581,4.581,4.581,
1990-11-30,4.711,4.711,4.711,4.711,
1990-12-03,4.694,4.694,4.694,4.694,
1990-12-04,4.728,4.728,4.728,4.728,
1990-12-05,4.756,4.756,4.756,4.756,
1990-12-06,4.783,4.783,4.783,4.783,
1990-12-07,4.763,4.763,4.763,4.763,
1990-12-10,4.763,4.763,4.763,4.763,
1990-12-11,4.742,4.742,4.742,4.742,
1990-12-12,4.866,4.866,4.866,4.866,
1990-12-13,4.845,4.845,4.845,4.845,
1990-12-14,4.763,4.763,4.763,4.763,
1990-12-17,4.742,4.742,4.742,4.742,
1990-12-18,4.783,4.783,4.783,4.783,
1990-12-19,4.742,4.742,4.742,4.742,
1990-12-20,4.735,4.735,4.735,4.735,
1990-12-21,4.818,4.818,4.818,4.818,
1990-12-24,4.79,4.79,4.79,4.79,
1990-12-26,4.859,4.859,4.859,4.859,
1990-12-27,4.845,4.845,4.845,4.845,
1990-12-28,4.873,4.873,4.873,4.873,
1990-12-31,4.941,4.941,4.941,4.941,
1991-01-02,4.921,4.921,4.921,4.921,
1991-01-03,4.763,4.763,4.763,4.763,
1991-01-04,4.687,4.687,4.687,4.687,
1991-01-07,4.563,4.563,4.563,4.563,
1991-01-08,4.577,4.577,4.577,4.577,
1991-01-09,4.522,4.522,4.522,4.522,
1991-01-10,4.584,4.584,4.584,4.584,
1991-01-11,4.598,4.598,4.598,4.598,
1991-01-14,4.556,4.556,4.556,4.556,
1991-01-15,4.591,4.591,4.591,4.591,
1991-01-16,4.659,4.659,4.659,4.659,
1991-01-17,4.831,4.831,4.831,4.831,
1991-01-18,4.866,4.866,4.866,4.866,
1991-01-21,4.818,4.818,4.818,4.818,
1991-01-22,4.818,4.818,4.818,4.818,
1991-01-23,4.9,4.9,4.9,4.9,
1991-01-24,4.941,4.941,4.941,4.941,
1991-01-25,4.914,4.914,4.914,4.914,
1991-01-28,4.907,4.907,4.907,4.907,
1991-01-29,4.928,4.928,4.928,4.928,
1991-01-30,5.037,5.037,5.037,5.037,
1991-01-31,5.031,5.031,5.031,5.031,
1991-02-01,5.065,5.065,5.065,5.065,
1991-02-04,5.196,5.196,5.196,5.196,
1991-02-05,5.278,5.278,5.278,5.278,
1991-02-06,5.36,5.36,5.36,5.36,
1991-02-07,5.251,5.251,5.251,5.251,
1991-02-08,5.36,5.36,5.36,5.36,
1991-02-11,5.519,5.519,5.519,5.519,
1991-02-12,5.415,5.415,5.415,5.415,
1991-02-13,5.422,5.422,5.422,5.422,
1991-02-14,5.367,5.367,5.367,5.367,
1991-02-15,5.608,5.608,5.608,5.608,
1991-02-19,5.629,5.629,5.629,5.629,
1991-02-20,5.539,5.539,5.539,5.539,
1991-02-21,5.553,5.553,5.553,5.553,
1991-02-22,5.594,5.594,5.594,5.594,
1991-02-25,5.677,5.677,5.677,5.677,
1991-02-26,5.594,5.594,5.594,5.594,
1991-02-27,5.67,5.67,5.67,5.67,
1991-02-28,5.615,5.615,5.615,5.615,
1991-03-01,5.622,5.622,5.622,5.622,
1991-03-04,5.694,5.694,5.694,5.694,
1991-03-05,5.749,5.749,5.749,5.749,
1991-03-06,5.715,5.715,5.715,5.715,
1991-03-07,5.763,5.763,5.763,5.763,
1991-03-08,5.839,5.839,5.839,5.839,
1991-03-11,5.901,5.901,5.901,5.901,
1991-03-12,5.832,5.832,5.832,5.832,
1991-03-13,5.86,5.86,5.86,5.86,
1991-03-14,5.964,5.964,5.964,5.964,
1991-03-15,5.97,5.97,5.97,5.97,
1991-03-18,5.853,5.853,5.853,5.853,
1991-03-19,5.611,5.611,5.611,5.611,
1991-03-20,5.736,5.736,5.736,5.736,
1991-03-21,5.694,5.694,5.694,5.694,
1991-03-22,5.736,5.736,5.736,5.736,
1991-03-25,5.77,5.77,5.77,5.77,
1991-03-26,5.977,5.977,5.977,5.977,
1991-03-27,5.894,5.894,5.894,5.894,
1991-03-28,5.832,5.832,5.832,5.832,
1991-04-01,5.832,5.832,5.832,5.832,
1991-04-02,6.012,6.012,6.012,6.012,
1991-04-03,5.998,5.998,5.998,5.998,
1991-04-04,5.991,5.991,5.991,5.991,
1991-04-05,5.901,5.901,5.901,5.901,
1991-04-08,5.97,5.97,5.97,5.97,
1991-04-09,5.894,5.894,5.894,5.894,
1991-04-10,5.894,5.894,5.894,5.894,
1991-04-11,5.984,5.984,5.984,5.984,
1991-04-12,5.998,5.998,5.998,5.998,
1991-04-15,6.06,6.06,6.06,6.06,
1991-04-16,6.247,6.247,6.247,6.247,
1991-04-17,6.344,6.344,6.344,6.344,
1991-04-18,6.281,6.281,6.281,6.281,
1991-04-19,6.136,6.136,6.136,6.136,
1991-04-22,6.074,6.074,6.074,6.074,
1991-04-23,6.074,6.074,6.074,6.074,
1991-04-24,6.04,6.04,6.04,6.04,
1991-04-25,6.06,6.06,6.06,6.06,
1991-04-26,6.026,6.026,6.026,6.026,
1991-04-29,5.957,5.957,5.957,5.957,
1991-04-30,5.957,5.957,5.957,5.957,
1991-05-01,6.164,6.164,6.164,6.164,
1991-05-02,6.24,6.24,6.24,6.24,
1991-05-03,6.378,6.378,6.378,6.378,
1991-05-06,6.433,6.433,6.433,6.433,
1991-05-07,6.496,6.496,6.496,6.496,
1991-05-08,6.468,6.468,6.468,6.468,
1991-05-09,6.572,6.572,6.572,6.572,
1991-05-10,6.544,6.544,6.544,6.544,
1991-05-13,6.551,6.551,6.551,6.551,
1991-05-14,6.482,6.482,6.482,6.482,
1991-05-15,6.454,6.454,6.454,6.454,
1991-05-16,6.544,6.544,6.544,6.544,
1991-05-17,6.579,6.579,6.579,6.579,
1991-05-20,6.613,6.613,6.613,6.613,
1991-05-21,6.738,6.738,6.738,6.738,
1991-05-22,6.724,6.724,6.724,6.724,
1991-05-23,6.696,6.696,6.696,6.696,
1991-05-24,6.682,6.682,6.682,6.682,
1991-05-28,6.744,6.744,6.744,6.744,
1991-05-29,6.717,6.717,6.717,6.717,
1991-05-30,6.661,6.661,6.661,6.661,
1991-05-31,6.572,6.572,6.572,6.572,
1991-06-03,6.45,6.45,6.45,6.45,
1991-06-04,6.478,6.478,6.478,6.478,
1991-06-05,6.457,6.457,6.457,6.457,
1991-06-06,6.381,6.381,6.381,6.381,
1991-06-07,6.367,6.367,6.367,6.367,
1991-06-10,6.346,6.346,6.346,6.346,
1991-06-11,6.415,6.415,6.415,6.415,
1991-06-12,6.464,6.464,6.464,6.464,
1991-06-13,6.429,6.429,6.429,6.429,
1991-06-14,6.568,6.568,6.568,6.568,
1991-06-17,6.561,6.561,6.561,6.561,
1991-06-18,6.471,6.471,6.471,6.471,
1991-06-19,6.422,6.422,6.422,6.422,
1991-06-20,6.436,6.436,6.436,6.436,
1991-06-21,6.457,6.457,6.457,6.457,
1991-06-24,6.353,6.353,6.353,6.353,
1991-06-25,6.478,6.478,6.478,6.478,
1991-06-26,6.533,6.533,6.533,6.533,
1991-06-27,6.582,6.582,6.582,6.582,
1991-06-28,6.45,6.45,6.45,6.45,
1991-07-01,6.624,6.624,6.624,6.624,
1991-07-02,6.631,6.631,6.631,6.631,
1991-07-03,6.513,6.513,6.513,6.513,
1991-07-05,6.533,6.533,6.533,6.533,
1991-07-08,6.637,6.637,6.637,6.637,
1991-07-09,6.547,6.547,6.547,6.547,
1991-07-10,6.526,6.526,6.526,6.526,
1991-07-11,6.575,6.575,6.575,6.575,
1991-07-12,6.658,6.658,6.658,6.658,
1991-07-15,6.756,6.756,6.756,6.756,
1991-07-16,6.721,6.721,6.721,6.721,
1991-07-17,6.707,6.707,6.707,6.707,
1991-07-18,6.749,6.749,6.749,6.749,
1991-07-19,6.728,6.728,6.728,6.728,
1991-07-22,6.707,6.707,6.707,6.707,
1991-07-23,6.679,6.679,6.679,6.679,
1991-07-24,6.735,6.735,6.735,6.735,
1991-07-25,6.839,6.839,6.839,6.839,
1991-07-26,6.846,6.846,6.846,6.846,
1991-07-29,6.929,6.929,6.929,6.929,
1991-07-30,7.075,7.075,7.075,7.075,
1991-07-31,7.151,7.151,7.151,7.151,
1991-08-01,7.123,7.123,7.123,7.123,
1991-08-02,7.089,7.089,7.089,7.089,
1991-08-05,7.019,7.019,7.019,7.019,
1991-08-06,7.117,7.117,7.117,7.117,
1991-08-07,7.13,7.13,7.13,7.13,
1991-08-08,7.082,7.082,7.082,7.082,
1991-08-09,7.026,7.026,7.026,7.026,
1991-08-12,7.054,7.054,7.054,7.054,
1991-08-13,7.054,7.054,7.054,7.054,
1991-08-14,7.019,7.019,7.019,7.019,
1991-08-15,6.985,6.985,6.985,6.985,
1991-08-16,6.936,6.936,6.936,6.936,
1991-08-19,6.818,6.818,6.818,6.818,
1991-08-20,6.818,6.818,6.818,6.818,
1991-08-21,7.019,7.019,7.019,7.019,
1991-08-22,7.012,7.012,7.012,7.012,
1991-08-23,6.992,6.992,6.992,6.992,
1991-08-26,6.978,6.978,6.978,6.978,
1991-08-27,6.95,6.95,6.95,6.95,
1991-08-28,7.103,7.103,7.103,7.103,
1991-08-29,7.144,7.144,7.144,7.144,
1991-08-30,7.082,7.082,7.082,7.082,
1991-09-03,7.061,7.061,7.061,7.061,
1991-09-04,7.019,7.019,7.019,7.019,
1991-09-05,7.047,7.047,7.047,7.047,
1991-09-06,7.096,7.096,7.096,7.096,
1991-09-09,7.228,7.228,7.228,7.228,
1991-09-10,7.193,7.193,7.193,7.193,
1991-09-11,7.27,7.27,7.27,7.27,
1991-09-12,7.298,7.298,7.298,7.298,
1991-09-13,7.186,7.186,7.186,7.186,
1991-09-16,7.235,7.235,7.235,7.235,
1991-09-17,7.354,7.354,7.354,7.354,
1991-09-18,7.34,7.34,7.34,7.34,
1991-09-19,7.354,7.354,7.354,7.354,
1991-09-20,7.396,7.396,7.396,7.396,
1991-09-23,7.277,7.277,7.277,7.277,
1991-09-24,7.326,7.326,7.326,7.326,
1991-09-25,7.249,7.249,7.249,7.249,
1991-09-26,7.256,7.256,7.256,7.256,
1991-09-27,7.186,7.186,7.186,7.186,
1991-09-30,7.263,7.263,7.263,7.263,
1991-10-01,7.319,7.319,7.319,7.319,
1991-10-02,7.277,7.277,7.277,7.277,
1991-10-03,7.242,7.242,7.242,7.242,
1991-10-04,7.228,7.228,7.228,7.228,
1991-10-07,7.145,7.145,7.145,7.145,
1991-10-08,7.152,7.152,7.152,7.152,
1991-10-09,7.117,7.117,7.117,7.117,
1991-10-10,7.117,7.117,7.117,7.117,
1991-10-11,7.193,7.193,7.193,7.193,
1991-10-14,7.277,7.277,7.277,7.277,
1991-10-15,7.298,7.298,7.298,7.298,
1991-10-16,7.298,7.298,7.298,7.298,
1991-10-17,7.256,7.256,7.256,7.256,
1991-10-18,7.368,7.368,7.368,7.368,
1991-10-21,7.34,7.34,7.34,7.34,
1991-10-22,7.284,7.284,7.284,7.284,
1991-10-23,7.389,7.389,7.389,7.389,
1991-10-24,7.396,7.396,7.396,7.396,
1991-10-25,7.298,7.298,7.298,7.298,
1991-10-28,7.493,7.493,7.493,7.493,
1991-10-29,7.445,7.445,7.445,7.445,
1991-10-30,7.431,7.431,7.431,7.431,
1991-10-31,7.661,7.661,7.661,7.661,
1991-11-01,7.605,7.605,7.605,7.605,
1991-11-04,7.647,7.647,7.647,7.647,
1991-11-05,7.703,7.703,7.703,7.703,
1991-11-06,7.668,7.668,7.668,7.668,
1991-11-07,7.668,7.668,7.668,7.668,
1991-11-08,7.598,7.598,7.598,7.598,
1991-11-11,7.563,7.563,7.563,7.563,
1991-11-12,7.8,7.8,7.8,7.8,
1991-11-13,7.954,7.954,7.954,7.954,
1991-11-14,8.073,8.073,8.073,8.073,
1991-11-15,7.647,7.647,7.647,7.647,
1991-11-18,7.877,7.877,7.877,7.877,
1991-11-19,7.752,7.752,7.752,7.752,
1991-11-20,8.093,8.093,8.093,8.093,
1991-11-21,8.066,8.066,8.066,8.066,
1991-11-22,8.045,8.045,8.045,8.045,
1991-11-25,8.107,8.107,8.107,8.107,
1991-11-26,7.996,7.996,7.996,7.996,
1991-11-27,8.031,8.031,8.031,8.031,
1991-11-29,8.17,8.17,8.17,8.17,
1991-12-02,8.304,8.304,8.304,8.304,
1991-12-03,8.423,8.423,8.423,8.423,
1991-12-04,8.444,8.444,8.444,8.444,
1991-12-05,8.374,8.374,8.374,8.374,
1991-12-06,8.465,8.465,8.465,8.465,
1991-12-09,8.486,8.486,8.486,8.486,
1991-12-10,8.451,8.451,8.451,8.451,
1991-12-11,8.381,8.381,8.381,8.381,
1991-12-12,8.367,8.367,8.367,8.367,
1991-12-13,8.353,8.353,8.353,8.353,
1991-12-16,8.409,8.409,8.409,8.409,
1991-12-17,8.486,8.486,8.486,8.486,
1991-12-18,8.528,8.528,8.528,8.528,
1991-12-19,8.605,8.605,8.605,8.605,
1991-12-20,8.675,8.675,8.675,8.675,
1991-12-23,8.969,8.969,8.969,8.969,
1991-12-24,8.906,8.906,8.906,8.906,
1991-12-26,9.201,9.201,9.201,9.201,
1991-12-27,9.271,9.271,9.271,9.271,
1991-12-30,9.32,9.32,9.32,9.32,
1991-12-31,9.334,9.334,9.334,9.334,
1992-01-02,9.327,9.327,9.327,9.327,
1992-01-03,9.467,9.467,9.467,9.467,
1992-01-06,9.376,9.376,9.376,9.376,
1992-01-07,9.348,9.348,9.348,9.348,
1992-01-08,9.348,9.348,9.348,9.348,
1992-01-09,9.334,9.334,9.334,9.334,
1992-01-10,9.138,9.138,9.138,9.138,
1992-01-13,8.976,8.976,8.976,8.976,
1992-01-14,8.976,8.976,8.976,8.976,
1992-01-15,8.752,8.752,8.752,8.752,
1992-01-16,8.64,8.64,8.64,8.64,
1992-01-17,8.619,8.619,8.619,8.619,
1992-01-20,8.605,8.605,8.605,8.605,
1992-01-21,8.493,8.493,8.493,8.493,
1992-01-22,8.682,8.682,8.682,8.682,
1992-01-23,8.689,8.689,8.689,8.689,
1992-01-24,8.605,8.605,8.605,8.605,
1992-01-27,8.521,8.521,8.521,8.521,
1992-01-28,8.577,8.577,8.577,8.577,
1992-01-29,8.542,8.542,8.542,8.542,
1992-01-30,8.703,8.703,8.703,8.703,
1992-01-31,8.808,8.808,8.808,8.808,
1992-02-03,8.654,8.654,8.654,8.654,
1992-02-04,8.906,8.906,8.906,8.906,
1992-02-05,8.864,8.864,8.864,8.864,
1992-02-06,8.745,8.745,8.745,8.745,
1992-02-07,8.605,8.605,8.605,8.605,
1992-02-10,8.619,8.619,8.619,8.619,
1992-02-11,8.626,8.626,8.626,8.626,
1992-02-12,8.612,8.612,8.612,8.612,
1992-02-13,8.465,8.465,8.465,8.465,
1992-02-14,8.311,8.311,8.311,8.311,
1992-02-18,8.185,8.185,8.185,8.185,
1992-02-19,8.079,8.079,8.079,8.079,
1992-02-20,8.255,8.255,8.255,8.255,
1992-02-21,8.199,8.199,8.199,8.199,
1992-02-24,8.381,8.381,8.381,8.381,
1992-02-25,8.549,8.549,8.549,8.549,
1992-02-26,8.892,8.892,8.892,8.892,
1992-02-27,8.878,8.878,8.878,8.878,
1992-02-28,8.836,8.836,8.836,8.836,
1992-03-02,8.833,8.833,8.833,8.833,
1992-03-03,8.664,8.664,8.664,8.664,
1992-03-04,8.516,8.516,8.516,8.516,
1992-03-05,8.516,8.516,8.516,8.516,
1992-03-06,8.446,8.446,8.446,8.446,
1992-03-09,8.523,8.523,8.523,8.523,
1992-03-10,8.565,8.565,8.565,8.565,
1992-03-11,8.467,8.467,8.467,8.467,
1992-03-12,8.305,8.305,8.305,8.305,
1992-03-13,8.319,8.319,8.319,8.319,
1992-03-16,8.305,8.305,8.305,8.305,
1992-03-17,8.432,8.432,8.432,8.432,
1992-03-18,8.333,8.333,8.333,8.333,
1992-03-19,8.347,8.347,8.347,8.347,
1992-03-20,8.284,8.284,8.284,8.284,
1992-03-23,8.291,8.291,8.291,8.291,
1992-03-24,8.446,8.446,8.446,8.446,
1992-03-25,8.446,8.446,8.446,8.446,
1992-03-26,8.333,8.333,8.333,8.333,
1992-03-27,8.213,8.213,8.213,8.213,
1992-03-30,8.277,8.277,8.277,8.277,
1992-03-31,8.284,8.284,8.284,8.284,
1992-04-01,8.425,8.425,8.425,8.425,
1992-04-02,8.291,8.291,8.291,8.291,
1992-04-03,8.326,8.326,8.326,8.326,
1992-04-06,8.411,8.411,8.411,8.411,
1992-04-07,8.256,8.256,8.256,8.256,
1992-04-08,8.249,8.249,8.249,8.249,
1992-04-09,8.453,8.453,8.453,8.453,
1992-04-10,8.579,8.579,8.579,8.579,
1992-04-13,8.629,8.629,8.629,8.629,
1992-04-14,8.741,8.741,8.741,8.741,
1992-04-15,8.516,8.516,8.516,8.516,
1992-04-16,8.382,8.382,8.382,8.382,
1992-04-20,8.129,8.129,8.129,8.129,
1992-04-21,8.164,8.164,8.164,8.164,
1992-04-22,8.03,8.03,8.03,8.03,
1992-04-23,7.869,7.869,7.869,7.869,
1992-04-24,7.911,7.911,7.911,7.911,
1992-04-27,7.953,7.953,7.953,7.953,
1992-04-28,7.946,7.946,7.946,7.946,
1992-04-29,8.094,8.094,8.094,8.094,
1992-04-30,8.164,8.164,8.164,8.164,
1992-05-01,8.101,8.101,8.101,8.101,
1992-05-04,8.305,8.305,8.305,8.305,
1992-05-05,8.319,8.319,8.319,8.319,
1992-05-06,8.256,8.256,8.256,8.256,
1992-05-07,8.333,8.333,8.333,8.333,
1992-05-08,8.347,8.347,8.347,8.347,
1992-05-11,8.396,8.396,8.396,8.396,
1992-05-12,8.333,8.333,8.333,8.333,
1992-05-13,8.326,8.326,8.326,8.326,
1992-05-14,8.213,8.213,8.213,8.213,
1992-05-15,8.157,8.157,8.157,8.157,
1992-05-18,8.199,8.199,8.199,8.199,
1992-05-19,8.389,8.389,8.389,8.389,
1992-05-20,8.354,8.354,8.354,8.354,
1992-05-21,8.333,8.333,8.333,8.333,
1992-05-22,8.594,8.594,8.594,8.594,
1992-05-26,8.382,8.382,8.382,8.382,
1992-05-27,8.361,8.361,8.361,8.361,
1992-05-28,8.615,8.615,8.615,8.615,
1992-05-29,8.509,8.509,8.509,8.509,
1992-06-01,8.678,8.678,8.678,8.678,
1992-06-02,8.42,8.42,8.42,8.42,
1992-06-03,8.42,8.42,8.42,8.42,
1992-06-04,8.463,8.463,8.463,8.463,
1992-06-05,8.378,8.378,8.378,8.378,
1992-06-08,8.335,8.335,8.335,8.335,
1992-06-09,8.272,8.272,8.272,8.272,
1992-06-10,8.144,8.144,8.144,8.144,
1992-06-11,8.356,8.356,8.356,8.356,
1992-06-12,8.356,8.356,8.356,8.356,
1992-06-15,8.314,8.314,8.314,8.314,
1992-06-16,8.272,8.272,8.272,8.272,
1992-06-17,8.017,8.017,8.017,8.017,
1992-06-18,8.102,8.102,8.102,8.102,
1992-06-19,8.187,8.187,8.187,8.187,
1992-06-22,8.569,8.569,8.569,8.569,
1992-06-23,8.399,8.399,8.399,8.399,
1992-06-24,8.166,8.166,8.166,8.166,
1992-06-25,8.123,8.123,8.123,8.123,
1992-06-26,8.06,8.06,8.06,8.06,
1992-06-29,8.293,8.293,8.293,8.293,
1992-06-30,8.272,8.272,8.272,8.272,
1992-07-01,8.42,8.42,8.42,8.42,
1992-07-02,8.399,8.399,8.399,8.399,
1992-07-06,8.653,8.653,8.653,8.653,
1992-07-07,8.526,8.526,8.526,8.526,
1992-07-08,8.632,8.632,8.632,8.632,
1992-07-09,8.632,8.632,8.632,8.632,
1992-07-10,8.547,8.547,8.547,8.547,
1992-07-13,8.547,8.547,8.547,8.547,
1992-07-14,8.484,8.484,8.484,8.484,
1992-07-15,8.463,8.463,8.463,8.463,
1992-07-16,8.505,8.505,8.505,8.505,
1992-07-17,8.484,8.484,8.484,8.484,
1992-07-20,8.378,8.378,8.378,8.378,
1992-07-21,8.335,8.335,8.335,8.335,
1992-07-22,8.378,8.378,8.378,8.378,
1992-07-23,8.335,8.335,8.335,8.335,
1992-07-24,8.356,8.356,8.356,8.356,
1992-07-27,8.632,8.632,8.632,8.632,
1992-07-28,8.653,8.653,8.653,8.653,
1992-07-29,8.696,8.696,8.696,8.696,
1992-07-30,8.802,8.802,8.802,8.802,
1992-07-31,8.802,8.802,8.802,8.802,
1992-08-03,8.972,8.972,8.972,8.972,
1992-08-04,9.014,9.014,9.014,9.014,
1992-08-05,8.929,8.929,8.929,8.929,
1992-08-06,8.823,8.823,8.823,8.823,
1992-08-07,8.844,8.844,8.844,8.844,
1992-08-10,8.823,8.823,8.823,8.823,
1992-08-11,8.823,8.823,8.823,8.823,
1992-08-12,8.717,8.717,8.717,8.717,
1992-08-13,8.823,8.823,8.823,8.823,
1992-08-14,8.972,8.972,8.972,8.972,
1992-08-17,8.823,8.823,8.823,8.823,
1992-08-18,8.844,8.844,8.844,8.844,
1992-08-19,8.759,8.759,8.759,8.759,
1992-08-20,8.781,8.781,8.781,8.781,
1992-08-21,8.611,8.611,8.611,8.611,
1992-08-24,8.547,8.547,8.547,8.547,
1992-08-25,8.653,8.653,8.653,8.653,
1992-08-26,8.632,8.632,8.632,8.632,
1992-08-27,8.463,8.463,8.463,8.463,
1992-08-28,8.378,8.378,8.378,8.378,
1992-08-31,8.292,8.292,8.292,8.292,
1992-09-01,8.228,8.228,8.228,8.228,
1992-09-02,8.186,8.186,8.186,8.186,
1992-09-03,8.228,8.228,8.228,8.228,
1992-09-04,8.356,8.356,8.356,8.356,
1992-09-08,8.228,8.228,8.228,8.228,
1992-09-09,8.207,8.207,8.207,8.207,
1992-09-10,8.164,8.164,8.164,8.164,
1992-09-11,8.186,8.186,8.186,8.186,
1992-09-14,8.292,8.292,8.292,8.292,
1992-09-15,8.101,8.101,8.101,8.101,
1992-09-16,8.015,8.015,8.015,8.015,
1992-09-17,8.015,8.015,8.015,8.015,
1992-09-18,8.079,8.079,8.079,8.079,
1992-09-21,7.93,7.93,7.93,7.93,
1992-09-22,7.951,7.951,7.951,7.951,
1992-09-23,7.973,7.973,7.973,7.973,
1992-09-24,7.781,7.781,7.781,7.781,
1992-09-25,7.461,7.461,7.461,7.461,
1992-09-28,7.376,7.376,7.376,7.376,
1992-09-29,7.504,7.504,7.504,7.504,
1992-09-30,7.589,7.589,7.589,7.589,
1992-10-01,7.525,7.525,7.525,7.525,
1992-10-02,7.333,7.333,7.333,7.333,
1992-10-05,7.312,7.312,7.312,7.312,
1992-10-06,7.227,7.227,7.227,7.227,
1992-10-07,7.227,7.227,7.227,7.227,
1992-10-08,7.205,7.205,7.205,7.205,
1992-10-09,7.013,7.013,7.013,7.013,
1992-10-12,7.12,7.12,7.12,7.12,
1992-10-13,7.269,7.269,7.269,7.269,
1992-10-14,7.418,7.418,7.418,7.418,
1992-10-15,7.482,7.482,7.482,7.482,
1992-10-16,7.248,7.248,7.248,7.248,
1992-10-19,7.546,7.546,7.546,7.546,
1992-10-20,7.184,7.184,7.184,7.184,
1992-10-21,7.163,7.163,7.163,7.163,
1992-10-22,7.12,7.12,7.12,7.12,
1992-10-23,7.013,7.013,7.013,7.013,
1992-10-26,7.333,7.333,7.333,7.333,
1992-10-27,7.354,7.354,7.354,7.354,
1992-10-28,7.418,7.418,7.418,7.418,
1992-10-29,7.397,7.397,7.397,7.397,
1992-10-30,7.482,7.482,7.482,7.482,
1992-11-02,7.61,7.61,7.61,7.61,
1992-11-03,7.504,7.504,7.504,7.504,
1992-11-04,7.333,7.333,7.333,7.333,
1992-11-05,7.205,7.205,7.205,7.205,
1992-11-06,7.184,7.184,7.184,7.184,
1992-11-09,7.184,7.184,7.184,7.184,
1992-11-10,7.312,7.312,7.312,7.312,
1992-11-11,7.653,7.653,7.653,7.653,
1992-11-12,7.802,7.802,7.802,7.802,
1992-11-13,7.759,7.759,7.759,7.759,
1992-11-16,7.759,7.759,7.759,7.759,
1992-11-17,7.823,7.823,7.823,7.823,
1992-11-18,7.93,7.93,7.93,7.93,
1992-11-19,7.887,7.887,7.887,7.887,
1992-11-20,7.866,7.866,7.866,7.866,
1992-11-23,7.738,7.738,7.738,7.738,
1992-11-24,7.696,7.696,7.696,7.696,
1992-11-25,7.738,7.738,7.738,7.738,
1992-11-27,7.802,7.802,7.802,7.802,
1992-11-30,7.696,7.696,7.696,7.696,
1992-12-01,7.802,7.802,7.802,7.802,
1992-12-02,7.824,7.824,7.824,7.824,
1992-12-03,7.866,7.866,7.866,7.866,
1992-12-04,7.845,7.845,7.845,7.845,
1992-12-07,7.974,7.974,7.974,7.974,
1992-12-08,8.016,8.016,8.016,8.016,
1992-12-09,8.166,8.166,8.166,8.166,
1992-12-10,8.081,8.081,8.081,8.081,
1992-12-11,8.145,8.145,8.145,8.145,
1992-12-14,8.124,8.124,8.124,8.124,
1992-12-15,8.016,8.016,8.016,8.016,
1992-12-16,7.974,7.974,7.974,7.974,
1992-12-17,7.974,7.974,7.974,7.974,
1992-12-18,8.038,8.038,8.038,8.038,
1992-12-21,8.145,8.145,8.145,8.145,
1992-12-22,8.016,8.016,8.016,8.016,
1992-12-23,7.716,7.716,7.716,7.716,
1992-12-24,7.673,7.673,7.673,7.673,
1992-12-28,7.652,7.652,7.652,7.652,
1992-12-29,7.566,7.566,7.566,7.566,
1992-12-30,7.545,7.545,7.545,7.545,
1992-12-31,7.438,7.438,7.438,7.438,
1993-01-04,7.523,7.523,7.523,7.523,
1993-01-05,7.395,7.395,7.395,7.395,
1993-01-06,7.202,7.202,7.202,7.202,
1993-01-07,7.116,7.116,7.116,7.116,
1993-01-08,7.288,7.288,7.288,7.288,
1993-01-11,7.416,7.416,7.416,7.416,
1993-01-12,7.331,7.331,7.331,7.331,
1993-01-13,7.438,7.438,7.438,7.438,
1993-01-14,7.202,7.202,7.202,7.202,
1993-01-15,7.159,7.159,7.159,7.159,
1993-01-18,7.095,7.095,7.095,7.095,
1993-01-19,6.988,6.988,6.988,6.988,
1993-01-20,7.073,7.073,7.073,7.073,
1993-01-21,7.202,7.202,7.202,7.202,
1993-01-22,7.266,7.266,7.266,7.266,
1993-01-25,7.073,7.073,7.073,7.073,
1993-01-26,6.773,6.773,6.773,6.773,
1993-01-27,6.902,6.902,6.902,6.902,
1993-01-28,6.945,6.945,6.945,6.945,
1993-01-29,6.923,6.923,6.923,6.923,
1993-02-01,6.666,6.666,6.666,6.666,
1993-02-02,6.452,6.452,6.452,6.452,
1993-02-03,6.709,6.709,6.709,6.709,
1993-02-04,6.516,6.516,6.516,6.516,
1993-02-05,6.58,6.58,6.58,6.58,
1993-02-08,6.602,6.602,6.602,6.602,
1993-02-09,6.709,6.709,6.709,6.709,
1993-02-10,6.902,6.902,6.902,6.902,
1993-02-11,6.988,6.988,6.988,6.988,
1993-02-12,6.923,6.923,6.923,6.923,
1993-02-16,6.495,6.495,6.495,6.495,
1993-02-17,6.43,6.43,6.43,6.43,
1993-02-18,6.495,6.495,6.495,6.495,
1993-02-19,6.323,6.323,6.323,6.323,
1993-02-22,6.28,6.28,6.28,6.28,
1993-02-23,6.452,6.452,6.452,6.452,
1993-02-24,6.58,6.58,6.58,6.58,
1993-02-25,6.58,6.58,6.58,6.58,
1993-02-26,6.602,6.602,6.602,6.602,
1993-03-01,6.773,6.773,6.773,6.773,
1993-03-02,6.709,6.709,6.709,6.709,
1993-03-03,6.665,6.665,6.665,6.665,
1993-03-04,6.514,6.514,6.514,6.514,
1993-03-05,6.471,6.471,6.471,6.471,
1993-03-08,6.601,6.601,6.601,6.601,
1993-03-09,6.579,6.579,6.579,6.579,
1993-03-10,6.903,6.903,6.903,6.903,
1993-03-11,6.773,6.773,6.773,6.773,
1993-03-12,6.752,6.752,6.752,6.752,
1993-03-15,6.665,6.665,6.665,6.665,
1993-03-16,6.514,6.514,6.514,6.514,
1993-03-17,6.32,6.32,6.32,6.32,
1993-03-18,6.277,6.277,6.277,6.277,
1993-03-19,6.234,6.234,6.234,6.234,
1993-03-22,6.169,6.169,6.169,6.169,
1993-03-23,6.385,6.385,6.385,6.385,
1993-03-24,5.997,5.997,5.997,5.997,
1993-03-25,6.126,6.126,6.126,6.126,
1993-03-26,5.867,5.867,5.867,5.867,
1993-03-29,5.954,5.954,5.954,5.954,
1993-03-30,6.191,6.191,6.191,6.191,
1993-03-31,6.105,6.105,6.105,6.105,
1993-04-01,5.932,5.932,5.932,5.932,
1993-04-02,5.867,5.867,5.867,5.867,
1993-04-05,5.889,5.889,5.889,5.889,
1993-04-06,5.846,5.846,5.846,5.846,
1993-04-07,5.846,5.846,5.846,5.846,
1993-04-08,5.716,5.716,5.716,5.716,
1993-04-12,5.91,5.91,5.91,5.91,
1993-04-13,5.846,5.846,5.846,5.846,
1993-04-14,5.824,5.824,5.824,5.824,
1993-04-15,5.716,5.716,5.716,5.716,
1993-04-16,5.867,5.867,5.867,5.867,
1993-04-19,6.191,6.191,6.191,6.191,
1993-04-20,6.471,6.471,6.471,6.471,
1993-04-21,6.342,6.342,6.342,6.342,
1993-04-22,6.061,6.061,6.061,6.061,
1993-04-23,6.212,6.212,6.212,6.212,
1993-04-26,6.234,6.234,6.234,6.234,
1993-04-27,6.407,6.407,6.407,6.407,
1993-04-28,6.45,6.45,6.45,6.45,
1993-04-29,6.385,6.385,6.385,6.385,
1993-04-30,6.385,6.385,6.385,6.385,
1993-05-03,6.601,6.601,6.601,6.601,
1993-05-04,6.622,6.622,6.622,6.622,
1993-05-05,6.601,6.601,6.601,6.601,
1993-05-06,6.471,6.471,6.471,6.471,
1993-05-07,6.407,6.407,6.407,6.407,
1993-05-10,6.514,6.514,6.514,6.514,
1993-05-11,6.493,6.493,6.493,6.493,
1993-05-12,6.342,6.342,6.342,6.342,
1993-05-13,6.256,6.256,6.256,6.256,
1993-05-14,6.45,6.45,6.45,6.45,
1993-05-17,6.665,6.665,6.665,6.665,
1993-05-18,6.622,6.622,6.622,6.622,
1993-05-19,6.709,6.709,6.709,6.709,
1993-05-20,6.752,6.752,6.752,6.752,
1993-05-21,6.579,6.579,6.579,6.579,
1993-05-24,6.622,6.622,6.622,6.622,
1993-05-25,6.579,6.579,6.579,6.579,
1993-05-26,6.73,6.73,6.73,6.73,
1993-05-27,6.514,6.514,6.514,6.514,
1993-05-28,6.601,6.601,6.601,6.601,
1993-06-01,6.579,6.579,6.579,6.579,
1993-06-02,6.471,6.471,6.471,6.471,
1993-06-03,6.405,6.405,6.405,6.405,
1993-06-04,6.362,6.362,6.362,6.362,
1993-06-07,6.362,6.362,6.362,6.362,
1993-06-08,6.34,6.34,6.34,6.34,
1993-06-09,6.384,6.384,6.384,6.384,
1993-06-10,6.536,6.536,6.536,6.536,
1993-06-11,6.709,6.709,6.709,6.709,
1993-06-14,6.775,6.775,6.775,6.775,
1993-06-15,6.601,6.601,6.601,6.601,
1993-06-16,6.688,6.688,6.688,6.688,
1993-06-17,6.709,6.709,6.709,6.709,
1993-06-18,6.427,6.427,6.427,6.427,
1993-06-21,6.427,6.427,6.427,6.427,
1993-06-22,6.297,6.297,6.297,6.297,
1993-06-23,6.253,6.253,6.253,6.253,
1993-06-24,6.319,6.319,6.319,6.319,
1993-06-25,6.34,6.34,6.34,6.34,
1993-06-28,6.232,6.232,6.232,6.232,
1993-06-29,6.384,6.384,6.384,6.384,
1993-06-30,6.167,6.167,6.167,6.167,
1993-07-01,6.08,6.08,6.08,6.08,
1993-07-02,5.993,5.993,5.993,5.993,
1993-07-06,5.949,5.949,5.949,5.949,
1993-07-07,5.949,5.949,5.949,5.949,
1993-07-08,6.036,6.036,6.036,6.036,
1993-07-09,6.036,6.036,6.036,6.036,
1993-07-12,5.993,5.993,5.993,5.993,
1993-07-13,5.993,5.993,5.993,5.993,
1993-07-14,6.036,6.036,6.036,6.036,
1993-07-15,5.863,5.863,5.863,5.863,
1993-07-16,5.754,5.754,5.754,5.754,
1993-07-19,5.58,5.58,5.58,5.58,
1993-07-20,5.776,5.776,5.776,5.776,
1993-07-21,5.732,5.732,5.732,5.732,
1993-07-22,5.624,5.624,5.624,5.624,
1993-07-23,5.667,5.667,5.667,5.667,
1993-07-26,5.58,5.58,5.58,5.58,
1993-07-27,5.58,5.58,5.58,5.58,
1993-07-28,5.341,5.341,5.341,5.341,
1993-07-29,5.298,5.298,5.298,5.298,
1993-07-30,5.32,5.32,5.32,5.32,
1993-08-02,5.341,5.341,5.341,5.341,
1993-08-03,5.407,5.407,5.407,5.407,
1993-08-04,5.385,5.385,5.385,5.385,
1993-08-05,5.341,5.341,5.341,5.341,
1993-08-06,5.341,5.341,5.341,5.341,
1993-08-09,5.32,5.32,5.32,5.32,
1993-08-10,5.211,5.211,5.211,5.211,
1993-08-11,5.146,5.146,5.146,5.146,
1993-08-12,5.016,5.016,5.016,5.016,
1993-08-13,4.994,4.994,4.994,4.994,
1993-08-16,5.124,5.124,5.124,5.124,
1993-08-17,5.363,5.363,5.363,5.363,
1993-08-18,5.645,5.645,5.645,5.645,
1993-08-19,5.754,5.754,5.754,5.754,
1993-08-20,5.689,5.689,5.689,5.689,
1993-08-23,5.645,5.645,5.645,5.645,
1993-08-24,5.602,5.602,5.602,5.602,
1993-08-25,5.515,5.515,5.515,5.515,
1993-08-26,5.667,5.667,5.667,5.667,
1993-08-27,5.711,5.711,5.711,5.711,
1993-08-30,5.537,5.537,5.537,5.537,
1993-08-31,5.537,5.537,5.537,5.537,
1993-09-01,5.537,5.537,5.537,5.537,
1993-09-02,5.805,5.805,5.805,5.805,
1993-09-03,5.761,5.761,5.761,5.761,
1993-09-07,5.652,5.652,5.652,5.652,
1993-09-08,5.564,5.564,5.564,5.564,
1993-09-09,5.608,5.608,5.608,5.608,
1993-09-10,5.586,5.586,5.586,5.586,
1993-09-13,5.498,5.498,5.498,5.498,
1993-09-14,5.63,5.63,5.63,5.63,
1993-09-15,5.608,5.608,5.608,5.608,
1993-09-16,5.564,5.564,5.564,5.564,
1993-09-17,5.498,5.498,5.498,5.498,
1993-09-20,5.345,5.345,5.345,5.345,
1993-09-21,5.52,5.52,5.52,5.52,
1993-09-22,5.52,5.52,5.52,5.52,
1993-09-23,5.586,5.586,5.586,5.586,
1993-09-24,5.542,5.542,5.542,5.542,
1993-09-27,5.476,5.476,5.476,5.476,
1993-09-28,5.411,5.411,5.411,5.411,
1993-09-29,5.367,5.367,5.367,5.367,
1993-09-30,5.389,5.389,5.389,5.389,
1993-10-01,5.433,5.433,5.433,5.433,
1993-10-04,5.345,5.345,5.345,5.345,
1993-10-05,5.389,5.389,5.389,5.389,
1993-10-06,5.301,5.301,5.301,5.301,
1993-10-07,5.301,5.301,5.301,5.301,
1993-10-08,5.301,5.301,5.301,5.301,
1993-10-11,5.433,5.433,5.433,5.433,
1993-10-12,5.411,5.411,5.411,5.411,
1993-10-13,5.433,5.433,5.433,5.433,
1993-10-14,5.498,5.498,5.498,5.498,
1993-10-15,5.433,5.433,5.433,5.433,
1993-10-18,5.652,5.652,5.652,5.652,
1993-10-19,5.652,5.652,5.652,5.652,
1993-10-20,5.674,5.674,5.674,5.674,
1993-10-21,5.63,5.63,5.63,5.63,
1993-10-22,5.674,5.674,5.674,5.674,
1993-10-25,5.608,5.608,5.608,5.608,
1993-10-26,5.63,5.63,5.63,5.63,
1993-10-27,5.586,5.586,5.586,5.586,
1993-10-28,5.63,5.63,5.63,5.63,
1993-10-29,5.63,5.63,5.63,5.63,
1993-11-01,5.608,5.608,5.608,5.608,
1993-11-02,5.564,5.564,5.564,5.564,
1993-11-03,5.761,5.761,5.761,5.761,
1993-11-04,5.652,5.652,5.652,5.652,
1993-11-05,5.63,5.63,5.63,5.63,
1993-11-08,5.608,5.608,5.608,5.608,
1993-11-09,5.586,5.586,5.586,5.586,
1993-11-10,5.695,5.695,5.695,5.695,
1993-11-11,5.695,5.695,5.695,5.695,
1993-11-12,5.739,5.739,5.739,5.739,
1993-11-15,5.739,5.739,5.739,5.739,
1993-11-16,5.936,5.936,5.936,5.936,
1993-11-17,5.958,5.958,5.958,5.958,
1993-11-18,6.068,6.068,6.068,6.068,
1993-11-19,6.155,6.155,6.155,6.155,
1993-11-22,5.893,5.893,5.893,5.893,
1993-11-23,6.002,6.002,6.002,6.002,
1993-11-24,6.046,6.046,6.046,6.046,
1993-11-26,6.046,6.046,6.046,6.046,
1993-11-29,5.936,5.936,5.936,5.936,
1993-11-30,6.002,6.002,6.002,6.002,
1993-12-01,5.958,5.958,5.958,5.958,
1993-12-02,5.942,5.942,5.942,5.942,
1993-12-03,6.008,6.008,6.008,6.008,
1993-12-06,6.052,6.052,6.052,6.052,
1993-12-07,6.03,6.03,6.03,6.03,
1993-12-08,5.964,5.964,5.964,5.964,
1993-12-09,5.853,5.853,5.853,5.853,
1993-12-10,5.831,5.831,5.831,5.831,
1993-12-13,5.809,5.809,5.809,5.809,
1993-12-14,5.765,5.765,5.765,5.765,
1993-12-15,5.809,5.809,5.809,5.809,
1993-12-16,5.853,5.853,5.853,5.853,
1993-12-17,5.942,5.942,5.942,5.942,
1993-12-20,5.986,5.986,5.986,5.986,
1993-12-21,6.008,6.008,6.008,6.008,
1993-12-22,6.03,6.03,6.03,6.03,
1993-12-23,6.052,6.052,6.052,6.052,
1993-12-27,6.229,6.229,6.229,6.229,
1993-12-28,6.229,6.229,6.229,6.229,
1993-12-29,6.207,6.207,6.207,6.207,
1993-12-30,6.14,6.14,6.14,6.14,
1993-12-31,6.074,6.074,6.074,6.074,
1994-01-03,6.229,6.229,6.229,6.229,
1994-01-04,6.361,6.361,6.361,6.361,
1994-01-05,6.582,6.582,6.582,6.582,
1994-01-06,6.472,6.472,6.472,6.472,
1994-01-07,6.56,6.56,6.56,6.56,
1994-01-10,6.626,6.626,6.626,6.626,
1994-01-11,6.56,6.56,6.56,6.56,
1994-01-12,6.472,6.472,6.472,6.472,
1994-01-13,6.472,6.472,6.472,6.472,
1994-01-14,6.45,6.45,6.45,6.45,
1994-01-17,6.45,6.45,6.45,6.45,
1994-01-18,6.472,6.472,6.472,6.472,
1994-01-19,6.339,6.339,6.339,6.339,
1994-01-20,6.317,6.317,6.317,6.317,
1994-01-21,6.207,6.207,6.207,6.207,
1994-01-24,6.14,6.14,6.14,6.14,
1994-01-25,6.317,6.317,6.317,6.317,
1994-01-26,6.339,6.339,6.339,6.339,
1994-01-27,6.317,6.317,6.317,6.317,
1994-01-28,6.361,6.361,6.361,6.361,
1994-01-31,6.45,6.45,6.45,6.45,
1994-02-01,6.405,6.405,6.405,6.405,
1994-02-02,6.427,6.427,6.427,6.427,
1994-02-03,6.45,6.45,6.45,6.45,
1994-02-04,6.207,6.207,6.207,6.207,
1994-02-07,6.207,6.207,6.207,6.207,
1994-02-08,6.096,6.096,6.096,6.096,
1994-02-09,6.162,6.162,6.162,6.162,
1994-02-10,6.162,6.162,6.162,6.162,
1994-02-11,6.162,6.162,6.162,6.162,
1994-02-14,5.964,5.964,5.964,5.964,
1994-02-15,5.964,5.964,5.964,5.964,
1994-02-16,5.853,5.853,5.853,5.853,
1994-02-17,5.853,5.853,5.853,5.853,
1994-02-18,5.809,5.809,5.809,5.809,
1994-02-22,5.765,5.765,5.765,5.765,
1994-02-23,5.743,5.743,5.743,5.743,
1994-02-24,5.632,5.632,5.632,5.632,
1994-02-25,5.699,5.699,5.699,5.699,
1994-02-28,5.721,5.721,5.721,5.721,
1994-03-01,5.654,5.654,5.654,5.654,
1994-03-02,5.704,5.704,5.704,5.704,
1994-03-03,5.615,5.615,5.615,5.615,
1994-03-04,5.526,5.526,5.526,5.526,
1994-03-07,5.704,5.704,5.704,5.704,
1994-03-08,5.66,5.66,5.66,5.66,
1994-03-09,5.771,5.771,5.771,5.771,
1994-03-10,5.682,5.682,5.682,5.682,
1994-03-11,5.727,5.727,5.727,5.727,
1994-03-14,5.704,5.704,5.704,5.704,
1994-03-15,5.637,5.637,5.637,5.637,
1994-03-16,5.571,5.571,5.571,5.571,
1994-03-17,5.615,5.615,5.615,5.615,
1994-03-18,5.66,5.66,5.66,5.66,
1994-03-21,5.704,5.704,5.704,5.704,
1994-03-22,5.437,5.437,5.437,5.437,
1994-03-23,5.37,5.37,5.37,5.37,
1994-03-24,5.392,5.392,5.392,5.392,
1994-03-25,5.37,5.37,5.37,5.37,
1994-03-28,5.415,5.415,5.415,5.415,
1994-03-29,5.37,5.37,5.37,5.37,
1994-03-30,5.259,5.259,5.259,5.259,
1994-03-31,5.303,5.303,5.303,5.303,
1994-04-04,5.192,5.192,5.192,5.192,
1994-04-05,5.37,5.37,5.37,5.37,
1994-04-06,5.281,5.281,5.281,5.281,
1994-04-07,5.303,5.303,5.303,5.303,
1994-04-08,5.348,5.348,5.348,5.348,
1994-04-11,5.281,5.281,5.281,5.281,
1994-04-12,5.281,5.281,5.281,5.281,
1994-04-13,5.236,5.236,5.236,5.236,
1994-04-14,5.17,5.17,5.17,5.17,
1994-04-15,5.058,5.058,5.058,5.058,
1994-04-18,5.125,5.125,5.125,5.125,
1994-04-19,5.058,5.058,5.058,5.058,
1994-04-20,5.236,5.236,5.236,5.236,
1994-04-21,5.504,5.504,5.504,5.504,
1994-04-22,5.526,5.526,5.526,5.526,
1994-04-25,5.504,5.504,5.504,5.504,
1994-04-26,5.526,5.526,5.526,5.526,
1994-04-28,5.37,5.37,5.37,5.37,
1994-04-29,5.281,5.281,5.281,5.281,
1994-05-02,5.548,5.548,5.548,5.548,
1994-05-03,5.459,5.459,5.459,5.459,
1994-05-04,5.37,5.37,5.37,5.37,
1994-05-05,5.348,5.348,5.348,5.348,
1994-05-06,5.37,5.37,5.37,5.37,
1994-05-09,5.326,5.326,5.326,5.326,
1994-05-10,5.459,5.459,5.459,5.459,
1994-05-11,5.326,5.326,5.326,5.326,
1994-05-12,5.392,5.392,5.392,5.392,
1994-05-13,5.392,5.392,5.392,5.392,
1994-05-16,5.459,5.459,5.459,5.459,
1994-05-17,5.526,5.526,5.526,5.526,
1994-05-18,5.459,5.459,5.459,5.459,
1994-05-19,5.437,5.437,5.437,5.437,
1994-05-20,5.392,5.392,5.392,5.392,
1994-05-23,5.392,5.392,5.392,5.392,
1994-05-24,5.504,5.504,5.504,5.504,
1994-05-25,5.482,5.482,5.482,5.482,
1994-05-26,5.459,5.459,5.459,5.459,
1994-05-27,5.437,5.437,5.437,5.437,
1994-05-31,5.437,5.437,5.437,5.437,
1994-06-01,5.415,5.415,5.415,5.415,
1994-06-02,5.443,5.443,5.443,5.443,
1994-06-03,5.577,5.577,5.577,5.577,
1994-06-06,5.555,5.555,5.555,5.555,
1994-06-07,5.577,5.577,5.577,5.577,
1994-06-08,5.533,5.533,5.533,5.533,
1994-06-09,5.712,5.712,5.712,5.712,
1994-06-10,5.622,5.622,5.622,5.622,
1994-06-13,5.622,5.622,5.622,5.622,
1994-06-14,5.667,5.667,5.667,5.667,
1994-06-15,5.645,5.645,5.645,5.645,
1994-06-16,5.6,5.6,5.6,5.6,
1994-06-17,5.533,5.533,5.533,5.533,
1994-06-20,5.555,5.555,5.555,5.555,
1994-06-21,5.577,5.577,5.577,5.577,
1994-06-22,5.488,5.488,5.488,5.488,
1994-06-23,5.488,5.488,5.488,5.488,
1994-06-24,5.42,5.42,5.42,5.42,
1994-06-27,5.443,5.443,5.443,5.443,
1994-06-28,5.42,5.42,5.42,5.42,
1994-06-29,5.42,5.42,5.42,5.42,
1994-06-30,5.353,5.353,5.353,5.353,
1994-07-01,5.375,5.375,5.375,5.375,
1994-07-05,5.398,5.398,5.398,5.398,
1994-07-06,5.398,5.398,5.398,5.398,
1994-07-07,5.375,5.375,5.375,5.375,
1994-07-08,5.308,5.308,5.308,5.308,
1994-07-11,5.24,5.24,5.24,5.24,
1994-07-12,5.24,5.24,5.24,5.24,
1994-07-13,5.263,5.263,5.263,5.263,
1994-07-14,5.33,5.33,5.33,5.33,
1994-07-15,5.308,5.308,5.308,5.308,
1994-07-18,5.353,5.353,5.353,5.353,
1994-07-19,5.33,5.33,5.33,5.33,
1994-07-20,5.285,5.285,5.285,5.285,
1994-07-21,5.308,5.308,5.308,5.308,
1994-07-22,5.33,5.33,5.33,5.33,
1994-07-25,5.398,5.398,5.398,5.398,
1994-07-26,5.353,5.353,5.353,5.353,
1994-07-27,5.33,5.33,5.33,5.33,
1994-07-28,5.353,5.353,5.353,5.353,
1994-07-29,5.33,5.33,5.33,5.33,
1994-08-01,5.33,5.33,5.33,5.33,
1994-08-02,5.443,5.443,5.443,5.443,
1994-08-03,5.375,5.375,5.375,5.375,
1994-08-04,5.398,5.398,5.398,5.398,
1994-08-05,5.375,5.375,5.375,5.375,
1994-08-08,5.488,5.488,5.488,5.488,
1994-08-09,5.555,5.555,5.555,5.555,
1994-08-10,5.802,5.802,5.802,5.802,
1994-08-11,5.757,5.757,5.757,5.757,
1994-08-12,5.802,5.802,5.802,5.802,
1994-08-15,5.96,5.96,5.96,5.96,
1994-08-16,6.095,6.095,6.095,6.095,
1994-08-17,6.117,6.117,6.117,6.117,
1994-08-18,6.072,6.072,6.072,6.072,
1994-08-19,6.14,6.14,6.14,6.14,
1994-08-22,6.072,6.072,6.072,6.072,
1994-08-23,6.05,6.05,6.05,6.05,
1994-08-24,6.005,6.005,6.005,6.005,
1994-08-25,5.937,5.937,5.937,5.937,
1994-08-26,6.072,6.072,6.072,6.072,
1994-08-29,6.117,6.117,6.117,6.117,
1994-08-30,6.095,6.095,6.095,6.095,
1994-08-31,6.14,6.14,6.14,6.14,
1994-09-01,6.185,6.185,6.185,6.185,
1994-09-02,6.148,6.148,6.148,6.148,
1994-09-06,6.171,6.171,6.171,6.171,
1994-09-07,6.171,6.171,6.171,6.171,
1994-09-08,6.171,6.171,6.171,6.171,
1994-09-09,6.103,6.103,6.103,6.103,
1994-09-12,6.103,6.103,6.103,6.103,
1994-09-13,6.103,6.103,6.103,6.103,
1994-09-14,6.126,6.126,6.126,6.126,
1994-09-15,6.216,6.216,6.216,6.216,
1994-09-16,6.194,6.194,6.194,6.194,
1994-09-19,6.285,6.285,6.285,6.285,
1994-09-20,6.239,6.239,6.239,6.239,
1994-09-21,6.285,6.285,6.285,6.285,
1994-09-22,6.239,6.239,6.239,6.239,
1994-09-23,6.285,6.285,6.285,6.285,
1994-09-26,6.33,6.33,6.33,6.33,
1994-09-27,6.534,6.534,6.534,6.534,
1994-09-28,6.466,6.466,6.466,6.466,
1994-09-29,6.398,6.398,6.398,6.398,
1994-09-30,6.466,6.466,6.466,6.466,
1994-10-03,6.625,6.625,6.625,6.625,
1994-10-04,6.602,6.602,6.602,6.602,
1994-10-05,6.534,6.534,6.534,6.534,
1994-10-06,6.489,6.489,6.489,6.489,
1994-10-07,6.557,6.557,6.557,6.557,
1994-10-10,6.534,6.534,6.534,6.534,
1994-10-11,6.625,6.625,6.625,6.625,
1994-10-12,6.716,6.716,6.716,6.716,
1994-10-13,6.648,6.648,6.648,6.648,
1994-10-14,6.579,6.579,6.579,6.579,
1994-10-17,6.557,6.557,6.557,6.557,
1994-10-18,6.443,6.443,6.443,6.443,
1994-10-19,6.443,6.443,6.443,6.443,
1994-10-20,6.534,6.534,6.534,6.534,
1994-10-21,6.443,6.443,6.443,6.443,
1994-10-24,6.33,6.33,6.33,6.33,
1994-10-25,6.262,6.262,6.262,6.262,
1994-10-26,6.262,6.262,6.262,6.262,
1994-10-27,6.443,6.443,6.443,6.443,
1994-10-28,6.534,6.534,6.534,6.534,
1994-10-31,6.466,6.466,6.466,6.466,
1994-11-01,6.489,6.489,6.489,6.489,
1994-11-02,6.375,6.375,6.375,6.375,
1994-11-03,6.398,6.398,6.398,6.398,
1994-11-04,6.375,6.375,6.375,6.375,
1994-11-07,6.398,6.398,6.398,6.398,
1994-11-08,6.489,6.489,6.489,6.489,
1994-11-09,6.67,6.67,6.67,6.67,
1994-11-10,6.738,6.738,6.738,6.738,
1994-11-11,6.67,6.67,6.67,6.67,
1994-11-14,6.761,6.761,6.761,6.761,
1994-11-15,6.648,6.648,6.648,6.648,
1994-11-16,6.716,6.716,6.716,6.716,
1994-11-17,6.716,6.716,6.716,6.716,
1994-11-18,6.852,6.852,6.852,6.852,
1994-11-21,6.716,6.716,6.716,6.716,
1994-11-22,6.489,6.489,6.489,6.489,
1994-11-23,6.511,6.511,6.511,6.511,
1994-11-25,6.648,6.648,6.648,6.648,
1994-11-28,6.738,6.738,6.738,6.738,
1994-11-29,6.761,6.761,6.761,6.761,
1994-11-30,6.761,6.761,6.761,6.761,
1994-12-01,6.738,6.738,6.738,6.738,
1994-12-02,6.908,6.908,6.908,6.908,
1994-12-05,6.885,6.885,6.885,6.885,
1994-12-06,6.885,6.885,6.885,6.885,
1994-12-07,6.885,6.885,6.885,6.885,
1994-12-08,6.725,6.725,6.725,6.725,
1994-12-09,6.816,6.816,6.816,6.816,
1994-12-12,6.908,6.908,6.908,6.908,
1994-12-13,6.908,6.908,6.908,6.908,
1994-12-14,6.908,6.908,6.908,6.908,
1994-12-15,6.908,6.908,6.908,6.908,
1994-12-16,6.999,6.999,6.999,6.999,
1994-12-19,6.999,6.999,6.999,6.999,
1994-12-20,7.068,7.068,7.068,7.068,
1994-12-21,7.159,7.159,7.159,7.159,
1994-12-22,7.113,7.113,7.113,7.113,
1994-12-23,7.182,7.182,7.182,7.182,
1994-12-27,7.205,7.205,7.205,7.205,
1994-12-28,7.136,7.136,7.136,7.136,
1994-12-29,7.068,7.068,7.068,7.068,
1994-12-30,6.976,6.976,6.976,6.976,
1995-01-03,6.999,6.999,6.999,6.999,
1995-01-04,6.976,6.976,6.976,6.976,
1995-01-05,6.908,6.908,6.908,6.908,
1995-01-06,6.862,6.862,6.862,6.862,
1995-01-09,6.725,6.725,6.725,6.725,
1995-01-10,6.679,6.679,6.679,6.679,
1995-01-11,6.862,6.862,6.862,6.862,
1995-01-12,6.747,6.747,6.747,6.747,
1995-01-13,6.93,6.93,6.93,6.93,
1995-01-16,6.999,6.999,6.999,6.999,
1995-01-17,7.045,7.045,7.045,7.045,
1995-01-18,7.045,7.045,7.045,7.045,
1995-01-19,6.976,6.976,6.976,6.976,
1995-01-20,6.908,6.908,6.908,6.908,
1995-01-23,6.93,6.93,6.93,6.93,
1995-01-24,6.908,6.908,6.908,6.908,
1995-01-25,6.976,6.976,6.976,6.976,
1995-01-26,7.068,7.068,7.068,7.068,
1995-01-27,7.091,7.091,7.091,7.091,
1995-01-30,7.159,7.159,7.159,7.159,
1995-01-31,7.365,7.365,7.365,7.365,
1995-02-01,7.274,7.274,7.274,7.274,
1995-02-02,7.274,7.274,7.274,7.274,
1995-02-03,7.274,7.274,7.274,7.274,
1995-02-06,7.411,7.411,7.411,7.411,
1995-02-07,7.319,7.319,7.319,7.319,
1995-02-08,7.342,7.342,7.342,7.342,
1995-02-09,7.388,7.388,7.388,7.388,
1995-02-10,7.388,7.388,7.388,7.388,
1995-02-13,7.342,7.342,7.342,7.342,
1995-02-14,7.342,7.342,7.342,7.342,
1995-02-15,7.434,7.434,7.434,7.434,
1995-02-16,7.411,7.411,7.411,7.411,
1995-02-17,7.571,7.571,7.571,7.571,
1995-02-21,7.617,7.617,7.617,7.617,
1995-02-22,7.639,7.639,7.639,7.639,
1995-02-23,7.8,7.8,7.8,7.8,
1995-02-24,7.754,7.754,7.754,7.754,
1995-02-27,7.685,7.685,7.685,7.685,
1995-02-28,7.754,7.754,7.754,7.754,
1995-03-01,7.754,7.754,7.754,7.754,
1995-03-02,7.731,7.731,7.731,7.731,
1995-03-03,7.671,7.671,7.671,7.671,
1995-03-06,7.832,7.832,7.832,7.832,
1995-03-07,7.786,7.786,7.786,7.786,
1995-03-08,7.763,7.763,7.763,7.763,
1995-03-09,7.717,7.717,7.717,7.717,
1995-03-10,7.717,7.717,7.717,7.717,
1995-03-13,7.74,7.74,7.74,7.74,
1995-03-14,7.832,7.832,7.832,7.832,
1995-03-15,7.901,7.901,7.901,7.901,
1995-03-16,7.971,7.971,7.971,7.971,
1995-03-17,8.109,8.109,8.109,8.109,
1995-03-20,8.224,8.224,8.224,8.224,
1995-03-21,8.224,8.224,8.224,8.224,
1995-03-22,8.155,8.155,8.155,8.155,
1995-03-23,8.109,8.109,8.109,8.109,
1995-03-24,8.04,8.04,8.04,8.04,
1995-03-27,7.948,7.948,7.948,7.948,
1995-03-28,8.017,8.017,8.017,8.017,
1995-03-29,7.971,7.971,7.971,7.971,
1995-03-30,7.74,7.74,7.74,7.74,
1995-03-31,7.855,7.855,7.855,7.855,
1995-04-03,8.017,8.017,8.017,8.017,
1995-04-04,7.994,7.994,7.994,7.994,
1995-04-05,7.948,7.948,7.948,7.948,
1995-04-06,7.948,7.948,7.948,7.948,
1995-04-07,7.901,7.901,7.901,7.901,
1995-04-10,7.901,7.901,7.901,7.901,
1995-04-11,7.924,7.924,7.924,7.924,
1995-04-12,7.901,7.901,7.901,7.901,
1995-04-13,7.948,7.948,7.948,7.948,
1995-04-17,7.994,7.994,7.994,7.994,
1995-04-18,7.924,7.924,7.924,7.924,
1995-04-19,7.763,7.763,7.763,7.763,
1995-04-20,7.717,7.717,7.717,7.717,
1995-04-21,7.901,7.901,7.901,7.901,
1995-04-24,7.994,7.994,7.994,7.994,
1995-04-25,7.878,7.878,7.878,7.878,
1995-04-26,7.901,7.901,7.901,7.901,
1995-04-27,7.855,7.855,7.855,7.855,
1995-04-28,7.901,7.901,7.901,7.901,
1995-05-01,7.948,7.948,7.948,7.948,
1995-05-02,7.924,7.924,7.924,7.924,
1995-05-03,8.109,8.109,8.109,8.109,
1995-05-04,8.155,8.155,8.155,8.155,
1995-05-05,8.201,8.201,8.201,8.201,
1995-05-08,8.155,8.155,8.155,8.155,
1995-05-09,8.132,8.132,8.132,8.132,
1995-05-10,7.924,7.924,7.924,7.924,
1995-05-11,7.948,7.948,7.948,7.948,
1995-05-12,7.809,7.809,7.809,7.809,
1995-05-15,7.763,7.763,7.763,7.763,
1995-05-16,7.786,7.786,7.786,7.786,
1995-05-17,7.694,7.694,7.694,7.694,
1995-05-18,7.602,7.602,7.602,7.602,
1995-05-19,7.74,7.74,7.74,7.74,
1995-05-22,7.832,7.832,7.832,7.832,
1995-05-23,7.878,7.878,7.878,7.878,
1995-05-24,8.201,8.201,8.201,8.201,
1995-05-25,8.385,8.385,8.385,8.385,
1995-05-26,8.316,8.316,8.316,8.316,
1995-05-30,8.339,8.339,8.339,8.339,
1995-05-31,8.662,8.662,8.662,8.662,
1995-06-01,8.708,8.708,8.708,8.708,
1995-06-02,8.787,8.787,8.787,8.787,
1995-06-05,9.134,9.134,9.134,9.134,
1995-06-06,9.227,9.227,9.227,9.227,
1995-06-07,9.018,9.018,9.018,9.018,
1995-06-08,8.972,8.972,8.972,8.972,
1995-06-09,8.81,8.81,8.81,8.81,
1995-06-12,8.926,8.926,8.926,8.926,
1995-06-13,8.972,8.972,8.972,8.972,
1995-06-14,8.926,8.926,8.926,8.926,
1995-06-15,8.972,8.972,8.972,8.972,
1995-06-16,9.042,9.042,9.042,9.042,
1995-06-19,8.995,8.995,8.995,8.995,
1995-06-20,8.902,8.902,8.902,8.902,
1995-06-21,9.111,9.111,9.111,9.111,
1995-06-22,9.25,9.25,9.25,9.25,
1995-06-23,9.227,9.227,9.227,9.227,
1995-06-26,9.134,9.134,9.134,9.134,
1995-06-27,9.018,9.018,9.018,9.018,
1995-06-28,9.204,9.204,9.204,9.204,
1995-06-29,9.227,9.227,9.227,9.227,
1995-06-30,9.111,9.111,9.111,9.111,
1995-07-03,9.204,9.204,9.204,9.204,
1995-07-05,9.157,9.157,9.157,9.157,
1995-07-06,9.042,9.042,9.042,9.042,
1995-07-07,8.833,8.833,8.833,8.833,
1995-07-10,9.088,9.088,9.088,9.088,
1995-07-11,9.181,9.181,9.181,9.181,
1995-07-12,9.181,9.181,9.181,9.181,
1995-07-13,9.436,9.436,9.436,9.436,
1995-07-14,9.389,9.389,9.389,9.389,
1995-07-17,9.366,9.366,9.366,9.366,
1995-07-18,9.412,9.412,9.412,9.412,
1995-07-19,9.366,9.366,9.366,9.366,
1995-07-20,9.227,9.227,9.227,9.227,
1995-07-21,9.273,9.273,9.273,9.273,
1995-07-24,9.25,9.25,9.25,9.25,
1995-07-25,9.25,9.25,9.25,9.25,
1995-07-26,9.273,9.273,9.273,9.273,
1995-07-27,9.436,9.436,9.436,9.436,
1995-07-28,9.552,9.552,9.552,9.552,
1995-07-31,9.575,9.575,9.575,9.575,
1995-08-01,9.644,9.644,9.644,9.644,
1995-08-02,9.598,9.598,9.598,9.598,
1995-08-03,9.459,9.459,9.459,9.459,
1995-08-04,9.528,9.528,9.528,9.528,
1995-08-07,9.436,9.436,9.436,9.436,
1995-08-08,9.32,9.32,9.32,9.32,
1995-08-09,9.482,9.482,9.482,9.482,
1995-08-10,9.366,9.366,9.366,9.366,
1995-08-11,9.297,9.297,9.297,9.297,
1995-08-14,9.436,9.436,9.436,9.436,
1995-08-15,9.273,9.273,9.273,9.273,
1995-08-16,9.181,9.181,9.181,9.181,
1995-08-17,9.111,9.111,9.111,9.111,
1995-08-18,9.088,9.088,9.088,9.088,
1995-08-21,9.134,9.134,9.134,9.134,
1995-08-22,9.181,9.181,9.181,9.181,
1995-08-23,9.273,9.273,9.273,9.273,
1995-08-24,9.389,9.389,9.389,9.389,
1995-08-25,9.366,9.366,9.366,9.366,
1995-08-28,9.273,9.273,9.273,9.273,
1995-08-29,9.25,9.25,9.25,9.25,
1995-08-30,9.273,9.273,9.273,9.273,
1995-08-31,9.25,9.25,9.25,9.25,
1995-09-01,9.32,9.32,9.32,9.32,
1995-09-05,9.453,9.453,9.453,9.453,
1995-09-06,9.547,9.547,9.547,9.547,
1995-09-07,9.617,9.617,9.617,9.617,
1995-09-08,9.663,9.663,9.663,9.663,
1995-09-11,9.733,9.733,9.733,9.733,
1995-09-12,9.687,9.687,9.687,9.687,
1995-09-13,9.71,9.71,9.71,9.71,
1995-09-14,9.803,9.803,9.803,9.803,
1995-09-15,9.92,9.92,9.92,9.92,
1995-09-18,10.13,10.13,10.13,10.13,
1995-09-19,10.06,10.06,10.06,10.06,
1995-09-20,10.27,10.27,10.27,10.27,
1995-09-21,10.55,10.55,10.55,10.55,
1995-09-22,10.737,10.737,10.737,10.737,
1995-09-25,10.667,10.667,10.667,10.667,
1995-09-26,10.714,10.714,10.714,10.714,
1995-09-27,10.62,10.62,10.62,10.62,
1995-09-28,10.527,10.527,10.527,10.527,
1995-09-29,10.457,10.457,10.457,10.457,
1995-10-02,10.62,10.62,10.62,10.62,
1995-10-03,10.83,10.83,10.83,10.83,
1995-10-04,11.064,11.064,11.064,11.064,
1995-10-05,11.111,11.111,11.111,11.111,
1995-10-06,11.134,11.134,11.134,11.134,
1995-10-09,10.924,10.924,10.924,10.924,
1995-10-10,11.157,11.157,11.157,11.157,
1995-10-11,11.204,11.204,11.204,11.204,
1995-10-12,11.181,11.181,11.181,11.181,
1995-10-13,11.181,11.181,11.181,11.181,
1995-10-16,11.111,11.111,11.111,11.111,
1995-10-17,11.017,11.017,11.017,11.017,
1995-10-18,11.134,11.134,11.134,11.134,
1995-10-19,11.204,11.204,11.204,11.204,
1995-10-20,11.204,11.204,11.204,11.204,
1995-10-23,11.111,11.111,11.111,11.111,
1995-10-24,11.274,11.274,11.274,11.274,
1995-10-25,11.251,11.251,11.251,11.251,
1995-10-26,11.204,11.204,11.204,11.204,
1995-10-27,10.877,10.877,10.877,10.877,
1995-10-30,10.807,10.807,10.807,10.807,
1995-10-31,10.737,10.737,10.737,10.737,
1995-11-01,10.644,10.644,10.644,10.644,
1995-11-02,10.55,10.55,10.55,10.55,
1995-11-03,10.62,10.62,10.62,10.62,
1995-11-06,10.527,10.527,10.527,10.527,
1995-11-07,10.784,10.784,10.784,10.784,
1995-11-08,10.924,10.924,10.924,10.924,
1995-11-09,10.9,10.9,10.9,10.9,
1995-11-10,10.877,10.877,10.877,10.877,
1995-11-13,10.924,10.924,10.924,10.924,
1995-11-14,11.064,11.064,11.064,11.064,
1995-11-15,11.204,11.204,11.204,11.204,
1995-11-16,11.181,11.181,11.181,11.181,
1995-11-17,11.134,11.134,11.134,11.134,
1995-11-20,11.087,11.087,11.087,11.087,
1995-11-21,11.087,11.087,11.087,11.087,
1995-11-22,11.017,11.017,11.017,11.017,
1995-11-24,10.97,10.97,10.97,10.97,
1995-11-27,10.947,10.947,10.947,10.947,
1995-11-28,11.111,11.111,11.111,11.111,
1995-11-29,11.367,11.367,11.367,11.367,
1995-11-30,11.554,11.554,11.554,11.554,
1995-12-01,11.507,11.507,11.507,11.507,
1995-12-04,11.577,11.577,11.577,11.577,
1995-12-05,11.834,11.834,11.834,11.834,
1995-12-06,11.968,11.968,11.968,11.968,
1995-12-07,11.898,11.898,11.898,11.898,
1995-12-08,11.921,11.921,11.921,11.921,
1995-12-11,11.874,11.874,11.874,11.874,
1995-12-12,11.874,11.874,11.874,11.874,
1995-12-13,12.226,12.226,12.226,12.226,
1995-12-14,12.555,12.555,12.555,12.555,
1995-12-15,12.344,12.344,12.344,12.344,
1995-12-18,12.18,12.18,12.18,12.18,
1995-12-19,11.945,11.945,11.945,11.945,
1995-12-20,11.851,11.851,11.851,11.851,
1995-12-21,12.203,12.203,12.203,12.203,
1995-12-22,12.203,12.203,12.203,12.203,
1995-12-26,12.508,12.508,12.508,12.508,
1995-12-27,12.18,12.18,12.18,12.18,
1995-12-28,12.414,12.414,12.414,12.414,
1995-12-29,12.32,12.32,12.32,12.32,
1996-01-02,12.062,12.062,12.062,12.062,
1996-01-03,11.898,11.898,11.898,11.898,
1996-01-04,11.968,11.968,11.968,11.968,
1996-01-05,11.828,11.828,11.828,11.828,
1996-01-08,11.992,11.992,11.992,11.992,
1996-01-09,11.921,11.921,11.921,11.921,
1996-01-10,11.499,11.499,11.499,11.499,
1996-01-11,11.546,11.546,11.546,11.546,
1996-01-12,11.663,11.663,11.663,11.663,
1996-01-15,11.945,11.945,11.945,11.945,
1996-01-16,12.156,12.156,12.156,12.156,
1996-01-17,12.297,12.297,12.297,12.297,
1996-01-18,12.25,12.25,12.25,12.25,
1996-01-19,12.297,12.297,12.297,12.297,
1996-01-22,12.438,12.438,12.438,12.438,
1996-01-23,12.555,12.555,12.555,12.555,
1996-01-24,12.743,12.743,12.743,12.743,
1996-01-25,12.555,12.555,12.555,12.555,
1996-01-26,12.743,12.743,12.743,12.743,
1996-01-29,12.93,12.93,12.93,12.93,
1996-01-30,13.165,13.165,13.165,13.165,
1996-01-31,13.165,13.165,13.165,13.165,
1996-02-01,13.142,13.142,13.142,13.142,
1996-02-02,13.024,13.024,13.024,13.024,
1996-02-05,12.977,12.977,12.977,12.977,
1996-02-06,12.649,12.649,12.649,12.649,
1996-02-07,12.954,12.954,12.954,12.954,
1996-02-08,13.142,13.142,13.142,13.142,
1996-02-09,13.142,13.142,13.142,13.142,
1996-02-12,13.259,13.259,13.259,13.259,
1996-02-13,13.212,13.212,13.212,13.212,
1996-02-14,13.259,13.259,13.259,13.259,
1996-02-15,13.071,13.071,13.071,13.071,
1996-02-16,12.907,12.907,12.907,12.907,
1996-02-20,12.485,12.485,12.485,12.485,
1996-02-21,12.532,12.532,12.532,12.532,
1996-02-22,12.625,12.625,12.625,12.625,
1996-02-23,12.625,12.625,12.625,12.625,
1996-02-26,12.367,12.367,12.367,12.367,
1996-02-27,12.226,12.226,12.226,12.226,
1996-02-28,12.367,12.367,12.367,12.367,
1996-02-29,12.438,12.438,12.438,12.438,
1996-03-01,12.649,12.649,12.649,12.649,
1996-03-04,12.837,12.837,12.837,12.837,
1996-03-05,12.93,12.93,12.93,12.93,
1996-03-06,12.499,12.499,12.499,12.499,
1996-03-07,12.641,12.641,12.641,12.641,
1996-03-08,11.509,11.509,11.509,11.509,
1996-03-11,12.24,12.24,12.24,12.24,
1996-03-12,11.91,11.91,11.91,11.91,
1996-03-13,11.627,11.627,11.627,11.627,
1996-03-14,11.698,11.698,11.698,11.698,
1996-03-15,11.721,11.721,11.721,11.721,
1996-03-18,11.839,11.839,11.839,11.839,
1996-03-19,11.721,11.721,11.721,11.721,
1996-03-20,11.886,11.886,11.886,11.886,
1996-03-21,12.358,12.358,12.358,12.358,
1996-03-22,11.981,11.981,11.981,11.981,
1996-03-25,11.792,11.792,11.792,11.792,
1996-03-26,12.098,12.098,12.098,12.098,
1996-03-27,11.91,11.91,11.91,11.91,
1996-03-28,11.886,11.886,11.886,11.886,
1996-03-29,11.745,11.745,11.745,11.745,
1996-04-01,11.957,11.957,11.957,11.957,
1996-04-02,11.981,11.981,11.981,11.981,
1996-04-03,11.981,11.981,11.981,11.981,
1996-04-04,12.051,12.051,12.051,12.051,
1996-04-08,11.674,11.674,11.674,11.674,
1996-04-09,11.532,11.532,11.532,11.532,
1996-04-10,11.084,11.084,11.084,11.084,
1996-04-11,11.202,11.202,11.202,11.202,
1996-04-12,11.438,11.438,11.438,11.438,
1996-04-15,11.344,11.344,11.344,11.344,
1996-04-16,11.32,11.32,11.32,11.32,
1996-04-17,11.367,11.367,11.367,11.367,
1996-04-18,11.58,11.58,11.58,11.58,
1996-04-19,11.674,11.674,11.674,11.674,
1996-04-22,11.627,11.627,11.627,11.627,
1996-04-23,11.65,11.65,11.65,11.65,
1996-04-24,11.391,11.391,11.391,11.391,
1996-04-25,11.344,11.344,11.344,11.344,
1996-04-26,11.32,11.32,11.32,11.32,
1996-04-29,11.462,11.462,11.462,11.462,
1996-04-30,11.415,11.415,11.415,11.415,
1996-05-01,11.438,11.438,11.438,11.438,
1996-05-02,11.084,11.084,11.084,11.084,
1996-05-03,10.99,10.99,10.99,10.99,
1996-05-06,10.754,10.754,10.754,10.754,
1996-05-07,10.896,10.896,10.896,10.896,
1996-05-08,11.202,11.202,11.202,11.202,
1996-05-09,11.014,11.014,11.014,11.014,
1996-05-10,11.202,11.202,11.202,11.202,
1996-05-13,11.32,11.32,11.32,11.32,
1996-05-14,11.438,11.438,11.438,11.438,
1996-05-15,11.58,11.58,11.58,11.58,
1996-05-16,11.721,11.721,11.721,11.721,
1996-05-17,12.004,12.004,12.004,12.004,
1996-05-20,11.981,11.981,11.981,11.981,
1996-05-21,11.91,11.91,11.91,11.91,
1996-05-22,11.91,11.91,11.91,11.91,
1996-05-23,11.957,11.957,11.957,11.957,
1996-05-24,12.169,12.169,12.169,12.169,
1996-05-28,12.004,12.004,12.004,12.004,
1996-05-29,12.028,12.028,12.028,12.028,
1996-05-30,12.264,12.264,12.264,12.264,
1996-05-31,12.193,12.193,12.193,12.193,
1996-06-03,12.216,12.216,12.216,12.216,
1996-06-04,12.287,12.287,12.287,12.287,
1996-06-05,12.476,12.476,12.476,12.476,
1996-06-06,12.256,12.256,12.256,12.256,
1996-06-07,12.374,12.374,12.374,12.374,
1996-06-10,12.374,12.374,12.374,12.374,
1996-06-11,12.137,12.137,12.137,12.137,
1996-06-12,12.09,12.09,12.09,12.09,
1996-06-13,12.208,12.208,12.208,12.208,
1996-06-14,12.137,12.137,12.137,12.137,
1996-06-17,12.066,12.066,12.066,12.066,
1996-06-18,12.042,12.042,12.042,12.042,
1996-06-19,12.114,12.114,12.114,12.114,
1996-06-20,12.327,12.327,12.327,12.327,
1996-06-21,12.351,12.351,12.351,12.351,
1996-06-24,12.161,12.161,12.161,12.161,
1996-06-25,12.327,12.327,12.327,12.327,
1996-06-26,12.327,12.327,12.327,12.327,
1996-06-27,12.422,12.422,12.422,12.422,
1996-06-28,12.256,12.256,12.256,12.256,
1996-07-01,12.54,12.54,12.54,12.54,
1996-07-02,12.517,12.517,12.517,12.517,
1996-07-03,12.517,12.517,12.517,12.517,
1996-07-05,12.208,12.208,12.208,12.208,
1996-07-08,12.303,12.303,12.303,12.303,
1996-07-09,12.256,12.256,12.256,12.256,
1996-07-10,12.327,12.327,12.327,12.327,
1996-07-11,12.161,12.161,12.161,12.161,
1996-07-12,12.025,12.025,12.025,12.025,
1996-07-15,11.805,11.805,11.805,11.805,
1996-07-16,11.592,11.592,11.592,11.592,
1996-07-17,11.9,11.9,11.9,11.9,
1996-07-18,12.208,12.208,12.208,12.208,
1996-07-19,12.256,12.256,12.256,12.256,
1996-07-22,12.445,12.445,12.445,12.445,
1996-07-23,12.066,12.066,12.066,12.066,
1996-07-24,12.256,12.256,12.256,12.256,
1996-07-25,12.114,12.114,12.114,12.114,
1996-07-26,12.185,12.185,12.185,12.185,
1996-07-29,12.019,12.019,12.019,12.019,
1996-07-30,12.137,12.137,12.137,12.137,
1996-07-31,12.185,12.185,12.185,12.185,
1996-08-01,12.493,12.493,12.493,12.493,
1996-08-02,12.611,12.611,12.611,12.611,
1996-08-05,12.635,12.635,12.635,12.635,
1996-08-06,12.754,12.754,12.754,12.754,
1996-08-07,12.683,12.683,12.683,12.683,
1996-08-08,12.683,12.683,12.683,12.683,
1996-08-09,12.801,12.801,12.801,12.801,
1996-08-12,13.157,13.157,13.157,13.157,
1996-08-13,13.109,13.109,13.109,13.109,
1996-08-14,12.991,12.991,12.991,12.991,
1996-08-15,13.109,13.109,13.109,13.109,
1996-08-16,13.133,13.133,13.133,13.133,
1996-08-19,13.157,13.157,13.157,13.157,
1996-08-20,13.038,13.038,13.038,13.038,
1996-08-21,13.038,13.038,13.038,13.038,
1996-08-22,13.062,13.062,13.062,13.062,
1996-08-23,12.872,12.872,12.872,12.872,
1996-08-26,12.706,12.706,12.706,12.706,
1996-08-27,12.754,12.754,12.754,12.754,
1996-08-28,12.848,12.848,12.848,12.848,
1996-08-29,12.611,12.611,12.611,12.611,
1996-08-30,12.445,12.445,12.445,12.445,
1996-09-03,12.351,12.351,12.351,12.351,
1996-09-04,12.522,12.522,12.522,12.522,
1996-09-05,12.499,12.499,12.499,12.499,
1996-09-06,12.379,12.379,12.379,12.379,
1996-09-09,12.689,12.689,12.689,12.689,
1996-09-10,12.785,12.785,12.785,12.785,
1996-09-11,12.785,12.785,12.785,12.785,
1996-09-12,12.832,12.832,12.832,12.832,
1996-09-13,12.952,12.952,12.952,12.952,
1996-09-16,12.999,12.999,12.999,12.999,
1996-09-17,13.047,13.047,13.047,13.047,
1996-09-18,13.047,13.047,13.047,13.047,
1996-09-19,13.071,13.071,13.071,13.071,
1996-09-20,13.095,13.095,13.095,13.095,
1996-09-23,13.238,13.238,13.238,13.238,
1996-09-24,13.19,13.19,13.19,13.19,
1996-09-25,13.143,13.143,13.143,13.143,
1996-09-26,13.5,13.5,13.5,13.5,
1996-09-27,13.405,13.405,13.405,13.405,
1996-09-30,13.429,13.429,13.429,13.429,
1996-10-01,13.548,13.548,13.548,13.548,
1996-10-02,13.453,13.453,13.453,13.453,
1996-10-03,13.596,13.596,13.596,13.596,
1996-10-04,13.596,13.596,13.596,13.596,
1996-10-07,13.429,13.429,13.429,13.429,
1996-10-08,13.643,13.643,13.643,13.643,
1996-10-09,13.453,13.453,13.453,13.453,
1996-10-10,13.286,13.286,13.286,13.286,
1996-10-11,13.333,13.333,13.333,13.333,
1996-10-14,13.667,13.667,13.667,13.667,
1996-10-15,13.596,13.596,13.596,13.596,
1996-10-16,13.739,13.739,13.739,13.739,
1996-10-17,14.287,14.287,14.287,14.287,
1996-10-18,14.383,14.383,14.383,14.383,
1996-10-21,14.311,14.311,14.311,14.311,
1996-10-22,14.431,14.431,14.431,14.431,
1996-10-23,14.478,14.478,14.478,14.478,
1996-10-24,14.335,14.335,14.335,14.335,
1996-10-25,13.977,13.977,13.977,13.977,
1996-10-28,13.906,13.906,13.906,13.906,
1996-10-29,14.097,14.097,14.097,14.097,
1996-10-30,14.001,14.001,14.001,14.001,
1996-10-31,14.097,14.097,14.097,14.097,
1996-11-01,14.12,14.12,14.12,14.12,
1996-11-04,14.383,14.383,14.383,14.383,
1996-11-05,14.407,14.407,14.407,14.407,
1996-11-06,15.075,15.075,15.075,15.075,
1996-11-07,15.122,15.122,15.122,15.122,
1996-11-08,15.361,15.361,15.361,15.361,
1996-11-11,15.456,15.456,15.456,15.456,
1996-11-12,15.194,15.194,15.194,15.194,
1996-11-13,15.241,15.241,15.241,15.241,
1996-11-14,15.528,15.528,15.528,15.528,
1996-11-15,15.647,15.647,15.647,15.647,
1996-11-18,15.575,15.575,15.575,15.575,
1996-11-19,15.599,15.599,15.599,15.599,
1996-11-20,15.742,15.742,15.742,15.742,
1996-11-21,15.623,15.623,15.623,15.623,
1996-11-22,15.79,15.79,15.79,15.79,
1996-11-25,16.076,16.076,16.076,16.076,
1996-11-26,15.957,15.957,15.957,15.957,
1996-11-27,15.981,15.981,15.981,15.981,
1996-11-29,15.838,15.838,15.838,15.838,
1996-12-02,15.695,15.695,15.695,15.695,
1996-12-03,15.456,15.456,15.456,15.456,
1996-12-04,15.408,15.408,15.408,15.408,
1996-12-05,15.198,15.198,15.198,15.198,
1996-12-06,14.982,14.982,14.982,14.982,
1996-12-09,15.413,15.413,15.413,15.413,
1996-12-10,15.269,15.269,15.269,15.269,
1996-12-11,15.174,15.174,15.174,15.174,
1996-12-12,14.622,14.622,14.622,14.622,
1996-12-13,14.814,14.814,14.814,14.814,
1996-12-16,14.55,14.55,14.55,14.55,
1996-12-17,14.622,14.622,14.622,14.622,
1996-12-18,14.742,14.742,14.742,14.742,
1996-12-19,15.581,15.581,15.581,15.581,
1996-12-20,15.845,15.845,15.845,15.845,
1996-12-23,15.917,15.917,15.917,15.917,
1996-12-24,15.965,15.965,15.965,15.965,
1996-12-26,15.677,15.677,15.677,15.677,
1996-12-27,15.653,15.653,15.653,15.653,
1996-12-30,15.557,15.557,15.557,15.557,
1996-12-31,15.269,15.269,15.269,15.269,
1997-01-02,15.317,15.317,15.317,15.317,
1997-01-03,15.845,15.845,15.845,15.845,
1997-01-06,15.893,15.893,15.893,15.893,
1997-01-07,15.917,15.917,15.917,15.917,
1997-01-08,15.725,15.725,15.725,15.725,
1997-01-09,15.845,15.845,15.845,15.845,
1997-01-10,15.965,15.965,15.965,15.965,
1997-01-13,15.917,15.917,15.917,15.917,
1997-01-14,16.108,16.108,16.108,16.108,
1997-01-15,15.965,15.965,15.965,15.965,
1997-01-16,16.252,16.252,16.252,16.252,
1997-01-17,16.492,16.492,16.492,16.492,
1997-01-20,16.42,16.42,16.42,16.42,
1997-01-21,16.588,16.588,16.588,16.588,
1997-01-22,16.947,16.947,16.947,16.947,
1997-01-23,16.54,16.54,16.54,16.54,
1997-01-24,16.42,16.42,16.42,16.42,
1997-01-27,16.204,16.204,16.204,16.204,
1997-01-28,16.684,16.684,16.684,16.684,
1997-01-29,16.923,16.923,16.923,16.923,
1997-01-30,17.331,17.331,17.331,17.331,
1997-01-31,17.379,17.379,17.379,17.379,
1997-02-03,17.307,17.307,17.307,17.307,
1997-02-04,17.571,17.571,17.571,17.571,
1997-02-05,17.235,17.235,17.235,17.235,
1997-02-06,17.643,17.643,17.643,17.643,
1997-02-07,17.93,17.93,17.93,17.93,
1997-02-10,17.714,17.714,17.714,17.714,
1997-02-11,17.834,17.834,17.834,17.834,
1997-02-12,18.386,18.386,18.386,18.386,
1997-02-13,19.105,19.105,19.105,19.105,
1997-02-14,18.673,18.673,18.673,18.673,
1997-02-18,19.033,19.033,19.033,19.033,
1997-02-19,18.793,18.793,18.793,18.793,
1997-02-20,18.505,18.505,18.505,18.505,
1997-02-21,18.242,18.242,18.242,18.242,
1997-02-24,18.865,18.865,18.865,18.865,
1997-02-25,18.745,18.745,18.745,18.745,
1997-02-26,18.673,18.673,18.673,18.673,
1997-02-27,18.002,18.002,18.002,18.002,
1997-02-28,17.667,17.667,17.667,17.667,
1997-03-03,18.026,18.026,18.026,18.026,
1997-03-04,17.499,17.499,17.499,17.499,
1997-03-05,18.109,18.109,18.109,18.109,
1997-03-06,17.772,17.772,17.772,17.772,
1997-03-07,17.917,17.917,17.917,17.917,
1997-03-10,18.374,18.374,18.374,18.374,
1997-03-11,18.085,18.085,18.085,18.085,
1997-03-12,17.772,17.772,17.772,17.772,
1997-03-13,17.435,17.435,17.435,17.435,
1997-03-14,17.026,17.026,17.026,17.026,
1997-03-17,17.556,17.556,17.556,17.556,
1997-03-18,17.411,17.411,17.411,17.411,
1997-03-19,17.628,17.628,17.628,17.628,
1997-03-20,17.483,17.483,17.483,17.483,
1997-03-21,17.556,17.556,17.556,17.556,
1997-03-24,17.315,17.315,17.315,17.315,
1997-03-25,17.531,17.531,17.531,17.531,
1997-03-26,17.507,17.507,17.507,17.507,
1997-03-27,17.122,17.122,17.122,17.122,
1997-03-31,16.231,16.231,16.231,16.231,
1997-04-01,16.689,16.689,16.689,16.689,
1997-04-02,16.448,16.448,16.448,16.448,
1997-04-03,16.424,16.424,16.424,16.424,
1997-04-04,16.737,16.737,16.737,16.737,
1997-04-07,16.689,16.689,16.689,16.689,
1997-04-08,16.424,16.424,16.424,16.424,
1997-04-09,15.701,15.701,15.701,15.701,
1997-04-10,16.111,16.111,16.111,16.111,
1997-04-11,15.749,15.749,15.749,15.749,
1997-04-14,15.918,15.918,15.918,15.918,
1997-04-15,16.279,16.279,16.279,16.279,
1997-04-16,16.496,16.496,16.496,16.496,
1997-04-17,16.616,16.616,16.616,16.616,
1997-04-18,16.689,16.689,16.689,16.689,
1997-04-21,16.665,16.665,16.665,16.665,
1997-04-22,17.194,17.194,17.194,17.194,
1997-04-23,16.905,16.905,16.905,16.905,
1997-04-24,16.785,16.785,16.785,16.785,
1997-04-25,16.833,16.833,16.833,16.833,
1997-04-28,17.098,17.098,17.098,17.098,
1997-04-29,17.628,17.628,17.628,17.628,
1997-04-30,17.411,17.411,17.411,17.411,
1997-05-01,17.146,17.146,17.146,17.146,
1997-05-02,17.531,17.531,17.531,17.531,
1997-05-05,17.628,17.628,17.628,17.628,
1997-05-06,17.724,17.724,17.724,17.724,
1997-05-07,17.242,17.242,17.242,17.242,
1997-05-08,17.098,17.098,17.098,17.098,
1997-05-09,17.387,17.387,17.387,17.387,
1997-05-12,17.845,17.845,17.845,17.845,
1997-05-13,17.82,17.82,17.82,17.82,
1997-05-14,17.845,17.845,17.845,17.845,
1997-05-15,18.037,18.037,18.037,18.037,
1997-05-16,17.58,17.58,17.58,17.58,
1997-05-19,17.748,17.748,17.748,17.748,
1997-05-20,17.941,17.941,17.941,17.941,
1997-05-21,17.893,17.893,17.893,17.893,
1997-05-22,17.604,17.604,17.604,17.604,
1997-05-23,17.917,17.917,17.917,17.917,
1997-05-27,17.989,17.989,17.989,17.989,
1997-05-28,17.724,17.724,17.724,17.724,
1997-05-29,17.531,17.531,17.531,17.531,
1997-05-30,17.315,17.315,17.315,17.315,
1997-06-02,17.339,17.339,17.339,17.339,
1997-06-03,17.339,17.339,17.339,17.339,
1997-06-04,17.194,17.194,17.194,17.194,
1997-06-05,17.276,17.276,17.276,17.276,
1997-06-06,17.856,17.856,17.856,17.856,
1997-06-09,18.098,18.098,18.098,18.098,
1997-06-10,18.195,18.195,18.195,18.195,
1997-06-11,18.534,18.534,18.534,18.534,
1997-06-12,18.897,18.897,18.897,18.897,
1997-06-13,19.09,19.09,19.09,19.09,
1997-06-16,18.969,18.969,18.969,18.969,
1997-06-17,18.897,18.897,18.897,18.897,
1997-06-18,18.655,18.655,18.655,18.655,
1997-06-19,19.308,19.308,19.308,19.308,
1997-06-20,19.356,19.356,19.356,19.356,
1997-06-23,19.09,19.09,19.09,19.09,
1997-06-24,19.961,19.961,19.961,19.961,
1997-06-25,19.901,19.901,19.901,19.901,
1997-06-26,19.695,19.695,19.695,19.695,
1997-06-27,19.84,19.84,19.84,19.84,
1997-06-30,19.804,19.804,19.804,19.804,
1997-07-01,20.143,20.143,20.143,20.143,
1997-07-02,20.252,20.252,20.252,20.252,
1997-07-03,20.361,20.361,20.361,20.361,
1997-07-07,20.034,20.034,20.034,20.034,
1997-07-08,20.119,20.119,20.119,20.119,
1997-07-09,19.586,19.586,19.586,19.586,
1997-07-10,19.453,19.453,19.453,19.453,
1997-07-11,19.647,19.647,19.647,19.647,
1997-07-14,19.477,19.477,19.477,19.477,
1997-07-15,19.465,19.465,19.465,19.465,
1997-07-16,19.066,19.066,19.066,19.066,
1997-07-17,20.663,20.663,20.663,20.663,
1997-07-18,20.59,20.59,20.59,20.59,
1997-07-21,20.252,20.252,20.252,20.252,
1997-07-22,20.554,20.554,20.554,20.554,
1997-07-23,20.264,20.264,20.264,20.264,
1997-07-24,20.082,20.082,20.082,20.082,
1997-07-25,19.937,19.937,19.937,19.937,
1997-07-28,19.477,19.477,19.477,19.477,
1997-07-29,19.889,19.889,19.889,19.889,
1997-07-30,20.131,20.131,20.131,20.131,
1997-07-31,20.107,20.107,20.107,20.107,
1997-08-01,19.84,19.84,19.84,19.84,
1997-08-04,19.961,19.961,19.961,19.961,
1997-08-05,19.937,19.937,19.937,19.937,
1997-08-06,19.744,19.744,19.744,19.744,
1997-08-07,19.308,19.308,19.308,19.308,
1997-08-08,19.127,19.127,19.127,19.127,
1997-08-11,18.437,18.437,18.437,18.437,
1997-08-12,18.122,18.122,18.122,18.122,
1997-08-13,17.929,17.929,17.929,17.929,
1997-08-14,18.062,18.062,18.062,18.062,
1997-08-15,17.59,17.59,17.59,17.59,
1997-08-18,18.05,18.05,18.05,18.05,
1997-08-19,18.34,18.34,18.34,18.34,
1997-08-20,18.534,18.534,18.534,18.534,
1997-08-21,18.34,18.34,18.34,18.34,
1997-08-22,18.268,18.268,18.268,18.268,
1997-08-25,18.098,18.098,18.098,18.098,
1997-08-26,17.735,17.735,17.735,17.735,
1997-08-27,17.977,17.977,17.977,17.977,
1997-08-28,17.808,17.808,17.808,17.808,
1997-08-29,17.772,17.772,17.772,17.772,
1997-09-02,18.522,18.522,18.522,18.522,
1997-09-03,18.658,18.658,18.658,18.658,
1997-09-04,18.536,18.536,18.536,18.536,
1997-09-05,18.573,18.573,18.573,18.573,
1997-09-08,18.208,18.208,18.208,18.208,
1997-09-09,18.366,18.366,18.366,18.366,
1997-09-10,17.977,17.977,17.977,17.977,
1997-09-11,17.965,17.965,17.965,17.965,
1997-09-12,18.05,18.05,18.05,18.05,
1997-09-15,18.22,18.22,18.22,18.22,
1997-09-16,18.804,18.804,18.804,18.804,
1997-09-17,19.059,19.059,19.059,19.059,
1997-09-18,18.913,18.913,18.913,18.913,
1997-09-19,19.18,19.18,19.18,19.18,
1997-09-22,20.007,20.007,20.007,20.007,
1997-09-23,20.202,20.202,20.202,20.202,
1997-09-24,19.691,19.691,19.691,19.691,
1997-09-25,19.278,19.278,19.278,19.278,
1997-09-26,19.472,19.472,19.472,19.472,
1997-09-29,19.752,19.752,19.752,19.752,
1997-09-30,19.436,19.436,19.436,19.436,
1997-10-01,19.521,19.521,19.521,19.521,
1997-10-02,19.703,19.703,19.703,19.703,
1997-10-03,19.618,19.618,19.618,19.618,
1997-10-06,19.667,19.667,19.667,19.667,
1997-10-07,19.922,19.922,19.922,19.922,
1997-10-08,19.885,19.885,19.885,19.885,
1997-10-09,19.472,19.472,19.472,19.472,
1997-10-10,19.278,19.278,19.278,19.278,
1997-10-13,19.436,19.436,19.436,19.436,
1997-10-14,19.74,19.74,19.74,19.74,
1997-10-15,19.885,19.885,19.885,19.885,
1997-10-16,18.986,18.986,18.986,18.986,
1997-10-17,18.427,18.427,18.427,18.427,
1997-10-20,18.415,18.415,18.415,18.415,
1997-10-21,18.889,18.889,18.889,18.889,
1997-10-22,18.913,18.913,18.913,18.913,
1997-10-23,18.378,18.378,18.378,18.378,
1997-10-24,18.159,18.159,18.159,18.159,
1997-10-27,16.531,16.531,16.531,16.531,
1997-10-28,17.09,17.09,17.09,17.09,
1997-10-29,17.248,17.248,17.248,17.248,
1997-10-30,17.017,17.017,17.017,17.017,
1997-10-31,17.357,17.357,17.357,17.357,
1997-11-03,17.6,17.6,17.6,17.6,
1997-11-04,17.151,17.151,17.151,17.151,
1997-11-05,17.09,17.09,17.09,17.09,
1997-11-06,17.26,17.26,17.26,17.26,
1997-11-07,17.26,17.26,17.26,17.26,
1997-11-10,17.211,17.211,17.211,17.211,
1997-11-11,17.236,17.236,17.236,17.236,
1997-11-12,16.908,16.908,16.908,16.908,
1997-11-13,17.102,17.102,17.102,17.102,
1997-11-14,17.564,17.564,17.564,17.564,
1997-11-17,17.771,17.771,17.771,17.771,
1997-11-18,17.625,17.625,17.625,17.625,
1997-11-19,18.05,18.05,18.05,18.05,
1997-11-20,18.001,18.001,18.001,18.001,
1997-11-21,18.39,18.39,18.39,18.39,
1997-11-24,17.989,17.989,17.989,17.989,
1997-11-25,18.269,18.269,18.269,18.269,
1997-11-26,18.305,18.305,18.305,18.305,
1997-11-28,18.442,18.442,18.442,18.442,
1997-12-01,18.536,18.536,18.536,18.536,
1997-12-02,18.5,18.5,18.5,18.5,
1997-12-03,19.15,19.15,19.15,19.15,
1997-12-04,20.444,20.444,20.444,20.444,
1997-12-05,20.42,20.42,20.42,20.42,
1997-12-08,20.469,20.469,20.469,20.469,
1997-12-09,20.53,20.53,20.53,20.53,
1997-12-10,20.493,20.493,20.493,20.493,
1997-12-11,20.444,20.444,20.444,20.444,
1997-12-12,20.469,20.469,20.469,20.469,
1997-12-15,20.615,20.615,20.615,20.615,
1997-12-16,20.847,20.847,20.847,20.847,
1997-12-17,20.969,20.969,20.969,20.969,
1997-12-18,20.542,20.542,20.542,20.542,
1997-12-19,20.053,20.053,20.053,20.053,
1997-12-22,20.701,20.701,20.701,20.701,
1997-12-23,20.407,20.407,20.407,20.407,
1997-12-24,19.785,19.785,19.785,19.785,
1997-12-26,20.224,20.224,20.224,20.224,
1997-12-29,20.469,20.469,20.469,20.469,
1997-12-30,20.847,20.847,20.847,20.847,
1997-12-31,20.713,20.713,20.713,20.713,
1998-01-02,21.03,21.03,21.03,21.03,
1998-01-05,21.152,21.152,21.152,21.152,
1998-01-06,20.859,20.859,20.859,20.859,
1998-01-07,20.542,20.542,20.542,20.542,
1998-01-08,20.749,20.749,20.749,20.749,
1998-01-09,20.102,20.102,20.102,20.102,
1998-01-12,20.749,20.749,20.749,20.749,
1998-01-13,20.762,20.762,20.762,20.762,
1998-01-14,21.47,21.47,21.47,21.47,
1998-01-15,21.238,21.238,21.238,21.238,
1998-01-16,21.446,21.446,21.446,21.446,
1998-01-20,22.569,22.569,22.569,22.569,
1998-01-21,22.276,22.276,22.276,22.276,
1998-01-22,22.007,22.007,22.007,22.007,
1998-01-23,22.068,22.068,22.068,22.068,
1998-01-26,22.276,22.276,22.276,22.276,
1998-01-27,22.374,22.374,22.374,22.374,
1998-01-28,22.984,22.984,22.984,22.984,
1998-01-29,23.033,23.033,23.033,23.033,
1998-01-30,22.935,22.935,22.935,22.935,
1998-02-02,23.009,23.009,23.009,23.009,
1998-02-03,22.716,22.716,22.716,22.716,
1998-02-04,22.471,22.471,22.471,22.471,
1998-02-05,22.129,22.129,22.129,22.129,
1998-02-06,22.325,22.325,22.325,22.325,
1998-02-09,22.618,22.618,22.618,22.618,
1998-02-10,22.948,22.948,22.948,22.948,
1998-02-11,22.96,22.96,22.96,22.96,
1998-02-12,23.021,23.021,23.021,23.021,
1998-02-13,22.997,22.997,22.997,22.997,
1998-02-17,23.424,23.424,23.424,23.424,
1998-02-18,24.279,24.279,24.279,24.279,
1998-02-19,23.888,23.888,23.888,23.888,
1998-02-20,24.364,24.364,24.364,24.364,
1998-02-23,25.525,25.525,25.525,25.525,
1998-02-24,24.999,24.999,24.999,24.999,
1998-02-25,24.792,24.792,24.792,24.792,
1998-02-26,24.621,24.621,24.621,24.621,
1998-02-27,24.926,24.926,24.926,24.926,
1998-03-02,24.78,24.78,24.78,24.78,
1998-03-03,24.78,24.78,24.78,24.78,
1998-03-04,24.488,24.488,24.488,24.488,
1998-03-05,24.255,24.255,24.255,24.255,
1998-03-06,24.978,24.978,24.978,24.978,
1998-03-09,25.236,25.236,25.236,25.236,
1998-03-10,25.652,25.652,25.652,25.652,
1998-03-11,25.444,25.444,25.444,25.444,
1998-03-12,25.309,25.309,25.309,25.309,
1998-03-13,25.15,25.15,25.15,25.15,
1998-03-16,25.395,25.395,25.395,25.395,
1998-03-17,25.91,25.91,25.91,25.91,
1998-03-18,25.787,25.787,25.787,25.787,
1998-03-19,25.689,25.689,25.689,25.689,
1998-03-20,25.861,25.861,25.861,25.861,
1998-03-23,25.701,25.701,25.701,25.701,
1998-03-24,25.861,25.861,25.861,25.861,
1998-03-25,25.493,25.493,25.493,25.493,
1998-03-26,25.199,25.199,25.199,25.199,
1998-03-27,25.052,25.052,25.052,25.052,
1998-03-30,24.758,24.758,24.758,24.758,
1998-03-31,25.137,25.137,25.137,25.137,
1998-04-01,25.468,25.468,25.468,25.468,
1998-04-02,25.959,25.959,25.959,25.959,
1998-04-03,25.775,25.775,25.775,25.775,
1998-04-06,25.873,25.873,25.873,25.873,
1998-04-07,25.64,25.64,25.64,25.64,
1998-04-08,25.064,25.064,25.064,25.064,
1998-04-09,24.758,24.758,24.758,24.758,
1998-04-13,24.561,24.561,24.561,24.561,
1998-04-14,24.512,24.512,24.512,24.512,
1998-04-15,24.218,24.218,24.218,24.218,
1998-04-16,23.422,23.422,23.422,23.422,
1998-04-17,23.605,23.605,23.605,23.605,
1998-04-20,23.973,23.973,23.973,23.973,
1998-04-21,23.556,23.556,23.556,23.556,
1998-04-22,23.458,23.458,23.458,23.458,
1998-04-23,23.605,23.605,23.605,23.605,
1998-04-24,22.846,22.846,22.846,22.846,
1998-04-27,22.122,22.122,22.122,22.122,
1998-04-28,22.649,22.649,22.649,22.649,
1998-04-29,22.748,22.748,22.748,22.748,
1998-04-30,23.63,23.63,23.63,23.63,
1998-05-01,22.809,22.809,22.809,22.809,
1998-05-04,22.784,22.784,22.784,22.784,
1998-05-05,22.735,22.735,22.735,22.735,
1998-05-06,22.649,22.649,22.649,22.649,
1998-05-07,22.551,22.551,22.551,22.551,
1998-05-08,23.115,23.115,23.115,23.115,
1998-05-11,23.152,23.152,23.152,23.152,
1998-05-12,23.029,23.029,23.029,23.029,
1998-05-13,23.017,23.017,23.017,23.017,
1998-05-14,23.152,23.152,23.152,23.152,
1998-05-15,22.895,22.895,22.895,22.895,
1998-05-18,23.458,23.458,23.458,23.458,
1998-05-19,23.311,23.311,23.311,23.311,
1998-05-20,23.642,23.642,23.642,23.642,
1998-05-21,23.275,23.275,23.275,23.275,
1998-05-22,23.14,23.14,23.14,23.14,
1998-05-26,22.846,22.846,22.846,22.846,
1998-05-27,23.299,23.299,23.299,23.299,
1998-05-28,23.324,23.324,23.324,23.324,
1998-05-29,22.944,22.944,22.944,22.944,
1998-06-01,22.846,22.846,22.846,22.846,
1998-06-02,22.576,22.576,22.576,22.576,
1998-06-03,22.16,22.16,22.16,22.16,
1998-06-04,22.775,22.775,22.775,22.775,
1998-06-05,23.538,23.538,23.538,23.538,
1998-06-08,23.92,23.92,23.92,23.92,
1998-06-09,24.215,24.215,24.215,24.215,
1998-06-10,24.83,24.83,24.83,24.83,
1998-06-11,24.904,24.904,24.904,24.904,
1998-06-12,24.892,24.892,24.892,24.892,
1998-06-15,24.412,24.412,24.412,24.412,
1998-06-16,24.929,24.929,24.929,24.929,
1998-06-17,25.15,25.15,25.15,25.15,
1998-06-18,25.371,25.371,25.371,25.371,
1998-06-19,24.978,24.978,24.978,24.978,
1998-06-22,24.769,24.769,24.769,24.769,
1998-06-23,25.064,25.064,25.064,25.064,
1998-06-24,25.839,25.839,25.839,25.839,
1998-06-25,25.716,25.716,25.716,25.716,
1998-06-26,25.876,25.876,25.876,25.876,
1998-06-29,26.134,26.134,26.134,26.134,
1998-06-30,26.331,26.331,26.331,26.331,
1998-07-01,26.214,26.214,26.214,26.214,
1998-07-02,26.134,26.134,26.134,26.134,
1998-07-06,26.553,26.553,26.553,26.553,
1998-07-07,26.257,26.257,26.257,26.257,
1998-07-08,26.307,26.307,26.307,26.307,
1998-07-09,25.974,25.974,25.974,25.974,
1998-07-10,26.085,26.085,26.085,26.085,
1998-07-13,26.553,26.553,26.553,26.553,
1998-07-14,27.045,27.045,27.045,27.045,
1998-07-15,26.897,26.897,26.897,26.897,
1998-07-16,27.242,27.242,27.242,27.242,
1998-07-17,27.168,27.168,27.168,27.168,
1998-07-20,27.242,27.242,27.242,27.242,
1998-07-21,25.31,25.31,25.31,25.31,
1998-07-22,24.633,24.633,24.633,24.633,
1998-07-23,24.301,24.301,24.301,24.301,
1998-07-24,24.756,24.756,24.756,24.756,
1998-07-27,24.621,24.621,24.621,24.621,
1998-07-28,24.51,24.51,24.51,24.51,
1998-07-29,24.276,24.276,24.276,24.276,
1998-07-30,24.842,24.842,24.842,24.842,
1998-07-31,24.326,24.326,24.326,24.326,
1998-08-03,23.92,23.92,23.92,23.92,
1998-08-04,23.452,23.452,23.452,23.452,
1998-08-05,23.846,23.846,23.846,23.846,
1998-08-06,24.067,24.067,24.067,24.067,
1998-08-07,24.387,24.387,24.387,24.387,
1998-08-10,24.83,24.83,24.83,24.83,
1998-08-11,24.412,24.412,24.412,24.412,
1998-08-12,24.658,24.658,24.658,24.658,
1998-08-13,24.953,24.953,24.953,24.953,
1998-08-14,25.076,25.076,25.076,25.076,
1998-08-17,25.839,25.839,25.839,25.839,
1998-08-18,25.888,25.888,25.888,25.888,
1998-08-19,25.778,25.778,25.778,25.778,
1998-08-20,25.335,25.335,25.335,25.335,
1998-08-21,25.396,25.396,25.396,25.396,
1998-08-24,25.864,25.864,25.864,25.864,
1998-08-25,26.282,26.282,26.282,26.282,
1998-08-26,26.257,26.257,26.257,26.257,
1998-08-27,25.421,25.421,25.421,25.421,
1998-08-28,25.076,25.076,25.076,25.076,
1998-08-31,22.824,22.824,22.824,22.824,
1998-09-01,24.116,24.116,24.116,24.116,
1998-09-02,23.729,23.729,23.729,23.729,
1998-09-03,24.421,24.421,24.421,24.421,
1998-09-04,24.149,24.149,24.149,24.149,
1998-09-08,24.816,24.816,24.816,24.816,
1998-09-09,25.002,25.002,25.002,25.002,
1998-09-10,24.483,24.483,24.483,24.483,
1998-09-11,25.311,25.311,25.311,25.311,
1998-09-14,26.102,26.102,26.102,26.102,
1998-09-15,26.794,26.794,26.794,26.794,
1998-09-16,26.744,26.744,26.744,26.744,
1998-09-17,26.46,26.46,26.46,26.46,
1998-09-18,26.584,26.584,26.584,26.584,
1998-09-21,26.819,26.819,26.819,26.819,
1998-09-22,27.016,27.016,27.016,27.016,
1998-09-23,27.399,27.399,27.399,27.399,
1998-09-24,27.115,27.115,27.115,27.115,
1998-09-25,26.003,26.003,26.003,26.003,
1998-09-28,25.459,25.459,25.459,25.459,
1998-09-29,26.089,26.089,26.089,26.089,
1998-09-30,25.62,25.62,25.62,25.62,
1998-10-01,24.718,24.718,24.718,24.718,
1998-10-02,25.261,25.261,25.261,25.261,
1998-10-05,25.459,25.459,25.459,25.459,
1998-10-06,25.237,25.237,25.237,25.237,
1998-10-07,24.878,24.878,24.878,24.878,
1998-10-08,25.113,25.113,25.113,25.113,
1998-10-09,25.719,25.719,25.719,25.719,
1998-10-12,25.929,25.929,25.929,25.929,
1998-10-13,25.855,25.855,25.855,25.855,
1998-10-14,25.583,25.583,25.583,25.583,
1998-10-15,26.349,26.349,26.349,26.349,
1998-10-16,26.893,26.893,26.893,26.893,
1998-10-19,26.448,26.448,26.448,26.448,
1998-10-20,25.83,25.83,25.83,25.83,
1998-10-21,26.349,26.349,26.349,26.349,
1998-10-22,26.386,26.386,26.386,26.386,
1998-10-23,25.817,25.817,25.817,25.817,
1998-10-26,26.028,26.028,26.028,26.028,
1998-10-27,26.052,26.052,26.052,26.052,
1998-10-28,26.102,26.102,26.102,26.102,
1998-10-29,26.88,26.88,26.88,26.88,
1998-10-30,26.707,26.707,26.707,26.707,
1998-11-02,27.387,27.387,27.387,27.387,
1998-11-03,27.597,27.597,27.597,27.597,
1998-11-04,27.35,27.35,27.35,27.35,
1998-11-05,28.067,28.067,28.067,28.067,
1998-11-06,28.66,28.66,28.66,28.66,
1998-11-09,28.784,28.784,28.784,28.784,
1998-11-10,29.031,29.031,29.031,29.031,
1998-11-11,28.475,28.475,28.475,28.475,
1998-11-12,28.747,28.747,28.747,28.747,
1998-11-13,28.796,28.796,28.796,28.796,
1998-11-16,29.13,29.13,29.13,29.13,
1998-11-17,29.142,29.142,29.142,29.142,
1998-11-18,29.537,29.537,29.537,29.537,
1998-11-19,29.723,29.723,29.723,29.723,
1998-11-20,29.958,29.958,29.958,29.958,
1998-11-23,30.848,30.848,30.848,30.848,
1998-11-24,31.367,31.367,31.367,31.367,
1998-11-25,31.342,31.342,31.342,31.342,
1998-11-27,31.416,31.416,31.416,31.416,
1998-11-30,30.674,30.674,30.674,30.674,
1998-12-01,31.045,31.045,31.045,31.045,
1998-12-02,31.425,31.425,31.425,31.425,
1998-12-03,30.731,30.731,30.731,30.731,
1998-12-04,31.276,31.276,31.276,31.276,
1998-12-07,31.289,31.289,31.289,31.289,
1998-12-08,31.487,31.487,31.487,31.487,
1998-12-09,30.148,30.148,30.148,30.148,
1998-12-10,29.019,29.019,29.019,29.019,
1998-12-11,28.883,28.883,28.883,28.883,
1998-12-14,28.883,28.883,28.883,28.883,
1998-12-15,28.945,28.945,28.945,28.945,
1998-12-16,29.317,29.317,29.317,29.317,
1998-12-17,29.354,29.354,29.354,29.354,
1998-12-18,28.672,28.672,28.672,28.672,
1998-12-21,28.585,28.585,28.585,28.585,
1998-12-22,29.243,29.243,29.243,29.243,
1998-12-23,29.689,29.689,29.689,29.689,
1998-12-24,29.528,29.528,29.528,29.528,
1998-12-28,29.367,29.367,29.367,29.367,
1998-12-29,29.974,29.974,29.974,29.974,
1998-12-30,29.528,29.528,29.528,29.528,
1998-12-31,29.267,29.267,29.267,29.267,
1999-01-04,29.714,29.714,29.714,29.714,
1999-01-05,29.912,29.912,29.912,29.912,
1999-01-06,30.495,30.495,30.495,30.495,
1999-01-07,30.222,30.222,30.222,30.222,
1999-01-08,30.52,30.52,30.52,30.52,
1999-01-11,29.9,29.9,29.9,29.9,
1999-01-12,29.354,29.354,29.354,29.354,
1999-01-13,29.243,29.243,29.243,29.243,
1999-01-14,28.722,28.722,28.722,28.722,
1999-01-15,29.193,29.193,29.193,29.193,
1999-01-19,29.317,29.317,29.317,29.317,
1999-01-20,29.54,29.54,29.54,29.54,
1999-01-21,29.032,29.032,29.032,29.032,
1999-01-22,27.581,27.581,27.581,27.581,
1999-01-25,27.283,27.283,27.283,27.283,
1999-01-26,28.573,28.573,28.573,28.573,
1999-01-27,28.523,28.523,28.523,28.523,
1999-01-28,28.263,28.263,28.263,28.263,
1999-01-29,29.119,29.119,29.119,29.119,
1999-02-01,29.156,29.156,29.156,29.156,
1999-02-02,29.825,29.825,29.825,29.825,
1999-02-03,29.739,29.739,29.739,29.739,
1999-02-04,29.813,29.813,29.813,29.813,
1999-02-05,29.639,29.639,29.639,29.639,
1999-02-08,29.739,29.739,29.739,29.739,
1999-02-09,28.846,28.846,28.846,28.846,
1999-02-10,29.019,29.019,29.019,29.019,
1999-02-11,29.912,29.912,29.912,29.912,
1999-02-12,29.863,29.863,29.863,29.863,
1999-02-16,30.545,30.545,30.545,30.545,
1999-02-17,30.235,30.235,30.235,30.235,
1999-02-18,30.904,30.904,30.904,30.904,
1999-02-19,31.351,31.351,31.351,31.351,
1999-02-22,32.442,32.442,32.442,32.442,
1999-02-23,32.169,32.169,32.169,32.169,
1999-02-24,31.549,31.549,31.549,31.549,
1999-02-25,32.07,32.07,32.07,32.07,
1999-02-26,32.343,32.343,32.343,32.343,
1999-03-01,31.648,31.648,31.648,31.648,
1999-03-02,31.524,31.524,31.524,31.524,
1999-03-03,31.234,31.234,31.234,31.234,
1999-03-04,32.03,32.03,32.03,32.03,
1999-03-05,32.951,32.951,32.951,32.951,
1999-03-08,33.026,33.026,33.026,33.026,
1999-03-09,33.1,33.1,33.1,33.1,
1999-03-10,32.976,32.976,32.976,32.976,
1999-03-11,32.976,32.976,32.976,32.976,
1999-03-12,33.399,33.399,33.399,33.399,
1999-03-15,33.548,33.548,33.548,33.548,
1999-03-16,34.195,34.195,34.195,34.195,
1999-03-17,33.449,33.449,33.449,33.449,
1999-03-18,34.245,34.245,34.245,34.245,
1999-03-19,34.245,34.245,34.245,34.245,
1999-03-22,34.394,34.394,34.394,34.394,
1999-03-23,33.051,33.051,33.051,33.051,
1999-03-24,32.802,32.802,32.802,32.802,
1999-03-25,32.876,32.876,32.876,32.876,
1999-03-26,32.005,32.005,32.005,32.005,
1999-03-29,32.553,32.553,32.553,32.553,
1999-03-30,32.752,32.752,32.752,32.752,
1999-03-31,31.906,31.906,31.906,31.906,
1999-04-01,31.831,31.831,31.831,31.831,
1999-04-05,31.134,31.134,31.134,31.134,
1999-04-06,31.084,31.084,31.084,31.084,
1999-04-07,31.931,31.931,31.931,31.931,
1999-04-08,32.503,32.503,32.503,32.503,
1999-04-09,33.15,33.15,33.15,33.15,
1999-04-12,33.847,33.847,33.847,33.847,
1999-04-13,33.1,33.1,33.1,33.1,
1999-04-14,31.259,31.259,31.259,31.259,
1999-04-15,30.811,30.811,30.811,30.811,
1999-04-16,30.91,30.91,30.91,30.91,
1999-04-19,29.118,29.118,29.118,29.118,
1999-04-20,29.965,29.965,29.965,29.965,
1999-04-21,30.213,30.213,30.213,30.213,
1999-04-22,31.01,31.01,31.01,31.01,
1999-04-23,30.164,30.164,30.164,30.164,
1999-04-26,29.467,29.467,29.467,29.467,
1999-04-27,29.293,29.293,29.293,29.293,
1999-04-28,28.173,28.173,28.173,28.173,
1999-04-29,28.023,28.023,28.023,28.023,
1999-04-30,28.023,28.023,28.023,28.023,
1999-05-03,28.148,28.148,28.148,28.148,
1999-05-04,28.222,28.222,28.222,28.222,
1999-05-05,28.994,28.994,28.994,28.994,
1999-05-06,29.616,29.616,29.616,29.616,
1999-05-07,29.666,29.666,29.666,29.666,
1999-05-10,28.72,28.72,28.72,28.72,
1999-05-11,28.496,28.496,28.496,28.496,
1999-05-12,28.496,28.496,28.496,28.496,
1999-05-13,29.069,29.069,29.069,29.069,
1999-05-14,28.372,28.372,28.372,28.372,
1999-05-17,28.645,28.645,28.645,28.645,
1999-05-18,27.998,27.998,27.998,27.998,
1999-05-19,28.073,28.073,28.073,28.073,
1999-05-20,28.77,28.77,28.77,28.77,
1999-05-21,28.397,28.397,28.397,28.397,
1999-05-24,27.824,27.824,27.824,27.824,
1999-05-25,27.177,27.177,27.177,27.177,
1999-05-26,26.804,26.804,26.804,26.804,
1999-05-27,26.281,26.281,26.281,26.281,
1999-05-28,26.928,26.928,26.928,26.928,
1999-06-01,27.127,27.127,27.127,27.127,
1999-06-02,26.686,26.686,26.686,26.686,
1999-06-03,27.31,27.31,27.31,27.31,
1999-06-04,28.235,28.235,28.235,28.235,
1999-06-07,27.71,27.71,27.71,27.71,
1999-06-08,27.435,27.435,27.435,27.435,
1999-06-09,27.935,27.935,27.935,27.935,
1999-06-10,27.135,27.135,27.135,27.135,
1999-06-11,26.611,26.611,26.611,26.611,
1999-06-14,26.486,26.486,26.486,26.486,
1999-06-15,27.035,27.035,27.035,27.035,
1999-06-16,27.435,27.435,27.435,27.435,
1999-06-17,27.785,27.785,27.785,27.785,
1999-06-18,27.585,27.585,27.585,27.585,
1999-06-21,27.76,27.76,27.76,27.76,
1999-06-22,27.885,27.885,27.885,27.885,
1999-06-23,27.135,27.135,27.135,27.135,
1999-06-24,27.56,27.56,27.56,27.56,
1999-06-25,27.535,27.535,27.535,27.535,
1999-06-28,28.01,28.01,28.01,28.01,
1999-06-29,28.585,28.585,28.585,28.585,
1999-06-30,29.434,29.434,29.434,29.434,
1999-07-01,30.084,30.084,30.084,30.084,
1999-07-02,30.084,30.084,30.084,30.084,
1999-07-06,29.559,29.559,29.559,29.559,
1999-07-07,29.859,29.859,29.859,29.859,
1999-07-08,30.109,30.109,30.109,30.109,
1999-07-09,30.059,30.059,30.059,30.059,
1999-07-12,29.984,29.984,29.984,29.984,
1999-07-13,29.834,29.834,29.834,29.834,
1999-07-14,29.084,29.084,29.084,29.084,
1999-07-15,29.184,29.184,29.184,29.184,
1999-07-16,28.435,28.435,28.435,28.435,
1999-07-19,28.235,28.235,28.235,28.235,
1999-07-20,27.46,27.46,27.46,27.46,
1999-07-21,27.46,27.46,27.46,27.46,
1999-07-22,27.735,27.735,27.735,27.735,
1999-07-23,27.585,27.585,27.585,27.585,
1999-07-26,27.31,27.31,27.31,27.31,
1999-07-27,27.485,27.485,27.485,27.485,
1999-07-28,27.385,27.385,27.385,27.385,
1999-07-29,26.686,26.686,26.686,26.686,
1999-07-30,27.035,27.035,27.035,27.035,
1999-08-02,26.935,26.935,26.935,26.935,
1999-08-03,26.786,26.786,26.786,26.786,
1999-08-04,25.786,25.786,25.786,25.786,
1999-08-05,25.586,25.586,25.586,25.586,
1999-08-06,24.912,24.912,24.912,24.912,
1999-08-09,24.812,24.812,24.812,24.812,
1999-08-10,24.887,24.887,24.887,24.887,
1999-08-11,24.362,24.362,24.362,24.362,
1999-08-12,24.787,24.787,24.787,24.787,
1999-08-13,25.486,25.486,25.486,25.486,
1999-08-16,25.911,25.911,25.911,25.911,
1999-08-17,25.986,25.986,25.986,25.986,
1999-08-18,25.911,25.911,25.911,25.911,
1999-08-19,26.186,26.186,26.186,26.186,
1999-08-20,27.035,27.035,27.035,27.035,
1999-08-23,28.01,28.01,28.01,28.01,
1999-08-24,27.585,27.585,27.585,27.585,
1999-08-25,28.185,28.185,28.185,28.185,
1999-08-26,27.51,27.51,27.51,27.51,
1999-08-27,27.235,27.235,27.235,27.235,
1999-08-30,27.235,27.235,27.235,27.235,
1999-08-31,26.86,26.86,26.86,26.86,
1999-09-01,27.654,27.654,27.654,27.654,
1999-09-02,27.404,27.404,27.404,27.404,
1999-09-03,28.307,28.307,28.307,28.307,
1999-09-07,27.629,27.629,27.629,27.629,
1999-09-08,27.78,27.78,27.78,27.78,
1999-09-09,27.78,27.78,27.78,27.78,
1999-09-10,28.031,28.031,28.031,28.031,
1999-09-13,27.956,27.956,27.956,27.956,
1999-09-14,27.529,27.529,27.529,27.529,
1999-09-15,27.328,27.328,27.328,27.328,
1999-09-16,27.88,27.88,27.88,27.88,
1999-09-17,27.579,27.579,27.579,27.579,
1999-09-20,28.156,28.156,28.156,28.156,
1999-09-21,27.604,27.604,27.604,27.604,
1999-09-22,28.056,28.056,28.056,28.056,
1999-09-23,27.529,27.529,27.529,27.529,
1999-09-24,26.525,26.525,26.525,26.525,
1999-09-27,26.475,26.475,26.475,26.475,
1999-09-28,26.249,26.249,26.249,26.249,
1999-09-29,25.823,25.823,25.823,25.823,
1999-09-30,26.023,26.023,26.023,26.023,
1999-10-01,27.353,27.353,27.353,27.353,
1999-10-04,27.805,27.805,27.805,27.805,
1999-10-05,28.156,28.156,28.156,28.156,
1999-10-06,28.959,28.959,28.959,28.959,
1999-10-07,28.458,28.458,28.458,28.458,
1999-10-08,29.612,29.612,29.612,29.612,
1999-10-11,30.164,30.164,30.164,30.164,
1999-10-12,29.687,29.687,29.687,29.687,
1999-10-13,29.11,29.11,29.11,29.11,
1999-10-14,29.311,29.311,29.311,29.311,
1999-10-15,28.207,28.207,28.207,28.207,
1999-10-18,28.985,28.985,28.985,28.985,
1999-10-19,30.089,30.089,30.089,30.089,
1999-10-20,30.39,30.39,30.39,30.39,
1999-10-21,31.569,31.569,31.569,31.569,
1999-10-22,32.021,32.021,32.021,32.021,
1999-10-25,31.544,31.544,31.544,31.544,
1999-10-26,31.168,31.168,31.168,31.168,
1999-10-27,31.243,31.243,31.243,31.243,
1999-10-28,31.87,31.87,31.87,31.87,
1999-10-29,31.946,31.946,31.946,31.946,
1999-11-01,31.946,31.946,31.946,31.946,
1999-11-02,31.343,31.343,31.343,31.343,
1999-11-03,31.77,31.77,31.77,31.77,
1999-11-04,31.996,31.996,31.996,31.996,
1999-11-05,32.272,32.272,32.272,32.272,
1999-11-08,31.695,31.695,31.695,31.695,
1999-11-09,31.318,31.318,31.318,31.318,
1999-11-10,31.143,31.143,31.143,31.143,
1999-11-11,30.816,30.816,30.816,30.816,
1999-11-12,30.49,30.49,30.49,30.49,
1999-11-15,30.189,30.189,30.189,30.189,
1999-11-16,30.515,30.515,30.515,30.515,
1999-11-17,31.017,31.017,31.017,31.017,
1999-11-18,31.594,31.594,31.594,31.594,
1999-11-19,31.87,31.87,31.87,31.87,
1999-11-22,31.613,31.613,31.613,31.613,
1999-11-23,31.394,31.394,31.394,31.394,
1999-11-24,31.996,31.996,31.996,31.996,
1999-11-26,32.071,32.071,32.071,32.071,
1999-11-29,32.121,32.121,32.121,32.121,
1999-11-30,31.594,31.594,31.594,31.594,
1999-12-01,30.786,30.786,30.786,30.786,
1999-12-02,30.376,30.376,30.376,30.376,
1999-12-03,31.182,31.182,31.182,31.182,
1999-12-06,30.496,30.496,30.496,30.496,
1999-12-07,29.495,29.495,29.495,29.495,
1999-12-08,29.539,29.539,29.539,29.539,
1999-12-09,28.689,28.689,28.689,28.689,
1999-12-10,28.789,28.789,28.789,28.789,
1999-12-13,27.505,27.505,27.505,27.505,
1999-12-14,28.084,28.084,28.084,28.084,
1999-12-15,28.89,28.89,28.89,28.89,
1999-12-16,27.983,27.983,27.983,27.983,
1999-12-17,26.825,26.825,26.825,26.825,
1999-12-20,26.85,26.85,26.85,26.85,
1999-12-21,26.623,26.623,26.623,26.623,
1999-12-22,27.077,27.077,27.077,27.077,
1999-12-23,28.109,28.109,28.109,28.109,
1999-12-27,28.412,28.412,28.412,28.412,
1999-12-28,28.109,28.109,28.109,28.109,
1999-12-29,27.505,27.505,27.505,27.505,
1999-12-30,27.329,27.329,27.329,27.329,
1999-12-31,27.077,27.077,27.077,27.077,
2000-01-03,27.253,27.253,27.253,27.253,
2000-01-04,26.296,26.296,26.296,26.296,
2000-01-05,27.329,27.329,27.329,27.329,
2000-01-06,27.555,27.555,27.555,27.555,
2000-01-07,30.2,30.2,30.2,30.2,
2000-01-10,29.318,29.318,29.318,29.318,
2000-01-11,29.419,29.419,29.419,29.419,
2000-01-12,29.998,29.998,29.998,29.998,
2000-01-13,30.124,30.124,30.124,30.124,
2000-01-14,29.873,29.873,29.873,29.873,
2000-01-18,28.538,28.538,28.538,28.538,
2000-01-19,28.815,28.815,28.815,28.815,
2000-01-20,29.394,29.394,29.394,29.394,
2000-01-21,29.192,29.192,29.192,29.192,
2000-01-24,28.311,28.311,28.311,28.311,
2000-01-25,28.563,28.563,28.563,28.563,
2000-01-26,29.344,29.344,29.344,29.344,
2000-01-27,29.873,29.873,29.873,29.873,
2000-01-28,30.779,30.779,30.779,30.779,
2000-01-31,31.686,31.686,31.686,31.686,
2000-02-01,30.956,30.956,30.956,30.956,
2000-02-02,30.981,30.981,30.981,30.981,
2000-02-03,30.729,30.729,30.729,30.729,
2000-02-04,30.25,30.25,30.25,30.25,
2000-02-07,30.326,30.326,30.326,30.326,
2000-02-08,30.401,30.401,30.401,30.401,
2000-02-09,28.764,28.764,28.764,28.764,
2000-02-10,27.807,27.807,27.807,27.807,
2000-02-11,26.296,26.296,26.296,26.296,
2000-02-14,26.623,26.623,26.623,26.623,
2000-02-15,26.447,26.447,26.447,26.447,
2000-02-16,26.397,26.397,26.397,26.397,
2000-02-17,25.49,25.49,25.49,25.49,
2000-02-18,24.986,24.986,24.986,24.986,
2000-02-22,26.397,26.397,26.397,26.397,
2000-02-23,25.44,25.44,25.44,25.44,
2000-02-24,24.986,24.986,24.986,24.986,
2000-02-25,24.256,24.256,24.256,24.256,
2000-02-28,24.81,24.81,24.81,24.81,
2000-02-29,24.81,24.81,24.81,24.81,
2000-03-01,24.295,24.295,24.295,24.295,
2000-03-02,23.991,23.991,23.991,23.991,
2000-03-03,23.282,23.282,23.282,23.282,
2000-03-06,22.877,22.877,22.877,22.877,
2000-03-07,21.84,21.84,21.84,21.84,
2000-03-08,23.004,23.004,23.004,23.004,
2000-03-09,24.75,24.75,24.75,24.75,
2000-03-10,24.117,24.117,24.117,24.117,
2000-03-13,23.08,23.08,23.08,23.08,
2000-03-14,22.877,22.877,22.877,22.877,
2000-03-15,24.219,24.219,24.219,24.219,
2000-03-16,26.319,26.319,26.319,26.319,
2000-03-17,25.408,25.408,25.408,25.408,
2000-03-20,24.953,24.953,24.953,24.953,
2000-03-21,25.889,25.889,25.889,25.889,
2000-03-22,26.091,26.091,26.091,26.091,
2000-03-23,25.459,25.459,25.459,25.459,
2000-03-24,25.003,25.003,25.003,25.003,
2000-03-27,24.75,24.75,24.75,24.75,
2000-03-28,24.927,24.927,24.927,24.927,
2000-03-29,25.914,25.914,25.914,25.914,
2000-03-30,25.94,25.94,25.94,25.94,
2000-03-31,25.155,25.155,25.155,25.155,
2000-04-03,27.028,27.028,27.028,27.028,
2000-04-04,27.407,27.407,27.407,27.407,
2000-04-05,27.635,27.635,27.635,27.635,
2000-04-06,26.547,26.547,26.547,26.547,
2000-04-07,26.522,26.522,26.522,26.522,
2000-04-10,26.876,26.876,26.876,26.876,
2000-04-11,27.255,27.255,27.255,27.255,
2000-04-12,26.269,26.269,26.269,26.269,
2000-04-13,26.648,26.648,26.648,26.648,
2000-04-14,25.737,25.737,25.737,25.737,
2000-04-17,26.091,26.091,26.091,26.091,
2000-04-18,26.825,26.825,26.825,26.825,
2000-04-19,27.939,27.939,27.939,27.939,
2000-04-20,28.242,28.242,28.242,28.242,
2000-04-24,29.128,29.128,29.128,29.128,
2000-04-25,29.356,29.356,29.356,29.356,
2000-04-26,29.128,29.128,29.128,29.128,
2000-04-27,28.951,28.951,28.951,28.951,
2000-04-28,28.141,28.141,28.141,28.141,
2000-05-01,27.357,27.357,27.357,27.357,
2000-05-02,28.04,28.04,28.04,28.04,
2000-05-03,27.66,27.66,27.66,27.66,
2000-05-04,27.205,27.205,27.205,27.205,
2000-05-05,28.04,28.04,28.04,28.04,
2000-05-08,28.293,28.293,28.293,28.293,
2000-05-09,27.913,27.913,27.913,27.913,
2000-05-10,27.534,27.534,27.534,27.534,
2000-05-11,27.635,27.635,27.635,27.635,
2000-05-12,27.584,27.584,27.584,27.584,
2000-05-15,28.192,28.192,28.192,28.192,
2000-05-16,28.749,28.749,28.749,28.749,
2000-05-17,28.268,28.268,28.268,28.268,
2000-05-18,28.318,28.318,28.318,28.318,
2000-05-19,29.331,29.331,29.331,29.331,
2000-05-22,29.28,29.28,29.28,29.28,
2000-05-23,29.887,29.887,29.887,29.887,
2000-05-24,30.216,30.216,30.216,30.216,
2000-05-25,30.242,30.242,30.242,30.242,
2000-05-26,30.191,30.191,30.191,30.191,
2000-05-30,30.368,30.368,30.368,30.368,
2000-05-31,30.334,30.334,30.334,30.334,
2000-06-01,29.444,29.444,29.444,29.444,
2000-06-02,28.022,28.022,28.022,28.022,
2000-06-05,28.123,28.123,28.123,28.123,
2000-06-06,28.289,28.289,28.289,28.289,
2000-06-07,28.657,28.657,28.657,28.657,
2000-06-08,28.174,28.174,28.174,28.174,
2000-06-09,28.403,28.403,28.403,28.403,
2000-06-12,28.428,28.428,28.428,28.428,
2000-06-13,29.851,29.851,29.851,29.851,
2000-06-14,29.648,29.648,29.648,29.648,
2000-06-15,29.597,29.597,29.597,29.597,
2000-06-16,28.86,28.86,28.86,28.86,
2000-06-19,29.292,29.292,29.292,29.292,
2000-06-20,28.809,28.809,28.809,28.809,
2000-06-21,29.444,29.444,29.444,29.444,
2000-06-22,28.962,28.962,28.962,28.962,
2000-06-23,29.521,29.521,29.521,29.521,
2000-06-26,30.181,30.181,30.181,30.181,
2000-06-27,30.181,30.181,30.181,30.181,
2000-06-28,30.08,30.08,30.08,30.08,
2000-06-29,30.124,30.124,30.124,30.124,
2000-06-30,31.147,31.147,31.147,31.147,
2000-07-03,31.083,31.083,31.083,31.083,
2000-07-05,31.375,31.375,31.375,31.375,
2000-07-06,30.639,30.639,30.639,30.639,
2000-07-07,30.232,30.232,30.232,30.232,
2000-07-10,30.435,30.435,30.435,30.435,
2000-07-11,30.359,30.359,30.359,30.359,
2000-07-12,29.832,29.832,29.832,29.832,
2000-07-13,28.098,28.098,28.098,28.098,
2000-07-14,27.336,27.336,27.336,27.336,
2000-07-17,27.387,27.387,27.387,27.387,
2000-07-18,26.98,26.98,26.98,26.98,
2000-07-19,26.523,26.523,26.523,26.523,
2000-07-20,26.04,26.04,26.04,26.04,
2000-07-21,25.913,25.913,25.913,25.913,
2000-07-24,28.276,28.276,28.276,28.276,
2000-07-25,28.822,28.822,28.822,28.822,
2000-07-26,28.454,28.454,28.454,28.454,
2000-07-27,29.406,29.406,29.406,29.406,
2000-07-28,29.584,29.584,29.584,29.584,
2000-07-31,29.127,29.127,29.127,29.127,
2000-08-01,30.118,30.118,30.118,30.118,
2000-08-02,30.486,30.486,30.486,30.486,
2000-08-03,30.575,30.575,30.575,30.575,
2000-08-04,30.003,30.003,30.003,30.003,
2000-08-07,29.686,29.686,29.686,29.686,
2000-08-08,29.413,29.413,29.413,29.413,
2000-08-09,28.682,28.682,28.682,28.682,
2000-08-10,29.051,29.051,29.051,29.051,
2000-08-11,29.432,29.432,29.432,29.432,
2000-08-14,29.61,29.61,29.61,29.61,
2000-08-15,29.775,29.775,29.775,29.775,
2000-08-16,29.927,29.927,29.927,29.927,
2000-08-17,30.054,30.054,30.054,30.054,
2000-08-18,29.267,29.267,29.267,29.267,
2000-08-21,29.216,29.216,29.216,29.216,
2000-08-22,29.47,29.47,29.47,29.47,
2000-08-23,29.368,29.368,29.368,29.368,
2000-08-24,29.47,29.47,29.47,29.47,
2000-08-25,29.648,29.648,29.648,29.648,
2000-08-28,29.457,29.457,29.457,29.457,
2000-08-29,28.936,28.936,28.936,28.936,
2000-08-30,29.05,29.05,29.05,29.05,
2000-08-31,28.546,28.546,28.546,28.546,
2000-09-01,28.258,28.258,28.258,28.258,
2000-09-05,27.422,27.422,27.422,27.422,
2000-09-06,26.957,26.957,26.957,26.957,
2000-09-07,27.467,27.467,27.467,27.467,
2000-09-08,27.582,27.582,27.582,27.582,
2000-09-11,27.748,27.748,27.748,27.748,
2000-09-12,27.652,27.652,27.652,27.652,
2000-09-13,27.907,27.907,27.907,27.907,
2000-09-14,27.595,27.595,27.595,27.595,
2000-09-15,27.442,27.442,27.442,27.442,
2000-09-18,27.416,27.416,27.416,27.416,
2000-09-19,27.901,27.901,27.901,27.901,
2000-09-20,27.729,27.729,27.729,27.729,
2000-09-21,28.641,28.641,28.641,28.641,
2000-09-22,29.892,29.892,29.892,29.892,
2000-09-25,29.509,29.509,29.509,29.509,
2000-09-26,28.692,28.692,28.692,28.692,
2000-09-27,29.764,29.764,29.764,29.764,
2000-09-28,29.867,29.867,29.867,29.867,
2000-09-29,30.403,30.403,30.403,30.403,
2000-10-02,30.224,30.224,30.224,30.224,
2000-10-03,30.224,30.224,30.224,30.224,
2000-10-04,30.045,30.045,30.045,30.045,
2000-10-05,30.76,30.76,30.76,30.76,
2000-10-06,31.066,31.066,31.066,31.066,
2000-10-09,30.76,30.76,30.76,30.76,
2000-10-10,31.398,31.398,31.398,31.398,
2000-10-11,31.245,31.245,31.245,31.245,
2000-10-12,31.526,31.526,31.526,31.526,
2000-10-13,31.117,31.117,31.117,31.117,
2000-10-16,31.398,31.398,31.398,31.398,
2000-10-17,31.934,31.934,31.934,31.934,
2000-10-18,31.934,31.934,31.934,31.934,
2000-10-19,31.679,31.679,31.679,31.679,
2000-10-20,33.44,33.44,33.44,33.44,
2000-10-23,34.615,34.615,34.615,34.615,
2000-10-24,34.895,34.895,34.895,34.895,
2000-10-25,35.661,35.661,35.661,35.661,
2000-10-26,35.406,35.406,35.406,35.406,
2000-10-27,35.942,35.942,35.942,35.942,
2000-10-30,36.223,36.223,36.223,36.223,
2000-10-31,36.733,36.733,36.733,36.733,
2000-11-01,36.657,36.657,36.657,36.657,
2000-11-02,36.401,36.401,36.401,36.401,
2000-11-03,35.891,35.891,35.891,35.891,
2000-11-06,36.759,36.759,36.759,36.759,
2000-11-07,35.483,35.483,35.483,35.483,
2000-11-08,37.091,37.091,37.091,37.091,
2000-11-09,36.938,36.938,36.938,36.938,
2000-11-10,37.372,37.372,37.372,37.372,
2000-11-13,36.504,36.504,36.504,36.504,
2000-11-14,37.193,37.193,37.193,37.193,
2000-11-15,37.423,37.423,37.423,37.423,
2000-11-16,36.835,36.835,36.835,36.835,
2000-11-17,36.146,36.146,36.146,36.146,
2000-11-20,36.912,36.912,36.912,36.912,
2000-11-21,37.576,37.576,37.576,37.576,
2000-11-22,37.04,37.04,37.04,37.04,
2000-11-24,36.529,36.529,36.529,36.529,
2000-11-27,37.423,37.423,37.423,37.423,
2000-11-28,37.831,37.831,37.831,37.831,
2000-11-29,38.75,38.75,38.75,38.75,
2000-11-30,37.857,37.857,37.857,37.857,
2000-12-01,37.014,37.014,37.014,37.014,
2000-12-04,37.55,37.55,37.55,37.55,
2000-12-05,36.759,36.759,36.759,36.759,
2000-12-06,36.719,36.719,36.719,36.719,
2000-12-07,37.334,37.334,37.334,37.334,
2000-12-08,36.719,36.719,36.719,36.719,
2000-12-11,37.155,37.155,37.155,37.155,
2000-12-12,37.462,37.462,37.462,37.462,
2000-12-13,37.718,37.718,37.718,37.718,
2000-12-14,37.308,37.308,37.308,37.308,
2000-12-15,37.052,37.052,37.052,37.052,
2000-12-18,36.616,36.616,36.616,36.616,
2000-12-19,37.513,37.513,37.513,37.513,
2000-12-20,38.282,38.282,38.282,38.282,
2000-12-21,37.923,37.923,37.923,37.923,
2000-12-22,37.103,37.103,37.103,37.103,
2000-12-26,38.0,38.0,38.0,38.0,
2000-12-27,38.0,38.0,38.0,38.0,
2000-12-28,38.846,38.846,38.846,38.846,
2000-12-29,38.384,38.384,38.384,38.384,
2001-01-02,38.128,38.128,38.128,38.128,
2001-01-03,36.54,36.54,36.54,36.54,
2001-01-04,34.848,34.848,34.848,34.848,
2001-01-05,34.157,34.157,34.157,34.157,
2001-01-08,34.233,34.233,34.233,34.233,
2001-01-09,34.438,34.438,34.438,34.438,
2001-01-10,34.105,34.105,34.105,34.105,
2001-01-11,33.465,33.465,33.465,33.465,
2001-01-12,33.388,33.388,33.388,33.388,
2001-01-16,34.157,34.157,34.157,34.157,
2001-01-17,33.311,33.311,33.311,33.311,
2001-01-18,33.977,33.977,33.977,33.977,
2001-01-19,33.798,33.798,33.798,33.798,
2001-01-22,33.747,33.747,33.747,33.747,
2001-01-23,32.619,32.619,32.619,32.619,
2001-01-24,32.363,32.363,32.363,32.363,
2001-01-25,33.567,33.567,33.567,33.567,
2001-01-26,33.721,33.721,33.721,33.721,
2001-01-29,32.926,32.926,32.926,32.926,
2001-01-30,33.208,33.208,33.208,33.208,
2001-01-31,33.692,33.692,33.692,33.692,
2001-02-01,34.635,34.635,34.635,34.635,
2001-02-02,34.426,34.426,34.426,34.426,
2001-02-05,34.635,34.635,34.635,34.635,
2001-02-06,34.586,34.586,34.586,34.586,
2001-02-07,33.557,33.557,33.557,33.557,
2001-02-08,34.016,34.016,34.016,34.016,
2001-02-09,33.914,33.914,33.914,33.914,
2001-02-12,34.02,34.02,34.02,34.02,
2001-02-13,33.106,33.106,33.106,33.106,
2001-02-14,32.647,32.647,32.647,32.647,
2001-02-15,32.02,32.02,32.02,32.02,
2001-02-16,31.687,31.687,31.687,31.687,
2001-02-20,31.938,31.938,31.938,31.938,
2001-02-21,32.27,32.27,32.27,32.27,
2001-02-22,31.856,31.856,31.856,31.856,
2001-02-23,31.601,31.601,31.601,31.601,
2001-02-26,32.524,32.524,32.524,32.524,
2001-02-27,32.762,32.762,32.762,32.762,
2001-02-28,32.88,32.88,32.88,32.88,
2001-03-01,32.696,32.696,32.696,32.696,
2001-03-02,32.86,32.86,32.86,32.86,
2001-03-05,32.606,32.606,32.606,32.606,
2001-03-06,31.753,31.753,31.753,31.753,
2001-03-07,30.637,30.637,30.637,30.637,
2001-03-08,30.798,30.798,30.798,30.798,
2001-03-09,31.168,31.168,31.168,31.168,
2001-03-12,30.534,30.534,30.534,30.534,
2001-03-13,30.032,30.032,30.032,30.032,
2001-03-14,29.62,29.62,29.62,29.62,
2001-03-15,30.493,30.493,30.493,30.493,
2001-03-16,29.422,29.422,29.422,29.422,
2001-03-19,29.678,29.678,29.678,29.678,
2001-03-20,28.928,28.928,28.928,28.928,
2001-03-21,27.985,27.985,27.985,27.985,
2001-03-22,28.706,28.706,28.706,28.706,
2001-03-23,28.405,28.405,28.405,28.405,
2001-03-26,29.435,29.435,29.435,29.435,
2001-03-27,30.312,30.312,30.312,30.312,
2001-03-28,30.946,30.946,30.946,30.946,
2001-03-29,30.555,30.555,30.555,30.555,
2001-03-30,31.255,31.255,31.255,31.255,
2001-04-02,30.575,30.575,30.575,30.575,
2001-04-03,29.982,29.982,29.982,29.982,
2001-04-04,30.67,30.67,30.67,30.67,
2001-04-05,31.205,31.205,31.205,31.205,
2001-04-06,31.469,31.469,31.469,31.469,
2001-04-09,32.12,32.12,32.12,32.12,
2001-04-10,32.28,32.28,32.28,32.28,
2001-04-11,31.769,31.769,31.769,31.769,
2001-04-12,32.737,32.737,32.737,32.737,
2001-04-16,32.572,32.572,32.572,32.572,
2001-04-17,33.293,33.293,33.293,33.293,
2001-04-18,32.655,32.655,32.655,32.655,
2001-04-19,32.231,32.231,32.231,32.231,
2001-04-20,30.312,30.312,30.312,30.312,
2001-04-23,30.575,30.575,30.575,30.575,
2001-04-24,30.25,30.25,30.25,30.25,
2001-04-25,30.826,30.826,30.826,30.826,
2001-04-26,30.822,30.822,30.822,30.822,
2001-04-27,31.152,31.152,31.152,31.152,
2001-04-30,31.284,31.284,31.284,31.284,
2001-05-01,31.131,31.131,31.131,31.131,
2001-05-02,30.847,30.847,30.847,30.847,
2001-05-03,30.995,30.995,30.995,30.995,
2001-05-04,31.448,31.448,31.448,31.448,
2001-05-07,31.667,31.667,31.667,31.667,
2001-05-08,31.477,31.477,31.477,31.477,
2001-05-09,31.839,31.839,31.839,31.839,
2001-05-10,31.51,31.51,31.51,31.51,
2001-05-11,31.271,31.271,31.271,31.271,
2001-05-14,31.58,31.58,31.58,31.58,
2001-05-15,31.255,31.255,31.255,31.255,
2001-05-16,32.161,32.161,32.161,32.161,
2001-05-17,32.367,32.367,32.367,32.367,
2001-05-18,31.872,31.872,31.872,31.872,
2001-05-21,31.872,31.872,31.872,31.872,
2001-05-22,30.925,30.925,30.925,30.925,
2001-05-23,30.472,30.472,30.472,30.472,
2001-05-24,29.855,29.855,29.855,29.855,
2001-05-25,29.896,29.896,29.896,29.896,
2001-05-29,30.633,30.633,30.633,30.633,
2001-05-30,30.176,30.176,30.176,30.176,
2001-05-31,30.197,30.197,30.197,30.197,
2001-06-01,30.697,30.697,30.697,30.697,
2001-06-04,30.747,30.747,30.747,30.747,
2001-06-05,31.165,31.165,31.165,31.165,
2001-06-06,30.594,30.594,30.594,30.594,
2001-06-07,30.95,30.95,30.95,30.95,
2001-06-08,30.705,30.705,30.705,30.705,
2001-06-11,29.89,29.89,29.89,29.89,
2001-06-12,30.039,30.039,30.039,30.039,
2001-06-13,30.254,30.254,30.254,30.254,
2001-06-14,30.573,30.573,30.573,30.573,
2001-06-15,30.511,30.511,30.511,30.511,
2001-06-18,30.718,30.718,30.718,30.718,
2001-06-19,30.863,30.863,30.863,30.863,
2001-06-20,30.887,30.887,30.887,30.887,
2001-06-21,30.809,30.809,30.809,30.809,
2001-06-22,28.049,28.049,28.049,28.049,
2001-06-25,27.925,27.925,27.925,27.925,
2001-06-26,27.396,27.396,27.396,27.396,
2001-06-27,27.156,27.156,27.156,27.156,
2001-06-28,26.891,26.891,26.891,26.891,
2001-06-29,26.44,26.44,26.44,26.44,
2001-07-02,26.622,26.622,26.622,26.622,
2001-07-03,26.767,26.767,26.767,26.767,
2001-07-05,26.535,26.535,26.535,26.535,
2001-07-06,26.246,26.246,26.246,26.246,
2001-07-09,26.726,26.726,26.726,26.726,
2001-07-10,26.361,26.361,26.361,26.361,
2001-07-11,25.799,25.799,25.799,25.799,
2001-07-12,25.236,25.236,25.236,25.236,
2001-07-13,25.443,25.443,25.443,25.443,
2001-07-16,26.055,26.055,26.055,26.055,
2001-07-17,26.676,26.676,26.676,26.676,
2001-07-18,27.946,27.946,27.946,27.946,
2001-07-19,27.843,27.843,27.843,27.843,
2001-07-20,27.483,27.483,27.483,27.483,
2001-07-23,27.181,27.181,27.181,27.181,
2001-07-24,26.862,26.862,26.862,26.862,
2001-07-25,26.887,26.887,26.887,26.887,
2001-07-26,26.792,26.792,26.792,26.792,
2001-07-27,26.949,26.949,26.949,26.949,
2001-07-30,27.408,27.408,27.408,27.408,
2001-07-31,28.124,28.124,28.124,28.124,
2001-08-01,28.128,28.128,28.128,28.128,
2001-08-02,28.045,28.045,28.045,28.045,
2001-08-03,28.178,28.178,28.178,28.178,
2001-08-06,27.892,27.892,27.892,27.892,
2001-08-07,28.331,28.331,28.331,28.331,
2001-08-08,28.07,28.07,28.07,28.07,
2001-08-09,28.058,28.058,28.058,28.058,
2001-08-10,28.558,28.558,28.558,28.558,
2001-08-13,28.815,28.815,28.815,28.815,
2001-08-14,28.96,28.96,28.96,28.96,
2001-08-15,28.504,28.504,28.504,28.504,
2001-08-16,28.955,28.955,28.955,28.955,
2001-08-17,28.608,28.608,28.608,28.608,
2001-08-20,29.2,29.2,29.2,29.2,
2001-08-21,29.27,29.27,29.27,29.27,
2001-08-22,29.464,29.464,29.464,29.464,
2001-08-23,28.343,28.343,28.343,28.343,
2001-08-24,28.554,28.554,28.554,28.554,
2001-08-27,28.422,28.422,28.422,28.422,
2001-08-28,28.136,28.136,28.136,28.136,
2001-08-29,27.776,27.776,27.776,27.776,
2001-08-30,27.444,27.444,27.444,27.444,
2001-08-31,27.074,27.074,27.074,27.074,
2001-09-04,27.157,27.157,27.157,27.157,
2001-09-05,28.155,28.155,28.155,28.155,
2001-09-06,27.344,27.344,27.344,27.344,
2001-09-07,26.741,26.741,26.741,26.741,
2001-09-10,27.489,27.489,27.489,27.489,
2001-09-17,27.926,27.926,27.926,27.926,
2001-09-18,28.408,28.408,28.408,28.408,
2001-09-19,28.221,28.221,28.221,28.221,
2001-09-20,27.801,27.801,27.801,27.801,
2001-09-21,27.323,27.323,27.323,27.323,
2001-09-24,26.612,26.612,26.612,26.612,
2001-09-25,25.971,25.971,25.971,25.971,
2001-09-26,26.346,26.346,26.346,26.346,
2001-09-27,27.535,27.535,27.535,27.535,
2001-09-28,27.697,27.697,27.697,27.697,
2001-10-01,28.413,28.413,28.413,28.413,
2001-10-02,28.463,28.463,28.463,28.463,
2001-10-03,28.138,28.138,28.138,28.138,
2001-10-04,27.905,27.905,27.905,27.905,
2001-10-05,28.388,28.388,28.388,28.388,
2001-10-08,28.529,28.529,28.529,28.529,
2001-10-09,28.25,28.25,28.25,28.25,
2001-10-10,28.483,28.483,28.483,28.483,
2001-10-11,28.354,28.354,28.354,28.354,
2001-10-12,28.762,28.762,28.762,28.762,
2001-10-15,29.091,29.091,29.091,29.091,
2001-10-16,28.824,28.824,28.824,28.824,
2001-10-17,28.716,28.716,28.716,28.716,
2001-10-18,27.573,27.573,27.573,27.573,
2001-10-19,27.19,27.19,27.19,27.19,
2001-10-22,27.972,27.972,27.972,27.972,
2001-10-23,27.843,27.843,27.843,27.843,
2001-10-24,27.864,27.864,27.864,27.864,
2001-10-25,27.652,27.652,27.652,27.652,
2001-10-26,27.365,27.365,27.365,27.365,
2001-10-29,27.128,27.128,27.128,27.128,
2001-10-30,26.928,26.928,26.928,26.928,
2001-10-31,26.537,26.537,26.537,26.537,
2001-11-01,26.699,26.699,26.699,26.699,
2001-11-02,27.044,27.044,27.044,27.044,
2001-11-05,27.19,27.19,27.19,27.19,
2001-11-06,27.215,27.215,27.215,27.215,
2001-11-07,26.924,26.924,26.924,26.924,
2001-11-08,27.123,27.123,27.123,27.123,
2001-11-09,26.87,26.87,26.87,26.87,
2001-11-12,26.774,26.774,26.774,26.774,
2001-11-13,26.857,26.857,26.857,26.857,
2001-11-14,26.986,26.986,26.986,26.986,
2001-11-15,26.891,26.891,26.891,26.891,
2001-11-16,26.99,26.99,26.99,26.99,
2001-11-19,26.861,26.861,26.861,26.861,
2001-11-20,26.674,26.674,26.674,26.674,
2001-11-21,27.273,27.273,27.273,27.273,
2001-11-23,27.419,27.419,27.419,27.419,
2001-11-26,27.884,27.884,27.884,27.884,
2001-11-27,27.693,27.693,27.693,27.693,
2001-11-28,27.178,27.178,27.178,27.178,
2001-11-29,27.801,27.801,27.801,27.801,
2001-11-30,28.176,28.176,28.176,28.176,
2001-12-03,28.488,28.488,28.488,28.488,
2001-12-04,28.126,28.126,28.126,28.126,
2001-12-05,27.691,27.691,27.691,27.691,
2001-12-06,27.653,27.653,27.653,27.653,
2001-12-07,28.009,28.009,28.009,28.009,
2001-12-10,28.004,28.004,28.004,28.004,
2001-12-11,25.375,25.375,25.375,25.375,
2001-12-12,24.464,24.464,24.464,24.464,
2001-12-13,24.221,24.221,24.221,24.221,
2001-12-14,24.284,24.284,24.284,24.284,
2001-12-17,23.899,23.899,23.899,23.899,
2001-12-18,24.455,24.455,24.455,24.455,
2001-12-19,24.802,24.802,24.802,24.802,
2001-12-20,24.978,24.978,24.978,24.978,
2001-12-21,24.928,24.928,24.928,24.928,
2001-12-24,25.095,25.095,25.095,25.095,
2001-12-26,25.061,25.061,25.061,25.061,
2001-12-27,24.99,24.99,24.99,24.99,
2001-12-28,24.882,24.882,24.882,24.882,
2001-12-31,24.581,24.581,24.581,24.581,
2002-01-02,24.982,24.982,24.982,24.982,
2002-01-03,24.677,24.677,24.677,24.677,
2002-01-04,24.618,24.618,24.618,24.618,
2002-01-07,24.288,24.288,24.288,24.288,
2002-01-08,24.551,24.551,24.551,24.551,
2002-01-09,24.589,24.589,24.589,24.589,
2002-01-10,24.652,24.652,24.652,24.652,
2002-01-11,24.656,24.656,24.656,24.656,
2002-01-14,24.602,24.602,24.602,24.602,
2002-01-15,24.518,24.518,24.518,24.518,
2002-01-16,24.342,24.342,24.342,24.342,
2002-01-17,24.497,24.497,24.497,24.497,
2002-01-18,24.246,24.246,24.246,24.246,
2002-01-22,24.786,24.786,24.786,24.786,
2002-01-23,24.351,24.351,24.351,24.351,
2002-01-24,24.087,24.087,24.087,24.087,
2002-01-25,23.812,23.812,23.812,23.812,
2002-01-28,23.828,23.828,23.828,23.828,
2002-01-29,24.046,24.046,24.046,24.046,
2002-01-30,24.597,24.597,24.597,24.597,
2002-01-31,24.74,24.74,24.74,24.74,
2002-02-01,24.844,24.844,24.844,24.844,
2002-02-04,24.43,24.43,24.43,24.43,
2002-02-05,24.832,24.832,24.832,24.832,
2002-02-06,24.505,24.505,24.505,24.505,
2002-02-07,24.384,24.384,24.384,24.384,
2002-02-08,24.727,24.727,24.727,24.727,
2002-02-11,24.852,24.852,24.852,24.852,
2002-02-12,25.174,25.174,25.174,25.174,
2002-02-13,25.325,25.325,25.325,25.325,
2002-02-14,24.953,24.953,24.953,24.953,
2002-02-15,25.003,25.003,25.003,25.003,
2002-02-19,24.769,24.769,24.769,24.769,
2002-02-20,25.609,25.609,25.609,25.609,
2002-02-21,25.505,25.505,25.505,25.505,
2002-02-22,25.709,25.709,25.709,25.709,
2002-02-25,25.434,25.434,25.434,25.434,
2002-02-26,25.354,25.354,25.354,25.354,
2002-02-27,25.45,25.45,25.45,25.45,
2002-02-28,25.638,25.638,25.638,25.638,
2002-03-01,26.328,26.328,26.328,26.328,
2002-03-04,26.341,26.341,26.341,26.341,
2002-03-05,25.839,25.839,25.839,25.839,
2002-03-06,26.348,26.348,26.348,26.348,
2002-03-07,26.558,26.558,26.558,26.558,
2002-03-08,26.276,26.276,26.276,26.276,
2002-03-11,26.377,26.377,26.377,26.377,
2002-03-12,26.692,26.692,26.692,26.692,
2002-03-13,27.062,27.062,27.062,27.062,
2002-03-14,26.671,26.671,26.671,26.671,
2002-03-15,25.12,25.12,25.12,25.12,
2002-03-18,24.716,24.716,24.716,24.716,
2002-03-19,24.561,24.561,24.561,24.561,
2002-03-20,24.418,24.418,24.418,24.418,
2002-03-21,24.405,24.405,24.405,24.405,
2002-03-22,24.468,24.468,24.468,24.468,
2002-03-25,24.178,24.178,24.178,24.178,
2002-03-26,24.132,24.132,24.132,24.132,
2002-03-27,24.136,24.136,24.136,24.136,
2002-03-28,24.208,24.208,24.208,24.208,
2002-04-01,24.216,24.216,24.216,24.216,
2002-04-02,24.149,24.149,24.149,24.149,
2002-04-03,24.086,24.086,24.086,24.086,
2002-04-04,23.459,23.459,23.459,23.459,
2002-04-05,23.228,23.228,23.228,23.228,
2002-04-08,22.77,22.77,22.77,22.77,
2002-04-09,22.53,22.53,22.53,22.53,
2002-04-10,22.341,22.341,22.341,22.341,
2002-04-11,21.925,21.925,21.925,21.925,
2002-04-12,22.703,22.703,22.703,22.703,
2002-04-15,22.926,22.926,22.926,22.926,
2002-04-16,23.132,23.132,23.132,23.132,
2002-04-17,23.144,23.144,23.144,23.144,
2002-04-18,23.783,23.783,23.783,23.783,
2002-04-19,23.939,23.939,23.939,23.939,
2002-04-22,23.762,23.762,23.762,23.762,
2002-04-23,23.329,23.329,23.329,23.329,
2002-04-24,23.056,23.056,23.056,23.056,
2002-04-25,23.077,23.077,23.077,23.077,
2002-04-26,22.9,22.9,22.9,22.9,
2002-04-29,22.984,22.984,22.984,22.984,
2002-04-30,22.846,22.846,22.846,22.846,
2002-05-01,23.249,23.249,23.249,23.249,
2002-05-02,23.363,23.363,23.363,23.363,
2002-05-03,23.333,23.333,23.333,23.333,
2002-05-06,23.489,23.489,23.489,23.489,
2002-05-07,23.354,23.354,23.354,23.354,
2002-05-08,23.808,23.808,23.808,23.808,
2002-05-09,23.443,23.443,23.443,23.443,
2002-05-10,23.38,23.38,23.38,23.38,
2002-05-13,23.813,23.813,23.813,23.813,
2002-05-14,24.174,24.174,24.174,24.174,
2002-05-15,23.922,23.922,23.922,23.922,
2002-05-16,23.796,23.796,23.796,23.796,
2002-05-17,24.439,24.439,24.439,24.439,
2002-05-20,24.468,24.468,24.468,24.468,
2002-05-21,24.3,24.3,24.3,24.3,
2002-05-22,24.183,24.183,24.183,24.183,
2002-05-23,24.174,24.174,24.174,24.174,
2002-05-24,23.75,23.75,23.75,23.75,
2002-05-28,23.56,23.56,23.56,23.56,
2002-05-29,24.019,24.019,24.019,24.019,
2002-05-30,23.707,23.707,23.707,23.707,
2002-05-31,24.006,24.006,24.006,24.006,
2002-06-03,23.216,23.216,23.216,23.216,
2002-06-04,22.976,22.976,22.976,22.976,
2002-06-05,23.251,23.251,23.251,23.251,
2002-06-06,22.511,22.511,22.511,22.511,
2002-06-07,22.29,22.29,22.29,22.29,
2002-06-10,22.976,22.976,22.976,22.976,
2002-06-11,21.952,21.952,21.952,21.952,
2002-06-12,21.999,21.999,21.999,21.999,
2002-06-13,22.015,22.015,22.015,22.015,
2002-06-14,22.219,22.219,22.219,22.219,
2002-06-17,22.582,22.582,22.582,22.582,
2002-06-18,22.409,22.409,22.409,22.409,
2002-06-19,22.231,22.231,22.231,22.231,
2002-06-20,22.087,22.087,22.087,22.087,
2002-06-21,21.148,21.148,21.148,21.148,
2002-06-24,20.945,20.945,20.945,20.945,
2002-06-25,20.755,20.755,20.755,20.755,
2002-06-26,21.296,21.296,21.296,21.296,
2002-06-27,21.529,21.529,21.529,21.529,
2002-06-28,21.427,21.427,21.427,21.427,
2002-07-01,20.628,20.628,20.628,20.628,
2002-07-02,19.853,19.853,19.853,19.853,
2002-07-03,20.006,20.006,20.006,20.006,
2002-07-05,20.674,20.674,20.674,20.674,
2002-07-08,20.23,20.23,20.23,20.23,
2002-07-09,19.358,19.358,19.358,19.358,
2002-07-10,18.436,18.436,18.436,18.436,
2002-07-11,18.736,18.736,18.736,18.736,
2002-07-12,19.274,19.274,19.274,19.274,
2002-07-15,19.337,19.337,19.337,19.337,
2002-07-16,18.622,18.622,18.622,18.622,
2002-07-17,18.829,18.829,18.829,18.829,
2002-07-18,17.771,17.771,17.771,17.771,
2002-07-19,17.56,17.56,17.56,17.56,
2002-07-22,16.929,16.929,16.929,16.929,
2002-07-23,16.523,16.523,16.523,16.523,
2002-07-24,18.025,18.025,18.025,18.025,
2002-07-25,18.812,18.812,18.812,18.812,
2002-07-26,19.464,19.464,19.464,19.464,
2002-07-29,20.505,20.505,20.505,20.505,
2002-07-30,20.526,20.526,20.526,20.526,
2002-07-31,20.987,20.987,20.987,20.987,
2002-08-01,20.289,20.289,20.289,20.289,
2002-08-02,20.251,20.251,20.251,20.251,
2002-08-05,19.269,19.269,19.269,19.269,
2002-08-06,19.815,19.815,19.815,19.815,
2002-08-07,20.712,20.712,20.712,20.712,
2002-08-08,21.305,21.305,21.305,21.305,
2002-08-09,21.588,21.588,21.588,21.588,
2002-08-12,21.685,21.685,21.685,21.685,
2002-08-13,21.021,21.021,21.021,21.021,
2002-08-14,21.618,21.618,21.618,21.618,
2002-08-15,21.402,21.402,21.402,21.402,
2002-08-16,21.156,21.156,21.156,21.156,
2002-08-19,21.69,21.69,21.69,21.69,
2002-08-20,21.427,21.427,21.427,21.427,
2002-08-21,21.952,21.952,21.952,21.952,
2002-08-22,22.764,22.764,22.764,22.764,
2002-08-23,22.24,22.24,22.24,22.24,
2002-08-26,22.286,22.286,22.286,22.286,
2002-08-27,21.859,21.859,21.859,21.859,
2002-08-28,21.427,21.427,21.427,21.427,
2002-08-29,21.47,21.47,21.47,21.47,
2002-08-30,21.377,21.377,21.377,21.377,
2002-09-03,20.255,20.255,20.255,20.255,
2002-09-04,20.946,20.946,20.946,20.946,
2002-09-05,20.592,20.592,20.592,20.592,
2002-09-06,20.72,20.72,20.72,20.72,
2002-09-09,21.061,21.061,21.061,21.061,
2002-09-10,21.163,21.163,21.163,21.163,
2002-09-11,21.133,21.133,21.133,21.133,
2002-09-12,20.933,20.933,20.933,20.933,
2002-09-13,21.006,21.006,21.006,21.006,
2002-09-16,20.809,20.809,20.809,20.809,
2002-09-17,20.183,20.183,20.183,20.183,
2002-09-18,20.063,20.063,20.063,20.063,
2002-09-19,19.266,19.266,19.266,19.266,
2002-09-20,19.501,19.501,19.501,19.501,
2002-09-23,19.292,19.292,19.292,19.292,
2002-09-24,19.569,19.569,19.569,19.569,
2002-09-25,20.336,20.336,20.336,20.336,
2002-09-26,20.784,20.784,20.784,20.784,
2002-09-27,19.722,19.722,19.722,19.722,
2002-09-30,19.488,19.488,19.488,19.488,
2002-10-01,19.773,19.773,19.773,19.773,
2002-10-02,20.016,20.016,20.016,20.016,
2002-10-03,19.735,19.735,19.735,19.735,
2002-10-04,18.87,18.87,18.87,18.87,
2002-10-07,18.814,18.814,18.814,18.814,
2002-10-08,19.611,19.611,19.611,19.611,
2002-10-09,19.454,19.454,19.454,19.454,
2002-10-10,19.616,19.616,19.616,19.616,
2002-10-11,20.166,20.166,20.166,20.166,
2002-10-14,21.146,21.146,21.146,21.146,
2002-10-15,21.692,21.692,21.692,21.692,
2002-10-16,21.274,21.274,21.274,21.274,
2002-10-17,21.637,21.637,21.637,21.637,
2002-10-18,21.756,21.756,21.756,21.756,
2002-10-21,21.807,21.807,21.807,21.807,
2002-10-22,21.594,21.594,21.594,21.594,
2002-10-23,21.897,21.897,21.897,21.897,
2002-10-24,21.526,21.526,21.526,21.526,
2002-10-25,22.557,22.557,22.557,22.557,
2002-10-28,23.12,23.12,23.12,23.12,
2002-10-29,22.788,22.788,22.788,22.788,
2002-10-30,23.124,23.124,23.124,23.124,
2002-10-31,23.124,23.124,23.124,23.124,
2002-11-01,23.048,23.048,23.048,23.048,
2002-11-04,22.886,22.886,22.886,22.886,
2002-11-05,23.107,23.107,23.107,23.107,
2002-11-06,23.875,23.875,23.875,23.875,
2002-11-07,23.628,23.628,23.628,23.628,
2002-11-08,23.841,23.841,23.841,23.841,
2002-11-11,23.461,23.461,23.461,23.461,
2002-11-12,23.372,23.372,23.372,23.372,
2002-11-13,22.511,22.511,22.511,22.511,
2002-11-14,22.997,22.997,22.997,22.997,
2002-11-15,23.606,23.606,23.606,23.606,
2002-11-18,24.114,24.114,24.114,24.114,
2002-11-19,24.561,24.561,24.561,24.561,
2002-11-20,24.506,24.506,24.506,24.506,
2002-11-21,25.077,25.077,25.077,25.077,
2002-11-22,25.167,25.167,25.167,25.167,
2002-11-25,25.712,25.712,25.712,25.712,
2002-11-26,24.992,24.992,24.992,24.992,
2002-11-27,25.538,25.538,25.538,25.538,
2002-11-29,25.329,25.329,25.329,25.329,
2002-12-02,25.559,25.559,25.559,25.559,
2002-12-03,25.077,25.077,25.077,25.077,
2002-12-04,25.24,25.24,25.24,25.24,
2002-12-05,25.407,25.407,25.407,25.407,
2002-12-06,25.124,25.124,25.124,25.124,
2002-12-09,25.202,25.202,25.202,25.202,
2002-12-10,25.309,25.309,25.309,25.309,
2002-12-11,25.047,25.047,25.047,25.047,
2002-12-12,24.519,24.519,24.519,24.519,
2002-12-13,24.597,24.597,24.597,24.597,
2002-12-16,25.094,25.094,25.094,25.094,
2002-12-17,25.008,25.008,25.008,25.008,
2002-12-18,24.391,24.391,24.391,24.391,
2002-12-19,24.142,24.142,24.142,24.142,
2002-12-20,24.176,24.176,24.176,24.176,
2002-12-23,24.301,24.301,24.301,24.301,
2002-12-24,24.421,24.421,24.421,24.421,
2002-12-26,24.425,24.425,24.425,24.425,
2002-12-27,24.022,24.022,24.022,24.022,
2002-12-30,24.369,24.369,24.369,24.369,
2002-12-31,24.284,24.284,24.284,24.284,
2003-01-02,24.987,24.987,24.987,24.987,
2003-01-03,25.304,25.304,25.304,25.304,
2003-01-06,25.686,25.686,25.686,25.686,
2003-01-07,25.356,25.356,25.356,25.356,
2003-01-08,25.3,25.3,25.3,25.3,
2003-01-09,25.643,25.643,25.643,25.643,
2003-01-10,25.656,25.656,25.656,25.656,
2003-01-13,25.652,25.652,25.652,25.652,
2003-01-14,25.656,25.656,25.656,25.656,
2003-01-15,25.433,25.433,25.433,25.433,
2003-01-16,25.244,25.244,25.244,25.244,
2003-01-17,25.026,25.026,25.026,25.026,
2003-01-21,24.331,24.331,24.331,24.331,
2003-01-22,23.859,23.859,23.859,23.859,
2003-01-23,23.743,23.743,23.743,23.743,
2003-01-24,22.971,22.971,22.971,22.971,
2003-01-27,22.203,22.203,22.203,22.203,
2003-01-28,23.336,23.336,23.336,23.336,
2003-01-29,23.76,23.76,23.76,23.76,
2003-01-30,23.383,23.383,23.383,23.383,
2003-01-31,23.76,23.76,23.76,23.76,
2003-02-03,23.962,23.962,23.962,23.962,
2003-02-04,23.529,23.529,23.529,23.529,
2003-02-05,23.447,23.447,23.447,23.447,
2003-02-06,23.34,23.34,23.34,23.34,
2003-02-07,22.975,22.975,22.975,22.975,
2003-02-10,23.336,23.336,23.336,23.336,
2003-02-11,23.168,23.168,23.168,23.168,
2003-02-12,22.885,22.885,22.885,22.885,
2003-02-13,22.563,22.563,22.563,22.563,
2003-02-14,23.125,23.125,23.125,23.125,
2003-02-18,23.55,23.55,23.55,23.55,
2003-02-19,23.318,23.318,23.318,23.318,
2003-02-20,22.898,22.898,22.898,22.898,
2003-02-21,23.082,23.082,23.082,23.082,
2003-02-24,22.503,22.503,22.503,22.503,
2003-02-25,22.628,22.628,22.628,22.628,
2003-02-26,22.349,22.349,22.349,22.349,
2003-02-27,22.649,22.649,22.649,22.649,
2003-02-28,22.628,22.628,22.628,22.628,
2003-03-03,22.516,22.516,22.516,22.516,
2003-03-04,22.139,22.139,22.139,22.139,
2003-03-05,22.407,22.407,22.407,22.407,
2003-03-06,22.441,22.441,22.441,22.441,
2003-03-07,22.618,22.618,22.618,22.618,
2003-03-10,22.113,22.113,22.113,22.113,
2003-03-11,21.931,21.931,21.931,21.931,
2003-03-12,22.143,22.143,22.143,22.143,
2003-03-13,22.078,22.078,22.078,22.078,
2003-03-14,21.944,21.944,21.944,21.944,
2003-03-17,22.549,22.549,22.549,22.549,
2003-03-18,22.903,22.903,22.903,22.903,
2003-03-19,23.525,23.525,23.525,23.525,
2003-03-20,23.754,23.754,23.754,23.754,
2003-03-21,24.407,24.407,24.407,24.407,
2003-03-24,23.607,23.607,23.607,23.607,
2003-03-25,23.975,23.975,23.975,23.975,
2003-03-26,23.53,23.53,23.53,23.53,
2003-03-27,23.789,23.789,23.789,23.789,
2003-03-28,23.91,23.91,23.91,23.91,
2003-03-31,23.664,23.664,23.664,23.664,
2003-04-01,24.018,24.018,24.018,24.018,
2003-04-02,24.523,24.523,24.523,24.523,
2003-04-03,24.238,24.238,24.238,24.238,
2003-04-04,24.709,24.709,24.709,24.709,
2003-04-07,24.549,24.549,24.549,24.549,
2003-04-08,24.497,24.497,24.497,24.497,
2003-04-09,24.039,24.039,24.039,24.039,
2003-04-10,24.065,24.065,24.065,24.065,
2003-04-11,23.94,23.94,23.94,23.94,
2003-04-14,24.48,24.48,24.48,24.48,
2003-04-15,24.592,24.592,24.592,24.592,
2003-04-16,24.238,24.238,24.238,24.238,
2003-04-17,24.143,24.143,24.143,24.143,
2003-04-21,24.605,24.605,24.605,24.605,
2003-04-22,25.439,25.439,25.439,25.439,
2003-04-23,25.115,25.115,25.115,25.115,
2003-04-24,25.184,25.184,25.184,25.184,
2003-04-25,24.515,24.515,24.515,24.515,
2003-04-28,24.709,24.709,24.709,24.709,
2003-04-29,24.778,24.778,24.778,24.778,
2003-04-30,25.132,25.132,25.132,25.132,
2003-05-01,25.271,25.271,25.271,25.271,
2003-05-02,25.612,25.612,25.612,25.612,
2003-05-05,25.469,25.469,25.469,25.469,
2003-05-06,25.443,25.443,25.443,25.443,
2003-05-07,25.292,25.292,25.292,25.292,
2003-05-08,25.141,25.141,25.141,25.141,
2003-05-09,25.154,25.154,25.154,25.154,
2003-05-12,25.487,25.487,25.487,25.487,
2003-05-13,25.629,25.629,25.629,25.629,
2003-05-14,25.754,25.754,25.754,25.754,
2003-05-15,25.715,25.715,25.715,25.715,
2003-05-16,25.681,25.681,25.681,25.681,
2003-05-19,24.471,24.471,24.471,24.471,
2003-05-20,23.754,23.754,23.754,23.754,
2003-05-21,23.923,23.923,23.923,23.923,
2003-05-22,23.996,23.996,23.996,23.996,
2003-05-23,23.953,23.953,23.953,23.953,
2003-05-27,24.337,24.337,24.337,24.337,
2003-05-28,24.078,24.078,24.078,24.078,
2003-05-29,23.655,23.655,23.655,23.655,
2003-05-30,24.009,24.009,24.009,24.009,
2003-06-02,24.074,24.074,24.074,24.074,
2003-06-03,24.32,24.32,24.32,24.32,
2003-06-04,24.716,24.716,24.716,24.716,
2003-06-05,25.542,25.542,25.542,25.542,
2003-06-06,25.677,25.677,25.677,25.677,
2003-06-09,25.346,25.346,25.346,25.346,
2003-06-10,25.411,25.411,25.411,25.411,
2003-06-11,25.794,25.794,25.794,25.794,
2003-06-12,25.781,25.781,25.781,25.781,
2003-06-13,25.751,25.751,25.751,25.751,
2003-06-16,26.433,26.433,26.433,26.433,
2003-06-17,27.116,27.116,27.116,27.116,
2003-06-18,27.494,27.494,27.494,27.494,
2003-06-19,27.085,27.085,27.085,27.085,
2003-06-20,27.342,27.342,27.342,27.342,
2003-06-23,27.003,27.003,27.003,27.003,
2003-06-24,27.02,27.02,27.02,27.02,
2003-06-25,26.598,26.598,26.598,26.598,
2003-06-26,26.955,26.955,26.955,26.955,
2003-06-27,26.529,26.529,26.529,26.529,
2003-06-30,26.324,26.324,26.324,26.324,
2003-07-01,26.724,26.724,26.724,26.724,
2003-07-02,26.833,26.833,26.833,26.833,
2003-07-03,26.581,26.581,26.581,26.581,
2003-07-07,26.907,26.907,26.907,26.907,
2003-07-08,26.807,26.807,26.807,26.807,
2003-07-09,26.685,26.685,26.685,26.685,
2003-07-10,26.537,26.537,26.537,26.537,
2003-07-11,26.711,26.711,26.711,26.711,
2003-07-14,26.846,26.846,26.846,26.846,
2003-07-15,26.898,26.898,26.898,26.898,
2003-07-16,26.837,26.837,26.837,26.837,
2003-07-17,26.524,26.524,26.524,26.524,
2003-07-18,26.855,26.855,26.855,26.855,
2003-07-21,26.007,26.007,26.007,26.007,
2003-07-22,25.133,25.133,25.133,25.133,
2003-07-23,25.168,25.168,25.168,25.168,
2003-07-24,24.777,24.777,24.777,24.777,
2003-07-25,25.007,25.007,25.007,25.007,
2003-07-28,24.633,24.633,24.633,24.633,
2003-07-29,24.081,24.081,24.081,24.081,
2003-07-30,24.112,24.112,24.112,24.112,
2003-07-31,24.033,24.033,24.033,24.033,
2003-08-01,23.572,23.572,23.572,23.572,
2003-08-04,23.533,23.533,23.533,23.533,
2003-08-05,23.264,23.264,23.264,23.264,
2003-08-06,23.572,23.572,23.572,23.572,
2003-08-07,24.303,24.303,24.303,24.303,
2003-08-08,24.168,24.168,24.168,24.168,
2003-08-11,23.929,23.929,23.929,23.929,
2003-08-12,23.707,23.707,23.707,23.707,
2003-08-13,23.225,23.225,23.225,23.225,
2003-08-14,23.19,23.19,23.19,23.19,
2003-08-15,23.251,23.251,23.251,23.251,
2003-08-18,23.255,23.255,23.255,23.255,
2003-08-19,23.355,23.355,23.355,23.355,
2003-08-20,23.941,23.941,23.941,23.941,
2003-08-21,23.574,23.574,23.574,23.574,
2003-08-22,23.091,23.091,23.091,23.091,
2003-08-25,23.101,23.101,23.101,23.101,
2003-08-26,23.105,23.105,23.105,23.105,
2003-08-27,23.105,23.105,23.105,23.105,
2003-08-28,22.857,22.857,22.857,22.857,
2003-08-29,23.114,23.114,23.114,23.114,
2003-09-02,23.459,23.459,23.459,23.459,
2003-09-03,23.45,23.45,23.45,23.45,
2003-09-04,23.413,23.413,23.413,23.413,
2003-09-05,23.598,23.598,23.598,23.598,
2003-09-08,24.338,24.338,24.338,24.338,
2003-09-09,24.426,24.426,24.426,24.426,
2003-09-10,24.847,24.847,24.847,24.847,
2003-09-11,24.662,24.662,24.662,24.662,
2003-09-12,24.754,24.754,24.754,24.754,
2003-09-15,24.565,24.565,24.565,24.565,
2003-09-16,24.889,24.889,24.889,24.889,
2003-09-17,24.62,24.62,24.62,24.62,
2003-09-18,24.56,24.56,24.56,24.56,
2003-09-19,24.195,24.195,24.195,24.195,
2003-09-22,23.778,23.778,23.778,23.778,
2003-09-23,23.695,23.695,23.695,23.695,
2003-09-24,23.436,23.436,23.436,23.436,
2003-09-25,23.306,23.306,23.306,23.306,
2003-09-26,23.519,23.519,23.519,23.519,
2003-09-29,23.598,23.598,23.598,23.598,
2003-09-30,23.422,23.422,23.422,23.422,
2003-10-01,23.672,23.672,23.672,23.672,
2003-10-02,23.598,23.598,23.598,23.598,
2003-10-03,23.186,23.186,23.186,23.186,
2003-10-06,23.241,23.241,23.241,23.241,
2003-10-07,23.181,23.181,23.181,23.181,
2003-10-08,23.126,23.126,23.126,23.126,
2003-10-09,22.668,22.668,22.668,22.668,
2003-10-10,22.894,22.894,22.894,22.894,
2003-10-13,23.001,23.001,23.001,23.001,
2003-10-14,22.996,22.996,22.996,22.996,
2003-10-15,22.621,22.621,22.621,22.621,
2003-10-16,22.714,22.714,22.714,22.714,
2003-10-17,22.501,22.501,22.501,22.501,
2003-10-20,22.376,22.376,22.376,22.376,
2003-10-21,22.631,22.631,22.631,22.631,
2003-10-22,21.155,21.155,21.155,21.155,
2003-10-23,21.053,21.053,21.053,21.053,
2003-10-24,20.724,20.724,20.724,20.724,
2003-10-27,20.766,20.766,20.766,20.766,
2003-10-28,20.784,20.784,20.784,20.784,
2003-10-29,20.784,20.784,20.784,20.784,
2003-10-30,20.331,20.331,20.331,20.331,
2003-10-31,20.474,20.474,20.474,20.474,
2003-11-03,20.678,20.678,20.678,20.678,
2003-11-04,20.262,20.262,20.262,20.262,
2003-11-05,20.081,20.081,20.081,20.081,
2003-11-06,20.174,20.174,20.174,20.174,
2003-11-07,20.326,20.326,20.326,20.326,
2003-11-10,20.081,20.081,20.081,20.081,
2003-11-11,20.299,20.299,20.299,20.299,
2003-11-12,20.474,20.474,20.474,20.474,
2003-11-13,21.192,21.192,21.192,21.192,
2003-11-14,21.553,21.553,21.553,21.553,
2003-11-17,21.321,21.321,21.321,21.321,
2003-11-18,21.354,21.354,21.354,21.354,
2003-11-19,21.354,21.354,21.354,21.354,
2003-11-20,20.895,20.895,20.895,20.895,
2003-11-21,19.531,19.531,19.531,19.531,
2003-11-24,19.475,19.475,19.475,19.475,
2003-11-25,19.165,19.165,19.165,19.165,
2003-11-26,18.98,18.98,18.98,18.98,
2003-11-28,18.786,18.786,18.786,18.786,
2003-12-01,19.47,19.47,19.47,19.47,
2003-12-02,19.665,19.665,19.665,19.665,
2003-12-03,20.365,20.365,20.365,20.365,
2003-12-04,20.206,20.206,20.206,20.206,
2003-12-05,20.103,20.103,20.103,20.103,
2003-12-08,20.342,20.342,20.342,20.342,
2003-12-09,20.332,20.332,20.332,20.332,
2003-12-10,20.141,20.141,20.141,20.141,
2003-12-11,20.351,20.351,20.351,20.351,
2003-12-12,20.374,20.374,20.374,20.374,
2003-12-15,20.398,20.398,20.398,20.398,
2003-12-16,20.598,20.598,20.598,20.598,
2003-12-17,20.584,20.584,20.584,20.584,
2003-12-18,20.818,20.818,20.818,20.818,
2003-12-19,20.706,20.706,20.706,20.706,
2003-12-22,20.636,20.636,20.636,20.636,
2003-12-23,20.897,20.897,20.897,20.897,
2003-12-24,20.976,20.976,20.976,20.976,
2003-12-26,21.051,21.051,21.051,21.051,
2003-12-29,21.326,21.326,21.326,21.326,
2003-12-30,21.238,21.238,21.238,21.238,
2003-12-31,21.564,21.564,21.564,21.564,
2004-01-02,21.961,21.961,21.961,21.961,
2004-01-05,22.405,22.405,22.405,22.405,
2004-01-06,22.297,22.297,22.297,22.297,
2004-01-07,22.325,22.325,22.325,22.325,
2004-01-08,22.442,22.442,22.442,22.442,
2004-01-09,21.999,21.999,21.999,21.999,
2004-01-12,21.424,21.424,21.424,21.424,
2004-01-13,21.317,21.317,21.317,21.317,
2004-01-14,21.606,21.606,21.606,21.606,
2004-01-15,21.438,21.438,21.438,21.438,
2004-01-16,21.56,21.56,21.56,21.56,
2004-01-20,21.462,21.462,21.462,21.462,
2004-01-21,21.588,21.588,21.588,21.588,
2004-01-22,21.522,21.522,21.522,21.522,
2004-01-23,21.368,21.368,21.368,21.368,
2004-01-26,22.031,22.031,22.031,22.031,
2004-01-27,22.106,22.106,22.106,22.106,
2004-01-28,22.358,22.358,22.358,22.358,
2004-01-29,22.535,22.535,22.535,22.535,
2004-01-30,22.218,22.218,22.218,22.218,
2004-02-02,22.437,22.437,22.437,22.437,
2004-02-03,22.638,22.638,22.638,22.638,
2004-02-04,22.843,22.843,22.843,22.843,
2004-02-05,22.75,22.75,22.75,22.75,
2004-02-06,22.759,22.759,22.759,22.759,
2004-02-09,22.484,22.484,22.484,22.484,
2004-02-10,22.591,22.591,22.591,22.591,
2004-02-11,22.694,22.694,22.694,22.694,
2004-02-12,22.549,22.549,22.549,22.549,
2004-02-13,22.815,22.815,22.815,22.815,
2004-02-17,22.806,22.806,22.806,22.806,
2004-02-18,22.909,22.909,22.909,22.909,
2004-02-19,22.806,22.806,22.806,22.806,
2004-02-20,22.549,22.549,22.549,22.549,
2004-02-23,22.657,22.657,22.657,22.657,
2004-02-24,22.638,22.638,22.638,22.638,
2004-02-25,22.353,22.353,22.353,22.353,
2004-02-26,22.237,22.237,22.237,22.237,
2004-02-27,22.442,22.442,22.442,22.442,
2004-03-01,22.615,22.615,22.615,22.615,
2004-03-02,22.288,22.288,22.288,22.288,
2004-03-03,22.161,22.161,22.161,22.161,
2004-03-04,22.476,22.476,22.476,22.476,
2004-03-05,22.627,22.627,22.627,22.627,
2004-03-08,22.424,22.424,22.424,22.424,
2004-03-09,22.241,22.241,22.241,22.241,
2004-03-10,21.709,21.709,21.709,21.709,
2004-03-11,21.164,21.164,21.164,21.164,
2004-03-12,21.239,21.239,21.239,21.239,
2004-03-15,21.098,21.098,21.098,21.098,
2004-03-16,21.22,21.22,21.22,21.22,
2004-03-17,20.881,20.881,20.881,20.881,
2004-03-18,20.966,20.966,20.966,20.966,
2004-03-19,20.59,20.59,20.59,20.59,
2004-03-22,20.5,20.5,20.5,20.5,
2004-03-23,20.674,20.674,20.674,20.674,
2004-03-24,20.232,20.232,20.232,20.232,
2004-03-25,20.552,20.552,20.552,20.552,
2004-03-26,20.698,20.698,20.698,20.698,
2004-03-29,20.966,20.966,20.966,20.966,
2004-03-30,20.745,20.745,20.745,20.745,
2004-03-31,20.787,20.787,20.787,20.787,
2004-04-01,21.07,21.07,21.07,21.07,
2004-04-02,21.197,21.197,21.197,21.197,
2004-04-05,21.305,21.305,21.305,21.305,
2004-04-06,21.239,21.239,21.239,21.239,
2004-04-07,21.093,21.093,21.093,21.093,
2004-04-08,20.994,20.994,20.994,20.994,
2004-04-12,21.117,21.117,21.117,21.117,
2004-04-13,20.971,20.971,20.971,20.971,
2004-04-14,21.375,21.375,21.375,21.375,
2004-04-15,22.1,22.1,22.1,22.1,
2004-04-16,22.147,22.147,22.147,22.147,
2004-04-19,22.081,22.081,22.081,22.081,
2004-04-20,21.738,21.738,21.738,21.738,
2004-04-21,21.874,21.874,21.874,21.874,
2004-04-22,21.987,21.987,21.987,21.987,
2004-04-23,21.996,21.996,21.996,21.996,
2004-04-26,21.94,21.94,21.94,21.94,
2004-04-27,22.227,22.227,22.227,22.227,
2004-04-28,22.316,22.316,22.316,22.316,
2004-04-29,22.1,22.1,22.1,22.1,
2004-04-30,22.109,22.109,22.109,22.109,
2004-05-03,22.438,22.438,22.438,22.438,
2004-05-04,22.509,22.509,22.509,22.509,
2004-05-05,22.49,22.49,22.49,22.49,
2004-05-06,22.631,22.631,22.631,22.631,
2004-05-07,22.443,22.443,22.443,22.443,
2004-05-10,21.973,21.973,21.973,21.973,
2004-05-11,21.827,21.827,21.827,21.827,
2004-05-12,22.039,22.039,22.039,22.039,
2004-05-13,21.686,21.686,21.686,21.686,
2004-05-14,21.85,21.85,21.85,21.85,
2004-05-17,21.94,21.94,21.94,21.94,
2004-05-18,22.039,22.039,22.039,22.039,
2004-05-19,21.846,21.846,21.846,21.846,
2004-05-20,21.874,21.874,21.874,21.874,
2004-05-21,21.916,21.916,21.916,21.916,
2004-05-24,21.756,21.756,21.756,21.756,
2004-05-25,22.029,22.029,22.029,22.029,
2004-05-26,22.072,22.072,22.072,22.072,
2004-05-27,22.311,22.311,22.311,22.311,
2004-05-28,22.25,22.25,22.25,22.25,
2004-06-01,22.749,22.749,22.749,22.749,
2004-06-02,22.673,22.673,22.673,22.673,
2004-06-03,22.744,22.744,22.744,22.744,
2004-06-04,22.848,22.848,22.848,22.848,
2004-06-07,22.777,22.777,22.777,22.777,
2004-06-08,22.929,22.929,22.929,22.929,
2004-06-09,22.683,22.683,22.683,22.683,
2004-06-10,22.649,22.649,22.649,22.649,
2004-06-14,22.232,22.232,22.232,22.232,
2004-06-15,22.73,22.73,22.73,22.73,
2004-06-16,22.792,22.792,22.792,22.792,
2004-06-17,22.905,22.905,22.905,22.905,
2004-06-18,22.924,22.924,22.924,22.924,
2004-06-21,22.73,22.73,22.73,22.73,
2004-06-22,22.559,22.559,22.559,22.559,
2004-06-23,22.664,22.664,22.664,22.664,
2004-06-24,22.711,22.711,22.711,22.711,
2004-06-25,22.28,22.28,22.28,22.28,
2004-06-28,22.346,22.346,22.346,22.346,
2004-06-29,22.446,22.446,22.446,22.446,
2004-06-30,22.517,22.517,22.517,22.517,
2004-07-01,22.303,22.303,22.303,22.303,
2004-07-02,22.213,22.213,22.213,22.213,
2004-07-06,22.09,22.09,22.09,22.09,
2004-07-07,21.953,21.953,21.953,21.953,
2004-07-08,21.768,21.768,21.768,21.768,
2004-07-09,21.739,21.739,21.739,21.739,
2004-07-12,21.649,21.649,21.649,21.649,
2004-07-13,21.592,21.592,21.592,21.592,
2004-07-14,21.654,21.654,21.654,21.654,
2004-07-15,21.194,21.194,21.194,21.194,
2004-07-16,21.237,21.237,21.237,21.237,
2004-07-19,21.071,21.071,21.071,21.071,
2004-07-20,21.251,21.251,21.251,21.251,
2004-07-21,21.137,21.137,21.137,21.137,
2004-07-22,21.502,21.502,21.502,21.502,
2004-07-23,21.407,21.407,21.407,21.407,
2004-07-26,21.332,21.332,21.332,21.332,
2004-07-27,21.351,21.351,21.351,21.351,
2004-07-28,21.341,21.341,21.341,21.341,
2004-07-29,21.521,21.521,21.521,21.521,
2004-07-30,21.497,21.497,21.497,21.497,
2004-08-02,21.554,21.554,21.554,21.554,
2004-08-03,21.27,21.27,21.27,21.27,
2004-08-04,21.284,21.284,21.284,21.284,
2004-08-05,21.061,21.061,21.061,21.061,
2004-08-06,20.668,20.668,20.668,20.668,
2004-08-09,20.891,20.891,20.891,20.891,
2004-08-10,21.166,21.166,21.166,21.166,
2004-08-11,21.332,21.332,21.332,21.332,
2004-08-12,21.232,21.232,21.232,21.232,
2004-08-13,21.137,21.137,21.137,21.137,
2004-08-16,21.365,21.365,21.365,21.365,
2004-08-17,21.317,21.317,21.317,21.317,
2004-08-18,21.716,21.716,21.716,21.716,
2004-08-19,21.531,21.531,21.531,21.531,
2004-08-20,21.844,21.844,21.844,21.844,
2004-08-23,21.91,21.91,21.91,21.91,
2004-08-24,21.971,21.971,21.971,21.971,
2004-08-25,21.815,21.815,21.815,21.815,
2004-08-26,21.355,21.355,21.355,21.355,
2004-08-27,21.403,21.403,21.403,21.403,
2004-08-30,21.298,21.298,21.298,21.298,
2004-08-31,21.317,21.317,21.317,21.317,
2004-09-01,21.293,21.293,21.293,21.293,
2004-09-02,21.556,21.556,21.556,21.556,
2004-09-03,21.743,21.743,21.743,21.743,
2004-09-07,21.886,21.886,21.886,21.886,
2004-09-08,21.819,21.819,21.819,21.819,
2004-09-09,21.638,21.638,21.638,21.638,
2004-09-10,21.881,21.881,21.881,21.881,
2004-09-13,21.728,21.728,21.728,21.728,
2004-09-14,21.776,21.776,21.776,21.776,
2004-09-15,21.705,21.705,21.705,21.705,
2004-09-16,21.599,21.599,21.599,21.599,
2004-09-17,21.499,21.499,21.499,21.499,
2004-09-20,21.356,21.356,21.356,21.356,
2004-09-21,21.437,21.437,21.437,21.437,
2004-09-22,21.394,21.394,21.394,21.394,
2004-09-23,21.164,21.164,21.164,21.164,
2004-09-24,21.083,21.083,21.083,21.083,
2004-09-27,21.255,21.255,21.255,21.255,
2004-09-28,21.475,21.475,21.475,21.475,
2004-09-29,21.547,21.547,21.547,21.547,
2004-09-30,15.776,15.776,15.776,15.776,
2004-10-01,15.925,15.925,15.925,15.925,
2004-10-04,16.364,16.364,16.364,16.364,
2004-10-05,15.982,15.982,15.982,15.982,
2004-10-06,15.141,15.141,15.141,15.141,
2004-10-07,14.811,14.811,14.811,14.811,
2004-10-08,14.505,14.505,14.505,14.505,
2004-10-11,14.696,14.696,14.696,14.696,
2004-10-12,14.749,14.749,14.749,14.749,
2004-10-13,14.376,14.376,14.376,14.376,
2004-10-14,14.433,14.433,14.433,14.433,
2004-10-15,14.581,14.581,14.581,14.581,
2004-10-18,14.772,14.772,14.772,14.772,
2004-10-19,14.897,14.897,14.897,14.897,
2004-10-20,15.012,15.012,15.012,15.012,
2004-10-21,14.945,14.945,14.945,14.945,
2004-10-22,14.61,14.61,14.61,14.61,
2004-10-25,14.576,14.576,14.576,14.576,
2004-10-26,14.658,14.658,14.658,14.658,
2004-10-27,14.925,14.925,14.925,14.925,
2004-10-28,15.093,15.093,15.093,15.093,
2004-10-29,14.968,14.968,14.968,14.968,
2004-11-01,13.52,13.52,13.52,13.52,
2004-11-02,12.812,12.812,12.812,12.812,
2004-11-03,13.324,13.324,13.324,13.324,
2004-11-04,12.918,12.918,12.918,12.918,
2004-11-05,12.53,12.53,12.53,12.53,
2004-11-08,12.702,12.702,12.702,12.702,
2004-11-09,12.43,12.43,12.43,12.43,
2004-11-10,12.626,12.626,12.626,12.626,
2004-11-11,12.502,12.502,12.502,12.502,
2004-11-12,12.645,12.645,12.645,12.645,
2004-11-15,12.951,12.951,12.951,12.951,
2004-11-16,13.137,13.137,13.137,13.137,
2004-11-17,13.071,13.071,13.071,13.071,
2004-11-18,13.08,13.08,13.08,13.08,
2004-11-19,12.965,12.965,12.965,12.965,
2004-11-22,12.97,12.97,12.97,12.97,
2004-11-23,12.975,12.975,12.975,12.975,
2004-11-24,13.013,13.013,13.013,13.013,
2004-11-26,13.243,13.243,13.243,13.243,
2004-11-29,13.228,13.228,13.228,13.228,
2004-11-30,13.396,13.396,13.396,13.396,
2004-12-01,13.434,13.434,13.434,13.434,
2004-12-02,13.861,13.861,13.861,13.861,
2004-12-03,13.9,13.9,13.9,13.9,
2004-12-06,13.628,13.628,13.628,13.628,
2004-12-07,13.517,13.517,13.517,13.517,
2004-12-08,13.905,13.905,13.905,13.905,
2004-12-09,13.924,13.924,13.924,13.924,
2004-12-10,13.929,13.929,13.929,13.929,
2004-12-13,14.079,14.079,14.079,14.079,
2004-12-14,14.355,14.355,14.355,14.355,
2004-12-15,14.772,14.772,14.772,14.772,
2004-12-16,15.407,15.407,15.407,15.407,
2004-12-17,15.31,15.31,15.31,15.31,
2004-12-20,15.271,15.271,15.271,15.271,
2004-12-21,15.499,15.499,15.499,15.499,
2004-12-22,15.615,15.615,15.615,15.615,
2004-12-23,15.654,15.654,15.654,15.654,
2004-12-27,15.484,15.484,15.484,15.484,
2004-12-28,15.606,15.606,15.606,15.606,
2004-12-29,15.625,15.625,15.625,15.625,
2004-12-30,15.615,15.615,15.615,15.615,
2004-12-31,15.577,15.577,15.577,15.577,
2005-01-03,15.15,15.15,15.15,15.15,
2005-01-04,15.087,15.087,15.087,15.087,
2005-01-05,15.189,15.189,15.189,15.189,
2005-01-06,15.295,15.295,15.295,15.295,
2005-01-07,15.087,15.087,15.087,15.087,
2005-01-10,15.266,15.266,15.266,15.266,
2005-01-11,15.106,15.106,15.106,15.106,
2005-01-12,15.063,15.063,15.063,15.063,
2005-01-13,14.854,14.854,14.854,14.854,
2005-01-14,14.961,14.961,14.961,14.961,
2005-01-18,15.169,15.169,15.169,15.169,
2005-01-19,15.034,15.034,15.034,15.034,
2005-01-20,14.893,14.893,14.893,14.893,
2005-01-21,14.714,14.714,14.714,14.714,
2005-01-24,14.467,14.467,14.467,14.467,
2005-01-25,15.0,15.0,15.0,15.0,
2005-01-26,15.106,15.106,15.106,15.106,
2005-01-27,15.111,15.111,15.111,15.111,
2005-01-28,13.58,13.58,13.58,13.58,
2005-01-31,13.594,13.594,13.594,13.594,
2005-02-01,13.488,13.488,13.488,13.488,
2005-02-02,13.793,13.793,13.793,13.793,
2005-02-03,13.769,13.769,13.769,13.769,
2005-02-04,13.74,13.74,13.74,13.74,
2005-02-07,13.779,13.779,13.779,13.779,
2005-02-08,13.958,13.958,13.958,13.958,
2005-02-09,13.909,13.909,13.909,13.909,
2005-02-10,13.938,13.938,13.938,13.938,
2005-02-11,14.157,14.157,14.157,14.157,
2005-02-14,14.253,14.253,14.253,14.253,
2005-02-15,14.224,14.224,14.224,14.224,
2005-02-16,14.064,14.064,14.064,14.064,
2005-02-17,13.982,13.982,13.982,13.982,
2005-02-18,15.804,15.804,15.804,15.804,
2005-02-22,15.126,15.126,15.126,15.126,
2005-02-23,15.392,15.392,15.392,15.392,
2005-02-24,15.504,15.504,15.504,15.504,
2005-02-25,15.46,15.46,15.46,15.46,
2005-02-28,15.363,15.363,15.363,15.363,
2005-03-01,15.572,15.572,15.572,15.572,
2005-03-02,15.498,15.498,15.498,15.498,
2005-03-03,15.488,15.488,15.488,15.488,
2005-03-04,15.537,15.537,15.537,15.537,
2005-03-07,15.547,15.547,15.547,15.547,
2005-03-08,15.562,15.562,15.562,15.562,
2005-03-09,15.611,15.611,15.611,15.611,
2005-03-10,15.773,15.773,15.773,15.773,
2005-03-11,15.773,15.773,15.773,15.773,
2005-03-14,15.837,15.837,15.837,15.837,
2005-03-15,15.694,15.694,15.694,15.694,
2005-03-16,15.547,15.547,15.547,15.547,
2005-03-17,15.557,15.557,15.557,15.557,
2005-03-18,15.714,15.714,15.714,15.714,
2005-03-21,15.616,15.616,15.616,15.616,
2005-03-22,15.685,15.685,15.685,15.685,
2005-03-23,15.724,15.724,15.724,15.724,
2005-03-24,15.631,15.631,15.631,15.631,
2005-03-28,15.577,15.577,15.577,15.577,
2005-03-29,15.699,15.699,15.699,15.699,
2005-03-30,15.91,15.91,15.91,15.91,
2005-03-31,15.876,15.876,15.876,15.876,
2005-04-01,15.846,15.846,15.846,15.846,
2005-04-04,15.94,15.94,15.94,15.94,
2005-04-05,16.204,16.204,16.204,16.204,
2005-04-06,16.131,16.131,16.131,16.131,
2005-04-07,16.425,16.425,16.425,16.425,
2005-04-08,16.347,16.347,16.347,16.347,
2005-04-11,16.253,16.253,16.253,16.253,
2005-04-12,16.582,16.582,16.582,16.582,
2005-04-13,16.93,16.93,16.93,16.93,
2005-04-14,17.058,17.058,17.058,17.058,
2005-04-15,17.068,17.068,17.068,17.068,
2005-04-18,16.886,16.886,16.886,16.886,
2005-04-19,17.009,17.009,17.009,17.009,
2005-04-20,16.71,16.71,16.71,16.71,
2005-04-21,16.813,16.813,16.813,16.813,
2005-04-22,16.773,16.773,16.773,16.773,
2005-04-25,16.636,16.636,16.636,16.636,
2005-04-26,16.479,16.479,16.479,16.479,
2005-04-27,16.425,16.425,16.425,16.425,
2005-04-28,16.572,16.572,16.572,16.572,
2005-04-29,16.626,16.626,16.626,16.626,
2005-05-02,16.675,16.675,16.675,16.675,
2005-05-03,16.881,16.881,16.881,16.881,
2005-05-04,17.131,17.131,17.131,17.131,
2005-05-05,17.043,17.043,17.043,17.043,
2005-05-06,16.754,16.754,16.754,16.754,
2005-05-09,16.773,16.773,16.773,16.773,
2005-05-10,16.616,16.616,16.616,16.616,
2005-05-11,16.43,16.43,16.43,16.43,
2005-05-12,16.499,16.499,16.499,16.499,
2005-05-13,16.41,16.41,16.41,16.41,
2005-05-16,16.405,16.405,16.405,16.405,
2005-05-17,16.19,16.19,16.19,16.19,
2005-05-18,16.16,16.16,16.16,16.16,
2005-05-19,16.082,16.082,16.082,16.082,
2005-05-20,15.998,15.998,15.998,15.998,
2005-05-23,16.003,16.003,16.003,16.003,
2005-05-24,16.057,16.057,16.057,16.057,
2005-05-25,15.959,15.959,15.959,15.959,
2005-05-26,15.866,15.866,15.866,15.866,
2005-05-27,15.915,15.915,15.915,15.915,
2005-05-31,15.91,15.91,15.91,15.91,
2005-06-01,15.975,15.975,15.975,15.975,
2005-06-02,15.994,15.994,15.994,15.994,
2005-06-03,15.925,15.925,15.925,15.925,
2005-06-06,15.895,15.895,15.895,15.895,
2005-06-07,15.92,15.92,15.92,15.92,
2005-06-08,15.697,15.697,15.697,15.697,
2005-06-09,15.558,15.558,15.558,15.558,
2005-06-10,15.578,15.578,15.578,15.578,
2005-06-13,15.657,15.657,15.657,15.657,
2005-06-14,15.771,15.771,15.771,15.771,
2005-06-15,15.831,15.831,15.831,15.831,
2005-06-16,15.88,15.88,15.88,15.88,
2005-06-17,15.99,15.99,15.99,15.99,
2005-06-20,15.935,15.935,15.935,15.935,
2005-06-21,15.875,15.875,15.875,15.875,
2005-06-22,15.87,15.87,15.87,15.87,
2005-06-23,15.508,15.508,15.508,15.508,
2005-06-24,15.161,15.161,15.161,15.161,
2005-06-27,15.136,15.136,15.136,15.136,
2005-06-28,15.369,15.369,15.369,15.369,
2005-06-29,15.3,15.3,15.3,15.3,
2005-06-30,15.285,15.285,15.285,15.285,
2005-07-01,15.414,15.414,15.414,15.414,
2005-07-05,15.434,15.434,15.434,15.434,
2005-07-06,15.166,15.166,15.166,15.166,
2005-07-07,14.878,14.878,14.878,14.878,
2005-07-08,15.384,15.384,15.384,15.384,
2005-07-11,15.503,15.503,15.503,15.503,
2005-07-12,15.682,15.682,15.682,15.682,
2005-07-13,15.692,15.692,15.692,15.692,
2005-07-14,15.836,15.836,15.836,15.836,
2005-07-15,15.836,15.836,15.836,15.836,
2005-07-18,15.821,15.821,15.821,15.821,
2005-07-19,15.856,15.856,15.856,15.856,
2005-07-20,15.806,15.806,15.806,15.806,
2005-07-21,15.573,15.573,15.573,15.573,
2005-07-22,15.454,15.454,15.454,15.454,
2005-07-25,15.255,15.255,15.255,15.255,
2005-07-26,15.23,15.23,15.23,15.23,
2005-07-27,15.493,15.493,15.493,15.493,
2005-07-28,15.528,15.528,15.528,15.528,
2005-07-29,15.414,15.414,15.414,15.414,
2005-08-01,15.225,15.225,15.225,15.225,
2005-08-02,15.23,15.23,15.23,15.23,
2005-08-03,15.295,15.295,15.295,15.295,
2005-08-04,15.057,15.057,15.057,15.057,
2005-08-05,15.215,15.215,15.215,15.215,
2005-08-08,15.111,15.111,15.111,15.111,
2005-08-09,15.374,15.374,15.374,15.374,
2005-08-10,15.468,15.468,15.468,15.468,
2005-08-11,15.429,15.429,15.429,15.429,
2005-08-12,15.161,15.161,15.161,15.161,
2005-08-15,15.215,15.215,15.215,15.215,
2005-08-16,15.037,15.037,15.037,15.037,
2005-08-17,15.166,15.166,15.166,15.166,
2005-08-18,15.091,15.091,15.091,15.091,
2005-08-19,13.925,13.925,13.925,13.925,
2005-08-22,13.841,13.841,13.841,13.841,
2005-08-23,13.687,13.687,13.687,13.687,
2005-08-24,13.811,13.811,13.811,13.811,
2005-08-25,13.781,13.781,13.781,13.781,
2005-08-26,13.727,13.727,13.727,13.727,
2005-08-29,13.955,13.955,13.955,13.955,
2005-08-30,14.039,14.039,14.039,14.039,
2005-08-31,14.2,14.2,14.2,14.2,
2005-09-01,14.291,14.291,14.291,14.291,
2005-09-02,14.502,14.502,14.502,14.502,
2005-09-06,14.582,14.582,14.582,14.582,
2005-09-07,14.713,14.713,14.713,14.713,
2005-09-08,14.683,14.683,14.683,14.683,
2005-09-09,14.743,14.743,14.743,14.743,
2005-09-12,14.668,14.668,14.668,14.668,
2005-09-13,14.422,14.422,14.422,14.422,
2005-09-14,14.437,14.437,14.437,14.437,
2005-09-15,14.467,14.467,14.467,14.467,
2005-09-16,14.537,14.537,14.537,14.537,
2005-09-19,14.411,14.411,14.411,14.411,
2005-09-20,14.175,14.175,14.175,14.175,
2005-09-21,13.984,13.984,13.984,13.984,
2005-09-22,13.883,13.883,13.883,13.883,
2005-09-23,13.893,13.893,13.893,13.893,
2005-09-26,13.999,13.999,13.999,13.999,
2005-09-27,13.808,13.808,13.808,13.808,
2005-09-28,13.843,13.843,13.843,13.843,
2005-09-29,13.742,13.742,13.742,13.742,
2005-09-30,13.687,13.687,13.687,13.687,
2005-10-03,13.707,13.707,13.707,13.707,
2005-10-04,13.682,13.682,13.682,13.682,
2005-10-05,13.526,13.526,13.526,13.526,
2005-10-06,13.496,13.496,13.496,13.496,
2005-10-07,13.003,13.003,13.003,13.003,
2005-10-10,13.531,13.531,13.531,13.531,
2005-10-11,13.456,13.456,13.456,13.456,
2005-10-12,13.471,13.471,13.471,13.471,
2005-10-13,13.486,13.486,13.486,13.486,
2005-10-14,13.662,13.662,13.662,13.662,
2005-10-17,13.622,13.622,13.622,13.622,
2005-10-18,13.607,13.607,13.607,13.607,
2005-10-19,13.541,13.541,13.541,13.541,
2005-10-20,13.541,13.541,13.541,13.541,
2005-10-21,13.169,13.169,13.169,13.169,
2005-10-24,13.581,13.581,13.581,13.581,
2005-10-25,13.592,13.592,13.592,13.592,
2005-10-26,13.677,13.677,13.677,13.677,
2005-10-27,13.541,13.541,13.541,13.541,
2005-10-28,13.853,13.853,13.853,13.853,
2005-10-31,14.195,14.195,14.195,14.195,
2005-11-01,14.346,14.346,14.346,14.346,
2005-11-02,14.291,14.291,14.291,14.291,
2005-11-03,14.829,14.829,14.829,14.829,
2005-11-04,14.698,14.698,14.698,14.698,
2005-11-07,14.814,14.814,14.814,14.814,
2005-11-08,14.774,14.774,14.774,14.774,
2005-11-09,14.884,14.884,14.884,14.884,
2005-11-10,15.106,15.106,15.106,15.106,
2005-11-11,15.106,15.106,15.106,15.106,
2005-11-14,15.206,15.206,15.206,15.206,
2005-11-15,15.101,15.101,15.101,15.101,
2005-11-16,14.98,14.98,14.98,14.98,
2005-11-17,14.894,14.894,14.894,14.894,
2005-11-18,15.302,15.302,15.302,15.302,
2005-11-21,15.327,15.327,15.327,15.327,
2005-11-22,15.347,15.347,15.347,15.347,
2005-11-23,15.498,15.498,15.498,15.498,
2005-11-25,15.583,15.583,15.583,15.583,
2005-11-28,14.869,14.869,14.869,14.869,
2005-11-29,15.101,15.101,15.101,15.101,
2005-11-30,14.978,14.978,14.978,14.978,
2005-12-01,15.121,15.121,15.121,15.121,
2005-12-02,15.269,15.269,15.269,15.269,
2005-12-05,15.34,15.34,15.34,15.34,
2005-12-06,15.35,15.35,15.35,15.35,
2005-12-07,15.432,15.432,15.432,15.432,
2005-12-08,15.121,15.121,15.121,15.121,
2005-12-09,14.841,14.841,14.841,14.841,
2005-12-12,14.474,14.474,14.474,14.474,
2005-12-13,14.724,14.724,14.724,14.724,
2005-12-14,14.876,14.876,14.876,14.876,
2005-12-15,15.167,15.167,15.167,15.167,
2005-12-16,15.289,15.289,15.289,15.289,
2005-12-19,16.43,16.43,16.43,16.43,
2005-12-20,16.298,16.298,16.298,16.298,
2005-12-21,16.267,16.267,16.267,16.267,
2005-12-22,16.308,16.308,16.308,16.308,
2005-12-23,16.405,16.405,16.405,16.405,
2005-12-27,16.272,16.272,16.272,16.272,
2005-12-28,16.257,16.257,16.257,16.257,
2005-12-29,16.481,16.481,16.481,16.481,
2005-12-30,16.206,16.206,16.206,16.206,
2006-01-03,16.685,16.685,16.685,16.685,
2006-01-04,16.879,16.879,16.879,16.879,
2006-01-05,16.904,16.904,16.904,16.904,
2006-01-06,16.874,16.874,16.874,16.874,
2006-01-09,17.149,17.149,17.149,17.149,
2006-01-10,16.981,16.981,16.981,16.981,
2006-01-11,17.047,17.047,17.047,17.047,
2006-01-12,17.057,17.057,17.057,17.057,
2006-01-13,17.052,17.052,17.052,17.052,
2006-01-17,16.919,16.919,16.919,16.919,
2006-01-18,16.828,16.828,16.828,16.828,
2006-01-19,16.975,16.975,16.975,16.975,
2006-01-20,16.94,16.94,16.94,16.94,
2006-01-23,16.726,16.726,16.726,16.726,
2006-01-24,16.7,16.7,16.7,16.7,
2006-01-25,16.909,16.909,16.909,16.909,
2006-01-26,17.296,17.296,17.296,17.296,
2006-01-27,17.678,17.678,17.678,17.678,
2006-01-30,17.556,17.556,17.556,17.556,
2006-01-31,17.577,17.577,17.577,17.577,
2006-02-01,17.658,17.658,17.658,17.658,
2006-02-02,17.23,17.23,17.23,17.23,
2006-02-03,17.521,17.521,17.521,17.521,
2006-02-06,17.235,17.235,17.235,17.235,
2006-02-07,17.164,17.164,17.164,17.164,
2006-02-08,17.47,17.47,17.47,17.47,
2006-02-09,17.495,17.495,17.495,17.495,
2006-02-10,17.48,17.48,17.48,17.48,
2006-02-13,17.48,17.48,17.48,17.48,
2006-02-14,17.663,17.663,17.663,17.663,
2006-02-15,17.979,17.979,17.979,17.979,
2006-02-16,18.331,18.331,18.331,18.331,
2006-02-17,18.366,18.366,18.366,18.366,
2006-02-21,18.132,18.132,18.132,18.132,
2006-02-22,18.3,18.3,18.3,18.3,
2006-02-23,18.04,18.04,18.04,18.04,
2006-02-24,17.882,17.882,17.882,17.882,
2006-02-27,18.015,18.015,18.015,18.015,
2006-02-28,17.76,17.76,17.76,17.76,
2006-03-01,17.811,17.811,17.811,17.811,
2006-03-02,17.892,17.892,17.892,17.892,
2006-03-03,17.928,17.928,17.928,17.928,
2006-03-06,17.811,17.811,17.811,17.811,
2006-03-07,17.78,17.78,17.78,17.78,
2006-03-08,17.863,17.863,17.863,17.863,
2006-03-09,17.775,17.775,17.775,17.775,
2006-03-10,17.904,17.904,17.904,17.904,
2006-03-13,18.131,18.131,18.131,18.131,
2006-03-14,18.079,18.079,18.079,18.079,
2006-03-15,18.11,18.11,18.11,18.11,
2006-03-16,18.172,18.172,18.172,18.172,
2006-03-17,18.357,18.357,18.357,18.357,
2006-03-20,18.368,18.368,18.368,18.368,
2006-03-21,18.486,18.486,18.486,18.486,
2006-03-22,18.661,18.661,18.661,18.661,
2006-03-23,18.646,18.646,18.646,18.646,
2006-03-24,18.568,18.568,18.568,18.568,
2006-03-27,18.553,18.553,18.553,18.553,
2006-03-28,18.362,18.362,18.362,18.362,
2006-03-29,18.44,18.44,18.44,18.44,
2006-03-30,18.342,18.342,18.342,18.342,
2006-03-31,18.146,18.146,18.146,18.146,
2006-04-03,18.239,18.239,18.239,18.239,
2006-04-04,18.275,18.275,18.275,18.275,
2006-04-05,18.538,18.538,18.538,18.538,
2006-04-06,17.945,17.945,17.945,17.945,
2006-04-07,17.755,17.755,17.755,17.755,
2006-04-10,17.729,17.729,17.729,17.729,
2006-04-11,17.543,17.543,17.543,17.543,
2006-04-12,17.435,17.435,17.435,17.435,
2006-04-13,17.482,17.482,17.482,17.482,
2006-04-17,17.41,17.41,17.41,17.41,
2006-04-18,17.76,17.76,17.76,17.76,
2006-04-19,17.719,17.719,17.719,17.719,
2006-04-20,18.028,18.028,18.028,18.028,
2006-04-21,17.894,17.894,17.894,17.894,
2006-04-24,17.703,17.703,17.703,17.703,
2006-04-25,17.636,17.636,17.636,17.636,
2006-04-26,17.677,17.677,17.677,17.677,
2006-04-27,17.822,17.822,17.822,17.822,
2006-04-28,17.729,17.729,17.729,17.729,
2006-05-01,17.636,17.636,17.636,17.636,
2006-05-02,17.76,17.76,17.76,17.76,
2006-05-03,17.59,17.59,17.59,17.59,
2006-05-04,17.672,17.672,17.672,17.672,
2006-05-05,17.76,17.76,17.76,17.76,
2006-05-08,17.744,17.744,17.744,17.744,
2006-05-09,17.734,17.734,17.734,17.734,
2006-05-10,17.858,17.858,17.858,17.858,
2006-05-11,17.775,17.775,17.775,17.775,
2006-05-12,17.662,17.662,17.662,17.662,
2006-05-15,17.868,17.868,17.868,17.868,
2006-05-16,18.089,18.089,18.089,18.089,
2006-05-17,17.688,17.688,17.688,17.688,
2006-05-18,18.095,18.095,18.095,18.095,
2006-05-19,17.729,17.729,17.729,17.729,
2006-05-22,17.724,17.724,17.724,17.724,
2006-05-23,17.739,17.739,17.739,17.739,
2006-05-24,17.482,17.482,17.482,17.482,
2006-05-25,17.713,17.713,17.713,17.713,
2006-05-26,17.801,17.801,17.801,17.801,
2006-05-30,17.07,17.07,17.07,17.07,
2006-05-31,17.346,17.346,17.346,17.346,
2006-06-01,17.611,17.611,17.611,17.611,
2006-06-02,17.69,17.69,17.69,17.69,
2006-06-05,17.44,17.44,17.44,17.44,
2006-06-06,17.664,17.664,17.664,17.664,
2006-06-07,17.695,17.695,17.695,17.695,
2006-06-08,17.7,17.7,17.7,17.7,
2006-06-09,17.617,17.617,17.617,17.617,
2006-06-12,17.387,17.387,17.387,17.387,
2006-06-13,17.539,17.539,17.539,17.539,
2006-06-14,17.45,17.45,17.45,17.45,
2006-06-15,17.888,17.888,17.888,17.888,
2006-06-16,17.929,17.929,17.929,17.929,
2006-06-19,17.955,17.955,17.955,17.955,
2006-06-20,18.195,18.195,18.195,18.195,
2006-06-21,18.377,18.377,18.377,18.377,
2006-06-22,18.367,18.367,18.367,18.367,
2006-06-23,18.205,18.205,18.205,18.205,
2006-06-26,18.247,18.247,18.247,18.247,
2006-06-27,18.086,18.086,18.086,18.086,
2006-06-28,18.289,18.289,18.289,18.289,
2006-06-29,18.7,18.7,18.7,18.7,
2006-06-30,18.982,18.982,18.982,18.982,
2006-07-03,19.081,19.081,19.081,19.081,
2006-07-05,19.117,19.117,19.117,19.117,
2006-07-06,19.102,19.102,19.102,19.102,
2006-07-07,19.263,19.263,19.263,19.263,
2006-07-10,19.185,19.185,19.185,19.185,
2006-07-11,19.42,19.42,19.42,19.42,
2006-07-12,19.122,19.122,19.122,19.122,
2006-07-13,19.248,19.248,19.248,19.248,
2006-07-14,18.836,18.836,18.836,18.836,
2006-07-17,18.951,18.951,18.951,18.951,
2006-07-18,19.117,19.117,19.117,19.117,
2006-07-19,19.446,19.446,19.446,19.446,
2006-07-20,19.435,19.435,19.435,19.435,
2006-07-21,19.466,19.466,19.466,19.466,
2006-07-24,20.295,20.295,20.295,20.295,
2006-07-25,20.462,20.462,20.462,20.462,
2006-07-26,20.936,20.936,20.936,20.936,
2006-07-27,21.353,21.353,21.353,21.353,
2006-07-28,21.426,21.426,21.426,21.426,
2006-07-31,20.983,20.983,20.983,20.983,
2006-08-01,21.269,21.269,21.269,21.269,
2006-08-02,21.379,21.379,21.379,21.379,
2006-08-03,21.67,21.67,21.67,21.67,
2006-08-04,21.545,21.545,21.545,21.545,
2006-08-07,21.28,21.28,21.28,21.28,
2006-08-08,21.353,21.353,21.353,21.353,
2006-08-09,21.603,21.603,21.603,21.603,
2006-08-10,21.535,21.535,21.535,21.535,
2006-08-11,21.155,21.155,21.155,21.155,
2006-08-14,21.3,21.3,21.3,21.3,
2006-08-15,21.337,21.337,21.337,21.337,
2006-08-16,21.457,21.457,21.457,21.457,
2006-08-17,20.232,20.232,20.232,20.232,
2006-08-18,20.592,20.592,20.592,20.592,
2006-08-21,20.66,20.66,20.66,20.66,
2006-08-22,20.712,20.712,20.712,20.712,
2006-08-23,21.082,21.082,21.082,21.082,
2006-08-24,20.873,20.873,20.873,20.873,
2006-08-25,21.071,21.071,21.071,21.071,
2006-08-28,21.337,21.337,21.337,21.337,
2006-08-29,21.504,21.504,21.504,21.504,
2006-08-30,21.456,21.456,21.456,21.456,
2006-08-31,21.325,21.325,21.325,21.325,
2006-09-01,21.54,21.54,21.54,21.54,
2006-09-05,21.651,21.651,21.651,21.651,
2006-09-06,21.772,21.772,21.772,21.772,
2006-09-07,21.372,21.372,21.372,21.372,
2006-09-08,21.593,21.593,21.593,21.593,
2006-09-11,21.714,21.714,21.714,21.714,
2006-09-12,22.166,22.166,22.166,22.166,
2006-09-13,21.609,21.609,21.609,21.609,
2006-09-14,21.577,21.577,21.577,21.577,
2006-09-15,21.614,21.614,21.614,21.614,
2006-09-18,21.456,21.456,21.456,21.456,
2006-09-19,21.656,21.656,21.656,21.656,
2006-09-20,22.056,22.056,22.056,22.056,
2006-09-21,22.061,22.061,22.061,22.061,
2006-09-22,22.108,22.108,22.108,22.108,
2006-09-25,22.066,22.066,22.066,22.066,
2006-09-26,21.961,21.961,21.961,21.961,
2006-09-27,22.298,22.298,22.298,22.298,
2006-09-28,22.119,22.119,22.119,22.119,
2006-09-29,22.035,22.035,22.035,22.035,
2006-10-02,21.914,21.914,21.914,21.914,
2006-10-03,22.082,22.082,22.082,22.082,
2006-10-04,22.056,22.056,22.056,22.056,
2006-10-05,21.782,21.782,21.782,21.782,
2006-10-06,22.014,22.014,22.014,22.014,
2006-10-09,22.014,22.014,22.014,22.014,
2006-10-10,21.993,21.993,21.993,21.993,
2006-10-11,22.187,22.187,22.187,22.187,
2006-10-12,22.487,22.487,22.487,22.487,
2006-10-13,22.718,22.718,22.718,22.718,
2006-10-16,23.013,23.013,23.013,23.013,
2006-10-17,23.118,23.118,23.118,23.118,
2006-10-18,23.392,23.392,23.392,23.392,
2006-10-19,23.397,23.397,23.397,23.397,
2006-10-20,24.002,24.002,24.002,24.002,
2006-10-23,24.033,24.033,24.033,24.033,
2006-10-24,24.154,24.154,24.154,24.154,
2006-10-25,24.228,24.228,24.228,24.228,
2006-10-26,24.301,24.301,24.301,24.301,
2006-10-27,24.238,24.238,24.238,24.238,
2006-10-30,24.002,24.002,24.002,24.002,
2006-10-31,23.886,23.886,23.886,23.886,
2006-11-01,24.017,24.017,24.017,24.017,
2006-11-02,23.875,23.875,23.875,23.875,
2006-11-03,23.718,23.718,23.718,23.718,
2006-11-06,24.091,24.091,24.091,24.091,
2006-11-07,24.138,24.138,24.138,24.138,
2006-11-08,23.318,23.318,23.318,23.318,
2006-11-09,22.55,22.55,22.55,22.55,
2006-11-10,22.676,22.676,22.676,22.676,
2006-11-13,22.855,22.855,22.855,22.855,
2006-11-14,23.081,23.081,23.081,23.081,
2006-11-15,23.218,23.218,23.218,23.218,
2006-11-16,23.481,23.481,23.481,23.481,
2006-11-17,23.697,23.697,23.697,23.697,
2006-11-20,23.439,23.439,23.439,23.439,
2006-11-21,23.255,23.255,23.255,23.255,
2006-11-22,23.339,23.339,23.339,23.339,
2006-11-24,23.234,23.234,23.234,23.234,
2006-11-27,22.939,22.939,22.939,22.939,
2006-11-28,22.966,22.966,22.966,22.966,
2006-11-29,23.434,23.434,23.434,23.434,
2006-11-30,23.407,23.407,23.407,23.407,
2006-12-01,23.697,23.697,23.697,23.697,
2006-12-04,23.507,23.507,23.507,23.507,
2006-12-05,23.87,23.87,23.87,23.87,
2006-12-06,23.69,23.69,23.69,23.69,
2006-12-07,23.308,23.308,23.308,23.308,
2006-12-08,23.297,23.297,23.297,23.297,
2006-12-11,23.34,23.34,23.34,23.34,
2006-12-12,23.133,23.133,23.133,23.133,
2006-12-13,22.985,22.985,22.985,22.985,
2006-12-14,23.122,23.122,23.122,23.122,
2006-12-15,23.335,23.335,23.335,23.335,
2006-12-18,23.244,23.244,23.244,23.244,
2006-12-19,23.075,23.075,23.075,23.075,
2006-12-20,22.963,22.963,22.963,22.963,
2006-12-21,22.947,22.947,22.947,22.947,
2006-12-22,22.714,22.714,22.714,22.714,
2006-12-26,22.693,22.693,22.693,22.693,
2006-12-27,23.0,23.0,23.0,23.0,
2006-12-28,23.096,23.096,23.096,23.096,
2006-12-29,23.122,23.122,23.122,23.122,
2007-01-03,23.345,23.345,23.345,23.345,
2007-01-04,23.923,23.923,23.923,23.923,
2007-01-05,23.494,23.494,23.494,23.494,
2007-01-08,23.488,23.488,23.488,23.488,
2007-01-09,23.271,23.271,23.271,23.271,
2007-01-10,23.398,23.398,23.398,23.398,
2007-01-11,23.472,23.472,23.472,23.472,
2007-01-12,23.754,23.754,23.754,23.754,
2007-01-16,23.838,23.838,23.838,23.838,
2007-01-17,23.87,23.87,23.87,23.87,
2007-01-18,24.257,24.257,24.257,24.257,
2007-01-19,24.183,24.183,24.183,24.183,
2007-01-22,24.024,24.024,24.024,24.024,
2007-01-23,24.252,24.252,24.252,24.252,
2007-01-24,24.512,24.512,24.512,24.512,
2007-01-25,24.395,24.395,24.395,24.395,
2007-01-26,24.39,24.39,24.39,24.39,
2007-01-29,24.135,24.135,24.135,24.135,
2007-01-30,23.817,23.817,23.817,23.817,
2007-01-31,23.732,23.732,23.732,23.732,
2007-02-01,23.934,23.934,23.934,23.934,
2007-02-02,23.722,23.722,23.722,23.722,
2007-02-05,23.642,23.642,23.642,23.642,
2007-02-06,23.674,23.674,23.674,23.674,
2007-02-07,23.472,23.472,23.472,23.472,
2007-02-08,23.292,23.292,23.292,23.292,
2007-02-09,23.239,23.239,23.239,23.239,
2007-02-12,23.255,23.255,23.255,23.255,
2007-02-13,23.308,23.308,23.308,23.308,
2007-02-14,23.366,23.366,23.366,23.366,
2007-02-15,23.271,23.271,23.271,23.271,
2007-02-16,23.483,23.483,23.483,23.483,
2007-02-20,23.6,23.6,23.6,23.6,
2007-02-21,23.308,23.308,23.308,23.308,
2007-02-22,22.91,22.91,22.91,22.91,
2007-02-23,22.772,22.772,22.772,22.772,
2007-02-26,23.589,23.589,23.589,23.589,
2007-02-27,22.9,22.9,22.9,22.9,
2007-02-28,23.414,23.414,23.414,23.414,
2007-03-01,23.329,23.329,23.329,23.329,
2007-03-02,23.435,23.435,23.435,23.435,
2007-03-05,23.467,23.467,23.467,23.467,
2007-03-06,23.69,23.69,23.69,23.69,
2007-03-07,23.46,23.46,23.46,23.46,
2007-03-08,23.727,23.727,23.727,23.727,
2007-03-09,23.861,23.861,23.861,23.861,
2007-03-12,23.69,23.69,23.69,23.69,
2007-03-13,23.198,23.198,23.198,23.198,
2007-03-14,23.144,23.144,23.144,23.144,
2007-03-15,23.102,23.102,23.102,23.102,
2007-03-16,23.048,23.048,23.048,23.048,
2007-03-19,23.225,23.225,23.225,23.225,
2007-03-20,23.337,23.337,23.337,23.337,
2007-03-21,23.668,23.668,23.668,23.668,
2007-03-22,23.626,23.626,23.626,23.626,
2007-03-23,23.775,23.775,23.775,23.775,
2007-03-26,23.572,23.572,23.572,23.572,
2007-03-27,23.348,23.348,23.348,23.348,
2007-03-28,23.123,23.123,23.123,23.123,
2007-03-29,23.508,23.508,23.508,23.508,
2007-03-30,23.626,23.626,23.626,23.626,
2007-04-02,24.075,24.075,24.075,24.075,
2007-04-03,24.273,24.273,24.273,24.273,
2007-04-04,24.268,24.268,24.268,24.268,
2007-04-05,24.358,24.358,24.358,24.358,
2007-04-09,24.417,24.417,24.417,24.417,
2007-04-10,24.53,24.53,24.53,24.53,
2007-04-11,24.417,24.417,24.417,24.417,
2007-04-12,24.797,24.797,24.797,24.797,
2007-04-13,26.856,26.856,26.856,26.856,
2007-04-16,26.915,26.915,26.915,26.915,
2007-04-17,26.749,26.749,26.749,26.749,
2007-04-18,26.578,26.578,26.578,26.578,
2007-04-19,26.824,26.824,26.824,26.824,
2007-04-20,27.541,27.541,27.541,27.541,
2007-04-23,27.637,27.637,27.637,27.637,
2007-04-24,27.6,27.6,27.6,27.6,
2007-04-25,28.022,28.022,28.022,28.022,
2007-04-26,28.044,28.044,28.044,28.044,
2007-04-27,27.739,27.739,27.739,27.739,
2007-04-30,27.514,27.514,27.514,27.514,
2007-05-01,27.268,27.268,27.268,27.268,
2007-05-02,27.402,27.402,27.402,27.402,
2007-05-03,27.573,27.573,27.573,27.573,
2007-05-04,27.771,27.771,27.771,27.771,
2007-05-07,27.83,27.83,27.83,27.83,
2007-05-08,27.942,27.942,27.942,27.942,
2007-05-09,27.841,27.841,27.841,27.841,
2007-05-10,27.322,27.322,27.322,27.322,
2007-05-11,27.814,27.814,27.814,27.814,
2007-05-14,27.857,27.857,27.857,27.857,
2007-05-15,28.145,28.145,28.145,28.145,
2007-05-16,28.183,28.183,28.183,28.183,
2007-05-17,28.06,28.06,28.06,28.06,
2007-05-18,28.482,28.482,28.482,28.482,
2007-05-21,28.771,28.771,28.771,28.771,
2007-05-22,28.964,28.964,28.964,28.964,
2007-05-23,29.071,29.071,29.071,29.071,
2007-05-24,28.75,28.75,28.75,28.75,
2007-05-25,28.723,28.723,28.723,28.723,
2007-05-29,28.563,28.563,28.563,28.563,
2007-05-30,28.194,28.194,28.194,28.194,
2007-05-31,28.055,28.055,28.055,28.055,
2007-06-01,27.889,27.889,27.889,27.889,
2007-06-04,27.68,27.68,27.68,27.68,
2007-06-05,27.514,27.514,27.514,27.514,
2007-06-06,27.353,27.353,27.353,27.353,
2007-06-07,27.126,27.126,27.126,27.126,
2007-06-08,27.019,27.019,27.019,27.019,
2007-06-11,27.509,27.509,27.509,27.509,
2007-06-12,27.062,27.062,27.062,27.062,
2007-06-13,27.304,27.304,27.304,27.304,
2007-06-14,27.067,27.067,27.067,27.067,
2007-06-15,27.336,27.336,27.336,27.336,
2007-06-18,27.283,27.283,27.283,27.283,
2007-06-19,27.116,27.116,27.116,27.116,
2007-06-20,26.544,26.544,26.544,26.544,
2007-06-21,26.566,26.566,26.566,26.566,
2007-06-22,26.162,26.162,26.162,26.162,
2007-06-25,26.049,26.049,26.049,26.049,
2007-06-26,26.469,26.469,26.469,26.469,
2007-06-27,27.121,27.121,27.121,27.121,
2007-06-28,27.202,27.202,27.202,27.202,
2007-06-29,26.835,26.835,26.835,26.835,
2007-07-02,26.711,26.711,26.711,26.711,
2007-07-03,26.851,26.851,26.851,26.851,
2007-07-05,26.846,26.846,26.846,26.846,
2007-07-06,26.652,26.652,26.652,26.652,
2007-07-09,26.631,26.631,26.631,26.631,
2007-07-10,26.221,26.221,26.221,26.221,
2007-07-11,26.35,26.35,26.35,26.35,
2007-07-12,27.358,27.358,27.358,27.358,
2007-07-13,27.401,27.401,27.401,27.401,
2007-07-16,27.39,27.39,27.39,27.39,
2007-07-17,27.089,27.089,27.089,27.089,
2007-07-18,26.911,26.911,26.911,26.911,
2007-07-19,26.587,26.587,26.587,26.587,
2007-07-20,26.415,26.415,26.415,26.415,
2007-07-23,28.199,28.199,28.199,28.199,
2007-07-24,27.87,27.87,27.87,27.87,
2007-07-25,28.764,28.764,28.764,28.764,
2007-07-26,28.005,28.005,28.005,28.005,
2007-07-27,27.008,27.008,27.008,27.008,
2007-07-30,27.008,27.008,27.008,27.008,
2007-07-31,26.754,26.754,26.754,26.754,
2007-08-01,27.493,27.493,27.493,27.493,
2007-08-02,27.827,27.827,27.827,27.827,
2007-08-03,27.099,27.099,27.099,27.099,
2007-08-06,27.671,27.671,27.671,27.671,
2007-08-07,27.821,27.821,27.821,27.821,
2007-08-08,28.215,28.215,28.215,28.215,
2007-08-09,27.719,27.719,27.719,27.719,
2007-08-10,27.417,27.417,27.417,27.417,
2007-08-13,27.245,27.245,27.245,27.245,
2007-08-14,26.905,26.905,26.905,26.905,
2007-08-15,26.825,26.825,26.825,26.825,
2007-08-16,26.652,26.652,26.652,26.652,
2007-08-17,26.738,26.738,26.738,26.738,
2007-08-20,26.932,26.932,26.932,26.932,
2007-08-21,26.819,26.819,26.819,26.819,
2007-08-22,27.137,27.137,27.137,27.137,
2007-08-23,27.213,27.213,27.213,27.213,
2007-08-24,27.385,27.385,27.385,27.385,
2007-08-27,27.008,27.008,27.008,27.008,
2007-08-28,26.517,26.517,26.517,26.517,
2007-08-29,26.9,26.9,26.9,26.9,
2007-08-30,26.76,26.76,26.76,26.76,
2007-08-31,27.035,27.035,27.035,27.035,
2007-09-04,26.965,26.965,26.965,26.965,
2007-09-05,26.823,26.823,26.823,26.823,
2007-09-06,27.404,27.404,27.404,27.404,
2007-09-07,26.916,26.916,26.916,26.916,
2007-09-10,27.046,27.046,27.046,27.046,
2007-09-11,27.122,27.122,27.122,27.122,
2007-09-12,26.97,26.97,26.97,26.97,
2007-09-13,27.073,27.073,27.073,27.073,
2007-09-14,26.899,26.899,26.899,26.899,
2007-09-17,26.829,26.829,26.829,26.829,
2007-09-18,27.459,27.459,27.459,27.459,
2007-09-19,27.996,27.996,27.996,27.996,
2007-09-20,27.899,27.899,27.899,27.899,
2007-09-21,28.137,28.137,28.137,28.137,
2007-09-24,28.061,28.061,28.061,28.061,
2007-09-25,28.387,28.387,28.387,28.387,
2007-09-26,28.561,28.561,28.561,28.561,
2007-09-27,28.398,28.398,28.398,28.398,
2007-09-28,28.067,28.067,28.067,28.067,
2007-10-01,28.469,28.469,28.469,28.469,
2007-10-02,28.029,28.029,28.029,28.029,
2007-10-03,28.317,28.317,28.317,28.317,
2007-10-04,28.702,28.702,28.702,28.702,
2007-10-05,29.055,29.055,29.055,29.055,
2007-10-08,28.86,28.86,28.86,28.86,
2007-10-09,29.12,29.12,29.12,29.12,
2007-10-10,28.903,28.903,28.903,28.903,
2007-10-11,28.8,28.8,28.8,28.8,
2007-10-12,29.055,29.055,29.055,29.055,
2007-10-15,28.936,28.936,28.936,28.936,
2007-10-16,28.795,28.795,28.795,28.795,
2007-10-17,29.006,29.006,29.006,29.006,
2007-10-18,28.99,28.99,28.99,28.99,
2007-10-19,28.838,28.838,28.838,28.838,
2007-10-22,29.669,29.669,29.669,29.669,
2007-10-23,30.603,30.603,30.603,30.603,
2007-10-24,30.516,30.516,30.516,30.516,
2007-10-25,30.983,30.983,30.983,30.983,
2007-10-26,31.265,31.265,31.265,31.265,
2007-10-29,31.368,31.368,31.368,31.368,
2007-10-30,31.417,31.417,31.417,31.417,
2007-10-31,31.634,31.634,31.634,31.634,
2007-11-01,31.146,31.146,31.146,31.146,
2007-11-02,30.429,30.429,30.429,30.429,
2007-11-05,30.369,30.369,30.369,30.369,
2007-11-06,30.402,30.402,30.402,30.402,
2007-11-07,29.43,29.43,29.43,29.43,
2007-11-08,29.739,29.739,29.739,29.739,
2007-11-09,30.353,30.353,30.353,30.353,
2007-11-12,30.402,30.402,30.402,30.402,
2007-11-13,31.216,31.216,31.216,31.216,
2007-11-14,31.113,31.113,31.113,31.113,
2007-11-15,31.45,31.45,31.45,31.45,
2007-11-16,31.699,31.699,31.699,31.699,
2007-11-19,31.629,31.629,31.629,31.629,
2007-11-20,31.45,31.45,31.45,31.45,
2007-11-21,30.69,30.69,30.69,30.69,
2007-11-23,31.309,31.309,31.309,31.309,
2007-11-26,31.271,31.271,31.271,31.271,
2007-11-27,32.004,32.004,32.004,32.004,
2007-11-28,32.557,32.557,32.557,32.557,
2007-11-29,32.536,32.536,32.536,32.536,
2007-11-30,32.232,32.232,32.232,32.232,
2007-12-03,31.911,31.911,31.911,31.911,
2007-12-04,31.705,31.705,31.705,31.705,
2007-12-05,32.465,32.465,32.465,32.465,
2007-12-06,32.519,32.519,32.519,32.519,
2007-12-07,33.159,33.159,33.159,33.159,
2007-12-10,33.213,33.213,33.213,33.213,
2007-12-11,33.011,33.011,33.011,33.011,
2007-12-12,32.639,32.639,32.639,32.639,
2007-12-13,32.678,32.678,32.678,32.678,
2007-12-14,32.558,32.558,32.558,32.558,
2007-12-17,32.514,32.514,32.514,32.514,
2007-12-18,32.65,32.65,32.65,32.65,
2007-12-19,32.432,32.432,32.432,32.432,
2007-12-20,31.995,31.995,31.995,31.995,
2007-12-21,32.328,32.328,32.328,32.328,
2007-12-24,32.65,32.65,32.65,32.65,
2007-12-26,32.476,32.476,32.476,32.476,
2007-12-27,32.011,32.011,32.011,32.011,
2007-12-28,32.087,32.087,32.087,32.087,
2007-12-31,31.76,31.76,31.76,31.76,
2008-01-02,31.355,31.355,31.355,31.355,
2008-01-03,31.328,31.328,31.328,31.328,
2008-01-04,31.071,31.071,31.071,31.071,
2008-01-07,31.656,31.656,31.656,31.656,
2008-01-08,32.607,32.607,32.607,32.607,
2008-01-09,33.066,33.066,33.066,33.066,
2008-01-10,33.049,33.049,33.049,33.049,
2008-01-11,33.093,33.093,33.093,33.093,
2008-01-14,32.672,32.672,32.672,32.672,
2008-01-15,31.798,31.798,31.798,31.798,
2008-01-16,31.891,31.891,31.891,31.891,
2008-01-17,29.989,29.989,29.989,29.989,
2008-01-18,29.142,29.142,29.142,29.142,
2008-01-22,28.065,28.065,28.065,28.065,
2008-01-23,27.497,27.497,27.497,27.497,
2008-01-24,27.087,27.087,27.087,27.087,
2008-01-25,26.119,26.119,26.119,26.119,
2008-01-28,26.917,26.917,26.917,26.917,
2008-01-29,26.239,26.239,26.239,26.239,
2008-01-30,25.223,25.223,25.223,25.223,
2008-01-31,25.196,25.196,25.196,25.196,
2008-02-01,25.13,25.13,25.13,25.13,
2008-02-04,25.944,25.944,25.944,25.944,
2008-02-05,25.114,25.114,25.114,25.114,
2008-02-06,24.982,24.982,24.982,24.982,
2008-02-07,24.977,24.977,24.977,24.977,
2008-02-08,24.338,24.338,24.338,24.338,
2008-02-11,24.764,24.764,24.764,24.764,
2008-02-12,25.431,25.431,25.431,25.431,
2008-02-13,25.999,25.999,25.999,25.999,
2008-02-14,25.633,25.633,25.633,25.633,
2008-02-15,25.977,25.977,25.977,25.977,
2008-02-19,25.726,25.726,25.726,25.726,
2008-02-20,25.698,25.698,25.698,25.698,
2008-02-21,25.212,25.212,25.212,25.212,
2008-02-22,25.179,25.179,25.179,25.179,
2008-02-25,25.573,25.573,25.573,25.573,
2008-02-26,25.354,25.354,25.354,25.354,
2008-02-27,24.835,24.835,24.835,24.835,
2008-02-28,24.704,24.704,24.704,24.704,
2008-02-29,24.212,24.212,24.212,24.212,
2008-03-03,24.081,24.081,24.081,24.081,
2008-03-04,23.917,23.917,23.917,23.917,
2008-03-05,23.845,23.845,23.845,23.845,
2008-03-06,23.371,23.371,23.371,23.371,
2008-03-07,23.018,23.018,23.018,23.018,
2008-03-10,22.748,22.748,22.748,22.748,
2008-03-11,23.332,23.332,23.332,23.332,
2008-03-12,23.404,23.404,23.404,23.404,
2008-03-13,23.117,23.117,23.117,23.117,
2008-03-14,22.588,22.588,22.588,22.588,
2008-03-17,23.073,23.073,23.073,23.073,
2008-03-18,23.812,23.812,23.812,23.812,
2008-03-19,23.702,23.702,23.702,23.702,
2008-03-20,23.906,23.906,23.906,23.906,
2008-03-24,24.396,24.396,24.396,24.396,
2008-03-25,24.628,24.628,24.628,24.628,
2008-03-26,24.644,24.644,24.644,24.644,
2008-03-27,24.689,24.689,24.689,24.689,
2008-03-28,24.54,24.54,24.54,24.54,
2008-03-31,20.923,20.923,20.923,20.923,
2008-04-01,21.127,21.127,21.127,21.127,
2008-04-02,20.454,20.454,20.454,20.454,
2008-04-03,21.149,21.149,21.149,21.149,
2008-04-04,22.053,22.053,22.053,22.053,
2008-04-07,22.483,22.483,22.483,22.483,
2008-04-08,22.549,22.549,22.549,22.549,
2008-04-09,22.571,22.571,22.571,22.571,
2008-04-10,22.996,22.996,22.996,22.996,
2008-04-11,22.682,22.682,22.682,22.682,
2008-04-14,22.825,22.825,22.825,22.825,
2008-04-15,22.726,22.726,22.726,22.726,
2008-04-16,22.224,22.224,22.224,22.224,
2008-04-17,21.623,21.623,21.623,21.623,
2008-04-18,21.921,21.921,21.921,21.921,
2008-04-21,21.849,21.849,21.849,21.849,
2008-04-22,21.232,21.232,21.232,21.232,
2008-04-23,21.292,21.292,21.292,21.292,
2008-04-24,22.037,22.037,22.037,22.037,
2008-04-25,22.45,22.45,22.45,22.45,
2008-04-28,22.847,22.847,22.847,22.847,
2008-04-29,20.476,20.476,20.476,20.476,
2008-04-30,20.973,20.973,20.973,20.973,
2008-05-01,21.474,21.474,21.474,21.474,
2008-05-02,21.706,21.706,21.706,21.706,
2008-05-05,21.491,21.491,21.491,21.491,
2008-05-06,21.414,21.414,21.414,21.414,
2008-05-07,21.507,21.507,21.507,21.507,
2008-05-08,21.551,21.551,21.551,21.551,
2008-05-09,21.496,21.496,21.496,21.496,
2008-05-12,21.844,21.844,21.844,21.844,
2008-05-13,21.596,21.596,21.596,21.596,
2008-05-14,21.959,21.959,21.959,21.959,
2008-05-15,22.053,22.053,22.053,22.053,
2008-05-16,22.053,22.053,22.053,22.053,
2008-05-19,22.064,22.064,22.064,22.064,
2008-05-20,21.91,21.91,21.91,21.91,
2008-05-21,21.574,21.574,21.574,21.574,
2008-05-22,21.518,21.518,21.518,21.518,
2008-05-23,21.359,21.359,21.359,21.359,
2008-05-27,21.292,21.292,21.292,21.292,
2008-05-28,21.314,21.314,21.314,21.314,
2008-05-29,21.458,21.458,21.458,21.458,
2008-05-30,21.48,21.48,21.48,21.48,
2008-06-02,21.044,21.044,21.044,21.044,
2008-06-03,21.143,21.143,21.143,21.143,
2008-06-04,21.255,21.255,21.255,21.255,
2008-06-05,21.656,21.656,21.656,21.656,
2008-06-06,20.876,20.876,20.876,20.876,
2008-06-09,20.598,20.598,20.598,20.598,
2008-06-10,20.264,20.264,20.264,20.264,
2008-06-11,19.896,19.896,19.896,19.896,
2008-06-12,19.712,19.712,19.712,19.712,
2008-06-13,19.785,19.785,19.785,19.785,
2008-06-16,19.495,19.495,19.495,19.495,
2008-06-17,19.311,19.311,19.311,19.311,
2008-06-18,19.412,19.412,19.412,19.412,
2008-06-19,19.824,19.824,19.824,19.824,
2008-06-20,19.562,19.562,19.562,19.562,
2008-06-23,19.952,19.952,19.952,19.952,
2008-06-24,20.62,20.62,20.62,20.62,
2008-06-25,20.592,20.592,20.592,20.592,
2008-06-26,20.158,20.158,20.158,20.158,
2008-06-27,20.592,20.592,20.592,20.592,
2008-06-30,20.988,20.988,20.988,20.988,
2008-07-01,21.361,21.361,21.361,21.361,
2008-07-02,21.182,21.182,21.182,21.182,
2008-07-03,21.411,21.411,21.411,21.411,
2008-07-07,20.381,20.381,20.381,20.381,
2008-07-08,20.587,20.587,20.587,20.587,
2008-07-09,20.637,20.637,20.637,20.637,
2008-07-10,20.603,20.603,20.603,20.603,
2008-07-11,20.464,20.464,20.464,20.464,
2008-07-14,20.531,20.531,20.531,20.531,
2008-07-15,20.369,20.369,20.369,20.369,
2008-07-16,20.397,20.397,20.397,20.397,
2008-07-17,20.581,20.581,20.581,20.581,
2008-07-18,20.982,20.982,20.982,20.982,
2008-07-21,19.673,19.673,19.673,19.673,
2008-07-22,17.446,17.446,17.446,17.446,
2008-07-23,17.691,17.691,17.691,17.691,
2008-07-24,17.942,17.942,17.942,17.942,
2008-07-25,18.198,18.198,18.198,18.198,
2008-07-28,17.853,17.853,17.853,17.853,
2008-07-29,18.047,18.047,18.047,18.047,
2008-07-30,18.359,18.359,18.359,18.359,
2008-07-31,18.32,18.32,18.32,18.32,
2008-08-01,18.521,18.521,18.521,18.521,
2008-08-04,18.599,18.599,18.599,18.599,
2008-08-05,19.323,19.323,19.323,19.323,
2008-08-06,19.657,19.657,19.657,19.657,
2008-08-07,19.423,19.423,19.423,19.423,
2008-08-08,20.019,20.019,20.019,20.019,
2008-08-11,19.996,19.996,19.996,19.996,
2008-08-12,20.141,20.141,20.141,20.141,
2008-08-13,19.902,19.902,19.902,19.902,
2008-08-14,20.013,20.013,20.013,20.013,
2008-08-15,20.136,20.136,20.136,20.136,
2008-08-18,19.885,19.885,19.885,19.885,
2008-08-19,19.629,19.629,19.629,19.629,
2008-08-20,19.456,19.456,19.456,19.456,
2008-08-21,19.389,19.389,19.389,19.389,
2008-08-22,19.64,19.64,19.64,19.64,
2008-08-25,19.49,19.49,19.49,19.49,
2008-08-26,19.724,19.724,19.724,19.724,
2008-08-27,19.896,19.896,19.896,19.896,
2008-08-28,20.269,20.269,20.269,20.269,
2008-08-29,19.863,19.863,19.863,19.863,
2008-09-02,19.395,19.395,19.395,19.395,
2008-09-03,19.519,19.519,19.519,19.519,
2008-09-04,19.237,19.237,19.237,19.237,
2008-09-05,19.311,19.311,19.311,19.311,
2008-09-08,19.975,19.975,19.975,19.975,
2008-09-09,19.333,19.333,19.333,19.333,
2008-09-10,18.871,18.871,18.871,18.871,
2008-09-11,19.136,19.136,19.136,19.136,
2008-09-12,19.04,19.04,19.04,19.04,
2008-09-15,18.421,18.421,18.421,18.421,
2008-09-16,18.173,18.173,18.173,18.173,
2008-09-17,17.526,17.526,17.526,17.526,
2008-09-18,17.976,17.976,17.976,17.976,
2008-09-19,17.926,17.926,17.926,17.926,
2008-09-22,17.706,17.706,17.706,17.706,
2008-09-23,17.312,17.312,17.312,17.312,
2008-09-24,17.717,17.717,17.717,17.717,
2008-09-25,18.224,18.224,18.224,18.224,
2008-09-26,18.083,18.083,18.083,18.083,
2008-09-29,17.081,17.081,17.081,17.081,
2008-09-30,17.768,17.768,17.768,17.768,
2008-10-01,18.066,18.066,18.066,18.066,
2008-10-02,17.509,17.509,17.509,17.509,
2008-10-03,17.892,17.892,17.892,17.892,
2008-10-06,16.912,16.912,16.912,16.912,
2008-10-07,16.282,16.282,16.282,16.282,
2008-10-08,16.056,16.056,16.056,16.056,
2008-10-09,14.756,14.756,14.756,14.756,
2008-10-10,14.767,14.767,14.767,14.767,
2008-10-13,16.563,16.563,16.563,16.563,
2008-10-14,16.4,16.4,16.4,16.4,
2008-10-15,14.953,14.953,14.953,14.953,
2008-10-16,15.871,15.871,15.871,15.871,
2008-10-17,16.045,16.045,16.045,16.045,
2008-10-20,17.453,17.453,17.453,17.453,
2008-10-21,16.873,16.873,16.873,16.873,
2008-10-22,15.769,15.769,15.769,15.769,
2008-10-23,16.242,16.242,16.242,16.242,
2008-10-24,15.398,15.398,15.398,15.398,
2008-10-27,15.099,15.099,15.099,15.099,
2008-10-28,16.715,16.715,16.715,16.715,
2008-10-29,16.147,16.147,16.147,16.147,
2008-10-30,16.997,16.997,16.997,16.997,
2008-10-31,17.425,17.425,17.425,17.425,
2008-11-03,16.873,16.873,16.873,16.873,
2008-11-04,17.526,17.526,17.526,17.526,
2008-11-05,16.169,16.169,16.169,16.169,
2008-11-06,15.685,15.685,15.685,15.685,
2008-11-07,16.282,16.282,16.282,16.282,
2008-11-10,15.713,15.713,15.713,15.713,
2008-11-11,15.51,15.51,15.51,15.51,
2008-11-12,15.043,15.043,15.043,15.043,
2008-11-13,16.062,16.062,16.062,16.062,
2008-11-14,15.387,15.387,15.387,15.387,
2008-11-17,14.632,14.632,14.632,14.632,
2008-11-18,14.711,14.711,14.711,14.711,
2008-11-19,14.249,14.249,14.249,14.249,
2008-11-20,13.264,13.264,13.264,13.264,
2008-11-21,13.737,13.737,13.737,13.737,
2008-11-24,14.322,14.322,14.322,14.322,
2008-11-25,14.531,14.531,14.531,14.531,
2008-11-26,14.812,14.812,14.812,14.812,
2008-11-28,15.043,15.043,15.043,15.043,
2008-12-01,13.99,13.99,13.99,13.99,
2008-12-02,15.021,15.021,15.021,15.021,
2008-12-03,15.112,15.112,15.112,15.112,
2008-12-04,14.278,14.278,14.278,14.278,
2008-12-05,15.129,15.129,15.129,15.129,
2008-12-08,15.42,15.42,15.42,15.42,
2008-12-09,15.026,15.026,15.026,15.026,
2008-12-10,15.409,15.409,15.409,15.409,
2008-12-11,15.101,15.101,15.101,15.101,
2008-12-12,15.443,15.443,15.443,15.443,
2008-12-15,15.192,15.192,15.192,15.192,
2008-12-16,15.94,15.94,15.94,15.94,
2008-12-17,15.489,15.489,15.489,15.489,
2008-12-18,15.843,15.843,15.843,15.843,
2008-12-19,16.311,16.311,16.311,16.311,
2008-12-22,16.614,16.614,16.614,16.614,
2008-12-23,16.797,16.797,16.797,16.797,
2008-12-24,16.717,16.717,16.717,16.717,
2008-12-26,16.563,16.563,16.563,16.563,
2008-12-29,16.163,16.163,16.163,16.163,
2008-12-30,16.905,16.905,16.905,16.905,
2008-12-31,17.362,17.362,17.362,17.362,
2009-01-02,17.705,17.705,17.705,17.705,
2009-01-05,17.436,17.436,17.436,17.436,
2009-01-06,17.117,17.117,17.117,17.117,
2009-01-07,16.842,16.842,16.842,16.842,
2009-01-08,16.768,16.768,16.768,16.768,
2009-01-09,16.408,16.408,16.408,16.408,
2009-01-12,16.277,16.277,16.277,16.277,
2009-01-13,16.243,16.243,16.243,16.243,
2009-01-14,15.889,15.889,15.889,15.889,
2009-01-15,16.06,16.06,16.06,16.06,
2009-01-16,16.1,16.1,16.1,16.1,
2009-01-20,15.929,15.929,15.929,15.929,
2009-01-21,15.746,15.746,15.746,15.746,
2009-01-22,15.677,15.677,15.677,15.677,
2009-01-23,16.106,16.106,16.106,16.106,
2009-01-26,15.872,15.872,15.872,15.872,
2009-01-27,16.203,16.203,16.203,16.203,
2009-01-28,16.437,16.437,16.437,16.437,
2009-01-29,16.528,16.528,16.528,16.528,
2009-01-30,16.306,16.306,16.306,16.306,
2009-02-02,16.237,16.237,16.237,16.237,
2009-02-03,17.271,17.271,17.271,17.271,
2009-02-04,17.077,17.077,17.077,17.077,
2009-02-05,17.191,17.191,17.191,17.191,
2009-02-06,17.573,17.573,17.573,17.573,
2009-02-09,17.505,17.505,17.505,17.505,
2009-02-10,16.568,16.568,16.568,16.568,
2009-02-11,16.974,16.974,16.974,16.974,
2009-02-12,16.757,16.757,16.757,16.757,
2009-02-13,16.42,16.42,16.42,16.42,
2009-02-17,16.34,16.34,16.34,16.34,
2009-02-18,16.357,16.357,16.357,16.357,
2009-02-19,16.294,16.294,16.294,16.294,
2009-02-20,16.049,16.049,16.049,16.049,
2009-02-23,15.923,15.923,15.923,15.923,
2009-02-24,16.294,16.294,16.294,16.294,
2009-02-25,15.94,15.94,15.94,15.94,
2009-02-26,14.872,14.872,14.872,14.872,
2009-02-27,13.821,13.821,13.821,13.821,
2009-03-02,13.387,13.387,13.387,13.387,
2009-03-03,13.164,13.164,13.164,13.164,
2009-03-04,13.455,13.455,13.455,13.455,
2009-03-05,12.857,12.857,12.857,12.857,
2009-03-06,13.205,13.205,13.205,13.205,
2009-03-09,12.189,12.189,12.189,12.189,
2009-03-10,12.891,12.891,12.891,12.891,
2009-03-11,12.741,12.741,12.741,12.741,
2009-03-12,13.954,13.954,13.954,13.954,
2009-03-13,15.719,15.719,15.719,15.719,
2009-03-16,15.22,15.22,15.22,15.22,
2009-03-17,15.452,15.452,15.452,15.452,
2009-03-18,15.656,15.656,15.656,15.656,
2009-03-19,15.121,15.121,15.121,15.121,
2009-03-20,15.516,15.516,15.516,15.516,
2009-03-23,16.248,16.248,16.248,16.248,
2009-03-24,16.114,16.114,16.114,16.114,
2009-03-25,15.969,15.969,15.969,15.969,
2009-03-26,16.016,16.016,16.016,16.016,
2009-03-27,15.772,15.772,15.772,15.772,
2009-03-30,15.418,15.418,15.418,15.418,
2009-03-31,15.534,15.534,15.534,15.534,
2009-04-01,15.673,15.673,15.673,15.673,
2009-04-02,15.679,15.679,15.679,15.679,
2009-04-03,15.365,15.365,15.365,15.365,
2009-04-06,15.487,15.487,15.487,15.487,
2009-04-07,15.255,15.255,15.255,15.255,
2009-04-08,15.539,15.539,15.539,15.539,
2009-04-09,15.272,15.272,15.272,15.272,
2009-04-13,15.127,15.127,15.127,15.127,
2009-04-14,14.912,14.912,14.912,14.912,
2009-04-15,15.243,15.243,15.243,15.243,
2009-04-16,15.011,15.011,15.011,15.011,
2009-04-17,14.941,14.941,14.941,14.941,
2009-04-20,14.645,14.645,14.645,14.645,
2009-04-21,13.67,13.67,13.67,13.67,
2009-04-22,13.339,13.339,13.339,13.339,
2009-04-23,13.49,13.49,13.49,13.49,
2009-04-24,13.617,13.617,13.617,13.617,
2009-04-27,13.612,13.612,13.612,13.612,
2009-04-28,13.455,13.455,13.455,13.455,
2009-04-29,13.879,13.879,13.879,13.879,
2009-04-30,14.076,14.076,14.076,14.076,
2009-05-01,14.111,14.111,14.111,14.111,
2009-05-04,14.297,14.297,14.297,14.297,
2009-05-05,14.279,14.279,14.279,14.279,
2009-05-06,14.291,14.291,14.291,14.291,
2009-05-07,14.639,14.639,14.639,14.639,
2009-05-08,14.413,14.413,14.413,14.413,
2009-05-11,14.169,14.169,14.169,14.169,
2009-05-12,14.506,14.506,14.506,14.506,
2009-05-13,14.906,14.906,14.906,14.906,
2009-05-14,15.127,15.127,15.127,15.127,
2009-05-15,14.79,14.79,14.79,14.79,
2009-05-18,14.947,14.947,14.947,14.947,
2009-05-19,14.965,14.965,14.965,14.965,
2009-05-20,15.15,15.15,15.15,15.15,
2009-05-21,15.168,15.168,15.168,15.168,
2009-05-22,15.197,15.197,15.197,15.197,
2009-05-26,15.423,15.423,15.423,15.423,
2009-05-27,15.464,15.464,15.464,15.464,
2009-05-28,15.545,15.545,15.545,15.545,
2009-05-29,16.016,16.016,16.016,16.016,
2009-06-01,15.987,15.987,15.987,15.987,
2009-06-02,16.085,16.085,16.085,16.085,
2009-06-03,16.021,16.021,16.021,16.021,
2009-06-04,15.65,15.65,15.65,15.65,
2009-06-05,15.35,15.35,15.35,15.35,
2009-06-08,15.268,15.268,15.268,15.268,
2009-06-09,15.144,15.144,15.144,15.144,
2009-06-10,15.068,15.068,15.068,15.068,
2009-06-11,15.421,15.421,15.421,15.421,
2009-06-12,15.356,15.356,15.356,15.356,
2009-06-15,14.697,14.697,14.697,14.697,
2009-06-16,14.385,14.385,14.385,14.385,
2009-06-17,14.585,14.585,14.585,14.585,
2009-06-18,15.103,15.103,15.103,15.103,
2009-06-19,15.256,15.256,15.256,15.256,
2009-06-22,14.826,14.826,14.826,14.826,
2009-06-23,14.785,14.785,14.785,14.785,
2009-06-24,14.985,14.985,14.985,14.985,
2009-06-25,15.645,15.645,15.645,15.645,
2009-06-26,15.898,15.898,15.898,15.898,
2009-06-29,16.398,16.398,16.398,16.398,
2009-06-30,16.463,16.463,16.463,16.463,
2009-07-01,16.516,16.516,16.516,16.516,
2009-07-02,15.904,15.904,15.904,15.904,
2009-07-06,16.422,16.422,16.422,16.422,
2009-07-07,16.263,16.263,16.263,16.263,
2009-07-08,16.51,16.51,16.51,16.51,
2009-07-09,15.904,15.904,15.904,15.904,
2009-07-10,15.574,15.574,15.574,15.574,
2009-07-13,15.792,15.792,15.792,15.792,
2009-07-14,15.992,15.992,15.992,15.992,
2009-07-15,16.316,16.316,16.316,16.316,
2009-07-16,16.41,16.41,16.41,16.41,
2009-07-17,16.298,16.298,16.298,16.298,
2009-07-20,16.451,16.451,16.451,16.451,
2009-07-21,17.458,17.458,17.458,17.458,
2009-07-22,17.34,17.34,17.34,17.34,
2009-07-23,17.811,17.811,17.811,17.811,
2009-07-24,18.247,18.247,18.247,18.247,
2009-07-27,18.118,18.118,18.118,18.118,
2009-07-28,17.676,17.676,17.676,17.676,
2009-07-29,17.588,17.588,17.588,17.588,
2009-07-30,17.629,17.629,17.629,17.629,
2009-07-31,17.67,17.67,17.67,17.67,
2009-08-03,17.676,17.676,17.676,17.676,
2009-08-04,17.57,17.57,17.57,17.57,
2009-08-05,17.435,17.435,17.435,17.435,
2009-08-06,17.287,17.287,17.287,17.287,
2009-08-07,17.723,17.723,17.723,17.723,
2009-08-10,18.017,18.017,18.017,18.017,
2009-08-11,17.859,17.859,17.859,17.859,
2009-08-12,18.1,18.1,18.1,18.1,
2009-08-13,18.241,18.241,18.241,18.241,
2009-08-14,18.241,18.241,18.241,18.241,
2009-08-17,18.182,18.182,18.182,18.182,
2009-08-18,18.082,18.082,18.082,18.082,
2009-08-19,18.536,18.536,18.536,18.536,
2009-08-20,18.453,18.453,18.453,18.453,
2009-08-21,19.172,19.172,19.172,19.172,
2009-08-24,19.136,19.136,19.136,19.136,
2009-08-25,19.401,19.401,19.401,19.401,
2009-08-26,19.242,19.242,19.242,19.242,
2009-08-27,19.354,19.354,19.354,19.354,
2009-08-28,19.03,19.03,19.03,19.03,
2009-08-31,19.095,19.095,19.095,19.095,
2009-09-01,18.718,18.718,18.718,18.718,
2009-09-02,18.361,18.361,18.361,18.361,
2009-09-03,18.021,18.021,18.021,18.021,
2009-09-04,18.295,18.295,18.295,18.295,
2009-09-08,18.456,18.456,18.456,18.456,
2009-09-09,18.802,18.802,18.802,18.802,
2009-09-10,19.046,19.046,19.046,19.046,
2009-09-11,19.392,19.392,19.392,19.392,
2009-09-14,19.6,19.6,19.6,19.6,
2009-09-15,19.487,19.487,19.487,19.487,
2009-09-16,19.171,19.171,19.171,19.171,
2009-09-17,19.076,19.076,19.076,19.076,
2009-09-18,18.998,18.998,18.998,18.998,
2009-09-21,18.963,18.963,18.963,18.963,
2009-09-22,18.671,18.671,18.671,18.671,
2009-09-23,18.671,18.671,18.671,18.671,
2009-09-24,18.48,18.48,18.48,18.48,
2009-09-25,18.623,18.623,18.623,18.623,
2009-09-28,19.088,19.088,19.088,19.088,
2009-09-29,18.98,18.98,18.98,18.98,
2009-09-30,18.849,18.849,18.849,18.849,
2009-10-01,18.581,18.581,18.581,18.581,
2009-10-02,18.861,18.861,18.861,18.861,
2009-10-05,18.933,18.933,18.933,18.933,
2009-10-06,19.374,19.374,19.374,19.374,
2009-10-07,19.183,19.183,19.183,19.183,
2009-10-08,19.326,19.326,19.326,19.326,
2009-10-09,19.404,19.404,19.404,19.404,
2009-10-12,19.582,19.582,19.582,19.582,
2009-10-13,19.32,19.32,19.32,19.32,
2009-10-14,19.606,19.606,19.606,19.606,
2009-10-15,19.844,19.844,19.844,19.844,
2009-10-16,19.791,19.791,19.791,19.791,
2009-10-19,20.101,20.101,20.101,20.101,
2009-10-20,20.095,20.095,20.095,20.095,
2009-10-21,19.475,19.475,19.475,19.475,
2009-10-22,19.588,19.588,19.588,19.588,
2009-10-23,19.326,19.326,19.326,19.326,
2009-10-26,19.082,19.082,19.082,19.082,
2009-10-27,19.326,19.326,19.326,19.326,
2009-10-28,19.1,19.1,19.1,19.1,
2009-10-29,18.659,18.659,18.659,18.659,
2009-10-30,18.432,18.432,18.432,18.432,
2009-11-02,18.629,18.629,18.629,18.629,
2009-11-03,18.277,18.277,18.277,18.277,
2009-11-04,19.451,19.451,19.451,19.451,
2009-11-05,19.493,19.493,19.493,19.493,
2009-11-06,19.421,19.421,19.421,19.421,
2009-11-09,19.922,19.922,19.922,19.922,
2009-11-10,20.029,20.029,20.029,20.029,
2009-11-11,19.797,19.797,19.797,19.797,
2009-11-12,19.654,19.654,19.654,19.654,
2009-11-13,19.725,19.725,19.725,19.725,
2009-11-16,20.148,20.148,20.148,20.148,
2009-11-17,20.434,20.434,20.434,20.434,
2009-11-18,20.941,20.941,20.941,20.941,
2009-11-19,21.054,21.054,21.054,21.054,
2009-11-20,21.728,21.728,21.728,21.728,
2009-11-23,21.704,21.704,21.704,21.704,
2009-11-24,21.585,21.585,21.585,21.585,
2009-11-25,21.793,21.793,21.793,21.793,
2009-11-27,21.626,21.626,21.626,21.626,
2009-11-30,21.579,21.579,21.579,21.579,
2009-12-01,21.978,21.978,21.978,21.978,
2009-12-02,21.93,21.93,21.93,21.93,
2009-12-03,21.912,21.912,21.912,21.912,
2009-12-04,21.871,21.871,21.871,21.871,
2009-12-07,21.871,21.871,21.871,21.871,
2009-12-08,21.662,21.662,21.662,21.662,
2009-12-09,22.139,22.139,22.139,22.139,
2009-12-10,22.371,22.371,22.371,22.371,
2009-12-11,22.317,22.317,22.317,22.317,
2009-12-14,22.738,22.738,22.738,22.738,
2009-12-15,22.877,22.877,22.877,22.877,
2009-12-16,22.726,22.726,22.726,22.726,
2009-12-17,22.443,22.443,22.443,22.443,
2009-12-18,22.516,22.516,22.516,22.516,
2009-12-21,22.69,22.69,22.69,22.69,
2009-12-22,22.726,22.726,22.726,22.726,
2009-12-23,22.425,22.425,22.425,22.425,
2009-12-24,22.269,22.269,22.269,22.269,
2009-12-28,22.449,22.449,22.449,22.449,
2009-12-29,22.335,22.335,22.335,22.335,
2009-12-30,22.311,22.311,22.311,22.311,
2009-12-31,21.998,21.998,21.998,21.998,
2010-01-04,22.281,22.281,22.281,22.281,
2010-01-05,22.371,22.371,22.371,22.371,
2010-01-06,22.672,22.672,22.672,22.672,
2010-01-07,22.708,22.708,22.708,22.708,
2010-01-08,22.696,22.696,22.696,22.696,
2010-01-11,22.787,22.787,22.787,22.787,
2010-01-12,22.606,22.606,22.606,22.606,
2010-01-13,23.437,23.437,23.437,23.437,
2010-01-14,24.075,24.075,24.075,24.075,
2010-01-15,23.762,23.762,23.762,23.762,
2010-01-19,24.454,24.454,24.454,24.454,
2010-01-20,24.701,24.701,24.701,24.701,
2010-01-21,24.129,24.129,24.129,24.129,
2010-01-22,23.401,23.401,23.401,23.401,
2010-01-25,23.334,23.334,23.334,23.334,
2010-01-26,23.226,23.226,23.226,23.226,
2010-01-27,23.262,23.262,23.262,23.262,
2010-01-28,22.859,22.859,22.859,22.859,
2010-01-29,22.985,22.985,22.985,22.985,
2010-02-01,23.058,23.058,23.058,23.058,
2010-02-02,23.804,23.804,23.804,23.804,
2010-02-03,23.31,23.31,23.31,23.31,
2010-02-04,22.335,22.335,22.335,22.335,
2010-02-05,22.112,22.112,22.112,22.112,
2010-02-08,22.028,22.028,22.028,22.028,
2010-02-09,21.956,21.956,21.956,21.956,
2010-02-10,21.793,21.793,21.793,21.793,
2010-02-11,22.203,22.203,22.203,22.203,
2010-02-12,22.227,22.227,22.227,22.227,
2010-02-16,22.672,22.672,22.672,22.672,
2010-02-17,22.48,22.48,22.48,22.48,
2010-02-18,22.449,22.449,22.449,22.449,
2010-02-19,22.57,22.57,22.57,22.57,
2010-02-22,22.347,22.347,22.347,22.347,
2010-02-23,21.98,21.98,21.98,21.98,
2010-02-24,22.233,22.233,22.233,22.233,
2010-02-25,22.016,22.016,22.016,22.016,
2010-02-26,22.203,22.203,22.203,22.203,
2010-03-01,22.437,22.437,22.437,22.437,
2010-03-02,22.51,22.51,22.51,22.51,
2010-03-03,22.401,22.401,22.401,22.401,
2010-03-04,22.359,22.359,22.359,22.359,
2010-03-05,22.57,22.57,22.57,22.57,
2010-03-08,22.486,22.486,22.486,22.486,
2010-03-09,22.299,22.299,22.299,22.299,
2010-03-10,22.076,22.076,22.076,22.076,
2010-03-11,22.435,22.435,22.435,22.435,
2010-03-12,22.605,22.605,22.605,22.605,
2010-03-15,22.964,22.964,22.964,22.964,
2010-03-16,23.08,23.08,23.08,23.08,
2010-03-17,23.165,23.165,23.165,23.165,
2010-03-18,23.39,23.39,23.39,23.39,
2010-03-19,23.153,23.153,23.153,23.153,
2010-03-22,23.299,23.299,23.299,23.299,
2010-03-23,23.421,23.421,23.421,23.421,
2010-03-24,23.123,23.123,23.123,23.123,
2010-03-25,22.983,22.983,22.983,22.983,
2010-03-26,22.77,22.77,22.77,22.77,
2010-03-29,23.05,23.05,23.05,23.05,
2010-03-30,22.91,22.91,22.91,22.91,
2010-03-31,22.721,22.721,22.721,22.721,
2010-04-01,22.94,22.94,22.94,22.94,
2010-04-05,22.745,22.745,22.745,22.745,
2010-04-06,22.66,22.66,22.66,22.66,
2010-04-07,22.38,22.38,22.38,22.38,
2010-04-08,22.374,22.374,22.374,22.374,
2010-04-09,22.49,22.49,22.49,22.49,
2010-04-12,22.417,22.417,22.417,22.417,
2010-04-13,22.326,22.326,22.326,22.326,
2010-04-14,22.028,22.028,22.028,22.028,
2010-04-15,21.924,21.924,21.924,21.924,
2010-04-16,21.723,21.723,21.723,21.723,
2010-04-19,21.839,21.839,21.839,21.839,
2010-04-20,21.936,21.936,21.936,21.936,
2010-04-21,21.133,21.133,21.133,21.133,
2010-04-22,20.543,20.543,20.543,20.543,
2010-04-23,21.571,21.571,21.571,21.571,
2010-04-26,21.291,21.291,21.291,21.291,
2010-04-27,20.975,20.975,20.975,20.975,
2010-04-28,21.024,21.024,21.024,21.024,
2010-04-29,21.444,21.444,21.444,21.444,
2010-04-30,21.316,21.316,21.316,21.316,
2010-05-03,21.456,21.456,21.456,21.456,
2010-05-04,21.784,21.784,21.784,21.784,
2010-05-05,21.65,21.65,21.65,21.65,
2010-05-06,20.847,20.847,20.847,20.847,
2010-05-07,20.373,20.373,20.373,20.373,
2010-05-10,20.835,20.835,20.835,20.835,
2010-05-11,20.385,20.385,20.385,20.385,
2010-05-12,20.464,20.464,20.464,20.464,
2010-05-13,20.263,20.263,20.263,20.263,
2010-05-14,20.002,20.002,20.002,20.002,
2010-05-17,19.941,19.941,19.941,19.941,
2010-05-18,19.679,19.679,19.679,19.679,
2010-05-19,19.844,19.844,19.844,19.844,
2010-05-20,19.357,19.357,19.357,19.357,
2010-05-21,19.491,19.491,19.491,19.491,
2010-05-24,19.381,19.381,19.381,19.381,
2010-05-25,19.503,19.503,19.503,19.503,
2010-05-26,19.722,19.722,19.722,19.722,
2010-05-27,20.452,20.452,20.452,20.452,
2010-05-28,20.495,20.495,20.495,20.495,
2010-06-01,20.397,20.397,20.397,20.397,
2010-06-02,20.902,20.902,20.902,20.902,
2010-06-03,20.86,20.86,20.86,20.86,
2010-06-04,20.178,20.178,20.178,20.178,
2010-06-07,20.263,20.263,20.263,20.263,
2010-06-08,20.568,20.568,20.568,20.568,
2010-06-09,20.507,20.507,20.507,20.507,
2010-06-10,21.079,21.079,21.079,21.079,
2010-06-11,21.441,21.441,21.441,21.441,
2010-06-14,21.54,21.54,21.54,21.54,
2010-06-15,22.155,22.155,22.155,22.155,
2010-06-16,22.149,22.149,22.149,22.149,
2010-06-17,22.057,22.057,22.057,22.057,
2010-06-18,21.94,21.94,21.94,21.94,
2010-06-21,21.601,21.601,21.601,21.601,
2010-06-22,21.608,21.608,21.608,21.608,
2010-06-23,21.786,21.786,21.786,21.786,
2010-06-24,21.903,21.903,21.903,21.903,
2010-06-25,22.1,22.1,22.1,22.1,
2010-06-28,22.106,22.106,22.106,22.106,
2010-06-29,21.792,21.792,21.792,21.792,
2010-06-30,21.509,21.509,21.509,21.509,
2010-07-01,21.183,21.183,21.183,21.183,
2010-07-02,21.048,21.048,21.048,21.048,
2010-07-06,21.312,21.312,21.312,21.312,
2010-07-07,21.792,21.792,21.792,21.792,
2010-07-08,22.057,22.057,22.057,22.057,
2010-07-09,22.327,22.327,22.327,22.327,
2010-07-12,22.198,22.198,22.198,22.198,
2010-07-13,22.419,22.419,22.419,22.419,
2010-07-14,22.266,22.266,22.266,22.266,
2010-07-15,22.444,22.444,22.444,22.444,
2010-07-16,22.087,22.087,22.087,22.087,
2010-07-19,22.02,22.02,22.02,22.02,
2010-07-20,21.934,21.934,21.934,21.934,
2010-07-21,21.644,21.644,21.644,21.644,
2010-07-22,21.638,21.638,21.638,21.638,
2010-07-23,21.448,21.448,21.448,21.448,
2010-07-26,21.694,21.694,21.694,21.694,
2010-07-27,21.638,21.638,21.638,21.638,
2010-07-28,21.368,21.368,21.368,21.368,
2010-07-29,21.564,21.564,21.564,21.564,
2010-07-30,21.195,21.195,21.195,21.195,
2010-08-02,21.571,21.571,21.571,21.571,
2010-08-03,21.417,21.417,21.417,21.417,
2010-08-04,21.644,21.644,21.644,21.644,
2010-08-05,21.571,21.571,21.571,21.571,
2010-08-06,21.515,21.515,21.515,21.515,
2010-08-09,21.749,21.749,21.749,21.749,
2010-08-10,22.001,22.001,22.001,22.001,
2010-08-11,21.46,21.46,21.46,21.46,
2010-08-12,21.552,21.552,21.552,21.552,
2010-08-13,21.528,21.528,21.528,21.528,
2010-08-16,21.509,21.509,21.509,21.509,
2010-08-17,21.86,21.86,21.86,21.86,
2010-08-18,21.755,21.755,21.755,21.755,
2010-08-19,21.349,21.349,21.349,21.349,
2010-08-20,21.183,21.183,21.183,21.183,
2010-08-23,21.509,21.509,21.509,21.509,
2010-08-24,21.183,21.183,21.183,21.183,
2010-08-25,21.245,21.245,21.245,21.245,
2010-08-26,21.208,21.208,21.208,21.208,
2010-08-27,21.528,21.528,21.528,21.528,
2010-08-30,21.362,21.362,21.362,21.362,
2010-08-31,21.626,21.626,21.626,21.626,
2010-09-01,21.909,21.909,21.909,21.909,
2010-09-02,21.743,21.743,21.743,21.743,
2010-09-03,21.89,21.89,21.89,21.89,
2010-09-07,21.811,21.811,21.811,21.811,
2010-09-08,22.026,22.026,22.026,22.026,
2010-09-09,22.192,22.192,22.192,22.192,
2010-09-10,22.542,22.542,22.542,22.542,
2010-09-13,22.511,22.511,22.511,22.511,
2010-09-14,22.698,22.698,22.698,22.698,
2010-09-15,22.692,22.692,22.692,22.692,
2010-09-16,22.642,22.642,22.642,22.642,
2010-09-17,22.58,22.58,22.58,22.58,
2010-09-20,22.71,22.71,22.71,22.71,
2010-09-21,22.822,22.822,22.822,22.822,
2010-09-22,22.971,22.971,22.971,22.971,
2010-09-23,22.785,22.785,22.785,22.785,
2010-09-24,23.207,23.207,23.207,23.207,
2010-09-27,23.077,23.077,23.077,23.077,
2010-09-28,23.152,23.152,23.152,23.152,
2010-09-29,23.071,23.071,23.071,23.071,
2010-09-30,22.878,22.878,22.878,22.878,
2010-10-01,22.748,22.748,22.748,22.748,
2010-10-04,22.698,22.698,22.698,22.698,
2010-10-05,23.009,23.009,23.009,23.009,
2010-10-06,23.002,23.002,23.002,23.002,
2010-10-07,22.816,22.816,22.816,22.816,
2010-10-08,22.94,22.94,22.94,22.94,
2010-10-11,22.909,22.909,22.909,22.909,
2010-10-12,22.772,22.772,22.772,22.772,
2010-10-13,23.096,23.096,23.096,23.096,
2010-10-14,23.089,23.089,23.089,23.089,
2010-10-15,22.965,22.965,22.965,22.965,
2010-10-18,23.139,23.139,23.139,23.139,
2010-10-19,22.698,22.698,22.698,22.698,
2010-10-20,22.99,22.99,22.99,22.99,
2010-10-21,23.058,23.058,23.058,23.058,
2010-10-22,23.058,23.058,23.058,23.058,
2010-10-25,23.257,23.257,23.257,23.257,
2010-10-26,23.04,23.04,23.04,23.04,
2010-10-27,22.661,22.661,22.661,22.661,
2010-10-28,22.959,22.959,22.959,22.959,
2010-10-29,22.567,22.567,22.567,22.567,
2010-11-01,22.53,22.53,22.53,22.53,
2010-11-02,22.754,22.754,22.754,22.754,
2010-11-03,22.692,22.692,22.692,22.692,
2010-11-04,22.779,22.779,22.779,22.779,
2010-11-05,22.188,22.188,22.188,22.188,
2010-11-08,22.138,22.138,22.138,22.138,
2010-11-09,21.784,21.784,21.784,21.784,
2010-11-10,21.728,21.728,21.728,21.728,
2010-11-11,21.884,21.884,21.884,21.884,
2010-11-12,21.573,21.573,21.573,21.573,
2010-11-15,21.467,21.467,21.467,21.467,
2010-11-16,21.194,21.194,21.194,21.194,
2010-11-17,21.424,21.424,21.424,21.424,
2010-11-18,21.933,21.933,21.933,21.933,
2010-11-19,21.958,21.958,21.958,21.958,
2010-11-22,22.12,22.12,22.12,22.12,
2010-11-23,21.635,21.635,21.635,21.635,
2010-11-24,21.846,21.846,21.846,21.846,
2010-11-26,21.623,21.623,21.623,21.623,
2010-11-29,21.56,21.56,21.56,21.56,
2010-11-30,21.424,21.424,21.424,21.424,
2010-12-01,21.79,21.79,21.79,21.79,
2010-12-02,21.89,21.89,21.89,21.89,
2010-12-03,21.94,21.94,21.94,21.94,
2010-12-06,21.909,21.909,21.909,21.909,
2010-12-07,21.983,21.983,21.983,21.983,
2010-12-08,22.002,22.002,22.002,22.002,
2010-12-09,22.17,22.17,22.17,22.17,
2010-12-10,22.368,22.368,22.368,22.368,
2010-12-13,22.676,22.676,22.676,22.676,
2010-12-14,22.959,22.959,22.959,22.959,
2010-12-15,23.028,23.028,23.028,23.028,
2010-12-16,23.141,23.141,23.141,23.141,
2010-12-17,22.915,22.915,22.915,22.915,
2010-12-20,22.927,22.927,22.927,22.927,
2010-12-21,22.726,22.726,22.726,22.726,
2010-12-22,22.752,22.752,22.752,22.752,
2010-12-23,22.796,22.796,22.796,22.796,
2010-12-27,22.758,22.758,22.758,22.758,
2010-12-28,22.739,22.739,22.739,22.739,
2010-12-29,22.745,22.745,22.745,22.745,
2010-12-30,22.62,22.62,22.62,22.62,
2010-12-31,22.639,22.639,22.639,22.639,
2011-01-03,22.639,22.639,22.639,22.639,
2011-01-04,22.833,22.833,22.833,22.833,
2011-01-05,22.965,22.965,22.965,22.965,
2011-01-06,23.279,23.279,23.279,23.279,
2011-01-07,23.461,23.461,23.461,23.461,
2011-01-10,23.367,23.367,23.367,23.367,
2011-01-11,23.21,23.21,23.21,23.21,
2011-01-12,23.336,23.336,23.336,23.336,
2011-01-13,21.791,21.791,21.791,21.791,
2011-01-14,21.502,21.502,21.502,21.502,
2011-01-18,21.275,21.275,21.275,21.275,
2011-01-19,21.301,21.301,21.301,21.301,
2011-01-20,21.389,21.389,21.389,21.389,
2011-01-21,21.294,21.294,21.294,21.294,
2011-01-24,21.231,21.231,21.231,21.231,
2011-01-25,20.955,20.955,20.955,20.955,
2011-01-26,20.855,20.855,20.855,20.855,
2011-01-27,20.886,20.886,20.886,20.886,
2011-01-28,20.773,20.773,20.773,20.773,
2011-01-31,20.836,20.836,20.836,20.836,
2011-02-01,21.357,21.357,21.357,21.357,
2011-02-02,21.244,21.244,21.244,21.244,
2011-02-03,20.666,20.666,20.666,20.666,
2011-02-04,20.66,20.66,20.66,20.66,
2011-02-07,20.729,20.729,20.729,20.729,
2011-02-08,20.899,20.899,20.899,20.899,
2011-02-09,20.785,20.785,20.785,20.785,
2011-02-10,20.754,20.754,20.754,20.754,
2011-02-11,20.773,20.773,20.773,20.773,
2011-02-14,20.616,20.616,20.616,20.616,
2011-02-15,20.597,20.597,20.597,20.597,
2011-02-16,20.704,20.704,20.704,20.704,
2011-02-17,20.792,20.792,20.792,20.792,
2011-02-18,20.635,20.635,20.635,20.635,
2011-02-22,20.314,20.314,20.314,20.314,
2011-02-23,20.157,20.157,20.157,20.157,
2011-02-24,20.12,20.12,20.12,20.12,
2011-02-25,20.22,20.22,20.22,20.22,
2011-02-28,20.459,20.459,20.459,20.459,
2011-03-01,20.39,20.39,20.39,20.39,
2011-03-02,20.465,20.465,20.465,20.465,
2011-03-03,20.792,20.792,20.792,20.792,
2011-03-04,20.767,20.767,20.767,20.767,
2011-03-07,20.622,20.622,20.622,20.622,
2011-03-08,20.716,20.716,20.716,20.716,
2011-03-09,20.911,20.911,20.911,20.911,
2011-03-10,20.666,20.666,20.666,20.666,
2011-03-11,20.8,20.8,20.8,20.8,
2011-03-14,20.577,20.577,20.577,20.577,
2011-03-15,20.247,20.247,20.247,20.247,
2011-03-16,19.751,19.751,19.751,19.751,
2011-03-17,19.98,19.98,19.98,19.98,
2011-03-18,20.278,20.278,20.278,20.278,
2011-03-21,20.584,20.584,20.584,20.584,
2011-03-22,20.672,20.672,20.672,20.672,
2011-03-23,20.736,20.736,20.736,20.736,
2011-03-24,20.793,20.793,20.793,20.793,
2011-03-25,20.698,20.698,20.698,20.698,
2011-03-28,20.622,20.622,20.622,20.622,
2011-03-29,20.831,20.831,20.831,20.831,
2011-03-30,21.162,21.162,21.162,21.162,
2011-03-31,20.978,20.978,20.978,20.978,
2011-04-01,21.016,21.016,21.016,21.016,
2011-04-04,21.143,21.143,21.143,21.143,
2011-04-05,21.073,21.073,21.073,21.073,
2011-04-06,21.194,21.194,21.194,21.194,
2011-04-07,21.181,21.181,21.181,21.181,
2011-04-08,21.397,21.397,21.397,21.397,
2011-04-11,21.346,21.346,21.346,21.346,
2011-04-12,21.327,21.327,21.327,21.327,
2011-04-13,21.27,21.27,21.27,21.27,
2011-04-14,21.518,21.518,21.518,21.518,
2011-04-15,21.931,21.931,21.931,21.931,
2011-04-18,21.562,21.562,21.562,21.562,
2011-04-19,21.448,21.448,21.448,21.448,
2011-04-20,21.632,21.632,21.632,21.632,
2011-04-21,21.632,21.632,21.632,21.632,
2011-04-25,21.816,21.816,21.816,21.816,
2011-04-26,22.28,22.28,22.28,22.28,
2011-04-27,22.643,22.643,22.643,22.643,
2011-04-28,22.731,22.731,22.731,22.731,
2011-04-29,22.846,22.846,22.846,22.846,
2011-05-02,23.075,23.075,23.075,23.075,
2011-05-03,23.138,23.138,23.138,23.138,
2011-05-04,23.234,23.234,23.234,23.234,
2011-05-05,23.037,23.037,23.037,23.037,
2011-05-06,23.125,23.125,23.125,23.125,
2011-05-09,23.183,23.183,23.183,23.183,
2011-05-10,23.367,23.367,23.367,23.367,
2011-05-11,23.278,23.278,23.278,23.278,
2011-05-12,23.64,23.64,23.64,23.64,
2011-05-13,23.564,23.564,23.564,23.564,
2011-05-16,23.704,23.704,23.704,23.704,
2011-05-17,23.685,23.685,23.685,23.685,
2011-05-18,23.882,23.882,23.882,23.882,
2011-05-19,23.755,23.755,23.755,23.755,
2011-05-20,23.551,23.551,23.551,23.551,
2011-05-23,23.45,23.45,23.45,23.45,
2011-05-24,23.431,23.431,23.431,23.431,
2011-05-25,23.316,23.316,23.316,23.316,
2011-05-26,23.119,23.119,23.119,23.119,
2011-05-27,23.011,23.011,23.011,23.011,
2011-05-31,23.354,23.354,23.354,23.354,
2011-06-01,23.037,23.037,23.037,23.037,
2011-06-02,22.973,22.973,22.973,22.973,
2011-06-03,22.763,22.763,22.763,22.763,
2011-06-06,22.598,22.598,22.598,22.598,
2011-06-07,22.604,22.604,22.604,22.604,
2011-06-08,22.744,22.744,22.744,22.744,
2011-06-09,22.878,22.878,22.878,22.878,
2011-06-10,22.528,22.528,22.528,22.528,
2011-06-13,22.695,22.695,22.695,22.695,
2011-06-14,22.894,22.894,22.894,22.894,
2011-06-15,22.592,22.592,22.592,22.592,
2011-06-16,22.599,22.599,22.599,22.599,
2011-06-17,22.734,22.734,22.734,22.734,
2011-06-20,22.991,22.991,22.991,22.991,
2011-06-21,22.984,22.984,22.984,22.984,
2011-06-22,22.785,22.785,22.785,22.785,
2011-06-23,22.464,22.464,22.464,22.464,
2011-06-24,22.194,22.194,22.194,22.194,
2011-06-27,22.181,22.181,22.181,22.181,
2011-06-28,22.425,22.425,22.425,22.425,
2011-06-29,22.547,22.547,22.547,22.547,
2011-06-30,22.669,22.669,22.669,22.669,
2011-07-01,22.869,22.869,22.869,22.869,
2011-07-05,22.798,22.798,22.798,22.798,
2011-07-06,22.824,22.824,22.824,22.824,
2011-07-07,22.952,22.952,22.952,22.952,
2011-07-08,23.203,23.203,23.203,23.203,
2011-07-11,22.92,22.92,22.92,22.92,
2011-07-12,22.888,22.888,22.888,22.888,
2011-07-13,23.145,23.145,23.145,23.145,
2011-07-14,23.325,23.325,23.325,23.325,
2011-07-15,23.081,23.081,23.081,23.081,
2011-07-18,22.798,22.798,22.798,22.798,
2011-07-19,22.991,22.991,22.991,22.991,
2011-07-20,22.862,22.862,22.862,22.862,
2011-07-21,23.241,23.241,23.241,23.241,
2011-07-22,23.183,23.183,23.183,23.183,
2011-07-25,23.055,23.055,23.055,23.055,
2011-07-26,22.991,22.991,22.991,22.991,
2011-07-27,22.605,22.605,22.605,22.605,
2011-07-28,22.438,22.438,22.438,22.438,
2011-07-29,21.924,21.924,21.924,21.924,
2011-08-01,21.481,21.481,21.481,21.481,
2011-08-02,21.134,21.134,21.134,21.134,
2011-08-03,21.006,21.006,21.006,21.006,
2011-08-04,20.241,20.241,20.241,20.241,
2011-08-05,20.37,20.37,20.37,20.37,
2011-08-08,19.233,19.233,19.233,19.233,
2011-08-09,20.055,20.055,20.055,20.055,
2011-08-10,19.149,19.149,19.149,19.149,
2011-08-11,20.042,20.042,20.042,20.042,
2011-08-12,20.132,20.132,20.132,20.132,
2011-08-15,20.64,20.64,20.64,20.64,
2011-08-16,20.62,20.62,20.62,20.62,
2011-08-17,20.685,20.685,20.685,20.685,
2011-08-18,19.952,19.952,19.952,19.952,
2011-08-19,20.081,20.081,20.081,20.081,
2011-08-22,20.113,20.113,20.113,20.113,
2011-08-23,20.517,20.517,20.517,20.517,
2011-08-24,20.704,20.704,20.704,20.704,
2011-08-25,20.466,20.466,20.466,20.466,
2011-08-26,20.505,20.505,20.505,20.505,
2011-08-29,20.852,20.852,20.852,20.852,
2011-08-30,21.006,21.006,21.006,21.006,
2011-08-31,21.263,21.263,21.263,21.263,
2011-09-01,21.134,21.134,21.134,21.134,
2011-09-02,20.794,20.794,20.794,20.794,
2011-09-06,20.717,20.717,20.717,20.717,
2011-09-07,21.173,21.173,21.173,21.173,
2011-09-08,21.057,21.057,21.057,21.057,
2011-09-09,20.453,20.453,20.453,20.453,
2011-09-12,20.556,20.556,20.556,20.556,
2011-09-13,20.634,20.634,20.634,20.634,
2011-09-14,20.881,20.881,20.881,20.881,
2011-09-15,21.122,21.122,21.122,21.122,
2011-09-16,21.245,21.245,21.245,21.245,
2011-09-19,20.966,20.966,20.966,20.966,
2011-09-20,21.128,21.128,21.128,21.128,
2011-09-21,20.706,20.706,20.706,20.706,
2011-09-22,20.237,20.237,20.237,20.237,
2011-09-23,20.185,20.185,20.185,20.185,
2011-09-26,20.55,20.55,20.55,20.55,
2011-09-27,20.894,20.894,20.894,20.894,
2011-09-28,20.764,20.764,20.764,20.764,
2011-09-29,21.232,21.232,21.232,21.232,
2011-09-30,21.258,21.258,21.258,21.258,
2011-10-03,20.524,20.524,20.524,20.524,
2011-10-04,20.381,20.381,20.381,20.381,
2011-10-05,20.452,20.452,20.452,20.452,
2011-10-06,20.426,20.426,20.426,20.426,
2011-10-07,20.55,20.55,20.55,20.55,
2011-10-10,21.031,21.031,21.031,21.031,
2011-10-11,20.758,20.758,20.758,20.758,
2011-10-12,21.174,21.174,21.174,21.174,
2011-10-13,21.258,21.258,21.258,21.258,
2011-10-14,21.44,21.44,21.44,21.44,
2011-10-17,21.005,21.005,21.005,21.005,
2011-10-18,21.317,21.317,21.317,21.317,
2011-10-19,21.154,21.154,21.154,21.154,
2011-10-20,21.323,21.323,21.323,21.323,
2011-10-21,21.681,21.681,21.681,21.681,
2011-10-24,21.798,21.798,21.798,21.798,
2011-10-25,21.395,21.395,21.395,21.395,
2011-10-26,21.804,21.804,21.804,21.804,
2011-10-27,22.305,22.305,22.305,22.305,
2011-10-28,22.825,22.825,22.825,22.825,
2011-10-31,22.428,22.428,22.428,22.428,
2011-11-01,22.142,22.142,22.142,22.142,
2011-11-02,22.227,22.227,22.227,22.227,
2011-11-03,22.448,22.448,22.448,22.448,
2011-11-04,22.116,22.116,22.116,22.116,
2011-11-07,22.311,22.311,22.311,22.311,
2011-11-08,22.409,22.409,22.409,22.409,
2011-11-09,21.967,21.967,21.967,21.967,
2011-11-10,22.734,22.734,22.734,22.734,
2011-11-11,23.384,23.384,23.384,23.384,
2011-11-14,23.189,23.189,23.189,23.189,
2011-11-15,23.228,23.228,23.228,23.228,
2011-11-16,22.812,22.812,22.812,22.812,
2011-11-17,22.649,22.649,22.649,22.649,
2011-11-18,22.721,22.721,22.721,22.721,
2011-11-21,22.194,22.194,22.194,22.194,
2011-11-22,21.98,21.98,21.98,21.98,
2011-11-23,21.577,21.577,21.577,21.577,
2011-11-25,21.557,21.557,21.557,21.557,
2011-11-28,22.272,22.272,22.272,22.272,
2011-11-29,22.415,22.415,22.415,22.415,
2011-11-30,23.241,23.241,23.241,23.241,
2011-12-01,23.195,23.195,23.195,23.195,
2011-12-02,23.065,23.065,23.065,23.065,
2011-12-05,22.922,22.922,22.922,22.922,
2011-12-06,23.013,23.013,23.013,23.013,
2011-12-07,23.15,23.15,23.15,23.15,
2011-12-08,22.877,22.877,22.877,22.877,
2011-12-09,23.195,23.195,23.195,23.195,
2011-12-12,23.02,23.02,23.02,23.02,
2011-12-13,23.02,23.02,23.02,23.02,
2011-12-14,23.395,23.395,23.395,23.395,
2011-12-15,23.921,23.921,23.921,23.921,
2011-12-16,23.849,23.849,23.849,23.849,
2011-12-19,23.994,23.994,23.994,23.994,
2011-12-20,24.388,24.388,24.388,24.388,
2011-12-21,24.559,24.559,24.559,24.559,
2011-12-22,24.711,24.711,24.711,24.711,
2011-12-23,24.934,24.934,24.934,24.934,
2011-12-27,24.836,24.836,24.836,24.836,
2011-12-28,24.625,24.625,24.625,24.625,
2011-12-29,24.823,24.823,24.823,24.823,
2011-12-30,24.803,24.803,24.803,24.803,
2012-01-03,25.198,25.198,25.198,25.198,
2012-01-04,25.224,25.224,25.224,25.224,
2012-01-05,25.487,25.487,25.487,25.487,
2012-01-06,25.309,25.309,25.309,25.309,
2012-01-09,25.257,25.257,25.257,25.257,
2012-01-10,25.342,25.342,25.342,25.342,
2012-01-11,25.27,25.27,25.27,25.27,
2012-01-12,25.401,25.401,25.401,25.401,
2012-01-13,25.211,25.211,25.211,25.211,
2012-01-17,25.54,25.54,25.54,25.54,
2012-01-18,25.573,25.573,25.573,25.573,
2012-01-19,25.829,25.829,25.829,25.829,
2012-01-20,25.79,25.79,25.79,25.79,
2012-01-23,25.507,25.507,25.507,25.507,
2012-01-24,25.513,25.513,25.513,25.513,
2012-01-25,25.448,25.448,25.448,25.448,
2012-01-26,25.513,25.513,25.513,25.513,
2012-01-27,25.342,25.342,25.342,25.342,
2012-01-30,25.586,25.586,25.586,25.586,
2012-01-31,25.178,25.178,25.178,25.178,
2012-02-01,25.415,25.415,25.415,25.415,
2012-02-02,25.29,25.29,25.29,25.29,
2012-02-03,25.244,25.244,25.244,25.244,
2012-02-06,25.263,25.263,25.263,25.263,
2012-02-07,25.415,25.415,25.415,25.415,
2012-02-08,25.276,25.276,25.276,25.276,
2012-02-09,25.099,25.099,25.099,25.099,
2012-02-10,24.941,24.941,24.941,24.941,
2012-02-13,25.073,25.073,25.073,25.073,
2012-02-14,25.138,25.138,25.138,25.138,
2012-02-15,25.013,25.013,25.013,25.013,
2012-02-16,25.092,25.092,25.092,25.092,
2012-02-17,25.369,25.369,25.369,25.369,
2012-02-21,25.086,25.086,25.086,25.086,
2012-02-22,25.145,25.145,25.145,25.145,
2012-02-23,25.336,25.336,25.336,25.336,
2012-02-24,25.132,25.132,25.132,25.132,
2012-02-27,25.099,25.099,25.099,25.099,
2012-02-28,25.25,25.25,25.25,25.25,
2012-02-29,25.112,25.112,25.112,25.112,
2012-03-01,24.862,24.862,24.862,24.862,
2012-03-02,24.954,24.954,24.954,24.954,
2012-03-05,25.296,25.296,25.296,25.296,
2012-03-06,24.632,24.632,24.632,24.632,
2012-03-07,24.546,24.546,24.546,24.546,
2012-03-08,24.605,24.605,24.605,24.605,
2012-03-09,24.737,24.737,24.737,24.737,
2012-03-12,25.066,25.066,25.066,25.066,
2012-03-13,25.465,25.465,25.465,25.465,
2012-03-14,25.425,25.425,25.425,25.425,
2012-03-15,25.319,25.319,25.319,25.319,
2012-03-16,25.299,25.299,25.299,25.299,
2012-03-19,25.206,25.206,25.206,25.206,
2012-03-20,25.119,25.119,25.119,25.119,
2012-03-21,25.079,25.079,25.079,25.079,
2012-03-22,25.013,25.013,25.013,25.013,
2012-03-23,25.285,25.285,25.285,25.285,
2012-03-26,25.718,25.718,25.718,25.718,
2012-03-27,25.811,25.811,25.811,25.811,
2012-03-28,25.485,25.485,25.485,25.485,
2012-03-29,25.285,25.285,25.285,25.285,
2012-03-30,25.545,25.545,25.545,25.545,
2012-04-02,25.618,25.618,25.618,25.618,
2012-04-03,25.758,25.758,25.758,25.758,
2012-04-04,25.878,25.878,25.878,25.878,
2012-04-05,25.864,25.864,25.864,25.864,
2012-04-09,25.764,25.764,25.764,25.764,
2012-04-10,25.578,25.578,25.578,25.578,
2012-04-11,25.598,25.598,25.598,25.598,
2012-04-12,25.458,25.458,25.458,25.458,
2012-04-13,25.132,25.132,25.132,25.132,
2012-04-16,25.246,25.246,25.246,25.246,
2012-04-17,25.618,25.618,25.618,25.618,
2012-04-18,25.545,25.545,25.545,25.545,
2012-04-19,25.518,25.518,25.518,25.518,
2012-04-20,25.764,25.764,25.764,25.764,
2012-04-23,25.458,25.458,25.458,25.458,
2012-04-24,25.458,25.458,25.458,25.458,
2012-04-25,25.565,25.565,25.565,25.565,
2012-04-26,25.591,25.591,25.591,25.591,
2012-04-27,25.585,25.585,25.585,25.585,
2012-04-30,26.104,26.104,26.104,26.104,
2012-05-01,26.19,26.19,26.19,26.19,
2012-05-02,26.137,26.137,26.137,26.137,
2012-05-03,26.057,26.057,26.057,26.057,
2012-05-04,25.838,25.838,25.838,25.838,
2012-05-07,25.638,25.638,25.638,25.638,
2012-05-08,25.698,25.698,25.698,25.698,
2012-05-09,25.339,25.339,25.339,25.339,
2012-05-10,25.538,25.538,25.538,25.538,
2012-05-11,25.299,25.299,25.299,25.299,
2012-05-14,25.425,25.425,25.425,25.425,
2012-05-15,25.106,25.106,25.106,25.106,
2012-05-16,25.432,25.432,25.432,25.432,
2012-05-17,25.299,25.299,25.299,25.299,
2012-05-18,25.159,25.159,25.159,25.159,
2012-05-21,25.013,25.013,25.013,25.013,
2012-05-22,24.92,24.92,24.92,24.92,
2012-05-23,24.84,24.84,24.84,24.84,
2012-05-24,25.013,25.013,25.013,25.013,
2012-05-25,24.979,24.979,24.979,24.979,
2012-05-29,25.006,25.006,25.006,25.006,
2012-05-30,24.88,24.88,24.88,24.88,
2012-05-31,24.999,24.999,24.999,24.999,
2012-06-01,24.733,24.733,24.733,24.733,
2012-06-04,24.92,24.92,24.92,24.92,
2012-06-05,24.946,24.946,24.946,24.946,
2012-06-06,25.212,25.212,25.212,25.212,
2012-06-07,25.498,25.498,25.498,25.498,
2012-06-08,25.585,25.585,25.585,25.585,
2012-06-11,25.591,25.591,25.591,25.591,
2012-06-12,25.844,25.844,25.844,25.844,
2012-06-13,25.824,25.824,25.824,25.824,
2012-06-14,26.086,26.086,26.086,26.086,
2012-06-15,26.187,26.187,26.187,26.187,
2012-06-18,26.127,26.127,26.127,26.127,
2012-06-19,26.382,26.382,26.382,26.382,
2012-06-20,26.369,26.369,26.369,26.369,
2012-06-21,26.53,26.53,26.53,26.53,
2012-06-22,27.021,27.021,27.021,27.021,
2012-06-25,26.759,26.759,26.759,26.759,
2012-06-26,26.94,26.94,26.94,26.94,
2012-06-27,27.257,27.257,27.257,27.257,
2012-06-28,27.357,27.357,27.357,27.357,
2012-06-29,28.077,28.077,28.077,28.077,
2012-07-02,28.144,28.144,28.144,28.144,
2012-07-03,28.117,28.117,28.117,28.117,
2012-07-05,27.996,27.996,27.996,27.996,
2012-07-06,27.916,27.916,27.916,27.916,
2012-07-09,28.333,28.333,28.333,28.333,
2012-07-10,27.821,27.821,27.821,27.821,
2012-07-11,27.714,27.714,27.714,27.714,
2012-07-12,28.857,28.857,28.857,28.857,
2012-07-13,29.234,29.234,29.234,29.234,
2012-07-16,29.153,29.153,29.153,29.153,
2012-07-17,29.718,29.718,29.718,29.718,
2012-07-18,29.55,29.55,29.55,29.55,
2012-07-19,29.55,29.55,29.55,29.55,
2012-07-20,29.193,29.193,29.193,29.193,
2012-07-23,29.099,29.099,29.099,29.099,
2012-07-24,28.709,28.709,28.709,28.709,
2012-07-25,28.662,28.662,28.662,28.662,
2012-07-26,29.14,29.14,29.14,29.14,
2012-07-27,30.33,30.33,30.33,30.33,
2012-07-30,29.913,29.913,29.913,29.913,
2012-07-31,29.704,29.704,29.704,29.704,
2012-08-01,29.778,29.778,29.778,29.778,
2012-08-02,29.53,29.53,29.53,29.53,
2012-08-03,29.691,29.691,29.691,29.691,
2012-08-06,29.92,29.92,29.92,29.92,
2012-08-07,29.59,29.59,29.59,29.59,
2012-08-08,29.63,29.63,29.63,29.63,
2012-08-09,29.778,29.778,29.778,29.778,
2012-08-10,29.973,29.973,29.973,29.973,
2012-08-13,29.873,29.873,29.873,29.873,
2012-08-14,29.866,29.866,29.866,29.866,
2012-08-15,29.63,29.63,29.63,29.63,
2012-08-16,29.55,29.55,29.55,29.55,
2012-08-17,29.146,29.146,29.146,29.146,
2012-08-20,29.422,29.422,29.422,29.422,
2012-08-21,28.877,28.877,28.877,28.877,
2012-08-22,28.857,28.857,28.857,28.857,
2012-08-23,28.783,28.783,28.783,28.783,
2012-08-24,28.998,28.998,28.998,28.998,
2012-08-27,28.951,28.951,28.951,28.951,
2012-08-28,28.803,28.803,28.803,28.803,
2012-08-29,28.958,28.958,28.958,28.958,
2012-08-30,28.998,28.998,28.998,28.998,
2012-08-31,28.951,28.951,28.951,28.951,
2012-09-04,29.086,29.086,29.086,29.086,
2012-09-05,29.214,29.214,29.214,29.214,
2012-09-06,29.752,29.752,29.752,29.752,
2012-09-07,29.624,29.624,29.624,29.624,
2012-09-10,29.765,29.765,29.765,29.765,
2012-09-11,29.812,29.812,29.812,29.812,
2012-09-12,29.947,29.947,29.947,29.947,
2012-09-13,30.32,30.32,30.32,30.32,
2012-09-14,29.614,29.614,29.614,29.614,
2012-09-17,29.872,29.872,29.872,29.872,
2012-09-18,29.926,29.926,29.926,29.926,
2012-09-19,30.218,30.218,30.218,30.218,
2012-09-20,30.476,30.476,30.476,30.476,
2012-09-21,30.49,30.49,30.49,30.49,
2012-09-24,30.646,30.646,30.646,30.646,
2012-09-25,30.625,30.625,30.625,30.625,
2012-09-26,30.558,30.558,30.558,30.558,
2012-09-27,30.707,30.707,30.707,30.707,
2012-09-28,30.619,30.619,30.619,30.619,
2012-10-01,30.7,30.7,30.7,30.7,
2012-10-02,30.87,30.87,30.87,30.87,
2012-10-03,31.08,31.08,31.08,31.08,
2012-10-04,31.311,31.311,31.311,31.311,
2012-10-05,31.42,31.42,31.42,31.42,
2012-10-08,31.461,31.461,31.461,31.461,
2012-10-09,31.345,31.345,31.345,31.345,
2012-10-10,30.958,30.958,30.958,30.958,
2012-10-11,30.856,30.856,30.856,30.856,
2012-10-12,30.972,30.972,30.972,30.972,
2012-10-15,31.63,31.63,31.63,31.63,
2012-10-16,32.024,32.024,32.024,32.024,
2012-10-17,32.173,32.173,32.173,32.173,
2012-10-18,32.56,32.56,32.56,32.56,
2012-10-19,31.929,31.929,31.929,31.929,
2012-10-22,31.556,31.556,31.556,31.556,
2012-10-23,31.155,31.155,31.155,31.155,
2012-10-24,31.148,31.148,31.148,31.148,
2012-10-25,31.433,31.433,31.433,31.433,
2012-10-26,31.332,31.332,31.332,31.332,
2012-10-31,30.978,30.978,30.978,30.978,
2012-11-01,31.189,31.189,31.189,31.189,
2012-11-02,31.23,31.23,31.23,31.23,
2012-11-05,31.006,31.006,31.006,31.006,
2012-11-06,31.175,31.175,31.175,31.175,
2012-11-07,30.184,30.184,30.184,30.184,
2012-11-08,29.763,29.763,29.763,29.763,
2012-11-09,29.906,29.906,29.906,29.906,
2012-11-12,29.885,29.885,29.885,29.885,
2012-11-13,29.655,29.655,29.655,29.655,
2012-11-14,29.227,29.227,29.227,29.227,
2012-11-15,29.057,29.057,29.057,29.057,
2012-11-16,29.241,29.241,29.241,29.241,
2012-11-19,29.424,29.424,29.424,29.424,
2012-11-20,29.573,29.573,29.573,29.573,
2012-11-21,29.797,29.797,29.797,29.797,
2012-11-23,30.062,30.062,30.062,30.062,
2012-11-26,30.008,30.008,30.008,30.008,
2012-11-27,29.79,29.79,29.79,29.79,
2012-11-28,30.279,30.279,30.279,30.279,
2012-11-29,30.354,30.354,30.354,30.354,
2012-11-30,30.076,30.076,30.076,30.076,
2012-12-03,30.171,30.171,30.171,30.171,
2012-12-04,30.143,30.143,30.143,30.143,
2012-12-05,30.137,30.137,30.137,30.137,
2012-12-06,30.218,30.218,30.218,30.218,
2012-12-07,30.3,30.3,30.3,30.3,
2012-12-10,30.198,30.198,30.198,30.198,
2012-12-11,30.68,30.68,30.68,30.68,
2012-12-12,30.727,30.727,30.727,30.727,
2012-12-13,30.124,30.124,30.124,30.124,
2012-12-14,29.843,29.843,29.843,29.843,
2012-12-17,29.905,29.905,29.905,29.905,
2012-12-18,30.323,30.323,30.323,30.323,
2012-12-19,29.925,29.925,29.925,29.925,
2012-12-20,28.897,28.897,28.897,28.897,
2012-12-21,28.459,28.459,28.459,28.459,
2012-12-24,28.39,28.39,28.39,28.39,
2012-12-26,28.335,28.335,28.335,28.335,
2012-12-27,28.239,28.239,28.239,28.239,
2012-12-28,27.855,27.855,27.855,27.855,
2012-12-31,28.061,28.061,28.061,28.061,
2013-01-02,28.335,28.335,28.335,28.335,
2013-01-03,29.014,29.014,29.014,29.014,
2013-01-04,28.767,28.767,28.767,28.767,
2013-01-07,28.87,28.87,28.87,28.87,
2013-01-08,28.911,28.911,28.911,28.911,
2013-01-09,29.192,29.192,29.192,29.192,
2013-01-10,29.322,29.322,29.322,29.322,
2013-01-11,29.631,29.631,29.631,29.631,
2013-01-14,29.706,29.706,29.706,29.706,
2013-01-15,29.384,29.384,29.384,29.384,
2013-01-16,29.158,29.158,29.158,29.158,
2013-01-17,29.302,29.302,29.302,29.302,
2013-01-18,29.459,29.459,29.459,29.459,
2013-01-22,29.61,29.61,29.61,29.61,
2013-01-23,29.35,29.35,29.35,29.35,
2013-01-24,29.473,29.473,29.473,29.473,
2013-01-25,29.788,29.788,29.788,29.788,
2013-01-28,29.425,29.425,29.425,29.425,
2013-01-29,29.925,29.925,29.925,29.925,
2013-01-30,29.816,29.816,29.816,29.816,
2013-01-31,29.644,29.644,29.644,29.644,
2013-02-01,28.671,28.671,28.671,28.671,
2013-02-04,27.999,27.999,27.999,27.999,
2013-02-05,28.397,28.397,28.397,28.397,
2013-02-06,28.164,28.164,28.164,28.164,
2013-02-07,28.102,28.102,28.102,28.102,
2013-02-08,28.226,28.226,28.226,28.226,
2013-02-11,28.363,28.363,28.363,28.363,
2013-02-12,28.411,28.411,28.411,28.411,
2013-02-13,28.205,28.205,28.205,28.205,
2013-02-14,28.232,28.232,28.232,28.232,
2013-02-15,28.39,28.39,28.39,28.39,
2013-02-19,28.938,28.938,28.938,28.938,
2013-02-20,29.24,29.24,29.24,29.24,
2013-02-21,29.13,29.13,29.13,29.13,
2013-02-22,29.452,29.452,29.452,29.452,
2013-02-25,29.144,29.144,29.144,29.144,
2013-02-26,29.075,29.075,29.075,29.075,
2013-02-27,29.452,29.452,29.452,29.452,
2013-02-28,29.288,29.288,29.288,29.288,
2013-03-01,29.219,29.219,29.219,29.219,
2013-03-04,29.706,29.706,29.706,29.706,
2013-03-05,29.644,29.644,29.644,29.644,
2013-03-06,29.939,29.939,29.939,29.939,
2013-03-07,29.658,29.658,29.658,29.658,
2013-03-08,29.452,29.452,29.452,29.452,
2013-03-11,29.925,29.925,29.925,29.925,
2013-03-12,30.871,30.871,30.871,30.871,
2013-03-13,30.857,30.857,30.857,30.857,
2013-03-14,30.636,30.636,30.636,30.636,
2013-03-15,30.511,30.511,30.511,30.511,
2013-03-18,30.193,30.193,30.193,30.193,
2013-03-19,30.241,30.241,30.241,30.241,
2013-03-20,30.532,30.532,30.532,30.532,
2013-03-21,30.304,30.304,30.304,30.304,
2013-03-22,30.38,30.38,30.38,30.38,
2013-03-25,30.235,30.235,30.235,30.235,
2013-03-26,30.719,30.719,30.719,30.719,
2013-03-27,30.518,30.518,30.518,30.518,
2013-03-28,30.587,30.587,30.587,30.587,
2013-04-01,30.691,30.691,30.691,30.691,
2013-04-02,31.079,31.079,31.079,31.079,
2013-04-03,31.39,31.39,31.39,31.39,
2013-04-04,31.363,31.363,31.363,31.363,
2013-04-05,31.231,31.231,31.231,31.231,
2013-04-08,31.473,31.473,31.473,31.473,
2013-04-09,31.494,31.494,31.494,31.494,
2013-04-10,32.414,32.414,32.414,32.414,
2013-04-11,32.67,32.67,32.67,32.67,
2013-04-12,32.601,32.601,32.601,32.601,
2013-04-15,32.151,32.151,32.151,32.151,
2013-04-16,32.497,32.497,32.497,32.497,
2013-04-17,32.359,32.359,32.359,32.359,
2013-04-18,32.221,32.221,32.221,32.221,
2013-04-19,32.864,32.864,32.864,32.864,
2013-04-22,33.162,33.162,33.162,33.162,
2013-04-23,33.653,33.653,33.653,33.653,
2013-04-24,33.183,33.183,33.183,33.183,
2013-04-25,32.767,32.767,32.767,32.767,
2013-04-26,33.127,33.127,33.127,33.127,
2013-04-29,33.093,33.093,33.093,33.093,
2013-04-30,32.525,32.525,32.525,32.525,
2013-05-01,31.619,31.619,31.619,31.619,
2013-05-02,31.646,31.646,31.646,31.646,
2013-05-03,31.605,31.605,31.605,31.605,
2013-05-06,31.127,31.127,31.127,31.127,
2013-05-07,31.328,31.328,31.328,31.328,
2013-05-08,31.134,31.134,31.134,31.134,
2013-05-09,31.48,31.48,31.48,31.48,
2013-05-10,31.799,31.799,31.799,31.799,
2013-05-13,31.951,31.951,31.951,31.951,
2013-05-14,32.283,32.283,32.283,32.283,
2013-05-15,32.338,32.338,32.338,32.338,
2013-05-16,32.089,32.089,32.089,32.089,
2013-05-17,31.826,31.826,31.826,31.826,
2013-05-20,31.286,31.286,31.286,31.286,
2013-05-21,32.754,32.754,32.754,32.754,
2013-05-22,32.324,32.324,32.324,32.324,
2013-05-23,32.754,32.754,32.754,32.754,
2013-05-24,32.636,32.636,32.636,32.636,
2013-05-28,32.954,32.954,32.954,32.954,
2013-05-29,32.435,32.435,32.435,32.435,
2013-05-30,32.574,32.574,32.574,32.574,
2013-05-31,32.318,32.318,32.318,32.318,
2013-06-03,33.529,33.529,33.529,33.529,
2013-06-04,34.214,34.214,34.214,34.214,
2013-06-05,33.722,33.722,33.722,33.722,
2013-06-06,33.632,33.632,33.632,33.632,
2013-06-07,33.349,33.349,33.349,33.349,
2013-06-10,33.536,33.536,33.536,33.536,
2013-06-11,32.913,32.913,32.913,32.913,
2013-06-12,32.698,32.698,32.698,32.698,
2013-06-13,33.452,33.452,33.452,33.452,
2013-06-14,33.487,33.487,33.487,33.487,
2013-06-17,33.383,33.383,33.383,33.383,
2013-06-18,33.348,33.348,33.348,33.348,
2013-06-19,33.229,33.229,33.229,33.229,
2013-06-20,32.342,32.342,32.342,32.342,
2013-06-21,32.824,32.824,32.824,32.824,
2013-06-24,32.412,32.412,32.412,32.412,
2013-06-25,32.286,32.286,32.286,32.286,
2013-06-26,32.607,32.607,32.607,32.607,
2013-06-27,33.019,33.019,33.019,33.019,
2013-06-28,32.44,32.44,32.44,32.44,
2013-07-01,32.349,32.349,32.349,32.349,
2013-07-02,32.51,32.51,32.51,32.51,
2013-07-03,32.51,32.51,32.51,32.51,
2013-07-05,32.936,32.936,32.936,32.936,
2013-07-08,33.11,33.11,33.11,33.11,
2013-07-09,33.257,33.257,33.257,33.257,
2013-07-10,33.494,33.494,33.494,33.494,
2013-07-11,33.739,33.739,33.739,33.739,
2013-07-12,33.899,33.899,33.899,33.899,
2013-07-15,33.885,33.885,33.885,33.885,
2013-07-16,33.683,33.683,33.683,33.683,
2013-07-17,33.613,33.613,33.613,33.613,
2013-07-18,33.103,33.103,33.103,33.103,
2013-07-19,33.376,33.376,33.376,33.376,
2013-07-22,33.327,33.327,33.327,33.327,
2013-07-23,33.473,33.473,33.473,33.473,
2013-07-24,33.362,33.362,33.362,33.362,
2013-07-25,33.641,33.641,33.641,33.641,
2013-07-26,33.864,33.864,33.864,33.864,
2013-07-29,33.76,33.76,33.76,33.76,
2013-07-30,33.557,33.557,33.557,33.557,
2013-07-31,33.641,33.641,33.641,33.641,
2013-08-01,33.927,33.927,33.927,33.927,
2013-08-02,33.899,33.899,33.899,33.899,
2013-08-05,33.892,33.892,33.892,33.892,
2013-08-06,33.83,33.83,33.83,33.83,
2013-08-07,33.906,33.906,33.906,33.906,
2013-08-08,33.851,33.851,33.851,33.851,
2013-08-09,33.795,33.795,33.795,33.795,
2013-08-12,33.851,33.851,33.851,33.851,
2013-08-13,33.823,33.823,33.823,33.823,
2013-08-14,33.92,33.92,33.92,33.92,
2013-08-15,33.501,33.501,33.501,33.501,
2013-08-16,33.313,33.313,33.313,33.313,
2013-08-19,33.229,33.229,33.229,33.229,
2013-08-20,33.215,33.215,33.215,33.215,
2013-08-21,33.145,33.145,33.145,33.145,
2013-08-22,33.39,33.39,33.39,33.39,
2013-08-23,33.334,33.334,33.334,33.334,
2013-08-26,33.257,33.257,33.257,33.257,
2013-08-27,32.901,32.901,32.901,32.901,
2013-08-28,32.887,32.887,32.887,32.887,
2013-08-29,32.894,32.894,32.894,32.894,
2013-08-30,33.026,33.026,33.026,33.026,
2013-09-03,32.971,32.971,32.971,32.971,
2013-09-04,33.299,33.299,33.299,33.299,
2013-09-05,33.18,33.18,33.18,33.18,
2013-09-06,33.166,33.166,33.166,33.166,
2013-09-09,33.341,33.341,33.341,33.341,
2013-09-10,33.508,33.508,33.508,33.508,
2013-09-11,33.62,33.62,33.62,33.62,
2013-09-12,33.719,33.719,33.719,33.719,
2013-09-13,33.676,33.676,33.676,33.676,
2013-09-16,33.958,33.958,33.958,33.958,
2013-09-17,33.831,33.831,33.831,33.831,
2013-09-18,34.106,34.106,34.106,34.106,
2013-09-19,34.008,34.008,34.008,34.008,
2013-09-20,33.831,33.831,33.831,33.831,
2013-09-23,33.599,33.599,33.599,33.599,
2013-09-24,33.493,33.493,33.493,33.493,
2013-09-25,33.592,33.592,33.592,33.592,
2013-09-26,33.599,33.599,33.599,33.599,
2013-09-27,33.676,33.676,33.676,33.676,
2013-09-30,33.55,33.55,33.55,33.55,
2013-10-01,34.346,34.346,34.346,34.346,
2013-10-02,34.085,34.085,34.085,34.085,
2013-10-03,34.078,34.078,34.078,34.078,
2013-10-04,33.986,33.986,33.986,33.986,
2013-10-07,33.747,33.747,33.747,33.747,
2013-10-08,33.648,33.648,33.648,33.648,
2013-10-09,33.31,33.31,33.31,33.31,
2013-10-10,33.465,33.465,33.465,33.465,
2013-10-11,33.324,33.324,33.324,33.324,
2013-10-14,32.944,32.944,32.944,32.944,
2013-10-15,32.817,32.817,32.817,32.817,
2013-10-16,33.24,33.24,33.24,33.24,
2013-10-17,33.197,33.197,33.197,33.197,
2013-10-18,32.845,32.845,32.845,32.845,
2013-10-21,32.774,32.774,32.774,32.774,
2013-10-22,32.746,32.746,32.746,32.746,
2013-10-23,32.81,32.81,32.81,32.81,
2013-10-24,32.57,32.57,32.57,32.57,
2013-10-25,32.796,32.796,32.796,32.796,
2013-10-28,31.957,31.957,31.957,31.957,
2013-10-29,32.119,32.119,32.119,32.119,
2013-10-30,31.879,31.879,31.879,31.879,
2013-10-31,31.774,31.774,31.774,31.774,
2013-11-01,31.872,31.872,31.872,31.872,
2013-11-04,32.218,32.218,32.218,32.218,
2013-11-05,31.964,31.964,31.964,31.964,
2013-11-06,32.387,32.387,32.387,32.387,
2013-11-07,32.288,32.288,32.288,32.288,
2013-11-08,32.979,32.979,32.979,32.979,
2013-11-11,33.12,33.12,33.12,33.12,
2013-11-12,33.535,33.535,33.535,33.535,
2013-11-13,33.359,33.359,33.359,33.359,
2013-11-14,33.698,33.698,33.698,33.698,
2013-11-15,33.874,33.874,33.874,33.874,
2013-11-18,33.831,33.831,33.831,33.831,
2013-11-19,33.874,33.874,33.874,33.874,
2013-11-20,33.916,33.916,33.916,33.916,
2013-11-21,34.261,34.261,34.261,34.261,
2013-11-22,34.487,34.487,34.487,34.487,
2013-11-25,34.994,34.994,34.994,34.994,
2013-11-26,34.938,34.938,34.938,34.938,
2013-11-27,35.114,35.114,35.114,35.114,
2013-11-29,35.114,35.114,35.114,35.114,
2013-12-02,35.361,35.361,35.361,35.361,
2013-12-03,35.065,35.065,35.065,35.065,
2013-12-04,34.748,34.748,34.748,34.748,
2013-12-05,34.395,34.395,34.395,34.395,
2013-12-06,34.804,34.804,34.804,34.804,
2013-12-09,34.924,34.924,34.924,34.924,
2013-12-10,34.832,34.832,34.832,34.832,
2013-12-11,34.494,34.494,34.494,34.494,
2013-12-12,34.359,34.359,34.359,34.359,
2013-12-13,34.401,34.401,34.401,34.401,
2013-12-16,34.195,34.195,34.195,34.195,
2013-12-17,34.06,34.06,34.06,34.06,
2013-12-18,34.771,34.771,34.771,34.771,
2013-12-19,34.693,34.693,34.693,34.693,
2013-12-20,35.07,35.07,35.07,35.07,
2013-12-23,35.098,35.098,35.098,35.098,
2013-12-24,35.134,35.134,35.134,35.134,
2013-12-26,35.354,35.354,35.354,35.354,
2013-12-27,35.404,35.404,35.404,35.404,
2013-12-30,35.511,35.511,35.511,35.511,
2013-12-31,35.589,35.589,35.589,35.589,
2014-01-02,35.191,35.191,35.191,35.191,
2014-01-03,35.361,35.361,35.361,35.361,
2014-01-06,35.368,35.368,35.368,35.368,
2014-01-07,35.632,35.632,35.632,35.632,
2014-01-08,35.404,35.404,35.404,35.404,
2014-01-09,35.212,35.212,35.212,35.212,
2014-01-10,35.468,35.468,35.468,35.468,
2014-01-13,37.772,37.772,37.772,37.772,
2014-01-14,37.687,37.687,37.687,37.687,
2014-01-15,37.345,37.345,37.345,37.345,
2014-01-16,37.331,37.331,37.331,37.331,
2014-01-17,36.94,36.94,36.94,36.94,
2014-01-21,36.855,36.855,36.855,36.855,
2014-01-22,36.513,36.513,36.513,36.513,
2014-01-23,36.691,36.691,36.691,36.691,
2014-01-24,36.961,36.961,36.961,36.961,
2014-01-27,37.352,37.352,37.352,37.352,
2014-01-28,37.594,37.594,37.594,37.594,
2014-01-29,37.125,37.125,37.125,37.125,
2014-01-30,38.049,38.049,38.049,38.049,
2014-01-31,37.665,37.665,37.665,37.665,
2014-02-03,37.032,37.032,37.032,37.032,
2014-02-04,38.049,38.049,38.049,38.049,
2014-02-05,38.063,38.063,38.063,38.063,
2014-02-06,38.234,38.234,38.234,38.234,
2014-02-07,38.945,38.945,38.945,38.945,
2014-02-10,39.03,39.03,39.03,39.03,
2014-02-11,39.606,39.606,39.606,39.606,
2014-02-12,39.109,39.109,39.109,39.109,
2014-02-13,39.18,39.18,39.18,39.18,
2014-02-14,39.422,39.422,39.422,39.422,
2014-02-18,39.599,39.599,39.599,39.599,
2014-02-19,39.137,39.137,39.137,39.137,
2014-02-20,39.685,39.685,39.685,39.685,
2014-02-21,39.841,39.841,39.841,39.841,
2014-02-24,39.948,39.948,39.948,39.948,
2014-02-25,39.756,39.756,39.756,39.756,
2014-02-26,40.012,40.012,40.012,40.012,
2014-02-27,40.289,40.289,40.289,40.289,
2014-02-28,40.524,40.524,40.524,40.524,
2014-03-03,40.118,40.118,40.118,40.118,
2014-03-04,40.573,40.573,40.573,40.573,
2014-03-05,40.445,40.445,40.445,40.445,
2014-03-06,40.716,40.716,40.716,40.716,
2014-03-07,40.865,40.865,40.865,40.865,
2014-03-10,40.758,40.758,40.758,40.758,
2014-03-11,40.31,40.31,40.31,40.31,
2014-03-12,40.396,40.396,40.396,40.396,
2014-03-13,39.98,39.98,39.98,39.98,
2014-03-14,39.916,39.916,39.916,39.916,
2014-03-17,40.317,40.317,40.317,40.317,
2014-03-18,40.389,40.389,40.389,40.389,
2014-03-19,40.123,40.123,40.123,40.123,
2014-03-20,39.837,39.837,39.837,39.837,
2014-03-21,39.17,39.17,39.17,39.17,
2014-03-24,38.54,38.54,38.54,38.54,
2014-03-25,39.55,39.55,39.55,39.55,
2014-03-26,40.145,40.145,40.145,40.145,
2014-03-27,39.937,39.937,39.937,39.937,
2014-03-28,40.116,40.116,40.116,40.116,
2014-03-31,40.682,40.682,40.682,40.682,
2014-04-01,40.396,40.396,40.396,40.396,
2014-04-02,40.46,40.46,40.46,40.46,
2014-04-03,40.281,40.281,40.281,40.281,
2014-04-04,40.217,40.217,40.217,40.217,
2014-04-07,39.55,39.55,39.55,39.55,
2014-04-08,39.443,39.443,39.443,39.443,
2014-04-09,40.919,40.919,40.919,40.919,
2014-04-10,40.023,40.023,40.023,40.023,
2014-04-11,40.073,40.073,40.073,40.073,
2014-04-14,39.822,39.822,39.822,39.822,
2014-04-15,40.166,40.166,40.166,40.166,
2014-04-16,40.317,40.317,40.317,40.317,
2014-04-17,40.467,40.467,40.467,40.467,
2014-04-21,41.026,41.026,41.026,41.026,
2014-04-22,41.399,41.399,41.399,41.399,
2014-04-23,41.205,41.205,41.205,41.205,
2014-04-24,41.227,41.227,41.227,41.227,
2014-04-25,41.019,41.019,41.019,41.019,
2014-04-28,40.618,40.618,40.618,40.618,
2014-04-29,42.08,42.08,42.08,42.08,
2014-04-30,41.965,41.965,41.965,41.965,
2014-05-01,42.725,42.725,42.725,42.725,
2014-05-02,41.721,41.721,41.721,41.721,
2014-05-05,42.015,42.015,42.015,42.015,
2014-05-06,40.926,40.926,40.926,40.926,
2014-05-07,40.016,40.016,40.016,40.016,
2014-05-08,39.292,39.292,39.292,39.292,
2014-05-09,39.564,39.564,39.564,39.564,
2014-05-12,39.622,39.622,39.622,39.622,
2014-05-13,39.951,39.951,39.951,39.951,
2014-05-14,40.396,40.396,40.396,40.396,
2014-05-15,40.052,40.052,40.052,40.052,
2014-05-16,40.037,40.037,40.037,40.037,
2014-05-19,40.381,40.381,40.381,40.381,
2014-05-20,40.131,40.131,40.131,40.131,
2014-05-21,40.546,40.546,40.546,40.546,
2014-05-22,40.482,40.482,40.482,40.482,
2014-05-23,40.711,40.711,40.711,40.711,
2014-05-27,40.625,40.625,40.625,40.625,
2014-05-28,40.417,40.417,40.417,40.417,
2014-05-29,41.349,41.349,41.349,41.349,
2014-05-30,41.463,41.463,41.463,41.463,
2014-06-02,41.514,41.514,41.514,41.514,
2014-06-03,41.499,41.499,41.499,41.499,
2014-06-04,41.514,41.514,41.514,41.514,
2014-06-05,41.635,41.635,41.635,41.635,
2014-06-06,41.456,41.456,41.456,41.456,
2014-06-09,41.521,41.521,41.521,41.521,
2014-06-10,41.915,41.915,41.915,41.915,
2014-06-11,42.144,42.144,42.144,42.144,
2014-06-12,42.094,42.094,42.094,42.094,
2014-06-13,42.05,42.05,42.05,42.05,
2014-06-16,41.928,41.928,41.928,41.928,
2014-06-17,41.92,41.92,41.92,41.92,
2014-06-18,42.173,42.173,42.173,42.173,
2014-06-19,42.094,42.094,42.094,42.094,
2014-06-20,42.541,42.541,42.541,42.541,
2014-06-23,42.238,42.238,42.238,42.238,
2014-06-24,41.819,41.819,41.819,41.819,
2014-06-25,42.498,42.498,42.498,42.498,
2014-06-26,42.26,42.26,42.26,42.26,
2014-06-27,41.538,41.538,41.538,41.538,
2014-06-30,41.769,41.769,41.769,41.769,
2014-07-01,42.245,42.245,42.245,42.245,
2014-07-02,42.635,42.635,42.635,42.635,
2014-07-03,42.744,42.744,42.744,42.744,
2014-07-07,42.253,42.253,42.253,42.253,
2014-07-08,42.0,42.0,42.0,42.0,
2014-07-09,42.274,42.274,42.274,42.274,
2014-07-10,42.296,42.296,42.296,42.296,
2014-07-11,42.195,42.195,42.195,42.195,
2014-07-14,42.007,42.007,42.007,42.007,
2014-07-15,41.812,41.812,41.812,41.812,
2014-07-16,41.985,41.985,41.985,41.985,
2014-07-17,41.588,41.588,41.588,41.588,
2014-07-18,42.123,42.123,42.123,42.123,
2014-07-21,41.877,41.877,41.877,41.877,
2014-07-22,42.188,42.188,42.188,42.188,
2014-07-23,41.957,41.957,41.957,41.957,
2014-07-24,42.029,42.029,42.029,42.029,
2014-07-25,41.985,41.985,41.985,41.985,
2014-07-28,41.855,41.855,41.855,41.855,
2014-07-29,42.296,42.296,42.296,42.296,
2014-07-30,41.935,41.935,41.935,41.935,
2014-07-31,40.967,40.967,40.967,40.967,
2014-08-01,41.011,41.011,41.011,41.011,
2014-08-04,41.198,41.198,41.198,41.198,
2014-08-05,40.455,40.455,40.455,40.455,
2014-08-06,40.383,40.383,40.383,40.383,
2014-08-07,40.173,40.173,40.173,40.173,
2014-08-08,40.83,40.83,40.83,40.83,
2014-08-11,40.91,40.91,40.91,40.91,
2014-08-12,41.177,41.177,41.177,41.177,
2014-08-13,41.769,41.769,41.769,41.769,
2014-08-14,42.44,42.44,42.44,42.44,
2014-08-15,42.318,42.318,42.318,42.318,
2014-08-18,42.18,42.18,42.18,42.18,
2014-08-19,42.534,42.534,42.534,42.534,
2014-08-20,42.946,42.946,42.946,42.946,
2014-08-21,42.491,42.491,42.491,42.491,
2014-08-22,42.722,42.722,42.722,42.722,
2014-08-25,43.126,43.126,43.126,43.126,
2014-08-26,43.466,43.466,43.466,43.466,
2014-08-27,43.523,43.523,43.523,43.523,
2014-08-28,43.321,43.321,43.321,43.321,
2014-08-29,43.401,43.401,43.401,43.401,
2014-09-02,43.169,43.169,43.169,43.169,
2014-09-03,43.668,43.668,43.668,43.668,
2014-09-04,43.379,43.379,43.379,43.379,
2014-09-05,44.173,44.173,44.173,44.173,
2014-09-08,44.079,44.079,44.079,44.079,
2014-09-09,43.725,43.725,43.725,43.725,
2014-09-10,43.87,43.87,43.87,43.87,
2014-09-11,43.71,43.71,43.71,43.71,
2014-09-12,43.31,43.31,43.31,43.31,
2014-09-15,43.288,43.288,43.288,43.288,
2014-09-16,43.63,43.63,43.63,43.63,
2014-09-17,43.55,43.55,43.55,43.55,
2014-09-18,43.863,43.863,43.863,43.863,
2014-09-19,43.993,43.993,43.993,43.993,
2014-09-22,44.059,44.059,44.059,44.059,
2014-09-23,43.841,43.841,43.841,43.841,
2014-09-24,43.899,43.899,43.899,43.899,
2014-09-25,43.375,43.375,43.375,43.375,
2014-09-26,43.193,43.193,43.193,43.193,
2014-09-29,43.208,43.208,43.208,43.208,
2014-09-30,43.113,43.113,43.113,43.113,
2014-10-01,42.699,42.699,42.699,42.699,
2014-10-02,42.801,42.801,42.801,42.801,
2014-10-03,43.564,43.564,43.564,43.564,
2014-10-06,43.332,43.332,43.332,43.332,
2014-10-07,42.517,42.517,42.517,42.517,
2014-10-08,43.768,43.768,43.768,43.768,
2014-10-09,43.063,43.063,43.063,43.063,
2014-10-10,42.663,42.663,42.663,42.663,
2014-10-13,40.83,40.83,40.83,40.83,
2014-10-14,40.968,40.968,40.968,40.968,
2014-10-15,39.804,39.804,39.804,39.804,
2014-10-16,38.859,38.859,38.859,38.859,
2014-10-17,39.288,39.288,39.288,39.288,
2014-10-20,39.31,39.31,39.31,39.31,
2014-10-21,40.095,40.095,40.095,40.095,
2014-10-22,40.372,40.372,40.372,40.372,
2014-10-23,41.186,41.186,41.186,41.186,
2014-10-24,41.899,41.899,41.899,41.899,
2014-10-27,41.055,41.055,41.055,41.055,
2014-10-28,40.619,40.619,40.619,40.619,
2014-10-29,40.873,40.873,40.873,40.873,
2014-10-30,41.681,41.681,41.681,41.681,
2014-10-31,42.139,42.139,42.139,42.139,
2014-11-03,42.852,42.852,42.852,42.852,
2014-11-04,43.179,43.179,43.179,43.179,
2014-11-05,43.324,43.324,43.324,43.324,
2014-11-06,43.099,43.099,43.099,43.099,
2014-11-07,43.157,43.157,43.157,43.157,
2014-11-10,42.772,42.772,42.772,42.772,
2014-11-11,43.179,43.179,43.179,43.179,
2014-11-12,43.135,43.135,43.135,43.135,
2014-11-13,43.303,43.303,43.303,43.303,
2014-11-14,42.961,42.961,42.961,42.961,
2014-11-17,43.244,43.244,43.244,43.244,
2014-11-18,43.557,43.557,43.557,43.557,
2014-11-19,43.375,43.375,43.375,43.375,
2014-11-20,43.186,43.186,43.186,43.186,
2014-11-21,43.39,43.39,43.39,43.39,
2014-11-24,43.092,43.092,43.092,43.092,
2014-11-25,43.157,43.157,43.157,43.157,
2014-11-26,43.455,43.455,43.455,43.455,
2014-11-28,43.928,43.928,43.928,43.928,
2014-12-01,44.015,44.015,44.015,44.015,
2014-12-02,44.204,44.204,44.204,44.204,
2014-12-03,44.059,44.059,44.059,44.059,
2014-12-04,44.306,44.306,44.306,44.306,
2014-12-05,44.721,44.721,44.721,44.721,
2014-12-08,45.004,45.004,45.004,45.004,
2014-12-09,43.644,43.644,43.644,43.644,
2014-12-10,43.623,43.623,43.623,43.623,
2014-12-11,43.483,43.483,43.483,43.483,
2014-12-12,42.296,42.296,42.296,42.296,
2014-12-15,41.732,41.732,41.732,41.732,
2014-12-16,41.622,41.622,41.622,41.622,
2014-12-17,42.23,42.23,42.23,42.23,
2014-12-18,43.22,43.22,43.22,43.22,
2014-12-19,43.659,43.659,43.659,43.659,
2014-12-22,43.205,43.205,43.205,43.205,
2014-12-23,41.923,41.923,41.923,41.923,
2014-12-24,42.106,42.106,42.106,42.106,
2014-12-26,42.34,42.34,42.34,42.34,
2014-12-29,42.304,42.304,42.304,42.304,
2014-12-30,42.245,42.245,42.245,42.245,
2014-12-31,41.615,41.615,41.615,41.615,
2015-01-02,41.908,41.908,41.908,41.908,
2015-01-05,42.531,42.531,42.531,42.531,
2015-01-06,44.201,44.201,44.201,44.201,
2015-01-07,45.147,45.147,45.147,45.147,
2015-01-08,46.055,46.055,46.055,46.055,
2015-01-09,45.843,45.843,45.843,45.843,
2015-01-12,45.652,45.652,45.652,45.652,
2015-01-13,45.572,45.572,45.572,45.572,
2015-01-14,45.902,45.902,45.902,45.902,
2015-01-15,45.345,45.345,45.345,45.345,
2015-01-16,46.187,46.187,46.187,46.187,
2015-01-20,45.88,45.88,45.88,45.88,
2015-01-21,45.55,45.55,45.55,45.55,
2015-01-22,45.865,45.865,45.865,45.865,
2015-01-23,45.792,45.792,45.792,45.792,
2015-01-26,46.033,46.033,46.033,46.033,
2015-01-27,45.843,45.843,45.843,45.843,
2015-01-28,45.03,45.03,45.03,45.03,
2015-01-29,45.499,45.499,45.499,45.499,
2015-01-30,44.172,44.172,44.172,44.172,
2015-02-02,44.612,44.612,44.612,44.612,
2015-02-03,44.714,44.714,44.714,44.714,
2015-02-04,43.271,43.271,43.271,43.271,
2015-02-05,43.359,43.359,43.359,43.359,
2015-02-06,43.08,43.08,43.08,43.08,
2015-02-09,42.743,42.743,42.743,42.743,
2015-02-10,43.124,43.124,43.124,43.124,
2015-02-11,43.044,43.044,43.044,43.044,
2015-02-12,43.146,43.146,43.146,43.146,
2015-02-13,43.095,43.095,43.095,43.095,
2015-02-17,43.08,43.08,43.08,43.08,
2015-02-18,43.088,43.088,43.088,43.088,
2015-02-19,42.721,42.721,42.721,42.721,
2015-02-20,42.758,42.758,42.758,42.758,
2015-02-23,42.721,42.721,42.721,42.721,
2015-02-24,42.765,42.765,42.765,42.765,
2015-02-25,42.86,42.86,42.86,42.86,
2015-02-26,43.205,43.205,43.205,43.205,
2015-02-27,42.897,42.897,42.897,42.897,
2015-03-02,42.926,42.926,42.926,42.926,
2015-03-03,42.751,42.751,42.751,42.751,
2015-03-04,42.413,42.413,42.413,42.413,
2015-03-05,42.487,42.487,42.487,42.487,
2015-03-06,41.651,41.651,41.651,41.651,
2015-03-09,41.959,41.959,41.959,41.959,
2015-03-10,41.461,41.461,41.461,41.461,
2015-03-11,41.08,41.08,41.08,41.08,
2015-03-12,41.494,41.494,41.494,41.494,
2015-03-13,41.516,41.516,41.516,41.516,
2015-03-16,42.195,42.195,42.195,42.195,
2015-03-17,41.715,41.715,41.715,41.715,
2015-03-18,42.587,42.587,42.587,42.587,
2015-03-19,43.0,43.0,43.0,43.0,
2015-03-20,43.274,43.274,43.274,43.274,
2015-03-23,43.385,43.385,43.385,43.385,
2015-03-24,43.311,43.311,43.311,43.311,
2015-03-25,43.037,43.037,43.037,43.037,
2015-03-26,42.55,42.55,42.55,42.55,
2015-03-27,42.661,42.661,42.661,42.661,
2015-03-30,43.097,43.097,43.097,43.097,
2015-03-31,42.461,42.461,42.461,42.461,
2015-04-01,42.003,42.003,42.003,42.003,
2015-04-02,42.181,42.181,42.181,42.181,
2015-04-06,42.24,42.24,42.24,42.24,
2015-04-07,42.424,42.424,42.424,42.424,
2015-04-08,42.217,42.217,42.217,42.217,
2015-04-09,42.424,42.424,42.424,42.424,
2015-04-10,42.291,42.291,42.291,42.291,
2015-04-13,41.907,41.907,41.907,41.907,
2015-04-14,42.668,42.668,42.668,42.668,
2015-04-15,43.178,43.178,43.178,43.178,
2015-04-16,42.727,42.727,42.727,42.727,
2015-04-17,42.018,42.018,42.018,42.018,
2015-04-20,42.557,42.557,42.557,42.557,
2015-04-21,42.594,42.594,42.594,42.594,
2015-04-22,42.616,42.616,42.616,42.616,
2015-04-23,42.483,42.483,42.483,42.483,
2015-04-24,42.55,42.55,42.55,42.55,
2015-04-27,42.181,42.181,42.181,42.181,
2015-04-28,44.308,44.308,44.308,44.308,
2015-04-29,44.086,44.086,44.086,44.086,
2015-04-30,43.998,43.998,43.998,43.998,
2015-05-01,44.219,44.219,44.219,44.219,
2015-05-04,44.796,44.796,44.796,44.796,
2015-05-05,44.685,44.685,44.685,44.685,
2015-05-06,44.515,44.515,44.515,44.515,
2015-05-07,44.544,44.544,44.544,44.544,
2015-05-08,44.869,44.869,44.869,44.869,
2015-05-11,44.323,44.323,44.323,44.323,
2015-05-12,43.909,43.909,43.909,43.909,
2015-05-13,43.717,43.717,43.717,43.717,
2015-05-14,44.16,44.16,44.16,44.16,
2015-05-15,44.493,44.493,44.493,44.493,
2015-05-18,44.33,44.33,44.33,44.33,
2015-05-19,44.707,44.707,44.707,44.707,
2015-05-20,44.663,44.663,44.663,44.663,
2015-05-21,44.397,44.397,44.397,44.397,
2015-05-22,43.865,43.865,43.865,43.865,
2015-05-26,43.562,43.562,43.562,43.562,
2015-05-27,43.924,43.924,43.924,43.924,
2015-05-28,44.101,44.101,44.101,44.101,
2015-05-29,44.98,44.98,44.98,44.98,
2015-06-01,44.877,44.877,44.877,44.877,
2015-06-02,44.5,44.5,44.5,44.5,
2015-06-03,44.611,44.611,44.611,44.611,
2015-06-04,43.931,43.931,43.931,43.931,
2015-06-05,43.577,43.577,43.577,43.577,
2015-06-08,43.488,43.488,43.488,43.488,
2015-06-09,43.466,43.466,43.466,43.466,
2015-06-10,44.035,44.035,44.035,44.035,
2015-06-11,43.849,43.849,43.849,43.849,
2015-06-12,43.074,43.074,43.074,43.074,
2015-06-15,42.516,42.516,42.516,42.516,
2015-06-16,42.955,42.955,42.955,42.955,
2015-06-17,43.104,43.104,43.104,43.104,
2015-06-18,43.61,43.61,43.61,43.61,
2015-06-19,43.201,43.201,43.201,43.201,
2015-06-22,43.789,43.789,43.789,43.789,
2015-06-23,43.938,43.938,43.938,43.938,
2015-06-24,43.35,43.35,43.35,43.35,
2015-06-25,43.097,43.097,43.097,43.097,
2015-06-26,43.536,43.536,43.536,43.536,
2015-06-29,42.643,42.643,42.643,42.643,
2015-06-30,42.375,42.375,42.375,42.375,
2015-07-01,42.874,42.874,42.874,42.874,
2015-07-02,42.926,42.926,42.926,42.926,
2015-07-06,42.836,42.836,42.836,42.836,
2015-07-07,43.164,43.164,43.164,43.164,
2015-07-08,42.687,42.687,42.687,42.687,
2015-07-09,42.71,42.71,42.71,42.71,
2015-07-10,43.134,43.134,43.134,43.134,
2015-07-13,43.074,43.074,43.074,43.074,
2015-07-14,43.313,43.313,43.313,43.313,
2015-07-15,43.335,43.335,43.335,43.335,
2015-07-16,43.782,43.782,43.782,43.782,
2015-07-17,43.782,43.782,43.782,43.782,
2015-07-20,43.916,43.916,43.916,43.916,
2015-07-21,43.67,43.67,43.67,43.67,
2015-07-22,43.268,43.268,43.268,43.268,
2015-07-23,43.223,43.223,43.223,43.223,
2015-07-24,42.732,42.732,42.732,42.732,
2015-07-27,42.419,42.419,42.419,42.419,
2015-07-28,42.814,42.814,42.814,42.814,
2015-07-29,43.573,43.573,43.573,43.573,
2015-07-30,43.558,43.558,43.558,43.558,
2015-07-31,43.886,43.886,43.886,43.886,
2015-08-03,43.953,43.953,43.953,43.953,
2015-08-04,43.692,43.692,43.692,43.692,
2015-08-05,43.99,43.99,43.99,43.99,
2015-08-06,43.491,43.491,43.491,43.491,
2015-08-07,43.149,43.149,43.149,43.149,
2015-08-10,43.476,43.476,43.476,43.476,
2015-08-11,42.993,42.993,42.993,42.993,
2015-08-12,43.365,43.365,43.365,43.365,
2015-08-13,43.901,43.901,43.901,43.901,
2015-08-14,44.05,44.05,44.05,44.05,
2015-08-17,44.444,44.444,44.444,44.444,
2015-08-18,44.407,44.407,44.407,44.407,
2015-08-19,44.407,44.407,44.407,44.407,
2015-08-20,42.39,42.39,42.39,42.39,
2015-08-21,41.511,41.511,41.511,41.511,
2015-08-24,40.186,40.186,40.186,40.186,
2015-08-25,38.087,38.087,38.087,38.087,
2015-08-26,40.507,40.507,40.507,40.507,
2015-08-27,40.901,40.901,40.901,40.901,
2015-08-28,41.214,41.214,41.214,41.214,
2015-08-31,40.082,40.082,40.082,40.082,
2015-09-01,39.1,39.1,39.1,39.1,
2015-09-02,39.435,39.435,39.435,39.435,
2015-09-03,39.189,39.189,39.189,39.189,
2015-09-04,38.4,38.4,38.4,38.4,
2015-09-08,39.219,39.219,39.219,39.219,
2015-09-09,38.653,38.653,38.653,38.653,
2015-09-10,39.241,39.241,39.241,39.241,
2015-09-11,39.106,39.106,39.106,39.106,
2015-09-14,39.294,39.294,39.294,39.294,
2015-09-15,40.202,40.202,40.202,40.202,
2015-09-16,40.442,40.442,40.442,40.442,
2015-09-17,40.51,40.51,40.51,40.51,
2015-09-18,39.136,39.136,39.136,39.136,
2015-09-21,38.273,38.273,38.273,38.273,
2015-09-22,38.093,38.093,38.093,38.093,
2015-09-23,38.31,38.31,38.31,38.31,
2015-09-24,37.98,37.98,37.98,37.98,
2015-09-25,37.237,37.237,37.237,37.237,
2015-09-28,36.351,36.351,36.351,36.351,
2015-09-29,36.523,36.523,36.523,36.523,
2015-09-30,37.079,37.079,37.079,37.079,
2015-10-01,37.064,37.064,37.064,37.064,
2015-10-02,37.642,37.642,37.642,37.642,
2015-10-05,38.46,38.46,38.46,38.46,
2015-10-06,37.387,37.387,37.387,37.387,
2015-10-07,38.25,38.25,38.25,38.25,
2015-10-08,38.303,38.303,38.303,38.303,
2015-10-09,38.25,38.25,38.25,38.25,
2015-10-12,38.07,38.07,38.07,38.07,
2015-10-13,37.139,37.139,37.139,37.139,
2015-10-14,37.192,37.192,37.192,37.192,
2015-10-15,38.078,38.078,38.078,38.078,
2015-10-16,38.648,38.648,38.648,38.648,
2015-10-19,38.588,38.588,38.588,38.588,
2015-10-20,37.83,37.83,37.83,37.83,
2015-10-21,37.98,37.98,37.98,37.98,
2015-10-22,39.046,39.046,39.046,39.046,
2015-10-23,39.699,39.699,39.699,39.699,
2015-10-26,39.722,39.722,39.722,39.722,
2015-10-27,40.142,40.142,40.142,40.142,
2015-10-28,41.366,41.366,41.366,41.366,
2015-10-29,41.193,41.193,41.193,41.193,
2015-10-30,41.035,41.035,41.035,41.035,
2015-11-02,41.373,41.373,41.373,41.373,
2015-11-03,41.373,41.373,41.373,41.373,
2015-11-04,41.689,41.689,41.689,41.689,
2015-11-05,41.328,41.328,41.328,41.328,
2015-11-06,40.998,40.998,40.998,40.998,
2015-11-09,40.72,40.72,40.72,40.72,
2015-11-10,40.863,40.863,40.863,40.863,
2015-11-11,40.33,40.33,40.33,40.33,
2015-11-12,39.812,39.812,39.812,39.812,
2015-11-13,39.812,39.812,39.812,39.812,
2015-11-16,40.315,40.315,40.315,40.315,
2015-11-17,40.322,40.322,40.322,40.322,
2015-11-18,40.713,40.713,40.713,40.713,
2015-11-19,40.75,40.75,40.75,40.75,
2015-11-20,40.615,40.615,40.615,40.615,
2015-11-23,40.547,40.547,40.547,40.547,
2015-11-24,40.15,40.15,40.15,40.15,
2015-11-25,40.33,40.33,40.33,40.33,
2015-11-27,40.51,40.51,40.51,40.51,
2015-11-30,39.797,39.797,39.797,39.797,
2015-12-01,40.968,40.968,40.968,40.968,
2015-12-02,40.405,40.405,40.405,40.405,
2015-12-03,39.481,39.481,39.481,39.481,
2015-12-04,40.27,40.27,40.27,40.27,
2015-12-07,40.3,40.3,40.3,40.3,
2015-12-08,40.142,40.142,40.142,40.142,
2015-12-09,39.654,39.654,39.654,39.654,
2015-12-10,40.307,40.307,40.307,40.307,
2015-12-11,39.489,39.489,39.489,39.489,
2015-12-14,39.527,39.527,39.527,39.527,
2015-12-15,40.057,40.057,40.057,40.057,
2015-12-16,40.905,40.905,40.905,40.905,
2015-12-17,39.876,39.876,39.876,39.876,
2015-12-18,39.103,39.103,39.103,39.103,
2015-12-21,39.277,39.277,39.277,39.277,
2015-12-22,39.452,39.452,39.452,39.452,
2015-12-23,40.118,40.118,40.118,40.118,
2015-12-24,40.019,40.019,40.019,40.019,
2015-12-28,40.012,40.012,40.012,40.012,
2015-12-29,40.391,40.391,40.391,40.391,
2015-12-30,40.322,40.322,40.322,40.322,
2015-12-31,39.997,39.997,39.997,39.997,
2016-01-04,39.739,39.739,39.739,39.739,
2016-01-05,40.247,40.247,40.247,40.247,
2016-01-06,39.694,39.694,39.694,39.694,
2016-01-07,39.346,39.346,39.346,39.346,
2016-01-08,38.679,38.679,38.679,38.679,
2016-01-11,38.808,38.808,38.808,38.808,
2016-01-12,39.194,39.194,39.194,39.194,
2016-01-13,38.361,38.361,38.361,38.361,
2016-01-14,39.224,39.224,39.224,39.224,
2016-01-15,38.725,38.725,38.725,38.725,
2016-01-19,38.876,38.876,38.876,38.876,
2016-01-20,38.278,38.278,38.278,38.278,
2016-01-21,38.558,38.558,38.558,38.558,
2016-01-22,38.884,38.884,38.884,38.884,
2016-01-25,38.558,38.558,38.558,38.558,
2016-01-26,38.959,38.959,38.959,38.959,
2016-01-27,38.142,38.142,38.142,38.142,
2016-01-28,37.256,37.256,37.256,37.256,
2016-01-29,38.369,38.369,38.369,38.369,
2016-02-01,38.429,38.429,38.429,38.429,
2016-02-02,38.172,38.172,38.172,38.172,
2016-02-03,37.899,37.899,37.899,37.899,
2016-02-04,36.794,36.794,36.794,36.794,
2016-02-05,37.392,37.392,37.392,37.392,
2016-02-08,36.975,36.975,36.975,36.975,
2016-02-09,37.225,37.225,37.225,37.225,
2016-02-10,37.505,37.505,37.505,37.505,
2016-02-11,36.991,36.991,36.991,36.991,
2016-02-12,37.127,37.127,37.127,37.127,
2016-02-16,37.695,37.695,37.695,37.695,
2016-02-17,38.316,38.316,38.316,38.316,
2016-02-18,38.104,38.104,38.104,38.104,
2016-02-19,37.952,37.952,37.952,37.952,
2016-02-22,38.444,38.444,38.444,38.444,
2016-02-23,38.27,38.27,38.27,38.27,
2016-02-24,38.285,38.285,38.285,38.285,
2016-02-25,38.619,38.619,38.619,38.619,
2016-02-26,38.346,38.346,38.346,38.346,
2016-02-29,38.02,38.02,38.02,38.02,
2016-03-01,39.187,39.187,39.187,39.187,
2016-03-02,39.58,39.58,39.58,39.58,
2016-03-03,39.452,39.452,39.452,39.452,
2016-03-04,39.436,39.436,39.436,39.436,
2016-03-07,39.86,39.86,39.86,39.86,
2016-03-08,39.717,39.717,39.717,39.717,
2016-03-09,39.648,39.648,39.648,39.648,
2016-03-10,40.163,40.163,40.163,40.163,
2016-03-11,40.637,40.637,40.637,40.637,
2016-03-14,40.545,40.545,40.545,40.545,
2016-03-15,40.041,40.041,40.041,40.041,
2016-03-16,39.674,39.674,39.674,39.674,
2016-03-17,39.361,39.361,39.361,39.361,
2016-03-18,39.911,39.911,39.911,39.911,
2016-03-21,40.331,40.331,40.331,40.331,
2016-03-22,40.507,40.507,40.507,40.507,
2016-03-23,40.545,40.545,40.545,40.545,
2016-03-24,40.538,40.538,40.538,40.538,
2016-03-28,40.354,40.354,40.354,40.354,
2016-03-29,40.729,40.729,40.729,40.729,
2016-03-30,40.652,40.652,40.652,40.652,
2016-03-31,40.415,40.415,40.415,40.415,
2016-04-01,41.019,41.019,41.019,41.019,
2016-04-04,41.554,41.554,41.554,41.554,
2016-04-05,41.431,41.431,41.431,41.431,
2016-04-06,42.493,42.493,42.493,42.493,
2016-04-07,42.333,42.333,42.333,42.333,
2016-04-08,42.287,42.287,42.287,42.287,
2016-04-11,42.05,42.05,42.05,42.05,
2016-04-12,42.272,42.272,42.272,42.272,
2016-04-13,42.745,42.745,42.745,42.745,
2016-04-14,43.119,43.119,43.119,43.119,
2016-04-15,42.883,42.883,42.883,42.883,
2016-04-18,43.165,43.165,43.165,43.165,
2016-04-19,43.433,43.433,43.433,43.433,
2016-04-20,43.219,43.219,43.219,43.219,
2016-04-21,43.234,43.234,43.234,43.234,
2016-04-22,43.341,43.341,43.341,43.341,
2016-04-25,42.944,42.944,42.944,42.944,
2016-04-26,42.806,42.806,42.806,42.806,
2016-04-27,43.013,43.013,43.013,43.013,
2016-04-28,42.577,42.577,42.577,42.577,
2016-04-29,41.89,41.89,41.89,41.89,
2016-05-02,42.241,42.241,42.241,42.241,
2016-05-03,42.073,42.073,42.073,42.073,
2016-05-04,41.867,41.867,41.867,41.867,
2016-05-05,41.317,41.317,41.317,41.317,
2016-05-06,40.942,40.942,40.942,40.942,
2016-05-09,41.324,41.324,41.324,41.324,
2016-05-10,41.767,41.767,41.767,41.767,
2016-05-11,41.485,41.485,41.485,41.485,
2016-05-12,41.34,41.34,41.34,41.34,
2016-05-13,41.156,41.156,41.156,41.156,
2016-05-16,41.745,41.745,41.745,41.745,
2016-05-17,41.492,41.492,41.492,41.492,
2016-05-18,41.76,41.76,41.76,41.76,
2016-05-19,41.691,41.691,41.691,41.691,
2016-05-20,42.096,42.096,42.096,42.096,
2016-05-23,41.951,41.951,41.951,41.951,
2016-05-24,42.47,42.47,42.47,42.47,
2016-05-25,43.211,43.211,43.211,43.211,
2016-05-26,43.074,43.074,43.074,43.074,
2016-05-27,43.142,43.142,43.142,43.142,
2016-05-31,42.974,42.974,42.974,42.974,
2016-06-01,43.028,43.028,43.028,43.028,
2016-06-02,43.402,43.402,43.402,43.402,
2016-06-03,43.265,43.265,43.265,43.265,
2016-06-06,43.669,43.669,43.669,43.669,
2016-06-07,43.54,43.54,43.54,43.54,
2016-06-08,44.013,44.013,44.013,44.013,
2016-06-09,43.677,43.677,43.677,43.677,
2016-06-10,43.394,43.394,43.394,43.394,
2016-06-13,43.21,43.21,43.21,43.21,
2016-06-14,43.317,43.317,43.317,43.317,
2016-06-15,43.194,43.194,43.194,43.194,
2016-06-16,44.28,44.28,44.28,44.28,
2016-06-17,43.04,43.04,43.04,43.04,
2016-06-20,43.233,43.233,43.233,43.233,
2016-06-21,43.317,43.317,43.317,43.317,
2016-06-22,43.926,43.926,43.926,43.926,
2016-06-23,44.419,44.419,44.419,44.419,
2016-06-24,43.033,43.033,43.033,43.033,
2016-06-27,42.594,42.594,42.594,42.594,
2016-06-28,42.801,42.801,42.801,42.801,
2016-06-29,43.934,43.934,43.934,43.934,
2016-06-30,44.365,44.365,44.365,44.365,
2016-07-01,44.619,44.619,44.619,44.619,
2016-07-05,44.665,44.665,44.665,44.665,
2016-07-06,45.558,45.558,45.558,45.558,
2016-07-07,45.266,45.266,45.266,45.266,
2016-07-08,45.705,45.705,45.705,45.705,
2016-07-11,45.697,45.697,45.697,45.697,
2016-07-12,45.897,45.897,45.897,45.897,
2016-07-13,45.859,45.859,45.859,45.859,
2016-07-14,45.936,45.936,45.936,45.936,
2016-07-15,45.92,45.92,45.92,45.92,
2016-07-18,45.451,45.451,45.451,45.451,
2016-07-19,45.173,45.173,45.173,45.173,
2016-07-20,45.273,45.273,45.273,45.273,
2016-07-21,45.273,45.273,45.273,45.273,
2016-07-22,45.297,45.297,45.297,45.297,
2016-07-25,45.096,45.096,45.096,45.096,
2016-07-26,44.942,44.942,44.942,44.942,
2016-07-27,45.127,45.127,45.127,45.127,
2016-07-28,44.996,44.996,44.996,44.996,
2016-07-29,45.173,45.173,45.173,45.173,
2016-08-01,45.173,45.173,45.173,45.173,
2016-08-02,44.919,44.919,44.919,44.919,
2016-08-03,44.396,44.396,44.396,44.396,
2016-08-04,44.542,44.542,44.542,44.542,
2016-08-05,49.178,49.178,49.178,49.178,
2016-08-08,48.408,48.408,48.408,48.408,
2016-08-09,48.123,48.123,48.123,48.123,
2016-08-10,48.238,48.238,48.238,48.238,
2016-08-11,49.001,49.001,49.001,49.001,
2016-08-12,48.785,48.785,48.785,48.785,
2016-08-15,48.762,48.762,48.762,48.762,
2016-08-16,48.546,48.546,48.546,48.546,
2016-08-17,48.739,48.739,48.739,48.739,
2016-08-18,49.001,49.001,49.001,49.001,
2016-08-19,48.793,48.793,48.793,48.793,
2016-08-22,48.939,48.939,48.939,48.939,
2016-08-23,48.962,48.962,48.962,48.962,
2016-08-24,48.308,48.308,48.308,48.308,
2016-08-25,47.992,47.992,47.992,47.992,
2016-08-26,48.4,48.4,48.4,48.4,
2016-08-29,48.523,48.523,48.523,48.523,
2016-08-30,48.292,48.292,48.292,48.292,
2016-08-31,48.354,48.354,48.354,48.354,
2016-09-01,48.439,48.439,48.439,48.439,
2016-09-02,48.5,48.5,48.5,48.5,
2016-09-06,48.7,48.7,48.7,48.7,
2016-09-07,48.415,48.415,48.415,48.415,
2016-09-08,48.7,48.7,48.7,48.7,
2016-09-09,48.123,48.123,48.123,48.123,
2016-09-12,48.662,48.662,48.662,48.662,
2016-09-13,47.948,47.948,47.948,47.948,
2016-09-14,47.591,47.591,47.591,47.591,
2016-09-15,48.39,48.39,48.39,48.39,
2016-09-16,48.313,48.313,48.313,48.313,
2016-09-19,47.576,47.576,47.576,47.576,
2016-09-20,48.049,48.049,48.049,48.049,
2016-09-21,48.639,48.639,48.639,48.639,
2016-09-22,48.887,48.887,48.887,48.887,
2016-09-23,48.84,48.84,48.84,48.84,
2016-09-26,48.212,48.212,48.212,48.212,
2016-09-27,48.538,48.538,48.538,48.538,
2016-09-28,49.104,49.104,49.104,49.104,
2016-09-29,48.026,48.026,48.026,48.026,
2016-09-30,48.414,48.414,48.414,48.414,
2016-10-03,48.499,48.499,48.499,48.499,
2016-10-04,48.452,48.452,48.452,48.452,
2016-10-05,48.716,48.716,48.716,48.716,
2016-10-06,48.608,48.608,48.608,48.608,
2016-10-07,48.693,48.693,48.693,48.693,
2016-10-10,49.569,49.569,49.569,49.569,
2016-10-11,48.041,48.041,48.041,48.041,
2016-10-12,47.832,47.832,47.832,47.832,
2016-10-13,48.491,48.491,48.491,48.491,
2016-10-14,48.204,48.204,48.204,48.204,
2016-10-17,47.723,47.723,47.723,47.723,
2016-10-18,48.165,48.165,48.165,48.165,
2016-10-19,47.995,47.995,47.995,47.995,
2016-10-20,48.033,48.033,48.033,48.033,
2016-10-21,47.475,47.475,47.475,47.475,
2016-10-24,47.126,47.126,47.126,47.126,
2016-10-25,48.057,48.057,48.057,48.057,
2016-10-26,47.219,47.219,47.219,47.219,
2016-10-27,47.545,47.545,47.545,47.545,
2016-10-28,45.644,45.644,45.644,45.644,
2016-10-31,45.551,45.551,45.551,45.551,
2016-11-01,46.001,46.001,46.001,46.001,
2016-11-02,45.644,45.644,45.644,45.644,
2016-11-03,45.326,45.326,45.326,45.326,
2016-11-04,45.629,45.629,45.629,45.629,
2016-11-07,46.583,46.583,46.583,46.583,
2016-11-08,46.94,46.94,46.94,46.94,
2016-11-09,49.787,49.787,49.787,49.787,
2016-11-10,50.392,50.392,50.392,50.392,
2016-11-11,49.608,49.608,49.608,49.608,
2016-11-14,49.282,49.282,49.282,49.282,
2016-11-15,49.376,49.376,49.376,49.376,
2016-11-16,48.584,48.584,48.584,48.584,
2016-11-17,48.639,48.639,48.639,48.639,
2016-11-18,47.995,47.995,47.995,47.995,
2016-11-21,48.328,48.328,48.328,48.328,
2016-11-22,47.863,47.863,47.863,47.863,
2016-11-23,47.816,47.816,47.816,47.816,
2016-11-25,48.258,48.258,48.258,48.258,
2016-11-28,47.94,47.94,47.94,47.94,
2016-11-29,48.243,48.243,48.243,48.243,
2016-11-30,47.467,47.467,47.467,47.467,
2016-12-01,47.134,47.134,47.134,47.134,
2016-12-02,47.421,47.421,47.421,47.421,
2016-12-05,46.738,46.738,46.738,46.738,
2016-12-06,46.761,46.761,46.761,46.761,
2016-12-07,46.591,46.591,46.591,46.591,
2016-12-08,46.637,46.637,46.637,46.637,
2016-12-09,47.498,47.498,47.498,47.498,
2016-12-12,47.878,47.878,47.878,47.878,
2016-12-13,48.3,48.3,48.3,48.3,
2016-12-14,48.308,48.308,48.308,48.308,
2016-12-15,48.754,48.754,48.754,48.754,
2016-12-16,48.809,48.809,48.809,48.809,
2016-12-19,47.792,47.792,47.792,47.792,
2016-12-20,47.292,47.292,47.292,47.292,
2016-12-21,46.456,46.456,46.456,46.456,
2016-12-22,46.573,46.573,46.573,46.573,
2016-12-23,46.557,46.557,46.557,46.557,
2016-12-27,46.737,46.737,46.737,46.737,
2016-12-28,46.331,46.331,46.331,46.331,
2016-12-29,46.151,46.151,46.151,46.151,
2016-12-30,46.018,46.018,46.018,46.018,
2017-01-03,47.018,47.018,47.018,47.018,
2017-01-04,47.003,47.003,47.003,47.003,
2017-01-05,46.987,46.987,46.987,46.987,
2017-01-06,47.112,47.112,47.112,47.112,
2017-01-09,47.761,47.761,47.761,47.761,
2017-01-10,46.839,46.839,46.839,46.839,
2017-01-11,48.175,48.175,48.175,48.175,
2017-01-12,48.629,48.629,48.629,48.629,
2017-01-13,48.73,48.73,48.73,48.73,
2017-01-17,48.058,48.058,48.058,48.058,
2017-01-18,47.816,47.816,47.816,47.816,
2017-01-19,47.159,47.159,47.159,47.159,
2017-01-20,48.879,48.879,48.879,48.879,
2017-01-23,48.316,48.316,48.316,48.316,
2017-01-24,47.847,47.847,47.847,47.847,
2017-01-25,47.745,47.745,47.745,47.745,
2017-01-26,47.839,47.839,47.839,47.839,
2017-01-27,48.269,48.269,48.269,48.269,
2017-01-30,48.019,48.019,48.019,48.019,
2017-01-31,48.457,48.457,48.457,48.457,
2017-02-01,48.543,48.543,48.543,48.543,
2017-02-02,50.169,50.169,50.169,50.169,
2017-02-03,50.255,50.255,50.255,50.255,
2017-02-06,50.763,50.763,50.763,50.763,
2017-02-07,50.184,50.184,50.184,50.184,
2017-02-08,50.278,50.278,50.278,50.278,
2017-02-09,50.333,50.333,50.333,50.333,
2017-02-10,50.145,50.145,50.145,50.145,
2017-02-13,50.63,50.63,50.63,50.63,
2017-02-14,51.326,51.326,51.326,51.326,
2017-02-15,50.935,50.935,50.935,50.935,
2017-02-16,51.013,51.013,51.013,51.013,
2017-02-17,51.115,51.115,51.115,51.115,
2017-02-21,51.185,51.185,51.185,51.185,
2017-02-22,51.036,51.036,51.036,51.036,
2017-02-23,51.474,51.474,51.474,51.474,
2017-02-24,51.716,51.716,51.716,51.716,
2017-02-27,51.474,51.474,51.474,51.474,
2017-02-28,51.49,51.49,51.49,51.49,
2017-03-01,51.756,51.756,51.756,51.756,
2017-03-02,51.654,51.654,51.654,51.654,
2017-03-03,52.045,52.045,52.045,52.045,
2017-03-06,51.959,51.959,51.959,51.959,
2017-03-07,51.56,51.56,51.56,51.56,
2017-03-08,51.435,51.435,51.435,51.435,
2017-03-09,51.505,51.505,51.505,51.505,
2017-03-10,51.279,51.279,51.279,51.279,
2017-03-13,50.507,50.507,50.507,50.507,
2017-03-14,50.546,50.546,50.546,50.546,
2017-03-15,50.94,50.94,50.94,50.94,
2017-03-16,50.531,50.531,50.531,50.531,
2017-03-17,50.31,50.31,50.31,50.31,
2017-03-20,50.476,50.476,50.476,50.476,
2017-03-21,50.318,50.318,50.318,50.318,
2017-03-22,49.995,49.995,49.995,49.995,
2017-03-23,49.822,49.822,49.822,49.822,
2017-03-24,49.743,49.743,49.743,49.743,
2017-03-27,49.751,49.751,49.751,49.751,
2017-03-28,49.869,49.869,49.869,49.869,
2017-03-29,50.106,50.106,50.106,50.106,
2017-03-30,49.956,49.956,49.956,49.956,
2017-03-31,50.027,50.027,50.027,50.027,
2017-04-03,49.972,49.972,49.972,49.972,
2017-04-04,50.129,50.129,50.129,50.129,
2017-04-05,50.05,50.05,50.05,50.05,
2017-04-06,49.791,49.791,49.791,49.791,
2017-04-07,49.704,49.704,49.704,49.704,
2017-04-10,49.247,49.247,49.247,49.247,
2017-04-11,49.271,49.271,49.271,49.271,
2017-04-12,49.641,49.641,49.641,49.641,
2017-04-13,49.295,49.295,49.295,49.295,
2017-04-17,49.444,49.444,49.444,49.444,
2017-04-18,49.027,49.027,49.027,49.027,
2017-04-19,49.318,49.318,49.318,49.318,
2017-04-20,49.247,49.247,49.247,49.247,
2017-04-21,48.728,48.728,48.728,48.728,
2017-04-24,48.925,48.925,48.925,48.925,
2017-04-25,49.051,49.051,49.051,49.051,
2017-04-26,49.365,49.365,49.365,49.365,
2017-04-27,49.271,49.271,49.271,49.271,
2017-04-28,49.074,49.074,49.074,49.074,
2017-05-01,49.114,49.114,49.114,49.114,
2017-05-02,49.365,49.365,49.365,49.365,
2017-05-03,50.098,50.098,50.098,50.098,
2017-05-04,49.901,49.901,49.901,49.901,
2017-05-05,50.365,50.365,50.365,50.365,
2017-05-08,50.397,50.397,50.397,50.397,
2017-05-09,49.83,49.83,49.83,49.83,
2017-05-10,50.342,50.342,50.342,50.342,
2017-05-11,50.728,50.728,50.728,50.728,
2017-05-12,50.05,50.05,50.05,50.05,
2017-05-15,50.003,50.003,50.003,50.003,
2017-05-16,50.224,50.224,50.224,50.224,
2017-05-17,49.602,49.602,49.602,49.602,
2017-05-18,50.302,50.302,50.302,50.302,
2017-05-19,50.216,50.216,50.216,50.216,
2017-05-22,50.421,50.421,50.421,50.421,
2017-05-23,50.822,50.822,50.822,50.822,
2017-05-24,51.121,51.121,51.121,51.121,
2017-05-25,51.208,51.208,51.208,51.208,
2017-05-26,51.113,51.113,51.113,51.113,
2017-05-30,51.082,51.082,51.082,51.082,
2017-05-31,51.263,51.263,51.263,51.263,
2017-06-01,51.381,51.381,51.381,51.381,
2017-06-02,51.546,51.546,51.546,51.546,
2017-06-05,51.231,51.231,51.231,51.231,
2017-06-06,50.917,50.917,50.917,50.917,
2017-06-07,50.436,50.436,50.436,50.436,
2017-06-08,49.759,49.759,49.759,49.759,
2017-06-09,50.696,50.696,50.696,50.696,
2017-06-12,50.696,50.696,50.696,50.696,
2017-06-13,50.181,50.181,50.181,50.181,
2017-06-14,50.26,50.26,50.26,50.26,
2017-06-15,50.117,50.117,50.117,50.117,
2017-06-16,49.943,49.943,49.943,49.943,
2017-06-19,50.506,50.506,50.506,50.506,
2017-06-20,51.18,51.18,51.18,51.18,
2017-06-21,51.917,51.917,51.917,51.917,
2017-06-22,52.362,52.362,52.362,52.362,
2017-06-23,52.473,52.473,52.473,52.473,
2017-06-26,52.282,52.282,52.282,52.282,
2017-06-27,51.981,51.981,51.981,51.981,
2017-06-28,51.68,51.68,51.68,51.68,
2017-06-29,51.029,51.029,51.029,51.029,
2017-06-30,50.831,50.831,50.831,50.831,
2017-07-03,50.974,50.974,50.974,50.974,
2017-07-05,50.886,50.886,50.886,50.886,
2017-07-06,50.046,50.046,50.046,50.046,
2017-07-07,50.093,50.093,50.093,50.093,
2017-07-10,49.832,49.832,49.832,49.832,
2017-07-11,49.443,49.443,49.443,49.443,
2017-07-12,49.792,49.792,49.792,49.792,
2017-07-13,49.879,49.879,49.879,49.879,
2017-07-14,50.014,50.014,50.014,50.014,
2017-07-17,49.657,49.657,49.657,49.657,
2017-07-18,49.498,49.498,49.498,49.498,
2017-07-19,49.665,49.665,49.665,49.665,
2017-07-20,49.919,49.919,49.919,49.919,
2017-07-21,49.673,49.673,49.673,49.673,
2017-07-24,49.625,49.625,49.625,49.625,
2017-07-25,49.459,49.459,49.459,49.459,
2017-07-26,49.015,49.015,49.015,49.015,
2017-07-27,50.514,50.514,50.514,50.514,
2017-07-28,50.847,50.847,50.847,50.847,
2017-07-31,50.664,50.664,50.664,50.664,
2017-08-01,50.696,50.696,50.696,50.696,
2017-08-02,50.315,50.315,50.315,50.315,
2017-08-03,50.379,50.379,50.379,50.379,
2017-08-04,50.046,50.046,50.046,50.046,
2017-08-07,49.839,49.839,49.839,49.839,
2017-08-08,49.427,49.427,49.427,49.427,
2017-08-09,49.562,49.562,49.562,49.562,
2017-08-10,49.316,49.316,49.316,49.316,
2017-08-11,49.475,49.475,49.475,49.475,
2017-08-14,49.705,49.705,49.705,49.705,
2017-08-15,49.57,49.57,49.57,49.57,
2017-08-16,49.728,49.728,49.728,49.728,
2017-08-17,49.046,49.046,49.046,49.046,
2017-08-18,48.769,48.769,48.769,48.769,
2017-08-21,49.149,49.149,49.149,49.149,
2017-08-22,49.506,49.506,49.506,49.506,
2017-08-23,49.292,49.292,49.292,49.292,
2017-08-24,49.736,49.736,49.736,49.736,
2017-08-25,49.919,49.919,49.919,49.919,
2017-08-28,50.22,50.22,50.22,50.22,
2017-08-29,50.062,50.062,50.062,50.062,
2017-08-30,50.062,50.062,50.062,50.062,
2017-08-31,50.648,50.648,50.648,50.648,
2017-09-01,50.625,50.625,50.625,50.625,
2017-09-05,50.458,50.458,50.458,50.458,
2017-09-06,50.76,50.76,50.76,50.76,
2017-09-07,51.013,51.013,51.013,51.013,
2017-09-08,50.974,50.974,50.974,50.974,
2017-09-11,51.656,51.656,51.656,51.656,
2017-09-12,51.917,51.917,51.917,51.917,
2017-09-13,51.91,51.91,51.91,51.91,
2017-09-14,52.82,52.82,52.82,52.82,
2017-09-15,52.852,52.852,52.852,52.852,
2017-09-18,52.716,52.716,52.716,52.716,
2017-09-19,52.684,52.684,52.684,52.684,
2017-09-20,52.557,52.557,52.557,52.557,
2017-09-21,52.405,52.405,52.405,52.405,
2017-09-22,52.029,52.029,52.029,52.029,
2017-09-25,52.069,52.069,52.069,52.069,
2017-09-26,51.734,51.734,51.734,51.734,
2017-09-27,51.582,51.582,51.582,51.582,
2017-09-28,51.358,51.358,51.358,51.358,
2017-09-29,51.151,51.151,51.151,51.151,
2017-10-02,51.566,51.566,51.566,51.566,
2017-10-03,51.422,51.422,51.422,51.422,
2017-10-04,51.606,51.606,51.606,51.606,
2017-10-05,51.606,51.606,51.606,51.606,
2017-10-06,51.566,51.566,51.566,51.566,
2017-10-09,51.39,51.39,51.39,51.39,
2017-10-10,51.494,51.494,51.494,51.494,
2017-10-11,50.951,50.951,50.951,50.951,
2017-10-12,50.991,50.991,50.991,50.991,
2017-10-13,50.639,50.639,50.639,50.639,
2017-10-16,50.599,50.599,50.599,50.599,
2017-10-17,50.504,50.504,50.504,50.504,
2017-10-18,50.735,50.735,50.735,50.735,
2017-10-19,50.927,50.927,50.927,50.927,
2017-10-20,51.031,51.031,51.031,51.031,
2017-10-23,50.647,50.647,50.647,50.647,
2017-10-24,50.416,50.416,50.416,50.416,
2017-10-25,49.888,49.888,49.888,49.888,
2017-10-26,49.521,49.521,49.521,49.521,
2017-10-27,46.525,46.525,46.525,46.525,
2017-10-30,43.705,43.705,43.705,43.705,
2017-10-31,44.009,44.009,44.009,44.009,
2017-11-01,44.209,44.209,44.209,44.209,
2017-11-02,44.233,44.233,44.233,44.233,
2017-11-03,44.784,44.784,44.784,44.784,
2017-11-06,44.64,44.64,44.64,44.64,
2017-11-07,44.408,44.408,44.408,44.408,
2017-11-08,45.199,45.199,45.199,45.199,
2017-11-09,44.904,44.904,44.904,44.904,
2017-11-10,44.32,44.32,44.32,44.32,
2017-11-13,44.017,44.017,44.017,44.017,
2017-11-14,43.929,43.929,43.929,43.929,
2017-11-15,43.777,43.777,43.777,43.777,
2017-11-16,44.073,44.073,44.073,44.073,
2017-11-17,44.097,44.097,44.097,44.097,
2017-11-20,43.218,43.218,43.218,43.218,
2017-11-21,43.354,43.354,43.354,43.354,
2017-11-22,43.434,43.434,43.434,43.434,
2017-11-24,43.418,43.418,43.418,43.418,
2017-11-27,43.577,43.577,43.577,43.577,
2017-11-28,43.881,43.881,43.881,43.881,
2017-11-29,44.225,44.225,44.225,44.225,
2017-11-30,44.153,44.153,44.153,44.153,
2017-12-01,44.632,44.632,44.632,44.632,
2017-12-04,44.912,44.912,44.912,44.912,
2017-12-05,44.552,44.552,44.552,44.552,
2017-12-06,43.418,43.418,43.418,43.418,
2017-12-07,43.753,43.753,43.753,43.753,
2017-12-08,44.392,44.392,44.392,44.392,
2017-12-11,45.007,45.007,45.007,45.007,
2017-12-12,45.591,45.591,45.591,45.591,
2017-12-13,45.463,45.463,45.463,45.463,
2017-12-14,45.124,45.124,45.124,45.124,
2017-12-15,45.31,45.31,45.31,45.31,
2017-12-18,45.294,45.294,45.294,45.294,
2017-12-19,45.302,45.302,45.302,45.302,
2017-12-20,45.205,45.205,45.205,45.205,
2017-12-21,45.6,45.6,45.6,45.6,
2017-12-22,45.406,45.406,45.406,45.406,
2017-12-26,45.39,45.39,45.39,45.39,
2017-12-27,45.39,45.39,45.39,45.39,
2017-12-28,45.6,45.6,45.6,45.6,
2017-12-29,45.334,45.334,45.334,45.334,
2018-01-02,45.294,45.294,45.294,45.294,
2018-01-03,45.229,45.229,45.229,45.229,
2018-01-04,45.962,45.962,45.962,45.962,
2018-01-05,45.914,45.914,45.914,45.914,
2018-01-08,45.648,45.648,45.648,45.648,
2018-01-09,45.761,45.761,45.761,45.761,
2018-01-10,46.164,46.164,46.164,46.164,
2018-01-11,46.405,46.405,46.405,46.405,
2018-01-12,47.259,47.259,47.259,47.259,
2018-01-16,50.007,50.007,50.007,50.007,
2018-01-17,49.974,49.974,49.974,49.974,
2018-01-18,49.249,49.249,49.249,49.249,
2018-01-19,49.37,49.37,49.37,49.37,
2018-01-22,49.346,49.346,49.346,49.346,
2018-01-23,49.709,49.709,49.709,49.709,
2018-01-24,49.29,49.29,49.29,49.29,
2018-01-25,49.386,49.386,49.386,49.386,
2018-01-26,49.982,49.982,49.982,49.982,
2018-01-29,49.652,49.652,49.652,49.652,
2018-01-30,48.863,48.863,48.863,48.863,
2018-01-31,47.735,47.735,47.735,47.735,
2018-02-01,48.226,48.226,48.226,48.226,
2018-02-02,47.179,47.179,47.179,47.179,
2018-02-05,45.439,45.439,45.439,45.439,
2018-02-06,44.681,44.681,44.681,44.681,
2018-02-07,45.02,45.02,45.02,45.02,
2018-02-08,44.093,44.093,44.093,44.093,
2018-02-09,44.206,44.206,44.206,44.206,
2018-02-12,44.657,44.657,44.657,44.657,
2018-02-13,44.23,44.23,44.23,44.23,
2018-02-14,44.23,44.23,44.23,44.23,
2018-02-15,45.108,45.108,45.108,45.108,
2018-02-16,45.35,45.35,45.35,45.35,
2018-02-20,44.295,44.295,44.295,44.295,
2018-02-21,43.948,43.948,43.948,43.948,
2018-02-22,43.964,43.964,43.964,43.964,
2018-02-23,44.206,44.206,44.206,44.206,
2018-02-26,45.165,45.165,45.165,45.165,
2018-02-27,44.085,44.085,44.085,44.085,
2018-02-28,43.682,43.682,43.682,43.682,
2018-03-01,43.263,43.263,43.263,43.263,
2018-03-02,43.795,43.795,43.795,43.795,
2018-03-05,43.827,43.827,43.827,43.827,
2018-03-06,43.747,43.747,43.747,43.747,
2018-03-07,43.884,43.884,43.884,43.884,
2018-03-08,44.117,44.117,44.117,44.117,
2018-03-09,44.424,44.424,44.424,44.424,
2018-03-12,44.601,44.601,44.601,44.601,
2018-03-13,44.609,44.609,44.609,44.609,
2018-03-14,44.536,44.536,44.536,44.536,
2018-03-15,44.901,44.901,44.901,44.901,
2018-03-16,45.243,45.243,45.243,45.243,
2018-03-19,44.398,44.398,44.398,44.398,
2018-03-20,44.406,44.406,44.406,44.406,
2018-03-21,44.446,44.446,44.446,44.446,
2018-03-22,43.983,43.983,43.983,43.983,
2018-03-23,43.406,43.406,43.406,43.406,
2018-03-26,43.918,43.918,43.918,43.918,
2018-03-27,43.682,43.682,43.682,43.682,
2018-03-28,44.771,44.771,44.771,44.771,
2018-03-29,44.267,44.267,44.267,44.267,
2018-04-02,43.292,43.292,43.292,43.292,
2018-04-03,43.959,43.959,43.959,43.959,
2018-04-04,44.324,44.324,44.324,44.324,
2018-04-05,44.316,44.316,44.316,44.316,
2018-04-06,43.365,43.365,43.365,43.365,
2018-04-09,45.641,45.641,45.641,45.641,
2018-04-10,45.909,45.909,45.909,45.909,
2018-04-11,45.673,45.673,45.673,45.673,
2018-04-12,46.112,46.112,46.112,46.112,
2018-04-13,46.462,46.462,46.462,46.462,
2018-04-16,47.665,47.665,47.665,47.665,
2018-04-17,48.168,48.168,48.168,48.168,
2018-04-18,47.884,47.884,47.884,47.884,
2018-04-19,47.656,47.656,47.656,47.656,
2018-04-20,47.811,47.811,47.811,47.811,
2018-04-23,48.965,48.965,48.965,48.965,
2018-04-24,48.835,48.835,48.835,48.835,
2018-04-25,48.461,48.461,48.461,48.461,
2018-04-26,48.282,48.282,48.282,48.282,
2018-04-27,48.331,48.331,48.331,48.331,
2018-04-30,47.843,47.843,47.843,47.843,
2018-05-01,47.12,47.12,47.12,47.12,
2018-05-02,46.567,46.567,46.567,46.567,
2018-05-03,46.754,46.754,46.754,46.754,
2018-05-04,46.933,46.933,46.933,46.933,
2018-05-07,46.632,46.632,46.632,46.632,
2018-05-08,46.129,46.129,46.129,46.129,
2018-05-09,47.096,47.096,47.096,47.096,
2018-05-10,47.185,47.185,47.185,47.185,
2018-05-11,48.51,48.51,48.51,48.51,
2018-05-14,48.502,48.502,48.502,48.502,
2018-05-15,48.111,48.111,48.111,48.111,
2018-05-16,48.558,48.558,48.558,48.558,
2018-05-17,48.006,48.006,48.006,48.006,
2018-05-18,48.063,48.063,48.063,48.063,
2018-05-21,47.6,47.6,47.6,47.6,
2018-05-22,47.502,47.502,47.502,47.502,
2018-05-23,48.087,48.087,48.087,48.087,
2018-05-24,48.055,48.055,48.055,48.055,
2018-05-25,48.022,48.022,48.022,48.022,
2018-05-29,47.461,47.461,47.461,47.461,
2018-05-30,48.534,48.534,48.534,48.534,
2018-05-31,48.38,48.38,48.38,48.38,
2018-06-01,49.217,49.217,49.217,49.217,
2018-06-04,50.403,50.403,50.403,50.403,
2018-06-05,49.891,49.891,49.891,49.891,
2018-06-06,50.33,50.33,50.33,50.33,
2018-06-07,50.379,50.379,50.379,50.379,
2018-06-08,50.858,50.858,50.858,50.858,
2018-06-11,50.655,50.655,50.655,50.655,
2018-06-12,50.745,50.745,50.745,50.745,
2018-06-13,50.867,50.867,50.867,50.867,
2018-06-14,50.416,50.416,50.416,50.416,
2018-06-15,50.801,50.801,50.801,50.801,
2018-06-18,49.949,49.949,49.949,49.949,
2018-06-19,49.982,49.982,49.982,49.982,
2018-06-20,50.187,50.187,50.187,50.187,
2018-06-21,50.105,50.105,50.105,50.105,
2018-06-22,50.342,50.342,50.342,50.342,
2018-06-25,50.023,50.023,50.023,50.023,
2018-06-26,49.728,49.728,49.728,49.728,
2018-06-27,49.04,49.04,49.04,49.04,
2018-06-28,49.384,49.384,49.384,49.384,
2018-06-29,49.712,49.712,49.712,49.712,
2018-07-02,49.515,49.515,49.515,49.515,
2018-07-03,49.72,49.72,49.72,49.72,
2018-07-05,50.482,50.482,50.482,50.482,
2018-07-06,50.94,50.94,50.94,50.94,
2018-07-09,50.793,50.793,50.793,50.793,
2018-07-10,51.022,51.022,51.022,51.022,
2018-07-11,50.695,50.695,50.695,50.695,
2018-07-12,51.317,51.317,51.317,51.317,
2018-07-13,51.505,51.505,51.505,51.505,
2018-07-16,51.26,51.26,51.26,51.26,
2018-07-17,51.211,51.211,51.211,51.211,
2018-07-18,51.546,51.546,51.546,51.546,
2018-07-19,51.194,51.194,51.194,51.194,
2018-07-20,51.202,51.202,51.202,51.202,
2018-07-23,51.342,51.342,51.342,51.342,
2018-07-24,51.939,51.939,51.939,51.939,
2018-07-25,52.816,52.816,52.816,52.816,
2018-07-26,52.423,52.423,52.423,52.423,
2018-07-27,51.997,51.997,51.997,51.997,
2018-07-30,53.078,53.078,53.078,53.078,
2018-07-31,53.946,53.946,53.946,53.946,
2018-08-01,53.635,53.635,53.635,53.635,
2018-08-02,53.414,53.414,53.414,53.414,
2018-08-03,53.995,53.995,53.995,53.995,
2018-08-06,54.233,54.233,54.233,54.233,
2018-08-07,54.527,54.527,54.527,54.527,
2018-08-08,54.617,54.617,54.617,54.617,
2018-08-09,54.052,54.052,54.052,54.052,
2018-08-10,54.11,54.11,54.11,54.11,
2018-08-13,54.642,54.642,54.642,54.642,
2018-08-14,54.429,54.429,54.429,54.429,
2018-08-15,55.174,55.174,55.174,55.174,
2018-08-16,56.386,56.386,56.386,56.386,
2018-08-17,56.558,56.558,56.558,56.558,
2018-08-20,57.467,57.467,57.467,57.467,
2018-08-21,56.649,56.649,56.649,56.649,
2018-08-22,56.542,56.542,56.542,56.542,
2018-08-23,56.485,56.485,56.485,56.485,
2018-08-24,56.542,56.542,56.542,56.542,
2018-08-27,56.501,56.501,56.501,56.501,
2018-08-28,56.206,56.206,56.206,56.206,
2018-08-29,56.354,56.354,56.354,56.354,
2018-08-30,56.133,56.133,56.133,56.133,
2018-08-31,56.174,56.174,56.174,56.174,
2018-09-04,55.649,55.649,55.649,55.649,
2018-09-05,56.198,56.198,56.198,56.198,
2018-09-06,56.821,56.821,56.821,56.821,
2018-09-07,57.058,57.058,57.058,57.058,
2018-09-10,56.968,56.968,56.968,56.968,
2018-09-11,56.575,56.575,56.575,56.575,
2018-09-12,57.214,57.214,57.214,57.214,
2018-09-13,58.008,58.008,58.008,58.008,
2018-09-14,57.703,57.703,57.703,57.703,
2018-09-17,58.066,58.066,58.066,58.066,
2018-09-18,58.066,58.066,58.066,58.066,
2018-09-19,57.703,57.703,57.703,57.703,
2018-09-20,58.363,58.363,58.363,58.363,
2018-09-21,58.626,58.626,58.626,58.626,
2018-09-24,58.363,58.363,58.363,58.363,
2018-09-25,58.255,58.255,58.255,58.255,
2018-09-26,57.992,57.992,57.992,57.992,
2018-09-27,58.313,58.313,58.313,58.313,
2018-09-28,58.495,58.495,58.495,58.495,
2018-10-01,58.981,58.981,58.981,58.981,
2018-10-02,59.162,59.162,59.162,59.162,
2018-10-03,58.849,58.849,58.849,58.849,
2018-10-04,58.725,58.725,58.725,58.725,
2018-10-05,58.569,58.569,58.569,58.569,
2018-10-08,58.923,58.923,58.923,58.923,
2018-10-09,59.649,59.649,59.649,59.649,
2018-10-10,58.09,58.09,58.09,58.09,
2018-10-11,56.375,56.375,56.375,56.375,
2018-10-12,57.563,57.563,57.563,57.563,
2018-10-15,57.274,57.274,57.274,57.274,
2018-10-16,58.725,58.725,58.725,58.725,
2018-10-17,59.22,59.22,59.22,59.22,
2018-10-18,59.542,59.542,59.542,59.542,
2018-10-19,59.657,59.657,59.657,59.657,
2018-10-22,59.839,59.839,59.839,59.839,
2018-10-23,59.451,59.451,59.451,59.451,
2018-10-24,58.165,58.165,58.165,58.165,
2018-10-25,57.686,57.686,57.686,57.686,
2018-10-26,58.049,58.049,58.049,58.049,
2018-10-29,58.915,58.915,58.915,58.915,
2018-10-30,60.086,60.086,60.086,60.086,
2018-10-31,60.696,60.696,60.696,60.696,
2018-11-01,60.292,60.292,60.292,60.292,
2018-11-02,59.591,59.591,59.591,59.591,
2018-11-05,60.292,60.292,60.292,60.292,
2018-11-06,60.449,60.449,60.449,60.449,
2018-11-07,61.908,61.908,61.908,61.908,
2018-11-08,62.238,62.238,62.238,62.238,
2018-11-09,61.727,61.727,61.727,61.727,
2018-11-12,61.587,61.587,61.587,61.587,
2018-11-13,61.521,61.521,61.521,61.521,
2018-11-14,61.092,61.092,61.092,61.092,
2018-11-15,61.71,61.71,61.71,61.71,
2018-11-16,62.716,62.716,62.716,62.716,
2018-11-19,62.955,62.955,62.955,62.955,
2018-11-20,61.661,61.661,61.661,61.661,
2018-11-21,61.669,61.669,61.669,61.669,
2018-11-23,61.57,61.57,61.57,61.57,
2018-11-26,62.205,62.205,62.205,62.205,
2018-11-27,62.947,62.947,62.947,62.947,
2018-11-28,63.681,63.681,63.681,63.681,
2018-11-29,64.242,64.242,64.242,64.242,
2018-11-30,65.421,65.421,65.421,65.421,
2018-12-03,65.322,65.322,65.322,65.322,
2018-12-04,64.489,64.489,64.489,64.489,
2018-12-06,64.621,64.621,64.621,64.621,
2018-12-07,63.26,63.26,63.26,63.26,
2018-12-10,63.838,63.838,63.838,63.838,
2018-12-11,63.582,63.582,63.582,63.582,
2018-12-12,64.324,64.324,64.324,64.324,
2018-12-13,65.149,65.149,65.149,65.149,
2018-12-14,63.505,63.505,63.505,63.505,
2018-12-17,62.467,62.467,62.467,62.467,
2018-12-18,61.719,61.719,61.719,61.719,
2018-12-19,61.254,61.254,61.254,61.254,
2018-12-20,61.022,61.022,61.022,61.022,
2018-12-21,60.532,60.532,60.532,60.532,
2018-12-24,59.079,59.079,59.079,59.079,
2018-12-26,61.445,61.445,61.445,61.445,
2018-12-27,62.591,62.591,62.591,62.591,
2018-12-28,62.583,62.583,62.583,62.583,
2018-12-31,63.447,63.447,63.447,63.447,
2019-01-02,62.766,62.766,62.766,62.766,
2019-01-03,61.479,61.479,61.479,61.479,
2019-01-04,63.33,63.33,63.33,63.33,
2019-01-07,62.633,62.633,62.633,62.633,
2019-01-08,63.098,63.098,63.098,63.098,
2019-01-09,62.616,62.616,62.616,62.616,
2019-01-10,61.844,61.844,61.844,61.844,
2019-01-11,62.193,62.193,62.193,62.193,
2019-01-14,60.922,60.922,60.922,60.922,
2019-01-15,61.861,61.861,61.861,61.861,
2019-01-16,61.952,61.952,61.952,61.952,
2019-01-17,62.774,62.774,62.774,62.774,
2019-01-18,62.998,62.998,62.998,62.998,
2019-01-22,62.965,62.965,62.965,62.965,
2019-01-23,62.641,62.641,62.641,62.641,
2019-01-24,60.756,60.756,60.756,60.756,
2019-01-25,60.574,60.574,60.574,60.574,
2019-01-28,60.549,60.549,60.549,60.549,
2019-01-29,60.806,60.806,60.806,60.806,
2019-01-30,60.922,60.922,60.922,60.922,
2019-01-31,61.802,61.802,61.802,61.802,
2019-02-01,63.48,63.48,63.48,63.48,
2019-02-04,63.829,63.829,63.829,63.829,
2019-02-05,64.061,64.061,64.061,64.061,
2019-02-06,64.26,64.26,64.26,64.26,
2019-02-07,63.787,63.787,63.787,63.787,
2019-02-08,64.368,64.368,64.368,64.368,
2019-02-11,63.696,63.696,63.696,63.696,
2019-02-12,65.199,65.199,65.199,65.199,
2019-02-13,65.614,65.614,65.614,65.614,
2019-02-14,65.547,65.547,65.547,65.547,
2019-02-15,66.27,66.27,66.27,66.27,
2019-02-19,65.796,65.796,65.796,65.796,
2019-02-20,65.954,65.954,65.954,65.954,
2019-02-21,66.286,66.286,66.286,66.286,
2019-02-22,67.067,67.067,67.067,67.067,
2019-02-25,66.743,66.743,66.743,66.743,
2019-02-26,67.042,67.042,67.042,67.042,
2019-02-27,66.942,66.942,66.942,66.942,
2019-02-28,67.499,67.499,67.499,67.499,
2019-03-01,67.798,67.798,67.798,67.798,
2019-03-04,67.565,67.565,67.565,67.565,
2019-03-05,67.839,67.839,67.839,67.839,
2019-03-06,67.059,67.059,67.059,67.059,
2019-03-07,66.801,66.801,66.801,66.801,
2019-03-08,66.261,66.261,66.261,66.261,
2019-03-11,67.15,67.15,67.15,67.15,
2019-03-12,67.449,67.449,67.449,67.449,
2019-03-13,67.756,67.756,67.756,67.756,
2019-03-14,68.124,68.124,68.124,68.124,
2019-03-15,68.191,68.191,68.191,68.191,
2019-03-18,68.007,68.007,68.007,68.007,
2019-03-19,68.475,68.475,68.475,68.475,
2019-03-20,68.617,68.617,68.617,68.617,
2019-03-21,69.344,69.344,69.344,69.344,
2019-03-22,68.793,68.793,68.793,68.793,
2019-03-25,68.843,68.843,68.843,68.843,
2019-03-26,69.319,69.319,69.319,69.319,
2019-03-27,68.793,68.793,68.793,68.793,
2019-03-28,69.077,69.077,69.077,69.077,
2019-03-29,69.528,69.528,69.528,69.528,
2019-04-01,69.637,69.637,69.637,69.637,
2019-04-02,69.562,69.562,69.562,69.562,
2019-04-03,69.537,69.537,69.537,69.537,
2019-04-04,68.425,68.425,68.425,68.425,
2019-04-05,67.84,67.84,67.84,67.84,
2019-04-08,67.672,67.672,67.672,67.672,
2019-04-09,67.547,67.547,67.547,67.547,
2019-04-10,67.564,67.564,67.564,67.564,
2019-04-11,66.744,66.744,66.744,66.744,
2019-04-12,66.402,66.402,66.402,66.402,
2019-04-15,65.649,65.649,65.649,65.649,
2019-04-16,64.838,64.838,64.838,64.838,
2019-04-17,61.795,61.795,61.795,61.795,
2019-04-18,61.185,61.185,61.185,61.185,
2019-04-22,61.411,61.411,61.411,61.411,
2019-04-23,62.364,62.364,62.364,62.364,
2019-04-24,62.473,62.473,62.473,62.473,
2019-04-25,63.819,63.819,63.819,63.819,
2019-04-26,64.061,64.061,64.061,64.061,
2019-04-29,64.186,64.186,64.186,64.186,
2019-04-30,65.8,65.8,65.8,65.8,
2019-05-01,65.808,65.808,65.808,65.808,
2019-05-02,66.477,66.477,66.477,66.477,
2019-05-03,66.878,66.878,66.878,66.878,
2019-05-06,66.444,66.444,66.444,66.444,
2019-05-07,65.123,65.123,65.123,65.123,
2019-05-08,65.357,65.357,65.357,65.357,
2019-05-09,65.482,65.482,65.482,65.482,
2019-05-10,65.365,65.365,65.365,65.365,
2019-05-13,64.512,64.512,64.512,64.512,
2019-05-14,64.721,64.721,64.721,64.721,
2019-05-15,64.83,64.83,64.83,64.83,
2019-05-16,66.151,66.151,66.151,66.151,
2019-05-17,65.808,65.808,65.808,65.808,
2019-05-20,65.942,65.942,65.942,65.942,
2019-05-21,66.46,66.46,66.46,66.46,
2019-05-22,67.698,67.698,67.698,67.698,
2019-05-23,67.731,67.731,67.731,67.731,
2019-05-24,67.856,67.856,67.856,67.856,
2019-05-28,67.096,67.096,67.096,67.096,
2019-05-29,66.343,66.343,66.343,66.343,
2019-05-30,66.611,66.611,66.611,66.611,
2019-05-31,66.218,66.218,66.218,66.218,
2019-06-03,67.096,67.096,67.096,67.096,
2019-06-04,67.781,67.781,67.781,67.781,
2019-06-05,68.291,68.291,68.291,68.291,
2019-06-06,68.082,68.082,68.082,68.082,
2019-06-07,68.935,68.935,68.935,68.935,
2019-06-10,68.951,68.951,68.951,68.951,
2019-06-11,69.369,69.369,69.369,69.369,
2019-06-12,69.98,69.98,69.98,69.98,
2019-06-13,69.303,69.303,69.303,69.303,
2019-06-14,69.664,69.664,69.664,69.664,
2019-06-17,70.102,70.102,70.102,70.102,
2019-06-18,71.104,71.104,71.104,71.104,
2019-06-19,71.836,71.836,71.836,71.836,
2019-06-20,71.196,71.196,71.196,71.196,
2019-06-21,71.171,71.171,71.171,71.171,
2019-06-24,71.962,71.962,71.962,71.962,
2019-06-25,71.735,71.735,71.735,71.735,
2019-06-26,70.304,70.304,70.304,70.304,
2019-06-27,70.548,70.548,70.548,70.548,
2019-06-28,70.565,70.565,70.565,70.565,
2019-07-01,71.322,71.322,71.322,71.322,
2019-07-02,71.962,71.962,71.962,71.962,
2019-07-03,73.132,73.132,73.132,73.132,
2019-07-05,72.038,72.038,72.038,72.038,
2019-07-08,70.725,70.725,70.725,70.725,
2019-07-09,71.415,71.415,71.415,71.415,
2019-07-10,71.381,71.381,71.381,71.381,
2019-07-11,68.166,68.166,68.166,68.166,
2019-07-12,67.098,67.098,67.098,67.098,
2019-07-15,68.133,68.133,68.133,68.133,
2019-07-16,68.663,68.663,68.663,68.663,
2019-07-17,68.941,68.941,68.941,68.941,
2019-07-18,69.589,69.589,69.589,69.589,
2019-07-19,68.495,68.495,68.495,68.495,
2019-07-22,68.343,68.343,68.343,68.343,
2019-07-23,69.033,69.033,69.033,69.033,
2019-07-24,68.798,68.798,68.798,68.798,
2019-07-25,68.798,68.798,68.798,68.798,
2019-07-26,68.528,68.528,68.528,68.528,
2019-07-29,69.42,69.42,69.42,69.42,
2019-07-30,70.077,70.077,70.077,70.077,
2019-07-31,69.841,69.841,69.841,69.841,
2019-08-01,70.43,70.43,70.43,70.43,
2019-08-02,71.087,71.087,71.087,71.087,
2019-08-05,69.951,69.951,69.951,69.951,
2019-08-06,70.986,70.986,70.986,70.986,
2019-08-07,70.902,70.902,70.902,70.902,
2019-08-08,71.305,71.305,71.305,71.305,
2019-08-09,71.97,71.97,71.97,71.97,
2019-08-12,71.55,71.55,71.55,71.55,
2019-08-13,72.442,72.442,72.442,72.442,
2019-08-14,70.186,70.186,70.186,70.186,
2019-08-15,70.237,70.237,70.237,70.237,
2019-08-16,71.583,71.583,71.583,71.583,
2019-08-19,72.534,72.534,72.534,72.534,
2019-08-20,72.08,72.08,72.08,72.08,
2019-08-21,73.14,73.14,73.14,73.14,
2019-08-22,72.98,72.98,72.98,72.98,
2019-08-23,71.482,71.482,71.482,71.482,
2019-08-26,72.273,72.273,72.273,72.273,
2019-08-27,71.97,71.97,71.97,71.97,
2019-08-28,72.778,72.778,72.778,72.778,
2019-08-29,72.98,72.98,72.98,72.98,
2019-08-30,72.77,72.77,72.77,72.77,
2019-09-03,72.921,72.921,72.921,72.921,
2019-09-04,72.416,72.416,72.416,72.416,
2019-09-05,72.458,72.458,72.458,72.458,
2019-09-06,72.854,72.854,72.854,72.854,
2019-09-09,70.245,70.245,70.245,70.245,
2019-09-10,68.747,68.747,68.747,68.747,
2019-09-11,69.782,69.782,69.782,69.782,
2019-09-12,70.11,70.11,70.11,70.11,
2019-09-13,69.983,69.983,69.983,69.983,
2019-09-16,69.492,69.492,69.492,69.492,
2019-09-17,69.899,69.899,69.899,69.899,
2019-09-18,70.331,70.331,70.331,70.331,
2019-09-19,71.136,71.136,71.136,71.136,
2019-09-20,72.144,72.144,72.144,72.144,
2019-09-23,71.466,71.466,71.466,71.466,
2019-09-24,70.822,70.822,70.822,70.822,
2019-09-25,70.399,70.399,70.399,70.399,
2019-09-26,71.059,71.059,71.059,71.059,
2019-09-27,70.238,70.238,70.238,70.238,
2019-09-30,71.313,71.313,71.313,71.313,
2019-10-01,70.831,70.831,70.831,70.831,
2019-10-02,69.145,69.145,69.145,69.145,
2019-10-03,70.094,70.094,70.094,70.094,
2019-10-04,72.008,72.008,72.008,72.008,
2019-10-07,71.491,71.491,71.491,71.491,
2019-10-08,70.559,70.559,70.559,70.559,
2019-10-09,71.313,71.313,71.313,71.313,
2019-10-10,70.958,70.958,70.958,70.958,
2019-10-11,71.449,71.449,71.449,71.449,
2019-10-14,71.745,71.745,71.745,71.745,
2019-10-15,72.042,72.042,72.042,72.042,
2019-10-16,71.542,71.542,71.542,71.542,
2019-10-17,70.992,70.992,70.992,70.992,
2019-10-18,71.737,71.737,71.737,71.737,
2019-10-21,71.601,71.601,71.601,71.601,
2019-10-22,68.874,68.874,68.874,68.874,
2019-10-23,70.204,70.204,70.204,70.204,
2019-10-24,69.958,69.958,69.958,69.958,
2019-10-25,69.687,69.687,69.687,69.687,
2019-10-28,69.636,69.636,69.636,69.636,
2019-10-29,72.093,72.093,72.093,72.093,
2019-10-30,73.042,73.042,73.042,73.042,
2019-10-31,73.414,73.414,73.414,73.414,
2019-11-01,71.957,71.957,71.957,71.957,
2019-11-04,71.076,71.076,71.076,71.076,
2019-11-05,70.246,70.246,70.246,70.246,
2019-11-06,70.526,70.526,70.526,70.526,
2019-11-07,70.212,70.212,70.212,70.212,
2019-11-08,70.814,70.814,70.814,70.814,
2019-11-11,70.551,70.551,70.551,70.551,
2019-11-12,71.263,71.263,71.263,71.263,
2019-11-13,71.856,71.856,71.856,71.856,
2019-11-14,71.627,71.627,71.627,71.627,
2019-11-15,71.923,71.923,71.923,71.923,
2019-11-18,71.271,71.271,71.271,71.271,
2019-11-19,71.712,71.712,71.712,71.712,
2019-11-20,72.237,72.237,72.237,72.237,
2019-11-21,72.398,72.398,72.398,72.398,
2019-11-22,72.389,72.389,72.389,72.389,
2019-11-25,72.601,72.601,72.601,72.601,
2019-11-26,73.99,73.99,73.99,73.99,
2019-11-27,74.219,74.219,74.219,74.219,
2019-11-29,73.855,73.855,73.855,73.855,
2019-12-02,73.736,73.736,73.736,73.736,
2019-12-03,74.024,74.024,74.024,74.024,
2019-12-04,75.117,75.117,75.117,75.117,
2019-12-05,75.185,75.185,75.185,75.185,
2019-12-06,75.27,75.27,75.27,75.27,
2019-12-09,75.16,75.16,75.16,75.16,
2019-12-10,75.481,75.481,75.481,75.481,
2019-12-11,75.38,75.38,75.38,75.38,
2019-12-12,75.88,75.88,75.88,75.88,
2019-12-13,76.076,76.076,76.076,76.076,
2019-12-16,76.161,76.161,76.161,76.161,
2019-12-17,75.931,75.931,75.931,75.931,
2019-12-18,76.443,76.443,76.443,76.443,
2019-12-19,76.758,76.758,76.758,76.758,
2019-12-20,78.114,78.114,78.114,78.114,
2019-12-23,78.251,78.251,78.251,78.251,
2019-12-24,77.995,77.995,77.995,77.995,
2019-12-26,77.91,77.91,77.91,77.91,
2019-12-27,78.046,78.046,78.046,78.046,
2019-12-30,77.645,77.645,77.645,77.645,
2019-12-31,77.577,77.577,77.577,77.577,
2020-01-02,78.507,78.507,78.507,78.507,
2020-01-03,77.833,77.833,77.833,77.833,
2020-01-06,78.166,78.166,78.166,78.166,
2020-01-07,76.084,76.084,76.084,76.084,
2020-01-08,75.573,75.573,75.573,75.573,
2020-01-09,76.238,76.238,76.238,76.238,
2020-01-10,76.366,76.366,76.366,76.366,
2020-01-13,76.349,76.349,76.349,76.349,
2020-01-14,76.707,76.707,76.707,76.707,
2020-01-15,78.08,78.08,78.08,78.08,
2020-01-16,77.773,77.773,77.773,77.773,
2020-01-17,77.594,77.594,77.594,77.594,
2020-01-21,76.741,76.741,76.741,76.741,
2020-01-22,76.468,76.468,76.468,76.468,
2020-01-23,75.538,75.538,75.538,75.538,
2020-01-24,73.338,73.338,73.338,73.338,
2020-01-27,73.44,73.44,73.44,73.44,
2020-01-28,73.568,73.568,73.568,73.568,
2020-01-29,74.412,74.412,74.412,74.412,
2020-01-30,73.781,73.781,73.781,73.781,
2020-01-31,72.877,72.877,72.877,72.877,
2020-02-03,74.498,74.498,74.498,74.498,
2020-02-04,75.368,75.368,75.368,75.368,
2020-02-05,73.21,73.21,73.21,73.21,
2020-02-06,73.082,73.082,73.082,73.082,
2020-02-07,72.57,72.57,72.57,72.57,
2020-02-10,73.065,73.065,73.065,73.065,
2020-02-11,72.715,72.715,72.715,72.715,
2020-02-12,71.009,71.009,71.009,71.009,
2020-02-13,69.917,69.917,69.917,69.917,
2020-02-14,70.497,70.497,70.497,70.497,
2020-02-18,70.335,70.335,70.335,70.335,
2020-02-19,69.943,69.943,69.943,69.943,
2020-02-20,70.361,70.361,70.361,70.361,
2020-02-21,70.233,70.233,70.233,70.233,
2020-02-24,69.371,69.371,69.371,69.371,
2020-02-25,68.467,68.467,68.467,68.467,
2020-02-26,68.186,68.186,68.186,68.186,
2020-02-27,66.599,66.599,66.599,66.599,
2020-02-28,65.303,65.303,65.303,65.303,
2020-03-02,69.406,69.406,69.406,69.406,
2020-03-03,67.495,67.495,67.495,67.495,
2020-03-04,70.77,70.77,70.77,70.77,
2020-03-05,69.585,69.585,69.585,69.585,
2020-03-06,70.114,70.114,70.114,70.114,
2020-03-09,67.35,67.35,67.35,67.35,
2020-03-10,69.96,69.96,69.96,69.96,
2020-03-11,67.597,67.597,67.597,67.597,
2020-03-12,63.503,63.503,63.503,63.503,
2020-03-13,66.006,66.006,66.006,66.006,
2020-03-16,60.132,60.132,60.132,60.132,
2020-03-17,64.054,64.054,64.054,64.054,
2020-03-18,61.602,61.602,61.602,61.602,
2020-03-19,60.828,60.828,60.828,60.828,
2020-03-20,61.37,61.37,61.37,61.37,
2020-03-23,57.105,57.105,57.105,57.105,
2020-03-24,59.384,59.384,59.384,59.384,
2020-03-25,58.67,58.67,58.67,58.67,
2020-03-26,63.236,63.236,63.236,63.236,
2020-03-27,61.688,61.688,61.688,61.688,
2020-03-30,66.178,66.178,66.178,66.178,
2020-03-31,66.169,66.169,66.169,66.169,
2020-04-01,63.469,63.469,63.469,63.469,
2020-04-02,66.109,66.109,66.109,66.109,
2020-04-03,65.576,65.576,65.576,65.576,
2020-04-06,69.067,69.067,69.067,69.067,
2020-04-07,67.562,67.562,67.562,67.562,
2020-04-08,70.194,70.194,70.194,70.194,
2020-04-09,70.942,70.942,70.942,70.942,
2020-04-13,69.265,69.265,69.265,69.265,
2020-04-14,71.243,71.243,71.243,71.243,
2020-04-15,70.581,70.581,70.581,70.581,
2020-04-16,71.381,71.381,71.381,71.381,
2020-04-17,71.776,71.776,71.776,71.776,
2020-04-20,71.467,71.467,71.467,71.467,
2020-04-21,67.562,67.562,67.562,67.562,
2020-04-22,68.784,68.784,68.784,68.784,
2020-04-23,69.558,69.558,69.558,69.558,
2020-04-24,70.031,70.031,70.031,70.031,
2020-04-27,72.224,72.224,72.224,72.224,
2020-04-28,69.816,69.816,69.816,69.816,
2020-04-29,69.463,69.463,69.463,69.463,
2020-04-30,68.233,68.233,68.233,68.233,
2020-05-01,66.797,66.797,66.797,66.797,
2020-05-04,66.1,66.1,66.1,66.1,
2020-05-05,67.089,67.089,67.089,67.089,
2020-05-06,66.324,66.324,66.324,66.324,
2020-05-07,65.017,65.017,65.017,65.017,
2020-05-08,65.705,65.705,65.705,65.705,
2020-05-11,67.003,67.003,67.003,67.003,
2020-05-12,66.384,66.384,66.384,66.384,
2020-05-13,66.986,66.986,66.986,66.986,
2020-05-14,68.844,68.844,68.844,68.844,
2020-05-15,68.612,68.612,68.612,68.612,
2020-05-18,68.56,68.56,68.56,68.56,
2020-05-19,66.694,66.694,66.694,66.694,
2020-05-20,66.126,66.126,66.126,66.126,
2020-05-21,65.834,65.834,65.834,65.834,
2020-05-22,65.679,65.679,65.679,65.679,
2020-05-26,66.444,66.444,66.444,66.444,
2020-05-27,66.694,66.694,66.694,66.694,
2020-05-28,67.975,67.975,67.975,67.975,
2020-05-29,69.42,69.42,69.42,69.42,
2020-06-01,68.422,68.422,68.422,68.422,
2020-06-02,69.523,69.523,69.523,69.523,
2020-06-03,70.572,70.572,70.572,70.572,
2020-06-04,70.134,70.134,70.134,70.134,
2020-06-05,70.744,70.744,70.744,70.744,
2020-06-08,71.295,71.295,71.295,71.295,
2020-06-09,70.744,70.744,70.744,70.744,
2020-06-10,70.323,70.323,70.323,70.323,
2020-06-11,66.522,66.522,66.522,66.522,
2020-06-12,66.14,66.14,66.14,66.14,
2020-06-15,64.164,64.164,64.164,64.164,
2020-06-16,66.721,66.721,66.721,66.721,
2020-06-17,66.132,66.132,66.132,66.132,
2020-06-18,66.071,66.071,66.071,66.071,
2020-06-19,67.527,67.527,67.527,67.527,
2020-06-22,66.53,66.53,66.53,66.53,
2020-06-23,66.851,66.851,66.851,66.851,
2020-06-24,65.768,65.768,65.768,65.768,
2020-06-25,66.374,66.374,66.374,66.374,
2020-06-26,65.178,65.178,65.178,65.178,
2020-06-29,65.984,65.984,65.984,65.984,
2020-06-30,67.033,67.033,67.033,67.033,
2020-07-01,67.718,67.718,67.718,67.718,
2020-07-02,68.29,68.29,68.29,68.29,
2020-07-06,68.984,68.984,68.984,68.984,
2020-07-07,68.238,68.238,68.238,68.238,
2020-07-08,67.545,67.545,67.545,67.545,
2020-07-09,66.478,66.478,66.478,66.478,
2020-07-10,66.513,66.513,66.513,66.513,
2020-07-13,67.051,67.051,67.051,67.051,
2020-07-14,67.831,67.831,67.831,67.831,
2020-07-15,68.862,68.862,68.862,68.862,
2020-07-16,68.828,68.828,68.828,68.828,
2020-07-17,69.235,69.235,69.235,69.235,
2020-07-20,68.836,68.836,68.836,68.836,
2020-07-21,68.385,68.385,68.385,68.385,
2020-07-22,68.29,68.29,68.29,68.29,
2020-07-23,67.666,67.666,67.666,67.666,
2020-07-24,66.834,66.834,66.834,66.834,
2020-07-27,68.42,68.42,68.42,68.42,
2020-07-28,69.079,69.079,69.079,69.079,
2020-07-29,68.784,68.784,68.784,68.784,
2020-07-30,68.472,68.472,68.472,68.472,
2020-07-31,69.556,69.556,69.556,69.556,
2020-08-03,71.549,71.549,71.549,71.549,
2020-08-04,70.795,70.795,70.795,70.795,
2020-08-05,70.769,70.769,70.769,70.769,
2020-08-06,70.258,70.258,70.258,70.258,
2020-08-07,70.232,70.232,70.232,70.232,
2020-08-10,70.136,70.136,70.136,70.136,
2020-08-11,70.136,70.136,70.136,70.136,
2020-08-12,71.671,71.671,71.671,71.671,
2020-08-13,72.416,72.416,72.416,72.416,
2020-08-14,72.364,72.364,72.364,72.364,
2020-08-17,73.474,73.474,73.474,73.474,
2020-08-18,73.3,73.3,73.3,73.3,
2020-08-19,73.708,73.708,73.708,73.708,
2020-08-20,73.708,73.708,73.708,73.708,
2020-08-21,73.665,73.665,73.665,73.665,
2020-08-24,74.046,74.046,74.046,74.046,
2020-08-25,74.271,74.271,74.271,74.271,
2020-08-26,74.15,74.15,74.15,74.15,
2020-08-27,74.393,74.393,74.393,74.393,
2020-08-28,74.245,74.245,74.245,74.245,
2020-08-31,73.916,73.916,73.916,73.916,
2020-09-01,73.188,73.188,73.188,73.188,
2020-09-02,75.355,75.355,75.355,75.355,
2020-09-03,74.107,74.107,74.107,74.107,
2020-09-04,73.89,73.89,73.89,73.89,
2020-09-08,72.234,72.234,72.234,72.234,
2020-09-09,73.578,73.578,73.578,73.578,
2020-09-10,72.442,72.442,72.442,72.442,
2020-09-11,73.231,73.231,73.231,73.231,
2020-09-14,73.484,73.484,73.484,73.484,
2020-09-15,73.528,73.528,73.528,73.528,
2020-09-16,74.715,74.715,74.715,74.715,
2020-09-17,74.777,74.777,74.777,74.777,
2020-09-18,74.925,74.925,74.925,74.925,
2020-09-21,72.585,72.585,72.585,72.585,
2020-09-22,72.419,72.419,72.419,72.419,
2020-09-23,72.148,72.148,72.148,72.148,
2020-09-24,72.602,72.602,72.602,72.602,
2020-09-25,72.41,72.41,72.41,72.41,
2020-09-28,72.262,72.262,72.262,72.262,
2020-09-29,71.511,71.511,71.511,71.511,
2020-09-30,72.428,72.428,72.428,72.428,
2020-10-01,71.284,71.284,71.284,71.284,
2020-10-02,70.551,70.551,70.551,70.551,
2020-10-05,70.935,70.935,70.935,70.935,
2020-10-06,69.529,69.529,69.529,69.529,
2020-10-07,69.887,69.887,69.887,69.887,
2020-10-08,70.271,70.271,70.271,70.271,
2020-10-09,70.166,70.166,70.166,70.166,
2020-10-12,70.166,70.166,70.166,70.166,
2020-10-13,70.472,70.472,70.472,70.472,
2020-10-14,70.297,70.297,70.297,70.297,
2020-10-15,69.031,69.031,69.031,69.031,
2020-10-16,69.704,69.704,69.704,69.704,
2020-10-19,68.691,68.691,68.691,68.691,
2020-10-20,68.341,68.341,68.341,68.341,
2020-10-21,68.167,68.167,68.167,68.167,
2020-10-22,69.162,69.162,69.162,69.162,
2020-10-23,69.704,69.704,69.704,69.704,
2020-10-26,68.839,68.839,68.839,68.839,
2020-10-27,68.097,68.097,68.097,68.097,
2020-10-28,66.517,66.517,66.517,66.517,
2020-10-29,66.263,66.263,66.263,66.263,
2020-10-30,65.67,65.67,65.67,65.67,
2020-11-02,66.979,66.979,66.979,66.979,
2020-11-03,67.163,67.163,67.163,67.163,
2020-11-04,70.393,70.393,70.393,70.393,
2020-11-05,70.254,70.254,70.254,70.254,
2020-11-06,70.166,70.166,70.166,70.166,
2020-11-09,70.289,70.289,70.289,70.289,
2020-11-10,70.821,70.821,70.821,70.821,
2020-11-11,70.778,70.778,70.778,70.778,
2020-11-12,69.73,69.73,69.73,69.73,
2020-11-13,70.804,70.804,70.804,70.804,
2020-11-16,70.009,70.009,70.009,70.009,
2020-11-17,71.162,71.162,71.162,71.162,
2020-11-18,70.07,70.07,70.07,70.07,
2020-11-19,70.193,70.193,70.193,70.193,
2020-11-20,70.245,70.245,70.245,70.245,
2020-11-23,70.097,70.097,70.097,70.097,
2020-11-24,69.974,69.974,69.974,69.974,
2020-11-25,69.904,69.904,69.904,69.904,
2020-11-27,69.73,69.73,69.73,69.73,
2020-11-30,70.193,70.193,70.193,70.193,
2020-12-01,71.205,71.205,71.205,71.205,
2020-12-02,71.45,71.45,71.45,71.45,
2020-12-03,71.118,71.118,71.118,71.118,
2020-12-04,71.546,71.546,71.546,71.546,
2020-12-07,72.044,72.044,72.044,72.044,
2020-12-08,72.629,72.629,72.629,72.629,
2020-12-09,72.882,72.882,72.882,72.882,
2020-12-10,72.463,72.463,72.463,72.463,
2020-12-11,72.437,72.437,72.437,72.437,
2020-12-14,70.685,70.685,70.685,70.685,
2020-12-15,70.826,70.826,70.826,70.826,
2020-12-16,70.254,70.254,70.254,70.254,
2020-12-17,70.245,70.245,70.245,70.245,
2020-12-18,69.99,69.99,69.99,69.99,
2020-12-21,69.779,69.779,69.779,69.779,
2020-12-22,69.893,69.893,69.893,69.893,
2020-12-23,70.192,70.192,70.192,70.192,
2020-12-24,70.527,70.527,70.527,70.527,
2020-12-28,70.8,70.8,70.8,70.8,
2020-12-29,71.653,71.653,71.653,71.653,
2020-12-30,70.923,70.923,70.923,70.923,
2020-12-31,71.988,71.988,71.988,71.988,
2021-01-04,71.248,71.248,71.248,71.248,
2021-01-05,71.372,71.372,71.372,71.372,
2021-01-06,72.498,72.498,72.498,72.498,
2021-01-07,73.941,73.941,73.941,73.941,
2021-01-08,73.07,73.07,73.07,73.07,
2021-01-11,74.804,74.804,74.804,74.804,
2021-01-12,73.123,73.123,73.123,73.123,
2021-01-13,72.463,72.463,72.463,72.463,
2021-01-14,72.313,72.313,72.313,72.313,
2021-01-15,73.378,73.378,73.378,73.378,
2021-01-19,73.211,73.211,73.211,73.211,
2021-01-20,72.569,72.569,72.569,72.569,
2021-01-21,71.442,71.442,71.442,71.442,
2021-01-22,71.266,71.266,71.266,71.266,
2021-01-25,71.416,71.416,71.416,71.416,
2021-01-26,70.624,70.624,70.624,70.624,
2021-01-27,67.825,67.825,67.825,67.825,
2021-01-28,68.573,68.573,68.573,68.573,
2021-01-29,67.825,67.825,67.825,67.825,
2021-02-01,68.08,68.08,68.08,68.08,
2021-02-02,68.441,68.441,68.441,68.441,
2021-02-03,68.045,68.045,68.045,68.045,
2021-02-04,66.91,66.91,66.91,66.91,
2021-02-05,66.707,66.707,66.707,66.707,
2021-02-08,66.039,66.039,66.039,66.039,
2021-02-09,66.039,66.039,66.039,66.039,
2021-02-10,65.907,65.907,65.907,65.907,
2021-02-11,65.775,65.775,65.775,65.775,
2021-02-12,66.003,66.003,66.003,66.003,
2021-02-16,65.343,65.343,65.343,65.343,
2021-02-17,66.479,66.479,66.479,66.479,
2021-02-18,66.364,66.364,66.364,66.364,
2021-02-19,65.396,65.396,65.396,65.396,
2021-02-22,65.942,65.942,65.942,65.942,
2021-02-23,65.599,65.599,65.599,65.599,
2021-02-24,65.625,65.625,65.625,65.625,
2021-02-25,65.669,65.669,65.669,65.669,
2021-02-26,63.909,63.909,63.909,63.909,
2021-03-01,63.698,63.698,63.698,63.698,
2021-03-02,64.111,64.111,64.111,64.111,
2021-03-03,64.507,64.507,64.507,64.507,
2021-03-04,63.513,63.513,63.513,63.513,
2021-03-05,64.358,64.358,64.358,64.358,
2021-03-08,65.273,65.273,65.273,65.273,
2021-03-09,65.247,65.247,65.247,65.247,
2021-03-10,65.792,65.792,65.792,65.792,
2021-03-11,65.678,65.678,65.678,65.678,
2021-03-12,66.228,66.228,66.228,66.228,
2021-03-15,67.675,67.675,67.675,67.675,
2021-03-16,68.19,68.19,68.19,68.19,
2021-03-17,68.625,68.625,68.625,68.625,
2021-03-18,68.599,68.599,68.599,68.599,
2021-03-19,68.812,68.812,68.812,68.812,
2021-03-22,68.812,68.812,68.812,68.812,
2021-03-23,67.711,67.711,67.711,67.711,
2021-03-24,67.684,67.684,67.684,67.684,
2021-03-25,67.533,67.533,67.533,67.533,
2021-03-26,68.705,68.705,68.705,68.705,
2021-03-29,69.513,69.513,69.513,69.513,
2021-03-30,68.323,68.323,68.323,68.323,
2021-03-31,68.439,68.439,68.439,68.439,
2021-04-01,68.439,68.439,68.439,68.439,
2021-04-05,68.359,68.359,68.359,68.359,
2021-04-06,67.285,67.285,67.285,67.285,
2021-04-07,67.578,67.578,67.578,67.578,
2021-04-08,67.018,67.018,67.018,67.018,
2021-04-09,67.746,67.746,67.746,67.746,
2021-04-12,67.666,67.666,67.666,67.666,
2021-04-13,67.853,67.853,67.853,67.853,
2021-04-14,67.826,67.826,67.826,67.826,
2021-04-15,68.057,68.057,68.057,68.057,
2021-04-16,68.776,68.776,68.776,68.776,
2021-04-19,68.945,68.945,68.945,68.945,
2021-04-20,69.753,69.753,69.753,69.753,
2021-04-21,70.339,70.339,70.339,70.339,
2021-04-22,69.211,69.211,69.211,69.211,
2021-04-23,69.14,69.14,69.14,69.14,
2021-04-26,68.829,68.829,68.829,68.829,
2021-04-27,68.678,68.678,68.678,68.678,
2021-04-28,68.439,68.439,68.439,68.439,
2021-04-29,65.411,65.411,65.411,65.411,
2021-04-30,66.139,66.139,66.139,66.139,
2021-05-03,67.453,67.453,67.453,67.453,
2021-05-04,67.462,67.462,67.462,67.462,
2021-05-05,68.98,68.98,68.98,68.98,
2021-05-06,69.051,69.051,69.051,69.051,
2021-05-07,69.611,69.611,69.611,69.611,
2021-05-10,69.398,69.398,69.398,69.398,
2021-05-11,68.767,68.767,68.767,68.767,
2021-05-12,69.247,69.247,69.247,69.247,
2021-05-13,69.859,69.859,69.859,69.859,
2021-05-14,69.504,69.504,69.504,69.504,
2021-05-17,70.907,70.907,70.907,70.907,
2021-05-18,70.472,70.472,70.472,70.472,
2021-05-19,70.454,70.454,70.454,70.454,
2021-05-20,70.72,70.72,70.72,70.72,
2021-05-21,70.294,70.294,70.294,70.294,
2021-05-24,70.161,70.161,70.161,70.161,
2021-05-25,68.803,68.803,68.803,68.803,
2021-05-26,68.563,68.563,68.563,68.563,
2021-05-27,67.4,67.4,67.4,67.4,
2021-05-28,67.373,67.373,67.373,67.373,
2021-06-01,66.743,66.743,66.743,66.743,
2021-06-02,67.356,67.356,67.356,67.356,
2021-06-03,68.765,68.765,68.765,68.765,
2021-06-04,68.951,68.951,68.951,68.951,
2021-06-07,67.732,67.732,67.732,67.732,
2021-06-08,67.36,67.36,67.36,67.36,
2021-06-09,68.886,68.886,68.886,68.886,
2021-06-10,70.84,70.84,70.84,70.84,
2021-06-11,70.961,70.961,70.961,70.961,
2021-06-14,70.801,70.801,70.801,70.801,
2021-06-15,71.036,71.036,71.036,71.036,
2021-06-16,71.89,71.89,71.89,71.89,
2021-06-17,72.472,72.472,72.472,72.472,
2021-06-18,71.89,71.89,71.89,71.89,
2021-06-21,72.021,72.021,72.021,72.021,
2021-06-22,71.496,71.496,71.496,71.496,
2021-06-23,70.923,70.923,70.923,70.923,
2021-06-24,71.655,71.655,71.655,71.655,
2021-06-25,72.444,72.444,72.444,72.444,
2021-06-28,72.125,72.125,72.125,72.125,
2021-06-29,72.453,72.453,72.453,72.453,
2021-06-30,72.978,72.978,72.978,72.978,
2021-07-01,73.185,73.185,73.185,73.185,
2021-07-02,73.757,73.757,73.757,73.757,
2021-07-06,73.298,73.298,73.298,73.298,
2021-07-07,73.72,73.72,73.72,73.72,
2021-07-08,73.307,73.307,73.307,73.307,
2021-07-09,73.185,73.185,73.185,73.185,
2021-07-12,72.772,72.772,72.772,72.772,
2021-07-13,72.828,72.828,72.828,72.828,
2021-07-14,72.838,72.838,72.838,72.838,
2021-07-15,73.1,73.1,73.1,73.1,
2021-07-16,73.213,73.213,73.213,73.213,
2021-07-19,72.303,72.303,72.303,72.303,
2021-07-20,71.477,71.477,71.477,71.477,
2021-07-21,71.683,71.683,71.683,71.683,
2021-07-22,71.815,71.815,71.815,71.815,
2021-07-23,72.763,72.763,72.763,72.763,
2021-07-26,72.481,72.481,72.481,72.481,
2021-07-27,73.054,73.054,73.054,73.054,
2021-07-28,73.504,73.504,73.504,73.504,
2021-07-29,72.19,72.19,72.19,72.19,
2021-07-30,72.134,72.134,72.134,72.134,
2021-08-02,71.486,71.486,71.486,71.486,
2021-08-03,71.702,71.702,71.702,71.702,
2021-08-04,70.83,70.83,70.83,70.83,
2021-08-05,70.933,70.933,70.933,70.933,
2021-08-06,70.792,70.792,70.792,70.792,
2021-08-09,70.679,70.679,70.679,70.679,
2021-08-10,70.557,70.557,70.557,70.557,
2021-08-11,70.576,70.576,70.576,70.576,
2021-08-12,71.355,71.355,71.355,71.355,
2021-08-13,71.993,71.993,71.993,71.993,
2021-08-16,73.129,73.129,73.129,73.129,
2021-08-17,73.973,73.973,73.973,73.973,
2021-08-18,72.997,72.997,72.997,72.997,
2021-08-19,73.626,73.626,73.626,73.626,
2021-08-20,73.832,73.832,73.832,73.832,
2021-08-23,73.551,73.551,73.551,73.551,
2021-08-24,72.932,72.932,72.932,72.932,
2021-08-25,72.322,72.322,72.322,72.322,
2021-08-26,71.852,71.852,71.852,71.852,
2021-08-27,71.599,71.599,71.599,71.599,
2021-08-30,71.787,71.787,71.787,71.787,
2021-08-31,71.59,71.59,71.59,71.59,
2021-09-01,71.486,71.486,71.486,71.486,
2021-09-02,72.369,72.369,72.369,72.369,
2021-09-03,72.5,72.5,72.5,72.5,
2021-09-07,71.299,71.299,71.299,71.299,
2021-09-08,70.717,70.717,70.717,70.717,
2021-09-09,69.272,69.272,69.272,69.272,
2021-09-10,68.925,68.925,68.925,68.925,
2021-09-13,68.671,68.671,68.671,68.671,
2021-09-14,68.274,68.274,68.274,68.274,
2021-09-15,68.936,68.936,68.936,68.936,
2021-09-16,68.141,68.141,68.141,68.141,
2021-09-17,67.866,67.866,67.866,67.866,
2021-09-20,68.103,68.103,68.103,68.103,
2021-09-21,68.141,68.141,68.141,68.141,
2021-09-22,68.207,68.207,68.207,68.207,
2021-09-23,69.164,69.164,69.164,69.164,
2021-09-24,69.694,69.694,69.694,69.694,
2021-09-27,69.457,69.457,69.457,69.457,
2021-09-28,69.419,69.419,69.419,69.419,
2021-09-29,71.095,71.095,71.095,71.095,
2021-09-30,71.114,71.114,71.114,71.114,
2021-10-01,77.069,77.069,77.069,77.069,
2021-10-04,78.679,78.679,78.679,78.679,
2021-10-05,77.259,77.259,77.259,77.259,
2021-10-06,76.369,76.369,76.369,76.369,
2021-10-07,77.581,77.581,77.581,77.581,
2021-10-08,76.34,76.34,76.34,76.34,
2021-10-11,75.678,75.678,75.678,75.678,
2021-10-12,75.356,75.356,75.356,75.356,
2021-10-13,74.75,74.75,74.75,74.75,
2021-10-14,74.163,74.163,74.163,74.163,
2021-10-15,74.163,74.163,74.163,74.163,
2021-10-18,73.045,73.045,73.045,73.045,
2021-10-19,75.261,75.261,75.261,75.261,
2021-10-20,76.757,76.757,76.757,76.757,
2021-10-21,76.852,76.852,76.852,76.852,
2021-10-22,76.833,76.833,76.833,76.833,
2021-10-25,77.316,77.316,77.316,77.316,
2021-10-26,77.874,77.874,77.874,77.874,
2021-10-27,77.202,77.202,77.202,77.202,
2021-10-28,81.945,81.945,81.945,81.945,
2021-10-29,83.366,83.366,83.366,83.366,
2021-11-01,83.167,83.167,83.167,83.167,
2021-11-02,84.284,84.284,84.284,84.284,
2021-11-03,83.962,83.962,83.962,83.962,
2021-11-04,85.723,85.723,85.723,85.723,
2021-11-05,77.268,77.268,77.268,77.268,
2021-11-08,78.281,78.281,78.281,78.281,
2021-11-09,78.319,78.319,78.319,78.319,
2021-11-10,79.54,79.54,79.54,79.54,
2021-11-11,79.55,79.55,79.55,79.55,
2021-11-12,79.531,79.531,79.531,79.531,
2021-11-15,79.238,79.238,79.238,79.238,
2021-11-16,79.635,79.635,79.635,79.635,
2021-11-17,78.206,78.206,78.206,78.206,
2021-11-18,78.632,78.632,78.632,78.632,
2021-11-19,76.407,76.407,76.407,76.407,
2021-11-22,77.297,77.297,77.297,77.297,
2021-11-23,78.395,78.395,78.395,78.395,
2021-11-24,77.903,77.903,77.903,77.903,
2021-11-26,74.949,74.949,74.949,74.949,
2021-11-29,70.906,70.906,70.906,70.906,
2021-11-30,70.925,70.925,70.925,70.925,
2021-12-01,70.48,70.48,70.48,70.48,
2021-12-02,69.959,69.959,69.959,69.959,
2021-12-03,69.438,69.438,69.438,69.438,
2021-12-06,69.514,69.514,69.514,69.514,
2021-12-07,68.435,68.435,68.435,68.435,
2021-12-08,69.315,69.315,69.315,69.315,
2021-12-09,68.984,68.984,68.984,68.984,
2021-12-10,68.756,68.756,68.756,68.756,
2021-12-13,69.514,69.514,69.514,69.514,
2021-12-14,70.46,70.46,70.46,70.46,
2021-12-15,71.961,71.961,71.961,71.961,
2021-12-16,72.553,72.553,72.553,72.553,
2021-12-17,72.343,72.343,72.343,72.343,
2021-12-20,73.031,73.031,73.031,73.031,
2021-12-21,72.2,72.2,72.2,72.2,
2021-12-22,72.792,72.792,72.792,72.792,
2021-12-23,72.381,72.381,72.381,72.381,
2021-12-27,73.184,73.184,73.184,73.184,
2021-12-28,73.413,73.413,73.413,73.413,
2021-12-29,73.547,73.547,73.547,73.547,
2021-12-30,73.729,73.729,73.729,73.729,
2021-12-31,73.251,73.251,73.251,73.251,
2022-01-03,73.471,73.471,73.471,73.471,
2022-01-04,73.605,73.605,73.605,73.605,
2022-01-05,75.392,75.392,75.392,75.392,
2022-01-06,75.344,75.344,75.344,75.344,
2022-01-07,76.749,76.749,76.749,76.749,
2022-01-10,78.728,78.728,78.728,78.728,
2022-01-11,78.059,78.059,78.059,78.059,
2022-01-12,77.609,77.609,77.609,77.609,
2022-01-13,77.724,77.724,77.724,77.724,
2022-01-14,77.781,77.781,77.781,77.781,
2022-01-18,77.934,77.934,77.934,77.934,
2022-01-19,77.695,77.695,77.695,77.695,
2022-01-20,77.179,77.179,77.179,77.179,
2022-01-21,76.443,76.443,76.443,76.443,
2022-01-24,75.344,75.344,75.344,75.344,
2022-01-25,75.946,75.946,75.946,75.946,
2022-01-26,75.64,75.64,75.64,75.64,
2022-01-27,77.017,77.017,77.017,77.017,
2022-01-28,77.323,77.323,77.323,77.323,
2022-01-31,77.877,77.877,77.877,77.877,
2022-02-01,78.298,78.298,78.298,78.298,
2022-02-02,78.384,78.384,78.384,78.384,
2022-02-03,75.516,75.516,75.516,75.516,
2022-02-04,75.086,75.086,75.086,75.086,
2022-02-07,74.149,74.149,74.149,74.149,
2022-02-08,73.509,73.509,73.509,73.509,
2022-02-09,73.146,73.146,73.146,73.146,
2022-02-10,73.175,73.175,73.175,73.175,
2022-02-11,73.251,73.251,73.251,73.251,
2022-02-14,73.089,73.089,73.089,73.089,
2022-02-15,74.369,74.369,74.369,74.369,
2022-02-16,73.805,73.805,73.805,73.805,
2022-02-17,72.983,72.983,72.983,72.983,
2022-02-18,72.993,72.993,72.993,72.993,
2022-02-22,72.592,72.592,72.592,72.592,
2022-02-23,72.486,72.486,72.486,72.486,
2022-02-24,70.259,70.259,70.259,70.259,
2022-02-25,72.945,72.945,72.945,72.945,
2022-02-28,73.194,73.194,73.194,73.194,
2022-03-01,72.964,72.964,72.964,72.964,
2022-03-02,73.28,73.28,73.28,73.28,
2022-03-03,73.738,73.738,73.738,73.738,
2022-03-04,74.388,74.388,74.388,74.388,
2022-03-07,74.293,74.293,74.293,74.293,
2022-03-08,73.547,73.547,73.547,73.547,
2022-03-09,74.35,74.35,74.35,74.35,
2022-03-10,74.446,74.446,74.446,74.446,
2022-03-11,74.799,74.799,74.799,74.799,
2022-03-14,75.002,75.002,75.002,75.002,
2022-03-15,75.831,75.831,75.831,75.831,
2022-03-16,75.33,75.33,75.33,75.33,
2022-03-17,76.12,76.12,76.12,76.12,
2022-03-18,76.284,76.284,76.284,76.284,
2022-03-21,76.236,76.236,76.236,76.236,
2022-03-22,76.468,76.468,76.468,76.468,
2022-03-23,76.882,76.882,76.882,76.882,
2022-03-24,77.538,77.538,77.538,77.538,
2022-03-25,78.435,78.435,78.435,78.435,
2022-03-28,78.309,78.309,78.309,78.309,
2022-03-29,78.656,78.656,78.656,78.656,
2022-03-30,79.457,79.457,79.457,79.457,
2022-03-31,79.119,79.119,79.119,79.119,
2022-04-01,80.537,80.537,80.537,80.537,
2022-04-04,80.508,80.508,80.508,80.508,
2022-04-05,80.73,80.73,80.73,80.73,
2022-04-06,81.935,81.935,81.935,81.935,
2022-04-07,83.7,83.7,83.7,83.7,
2022-04-08,84.548,84.548,84.548,84.548,
2022-04-11,83.536,83.536,83.536,83.536,
2022-04-12,82.571,82.571,82.571,82.571,
2022-04-13,83.054,83.054,83.054,83.054,
2022-04-14,83.806,83.806,83.806,83.806,
2022-04-18,82.996,82.996,82.996,82.996,
2022-04-19,82.726,82.726,82.726,82.726,
2022-04-20,83.372,83.372,83.372,83.372,
2022-04-21,83.15,83.15,83.15,83.15,
2022-04-22,81.569,81.569,81.569,81.569,
2022-04-25,82.388,82.388,82.388,82.388,
2022-04-26,81.463,81.463,81.463,81.463,
2022-04-27,81.395,81.395,81.395,81.395,
2022-04-28,85.416,85.416,85.416,85.416,
2022-04-29,85.522,85.522,85.522,85.522,
2022-05-02,84.519,84.519,84.519,84.519,
2022-05-03,83.989,83.989,83.989,83.989,
2022-05-04,85.358,85.358,85.358,85.358,
2022-05-05,84.866,84.866,84.866,84.866,
2022-05-06,85.233,85.233,85.233,85.233,
2022-05-09,84.51,84.51,84.51,84.51,
2022-05-10,84.674,84.674,84.674,84.674,
2022-05-11,86.004,86.004,86.004,86.004,
2022-05-12,87.586,87.586,87.586,87.586,
2022-05-13,87.181,87.181,87.181,87.181,
2022-05-16,89.023,89.023,89.023,89.023,
2022-05-17,89.678,89.678,89.678,89.678,
2022-05-18,88.81,88.81,88.81,88.81,
2022-05-19,88.801,88.801,88.801,88.801,
2022-05-20,90.209,90.209,90.209,90.209,
2022-05-23,90.479,90.479,90.479,90.479,
2022-05-24,91.26,91.26,91.26,91.26,
2022-05-25,90.401,90.401,90.401,90.401,
2022-05-26,89.013,89.013,89.013,89.013,
2022-05-27,89.755,89.755,89.755,89.755,
2022-05-31,88.743,88.743,88.743,88.743,
2022-06-01,87.885,87.885,87.885,87.885,
2022-06-02,86.785,86.785,86.785,86.785,
2022-06-03,86.699,86.699,86.699,86.699,
2022-06-06,86.631,86.631,86.631,86.631,
2022-06-07,87.248,87.248,87.248,87.248,
2022-06-08,86.284,86.284,86.284,86.284,
2022-06-09,84.857,84.857,84.857,84.857,
2022-06-10,84.066,84.066,84.066,84.066,
2022-06-13,81.964,81.964,81.964,81.964,
2022-06-14,82.149,82.149,82.149,82.149,
2022-06-15,82.275,82.275,82.275,82.275,
2022-06-16,82.528,82.528,82.528,82.528,
2022-06-17,82.265,82.265,82.265,82.265,
2022-06-21,85.58,85.58,85.58,85.58,
2022-06-22,86.679,86.679,86.679,86.679,
2022-06-23,89.44,89.44,89.44,89.44,
2022-06-24,90.539,90.539,90.539,90.539,
2022-06-27,91.783,91.783,91.783,91.783,
2022-06-28,89.333,89.333,89.333,89.333,
2022-06-29,89.936,89.936,89.936,89.936,
2022-06-30,88.633,88.633,88.633,88.633,
2022-07-01,89.848,89.848,89.848,89.848,
2022-07-05,90.062,90.062,90.062,90.062,
2022-07-06,90.539,90.539,90.539,90.539,
2022-07-07,90.422,90.422,90.422,90.422,
2022-07-08,90.198,90.198,90.198,90.198,
2022-07-11,91.676,91.676,91.676,91.676,
2022-07-12,90.995,90.995,90.995,90.995,
2022-07-13,91.161,91.161,91.161,91.161,
2022-07-14,91.268,91.268,91.268,91.268,
2022-07-15,92.318,92.318,92.318,92.318,
2022-07-18,89.771,89.771,89.771,89.771,
2022-07-19,89.79,89.79,89.79,89.79,
2022-07-20,87.155,87.155,87.155,87.155,
2022-07-21,87.632,87.632,87.632,87.632,
2022-07-22,87.603,87.603,87.603,87.603,
2022-07-25,88.011,88.011,88.011,88.011,
2022-07-26,88.75,88.75,88.75,88.75,
2022-07-27,88.691,88.691,88.691,88.691,
2022-07-28,87.437,87.437,87.437,87.437,
2022-07-29,86.854,86.854,86.854,86.854,
2022-08-01,86.067,86.067,86.067,86.067,
2022-08-02,85.172,85.172,85.172,85.172,
2022-08-03,85.182,85.182,85.182,85.182,
2022-08-04,84.404,84.404,84.404,84.404,
2022-08-05,84.978,84.978,84.978,84.978,
2022-08-08,86.028,86.028,86.028,86.028,
2022-08-09,87.029,87.029,87.029,87.029,
2022-08-10,86.708,86.708,86.708,86.708,
2022-08-11,86.455,86.455,86.455,86.455,
2022-08-12,88.487,88.487,88.487,88.487,
2022-08-15,88.079,88.079,88.079,88.079,
2022-08-16,88.069,88.069,88.069,88.069,
2022-08-17,88.507,88.507,88.507,88.507,
2022-08-18,88.857,88.857,88.857,88.857,
2022-08-19,89.518,89.518,89.518,89.518,
2022-08-22,88.623,88.623,88.623,88.623,
2022-08-23,87.69,87.69,87.69,87.69,
2022-08-24,87.505,87.505,87.505,87.505,
2022-08-25,87.758,87.758,87.758,87.758,
2022-08-26,86.776,86.776,86.776,86.776,
2022-08-29,85.153,85.153,85.153,85.153,
2022-08-30,84.462,84.462,84.462,84.462,
2022-08-31,82.985,82.985,82.985,82.985,
2022-09-01,84.725,84.725,84.725,84.725,
2022-09-02,83.831,83.831,83.831,83.831,
2022-09-06,84.015,84.015,84.015,84.015,
2022-09-07,84.453,84.453,84.453,84.453,
2022-09-08,84.987,84.987,84.987,84.987,
2022-09-09,84.91,84.91,84.91,84.91,
2022-09-12,85.707,85.707,85.707,85.707,
2022-09-13,83.879,83.879,83.879,83.879,
2022-09-14,85.212,85.212,85.212,85.212,
2022-09-15,85.016,85.016,85.016,85.016,
2022-09-16,85.967,85.967,85.967,85.967,
2022-09-19,84.908,84.908,84.908,84.908,
2022-09-20,84.281,84.281,84.281,84.281,
2022-09-21,82.84,82.84,82.84,82.84,
2022-09-22,85.761,85.761,85.761,85.761,
2022-09-23,85.045,85.045,85.045,85.045,
2022-09-26,84.457,84.457,84.457,84.457,
2022-09-27,84.124,84.124,84.124,84.124,
2022-09-28,85.045,85.045,85.045,85.045,
2022-09-29,84.908,84.908,84.908,84.908,
2022-09-30,84.399,84.399,84.399,84.399,
2022-10-03,85.8,85.8,85.8,85.8,
2022-10-04,86.623,86.623,86.623,86.623,
2022-10-05,86.623,86.623,86.623,86.623,
2022-10-06,85.692,85.692,85.692,85.692,
2022-10-07,85.849,85.849,85.849,85.849,
2022-10-10,88.671,88.671,88.671,88.671,
2022-10-11,89.23,89.23,89.23,89.23,
2022-10-12,88.613,88.613,88.613,88.613,
2022-10-13,90.641,90.641,90.641,90.641,
2022-10-14,90.337,90.337,90.337,90.337,
2022-10-17,92.239,92.239,92.239,92.239,
2022-10-18,92.719,92.719,92.719,92.719,
2022-10-19,91.396,91.396,91.396,91.396,
2022-10-20,91.082,91.082,91.082,91.082,
2022-10-21,93.758,93.758,93.758,93.758,
2022-10-24,95.424,95.424,95.424,95.424,
2022-10-25,95.757,95.757,95.757,95.757,
2022-10-26,96.443,96.443,96.443,96.443,
2022-10-27,97.746,97.746,97.746,97.746,
2022-10-28,98.756,98.756,98.756,98.756,
2022-10-31,99.177,99.177,99.177,99.177,
2022-11-01,97.766,97.766,97.766,97.766,
2022-11-02,97.413,97.413,97.413,97.413,
2022-11-03,96.776,96.776,96.776,96.776,
2022-11-04,97.217,97.217,97.217,97.217,
2022-11-07,98.07,98.07,98.07,98.07,
2022-11-08,99.471,99.471,99.471,99.471,
2022-11-09,99.559,99.559,99.559,99.559,
2022-11-10,99.853,99.853,99.853,99.853,
2022-11-11,96.002,96.002,96.002,96.002,
2022-11-14,98.344,98.344,98.344,98.344,
2022-11-15,97.609,97.609,97.609,97.609,
2022-11-16,97.933,97.933,97.933,97.933,
2022-11-17,100.265,100.265,100.265,100.265,
2022-11-18,102.147,102.147,102.147,102.147,
2022-11-21,103.499,103.499,103.499,103.499,
2022-11-22,104.763,104.763,104.763,104.763,
2022-11-23,104.685,104.685,104.685,104.685,
2022-11-25,105.351,105.351,105.351,105.351,
2022-11-28,106.282,106.282,106.282,106.282,
2022-11-29,106.664,106.664,106.664,106.664,
2022-11-30,107.919,107.919,107.919,107.919,
2022-12-01,107.605,107.605,107.605,107.605,
2022-12-02,107.84,107.84,107.84,107.84,
2022-12-05,107.811,107.811,107.811,107.811,
2022-12-06,106.753,106.753,106.753,106.753,
2022-12-07,107.889,107.889,107.889,107.889,
2022-12-08,108.634,108.634,108.634,108.634,
2022-12-09,106.606,106.606,106.606,106.606,
2022-12-12,106.792,106.792,106.792,106.792,
2022-12-13,108.693,108.693,108.693,108.693,
2022-12-14,110.045,110.045,110.045,110.045,
2022-12-15,108.15,108.15,108.15,108.15,
2022-12-16,107.726,107.726,107.726,107.726,
2022-12-19,107.963,107.963,107.963,107.963,
2022-12-20,108.229,108.229,108.229,108.229,
2022-12-21,109.611,109.611,109.611,109.611,
2022-12-22,109.739,109.739,109.739,109.739,
2022-12-23,110.35,110.35,110.35,110.35,
2022-12-27,110.607,110.607,110.607,110.607,
2022-12-28,109.581,109.581,109.581,109.581,
