Date,Open,High,Low,Close,Volume
1990-01-02,1.021,1.021,1.021,1.021,
1990-01-03,1.024,1.024,1.024,1.024,
1990-01-04,1.041,1.041,1.041,1.041,
1990-01-05,1.032,1.032,1.032,1.032,
1990-01-08,1.023,1.023,1.023,1.023,
1990-01-09,1.001,1.001,1.001,1.001,
1990-01-10,1.019,1.019,1.019,1.019,
1990-01-11,1.008,1.008,1.008,1.008,
1990-01-12,0.99,0.99,0.99,0.99,
1990-01-15,0.988,0.988,0.988,0.988,
1990-01-16,0.999,0.999,0.999,0.999,
1990-01-17,0.999,0.999,0.999,0.999,
1990-01-18,1.015,1.015,1.015,1.015,
1990-01-19,1.014,1.014,1.014,1.014,
1990-01-22,0.997,0.997,0.997,0.997,
1990-01-23,0.985,0.985,0.985,0.985,
1990-01-24,0.994,0.994,0.994,0.994,
1990-01-25,0.979,0.979,0.979,0.979,
1990-01-26,0.974,0.974,0.974,0.974,
1990-01-29,0.985,0.985,0.985,0.985,
1990-01-30,0.974,0.974,0.974,0.974,
1990-01-31,0.985,0.985,0.985,0.985,
1990-02-01,0.992,0.992,0.992,0.992,
1990-02-02,0.997,0.997,0.997,0.997,
1990-02-05,1.004,1.004,1.004,1.004,
1990-02-06,0.992,0.992,0.992,0.992,
1990-02-07,0.983,0.983,0.983,0.983,
1990-02-08,0.99,0.99,0.99,0.99,
1990-02-09,0.972,0.972,0.972,0.972,
1990-02-12,0.977,0.977,0.977,0.977,
1990-02-13,0.981,0.981,0.981,0.981,
1990-02-14,0.986,0.986,0.986,0.986,
1990-02-15,0.988,0.988,0.988,0.988,
1990-02-16,0.963,0.963,0.963,0.963,
1990-02-20,0.943,0.943,0.943,0.943,
1990-02-21,0.925,0.925,0.925,0.925,
1990-02-22,0.859,0.859,0.859,0.859,
1990-02-23,0.816,0.816,0.816,0.816,
1990-02-26,0.812,0.812,0.812,0.812,
1990-02-27,0.858,0.858,0.858,0.858,
1990-02-28,0.856,0.856,0.856,0.856,
1990-03-01,0.868,0.868,0.868,0.868,
1990-03-02,0.896,0.896,0.896,0.896,
1990-03-05,0.861,0.861,0.861,0.861,
1990-03-06,0.885,0.885,0.885,0.885,
1990-03-07,0.881,0.881,0.881,0.881,
1990-03-08,0.89,0.89,0.89,0.89,
1990-03-09,0.874,0.874,0.874,0.874,
1990-03-12,0.883,0.883,0.883,0.883,
1990-03-13,0.859,0.859,0.859,0.859,
1990-03-14,0.852,0.852,0.852,0.852,
1990-03-15,0.861,0.861,0.861,0.861,
1990-03-16,0.848,0.848,0.848,0.848,
1990-03-19,0.872,0.872,0.872,0.872,
1990-03-20,0.877,0.877,0.877,0.877,
1990-03-21,0.863,0.863,0.863,0.863,
1990-03-22,0.847,0.847,0.847,0.847,
1990-03-23,0.854,0.854,0.854,0.854,
1990-03-26,0.856,0.856,0.856,0.856,
1990-03-27,0.872,0.872,0.872,0.872,
1990-03-28,0.888,0.888,0.888,0.888,
1990-03-29,0.896,0.896,0.896,0.896,
1990-03-30,0.879,0.879,0.879,0.879,
1990-04-02,0.856,0.856,0.856,0.856,
1990-04-03,0.847,0.847,0.847,0.847,
1990-04-04,0.827,0.827,0.827,0.827,
1990-04-05,0.819,0.819,0.819,0.819,
1990-04-06,0.834,0.834,0.834,0.834,
1990-04-09,0.845,0.845,0.845,0.845,
1990-04-10,0.838,0.838,0.838,0.838,
1990-04-11,0.841,0.841,0.841,0.841,
1990-04-12,0.854,0.854,0.854,0.854,
1990-04-16,0.858,0.858,0.858,0.858,
1990-04-17,0.852,0.852,0.852,0.852,
1990-04-18,0.854,0.854,0.854,0.854,
1990-04-19,0.858,0.858,0.858,0.858,
1990-04-20,0.845,0.845,0.845,0.845,
1990-04-23,0.823,0.823,0.823,0.823,
1990-04-24,0.828,0.828,0.828,0.828,
1990-04-25,0.83,0.83,0.83,0.83,
1990-04-26,0.848,0.848,0.848,0.848,
1990-04-27,0.838,0.838,0.838,0.838,
1990-04-30,0.823,0.823,0.823,0.823,
1990-05-01,0.823,0.823,0.823,0.823,
1990-05-02,0.832,0.832,0.832,0.832,
1990-05-03,0.839,0.839,0.839,0.839,
1990-05-04,0.827,0.827,0.827,0.827,
1990-05-07,0.83,0.83,0.83,0.83,
1990-05-08,0.83,0.83,0.83,0.83,
1990-05-09,0.823,0.823,0.823,0.823,
1990-05-10,0.83,0.83,0.83,0.83,
1990-05-11,0.879,0.879,0.879,0.879,
1990-05-14,0.886,0.886,0.886,0.886,
1990-05-15,0.879,0.879,0.879,0.879,
1990-05-16,0.879,0.879,0.879,0.879,
1990-05-17,0.881,0.881,0.881,0.881,
1990-05-18,0.881,0.881,0.881,0.881,
1990-05-21,0.903,0.903,0.903,0.903,
1990-05-22,0.919,0.919,0.919,0.919,
1990-05-23,0.926,0.926,0.926,0.926,
1990-05-24,0.925,0.925,0.925,0.925,
1990-05-25,0.916,0.916,0.916,0.916,
1990-05-29,0.925,0.925,0.925,0.925,
1990-05-30,0.932,0.932,0.932,0.932,
1990-05-31,0.965,0.965,0.965,0.965,
1990-06-01,0.952,0.952,0.952,0.952,
1990-06-04,0.943,0.943,0.943,0.943,
1990-06-05,0.945,0.945,0.945,0.945,
1990-06-06,0.943,0.943,0.943,0.943,
1990-06-07,0.939,0.939,0.939,0.939,
1990-06-08,0.937,0.937,0.937,0.937,
1990-06-11,0.945,0.945,0.945,0.945,
1990-06-12,0.958,0.958,0.958,0.958,
1990-06-13,0.958,0.958,0.958,0.958,
1990-06-14,0.961,0.961,0.961,0.961,
1990-06-15,0.961,0.961,0.961,0.961,
1990-06-18,0.947,0.947,0.947,0.947,
1990-06-19,0.95,0.95,0.95,0.95,
1990-06-20,0.948,0.948,0.948,0.948,
1990-06-21,0.945,0.945,0.945,0.945,
1990-06-22,0.941,0.941,0.941,0.941,
1990-06-25,0.93,0.93,0.93,0.93,
1990-06-26,0.914,0.914,0.914,0.914,
1990-06-27,0.928,0.928,0.928,0.928,
1990-06-28,0.939,0.939,0.939,0.939,
1990-06-29,0.939,0.939,0.939,0.939,
1990-07-02,0.945,0.945,0.945,0.945,
1990-07-03,0.954,0.954,0.954,0.954,
1990-07-05,0.95,0.95,0.95,0.95,
1990-07-06,0.965,0.965,0.965,0.965,
1990-07-09,0.983,0.983,0.983,0.983,
1990-07-10,0.992,0.992,0.992,0.992,
1990-07-11,1.014,1.014,1.014,1.014,
1990-07-12,1.024,1.024,1.024,1.024,
1990-07-13,1.007,1.007,1.007,1.007,
1990-07-16,0.996,0.996,0.996,0.996,
1990-07-17,1.014,1.014,1.014,1.014,
1990-07-18,1.044,1.044,1.044,1.044,
1990-07-19,1.058,1.058,1.058,1.058,
1990-07-20,1.069,1.069,1.069,1.069,
1990-07-23,1.036,1.036,1.036,1.036,
1990-07-24,1.053,1.053,1.053,1.053,
1990-07-25,1.073,1.073,1.073,1.073,
1990-07-26,1.086,1.086,1.086,1.086,
1990-07-27,1.089,1.089,1.089,1.089,
1990-07-30,1.078,1.078,1.078,1.078,
1990-07-31,1.11,1.11,1.11,1.11,
1990-08-01,1.099,1.099,1.099,1.099,
1990-08-02,1.084,1.084,1.084,1.084,
1990-08-03,1.067,1.067,1.067,1.067,
1990-08-06,1.012,1.012,1.012,1.012,
1990-08-07,1.045,1.045,1.045,1.045,
1990-08-08,1.062,1.062,1.062,1.062,
1990-08-09,1.065,1.065,1.065,1.065,
1990-08-10,1.056,1.056,1.056,1.056,
1990-08-13,1.073,1.073,1.073,1.073,
1990-08-14,1.06,1.06,1.06,1.06,
1990-08-15,1.058,1.058,1.058,1.058,
1990-08-16,1.034,1.034,1.034,1.034,
1990-08-17,1.021,1.021,1.021,1.021,
1990-08-20,1.023,1.023,1.023,1.023,
1990-08-21,1.002,1.002,1.002,1.002,
1990-08-22,0.986,0.986,0.986,0.986,
1990-08-23,0.971,0.971,0.971,0.971,
1990-08-24,0.986,0.986,0.986,0.986,
1990-08-27,1.032,1.032,1.032,1.032,
1990-08-28,1.034,1.034,1.034,1.034,
1990-08-29,1.043,1.043,1.043,1.043,
1990-08-30,1.047,1.047,1.047,1.047,
1990-08-31,1.049,1.049,1.049,1.049,
1990-09-04,1.056,1.056,1.056,1.056,
1990-09-05,1.051,1.051,1.051,1.051,
1990-09-06,1.025,1.025,1.025,1.025,
1990-09-07,1.051,1.051,1.051,1.051,
1990-09-10,1.049,1.049,1.049,1.049,
1990-09-11,1.051,1.051,1.051,1.051,
1990-09-12,1.071,1.071,1.071,1.071,
1990-09-13,1.054,1.054,1.054,1.054,
1990-09-14,1.049,1.049,1.049,1.049,
1990-09-17,1.069,1.069,1.069,1.069,
1990-09-18,1.075,1.075,1.075,1.075,
1990-09-19,1.06,1.06,1.06,1.06,
1990-09-20,1.045,1.045,1.045,1.045,
1990-09-21,1.047,1.047,1.047,1.047,
1990-09-24,1.034,1.034,1.034,1.034,
1990-09-25,1.045,1.045,1.045,1.045,
1990-09-26,1.03,1.03,1.03,1.03,
1990-09-27,1.017,1.017,1.017,1.017,
1990-09-28,1.043,1.043,1.043,1.043,
1990-10-01,1.086,1.086,1.086,1.086,
1990-10-02,1.084,1.084,1.084,1.084,
1990-10-03,1.078,1.078,1.078,1.078,
1990-10-04,1.095,1.095,1.095,1.095,
1990-10-05,1.097,1.097,1.097,1.097,
1990-10-08,1.11,1.11,1.11,1.11,
1990-10-09,1.089,1.089,1.089,1.089,
1990-10-10,1.08,1.08,1.08,1.08,
1990-10-11,1.058,1.058,1.058,1.058,
1990-10-12,1.047,1.047,1.047,1.047,
1990-10-15,1.08,1.08,1.08,1.08,
1990-10-16,1.067,1.067,1.067,1.067,
1990-10-17,1.095,1.095,1.095,1.095,
1990-10-18,1.137,1.137,1.137,1.137,
1990-10-19,1.139,1.139,1.139,1.139,
1990-10-22,1.167,1.167,1.167,1.167,
1990-10-23,1.143,1.143,1.143,1.143,
1990-10-24,1.152,1.152,1.152,1.152,
1990-10-25,1.143,1.143,1.143,1.143,
1990-10-26,1.099,1.099,1.099,1.099,
1990-10-29,1.104,1.104,1.104,1.104,
1990-10-30,1.1,1.1,1.1,1.1,
1990-10-31,1.075,1.075,1.075,1.075,
1990-11-01,1.073,1.073,1.073,1.073,
1990-11-02,1.102,1.102,1.102,1.102,
1990-11-05,1.119,1.119,1.119,1.119,
1990-11-06,1.111,1.111,1.111,1.111,
1990-11-07,1.104,1.104,1.104,1.104,
1990-11-08,1.104,1.104,1.104,1.104,
1990-11-09,1.137,1.137,1.137,1.137,
1990-11-12,1.16,1.16,1.16,1.16,
1990-11-13,1.176,1.176,1.176,1.176,
1990-11-14,1.173,1.173,1.173,1.173,
1990-11-15,1.161,1.161,1.161,1.161,
1990-11-16,1.16,1.16,1.16,1.16,
1990-11-19,1.154,1.154,1.154,1.154,
1990-11-20,1.158,1.158,1.158,1.158,
1990-11-21,1.152,1.152,1.152,1.152,
1990-11-23,1.15,1.15,1.15,1.15,
1990-11-26,1.152,1.152,1.152,1.152,
1990-11-27,1.176,1.176,1.176,1.176,
1990-11-28,1.169,1.169,1.169,1.169,
1990-11-29,1.158,1.158,1.158,1.158,
1990-11-30,1.202,1.202,1.202,1.202,
1990-12-03,1.191,1.191,1.191,1.191,
1990-12-04,1.2,1.2,1.2,1.2,
1990-12-05,1.174,1.174,1.174,1.174,
1990-12-06,1.174,1.174,1.174,1.174,
1990-12-07,1.189,1.189,1.189,1.189,
1990-12-10,1.189,1.189,1.189,1.189,
1990-12-11,1.184,1.184,1.184,1.184,
1990-12-12,1.2,1.2,1.2,1.2,
1990-12-13,1.204,1.204,1.204,1.204,
1990-12-14,1.202,1.202,1.202,1.202,
1990-12-17,1.193,1.193,1.193,1.193,
1990-12-18,1.202,1.202,1.202,1.202,
1990-12-19,1.2,1.2,1.2,1.2,
1990-12-20,1.212,1.212,1.212,1.212,
1990-12-21,1.213,1.213,1.213,1.213,
1990-12-24,1.202,1.202,1.202,1.202,
1990-12-26,1.208,1.208,1.208,1.208,
1990-12-27,1.206,1.206,1.206,1.206,
1990-12-28,1.2,1.2,1.2,1.2,
1990-12-31,1.202,1.202,1.202,1.202,
1991-01-02,1.193,1.193,1.193,1.193,
1991-01-03,1.158,1.158,1.158,1.158,
1991-01-04,1.146,1.146,1.146,1.146,
1991-01-07,1.135,1.135,1.135,1.135,
1991-01-08,1.117,1.117,1.117,1.117,
1991-01-09,1.12,1.12,1.12,1.12,
1991-01-10,1.122,1.122,1.122,1.122,
1991-01-11,1.117,1.117,1.117,1.117,
1991-01-14,1.111,1.111,1.111,1.111,
1991-01-15,1.122,1.122,1.122,1.122,
1991-01-16,1.152,1.152,1.152,1.152,
1991-01-17,1.2,1.2,1.2,1.2,
1991-01-18,1.195,1.195,1.195,1.195,
1991-01-21,1.221,1.221,1.221,1.221,
1991-01-22,1.243,1.243,1.243,1.243,
1991-01-23,1.258,1.258,1.258,1.258,
1991-01-24,1.279,1.279,1.279,1.279,
1991-01-25,1.297,1.297,1.297,1.297,
1991-01-28,1.307,1.307,1.307,1.307,
1991-01-29,1.31,1.31,1.31,1.31,
1991-01-30,1.318,1.318,1.318,1.318,
1991-01-31,1.338,1.338,1.338,1.338,
1991-02-01,1.344,1.344,1.344,1.344,
1991-02-04,1.349,1.349,1.349,1.349,
1991-02-05,1.347,1.347,1.347,1.347,
1991-02-06,1.377,1.377,1.377,1.377,
1991-02-07,1.385,1.385,1.385,1.385,
1991-02-08,1.439,1.439,1.439,1.439,
1991-02-11,1.487,1.487,1.487,1.487,
1991-02-12,1.498,1.498,1.498,1.498,
1991-02-13,1.495,1.495,1.495,1.495,
1991-02-14,1.511,1.511,1.511,1.511,
1991-02-15,1.562,1.562,1.562,1.562,
1991-02-19,1.548,1.548,1.548,1.548,
1991-02-20,1.511,1.511,1.511,1.511,
1991-02-21,1.524,1.524,1.524,1.524,
1991-02-22,1.525,1.525,1.525,1.525,
1991-02-25,1.574,1.574,1.574,1.574,
1991-02-26,1.555,1.555,1.555,1.555,
1991-02-27,1.596,1.596,1.596,1.596,
1991-02-28,1.574,1.574,1.574,1.574,
1991-03-01,1.572,1.572,1.572,1.572,
1991-03-04,1.581,1.581,1.581,1.581,
1991-03-05,1.607,1.607,1.607,1.607,
1991-03-06,1.583,1.583,1.583,1.583,
1991-03-07,1.607,1.607,1.607,1.607,
1991-03-08,1.611,1.611,1.611,1.611,
1991-03-11,1.602,1.602,1.602,1.602,
1991-03-12,1.549,1.549,1.549,1.549,
1991-03-13,1.54,1.54,1.54,1.54,
1991-03-14,1.564,1.564,1.564,1.564,
1991-03-15,1.568,1.568,1.568,1.568,
1991-03-18,1.547,1.547,1.547,1.547,
1991-03-19,1.508,1.508,1.508,1.508,
1991-03-20,1.559,1.559,1.559,1.559,
1991-03-21,1.572,1.572,1.572,1.572,
1991-03-22,1.559,1.559,1.559,1.559,
1991-03-25,1.574,1.574,1.574,1.574,
1991-03-26,1.62,1.62,1.62,1.62,
1991-03-27,1.618,1.618,1.618,1.618,
1991-03-28,1.603,1.603,1.603,1.603,
1991-04-01,1.618,1.618,1.618,1.618,
1991-04-02,1.701,1.701,1.701,1.701,
1991-04-03,1.72,1.72,1.72,1.72,
1991-04-04,1.727,1.727,1.727,1.727,
1991-04-05,1.701,1.701,1.701,1.701,
1991-04-08,1.708,1.708,1.708,1.708,
1991-04-09,1.682,1.682,1.682,1.682,
1991-04-10,1.663,1.663,1.663,1.663,
1991-04-11,1.675,1.675,1.675,1.675,
1991-04-12,1.705,1.705,1.705,1.705,
1991-04-15,1.727,1.727,1.727,1.727,
1991-04-16,1.742,1.742,1.742,1.742,
1991-04-17,1.735,1.735,1.735,1.735,
1991-04-18,1.701,1.701,1.701,1.701,
1991-04-19,1.667,1.667,1.667,1.667,
1991-04-22,1.671,1.671,1.671,1.671,
1991-04-23,1.667,1.667,1.667,1.667,
1991-04-24,1.637,1.637,1.637,1.637,
1991-04-25,1.656,1.656,1.656,1.656,
1991-04-26,1.675,1.675,1.675,1.675,
1991-04-29,1.63,1.63,1.63,1.63,
1991-04-30,1.633,1.633,1.633,1.633,
1991-05-01,1.705,1.705,1.705,1.705,
1991-05-02,1.708,1.708,1.708,1.708,
1991-05-03,1.731,1.731,1.731,1.731,
1991-05-06,1.727,1.727,1.727,1.727,
1991-05-07,1.705,1.705,1.705,1.705,
1991-05-08,1.678,1.678,1.678,1.678,
1991-05-09,1.742,1.742,1.742,1.742,
1991-05-10,1.723,1.723,1.723,1.723,
1991-05-13,1.711,1.711,1.711,1.711,
1991-05-14,1.681,1.681,1.681,1.681,
1991-05-15,1.635,1.635,1.635,1.635,
1991-05-16,1.677,1.677,1.677,1.677,
1991-05-17,1.662,1.662,1.662,1.662,
1991-05-20,1.696,1.696,1.696,1.696,
1991-05-21,1.756,1.756,1.756,1.756,
1991-05-22,1.76,1.76,1.76,1.76,
1991-05-23,1.771,1.771,1.771,1.771,
1991-05-24,1.76,1.76,1.76,1.76,
1991-05-28,1.782,1.782,1.782,1.782,
1991-05-29,1.79,1.79,1.79,1.79,
1991-05-30,1.805,1.805,1.805,1.805,
1991-05-31,1.775,1.775,1.775,1.775,
1991-06-03,1.699,1.699,1.699,1.699,
1991-06-04,1.711,1.711,1.711,1.711,
1991-06-05,1.707,1.707,1.707,1.707,
1991-06-06,1.696,1.696,1.696,1.696,
1991-06-07,1.688,1.688,1.688,1.688,
1991-06-10,1.718,1.718,1.718,1.718,
1991-06-11,1.722,1.722,1.722,1.722,
1991-06-12,1.688,1.688,1.688,1.688,
1991-06-13,1.673,1.673,1.673,1.673,
1991-06-14,1.771,1.771,1.771,1.771,
1991-06-17,1.745,1.745,1.745,1.745,
1991-06-18,1.733,1.733,1.733,1.733,
1991-06-19,1.718,1.718,1.718,1.718,
1991-06-20,1.726,1.726,1.726,1.726,
1991-06-21,1.722,1.722,1.722,1.722,
1991-06-24,1.707,1.707,1.707,1.707,
1991-06-25,1.714,1.714,1.714,1.714,
1991-06-26,1.688,1.688,1.688,1.688,
1991-06-27,1.711,1.711,1.711,1.711,
1991-06-28,1.673,1.673,1.673,1.673,
1991-07-01,1.696,1.696,1.696,1.696,
1991-07-02,1.699,1.699,1.699,1.699,
1991-07-03,1.681,1.681,1.681,1.681,
1991-07-05,1.688,1.688,1.688,1.688,
1991-07-08,1.699,1.699,1.699,1.699,
1991-07-09,1.696,1.696,1.696,1.696,
1991-07-10,1.722,1.722,1.722,1.722,
1991-07-11,1.718,1.718,1.718,1.718,
1991-07-12,1.752,1.752,1.752,1.752,
1991-07-15,1.771,1.771,1.771,1.771,
1991-07-16,1.767,1.767,1.767,1.767,
1991-07-17,1.79,1.79,1.79,1.79,
1991-07-18,1.828,1.828,1.828,1.828,
1991-07-19,1.824,1.824,1.824,1.824,
1991-07-22,1.805,1.805,1.805,1.805,
1991-07-23,1.767,1.767,1.767,1.767,
1991-07-24,1.771,1.771,1.771,1.771,
1991-07-25,1.786,1.786,1.786,1.786,
1991-07-26,1.812,1.812,1.812,1.812,
1991-07-29,1.861,1.861,1.861,1.861,
1991-07-30,1.858,1.858,1.858,1.858,
1991-07-31,1.865,1.865,1.865,1.865,
1991-08-01,1.89,1.89,1.89,1.89,
1991-08-02,1.894,1.894,1.894,1.894,
1991-08-05,1.906,1.906,1.906,1.906,
1991-08-06,1.974,1.974,1.974,1.974,
1991-08-07,1.985,1.985,1.985,1.985,
1991-08-08,1.959,1.959,1.959,1.959,
1991-08-09,1.932,1.932,1.932,1.932,
1991-08-12,1.94,1.94,1.94,1.94,
1991-08-13,1.974,1.974,1.974,1.974,
1991-08-14,1.985,1.985,1.985,1.985,
1991-08-15,1.977,1.977,1.977,1.977,
1991-08-16,1.955,1.955,1.955,1.955,
1991-08-19,1.909,1.909,1.909,1.909,
1991-08-20,1.924,1.924,1.924,1.924,
1991-08-21,2.0,2.0,2.0,2.0,
1991-08-22,1.959,1.959,1.959,1.959,
1991-08-23,1.97,1.97,1.97,1.97,
1991-08-26,1.966,1.966,1.966,1.966,
1991-08-27,1.959,1.959,1.959,1.959,
1991-08-28,2.004,2.004,2.004,2.004,
1991-08-29,2.004,2.004,2.004,2.004,
1991-08-30,1.985,1.985,1.985,1.985,
1991-09-03,1.959,1.959,1.959,1.959,
1991-09-04,1.943,1.943,1.943,1.943,
1991-09-05,1.977,1.977,1.977,1.977,
1991-09-06,2.068,2.068,2.068,2.068,
1991-09-09,2.038,2.038,2.038,2.038,
1991-09-10,2.027,2.027,2.027,2.027,
1991-09-11,2.027,2.027,2.027,2.027,
1991-09-12,1.951,1.951,1.951,1.951,
1991-09-13,1.932,1.932,1.932,1.932,
1991-09-16,1.928,1.928,1.928,1.928,
1991-09-17,1.966,1.966,1.966,1.966,
1991-09-18,1.962,1.962,1.962,1.962,
1991-09-19,1.981,1.981,1.981,1.981,
1991-09-20,1.97,1.97,1.97,1.97,
1991-09-23,1.97,1.97,1.97,1.97,
1991-09-24,1.947,1.947,1.947,1.947,
1991-09-25,1.913,1.913,1.913,1.913,
1991-09-26,1.943,1.943,1.943,1.943,
1991-09-27,1.955,1.955,1.955,1.955,
1991-09-30,1.974,1.974,1.974,1.974,
1991-10-01,1.985,1.985,1.985,1.985,
1991-10-02,1.993,1.993,1.993,1.993,
1991-10-03,1.993,1.993,1.993,1.993,
1991-10-04,2.019,2.019,2.019,2.019,
1991-10-07,2.0,2.0,2.0,2.0,
1991-10-08,1.989,1.989,1.989,1.989,
1991-10-09,1.977,1.977,1.977,1.977,
1991-10-10,1.966,1.966,1.966,1.966,
1991-10-11,1.966,1.966,1.966,1.966,
1991-10-14,1.974,1.974,1.974,1.974,
1991-10-15,1.996,1.996,1.996,1.996,
1991-10-16,1.993,1.993,1.993,1.993,
1991-10-17,2.042,2.042,2.042,2.042,
1991-10-18,2.091,2.091,2.091,2.091,
1991-10-21,2.042,2.042,2.042,2.042,
1991-10-22,2.053,2.053,2.053,2.053,
1991-10-23,2.11,2.11,2.11,2.11,
1991-10-24,2.084,2.084,2.084,2.084,
1991-10-25,2.053,2.053,2.053,2.053,
1991-10-28,2.121,2.121,2.121,2.121,
1991-10-29,2.121,2.121,2.121,2.121,
1991-10-30,2.14,2.14,2.14,2.14,
1991-10-31,2.171,2.171,2.171,2.171,
1991-11-01,2.171,2.171,2.171,2.171,
1991-11-04,2.125,2.125,2.125,2.125,
1991-11-05,2.121,2.121,2.121,2.121,
1991-11-06,2.114,2.114,2.114,2.114,
1991-11-07,2.061,2.061,2.061,2.061,
1991-11-08,2.105,2.105,2.105,2.105,
1991-11-11,2.101,2.101,2.101,2.101,
1991-11-12,2.158,2.158,2.158,2.158,
1991-11-13,2.136,2.136,2.136,2.136,
1991-11-14,2.139,2.139,2.139,2.139,
1991-11-15,2.059,2.059,2.059,2.059,
1991-11-18,2.09,2.09,2.09,2.09,
1991-11-19,2.071,2.071,2.071,2.071,
1991-11-20,2.052,2.052,2.052,2.052,
1991-11-21,2.079,2.079,2.079,2.079,
1991-11-22,2.071,2.071,2.071,2.071,
1991-11-25,2.044,2.044,2.044,2.044,
1991-11-26,2.063,2.063,2.063,2.063,
1991-11-27,2.033,2.033,2.033,2.033,
1991-11-29,2.021,2.021,2.021,2.021,
1991-12-02,2.082,2.082,2.082,2.082,
1991-12-03,2.075,2.075,2.075,2.075,
1991-12-04,2.105,2.105,2.105,2.105,
1991-12-05,2.063,2.063,2.063,2.063,
1991-12-06,2.117,2.117,2.117,2.117,
1991-12-09,2.139,2.139,2.139,2.139,
1991-12-10,2.132,2.132,2.132,2.132,
1991-12-11,2.132,2.132,2.132,2.132,
1991-12-12,2.204,2.204,2.204,2.204,
1991-12-13,2.242,2.242,2.242,2.242,
1991-12-16,2.295,2.295,2.295,2.295,
1991-12-17,2.303,2.303,2.303,2.303,
1991-12-18,2.242,2.242,2.242,2.242,
1991-12-19,2.231,2.231,2.231,2.231,
1991-12-20,2.269,2.269,2.269,2.269,
1991-12-23,2.322,2.322,2.322,2.322,
1991-12-24,2.349,2.349,2.349,2.349,
1991-12-26,2.425,2.425,2.425,2.425,
1991-12-27,2.49,2.49,2.49,2.49,
1991-12-30,2.611,2.611,2.611,2.611,
1991-12-31,2.558,2.558,2.558,2.558,
1992-01-02,2.558,2.558,2.558,2.558,
1992-01-03,2.547,2.547,2.547,2.547,
1992-01-06,2.528,2.528,2.528,2.528,
1992-01-07,2.573,2.573,2.573,2.573,
1992-01-08,2.562,2.562,2.562,2.562,
1992-01-09,2.611,2.611,2.611,2.611,
1992-01-10,2.577,2.577,2.577,2.577,
1992-01-13,2.573,2.573,2.573,2.573,
1992-01-14,2.543,2.543,2.543,2.543,
1992-01-15,2.417,2.417,2.417,2.417,
1992-01-16,2.326,2.326,2.326,2.326,
1992-01-17,2.334,2.334,2.334,2.334,
1992-01-20,2.322,2.322,2.322,2.322,
1992-01-21,2.25,2.25,2.25,2.25,
1992-01-22,2.311,2.311,2.311,2.311,
1992-01-23,2.292,2.292,2.292,2.292,
1992-01-24,2.318,2.318,2.318,2.318,
1992-01-27,2.292,2.292,2.292,2.292,
1992-01-28,2.219,2.219,2.219,2.219,
1992-01-29,2.204,2.204,2.204,2.204,
1992-01-30,2.254,2.254,2.254,2.254,
1992-01-31,2.223,2.223,2.223,2.223,
1992-02-03,2.219,2.219,2.219,2.219,
1992-02-04,2.269,2.269,2.269,2.269,
1992-02-05,2.254,2.254,2.254,2.254,
1992-02-06,2.204,2.204,2.204,2.204,
1992-02-07,2.223,2.223,2.223,2.223,
1992-02-10,2.219,2.219,2.219,2.219,
1992-02-11,2.261,2.261,2.261,2.261,
1992-02-12,2.303,2.303,2.303,2.303,
1992-02-13,2.223,2.223,2.223,2.223,
1992-02-14,2.196,2.196,2.196,2.196,
1992-02-18,2.15,2.15,2.15,2.15,
1992-02-19,2.124,2.124,2.124,2.124,
1992-02-20,2.173,2.173,2.173,2.173,
1992-02-21,2.204,2.204,2.204,2.204,
1992-02-24,2.261,2.261,2.261,2.261,
1992-02-25,2.273,2.273,2.273,2.273,
1992-02-26,2.326,2.326,2.326,2.326,
1992-02-27,2.238,2.238,2.238,2.238,
1992-02-28,2.28,2.28,2.28,2.28,
1992-03-02,2.288,2.288,2.288,2.288,
1992-03-03,2.292,2.292,2.292,2.292,
1992-03-04,2.254,2.254,2.254,2.254,
1992-03-05,2.223,2.223,2.223,2.223,
1992-03-06,2.223,2.223,2.223,2.223,
1992-03-09,2.215,2.215,2.215,2.215,
1992-03-10,2.246,2.246,2.246,2.246,
1992-03-11,2.231,2.231,2.231,2.231,
1992-03-12,2.223,2.223,2.223,2.223,
1992-03-13,2.185,2.185,2.185,2.185,
1992-03-16,2.158,2.158,2.158,2.158,
1992-03-17,2.189,2.189,2.189,2.189,
1992-03-18,2.177,2.177,2.177,2.177,
1992-03-19,2.169,2.169,2.169,2.169,
1992-03-20,2.173,2.173,2.173,2.173,
1992-03-23,2.131,2.131,2.131,2.131,
1992-03-24,2.158,2.158,2.158,2.158,
1992-03-25,2.143,2.143,2.143,2.143,
1992-03-26,2.124,2.124,2.124,2.124,
1992-03-27,2.093,2.093,2.093,2.093,
1992-03-30,2.081,2.081,2.081,2.081,
1992-03-31,2.127,2.127,2.127,2.127,
1992-04-01,2.181,2.181,2.181,2.181,
1992-04-02,2.139,2.139,2.139,2.139,
1992-04-03,2.158,2.158,2.158,2.158,
1992-04-06,2.185,2.185,2.185,2.185,
1992-04-07,2.112,2.112,2.112,2.112,
1992-04-08,2.131,2.131,2.131,2.131,
1992-04-09,2.192,2.192,2.192,2.192,
1992-04-10,2.215,2.215,2.215,2.215,
1992-04-13,2.257,2.257,2.257,2.257,
1992-04-14,2.257,2.257,2.257,2.257,
1992-04-15,2.238,2.238,2.238,2.238,
1992-04-16,2.135,2.135,2.135,2.135,
1992-04-20,2.036,2.036,2.036,2.036,
1992-04-21,2.066,2.066,2.066,2.066,
1992-04-22,2.051,2.051,2.051,2.051,
1992-04-23,2.047,2.047,2.047,2.047,
1992-04-24,2.104,2.104,2.104,2.104,
1992-04-27,2.112,2.112,2.112,2.112,
1992-04-28,2.104,2.104,2.104,2.104,
1992-04-29,2.135,2.135,2.135,2.135,
1992-04-30,2.189,2.189,2.189,2.189,
1992-05-01,2.169,2.169,2.169,2.169,
1992-05-04,2.208,2.208,2.208,2.208,
1992-05-05,2.231,2.231,2.231,2.231,
1992-05-06,2.2,2.2,2.2,2.2,
1992-05-07,2.196,2.196,2.196,2.196,
1992-05-08,2.204,2.204,2.204,2.204,
1992-05-11,2.211,2.211,2.211,2.211,
1992-05-12,2.196,2.196,2.196,2.196,
1992-05-13,2.181,2.181,2.181,2.181,
1992-05-14,2.146,2.146,2.146,2.146,
1992-05-15,2.154,2.154,2.154,2.154,
1992-05-18,2.173,2.173,2.173,2.173,
1992-05-19,2.234,2.234,2.234,2.234,
1992-05-20,2.254,2.254,2.254,2.254,
1992-05-21,2.227,2.227,2.227,2.227,
1992-05-22,2.246,2.246,2.246,2.246,
1992-05-26,2.2,2.2,2.2,2.2,
1992-05-27,2.208,2.208,2.208,2.208,
1992-05-28,2.304,2.304,2.304,2.304,
1992-05-29,2.296,2.296,2.296,2.296,
1992-06-01,2.3,2.3,2.3,2.3,
1992-06-02,2.2,2.2,2.2,2.2,
1992-06-03,2.208,2.208,2.208,2.208,
1992-06-04,2.192,2.192,2.192,2.192,
1992-06-05,2.231,2.231,2.231,2.231,
1992-06-08,2.192,2.192,2.192,2.192,
1992-06-09,2.142,2.142,2.142,2.142,
1992-06-10,2.111,2.111,2.111,2.111,
1992-06-11,2.119,2.119,2.119,2.119,
1992-06-12,2.108,2.108,2.108,2.108,
1992-06-15,2.104,2.104,2.104,2.104,
1992-06-16,2.115,2.115,2.115,2.115,
1992-06-17,2.081,2.081,2.081,2.081,
1992-06-18,2.108,2.108,2.108,2.108,
1992-06-19,2.138,2.138,2.138,2.138,
1992-06-22,2.219,2.219,2.219,2.219,
1992-06-23,2.223,2.223,2.223,2.223,
1992-06-24,2.169,2.169,2.169,2.169,
1992-06-25,2.2,2.2,2.2,2.2,
1992-06-26,2.215,2.215,2.215,2.215,
1992-06-29,2.284,2.284,2.284,2.284,
1992-06-30,2.246,2.246,2.246,2.246,
1992-07-01,2.315,2.315,2.315,2.315,
1992-07-02,2.319,2.319,2.319,2.319,
1992-07-06,2.358,2.358,2.358,2.358,
1992-07-07,2.338,2.338,2.338,2.338,
1992-07-08,2.354,2.354,2.354,2.354,
1992-07-09,2.381,2.381,2.381,2.381,
1992-07-10,2.381,2.381,2.381,2.381,
1992-07-13,2.377,2.377,2.377,2.377,
1992-07-14,2.381,2.381,2.381,2.381,
1992-07-15,2.365,2.365,2.365,2.365,
1992-07-16,2.365,2.365,2.365,2.365,
1992-07-17,2.361,2.361,2.361,2.361,
1992-07-20,2.327,2.327,2.327,2.327,
1992-07-21,2.331,2.331,2.331,2.331,
1992-07-22,2.323,2.323,2.323,2.323,
1992-07-23,2.292,2.292,2.292,2.292,
1992-07-24,2.315,2.315,2.315,2.315,
1992-07-27,2.354,2.354,2.354,2.354,
1992-07-28,2.381,2.381,2.381,2.381,
1992-07-29,2.415,2.415,2.415,2.415,
1992-07-30,2.396,2.396,2.396,2.396,
1992-07-31,2.411,2.411,2.411,2.411,
1992-08-03,2.45,2.45,2.45,2.45,
1992-08-04,2.496,2.496,2.496,2.496,
1992-08-05,2.504,2.504,2.504,2.504,
1992-08-06,2.5,2.5,2.5,2.5,
1992-08-07,2.485,2.485,2.485,2.485,
1992-08-10,2.458,2.458,2.458,2.458,
1992-08-11,2.489,2.489,2.489,2.489,
1992-08-12,2.492,2.492,2.492,2.492,
1992-08-13,2.477,2.477,2.477,2.477,
1992-08-14,2.477,2.477,2.477,2.477,
1992-08-17,2.504,2.504,2.504,2.504,
1992-08-18,2.527,2.527,2.527,2.527,
1992-08-19,2.527,2.527,2.527,2.527,
1992-08-20,2.566,2.566,2.566,2.566,
1992-08-21,2.539,2.539,2.539,2.539,
1992-08-24,2.473,2.473,2.473,2.473,
1992-08-25,2.489,2.489,2.489,2.489,
1992-08-26,2.485,2.485,2.485,2.485,
1992-08-27,2.465,2.465,2.465,2.465,
1992-08-28,2.415,2.415,2.415,2.415,
1992-08-31,2.388,2.388,2.388,2.388,
1992-09-01,2.431,2.431,2.431,2.431,
1992-09-02,2.454,2.454,2.454,2.454,
1992-09-03,2.461,2.461,2.461,2.461,
1992-09-04,2.485,2.485,2.485,2.485,
1992-09-08,2.446,2.446,2.446,2.446,
1992-09-09,2.446,2.446,2.446,2.446,
1992-09-10,2.415,2.415,2.415,2.415,
1992-09-11,2.423,2.423,2.423,2.423,
1992-09-14,2.469,2.469,2.469,2.469,
1992-09-15,2.461,2.461,2.461,2.461,
1992-09-16,2.473,2.473,2.473,2.473,
1992-09-17,2.465,2.465,2.465,2.465,
1992-09-18,2.481,2.481,2.481,2.481,
1992-09-21,2.5,2.5,2.5,2.5,
1992-09-22,2.473,2.473,2.473,2.473,
1992-09-23,2.442,2.442,2.442,2.442,
1992-09-24,2.434,2.434,2.434,2.434,
1992-09-25,2.303,2.303,2.303,2.303,
1992-09-28,2.288,2.288,2.288,2.288,
1992-09-29,2.303,2.303,2.303,2.303,
1992-09-30,2.311,2.311,2.311,2.311,
1992-10-01,2.303,2.303,2.303,2.303,
1992-10-02,2.268,2.268,2.268,2.268,
1992-10-05,2.295,2.295,2.295,2.295,
1992-10-06,2.23,2.23,2.23,2.23,
1992-10-07,2.237,2.237,2.237,2.237,
1992-10-08,2.222,2.222,2.222,2.222,
1992-10-09,2.179,2.179,2.179,2.179,
1992-10-12,2.195,2.195,2.195,2.195,
1992-10-13,2.214,2.214,2.214,2.214,
1992-10-14,2.272,2.272,2.272,2.272,
1992-10-15,2.291,2.291,2.291,2.291,
1992-10-16,2.28,2.28,2.28,2.28,
1992-10-19,2.291,2.291,2.291,2.291,
1992-10-20,2.303,2.303,2.303,2.303,
1992-10-21,2.33,2.33,2.33,2.33,
1992-10-22,2.295,2.295,2.295,2.295,
1992-10-23,2.245,2.245,2.245,2.245,
1992-10-26,2.284,2.284,2.284,2.284,
1992-10-27,2.295,2.295,2.295,2.295,
1992-10-28,2.303,2.303,2.303,2.303,
1992-10-29,2.326,2.326,2.326,2.326,
1992-10-30,2.338,2.338,2.338,2.338,
1992-11-02,2.384,2.384,2.384,2.384,
1992-11-03,2.369,2.369,2.369,2.369,
1992-11-04,2.299,2.299,2.299,2.299,
1992-11-05,2.291,2.291,2.291,2.291,
1992-11-06,2.288,2.288,2.288,2.288,
1992-11-09,2.257,2.257,2.257,2.257,
1992-11-10,2.307,2.307,2.307,2.307,
1992-11-11,2.38,2.38,2.38,2.38,
1992-11-12,2.388,2.388,2.388,2.388,
1992-11-13,2.349,2.349,2.349,2.349,
1992-11-16,2.376,2.376,2.376,2.376,
1992-11-17,2.4,2.4,2.4,2.4,
1992-11-18,2.404,2.404,2.404,2.404,
1992-11-19,2.442,2.442,2.442,2.442,
1992-11-20,2.458,2.458,2.458,2.458,
1992-11-23,2.446,2.446,2.446,2.446,
1992-11-24,2.454,2.454,2.454,2.454,
1992-11-25,2.442,2.442,2.442,2.442,
1992-11-27,2.477,2.477,2.477,2.477,
1992-11-30,2.427,2.427,2.427,2.427,
1992-12-01,2.423,2.423,2.423,2.423,
1992-12-02,2.384,2.384,2.384,2.384,
1992-12-03,2.392,2.392,2.392,2.392,
1992-12-04,2.38,2.38,2.38,2.38,
1992-12-07,2.423,2.423,2.423,2.423,
1992-12-08,2.446,2.446,2.446,2.446,
1992-12-09,2.474,2.474,2.474,2.474,
1992-12-10,2.427,2.427,2.427,2.427,
1992-12-11,2.431,2.431,2.431,2.431,
1992-12-14,2.474,2.474,2.474,2.474,
1992-12-15,2.458,2.458,2.458,2.458,
1992-12-16,2.431,2.431,2.431,2.431,
1992-12-17,2.462,2.462,2.462,2.462,
1992-12-18,2.477,2.477,2.477,2.477,
1992-12-21,2.442,2.442,2.442,2.442,
1992-12-22,2.396,2.396,2.396,2.396,
1992-12-23,2.299,2.299,2.299,2.299,
1992-12-24,2.314,2.314,2.314,2.314,
1992-12-28,2.299,2.299,2.299,2.299,
1992-12-29,2.283,2.283,2.283,2.283,
1992-12-30,2.272,2.272,2.272,2.272,
1992-12-31,2.252,2.252,2.252,2.252,
1993-01-04,2.248,2.248,2.248,2.248,
1993-01-05,2.171,2.171,2.171,2.171,
1993-01-06,2.12,2.12,2.12,2.12,
1993-01-07,2.085,2.085,2.085,2.085,
1993-01-08,2.112,2.112,2.112,2.112,
1993-01-11,2.128,2.128,2.128,2.128,
1993-01-12,2.112,2.112,2.112,2.112,
1993-01-13,2.058,2.058,2.058,2.058,
1993-01-14,2.039,2.039,2.039,2.039,
1993-01-15,2.031,2.031,2.031,2.031,
1993-01-18,1.965,1.965,1.965,1.965,
1993-01-19,1.895,1.895,1.895,1.895,
1993-01-20,1.973,1.973,1.973,1.973,
1993-01-21,2.019,2.019,2.019,2.019,
1993-01-22,2.105,2.105,2.105,2.105,
1993-01-25,2.077,2.077,2.077,2.077,
1993-01-26,2.023,2.023,2.023,2.023,
1993-01-27,2.039,2.039,2.039,2.039,
1993-01-28,2.054,2.054,2.054,2.054,
1993-01-29,2.05,2.05,2.05,2.05,
1993-02-01,2.05,2.05,2.05,2.05,
1993-02-02,1.961,1.961,1.961,1.961,
1993-02-03,1.996,1.996,1.996,1.996,
1993-02-04,2.0,2.0,2.0,2.0,
1993-02-05,1.965,1.965,1.965,1.965,
1993-02-08,1.947,1.947,1.947,1.947,
1993-02-09,1.935,1.935,1.935,1.935,
1993-02-10,1.958,1.958,1.958,1.958,
1993-02-11,2.013,2.013,2.013,2.013,
1993-02-12,2.009,2.009,2.009,2.009,
1993-02-16,1.88,1.88,1.88,1.88,
1993-02-17,1.853,1.853,1.853,1.853,
1993-02-18,1.849,1.849,1.849,1.849,
1993-02-19,1.704,1.704,1.704,1.704,
1993-02-22,1.689,1.689,1.689,1.689,
1993-02-23,1.786,1.786,1.786,1.786,
1993-02-24,1.806,1.806,1.806,1.806,
1993-02-25,1.786,1.786,1.786,1.786,
1993-02-26,1.826,1.826,1.826,1.826,
1993-03-01,1.857,1.857,1.857,1.857,
1993-03-02,1.9,1.9,1.9,1.9,
1993-03-03,1.896,1.896,1.896,1.896,
1993-03-04,1.892,1.892,1.892,1.892,
1993-03-05,1.841,1.841,1.841,1.841,
1993-03-08,1.888,1.888,1.888,1.888,
1993-03-09,1.869,1.869,1.869,1.869,
1993-03-10,1.978,1.978,1.978,1.978,
1993-03-11,1.951,1.951,1.951,1.951,
1993-03-12,1.943,1.943,1.943,1.943,
1993-03-15,1.943,1.943,1.943,1.943,
1993-03-16,1.876,1.876,1.876,1.876,
1993-03-17,1.826,1.826,1.826,1.826,
1993-03-18,1.857,1.857,1.857,1.857,
1993-03-19,1.837,1.837,1.837,1.837,
1993-03-22,1.806,1.806,1.806,1.806,
1993-03-23,1.865,1.865,1.865,1.865,
1993-03-24,1.802,1.802,1.802,1.802,
1993-03-25,1.865,1.865,1.865,1.865,
1993-03-26,1.826,1.826,1.826,1.826,
1993-03-29,1.876,1.876,1.876,1.876,
1993-03-30,1.966,1.966,1.966,1.966,
1993-03-31,1.947,1.947,1.947,1.947,
1993-04-01,1.912,1.912,1.912,1.912,
1993-04-02,1.841,1.841,1.841,1.841,
1993-04-05,1.845,1.845,1.845,1.845,
1993-04-06,1.802,1.802,1.802,1.802,
1993-04-07,1.829,1.829,1.829,1.829,
1993-04-08,1.837,1.837,1.837,1.837,
1993-04-12,1.919,1.919,1.919,1.919,
1993-04-13,1.892,1.892,1.892,1.892,
1993-04-14,1.9,1.9,1.9,1.9,
1993-04-15,1.9,1.9,1.9,1.9,
1993-04-16,1.892,1.892,1.892,1.892,
1993-04-19,1.935,1.935,1.935,1.935,
1993-04-20,2.037,2.037,2.037,2.037,
1993-04-21,2.064,2.064,2.064,2.064,
1993-04-22,2.001,2.001,2.001,2.001,
1993-04-23,2.025,2.025,2.025,2.025,
1993-04-26,1.998,1.998,1.998,1.998,
1993-04-27,2.119,2.119,2.119,2.119,
1993-04-28,2.134,2.134,2.134,2.134,
1993-04-29,2.107,2.107,2.107,2.107,
1993-04-30,2.134,2.134,2.134,2.134,
1993-05-03,2.181,2.181,2.181,2.181,
1993-05-04,2.166,2.166,2.166,2.166,
1993-05-05,2.205,2.205,2.205,2.205,
1993-05-06,2.166,2.166,2.166,2.166,
1993-05-07,2.17,2.17,2.17,2.17,
1993-05-10,2.147,2.147,2.147,2.147,
1993-05-11,2.171,2.171,2.171,2.171,
1993-05-12,2.187,2.187,2.187,2.187,
1993-05-13,2.163,2.163,2.163,2.163,
1993-05-14,2.195,2.195,2.195,2.195,
1993-05-17,2.254,2.254,2.254,2.254,
1993-05-18,2.214,2.214,2.214,2.214,
1993-05-19,2.25,2.25,2.25,2.25,
1993-05-20,2.257,2.257,2.257,2.257,
1993-05-21,2.242,2.242,2.242,2.242,
1993-05-24,2.257,2.257,2.257,2.257,
1993-05-25,2.273,2.273,2.273,2.273,
1993-05-26,2.309,2.309,2.309,2.309,
1993-05-27,2.277,2.277,2.277,2.277,
1993-05-28,2.257,2.257,2.257,2.257,
1993-06-01,2.293,2.293,2.293,2.293,
1993-06-02,2.269,2.269,2.269,2.269,
1993-06-03,2.25,2.25,2.25,2.25,
1993-06-04,2.198,2.198,2.198,2.198,
1993-06-07,2.191,2.191,2.191,2.191,
1993-06-08,2.187,2.187,2.187,2.187,
1993-06-09,2.183,2.183,2.183,2.183,
1993-06-10,2.226,2.226,2.226,2.226,
1993-06-11,2.23,2.23,2.23,2.23,
1993-06-14,2.277,2.277,2.277,2.277,
1993-06-15,2.301,2.301,2.301,2.301,
1993-06-16,2.336,2.336,2.336,2.336,
1993-06-17,2.352,2.352,2.352,2.352,
1993-06-18,2.269,2.269,2.269,2.269,
1993-06-21,2.202,2.202,2.202,2.202,
1993-06-22,2.191,2.191,2.191,2.191,
1993-06-23,2.195,2.195,2.195,2.195,
1993-06-24,2.198,2.198,2.198,2.198,
1993-06-25,2.191,2.191,2.191,2.191,
1993-06-28,2.167,2.167,2.167,2.167,
1993-06-29,2.179,2.179,2.179,2.179,
1993-06-30,2.108,2.108,2.108,2.108,
1993-07-01,2.045,2.045,2.045,2.045,
1993-07-02,1.998,1.998,1.998,1.998,
1993-07-06,1.974,1.974,1.974,1.974,
1993-07-07,2.006,2.006,2.006,2.006,
1993-07-08,2.057,2.057,2.057,2.057,
1993-07-09,2.069,2.069,2.069,2.069,
1993-07-12,2.025,2.025,2.025,2.025,
1993-07-13,2.049,2.049,2.049,2.049,
1993-07-14,2.037,2.037,2.037,2.037,
1993-07-15,1.99,1.99,1.99,1.99,
1993-07-16,1.955,1.955,1.955,1.955,
1993-07-19,1.982,1.982,1.982,1.982,
1993-07-20,1.998,1.998,1.998,1.998,
1993-07-21,2.014,2.014,2.014,2.014,
1993-07-22,2.002,2.002,2.002,2.002,
1993-07-23,2.045,2.045,2.045,2.045,
1993-07-26,2.045,2.045,2.045,2.045,
1993-07-27,2.069,2.069,2.069,2.069,
1993-07-28,1.998,1.998,1.998,1.998,
1993-07-29,1.943,1.943,1.943,1.943,
1993-07-30,1.872,1.872,1.872,1.872,
1993-08-02,1.897,1.897,1.897,1.897,
1993-08-03,1.889,1.889,1.889,1.889,
1993-08-04,1.897,1.897,1.897,1.897,
1993-08-05,1.866,1.866,1.866,1.866,
1993-08-06,1.873,1.873,1.873,1.873,
1993-08-09,1.889,1.889,1.889,1.889,
1993-08-10,1.893,1.893,1.893,1.893,
1993-08-11,1.854,1.854,1.854,1.854,
1993-08-12,1.834,1.834,1.834,1.834,
1993-08-13,1.81,1.81,1.81,1.81,
1993-08-16,1.877,1.877,1.877,1.877,
1993-08-17,1.917,1.917,1.917,1.917,
1993-08-18,2.004,2.004,2.004,2.004,
1993-08-19,2.0,2.0,2.0,2.0,
1993-08-20,2.032,2.032,2.032,2.032,
1993-08-23,1.988,1.988,1.988,1.988,
1993-08-24,1.965,1.965,1.965,1.965,
1993-08-25,1.965,1.965,1.965,1.965,
1993-08-26,2.008,2.008,2.008,2.008,
1993-08-27,1.996,1.996,1.996,1.996,
1993-08-30,1.996,1.996,1.996,1.996,
1993-08-31,1.996,1.996,1.996,1.996,
1993-09-01,1.988,1.988,1.988,1.988,
1993-09-02,2.052,2.052,2.052,2.052,
1993-09-03,2.032,2.032,2.032,2.032,
1993-09-07,2.008,2.008,2.008,2.008,
1993-09-08,1.965,1.965,1.965,1.965,
1993-09-09,1.984,1.984,1.984,1.984,
1993-09-10,1.945,1.945,1.945,1.945,
1993-09-13,1.913,1.913,1.913,1.913,
1993-09-14,2.008,2.008,2.008,2.008,
1993-09-15,1.949,1.949,1.949,1.949,
1993-09-16,1.913,1.913,1.913,1.913,
1993-09-17,1.905,1.905,1.905,1.905,
1993-09-20,1.87,1.87,1.87,1.87,
1993-09-21,1.945,1.945,1.945,1.945,
1993-09-22,1.913,1.913,1.913,1.913,
1993-09-23,1.984,1.984,1.984,1.984,
1993-09-24,1.937,1.937,1.937,1.937,
1993-09-27,1.929,1.929,1.929,1.929,
1993-09-28,1.901,1.901,1.901,1.901,
1993-09-29,1.889,1.889,1.889,1.889,
1993-09-30,1.885,1.885,1.885,1.885,
1993-10-01,1.877,1.877,1.877,1.877,
1993-10-04,1.83,1.83,1.83,1.83,
1993-10-05,1.87,1.87,1.87,1.87,
1993-10-06,1.862,1.862,1.862,1.862,
1993-10-07,1.881,1.881,1.881,1.881,
1993-10-08,1.881,1.881,1.881,1.881,
1993-10-11,1.913,1.913,1.913,1.913,
1993-10-12,1.917,1.917,1.917,1.917,
1993-10-13,1.897,1.897,1.897,1.897,
1993-10-14,1.917,1.917,1.917,1.917,
1993-10-15,1.949,1.949,1.949,1.949,
1993-10-18,2.02,2.02,2.02,2.02,
1993-10-19,1.996,1.996,1.996,1.996,
1993-10-20,2.04,2.04,2.04,2.04,
1993-10-21,2.044,2.044,2.044,2.044,
1993-10-22,2.0,2.0,2.0,2.0,
1993-10-25,1.98,1.98,1.98,1.98,
1993-10-26,1.976,1.976,1.976,1.976,
1993-10-27,1.961,1.961,1.961,1.961,
1993-10-28,1.953,1.953,1.953,1.953,
1993-10-29,1.972,1.972,1.972,1.972,
1993-11-01,1.98,1.98,1.98,1.98,
1993-11-02,1.972,1.972,1.972,1.972,
1993-11-03,2.016,2.016,2.016,2.016,
1993-11-04,2.028,2.028,2.028,2.028,
1993-11-05,2.021,2.021,2.021,2.021,
1993-11-08,1.986,1.986,1.986,1.986,
1993-11-09,1.974,1.974,1.974,1.974,
1993-11-10,2.001,2.001,2.001,2.001,
1993-11-11,2.041,2.041,2.041,2.041,
1993-11-12,2.097,2.097,2.097,2.097,
1993-11-15,2.117,2.117,2.117,2.117,
1993-11-16,2.157,2.157,2.157,2.157,
1993-11-17,2.133,2.133,2.133,2.133,
1993-11-18,2.093,2.093,2.093,2.093,
1993-11-19,2.081,2.081,2.081,2.081,
1993-11-22,2.097,2.097,2.097,2.097,
1993-11-23,2.121,2.121,2.121,2.121,
1993-11-24,2.093,2.093,2.093,2.093,
1993-11-26,2.085,2.085,2.085,2.085,
1993-11-29,2.101,2.101,2.101,2.101,
1993-11-30,2.121,2.121,2.121,2.121,
1993-12-01,2.113,2.113,2.113,2.113,
1993-12-02,2.121,2.121,2.121,2.121,
1993-12-03,2.117,2.117,2.117,2.117,
1993-12-06,2.157,2.157,2.157,2.157,
1993-12-07,2.129,2.129,2.129,2.129,
1993-12-08,2.133,2.133,2.133,2.133,
1993-12-09,2.093,2.093,2.093,2.093,
1993-12-10,2.085,2.085,2.085,2.085,
1993-12-13,2.089,2.089,2.089,2.089,
1993-12-14,2.069,2.069,2.069,2.069,
1993-12-15,2.073,2.073,2.073,2.073,
1993-12-16,2.065,2.065,2.065,2.065,
1993-12-17,2.073,2.073,2.073,2.073,
1993-12-20,2.097,2.097,2.097,2.097,
1993-12-21,2.125,2.125,2.125,2.125,
1993-12-22,2.125,2.125,2.125,2.125,
1993-12-23,2.141,2.141,2.141,2.141,
1993-12-27,2.197,2.197,2.197,2.197,
1993-12-28,2.185,2.185,2.185,2.185,
1993-12-29,2.225,2.225,2.225,2.225,
1993-12-30,2.209,2.209,2.209,2.209,
1993-12-31,2.201,2.201,2.201,2.201,
1994-01-03,2.169,2.169,2.169,2.169,
1994-01-04,2.177,2.177,2.177,2.177,
1994-01-05,2.193,2.193,2.193,2.193,
1994-01-06,2.177,2.177,2.177,2.177,
1994-01-07,2.177,2.177,2.177,2.177,
1994-01-10,2.217,2.217,2.217,2.217,
1994-01-11,2.201,2.201,2.201,2.201,
1994-01-12,2.189,2.189,2.189,2.189,
1994-01-13,2.177,2.177,2.177,2.177,
1994-01-14,2.157,2.157,2.157,2.157,
1994-01-17,2.153,2.153,2.153,2.153,
1994-01-18,2.165,2.165,2.165,2.165,
1994-01-19,2.005,2.005,2.005,2.005,
1994-01-20,1.997,1.997,1.997,1.997,
1994-01-21,2.017,2.017,2.017,2.017,
1994-01-24,1.962,1.962,1.962,1.962,
1994-01-25,1.978,1.978,1.978,1.978,
1994-01-26,2.001,2.001,2.001,2.001,
1994-01-27,2.005,2.005,2.005,2.005,
1994-01-28,2.037,2.037,2.037,2.037,
1994-01-31,2.061,2.061,2.061,2.061,
1994-02-01,2.037,2.037,2.037,2.037,
1994-02-02,2.045,2.045,2.045,2.045,
1994-02-03,2.041,2.041,2.041,2.041,
1994-02-04,1.978,1.978,1.978,1.978,
1994-02-07,1.981,1.981,1.981,1.981,
1994-02-08,1.908,1.908,1.908,1.908,
1994-02-09,1.916,1.916,1.916,1.916,
1994-02-10,1.912,1.912,1.912,1.912,
1994-02-11,1.908,1.908,1.908,1.908,
1994-02-14,1.872,1.872,1.872,1.872,
1994-02-15,1.86,1.86,1.86,1.86,
1994-02-16,1.844,1.844,1.844,1.844,
1994-02-17,1.832,1.832,1.832,1.832,
1994-02-18,1.844,1.844,1.844,1.844,
1994-02-22,1.856,1.856,1.856,1.856,
1994-02-23,1.856,1.856,1.856,1.856,
1994-02-24,1.82,1.82,1.82,1.82,
1994-02-25,1.844,1.844,1.844,1.844,
1994-02-28,1.864,1.864,1.864,1.864,
1994-03-01,1.836,1.836,1.836,1.836,
1994-03-02,1.832,1.832,1.832,1.832,
1994-03-03,1.796,1.796,1.796,1.796,
1994-03-04,1.8,1.8,1.8,1.8,
1994-03-07,1.828,1.828,1.828,1.828,
1994-03-08,1.84,1.84,1.84,1.84,
1994-03-09,1.848,1.848,1.848,1.848,
1994-03-10,1.824,1.824,1.824,1.824,
1994-03-11,1.856,1.856,1.856,1.856,
1994-03-14,1.824,1.824,1.824,1.824,
1994-03-15,1.808,1.808,1.808,1.808,
1994-03-16,1.816,1.816,1.816,1.816,
1994-03-17,1.852,1.852,1.852,1.852,
1994-03-18,1.832,1.832,1.832,1.832,
1994-03-21,1.864,1.864,1.864,1.864,
1994-03-22,1.832,1.832,1.832,1.832,
1994-03-23,1.784,1.784,1.784,1.784,
1994-03-24,1.792,1.792,1.792,1.792,
1994-03-25,1.8,1.8,1.8,1.8,
1994-03-28,1.776,1.776,1.776,1.776,
1994-03-29,1.776,1.776,1.776,1.776,
1994-03-30,1.736,1.736,1.736,1.736,
1994-03-31,1.736,1.736,1.736,1.736,
1994-04-04,1.723,1.723,1.723,1.723,
1994-04-05,1.752,1.752,1.752,1.752,
1994-04-06,1.748,1.748,1.748,1.748,
1994-04-07,1.78,1.78,1.78,1.78,
1994-04-08,1.752,1.752,1.752,1.752,
1994-04-11,1.752,1.752,1.752,1.752,
1994-04-12,1.727,1.727,1.727,1.727,
1994-04-13,1.732,1.732,1.732,1.732,
1994-04-14,1.76,1.76,1.76,1.76,
1994-04-15,1.736,1.736,1.736,1.736,
1994-04-18,1.727,1.727,1.727,1.727,
1994-04-19,1.792,1.792,1.792,1.792,
1994-04-20,1.856,1.856,1.856,1.856,
1994-04-21,1.912,1.912,1.912,1.912,
1994-04-22,1.892,1.892,1.892,1.892,
1994-04-25,1.888,1.888,1.888,1.888,
1994-04-26,1.864,1.864,1.864,1.864,
1994-04-28,1.868,1.868,1.868,1.868,
1994-04-29,1.896,1.896,1.896,1.896,
1994-05-02,1.965,1.965,1.965,1.965,
1994-05-03,1.961,1.961,1.961,1.961,
1994-05-04,1.924,1.924,1.924,1.924,
1994-05-05,1.936,1.936,1.936,1.936,
1994-05-06,1.912,1.912,1.912,1.912,
1994-05-09,1.928,1.928,1.928,1.928,
1994-05-10,1.952,1.952,1.952,1.952,
1994-05-11,1.968,1.968,1.968,1.968,
1994-05-12,1.988,1.988,1.988,1.988,
1994-05-13,1.972,1.972,1.972,1.972,
1994-05-16,2.004,2.004,2.004,2.004,
1994-05-17,2.053,2.053,2.053,2.053,
1994-05-18,2.037,2.037,2.037,2.037,
1994-05-19,2.057,2.057,2.057,2.057,
1994-05-20,2.049,2.049,2.049,2.049,
1994-05-23,2.049,2.049,2.049,2.049,
1994-05-24,2.061,2.061,2.061,2.061,
1994-05-25,2.069,2.069,2.069,2.069,
1994-05-26,2.089,2.089,2.089,2.089,
1994-05-27,2.069,2.069,2.069,2.069,
1994-05-31,2.065,2.065,2.065,2.065,
1994-06-01,2.049,2.049,2.049,2.049,
1994-06-02,2.057,2.057,2.057,2.057,
1994-06-03,2.077,2.077,2.077,2.077,
1994-06-06,2.041,2.041,2.041,2.041,
1994-06-07,2.037,2.037,2.037,2.037,
1994-06-08,2.017,2.017,2.017,2.017,
1994-06-09,2.053,2.053,2.053,2.053,
1994-06-10,2.041,2.041,2.041,2.041,
1994-06-13,2.053,2.053,2.053,2.053,
1994-06-14,2.077,2.077,2.077,2.077,
1994-06-15,2.077,2.077,2.077,2.077,
1994-06-16,2.069,2.069,2.069,2.069,
1994-06-17,2.073,2.073,2.073,2.073,
1994-06-20,2.069,2.069,2.069,2.069,
1994-06-21,2.069,2.069,2.069,2.069,
1994-06-22,2.037,2.037,2.037,2.037,
1994-06-23,2.045,2.045,2.045,2.045,
1994-06-24,2.009,2.009,2.009,2.009,
1994-06-27,2.013,2.013,2.013,2.013,
1994-06-28,2.0,2.0,2.0,2.0,
1994-06-29,2.041,2.041,2.041,2.041,
1994-06-30,2.045,2.045,2.045,2.045,
1994-07-01,2.033,2.033,2.033,2.033,
1994-07-05,2.029,2.029,2.029,2.029,
1994-07-06,2.004,2.004,2.004,2.004,
1994-07-07,2.017,2.017,2.017,2.017,
1994-07-08,2.037,2.037,2.037,2.037,
1994-07-11,2.049,2.049,2.049,2.049,
1994-07-12,2.009,2.009,2.009,2.009,
1994-07-13,2.009,2.009,2.009,2.009,
1994-07-14,2.033,2.033,2.033,2.033,
1994-07-15,2.033,2.033,2.033,2.033,
1994-07-18,2.021,2.021,2.021,2.021,
1994-07-19,2.013,2.013,2.013,2.013,
1994-07-20,1.948,1.948,1.948,1.948,
1994-07-21,1.96,1.96,1.96,1.96,
1994-07-22,1.944,1.944,1.944,1.944,
1994-07-25,1.996,1.996,1.996,1.996,
1994-07-26,1.996,1.996,1.996,1.996,
1994-07-27,1.992,1.992,1.992,1.992,
1994-07-28,1.992,1.992,1.992,1.992,
1994-07-29,2.009,2.009,2.009,2.009,
1994-08-01,2.008,2.008,2.008,2.008,
1994-08-02,2.073,2.073,2.073,2.073,
1994-08-03,2.065,2.065,2.065,2.065,
1994-08-04,2.065,2.065,2.065,2.065,
1994-08-05,2.044,2.044,2.044,2.044,
1994-08-08,2.044,2.044,2.044,2.044,
1994-08-09,2.077,2.077,2.077,2.077,
1994-08-10,2.126,2.126,2.126,2.126,
1994-08-11,2.13,2.13,2.13,2.13,
1994-08-12,2.122,2.122,2.122,2.122,
1994-08-15,2.134,2.134,2.134,2.134,
1994-08-16,2.179,2.179,2.179,2.179,
1994-08-17,2.195,2.195,2.195,2.195,
1994-08-18,2.248,2.248,2.248,2.248,
1994-08-19,2.244,2.244,2.244,2.244,
1994-08-22,2.24,2.24,2.24,2.24,
1994-08-23,2.256,2.256,2.256,2.256,
1994-08-24,2.232,2.232,2.232,2.232,
1994-08-25,2.236,2.236,2.236,2.236,
1994-08-26,2.265,2.265,2.265,2.265,
1994-08-29,2.252,2.252,2.252,2.252,
1994-08-30,2.236,2.236,2.236,2.236,
1994-08-31,2.228,2.228,2.228,2.228,
1994-09-01,2.203,2.203,2.203,2.203,
1994-09-02,2.187,2.187,2.187,2.187,
1994-09-06,2.191,2.191,2.191,2.191,
1994-09-07,2.207,2.207,2.207,2.207,
1994-09-08,2.199,2.199,2.199,2.199,
1994-09-09,2.187,2.187,2.187,2.187,
1994-09-12,2.179,2.179,2.179,2.179,
1994-09-13,2.179,2.179,2.179,2.179,
1994-09-14,2.175,2.175,2.175,2.175,
1994-09-15,2.163,2.163,2.163,2.163,
1994-09-16,2.122,2.122,2.122,2.122,
1994-09-19,2.15,2.15,2.15,2.15,
1994-09-20,2.11,2.11,2.11,2.11,
1994-09-21,2.122,2.122,2.122,2.122,
1994-09-22,2.142,2.142,2.142,2.142,
1994-09-23,2.183,2.183,2.183,2.183,
1994-09-26,2.22,2.22,2.22,2.22,
1994-09-27,2.265,2.265,2.265,2.265,
1994-09-28,2.293,2.293,2.293,2.293,
1994-09-29,2.244,2.244,2.244,2.244,
1994-09-30,2.256,2.256,2.256,2.256,
1994-10-03,2.285,2.285,2.285,2.285,
1994-10-04,2.289,2.289,2.289,2.289,
1994-10-05,2.256,2.256,2.256,2.256,
1994-10-06,2.22,2.22,2.22,2.22,
1994-10-07,2.252,2.252,2.252,2.252,
1994-10-10,2.322,2.322,2.322,2.322,
1994-10-11,2.375,2.375,2.375,2.375,
1994-10-12,2.342,2.342,2.342,2.342,
1994-10-13,2.35,2.35,2.35,2.35,
1994-10-14,2.342,2.342,2.342,2.342,
1994-10-17,2.346,2.346,2.346,2.346,
1994-10-18,2.35,2.35,2.35,2.35,
1994-10-19,2.354,2.354,2.354,2.354,
1994-10-20,2.35,2.35,2.35,2.35,
1994-10-21,2.391,2.391,2.391,2.391,
1994-10-24,2.411,2.411,2.411,2.411,
1994-10-25,2.379,2.379,2.379,2.379,
1994-10-26,2.391,2.391,2.391,2.391,
1994-10-27,2.367,2.367,2.367,2.367,
1994-10-28,2.395,2.395,2.395,2.395,
1994-10-31,2.42,2.42,2.42,2.42,
1994-11-01,2.399,2.399,2.399,2.399,
1994-11-02,2.416,2.416,2.416,2.416,
1994-11-03,2.411,2.411,2.411,2.411,
1994-11-04,2.394,2.394,2.394,2.394,
1994-11-07,2.439,2.439,2.439,2.439,
1994-11-08,2.443,2.443,2.443,2.443,
1994-11-09,2.501,2.501,2.501,2.501,
1994-11-10,2.513,2.513,2.513,2.513,
1994-11-11,2.505,2.505,2.505,2.505,
1994-11-14,2.53,2.53,2.53,2.53,
1994-11-15,2.497,2.497,2.497,2.497,
1994-11-16,2.521,2.521,2.521,2.521,
1994-11-17,2.493,2.493,2.493,2.493,
1994-11-18,2.509,2.509,2.509,2.509,
1994-11-21,2.497,2.497,2.497,2.497,
1994-11-22,2.46,2.46,2.46,2.46,
1994-11-23,2.382,2.382,2.382,2.382,
1994-11-25,2.415,2.415,2.415,2.415,
1994-11-28,2.468,2.468,2.468,2.468,
1994-11-29,2.489,2.489,2.489,2.489,
1994-11-30,2.542,2.542,2.542,2.542,
1994-12-01,2.497,2.497,2.497,2.497,
1994-12-02,2.46,2.46,2.46,2.46,
1994-12-05,2.435,2.435,2.435,2.435,
1994-12-06,2.472,2.472,2.472,2.472,
1994-12-07,2.447,2.447,2.447,2.447,
1994-12-08,2.439,2.439,2.439,2.439,
1994-12-09,2.472,2.472,2.472,2.472,
1994-12-12,2.468,2.468,2.468,2.468,
1994-12-13,2.456,2.456,2.456,2.456,
1994-12-14,2.517,2.517,2.517,2.517,
1994-12-15,2.521,2.521,2.521,2.521,
1994-12-16,2.521,2.521,2.521,2.521,
1994-12-19,2.583,2.583,2.583,2.583,
1994-12-20,2.583,2.583,2.583,2.583,
1994-12-21,2.579,2.579,2.579,2.579,
1994-12-22,2.55,2.55,2.55,2.55,
1994-12-23,2.534,2.534,2.534,2.534,
1994-12-27,2.538,2.538,2.538,2.538,
1994-12-28,2.546,2.546,2.546,2.546,
1994-12-29,2.53,2.53,2.53,2.53,
1994-12-30,2.538,2.538,2.538,2.538,
1995-01-03,2.497,2.497,2.497,2.497,
1995-01-04,2.493,2.493,2.493,2.493,
1995-01-05,2.505,2.505,2.505,2.505,
1995-01-06,2.505,2.505,2.505,2.505,
1995-01-09,2.452,2.452,2.452,2.452,
1995-01-10,2.472,2.472,2.472,2.472,
1995-01-11,2.464,2.464,2.464,2.464,
1995-01-12,2.456,2.456,2.456,2.456,
1995-01-13,2.513,2.513,2.513,2.513,
1995-01-16,2.525,2.525,2.525,2.525,
1995-01-17,2.546,2.546,2.546,2.546,
1995-01-18,2.612,2.612,2.612,2.612,
1995-01-19,2.599,2.599,2.599,2.599,
1995-01-20,2.599,2.599,2.599,2.599,
1995-01-23,2.62,2.62,2.62,2.62,
1995-01-24,2.612,2.612,2.612,2.612,
1995-01-25,2.608,2.608,2.608,2.608,
1995-01-26,2.645,2.645,2.645,2.645,
1995-01-27,2.653,2.653,2.653,2.653,
1995-01-30,2.628,2.628,2.628,2.628,
1995-01-31,2.686,2.686,2.686,2.686,
1995-02-01,2.665,2.665,2.665,2.665,
1995-02-02,2.653,2.653,2.653,2.653,
1995-02-03,2.694,2.694,2.694,2.694,
1995-02-06,2.686,2.686,2.686,2.686,
1995-02-07,2.699,2.699,2.699,2.699,
1995-02-08,2.756,2.756,2.756,2.756,
1995-02-09,2.707,2.707,2.707,2.707,
1995-02-10,2.69,2.69,2.69,2.69,
1995-02-13,2.666,2.666,2.666,2.666,
1995-02-14,2.661,2.661,2.661,2.661,
1995-02-15,2.645,2.645,2.645,2.645,
1995-02-16,2.657,2.657,2.657,2.657,
1995-02-17,2.69,2.69,2.69,2.69,
1995-02-21,2.661,2.661,2.661,2.661,
1995-02-22,2.699,2.699,2.699,2.699,
1995-02-23,2.715,2.715,2.715,2.715,
1995-02-24,2.719,2.719,2.719,2.719,
1995-02-27,2.719,2.719,2.719,2.719,
1995-02-28,2.744,2.744,2.744,2.744,
1995-03-01,2.744,2.744,2.744,2.744,
1995-03-02,2.748,2.748,2.748,2.748,
1995-03-03,2.769,2.769,2.769,2.769,
1995-03-06,2.823,2.823,2.823,2.823,
1995-03-07,2.798,2.798,2.798,2.798,
1995-03-08,2.756,2.756,2.756,2.756,
1995-03-09,2.74,2.74,2.74,2.74,
1995-03-10,2.707,2.707,2.707,2.707,
1995-03-13,2.736,2.736,2.736,2.736,
1995-03-14,2.794,2.794,2.794,2.794,
1995-03-15,2.761,2.761,2.761,2.761,
1995-03-16,2.802,2.802,2.802,2.802,
1995-03-17,2.839,2.839,2.839,2.839,
1995-03-20,2.86,2.86,2.86,2.86,
1995-03-21,2.86,2.86,2.86,2.86,
1995-03-22,2.893,2.893,2.893,2.893,
1995-03-23,2.914,2.914,2.914,2.914,
1995-03-24,2.922,2.922,2.922,2.922,
1995-03-27,2.959,2.959,2.959,2.959,
1995-03-28,2.951,2.951,2.951,2.951,
1995-03-29,2.922,2.922,2.922,2.922,
1995-03-30,2.839,2.839,2.839,2.839,
1995-03-31,2.835,2.835,2.835,2.835,
1995-04-03,2.876,2.876,2.876,2.876,
1995-04-04,2.885,2.885,2.885,2.885,
1995-04-05,2.885,2.885,2.885,2.885,
1995-04-06,2.876,2.876,2.876,2.876,
1995-04-07,2.876,2.876,2.876,2.876,
1995-04-10,2.885,2.885,2.885,2.885,
1995-04-11,2.914,2.914,2.914,2.914,
1995-04-12,2.922,2.922,2.922,2.922,
1995-04-13,2.971,2.971,2.971,2.971,
1995-04-17,2.951,2.951,2.951,2.951,
1995-04-18,2.922,2.922,2.922,2.922,
1995-04-19,2.864,2.864,2.864,2.864,
1995-04-20,2.843,2.843,2.843,2.843,
1995-04-21,2.839,2.839,2.839,2.839,
1995-04-24,2.868,2.868,2.868,2.868,
1995-04-25,2.827,2.827,2.827,2.827,
1995-04-26,2.868,2.868,2.868,2.868,
1995-04-27,2.835,2.835,2.835,2.835,
1995-04-28,2.864,2.864,2.864,2.864,
1995-05-01,2.794,2.794,2.794,2.794,
1995-05-02,2.831,2.831,2.831,2.831,
1995-05-03,2.893,2.893,2.893,2.893,
1995-05-04,2.885,2.885,2.885,2.885,
1995-05-05,2.889,2.889,2.889,2.889,
1995-05-08,2.881,2.881,2.881,2.881,
1995-05-09,2.852,2.852,2.852,2.852,
1995-05-10,2.831,2.831,2.831,2.831,
1995-05-11,2.835,2.835,2.835,2.835,
1995-05-12,2.727,2.727,2.727,2.727,
1995-05-15,2.702,2.702,2.702,2.702,
1995-05-16,2.773,2.773,2.773,2.773,
1995-05-17,2.769,2.769,2.769,2.769,
1995-05-18,2.723,2.723,2.723,2.723,
1995-05-19,2.798,2.798,2.798,2.798,
1995-05-22,2.785,2.785,2.785,2.785,
1995-05-23,2.806,2.806,2.806,2.806,
1995-05-24,2.856,2.856,2.856,2.856,
1995-05-25,2.923,2.923,2.923,2.923,
1995-05-26,2.877,2.877,2.877,2.877,
1995-05-30,2.877,2.877,2.877,2.877,
1995-05-31,2.931,2.931,2.931,2.931,
1995-06-01,2.968,2.968,2.968,2.968,
1995-06-02,2.956,2.956,2.956,2.956,
1995-06-05,2.935,2.935,2.935,2.935,
1995-06-06,2.96,2.96,2.96,2.96,
1995-06-07,2.931,2.931,2.931,2.931,
1995-06-08,2.952,2.952,2.952,2.952,
1995-06-09,2.96,2.96,2.96,2.96,
1995-06-12,2.931,2.931,2.931,2.931,
1995-06-13,2.952,2.952,2.952,2.952,
1995-06-14,2.96,2.96,2.96,2.96,
1995-06-15,2.952,2.952,2.952,2.952,
1995-06-16,2.985,2.985,2.985,2.985,
1995-06-19,2.998,2.998,2.998,2.998,
1995-06-20,2.96,2.96,2.96,2.96,
1995-06-21,3.047,3.047,3.047,3.047,
1995-06-22,3.11,3.11,3.11,3.11,
1995-06-23,3.126,3.126,3.126,3.126,
1995-06-26,3.089,3.089,3.089,3.089,
1995-06-27,3.043,3.043,3.043,3.043,
1995-06-28,3.076,3.076,3.076,3.076,
1995-06-29,3.06,3.06,3.06,3.06,
1995-06-30,3.064,3.064,3.064,3.064,
1995-07-03,3.11,3.11,3.11,3.11,
1995-07-05,3.06,3.06,3.06,3.06,
1995-07-06,3.018,3.018,3.018,3.018,
1995-07-07,2.919,2.919,2.919,2.919,
1995-07-10,2.952,2.952,2.952,2.952,
1995-07-11,2.977,2.977,2.977,2.977,
1995-07-12,2.96,2.96,2.96,2.96,
1995-07-13,3.027,3.027,3.027,3.027,
1995-07-14,3.052,3.052,3.052,3.052,
1995-07-17,3.06,3.06,3.06,3.06,
1995-07-18,3.11,3.11,3.11,3.11,
1995-07-19,3.093,3.093,3.093,3.093,
1995-07-20,3.002,3.002,3.002,3.002,
1995-07-21,3.068,3.068,3.068,3.068,
1995-07-24,3.076,3.076,3.076,3.076,
1995-07-25,3.11,3.11,3.11,3.11,
1995-07-26,3.143,3.143,3.143,3.143,
1995-07-27,3.259,3.259,3.259,3.259,
1995-07-28,3.293,3.293,3.293,3.293,
1995-07-31,3.368,3.368,3.368,3.368,
1995-08-01,3.417,3.417,3.417,3.417,
1995-08-02,3.376,3.376,3.376,3.376,
1995-08-03,3.326,3.326,3.326,3.326,
1995-08-04,3.326,3.326,3.326,3.326,
1995-08-07,3.318,3.318,3.318,3.318,
1995-08-08,3.301,3.301,3.301,3.301,
1995-08-09,3.351,3.351,3.351,3.351,
1995-08-10,3.351,3.351,3.351,3.351,
1995-08-11,3.276,3.276,3.276,3.276,
1995-08-14,3.376,3.376,3.376,3.376,
1995-08-15,3.326,3.326,3.326,3.326,
1995-08-16,3.218,3.218,3.218,3.218,
1995-08-17,3.218,3.218,3.218,3.218,
1995-08-18,3.218,3.218,3.218,3.218,
1995-08-21,3.276,3.276,3.276,3.276,
1995-08-22,3.218,3.218,3.218,3.218,
1995-08-23,3.268,3.268,3.268,3.268,
1995-08-24,3.268,3.268,3.268,3.268,
1995-08-25,3.234,3.234,3.234,3.234,
1995-08-28,3.209,3.209,3.209,3.209,
1995-08-29,3.243,3.243,3.243,3.243,
1995-08-30,3.326,3.326,3.326,3.326,
1995-08-31,3.301,3.301,3.301,3.301,
1995-09-01,3.209,3.209,3.209,3.209,
1995-09-05,3.201,3.201,3.201,3.201,
1995-09-06,3.209,3.209,3.209,3.209,
1995-09-07,3.192,3.192,3.192,3.192,
1995-09-08,3.142,3.142,3.142,3.142,
1995-09-11,3.142,3.142,3.142,3.142,
1995-09-12,3.151,3.151,3.151,3.151,
1995-09-13,3.192,3.192,3.192,3.192,
1995-09-14,3.226,3.226,3.226,3.226,
1995-09-15,3.243,3.243,3.243,3.243,
1995-09-18,3.318,3.318,3.318,3.318,
1995-09-19,3.343,3.343,3.343,3.343,
1995-09-20,3.268,3.268,3.268,3.268,
1995-09-21,3.393,3.393,3.393,3.393,
1995-09-22,3.477,3.477,3.477,3.477,
1995-09-25,3.535,3.535,3.535,3.535,
1995-09-26,3.552,3.552,3.552,3.552,
1995-09-27,3.594,3.594,3.594,3.594,
1995-09-28,3.585,3.585,3.585,3.585,
1995-09-29,3.569,3.569,3.569,3.569,
1995-10-02,3.56,3.56,3.56,3.56,
1995-10-03,3.702,3.702,3.702,3.702,
1995-10-04,3.769,3.769,3.769,3.769,
1995-10-05,3.702,3.702,3.702,3.702,
1995-10-06,3.761,3.761,3.761,3.761,
1995-10-09,3.769,3.769,3.769,3.769,
1995-10-10,3.677,3.677,3.677,3.677,
1995-10-11,3.702,3.702,3.702,3.702,
1995-10-12,3.819,3.819,3.819,3.819,
1995-10-13,3.811,3.811,3.811,3.811,
1995-10-16,3.894,3.894,3.894,3.894,
1995-10-17,3.911,3.911,3.911,3.911,
1995-10-18,3.953,3.953,3.953,3.953,
1995-10-19,4.011,4.011,4.011,4.011,
1995-10-20,4.078,4.078,4.078,4.078,
1995-10-23,3.978,3.978,3.978,3.978,
1995-10-24,4.07,4.07,4.07,4.07,
1995-10-25,4.078,4.078,4.078,4.078,
1995-10-26,3.986,3.986,3.986,3.986,
1995-10-27,3.936,3.936,3.936,3.936,
1995-10-30,3.894,3.894,3.894,3.894,
1995-10-31,3.836,3.836,3.836,3.836,
1995-11-01,3.953,3.953,3.953,3.953,
1995-11-02,3.919,3.919,3.919,3.919,
1995-11-03,3.886,3.886,3.886,3.886,
1995-11-06,3.894,3.894,3.894,3.894,
1995-11-07,3.995,3.995,3.995,3.995,
1995-11-08,4.079,4.079,4.079,4.079,
1995-11-09,4.004,4.004,4.004,4.004,
1995-11-10,3.928,3.928,3.928,3.928,
1995-11-13,3.911,3.911,3.911,3.911,
1995-11-14,3.962,3.962,3.962,3.962,
1995-11-15,4.088,4.088,4.088,4.088,
1995-11-16,4.021,4.021,4.021,4.021,
1995-11-17,3.995,3.995,3.995,3.995,
1995-11-20,3.987,3.987,3.987,3.987,
1995-11-21,3.995,3.995,3.995,3.995,
1995-11-22,3.928,3.928,3.928,3.928,
1995-11-24,3.92,3.92,3.92,3.92,
1995-11-27,3.895,3.895,3.895,3.895,
1995-11-28,3.92,3.92,3.92,3.92,
1995-11-29,3.895,3.895,3.895,3.895,
1995-11-30,3.895,3.895,3.895,3.895,
1995-12-01,3.928,3.928,3.928,3.928,
1995-12-04,4.105,4.105,4.105,4.105,
1995-12-05,4.298,4.298,4.298,4.298,
1995-12-06,4.348,4.348,4.348,4.348,
1995-12-07,4.331,4.331,4.331,4.331,
1995-12-08,4.272,4.272,4.272,4.272,
1995-12-11,4.306,4.306,4.306,4.306,
1995-12-12,4.398,4.398,4.398,4.398,
1995-12-13,4.373,4.373,4.373,4.373,
1995-12-14,4.449,4.449,4.449,4.449,
1995-12-15,4.407,4.407,4.407,4.407,
1995-12-18,4.331,4.331,4.331,4.331,
1995-12-19,4.247,4.247,4.247,4.247,
1995-12-20,4.13,4.13,4.13,4.13,
1995-12-21,4.172,4.172,4.172,4.172,
1995-12-22,4.197,4.197,4.197,4.197,
1995-12-26,4.247,4.247,4.247,4.247,
1995-12-27,4.23,4.23,4.23,4.23,
1995-12-28,4.205,4.205,4.205,4.205,
1995-12-29,4.23,4.23,4.23,4.23,
1996-01-02,4.18,4.18,4.18,4.18,
1996-01-03,4.163,4.163,4.163,4.163,
1996-01-04,4.323,4.323,4.323,4.323,
1996-01-05,4.264,4.264,4.264,4.264,
1996-01-08,4.314,4.314,4.314,4.314,
1996-01-09,4.398,4.398,4.398,4.398,
1996-01-10,4.23,4.23,4.23,4.23,
1996-01-11,4.146,4.146,4.146,4.146,
1996-01-12,4.13,4.13,4.13,4.13,
1996-01-15,4.146,4.146,4.146,4.146,
1996-01-16,4.239,4.239,4.239,4.239,
1996-01-17,4.23,4.23,4.23,4.23,
1996-01-18,4.222,4.222,4.222,4.222,
1996-01-19,4.155,4.155,4.155,4.155,
1996-01-22,4.096,4.096,4.096,4.096,
1996-01-23,4.079,4.079,4.079,4.079,
1996-01-24,4.281,4.281,4.281,4.281,
1996-01-25,4.306,4.306,4.306,4.306,
1996-01-26,4.423,4.423,4.423,4.423,
1996-01-29,4.398,4.398,4.398,4.398,
1996-01-30,4.524,4.524,4.524,4.524,
1996-01-31,4.6,4.6,4.6,4.6,
1996-02-01,4.625,4.625,4.625,4.625,
1996-02-02,4.558,4.558,4.558,4.558,
1996-02-05,4.6,4.6,4.6,4.6,
1996-02-06,4.549,4.549,4.549,4.549,
1996-02-07,4.578,4.578,4.578,4.578,
1996-02-08,4.645,4.645,4.645,4.645,
1996-02-09,4.645,4.645,4.645,4.645,
1996-02-12,4.704,4.704,4.704,4.704,
1996-02-13,4.738,4.738,4.738,4.738,
1996-02-14,4.688,4.688,4.688,4.688,
1996-02-15,4.645,4.645,4.645,4.645,
1996-02-16,4.586,4.586,4.586,4.586,
1996-02-20,4.485,4.485,4.485,4.485,
1996-02-21,4.477,4.477,4.477,4.477,
1996-02-22,4.578,4.578,4.578,4.578,
1996-02-23,4.586,4.586,4.586,4.586,
1996-02-26,4.452,4.452,4.452,4.452,
1996-02-27,4.502,4.502,4.502,4.502,
1996-02-28,4.452,4.452,4.452,4.452,
1996-02-29,4.443,4.443,4.443,4.443,
1996-03-01,4.485,4.485,4.485,4.485,
1996-03-04,4.595,4.595,4.595,4.595,
1996-03-05,4.62,4.62,4.62,4.62,
1996-03-06,4.553,4.553,4.553,4.553,
1996-03-07,4.553,4.553,4.553,4.553,
1996-03-08,4.435,4.435,4.435,4.435,
1996-03-11,4.376,4.376,4.376,4.376,
1996-03-12,4.3,4.3,4.3,4.3,
1996-03-13,4.182,4.182,4.182,4.182,
1996-03-14,4.156,4.156,4.156,4.156,
1996-03-15,4.241,4.241,4.241,4.241,
1996-03-18,4.232,4.232,4.232,4.232,
1996-03-19,4.258,4.258,4.258,4.258,
1996-03-20,4.275,4.275,4.275,4.275,
1996-03-21,4.511,4.511,4.511,4.511,
1996-03-22,4.57,4.57,4.57,4.57,
1996-03-25,4.57,4.57,4.57,4.57,
1996-03-26,4.637,4.637,4.637,4.637,
1996-03-27,4.561,4.561,4.561,4.561,
1996-03-28,4.561,4.561,4.561,4.561,
1996-03-29,4.536,4.536,4.536,4.536,
1996-04-01,4.721,4.721,4.721,4.721,
1996-04-02,4.848,4.848,4.848,4.848,
1996-04-03,4.856,4.856,4.856,4.856,
1996-04-04,4.806,4.806,4.806,4.806,
1996-04-08,4.713,4.713,4.713,4.713,
1996-04-09,4.645,4.645,4.645,4.645,
1996-04-10,4.494,4.494,4.494,4.494,
1996-04-11,4.536,4.536,4.536,4.536,
1996-04-12,4.654,4.654,4.654,4.654,
1996-04-15,4.679,4.679,4.679,4.679,
1996-04-16,4.654,4.654,4.654,4.654,
1996-04-17,4.629,4.629,4.629,4.629,
1996-04-18,4.637,4.637,4.637,4.637,
1996-04-19,4.721,4.721,4.721,4.721,
1996-04-22,4.704,4.704,4.704,4.704,
1996-04-23,4.62,4.62,4.62,4.62,
1996-04-24,4.536,4.536,4.536,4.536,
1996-04-25,4.502,4.502,4.502,4.502,
1996-04-26,4.519,4.519,4.519,4.519,
1996-04-29,4.586,4.586,4.586,4.586,
1996-04-30,4.645,4.645,4.645,4.645,
1996-05-01,4.629,4.629,4.629,4.629,
1996-05-02,4.511,4.511,4.511,4.511,
1996-05-03,4.468,4.468,4.468,4.468,
1996-05-06,4.502,4.502,4.502,4.502,
1996-05-07,4.359,4.359,4.359,4.359,
1996-05-08,4.43,4.43,4.43,4.43,
1996-05-09,4.405,4.405,4.405,4.405,
1996-05-10,4.506,4.506,4.506,4.506,
1996-05-13,4.582,4.582,4.582,4.582,
1996-05-14,4.515,4.515,4.515,4.515,
1996-05-15,4.515,4.515,4.515,4.515,
1996-05-16,4.591,4.591,4.591,4.591,
1996-05-17,4.532,4.532,4.532,4.532,
1996-05-20,4.523,4.523,4.523,4.523,
1996-05-21,4.498,4.498,4.498,4.498,
1996-05-22,4.574,4.574,4.574,4.574,
1996-05-23,4.65,4.65,4.65,4.65,
1996-05-24,4.752,4.752,4.752,4.752,
1996-05-28,4.726,4.726,4.726,4.726,
1996-05-29,4.701,4.701,4.701,4.701,
1996-05-30,4.786,4.786,4.786,4.786,
1996-05-31,4.794,4.794,4.794,4.794,
1996-06-03,4.837,4.837,4.837,4.837,
1996-06-04,4.887,4.887,4.887,4.887,
1996-06-05,5.031,5.031,5.031,5.031,
1996-06-06,4.913,4.913,4.913,4.913,
1996-06-07,5.006,5.006,5.006,5.006,
1996-06-10,5.023,5.023,5.023,5.023,
1996-06-11,4.904,4.904,4.904,4.904,
1996-06-12,4.853,4.853,4.853,4.853,
1996-06-13,4.921,4.921,4.921,4.921,
1996-06-14,5.133,5.133,5.133,5.133,
1996-06-17,5.082,5.082,5.082,5.082,
1996-06-18,4.964,4.964,4.964,4.964,
1996-06-19,5.048,5.048,5.048,5.048,
1996-06-20,5.006,5.006,5.006,5.006,
1996-06-21,4.981,4.981,4.981,4.981,
1996-06-24,4.947,4.947,4.947,4.947,
1996-06-25,5.014,5.014,5.014,5.014,
1996-06-26,4.853,4.853,4.853,4.853,
1996-06-27,4.803,4.803,4.803,4.803,
1996-06-28,4.837,4.837,4.837,4.837,
1996-07-01,4.845,4.845,4.845,4.845,
1996-07-02,4.896,4.896,4.896,4.896,
1996-07-03,4.921,4.921,4.921,4.921,
1996-07-05,4.811,4.811,4.811,4.811,
1996-07-08,4.828,4.828,4.828,4.828,
1996-07-09,4.913,4.913,4.913,4.913,
1996-07-10,4.972,4.972,4.972,4.972,
1996-07-11,4.887,4.887,4.887,4.887,
1996-07-12,4.862,4.862,4.862,4.862,
1996-07-15,4.837,4.837,4.837,4.837,
1996-07-16,4.896,4.896,4.896,4.896,
1996-07-17,4.803,4.803,4.803,4.803,
1996-07-18,4.913,4.913,4.913,4.913,
1996-07-19,4.879,4.879,4.879,4.879,
1996-07-22,4.938,4.938,4.938,4.938,
1996-07-23,4.845,4.845,4.845,4.845,
1996-07-24,4.845,4.845,4.845,4.845,
1996-07-25,4.76,4.76,4.76,4.76,
1996-07-26,4.769,4.769,4.769,4.769,
1996-07-29,4.735,4.735,4.735,4.735,
1996-07-30,4.752,4.752,4.752,4.752,
1996-07-31,4.755,4.755,4.755,4.755,
1996-08-01,4.84,4.84,4.84,4.84,
1996-08-02,4.968,4.968,4.968,4.968,
1996-08-05,5.01,5.01,5.01,5.01,
1996-08-06,4.993,4.993,4.993,4.993,
1996-08-07,4.917,4.917,4.917,4.917,
1996-08-08,4.823,4.823,4.823,4.823,
1996-08-09,4.883,4.883,4.883,4.883,
1996-08-12,5.027,5.027,5.027,5.027,
1996-08-13,4.985,4.985,4.985,4.985,
1996-08-14,4.951,4.951,4.951,4.951,
1996-08-15,4.951,4.951,4.951,4.951,
1996-08-16,4.959,4.959,4.959,4.959,
1996-08-19,5.061,5.061,5.061,5.061,
1996-08-20,5.036,5.036,5.036,5.036,
1996-08-21,5.053,5.053,5.053,5.053,
1996-08-22,5.079,5.079,5.079,5.079,
1996-08-23,5.061,5.061,5.061,5.061,
1996-08-26,5.01,5.01,5.01,5.01,
1996-08-27,5.027,5.027,5.027,5.027,
1996-08-28,5.002,5.002,5.002,5.002,
1996-08-29,4.917,4.917,4.917,4.917,
1996-08-30,4.832,4.832,4.832,4.832,
1996-09-03,4.849,4.849,4.849,4.849,
1996-09-04,4.815,4.815,4.815,4.815,
1996-09-05,4.84,4.84,4.84,4.84,
1996-09-06,4.925,4.925,4.925,4.925,
1996-09-09,4.993,4.993,4.993,4.993,
1996-09-10,4.993,4.993,4.993,4.993,
1996-09-11,4.934,4.934,4.934,4.934,
1996-09-12,4.959,4.959,4.959,4.959,
1996-09-13,5.036,5.036,5.036,5.036,
1996-09-16,5.019,5.019,5.019,5.019,
1996-09-17,5.027,5.027,5.027,5.027,
1996-09-18,5.053,5.053,5.053,5.053,
1996-09-19,5.155,5.155,5.155,5.155,
1996-09-20,5.104,5.104,5.104,5.104,
1996-09-23,5.172,5.172,5.172,5.172,
1996-09-24,5.138,5.138,5.138,5.138,
1996-09-25,5.266,5.266,5.266,5.266,
1996-09-26,5.368,5.368,5.368,5.368,
1996-09-27,5.308,5.308,5.308,5.308,
1996-09-30,5.385,5.385,5.385,5.385,
1996-10-01,5.453,5.453,5.453,5.453,
1996-10-02,5.359,5.359,5.359,5.359,
1996-10-03,5.402,5.402,5.402,5.402,
1996-10-04,5.478,5.478,5.478,5.478,
1996-10-07,5.393,5.393,5.393,5.393,
1996-10-08,5.504,5.504,5.504,5.504,
1996-10-09,5.504,5.504,5.504,5.504,
1996-10-10,5.512,5.512,5.512,5.512,
1996-10-11,5.538,5.538,5.538,5.538,
1996-10-14,5.631,5.631,5.631,5.631,
1996-10-15,5.699,5.699,5.699,5.699,
1996-10-16,5.665,5.665,5.665,5.665,
1996-10-17,5.708,5.708,5.708,5.708,
1996-10-18,5.776,5.776,5.776,5.776,
1996-10-21,5.853,5.853,5.853,5.853,
1996-10-22,5.742,5.742,5.742,5.742,
1996-10-23,5.657,5.657,5.657,5.657,
1996-10-24,5.614,5.614,5.614,5.614,
1996-10-25,5.495,5.495,5.495,5.495,
1996-10-28,5.376,5.376,5.376,5.376,
1996-10-29,5.461,5.461,5.461,5.461,
1996-10-30,5.546,5.546,5.546,5.546,
1996-10-31,5.631,5.631,5.631,5.631,
1996-11-01,5.572,5.572,5.572,5.572,
1996-11-04,5.717,5.717,5.717,5.717,
1996-11-05,5.853,5.853,5.853,5.853,
1996-11-06,6.044,6.044,6.044,6.044,
1996-11-07,6.061,6.061,6.061,6.061,
1996-11-08,6.146,6.146,6.146,6.146,
1996-11-11,6.061,6.061,6.061,6.061,
1996-11-12,5.95,5.95,5.95,5.95,
1996-11-13,6.129,6.129,6.129,6.129,
1996-11-14,6.155,6.155,6.155,6.155,
1996-11-15,6.138,6.138,6.138,6.138,
1996-11-18,6.069,6.069,6.069,6.069,
1996-11-19,6.035,6.035,6.035,6.035,
1996-11-20,6.001,6.001,6.001,6.001,
1996-11-21,6.095,6.095,6.095,6.095,
1996-11-22,6.044,6.044,6.044,6.044,
1996-11-25,6.18,6.18,6.18,6.18,
1996-11-26,6.112,6.112,6.112,6.112,
1996-11-27,6.069,6.069,6.069,6.069,
1996-11-29,6.121,6.121,6.121,6.121,
1996-12-02,6.01,6.01,6.01,6.01,
1996-12-03,5.847,5.847,5.847,5.847,
1996-12-04,5.737,5.737,5.737,5.737,
1996-12-05,5.634,5.634,5.634,5.634,
1996-12-06,5.566,5.566,5.566,5.566,
1996-12-09,5.788,5.788,5.788,5.788,
1996-12-10,5.702,5.702,5.702,5.702,
1996-12-11,5.702,5.702,5.702,5.702,
1996-12-12,5.549,5.549,5.549,5.549,
1996-12-13,5.617,5.617,5.617,5.617,
1996-12-16,5.523,5.523,5.523,5.523,
1996-12-17,5.515,5.515,5.515,5.515,
1996-12-18,5.557,5.557,5.557,5.557,
1996-12-19,5.762,5.762,5.762,5.762,
1996-12-20,5.805,5.805,5.805,5.805,
1996-12-23,5.805,5.805,5.805,5.805,
1996-12-24,5.813,5.813,5.813,5.813,
1996-12-26,5.813,5.813,5.813,5.813,
1996-12-27,5.813,5.813,5.813,5.813,
1996-12-30,5.813,5.813,5.813,5.813,
1996-12-31,5.668,5.668,5.668,5.668,
1997-01-02,5.591,5.591,5.591,5.591,
1997-01-03,5.711,5.711,5.711,5.711,
1997-01-06,5.685,5.685,5.685,5.685,
1997-01-07,5.771,5.771,5.771,5.771,
1997-01-08,5.771,5.771,5.771,5.771,
1997-01-09,5.719,5.719,5.719,5.719,
1997-01-10,5.839,5.839,5.839,5.839,
1997-01-13,5.805,5.805,5.805,5.805,
1997-01-14,5.916,5.916,5.916,5.916,
1997-01-15,5.933,5.933,5.933,5.933,
1997-01-16,5.958,5.958,5.958,5.958,
1997-01-17,6.01,6.01,6.01,6.01,
1997-01-20,5.967,5.967,5.967,5.967,
1997-01-21,5.916,5.916,5.916,5.916,
1997-01-22,6.027,6.027,6.027,6.027,
1997-01-23,5.95,5.95,5.95,5.95,
1997-01-24,5.95,5.95,5.95,5.95,
1997-01-27,5.856,5.856,5.856,5.856,
1997-01-28,5.839,5.839,5.839,5.839,
1997-01-29,5.916,5.916,5.916,5.916,
1997-01-30,6.197,6.197,6.197,6.197,
1997-01-31,6.317,6.317,6.317,6.317,
1997-02-03,6.215,6.215,6.215,6.215,
1997-02-04,6.215,6.215,6.215,6.215,
1997-02-05,6.075,6.075,6.075,6.075,
1997-02-06,6.152,6.152,6.152,6.152,
1997-02-07,6.289,6.289,6.289,6.289,
1997-02-10,6.186,6.186,6.186,6.186,
1997-02-11,6.246,6.246,6.246,6.246,
1997-02-12,6.418,6.418,6.418,6.418,
1997-02-13,6.581,6.581,6.581,6.581,
1997-02-14,6.615,6.615,6.615,6.615,
1997-02-18,6.769,6.769,6.769,6.769,
1997-02-19,6.683,6.683,6.683,6.683,
1997-02-20,6.538,6.538,6.538,6.538,
1997-02-21,6.495,6.495,6.495,6.495,
1997-02-24,6.623,6.623,6.623,6.623,
1997-02-25,6.529,6.529,6.529,6.529,
1997-02-26,6.563,6.563,6.563,6.563,
1997-02-27,6.332,6.332,6.332,6.332,
1997-02-28,6.281,6.281,6.281,6.281,
1997-03-03,6.349,6.349,6.349,6.349,
1997-03-04,6.178,6.178,6.178,6.178,
1997-03-05,6.426,6.426,6.426,6.426,
1997-03-06,6.332,6.332,6.332,6.332,
1997-03-07,6.452,6.452,6.452,6.452,
1997-03-10,6.641,6.641,6.641,6.641,
1997-03-11,6.555,6.555,6.555,6.555,
1997-03-12,6.495,6.495,6.495,6.495,
1997-03-13,6.298,6.298,6.298,6.298,
1997-03-14,6.246,6.246,6.246,6.246,
1997-03-17,6.349,6.349,6.349,6.349,
1997-03-18,6.281,6.281,6.281,6.281,
1997-03-19,6.264,6.264,6.264,6.264,
1997-03-20,6.169,6.169,6.169,6.169,
1997-03-21,6.169,6.169,6.169,6.169,
1997-03-24,6.212,6.212,6.212,6.212,
1997-03-25,6.204,6.204,6.204,6.204,
1997-03-26,6.135,6.135,6.135,6.135,
1997-03-27,5.989,5.989,5.989,5.989,
1997-03-31,5.767,5.767,5.767,5.767,
1997-04-01,5.835,5.835,5.835,5.835,
1997-04-02,5.724,5.724,5.724,5.724,
1997-04-03,5.784,5.784,5.784,5.784,
1997-04-04,6.007,6.007,6.007,6.007,
1997-04-07,6.024,6.024,6.024,6.024,
1997-04-08,5.895,5.895,5.895,5.895,
1997-04-09,5.767,5.767,5.767,5.767,
1997-04-10,5.844,5.844,5.844,5.844,
1997-04-11,5.715,5.715,5.715,5.715,
1997-04-14,5.887,5.887,5.887,5.887,
1997-04-15,5.852,5.852,5.852,5.852,
1997-04-16,6.066,6.066,6.066,6.066,
1997-04-17,6.075,6.075,6.075,6.075,
1997-04-18,6.049,6.049,6.049,6.049,
1997-04-21,6.092,6.092,6.092,6.092,
1997-04-22,6.289,6.289,6.289,6.289,
1997-04-23,6.349,6.349,6.349,6.349,
1997-04-24,6.401,6.401,6.401,6.401,
1997-04-25,6.349,6.349,6.349,6.349,
1997-04-28,6.461,6.461,6.461,6.461,
1997-04-29,6.675,6.675,6.675,6.675,
1997-04-30,6.581,6.581,6.581,6.581,
1997-05-01,6.589,6.589,6.589,6.589,
1997-05-02,6.675,6.675,6.675,6.675,
1997-05-05,6.838,6.838,6.838,6.838,
1997-05-06,6.803,6.803,6.803,6.803,
1997-05-07,6.672,6.672,6.672,6.672,
1997-05-08,6.681,6.681,6.681,6.681,
1997-05-09,6.741,6.741,6.741,6.741,
1997-05-12,6.964,6.964,6.964,6.964,
1997-05-13,6.904,6.904,6.904,6.904,
1997-05-14,6.947,6.947,6.947,6.947,
1997-05-15,7.05,7.05,7.05,7.05,
1997-05-16,6.93,6.93,6.93,6.93,
1997-05-19,6.904,6.904,6.904,6.904,
1997-05-20,6.939,6.939,6.939,6.939,
1997-05-21,6.896,6.896,6.896,6.896,
1997-05-22,6.835,6.835,6.835,6.835,
1997-05-23,6.913,6.913,6.913,6.913,
1997-05-27,6.982,6.982,6.982,6.982,
1997-05-28,7.007,7.007,7.007,7.007,
1997-05-29,6.999,6.999,6.999,6.999,
1997-05-30,7.085,7.085,7.085,7.085,
1997-06-02,7.033,7.033,7.033,7.033,
1997-06-03,7.025,7.025,7.025,7.025,
1997-06-04,7.007,7.007,7.007,7.007,
1997-06-05,7.076,7.076,7.076,7.076,
1997-06-06,7.36,7.36,7.36,7.36,
1997-06-09,7.463,7.463,7.463,7.463,
1997-06-10,7.325,7.325,7.325,7.325,
1997-06-11,7.368,7.368,7.368,7.368,
1997-06-12,7.454,7.454,7.454,7.454,
1997-06-13,7.747,7.747,7.747,7.747,
1997-06-16,7.73,7.73,7.73,7.73,
1997-06-17,7.669,7.669,7.669,7.669,
1997-06-18,7.454,7.454,7.454,7.454,
1997-06-19,7.738,7.738,7.738,7.738,
1997-06-20,7.876,7.876,7.876,7.876,
1997-06-23,7.652,7.652,7.652,7.652,
1997-06-24,7.953,7.953,7.953,7.953,
1997-06-25,8.202,8.202,8.202,8.202,
1997-06-26,8.202,8.202,8.202,8.202,
1997-06-27,8.392,8.392,8.392,8.392,
1997-06-30,8.22,8.22,8.22,8.22,
1997-07-01,8.288,8.288,8.288,8.288,
1997-07-02,8.392,8.392,8.392,8.392,
1997-07-03,8.77,8.77,8.77,8.77,
1997-07-07,8.529,8.529,8.529,8.529,
1997-07-08,8.667,8.667,8.667,8.667,
1997-07-09,8.521,8.521,8.521,8.521,
1997-07-10,8.495,8.495,8.495,8.495,
1997-07-11,8.503,8.503,8.503,8.503,
1997-07-14,8.331,8.331,8.331,8.331,
1997-07-15,8.46,8.46,8.46,8.46,
1997-07-16,8.151,8.151,8.151,8.151,
1997-07-17,8.288,8.288,8.288,8.288,
1997-07-18,8.048,8.048,8.048,8.048,
1997-07-21,8.056,8.056,8.056,8.056,
1997-07-22,8.392,8.392,8.392,8.392,
1997-07-23,8.495,8.495,8.495,8.495,
1997-07-24,8.495,8.495,8.495,8.495,
1997-07-25,8.202,8.202,8.202,8.202,
1997-07-28,7.97,7.97,7.97,7.97,
1997-07-29,8.065,8.065,8.065,8.065,
1997-07-30,8.2,8.2,8.2,8.2,
1997-07-31,8.226,8.226,8.226,8.226,
1997-08-01,8.097,8.097,8.097,8.097,
1997-08-04,7.933,7.933,7.933,7.933,
1997-08-05,8.114,8.114,8.114,8.114,
1997-08-06,7.985,7.985,7.985,7.985,
1997-08-07,7.916,7.916,7.916,7.916,
1997-08-08,7.631,7.631,7.631,7.631,
1997-08-11,7.571,7.571,7.571,7.571,
1997-08-12,7.338,7.338,7.338,7.338,
1997-08-13,7.381,7.381,7.381,7.381,
1997-08-14,7.45,7.45,7.45,7.45,
1997-08-15,7.295,7.295,7.295,7.295,
1997-08-18,7.235,7.235,7.235,7.235,
1997-08-19,7.338,7.338,7.338,7.338,
1997-08-20,7.709,7.709,7.709,7.709,
1997-08-21,7.657,7.657,7.657,7.657,
1997-08-22,7.735,7.735,7.735,7.735,
1997-08-25,7.674,7.674,7.674,7.674,
1997-08-26,7.433,7.433,7.433,7.433,
1997-08-27,7.64,7.64,7.64,7.64,
1997-08-28,7.519,7.519,7.519,7.519,
1997-08-29,7.649,7.649,7.649,7.649,
1997-09-02,7.985,7.985,7.985,7.985,
1997-09-03,7.873,7.873,7.873,7.873,
1997-09-04,7.933,7.933,7.933,7.933,
1997-09-05,8.045,8.045,8.045,8.045,
1997-09-08,8.037,8.037,8.037,8.037,
1997-09-09,8.011,8.011,8.011,8.011,
1997-09-10,7.743,7.743,7.743,7.743,
1997-09-11,7.623,7.623,7.623,7.623,
1997-09-12,8.028,8.028,8.028,8.028,
1997-09-15,8.011,8.011,8.011,8.011,
1997-09-16,8.287,8.287,8.287,8.287,
1997-09-17,8.226,8.226,8.226,8.226,
1997-09-18,8.278,8.278,8.278,8.278,
1997-09-19,8.347,8.347,8.347,8.347,
1997-09-22,8.519,8.519,8.519,8.519,
1997-09-23,8.554,8.554,8.554,8.554,
1997-09-24,8.433,8.433,8.433,8.433,
1997-09-25,8.261,8.261,8.261,8.261,
1997-09-26,8.416,8.416,8.416,8.416,
1997-09-29,8.425,8.425,8.425,8.425,
1997-09-30,8.295,8.295,8.295,8.295,
1997-10-01,8.313,8.313,8.313,8.313,
1997-10-02,8.519,8.519,8.519,8.519,
1997-10-03,8.519,8.519,8.519,8.519,
1997-10-06,8.657,8.657,8.657,8.657,
1997-10-07,8.968,8.968,8.968,8.968,
1997-10-08,8.89,8.89,8.89,8.89,
1997-10-09,8.83,8.83,8.83,8.83,
1997-10-10,8.882,8.882,8.882,8.882,
1997-10-13,8.951,8.951,8.951,8.951,
1997-10-14,9.365,9.365,9.365,9.365,
1997-10-15,9.365,9.365,9.365,9.365,
1997-10-16,9.201,9.201,9.201,9.201,
1997-10-17,8.994,8.994,8.994,8.994,
1997-10-20,9.218,9.218,9.218,9.218,
1997-10-21,9.796,9.796,9.796,9.796,
1997-10-22,9.977,9.977,9.977,9.977,
1997-10-23,9.865,9.865,9.865,9.865,
1997-10-24,9.891,9.891,9.891,9.891,
1997-10-27,9.347,9.347,9.347,9.347,
1997-10-28,9.847,9.847,9.847,9.847,
1997-10-29,9.873,9.873,9.873,9.873,
1997-10-30,9.899,9.899,9.899,9.899,
1997-10-31,9.796,9.796,9.796,9.796,
1997-11-03,10.08,10.08,10.08,10.08,
1997-11-04,9.916,9.916,9.916,9.916,
1997-11-05,10.217,10.217,10.217,10.217,
1997-11-06,9.992,9.992,9.992,9.992,
1997-11-07,9.784,9.784,9.784,9.784,
1997-11-10,9.551,9.551,9.551,9.551,
1997-11-11,9.663,9.663,9.663,9.663,
1997-11-12,9.283,9.283,9.283,9.283,
1997-11-13,9.542,9.542,9.542,9.542,
1997-11-14,9.862,9.862,9.862,9.862,
1997-11-17,9.871,9.871,9.871,9.871,
1997-11-18,9.611,9.611,9.611,9.611,
1997-11-19,9.931,9.931,9.931,9.931,
1997-11-20,10.026,10.026,10.026,10.026,
1997-11-21,10.208,10.208,10.208,10.208,
1997-11-24,9.888,9.888,9.888,9.888,
1997-11-25,10.104,10.104,10.104,10.104,
1997-11-26,10.035,10.035,10.035,10.035,
1997-11-28,10.061,10.061,10.061,10.061,
1997-12-01,10.51,10.51,10.51,10.51,
1997-12-02,10.554,10.554,10.554,10.554,
1997-12-03,10.761,10.761,10.761,10.761,
1997-12-04,10.562,10.562,10.562,10.562,
1997-12-05,10.441,10.441,10.441,10.441,
1997-12-08,10.338,10.338,10.338,10.338,
1997-12-09,10.441,10.441,10.441,10.441,
1997-12-10,10.484,10.484,10.484,10.484,
1997-12-11,10.294,10.294,10.294,10.294,
1997-12-12,10.372,10.372,10.372,10.372,
1997-12-15,10.493,10.493,10.493,10.493,
1997-12-16,10.614,10.614,10.614,10.614,
1997-12-17,10.415,10.415,10.415,10.415,
1997-12-18,10.251,10.251,10.251,10.251,
1997-12-19,10.061,10.061,10.061,10.061,
1997-12-22,10.277,10.277,10.277,10.277,
1997-12-23,10.035,10.035,10.035,10.035,
1997-12-24,9.784,9.784,9.784,9.784,
1997-12-26,9.949,9.949,9.949,9.949,
1997-12-29,10.182,10.182,10.182,10.182,
1997-12-30,10.45,10.45,10.45,10.45,
1997-12-31,10.312,10.312,10.312,10.312,
1998-01-02,10.467,10.467,10.467,10.467,
1998-01-05,11.038,11.038,11.038,11.038,
1998-01-06,10.683,10.683,10.683,10.683,
1998-01-07,10.804,10.804,10.804,10.804,
1998-01-08,10.735,10.735,10.735,10.735,
1998-01-09,10.225,10.225,10.225,10.225,
1998-01-12,10.571,10.571,10.571,10.571,
1998-01-13,10.692,10.692,10.692,10.692,
1998-01-14,10.761,10.761,10.761,10.761,
1998-01-15,10.484,10.484,10.484,10.484,
1998-01-16,10.649,10.649,10.649,10.649,
1998-01-20,11.176,11.176,11.176,11.176,
1998-01-21,10.925,10.925,10.925,10.925,
1998-01-22,10.873,10.873,10.873,10.873,
1998-01-23,10.796,10.796,10.796,10.796,
1998-01-26,10.752,10.752,10.752,10.752,
1998-01-27,10.882,10.882,10.882,10.882,
1998-01-28,11.038,11.038,11.038,11.038,
1998-01-29,11.262,11.262,11.262,11.262,
1998-01-30,11.306,11.306,11.306,11.306,
1998-02-02,11.427,11.427,11.427,11.427,
1998-02-03,11.418,11.418,11.418,11.418,
1998-02-04,11.28,11.28,11.28,11.28,
1998-02-05,11.054,11.054,11.054,11.054,
1998-02-06,11.21,11.21,11.21,11.21,
1998-02-09,11.193,11.193,11.193,11.193,
1998-02-10,11.644,11.644,11.644,11.644,
1998-02-11,11.6,11.6,11.6,11.6,
1998-02-12,11.687,11.687,11.687,11.687,
1998-02-13,11.592,11.592,11.592,11.592,
1998-02-17,11.713,11.713,11.713,11.713,
1998-02-18,11.973,11.973,11.973,11.973,
1998-02-19,11.938,11.938,11.938,11.938,
1998-02-20,12.103,12.103,12.103,12.103,
1998-02-23,12.389,12.389,12.389,12.389,
1998-02-24,12.129,12.129,12.129,12.129,
1998-02-25,12.25,12.25,12.25,12.25,
1998-02-26,12.51,12.51,12.51,12.51,
1998-02-27,12.267,12.267,12.267,12.267,
1998-03-02,12.172,12.172,12.172,12.172,
1998-03-03,12.059,12.059,12.059,12.059,
1998-03-04,11.773,11.773,11.773,11.773,
1998-03-05,11.86,11.86,11.86,11.86,
1998-03-06,11.955,11.955,11.955,11.955,
1998-03-09,12.042,12.042,12.042,12.042,
1998-03-10,12.181,12.181,12.181,12.181,
1998-03-11,12.129,12.129,12.129,12.129,
1998-03-12,11.947,11.947,11.947,11.947,
1998-03-13,11.903,11.903,11.903,11.903,
1998-03-16,12.198,12.198,12.198,12.198,
1998-03-17,12.389,12.389,12.389,12.389,
1998-03-18,12.233,12.233,12.233,12.233,
1998-03-19,12.475,12.475,12.475,12.475,
1998-03-20,12.77,12.77,12.77,12.77,
1998-03-23,13.342,13.342,13.342,13.342,
1998-03-24,13.22,13.22,13.22,13.22,
1998-03-25,13.099,13.099,13.099,13.099,
1998-03-26,13.082,13.082,13.082,13.082,
1998-03-27,13.272,13.272,13.272,13.272,
1998-03-30,13.558,13.558,13.558,13.558,
1998-03-31,13.818,13.818,13.818,13.818,
1998-04-01,13.697,13.697,13.697,13.697,
1998-04-02,13.818,13.818,13.818,13.818,
1998-04-03,14.121,14.121,14.121,14.121,
1998-04-06,14.312,14.312,14.312,14.312,
1998-04-07,13.974,13.974,13.974,13.974,
1998-04-08,13.688,13.688,13.688,13.688,
1998-04-09,13.757,13.757,13.757,13.757,
1998-04-13,14.017,14.017,14.017,14.017,
1998-04-14,13.731,13.731,13.731,13.731,
1998-04-15,13.523,13.523,13.523,13.523,
1998-04-16,13.957,13.957,13.957,13.957,
1998-04-17,14.58,14.58,14.58,14.58,
1998-04-20,15.715,15.715,15.715,15.715,
1998-04-21,16.105,16.105,16.105,16.105,
1998-04-22,15.889,15.889,15.889,15.889,
1998-04-23,15.993,15.993,15.993,15.993,
1998-04-24,16.391,16.391,16.391,16.391,
1998-04-27,15.724,15.724,15.724,15.724,
1998-04-28,15.715,15.715,15.715,15.715,
1998-04-29,15.611,15.611,15.611,15.611,
1998-04-30,15.776,15.776,15.776,15.776,
1998-05-01,15.577,15.577,15.577,15.577,
1998-05-04,15.62,15.62,15.62,15.62,
1998-05-05,15.49,15.49,15.49,15.49,
1998-05-06,15.091,15.091,15.091,15.091,
1998-05-07,14.84,14.84,14.84,14.84,
1998-05-08,15.43,15.43,15.43,15.43,
1998-05-11,15.395,15.395,15.395,15.395,
1998-05-12,15.525,15.525,15.525,15.525,
1998-05-13,15.299,15.299,15.299,15.299,
1998-05-14,14.996,14.996,14.996,14.996,
1998-05-15,14.527,14.527,14.527,14.527,
1998-05-18,15.369,15.369,15.369,15.369,
1998-05-19,15.673,15.673,15.673,15.673,
1998-05-20,15.664,15.664,15.664,15.664,
1998-05-21,15.152,15.152,15.152,15.152,
1998-05-22,14.64,14.64,14.64,14.64,
1998-05-26,14.328,14.328,14.328,14.328,
1998-05-27,14.996,14.996,14.996,14.996,
1998-05-28,14.805,14.805,14.805,14.805,
1998-05-29,14.553,14.553,14.553,14.553,
1998-06-01,14.423,14.423,14.423,14.423,
1998-06-02,14.354,14.354,14.354,14.354,
1998-06-03,14.284,14.284,14.284,14.284,
1998-06-04,14.857,14.857,14.857,14.857,
1998-06-05,15.048,15.048,15.048,15.048,
1998-06-08,15.057,15.057,15.057,15.057,
1998-06-09,15.612,15.612,15.612,15.612,
1998-06-10,15.221,15.221,15.221,15.221,
1998-06-11,14.866,14.866,14.866,14.866,
1998-06-12,15.178,15.178,15.178,15.178,
1998-06-15,14.996,14.996,14.996,14.996,
1998-06-16,15.239,15.239,15.239,15.239,
1998-06-17,15.586,15.586,15.586,15.586,
1998-06-18,15.881,15.881,15.881,15.881,
1998-06-19,15.482,15.482,15.482,15.482,
1998-06-22,15.482,15.482,15.482,15.482,
1998-06-23,15.291,15.291,15.291,15.291,
1998-06-24,15.282,15.282,15.282,15.282,
1998-06-25,15.343,15.343,15.343,15.343,
1998-06-26,15.542,15.542,15.542,15.542,
1998-06-29,15.265,15.265,15.265,15.265,
1998-06-30,15.091,15.091,15.091,15.091,
1998-07-01,14.883,14.883,14.883,14.883,
1998-07-02,14.926,14.926,14.926,14.926,
1998-07-06,15.204,15.204,15.204,15.204,
1998-07-07,15.43,15.43,15.43,15.43,
1998-07-08,15.759,15.759,15.759,15.759,
1998-07-09,16.107,16.107,16.107,16.107,
1998-07-10,16.358,16.358,16.358,16.358,
1998-07-13,16.48,16.48,16.48,16.48,
1998-07-14,16.454,16.454,16.454,16.454,
1998-07-15,16.107,16.107,16.107,16.107,
1998-07-16,16.358,16.358,16.358,16.358,
1998-07-17,16.072,16.072,16.072,16.072,
1998-07-20,16.376,16.376,16.376,16.376,
1998-07-21,15.846,15.846,15.846,15.846,
1998-07-22,16.159,16.159,16.159,16.159,
1998-07-23,15.473,15.473,15.473,15.473,
1998-07-24,15.759,15.759,15.759,15.759,
1998-07-27,15.864,15.864,15.864,15.864,
1998-07-28,15.499,15.499,15.499,15.499,
1998-07-29,15.152,15.152,15.152,15.152,
1998-07-30,15.569,15.569,15.569,15.569,
1998-07-31,15.247,15.247,15.247,15.247,
1998-08-03,15.23,15.23,15.23,15.23,
1998-08-04,14.544,14.544,14.544,14.544,
1998-08-05,14.727,14.727,14.727,14.727,
1998-08-06,14.675,14.675,14.675,14.675,
1998-08-07,14.397,14.397,14.397,14.397,
1998-08-10,14.501,14.501,14.501,14.501,
1998-08-11,14.458,14.458,14.458,14.458,
1998-08-12,14.162,14.162,14.162,14.162,
1998-08-13,14.188,14.188,14.188,14.188,
1998-08-14,14.075,14.075,14.075,14.075,
1998-08-17,14.554,14.554,14.554,14.554,
1998-08-18,14.953,14.953,14.953,14.953,
1998-08-19,15.162,15.162,15.162,15.162,
1998-08-20,14.701,14.701,14.701,14.701,
1998-08-21,14.753,14.753,14.753,14.753,
1998-08-24,14.658,14.658,14.658,14.658,
1998-08-25,14.814,14.814,14.814,14.814,
1998-08-26,15.023,15.023,15.023,15.023,
1998-08-27,14.449,14.449,14.449,14.449,
1998-08-28,14.136,14.136,14.136,14.136,
1998-08-31,12.936,12.936,12.936,12.936,
1998-09-01,13.458,13.458,13.458,13.458,
1998-09-02,13.919,13.919,13.919,13.919,
1998-09-03,13.893,13.893,13.893,13.893,
1998-09-04,13.267,13.267,13.267,13.267,
1998-09-08,14.006,14.006,14.006,14.006,
1998-09-09,13.658,13.658,13.658,13.658,
1998-09-10,13.128,13.128,13.128,13.128,
1998-09-11,13.997,13.997,13.997,13.997,
1998-09-14,14.362,14.362,14.362,14.362,
1998-09-15,14.267,14.267,14.267,14.267,
1998-09-16,14.119,14.119,14.119,14.119,
1998-09-17,13.754,13.754,13.754,13.754,
1998-09-18,13.51,13.51,13.51,13.51,
1998-09-21,13.606,13.606,13.606,13.606,
1998-09-22,14.11,14.11,14.11,14.11,
1998-09-23,14.814,14.814,14.814,14.814,
1998-09-24,14.945,14.945,14.945,14.945,
1998-09-25,14.84,14.84,14.84,14.84,
1998-09-28,14.753,14.753,14.753,14.753,
1998-09-29,14.858,14.858,14.858,14.858,
1998-09-30,14.71,14.71,14.71,14.71,
1998-10-01,13.858,13.858,13.858,13.858,
1998-10-02,13.788,13.788,13.788,13.788,
1998-10-05,13.18,13.18,13.18,13.18,
1998-10-06,12.432,12.432,12.432,12.432,
1998-10-07,12.606,12.606,12.606,12.606,
1998-10-08,12.484,12.484,12.484,12.484,
1998-10-09,12.936,12.936,12.936,12.936,
1998-10-12,12.936,12.936,12.936,12.936,
1998-10-13,12.171,12.171,12.171,12.171,
1998-10-14,13.354,13.354,13.354,13.354,
1998-10-15,13.597,13.597,13.597,13.597,
1998-10-16,13.693,13.693,13.693,13.693,
1998-10-19,13.571,13.571,13.571,13.571,
1998-10-20,13.449,13.449,13.449,13.449,
1998-10-21,13.632,13.632,13.632,13.632,
1998-10-22,14.015,14.015,14.015,14.015,
1998-10-23,14.397,14.397,14.397,14.397,
1998-10-26,14.71,14.71,14.71,14.71,
1998-10-27,14.788,14.788,14.788,14.788,
1998-10-28,14.701,14.701,14.701,14.701,
1998-10-29,14.988,14.988,14.988,14.988,
1998-10-30,14.927,14.927,14.927,14.927,
1998-11-02,15.093,15.093,15.093,15.093,
1998-11-03,15.197,15.197,15.197,15.197,
1998-11-04,14.77,14.77,14.77,14.77,
1998-11-05,14.962,14.962,14.962,14.962,
1998-11-06,15.171,15.171,15.171,15.171,
1998-11-09,15.093,15.093,15.093,15.093,
1998-11-10,15.136,15.136,15.136,15.136,
1998-11-11,14.779,14.779,14.779,14.779,
1998-11-12,14.535,14.535,14.535,14.535,
1998-11-13,14.718,14.718,14.718,14.718,
1998-11-16,15.162,15.162,15.162,15.162,
1998-11-17,15.258,15.258,15.258,15.258,
1998-11-18,15.502,15.502,15.502,15.502,
1998-11-19,15.406,15.406,15.406,15.406,
1998-11-20,15.589,15.589,15.589,15.589,
1998-11-23,16.181,16.181,16.181,16.181,
1998-11-24,15.903,15.903,15.903,15.903,
1998-11-25,15.92,15.92,15.92,15.92,
1998-11-27,15.885,15.885,15.885,15.885,
1998-11-30,15.598,15.598,15.598,15.598,
1998-12-01,15.467,15.467,15.467,15.467,
1998-12-02,15.755,15.755,15.755,15.755,
1998-12-03,15.363,15.363,15.363,15.363,
1998-12-04,15.668,15.668,15.668,15.668,
1998-12-07,15.937,15.937,15.937,15.937,
1998-12-08,16.19,16.19,16.19,16.19,
1998-12-09,16.181,16.181,16.181,16.181,
1998-12-10,15.885,15.885,15.885,15.885,
1998-12-11,16.007,16.007,16.007,16.007,
1998-12-14,15.554,15.554,15.554,15.554,
1998-12-15,16.025,16.025,16.025,16.025,
1998-12-16,16.129,16.129,16.129,16.129,
1998-12-17,16.286,16.286,16.286,16.286,
1998-12-18,16.164,16.164,16.164,16.164,
1998-12-21,16.033,16.033,16.033,16.033,
1998-12-22,16.329,16.329,16.329,16.329,
1998-12-23,16.774,16.774,16.774,16.774,
1998-12-24,16.634,16.634,16.634,16.634,
1998-12-28,16.643,16.643,16.643,16.643,
1998-12-29,17.366,17.366,17.366,17.366,
1998-12-30,17.575,17.575,17.575,17.575,
1998-12-31,17.418,17.418,17.418,17.418,
1999-01-04,17.209,17.209,17.209,17.209,
1999-01-05,17.261,17.261,17.261,17.261,
1999-01-06,17.601,17.601,17.601,17.601,
1999-01-07,17.357,17.357,17.357,17.357,
1999-01-08,17.035,17.035,17.035,17.035,
1999-01-11,16.408,16.408,16.408,16.408,
1999-01-12,15.842,15.842,15.842,15.842,
1999-01-13,16.26,16.26,16.26,16.26,
1999-01-14,15.816,15.816,15.816,15.816,
1999-01-15,16.155,16.155,16.155,16.155,
1999-01-19,16.147,16.147,16.147,16.147,
1999-01-20,16.678,16.678,16.678,16.678,
1999-01-21,16.234,16.234,16.234,16.234,
1999-01-22,16.129,16.129,16.129,16.129,
1999-01-25,16.373,16.373,16.373,16.373,
1999-01-26,16.739,16.739,16.739,16.739,
1999-01-27,16.991,16.991,16.991,16.991,
1999-01-28,17.775,17.775,17.775,17.775,
1999-01-29,17.923,17.923,17.923,17.923,
1999-02-01,18.498,18.498,18.498,18.498,
1999-02-02,18.489,18.489,18.489,18.489,
1999-02-03,18.637,18.637,18.637,18.637,
1999-02-04,18.332,18.332,18.332,18.332,
1999-02-05,18.237,18.237,18.237,18.237,
1999-02-08,18.306,18.306,18.306,18.306,
1999-02-09,17.453,17.453,17.453,17.453,
1999-02-10,17.693,17.693,17.693,17.693,
1999-02-11,18.496,18.496,18.496,18.496,
1999-02-12,18.164,18.164,18.164,18.164,
1999-02-16,18.26,18.26,18.26,18.26,
1999-02-17,18.147,18.147,18.147,18.147,
1999-02-18,18.304,18.304,18.304,18.304,
1999-02-19,17.911,17.911,17.911,17.911,
1999-02-22,18.565,18.565,18.565,18.565,
1999-02-23,18.688,18.688,18.688,18.688,
1999-02-24,18.496,18.496,18.496,18.496,
1999-02-25,18.269,18.269,18.269,18.269,
1999-02-26,18.417,18.417,18.417,18.417,
1999-03-01,18.583,18.583,18.583,18.583,
1999-03-02,18.565,18.565,18.565,18.565,
1999-03-03,18.365,18.365,18.365,18.365,
1999-03-04,18.548,18.548,18.548,18.548,
1999-03-05,19.063,19.063,19.063,19.063,
1999-03-08,19.481,19.481,19.481,19.481,
1999-03-09,19.351,19.351,19.351,19.351,
1999-03-10,19.49,19.49,19.49,19.49,
1999-03-11,19.63,19.63,19.63,19.63,
1999-03-12,19.595,19.595,19.595,19.595,
1999-03-15,19.656,19.656,19.656,19.656,
1999-03-16,19.822,19.822,19.822,19.822,
1999-03-17,19.577,19.577,19.577,19.577,
1999-03-18,19.961,19.961,19.961,19.961,
1999-03-19,19.647,19.647,19.647,19.647,
1999-03-22,19.97,19.97,19.97,19.97,
1999-03-23,19.438,19.438,19.438,19.438,
1999-03-24,19.281,19.281,19.281,19.281,
1999-03-25,19.228,19.228,19.228,19.228,
1999-03-26,18.845,18.845,18.845,18.845,
1999-03-29,19.682,19.682,19.682,19.682,
1999-03-30,19.848,19.848,19.848,19.848,
1999-03-31,19.368,19.368,19.368,19.368,
1999-04-01,19.481,19.481,19.481,19.481,
1999-04-05,19.874,19.874,19.874,19.874,
1999-04-06,19.569,19.569,19.569,19.569,
1999-04-07,19.473,19.473,19.473,19.473,
1999-04-08,19.883,19.883,19.883,19.883,
1999-04-09,20.38,20.38,20.38,20.38,
1999-04-12,20.956,20.956,20.956,20.956,
1999-04-13,20.842,20.842,20.842,20.842,
1999-04-14,20.188,20.188,20.188,20.188,
1999-04-15,18.147,18.147,18.147,18.147,
1999-04-16,17.737,17.737,17.737,17.737,
1999-04-19,16.463,16.463,16.463,16.463,
1999-04-20,16.576,16.576,16.576,16.576,
1999-04-21,17.222,17.222,17.222,17.222,
1999-04-22,17.911,17.911,17.911,17.911,
1999-04-23,17.728,17.728,17.728,17.728,
1999-04-26,17.274,17.274,17.274,17.274,
1999-04-27,16.908,16.908,16.908,16.908,
1999-04-28,16.472,16.472,16.472,16.472,
1999-04-29,16.184,16.184,16.184,16.184,
1999-04-30,16.062,16.062,16.062,16.062,
1999-05-03,16.253,16.253,16.253,16.253,
1999-05-04,15.939,15.939,15.939,15.939,
1999-05-05,16.547,16.547,16.547,16.547,
1999-05-06,16.224,16.224,16.224,16.224,
1999-05-07,16.355,16.355,16.355,16.355,
1999-05-10,15.988,15.988,15.988,15.988,
1999-05-11,16.014,16.014,16.014,16.014,
1999-05-12,16.189,16.189,16.189,16.189,
1999-05-13,16.477,16.477,16.477,16.477,
1999-05-14,15.83,15.83,15.83,15.83,
1999-05-17,16.031,16.031,16.031,16.031,
1999-05-18,15.883,15.883,15.883,15.883,
1999-05-19,15.795,15.795,15.795,15.795,
1999-05-20,15.769,15.769,15.769,15.769,
1999-05-21,15.419,15.419,15.419,15.419,
1999-05-24,14.86,14.86,14.86,14.86,
1999-05-25,14.283,14.283,14.283,14.283,
1999-05-26,14.126,14.126,14.126,14.126,
1999-05-27,14.528,14.528,14.528,14.528,
1999-05-28,14.965,14.965,14.965,14.965,
1999-06-01,14.877,14.877,14.877,14.877,
1999-06-02,14.86,14.86,14.86,14.86,
1999-06-03,15.175,15.175,15.175,15.175,
1999-06-04,16.101,16.101,16.101,16.101,
1999-06-07,15.524,15.524,15.524,15.524,
1999-06-08,15.524,15.524,15.524,15.524,
1999-06-09,14.676,14.676,14.676,14.676,
1999-06-10,13.925,13.925,13.925,13.925,
1999-06-11,13.636,13.636,13.636,13.636,
1999-06-14,13.304,13.304,13.304,13.304,
1999-06-15,13.645,13.645,13.645,13.645,
1999-06-16,13.864,13.864,13.864,13.864,
1999-06-17,14.047,14.047,14.047,14.047,
1999-06-18,13.925,13.925,13.925,13.925,
1999-06-21,13.636,13.636,13.636,13.636,
1999-06-22,13.75,13.75,13.75,13.75,
1999-06-23,13.802,13.802,13.802,13.802,
1999-06-24,14.178,14.178,14.178,14.178,
1999-06-25,14.187,14.187,14.187,14.187,
1999-06-28,14.134,14.134,14.134,14.134,
1999-06-29,14.668,14.668,14.668,14.668,
1999-06-30,15.245,15.245,15.245,15.245,
1999-07-01,15.682,15.682,15.682,15.682,
1999-07-02,16.206,16.206,16.206,16.206,
1999-07-06,15.918,15.918,15.918,15.918,
1999-07-07,15.839,15.839,15.839,15.839,
1999-07-08,15.603,15.603,15.603,15.603,
1999-07-09,15.524,15.524,15.524,15.524,
1999-07-12,15.682,15.682,15.682,15.682,
1999-07-13,15.629,15.629,15.629,15.629,
1999-07-14,15.551,15.551,15.551,15.551,
1999-07-15,15.813,15.813,15.813,15.813,
1999-07-16,15.865,15.865,15.865,15.865,
1999-07-19,15.577,15.577,15.577,15.577,
1999-07-20,15.0,15.0,15.0,15.0,
1999-07-21,15.0,15.0,15.0,15.0,
1999-07-22,14.764,14.764,14.764,14.764,
1999-07-23,14.58,14.58,14.58,14.58,
1999-07-26,14.816,14.816,14.816,14.816,
1999-07-27,14.738,14.738,14.738,14.738,
1999-07-28,14.79,14.79,14.79,14.79,
1999-07-29,14.266,14.266,14.266,14.266,
1999-07-30,14.213,14.213,14.213,14.213,
1999-08-02,14.502,14.502,14.502,14.502,
1999-08-03,14.318,14.318,14.318,14.318,
1999-08-04,14.01,14.01,14.01,14.01,
1999-08-05,14.115,14.115,14.115,14.115,
1999-08-06,13.773,13.773,13.773,13.773,
1999-08-09,14.115,14.115,14.115,14.115,
1999-08-10,13.8,13.8,13.8,13.8,
1999-08-11,13.879,13.879,13.879,13.879,
1999-08-12,14.299,14.299,14.299,14.299,
1999-08-13,14.509,14.509,14.509,14.509,
1999-08-16,14.667,14.667,14.667,14.667,
1999-08-17,14.956,14.956,14.956,14.956,
1999-08-18,14.615,14.615,14.615,14.615,
1999-08-19,14.825,14.825,14.825,14.825,
1999-08-20,15.535,15.535,15.535,15.535,
1999-08-23,16.244,16.244,16.244,16.244,
1999-08-24,16.428,16.428,16.428,16.428,
1999-08-25,16.98,16.98,16.98,16.98,
1999-08-26,16.638,16.638,16.638,16.638,
1999-08-27,16.244,16.244,16.244,16.244,
1999-08-30,16.349,16.349,16.349,16.349,
1999-08-31,15.876,15.876,15.876,15.876,
1999-09-01,16.244,16.244,16.244,16.244,
1999-09-02,15.981,15.981,15.981,15.981,
1999-09-03,16.507,16.507,16.507,16.507,
1999-09-07,16.349,16.349,16.349,16.349,
1999-09-08,16.218,16.218,16.218,16.218,
1999-09-09,16.06,16.06,16.06,16.06,
1999-09-10,15.666,15.666,15.666,15.666,
1999-09-13,15.666,15.666,15.666,15.666,
1999-09-14,15.324,15.324,15.324,15.324,
1999-09-15,15.14,15.14,15.14,15.14,
1999-09-16,15.245,15.245,15.245,15.245,
1999-09-17,15.324,15.324,15.324,15.324,
1999-09-20,15.377,15.377,15.377,15.377,
1999-09-21,15.167,15.167,15.167,15.167,
1999-09-22,15.508,15.508,15.508,15.508,
1999-09-23,14.983,14.983,14.983,14.983,
1999-09-24,14.615,14.615,14.615,14.615,
1999-09-27,14.746,14.746,14.746,14.746,
1999-09-28,14.667,14.667,14.667,14.667,
1999-09-29,14.352,14.352,14.352,14.352,
1999-09-30,15.088,15.088,15.088,15.088,
1999-10-01,15.692,15.692,15.692,15.692,
1999-10-04,15.824,15.824,15.824,15.824,
1999-10-05,15.771,15.771,15.771,15.771,
1999-10-06,16.402,16.402,16.402,16.402,
1999-10-07,16.244,16.244,16.244,16.244,
1999-10-08,16.612,16.612,16.612,16.612,
1999-10-11,16.744,16.744,16.744,16.744,
1999-10-12,16.56,16.56,16.56,16.56,
1999-10-13,15.981,15.981,15.981,15.981,
1999-10-14,15.85,15.85,15.85,15.85,
1999-10-15,15.508,15.508,15.508,15.508,
1999-10-18,15.797,15.797,15.797,15.797,
1999-10-19,16.796,16.796,16.796,16.796,
1999-10-20,17.453,17.453,17.453,17.453,
1999-10-21,17.558,17.558,17.558,17.558,
1999-10-22,17.506,17.506,17.506,17.506,
1999-10-25,16.822,16.822,16.822,16.822,
1999-10-26,15.561,15.561,15.561,15.561,
1999-10-27,16.192,16.192,16.192,16.192,
1999-10-28,16.717,16.717,16.717,16.717,
1999-10-29,16.691,16.691,16.691,16.691,
1999-11-01,16.192,16.192,16.192,16.192,
1999-11-02,16.034,16.034,16.034,16.034,
1999-11-03,16.218,16.218,16.218,16.218,
1999-11-04,15.666,15.666,15.666,15.666,
1999-11-05,14.615,14.615,14.615,14.615,
1999-11-08,14.615,14.615,14.615,14.615,
1999-11-09,14.754,14.754,14.754,14.754,
1999-11-10,14.754,14.754,14.754,14.754,
1999-11-11,14.912,14.912,14.912,14.912,
1999-11-12,14.806,14.806,14.806,14.806,
1999-11-15,14.754,14.754,14.754,14.754,
1999-11-16,14.279,14.279,14.279,14.279,
1999-11-17,14.253,14.253,14.253,14.253,
1999-11-18,14.2,14.2,14.2,14.2,
1999-11-19,14.227,14.227,14.227,14.227,
1999-11-22,14.754,14.754,14.754,14.754,
1999-11-23,15.281,15.281,15.281,15.281,
1999-11-24,15.333,15.333,15.333,15.333,
1999-11-26,15.175,15.175,15.175,15.175,
1999-11-29,15.781,15.781,15.781,15.781,
1999-11-30,15.439,15.439,15.439,15.439,
1999-12-01,15.136,15.136,15.136,15.136,
1999-12-02,15.182,15.182,15.182,15.182,
1999-12-03,15.07,15.07,15.07,15.07,
1999-12-06,14.78,14.78,14.78,14.78,
1999-12-07,14.253,14.253,14.253,14.253,
1999-12-08,14.332,14.332,14.332,14.332,
1999-12-09,14.227,14.227,14.227,14.227,
1999-12-10,14.279,14.279,14.279,14.279,
1999-12-13,13.963,13.963,13.963,13.963,
1999-12-14,14.069,14.069,14.069,14.069,
1999-12-15,14.438,14.438,14.438,14.438,
1999-12-16,14.332,14.332,14.332,14.332,
1999-12-17,14.016,14.016,14.016,14.016,
1999-12-20,13.878,13.878,13.878,13.878,
1999-12-21,13.753,13.753,13.753,13.753,
1999-12-22,14.227,14.227,14.227,14.227,
1999-12-23,14.385,14.385,14.385,14.385,
1999-12-27,14.543,14.543,14.543,14.543,
1999-12-28,14.174,14.174,14.174,14.174,
1999-12-29,13.858,13.858,13.858,13.858,
1999-12-30,13.779,13.779,13.779,13.779,
1999-12-31,13.673,13.673,13.673,13.673,
2000-01-03,13.436,13.436,13.436,13.436,
2000-01-04,12.936,12.936,12.936,12.936,
2000-01-05,13.147,13.147,13.147,13.147,
2000-01-06,13.621,13.621,13.621,13.621,
2000-01-07,14.543,14.543,14.543,14.543,
2000-01-10,14.517,14.517,14.517,14.517,
2000-01-11,14.332,14.332,14.332,14.332,
2000-01-12,14.806,14.806,14.806,14.806,
2000-01-13,15.597,15.597,15.597,15.597,
2000-01-14,15.597,15.597,15.597,15.597,
2000-01-18,15.386,15.386,15.386,15.386,
2000-01-19,15.597,15.597,15.597,15.597,
2000-01-20,15.34,15.34,15.34,15.34,
2000-01-21,14.78,14.78,14.78,14.78,
2000-01-24,14.49,14.49,14.49,14.49,
2000-01-25,14.701,14.701,14.701,14.701,
2000-01-26,14.701,14.701,14.701,14.701,
2000-01-27,14.543,14.543,14.543,14.543,
2000-01-28,14.833,14.833,14.833,14.833,
2000-01-31,15.254,15.254,15.254,15.254,
2000-02-01,15.597,15.597,15.597,15.597,
2000-02-02,15.175,15.175,15.175,15.175,
2000-02-03,15.017,15.017,15.017,15.017,
2000-02-04,15.07,15.07,15.07,15.07,
2000-02-07,15.597,15.597,15.597,15.597,
2000-02-08,15.939,15.939,15.939,15.939,
2000-02-09,15.228,15.228,15.228,15.228,
2000-02-10,14.754,14.754,14.754,14.754,
2000-02-11,14.754,14.754,14.754,14.754,
2000-02-14,14.754,14.754,14.754,14.754,
2000-02-15,14.991,14.991,14.991,14.991,
2000-02-16,14.263,14.263,14.263,14.263,
2000-02-17,14.368,14.368,14.368,14.368,
2000-02-18,14.368,14.368,14.368,14.368,
2000-02-22,14.157,14.157,14.157,14.157,
2000-02-23,14.368,14.368,14.368,14.368,
2000-02-24,13.972,13.972,13.972,13.972,
2000-02-25,13.682,13.682,13.682,13.682,
2000-02-28,13.603,13.603,13.603,13.603,
2000-02-29,13.576,13.576,13.576,13.576,
2000-03-01,13.47,13.47,13.47,13.47,
2000-03-02,13.523,13.523,13.523,13.523,
2000-03-03,13.787,13.787,13.787,13.787,
2000-03-06,13.391,13.391,13.391,13.391,
2000-03-07,12.678,12.678,12.678,12.678,
2000-03-08,13.708,13.708,13.708,13.708,
2000-03-09,14.527,14.527,14.527,14.527,
2000-03-10,14.791,14.791,14.791,14.791,
2000-03-13,14.501,14.501,14.501,14.501,
2000-03-14,14.052,14.052,14.052,14.052,
2000-03-15,14.897,14.897,14.897,14.897,
2000-03-16,15.425,15.425,15.425,15.425,
2000-03-17,15.134,15.134,15.134,15.134,
2000-03-20,14.791,14.791,14.791,14.791,
2000-03-21,15.504,15.504,15.504,15.504,
2000-03-22,15.055,15.055,15.055,15.055,
2000-03-23,14.897,14.897,14.897,14.897,
2000-03-24,14.738,14.738,14.738,14.738,
2000-03-27,14.685,14.685,14.685,14.685,
2000-03-28,14.817,14.817,14.817,14.817,
2000-03-29,15.372,15.372,15.372,15.372,
2000-03-30,15.425,15.425,15.425,15.425,
2000-03-31,15.451,15.451,15.451,15.451,
2000-04-03,16.059,16.059,16.059,16.059,
2000-04-04,16.798,16.798,16.798,16.798,
2000-04-05,16.323,16.323,16.323,16.323,
2000-04-06,16.217,16.217,16.217,16.217,
2000-04-07,16.402,16.402,16.402,16.402,
2000-04-10,16.825,16.825,16.825,16.825,
2000-04-11,16.825,16.825,16.825,16.825,
2000-04-12,17.063,17.063,17.063,17.063,
2000-04-13,16.746,16.746,16.746,16.746,
2000-04-14,16.032,16.032,16.032,16.032,
2000-04-17,16.059,16.059,16.059,16.059,
2000-04-18,16.719,16.719,16.719,16.719,
2000-04-19,17.459,17.459,17.459,17.459,
2000-04-20,17.538,17.538,17.538,17.538,
2000-04-24,18.383,18.383,18.383,18.383,
2000-04-25,18.357,18.357,18.357,18.357,
2000-04-26,18.383,18.383,18.383,18.383,
2000-04-27,18.066,18.066,18.066,18.066,
2000-04-28,17.802,17.802,17.802,17.802,
2000-05-01,17.67,17.67,17.67,17.67,
2000-05-02,18.145,18.145,18.145,18.145,
2000-05-03,18.04,18.04,18.04,18.04,
2000-05-04,18.172,18.172,18.172,18.172,
2000-05-05,18.859,18.859,18.859,18.859,
2000-05-08,19.493,19.493,19.493,19.493,
2000-05-09,18.895,18.895,18.895,18.895,
2000-05-10,18.373,18.373,18.373,18.373,
2000-05-11,18.082,18.082,18.082,18.082,
2000-05-12,18.247,18.247,18.247,18.247,
2000-05-15,18.631,18.631,18.631,18.631,
2000-05-16,18.843,18.843,18.843,18.843,
2000-05-17,19.054,19.054,19.054,19.054,
2000-05-18,19.134,19.134,19.134,19.134,
2000-05-19,18.71,18.71,18.71,18.71,
2000-05-22,18.604,18.604,18.604,18.604,
2000-05-23,18.71,18.71,18.71,18.71,
2000-05-24,18.737,18.737,18.737,18.737,
2000-05-25,19.332,19.332,19.332,19.332,
2000-05-26,19.107,19.107,19.107,19.107,
2000-05-30,18.71,18.71,18.71,18.71,
2000-05-31,18.843,18.843,18.843,18.843,
2000-06-01,19.054,19.054,19.054,19.054,
2000-06-02,18.446,18.446,18.446,18.446,
2000-06-05,18.102,18.102,18.102,18.102,
2000-06-06,18.393,18.393,18.393,18.393,
2000-06-07,18.419,18.419,18.419,18.419,
2000-06-08,18.737,18.737,18.737,18.737,
2000-06-09,19.478,19.478,19.478,19.478,
2000-06-12,18.79,18.79,18.79,18.79,
2000-06-13,19.412,19.412,19.412,19.412,
2000-06-14,19.729,19.729,19.729,19.729,
2000-06-15,19.901,19.901,19.901,19.901,
2000-06-16,20.298,20.298,20.298,20.298,
2000-06-19,19.795,19.795,19.795,19.795,
2000-06-20,19.584,19.584,19.584,19.584,
2000-06-21,19.848,19.848,19.848,19.848,
2000-06-22,19.372,19.372,19.372,19.372,
2000-06-23,19.425,19.425,19.425,19.425,
2000-06-26,19.584,19.584,19.584,19.584,
2000-06-27,19.901,19.901,19.901,19.901,
2000-06-28,19.683,19.683,19.683,19.683,
2000-06-29,19.577,19.577,19.577,19.577,
2000-06-30,20.325,20.325,20.325,20.325,
2000-07-03,20.192,20.192,20.192,20.192,
2000-07-05,20.086,20.086,20.086,20.086,
2000-07-06,19.716,19.716,19.716,19.716,
2000-07-07,19.398,19.398,19.398,19.398,
2000-07-10,20.245,20.245,20.245,20.245,
2000-07-11,20.748,20.748,20.748,20.748,
2000-07-12,20.311,20.311,20.311,20.311,
2000-07-13,19.531,19.531,19.531,19.531,
2000-07-14,19.081,19.081,19.081,19.081,
2000-07-17,19.524,19.524,19.524,19.524,
2000-07-18,19.001,19.001,19.001,19.001,
2000-07-19,19.663,19.663,19.663,19.663,
2000-07-20,19.054,19.054,19.054,19.054,
2000-07-21,19.425,19.425,19.425,19.425,
2000-07-24,20.139,20.139,20.139,20.139,
2000-07-25,18.631,18.631,18.631,18.631,
2000-07-26,18.419,18.419,18.419,18.419,
2000-07-27,18.889,18.889,18.889,18.889,
2000-07-28,18.578,18.578,18.578,18.578,
2000-07-31,18.366,18.366,18.366,18.366,
2000-08-01,19.372,19.372,19.372,19.372,
2000-08-02,19.531,19.531,19.531,19.531,
2000-08-03,18.948,18.948,18.948,18.948,
2000-08-04,19.266,19.266,19.266,19.266,
2000-08-07,19.021,19.021,19.021,19.021,
2000-08-08,19.021,19.021,19.021,19.021,
2000-08-09,18.102,18.102,18.102,18.102,
2000-08-10,17.784,17.784,17.784,17.784,
2000-08-11,18.154,18.154,18.154,18.154,
2000-08-14,18.088,18.088,18.088,18.088,
2000-08-15,17.784,17.784,17.784,17.784,
2000-08-16,18.432,18.432,18.432,18.432,
2000-08-17,18.671,18.671,18.671,18.671,
2000-08-18,18.14,18.14,18.14,18.14,
2000-08-21,18.565,18.565,18.565,18.565,
2000-08-22,18.034,18.034,18.034,18.034,
2000-08-23,18.26,18.26,18.26,18.26,
2000-08-24,18.286,18.286,18.286,18.286,
2000-08-25,18.591,18.591,18.591,18.591,
2000-08-28,18.18,18.18,18.18,18.18,
2000-08-29,18.061,18.061,18.061,18.061,
2000-08-30,17.822,17.822,17.822,17.822,
2000-08-31,18.306,18.306,18.306,18.306,
2000-09-01,18.313,18.313,18.313,18.313,
2000-09-05,17.318,17.318,17.318,17.318,
2000-09-06,16.92,16.92,16.92,16.92,
2000-09-07,17.106,17.106,17.106,17.106,
2000-09-08,17.186,17.186,17.186,17.186,
2000-09-11,17.398,17.398,17.398,17.398,
2000-09-12,17.08,17.08,17.08,17.08,
2000-09-13,17.424,17.424,17.424,17.424,
2000-09-14,17.557,17.557,17.557,17.557,
2000-09-15,17.504,17.504,17.504,17.504,
2000-09-18,17.796,17.796,17.796,17.796,
2000-09-19,17.404,17.404,17.404,17.404,
2000-09-20,17.365,17.365,17.365,17.365,
2000-09-21,18.034,18.034,18.034,18.034,
2000-09-22,18.803,18.803,18.803,18.803,
2000-09-25,18.724,18.724,18.724,18.724,
2000-09-26,18.459,18.459,18.459,18.459,
2000-09-27,18.353,18.353,18.353,18.353,
2000-09-28,18.538,18.538,18.538,18.538,
2000-09-29,19.062,19.062,19.062,19.062,
2000-10-02,18.777,18.777,18.777,18.777,
2000-10-03,18.777,18.777,18.777,18.777,
2000-10-04,18.14,18.14,18.14,18.14,
2000-10-05,18.989,18.989,18.989,18.989,
2000-10-06,18.936,18.936,18.936,18.936,
2000-10-09,18.3,18.3,18.3,18.3,
2000-10-10,18.883,18.883,18.883,18.883,
2000-10-11,18.724,18.724,18.724,18.724,
2000-10-12,18.936,18.936,18.936,18.936,
2000-10-13,18.087,18.087,18.087,18.087,
2000-10-16,18.538,18.538,18.538,18.538,
2000-10-17,19.069,19.069,19.069,19.069,
2000-10-18,18.565,18.565,18.565,18.565,
2000-10-19,18.247,18.247,18.247,18.247,
2000-10-20,18.406,18.406,18.406,18.406,
2000-10-23,19.254,19.254,19.254,19.254,
2000-10-24,18.247,18.247,18.247,18.247,
2000-10-25,19.069,19.069,19.069,19.069,
2000-10-26,19.254,19.254,19.254,19.254,
2000-10-27,18.724,18.724,18.724,18.724,
2000-10-30,18.618,18.618,18.618,18.618,
2000-10-31,18.326,18.326,18.326,18.326,
2000-11-01,18.459,18.459,18.459,18.459,
2000-11-02,18.326,18.326,18.326,18.326,
2000-11-03,18.512,18.512,18.512,18.512,
2000-11-06,18.883,18.883,18.883,18.883,
2000-11-07,19.016,19.016,19.016,19.016,
2000-11-08,19.254,19.254,19.254,19.254,
2000-11-09,18.936,18.936,18.936,18.936,
2000-11-10,18.724,18.724,18.724,18.724,
2000-11-13,17.902,17.902,17.902,17.902,
2000-11-14,18.167,18.167,18.167,18.167,
2000-11-15,18.312,18.312,18.312,18.312,
2000-11-16,18.418,18.418,18.418,18.418,
2000-11-17,18.285,18.285,18.285,18.285,
2000-11-20,18.285,18.285,18.285,18.285,
2000-11-21,18.498,18.498,18.498,18.498,
2000-11-22,18.285,18.285,18.285,18.285,
2000-11-24,17.993,17.993,17.993,17.993,
2000-11-27,19.082,19.082,19.082,19.082,
2000-11-28,19.135,19.135,19.135,19.135,
2000-11-29,19.401,19.401,19.401,19.401,
2000-11-30,18.843,18.843,18.843,18.843,
2000-12-01,18.498,18.498,18.498,18.498,
2000-12-04,18.79,18.79,18.79,18.79,
2000-12-05,18.923,18.923,18.923,18.923,
2000-12-06,18.444,18.444,18.444,18.444,
2000-12-07,18.471,18.471,18.471,18.471,
2000-12-08,18.498,18.498,18.498,18.498,
2000-12-11,18.551,18.551,18.551,18.551,
2000-12-12,18.71,18.71,18.71,18.71,
2000-12-13,19.481,19.481,19.481,19.481,
2000-12-14,19.375,19.375,19.375,19.375,
2000-12-15,19.321,19.321,19.321,19.321,
2000-12-18,19.773,19.773,19.773,19.773,
2000-12-19,20.172,20.172,20.172,20.172,
2000-12-20,19.72,19.72,19.72,19.72,
2000-12-21,18.072,18.072,18.072,18.072,
2000-12-22,18.87,18.87,18.87,18.87,
2000-12-26,19.003,19.003,19.003,19.003,
2000-12-27,19.242,19.242,19.242,19.242,
2000-12-28,19.454,19.454,19.454,19.454,
2000-12-29,19.561,19.561,19.561,19.561,
2001-01-02,19.614,19.614,19.614,19.614,
2001-01-03,18.524,18.524,18.524,18.524,
2001-01-04,17.78,17.78,17.78,17.78,
2001-01-05,18.019,18.019,18.019,18.019,
2001-01-08,17.807,17.807,17.807,17.807,
2001-01-09,18.391,18.391,18.391,18.391,
2001-01-10,17.993,17.993,17.993,17.993,
2001-01-11,17.435,17.435,17.435,17.435,
2001-01-12,17.621,17.621,17.621,17.621,
2001-01-16,17.727,17.727,17.727,17.727,
2001-01-17,17.328,17.328,17.328,17.328,
2001-01-18,17.488,17.488,17.488,17.488,
2001-01-19,17.594,17.594,17.594,17.594,
2001-01-22,17.913,17.913,17.913,17.913,
2001-01-23,18.232,18.232,18.232,18.232,
2001-01-24,18.258,18.258,18.258,18.258,
2001-01-25,18.896,18.896,18.896,18.896,
2001-01-26,18.843,18.843,18.843,18.843,
2001-01-29,18.413,18.413,18.413,18.413,
2001-01-30,18.829,18.829,18.829,18.829,
2001-01-31,19.199,19.199,19.199,19.199,
2001-02-01,19.225,19.225,19.225,19.225,
2001-02-02,19.093,19.093,19.093,19.093,
2001-02-05,19.454,19.454,19.454,19.454,
2001-02-06,19.497,19.497,19.497,19.497,
2001-02-07,18.923,18.923,18.923,18.923,
2001-02-08,19.029,19.029,19.029,19.029,
2001-02-09,19.152,19.152,19.152,19.152,
2001-02-12,19.612,19.612,19.612,19.612,
2001-02-13,19.148,19.148,19.148,19.148,
2001-02-14,19.268,19.268,19.268,19.268,
2001-02-15,18.863,18.863,18.863,18.863,
2001-02-16,19.293,19.293,19.293,19.293,
2001-02-20,19.127,19.127,19.127,19.127,
2001-02-21,19.101,19.101,19.101,19.101,
2001-02-22,19.221,19.221,19.221,19.221,
2001-02-23,19.106,19.106,19.106,19.106,
2001-02-26,19.289,19.289,19.289,19.289,
2001-02-27,19.272,19.272,19.272,19.272,
2001-02-28,19.182,19.182,19.182,19.182,
2001-03-01,18.799,18.799,18.799,18.799,
2001-03-02,18.59,18.59,18.59,18.59,
2001-03-05,18.684,18.684,18.684,18.684,
2001-03-06,18.372,18.372,18.372,18.372,
2001-03-07,17.882,17.882,17.882,17.882,
2001-03-08,17.903,17.903,17.903,17.903,
2001-03-09,18.095,18.095,18.095,18.095,
2001-03-12,17.2,17.2,17.2,17.2,
2001-03-13,17.008,17.008,17.008,17.008,
2001-03-14,16.625,16.625,16.625,16.625,
2001-03-15,16.433,16.433,16.433,16.433,
2001-03-16,15.93,15.93,15.93,15.93,
2001-03-19,16.028,16.028,16.028,16.028,
2001-03-20,15.866,15.866,15.866,15.866,
2001-03-21,15.337,15.337,15.337,15.337,
2001-03-22,15.205,15.205,15.205,15.205,
2001-03-23,15.998,15.998,15.998,15.998,
2001-03-26,16.514,16.514,16.514,16.514,
2001-03-27,17.042,17.042,17.042,17.042,
2001-03-28,17.021,17.021,17.021,17.021,
2001-03-29,17.047,17.047,17.047,17.047,
2001-03-30,17.456,17.456,17.456,17.456,
2001-04-02,16.603,16.603,16.603,16.603,
2001-04-03,16.633,16.633,16.633,16.633,
2001-04-04,16.944,16.944,16.944,16.944,
2001-04-05,17.392,17.392,17.392,17.392,
2001-04-06,17.511,17.511,17.511,17.511,
2001-04-09,17.891,17.891,17.891,17.891,
2001-04-10,17.477,17.477,17.477,17.477,
2001-04-11,17.051,17.051,17.051,17.051,
2001-04-12,17.349,17.349,17.349,17.349,
2001-04-16,17.435,17.435,17.435,17.435,
2001-04-17,18.078,18.078,18.078,18.078,
2001-04-18,17.435,17.435,17.435,17.435,
2001-04-19,16.966,16.966,16.966,16.966,
2001-04-20,17.375,17.375,17.375,17.375,
2001-04-23,17.477,17.477,17.477,17.477,
2001-04-24,17.273,17.273,17.273,17.273,
2001-04-25,17.439,17.439,17.439,17.439,
2001-04-26,18.117,18.117,18.117,18.117,
2001-04-27,18.381,18.381,18.381,18.381,
2001-04-30,18.458,18.458,18.458,18.458,
2001-05-01,18.594,18.594,18.594,18.594,
2001-05-02,18.411,18.411,18.411,18.411,
2001-05-03,18.01,18.01,18.01,18.01,
2001-05-04,18.526,18.526,18.526,18.526,
2001-05-07,18.658,18.658,18.658,18.658,
2001-05-08,18.76,18.76,18.76,18.76,
2001-05-09,18.948,18.948,18.948,18.948,
2001-05-10,18.645,18.645,18.645,18.645,
2001-05-11,18.33,18.33,18.33,18.33,
2001-05-14,18.462,18.462,18.462,18.462,
2001-05-15,18.317,18.317,18.317,18.317,
2001-05-16,19.069,19.069,19.069,19.069,
2001-05-17,19.129,19.129,19.129,19.129,
2001-05-18,19.167,19.167,19.167,19.167,
2001-05-21,19.129,19.129,19.129,19.129,
2001-05-22,18.821,18.821,18.821,18.821,
2001-05-23,18.612,18.612,18.612,18.612,
2001-05-24,18.343,18.343,18.343,18.343,
2001-05-25,17.89,17.89,17.89,17.89,
2001-05-29,18.394,18.394,18.394,18.394,
2001-05-30,18.462,18.462,18.462,18.462,
2001-05-31,18.33,18.33,18.33,18.33,
2001-06-01,18.296,18.296,18.296,18.296,
2001-06-04,18.578,18.578,18.578,18.578,
2001-06-05,18.355,18.355,18.355,18.355,
2001-06-06,18.313,18.313,18.313,18.313,
2001-06-07,18.697,18.697,18.697,18.697,
2001-06-08,18.595,18.595,18.595,18.595,
2001-06-11,18.424,18.424,18.424,18.424,
2001-06-12,18.347,18.347,18.347,18.347,
2001-06-13,18.231,18.231,18.231,18.231,
2001-06-14,18.484,18.484,18.484,18.484,
2001-06-15,18.219,18.219,18.219,18.219,
2001-06-18,18.471,18.471,18.471,18.471,
2001-06-19,18.804,18.804,18.804,18.804,
2001-06-20,19.018,19.018,19.018,19.018,
2001-06-21,19.176,19.176,19.176,19.176,
2001-06-22,18.287,18.287,18.287,18.287,
2001-06-25,17.958,17.958,17.958,17.958,
2001-06-26,18.039,18.039,18.039,18.039,
2001-06-27,17.766,17.766,17.766,17.766,
2001-06-28,18.014,18.014,18.014,18.014,
2001-06-29,17.116,17.116,17.116,17.116,
2001-07-02,17.479,17.479,17.479,17.479,
2001-07-03,17.283,17.283,17.283,17.283,
2001-07-05,16.992,16.992,16.992,16.992,
2001-07-06,17.116,17.116,17.116,17.116,
2001-07-09,17.586,17.586,17.586,17.586,
2001-07-10,17.441,17.441,17.441,17.441,
2001-07-11,16.603,16.603,16.603,16.603,
2001-07-12,16.069,16.069,16.069,16.069,
2001-07-13,16.424,16.424,16.424,16.424,
2001-07-16,16.184,16.184,16.184,16.184,
2001-07-17,16.488,16.488,16.488,16.488,
2001-07-18,17.526,17.526,17.526,17.526,
2001-07-19,17.578,17.578,17.578,17.578,
2001-07-20,17.702,17.702,17.702,17.702,
2001-07-23,17.129,17.129,17.129,17.129,
2001-07-24,17.035,17.035,17.035,17.035,
2001-07-25,17.137,17.137,17.137,17.137,
2001-07-26,17.09,17.09,17.09,17.09,
2001-07-27,17.026,17.026,17.026,17.026,
2001-07-30,17.137,17.137,17.137,17.137,
2001-07-31,17.616,17.616,17.616,17.616,
2001-08-01,17.582,17.582,17.582,17.582,
2001-08-02,17.411,17.411,17.411,17.411,
2001-08-03,17.411,17.411,17.411,17.411,
2001-08-06,17.24,17.24,17.24,17.24,
2001-08-07,17.206,17.206,17.206,17.206,
2001-08-08,17.137,17.137,17.137,17.137,
2001-08-09,17.415,17.415,17.415,17.415,
2001-08-10,17.565,17.565,17.565,17.565,
2001-08-13,17.492,17.492,17.492,17.492,
2001-08-14,17.552,17.552,17.552,17.552,
2001-08-15,17.659,17.659,17.659,17.659,
2001-08-16,17.651,17.651,17.651,17.651,
2001-08-17,17.89,17.89,17.89,17.89,
2001-08-20,17.745,17.745,17.745,17.745,
2001-08-21,17.415,17.415,17.415,17.415,
2001-08-22,17.432,17.432,17.432,17.432,
2001-08-23,17.432,17.432,17.432,17.432,
2001-08-24,17.711,17.711,17.711,17.711,
2001-08-27,17.548,17.548,17.548,17.548,
2001-08-28,17.205,17.205,17.205,17.205,
2001-08-29,16.969,16.969,16.969,16.969,
2001-08-30,16.412,16.412,16.412,16.412,
2001-08-31,16.416,16.416,16.416,16.416,
2001-09-04,16.536,16.536,16.536,16.536,
2001-09-05,16.858,16.858,16.858,16.858,
2001-09-06,16.476,16.476,16.476,16.476,
2001-09-07,15.855,15.855,15.855,15.855,
2001-09-10,16.356,16.356,16.356,16.356,
2001-09-17,16.344,16.344,16.344,16.344,
2001-09-18,16.198,16.198,16.198,16.198,
2001-09-19,15.864,15.864,15.864,15.864,
2001-09-20,15.658,15.658,15.658,15.658,
2001-09-21,15.341,15.341,15.341,15.341,
2001-09-24,15.439,15.439,15.439,15.439,
2001-09-25,15.846,15.846,15.846,15.846,
2001-09-26,16.519,16.519,16.519,16.519,
2001-09-27,17.033,17.033,17.033,17.033,
2001-09-28,17.183,17.183,17.183,17.183,
2001-10-01,17.612,17.612,17.612,17.612,
2001-10-02,17.783,17.783,17.783,17.783,
2001-10-03,17.676,17.676,17.676,17.676,
2001-10-04,17.578,17.578,17.578,17.578,
2001-10-05,17.908,17.908,17.908,17.908,
2001-10-08,17.569,17.569,17.569,17.569,
2001-10-09,17.458,17.458,17.458,17.458,
2001-10-10,17.89,17.89,17.89,17.89,
2001-10-11,17.252,17.252,17.252,17.252,
2001-10-12,17.509,17.509,17.509,17.509,
2001-10-15,17.728,17.728,17.728,17.728,
2001-10-16,17.612,17.612,17.612,17.612,
2001-10-17,17.848,17.848,17.848,17.848,
2001-10-18,17.938,17.938,17.938,17.938,
2001-10-19,18.139,18.139,18.139,18.139,
2001-10-22,18.426,18.426,18.426,18.426,
2001-10-23,18.276,18.276,18.276,18.276,
2001-10-24,18.409,18.409,18.409,18.409,
2001-10-25,18.43,18.43,18.43,18.43,
2001-10-26,18.298,18.298,18.298,18.298,
2001-10-29,18.242,18.242,18.242,18.242,
2001-10-30,18.19,18.19,18.19,18.19,
2001-10-31,17.955,17.955,17.955,17.955,
2001-11-01,18.315,18.315,18.315,18.315,
2001-11-02,18.083,18.083,18.083,18.083,
2001-11-05,17.98,17.98,17.98,17.98,
2001-11-06,18.13,18.13,18.13,18.13,
2001-11-07,18.058,18.058,18.058,18.058,
2001-11-08,18.126,18.126,18.126,18.126,
2001-11-09,18.053,18.053,18.053,18.053,
2001-11-12,18.023,18.023,18.023,18.023,
2001-11-13,18.246,18.246,18.246,18.246,
2001-11-14,18.207,18.207,18.207,18.207,
2001-11-15,18.324,18.324,18.324,18.324,
2001-11-16,18.358,18.358,18.358,18.358,
2001-11-19,18.551,18.551,18.551,18.551,
2001-11-20,18.551,18.551,18.551,18.551,
2001-11-21,18.745,18.745,18.745,18.745,
2001-11-23,18.753,18.753,18.753,18.753,
2001-11-26,18.861,18.861,18.861,18.861,
2001-11-27,18.732,18.732,18.732,18.732,
2001-11-28,18.547,18.547,18.547,18.547,
2001-11-29,18.68,18.68,18.68,18.68,
2001-11-30,18.607,18.607,18.607,18.607,
2001-12-03,18.77,18.77,18.77,18.77,
2001-12-04,18.663,18.663,18.663,18.663,
2001-12-05,18.702,18.702,18.702,18.702,
2001-12-06,18.616,18.616,18.616,18.616,
2001-12-07,18.517,18.517,18.517,18.517,
2001-12-10,17.761,17.761,17.761,17.761,
2001-12-11,17.335,17.335,17.335,17.335,
2001-12-12,17.288,17.288,17.288,17.288,
2001-12-13,16.97,16.97,16.97,16.97,
2001-12-14,16.944,16.944,16.944,16.944,
2001-12-17,17.327,17.327,17.327,17.327,
2001-12-18,17.46,17.46,17.46,17.46,
2001-12-19,17.658,17.658,17.658,17.658,
2001-12-20,17.786,17.786,17.786,17.786,
2001-12-21,17.615,17.615,17.615,17.615,
2001-12-24,17.516,17.516,17.516,17.516,
2001-12-26,17.451,17.451,17.451,17.451,
2001-12-27,17.335,17.335,17.335,17.335,
2001-12-28,17.357,17.357,17.357,17.357,
2001-12-31,17.121,17.121,17.121,17.121,
2002-01-02,17.142,17.142,17.142,17.142,
2002-01-03,17.056,17.056,17.056,17.056,
2002-01-04,16.927,16.927,16.927,16.927,
2002-01-07,17.056,17.056,17.056,17.056,
2002-01-08,17.009,17.009,17.009,17.009,
2002-01-09,17.206,17.206,17.206,17.206,
2002-01-10,17.619,17.619,17.619,17.619,
2002-01-11,17.443,17.443,17.443,17.443,
2002-01-14,17.408,17.408,17.408,17.408,
2002-01-15,17.361,17.361,17.361,17.361,
2002-01-16,17.284,17.284,17.284,17.284,
2002-01-17,17.241,17.241,17.241,17.241,
2002-01-18,17.228,17.228,17.228,17.228,
2002-01-22,17.529,17.529,17.529,17.529,
2002-01-23,17.958,17.958,17.958,17.958,
2002-01-24,17.829,17.829,17.829,17.829,
2002-01-25,17.915,17.915,17.915,17.915,
2002-01-28,17.86,17.86,17.86,17.86,
2002-01-29,17.606,17.606,17.606,17.606,
2002-01-30,17.722,17.722,17.722,17.722,
2002-01-31,17.902,17.902,17.902,17.902,
2002-02-01,18.109,18.109,18.109,18.109,
2002-02-04,17.679,17.679,17.679,17.679,
2002-02-05,18.04,18.04,18.04,18.04,
2002-02-06,17.739,17.739,17.739,17.739,
2002-02-07,17.211,17.211,17.211,17.211,
2002-02-08,17.486,17.486,17.486,17.486,
2002-02-11,17.576,17.576,17.576,17.576,
2002-02-12,17.692,17.692,17.692,17.692,
2002-02-13,17.709,17.709,17.709,17.709,
2002-02-14,17.584,17.584,17.584,17.584,
2002-02-15,17.718,17.718,17.718,17.718,
2002-02-19,17.446,17.446,17.446,17.446,
2002-02-20,17.649,17.649,17.649,17.649,
2002-02-21,17.498,17.498,17.498,17.498,
2002-02-22,17.718,17.718,17.718,17.718,
2002-02-25,17.593,17.593,17.593,17.593,
2002-02-26,17.679,17.679,17.679,17.679,
2002-02-27,17.778,17.778,17.778,17.778,
2002-02-28,17.653,17.653,17.653,17.653,
2002-03-01,17.946,17.946,17.946,17.946,
2002-03-04,18.054,18.054,18.054,18.054,
2002-03-05,17.498,17.498,17.498,17.498,
2002-03-06,17.472,17.472,17.472,17.472,
2002-03-07,17.231,17.231,17.231,17.231,
2002-03-08,17.244,17.244,17.244,17.244,
2002-03-11,17.261,17.261,17.261,17.261,
2002-03-12,17.175,17.175,17.175,17.175,
2002-03-13,17.261,17.261,17.261,17.261,
2002-03-14,17.218,17.218,17.218,17.218,
2002-03-15,17.83,17.83,17.83,17.83,
2002-03-18,17.524,17.524,17.524,17.524,
2002-03-19,17.554,17.554,17.554,17.554,
2002-03-20,17.274,17.274,17.274,17.274,
2002-03-21,17.304,17.304,17.304,17.304,
2002-03-22,17.459,17.459,17.459,17.459,
2002-03-25,17.326,17.326,17.326,17.326,
2002-03-26,17.214,17.214,17.214,17.214,
2002-03-27,17.205,17.205,17.205,17.205,
2002-03-28,17.127,17.127,17.127,17.127,
2002-04-01,17.287,17.287,17.287,17.287,
2002-04-02,17.201,17.201,17.201,17.201,
2002-04-03,17.239,17.239,17.239,17.239,
2002-04-04,16.808,16.808,16.808,16.808,
2002-04-05,16.377,16.377,16.377,16.377,
2002-04-08,16.58,16.58,16.58,16.58,
2002-04-09,16.679,16.679,16.679,16.679,
2002-04-10,16.955,16.955,16.955,16.955,
2002-04-11,16.765,16.765,16.765,16.765,
2002-04-12,16.933,16.933,16.933,16.933,
2002-04-15,16.808,16.808,16.808,16.808,
2002-04-16,17.196,17.196,17.196,17.196,
2002-04-17,16.313,16.313,16.313,16.313,
2002-04-18,16.472,16.472,16.472,16.472,
2002-04-19,16.291,16.291,16.291,16.291,
2002-04-22,15.994,15.994,15.994,15.994,
2002-04-23,15.817,15.817,15.817,15.817,
2002-04-24,15.727,15.727,15.727,15.727,
2002-04-25,16.192,16.192,16.192,16.192,
2002-04-26,15.843,15.843,15.843,15.843,
2002-04-29,15.632,15.632,15.632,15.632,
2002-04-30,15.666,15.666,15.666,15.666,
2002-05-01,16.145,16.145,16.145,16.145,
2002-05-02,16.106,16.106,16.106,16.106,
2002-05-03,15.839,15.839,15.839,15.839,
2002-05-06,15.753,15.753,15.753,15.753,
2002-05-07,15.408,15.408,15.408,15.408,
2002-05-08,16.02,16.02,16.02,16.02,
2002-05-09,15.731,15.731,15.731,15.731,
2002-05-10,15.61,15.61,15.61,15.61,
2002-05-13,15.934,15.934,15.934,15.934,
2002-05-14,16.106,16.106,16.106,16.106,
2002-05-15,15.782,15.782,15.782,15.782,
2002-05-16,15.492,15.492,15.492,15.492,
2002-05-17,16.041,16.041,16.041,16.041,
2002-05-20,15.756,15.756,15.756,15.756,
2002-05-21,15.526,15.526,15.526,15.526,
2002-05-22,15.526,15.526,15.526,15.526,
2002-05-23,15.656,15.656,15.656,15.656,
2002-05-24,15.349,15.349,15.349,15.349,
2002-05-28,15.046,15.046,15.046,15.046,
2002-05-29,15.176,15.176,15.176,15.176,
2002-05-30,14.994,14.994,14.994,14.994,
2002-05-31,14.964,14.964,14.964,14.964,
2002-06-03,14.458,14.458,14.458,14.458,
2002-06-04,14.956,14.956,14.956,14.956,
2002-06-05,15.163,15.163,15.163,15.163,
2002-06-06,14.666,14.666,14.666,14.666,
2002-06-07,14.921,14.921,14.921,14.921,
2002-06-10,15.289,15.289,15.289,15.289,
2002-06-11,14.757,14.757,14.757,14.757,
2002-06-12,15.146,15.146,15.146,15.146,
2002-06-13,15.284,15.284,15.284,15.284,
2002-06-14,15.284,15.284,15.284,15.284,
2002-06-17,15.591,15.591,15.591,15.591,
2002-06-18,15.66,15.66,15.66,15.66,
2002-06-19,15.462,15.462,15.462,15.462,
2002-06-20,15.604,15.604,15.604,15.604,
2002-06-21,14.718,14.718,14.718,14.718,
2002-06-24,14.821,14.821,14.821,14.821,
2002-06-25,14.523,14.523,14.523,14.523,
2002-06-26,15.137,15.137,15.137,15.137,
2002-06-27,15.894,15.894,15.894,15.894,
2002-06-28,15.137,15.137,15.137,15.137,
2002-07-01,14.661,14.661,14.661,14.661,
2002-07-02,14.186,14.186,14.186,14.186,
2002-07-03,14.056,14.056,14.056,14.056,
2002-07-05,14.873,14.873,14.873,14.873,
2002-07-08,14.882,14.882,14.882,14.882,
2002-07-09,14.315,14.315,14.315,14.315,
2002-07-10,13.42,13.42,13.42,13.42,
2002-07-11,14.099,14.099,14.099,14.099,
2002-07-12,13.926,13.926,13.926,13.926,
2002-07-15,12.447,12.447,12.447,12.447,
2002-07-16,12.348,12.348,12.348,12.348,
2002-07-17,12.655,12.655,12.655,12.655,
2002-07-18,12.101,12.101,12.101,12.101,
2002-07-19,11.599,11.599,11.599,11.599,
2002-07-22,11.21,11.21,11.21,11.21,
2002-07-23,11.266,11.266,11.266,11.266,
2002-07-24,12.062,12.062,12.062,12.062,
2002-07-25,12.14,12.14,12.14,12.14,
2002-07-26,12.741,12.741,12.741,12.741,
2002-07-29,13.342,13.342,13.342,13.342,
2002-07-30,13.481,13.481,13.481,13.481,
2002-07-31,13.991,13.991,13.991,13.991,
2002-08-01,13.623,13.623,13.623,13.623,
2002-08-02,13.364,13.364,13.364,13.364,
2002-08-05,12.867,12.867,12.867,12.867,
2002-08-06,13.169,13.169,13.169,13.169,
2002-08-07,13.697,13.697,13.697,13.697,
2002-08-08,14.341,14.341,14.341,14.341,
2002-08-09,14.06,14.06,14.06,14.06,
2002-08-12,14.212,14.212,14.212,14.212,
2002-08-13,13.745,13.745,13.745,13.745,
2002-08-14,14.374,14.374,14.374,14.374,
2002-08-15,14.587,14.587,14.587,14.587,
2002-08-16,14.383,14.383,14.383,14.383,
2002-08-19,14.795,14.795,14.795,14.795,
2002-08-20,14.63,14.63,14.63,14.63,
2002-08-21,14.861,14.861,14.861,14.861,
2002-08-22,15.165,15.165,15.165,15.165,
2002-08-23,15.0,15.0,15.0,15.0,
2002-08-26,15.004,15.004,15.004,15.004,
2002-08-27,14.435,14.435,14.435,14.435,
2002-08-28,14.379,14.379,14.379,14.379,
2002-08-29,14.248,14.248,14.248,14.248,
2002-08-30,14.366,14.366,14.366,14.366,
2002-09-03,13.584,13.584,13.584,13.584,
2002-09-04,14.018,14.018,14.018,14.018,
2002-09-05,13.866,13.866,13.866,13.866,
2002-09-06,13.354,13.354,13.354,13.354,
2002-09-09,13.297,13.297,13.297,13.297,
2002-09-10,13.441,13.441,13.441,13.441,
2002-09-11,13.397,13.397,13.397,13.397,
2002-09-12,13.006,13.006,13.006,13.006,
2002-09-13,12.928,12.928,12.928,12.928,
2002-09-16,13.115,13.115,13.115,13.115,
2002-09-17,12.815,12.815,12.815,12.815,
2002-09-18,12.789,12.789,12.789,12.789,
2002-09-19,12.615,12.615,12.615,12.615,
2002-09-20,12.481,12.481,12.481,12.481,
2002-09-23,12.437,12.437,12.437,12.437,
2002-09-24,12.159,12.159,12.159,12.159,
2002-09-25,12.724,12.724,12.724,12.724,
2002-09-26,13.137,13.137,13.137,13.137,
2002-09-27,12.411,12.411,12.411,12.411,
2002-09-30,12.602,12.602,12.602,12.602,
2002-10-01,13.245,13.245,13.245,13.245,
2002-10-02,13.024,13.024,13.024,13.024,
2002-10-03,12.872,12.872,12.872,12.872,
2002-10-04,12.398,12.398,12.398,12.398,
2002-10-07,12.29,12.29,12.29,12.29,
2002-10-08,12.898,12.898,12.898,12.898,
2002-10-09,12.702,12.702,12.702,12.702,
2002-10-10,13.019,13.019,13.019,13.019,
2002-10-11,13.093,13.093,13.093,13.093,
2002-10-14,13.432,13.432,13.432,13.432,
2002-10-15,13.805,13.805,13.805,13.805,
2002-10-16,13.857,13.857,13.857,13.857,
2002-10-17,14.222,14.222,14.222,14.222,
2002-10-18,14.544,14.544,14.544,14.544,
2002-10-21,13.962,13.962,13.962,13.962,
2002-10-22,13.593,13.593,13.593,13.593,
2002-10-23,13.475,13.475,13.475,13.475,
2002-10-24,13.276,13.276,13.276,13.276,
2002-10-25,13.853,13.853,13.853,13.853,
2002-10-28,13.705,13.705,13.705,13.705,
2002-10-29,13.571,13.571,13.571,13.571,
2002-10-30,13.918,13.918,13.918,13.918,
2002-10-31,13.797,13.797,13.797,13.797,
2002-11-01,13.957,13.957,13.957,13.957,
2002-11-04,13.918,13.918,13.918,13.918,
2002-11-05,14.166,14.166,14.166,14.166,
2002-11-06,14.609,14.609,14.609,14.609,
2002-11-07,14.583,14.583,14.583,14.583,
2002-11-08,14.709,14.709,14.709,14.709,
2002-11-11,14.392,14.392,14.392,14.392,
2002-11-12,14.578,14.578,14.578,14.578,
2002-11-13,14.212,14.212,14.212,14.212,
2002-11-14,14.408,14.408,14.408,14.408,
2002-11-15,14.408,14.408,14.408,14.408,
2002-11-18,14.352,14.352,14.352,14.352,
2002-11-19,14.386,14.386,14.386,14.386,
2002-11-20,14.426,14.426,14.426,14.426,
2002-11-21,14.386,14.386,14.386,14.386,
2002-11-22,14.112,14.112,14.112,14.112,
2002-11-25,13.781,13.781,13.781,13.781,
2002-11-26,13.868,13.868,13.868,13.868,
2002-11-27,13.798,13.798,13.798,13.798,
2002-11-29,13.746,13.746,13.746,13.746,
2002-12-02,13.645,13.645,13.645,13.645,
2002-12-03,13.593,13.593,13.593,13.593,
2002-12-04,13.488,13.488,13.488,13.488,
2002-12-05,13.384,13.384,13.384,13.384,
2002-12-06,13.515,13.515,13.515,13.515,
2002-12-09,13.615,13.615,13.615,13.615,
2002-12-10,13.833,13.833,13.833,13.833,
2002-12-11,13.781,13.781,13.781,13.781,
2002-12-12,13.567,13.567,13.567,13.567,
2002-12-13,13.297,13.297,13.297,13.297,
2002-12-16,13.536,13.536,13.536,13.536,
2002-12-17,13.288,13.288,13.288,13.288,
2002-12-18,13.201,13.201,13.201,13.201,
2002-12-19,13.122,13.122,13.122,13.122,
2002-12-20,13.292,13.292,13.292,13.292,
2002-12-23,13.584,13.584,13.584,13.584,
2002-12-24,13.68,13.68,13.68,13.68,
2002-12-26,13.087,13.087,13.087,13.087,
2002-12-27,12.987,12.987,12.987,12.987,
2002-12-30,13.432,13.432,13.432,13.432,
2002-12-31,13.327,13.327,13.327,13.327,
2003-01-02,13.746,13.746,13.746,13.746,
2003-01-03,13.855,13.855,13.855,13.855,
2003-01-06,13.951,13.951,13.951,13.951,
2003-01-07,13.789,13.789,13.789,13.789,
2003-01-08,13.471,13.471,13.471,13.471,
2003-01-09,13.576,13.576,13.576,13.576,
2003-01-10,13.427,13.427,13.427,13.427,
2003-01-13,13.471,13.471,13.471,13.471,
2003-01-14,13.523,13.523,13.523,13.523,
2003-01-15,13.339,13.339,13.339,13.339,
2003-01-16,13.12,13.12,13.12,13.12,
2003-01-17,13.16,13.16,13.16,13.16,
2003-01-21,13.361,13.361,13.361,13.361,
2003-01-22,13.453,13.453,13.453,13.453,
2003-01-23,13.585,13.585,13.585,13.585,
2003-01-24,13.252,13.252,13.252,13.252,
2003-01-27,13.059,13.059,13.059,13.059,
2003-01-28,13.142,13.142,13.142,13.142,
2003-01-29,13.383,13.383,13.383,13.383,
2003-01-30,13.015,13.015,13.015,13.015,
2003-01-31,13.3,13.3,13.3,13.3,
2003-02-03,13.331,13.331,13.331,13.331,
2003-02-04,13.072,13.072,13.072,13.072,
2003-02-05,13.002,13.002,13.002,13.002,
2003-02-06,13.046,13.046,13.046,13.046,
2003-02-07,12.836,12.836,12.836,12.836,
2003-02-10,12.954,12.954,12.954,12.954,
2003-02-11,12.787,12.787,12.787,12.787,
2003-02-12,12.595,12.595,12.595,12.595,
2003-02-13,12.516,12.516,12.516,12.516,
2003-02-14,12.511,12.511,12.511,12.511,
2003-02-18,12.879,12.879,12.879,12.879,
2003-02-19,12.744,12.744,12.744,12.744,
2003-02-20,12.546,12.546,12.546,12.546,
2003-02-21,12.678,12.678,12.678,12.678,
2003-02-24,12.564,12.564,12.564,12.564,
2003-02-25,12.568,12.568,12.568,12.568,
2003-02-26,12.66,12.66,12.66,12.66,
2003-02-27,12.879,12.879,12.879,12.879,
2003-02-28,13.063,13.063,13.063,13.063,
2003-03-03,12.866,12.866,12.866,12.866,
2003-03-04,12.546,12.546,12.546,12.546,
2003-03-05,12.787,12.787,12.787,12.787,
2003-03-06,12.875,12.875,12.875,12.875,
2003-03-07,13.133,13.133,13.133,13.133,
2003-03-10,12.836,12.836,12.836,12.836,
2003-03-11,12.704,12.704,12.704,12.704,
2003-03-12,12.774,12.774,12.774,12.774,
2003-03-13,12.827,12.827,12.827,12.827,
2003-03-14,12.682,12.682,12.682,12.682,
2003-03-17,13.011,13.011,13.011,13.011,
2003-03-18,13.151,13.151,13.151,13.151,
2003-03-19,13.488,13.488,13.488,13.488,
2003-03-20,13.493,13.493,13.493,13.493,
2003-03-21,14.001,14.001,14.001,14.001,
2003-03-24,13.576,13.576,13.576,13.576,
2003-03-25,14.018,14.018,14.018,14.018,
2003-03-26,13.891,13.891,13.891,13.891,
2003-03-27,13.926,13.926,13.926,13.926,
2003-03-28,13.935,13.935,13.935,13.935,
2003-03-31,13.65,13.65,13.65,13.65,
2003-04-01,13.97,13.97,13.97,13.97,
2003-04-02,14.229,14.229,14.229,14.229,
2003-04-03,14.15,14.15,14.15,14.15,
2003-04-04,14.369,14.369,14.369,14.369,
2003-04-07,14.237,14.237,14.237,14.237,
2003-04-08,14.167,14.167,14.167,14.167,
2003-04-09,13.887,13.887,13.887,13.887,
2003-04-10,13.904,13.904,13.904,13.904,
2003-04-11,13.804,13.804,13.804,13.804,
2003-04-14,14.071,14.071,14.071,14.071,
2003-04-15,14.11,14.11,14.11,14.11,
2003-04-16,13.738,13.738,13.738,13.738,
2003-04-17,13.738,13.738,13.738,13.738,
2003-04-21,13.843,13.843,13.843,13.843,
2003-04-22,13.939,13.939,13.939,13.939,
2003-04-23,13.646,13.646,13.646,13.646,
2003-04-24,13.576,13.576,13.576,13.576,
2003-04-25,13.304,13.304,13.304,13.304,
2003-04-28,13.449,13.449,13.449,13.449,
2003-04-29,13.493,13.493,13.493,13.493,
2003-04-30,13.471,13.471,13.471,13.471,
2003-05-01,13.576,13.576,13.576,13.576,
2003-05-02,13.821,13.821,13.821,13.821,
2003-05-05,13.979,13.979,13.979,13.979,
2003-05-06,14.036,14.036,14.036,14.036,
2003-05-07,13.953,13.953,13.953,13.953,
2003-05-08,13.975,13.975,13.975,13.975,
2003-05-09,14.303,14.303,14.303,14.303,
2003-05-12,14.566,14.566,14.566,14.566,
2003-05-13,14.583,14.583,14.583,14.583,
2003-05-14,14.614,14.614,14.614,14.614,
2003-05-15,14.755,14.755,14.755,14.755,
2003-05-16,14.79,14.79,14.79,14.79,
2003-05-19,13.994,13.994,13.994,13.994,
2003-05-20,13.686,13.686,13.686,13.686,
2003-05-21,13.862,13.862,13.862,13.862,
2003-05-22,14.152,14.152,14.152,14.152,
2003-05-23,14.029,14.029,14.029,14.029,
2003-05-27,14.069,14.069,14.069,14.069,
2003-05-28,13.972,13.972,13.972,13.972,
2003-05-29,13.765,13.765,13.765,13.765,
2003-05-30,13.651,13.651,13.651,13.651,
2003-06-02,13.646,13.646,13.646,13.646,
2003-06-03,13.945,13.945,13.945,13.945,
2003-06-04,14.258,14.258,14.258,14.258,
2003-06-05,14.412,14.412,14.412,14.412,
2003-06-06,14.561,14.561,14.561,14.561,
2003-06-09,14.597,14.597,14.597,14.597,
2003-06-10,14.658,14.658,14.658,14.658,
2003-06-11,14.645,14.645,14.645,14.645,
2003-06-12,14.751,14.751,14.751,14.751,
2003-06-13,14.557,14.557,14.557,14.557,
2003-06-16,15.226,15.226,15.226,15.226,
2003-06-17,15.921,15.921,15.921,15.921,
2003-06-18,15.864,15.864,15.864,15.864,
2003-06-19,15.666,15.666,15.666,15.666,
2003-06-20,15.653,15.653,15.653,15.653,
2003-06-23,15.569,15.569,15.569,15.569,
2003-06-24,15.578,15.578,15.578,15.578,
2003-06-25,15.547,15.547,15.547,15.547,
2003-06-26,15.842,15.842,15.842,15.842,
2003-06-27,15.402,15.402,15.402,15.402,
2003-06-30,15.028,15.028,15.028,15.028,
2003-07-01,15.195,15.195,15.195,15.195,
2003-07-02,15.248,15.248,15.248,15.248,
2003-07-03,15.063,15.063,15.063,15.063,
2003-07-07,15.138,15.138,15.138,15.138,
2003-07-08,15.098,15.098,15.098,15.098,
2003-07-09,15.059,15.059,15.059,15.059,
2003-07-10,14.812,14.812,14.812,14.812,
2003-07-11,15.05,15.05,15.05,15.05,
2003-07-14,14.891,14.891,14.891,14.891,
2003-07-15,14.9,14.9,14.9,14.9,
2003-07-16,14.676,14.676,14.676,14.676,
2003-07-17,14.416,14.416,14.416,14.416,
2003-07-18,14.693,14.693,14.693,14.693,
2003-07-21,14.319,14.319,14.319,14.319,
2003-07-22,14.271,14.271,14.271,14.271,
2003-07-23,14.491,14.491,14.491,14.491,
2003-07-24,14.324,14.324,14.324,14.324,
2003-07-25,14.539,14.539,14.539,14.539,
2003-07-28,14.425,14.425,14.425,14.425,
2003-07-29,14.333,14.333,14.333,14.333,
2003-07-30,14.693,14.693,14.693,14.693,
2003-07-31,14.68,14.68,14.68,14.68,
2003-08-01,14.381,14.381,14.381,14.381,
2003-08-04,14.553,14.553,14.553,14.553,
2003-08-05,14.302,14.302,14.302,14.302,
2003-08-06,14.28,14.28,14.28,14.28,
2003-08-07,14.495,14.495,14.495,14.495,
2003-08-08,14.509,14.509,14.509,14.509,
2003-08-11,14.482,14.482,14.482,14.482,
2003-08-12,14.465,14.465,14.465,14.465,
2003-08-13,13.952,13.952,13.952,13.952,
2003-08-14,13.753,13.753,13.753,13.753,
2003-08-15,13.89,13.89,13.89,13.89,
2003-08-18,13.912,13.912,13.912,13.912,
2003-08-19,13.824,13.824,13.824,13.824,
2003-08-20,13.589,13.589,13.589,13.589,
2003-08-21,13.169,13.169,13.169,13.169,
2003-08-22,13.063,13.063,13.063,13.063,
2003-08-25,13.205,13.205,13.205,13.205,
2003-08-26,13.267,13.267,13.267,13.267,
2003-08-27,13.222,13.222,13.222,13.222,
2003-08-28,13.178,13.178,13.178,13.178,
2003-08-29,13.227,13.227,13.227,13.227,
2003-09-02,13.466,13.466,13.466,13.466,
2003-09-03,13.651,13.651,13.651,13.651,
2003-09-04,13.527,13.527,13.527,13.527,
2003-09-05,13.488,13.488,13.488,13.488,
2003-09-08,13.912,13.912,13.912,13.912,
2003-09-09,14.005,14.005,14.005,14.005,
2003-09-10,14.045,14.045,14.045,14.045,
2003-09-11,14.076,14.076,14.076,14.076,
2003-09-12,14.102,14.102,14.102,14.102,
2003-09-15,14.084,14.084,14.084,14.084,
2003-09-16,14.142,14.142,14.142,14.142,
2003-09-17,14.195,14.195,14.195,14.195,
2003-09-18,14.168,14.168,14.168,14.168,
2003-09-19,13.903,13.903,13.903,13.903,
2003-09-22,13.766,13.766,13.766,13.766,
2003-09-23,13.97,13.97,13.97,13.97,
2003-09-24,13.66,13.66,13.66,13.66,
2003-09-25,13.496,13.496,13.496,13.496,
2003-09-26,13.51,13.51,13.51,13.51,
2003-09-29,13.656,13.656,13.656,13.656,
2003-09-30,13.43,13.43,13.43,13.43,
2003-10-01,13.616,13.616,13.616,13.616,
2003-10-02,13.726,13.726,13.726,13.726,
2003-10-03,13.607,13.607,13.607,13.607,
2003-10-06,13.594,13.594,13.594,13.594,
2003-10-07,13.55,13.55,13.55,13.55,
2003-10-08,13.554,13.554,13.554,13.554,
2003-10-09,13.687,13.687,13.687,13.687,
2003-10-10,13.594,13.594,13.594,13.594,
2003-10-13,13.558,13.558,13.558,13.558,
2003-10-14,13.651,13.651,13.651,13.651,
2003-10-15,13.527,13.527,13.527,13.527,
2003-10-16,13.651,13.651,13.651,13.651,
2003-10-17,13.51,13.51,13.51,13.51,
2003-10-20,13.704,13.704,13.704,13.704,
2003-10-21,13.925,13.925,13.925,13.925,
2003-10-22,13.536,13.536,13.536,13.536,
2003-10-23,13.709,13.709,13.709,13.709,
2003-10-24,13.634,13.634,13.634,13.634,
2003-10-27,13.691,13.691,13.691,13.691,
2003-10-28,13.925,13.925,13.925,13.925,
2003-10-29,13.824,13.824,13.824,13.824,
2003-10-30,13.651,13.651,13.651,13.651,
2003-10-31,13.97,13.97,13.97,13.97,
2003-11-03,13.974,13.974,13.974,13.974,
2003-11-04,13.903,13.903,13.903,13.903,
2003-11-05,13.992,13.992,13.992,13.992,
2003-11-06,14.084,14.084,14.084,14.084,
2003-11-07,14.045,14.045,14.045,14.045,
2003-11-10,13.916,13.916,13.916,13.916,
2003-11-11,14.058,14.058,14.058,14.058,
2003-11-12,14.391,14.391,14.391,14.391,
2003-11-13,14.857,14.857,14.857,14.857,
2003-11-14,15.137,15.137,15.137,15.137,
2003-11-17,15.133,15.133,15.133,15.133,
2003-11-18,15.182,15.182,15.182,15.182,
2003-11-19,15.288,15.288,15.288,15.288,
2003-11-20,14.946,14.946,14.946,14.946,
2003-11-21,14.738,14.738,14.738,14.738,
2003-11-24,15.053,15.053,15.053,15.053,
2003-11-25,15.004,15.004,15.004,15.004,
2003-11-26,15.026,15.026,15.026,15.026,
2003-11-28,14.911,14.911,14.911,14.911,
2003-12-01,15.177,15.177,15.177,15.177,
2003-12-02,15.115,15.115,15.115,15.115,
2003-12-03,15.08,15.08,15.08,15.08,
2003-12-04,15.266,15.266,15.266,15.266,
2003-12-05,15.191,15.191,15.191,15.191,
2003-12-08,15.293,15.293,15.293,15.293,
2003-12-09,15.275,15.275,15.275,15.275,
2003-12-10,15.146,15.146,15.146,15.146,
2003-12-11,15.404,15.404,15.404,15.404,
2003-12-12,15.279,15.279,15.279,15.279,
2003-12-15,15.297,15.297,15.297,15.297,
2003-12-16,15.368,15.368,15.368,15.368,
2003-12-17,15.257,15.257,15.257,15.257,
2003-12-18,15.297,15.297,15.297,15.297,
2003-12-19,15.222,15.222,15.222,15.222,
2003-12-22,15.235,15.235,15.235,15.235,
2003-12-23,15.333,15.333,15.333,15.333,
2003-12-24,15.422,15.422,15.422,15.422,
2003-12-26,15.435,15.435,15.435,15.435,
2003-12-29,15.546,15.546,15.546,15.546,
2003-12-30,15.577,15.577,15.577,15.577,
2003-12-31,15.692,15.692,15.692,15.692,
2004-01-02,15.79,15.79,15.79,15.79,
2004-01-05,16.212,16.212,16.212,16.212,
2004-01-06,16.203,16.203,16.203,16.203,
2004-01-07,16.341,16.341,16.341,16.341,
2004-01-08,16.19,16.19,16.19,16.19,
2004-01-09,16.017,16.017,16.017,16.017,
2004-01-12,15.817,15.817,15.817,15.817,
2004-01-13,15.608,15.608,15.608,15.608,
2004-01-14,15.613,15.613,15.613,15.613,
2004-01-15,15.466,15.466,15.466,15.466,
2004-01-16,15.546,15.546,15.546,15.546,
2004-01-20,15.337,15.337,15.337,15.337,
2004-01-21,15.826,15.826,15.826,15.826,
2004-01-22,16.052,16.052,16.052,16.052,
2004-01-23,16.052,16.052,16.052,16.052,
2004-01-26,16.363,16.363,16.363,16.363,
2004-01-27,16.079,16.079,16.079,16.079,
2004-01-28,15.923,15.923,15.923,15.923,
2004-01-29,16.305,16.305,16.305,16.305,
2004-01-30,16.27,16.27,16.27,16.27,
2004-02-02,16.616,16.616,16.616,16.616,
2004-02-03,16.75,16.75,16.75,16.75,
2004-02-04,16.998,16.998,16.998,16.998,
2004-02-05,17.056,17.056,17.056,17.056,
2004-02-06,17.256,17.256,17.256,17.256,
2004-02-09,16.918,16.918,16.918,16.918,
2004-02-10,16.896,16.896,16.896,16.896,
2004-02-11,17.021,17.021,17.021,17.021,
2004-02-12,16.834,16.834,16.834,16.834,
2004-02-13,16.678,16.678,16.678,16.678,
2004-02-17,16.843,16.843,16.843,16.843,
2004-02-18,16.691,16.691,16.691,16.691,
2004-02-19,16.633,16.633,16.633,16.633,
2004-02-20,16.628,16.628,16.628,16.628,
2004-02-23,16.53,16.53,16.53,16.53,
2004-02-24,16.584,16.584,16.584,16.584,
2004-02-25,16.62,16.62,16.62,16.62,
2004-02-26,16.566,16.566,16.566,16.566,
2004-02-27,16.352,16.352,16.352,16.352,
2004-03-01,16.463,16.463,16.463,16.463,
2004-03-02,16.352,16.352,16.352,16.352,
2004-03-03,16.49,16.49,16.49,16.49,
2004-03-04,16.673,16.673,16.673,16.673,
2004-03-05,16.584,16.584,16.584,16.584,
2004-03-08,16.736,16.736,16.736,16.736,
2004-03-09,16.642,16.642,16.642,16.642,
2004-03-10,16.227,16.227,16.227,16.227,
2004-03-11,15.723,15.723,15.723,15.723,
2004-03-12,15.745,15.745,15.745,15.745,
2004-03-15,15.593,15.593,15.593,15.593,
2004-03-16,15.803,15.803,15.803,15.803,
2004-03-17,15.571,15.571,15.571,15.571,
2004-03-18,15.482,15.482,15.482,15.482,
2004-03-19,15.147,15.147,15.147,15.147,
2004-03-22,15.036,15.036,15.036,15.036,
2004-03-23,15.232,15.232,15.232,15.232,
2004-03-24,15.25,15.25,15.25,15.25,
2004-03-25,15.308,15.308,15.308,15.308,
2004-03-26,15.299,15.299,15.299,15.299,
2004-03-29,15.625,15.625,15.625,15.625,
2004-03-30,15.678,15.678,15.678,15.678,
2004-03-31,15.638,15.638,15.638,15.638,
2004-04-01,15.879,15.879,15.879,15.879,
2004-04-02,16.062,16.062,16.062,16.062,
2004-04-05,16.12,16.12,16.12,16.12,
2004-04-06,15.973,15.973,15.973,15.973,
2004-04-07,15.915,15.915,15.915,15.915,
2004-04-08,15.883,15.883,15.883,15.883,
2004-04-12,15.915,15.915,15.915,15.915,
2004-04-13,15.79,15.79,15.79,15.79,
2004-04-14,15.977,15.977,15.977,15.977,
2004-04-15,16.66,16.66,16.66,16.66,
2004-04-16,16.785,16.785,16.785,16.785,
2004-04-19,16.767,16.767,16.767,16.767,
2004-04-20,16.374,16.374,16.374,16.374,
2004-04-21,16.463,16.463,16.463,16.463,
2004-04-22,16.303,16.303,16.303,16.303,
2004-04-23,16.249,16.249,16.249,16.249,
2004-04-26,16.191,16.191,16.191,16.191,
2004-04-27,16.258,16.258,16.258,16.258,
2004-04-28,16.008,16.008,16.008,16.008,
2004-04-29,15.87,15.87,15.87,15.87,
2004-04-30,15.955,15.955,15.955,15.955,
2004-05-03,16.16,16.16,16.16,16.16,
2004-05-04,16.334,16.334,16.334,16.334,
2004-05-05,16.343,16.343,16.343,16.343,
2004-05-06,16.307,16.307,16.307,16.307,
2004-05-07,16.222,16.222,16.222,16.222,
2004-05-10,16.062,16.062,16.062,16.062,
2004-05-11,16.022,16.022,16.022,16.022,
2004-05-12,16.008,16.008,16.008,16.008,
2004-05-13,15.869,15.869,15.869,15.869,
2004-05-14,15.959,15.959,15.959,15.959,
2004-05-17,15.914,15.914,15.914,15.914,
2004-05-18,15.937,15.937,15.937,15.937,
2004-05-19,15.766,15.766,15.766,15.766,
2004-05-20,15.641,15.641,15.641,15.641,
2004-05-21,15.605,15.605,15.605,15.605,
2004-05-24,15.443,15.443,15.443,15.443,
2004-05-25,15.573,15.573,15.573,15.573,
2004-05-26,15.641,15.641,15.641,15.641,
2004-05-27,15.869,15.869,15.869,15.869,
2004-05-28,15.842,15.842,15.842,15.842,
2004-06-01,15.892,15.892,15.892,15.892,
2004-06-02,16.022,16.022,16.022,16.022,
2004-06-03,15.937,15.937,15.937,15.937,
2004-06-04,15.968,15.968,15.968,15.968,
2004-06-07,16.147,16.147,16.147,16.147,
2004-06-08,16.201,16.201,16.201,16.201,
2004-06-09,16.062,16.062,16.062,16.062,
2004-06-10,15.986,15.986,15.986,15.986,
2004-06-14,15.757,15.757,15.757,15.757,
2004-06-15,15.73,15.73,15.73,15.73,
2004-06-16,15.789,15.789,15.789,15.789,
2004-06-17,15.811,15.811,15.811,15.811,
2004-06-18,15.883,15.883,15.883,15.883,
2004-06-21,15.78,15.78,15.78,15.78,
2004-06-22,15.645,15.645,15.645,15.645,
2004-06-23,15.672,15.672,15.672,15.672,
2004-06-24,15.605,15.605,15.605,15.605,
2004-06-25,15.161,15.161,15.161,15.161,
2004-06-28,15.269,15.269,15.269,15.269,
2004-06-29,15.394,15.394,15.394,15.394,
2004-06-30,15.367,15.367,15.367,15.367,
2004-07-01,15.21,15.21,15.21,15.21,
2004-07-02,15.215,15.215,15.215,15.215,
2004-07-06,15.183,15.183,15.183,15.183,
2004-07-07,15.116,15.116,15.116,15.116,
2004-07-08,15.215,15.215,15.215,15.215,
2004-07-09,15.242,15.242,15.242,15.242,
2004-07-12,15.071,15.071,15.071,15.071,
2004-07-13,15.313,15.313,15.313,15.313,
2004-07-14,15.246,15.246,15.246,15.246,
2004-07-15,14.605,14.605,14.605,14.605,
2004-07-16,14.515,14.515,14.515,14.515,
2004-07-19,14.394,14.394,14.394,14.394,
2004-07-20,14.493,14.493,14.493,14.493,
2004-07-21,14.345,14.345,14.345,14.345,
2004-07-22,14.574,14.574,14.574,14.574,
2004-07-23,14.48,14.48,14.48,14.48,
2004-07-26,14.229,14.229,14.229,14.229,
2004-07-27,14.39,14.39,14.39,14.39,
2004-07-28,14.175,14.175,14.175,14.175,
2004-07-29,14.314,14.314,14.314,14.314,
2004-07-30,14.327,14.327,14.327,14.327,
2004-08-02,14.435,14.435,14.435,14.435,
2004-08-03,14.547,14.547,14.547,14.547,
2004-08-04,14.524,14.524,14.524,14.524,
2004-08-05,14.188,14.188,14.188,14.188,
2004-08-06,13.978,13.978,13.978,13.978,
2004-08-09,13.986,13.986,13.986,13.986,
2004-08-10,14.112,14.112,14.112,14.112,
2004-08-11,14.319,14.319,14.319,14.319,
2004-08-12,14.166,14.166,14.166,14.166,
2004-08-13,14.04,14.04,14.04,14.04,
2004-08-16,14.153,14.153,14.153,14.153,
2004-08-17,14.144,14.144,14.144,14.144,
2004-08-18,14.355,14.355,14.355,14.355,
2004-08-19,14.189,14.189,14.189,14.189,
2004-08-20,14.306,14.306,14.306,14.306,
2004-08-23,14.265,14.265,14.265,14.265,
2004-08-24,14.211,14.211,14.211,14.211,
2004-08-25,14.382,14.382,14.382,14.382,
2004-08-26,14.563,14.563,14.563,14.563,
2004-08-27,14.716,14.716,14.716,14.716,
2004-08-30,14.554,14.554,14.554,14.554,
2004-08-31,14.725,14.725,14.725,14.725,
2004-09-01,14.581,14.581,14.581,14.581,
2004-09-02,14.738,14.738,14.738,14.738,
2004-09-03,14.671,14.671,14.671,14.671,
2004-09-07,14.757,14.757,14.757,14.757,
2004-09-08,14.77,14.77,14.77,14.77,
2004-09-09,14.621,14.621,14.621,14.621,
2004-09-10,14.36,14.36,14.36,14.36,
2004-09-13,14.482,14.482,14.482,14.482,
2004-09-14,14.477,14.477,14.477,14.477,
2004-09-15,14.355,14.355,14.355,14.355,
2004-09-16,14.324,14.324,14.324,14.324,
2004-09-17,14.297,14.297,14.297,14.297,
2004-09-20,13.968,13.968,13.968,13.968,
2004-09-21,13.923,13.923,13.923,13.923,
2004-09-22,13.612,13.612,13.612,13.612,
2004-09-23,13.49,13.49,13.49,13.49,
2004-09-24,13.368,13.368,13.368,13.368,
2004-09-27,13.35,13.35,13.35,13.35,
2004-09-28,13.558,13.558,13.558,13.558,
2004-09-29,13.603,13.603,13.603,13.603,
2004-09-30,13.792,13.792,13.792,13.792,
2004-10-01,13.959,13.959,13.959,13.959,
2004-10-04,14.107,14.107,14.107,14.107,
2004-10-05,14.103,14.103,14.103,14.103,
2004-10-06,14.053,14.053,14.053,14.053,
2004-10-07,13.517,13.517,13.517,13.517,
2004-10-08,13.431,13.431,13.431,13.431,
2004-10-11,13.661,13.661,13.661,13.661,
2004-10-12,13.458,13.458,13.458,13.458,
2004-10-13,13.319,13.319,13.319,13.319,
2004-10-14,13.107,13.107,13.107,13.107,
2004-10-15,12.845,12.845,12.845,12.845,
2004-10-18,13.071,13.071,13.071,13.071,
2004-10-19,13.071,13.071,13.071,13.071,
2004-10-20,12.755,12.755,12.755,12.755,
2004-10-21,12.818,12.818,12.818,12.818,
2004-10-22,12.503,12.503,12.503,12.503,
2004-10-25,12.521,12.521,12.521,12.521,
2004-10-26,12.769,12.769,12.769,12.769,
2004-10-27,13.089,13.089,13.089,13.089,
2004-10-28,12.94,12.94,12.94,12.94,
2004-10-29,13.048,13.048,13.048,13.048,
2004-11-01,12.981,12.981,12.981,12.981,
2004-11-02,12.936,12.936,12.936,12.936,
2004-11-03,13.274,13.274,13.274,13.274,
2004-11-04,13.098,13.098,13.098,13.098,
2004-11-05,12.976,12.976,12.976,12.976,
2004-11-08,12.805,12.805,12.805,12.805,
2004-11-09,12.692,12.692,12.692,12.692,
2004-11-10,12.456,12.456,12.456,12.456,
2004-11-11,12.311,12.311,12.311,12.311,
2004-11-12,12.447,12.447,12.447,12.447,
2004-11-15,12.524,12.524,12.524,12.524,
2004-11-16,12.388,12.388,12.388,12.388,
2004-11-17,12.692,12.692,12.692,12.692,
2004-11-18,12.592,12.592,12.592,12.592,
2004-11-19,12.347,12.347,12.347,12.347,
2004-11-22,12.274,12.274,12.274,12.274,
2004-11-23,12.197,12.197,12.197,12.197,
2004-11-24,12.147,12.147,12.147,12.147,
2004-11-26,12.315,12.315,12.315,12.315,
2004-11-29,12.392,12.392,12.392,12.392,
2004-11-30,12.592,12.592,12.592,12.592,
2004-12-01,12.8,12.8,12.8,12.8,
2004-12-02,12.905,12.905,12.905,12.905,
2004-12-03,12.646,12.646,12.646,12.646,
2004-12-06,12.338,12.338,12.338,12.338,
2004-12-07,12.333,12.333,12.333,12.333,
2004-12-08,12.469,12.469,12.469,12.469,
2004-12-09,12.41,12.41,12.41,12.41,
2004-12-10,12.283,12.283,12.283,12.283,
2004-12-13,12.315,12.315,12.315,12.315,
2004-12-14,12.392,12.392,12.392,12.392,
2004-12-15,12.841,12.841,12.841,12.841,
2004-12-16,13.14,13.14,13.14,13.14,
2004-12-17,11.676,11.676,11.676,11.676,
2004-12-20,11.014,11.014,11.014,11.014,
2004-12-21,11.322,11.322,11.322,11.322,
2004-12-22,11.767,11.767,11.767,11.767,
2004-12-23,11.821,11.821,11.821,11.821,
2004-12-27,12.016,12.016,12.016,12.016,
2004-12-28,12.215,12.215,12.215,12.215,
2004-12-29,12.361,12.361,12.361,12.361,
2004-12-30,12.247,12.247,12.247,12.247,
2004-12-31,12.193,12.193,12.193,12.193,
2005-01-03,11.993,11.993,11.993,11.993,
2005-01-04,11.993,11.993,11.993,11.993,
2005-01-05,11.912,11.912,11.912,11.912,
2005-01-06,11.921,11.921,11.921,11.921,
2005-01-07,11.925,11.925,11.925,11.925,
2005-01-10,11.989,11.989,11.989,11.989,
2005-01-11,11.857,11.857,11.857,11.857,
2005-01-12,11.803,11.803,11.803,11.803,
2005-01-13,11.485,11.485,11.485,11.485,
2005-01-14,11.449,11.449,11.449,11.449,
2005-01-18,11.472,11.472,11.472,11.472,
2005-01-19,11.281,11.281,11.281,11.281,
2005-01-20,11.327,11.327,11.327,11.327,
2005-01-21,11.1,11.1,11.1,11.1,
2005-01-24,11.0,11.0,11.0,11.0,
2005-01-25,11.15,11.15,11.15,11.15,
2005-01-26,11.15,11.15,11.15,11.15,
2005-01-27,11.191,11.191,11.191,11.191,
2005-01-28,11.041,11.041,11.041,11.041,
2005-01-31,10.955,10.955,10.955,10.955,
2005-02-01,10.819,10.819,10.819,10.819,
2005-02-02,10.914,10.914,10.914,10.914,
2005-02-03,10.842,10.842,10.842,10.842,
2005-02-04,10.987,10.987,10.987,10.987,
2005-02-07,11.295,11.295,11.295,11.295,
2005-02-08,11.585,11.585,11.585,11.585,
2005-02-09,11.444,11.444,11.444,11.444,
2005-02-10,11.444,11.444,11.444,11.444,
2005-02-11,11.489,11.489,11.489,11.489,
2005-02-14,11.64,11.64,11.64,11.64,
2005-02-15,11.521,11.521,11.521,11.521,
2005-02-16,11.398,11.398,11.398,11.398,
2005-02-17,11.448,11.448,11.448,11.448,
2005-02-18,12.243,12.243,12.243,12.243,
2005-02-22,12.147,12.147,12.147,12.147,
2005-02-23,12.019,12.019,12.019,12.019,
2005-02-24,12.06,12.06,12.06,12.06,
2005-02-25,12.27,12.27,12.27,12.27,
2005-02-28,12.01,12.01,12.01,12.01,
2005-03-01,12.156,12.156,12.156,12.156,
2005-03-02,12.156,12.156,12.156,12.156,
2005-03-03,12.147,12.147,12.147,12.147,
2005-03-04,12.266,12.266,12.266,12.266,
2005-03-07,12.417,12.417,12.417,12.417,
2005-03-08,12.225,12.225,12.225,12.225,
2005-03-09,12.216,12.216,12.216,12.216,
2005-03-10,12.22,12.22,12.22,12.22,
2005-03-11,12.042,12.042,12.042,12.042,
2005-03-14,12.12,12.12,12.12,12.12,
2005-03-15,12.01,12.01,12.01,12.01,
2005-03-16,11.9,11.9,11.9,11.9,
2005-03-17,11.882,11.882,11.882,11.882,
2005-03-18,11.8,11.8,11.8,11.8,
2005-03-21,11.745,11.745,11.745,11.745,
2005-03-22,11.613,11.613,11.613,11.613,
2005-03-23,11.896,11.896,11.896,11.896,
2005-03-24,11.955,11.955,11.955,11.955,
2005-03-28,11.983,11.983,11.983,11.983,
2005-03-29,11.713,11.713,11.713,11.713,
2005-03-30,12.01,12.01,12.01,12.01,
2005-03-31,12.001,12.001,12.001,12.001,
2005-04-01,11.946,11.946,11.946,11.946,
2005-04-04,11.846,11.846,11.846,11.846,
2005-04-05,12.289,12.289,12.289,12.289,
2005-04-06,12.27,12.27,12.27,12.27,
2005-04-07,12.289,12.289,12.289,12.289,
2005-04-08,12.152,12.152,12.152,12.152,
2005-04-11,12.088,12.088,12.088,12.088,
2005-04-12,12.28,12.28,12.28,12.28,
2005-04-13,12.462,12.462,12.462,12.462,
2005-04-14,12.54,12.54,12.54,12.54,
2005-04-15,12.659,12.659,12.659,12.659,
2005-04-18,12.608,12.608,12.608,12.608,
2005-04-19,12.526,12.526,12.526,12.526,
2005-04-20,12.225,12.225,12.225,12.225,
2005-04-21,12.449,12.449,12.449,12.449,
2005-04-22,12.435,12.435,12.435,12.435,
2005-04-25,12.348,12.348,12.348,12.348,
2005-04-26,12.293,12.293,12.293,12.293,
2005-04-27,12.298,12.298,12.298,12.298,
2005-04-28,12.193,12.193,12.193,12.193,
2005-04-29,12.412,12.412,12.412,12.412,
2005-05-02,12.522,12.522,12.522,12.522,
2005-05-03,12.563,12.563,12.563,12.563,
2005-05-04,12.714,12.714,12.714,12.714,
2005-05-05,12.723,12.723,12.723,12.723,
2005-05-06,12.613,12.613,12.613,12.613,
2005-05-09,12.777,12.777,12.777,12.777,
2005-05-10,12.636,12.636,12.636,12.636,
2005-05-11,12.719,12.719,12.719,12.719,
2005-05-12,12.709,12.709,12.709,12.709,
2005-05-13,12.815,12.815,12.815,12.815,
2005-05-16,12.985,12.985,12.985,12.985,
2005-05-17,12.972,12.972,12.972,12.972,
2005-05-18,13.082,13.082,13.082,13.082,
2005-05-19,13.211,13.211,13.211,13.211,
2005-05-20,13.146,13.146,13.146,13.146,
2005-05-23,13.229,13.229,13.229,13.229,
2005-05-24,13.266,13.266,13.266,13.266,
2005-05-25,13.188,13.188,13.188,13.188,
2005-05-26,13.294,13.294,13.294,13.294,
2005-05-27,13.041,13.041,13.041,13.041,
2005-05-31,12.834,12.834,12.834,12.834,
2005-06-01,12.958,12.958,12.958,12.958,
2005-06-02,12.972,12.972,12.972,12.972,
2005-06-03,12.861,12.861,12.861,12.861,
2005-06-06,12.884,12.884,12.884,12.884,
2005-06-07,12.861,12.861,12.861,12.861,
2005-06-08,12.719,12.719,12.719,12.719,
2005-06-09,12.663,12.663,12.663,12.663,
2005-06-10,12.732,12.732,12.732,12.732,
2005-06-13,12.829,12.829,12.829,12.829,
2005-06-14,13.059,13.059,13.059,13.059,
2005-06-15,13.077,13.077,13.077,13.077,
2005-06-16,13.156,13.156,13.156,13.156,
2005-06-17,13.238,13.238,13.238,13.238,
2005-06-20,13.229,13.229,13.229,13.229,
2005-06-21,13.16,13.16,13.16,13.16,
2005-06-22,13.243,13.243,13.243,13.243,
2005-06-23,13.294,13.294,13.294,13.294,
2005-06-24,13.119,13.119,13.119,13.119,
2005-06-27,12.916,12.916,12.916,12.916,
2005-06-28,12.834,12.834,12.834,12.834,
2005-06-29,12.806,12.806,12.806,12.806,
2005-06-30,12.686,12.686,12.686,12.686,
2005-07-01,12.466,12.466,12.466,12.466,
2005-07-05,12.443,12.443,12.443,12.443,
2005-07-06,12.314,12.314,12.314,12.314,
2005-07-07,12.305,12.305,12.305,12.305,
2005-07-08,12.484,12.484,12.484,12.484,
2005-07-11,12.475,12.475,12.475,12.475,
2005-07-12,12.452,12.452,12.452,12.452,
2005-07-13,12.525,12.525,12.525,12.525,
2005-07-14,12.696,12.696,12.696,12.696,
2005-07-15,12.682,12.682,12.682,12.682,
2005-07-18,12.535,12.535,12.535,12.535,
2005-07-19,12.594,12.594,12.594,12.594,
2005-07-20,12.447,12.447,12.447,12.447,
2005-07-21,12.231,12.231,12.231,12.231,
2005-07-22,12.19,12.19,12.19,12.19,
2005-07-25,12.153,12.153,12.153,12.153,
2005-07-26,12.07,12.07,12.07,12.07,
2005-07-27,12.282,12.282,12.282,12.282,
2005-07-28,12.314,12.314,12.314,12.314,
2005-07-29,12.19,12.19,12.19,12.19,
2005-08-01,12.254,12.254,12.254,12.254,
2005-08-02,12.392,12.392,12.392,12.392,
2005-08-03,12.387,12.387,12.387,12.387,
2005-08-04,12.236,12.236,12.236,12.236,
2005-08-05,12.075,12.075,12.075,12.075,
2005-08-08,12.056,12.056,12.056,12.056,
2005-08-09,12.282,12.282,12.282,12.282,
2005-08-10,12.226,12.226,12.226,12.226,
2005-08-11,12.249,12.249,12.249,12.249,
2005-08-12,12.12,12.12,12.12,12.12,
2005-08-15,12.138,12.138,12.138,12.138,
2005-08-16,12.069,12.069,12.069,12.069,
2005-08-17,12.12,12.12,12.12,12.12,
2005-08-18,11.99,11.99,11.99,11.99,
2005-08-19,11.837,11.837,11.837,11.837,
2005-08-22,11.749,11.749,11.749,11.749,
2005-08-23,11.624,11.624,11.624,11.624,
2005-08-24,11.61,11.61,11.61,11.61,
2005-08-25,11.522,11.522,11.522,11.522,
2005-08-26,11.531,11.531,11.531,11.531,
2005-08-29,11.628,11.628,11.628,11.628,
2005-08-30,11.647,11.647,11.647,11.647,
2005-08-31,11.805,11.805,11.805,11.805,
2005-09-01,11.721,11.721,11.721,11.721,
2005-09-02,11.735,11.735,11.735,11.735,
2005-09-06,11.985,11.985,11.985,11.985,
2005-09-07,12.184,12.184,12.184,12.184,
2005-09-08,12.282,12.282,12.282,12.282,
2005-09-09,12.198,12.198,12.198,12.198,
2005-09-12,12.203,12.203,12.203,12.203,
2005-09-13,12.036,12.036,12.036,12.036,
2005-09-14,12.059,12.059,12.059,12.059,
2005-09-15,11.906,11.906,11.906,11.906,
2005-09-16,11.999,11.999,11.999,11.999,
2005-09-19,11.86,11.86,11.86,11.86,
2005-09-20,11.767,11.767,11.767,11.767,
2005-09-21,11.726,11.726,11.726,11.726,
2005-09-22,11.698,11.698,11.698,11.698,
2005-09-23,11.522,11.522,11.522,11.522,
2005-09-26,11.67,11.67,11.67,11.67,
2005-09-27,11.489,11.489,11.489,11.489,
2005-09-28,11.517,11.517,11.517,11.517,
2005-09-29,11.624,11.624,11.624,11.624,
2005-09-30,11.568,11.568,11.568,11.568,
2005-10-03,11.716,11.716,11.716,11.716,
2005-10-04,11.693,11.693,11.693,11.693,
2005-10-05,11.489,11.489,11.489,11.489,
2005-10-06,11.42,11.42,11.42,11.42,
2005-10-07,11.3,11.3,11.3,11.3,
2005-10-10,11.327,11.327,11.327,11.327,
2005-10-11,11.258,11.258,11.258,11.258,
2005-10-12,11.508,11.508,11.508,11.508,
2005-10-13,11.35,11.35,11.35,11.35,
2005-10-14,11.267,11.267,11.267,11.267,
2005-10-17,11.174,11.174,11.174,11.174,
2005-10-18,11.179,11.179,11.179,11.179,
2005-10-19,11.105,11.105,11.105,11.105,
2005-10-20,10.146,10.146,10.146,10.146,
2005-10-21,9.845,9.845,9.845,9.845,
2005-10-24,9.771,9.771,9.771,9.771,
2005-10-25,9.822,9.822,9.822,9.822,
2005-10-26,9.757,9.757,9.757,9.757,
2005-10-27,9.775,9.775,9.775,9.775,
2005-10-28,9.961,9.961,9.961,9.961,
2005-10-31,10.072,10.072,10.072,10.072,
2005-11-01,9.984,9.984,9.984,9.984,
2005-11-02,10.007,10.007,10.007,10.007,
2005-11-03,10.132,10.132,10.132,10.132,
2005-11-04,10.313,10.313,10.313,10.313,
2005-11-07,10.317,10.317,10.317,10.317,
2005-11-08,10.238,10.238,10.238,10.238,
2005-11-09,10.355,10.355,10.355,10.355,
2005-11-10,10.378,10.378,10.378,10.378,
2005-11-11,10.481,10.481,10.481,10.481,
2005-11-14,10.397,10.397,10.397,10.397,
2005-11-15,10.229,10.229,10.229,10.229,
2005-11-16,9.986,9.986,9.986,9.986,
2005-11-17,9.976,9.976,9.976,9.976,
2005-11-18,10.093,10.093,10.093,10.093,
2005-11-21,10.158,10.158,10.158,10.158,
2005-11-22,9.99,9.99,9.99,9.99,
2005-11-23,10.112,10.112,10.112,10.112,
2005-11-25,10.126,10.126,10.126,10.126,
2005-11-28,10.088,10.088,10.088,10.088,
2005-11-29,10.032,10.032,10.032,10.032,
2005-11-30,9.906,9.906,9.906,9.906,
2005-12-01,9.99,9.99,9.99,9.99,
2005-12-02,9.953,9.953,9.953,9.953,
2005-12-05,9.976,9.976,9.976,9.976,
2005-12-06,9.878,9.878,9.878,9.878,
2005-12-07,9.859,9.859,9.859,9.859,
2005-12-08,9.803,9.803,9.803,9.803,
2005-12-09,9.626,9.626,9.626,9.626,
2005-12-12,9.785,9.785,9.785,9.785,
2005-12-13,10.425,10.425,10.425,10.425,
2005-12-14,10.677,10.677,10.677,10.677,
2005-12-15,10.649,10.649,10.649,10.649,
2005-12-16,10.551,10.551,10.551,10.551,
2005-12-19,11.364,11.364,11.364,11.364,
2005-12-20,11.215,11.215,11.215,11.215,
2005-12-21,11.233,11.233,11.233,11.233,
2005-12-22,11.243,11.243,11.243,11.243,
2005-12-23,11.196,11.196,11.196,11.196,
2005-12-27,11.042,11.042,11.042,11.042,
2005-12-28,11.028,11.028,11.028,11.028,
2005-12-29,10.958,10.958,10.958,10.958,
2005-12-30,10.897,10.897,10.897,10.897,
2006-01-03,11.112,11.112,11.112,11.112,
2006-01-04,11.472,11.472,11.472,11.472,
2006-01-05,11.486,11.486,11.486,11.486,
2006-01-06,11.612,11.612,11.612,11.612,
2006-01-09,11.612,11.612,11.612,11.612,
2006-01-10,11.42,11.42,11.42,11.42,
2006-01-11,11.565,11.565,11.565,11.565,
2006-01-12,11.486,11.486,11.486,11.486,
2006-01-13,11.528,11.528,11.528,11.528,
2006-01-17,11.345,11.345,11.345,11.345,
2006-01-18,11.215,11.215,11.215,11.215,
2006-01-19,11.668,11.668,11.668,11.668,
2006-01-20,11.546,11.546,11.546,11.546,
2006-01-23,11.63,11.63,11.63,11.63,
2006-01-24,11.49,11.49,11.49,11.49,
2006-01-25,11.602,11.602,11.602,11.602,
2006-01-26,11.705,11.705,11.705,11.705,
2006-01-27,12.144,12.144,12.144,12.144,
2006-01-30,12.121,12.121,12.121,12.121,
2006-01-31,12.0,12.0,12.0,12.0,
2006-02-01,12.172,12.172,12.172,12.172,
2006-02-02,12.046,12.046,12.046,12.046,
2006-02-03,11.813,11.813,11.813,11.813,
2006-02-06,11.724,11.724,11.724,11.724,
2006-02-07,11.766,11.766,11.766,11.766,
2006-02-08,12.441,12.441,12.441,12.441,
2006-02-09,12.426,12.426,12.426,12.426,
2006-02-10,12.115,12.115,12.115,12.115,
2006-02-13,12.068,12.068,12.068,12.068,
2006-02-14,12.03,12.03,12.03,12.03,
2006-02-15,12.082,12.082,12.082,12.082,
2006-02-16,12.176,12.176,12.176,12.176,
2006-02-17,12.181,12.181,12.181,12.181,
2006-02-21,12.096,12.096,12.096,12.096,
2006-02-22,12.356,12.356,12.356,12.356,
2006-02-23,12.332,12.332,12.332,12.332,
2006-02-24,12.441,12.441,12.441,12.441,
2006-02-27,12.549,12.549,12.549,12.549,
2006-02-28,12.356,12.356,12.356,12.356,
2006-03-01,12.389,12.389,12.389,12.389,
2006-03-02,12.294,12.294,12.294,12.294,
2006-03-03,12.426,12.426,12.426,12.426,
2006-03-06,12.257,12.257,12.257,12.257,
2006-03-07,12.356,12.356,12.356,12.356,
2006-03-08,12.346,12.346,12.346,12.346,
2006-03-09,12.356,12.356,12.356,12.356,
2006-03-10,12.304,12.304,12.304,12.304,
2006-03-13,12.252,12.252,12.252,12.252,
2006-03-14,12.252,12.252,12.252,12.252,
2006-03-15,12.242,12.242,12.242,12.242,
2006-03-16,12.29,12.29,12.29,12.29,
2006-03-17,12.45,12.45,12.45,12.45,
2006-03-20,12.488,12.488,12.488,12.488,
2006-03-21,12.412,12.412,12.412,12.412,
2006-03-22,12.455,12.455,12.455,12.455,
2006-03-23,12.341,12.341,12.341,12.341,
2006-03-24,12.275,12.275,12.275,12.275,
2006-03-27,12.176,12.176,12.176,12.176,
2006-03-28,11.959,11.959,11.959,11.959,
2006-03-29,11.907,11.907,11.907,11.907,
2006-03-30,11.889,11.889,11.889,11.889,
2006-03-31,11.756,11.756,11.756,11.756,
2006-04-03,11.851,11.851,11.851,11.851,
2006-04-04,11.841,11.841,11.841,11.841,
2006-04-05,11.874,11.874,11.874,11.874,
2006-04-06,11.837,11.837,11.837,11.837,
2006-04-07,11.648,11.648,11.648,11.648,
2006-04-10,11.629,11.629,11.629,11.629,
2006-04-11,11.488,11.488,11.488,11.488,
2006-04-12,11.521,11.521,11.521,11.521,
2006-04-13,11.558,11.558,11.558,11.558,
2006-04-17,11.53,11.53,11.53,11.53,
2006-04-18,11.761,11.761,11.761,11.761,
2006-04-19,11.709,11.709,11.709,11.709,
2006-04-20,11.771,11.771,11.771,11.771,
2006-04-21,11.733,11.733,11.733,11.733,
2006-04-24,11.695,11.695,11.695,11.695,
2006-04-25,11.662,11.662,11.662,11.662,
2006-04-26,11.78,11.78,11.78,11.78,
2006-04-27,11.728,11.728,11.728,11.728,
2006-04-28,11.95,11.95,11.95,11.95,
2006-05-01,11.851,11.851,11.851,11.851,
2006-05-02,11.879,11.879,11.879,11.879,
2006-05-03,11.874,11.874,11.874,11.874,
2006-05-04,11.898,11.898,11.898,11.898,
2006-05-05,11.988,11.988,11.988,11.988,
2006-05-08,12.049,12.049,12.049,12.049,
2006-05-09,12.035,12.035,12.035,12.035,
2006-05-10,11.925,11.925,11.925,11.925,
2006-05-11,11.816,11.816,11.816,11.816,
2006-05-12,11.668,11.668,11.668,11.668,
2006-05-15,11.854,11.854,11.854,11.854,
2006-05-16,11.859,11.859,11.859,11.859,
2006-05-17,11.559,11.559,11.559,11.559,
2006-05-18,11.378,11.378,11.378,11.378,
2006-05-19,11.344,11.344,11.344,11.344,
2006-05-22,11.297,11.297,11.297,11.297,
2006-05-23,11.425,11.425,11.425,11.425,
2006-05-24,11.354,11.354,11.354,11.354,
2006-05-25,11.359,11.359,11.359,11.359,
2006-05-26,11.43,11.43,11.43,11.43,
2006-05-30,11.23,11.23,11.23,11.23,
2006-05-31,11.268,11.268,11.268,11.268,
2006-06-01,11.382,11.382,11.382,11.382,
2006-06-02,11.52,11.52,11.52,11.52,
2006-06-05,11.401,11.401,11.401,11.401,
2006-06-06,11.354,11.354,11.354,11.354,
2006-06-07,11.387,11.387,11.387,11.387,
2006-06-08,11.363,11.363,11.363,11.363,
2006-06-09,11.206,11.206,11.206,11.206,
2006-06-12,11.092,11.092,11.092,11.092,
2006-06-13,10.973,10.973,10.973,10.973,
2006-06-14,11.006,11.006,11.006,11.006,
2006-06-15,11.206,11.206,11.206,11.206,
2006-06-16,11.159,11.159,11.159,11.159,
2006-06-19,10.982,10.982,10.982,10.982,
2006-06-20,10.93,10.93,10.93,10.93,
2006-06-21,10.806,10.806,10.806,10.806,
2006-06-22,10.787,10.787,10.787,10.787,
2006-06-23,10.782,10.782,10.782,10.782,
2006-06-26,10.958,10.958,10.958,10.958,
2006-06-27,10.858,10.858,10.858,10.858,
2006-06-28,10.906,10.906,10.906,10.906,
2006-06-29,11.068,11.068,11.068,11.068,
2006-06-30,11.178,11.178,11.178,11.178,
2006-07-03,11.23,11.23,11.23,11.23,
2006-07-05,11.278,11.278,11.278,11.278,
2006-07-06,11.278,11.278,11.278,11.278,
2006-07-07,11.278,11.278,11.278,11.278,
2006-07-10,11.368,11.368,11.368,11.368,
2006-07-11,11.187,11.187,11.187,11.187,
2006-07-12,11.039,11.039,11.039,11.039,
2006-07-13,10.892,10.892,10.892,10.892,
2006-07-14,10.678,10.678,10.678,10.678,
2006-07-17,10.673,10.673,10.673,10.673,
2006-07-18,10.754,10.754,10.754,10.754,
2006-07-19,11.097,11.097,11.097,11.097,
2006-07-20,11.292,11.292,11.292,11.292,
2006-07-21,11.349,11.349,11.349,11.349,
2006-07-24,11.806,11.806,11.806,11.806,
2006-07-25,11.887,11.887,11.887,11.887,
2006-07-26,11.959,11.959,11.959,11.959,
2006-07-27,12.216,12.216,12.216,12.216,
2006-07-28,12.435,12.435,12.435,12.435,
2006-07-31,12.378,12.378,12.378,12.378,
2006-08-01,12.378,12.378,12.378,12.378,
2006-08-02,12.197,12.197,12.197,12.197,
2006-08-03,12.149,12.149,12.149,12.149,
2006-08-04,12.373,12.373,12.373,12.373,
2006-08-07,12.406,12.406,12.406,12.406,
2006-08-08,12.459,12.459,12.459,12.459,
2006-08-09,12.569,12.569,12.569,12.569,
2006-08-10,12.483,12.483,12.483,12.483,
2006-08-11,12.411,12.411,12.411,12.411,
2006-08-14,12.536,12.536,12.536,12.536,
2006-08-15,12.689,12.689,12.689,12.689,
2006-08-16,12.858,12.858,12.858,12.858,
2006-08-17,12.978,12.978,12.978,12.978,
2006-08-18,13.002,13.002,13.002,13.002,
2006-08-21,12.805,12.805,12.805,12.805,
2006-08-22,12.968,12.968,12.968,12.968,
2006-08-23,13.045,13.045,13.045,13.045,
2006-08-24,13.093,13.093,13.093,13.093,
2006-08-25,13.088,13.088,13.088,13.088,
2006-08-28,13.237,13.237,13.237,13.237,
2006-08-29,13.266,13.266,13.266,13.266,
2006-08-30,13.329,13.329,13.329,13.329,
2006-08-31,13.247,13.247,13.247,13.247,
2006-09-01,13.439,13.439,13.439,13.439,
2006-09-05,13.382,13.382,13.382,13.382,
2006-09-06,13.324,13.324,13.324,13.324,
2006-09-07,13.194,13.194,13.194,13.194,
2006-09-08,13.261,13.261,13.261,13.261,
2006-09-11,13.401,13.401,13.401,13.401,
2006-09-12,13.579,13.579,13.579,13.579,
2006-09-13,13.55,13.55,13.55,13.55,
2006-09-14,13.555,13.555,13.555,13.555,
2006-09-15,13.478,13.478,13.478,13.478,
2006-09-18,13.535,13.535,13.535,13.535,
2006-09-19,13.555,13.555,13.555,13.555,
2006-09-20,13.684,13.684,13.684,13.684,
2006-09-21,13.559,13.559,13.559,13.559,
2006-09-22,13.535,13.535,13.535,13.535,
2006-09-25,13.627,13.627,13.627,13.627,
2006-09-26,13.651,13.651,13.651,13.651,
2006-09-27,13.656,13.656,13.656,13.656,
2006-09-28,13.603,13.603,13.603,13.603,
2006-09-29,13.631,13.631,13.631,13.631,
2006-10-02,13.607,13.607,13.607,13.607,
2006-10-03,13.656,13.656,13.656,13.656,
2006-10-04,13.617,13.617,13.617,13.617,
2006-10-05,13.454,13.454,13.454,13.454,
2006-10-06,13.41,13.41,13.41,13.41,
2006-10-09,13.29,13.29,13.29,13.29,
2006-10-10,13.247,13.247,13.247,13.247,
2006-10-11,13.117,13.117,13.117,13.117,
2006-10-12,13.29,13.29,13.29,13.29,
2006-10-13,13.261,13.261,13.261,13.261,
2006-10-16,13.295,13.295,13.295,13.295,
2006-10-17,13.324,13.324,13.324,13.324,
2006-10-18,13.507,13.507,13.507,13.507,
2006-10-19,13.305,13.305,13.305,13.305,
2006-10-20,13.305,13.305,13.305,13.305,
2006-10-23,13.329,13.329,13.329,13.329,
2006-10-24,13.103,13.103,13.103,13.103,
2006-10-25,13.184,13.184,13.184,13.184,
2006-10-26,13.112,13.112,13.112,13.112,
2006-10-27,13.084,13.084,13.084,13.084,
2006-10-30,13.074,13.074,13.074,13.074,
2006-10-31,12.81,12.81,12.81,12.81,
2006-11-01,12.757,12.757,12.757,12.757,
2006-11-02,12.829,12.829,12.829,12.829,
2006-11-03,12.761,12.761,12.761,12.761,
2006-11-06,12.973,12.973,12.973,12.973,
2006-11-07,13.117,13.117,13.117,13.117,
2006-11-08,12.909,12.909,12.909,12.909,
2006-11-09,12.53,12.53,12.53,12.53,
2006-11-10,12.467,12.467,12.467,12.467,
2006-11-13,12.555,12.555,12.555,12.555,
2006-11-14,12.729,12.729,12.729,12.729,
2006-11-15,12.865,12.865,12.865,12.865,
2006-11-16,12.977,12.977,12.977,12.977,
2006-11-17,13.195,13.195,13.195,13.195,
2006-11-20,13.117,13.117,13.117,13.117,
2006-11-21,13.069,13.069,13.069,13.069,
2006-11-22,13.141,13.141,13.141,13.141,
2006-11-24,13.04,13.04,13.04,13.04,
2006-11-27,13.078,13.078,13.078,13.078,
2006-11-28,13.117,13.117,13.117,13.117,
2006-11-29,13.127,13.127,13.127,13.127,
2006-11-30,13.331,13.331,13.331,13.331,
2006-12-01,13.51,13.51,13.51,13.51,
2006-12-04,12.075,12.075,12.075,12.075,
2006-12-05,12.036,12.036,12.036,12.036,
2006-12-06,12.026,12.026,12.026,12.026,
2006-12-07,12.055,12.055,12.055,12.055,
2006-12-08,12.206,12.206,12.206,12.206,
2006-12-11,12.196,12.196,12.196,12.196,
2006-12-12,12.206,12.206,12.206,12.206,
2006-12-13,12.312,12.312,12.312,12.312,
2006-12-14,12.395,12.395,12.395,12.395,
2006-12-15,12.433,12.433,12.433,12.433,
2006-12-18,12.526,12.526,12.526,12.526,
2006-12-19,12.705,12.705,12.705,12.705,
2006-12-20,12.71,12.71,12.71,12.71,
2006-12-21,12.642,12.642,12.642,12.642,
2006-12-22,12.593,12.593,12.593,12.593,
2006-12-26,12.574,12.574,12.574,12.574,
2006-12-27,12.681,12.681,12.681,12.681,
2006-12-28,12.642,12.642,12.642,12.642,
2006-12-29,12.56,12.56,12.56,12.56,
2007-01-03,12.749,12.749,12.749,12.749,
2007-01-04,12.792,12.792,12.792,12.792,
2007-01-05,12.753,12.753,12.753,12.753,
2007-01-08,12.686,12.686,12.686,12.686,
2007-01-09,12.69,12.69,12.69,12.69,
2007-01-10,12.705,12.705,12.705,12.705,
2007-01-11,12.831,12.831,12.831,12.831,
2007-01-12,12.918,12.918,12.918,12.918,
2007-01-16,12.981,12.981,12.981,12.981,
2007-01-17,13.04,13.04,13.04,13.04,
2007-01-18,13.175,13.175,13.175,13.175,
2007-01-19,13.2,13.2,13.2,13.2,
2007-01-22,13.069,13.069,13.069,13.069,
2007-01-23,12.787,12.787,12.787,12.787,
2007-01-24,13.006,13.006,13.006,13.006,
2007-01-25,12.783,12.783,12.783,12.783,
2007-01-26,12.749,12.749,12.749,12.749,
2007-01-29,12.637,12.637,12.637,12.637,
2007-01-30,12.657,12.657,12.657,12.657,
2007-01-31,12.724,12.724,12.724,12.724,
2007-02-01,12.909,12.909,12.909,12.909,
2007-02-02,12.996,12.996,12.996,12.996,
2007-02-05,13.035,13.035,13.035,13.035,
2007-02-06,13.01,13.01,13.01,13.01,
2007-02-07,13.001,13.001,13.001,13.001,
2007-02-08,12.961,12.961,12.961,12.961,
2007-02-09,12.932,12.932,12.932,12.932,
2007-02-12,12.854,12.854,12.854,12.854,
2007-02-13,12.937,12.937,12.937,12.937,
2007-02-14,13.03,13.03,13.03,13.03,
2007-02-15,13.006,13.006,13.006,13.006,
2007-02-16,12.893,12.893,12.893,12.893,
2007-02-20,12.893,12.893,12.893,12.893,
2007-02-21,12.78,12.78,12.78,12.78,
2007-02-22,12.682,12.682,12.682,12.682,
2007-02-23,12.559,12.559,12.559,12.559,
2007-02-26,12.667,12.667,12.667,12.667,
2007-02-27,12.324,12.324,12.324,12.324,
2007-02-28,12.236,12.236,12.236,12.236,
2007-03-01,12.275,12.275,12.275,12.275,
2007-03-02,12.153,12.153,12.153,12.153,
2007-03-05,12.108,12.108,12.108,12.108,
2007-03-06,12.349,12.349,12.349,12.349,
2007-03-07,12.388,12.388,12.388,12.388,
2007-03-08,12.457,12.457,12.457,12.457,
2007-03-09,12.457,12.457,12.457,12.457,
2007-03-12,12.442,12.442,12.442,12.442,
2007-03-13,12.226,12.226,12.226,12.226,
2007-03-14,12.187,12.187,12.187,12.187,
2007-03-15,12.251,12.251,12.251,12.251,
2007-03-16,12.251,12.251,12.251,12.251,
2007-03-19,12.432,12.432,12.432,12.432,
2007-03-20,12.52,12.52,12.52,12.52,
2007-03-21,12.672,12.672,12.672,12.672,
2007-03-22,12.643,12.643,12.643,12.643,
2007-03-23,12.579,12.579,12.579,12.579,
2007-03-26,12.584,12.584,12.584,12.584,
2007-03-27,12.496,12.496,12.496,12.496,
2007-03-28,12.344,12.344,12.344,12.344,
2007-03-29,12.457,12.457,12.457,12.457,
2007-03-30,12.383,12.383,12.383,12.383,
2007-04-02,12.422,12.422,12.422,12.422,
2007-04-03,12.584,12.584,12.584,12.584,
2007-04-04,12.653,12.653,12.653,12.653,
2007-04-05,12.667,12.667,12.667,12.667,
2007-04-09,12.746,12.746,12.746,12.746,
2007-04-10,12.746,12.746,12.746,12.746,
2007-04-11,12.765,12.765,12.765,12.765,
2007-04-12,12.971,12.971,12.971,12.971,
2007-04-13,13.074,13.074,13.074,13.074,
2007-04-16,13.207,13.207,13.207,13.207,
2007-04-17,13.187,13.187,13.187,13.187,
2007-04-18,13.128,13.128,13.128,13.128,
2007-04-19,13.27,13.27,13.27,13.27,
2007-04-20,13.221,13.221,13.221,13.221,
2007-04-23,12.917,12.917,12.917,12.917,
2007-04-24,12.819,12.819,12.819,12.819,
2007-04-25,12.903,12.903,12.903,12.903,
2007-04-26,13.099,13.099,13.099,13.099,
2007-04-27,13.045,13.045,13.045,13.045,
2007-04-30,12.971,12.971,12.971,12.971,
2007-05-01,13.035,13.035,13.035,13.035,
2007-05-02,13.04,13.04,13.04,13.04,
2007-05-03,13.172,13.172,13.172,13.172,
2007-05-04,13.275,13.275,13.275,13.275,
2007-05-07,13.422,13.422,13.422,13.422,
2007-05-08,13.408,13.408,13.408,13.408,
2007-05-09,13.457,13.457,13.457,13.457,
2007-05-10,13.279,13.279,13.279,13.279,
2007-05-11,13.398,13.398,13.398,13.398,
2007-05-14,13.492,13.492,13.492,13.492,
2007-05-15,13.427,13.427,13.427,13.427,
2007-05-16,13.536,13.536,13.536,13.536,
2007-05-17,13.556,13.556,13.556,13.556,
2007-05-18,13.596,13.596,13.596,13.596,
2007-05-21,13.586,13.586,13.586,13.586,
2007-05-22,13.561,13.561,13.561,13.561,
2007-05-23,13.546,13.546,13.546,13.546,
2007-05-24,13.517,13.517,13.517,13.517,
2007-05-25,13.64,13.64,13.64,13.64,
2007-05-29,13.655,13.655,13.655,13.655,
2007-05-30,13.581,13.581,13.581,13.581,
2007-05-31,13.621,13.621,13.621,13.621,
2007-06-01,13.715,13.715,13.715,13.715,
2007-06-04,13.635,13.635,13.635,13.635,
2007-06-05,13.517,13.517,13.517,13.517,
2007-06-06,13.274,13.274,13.274,13.274,
2007-06-07,13.026,13.026,13.026,13.026,
2007-06-08,13.14,13.14,13.14,13.14,
2007-06-11,13.066,13.066,13.066,13.066,
2007-06-12,12.937,12.937,12.937,12.937,
2007-06-13,13.056,13.056,13.056,13.056,
2007-06-14,13.076,13.076,13.076,13.076,
2007-06-15,13.115,13.115,13.115,13.115,
2007-06-18,13.011,13.011,13.011,13.011,
2007-06-19,12.986,12.986,12.986,12.986,
2007-06-20,12.739,12.739,12.739,12.739,
2007-06-21,12.843,12.843,12.843,12.843,
2007-06-22,12.575,12.575,12.575,12.575,
2007-06-25,12.585,12.585,12.585,12.585,
2007-06-26,12.679,12.679,12.679,12.679,
2007-06-27,12.689,12.689,12.689,12.689,
2007-06-28,12.699,12.699,12.699,12.699,
2007-06-29,12.669,12.669,12.669,12.669,
2007-07-02,12.749,12.749,12.749,12.749,
2007-07-03,12.788,12.788,12.788,12.788,
2007-07-05,12.833,12.833,12.833,12.833,
2007-07-06,12.843,12.843,12.843,12.843,
2007-07-09,12.823,12.823,12.823,12.823,
2007-07-10,12.674,12.674,12.674,12.674,
2007-07-11,12.61,12.61,12.61,12.61,
2007-07-12,12.872,12.872,12.872,12.872,
2007-07-13,12.838,12.838,12.838,12.838,
2007-07-16,12.922,12.922,12.922,12.922,
2007-07-17,12.863,12.863,12.863,12.863,
2007-07-18,12.451,12.451,12.451,12.451,
2007-07-19,12.382,12.382,12.382,12.382,
2007-07-20,12.337,12.337,12.337,12.337,
2007-07-23,12.402,12.402,12.402,12.402,
2007-07-24,12.332,12.332,12.332,12.332,
2007-07-25,12.278,12.278,12.278,12.278,
2007-07-26,11.966,11.966,11.966,11.966,
2007-07-27,11.787,11.787,11.787,11.787,
2007-07-30,11.773,11.773,11.773,11.773,
2007-07-31,11.649,11.649,11.649,11.649,
2007-08-01,11.708,11.708,11.708,11.708,
2007-08-02,11.817,11.817,11.817,11.817,
2007-08-03,11.649,11.649,11.649,11.649,
2007-08-06,11.946,11.946,11.946,11.946,
2007-08-07,12.065,12.065,12.065,12.065,
2007-08-08,12.341,12.341,12.341,12.341,
2007-08-09,12.105,12.105,12.105,12.105,
2007-08-10,12.03,12.03,12.03,12.03,
2007-08-13,11.98,11.98,11.98,11.98,
2007-08-14,11.824,11.824,11.824,11.824,
2007-08-15,11.799,11.799,11.799,11.799,
2007-08-16,11.729,11.729,11.729,11.729,
2007-08-17,12.005,12.005,12.005,12.005,
2007-08-20,12.12,12.12,12.12,12.12,
2007-08-21,12.155,12.155,12.155,12.155,
2007-08-22,12.361,12.361,12.361,12.361,
2007-08-23,12.346,12.346,12.346,12.346,
2007-08-24,12.406,12.406,12.406,12.406,
2007-08-27,12.416,12.416,12.416,12.416,
2007-08-28,12.27,12.27,12.27,12.27,
2007-08-29,12.371,12.371,12.371,12.371,
2007-08-30,12.311,12.311,12.311,12.311,
2007-08-31,12.456,12.456,12.456,12.456,
2007-09-04,12.576,12.576,12.576,12.576,
2007-09-05,12.391,12.391,12.391,12.391,
2007-09-06,12.346,12.346,12.346,12.346,
2007-09-07,12.16,12.16,12.16,12.16,
2007-09-10,12.015,12.015,12.015,12.015,
2007-09-11,12.13,12.13,12.13,12.13,
2007-09-12,12.13,12.13,12.13,12.13,
2007-09-13,12.15,12.15,12.15,12.15,
2007-09-14,12.18,12.18,12.18,12.18,
2007-09-17,12.1,12.1,12.1,12.1,
2007-09-18,12.306,12.306,12.306,12.306,
2007-09-19,12.476,12.476,12.476,12.476,
2007-09-20,12.295,12.295,12.295,12.295,
2007-09-21,12.331,12.331,12.331,12.331,
2007-09-24,12.245,12.245,12.245,12.245,
2007-09-25,12.155,12.155,12.155,12.155,
2007-09-26,12.326,12.326,12.326,12.326,
2007-09-27,12.411,12.411,12.411,12.411,
2007-09-28,12.25,12.25,12.25,12.25,
2007-10-01,12.461,12.461,12.461,12.461,
2007-10-02,12.506,12.506,12.506,12.506,
2007-10-03,12.576,12.576,12.576,12.576,
2007-10-04,12.687,12.687,12.687,12.687,
2007-10-05,12.827,12.827,12.827,12.827,
2007-10-08,12.762,12.762,12.762,12.762,
2007-10-09,12.807,12.807,12.807,12.807,
2007-10-10,12.807,12.807,12.807,12.807,
2007-10-11,12.762,12.762,12.762,12.762,
2007-10-12,12.667,12.667,12.667,12.667,
2007-10-15,12.536,12.536,12.536,12.536,
2007-10-16,12.351,12.351,12.351,12.351,
2007-10-17,12.311,12.311,12.311,12.311,
2007-10-18,12.306,12.306,12.306,12.306,
2007-10-19,12.07,12.07,12.07,12.07,
2007-10-22,12.045,12.045,12.045,12.045,
2007-10-23,12.06,12.06,12.06,12.06,
2007-10-24,12.025,12.025,12.025,12.025,
2007-10-25,12.18,12.18,12.18,12.18,
2007-10-26,12.19,12.19,12.19,12.19,
2007-10-29,12.29,12.29,12.29,12.29,
2007-10-30,12.26,12.26,12.26,12.26,
2007-10-31,12.341,12.341,12.341,12.341,
2007-11-01,12.01,12.01,12.01,12.01,
2007-11-02,11.869,11.869,11.869,11.869,
2007-11-05,11.869,11.869,11.869,11.869,
2007-11-06,12.0,12.0,12.0,12.0,
2007-11-07,11.837,11.837,11.837,11.837,
2007-11-08,11.731,11.731,11.731,11.731,
2007-11-09,11.588,11.588,11.588,11.588,
2007-11-12,11.685,11.685,11.685,11.685,
2007-11-13,11.954,11.954,11.954,11.954,
2007-11-14,11.984,11.984,11.984,11.984,
2007-11-15,11.822,11.822,11.822,11.822,
2007-11-16,11.873,11.873,11.873,11.873,
2007-11-19,11.528,11.528,11.528,11.528,
2007-11-20,11.533,11.533,11.533,11.533,
2007-11-21,11.345,11.345,11.345,11.345,
2007-11-23,11.665,11.665,11.665,11.665,
2007-11-26,11.319,11.319,11.319,11.319,
2007-11-27,11.614,11.614,11.614,11.614,
2007-11-28,11.898,11.898,11.898,11.898,
2007-11-29,11.979,11.979,11.979,11.979,
2007-11-30,12.061,12.061,12.061,12.061,
2007-12-03,11.954,11.954,11.954,11.954,
2007-12-04,11.913,11.913,11.913,11.913,
2007-12-05,12.172,12.172,12.172,12.172,
2007-12-06,12.269,12.269,12.269,12.269,
2007-12-07,12.385,12.385,12.385,12.385,
2007-12-10,12.37,12.37,12.37,12.37,
2007-12-11,12.096,12.096,12.096,12.096,
2007-12-12,12.086,12.086,12.086,12.086,
2007-12-13,12.0,12.0,12.0,12.0,
2007-12-14,11.726,11.726,11.726,11.726,
2007-12-17,11.66,11.66,11.66,11.66,
2007-12-18,11.863,11.863,11.863,11.863,
2007-12-19,11.812,11.812,11.812,11.812,
2007-12-20,11.786,11.786,11.786,11.786,
2007-12-21,11.797,11.797,11.797,11.797,
2007-12-24,11.842,11.842,11.842,11.842,
2007-12-26,11.776,11.776,11.776,11.776,
2007-12-27,11.634,11.634,11.634,11.634,
2007-12-28,11.624,11.624,11.624,11.624,
2007-12-31,11.538,11.538,11.538,11.538,
2008-01-02,11.629,11.629,11.629,11.629,
2008-01-03,11.766,11.766,11.766,11.766,
2008-01-04,11.588,11.588,11.588,11.588,
2008-01-07,11.792,11.792,11.792,11.792,
2008-01-08,11.913,11.913,11.913,11.913,
2008-01-09,12.142,12.142,12.142,12.142,
2008-01-10,12.223,12.223,12.223,12.223,
2008-01-11,12.193,12.193,12.193,12.193,
2008-01-14,12.167,12.167,12.167,12.167,
2008-01-15,11.974,11.974,11.974,11.974,
2008-01-16,11.878,11.878,11.878,11.878,
2008-01-17,11.654,11.654,11.654,11.654,
2008-01-18,11.421,11.421,11.421,11.421,
2008-01-22,11.284,11.284,11.284,11.284,
2008-01-23,11.604,11.604,11.604,11.604,
2008-01-24,11.7,11.7,11.7,11.7,
2008-01-25,11.477,11.477,11.477,11.477,
2008-01-28,11.67,11.67,11.67,11.67,
2008-01-29,11.766,11.766,11.766,11.766,
2008-01-30,11.726,11.726,11.726,11.726,
2008-01-31,11.858,11.858,11.858,11.858,
2008-02-01,11.974,11.974,11.974,11.974,
2008-02-04,11.995,11.995,11.995,11.995,
2008-02-05,11.654,11.654,11.654,11.654,
2008-02-06,11.629,11.629,11.629,11.629,
2008-02-07,11.67,11.67,11.67,11.67,
2008-02-08,11.479,11.479,11.479,11.479,
2008-02-11,11.428,11.428,11.428,11.428,
2008-02-12,11.675,11.675,11.675,11.675,
2008-02-13,11.706,11.706,11.706,11.706,
2008-02-14,11.557,11.557,11.557,11.557,
2008-02-15,11.495,11.495,11.495,11.495,
2008-02-19,11.515,11.515,11.515,11.515,
2008-02-20,11.567,11.567,11.567,11.567,
2008-02-21,11.531,11.531,11.531,11.531,
2008-02-22,11.582,11.582,11.582,11.582,
2008-02-25,11.727,11.727,11.727,11.727,
2008-02-26,11.752,11.752,11.752,11.752,
2008-02-27,11.711,11.711,11.711,11.711,
2008-02-28,11.608,11.608,11.608,11.608,
2008-02-29,11.469,11.469,11.469,11.469,
2008-03-03,11.454,11.454,11.454,11.454,
2008-03-04,11.449,11.449,11.449,11.449,
2008-03-05,11.351,11.351,11.351,11.351,
2008-03-06,11.114,11.114,11.114,11.114,
2008-03-07,10.99,10.99,10.99,10.99,
2008-03-10,10.887,10.887,10.887,10.887,
2008-03-11,11.181,11.181,11.181,11.181,
2008-03-12,10.954,10.954,10.954,10.954,
2008-03-13,10.918,10.918,10.918,10.918,
2008-03-14,10.625,10.625,10.625,10.625,
2008-03-17,10.589,10.589,10.589,10.589,
2008-03-18,10.81,10.81,10.81,10.81,
2008-03-19,10.609,10.609,10.609,10.609,
2008-03-20,10.599,10.599,10.599,10.599,
2008-03-24,10.609,10.609,10.609,10.609,
2008-03-25,10.697,10.697,10.697,10.697,
2008-03-26,10.651,10.651,10.651,10.651,
2008-03-27,10.584,10.584,10.584,10.584,
2008-03-28,10.553,10.553,10.553,10.553,
2008-03-31,10.774,10.774,10.774,10.774,
2008-04-01,11.006,11.006,11.006,11.006,
2008-04-02,11.073,11.073,11.073,11.073,
2008-04-03,10.985,10.985,10.985,10.985,
2008-04-04,10.99,10.99,10.99,10.99,
2008-04-07,11.057,11.057,11.057,11.057,
2008-04-08,10.81,10.81,10.81,10.81,
2008-04-09,10.754,10.754,10.754,10.754,
2008-04-10,10.769,10.769,10.769,10.769,
2008-04-11,10.527,10.527,10.527,10.527,
2008-04-14,10.584,10.584,10.584,10.584,
2008-04-15,10.661,10.661,10.661,10.661,
2008-04-16,10.862,10.862,10.862,10.862,
2008-04-17,10.501,10.501,10.501,10.501,
2008-04-18,10.537,10.537,10.537,10.537,
2008-04-21,10.398,10.398,10.398,10.398,
2008-04-22,10.187,10.187,10.187,10.187,
2008-04-23,10.234,10.234,10.234,10.234,
2008-04-24,10.316,10.316,10.316,10.316,
2008-04-25,10.517,10.517,10.517,10.517,
2008-04-28,10.414,10.414,10.414,10.414,
2008-04-29,10.419,10.419,10.419,10.419,
2008-04-30,10.352,10.352,10.352,10.352,
2008-05-01,10.522,10.522,10.522,10.522,
2008-05-02,10.609,10.609,10.609,10.609,
2008-05-05,10.563,10.563,10.563,10.563,
2008-05-06,10.512,10.512,10.512,10.512,
2008-05-07,10.418,10.418,10.418,10.418,
2008-05-08,10.444,10.444,10.444,10.444,
2008-05-09,10.35,10.35,10.35,10.35,
2008-05-12,10.412,10.412,10.412,10.412,
2008-05-13,10.444,10.444,10.444,10.444,
2008-05-14,10.491,10.491,10.491,10.491,
2008-05-15,10.501,10.501,10.501,10.501,
2008-05-16,10.475,10.475,10.475,10.475,
2008-05-19,10.58,10.58,10.58,10.58,
2008-05-20,10.486,10.486,10.486,10.486,
2008-05-21,10.465,10.465,10.465,10.465,
2008-05-22,10.344,10.344,10.344,10.344,
2008-05-23,10.214,10.214,10.214,10.214,
2008-05-27,10.109,10.109,10.109,10.109,
2008-05-28,10.093,10.093,10.093,10.093,
2008-05-29,10.146,10.146,10.146,10.146,
2008-05-30,10.125,10.125,10.125,10.125,
2008-06-02,10.031,10.031,10.031,10.031,
2008-06-03,9.942,9.942,9.942,9.942,
2008-06-04,9.832,9.832,9.832,9.832,
2008-06-05,9.764,9.764,9.764,9.764,
2008-06-06,9.393,9.393,9.393,9.393,
2008-06-09,9.424,9.424,9.424,9.424,
2008-06-10,9.382,9.382,9.382,9.382,
2008-06-11,9.178,9.178,9.178,9.178,
2008-06-12,9.272,9.272,9.272,9.272,
2008-06-13,9.408,9.408,9.408,9.408,
2008-06-16,9.293,9.293,9.293,9.293,
2008-06-17,9.267,9.267,9.267,9.267,
2008-06-18,9.293,9.293,9.293,9.293,
2008-06-19,9.293,9.293,9.293,9.293,
2008-06-20,9.063,9.063,9.063,9.063,
2008-06-23,9.089,9.089,9.089,9.089,
2008-06-24,9.251,9.251,9.251,9.251,
2008-06-25,9.351,9.351,9.351,9.351,
2008-06-26,8.979,8.979,8.979,8.979,
2008-06-27,9.037,9.037,9.037,9.037,
2008-06-30,9.136,9.136,9.136,9.136,
2008-07-01,9.272,9.272,9.272,9.272,
2008-07-02,9.215,9.215,9.215,9.215,
2008-07-03,9.283,9.283,9.283,9.283,
2008-07-07,9.094,9.094,9.094,9.094,
2008-07-08,9.513,9.513,9.513,9.513,
2008-07-09,9.429,9.429,9.429,9.429,
2008-07-10,9.429,9.429,9.429,9.429,
2008-07-11,9.314,9.314,9.314,9.314,
2008-07-14,9.23,9.23,9.23,9.23,
2008-07-15,9.194,9.194,9.194,9.194,
2008-07-16,9.549,9.549,9.549,9.549,
2008-07-17,9.617,9.617,9.617,9.617,
2008-07-18,9.581,9.581,9.581,9.581,
2008-07-21,9.461,9.461,9.461,9.461,
2008-07-22,9.596,9.596,9.596,9.596,
2008-07-23,9.973,9.973,9.973,9.973,
2008-07-24,9.837,9.837,9.837,9.837,
2008-07-25,9.879,9.879,9.879,9.879,
2008-07-28,9.602,9.602,9.602,9.602,
2008-07-29,9.691,9.691,9.691,9.691,
2008-07-30,9.874,9.874,9.874,9.874,
2008-07-31,9.764,9.764,9.764,9.764,
2008-08-01,9.727,9.727,9.727,9.727,
2008-08-04,9.926,9.926,9.926,9.926,
2008-08-05,10.308,10.308,10.308,10.308,
2008-08-06,10.329,10.329,10.329,10.329,
2008-08-07,10.212,10.212,10.212,10.212,
2008-08-08,10.547,10.547,10.547,10.547,
2008-08-11,10.568,10.568,10.568,10.568,
2008-08-12,10.483,10.483,10.483,10.483,
2008-08-13,10.441,10.441,10.441,10.441,
2008-08-14,10.515,10.515,10.515,10.515,
2008-08-15,10.616,10.616,10.616,10.616,
2008-08-18,10.441,10.441,10.441,10.441,
2008-08-19,10.281,10.281,10.281,10.281,
2008-08-20,10.249,10.249,10.249,10.249,
2008-08-21,10.297,10.297,10.297,10.297,
2008-08-22,10.499,10.499,10.499,10.499,
2008-08-25,10.372,10.372,10.372,10.372,
2008-08-26,10.249,10.249,10.249,10.249,
2008-08-27,10.143,10.143,10.143,10.143,
2008-08-28,10.244,10.244,10.244,10.244,
2008-08-29,10.159,10.159,10.159,10.159,
2008-09-02,10.191,10.191,10.191,10.191,
2008-09-03,10.207,10.207,10.207,10.207,
2008-09-04,9.925,9.925,9.925,9.925,
2008-09-05,9.84,9.84,9.84,9.84,
2008-09-08,10.175,10.175,10.175,10.175,
2008-09-09,9.696,9.696,9.696,9.696,
2008-09-10,9.675,9.675,9.675,9.675,
2008-09-11,9.776,9.776,9.776,9.776,
2008-09-12,9.898,9.898,9.898,9.898,
2008-09-15,9.595,9.595,9.595,9.595,
2008-09-16,9.468,9.468,9.468,9.468,
2008-09-17,9.128,9.128,9.128,9.128,
2008-09-18,9.563,9.563,9.563,9.563,
2008-09-19,9.861,9.861,9.861,9.861,
2008-09-22,9.606,9.606,9.606,9.606,
2008-09-23,9.574,9.574,9.574,9.574,
2008-09-24,9.563,9.563,9.563,9.563,
2008-09-25,9.909,9.909,9.909,9.909,
2008-09-26,9.92,9.92,9.92,9.92,
2008-09-29,9.383,9.383,9.383,9.383,
2008-09-30,9.803,9.803,9.803,9.803,
2008-10-01,10.069,10.069,10.069,10.069,
2008-10-02,9.989,9.989,9.989,9.989,
2008-10-03,10.1,10.1,10.1,10.1,
2008-10-06,10.069,10.069,10.069,10.069,
2008-10-07,9.383,9.383,9.383,9.383,
2008-10-08,9.106,9.106,9.106,9.106,
2008-10-09,8.33,8.33,8.33,8.33,
2008-10-10,8.048,8.048,8.048,8.048,
2008-10-13,8.867,8.867,8.867,8.867,
2008-10-14,9.106,9.106,9.106,9.106,
2008-10-15,8.649,8.649,8.649,8.649,
2008-10-16,9.021,9.021,9.021,9.021,
2008-10-17,8.989,8.989,8.989,8.989,
2008-10-20,9.218,9.218,9.218,9.218,
2008-10-21,9.218,9.218,9.218,9.218,
2008-10-22,8.899,8.899,8.899,8.899,
2008-10-23,9.09,9.09,9.09,9.09,
2008-10-24,8.809,8.809,8.809,8.809,
2008-10-27,8.713,8.713,8.713,8.713,
2008-10-28,9.473,9.473,9.473,9.473,
2008-10-29,9.138,9.138,9.138,9.138,
2008-10-30,9.494,9.494,9.494,9.494,
2008-10-31,9.415,9.415,9.415,9.415,
2008-11-03,9.441,9.441,9.441,9.441,
2008-11-04,9.787,9.787,9.787,9.787,
2008-11-05,9.197,9.197,9.197,9.197,
2008-11-06,8.856,8.856,8.856,8.856,
2008-11-07,9.121,9.121,9.121,9.121,
2008-11-10,8.981,8.981,8.981,8.981,
2008-11-11,9.073,9.073,9.073,9.073,
2008-11-12,8.564,8.564,8.564,8.564,
2008-11-13,9.051,9.051,9.051,9.051,
2008-11-14,8.808,8.808,8.808,8.808,
2008-11-17,8.613,8.613,8.613,8.613,
2008-11-18,8.813,8.813,8.813,8.813,
2008-11-19,8.418,8.418,8.418,8.418,
2008-11-20,7.817,7.817,7.817,7.817,
2008-11-21,8.478,8.478,8.478,8.478,
2008-11-24,8.678,8.678,8.678,8.678,
2008-11-25,8.624,8.624,8.624,8.624,
2008-11-26,8.694,8.694,8.694,8.694,
2008-11-28,8.889,8.889,8.889,8.889,
2008-12-01,8.267,8.267,8.267,8.267,
2008-12-02,8.667,8.667,8.667,8.667,
2008-12-03,8.991,8.991,8.991,8.991,
2008-12-04,8.802,8.802,8.802,8.802,
2008-12-05,8.954,8.954,8.954,8.954,
2008-12-08,9.159,9.159,9.159,9.159,
2008-12-09,8.91,8.91,8.91,8.91,
2008-12-10,8.964,8.964,8.964,8.964,
2008-12-11,8.959,8.959,8.959,8.959,
2008-12-12,9.154,9.154,9.154,9.154,
2008-12-15,8.997,8.997,8.997,8.997,
2008-12-16,9.392,9.392,9.392,9.392,
2008-12-17,9.332,9.332,9.332,9.332,
2008-12-18,9.262,9.262,9.262,9.262,
2008-12-19,9.359,9.359,9.359,9.359,
2008-12-22,9.294,9.294,9.294,9.294,
2008-12-23,9.213,9.213,9.213,9.213,
2008-12-24,9.202,9.202,9.202,9.202,
2008-12-26,9.251,9.251,9.251,9.251,
2008-12-29,9.354,9.354,9.354,9.354,
2008-12-30,9.603,9.603,9.603,9.603,
2008-12-31,9.581,9.581,9.581,9.581,
2009-01-02,9.884,9.884,9.884,9.884,
2009-01-05,9.825,9.825,9.825,9.825,
2009-01-06,9.63,9.63,9.63,9.63,
2009-01-07,9.462,9.462,9.462,9.462,
2009-01-08,9.549,9.549,9.549,9.549,
2009-01-09,9.435,9.435,9.435,9.435,
2009-01-12,9.392,9.392,9.392,9.392,
2009-01-13,9.516,9.516,9.516,9.516,
2009-01-14,9.327,9.327,9.327,9.327,
2009-01-15,9.408,9.408,9.408,9.408,
2009-01-16,9.468,9.468,9.468,9.468,
2009-01-20,9.305,9.305,9.305,9.305,
2009-01-21,9.457,9.457,9.457,9.457,
2009-01-22,9.311,9.311,9.311,9.311,
2009-01-23,9.441,9.441,9.441,9.441,
2009-01-26,8.467,8.467,8.467,8.467,
2009-01-27,8.559,8.559,8.559,8.559,
2009-01-28,8.353,8.353,8.353,8.353,
2009-01-29,8.18,8.18,8.18,8.18,
2009-01-30,7.888,7.888,7.888,7.888,
2009-02-02,8.056,8.056,8.056,8.056,
2009-02-03,8.223,8.223,8.223,8.223,
2009-02-04,8.052,8.052,8.052,8.052,
2009-02-05,8.013,8.013,8.013,8.013,
2009-02-06,8.201,8.201,8.201,8.201,
2009-02-09,8.129,8.129,8.129,8.129,
2009-02-10,7.776,7.776,7.776,7.776,
2009-02-11,7.947,7.947,7.947,7.947,
2009-02-12,8.096,8.096,8.096,8.096,
2009-02-13,8.057,8.057,8.057,8.057,
2009-02-17,7.875,7.875,7.875,7.875,
2009-02-18,7.825,7.825,7.825,7.825,
2009-02-19,7.754,7.754,7.754,7.754,
2009-02-20,7.577,7.577,7.577,7.577,
2009-02-23,7.334,7.334,7.334,7.334,
2009-02-24,7.51,7.51,7.51,7.51,
2009-02-25,7.229,7.229,7.229,7.229,
2009-02-26,7.018,7.018,7.018,7.018,
2009-02-27,6.803,6.803,6.803,6.803,
2009-03-02,6.444,6.444,6.444,6.444,
2009-03-03,6.56,6.56,6.56,6.56,
2009-03-04,6.908,6.908,6.908,6.908,
2009-03-05,7.002,7.002,7.002,7.002,
2009-03-06,7.035,7.035,7.035,7.035,
2009-03-09,6.98,6.98,6.98,6.98,
2009-03-10,7.234,7.234,7.234,7.234,
2009-03-11,7.068,7.068,7.068,7.068,
2009-03-12,7.748,7.748,7.748,7.748,
2009-03-13,8.035,8.035,8.035,8.035,
2009-03-16,7.82,7.82,7.82,7.82,
2009-03-17,7.881,7.881,7.881,7.881,
2009-03-18,7.875,7.875,7.875,7.875,
2009-03-19,7.571,7.571,7.571,7.571,
2009-03-20,7.532,7.532,7.532,7.532,
2009-03-23,7.748,7.748,7.748,7.748,
2009-03-24,7.693,7.693,7.693,7.693,
2009-03-25,7.881,7.881,7.881,7.881,
2009-03-26,7.947,7.947,7.947,7.947,
2009-03-27,7.759,7.759,7.759,7.759,
2009-03-30,7.571,7.571,7.571,7.571,
2009-03-31,7.527,7.527,7.527,7.527,
2009-04-01,7.731,7.731,7.731,7.731,
2009-04-02,7.61,7.61,7.61,7.61,
2009-04-03,7.488,7.488,7.488,7.488,
2009-04-06,7.577,7.577,7.577,7.577,
2009-04-07,7.466,7.466,7.466,7.466,
2009-04-08,7.45,7.45,7.45,7.45,
2009-04-09,7.488,7.488,7.488,7.488,
2009-04-13,7.45,7.45,7.45,7.45,
2009-04-14,7.372,7.372,7.372,7.372,
2009-04-15,7.66,7.66,7.66,7.66,
2009-04-16,7.682,7.682,7.682,7.682,
2009-04-17,7.825,7.825,7.825,7.825,
2009-04-20,7.51,7.51,7.51,7.51,
2009-04-21,7.472,7.472,7.472,7.472,
2009-04-22,7.206,7.206,7.206,7.206,
2009-04-23,7.339,7.339,7.339,7.339,
2009-04-24,7.278,7.278,7.278,7.278,
2009-04-27,7.455,7.455,7.455,7.455,
2009-04-28,7.4,7.4,7.4,7.4,
2009-04-29,7.422,7.422,7.422,7.422,
2009-04-30,7.383,7.383,7.383,7.383,
2009-05-01,7.505,7.505,7.505,7.505,
2009-05-04,7.726,7.726,7.726,7.726,
2009-05-05,7.892,7.892,7.892,7.892,
2009-05-06,7.774,7.774,7.774,7.774,
2009-05-07,7.914,7.914,7.914,7.914,
2009-05-08,8.048,8.048,8.048,8.048,
2009-05-11,7.908,7.908,7.908,7.908,
2009-05-12,8.344,8.344,8.344,8.344,
2009-05-13,8.534,8.534,8.534,8.534,
2009-05-14,8.574,8.574,8.574,8.574,
2009-05-15,8.389,8.389,8.389,8.389,
2009-05-18,8.49,8.49,8.49,8.49,
2009-05-19,8.439,8.439,8.439,8.439,
2009-05-20,8.445,8.445,8.445,8.445,
2009-05-21,8.288,8.288,8.288,8.288,
2009-05-22,8.361,8.361,8.361,8.361,
2009-05-26,8.395,8.395,8.395,8.395,
2009-05-27,8.193,8.193,8.193,8.193,
2009-05-28,8.21,8.21,8.21,8.21,
2009-05-29,8.49,8.49,8.49,8.49,
2009-06-01,8.249,8.249,8.249,8.249,
2009-06-02,8.372,8.372,8.372,8.372,
2009-06-03,8.322,8.322,8.322,8.322,
2009-06-04,8.182,8.182,8.182,8.182,
2009-06-05,8.11,8.11,8.11,8.11,
2009-06-08,7.998,7.998,7.998,7.998,
2009-06-09,7.897,7.897,7.897,7.897,
2009-06-10,7.853,7.853,7.853,7.853,
2009-06-11,8.177,8.177,8.177,8.177,
2009-06-12,8.249,8.249,8.249,8.249,
2009-06-15,7.897,7.897,7.897,7.897,
2009-06-16,7.914,7.914,7.914,7.914,
2009-06-17,8.149,8.149,8.149,8.149,
2009-06-18,8.339,8.339,8.339,8.339,
2009-06-19,8.384,8.384,8.384,8.384,
2009-06-22,8.266,8.266,8.266,8.266,
2009-06-23,8.233,8.233,8.233,8.233,
2009-06-24,8.227,8.227,8.227,8.227,
2009-06-25,8.568,8.568,8.568,8.568,
2009-06-26,8.49,8.49,8.49,8.49,
2009-06-29,8.529,8.529,8.529,8.529,
2009-06-30,8.384,8.384,8.384,8.384,
2009-07-01,8.328,8.328,8.328,8.328,
2009-07-02,8.093,8.093,8.093,8.093,
2009-07-06,8.143,8.143,8.143,8.143,
2009-07-07,8.154,8.154,8.154,8.154,
2009-07-08,8.166,8.166,8.166,8.166,
2009-07-09,7.987,7.987,7.987,7.987,
2009-07-10,7.936,7.936,7.936,7.936,
2009-07-13,8.249,8.249,8.249,8.249,
2009-07-14,8.328,8.328,8.328,8.328,
2009-07-15,8.395,8.395,8.395,8.395,
2009-07-16,8.423,8.423,8.423,8.423,
2009-07-17,8.361,8.361,8.361,8.361,
2009-07-20,8.529,8.529,8.529,8.529,
2009-07-21,8.775,8.775,8.775,8.775,
2009-07-22,8.87,8.87,8.87,8.87,
2009-07-23,9.026,9.026,9.026,9.026,
2009-07-24,9.211,9.211,9.211,9.211,
2009-07-27,9.289,9.289,9.289,9.289,
2009-07-28,8.959,8.959,8.959,8.959,
2009-07-29,8.803,8.803,8.803,8.803,
2009-07-30,8.909,8.909,8.909,8.909,
2009-07-31,8.903,8.903,8.903,8.903,
2009-08-03,8.965,8.965,8.965,8.965,
2009-08-04,8.982,8.982,8.982,8.982,
2009-08-05,8.959,8.959,8.959,8.959,
2009-08-06,8.914,8.914,8.914,8.914,
2009-08-07,9.01,9.01,9.01,9.01,
2009-08-10,8.982,8.982,8.982,8.982,
2009-08-11,8.936,8.936,8.936,8.936,
2009-08-12,8.953,8.953,8.953,8.953,
2009-08-13,8.919,8.919,8.919,8.919,
2009-08-14,8.902,8.902,8.902,8.902,
2009-08-17,8.965,8.965,8.965,8.965,
2009-08-18,9.021,9.021,9.021,9.021,
2009-08-19,9.241,9.241,9.241,9.241,
2009-08-20,9.162,9.162,9.162,9.162,
2009-08-21,9.394,9.394,9.394,9.394,
2009-08-24,9.444,9.444,9.444,9.444,
2009-08-25,9.484,9.484,9.484,9.484,
2009-08-26,9.467,9.467,9.467,9.467,
2009-08-27,9.518,9.518,9.518,9.518,
2009-08-28,9.49,9.49,9.49,9.49,
2009-08-31,9.427,9.427,9.427,9.427,
2009-09-01,9.247,9.247,9.247,9.247,
2009-09-02,9.19,9.19,9.19,9.19,
2009-09-03,9.077,9.077,9.077,9.077,
2009-09-04,9.252,9.252,9.252,9.252,
2009-09-08,9.151,9.151,9.151,9.151,
2009-09-09,9.128,9.128,9.128,9.128,
2009-09-10,9.224,9.224,9.224,9.224,
2009-09-11,9.173,9.173,9.173,9.173,
2009-09-14,9.236,9.236,9.236,9.236,
2009-09-15,9.151,9.151,9.151,9.151,
2009-09-16,9.269,9.269,9.269,9.269,
2009-09-17,9.213,9.213,9.213,9.213,
2009-09-18,9.32,9.32,9.32,9.32,
2009-09-21,9.394,9.394,9.394,9.394,
2009-09-22,9.484,9.484,9.484,9.484,
2009-09-23,9.275,9.275,9.275,9.275,
2009-09-24,9.281,9.281,9.281,9.281,
2009-09-25,9.258,9.258,9.258,9.258,
2009-09-28,9.354,9.354,9.354,9.354,
2009-09-29,9.467,9.467,9.467,9.467,
2009-09-30,9.343,9.343,9.343,9.343,
2009-10-01,9.207,9.207,9.207,9.207,
2009-10-02,9.117,9.117,9.117,9.117,
2009-10-05,9.258,9.258,9.258,9.258,
2009-10-06,9.473,9.473,9.473,9.473,
2009-10-07,9.422,9.422,9.422,9.422,
2009-10-08,9.427,9.427,9.427,9.427,
2009-10-09,9.552,9.552,9.552,9.552,
2009-10-12,9.653,9.653,9.653,9.653,
2009-10-13,9.473,9.473,9.473,9.473,
2009-10-14,9.806,9.806,9.806,9.806,
2009-10-15,9.969,9.969,9.969,9.969,
2009-10-16,10.032,10.032,10.032,10.032,
2009-10-19,10.15,10.15,10.15,10.15,
2009-10-20,10.122,10.122,10.122,10.122,
2009-10-21,9.828,9.828,9.828,9.828,
2009-10-22,9.913,9.913,9.913,9.913,
2009-10-23,9.738,9.738,9.738,9.738,
2009-10-26,9.665,9.665,9.665,9.665,
2009-10-27,9.744,9.744,9.744,9.744,
2009-10-28,9.715,9.715,9.715,9.715,
2009-10-29,9.907,9.907,9.907,9.907,
2009-10-30,9.614,9.614,9.614,9.614,
2009-11-02,9.569,9.569,9.569,9.569,
2009-11-03,9.535,9.535,9.535,9.535,
2009-11-04,9.649,9.649,9.649,9.649,
2009-11-05,9.7,9.7,9.7,9.7,
2009-11-06,9.666,9.666,9.666,9.666,
2009-11-09,9.934,9.934,9.934,9.934,
2009-11-10,10.008,10.008,10.008,10.008,
2009-11-11,10.042,10.042,10.042,10.042,
2009-11-12,10.042,10.042,10.042,10.042,
2009-11-13,10.025,10.025,10.025,10.025,
2009-11-16,10.224,10.224,10.224,10.224,
2009-11-17,10.224,10.224,10.224,10.224,
2009-11-18,10.367,10.367,10.367,10.367,
2009-11-19,10.321,10.321,10.321,10.321,
2009-11-20,10.464,10.464,10.464,10.464,
2009-11-23,10.561,10.561,10.561,10.561,
2009-11-24,10.435,10.435,10.435,10.435,
2009-11-25,10.595,10.595,10.595,10.595,
2009-11-27,10.401,10.401,10.401,10.401,
2009-11-30,10.355,10.355,10.355,10.355,
2009-12-01,10.743,10.743,10.743,10.743,
2009-12-02,10.68,10.68,10.68,10.68,
2009-12-03,10.623,10.623,10.623,10.623,
2009-12-04,10.538,10.538,10.538,10.538,
2009-12-07,10.293,10.293,10.293,10.293,
2009-12-08,10.122,10.122,10.122,10.122,
2009-12-09,10.395,10.395,10.395,10.395,
2009-12-10,10.441,10.441,10.441,10.441,
2009-12-11,10.43,10.43,10.43,10.43,
2009-12-14,10.487,10.487,10.487,10.487,
2009-12-15,10.424,10.424,10.424,10.424,
2009-12-16,10.492,10.492,10.492,10.492,
2009-12-17,10.384,10.384,10.384,10.384,
2009-12-18,10.43,10.43,10.43,10.43,
2009-12-21,10.606,10.606,10.606,10.606,
2009-12-22,10.606,10.606,10.606,10.606,
2009-12-23,10.589,10.589,10.589,10.589,
2009-12-24,10.601,10.601,10.601,10.601,
2009-12-28,10.618,10.618,10.618,10.618,
2009-12-29,10.578,10.578,10.578,10.578,
2009-12-30,10.544,10.544,10.544,10.544,
2009-12-31,10.367,10.367,10.367,10.367,
2010-01-04,10.789,10.789,10.789,10.789,
2010-01-05,10.635,10.635,10.635,10.635,
2010-01-06,10.601,10.601,10.601,10.601,
2010-01-07,10.561,10.561,10.561,10.561,
2010-01-08,10.646,10.646,10.646,10.646,
2010-01-11,10.732,10.732,10.732,10.732,
2010-01-12,10.697,10.697,10.697,10.697,
2010-01-13,10.948,10.948,10.948,10.948,
2010-01-14,11.045,11.045,11.045,11.045,
2010-01-15,11.108,11.108,11.108,11.108,
2010-01-19,11.398,11.398,11.398,11.398,
2010-01-20,11.364,11.364,11.364,11.364,
2010-01-21,10.965,10.965,10.965,10.965,
2010-01-22,10.806,10.806,10.806,10.806,
2010-01-25,10.743,10.743,10.743,10.743,
2010-01-26,10.703,10.703,10.703,10.703,
2010-01-27,10.828,10.828,10.828,10.828,
2010-01-28,10.618,10.618,10.618,10.618,
2010-01-29,10.635,10.635,10.635,10.635,
2010-02-01,10.709,10.709,10.709,10.709,
2010-02-02,10.965,10.965,10.965,10.965,
2010-02-03,10.712,10.712,10.712,10.712,
2010-02-04,10.373,10.373,10.373,10.373,
2010-02-05,10.332,10.332,10.332,10.332,
2010-02-08,10.263,10.263,10.263,10.263,
2010-02-09,10.286,10.286,10.286,10.286,
2010-02-10,10.206,10.206,10.206,10.206,
2010-02-11,10.281,10.281,10.281,10.281,
2010-02-12,10.24,10.24,10.24,10.24,
2010-02-16,10.194,10.194,10.194,10.194,
2010-02-17,10.166,10.166,10.166,10.166,
2010-02-18,10.2,10.2,10.2,10.2,
2010-02-19,10.35,10.35,10.35,10.35,
2010-02-22,10.327,10.327,10.327,10.327,
2010-02-23,10.166,10.166,10.166,10.166,
2010-02-24,10.246,10.246,10.246,10.246,
2010-02-25,10.177,10.177,10.177,10.177,
2010-02-26,10.097,10.097,10.097,10.097,
2010-03-01,10.212,10.212,10.212,10.212,
2010-03-02,10.125,10.125,10.125,10.125,
2010-03-03,9.964,9.964,9.964,9.964,
2010-03-04,9.97,9.97,9.97,9.97,
2010-03-05,10.056,10.056,10.056,10.056,
2010-03-08,9.981,9.981,9.981,9.981,
2010-03-09,9.912,9.912,9.912,9.912,
2010-03-10,9.866,9.866,9.866,9.866,
2010-03-11,9.947,9.947,9.947,9.947,
2010-03-12,9.826,9.826,9.826,9.826,
2010-03-15,9.93,9.93,9.93,9.93,
2010-03-16,9.93,9.93,9.93,9.93,
2010-03-17,9.901,9.901,9.901,9.901,
2010-03-18,9.912,9.912,9.912,9.912,
2010-03-19,9.728,9.728,9.728,9.728,
2010-03-22,9.866,9.866,9.866,9.866,
2010-03-23,10.091,10.091,10.091,10.091,
2010-03-24,10.131,10.131,10.131,10.131,
2010-03-25,10.004,10.004,10.004,10.004,
2010-03-26,9.861,9.861,9.861,9.861,
2010-03-29,9.941,9.941,9.941,9.941,
2010-03-30,9.93,9.93,9.93,9.93,
2010-03-31,9.866,9.866,9.866,9.866,
2010-04-01,9.826,9.826,9.826,9.826,
2010-04-05,9.723,9.723,9.723,9.723,
2010-04-06,9.757,9.757,9.757,9.757,
2010-04-07,9.82,9.82,9.82,9.82,
2010-04-08,9.861,9.861,9.861,9.861,
2010-04-09,9.924,9.924,9.924,9.924,
2010-04-12,9.947,9.947,9.947,9.947,
2010-04-13,9.884,9.884,9.884,9.884,
2010-04-14,9.82,9.82,9.82,9.82,
2010-04-15,9.774,9.774,9.774,9.774,
2010-04-16,9.665,9.665,9.665,9.665,
2010-04-19,9.659,9.659,9.659,9.659,
2010-04-20,9.642,9.642,9.642,9.642,
2010-04-21,9.55,9.55,9.55,9.55,
2010-04-22,9.481,9.481,9.481,9.481,
2010-04-23,9.728,9.728,9.728,9.728,
2010-04-26,9.677,9.677,9.677,9.677,
2010-04-27,9.469,9.469,9.469,9.469,
2010-04-28,9.51,9.51,9.51,9.51,
2010-04-29,9.7,9.7,9.7,9.7,
2010-04-30,9.619,9.619,9.619,9.619,
2010-05-03,9.728,9.728,9.728,9.728,
2010-05-04,9.93,9.93,9.93,9.93,
2010-05-05,9.988,9.988,9.988,9.988,
2010-05-06,9.732,9.732,9.732,9.732,
2010-05-07,9.569,9.569,9.569,9.569,
2010-05-10,9.883,9.883,9.883,9.883,
2010-05-11,9.889,9.889,9.889,9.889,
2010-05-12,9.825,9.825,9.825,9.825,
2010-05-13,9.627,9.627,9.627,9.627,
2010-05-14,9.418,9.418,9.418,9.418,
2010-05-17,9.366,9.366,9.366,9.366,
2010-05-18,9.191,9.191,9.191,9.191,
2010-05-19,9.197,9.197,9.197,9.197,
2010-05-20,8.854,8.854,8.854,8.854,
2010-05-21,8.953,8.953,8.953,8.953,
2010-05-24,8.848,8.848,8.848,8.848,
2010-05-25,8.755,8.755,8.755,8.755,
2010-05-26,8.784,8.784,8.784,8.784,
2010-05-27,8.936,8.936,8.936,8.936,
2010-05-28,8.854,8.854,8.854,8.854,
2010-06-01,8.715,8.715,8.715,8.715,
2010-06-02,8.837,8.837,8.837,8.837,
2010-06-03,8.854,8.854,8.854,8.854,
2010-06-04,8.581,8.581,8.581,8.581,
2010-06-07,8.441,8.441,8.441,8.441,
2010-06-08,8.459,8.459,8.459,8.459,
2010-06-09,8.441,8.441,8.441,8.441,
2010-06-10,8.668,8.668,8.668,8.668,
2010-06-11,8.988,8.988,8.988,8.988,
2010-06-14,8.912,8.912,8.912,8.912,
2010-06-15,9.023,9.023,9.023,9.023,
2010-06-16,9.0,9.0,9.0,9.0,
2010-06-17,8.994,8.994,8.994,8.994,
2010-06-18,8.843,8.843,8.843,8.843,
2010-06-21,8.779,8.779,8.779,8.779,
2010-06-22,8.703,8.703,8.703,8.703,
2010-06-23,8.651,8.651,8.651,8.651,
2010-06-24,8.407,8.407,8.407,8.407,
2010-06-25,8.511,8.511,8.511,8.511,
2010-06-28,8.453,8.453,8.453,8.453,
2010-06-29,8.302,8.302,8.302,8.302,
2010-06-30,8.29,8.29,8.29,8.29,
2010-07-01,8.273,8.273,8.273,8.273,
2010-07-02,8.221,8.221,8.221,8.221,
2010-07-06,8.308,8.308,8.308,8.308,
2010-07-07,8.5,8.5,8.5,8.5,
2010-07-08,8.616,8.616,8.616,8.616,
2010-07-09,8.587,8.587,8.587,8.587,
2010-07-12,8.68,8.68,8.68,8.68,
2010-07-13,8.598,8.598,8.598,8.598,
2010-07-14,8.627,8.627,8.627,8.627,
2010-07-15,8.645,8.645,8.645,8.645,
2010-07-16,8.465,8.465,8.465,8.465,
2010-07-19,8.564,8.564,8.564,8.564,
2010-07-20,8.459,8.459,8.459,8.459,
2010-07-21,8.43,8.43,8.43,8.43,
2010-07-22,8.61,8.61,8.61,8.61,
2010-07-23,8.476,8.476,8.476,8.476,
2010-07-26,8.732,8.732,8.732,8.732,
2010-07-27,8.877,8.877,8.877,8.877,
2010-07-28,8.72,8.72,8.72,8.72,
2010-07-29,8.773,8.773,8.773,8.773,
2010-07-30,8.72,8.72,8.72,8.72,
2010-08-02,9.0,9.0,9.0,9.0,
2010-08-03,9.5,9.5,9.5,9.5,
2010-08-04,9.664,9.664,9.664,9.664,
2010-08-05,9.517,9.517,9.517,9.517,
2010-08-06,9.547,9.547,9.547,9.547,
2010-08-09,9.652,9.652,9.652,9.652,
2010-08-10,9.741,9.741,9.741,9.741,
2010-08-11,9.405,9.405,9.405,9.405,
2010-08-12,9.523,9.523,9.523,9.523,
2010-08-13,9.452,9.452,9.452,9.452,
2010-08-16,9.423,9.423,9.423,9.423,
2010-08-17,9.564,9.564,9.564,9.564,
2010-08-18,9.464,9.464,9.464,9.464,
2010-08-19,9.423,9.423,9.423,9.423,
2010-08-20,9.358,9.358,9.358,9.358,
2010-08-23,9.464,9.464,9.464,9.464,
2010-08-24,9.3,9.3,9.3,9.3,
2010-08-25,9.4,9.4,9.4,9.4,
2010-08-26,9.347,9.347,9.347,9.347,
2010-08-27,9.458,9.458,9.458,9.458,
2010-08-30,9.323,9.323,9.323,9.323,
2010-08-31,9.353,9.353,9.353,9.353,
2010-09-01,9.57,9.57,9.57,9.57,
2010-09-02,9.641,9.641,9.641,9.641,
2010-09-03,9.676,9.676,9.676,9.676,
2010-09-07,9.599,9.599,9.599,9.599,
2010-09-08,9.735,9.735,9.735,9.735,
2010-09-09,9.858,9.858,9.858,9.858,
2010-09-10,9.987,9.987,9.987,9.987,
2010-09-13,9.976,9.976,9.976,9.976,
2010-09-14,10.04,10.04,10.04,10.04,
2010-09-15,10.152,10.152,10.152,10.152,
2010-09-16,10.093,10.093,10.093,10.093,
2010-09-17,10.029,10.029,10.029,10.029,
2010-09-20,10.158,10.158,10.158,10.158,
2010-09-21,10.076,10.076,10.076,10.076,
2010-09-22,10.123,10.123,10.123,10.123,
2010-09-23,10.017,10.017,10.017,10.017,
2010-09-24,10.228,10.228,10.228,10.228,
2010-09-27,10.093,10.093,10.093,10.093,
2010-09-28,10.246,10.246,10.246,10.246,
2010-09-29,10.228,10.228,10.228,10.228,
2010-09-30,10.093,10.093,10.093,10.093,
2010-10-01,10.099,10.099,10.099,10.099,
2010-10-04,9.935,9.935,9.935,9.935,
2010-10-05,10.128,10.128,10.128,10.128,
2010-10-06,10.146,10.146,10.146,10.146,
2010-10-07,10.217,10.217,10.217,10.217,
2010-10-08,10.264,10.264,10.264,10.264,
2010-10-11,10.217,10.217,10.217,10.217,
2010-10-12,10.275,10.275,10.275,10.275,
2010-10-13,10.422,10.422,10.422,10.422,
2010-10-14,10.381,10.381,10.381,10.381,
2010-10-15,10.434,10.434,10.434,10.434,
2010-10-18,10.464,10.464,10.464,10.464,
2010-10-19,10.223,10.223,10.223,10.223,
2010-10-20,10.381,10.381,10.381,10.381,
2010-10-21,10.364,10.364,10.364,10.364,
2010-10-22,10.287,10.287,10.287,10.287,
2010-10-25,10.358,10.358,10.358,10.358,
2010-10-26,10.281,10.281,10.281,10.281,
2010-10-27,10.158,10.158,10.158,10.158,
2010-10-28,10.328,10.328,10.328,10.328,
2010-10-29,10.24,10.24,10.24,10.24,
2010-11-01,10.358,10.358,10.358,10.358,
2010-11-02,10.258,10.258,10.258,10.258,
2010-11-03,10.34,10.34,10.34,10.34,
2010-11-04,10.322,10.322,10.322,10.322,
2010-11-05,10.204,10.204,10.204,10.204,
2010-11-08,10.126,10.126,10.126,10.126,
2010-11-09,10.091,10.091,10.091,10.091,
2010-11-10,9.996,9.996,9.996,9.996,
2010-11-11,10.085,10.085,10.085,10.085,
2010-11-12,10.008,10.008,10.008,10.008,
2010-11-15,9.948,9.948,9.948,9.948,
2010-11-16,9.859,9.859,9.859,9.859,
2010-11-17,9.788,9.788,9.788,9.788,
2010-11-18,9.996,9.996,9.996,9.996,
2010-11-19,9.978,9.978,9.978,9.978,
2010-11-22,9.877,9.877,9.877,9.877,
2010-11-23,9.841,9.841,9.841,9.841,
2010-11-24,9.912,9.912,9.912,9.912,
2010-11-26,9.794,9.794,9.794,9.794,
2010-11-29,9.835,9.835,9.835,9.835,
2010-11-30,9.681,9.681,9.681,9.681,
2010-12-01,9.918,9.918,9.918,9.918,
2010-12-02,9.912,9.912,9.912,9.912,
2010-12-03,9.93,9.93,9.93,9.93,
2010-12-06,9.984,9.984,9.984,9.984,
2010-12-07,9.96,9.96,9.96,9.96,
2010-12-08,9.93,9.93,9.93,9.93,
2010-12-09,9.954,9.954,9.954,9.954,
2010-12-10,10.108,10.108,10.108,10.108,
2010-12-13,10.209,10.209,10.209,10.209,
2010-12-14,10.162,10.162,10.162,10.162,
2010-12-15,10.144,10.144,10.144,10.144,
2010-12-16,10.227,10.227,10.227,10.227,
2010-12-17,10.114,10.114,10.114,10.114,
2010-12-20,10.198,10.198,10.198,10.198,
2010-12-21,10.322,10.322,10.322,10.322,
2010-12-22,10.429,10.429,10.429,10.429,
2010-12-23,10.459,10.459,10.459,10.459,
2010-12-27,10.388,10.388,10.388,10.388,
2010-12-28,10.447,10.447,10.447,10.447,
2010-12-29,10.453,10.453,10.453,10.453,
2010-12-30,10.388,10.388,10.388,10.388,
2010-12-31,10.4,10.4,10.4,10.4,
2011-01-03,10.5,10.5,10.5,10.5,
2011-01-04,10.685,10.685,10.685,10.685,
2011-01-05,10.756,10.756,10.756,10.756,
2011-01-06,10.797,10.797,10.797,10.797,
2011-01-07,10.892,10.892,10.892,10.892,
2011-01-10,10.845,10.845,10.845,10.845,
2011-01-11,10.821,10.821,10.821,10.821,
2011-01-12,10.91,10.91,10.91,10.91,
2011-01-13,10.821,10.821,10.821,10.821,
2011-01-14,10.892,10.892,10.892,10.892,
2011-01-18,10.916,10.916,10.916,10.916,
2011-01-19,10.881,10.881,10.881,10.881,
2011-01-20,10.833,10.833,10.833,10.833,
2011-01-21,10.904,10.904,10.904,10.904,
2011-01-24,10.958,10.958,10.958,10.958,
2011-01-25,10.97,10.97,10.97,10.97,
2011-01-26,10.904,10.904,10.904,10.904,
2011-01-27,10.976,10.976,10.976,10.976,
2011-01-28,10.78,10.78,10.78,10.78,
2011-01-31,10.821,10.821,10.821,10.821,
2011-02-01,11.415,11.415,11.415,11.415,
2011-02-02,11.379,11.379,11.379,11.379,
2011-02-03,11.505,11.505,11.505,11.505,
2011-02-04,11.583,11.583,11.583,11.583,
2011-02-07,11.427,11.427,11.427,11.427,
2011-02-08,11.499,11.499,11.499,11.499,
2011-02-09,11.433,11.433,11.433,11.433,
2011-02-10,11.421,11.421,11.421,11.421,
2011-02-11,11.301,11.301,11.301,11.301,
2011-02-14,11.433,11.433,11.433,11.433,
2011-02-15,11.433,11.433,11.433,11.433,
2011-02-16,11.571,11.571,11.571,11.571,
2011-02-17,11.625,11.625,11.625,11.625,
2011-02-18,11.517,11.517,11.517,11.517,
2011-02-22,11.337,11.337,11.337,11.337,
2011-02-23,11.259,11.259,11.259,11.259,
2011-02-24,11.343,11.343,11.343,11.343,
2011-02-25,11.319,11.319,11.319,11.319,
2011-02-28,11.547,11.547,11.547,11.547,
2011-03-01,11.487,11.487,11.487,11.487,
2011-03-02,11.517,11.517,11.517,11.517,
2011-03-03,11.865,11.865,11.865,11.865,
2011-03-04,11.799,11.799,11.799,11.799,
2011-03-07,11.769,11.769,11.769,11.769,
2011-03-08,11.811,11.811,11.811,11.811,
2011-03-09,11.799,11.799,11.799,11.799,
2011-03-10,11.619,11.619,11.619,11.619,
2011-03-11,11.685,11.685,11.685,11.685,
2011-03-14,11.889,11.889,11.889,11.889,
2011-03-15,11.859,11.859,11.859,11.859,
2011-03-16,11.583,11.583,11.583,11.583,
2011-03-17,11.931,11.931,11.931,11.931,
2011-03-18,12.111,12.111,12.111,12.111,
2011-03-21,11.991,11.991,11.991,11.991,
2011-03-22,11.967,11.967,11.967,11.967,
2011-03-23,11.955,11.955,11.955,11.955,
2011-03-24,12.183,12.183,12.183,12.183,
2011-03-25,12.213,12.213,12.213,12.213,
2011-03-28,12.165,12.165,12.165,12.165,
2011-03-29,12.231,12.231,12.231,12.231,
2011-03-30,12.207,12.207,12.207,12.207,
2011-03-31,12.189,12.189,12.189,12.189,
2011-04-01,12.231,12.231,12.231,12.231,
2011-04-04,12.327,12.327,12.327,12.327,
2011-04-05,12.273,12.273,12.273,12.273,
2011-04-06,12.177,12.177,12.177,12.177,
2011-04-07,12.201,12.201,12.201,12.201,
2011-04-08,12.279,12.279,12.279,12.279,
2011-04-11,12.405,12.405,12.405,12.405,
2011-04-12,12.279,12.279,12.279,12.279,
2011-04-13,12.279,12.279,12.279,12.279,
2011-04-14,12.297,12.297,12.297,12.297,
2011-04-15,12.321,12.321,12.321,12.321,
2011-04-18,12.243,12.243,12.243,12.243,
2011-04-19,12.321,12.321,12.321,12.321,
2011-04-20,12.237,12.237,12.237,12.237,
2011-04-21,11.877,11.877,11.877,11.877,
2011-04-25,12.087,12.087,12.087,12.087,
2011-04-26,12.117,12.117,12.117,12.117,
2011-04-27,12.381,12.381,12.381,12.381,
2011-04-28,12.501,12.501,12.501,12.501,
2011-04-29,12.585,12.585,12.585,12.585,
2011-05-02,12.615,12.615,12.615,12.615,
2011-05-03,12.267,12.267,12.267,12.267,
2011-05-04,12.387,12.387,12.387,12.387,
2011-05-05,12.237,12.237,12.237,12.237,
2011-05-06,12.333,12.333,12.333,12.333,
2011-05-09,12.363,12.363,12.363,12.363,
2011-05-10,12.519,12.519,12.519,12.519,
2011-05-11,12.489,12.489,12.489,12.489,
2011-05-12,12.659,12.659,12.659,12.659,
2011-05-13,12.677,12.677,12.677,12.677,
2011-05-16,12.713,12.713,12.713,12.713,
2011-05-17,12.81,12.81,12.81,12.81,
2011-05-18,12.835,12.835,12.835,12.835,
2011-05-19,12.744,12.744,12.744,12.744,
2011-05-20,12.538,12.538,12.538,12.538,
2011-05-23,12.477,12.477,12.477,12.477,
2011-05-24,12.435,12.435,12.435,12.435,
2011-05-25,12.592,12.592,12.592,12.592,
2011-05-26,12.665,12.665,12.665,12.665,
2011-05-27,12.683,12.683,12.683,12.683,
2011-05-31,12.998,12.998,12.998,12.998,
2011-06-01,12.756,12.756,12.756,12.756,
2011-06-02,12.725,12.725,12.725,12.725,
2011-06-03,12.628,12.628,12.628,12.628,
2011-06-06,12.568,12.568,12.568,12.568,
2011-06-07,12.568,12.568,12.568,12.568,
2011-06-08,12.532,12.532,12.532,12.532,
2011-06-09,12.574,12.574,12.574,12.574,
2011-06-10,12.186,12.186,12.186,12.186,
2011-06-13,12.398,12.398,12.398,12.398,
2011-06-14,12.471,12.471,12.471,12.471,
2011-06-15,12.235,12.235,12.235,12.235,
2011-06-16,12.265,12.265,12.265,12.265,
2011-06-17,12.277,12.277,12.277,12.277,
2011-06-20,12.283,12.283,12.283,12.283,
2011-06-21,12.38,12.38,12.38,12.38,
2011-06-22,12.289,12.289,12.289,12.289,
2011-06-23,12.513,12.513,12.513,12.513,
2011-06-24,12.168,12.168,12.168,12.168,
2011-06-27,12.222,12.222,12.222,12.222,
2011-06-28,12.453,12.453,12.453,12.453,
2011-06-29,12.525,12.525,12.525,12.525,
2011-06-30,12.483,12.483,12.483,12.483,
2011-07-01,12.574,12.574,12.574,12.574,
2011-07-05,12.592,12.592,12.592,12.592,
2011-07-06,12.592,12.592,12.592,12.592,
2011-07-07,12.259,12.259,12.259,12.259,
2011-07-08,12.216,12.216,12.216,12.216,
2011-07-11,12.144,12.144,12.144,12.144,
2011-07-12,12.119,12.119,12.119,12.119,
2011-07-13,12.113,12.113,12.113,12.113,
2011-07-14,12.065,12.065,12.065,12.065,
2011-07-15,11.968,11.968,11.968,11.968,
2011-07-18,11.901,11.901,11.901,11.901,
2011-07-19,12.083,12.083,12.083,12.083,
2011-07-20,12.059,12.059,12.059,12.059,
2011-07-21,12.18,12.18,12.18,12.18,
2011-07-22,12.162,12.162,12.162,12.162,
2011-07-25,12.004,12.004,12.004,12.004,
2011-07-26,11.895,11.895,11.895,11.895,
2011-07-27,11.695,11.695,11.695,11.695,
2011-07-28,11.732,11.732,11.732,11.732,
2011-07-29,11.665,11.665,11.665,11.665,
2011-08-01,11.52,11.52,11.52,11.52,
2011-08-02,10.992,10.992,10.992,10.992,
2011-08-03,11.047,11.047,11.047,11.047,
2011-08-04,10.637,10.637,10.637,10.637,
2011-08-05,10.717,10.717,10.717,10.717,
2011-08-08,10.208,10.208,10.208,10.208,
2011-08-09,10.784,10.784,10.784,10.784,
2011-08-10,10.447,10.447,10.447,10.447,
2011-08-11,10.913,10.913,10.913,10.913,
2011-08-12,10.943,10.943,10.943,10.943,
2011-08-15,11.237,11.237,11.237,11.237,
2011-08-16,11.219,11.219,11.219,11.219,
2011-08-17,11.329,11.329,11.329,11.329,
2011-08-18,10.851,10.851,10.851,10.851,
2011-08-19,10.827,10.827,10.827,10.827,
2011-08-22,10.833,10.833,10.833,10.833,
2011-08-23,11.176,11.176,11.176,11.176,
2011-08-24,11.268,11.268,11.268,11.268,
2011-08-25,11.005,11.005,11.005,11.005,
2011-08-26,11.158,11.158,11.158,11.158,
2011-08-29,11.568,11.568,11.568,11.568,
2011-08-30,11.568,11.568,11.568,11.568,
2011-08-31,11.63,11.63,11.63,11.63,
2011-09-01,11.587,11.587,11.587,11.587,
2011-09-02,11.311,11.311,11.311,11.311,
2011-09-06,11.427,11.427,11.427,11.427,
2011-09-07,11.648,11.648,11.648,11.648,
2011-09-08,11.532,11.532,11.532,11.532,
2011-09-09,11.201,11.201,11.201,11.201,
2011-09-12,11.182,11.182,11.182,11.182,
2011-09-13,11.231,11.231,11.231,11.231,
2011-09-14,11.28,11.28,11.28,11.28,
2011-09-15,11.329,11.329,11.329,11.329,
2011-09-16,11.121,11.121,11.121,11.121,
2011-09-19,11.066,11.066,11.066,11.066,
2011-09-20,11.176,11.176,11.176,11.176,
2011-09-21,10.931,10.931,10.931,10.931,
2011-09-22,10.717,10.717,10.717,10.717,
2011-09-23,10.692,10.692,10.692,10.692,
2011-09-26,10.888,10.888,10.888,10.888,
2011-09-27,10.876,10.876,10.876,10.876,
2011-09-28,10.76,10.76,10.76,10.76,
2011-09-29,11.017,11.017,11.017,11.017,
2011-09-30,10.833,10.833,10.833,10.833,
2011-10-03,10.619,10.619,10.619,10.619,
2011-10-04,10.778,10.778,10.778,10.778,
2011-10-05,11.017,11.017,11.017,11.017,
2011-10-06,11.17,11.17,11.17,11.17,
2011-10-07,11.299,11.299,11.299,11.299,
2011-10-10,11.593,11.593,11.593,11.593,
2011-10-11,11.55,11.55,11.55,11.55,
2011-10-12,11.532,11.532,11.532,11.532,
2011-10-13,11.495,11.495,11.495,11.495,
2011-10-14,11.666,11.666,11.666,11.666,
2011-10-17,11.452,11.452,11.452,11.452,
2011-10-18,11.623,11.623,11.623,11.623,
2011-10-19,11.525,11.525,11.525,11.525,
2011-10-20,11.476,11.476,11.476,11.476,
2011-10-21,11.679,11.679,11.679,11.679,
2011-10-24,11.862,11.862,11.862,11.862,
2011-10-25,11.562,11.562,11.562,11.562,
2011-10-26,11.813,11.813,11.813,11.813,
2011-10-27,12.157,12.157,12.157,12.157,
2011-10-28,12.144,12.144,12.144,12.144,
2011-10-31,11.801,11.801,11.801,11.801,
2011-11-01,11.844,11.844,11.844,11.844,
2011-11-02,11.967,11.967,11.967,11.967,
2011-11-03,12.181,12.181,12.181,12.181,
2011-11-04,12.046,12.046,12.046,12.046,
2011-11-07,12.297,12.297,12.297,12.297,
2011-11-08,12.427,12.427,12.427,12.427,
2011-11-09,11.969,11.969,11.969,11.969,
2011-11-10,12.248,12.248,12.248,12.248,
2011-11-11,12.372,12.372,12.372,12.372,
2011-11-14,12.248,12.248,12.248,12.248,
2011-11-15,12.297,12.297,12.297,12.297,
2011-11-16,12.112,12.112,12.112,12.112,
2011-11-17,12.05,12.05,12.05,12.05,
2011-11-18,12.087,12.087,12.087,12.087,
2011-11-21,11.734,11.734,11.734,11.734,
2011-11-22,11.697,11.697,11.697,11.697,
2011-11-23,11.419,11.419,11.419,11.419,
2011-11-25,11.419,11.419,11.419,11.419,
2011-11-28,11.815,11.815,11.815,11.815,
2011-11-29,12.007,12.007,12.007,12.007,
2011-11-30,12.421,12.421,12.421,12.421,
2011-12-01,12.396,12.396,12.396,12.396,
2011-12-02,12.31,12.31,12.31,12.31,
2011-12-05,12.279,12.279,12.279,12.279,
2011-12-06,12.52,12.52,12.52,12.52,
2011-12-07,12.669,12.669,12.669,12.669,
2011-12-08,12.496,12.496,12.496,12.496,
2011-12-09,12.725,12.725,12.725,12.725,
2011-12-12,12.619,12.619,12.619,12.619,
2011-12-13,12.848,12.848,12.848,12.848,
2011-12-14,12.91,12.91,12.91,12.91,
2011-12-15,13.083,13.083,13.083,13.083,
2011-12-16,13.015,13.015,13.015,13.015,
2011-12-19,13.083,13.083,13.083,13.083,
2011-12-20,13.282,13.282,13.282,13.282,
2011-12-21,13.418,13.418,13.418,13.418,
2011-12-22,13.387,13.387,13.387,13.387,
2011-12-23,13.511,13.511,13.511,13.511,
2011-12-27,13.473,13.473,13.473,13.473,
2011-12-28,13.325,13.325,13.325,13.325,
2011-12-29,13.436,13.436,13.436,13.436,
2011-12-30,13.393,13.393,13.393,13.393,
2012-01-03,13.597,13.597,13.597,13.597,
2012-01-04,13.473,13.473,13.473,13.473,
2012-01-05,13.368,13.368,13.368,13.368,
2012-01-06,13.35,13.35,13.35,13.35,
2012-01-09,13.504,13.504,13.504,13.504,
2012-01-10,13.579,13.579,13.579,13.579,
2012-01-11,13.554,13.554,13.554,13.554,
2012-01-12,13.61,13.61,13.61,13.61,
2012-01-13,13.517,13.517,13.517,13.517,
2012-01-17,13.579,13.579,13.579,13.579,
2012-01-18,13.597,13.597,13.597,13.597,
2012-01-19,13.517,13.517,13.517,13.517,
2012-01-20,13.554,13.554,13.554,13.554,
2012-01-23,13.436,13.436,13.436,13.436,
2012-01-24,13.405,13.405,13.405,13.405,
2012-01-25,13.442,13.442,13.442,13.442,
2012-01-26,13.387,13.387,13.387,13.387,
2012-01-27,13.294,13.294,13.294,13.294,
2012-01-30,13.356,13.356,13.356,13.356,
2012-01-31,13.244,13.244,13.244,13.244,
2012-02-01,13.326,13.326,13.326,13.326,
2012-02-02,13.201,13.201,13.201,13.201,
2012-02-03,13.257,13.257,13.257,13.257,
2012-02-06,13.101,13.101,13.101,13.101,
2012-02-07,13.163,13.163,13.163,13.163,
2012-02-08,13.138,13.138,13.138,13.138,
2012-02-09,13.219,13.219,13.219,13.219,
2012-02-10,13.163,13.163,13.163,13.163,
2012-02-13,13.319,13.319,13.319,13.319,
2012-02-14,13.338,13.338,13.338,13.338,
2012-02-15,13.201,13.201,13.201,13.201,
2012-02-16,13.338,13.338,13.338,13.338,
2012-02-17,13.251,13.251,13.251,13.251,
2012-02-21,13.269,13.269,13.269,13.269,
2012-02-22,13.357,13.357,13.357,13.357,
2012-02-23,13.151,13.151,13.151,13.151,
2012-02-24,13.244,13.244,13.244,13.244,
2012-02-27,13.294,13.294,13.294,13.294,
2012-02-28,13.269,13.269,13.269,13.269,
2012-02-29,13.213,13.213,13.213,13.213,
2012-03-01,13.438,13.438,13.438,13.438,
2012-03-02,13.388,13.388,13.388,13.388,
2012-03-05,13.444,13.444,13.444,13.444,
2012-03-06,13.301,13.301,13.301,13.301,
2012-03-07,13.363,13.363,13.363,13.363,
2012-03-08,13.419,13.419,13.419,13.419,
2012-03-09,13.432,13.432,13.432,13.432,
2012-03-12,13.469,13.469,13.469,13.469,
2012-03-13,13.763,13.763,13.763,13.763,
2012-03-14,13.713,13.713,13.713,13.713,
2012-03-15,13.701,13.701,13.701,13.701,
2012-03-16,13.72,13.72,13.72,13.72,
2012-03-19,13.682,13.682,13.682,13.682,
2012-03-20,13.632,13.632,13.632,13.632,
2012-03-21,13.613,13.613,13.613,13.613,
2012-03-22,13.588,13.588,13.588,13.588,
2012-03-23,13.645,13.645,13.645,13.645,
2012-03-26,13.857,13.857,13.857,13.857,
2012-03-27,14.07,14.07,14.07,14.07,
2012-03-28,14.014,14.014,14.014,14.014,
2012-03-29,14.02,14.02,14.02,14.02,
2012-03-30,14.164,14.164,14.164,14.164,
2012-04-02,14.126,14.126,14.126,14.126,
2012-04-03,14.095,14.095,14.095,14.095,
2012-04-04,14.001,14.001,14.001,14.001,
2012-04-05,13.97,13.97,13.97,13.97,
2012-04-09,13.788,13.788,13.788,13.788,
2012-04-10,13.751,13.751,13.751,13.751,
2012-04-11,13.726,13.726,13.726,13.726,
2012-04-12,13.707,13.707,13.707,13.707,
2012-04-13,13.663,13.663,13.663,13.663,
2012-04-16,13.745,13.745,13.745,13.745,
2012-04-17,13.951,13.951,13.951,13.951,
2012-04-18,14.039,14.039,14.039,14.039,
2012-04-19,13.97,13.97,13.97,13.97,
2012-04-20,14.107,14.107,14.107,14.107,
2012-04-23,13.995,13.995,13.995,13.995,
2012-04-24,14.151,14.151,14.151,14.151,
2012-04-25,14.307,14.307,14.307,14.307,
2012-04-26,14.42,14.42,14.42,14.42,
2012-04-27,14.432,14.432,14.432,14.432,
2012-04-30,14.32,14.32,14.32,14.32,
2012-05-01,14.245,14.245,14.245,14.245,
2012-05-02,14.17,14.17,14.17,14.17,
2012-05-03,14.132,14.132,14.132,14.132,
2012-05-04,13.995,13.995,13.995,13.995,
2012-05-07,14.039,14.039,14.039,14.039,
2012-05-08,14.02,14.02,14.02,14.02,
2012-05-09,14.178,14.178,14.178,14.178,
2012-05-10,14.418,14.418,14.418,14.418,
2012-05-11,14.304,14.304,14.304,14.304,
2012-05-14,14.266,14.266,14.266,14.266,
2012-05-15,14.083,14.083,14.083,14.083,
2012-05-16,14.298,14.298,14.298,14.298,
2012-05-17,14.247,14.247,14.247,14.247,
2012-05-18,14.253,14.253,14.253,14.253,
2012-05-21,14.234,14.234,14.234,14.234,
2012-05-22,14.127,14.127,14.127,14.127,
2012-05-23,13.95,13.95,13.95,13.95,
2012-05-24,13.982,13.982,13.982,13.982,
2012-05-25,13.976,13.976,13.976,13.976,
2012-05-29,14.007,14.007,14.007,14.007,
2012-05-30,13.919,13.919,13.919,13.919,
2012-05-31,13.811,13.811,13.811,13.811,
2012-06-01,13.666,13.666,13.666,13.666,
2012-06-04,13.647,13.647,13.647,13.647,
2012-06-05,13.641,13.641,13.641,13.641,
2012-06-06,13.837,13.837,13.837,13.837,
2012-06-07,13.856,13.856,13.856,13.856,
2012-06-08,13.982,13.982,13.982,13.982,
2012-06-11,13.957,13.957,13.957,13.957,
2012-06-12,14.013,14.013,14.013,14.013,
2012-06-13,14.013,14.013,14.013,14.013,
2012-06-14,14.247,14.247,14.247,14.247,
2012-06-15,14.279,14.279,14.279,14.279,
2012-06-18,14.285,14.285,14.285,14.285,
2012-06-19,14.342,14.342,14.342,14.342,
2012-06-20,14.317,14.317,14.317,14.317,
2012-06-21,14.272,14.272,14.272,14.272,
2012-06-22,14.354,14.354,14.354,14.354,
2012-06-25,14.19,14.19,14.19,14.19,
2012-06-26,14.171,14.171,14.171,14.171,
2012-06-27,14.279,14.279,14.279,14.279,
2012-06-28,14.228,14.228,14.228,14.228,
2012-06-29,14.525,14.525,14.525,14.525,
2012-07-02,14.525,14.525,14.525,14.525,
2012-07-03,14.443,14.443,14.443,14.443,
2012-07-05,14.317,14.317,14.317,14.317,
2012-07-06,14.234,14.234,14.234,14.234,
2012-07-09,14.304,14.304,14.304,14.304,
2012-07-10,14.171,14.171,14.171,14.171,
2012-07-11,14.108,14.108,14.108,14.108,
2012-07-12,14.317,14.317,14.317,14.317,
2012-07-13,14.405,14.405,14.405,14.405,
2012-07-16,14.607,14.607,14.607,14.607,
2012-07-17,14.917,14.917,14.917,14.917,
2012-07-18,14.948,14.948,14.948,14.948,
2012-07-19,15.03,15.03,15.03,15.03,
2012-07-20,14.967,14.967,14.967,14.967,
2012-07-23,14.904,14.904,14.904,14.904,
2012-07-24,14.765,14.765,14.765,14.765,
2012-07-25,14.733,14.733,14.733,14.733,
2012-07-26,14.834,14.834,14.834,14.834,
2012-07-27,15.049,15.049,15.049,15.049,
2012-07-30,14.973,14.973,14.973,14.973,
2012-07-31,15.182,15.182,15.182,15.182,
2012-08-01,15.258,15.258,15.258,15.258,
2012-08-02,15.246,15.246,15.246,15.246,
2012-08-03,15.475,15.475,15.475,15.475,
2012-08-06,15.462,15.462,15.462,15.462,
2012-08-07,15.131,15.131,15.131,15.131,
2012-08-08,15.188,15.188,15.188,15.188,
2012-08-09,15.214,15.214,15.214,15.214,
2012-08-10,15.258,15.258,15.258,15.258,
2012-08-13,15.118,15.118,15.118,15.118,
2012-08-14,15.284,15.284,15.284,15.284,
2012-08-15,15.322,15.322,15.322,15.322,
2012-08-16,15.309,15.309,15.309,15.309,
2012-08-17,15.163,15.163,15.163,15.163,
2012-08-20,15.239,15.239,15.239,15.239,
2012-08-21,15.099,15.099,15.099,15.099,
2012-08-22,15.105,15.105,15.105,15.105,
2012-08-23,15.131,15.131,15.131,15.131,
2012-08-24,15.303,15.303,15.303,15.303,
2012-08-27,15.226,15.226,15.226,15.226,
2012-08-28,15.201,15.201,15.201,15.201,
2012-08-29,15.271,15.271,15.271,15.271,
2012-08-30,15.195,15.195,15.195,15.195,
2012-08-31,15.207,15.207,15.207,15.207,
2012-09-04,15.156,15.156,15.156,15.156,
2012-09-05,15.246,15.246,15.246,15.246,
2012-09-06,15.513,15.513,15.513,15.513,
2012-09-07,15.449,15.449,15.449,15.449,
2012-09-10,15.36,15.36,15.36,15.36,
2012-09-11,15.405,15.405,15.405,15.405,
2012-09-12,15.341,15.341,15.341,15.341,
2012-09-13,15.456,15.456,15.456,15.456,
2012-09-14,15.169,15.169,15.169,15.169,
2012-09-17,15.309,15.309,15.309,15.309,
2012-09-18,15.303,15.303,15.303,15.303,
2012-09-19,15.398,15.398,15.398,15.398,
2012-09-20,15.558,15.558,15.558,15.558,
2012-09-21,15.628,15.628,15.628,15.628,
2012-09-24,15.775,15.775,15.775,15.775,
2012-09-25,15.832,15.832,15.832,15.832,
2012-09-26,15.826,15.826,15.826,15.826,
2012-09-27,15.908,15.908,15.908,15.908,
2012-09-28,15.838,15.838,15.838,15.838,
2012-10-01,15.959,15.959,15.959,15.959,
2012-10-02,16.01,16.01,16.01,16.01,
2012-10-03,16.138,16.138,16.138,16.138,
2012-10-04,16.157,16.157,16.157,16.157,
2012-10-05,16.265,16.265,16.265,16.265,
2012-10-08,16.189,16.189,16.189,16.189,
2012-10-09,16.131,16.131,16.131,16.131,
2012-10-10,16.036,16.036,16.036,16.036,
2012-10-11,16.01,16.01,16.01,16.01,
2012-10-12,16.01,16.01,16.01,16.01,
2012-10-15,16.297,16.297,16.297,16.297,
2012-10-16,16.444,16.444,16.444,16.444,
2012-10-17,16.469,16.469,16.469,16.469,
2012-10-18,16.597,16.597,16.597,16.597,
2012-10-19,16.418,16.418,16.418,16.418,
2012-10-22,16.316,16.316,16.316,16.316,
2012-10-23,16.055,16.055,16.055,16.055,
2012-10-24,16.131,16.131,16.131,16.131,
2012-10-25,16.323,16.323,16.323,16.323,
2012-10-26,16.208,16.208,16.208,16.208,
2012-10-31,15.851,15.851,15.851,15.851,
2012-11-01,15.647,15.647,15.647,15.647,
2012-11-02,15.647,15.647,15.647,15.647,
2012-11-05,15.666,15.666,15.666,15.666,
2012-11-06,15.749,15.749,15.749,15.749,
2012-11-07,15.543,15.543,15.543,15.543,
2012-11-08,15.537,15.537,15.537,15.537,
2012-11-09,15.543,15.543,15.543,15.543,
2012-11-12,15.505,15.505,15.505,15.505,
2012-11-13,15.466,15.466,15.466,15.466,
2012-11-14,15.312,15.312,15.312,15.312,
2012-11-15,15.215,15.215,15.215,15.215,
2012-11-16,15.344,15.344,15.344,15.344,
2012-11-19,15.524,15.524,15.524,15.524,
2012-11-20,15.614,15.614,15.614,15.614,
2012-11-21,15.659,15.659,15.659,15.659,
2012-11-23,15.775,15.775,15.775,15.775,
2012-11-26,15.749,15.749,15.749,15.749,
2012-11-27,15.595,15.595,15.595,15.595,
2012-11-28,15.865,15.865,15.865,15.865,
2012-11-29,15.981,15.981,15.981,15.981,
2012-11-30,16.09,16.09,16.09,16.09,
2012-12-03,16.135,16.135,16.135,16.135,
2012-12-04,16.186,16.186,16.186,16.186,
2012-12-05,16.489,16.489,16.489,16.489,
2012-12-06,16.469,16.469,16.469,16.469,
2012-12-07,16.437,16.437,16.437,16.437,
2012-12-10,16.341,16.341,16.341,16.341,
2012-12-11,16.489,16.489,16.489,16.489,
2012-12-12,16.405,16.405,16.405,16.405,
2012-12-13,16.289,16.289,16.289,16.289,
2012-12-14,16.193,16.193,16.193,16.193,
2012-12-17,16.309,16.309,16.309,16.309,
2012-12-18,16.489,16.489,16.489,16.489,
2012-12-19,16.302,16.302,16.302,16.302,
2012-12-20,16.354,16.354,16.354,16.354,
2012-12-21,16.128,16.128,16.128,16.128,
2012-12-24,16.128,16.128,16.128,16.128,
2012-12-26,16.231,16.231,16.231,16.231,
2012-12-27,16.167,16.167,16.167,16.167,
2012-12-28,16.006,16.006,16.006,16.006,
2012-12-31,16.128,16.128,16.128,16.128,
2013-01-02,16.662,16.662,16.662,16.662,
2013-01-03,16.624,16.624,16.624,16.624,
2013-01-04,16.694,16.694,16.694,16.694,
2013-01-07,16.707,16.707,16.707,16.707,
2013-01-08,16.733,16.733,16.733,16.733,
2013-01-09,17.022,17.022,17.022,17.022,
2013-01-10,17.209,17.209,17.209,17.209,
2013-01-11,17.054,17.054,17.054,17.054,
2013-01-14,17.196,17.196,17.196,17.196,
2013-01-15,17.119,17.119,17.119,17.119,
2013-01-16,17.112,17.112,17.112,17.112,
2013-01-17,17.254,17.254,17.254,17.254,
2013-01-18,17.067,17.067,17.067,17.067,
2013-01-22,17.157,17.157,17.157,17.157,
2013-01-23,17.138,17.138,17.138,17.138,
2013-01-24,17.267,17.267,17.267,17.267,
2013-01-25,17.363,17.363,17.363,17.363,
2013-01-28,17.26,17.26,17.26,17.26,
2013-01-29,17.813,17.813,17.813,17.813,
2013-01-30,17.846,17.846,17.846,17.846,
2013-01-31,17.697,17.697,17.697,17.697,
2013-02-01,17.924,17.924,17.924,17.924,
2013-02-04,17.625,17.625,17.625,17.625,
2013-02-05,17.846,17.846,17.846,17.846,
2013-02-06,17.722,17.722,17.722,17.722,
2013-02-07,17.489,17.489,17.489,17.489,
2013-02-08,17.437,17.437,17.437,17.437,
2013-02-11,17.606,17.606,17.606,17.606,
2013-02-12,17.508,17.508,17.508,17.508,
2013-02-13,17.515,17.515,17.515,17.515,
2013-02-14,17.554,17.554,17.554,17.554,
2013-02-15,17.703,17.703,17.703,17.703,
2013-02-19,17.975,17.975,17.975,17.975,
2013-02-20,17.885,17.885,17.885,17.885,
2013-02-21,17.781,17.781,17.781,17.781,
2013-02-22,17.761,17.761,17.761,17.761,
2013-02-25,17.411,17.411,17.411,17.411,
2013-02-26,17.534,17.534,17.534,17.534,
2013-02-27,17.781,17.781,17.781,17.781,
2013-02-28,17.755,17.755,17.755,17.755,
2013-03-01,17.768,17.768,17.768,17.768,
2013-03-04,17.963,17.963,17.963,17.963,
2013-03-05,18.209,18.209,18.209,18.209,
2013-03-06,18.241,18.241,18.241,18.241,
2013-03-07,18.339,18.339,18.339,18.339,
2013-03-08,18.287,18.287,18.287,18.287,
2013-03-11,18.326,18.326,18.326,18.326,
2013-03-12,18.125,18.125,18.125,18.125,
2013-03-13,18.177,18.177,18.177,18.177,
2013-03-14,18.235,18.235,18.235,18.235,
2013-03-15,18.177,18.177,18.177,18.177,
2013-03-18,18.19,18.19,18.19,18.19,
2013-03-19,18.157,18.157,18.157,18.157,
2013-03-20,18.352,18.352,18.352,18.352,
2013-03-21,18.235,18.235,18.235,18.235,
2013-03-22,18.41,18.41,18.41,18.41,
2013-03-25,18.267,18.267,18.267,18.267,
2013-03-26,18.553,18.553,18.553,18.553,
2013-03-27,18.579,18.579,18.579,18.579,
2013-03-28,18.721,18.721,18.721,18.721,
2013-04-01,18.709,18.709,18.709,18.709,
2013-04-02,18.962,18.962,18.962,18.962,
2013-04-03,18.832,18.832,18.832,18.832,
2013-04-04,18.916,18.916,18.916,18.916,
2013-04-05,18.877,18.877,18.877,18.877,
2013-04-08,18.916,18.916,18.916,18.916,
2013-04-09,18.884,18.884,18.884,18.884,
2013-04-10,19.409,19.409,19.409,19.409,
2013-04-11,19.876,19.876,19.876,19.876,
2013-04-12,19.896,19.896,19.896,19.896,
2013-04-15,19.753,19.753,19.753,19.753,
2013-04-16,20.071,20.071,20.071,20.071,
2013-04-17,20.025,20.025,20.025,20.025,
2013-04-18,19.844,19.844,19.844,19.844,
2013-04-19,20.149,20.149,20.149,20.149,
2013-04-22,20.064,20.064,20.064,20.064,
2013-04-23,20.162,20.162,20.162,20.162,
2013-04-24,19.85,19.85,19.85,19.85,
2013-04-25,19.63,19.63,19.63,19.63,
2013-04-26,19.519,19.519,19.519,19.519,
2013-04-29,19.74,19.74,19.74,19.74,
2013-04-30,18.858,18.858,18.858,18.858,
2013-05-01,18.747,18.747,18.747,18.747,
2013-05-02,18.987,18.987,18.987,18.987,
2013-05-03,18.786,18.786,18.786,18.786,
2013-05-06,18.631,18.631,18.631,18.631,
2013-05-07,18.832,18.832,18.832,18.832,
2013-05-08,18.793,18.793,18.793,18.793,
2013-05-09,18.707,18.707,18.707,18.707,
2013-05-10,18.786,18.786,18.786,18.786,
2013-05-13,19.211,19.211,19.211,19.211,
2013-05-14,19.231,19.231,19.231,19.231,
2013-05-15,19.335,19.335,19.335,19.335,
2013-05-16,19.133,19.133,19.133,19.133,
2013-05-17,18.943,18.943,18.943,18.943,
2013-05-20,18.773,18.773,18.773,18.773,
2013-05-21,18.825,18.825,18.825,18.825,
2013-05-22,19.165,19.165,19.165,19.165,
2013-05-23,19.041,19.041,19.041,19.041,
2013-05-24,18.995,18.995,18.995,18.995,
2013-05-28,18.976,18.976,18.976,18.976,
2013-05-29,18.498,18.498,18.498,18.498,
2013-05-30,18.479,18.479,18.479,18.479,
2013-05-31,17.811,17.811,17.811,17.811,
2013-06-03,18.151,18.151,18.151,18.151,
2013-06-04,18.093,18.093,18.093,18.093,
2013-06-05,17.975,17.975,17.975,17.975,
2013-06-06,18.387,18.387,18.387,18.387,
2013-06-07,18.485,18.485,18.485,18.485,
2013-06-10,18.557,18.557,18.557,18.557,
2013-06-11,18.59,18.59,18.59,18.59,
2013-06-12,18.596,18.596,18.596,18.596,
2013-06-13,19.021,19.021,19.021,19.021,
2013-06-14,19.028,19.028,19.028,19.028,
2013-06-17,19.074,19.074,19.074,19.074,
2013-06-18,19.231,19.231,19.231,19.231,
2013-06-19,19.035,19.035,19.035,19.035,
2013-06-20,18.734,18.734,18.734,18.734,
2013-06-21,18.616,18.616,18.616,18.616,
2013-06-24,18.125,18.125,18.125,18.125,
2013-06-25,18.308,18.308,18.308,18.308,
2013-06-26,18.38,18.38,18.38,18.38,
2013-06-27,18.433,18.433,18.433,18.433,
2013-06-28,18.322,18.322,18.322,18.322,
2013-07-01,18.171,18.171,18.171,18.171,
2013-07-02,18.119,18.119,18.119,18.119,
2013-07-03,18.086,18.086,18.086,18.086,
2013-07-05,18.295,18.295,18.295,18.295,
2013-07-08,18.4,18.4,18.4,18.4,
2013-07-09,18.544,18.544,18.544,18.544,
2013-07-10,18.603,18.603,18.603,18.603,
2013-07-11,18.819,18.819,18.819,18.819,
2013-07-12,18.845,18.845,18.845,18.845,
2013-07-15,18.832,18.832,18.832,18.832,
2013-07-16,18.76,18.76,18.76,18.76,
2013-07-17,18.76,18.76,18.76,18.76,
2013-07-18,18.636,18.636,18.636,18.636,
2013-07-19,19.028,19.028,19.028,19.028,
2013-07-22,19.198,19.198,19.198,19.198,
2013-07-23,19.244,19.244,19.244,19.244,
2013-07-24,19.152,19.152,19.152,19.152,
2013-07-25,19.093,19.093,19.093,19.093,
2013-07-26,19.211,19.211,19.211,19.211,
2013-07-29,19.322,19.322,19.322,19.322,
2013-07-30,19.407,19.407,19.407,19.407,
2013-07-31,19.275,19.275,19.275,19.275,
2013-08-01,19.196,19.196,19.196,19.196,
2013-08-02,19.368,19.368,19.368,19.368,
2013-08-05,19.249,19.249,19.249,19.249,
2013-08-06,19.348,19.348,19.348,19.348,
2013-08-07,19.295,19.295,19.295,19.295,
2013-08-08,19.21,19.21,19.21,19.21,
2013-08-09,19.262,19.262,19.262,19.262,
2013-08-12,19.249,19.249,19.249,19.249,
2013-08-13,19.302,19.302,19.302,19.302,
2013-08-14,19.144,19.144,19.144,19.144,
2013-08-15,18.992,18.992,18.992,18.992,
2013-08-16,18.708,18.708,18.708,18.708,
2013-08-19,18.768,18.768,18.768,18.768,
2013-08-20,18.814,18.814,18.814,18.814,
2013-08-21,18.623,18.623,18.623,18.623,
2013-08-22,18.57,18.57,18.57,18.57,
2013-08-23,18.689,18.689,18.689,18.689,
2013-08-26,18.478,18.478,18.478,18.478,
2013-08-27,18.464,18.464,18.464,18.464,
2013-08-28,18.603,18.603,18.603,18.603,
2013-08-29,18.53,18.53,18.53,18.53,
2013-08-30,18.603,18.603,18.603,18.603,
2013-09-03,18.471,18.471,18.471,18.471,
2013-09-04,18.708,18.708,18.708,18.708,
2013-09-05,18.642,18.642,18.642,18.642,
2013-09-06,18.649,18.649,18.649,18.649,
2013-09-09,18.662,18.662,18.662,18.662,
2013-09-10,18.761,18.761,18.761,18.761,
2013-09-11,18.906,18.906,18.906,18.906,
2013-09-12,18.669,18.669,18.669,18.669,
2013-09-13,18.801,18.801,18.801,18.801,
2013-09-16,18.933,18.933,18.933,18.933,
2013-09-17,18.886,18.886,18.886,18.886,
2013-09-18,19.15,19.15,19.15,19.15,
2013-09-19,19.018,19.018,19.018,19.018,
2013-09-20,19.104,19.104,19.104,19.104,
2013-09-23,18.992,18.992,18.992,18.992,
2013-09-24,18.933,18.933,18.933,18.933,
2013-09-25,18.788,18.788,18.788,18.788,
2013-09-26,18.807,18.807,18.807,18.807,
2013-09-27,19.045,19.045,19.045,19.045,
2013-09-30,18.946,18.946,18.946,18.946,
2013-10-01,19.051,19.051,19.051,19.051,
2013-10-02,19.13,19.13,19.13,19.13,
2013-10-03,18.972,18.972,18.972,18.972,
2013-10-04,19.124,19.124,19.124,19.124,
2013-10-07,18.873,18.873,18.873,18.873,
2013-10-08,18.623,18.623,18.623,18.623,
2013-10-09,18.656,18.656,18.656,18.656,
2013-10-10,18.972,18.972,18.972,18.972,
2013-10-11,18.939,18.939,18.939,18.939,
2013-10-14,19.355,19.355,19.355,19.355,
2013-10-15,19.229,19.229,19.229,19.229,
2013-10-16,19.651,19.651,19.651,19.651,
2013-10-17,19.955,19.955,19.955,19.955,
2013-10-18,20.12,20.12,20.12,20.12,
2013-10-21,20.047,20.047,20.047,20.047,
2013-10-22,20.232,20.232,20.232,20.232,
2013-10-23,20.179,20.179,20.179,20.179,
2013-10-24,20.186,20.186,20.186,20.186,
2013-10-25,20.186,20.186,20.186,20.186,
2013-10-28,20.271,20.271,20.271,20.271,
2013-10-29,20.608,20.608,20.608,20.608,
2013-10-30,20.397,20.397,20.397,20.397,
2013-10-31,20.238,20.238,20.238,20.238,
2013-11-01,20.555,20.555,20.555,20.555,
2013-11-04,20.614,20.614,20.614,20.614,
2013-11-05,20.601,20.601,20.601,20.601,
2013-11-06,20.581,20.581,20.581,20.581,
2013-11-07,20.541,20.541,20.541,20.541,
2013-11-08,20.814,20.814,20.814,20.814,
2013-11-11,20.76,20.76,20.76,20.76,
2013-11-12,20.854,20.854,20.854,20.854,
2013-11-13,21.179,21.179,21.179,21.179,
2013-11-14,21.266,21.266,21.266,21.266,
2013-11-15,21.398,21.398,21.398,21.398,
2013-11-18,21.272,21.272,21.272,21.272,
2013-11-19,21.04,21.04,21.04,21.04,
2013-11-20,21.212,21.212,21.212,21.212,
2013-11-21,21.246,21.246,21.246,21.246,
2013-11-22,21.345,21.345,21.345,21.345,
2013-11-25,21.359,21.359,21.359,21.359,
2013-11-26,21.192,21.192,21.192,21.192,
2013-11-27,21.186,21.186,21.186,21.186,
2013-11-29,21.086,21.086,21.086,21.086,
2013-12-02,21.153,21.153,21.153,21.153,
2013-12-03,20.747,20.747,20.747,20.747,
2013-12-04,20.78,20.78,20.78,20.78,
2013-12-05,20.767,20.767,20.767,20.767,
2013-12-06,20.96,20.96,20.96,20.96,
2013-12-09,20.986,20.986,20.986,20.986,
2013-12-10,20.827,20.827,20.827,20.827,
2013-12-11,20.368,20.368,20.368,20.368,
2013-12-12,20.103,20.103,20.103,20.103,
2013-12-13,20.103,20.103,20.103,20.103,
2013-12-16,20.103,20.103,20.103,20.103,
2013-12-17,20.029,20.029,20.029,20.029,
2013-12-18,20.448,20.448,20.448,20.448,
2013-12-19,20.408,20.408,20.408,20.408,
2013-12-20,20.103,20.103,20.103,20.103,
2013-12-23,20.169,20.169,20.169,20.169,
2013-12-24,20.129,20.129,20.129,20.129,
2013-12-26,20.302,20.302,20.302,20.302,
2013-12-27,20.362,20.362,20.362,20.362,
2013-12-30,20.395,20.395,20.395,20.395,
2013-12-31,20.355,20.355,20.355,20.355,
2014-01-02,20.242,20.242,20.242,20.242,
2014-01-03,20.282,20.282,20.282,20.282,
2014-01-06,20.302,20.302,20.302,20.302,
2014-01-07,20.428,20.428,20.428,20.428,
2014-01-08,20.568,20.568,20.568,20.568,
2014-01-09,20.554,20.554,20.554,20.554,
2014-01-10,20.395,20.395,20.395,20.395,
2014-01-13,20.295,20.295,20.295,20.295,
2014-01-14,20.601,20.601,20.601,20.601,
2014-01-15,20.721,20.721,20.721,20.721,
2014-01-16,20.714,20.714,20.714,20.714,
2014-01-17,20.661,20.661,20.661,20.661,
2014-01-21,20.754,20.754,20.754,20.754,
2014-01-22,20.78,20.78,20.78,20.78,
2014-01-23,20.608,20.608,20.608,20.608,
2014-01-24,19.996,19.996,19.996,19.996,
2014-01-27,19.71,19.71,19.71,19.71,
2014-01-28,20.216,20.216,20.216,20.216,
2014-01-29,20.01,20.01,20.01,20.01,
2014-01-30,20.481,20.481,20.481,20.481,
2014-01-31,20.202,20.202,20.202,20.202,
2014-02-03,20.335,20.335,20.335,20.335,
2014-02-04,20.893,20.893,20.893,20.893,
2014-02-05,20.538,20.538,20.538,20.538,
2014-02-06,20.666,20.666,20.666,20.666,
2014-02-07,20.92,20.92,20.92,20.92,
2014-02-10,21.088,21.088,21.088,21.088,
2014-02-11,21.362,21.362,21.362,21.362,
2014-02-12,21.182,21.182,21.182,21.182,
2014-02-13,21.242,21.242,21.242,21.242,
2014-02-14,21.403,21.403,21.403,21.403,
2014-02-18,21.362,21.362,21.362,21.362,
2014-02-19,21.094,21.094,21.094,21.094,
2014-02-20,21.141,21.141,21.141,21.141,
2014-02-21,21.081,21.081,21.081,21.081,
2014-02-24,21.436,21.436,21.436,21.436,
2014-02-25,21.369,21.369,21.369,21.369,
2014-02-26,21.436,21.436,21.436,21.436,
2014-02-27,21.597,21.597,21.597,21.597,
2014-02-28,21.517,21.517,21.517,21.517,
2014-03-03,21.429,21.429,21.429,21.429,
2014-03-04,21.905,21.905,21.905,21.905,
2014-03-05,21.945,21.945,21.945,21.945,
2014-03-06,21.751,21.751,21.751,21.751,
2014-03-07,21.731,21.731,21.731,21.731,
2014-03-10,21.704,21.704,21.704,21.704,
2014-03-11,21.724,21.724,21.724,21.724,
2014-03-12,21.429,21.429,21.429,21.429,
2014-03-13,20.853,20.853,20.853,20.853,
2014-03-14,20.927,20.927,20.927,20.927,
2014-03-17,21.054,21.054,21.054,21.054,
2014-03-18,21.396,21.396,21.396,21.396,
2014-03-19,21.249,21.249,21.249,21.249,
2014-03-20,21.383,21.383,21.383,21.383,
2014-03-21,21.563,21.563,21.563,21.563,
2014-03-24,21.101,21.101,21.101,21.101,
2014-03-25,21.322,21.322,21.322,21.322,
2014-03-26,21.563,21.563,21.563,21.563,
2014-03-27,21.51,21.51,21.51,21.51,
2014-03-28,21.362,21.362,21.362,21.362,
2014-03-31,21.523,21.523,21.523,21.523,
2014-04-01,21.409,21.409,21.409,21.409,
2014-04-02,21.637,21.637,21.637,21.637,
2014-04-03,21.711,21.711,21.711,21.711,
2014-04-04,21.55,21.55,21.55,21.55,
2014-04-07,20.907,20.907,20.907,20.907,
2014-04-08,20.686,20.686,20.686,20.686,
2014-04-09,20.927,20.927,20.927,20.927,
2014-04-10,20.511,20.511,20.511,20.511,
2014-04-11,20.009,20.009,20.009,20.009,
2014-04-14,20.016,20.016,20.016,20.016,
2014-04-15,20.029,20.029,20.029,20.029,
2014-04-16,20.163,20.163,20.163,20.163,
2014-04-17,20.27,20.27,20.27,20.27,
2014-04-21,20.679,20.679,20.679,20.679,
2014-04-22,20.773,20.773,20.773,20.773,
2014-04-23,20.719,20.719,20.719,20.719,
2014-04-24,20.578,20.578,20.578,20.578,
2014-04-25,20.605,20.605,20.605,20.605,
2014-04-28,21.47,21.47,21.47,21.47,
2014-04-29,21.282,21.282,21.282,21.282,
2014-04-30,20.96,20.96,20.96,20.96,
2014-05-01,20.873,20.873,20.873,20.873,
2014-05-02,20.605,20.605,20.605,20.605,
2014-05-05,20.076,20.076,20.076,20.076,
2014-05-06,19.721,19.721,19.721,19.721,
2014-05-07,19.619,19.619,19.619,19.619,
2014-05-08,19.721,19.721,19.721,19.721,
2014-05-09,19.626,19.626,19.626,19.626,
2014-05-12,19.694,19.694,19.694,19.694,
2014-05-13,19.741,19.741,19.741,19.741,
2014-05-14,19.673,19.673,19.673,19.673,
2014-05-15,19.646,19.646,19.646,19.646,
2014-05-16,19.687,19.687,19.687,19.687,
2014-05-19,19.795,19.795,19.795,19.795,
2014-05-20,19.775,19.775,19.775,19.775,
2014-05-21,19.991,19.991,19.991,19.991,
2014-05-22,20.052,20.052,20.052,20.052,
2014-05-23,19.937,19.937,19.937,19.937,
2014-05-27,20.018,20.018,20.018,20.018,
2014-05-28,20.018,20.018,20.018,20.018,
2014-05-29,20.011,20.011,20.011,20.011,
2014-05-30,20.032,20.032,20.032,20.032,
2014-06-02,20.086,20.086,20.086,20.086,
2014-06-03,20.005,20.005,20.005,20.005,
2014-06-04,20.038,20.038,20.038,20.038,
2014-06-05,20.12,20.12,20.12,20.12,
2014-06-06,19.89,19.89,19.89,19.89,
2014-06-09,19.842,19.842,19.842,19.842,
2014-06-10,19.944,19.944,19.944,19.944,
2014-06-11,19.896,19.896,19.896,19.896,
2014-06-12,19.91,19.91,19.91,19.91,
2014-06-13,19.964,19.964,19.964,19.964,
2014-06-16,20.018,20.018,20.018,20.018,
2014-06-17,19.93,19.93,19.93,19.93,
2014-06-18,20.086,20.086,20.086,20.086,
2014-06-19,20.005,20.005,20.005,20.005,
2014-06-20,20.133,20.133,20.133,20.133,
2014-06-23,19.91,19.91,19.91,19.91,
2014-06-24,19.809,19.809,19.809,19.809,
2014-06-25,20.147,20.147,20.147,20.147,
2014-06-26,20.005,20.005,20.005,20.005,
2014-06-27,20.059,20.059,20.059,20.059,
2014-06-30,20.066,20.066,20.066,20.066,
2014-07-01,20.336,20.336,20.336,20.336,
2014-07-02,20.532,20.532,20.532,20.532,
2014-07-03,20.64,20.64,20.64,20.64,
2014-07-07,20.613,20.613,20.613,20.613,
2014-07-08,20.383,20.383,20.383,20.383,
2014-07-09,20.316,20.316,20.316,20.316,
2014-07-10,20.282,20.282,20.282,20.282,
2014-07-11,20.329,20.329,20.329,20.329,
2014-07-14,20.444,20.444,20.444,20.444,
2014-07-15,20.559,20.559,20.559,20.559,
2014-07-16,20.931,20.931,20.931,20.931,
2014-07-17,20.654,20.654,20.654,20.654,
2014-07-18,20.775,20.775,20.775,20.775,
2014-07-21,20.518,20.518,20.518,20.518,
2014-07-22,20.613,20.613,20.613,20.613,
2014-07-23,20.546,20.546,20.546,20.546,
2014-07-24,20.512,20.512,20.512,20.512,
2014-07-25,20.41,20.41,20.41,20.41,
2014-07-28,20.349,20.349,20.349,20.349,
2014-07-29,20.099,20.099,20.099,20.099,
2014-07-30,19.956,19.956,19.956,19.956,
2014-07-31,19.574,19.574,19.574,19.574,
2014-08-01,19.683,19.683,19.683,19.683,
2014-08-04,19.608,19.608,19.608,19.608,
2014-08-05,19.376,19.376,19.376,19.376,
2014-08-06,19.288,19.288,19.288,19.288,
2014-08-07,19.124,19.124,19.124,19.124,
2014-08-08,19.329,19.329,19.329,19.329,
2014-08-11,19.267,19.267,19.267,19.267,
2014-08-12,19.151,19.151,19.151,19.151,
2014-08-13,19.24,19.24,19.24,19.24,
2014-08-14,19.595,19.595,19.595,19.595,
2014-08-15,19.533,19.533,19.533,19.533,
2014-08-18,19.67,19.67,19.67,19.67,
2014-08-19,19.738,19.738,19.738,19.738,
2014-08-20,19.704,19.704,19.704,19.704,
2014-08-21,19.656,19.656,19.656,19.656,
2014-08-22,19.724,19.724,19.724,19.724,
2014-08-25,19.717,19.717,19.717,19.717,
2014-08-26,19.922,19.922,19.922,19.922,
2014-08-27,20.113,20.113,20.113,20.113,
2014-08-28,20.038,20.038,20.038,20.038,
2014-08-29,20.045,20.045,20.045,20.045,
2014-09-02,19.956,19.956,19.956,19.956,
2014-09-03,20.052,20.052,20.052,20.052,
2014-09-04,20.031,20.031,20.031,20.031,
2014-09-05,20.222,20.222,20.222,20.222,
2014-09-08,20.052,20.052,20.052,20.052,
2014-09-09,19.936,19.936,19.936,19.936,
2014-09-10,20.079,20.079,20.079,20.079,
2014-09-11,20.208,20.208,20.208,20.208,
2014-09-12,20.072,20.072,20.072,20.072,
2014-09-15,20.406,20.406,20.406,20.406,
2014-09-16,20.495,20.495,20.495,20.495,
2014-09-17,20.699,20.699,20.699,20.699,
2014-09-18,20.856,20.856,20.856,20.856,
2014-09-19,20.734,20.734,20.734,20.734,
2014-09-22,20.584,20.584,20.584,20.584,
2014-09-23,20.495,20.495,20.495,20.495,
2014-09-24,20.672,20.672,20.672,20.672,
2014-09-25,20.447,20.447,20.447,20.447,
2014-09-26,20.27,20.27,20.27,20.27,
2014-09-29,20.304,20.304,20.304,20.304,
2014-09-30,20.168,20.168,20.168,20.168,
2014-10-01,19.881,19.881,19.881,19.881,
2014-10-02,19.82,19.82,19.82,19.82,
2014-10-03,19.929,19.929,19.929,19.929,
2014-10-06,19.895,19.895,19.895,19.895,
2014-10-07,19.636,19.636,19.636,19.636,
2014-10-08,20.038,20.038,20.038,20.038,
2014-10-09,19.772,19.772,19.772,19.772,
2014-10-10,19.867,19.867,19.867,19.867,
2014-10-13,19.417,19.417,19.417,19.417,
2014-10-14,19.41,19.41,19.41,19.41,
2014-10-15,19.226,19.226,19.226,19.226,
2014-10-16,18.892,18.892,18.892,18.892,
2014-10-17,18.981,18.981,18.981,18.981,
2014-10-20,19.049,19.049,19.049,19.049,
2014-10-21,19.288,19.288,19.288,19.288,
2014-10-22,19.301,19.301,19.301,19.301,
2014-10-23,19.506,19.506,19.506,19.506,
2014-10-24,19.854,19.854,19.854,19.854,
2014-10-27,19.799,19.799,19.799,19.799,
2014-10-28,19.84,19.84,19.84,19.84,
2014-10-29,20.113,20.113,20.113,20.113,
2014-10-30,20.352,20.352,20.352,20.352,
2014-10-31,20.427,20.427,20.427,20.427,
2014-11-03,20.59,20.59,20.59,20.59,
2014-11-04,20.652,20.652,20.652,20.652,
2014-11-05,20.666,20.666,20.666,20.666,
2014-11-06,20.666,20.666,20.666,20.666,
2014-11-07,20.583,20.583,20.583,20.583,
2014-11-10,20.776,20.776,20.776,20.776,
2014-11-11,20.858,20.858,20.858,20.858,
2014-11-12,20.927,20.927,20.927,20.927,
2014-11-13,20.927,20.927,20.927,20.927,
2014-11-14,20.872,20.872,20.872,20.872,
2014-11-17,20.858,20.858,20.858,20.858,
2014-11-18,21.044,21.044,21.044,21.044,
2014-11-19,20.941,20.941,20.941,20.941,
2014-11-20,20.941,20.941,20.941,20.941,
2014-11-21,20.948,20.948,20.948,20.948,
2014-11-24,20.789,20.789,20.789,20.789,
2014-11-25,20.961,20.961,20.961,20.961,
2014-11-26,21.395,21.395,21.395,21.395,
2014-11-28,21.429,21.429,21.429,21.429,
2014-12-01,21.505,21.505,21.505,21.505,
2014-12-02,21.718,21.718,21.718,21.718,
2014-12-03,21.842,21.842,21.842,21.842,
2014-12-04,21.787,21.787,21.787,21.787,
2014-12-05,22.007,22.007,22.007,22.007,
2014-12-08,21.993,21.993,21.993,21.993,
2014-12-09,21.979,21.979,21.979,21.979,
2014-12-10,21.918,21.918,21.918,21.918,
2014-12-11,21.773,21.773,21.773,21.773,
2014-12-12,21.292,21.292,21.292,21.292,
2014-12-15,21.23,21.23,21.23,21.23,
2014-12-16,21.099,21.099,21.099,21.099,
2014-12-17,21.408,21.408,21.408,21.408,
2014-12-18,21.993,21.993,21.993,21.993,
2014-12-19,21.973,21.973,21.973,21.973,
2014-12-22,22.076,22.076,22.076,22.076,
2014-12-23,21.635,21.635,21.635,21.635,
2014-12-24,21.615,21.615,21.615,21.615,
2014-12-26,21.773,21.773,21.773,21.773,
2014-12-29,21.594,21.594,21.594,21.594,
2014-12-30,21.587,21.587,21.587,21.587,
2014-12-31,21.429,21.429,21.429,21.429,
2015-01-02,21.553,21.553,21.553,21.553,
2015-01-05,21.436,21.436,21.436,21.436,
2015-01-06,21.615,21.615,21.615,21.615,
2015-01-07,21.911,21.911,21.911,21.911,
2015-01-08,22.358,22.358,22.358,22.358,
2015-01-09,22.461,22.461,22.461,22.461,
2015-01-12,22.544,22.544,22.544,22.544,
2015-01-13,22.317,22.317,22.317,22.317,
2015-01-14,22.344,22.344,22.344,22.344,
2015-01-15,22.289,22.289,22.289,22.289,
2015-01-16,22.564,22.564,22.564,22.564,
2015-01-20,22.771,22.771,22.771,22.771,
2015-01-21,22.454,22.454,22.454,22.454,
2015-01-22,22.571,22.571,22.571,22.571,
2015-01-23,22.323,22.323,22.323,22.323,
2015-01-26,22.564,22.564,22.564,22.564,
2015-01-27,22.427,22.427,22.427,22.427,
2015-01-28,21.979,21.979,21.979,21.979,
2015-01-29,21.897,21.897,21.897,21.897,
2015-01-30,21.498,21.498,21.498,21.498,
2015-02-02,21.773,21.773,21.773,21.773,
2015-02-03,22.028,22.028,22.028,22.028,
2015-02-04,22.257,22.257,22.257,22.257,
2015-02-05,22.895,22.895,22.895,22.895,
2015-02-06,23.02,23.02,23.02,23.02,
2015-02-09,22.951,22.951,22.951,22.951,
2015-02-10,23.7,23.7,23.7,23.7,
2015-02-11,23.77,23.77,23.77,23.77,
2015-02-12,24.2,24.2,24.2,24.2,
2015-02-13,24.04,24.04,24.04,24.04,
2015-02-17,23.999,23.999,23.999,23.999,
2015-02-18,23.929,23.929,23.929,23.929,
2015-02-19,23.881,23.881,23.881,23.881,
2015-02-20,23.985,23.985,23.985,23.985,
2015-02-23,23.867,23.867,23.867,23.867,
2015-02-24,23.832,23.832,23.832,23.832,
2015-02-25,24.054,24.054,24.054,24.054,
2015-02-26,24.006,24.006,24.006,24.006,
2015-02-27,23.818,23.818,23.818,23.818,
2015-03-02,24.13,24.13,24.13,24.13,
2015-03-03,23.985,23.985,23.985,23.985,
2015-03-04,24.04,24.04,24.04,24.04,
2015-03-05,23.922,23.922,23.922,23.922,
2015-03-06,23.575,23.575,23.575,23.575,
2015-03-09,23.617,23.617,23.617,23.617,
2015-03-10,23.443,23.443,23.443,23.443,
2015-03-11,23.339,23.339,23.339,23.339,
2015-03-12,23.596,23.596,23.596,23.596,
2015-03-13,23.596,23.596,23.596,23.596,
2015-03-16,23.901,23.901,23.901,23.901,
2015-03-17,23.714,23.714,23.714,23.714,
2015-03-18,23.86,23.86,23.86,23.86,
2015-03-19,23.7,23.7,23.7,23.7,
2015-03-20,23.77,23.77,23.77,23.77,
2015-03-23,24.325,24.325,24.325,24.325,
2015-03-24,23.957,23.957,23.957,23.957,
2015-03-25,23.804,23.804,23.804,23.804,
2015-03-26,23.707,23.707,23.707,23.707,
2015-03-27,23.964,23.964,23.964,23.964,
2015-03-30,24.29,24.29,24.29,24.29,
2015-03-31,24.144,24.144,24.144,24.144,
2015-04-01,23.825,23.825,23.825,23.825,
2015-04-02,23.86,23.86,23.86,23.86,
2015-04-06,23.929,23.929,23.929,23.929,
2015-04-07,23.971,23.971,23.971,23.971,
2015-04-08,24.04,24.04,24.04,24.04,
2015-04-09,24.311,24.311,24.311,24.311,
2015-04-10,24.595,24.595,24.595,24.595,
2015-04-13,24.353,24.353,24.353,24.353,
2015-04-14,24.311,24.311,24.311,24.311,
2015-04-15,24.436,24.436,24.436,24.436,
2015-04-16,24.422,24.422,24.422,24.422,
2015-04-17,24.318,24.318,24.318,24.318,
2015-04-20,24.297,24.297,24.297,24.297,
2015-04-21,24.214,24.214,24.214,24.214,
2015-04-22,24.241,24.241,24.241,24.241,
2015-04-23,24.54,24.54,24.54,24.54,
2015-04-24,24.477,24.477,24.477,24.477,
2015-04-27,24.006,24.006,24.006,24.006,
2015-04-28,23.929,23.929,23.929,23.929,
2015-04-29,23.797,23.797,23.797,23.797,
2015-04-30,23.547,23.547,23.547,23.547,
2015-05-01,23.652,23.652,23.652,23.652,
2015-05-04,23.818,23.818,23.818,23.818,
2015-05-05,23.679,23.679,23.679,23.679,
2015-05-06,23.413,23.413,23.413,23.413,
2015-05-07,23.497,23.497,23.497,23.497,
2015-05-08,23.805,23.805,23.805,23.805,
2015-05-11,23.763,23.763,23.763,23.763,
2015-05-12,23.637,23.637,23.637,23.637,
2015-05-13,23.462,23.462,23.462,23.462,
2015-05-14,23.749,23.749,23.749,23.749,
2015-05-15,23.784,23.784,23.784,23.784,
2015-05-18,23.777,23.777,23.777,23.777,
2015-05-19,23.938,23.938,23.938,23.938,
2015-05-20,24.001,24.001,24.001,24.001,
2015-05-21,24.043,24.043,24.043,24.043,
2015-05-22,23.987,23.987,23.987,23.987,
2015-05-26,23.868,23.868,23.868,23.868,
2015-05-27,24.001,24.001,24.001,24.001,
2015-05-28,24.099,24.099,24.099,24.099,
2015-05-29,24.316,24.316,24.316,24.316,
2015-06-01,24.183,24.183,24.183,24.183,
2015-06-02,24.134,24.134,24.134,24.134,
2015-06-03,24.078,24.078,24.078,24.078,
2015-06-04,23.959,23.959,23.959,23.959,
2015-06-05,23.854,23.854,23.854,23.854,
2015-06-08,23.777,23.777,23.777,23.777,
2015-06-09,23.798,23.798,23.798,23.798,
2015-06-10,24.008,24.008,24.008,24.008,
2015-06-11,24.113,24.113,24.113,24.113,
2015-06-12,23.938,23.938,23.938,23.938,
2015-06-15,23.819,23.819,23.819,23.819,
2015-06-16,23.819,23.819,23.819,23.819,
2015-06-17,23.777,23.777,23.777,23.777,
2015-06-18,24.05,24.05,24.05,24.05,
2015-06-19,23.917,23.917,23.917,23.917,
2015-06-22,24.008,24.008,24.008,24.008,
2015-06-23,24.141,24.141,24.141,24.141,
2015-06-24,23.952,23.952,23.952,23.952,
2015-06-25,23.805,23.805,23.805,23.805,
2015-06-26,23.735,23.735,23.735,23.735,
2015-06-29,23.504,23.504,23.504,23.504,
2015-06-30,23.462,23.462,23.462,23.462,
2015-07-01,23.574,23.574,23.574,23.574,
2015-07-02,23.35,23.35,23.35,23.35,
2015-07-06,23.267,23.267,23.267,23.267,
2015-07-07,23.602,23.602,23.602,23.602,
2015-07-08,23.406,23.406,23.406,23.406,
2015-07-09,23.693,23.693,23.693,23.693,
2015-07-10,24.043,24.043,24.043,24.043,
2015-07-13,24.365,24.365,24.365,24.365,
2015-07-14,24.547,24.547,24.547,24.547,
2015-07-15,24.477,24.477,24.477,24.477,
2015-07-16,24.561,24.561,24.561,24.561,
2015-07-17,24.54,24.54,24.54,24.54,
2015-07-20,24.659,24.659,24.659,24.659,
2015-07-21,24.589,24.589,24.589,24.589,
2015-07-22,24.407,24.407,24.407,24.407,
2015-07-23,24.337,24.337,24.337,24.337,
2015-07-24,23.973,23.973,23.973,23.973,
2015-07-27,24.029,24.029,24.029,24.029,
2015-07-28,24.736,24.736,24.736,24.736,
2015-07-29,25.023,25.023,25.023,25.023,
2015-07-30,25.002,25.002,25.002,25.002,
2015-07-31,25.233,25.233,25.233,25.233,
2015-08-03,25.296,25.296,25.296,25.296,
2015-08-04,25.268,25.268,25.268,25.268,
2015-08-05,25.261,25.261,25.261,25.261,
2015-08-06,24.802,24.802,24.802,24.802,
2015-08-07,24.816,24.816,24.816,24.816,
2015-08-10,24.936,24.936,24.936,24.936,
2015-08-11,24.767,24.767,24.767,24.767,
2015-08-12,24.943,24.943,24.943,24.943,
2015-08-13,24.936,24.936,24.936,24.936,
2015-08-14,24.908,24.908,24.908,24.908,
2015-08-17,25.035,25.035,25.035,25.035,
2015-08-18,25.049,25.049,25.049,25.049,
2015-08-19,24.873,24.873,24.873,24.873,
2015-08-20,24.365,24.365,24.365,24.365,
2015-08-21,23.653,23.653,23.653,23.653,
2015-08-24,22.658,22.658,22.658,22.658,
2015-08-25,22.101,22.101,22.101,22.101,
2015-08-26,22.87,22.87,22.87,22.87,
2015-08-27,23.455,23.455,23.455,23.455,
2015-08-28,23.032,23.032,23.032,23.032,
2015-08-31,22.722,22.722,22.722,22.722,
2015-09-01,22.115,22.115,22.115,22.115,
2015-09-02,22.546,22.546,22.546,22.546,
2015-09-03,22.489,22.489,22.489,22.489,
2015-09-04,22.123,22.123,22.123,22.123,
2015-09-08,22.941,22.941,22.941,22.941,
2015-09-09,22.539,22.539,22.539,22.539,
2015-09-10,23.004,23.004,23.004,23.004,
2015-09-11,23.251,23.251,23.251,23.251,
2015-09-14,23.068,23.068,23.068,23.068,
2015-09-15,23.392,23.392,23.392,23.392,
2015-09-16,23.399,23.399,23.399,23.399,
2015-09-17,23.611,23.611,23.611,23.611,
2015-09-18,23.166,23.166,23.166,23.166,
2015-09-21,22.863,22.863,22.863,22.863,
2015-09-22,22.75,22.75,22.75,22.75,
2015-09-23,23.004,23.004,23.004,23.004,
2015-09-24,23.06,23.06,23.06,23.06,
2015-09-25,22.489,22.489,22.489,22.489,
2015-09-28,21.735,21.735,21.735,21.735,
2015-09-29,21.876,21.876,21.876,21.876,
2015-09-30,22.151,22.151,22.151,22.151,
2015-10-01,22.454,22.454,22.454,22.454,
2015-10-02,23.328,23.328,23.328,23.328,
2015-10-05,23.611,23.611,23.611,23.611,
2015-10-06,23.124,23.124,23.124,23.124,
2015-10-07,23.477,23.477,23.477,23.477,
2015-10-08,23.335,23.335,23.335,23.335,
2015-10-09,23.441,23.441,23.441,23.441,
2015-10-12,23.427,23.427,23.427,23.427,
2015-10-13,23.258,23.258,23.258,23.258,
2015-10-14,23.3,23.3,23.3,23.3,
2015-10-15,24.034,24.034,24.034,24.034,
2015-10-16,24.266,24.266,24.266,24.266,
2015-10-19,24.33,24.33,24.33,24.33,
2015-10-20,23.977,23.977,23.977,23.977,
2015-10-21,23.596,23.596,23.596,23.596,
2015-10-22,23.505,23.505,23.505,23.505,
2015-10-23,24.012,24.012,24.012,24.012,
2015-10-26,24.09,24.09,24.09,24.09,
2015-10-27,24.675,24.675,24.675,24.675,
2015-10-28,25.0,25.0,25.0,25.0,
2015-10-29,24.52,24.52,24.52,24.52,
2015-10-30,23.85,23.85,23.85,23.85,
2015-11-02,24.725,24.725,24.725,24.725,
2015-11-03,24.661,24.661,24.661,24.661,
2015-11-04,24.27,24.27,24.27,24.27,
2015-11-05,24.277,24.277,24.277,24.277,
2015-11-06,24.121,24.121,24.121,24.121,
2015-11-09,23.922,23.922,23.922,23.922,
2015-11-10,24.021,24.021,24.021,24.021,
2015-11-11,23.986,23.986,23.986,23.986,
2015-11-12,23.737,23.737,23.737,23.737,
2015-11-13,23.652,23.652,23.652,23.652,
2015-11-16,23.574,23.574,23.574,23.574,
2015-11-17,23.367,23.367,23.367,23.367,
2015-11-18,23.68,23.68,23.68,23.68,
2015-11-19,22.955,22.955,22.955,22.955,
2015-11-20,22.877,22.877,22.877,22.877,
2015-11-23,22.273,22.273,22.273,22.273,
2015-11-24,22.728,22.728,22.728,22.728,
2015-11-25,23.367,23.367,23.367,23.367,
2015-11-27,23.311,23.311,23.311,23.311,
2015-11-30,23.296,23.296,23.296,23.296,
2015-12-01,23.901,23.901,23.901,23.901,
2015-12-02,23.389,23.389,23.389,23.389,
2015-12-03,23.026,23.026,23.026,23.026,
2015-12-04,23.318,23.318,23.318,23.318,
2015-12-07,23.218,23.218,23.218,23.218,
2015-12-08,23.126,23.126,23.126,23.126,
2015-12-09,22.955,22.955,22.955,22.955,
2015-12-10,23.005,23.005,23.005,23.005,
2015-12-11,22.792,22.792,22.792,22.792,
2015-12-14,22.877,22.877,22.877,22.877,
2015-12-15,22.934,22.934,22.934,22.934,
2015-12-16,23.161,23.161,23.161,23.161,
2015-12-17,22.984,22.984,22.984,22.984,
2015-12-18,22.742,22.742,22.742,22.742,
2015-12-21,23.076,23.076,23.076,23.076,
2015-12-22,23.119,23.119,23.119,23.119,
2015-12-23,23.147,23.147,23.147,23.147,
2015-12-24,23.19,23.19,23.19,23.19,
2015-12-28,23.048,23.048,23.048,23.048,
2015-12-29,23.339,23.339,23.339,23.339,
2015-12-30,23.282,23.282,23.282,23.282,
2015-12-31,22.948,22.948,22.948,22.948,
2016-01-04,22.713,22.713,22.713,22.713,
2016-01-05,22.877,22.877,22.877,22.877,
2016-01-06,22.472,22.472,22.472,22.472,
2016-01-07,22.322,22.322,22.322,22.322,
2016-01-08,22.038,22.038,22.038,22.038,
2016-01-11,22.088,22.088,22.088,22.088,
2016-01-12,22.038,22.038,22.038,22.038,
2016-01-13,21.59,21.59,21.59,21.59,
2016-01-14,22.116,22.116,22.116,22.116,
2016-01-15,21.903,21.903,21.903,21.903,
2016-01-19,21.818,21.818,21.818,21.818,
2016-01-20,21.796,21.796,21.796,21.796,
2016-01-21,21.739,21.739,21.739,21.739,
2016-01-22,21.832,21.832,21.832,21.832,
2016-01-25,21.683,21.683,21.683,21.683,
2016-01-26,21.803,21.803,21.803,21.803,
2016-01-27,21.697,21.697,21.697,21.697,
2016-01-28,21.469,21.469,21.469,21.469,
2016-01-29,21.675,21.675,21.675,21.675,
2016-02-01,21.448,21.448,21.448,21.448,
2016-02-02,21.427,21.427,21.427,21.427,
2016-02-03,21.305,21.305,21.305,21.305,
2016-02-04,20.824,20.824,20.824,20.824,
2016-02-05,20.845,20.845,20.845,20.845,
2016-02-08,20.508,20.508,20.508,20.508,
2016-02-09,20.895,20.895,20.895,20.895,
2016-02-10,21.175,21.175,21.175,21.175,
2016-02-11,20.917,20.917,20.917,20.917,
2016-02-12,21.082,21.082,21.082,21.082,
2016-02-16,21.405,21.405,21.405,21.405,
2016-02-17,21.276,21.276,21.276,21.276,
2016-02-18,21.218,21.218,21.218,21.218,
2016-02-19,21.175,21.175,21.175,21.175,
2016-02-22,21.577,21.577,21.577,21.577,
2016-02-23,21.513,21.513,21.513,21.513,
2016-02-24,21.556,21.556,21.556,21.556,
2016-02-25,21.965,21.965,21.965,21.965,
2016-02-26,21.707,21.707,21.707,21.707,
2016-02-29,21.305,21.305,21.305,21.305,
2016-03-01,21.57,21.57,21.57,21.57,
2016-03-02,21.527,21.527,21.527,21.527,
2016-03-03,21.463,21.463,21.463,21.463,
2016-03-04,21.333,21.333,21.333,21.333,
2016-03-07,21.391,21.391,21.391,21.391,
2016-03-08,21.082,21.082,21.082,21.082,
2016-03-09,21.355,21.355,21.355,21.355,
2016-03-10,21.247,21.247,21.247,21.247,
2016-03-11,21.901,21.901,21.901,21.901,
2016-03-14,21.613,21.613,21.613,21.613,
2016-03-15,21.211,21.211,21.211,21.211,
2016-03-16,20.852,20.852,20.852,20.852,
2016-03-17,21.068,21.068,21.068,21.068,
2016-03-18,21.147,21.147,21.147,21.147,
2016-03-21,21.592,21.592,21.592,21.592,
2016-03-22,21.814,21.814,21.814,21.814,
2016-03-23,21.678,21.678,21.678,21.678,
2016-03-24,21.599,21.599,21.599,21.599,
2016-03-28,21.384,21.384,21.384,21.384,
2016-03-29,21.577,21.577,21.577,21.577,
2016-03-30,21.592,21.592,21.592,21.592,
2016-03-31,21.283,21.283,21.283,21.283,
2016-04-01,21.57,21.57,21.57,21.57,
2016-04-04,22.059,22.059,22.059,22.059,
2016-04-05,22.518,22.518,22.518,22.518,
2016-04-06,23.645,23.645,23.645,23.645,
2016-04-07,23.523,23.523,23.523,23.523,
2016-04-08,23.337,23.337,23.337,23.337,
2016-04-11,22.899,22.899,22.899,22.899,
2016-04-12,22.949,22.949,22.949,22.949,
2016-04-13,23.365,23.365,23.365,23.365,
2016-04-14,23.444,23.444,23.444,23.444,
2016-04-15,23.337,23.337,23.337,23.337,
2016-04-18,23.416,23.416,23.416,23.416,
2016-04-19,23.617,23.617,23.617,23.617,
2016-04-20,23.861,23.861,23.861,23.861,
2016-04-21,23.868,23.868,23.868,23.868,
2016-04-22,23.89,23.89,23.89,23.89,
2016-04-25,23.847,23.847,23.847,23.847,
2016-04-26,23.732,23.732,23.732,23.732,
2016-04-27,23.696,23.696,23.696,23.696,
2016-04-28,23.631,23.631,23.631,23.631,
2016-04-29,23.487,23.487,23.487,23.487,
2016-05-02,23.552,23.552,23.552,23.552,
2016-05-03,24.198,24.198,24.198,24.198,
2016-05-04,23.983,23.983,23.983,23.983,
2016-05-05,24.105,24.105,24.105,24.105,
2016-05-06,24.112,24.112,24.112,24.112,
2016-05-09,24.285,24.285,24.285,24.285,
2016-05-10,24.27,24.27,24.27,24.27,
2016-05-11,24.024,24.024,24.024,24.024,
2016-05-12,24.046,24.046,24.046,24.046,
2016-05-13,24.046,24.046,24.046,24.046,
2016-05-16,24.183,24.183,24.183,24.183,
2016-05-17,23.93,23.93,23.93,23.93,
2016-05-18,24.031,24.031,24.031,24.031,
2016-05-19,24.183,24.183,24.183,24.183,
2016-05-20,24.444,24.444,24.444,24.444,
2016-05-23,24.393,24.393,24.393,24.393,
2016-05-24,24.705,24.705,24.705,24.705,
2016-05-25,24.886,24.886,24.886,24.886,
2016-05-26,24.944,24.944,24.944,24.944,
2016-05-27,25.074,25.074,25.074,25.074,
2016-05-31,25.14,25.14,25.14,25.14,
2016-06-01,25.176,25.176,25.176,25.176,
2016-06-02,25.263,25.263,25.263,25.263,
2016-06-03,25.132,25.132,25.132,25.132,
2016-06-06,25.306,25.306,25.306,25.306,
2016-06-07,25.241,25.241,25.241,25.241,
2016-06-08,25.538,25.538,25.538,25.538,
2016-06-09,25.581,25.581,25.581,25.581,
2016-06-10,25.567,25.567,25.567,25.567,
2016-06-13,25.169,25.169,25.169,25.169,
2016-06-14,25.35,25.35,25.35,25.35,
2016-06-15,25.205,25.205,25.205,25.205,
2016-06-16,25.176,25.176,25.176,25.176,
2016-06-17,24.792,24.792,24.792,24.792,
2016-06-20,24.995,24.995,24.995,24.995,
2016-06-21,25.176,25.176,25.176,25.176,
2016-06-22,24.973,24.973,24.973,24.973,
2016-06-23,25.06,25.06,25.06,25.06,
2016-06-24,24.611,24.611,24.611,24.611,
2016-06-27,24.487,24.487,24.487,24.487,
2016-06-28,24.951,24.951,24.951,24.951,
2016-06-29,25.364,25.364,25.364,25.364,
2016-06-30,25.509,25.509,25.509,25.509,
2016-07-01,25.77,25.77,25.77,25.77,
2016-07-05,25.944,25.944,25.944,25.944,
2016-07-06,25.98,25.98,25.98,25.98,
2016-07-07,25.915,25.915,25.915,25.915,
2016-07-08,26.168,26.168,26.168,26.168,
2016-07-11,26.19,26.19,26.19,26.19,
2016-07-12,26.255,26.255,26.255,26.255,
2016-07-13,26.306,26.306,26.306,26.306,
2016-07-14,26.748,26.748,26.748,26.748,
2016-07-15,26.639,26.639,26.639,26.639,
2016-07-18,26.545,26.545,26.545,26.545,
2016-07-19,26.545,26.545,26.545,26.545,
2016-07-20,26.574,26.574,26.574,26.574,
2016-07-21,26.596,26.596,26.596,26.596,
2016-07-22,26.617,26.617,26.617,26.617,
2016-07-25,26.646,26.646,26.646,26.646,
2016-07-26,26.683,26.683,26.683,26.683,
2016-07-27,26.697,26.697,26.697,26.697,
2016-07-28,26.567,26.567,26.567,26.567,
2016-07-29,26.726,26.726,26.726,26.726,
2016-08-01,27.03,27.03,27.03,27.03,
2016-08-02,26.364,26.364,26.364,26.364,
2016-08-03,25.779,25.779,25.779,25.779,
2016-08-04,25.677,25.677,25.677,25.677,
2016-08-05,25.889,25.889,25.889,25.889,
2016-08-08,25.517,25.517,25.517,25.517,
2016-08-09,25.626,25.626,25.626,25.626,
2016-08-10,25.663,25.663,25.663,25.663,
2016-08-11,25.677,25.677,25.677,25.677,
2016-08-12,25.553,25.553,25.553,25.553,
2016-08-15,25.648,25.648,25.648,25.648,
2016-08-16,25.414,25.414,25.414,25.414,
2016-08-17,25.67,25.67,25.67,25.67,
2016-08-18,25.706,25.706,25.706,25.706,
2016-08-19,25.553,25.553,25.553,25.553,
2016-08-22,25.451,25.451,25.451,25.451,
2016-08-23,25.633,25.633,25.633,25.633,
2016-08-24,25.436,25.436,25.436,25.436,
2016-08-25,25.4,25.4,25.4,25.4,
2016-08-26,25.436,25.436,25.436,25.436,
2016-08-29,25.648,25.648,25.648,25.648,
2016-08-30,25.48,25.48,25.48,25.48,
2016-08-31,25.422,25.422,25.422,25.422,
2016-09-01,25.334,25.334,25.334,25.334,
2016-09-02,25.4,25.4,25.4,25.4,
2016-09-06,25.4,25.4,25.4,25.4,
2016-09-07,25.451,25.451,25.451,25.451,
2016-09-08,25.363,25.363,25.363,25.363,
2016-09-09,24.91,24.91,24.91,24.91,
2016-09-12,25.312,25.312,25.312,25.312,
2016-09-13,24.866,24.866,24.866,24.866,
2016-09-14,24.793,24.793,24.793,24.793,
2016-09-15,24.939,24.939,24.939,24.939,
2016-09-16,24.793,24.793,24.793,24.793,
2016-09-19,24.581,24.581,24.581,24.581,
2016-09-20,24.698,24.698,24.698,24.698,
2016-09-21,25.042,25.042,25.042,25.042,
2016-09-22,24.947,24.947,24.947,24.947,
2016-09-23,25.027,25.027,25.027,25.027,
2016-09-26,24.574,24.574,24.574,24.574,
2016-09-27,24.713,24.713,24.713,24.713,
2016-09-28,24.83,24.83,24.83,24.83,
2016-09-29,24.34,24.34,24.34,24.34,
2016-09-30,24.742,24.742,24.742,24.742,
2016-10-03,24.603,24.603,24.603,24.603,
2016-10-04,24.633,24.633,24.633,24.633,
2016-10-05,24.764,24.764,24.764,24.764,
2016-10-06,24.581,24.581,24.581,24.581,
2016-10-07,24.516,24.516,24.516,24.516,
2016-10-10,24.552,24.552,24.552,24.552,
2016-10-11,24.202,24.202,24.202,24.202,
2016-10-12,24.158,24.158,24.158,24.158,
2016-10-13,23.931,23.931,23.931,23.931,
2016-10-14,23.858,23.858,23.858,23.858,
2016-10-17,23.741,23.741,23.741,23.741,
2016-10-18,23.88,23.88,23.88,23.88,
2016-10-19,23.814,23.814,23.814,23.814,
2016-10-20,23.771,23.771,23.771,23.771,
2016-10-21,23.508,23.508,23.508,23.508,
2016-10-24,23.471,23.471,23.471,23.471,
2016-10-25,23.581,23.581,23.581,23.581,
2016-10-26,23.668,23.668,23.668,23.668,
2016-10-27,23.727,23.727,23.727,23.727,
2016-10-28,23.325,23.325,23.325,23.325,
2016-10-31,23.164,23.164,23.164,23.164,
2016-11-01,22.697,22.697,22.697,22.697,
2016-11-02,22.375,22.375,22.375,22.375,
2016-11-03,21.835,21.835,21.835,21.835,
2016-11-04,21.915,21.915,21.915,21.915,
2016-11-07,22.193,22.193,22.193,22.193,
2016-11-08,22.134,22.134,22.134,22.134,
2016-11-09,23.698,23.698,23.698,23.698,
2016-11-10,24.709,24.709,24.709,24.709,
2016-11-11,24.045,24.045,24.045,24.045,
2016-11-14,23.89,23.89,23.89,23.89,
2016-11-15,23.779,23.779,23.779,23.779,
2016-11-16,23.58,23.58,23.58,23.58,
2016-11-17,23.41,23.41,23.41,23.41,
2016-11-18,23.226,23.226,23.226,23.226,
2016-11-21,23.292,23.292,23.292,23.292,
2016-11-22,23.115,23.115,23.115,23.115,
2016-11-23,23.181,23.181,23.181,23.181,
2016-11-25,23.381,23.381,23.381,23.381,
2016-11-28,23.27,23.27,23.27,23.27,
2016-11-29,23.55,23.55,23.55,23.55,
2016-11-30,23.713,23.713,23.713,23.713,
2016-12-01,23.211,23.211,23.211,23.211,
2016-12-02,23.336,23.336,23.336,23.336,
2016-12-05,23.307,23.307,23.307,23.307,
2016-12-06,23.285,23.285,23.285,23.285,
2016-12-07,23.012,23.012,23.012,23.012,
2016-12-08,22.827,22.827,22.827,22.827,
2016-12-09,23.388,23.388,23.388,23.388,
2016-12-12,23.904,23.904,23.904,23.904,
2016-12-13,24.222,24.222,24.222,24.222,
2016-12-14,24.214,24.214,24.214,24.214,
2016-12-15,24.163,24.163,24.163,24.163,
2016-12-16,24.229,24.229,24.229,24.229,
2016-12-19,24.222,24.222,24.222,24.222,
2016-12-20,24.236,24.236,24.236,24.236,
2016-12-21,23.904,23.904,23.904,23.904,
2016-12-22,23.86,23.86,23.86,23.86,
2016-12-23,23.963,23.963,23.963,23.963,
2016-12-27,24.0,24.0,24.0,24.0,
2016-12-28,23.868,23.868,23.868,23.868,
2016-12-29,23.971,23.971,23.971,23.971,
2016-12-30,23.963,23.963,23.963,23.963,
2017-01-03,24.347,24.347,24.347,24.347,
2017-01-04,24.561,24.561,24.561,24.561,
2017-01-05,24.797,24.797,24.797,24.797,
2017-01-06,24.701,24.701,24.701,24.701,
2017-01-09,24.694,24.694,24.694,24.694,
2017-01-10,24.672,24.672,24.672,24.672,
2017-01-11,24.222,24.222,24.222,24.222,
2017-01-12,24.052,24.052,24.052,24.052,
2017-01-13,23.993,23.993,23.993,23.993,
2017-01-17,23.654,23.654,23.654,23.654,
2017-01-18,23.631,23.631,23.631,23.631,
2017-01-19,23.388,23.388,23.388,23.388,
2017-01-20,23.44,23.44,23.44,23.44,
2017-01-23,23.211,23.211,23.211,23.211,
2017-01-24,22.982,22.982,22.982,22.982,
2017-01-25,23.085,23.085,23.085,23.085,
2017-01-26,23.078,23.078,23.078,23.078,
2017-01-27,23.181,23.181,23.181,23.181,
2017-01-30,23.1,23.1,23.1,23.1,
2017-01-31,23.41,23.41,23.41,23.41,
2017-02-01,23.604,23.604,23.604,23.604,
2017-02-02,23.649,23.649,23.649,23.649,
2017-02-03,23.917,23.917,23.917,23.917,
2017-02-06,24.021,24.021,24.021,24.021,
2017-02-07,23.909,23.909,23.909,23.909,
2017-02-08,23.954,23.954,23.954,23.954,
2017-02-09,24.133,24.133,24.133,24.133,
2017-02-10,24.111,24.111,24.111,24.111,
2017-02-13,24.304,24.304,24.304,24.304,
2017-02-14,24.409,24.409,24.409,24.409,
2017-02-15,24.975,24.975,24.975,24.975,
2017-02-16,25.057,25.057,25.057,25.057,
2017-02-17,25.057,25.057,25.057,25.057,
2017-02-21,25.057,25.057,25.057,25.057,
2017-02-22,25.035,25.035,25.035,25.035,
2017-02-23,25.385,25.385,25.385,25.385,
2017-02-24,25.534,25.534,25.534,25.534,
2017-02-27,25.549,25.549,25.549,25.549,
2017-02-28,25.43,25.43,25.43,25.43,
2017-03-01,25.653,25.653,25.653,25.653,
2017-03-02,25.721,25.721,25.721,25.721,
2017-03-03,25.728,25.728,25.728,25.728,
2017-03-06,25.601,25.601,25.601,25.601,
2017-03-07,25.333,25.333,25.333,25.333,
2017-03-08,25.273,25.273,25.273,25.273,
2017-03-09,25.378,25.378,25.378,25.378,
2017-03-10,25.422,25.422,25.422,25.422,
2017-03-13,25.422,25.422,25.422,25.422,
2017-03-14,25.504,25.504,25.504,25.504,
2017-03-15,25.81,25.81,25.81,25.81,
2017-03-16,25.661,25.661,25.661,25.661,
2017-03-17,25.579,25.579,25.579,25.579,
2017-03-20,25.624,25.624,25.624,25.624,
2017-03-21,25.527,25.527,25.527,25.527,
2017-03-22,25.691,25.691,25.691,25.691,
2017-03-23,25.557,25.557,25.557,25.557,
2017-03-24,25.34,25.34,25.34,25.34,
2017-03-27,25.475,25.475,25.475,25.475,
2017-03-28,25.46,25.46,25.46,25.46,
2017-03-29,25.586,25.586,25.586,25.586,
2017-03-30,25.601,25.601,25.601,25.601,
2017-03-31,25.497,25.497,25.497,25.497,
2017-04-03,25.519,25.519,25.519,25.519,
2017-04-04,25.594,25.594,25.594,25.594,
2017-04-05,25.482,25.482,25.482,25.482,
2017-04-06,25.422,25.422,25.422,25.422,
2017-04-07,25.415,25.415,25.415,25.415,
2017-04-10,25.37,25.37,25.37,25.37,
2017-04-11,25.288,25.288,25.288,25.288,
2017-04-12,25.281,25.281,25.281,25.281,
2017-04-13,25.251,25.251,25.251,25.251,
2017-04-17,25.34,25.34,25.34,25.34,
2017-04-18,25.221,25.221,25.221,25.221,
2017-04-19,25.05,25.05,25.05,25.05,
2017-04-20,25.147,25.147,25.147,25.147,
2017-04-21,25.072,25.072,25.072,25.072,
2017-04-24,25.147,25.147,25.147,25.147,
2017-04-25,25.162,25.162,25.162,25.162,
2017-04-26,25.229,25.229,25.229,25.229,
2017-04-27,25.236,25.236,25.236,25.236,
2017-04-28,25.281,25.281,25.281,25.281,
2017-05-01,25.176,25.176,25.176,25.176,
2017-05-02,25.05,25.05,25.05,25.05,
2017-05-03,24.945,24.945,24.945,24.945,
2017-05-04,24.931,24.931,24.931,24.931,
2017-05-05,24.953,24.953,24.953,24.953,
2017-05-08,24.931,24.931,24.931,24.931,
2017-05-09,24.878,24.878,24.878,24.878,
2017-05-10,24.856,24.856,24.856,24.856,
2017-05-11,24.863,24.863,24.863,24.863,
2017-05-12,24.841,24.841,24.841,24.841,
2017-05-15,24.923,24.923,24.923,24.923,
2017-05-16,24.532,24.532,24.532,24.532,
2017-05-17,24.254,24.254,24.254,24.254,
2017-05-18,24.246,24.246,24.246,24.246,
2017-05-19,24.427,24.427,24.427,24.427,
2017-05-22,24.171,24.171,24.171,24.171,
2017-05-23,24.186,24.186,24.186,24.186,
2017-05-24,24.118,24.118,24.118,24.118,
2017-05-25,24.201,24.201,24.201,24.201,
2017-05-26,24.186,24.186,24.186,24.186,
2017-05-30,24.178,24.178,24.178,24.178,
2017-05-31,24.57,24.57,24.57,24.57,
2017-06-01,24.615,24.615,24.615,24.615,
2017-06-02,24.487,24.487,24.487,24.487,
2017-06-05,24.344,24.344,24.344,24.344,
2017-06-06,24.133,24.133,24.133,24.133,
2017-06-07,24.081,24.081,24.081,24.081,
2017-06-08,23.893,23.893,23.893,23.893,
2017-06-09,24.66,24.66,24.66,24.66,
2017-06-12,24.607,24.607,24.607,24.607,
2017-06-13,24.517,24.517,24.517,24.517,
2017-06-14,24.6,24.6,24.6,24.6,
2017-06-15,24.69,24.69,24.69,24.69,
2017-06-16,24.811,24.811,24.811,24.811,
2017-06-19,24.999,24.999,24.999,24.999,
2017-06-20,25.255,25.255,25.255,25.255,
2017-06-21,25.495,25.495,25.495,25.495,
2017-06-22,25.631,25.631,25.631,25.631,
2017-06-23,25.714,25.714,25.714,25.714,
2017-06-26,25.616,25.616,25.616,25.616,
2017-06-27,25.413,25.413,25.413,25.413,
2017-06-28,25.398,25.398,25.398,25.398,
2017-06-29,25.307,25.307,25.307,25.307,
2017-06-30,25.277,25.277,25.277,25.277,
2017-07-03,25.45,25.45,25.45,25.45,
2017-07-05,25.315,25.315,25.315,25.315,
2017-07-06,24.999,24.999,24.999,24.999,
2017-07-07,25.097,25.097,25.097,25.097,
2017-07-10,25.142,25.142,25.142,25.142,
2017-07-11,24.961,24.961,24.961,24.961,
2017-07-12,24.999,24.999,24.999,24.999,
2017-07-13,25.044,25.044,25.044,25.044,
2017-07-14,25.157,25.157,25.157,25.157,
2017-07-17,25.021,25.021,25.021,25.021,
2017-07-18,25.104,25.104,25.104,25.104,
2017-07-19,25.3,25.3,25.3,25.3,
2017-07-20,25.24,25.24,25.24,25.24,
2017-07-21,25.194,25.194,25.194,25.194,
2017-07-24,25.074,25.074,25.074,25.074,
2017-07-25,24.908,24.908,24.908,24.908,
2017-07-26,24.75,24.75,24.75,24.75,
2017-07-27,24.833,24.833,24.833,24.833,
2017-07-28,24.946,24.946,24.946,24.946,
2017-07-31,24.954,24.954,24.954,24.954,
2017-08-01,24.893,24.893,24.893,24.893,
2017-08-02,25.015,25.015,25.015,25.015,
2017-08-03,25.403,25.403,25.403,25.403,
2017-08-04,25.562,25.562,25.562,25.562,
2017-08-07,25.311,25.311,25.311,25.311,
2017-08-08,25.289,25.289,25.289,25.289,
2017-08-09,25.418,25.418,25.418,25.418,
2017-08-10,25.395,25.395,25.395,25.395,
2017-08-11,25.266,25.266,25.266,25.266,
2017-08-14,25.311,25.311,25.311,25.311,
2017-08-15,25.365,25.365,25.365,25.365,
2017-08-16,25.349,25.349,25.349,25.349,
2017-08-17,25.038,25.038,25.038,25.038,
2017-08-18,24.825,24.825,24.825,24.825,
2017-08-21,24.893,24.893,24.893,24.893,
2017-08-22,25.19,25.19,25.19,25.19,
2017-08-23,25.258,25.258,25.258,25.258,
2017-08-24,25.251,25.251,25.251,25.251,
2017-08-25,25.372,25.372,25.372,25.372,
2017-08-28,25.433,25.433,25.433,25.433,
2017-08-29,25.456,25.456,25.456,25.456,
2017-08-30,25.418,25.418,25.418,25.418,
2017-08-31,25.775,25.775,25.775,25.775,
2017-09-01,25.805,25.805,25.805,25.805,
2017-09-05,25.684,25.684,25.684,25.684,
2017-09-06,25.828,25.828,25.828,25.828,
2017-09-07,25.828,25.828,25.828,25.828,
2017-09-08,25.912,25.912,25.912,25.912,
2017-09-11,26.079,26.079,26.079,26.079,
2017-09-12,26.877,26.877,26.877,26.877,
2017-09-13,26.641,26.641,26.641,26.641,
2017-09-14,27.15,27.15,27.15,27.15,
2017-09-15,26.869,26.869,26.869,26.869,
2017-09-18,27.013,27.013,27.013,27.013,
2017-09-19,26.937,26.937,26.937,26.937,
2017-09-20,27.348,27.348,27.348,27.348,
2017-09-21,27.333,27.333,27.333,27.333,
2017-09-22,27.325,27.325,27.325,27.325,
2017-09-25,26.983,26.983,26.983,26.983,
2017-09-26,26.823,26.823,26.823,26.823,
2017-09-27,26.937,26.937,26.937,26.937,
2017-09-28,27.051,27.051,27.051,27.051,
2017-09-29,27.127,27.127,27.127,27.127,
2017-10-02,27.409,27.409,27.409,27.409,
2017-10-03,27.462,27.462,27.462,27.462,
2017-10-04,27.325,27.325,27.325,27.325,
2017-10-05,27.355,27.355,27.355,27.355,
2017-10-06,27.393,27.393,27.393,27.393,
2017-10-09,27.462,27.462,27.462,27.462,
2017-10-10,27.659,27.659,27.659,27.659,
2017-10-11,27.697,27.697,27.697,27.697,
2017-10-12,27.621,27.621,27.621,27.621,
2017-10-13,27.614,27.614,27.614,27.614,
2017-10-16,27.34,27.34,27.34,27.34,
2017-10-17,27.507,27.507,27.507,27.507,
2017-10-18,27.226,27.226,27.226,27.226,
2017-10-19,27.538,27.538,27.538,27.538,
2017-10-20,27.675,27.675,27.675,27.675,
2017-10-23,27.659,27.659,27.659,27.659,
2017-10-24,27.561,27.561,27.561,27.561,
2017-10-25,27.477,27.477,27.477,27.477,
2017-10-26,27.158,27.158,27.158,27.158,
2017-10-27,27.051,27.051,27.051,27.051,
2017-10-30,26.709,26.709,26.709,26.709,
2017-10-31,26.641,26.641,26.641,26.641,
2017-11-01,26.793,26.793,26.793,26.793,
2017-11-02,26.945,26.945,26.945,26.945,
2017-11-03,27.013,27.013,27.013,27.013,
2017-11-06,26.839,26.839,26.839,26.839,
2017-11-07,26.869,26.869,26.869,26.869,
2017-11-08,26.854,26.854,26.854,26.854,
2017-11-09,26.992,26.992,26.992,26.992,
2017-11-10,26.977,26.977,26.977,26.977,
2017-11-13,27.069,27.069,27.069,27.069,
2017-11-14,27.13,27.13,27.13,27.13,
2017-11-15,27.115,27.115,27.115,27.115,
2017-11-16,27.268,27.268,27.268,27.268,
2017-11-17,27.122,27.122,27.122,27.122,
2017-11-20,27.107,27.107,27.107,27.107,
2017-11-21,27.253,27.253,27.253,27.253,
2017-11-22,27.168,27.168,27.168,27.168,
2017-11-24,27.214,27.214,27.214,27.214,
2017-11-27,27.214,27.214,27.214,27.214,
2017-11-28,27.49,27.49,27.49,27.49,
2017-11-29,27.766,27.766,27.766,27.766,
2017-11-30,27.805,27.805,27.805,27.805,
2017-12-01,27.874,27.874,27.874,27.874,
2017-12-04,27.651,27.651,27.651,27.651,
2017-12-05,27.322,27.322,27.322,27.322,
2017-12-06,27.268,27.268,27.268,27.268,
2017-12-07,27.222,27.222,27.222,27.222,
2017-12-08,27.406,27.406,27.406,27.406,
2017-12-11,27.766,27.766,27.766,27.766,
2017-12-12,28.05,28.05,28.05,28.05,
2017-12-13,28.096,28.096,28.096,28.096,
2017-12-14,27.958,27.958,27.958,27.958,
2017-12-15,28.526,28.526,28.526,28.526,
2017-12-18,28.472,28.472,28.472,28.472,
2017-12-19,28.326,28.326,28.326,28.326,
2017-12-20,27.958,27.958,27.958,27.958,
2017-12-21,27.789,27.789,27.789,27.789,
2017-12-22,27.713,27.713,27.713,27.713,
2017-12-26,27.766,27.766,27.766,27.766,
2017-12-27,27.858,27.858,27.858,27.858,
2017-12-28,27.889,27.889,27.889,27.889,
2017-12-29,27.774,27.774,27.774,27.774,
2018-01-02,27.943,27.943,27.943,27.943,
2018-01-03,28.15,28.15,28.15,28.15,
2018-01-04,28.211,28.211,28.211,28.211,
2018-01-05,28.265,28.265,28.265,28.265,
2018-01-08,27.95,27.95,27.95,27.95,
2018-01-09,27.92,27.92,27.92,27.92,
2018-01-10,27.966,27.966,27.966,27.966,
2018-01-11,28.035,28.035,28.035,28.035,
2018-01-12,28.019,28.019,28.019,28.019,
2018-01-16,28.065,28.065,28.065,28.065,
2018-01-17,28.51,28.51,28.51,28.51,
2018-01-18,28.364,28.364,28.364,28.364,
2018-01-19,28.326,28.326,28.326,28.326,
2018-01-22,28.318,28.318,28.318,28.318,
2018-01-23,28.234,28.234,28.234,28.234,
2018-01-24,28.318,28.318,28.318,28.318,
2018-01-25,28.549,28.549,28.549,28.549,
2018-01-26,29.913,29.913,29.913,29.913,
2018-01-29,29.921,29.921,29.921,29.921,
2018-01-30,28.986,28.986,28.986,28.986,
2018-01-31,28.403,28.403,28.403,28.403,
2018-02-01,28.503,28.503,28.503,28.503,
2018-02-02,28.333,28.333,28.333,28.333,
2018-02-05,26.832,26.832,26.832,26.832,
2018-02-06,27.304,27.304,27.304,27.304,
2018-02-07,27.072,27.072,27.072,27.072,
2018-02-08,26.027,26.027,26.027,26.027,
2018-02-09,26.437,26.437,26.437,26.437,
2018-02-12,26.824,26.824,26.824,26.824,
2018-02-13,27.041,27.041,27.041,27.041,
2018-02-14,27.234,27.234,27.234,27.234,
2018-02-15,27.637,27.637,27.637,27.637,
2018-02-16,28.062,28.062,28.062,28.062,
2018-02-20,27.869,27.869,27.869,27.869,
2018-02-21,27.675,27.675,27.675,27.675,
2018-02-22,27.66,27.66,27.66,27.66,
2018-02-23,28.062,28.062,28.062,28.062,
2018-02-26,28.705,28.705,28.705,28.705,
2018-02-27,28.48,28.48,28.48,28.48,
2018-02-28,28.101,28.101,28.101,28.101,
2018-03-01,27.575,27.575,27.575,27.575,
2018-03-02,27.822,27.822,27.822,27.822,
2018-03-05,27.954,27.954,27.954,27.954,
2018-03-06,27.768,27.768,27.768,27.768,
2018-03-07,27.807,27.807,27.807,27.807,
2018-03-08,28.248,28.248,28.248,28.248,
2018-03-09,28.457,28.457,28.457,28.457,
2018-03-12,28.333,28.333,28.333,28.333,
2018-03-13,28.442,28.442,28.442,28.442,
2018-03-14,28.132,28.132,28.132,28.132,
2018-03-15,28.31,28.31,28.31,28.31,
2018-03-16,28.465,28.465,28.465,28.465,
2018-03-19,28.116,28.116,28.116,28.116,
2018-03-20,28.116,28.116,28.116,28.116,
2018-03-21,28.07,28.07,28.07,28.07,
2018-03-22,27.552,27.552,27.552,27.552,
2018-03-23,26.692,26.692,26.692,26.692,
2018-03-26,27.118,27.118,27.118,27.118,
2018-03-27,27.095,27.095,27.095,27.095,
2018-03-28,27.319,27.319,27.319,27.319,
2018-03-29,27.466,27.466,27.466,27.466,
2018-04-02,27.126,27.126,27.126,27.126,
2018-04-03,27.613,27.613,27.613,27.613,
2018-04-04,27.962,27.962,27.962,27.962,
2018-04-05,27.652,27.652,27.652,27.652,
2018-04-06,27.219,27.219,27.219,27.219,
2018-04-09,27.443,27.443,27.443,27.443,
2018-04-10,27.822,27.822,27.822,27.822,
2018-04-11,27.699,27.699,27.699,27.699,
2018-04-12,28.109,28.109,28.109,28.109,
2018-04-13,28.109,28.109,28.109,28.109,
2018-04-16,28.271,28.271,28.271,28.271,
2018-04-17,28.116,28.116,28.116,28.116,
2018-04-18,28.24,28.24,28.24,28.24,
2018-04-19,28.271,28.271,28.271,28.271,
2018-04-20,28.349,28.349,28.349,28.349,
2018-04-23,28.48,28.48,28.48,28.48,
2018-04-24,28.681,28.681,28.681,28.681,
2018-04-25,28.387,28.387,28.387,28.387,
2018-04-26,28.519,28.519,28.519,28.519,
2018-04-27,28.635,28.635,28.635,28.635,
2018-04-30,28.333,28.333,28.333,28.333,
2018-05-01,27.397,27.397,27.397,27.397,
2018-05-02,27.002,27.002,27.002,27.002,
2018-05-03,26.901,26.901,26.901,26.901,
2018-05-04,26.963,26.963,26.963,26.963,
2018-05-07,27.033,27.033,27.033,27.033,
2018-05-08,27.072,27.072,27.072,27.072,
2018-05-09,27.219,27.219,27.219,27.219,
2018-05-10,27.383,27.383,27.383,27.383,
2018-05-11,27.742,27.742,27.742,27.742,
2018-05-14,28.024,28.024,28.024,28.024,
2018-05-15,27.891,27.891,27.891,27.891,
2018-05-16,27.883,27.883,27.883,27.883,
2018-05-17,27.906,27.906,27.906,27.906,
2018-05-18,27.852,27.852,27.852,27.852,
2018-05-21,27.977,27.977,27.977,27.977,
2018-05-22,27.914,27.914,27.914,27.914,
2018-05-23,28.11,28.11,28.11,28.11,
2018-05-24,28.047,28.047,28.047,28.047,
2018-05-25,27.883,27.883,27.883,27.883,
2018-05-29,27.899,27.899,27.899,27.899,
2018-05-30,28.172,28.172,28.172,28.172,
2018-05-31,28.078,28.078,28.078,28.078,
2018-06-01,28.328,28.328,28.328,28.328,
2018-06-04,28.485,28.485,28.485,28.485,
2018-06-05,28.477,28.477,28.477,28.477,
2018-06-06,28.43,28.43,28.43,28.43,
2018-06-07,28.516,28.516,28.516,28.516,
2018-06-08,28.657,28.657,28.657,28.657,
2018-06-11,28.367,28.367,28.367,28.367,
2018-06-12,28.367,28.367,28.367,28.367,
2018-06-13,28.305,28.305,28.305,28.305,
2018-06-14,28.258,28.258,28.258,28.258,
2018-06-15,28.414,28.414,28.414,28.414,
2018-06-18,28.258,28.258,28.258,28.258,
2018-06-19,28.305,28.305,28.305,28.305,
2018-06-20,28.493,28.493,28.493,28.493,
2018-06-21,28.367,28.367,28.367,28.367,
2018-06-22,28.532,28.532,28.532,28.532,
2018-06-25,28.43,28.43,28.43,28.43,
2018-06-26,28.43,28.43,28.43,28.43,
2018-06-27,28.297,28.297,28.297,28.297,
2018-06-28,28.414,28.414,28.414,28.414,
2018-06-29,28.352,28.352,28.352,28.352,
2018-07-02,28.391,28.391,28.391,28.391,
2018-07-03,28.407,28.407,28.407,28.407,
2018-07-05,28.813,28.813,28.813,28.813,
2018-07-06,29.0,29.0,29.0,29.0,
2018-07-09,29.04,29.04,29.04,29.04,
2018-07-10,29.251,29.251,29.251,29.251,
2018-07-11,29.079,29.079,29.079,29.079,
2018-07-12,29.321,29.321,29.321,29.321,
2018-07-13,29.329,29.329,29.329,29.329,
2018-07-16,29.211,29.211,29.211,29.211,
2018-07-17,29.422,29.422,29.422,29.422,
2018-07-18,29.43,29.43,29.43,29.43,
2018-07-19,29.196,29.196,29.196,29.196,
2018-07-20,29.172,29.172,29.172,29.172,
2018-07-23,29.079,29.079,29.079,29.079,
2018-07-24,29.462,29.462,29.462,29.462,
2018-07-25,29.688,29.688,29.688,29.688,
2018-07-26,29.821,29.821,29.821,29.821,
2018-07-27,30.016,30.016,30.016,30.016,
2018-07-30,30.157,30.157,30.157,30.157,
2018-07-31,31.204,31.204,31.204,31.204,
2018-08-01,31.47,31.47,31.47,31.47,
2018-08-02,31.249,31.249,31.249,31.249,
2018-08-03,31.951,31.951,31.951,31.951,
2018-08-06,32.345,32.345,32.345,32.345,
2018-08-07,32.187,32.187,32.187,32.187,
2018-08-08,32.636,32.636,32.636,32.636,
2018-08-09,32.313,32.313,32.313,32.313,
2018-08-10,32.258,32.258,32.258,32.258,
2018-08-13,32.163,32.163,32.163,32.163,
2018-08-14,32.085,32.085,32.085,32.085,
2018-08-15,32.439,32.439,32.439,32.439,
2018-08-16,32.644,32.644,32.644,32.644,
2018-08-17,33.172,33.172,33.172,33.172,
2018-08-20,33.361,33.361,33.361,33.361,
2018-08-21,33.227,33.227,33.227,33.227,
2018-08-22,33.157,33.157,33.157,33.157,
2018-08-23,33.259,33.259,33.259,33.259,
2018-08-24,33.417,33.417,33.417,33.417,
2018-08-27,32.77,32.77,32.77,32.77,
2018-08-28,32.707,32.707,32.707,32.707,
2018-08-29,32.707,32.707,32.707,32.707,
2018-08-30,32.707,32.707,32.707,32.707,
2018-08-31,32.723,32.723,32.723,32.723,
2018-09-04,32.605,32.605,32.605,32.605,
2018-09-05,32.983,32.983,32.983,32.983,
2018-09-06,32.928,32.928,32.928,32.928,
2018-09-07,33.259,33.259,33.259,33.259,
2018-09-10,33.149,33.149,33.149,33.149,
2018-09-11,33.346,33.346,33.346,33.346,
2018-09-12,33.424,33.424,33.424,33.424,
2018-09-13,33.771,33.771,33.771,33.771,
2018-09-14,33.858,33.858,33.858,33.858,
2018-09-17,33.897,33.897,33.897,33.897,
2018-09-18,34.291,34.291,34.291,34.291,
2018-09-19,34.094,34.094,34.094,34.094,
2018-09-20,34.481,34.481,34.481,34.481,
2018-09-21,34.725,34.725,34.725,34.725,
2018-09-24,34.622,34.622,34.622,34.622,
2018-09-25,34.512,34.512,34.512,34.512,
2018-09-26,34.425,34.425,34.425,34.425,
2018-09-27,34.599,34.599,34.599,34.599,
2018-09-28,34.733,34.733,34.733,34.733,
2018-10-01,34.89,34.89,34.89,34.89,
2018-10-02,34.851,34.851,34.851,34.851,
2018-10-03,35.316,35.316,35.316,35.316,
2018-10-04,35.229,35.229,35.229,35.229,
2018-10-05,35.395,35.395,35.395,35.395,
2018-10-08,35.686,35.686,35.686,35.686,
2018-10-09,35.836,35.836,35.836,35.836,
2018-10-10,35.08,35.08,35.08,35.08,
2018-10-11,33.74,33.74,33.74,33.74,
2018-10-12,34.504,34.504,34.504,34.504,
2018-10-15,33.984,33.984,33.984,33.984,
2018-10-16,34.622,34.622,34.622,34.622,
2018-10-17,35.127,35.127,35.127,35.127,
2018-10-18,34.678,34.678,34.678,34.678,
2018-10-19,35.072,35.072,35.072,35.072,
2018-10-22,34.969,34.969,34.969,34.969,
2018-10-23,34.756,34.756,34.756,34.756,
2018-10-24,33.48,33.48,33.48,33.48,
2018-10-25,34.213,34.213,34.213,34.213,
2018-10-26,33.574,33.574,33.574,33.574,
2018-10-29,34.071,34.071,34.071,34.071,
2018-10-30,33.803,33.803,33.803,33.803,
2018-10-31,33.937,33.937,33.937,33.937,
2018-11-01,34.418,34.418,34.418,34.418,
2018-11-02,33.834,33.834,33.834,33.834,
2018-11-05,34.299,34.299,34.299,34.299,
2018-11-06,33.897,33.897,33.897,33.897,
2018-11-07,34.993,34.993,34.993,34.993,
2018-11-08,34.826,34.826,34.826,34.826,
2018-11-09,35.168,35.168,35.168,35.168,
2018-11-12,35.033,35.033,35.033,35.033,
2018-11-13,34.564,34.564,34.564,34.564,
2018-11-14,34.08,34.08,34.08,34.08,
2018-11-15,34.318,34.318,34.318,34.318,
2018-11-16,34.556,34.556,34.556,34.556,
2018-11-19,35.088,35.088,35.088,35.088,
2018-11-20,34.572,34.572,34.572,34.572,
2018-11-21,34.23,34.23,34.23,34.23,
2018-11-23,34.262,34.262,34.262,34.262,
2018-11-26,34.421,34.421,34.421,34.421,
2018-11-27,35.001,35.001,35.001,35.001,
2018-11-28,35.66,35.66,35.66,35.66,
2018-11-29,36.144,36.144,36.144,36.144,
2018-11-30,36.716,36.716,36.716,36.716,
2018-12-03,36.526,36.526,36.526,36.526,
2018-12-04,35.851,35.851,35.851,35.851,
2018-12-06,35.724,35.724,35.724,35.724,
2018-12-07,34.882,34.882,34.882,34.882,
2018-12-10,35.263,35.263,35.263,35.263,
2018-12-11,34.953,34.953,34.953,34.953,
2018-12-12,35.072,35.072,35.072,35.072,
2018-12-13,35.398,35.398,35.398,35.398,
2018-12-14,34.786,34.786,34.786,34.786,
2018-12-17,34.238,34.238,34.238,34.238,
2018-12-18,33.674,33.674,33.674,33.674,
2018-12-19,33.333,33.333,33.333,33.333,
2018-12-20,33.317,33.317,33.317,33.317,
2018-12-21,33.301,33.301,33.301,33.301,
2018-12-24,32.205,32.205,32.205,32.205,
2018-12-26,33.508,33.508,33.508,33.508,
2018-12-27,34.032,34.032,34.032,34.032,
2018-12-28,34.119,34.119,34.119,34.119,
2018-12-31,34.667,34.667,34.667,34.667,
2019-01-02,34.35,34.35,34.35,34.35,
2019-01-03,33.389,33.389,33.389,33.389,
2019-01-04,34.151,34.151,34.151,34.151,
2019-01-07,34.334,34.334,34.334,34.334,
2019-01-08,34.493,34.493,34.493,34.493,
2019-01-09,34.421,34.421,34.421,34.421,
2019-01-10,33.603,33.603,33.603,33.603,
2019-01-11,34.056,34.056,34.056,34.056,
2019-01-14,33.651,33.651,33.651,33.651,
2019-01-15,33.937,33.937,33.937,33.937,
2019-01-16,33.444,33.444,33.444,33.444,
2019-01-17,33.73,33.73,33.73,33.73,
2019-01-18,33.778,33.778,33.778,33.778,
2019-01-22,33.571,33.571,33.571,33.571,
2019-01-23,33.484,33.484,33.484,33.484,
2019-01-24,32.523,32.523,32.523,32.523,
2019-01-25,32.277,32.277,32.277,32.277,
2019-01-28,31.395,31.395,31.395,31.395,
2019-01-29,32.38,32.38,32.38,32.38,
2019-01-30,33.023,33.023,33.023,33.023,
2019-01-31,34.009,34.009,34.009,34.009,
2019-02-01,34.353,34.353,34.353,34.353,
2019-02-04,34.001,34.001,34.001,34.001,
2019-02-05,33.736,33.736,33.736,33.736,
2019-02-06,33.912,33.912,33.912,33.912,
2019-02-07,33.408,33.408,33.408,33.408,
2019-02-08,33.832,33.832,33.832,33.832,
2019-02-11,33.392,33.392,33.392,33.392,
2019-02-12,33.544,33.544,33.544,33.544,
2019-02-13,33.408,33.408,33.408,33.408,
2019-02-14,33.624,33.624,33.624,33.624,
2019-02-15,33.969,33.969,33.969,33.969,
2019-02-19,34.129,34.129,34.129,34.129,
2019-02-20,33.808,33.808,33.808,33.808,
2019-02-21,33.76,33.76,33.76,33.76,
2019-02-22,34.417,34.417,34.417,34.417,
2019-02-25,34.513,34.513,34.513,34.513,
2019-02-26,34.465,34.465,34.465,34.465,
2019-02-27,34.393,34.393,34.393,34.393,
2019-02-28,34.73,34.73,34.73,34.73,
2019-03-01,34.738,34.738,34.738,34.738,
2019-03-04,34.505,34.505,34.505,34.505,
2019-03-05,34.361,34.361,34.361,34.361,
2019-03-06,33.536,33.536,33.536,33.536,
2019-03-07,33.159,33.159,33.159,33.159,
2019-03-08,32.759,32.759,32.759,32.759,
2019-03-11,33.248,33.248,33.248,33.248,
2019-03-12,33.432,33.432,33.432,33.432,
2019-03-13,33.656,33.656,33.656,33.656,
2019-03-14,32.999,32.999,32.999,32.999,
2019-03-15,33.472,33.472,33.472,33.472,
2019-03-18,33.496,33.496,33.496,33.496,
2019-03-19,33.888,33.888,33.888,33.888,
2019-03-20,33.784,33.784,33.784,33.784,
2019-03-21,33.929,33.929,33.929,33.929,
2019-03-22,33.528,33.528,33.528,33.528,
2019-03-25,33.56,33.56,33.56,33.56,
2019-03-26,33.985,33.985,33.985,33.985,
2019-03-27,33.664,33.664,33.664,33.664,
2019-03-28,33.88,33.88,33.88,33.88,
2019-03-29,34.025,34.025,34.025,34.025,
2019-04-01,34.321,34.321,34.321,34.321,
2019-04-02,34.377,34.377,34.377,34.377,
2019-04-03,34.321,34.321,34.321,34.321,
2019-04-04,34.241,34.241,34.241,34.241,
2019-04-05,34.441,34.441,34.441,34.441,
2019-04-08,34.561,34.561,34.561,34.561,
2019-04-09,34.321,34.321,34.321,34.321,
2019-04-10,34.233,34.233,34.233,34.233,
2019-04-11,33.864,33.864,33.864,33.864,
2019-04-12,33.416,33.416,33.416,33.416,
2019-04-15,33.72,33.72,33.72,33.72,
2019-04-16,32.783,32.783,32.783,32.783,
2019-04-17,31.95,31.95,31.95,31.95,
2019-04-18,31.549,31.549,31.549,31.549,
2019-04-22,31.229,31.229,31.229,31.229,
2019-04-23,31.581,31.581,31.581,31.581,
2019-04-24,31.541,31.541,31.541,31.541,
2019-04-25,31.733,31.733,31.733,31.733,
2019-04-26,32.022,32.022,32.022,32.022,
2019-04-29,31.717,31.717,31.717,31.717,
2019-04-30,32.535,32.535,32.535,32.535,
2019-05-01,32.663,32.663,32.663,32.663,
2019-05-02,32.855,32.855,32.855,32.855,
2019-05-03,33.159,33.159,33.159,33.159,
2019-05-06,33.368,33.368,33.368,33.368,
2019-05-07,32.711,32.711,32.711,32.711,
2019-05-08,32.807,32.807,32.807,32.807,
2019-05-09,32.847,32.847,32.847,32.847,
2019-05-10,32.912,32.912,32.912,32.912,
2019-05-13,32.791,32.791,32.791,32.791,
2019-05-14,32.863,32.863,32.863,32.863,
2019-05-15,33.26,33.26,33.26,33.26,
2019-05-16,33.656,33.656,33.656,33.656,
2019-05-17,33.518,33.518,33.518,33.518,
2019-05-20,33.615,33.615,33.615,33.615,
2019-05-21,33.68,33.68,33.68,33.68,
2019-05-22,33.938,33.938,33.938,33.938,
2019-05-23,33.882,33.882,33.882,33.882,
2019-05-24,33.906,33.906,33.906,33.906,
2019-05-28,33.866,33.866,33.866,33.866,
2019-05-29,33.72,33.72,33.72,33.72,
2019-05-30,33.866,33.866,33.866,33.866,
2019-05-31,33.559,33.559,33.559,33.559,
2019-06-03,33.882,33.882,33.882,33.882,
2019-06-04,34.132,34.132,34.132,34.132,
2019-06-05,34.335,34.335,34.335,34.335,
2019-06-06,34.52,34.52,34.52,34.52,
2019-06-07,34.69,34.69,34.69,34.69,
2019-06-10,34.811,34.811,34.811,34.811,
2019-06-11,34.488,34.488,34.488,34.488,
2019-06-12,34.819,34.819,34.819,34.819,
2019-06-13,34.351,34.351,34.351,34.351,
2019-06-14,34.561,34.561,34.561,34.561,
2019-06-17,34.658,34.658,34.658,34.658,
2019-06-18,34.811,34.811,34.811,34.811,
2019-06-19,35.159,35.159,35.159,35.159,
2019-06-20,35.24,35.24,35.24,35.24,
2019-06-21,35.296,35.296,35.296,35.296,
2019-06-24,35.369,35.369,35.369,35.369,
2019-06-25,35.369,35.369,35.369,35.369,
2019-06-26,34.747,34.747,34.747,34.747,
2019-06-27,35.102,35.102,35.102,35.102,
2019-06-28,35.013,35.013,35.013,35.013,
2019-07-01,35.377,35.377,35.377,35.377,
2019-07-02,35.741,35.741,35.741,35.741,
2019-07-03,35.886,35.886,35.886,35.886,
2019-07-05,35.498,35.498,35.498,35.498,
2019-07-08,34.997,34.997,34.997,34.997,
2019-07-09,35.054,35.054,35.054,35.054,
2019-07-10,35.612,35.612,35.612,35.612,
2019-07-11,34.739,34.739,34.739,34.739,
2019-07-12,34.27,34.27,34.27,34.27,
2019-07-15,34.553,34.553,34.553,34.553,
2019-07-16,34.634,34.634,34.634,34.634,
2019-07-17,34.545,34.545,34.545,34.545,
2019-07-18,34.803,34.803,34.803,34.803,
2019-07-19,34.569,34.569,34.569,34.569,
2019-07-22,34.609,34.609,34.609,34.609,
2019-07-23,34.828,34.828,34.828,34.828,
2019-07-24,34.666,34.666,34.666,34.666,
2019-07-25,34.488,34.488,34.488,34.488,
2019-07-26,34.828,34.828,34.828,34.828,
2019-07-29,33.502,33.502,33.502,33.502,
2019-07-30,31.352,31.352,31.352,31.352,
2019-07-31,31.392,31.392,31.392,31.392,
2019-08-01,31.205,31.205,31.205,31.205,
2019-08-02,31.001,31.001,31.001,31.001,
2019-08-05,30.152,30.152,30.152,30.152,
2019-08-06,30.144,30.144,30.144,30.144,
2019-08-07,29.842,29.842,29.842,29.842,
2019-08-08,30.079,30.079,30.079,30.079,
2019-08-09,29.655,29.655,29.655,29.655,
2019-08-12,28.872,28.872,28.872,28.872,
2019-08-13,28.717,28.717,28.717,28.717,
2019-08-14,27.933,27.933,27.933,27.933,
2019-08-15,28.129,28.129,28.129,28.129,
2019-08-16,28.268,28.268,28.268,28.268,
2019-08-19,28.7,28.7,28.7,28.7,
2019-08-20,28.235,28.235,28.235,28.235,
2019-08-21,28.447,28.447,28.447,28.447,
2019-08-22,28.619,28.619,28.619,28.619,
2019-08-23,28.015,28.015,28.015,28.015,
2019-08-26,28.423,28.423,28.423,28.423,
2019-08-27,28.015,28.015,28.015,28.015,
2019-08-28,28.619,28.619,28.619,28.619,
2019-08-29,28.823,28.823,28.823,28.823,
2019-08-30,29.002,29.002,29.002,29.002,
2019-09-03,29.467,29.467,29.467,29.467,
2019-09-04,29.231,29.231,29.231,29.231,
2019-09-05,29.647,29.647,29.647,29.647,
2019-09-06,29.777,29.777,29.777,29.777,
2019-09-09,30.046,30.046,30.046,30.046,
2019-09-10,30.495,30.495,30.495,30.495,
2019-09-11,30.52,30.52,30.52,30.52,
2019-09-12,30.414,30.414,30.414,30.414,
2019-09-13,30.112,30.112,30.112,30.112,
2019-09-16,30.046,30.046,30.046,30.046,
2019-09-17,29.777,29.777,29.777,29.777,
2019-09-18,29.679,29.679,29.679,29.679,
2019-09-19,29.785,29.785,29.785,29.785,
2019-09-20,29.932,29.932,29.932,29.932,
2019-09-23,29.565,29.565,29.565,29.565,
2019-09-24,29.377,29.377,29.377,29.377,
2019-09-25,29.288,29.288,29.288,29.288,
2019-09-26,29.19,29.19,29.19,29.19,
2019-09-27,29.549,29.549,29.549,29.549,
2019-09-30,29.312,29.312,29.312,29.312,
2019-10-01,28.904,28.904,28.904,28.904,
2019-10-02,28.309,28.309,28.309,28.309,
2019-10-03,28.921,28.921,28.921,28.921,
2019-10-04,29.312,29.312,29.312,29.312,
2019-10-07,29.231,29.231,29.231,29.231,
2019-10-08,28.904,28.904,28.904,28.904,
2019-10-09,29.116,29.116,29.116,29.116,
2019-10-10,29.198,29.198,29.198,29.198,
2019-10-11,29.459,29.459,29.459,29.459,
2019-10-14,29.614,29.614,29.614,29.614,
2019-10-15,29.777,29.777,29.777,29.777,
2019-10-16,29.647,29.647,29.647,29.647,
2019-10-17,29.745,29.745,29.745,29.745,
2019-10-18,29.745,29.745,29.745,29.745,
2019-10-21,29.745,29.745,29.745,29.745,
2019-10-22,29.72,29.72,29.72,29.72,
2019-10-23,29.997,29.997,29.997,29.997,
2019-10-24,29.687,29.687,29.687,29.687,
2019-10-25,29.997,29.997,29.997,29.997,
2019-10-28,30.414,30.414,30.414,30.414,
2019-10-29,31.172,31.172,31.172,31.172,
2019-10-30,31.392,31.392,31.392,31.392,
2019-10-31,31.303,31.303,31.303,31.303,
2019-11-01,31.319,31.319,31.319,31.319,
2019-11-04,31.025,31.025,31.025,31.025,
2019-11-05,30.577,30.577,30.577,30.577,
2019-11-06,30.683,30.683,30.683,30.683,
2019-11-07,30.403,30.403,30.403,30.403,
2019-11-08,30.518,30.518,30.518,30.518,
2019-11-11,30.419,30.419,30.419,30.419,
2019-11-12,30.452,30.452,30.452,30.452,
2019-11-13,30.147,30.147,30.147,30.147,
2019-11-14,30.106,30.106,30.106,30.106,
2019-11-15,30.707,30.707,30.707,30.707,
2019-11-18,30.658,30.658,30.658,30.658,
2019-11-19,31.02,31.02,31.02,31.02,
2019-11-20,30.518,30.518,30.518,30.518,
2019-11-21,31.086,31.086,31.086,31.086,
2019-11-22,31.572,31.572,31.572,31.572,
2019-11-25,31.861,31.861,31.861,31.861,
2019-11-26,31.539,31.539,31.539,31.539,
2019-11-27,31.819,31.819,31.819,31.819,
2019-11-29,31.729,31.729,31.729,31.729,
2019-12-02,31.539,31.539,31.539,31.539,
2019-12-03,31.342,31.342,31.342,31.342,
2019-12-04,31.416,31.416,31.416,31.416,
2019-12-05,31.325,31.325,31.325,31.325,
2019-12-06,31.539,31.539,31.539,31.539,
2019-12-09,31.564,31.564,31.564,31.564,
2019-12-10,31.696,31.696,31.696,31.696,
2019-12-11,31.482,31.482,31.482,31.482,
2019-12-12,31.745,31.745,31.745,31.745,
2019-12-13,31.572,31.572,31.572,31.572,
2019-12-16,32.24,32.24,32.24,32.24,
2019-12-17,32.042,32.042,32.042,32.042,
2019-12-18,32.034,32.034,32.034,32.034,
2019-12-19,32.099,32.099,32.099,32.099,
2019-12-20,32.314,32.314,32.314,32.314,
2019-12-23,32.388,32.388,32.388,32.388,
2019-12-24,32.363,32.363,32.363,32.363,
2019-12-26,32.437,32.437,32.437,32.437,
2019-12-27,32.388,32.388,32.388,32.388,
2019-12-30,32.05,32.05,32.05,32.05,
2019-12-31,32.272,32.272,32.272,32.272,
2020-01-02,32.24,32.24,32.24,32.24,
2020-01-03,32.067,32.067,32.067,32.067,
2020-01-06,32.025,32.025,32.025,32.025,
2020-01-07,31.918,31.918,31.918,31.918,
2020-01-08,32.174,32.174,32.174,32.174,
2020-01-09,32.034,32.034,32.034,32.034,
2020-01-10,32.528,32.528,32.528,32.528,
2020-01-13,32.462,32.462,32.462,32.462,
2020-01-14,33.006,33.006,33.006,33.006,
2020-01-15,33.5,33.5,33.5,33.5,
2020-01-16,33.45,33.45,33.45,33.45,
2020-01-17,33.368,33.368,33.368,33.368,
2020-01-21,33.228,33.228,33.228,33.228,
2020-01-22,33.104,33.104,33.104,33.104,
2020-01-23,33.533,33.533,33.533,33.533,
2020-01-24,32.8,32.8,32.8,32.8,
2020-01-27,33.08,33.08,33.08,33.08,
2020-01-28,31.416,31.416,31.416,31.416,
2020-01-29,30.955,30.955,30.955,30.955,
2020-01-30,30.846,30.846,30.846,30.846,
2020-01-31,30.988,30.988,30.988,30.988,
2020-02-03,31.212,31.212,31.212,31.212,
2020-02-04,31.362,31.362,31.362,31.362,
2020-02-05,31.762,31.762,31.762,31.762,
2020-02-06,31.837,31.837,31.837,31.837,
2020-02-07,31.662,31.662,31.662,31.662,
2020-02-10,31.462,31.462,31.462,31.462,
2020-02-11,31.695,31.695,31.695,31.695,
2020-02-12,31.404,31.404,31.404,31.404,
2020-02-13,30.73,30.73,30.73,30.73,
2020-02-14,30.38,30.38,30.38,30.38,
2020-02-18,30.222,30.222,30.222,30.222,
2020-02-19,30.147,30.147,30.147,30.147,
2020-02-20,29.831,29.831,29.831,29.831,
2020-02-21,29.723,29.723,29.723,29.723,
2020-02-24,28.849,28.849,28.849,28.849,
2020-02-25,28.234,28.234,28.234,28.234,
2020-02-26,28.891,28.891,28.891,28.891,
2020-02-27,28.375,28.375,28.375,28.375,
2020-02-28,27.809,27.809,27.809,27.809,
2020-03-02,29.024,29.024,29.024,29.024,
2020-03-03,28.541,28.541,28.541,28.541,
2020-03-04,30.289,30.289,30.289,30.289,
2020-03-05,29.507,29.507,29.507,29.507,
2020-03-06,29.141,29.141,29.141,29.141,
2020-03-09,28.092,28.092,28.092,28.092,
2020-03-10,28.783,28.783,28.783,28.783,
2020-03-11,26.769,26.769,26.769,26.769,
2020-03-12,24.98,24.98,24.98,24.98,
2020-03-13,27.218,27.218,27.218,27.218,
2020-03-16,25.113,25.113,25.113,25.113,
2020-03-17,26.761,26.761,26.761,26.761,
2020-03-18,26.927,26.927,26.927,26.927,
2020-03-19,25.313,25.313,25.313,25.313,
2020-03-20,24.14,24.14,24.14,24.14,
2020-03-23,23.707,23.707,23.707,23.707,
2020-03-24,24.714,24.714,24.714,24.714,
2020-03-25,24.755,24.755,24.755,24.755,
2020-03-26,26.42,26.42,26.42,26.42,
2020-03-27,25.712,25.712,25.712,25.712,
2020-03-30,27.185,27.185,27.185,27.185,
2020-03-31,27.16,27.16,27.16,27.16,
2020-04-01,26.42,26.42,26.42,26.42,
2020-04-02,27.352,27.352,27.352,27.352,
2020-04-03,27.992,27.992,27.992,27.992,
2020-04-06,28.766,28.766,28.766,28.766,
2020-04-07,27.967,27.967,27.967,27.967,
2020-04-08,28.791,28.791,28.791,28.791,
2020-04-09,29.448,29.448,29.448,29.448,
2020-04-13,29.24,29.24,29.24,29.24,
2020-04-14,30.322,30.322,30.322,30.322,
2020-04-15,29.931,29.931,29.931,29.931,
2020-04-16,29.856,29.856,29.856,29.856,
2020-04-17,30.713,30.713,30.713,30.713,
2020-04-20,30.023,30.023,30.023,30.023,
2020-04-21,29.64,29.64,29.64,29.64,
2020-04-22,30.164,30.164,30.164,30.164,
2020-04-23,30.53,30.53,30.53,30.53,
2020-04-24,31.104,31.104,31.104,31.104,
2020-04-27,31.895,31.895,31.895,31.895,
2020-04-28,31.545,31.545,31.545,31.545,
2020-04-29,31.72,31.72,31.72,31.72,
2020-04-30,31.92,31.92,31.92,31.92,
2020-05-01,31.321,31.321,31.321,31.321,
2020-05-04,31.304,31.304,31.304,31.304,
2020-05-05,32.045,32.045,32.045,32.045,
2020-05-06,32.045,32.045,32.045,32.045,
2020-05-07,31.061,31.061,31.061,31.061,
2020-05-08,31.28,31.28,31.28,31.28,
2020-05-11,32.019,32.019,32.019,32.019,
2020-05-12,31.397,31.397,31.397,31.397,
2020-05-13,31.137,31.137,31.137,31.137,
2020-05-14,31.868,31.868,31.868,31.868,
2020-05-15,31.734,31.734,31.734,31.734,
2020-05-18,31.994,31.994,31.994,31.994,
2020-05-19,31.666,31.666,31.666,31.666,
2020-05-20,31.624,31.624,31.624,31.624,
2020-05-21,31.313,31.313,31.313,31.313,
2020-05-22,31.515,31.515,31.515,31.515,
2020-05-26,31.507,31.507,31.507,31.507,
2020-05-27,31.44,31.44,31.44,31.44,
2020-05-28,32.087,32.087,32.087,32.087,
2020-05-29,32.095,32.095,32.095,32.095,
2020-06-01,29.801,29.801,29.801,29.801,
2020-06-02,30.389,30.389,30.389,30.389,
2020-06-03,30.389,30.389,30.389,30.389,
2020-06-04,30.263,30.263,30.263,30.263,
2020-06-05,30.246,30.246,30.246,30.246,
2020-06-08,30.75,30.75,30.75,30.75,
2020-06-09,30.431,30.431,30.431,30.431,
2020-06-10,30.187,30.187,30.187,30.187,
2020-06-11,27.985,27.985,27.985,27.985,
2020-06-12,28.364,28.364,28.364,28.364,
2020-06-15,28.036,28.036,28.036,28.036,
2020-06-16,28.069,28.069,28.069,28.069,
2020-06-17,28.204,28.204,28.204,28.204,
2020-06-18,27.935,27.935,27.935,27.935,
2020-06-19,28.086,28.086,28.086,28.086,
2020-06-22,27.826,27.826,27.826,27.826,
2020-06-23,27.54,27.54,27.54,27.54,
2020-06-24,27.053,27.053,27.053,27.053,
2020-06-25,27.162,27.162,27.162,27.162,
2020-06-26,26.927,26.927,26.927,26.927,
2020-06-29,27.431,27.431,27.431,27.431,
2020-06-30,27.481,27.481,27.481,27.481,
2020-07-01,28.355,28.355,28.355,28.355,
2020-07-02,29.002,29.002,29.002,29.002,
2020-07-06,29.002,29.002,29.002,29.002,
2020-07-07,28.599,28.599,28.599,28.599,
2020-07-08,28.364,28.364,28.364,28.364,
2020-07-09,28.12,28.12,28.12,28.12,
2020-07-10,28.431,28.431,28.431,28.431,
2020-07-13,29.591,29.591,29.591,29.591,
2020-07-14,29.607,29.607,29.607,29.607,
2020-07-15,30.019,30.019,30.019,30.019,
2020-07-16,29.918,29.918,29.918,29.918,
2020-07-17,30.465,30.465,30.465,30.465,
2020-07-20,30.675,30.675,30.675,30.675,
2020-07-21,30.834,30.834,30.834,30.834,
2020-07-22,32.406,32.406,32.406,32.406,
2020-07-23,32.28,32.28,32.28,32.28,
2020-07-24,31.65,31.65,31.65,31.65,
2020-07-27,31.549,31.549,31.549,31.549,
2020-07-28,32.793,32.793,32.793,32.793,
2020-07-29,32.994,32.994,32.994,32.994,
2020-07-30,32.875,32.875,32.875,32.875,
2020-07-31,32.655,32.655,32.655,32.655,
2020-08-03,32.545,32.545,32.545,32.545,
2020-08-04,32.578,32.578,32.578,32.578,
2020-08-05,32.629,32.629,32.629,32.629,
2020-08-06,32.477,32.477,32.477,32.477,
2020-08-07,32.629,32.629,32.629,32.629,
2020-08-10,32.578,32.578,32.578,32.578,
2020-08-11,32.069,32.069,32.069,32.069,
2020-08-12,32.528,32.528,32.528,32.528,
2020-08-13,32.392,32.392,32.392,32.392,
2020-08-14,32.298,32.298,32.298,32.298,
2020-08-17,32.545,32.545,32.545,32.545,
2020-08-18,32.553,32.553,32.553,32.553,
2020-08-19,32.468,32.468,32.468,32.468,
2020-08-20,32.858,32.858,32.858,32.858,
2020-08-21,32.994,32.994,32.994,32.994,
2020-08-24,32.96,32.96,32.96,32.96,
2020-08-25,32.595,32.595,32.595,32.595,
2020-08-26,32.29,32.29,32.29,32.29,
2020-08-27,32.129,32.129,32.129,32.129,
2020-08-28,32.171,32.171,32.171,32.171,
2020-08-31,32.069,32.069,32.069,32.069,
2020-09-01,31.297,31.297,31.297,31.297,
2020-09-02,31.569,31.569,31.569,31.569,
2020-09-03,30.89,30.89,30.89,30.89,
2020-09-04,30.856,30.856,30.856,30.856,
2020-09-08,30.491,30.491,30.491,30.491,
2020-09-09,30.703,30.703,30.703,30.703,
2020-09-10,30.253,30.253,30.253,30.253,
2020-09-11,30.61,30.61,30.61,30.61,
2020-09-14,31.407,31.407,31.407,31.407,
2020-09-15,31.365,31.365,31.365,31.365,
2020-09-16,31.212,31.212,31.212,31.212,
2020-09-17,31.246,31.246,31.246,31.246,
2020-09-18,31.085,31.085,31.085,31.085,
2020-09-21,30.567,30.567,30.567,30.567,
2020-09-22,30.762,30.762,30.762,30.762,
2020-09-23,30.55,30.55,30.55,30.55,
2020-09-24,30.347,30.347,30.347,30.347,
2020-09-25,30.593,30.593,30.593,30.593,
2020-09-28,30.881,30.881,30.881,30.881,
2020-09-29,30.695,30.695,30.695,30.695,
2020-09-30,31.144,31.144,31.144,31.144,
2020-10-01,30.864,30.864,30.864,30.864,
2020-10-02,30.873,30.873,30.873,30.873,
2020-10-05,31.187,31.187,31.187,31.187,
2020-10-06,30.695,30.695,30.695,30.695,
2020-10-07,30.949,30.949,30.949,30.949,
2020-10-08,31.306,31.306,31.306,31.306,
2020-10-09,31.221,31.221,31.221,31.221,
2020-10-12,31.246,31.246,31.246,31.246,
2020-10-13,31.314,31.314,31.314,31.314,
2020-10-14,31.28,31.28,31.28,31.28,
2020-10-15,31.017,31.017,31.017,31.017,
2020-10-16,32.205,32.205,32.205,32.205,
2020-10-19,32.078,32.078,32.078,32.078,
2020-10-20,31.815,31.815,31.815,31.815,
2020-10-21,31.467,31.467,31.467,31.467,
2020-10-22,31.764,31.764,31.764,31.764,
2020-10-23,32.4,32.4,32.4,32.4,
2020-10-26,32.18,32.18,32.18,32.18,
2020-10-27,31.764,31.764,31.764,31.764,
2020-10-28,30.084,30.084,30.084,30.084,
2020-10-29,29.939,29.939,29.939,29.939,
2020-10-30,30.109,30.109,30.109,30.109,
2020-11-02,30.745,30.745,30.745,30.745,
2020-11-03,30.711,30.711,30.711,30.711,
2020-11-04,31.679,31.679,31.679,31.679,
2020-11-05,31.199,31.199,31.199,31.199,
2020-11-06,31.207,31.207,31.207,31.207,
2020-11-09,33.608,33.608,33.608,33.608,
2020-11-10,33.162,33.162,33.162,33.162,
2020-11-11,33.008,33.008,33.008,33.008,
2020-11-12,32.193,32.193,32.193,32.193,
2020-11-13,33.111,33.111,33.111,33.111,
2020-11-16,32.005,32.005,32.005,32.005,
2020-11-17,32.567,32.567,32.567,32.567,
2020-11-18,32.82,32.82,32.82,32.82,
2020-11-19,32.703,32.703,32.703,32.703,
2020-11-20,33.164,33.164,33.164,33.164,
2020-11-23,33.001,33.001,33.001,33.001,
2020-11-24,33.073,33.073,33.073,33.073,
2020-11-25,33.01,33.01,33.01,33.01,
2020-11-27,33.643,33.643,33.643,33.643,
2020-11-30,34.619,34.619,34.619,34.619,
2020-12-01,35.613,35.613,35.613,35.613,
2020-12-02,36.869,36.869,36.869,36.869,
2020-12-03,36.227,36.227,36.227,36.227,
2020-12-04,36.453,36.453,36.453,36.453,
2020-12-07,37.275,37.275,37.275,37.275,
2020-12-08,38.459,38.459,38.459,38.459,
2020-12-09,37.817,37.817,37.817,37.817,
2020-12-10,37.709,37.709,37.709,37.709,
2020-12-11,37.158,37.158,37.158,37.158,
2020-12-14,35.432,35.432,35.432,35.432,
2020-12-15,34.98,34.98,34.98,34.98,
2020-12-16,34.194,34.194,34.194,34.194,
2020-12-17,34.366,34.366,34.366,34.366,
2020-12-18,34.049,34.049,34.049,34.049,
2020-12-21,33.778,33.778,33.778,33.778,
2020-12-22,33.2,33.2,33.2,33.2,
2020-12-23,33.832,33.832,33.832,33.832,
2020-12-24,33.679,33.679,33.679,33.679,
2020-12-28,33.272,33.272,33.272,33.272,
2020-12-29,33.48,33.48,33.48,33.48,
2020-12-30,33.2,33.2,33.2,33.2,
2020-12-31,33.263,33.263,33.263,33.263,
2021-01-04,33.263,33.263,33.263,33.263,
2021-01-05,33.606,33.606,33.606,33.606,
2021-01-06,33.317,33.317,33.317,33.317,
2021-01-07,33.489,33.489,33.489,33.489,
2021-01-08,33.552,33.552,33.552,33.552,
2021-01-11,34.131,34.131,34.131,34.131,
2021-01-12,33.597,33.597,33.597,33.597,
2021-01-13,33.308,33.308,33.308,33.308,
2021-01-14,33.209,33.209,33.209,33.209,
2021-01-15,33.164,33.164,33.164,33.164,
2021-01-19,33.191,33.191,33.191,33.191,
2021-01-20,32.983,32.983,32.983,32.983,
2021-01-21,32.965,32.965,32.965,32.965,
2021-01-22,33.028,33.028,33.028,33.028,
2021-01-25,33.688,33.688,33.688,33.688,
2021-01-26,33.715,33.715,33.715,33.715,
2021-01-27,32.748,32.748,32.748,32.748,
2021-01-28,32.757,32.757,32.757,32.757,
2021-01-29,32.794,32.794,32.794,32.794,
2021-02-01,32.702,32.702,32.702,32.702,
2021-02-02,31.962,31.962,31.962,31.962,
2021-02-03,31.825,31.825,31.825,31.825,
2021-02-04,31.871,31.871,31.871,31.871,
2021-02-05,31.898,31.898,31.898,31.898,
2021-02-08,31.807,31.807,31.807,31.807,
2021-02-09,31.944,31.944,31.944,31.944,
2021-02-10,31.734,31.734,31.734,31.734,
2021-02-11,31.451,31.451,31.451,31.451,
2021-02-12,31.716,31.716,31.716,31.716,
2021-02-16,31.688,31.688,31.688,31.688,
2021-02-17,31.871,31.871,31.871,31.871,
2021-02-18,31.57,31.57,31.57,31.57,
2021-02-19,31.46,31.46,31.46,31.46,
2021-02-22,31.296,31.296,31.296,31.296,
2021-02-23,30.976,30.976,30.976,30.976,
2021-02-24,30.83,30.83,30.83,30.83,
2021-02-25,30.894,30.894,30.894,30.894,
2021-02-26,30.592,30.592,30.592,30.592,
2021-03-01,30.775,30.775,30.775,30.775,
2021-03-02,30.61,30.61,30.61,30.61,
2021-03-03,31.414,31.414,31.414,31.414,
2021-03-04,31.241,31.241,31.241,31.241,
2021-03-05,31.414,31.414,31.414,31.414,
2021-03-08,31.378,31.378,31.378,31.378,
2021-03-09,31.469,31.469,31.469,31.469,
2021-03-10,31.908,31.908,31.908,31.908,
2021-03-11,31.707,31.707,31.707,31.707,
2021-03-12,31.917,31.917,31.917,31.917,
2021-03-15,32.346,32.346,32.346,32.346,
2021-03-16,32.73,32.73,32.73,32.73,
2021-03-17,32.693,32.693,32.693,32.693,
2021-03-18,32.675,32.675,32.675,32.675,
2021-03-19,32.456,32.456,32.456,32.456,
2021-03-22,32.885,32.885,32.885,32.885,
2021-03-23,32.3,32.3,32.3,32.3,
2021-03-24,32.529,32.529,32.529,32.529,
2021-03-25,32.584,32.584,32.584,32.584,
2021-03-26,33.113,33.113,33.113,33.113,
2021-03-29,33.451,33.451,33.451,33.451,
2021-03-30,32.985,32.985,32.985,32.985,
2021-03-31,33.095,33.095,33.095,33.095,
2021-04-01,33.159,33.159,33.159,33.159,
2021-04-05,33.141,33.141,33.141,33.141,
2021-04-06,32.931,32.931,32.931,32.931,
2021-04-07,32.803,32.803,32.803,32.803,
2021-04-08,32.848,32.848,32.848,32.848,
2021-04-09,33.433,33.433,33.433,33.433,
2021-04-12,33.771,33.771,33.771,33.771,
2021-04-13,33.945,33.945,33.945,33.945,
2021-04-14,33.954,33.954,33.954,33.954,
2021-04-15,34.347,34.347,34.347,34.347,
2021-04-16,35.233,35.233,35.233,35.233,
2021-04-19,35.561,35.561,35.561,35.561,
2021-04-20,35.653,35.653,35.653,35.653,
2021-04-21,36.11,36.11,36.11,36.11,
2021-04-22,35.297,35.297,35.297,35.297,
2021-04-23,35.315,35.315,35.315,35.315,
2021-04-26,35.333,35.333,35.333,35.333,
2021-04-27,35.123,35.123,35.123,35.123,
2021-04-28,35.452,35.452,35.452,35.452,
2021-04-29,35.26,35.26,35.26,35.26,
2021-04-30,35.306,35.306,35.306,35.306,
2021-05-03,36.384,36.384,36.384,36.384,
2021-05-04,36.493,36.493,36.493,36.493,
2021-05-05,36.511,36.511,36.511,36.511,
2021-05-06,36.152,36.152,36.152,36.152,
2021-05-07,36.511,36.511,36.511,36.511,
2021-05-10,36.77,36.77,36.77,36.77,
2021-05-11,36.299,36.299,36.299,36.299,
2021-05-12,36.613,36.613,36.613,36.613,
2021-05-13,36.991,36.991,36.991,36.991,
2021-05-14,36.917,36.917,36.917,36.917,
2021-05-17,37.0,37.0,37.0,37.0,
2021-05-18,36.945,36.945,36.945,36.945,
2021-05-19,36.742,36.742,36.742,36.742,
2021-05-20,37.01,37.01,37.01,37.01,
2021-05-21,36.853,36.853,36.853,36.853,
2021-05-24,36.724,36.724,36.724,36.724,
2021-05-25,36.281,36.281,36.281,36.281,
2021-05-26,35.903,35.903,35.903,35.903,
2021-05-27,35.654,35.654,35.654,35.654,
2021-05-28,35.727,35.727,35.727,35.727,
2021-06-01,35.515,35.515,35.515,35.515,
2021-06-02,35.783,35.783,35.783,35.783,
2021-06-03,35.949,35.949,35.949,35.949,
2021-06-04,36.115,36.115,36.115,36.115,
2021-06-07,35.967,35.967,35.967,35.967,
2021-06-08,35.838,35.838,35.838,35.838,
2021-06-09,36.724,36.724,36.724,36.724,
2021-06-10,37.526,37.526,37.526,37.526,
2021-06-11,37.037,37.037,37.037,37.037,
2021-06-14,36.558,36.558,36.558,36.558,
2021-06-15,36.521,36.521,36.521,36.521,
2021-06-16,36.253,36.253,36.253,36.253,
2021-06-17,36.419,36.419,36.419,36.419,
2021-06-18,35.801,35.801,35.801,35.801,
2021-06-21,36.364,36.364,36.364,36.364,
2021-06-22,36.539,36.539,36.539,36.539,
2021-06-23,36.023,36.023,36.023,36.023,
2021-06-24,36.152,36.152,36.152,36.152,
2021-06-25,35.958,35.958,35.958,35.958,
2021-06-28,36.087,36.087,36.087,36.087,
2021-06-29,36.069,36.069,36.069,36.069,
2021-06-30,36.124,36.124,36.124,36.124,
2021-07-01,36.493,36.493,36.493,36.493,
2021-07-02,36.65,36.65,36.65,36.65,
2021-07-06,36.244,36.244,36.244,36.244,
2021-07-07,36.299,36.299,36.299,36.299,
2021-07-08,36.207,36.207,36.207,36.207,
2021-07-09,36.539,36.539,36.539,36.539,
2021-07-12,36.678,36.678,36.678,36.678,
2021-07-13,36.576,36.576,36.576,36.576,
2021-07-14,36.853,36.853,36.853,36.853,
2021-07-15,36.982,36.982,36.982,36.982,
2021-07-16,37.222,37.222,37.222,37.222,
2021-07-19,37.037,37.037,37.037,37.037,
2021-07-20,37.868,37.868,37.868,37.868,
2021-07-21,37.84,37.84,37.84,37.84,
2021-07-22,38.255,38.255,38.255,38.255,
2021-07-23,38.449,38.449,38.449,38.449,
2021-07-26,38.569,38.569,38.569,38.569,
2021-07-27,38.836,38.836,38.836,38.836,
2021-07-28,40.081,40.081,40.081,40.081,
2021-07-29,39.83,39.83,39.83,39.83,
2021-07-30,39.849,39.849,39.849,39.849,
2021-08-02,40.919,40.919,40.919,40.919,
2021-08-03,42.52,42.52,42.52,42.52,
2021-08-04,42.064,42.064,42.064,42.064,
2021-08-05,41.943,41.943,41.943,41.943,
2021-08-06,41.952,41.952,41.952,41.952,
2021-08-09,42.799,42.799,42.799,42.799,
2021-08-10,44.857,44.857,44.857,44.857,
2021-08-11,43.107,43.107,43.107,43.107,
2021-08-12,43.972,43.972,43.972,43.972,
2021-08-13,45.127,45.127,45.127,45.127,
2021-08-16,45.527,45.527,45.527,45.527,
2021-08-17,46.932,46.932,46.932,46.932,
2021-08-18,45.899,45.899,45.899,45.899,
2021-08-19,45.424,45.424,45.424,45.424,
2021-08-20,45.35,45.35,45.35,45.35,
2021-08-23,46.476,46.476,46.476,46.476,
2021-08-24,45.033,45.033,45.033,45.033,
2021-08-25,44.224,44.224,44.224,44.224,
2021-08-26,44.103,44.103,44.103,44.103,
2021-08-27,43.377,43.377,43.377,43.377,
2021-08-30,43.526,43.526,43.526,43.526,
2021-08-31,42.883,42.883,42.883,42.883,
2021-09-01,42.855,42.855,42.855,42.855,
2021-09-02,43.6,43.6,43.6,43.6,
2021-09-03,43.6,43.6,43.6,43.6,
2021-09-07,43.516,43.516,43.516,43.516,
2021-09-08,43.293,43.293,43.293,43.293,
2021-09-09,42.846,42.846,42.846,42.846,
2021-09-10,42.436,42.436,42.436,42.436,
2021-09-13,41.496,41.496,41.496,41.496,
2021-09-14,41.617,41.617,41.617,41.617,
2021-09-15,41.673,41.673,41.673,41.673,
2021-09-16,41.394,41.394,41.394,41.394,
2021-09-17,40.854,40.854,40.854,40.854,
2021-09-20,41.143,41.143,41.143,41.143,
2021-09-21,40.882,40.882,40.882,40.882,
2021-09-22,40.91,40.91,40.91,40.91,
2021-09-23,41.133,41.133,41.133,41.133,
2021-09-24,40.901,40.901,40.901,40.901,
2021-09-27,40.556,40.556,40.556,40.556,
2021-09-28,40.063,40.063,40.063,40.063,
2021-09-29,40.519,40.519,40.519,40.519,
2021-09-30,40.035,40.035,40.035,40.035,
2021-10-01,39.96,39.96,39.96,39.96,
2021-10-04,39.486,39.486,39.486,39.486,
2021-10-05,39.393,39.393,39.393,39.393,
2021-10-06,39.113,39.113,39.113,39.113,
2021-10-07,39.784,39.784,39.784,39.784,
2021-10-08,39.514,39.514,39.514,39.514,
2021-10-11,39.151,39.151,39.151,39.151,
2021-10-12,38.955,38.955,38.955,38.955,
2021-10-13,38.555,38.555,38.555,38.555,
2021-10-14,38.788,38.788,38.788,38.788,
2021-10-15,38.62,38.62,38.62,38.62,
2021-10-18,38.462,38.462,38.462,38.462,
2021-10-19,39.179,39.179,39.179,39.179,
2021-10-20,39.839,39.839,39.839,39.839,
2021-10-21,39.895,39.895,39.895,39.895,
2021-10-22,40.175,40.175,40.175,40.175,
2021-10-25,40.165,40.165,40.165,40.165,
2021-10-26,40.547,40.547,40.547,40.547,
2021-10-27,39.998,39.998,39.998,39.998,
2021-10-28,40.193,40.193,40.193,40.193,
2021-10-29,40.714,40.714,40.714,40.714,
2021-11-01,40.621,40.621,40.621,40.621,
2021-11-02,42.306,42.306,42.306,42.306,
2021-11-03,41.72,41.72,41.72,41.72,
2021-11-04,41.175,41.175,41.175,41.175,
2021-11-05,45.645,45.645,45.645,45.645,
2021-11-08,45.382,45.382,45.382,45.382,
2021-11-09,44.415,44.415,44.415,44.415,
2021-11-10,46.03,46.03,46.03,46.03,
2021-11-11,47.119,47.119,47.119,47.119,
2021-11-12,46.696,46.696,46.696,46.696,
2021-11-15,46.621,46.621,46.621,46.621,
2021-11-16,46.574,46.574,46.574,46.574,
2021-11-17,47.767,47.767,47.767,47.767,
2021-11-18,48.274,48.274,48.274,48.274,
2021-11-19,47.701,47.701,47.701,47.701,
2021-11-22,48.077,48.077,48.077,48.077,
2021-11-23,47.964,47.964,47.964,47.964,
2021-11-24,47.786,47.786,47.786,47.786,
2021-11-26,50.706,50.706,50.706,50.706,
2021-11-29,49.204,49.204,49.204,49.204,
2021-11-30,50.452,50.452,50.452,50.452,
2021-12-01,51.344,51.344,51.344,51.344,
2021-12-02,49.805,49.805,49.805,49.805,
2021-12-03,50.959,50.959,50.959,50.959,
2021-12-06,48.34,48.34,48.34,48.34,
2021-12-07,48.565,48.565,48.565,48.565,
2021-12-08,48.265,48.265,48.265,48.265,
2021-12-09,48.903,48.903,48.903,48.903,
2021-12-10,49.56,49.56,49.56,49.56,
2021-12-13,51.833,51.833,51.833,51.833,
2021-12-14,52.152,52.152,52.152,52.152,
2021-12-15,55.213,55.213,55.213,55.213,
2021-12-16,57.514,57.514,57.514,57.514,
2021-12-17,55.852,55.852,55.852,55.852,
2021-12-20,57.298,57.298,57.298,57.298,
2021-12-21,55.354,55.354,55.354,55.354,
2021-12-22,55.917,55.917,55.917,55.917,
2021-12-23,55.129,55.129,55.129,55.129,
2021-12-27,55.589,55.589,55.589,55.589,
2021-12-28,54.471,54.471,54.471,54.471,
2021-12-29,54.068,54.068,54.068,54.068,
2021-12-30,54.838,54.838,54.838,54.838,
2021-12-31,55.448,55.448,55.448,55.448,
2022-01-03,53.194,53.194,53.194,53.194,
2022-01-04,51.204,51.204,51.204,51.204,
2022-01-05,52.237,52.237,52.237,52.237,
2022-01-06,51.495,51.495,51.495,51.495,
2022-01-07,52.321,52.321,52.321,52.321,
2022-01-10,52.809,52.809,52.809,52.809,
2022-01-11,53.232,53.232,53.232,53.232,
2022-01-12,53.194,53.194,53.194,53.194,
2022-01-13,52.152,52.152,52.152,52.152,
2022-01-14,51.598,51.598,51.598,51.598,
2022-01-18,50.809,50.809,50.809,50.809,
2022-01-19,50.274,50.274,50.274,50.274,
2022-01-20,50.753,50.753,50.753,50.753,
2022-01-21,49.57,49.57,49.57,49.57,
2022-01-24,48.396,48.396,48.396,48.396,
2022-01-25,49.335,49.335,49.335,49.335,
2022-01-26,49.776,49.776,49.776,49.776,
2022-01-27,50.495,50.495,50.495,50.495,
2022-01-28,51.404,51.404,51.404,51.404,
2022-01-31,49.852,49.852,49.852,49.852,
2022-02-01,50.212,50.212,50.212,50.212,
2022-02-02,50.959,50.959,50.959,50.959,
2022-02-03,50.505,50.505,50.505,50.505,
2022-02-04,50.145,50.145,50.145,50.145,
2022-02-07,50.344,50.344,50.344,50.344,
2022-02-08,48.915,48.915,48.915,48.915,
2022-02-09,48.698,48.698,48.698,48.698,
2022-02-10,47.875,47.875,47.875,47.875,
2022-02-11,48.045,48.045,48.045,48.045,
2022-02-14,47.118,47.118,47.118,47.118,
2022-02-15,47.108,47.108,47.108,47.108,
2022-02-16,47.004,47.004,47.004,47.004,
2022-02-17,46.266,46.266,46.266,46.266,
2022-02-18,45.916,45.916,45.916,45.916,
2022-02-22,44.97,44.97,44.97,44.97,
2022-02-23,44.346,44.346,44.346,44.346,
2022-02-24,43.485,43.485,43.485,43.485,
2022-02-25,45.15,45.15,45.15,45.15,
2022-02-28,44.412,44.412,44.412,44.412,
2022-03-01,43.286,43.286,43.286,43.286,
2022-03-02,45.131,45.131,45.131,45.131,
2022-03-03,45.254,45.254,45.254,45.254,
2022-03-04,46.03,46.03,46.03,46.03,
2022-03-07,45.396,45.396,45.396,45.396,
2022-03-08,44.885,44.885,44.885,44.885,
2022-03-09,46.124,46.124,46.124,46.124,
2022-03-10,46.55,46.55,46.55,46.55,
2022-03-11,47.562,47.562,47.562,47.562,
2022-03-14,49.436,49.436,49.436,49.436,
2022-03-15,49.398,49.398,49.398,49.398,
2022-03-16,50.07,50.07,50.07,50.07,
2022-03-17,51.319,51.319,51.319,51.319,
2022-03-18,51.574,51.574,51.574,51.574,
2022-03-21,51.271,51.271,51.271,51.271,
2022-03-22,50.183,50.183,50.183,50.183,
2022-03-23,49.379,49.379,49.379,49.379,
2022-03-24,49.757,49.757,49.757,49.757,
2022-03-25,49.937,49.937,49.937,49.937,
2022-03-28,50.41,50.41,50.41,50.41,
2022-03-29,49.899,49.899,49.899,49.899,
2022-03-30,49.615,49.615,49.615,49.615,
2022-03-31,48.982,48.982,48.982,48.982,
2022-04-01,48.792,48.792,48.792,48.792,
2022-04-04,48.196,48.196,48.196,48.196,
2022-04-05,48.48,48.48,48.48,48.48,
2022-04-06,50.022,50.022,50.022,50.022,
2022-04-07,52.189,52.189,52.189,52.189,
2022-04-08,52.198,52.198,52.198,52.198,
2022-04-11,51.025,51.025,51.025,51.025,
2022-04-12,50.249,50.249,50.249,50.249,
2022-04-13,50.24,50.24,50.24,50.24,
2022-04-14,50.259,50.259,50.259,50.259,
2022-04-18,49.048,49.048,49.048,49.048,
2022-04-19,47.477,47.477,47.477,47.477,
2022-04-20,47.07,47.07,47.07,47.07,
2022-04-21,46.465,46.465,46.465,46.465,
2022-04-22,45.538,45.538,45.538,45.538,
2022-04-25,46.313,46.313,46.313,46.313,
2022-04-26,46.389,46.389,46.389,46.389,
2022-04-27,47.061,47.061,47.061,47.061,
2022-04-28,47.789,47.789,47.789,47.789,
2022-04-29,46.427,46.427,46.427,46.427,
2022-05-02,45.736,45.736,45.736,45.736,
2022-05-03,46.635,46.635,46.635,46.635,
2022-05-04,46.985,46.985,46.985,46.985,
2022-05-05,45.84,45.84,45.84,45.84,
2022-05-06,46.399,46.399,46.399,46.399,
2022-05-09,46.02,46.02,46.02,46.02,
2022-05-10,46.824,46.824,46.824,46.824,
2022-05-11,46.787,46.787,46.787,46.787,
2022-05-12,48.065,48.065,48.065,48.065,
2022-05-13,47.616,47.616,47.616,47.616,
2022-05-16,48.332,48.332,48.332,48.332,
2022-05-17,48.971,48.971,48.971,48.971,
2022-05-18,48.074,48.074,48.074,48.074,
2022-05-19,48.313,48.313,48.313,48.313,
2022-05-20,50.049,50.049,50.049,50.049,
2022-05-23,50.44,50.44,50.44,50.44,
2022-05-24,50.945,50.945,50.945,50.945,
2022-05-25,51.231,51.231,51.231,51.231,
2022-05-26,51.499,51.499,51.499,51.499,
2022-05-27,51.422,51.422,51.422,51.422,
2022-05-31,50.592,50.592,50.592,50.592,
2022-06-01,49.953,49.953,49.953,49.953,
2022-06-02,50.249,50.249,50.249,50.249,
2022-06-03,50.745,50.745,50.745,50.745,
2022-06-06,50.802,50.802,50.802,50.802,
2022-06-07,51.47,51.47,51.47,51.47,
2022-06-08,51.003,51.003,51.003,51.003,
2022-06-09,49.391,49.391,49.391,49.391,
2022-06-10,47.664,47.664,47.664,47.664,
2022-06-13,45.699,45.699,45.699,45.699,
2022-06-14,45.709,45.709,45.709,45.709,
2022-06-15,46.271,46.271,46.271,46.271,
2022-06-16,45.289,45.289,45.289,45.289,
2022-06-17,44.383,44.383,44.383,44.383,
2022-06-21,45.89,45.89,45.89,45.89,
2022-06-22,46.806,46.806,46.806,46.806,
2022-06-23,47.779,47.779,47.779,47.779,
2022-06-24,49.209,49.209,49.209,49.209,
2022-06-27,49.486,49.486,49.486,49.486,
2022-06-28,48.322,48.322,48.322,48.322,
2022-06-29,48.589,48.589,48.589,48.589,
2022-06-30,50.011,50.011,50.011,50.011,
2022-07-01,49.896,49.896,49.896,49.896,
2022-07-05,49.257,49.257,49.257,49.257,
2022-07-06,50.316,50.316,50.316,50.316,
2022-07-07,50.955,50.955,50.955,50.955,
2022-07-08,50.716,50.716,50.716,50.716,
2022-07-11,50.449,50.449,50.449,50.449,
2022-07-12,49.639,49.639,49.639,49.639,
2022-07-13,49.4,49.4,49.4,49.4,
2022-07-14,49.019,49.019,49.019,49.019,
2022-07-15,49.362,49.362,49.362,49.362,
2022-07-18,48.408,48.408,48.408,48.408,
2022-07-19,48.999,48.999,48.999,48.999,
2022-07-20,48.475,48.475,48.475,48.475,
2022-07-21,48.761,48.761,48.761,48.761,
2022-07-22,48.866,48.866,48.866,48.866,
2022-07-25,49.381,49.381,49.381,49.381,
2022-07-26,49.887,49.887,49.887,49.887,
2022-07-27,49.553,49.553,49.553,49.553,
2022-07-28,48.755,48.755,48.755,48.755,
2022-07-29,48.553,48.553,48.553,48.553,
2022-08-01,48.649,48.649,48.649,48.649,
2022-08-02,47.765,47.765,47.765,47.765,
2022-08-03,47.928,47.928,47.928,47.928,
2022-08-04,47.928,47.928,47.928,47.928,
2022-08-05,47.361,47.361,47.361,47.361,
2022-08-08,47.649,47.649,47.649,47.649,
2022-08-09,47.851,47.851,47.851,47.851,
2022-08-10,48.015,48.015,48.015,48.015,
2022-08-11,46.419,46.419,46.419,46.419,
2022-08-12,48.169,48.169,48.169,48.169,
2022-08-15,47.822,47.822,47.822,47.822,
2022-08-16,47.928,47.928,47.928,47.928,
2022-08-17,47.361,47.361,47.361,47.361,
2022-08-18,46.698,46.698,46.698,46.698,
2022-08-19,47.246,47.246,47.246,47.246,
2022-08-22,47.005,47.005,47.005,47.005,
2022-08-23,46.15,46.15,46.15,46.15,
2022-08-24,45.592,45.592,45.592,45.592,
2022-08-25,46.044,46.044,46.044,46.044,
2022-08-26,45.006,45.006,45.006,45.006,
2022-08-29,44.439,44.439,44.439,44.439,
2022-08-30,44.074,44.074,44.074,44.074,
2022-08-31,43.478,43.478,43.478,43.478,
2022-09-01,44.823,44.823,44.823,44.823,
2022-09-02,43.929,43.929,43.929,43.929,
2022-09-06,43.987,43.987,43.987,43.987,
2022-09-07,44.343,44.343,44.343,44.343,
2022-09-08,45.256,45.256,45.256,45.256,
2022-09-09,45.986,45.986,45.986,45.986,
2022-09-12,45.91,45.91,45.91,45.91,
2022-09-13,44.4,44.4,44.4,44.4,
2022-09-14,44.362,44.362,44.362,44.362,
2022-09-15,44.16,44.16,44.16,44.16,
2022-09-16,44.247,44.247,44.247,44.247,
2022-09-19,43.679,43.679,43.679,43.679,
2022-09-20,43.035,43.035,43.035,43.035,
2022-09-21,42.218,42.218,42.218,42.218,
2022-09-22,42.843,42.843,42.843,42.843,
2022-09-23,42.372,42.372,42.372,42.372,
2022-09-26,42.132,42.132,42.132,42.132,
2022-09-27,42.382,42.382,42.382,42.382,
2022-09-28,42.709,42.709,42.709,42.709,
2022-09-29,42.449,42.449,42.449,42.449,
2022-09-30,42.065,42.065,42.065,42.065,
2022-10-03,42.43,42.43,42.43,42.43,
2022-10-04,42.737,42.737,42.737,42.737,
2022-10-05,42.411,42.411,42.411,42.411,
2022-10-06,41.42,41.42,41.42,41.42,
2022-10-07,40.68,40.68,40.68,40.68,
2022-10-10,40.132,40.132,40.132,40.132,
2022-10-11,40.296,40.296,40.296,40.296,
2022-10-12,40.402,40.402,40.402,40.402,
2022-10-13,41.315,41.315,41.315,41.315,
2022-10-14,41.199,41.199,41.199,41.199,
2022-10-17,41.959,41.959,41.959,41.959,
2022-10-18,42.382,42.382,42.382,42.382,
2022-10-19,41.44,41.44,41.44,41.44,
2022-10-20,41.247,41.247,41.247,41.247,
2022-10-21,43.208,43.208,43.208,43.208,
2022-10-24,43.776,43.776,43.776,43.776,
2022-10-25,43.824,43.824,43.824,43.824,
2022-10-26,44.275,44.275,44.275,44.275,
2022-10-27,43.968,43.968,43.968,43.968,
2022-10-28,45.592,45.592,45.592,45.592,
2022-10-31,44.746,44.746,44.746,44.746,
2022-11-01,46.15,46.15,46.15,46.15,
2022-11-02,45.246,45.246,45.246,45.246,
2022-11-03,45.149,45.149,45.149,45.149,
2022-11-04,45.78,45.78,45.78,45.78,
2022-11-07,45.653,45.653,45.653,45.653,
2022-11-08,45.906,45.906,45.906,45.906,
2022-11-09,45.295,45.295,45.295,45.295,
2022-11-10,45.935,45.935,45.935,45.935,
2022-11-11,46.148,46.148,46.148,46.148,
2022-11-14,47.738,47.738,47.738,47.738,
2022-11-15,47.088,47.088,47.088,47.088,
2022-11-16,46.584,46.584,46.584,46.584,
2022-11-17,46.856,46.856,46.856,46.856,
2022-11-18,46.759,46.759,46.759,46.759,
2022-11-21,46.71,46.71,46.71,46.71,
2022-11-22,47.583,47.583,47.583,47.583,
2022-11-23,47.36,47.36,47.36,47.36,
2022-11-25,47.709,47.709,47.709,47.709,
2022-11-28,48.058,48.058,48.058,48.058,
2022-11-29,47.98,47.98,47.98,47.98,
2022-11-30,48.601,48.601,48.601,48.601,
2022-12-01,49.522,49.522,49.522,49.522,
2022-12-02,49.357,49.357,49.357,49.357,
2022-12-05,49.182,49.182,49.182,49.182,
2022-12-06,48.194,48.194,48.194,48.194,
2022-12-07,48.707,48.707,48.707,48.707,
2022-12-08,50.2,50.2,50.2,50.2,
2022-12-09,50.142,50.142,50.142,50.142,
2022-12-12,50.569,50.569,50.569,50.569,
2022-12-13,51.451,51.451,51.451,51.451,
2022-12-14,52.818,52.818,52.818,52.818,
2022-12-15,51.975,51.975,51.975,51.975,
2022-12-16,49.832,49.832,49.832,49.832,
2022-12-19,49.793,49.793,49.793,49.793,
2022-12-20,49.754,49.754,49.754,49.754,
2022-12-21,50.084,50.084,50.084,50.084,
2022-12-22,50.065,50.065,50.065,50.065,
2022-12-23,50.249,50.249,50.249,50.249,
2022-12-27,49.57,49.57,49.57,49.57,
2022-12-28,49.25,49.25,49.25,49.25,
