Date,Open,High,Low,Close,Volume
1990-01-02,3.322,3.322,3.322,3.322,
1990-01-03,3.322,3.322,3.322,3.322,
1990-01-04,3.322,3.322,3.322,3.322,
1990-01-05,3.322,3.322,3.322,3.322,
1990-01-08,3.322,3.322,3.322,3.322,
1990-01-09,3.322,3.322,3.322,3.322,
1990-01-10,3.322,3.322,3.322,3.322,
1990-01-11,3.322,3.322,3.322,3.322,
1990-01-12,3.322,3.322,3.322,3.322,
1990-01-15,3.322,3.322,3.322,3.322,
1990-01-16,3.322,3.322,3.322,3.322,
1990-01-17,3.322,3.322,3.322,3.322,
1990-01-18,3.322,3.322,3.322,3.322,
1990-01-19,3.322,3.322,3.322,3.322,
1990-01-22,3.322,3.322,3.322,3.322,
1990-01-23,3.322,3.322,3.322,3.322,
1990-01-24,3.322,3.322,3.322,3.322,
1990-01-25,3.322,3.322,3.322,3.322,
1990-01-26,3.322,3.322,3.322,3.322,
1990-01-29,3.322,3.322,3.322,3.322,
1990-01-30,3.322,3.322,3.322,3.322,
1990-01-31,3.322,3.322,3.322,3.322,
1990-02-01,3.322,3.322,3.322,3.322,
1990-02-02,3.322,3.322,3.322,3.322,
1990-02-05,3.322,3.322,3.322,3.322,
1990-02-06,3.322,3.322,3.322,3.322,
1990-02-07,3.322,3.322,3.322,3.322,
1990-02-08,3.322,3.322,3.322,3.322,
1990-02-09,3.322,3.322,3.322,3.322,
1990-02-12,3.322,3.322,3.322,3.322,
1990-02-13,3.322,3.322,3.322,3.322,
1990-02-14,3.322,3.322,3.322,3.322,
1990-02-15,3.322,3.322,3.322,3.322,
1990-02-16,3.322,3.322,3.322,3.322,
1990-02-20,3.322,3.322,3.322,3.322,
1990-02-21,3.322,3.322,3.322,3.322,
1990-02-22,3.322,3.322,3.322,3.322,
1990-02-23,3.322,3.322,3.322,3.322,
1990-02-26,3.322,3.322,3.322,3.322,
1990-02-27,3.322,3.322,3.322,3.322,
1990-02-28,3.322,3.322,3.322,3.322,
1990-03-01,3.322,3.322,3.322,3.322,
1990-03-02,3.322,3.322,3.322,3.322,
1990-03-05,3.322,3.322,3.322,3.322,
1990-03-06,3.322,3.322,3.322,3.322,
1990-03-07,3.322,3.322,3.322,3.322,
1990-03-08,3.322,3.322,3.322,3.322,
1990-03-09,3.322,3.322,3.322,3.322,
1990-03-12,3.322,3.322,3.322,3.322,
1990-03-13,3.322,3.322,3.322,3.322,
1990-03-14,3.322,3.322,3.322,3.322,
1990-03-15,3.322,3.322,3.322,3.322,
1990-03-16,3.322,3.322,3.322,3.322,
1990-03-19,3.322,3.322,3.322,3.322,
1990-03-20,3.322,3.322,3.322,3.322,
1990-03-21,3.322,3.322,3.322,3.322,
1990-03-22,3.322,3.322,3.322,3.322,
1990-03-23,3.322,3.322,3.322,3.322,
1990-03-26,3.322,3.322,3.322,3.322,
1990-03-27,3.322,3.322,3.322,3.322,
1990-03-28,3.322,3.322,3.322,3.322,
1990-03-29,3.322,3.322,3.322,3.322,
1990-03-30,3.322,3.322,3.322,3.322,
1990-04-02,3.322,3.322,3.322,3.322,
1990-04-03,3.322,3.322,3.322,3.322,
1990-04-04,3.322,3.322,3.322,3.322,
1990-04-05,3.322,3.322,3.322,3.322,
1990-04-06,3.322,3.322,3.322,3.322,
1990-04-09,3.322,3.322,3.322,3.322,
1990-04-10,1.107,1.107,1.107,1.107,
1990-04-11,1.107,1.107,1.107,1.107,
1990-04-12,1.107,1.107,1.107,1.107,
1990-04-16,1.384,1.384,1.384,1.384,
1990-04-17,1.384,1.384,1.384,1.384,
1990-04-18,1.661,1.661,1.661,1.661,
1990-04-19,1.661,1.661,1.661,1.661,
1990-04-20,1.661,1.661,1.661,1.661,
1990-04-23,1.661,1.661,1.661,1.661,
1990-04-24,1.661,1.661,1.661,1.661,
1990-04-25,2.215,2.215,2.215,2.215,
1990-04-26,2.491,2.491,2.491,2.491,
1990-04-27,2.491,2.491,2.491,2.491,
1990-04-30,2.768,2.768,2.768,2.768,
1990-05-01,2.768,2.768,2.768,2.768,
1990-05-02,2.768,2.768,2.768,2.768,
1990-05-03,2.768,2.768,2.768,2.768,
1990-05-04,2.768,2.768,2.768,2.768,
1990-05-07,2.768,2.768,2.768,2.768,
1990-05-08,2.768,2.768,2.768,2.768,
1990-05-09,2.768,2.768,2.768,2.768,
1990-05-10,2.768,2.768,2.768,2.768,
1990-05-11,2.768,2.768,2.768,2.768,
1990-05-14,2.768,2.768,2.768,2.768,
1990-05-15,2.768,2.768,2.768,2.768,
1990-05-16,2.768,2.768,2.768,2.768,
1990-05-17,2.768,2.768,2.768,2.768,
1990-05-18,2.768,2.768,2.768,2.768,
1990-05-21,2.768,2.768,2.768,2.768,
1990-05-22,3.875,3.875,3.875,3.875,
1990-05-23,3.875,3.875,3.875,3.875,
1990-05-24,3.875,3.875,3.875,3.875,
1990-05-25,3.875,3.875,3.875,3.875,
1990-05-29,3.875,3.875,3.875,3.875,
1990-05-30,3.875,3.875,3.875,3.875,
1990-05-31,4.429,4.429,4.429,4.429,
1990-06-01,4.429,4.429,4.429,4.429,
1990-06-04,4.429,4.429,4.429,4.429,
1990-06-05,4.429,4.429,4.429,4.429,
1990-06-06,3.875,3.875,3.875,3.875,
1990-06-07,3.599,3.599,3.599,3.599,
1990-06-08,3.875,3.875,3.875,3.875,
1990-06-11,3.599,3.599,3.599,3.599,
1990-06-12,3.322,3.322,3.322,3.322,
1990-06-13,3.322,3.322,3.322,3.322,
1990-06-14,3.322,3.322,3.322,3.322,
1990-06-15,3.322,3.322,3.322,3.322,
1990-06-18,3.322,3.322,3.322,3.322,
1990-06-19,3.322,3.322,3.322,3.322,
1990-06-20,3.322,3.322,3.322,3.322,
1990-06-21,3.322,3.322,3.322,3.322,
1990-06-22,3.322,3.322,3.322,3.322,
1990-06-25,3.322,3.322,3.322,3.322,
1990-06-26,3.322,3.322,3.322,3.322,
1990-06-27,3.322,3.322,3.322,3.322,
1990-06-28,3.322,3.322,3.322,3.322,
1990-06-29,3.322,3.322,3.322,3.322,
1990-07-02,3.322,3.322,3.322,3.322,
1990-07-03,3.322,3.322,3.322,3.322,
1990-07-05,3.322,3.322,3.322,3.322,
1990-07-06,3.322,3.322,3.322,3.322,
1990-07-09,3.322,3.322,3.322,3.322,
1990-07-10,3.322,3.322,3.322,3.322,
1990-07-11,3.322,3.322,3.322,3.322,
1990-07-12,3.322,3.322,3.322,3.322,
1990-07-13,3.322,3.322,3.322,3.322,
1990-07-16,3.322,3.322,3.322,3.322,
1990-07-17,3.322,3.322,3.322,3.322,
1990-07-18,3.322,3.322,3.322,3.322,
1990-07-19,3.322,3.322,3.322,3.322,
1990-07-20,3.322,3.322,3.322,3.322,
1990-07-23,3.322,3.322,3.322,3.322,
1990-07-24,3.322,3.322,3.322,3.322,
1990-07-25,3.322,3.322,3.322,3.322,
1990-07-26,3.322,3.322,3.322,3.322,
1990-07-27,3.322,3.322,3.322,3.322,
1990-07-30,3.322,3.322,3.322,3.322,
1990-07-31,3.322,3.322,3.322,3.322,
1990-08-01,3.322,3.322,3.322,3.322,
1990-08-02,3.322,3.322,3.322,3.322,
1990-08-03,3.322,3.322,3.322,3.322,
1990-08-06,3.322,3.322,3.322,3.322,
1990-08-07,3.322,3.322,3.322,3.322,
1990-08-08,3.322,3.322,3.322,3.322,
1990-08-09,3.322,3.322,3.322,3.322,
1990-08-10,3.322,3.322,3.322,3.322,
1990-08-13,3.322,3.322,3.322,3.322,
1990-08-14,3.322,3.322,3.322,3.322,
1990-08-15,3.322,3.322,3.322,3.322,
1990-08-16,3.322,3.322,3.322,3.322,
1990-08-17,3.322,3.322,3.322,3.322,
1990-08-20,3.322,3.322,3.322,3.322,
1990-08-21,3.322,3.322,3.322,3.322,
1990-08-22,3.322,3.322,3.322,3.322,
1990-08-23,3.322,3.322,3.322,3.322,
1990-08-24,3.322,3.322,3.322,3.322,
1990-08-27,3.322,3.322,3.322,3.322,
1990-08-28,3.322,3.322,3.322,3.322,
1990-08-29,3.322,3.322,3.322,3.322,
1990-08-30,3.322,3.322,3.322,3.322,
1990-08-31,3.322,3.322,3.322,3.322,
1990-09-04,3.045,3.045,3.045,3.045,
1990-09-05,3.045,3.045,3.045,3.045,
1990-09-06,3.045,3.045,3.045,3.045,
1990-09-07,3.045,3.045,3.045,3.045,
1990-09-10,3.045,3.045,3.045,3.045,
1990-09-11,3.045,3.045,3.045,3.045,
1990-09-12,3.045,3.045,3.045,3.045,
1990-09-13,3.045,3.045,3.045,3.045,
1990-09-14,3.045,3.045,3.045,3.045,
1990-09-17,3.045,3.045,3.045,3.045,
1990-09-18,3.045,3.045,3.045,3.045,
1990-09-19,3.045,3.045,3.045,3.045,
1990-09-20,3.045,3.045,3.045,3.045,
1990-09-21,3.045,3.045,3.045,3.045,
1990-09-24,3.045,3.045,3.045,3.045,
1990-09-25,3.045,3.045,3.045,3.045,
1990-09-26,3.045,3.045,3.045,3.045,
1990-09-27,3.045,3.045,3.045,3.045,
1990-09-28,3.045,3.045,3.045,3.045,
1990-10-01,3.045,3.045,3.045,3.045,
1990-10-02,2.768,2.768,2.768,2.768,
1990-10-03,2.768,2.768,2.768,2.768,
1990-10-04,2.768,2.768,2.768,2.768,
1990-10-05,2.768,2.768,2.768,2.768,
1990-10-08,2.768,2.768,2.768,2.768,
1990-10-09,2.768,2.768,2.768,2.768,
1990-10-10,2.768,2.768,2.768,2.768,
1990-10-11,2.768,2.768,2.768,2.768,
1990-10-12,2.768,2.768,2.768,2.768,
1990-10-15,2.768,2.768,2.768,2.768,
1990-10-16,2.491,2.491,2.491,2.491,
1990-10-17,2.491,2.491,2.491,2.491,
1990-10-18,2.491,2.491,2.491,2.491,
1990-10-19,2.491,2.491,2.491,2.491,
1990-10-22,2.491,2.491,2.491,2.491,
1990-10-23,2.491,2.491,2.491,2.491,
1990-10-24,2.491,2.491,2.491,2.491,
1990-10-25,2.491,2.491,2.491,2.491,
1990-10-26,2.491,2.491,2.491,2.491,
1990-10-29,2.491,2.491,2.491,2.491,
1990-10-30,2.768,2.768,2.768,2.768,
1990-10-31,2.768,2.768,2.768,2.768,
1990-11-01,2.768,2.768,2.768,2.768,
1990-11-02,2.768,2.768,2.768,2.768,
1990-11-05,2.768,2.768,2.768,2.768,
1990-11-06,2.491,2.491,2.491,2.491,
1990-11-07,2.491,2.491,2.491,2.491,
1990-11-08,2.215,2.215,2.215,2.215,
1990-11-09,2.215,2.215,2.215,2.215,
1990-11-12,2.215,2.215,2.215,2.215,
1990-11-13,2.215,2.215,2.215,2.215,
1990-11-14,2.215,2.215,2.215,2.215,
1990-11-15,2.215,2.215,2.215,2.215,
1990-11-16,2.215,2.215,2.215,2.215,
1990-11-19,2.215,2.215,2.215,2.215,
1990-11-20,2.215,2.215,2.215,2.215,
1990-11-21,2.215,2.215,2.215,2.215,
1990-11-23,2.215,2.215,2.215,2.215,
1990-11-26,2.215,2.215,2.215,2.215,
1990-11-27,2.215,2.215,2.215,2.215,
1990-11-28,2.215,2.215,2.215,2.215,
1990-11-29,2.215,2.215,2.215,2.215,
1990-11-30,2.215,2.215,2.215,2.215,
1990-12-03,2.215,2.215,2.215,2.215,
1990-12-04,2.215,2.215,2.215,2.215,
1990-12-05,2.215,2.215,2.215,2.215,
1990-12-06,2.215,2.215,2.215,2.215,
1990-12-07,2.215,2.215,2.215,2.215,
1990-12-10,2.215,2.215,2.215,2.215,
1990-12-11,2.215,2.215,2.215,2.215,
1990-12-12,2.215,2.215,2.215,2.215,
1990-12-13,2.215,2.215,2.215,2.215,
1990-12-14,2.215,2.215,2.215,2.215,
1990-12-17,2.215,2.215,2.215,2.215,
1990-12-18,2.215,2.215,2.215,2.215,
1990-12-19,2.215,2.215,2.215,2.215,
1990-12-20,2.215,2.215,2.215,2.215,
1990-12-21,2.215,2.215,2.215,2.215,
1990-12-24,2.215,2.215,2.215,2.215,
1990-12-26,1.938,1.938,1.938,1.938,
1990-12-27,1.938,1.938,1.938,1.938,
1990-12-28,1.938,1.938,1.938,1.938,
1990-12-31,2.215,2.215,2.215,2.215,
1991-01-02,1.938,1.938,1.938,1.938,
1991-01-03,1.938,1.938,1.938,1.938,
1991-01-04,1.938,1.938,1.938,1.938,
1991-01-07,1.938,1.938,1.938,1.938,
1991-01-08,1.938,1.938,1.938,1.938,
1991-01-09,2.215,2.215,2.215,2.215,
1991-01-10,2.215,2.215,2.215,2.215,
1991-01-11,2.215,2.215,2.215,2.215,
1991-01-14,2.768,2.768,2.768,2.768,
1991-01-15,2.768,2.768,2.768,2.768,
1991-01-16,2.491,2.491,2.491,2.491,
1991-01-17,2.491,2.491,2.491,2.491,
1991-01-18,2.215,2.215,2.215,2.215,
1991-01-21,2.215,2.215,2.215,2.215,
1991-01-22,2.215,2.215,2.215,2.215,
1991-01-23,2.215,2.215,2.215,2.215,
1991-01-24,2.215,2.215,2.215,2.215,
1991-01-25,2.215,2.215,2.215,2.215,
1991-01-28,2.215,2.215,2.215,2.215,
1991-01-29,2.215,2.215,2.215,2.215,
1991-01-30,2.215,2.215,2.215,2.215,
1991-01-31,2.215,2.215,2.215,2.215,
1991-02-01,2.215,2.215,2.215,2.215,
1991-02-04,2.215,2.215,2.215,2.215,
1991-02-05,2.215,2.215,2.215,2.215,
1991-02-06,2.215,2.215,2.215,2.215,
1991-02-07,2.215,2.215,2.215,2.215,
1991-02-08,2.768,2.768,2.768,2.768,
1991-02-11,3.045,3.045,3.045,3.045,
1991-02-12,3.045,3.045,3.045,3.045,
1991-02-13,3.045,3.045,3.045,3.045,
1991-02-14,3.045,3.045,3.045,3.045,
1991-02-15,3.045,3.045,3.045,3.045,
1991-02-19,3.045,3.045,3.045,3.045,
1991-02-20,3.045,3.045,3.045,3.045,
1991-02-21,3.045,3.045,3.045,3.045,
1991-02-22,3.045,3.045,3.045,3.045,
1991-02-25,2.768,2.768,2.768,2.768,
1991-02-26,2.491,2.491,2.491,2.491,
1991-02-27,2.491,2.491,2.491,2.491,
1991-02-28,2.491,2.491,2.491,2.491,
1991-03-01,2.491,2.491,2.491,2.491,
1991-03-04,2.215,2.215,2.215,2.215,
1991-03-05,2.215,2.215,2.215,2.215,
1991-03-06,2.215,2.215,2.215,2.215,
1991-03-07,2.215,2.215,2.215,2.215,
1991-03-08,2.215,2.215,2.215,2.215,
1991-03-11,2.215,2.215,2.215,2.215,
1991-03-12,1.938,1.938,1.938,1.938,
1991-03-13,1.938,1.938,1.938,1.938,
1991-03-14,1.938,1.938,1.938,1.938,
1991-03-15,1.938,1.938,1.938,1.938,
1991-03-18,1.938,1.938,1.938,1.938,
1991-03-19,1.938,1.938,1.938,1.938,
1991-03-20,1.938,1.938,1.938,1.938,
1991-03-21,1.938,1.938,1.938,1.938,
1991-03-22,1.938,1.938,1.938,1.938,
1991-03-25,1.938,1.938,1.938,1.938,
1991-03-26,1.938,1.938,1.938,1.938,
1991-03-27,1.938,1.938,1.938,1.938,
1991-03-28,1.938,1.938,1.938,1.938,
1991-04-01,1.938,1.938,1.938,1.938,
1991-04-02,1.938,1.938,1.938,1.938,
1991-04-03,2.215,2.215,2.215,2.215,
1991-04-04,1.938,1.938,1.938,1.938,
1991-04-05,1.938,1.938,1.938,1.938,
1991-04-08,1.938,1.938,1.938,1.938,
1991-04-09,1.938,1.938,1.938,1.938,
1991-04-10,1.938,1.938,1.938,1.938,
1991-04-11,1.938,1.938,1.938,1.938,
1991-04-12,1.938,1.938,1.938,1.938,
1991-04-15,1.938,1.938,1.938,1.938,
1991-04-16,1.938,1.938,1.938,1.938,
1991-04-17,2.215,2.215,2.215,2.215,
1991-04-18,2.215,2.215,2.215,2.215,
1991-04-19,2.215,2.215,2.215,2.215,
1991-04-22,2.215,2.215,2.215,2.215,
1991-04-23,2.215,2.215,2.215,2.215,
1991-04-24,2.491,2.491,2.491,2.491,
1991-04-25,2.491,2.491,2.491,2.491,
1991-04-26,2.491,2.491,2.491,2.491,
1991-04-29,2.491,2.491,2.491,2.491,
1991-04-30,2.491,2.491,2.491,2.491,
1991-05-01,2.491,2.491,2.491,2.491,
1991-05-02,2.491,2.491,2.491,2.491,
1991-05-03,2.491,2.491,2.491,2.491,
1991-05-06,2.491,2.491,2.491,2.491,
1991-05-07,2.491,2.491,2.491,2.491,
1991-05-08,2.215,2.215,2.215,2.215,
1991-05-09,2.215,2.215,2.215,2.215,
1991-05-10,2.215,2.215,2.215,2.215,
1991-05-13,2.215,2.215,2.215,2.215,
1991-05-14,2.215,2.215,2.215,2.215,
1991-05-15,2.215,2.215,2.215,2.215,
1991-05-16,2.215,2.215,2.215,2.215,
1991-05-17,2.215,2.215,2.215,2.215,
1991-05-20,2.215,2.215,2.215,2.215,
1991-05-21,2.215,2.215,2.215,2.215,
1991-05-22,2.215,2.215,2.215,2.215,
1991-05-23,2.215,2.215,2.215,2.215,
1991-05-24,2.215,2.215,2.215,2.215,
1991-05-28,2.215,2.215,2.215,2.215,
1991-05-29,2.215,2.215,2.215,2.215,
1991-05-30,2.215,2.215,2.215,2.215,
1991-05-31,2.215,2.215,2.215,2.215,
1991-06-03,2.215,2.215,2.215,2.215,
1991-06-04,2.215,2.215,2.215,2.215,
1991-06-05,2.215,2.215,2.215,2.215,
1991-06-06,2.215,2.215,2.215,2.215,
1991-06-07,2.215,2.215,2.215,2.215,
1991-06-10,2.215,2.215,2.215,2.215,
1991-06-11,2.215,2.215,2.215,2.215,
1991-06-12,2.215,2.215,2.215,2.215,
1991-06-13,2.215,2.215,2.215,2.215,
1991-06-14,2.215,2.215,2.215,2.215,
1991-06-17,2.215,2.215,2.215,2.215,
1991-06-18,2.215,2.215,2.215,2.215,
1991-06-19,2.215,2.215,2.215,2.215,
1991-06-20,2.215,2.215,2.215,2.215,
1991-06-21,2.215,2.215,2.215,2.215,
1991-06-24,2.215,2.215,2.215,2.215,
1991-06-25,2.215,2.215,2.215,2.215,
1991-06-26,2.215,2.215,2.215,2.215,
1991-06-27,2.215,2.215,2.215,2.215,
1991-06-28,2.215,2.215,2.215,2.215,
1991-07-01,1.938,1.938,1.938,1.938,
1991-07-02,1.661,1.661,1.661,1.661,
1991-07-03,1.661,1.661,1.661,1.661,
1991-07-05,1.661,1.661,1.661,1.661,
1991-07-08,1.938,1.938,1.938,1.938,
1991-07-09,1.938,1.938,1.938,1.938,
1991-07-10,1.938,1.938,1.938,1.938,
1991-07-11,1.938,1.938,1.938,1.938,
1991-07-12,1.938,1.938,1.938,1.938,
1991-07-15,1.938,1.938,1.938,1.938,
1991-07-16,1.938,1.938,1.938,1.938,
1991-07-17,1.938,1.938,1.938,1.938,
1991-07-18,1.938,1.938,1.938,1.938,
1991-07-19,1.938,1.938,1.938,1.938,
1991-07-22,1.938,1.938,1.938,1.938,
1991-07-23,1.938,1.938,1.938,1.938,
1991-07-24,1.938,1.938,1.938,1.938,
1991-07-25,1.938,1.938,1.938,1.938,
1991-07-26,2.215,2.215,2.215,2.215,
1991-07-29,2.215,2.215,2.215,2.215,
1991-07-30,2.491,2.491,2.491,2.491,
1991-07-31,2.491,2.491,2.491,2.491,
1991-08-01,2.491,2.491,2.491,2.491,
1991-08-02,2.491,2.491,2.491,2.491,
1991-08-05,2.491,2.491,2.491,2.491,
1991-08-06,2.491,2.491,2.491,2.491,
1991-08-07,2.491,2.491,2.491,2.491,
1991-08-08,2.491,2.491,2.491,2.491,
1991-08-09,2.491,2.491,2.491,2.491,
1991-08-12,2.491,2.491,2.491,2.491,
1991-08-13,2.491,2.491,2.491,2.491,
1991-08-14,2.491,2.491,2.491,2.491,
1991-08-15,2.491,2.491,2.491,2.491,
1991-08-16,2.491,2.491,2.491,2.491,
1991-08-19,2.491,2.491,2.491,2.491,
1991-08-20,2.491,2.491,2.491,2.491,
1991-08-21,2.491,2.491,2.491,2.491,
1991-08-22,2.491,2.491,2.491,2.491,
1991-08-23,2.491,2.491,2.491,2.491,
1991-08-26,2.491,2.491,2.491,2.491,
1991-08-27,2.491,2.491,2.491,2.491,
1991-08-28,2.491,2.491,2.491,2.491,
1991-08-29,2.491,2.491,2.491,2.491,
1991-08-30,2.491,2.491,2.491,2.491,
1991-09-03,2.491,2.491,2.491,2.491,
1991-09-04,2.491,2.491,2.491,2.491,
1991-09-05,2.491,2.491,2.491,2.491,
1991-09-06,2.491,2.491,2.491,2.491,
1991-09-09,2.491,2.491,2.491,2.491,
1991-09-10,2.491,2.491,2.491,2.491,
1991-09-11,2.491,2.491,2.491,2.491,
1991-09-12,2.491,2.491,2.491,2.491,
1991-09-13,2.491,2.491,2.491,2.491,
1991-09-16,2.491,2.491,2.491,2.491,
1991-09-17,2.491,2.491,2.491,2.491,
1991-09-18,2.491,2.491,2.491,2.491,
1991-09-19,2.491,2.491,2.491,2.491,
1991-09-20,2.491,2.491,2.491,2.491,
1991-09-23,2.491,2.491,2.491,2.491,
1991-09-24,2.491,2.491,2.491,2.491,
1991-09-25,2.491,2.491,2.491,2.491,
1991-09-26,2.491,2.491,2.491,2.491,
1991-09-27,2.491,2.491,2.491,2.491,
1991-09-30,2.491,2.491,2.491,2.491,
1991-10-01,2.491,2.491,2.491,2.491,
1991-10-02,2.491,2.491,2.491,2.491,
1991-10-03,2.491,2.491,2.491,2.491,
1991-10-04,2.491,2.491,2.491,2.491,
1991-10-07,2.491,2.491,2.491,2.491,
1991-10-08,2.491,2.491,2.491,2.491,
1991-10-09,2.491,2.491,2.491,2.491,
1991-10-10,2.491,2.491,2.491,2.491,
1991-10-11,2.491,2.491,2.491,2.491,
1991-10-14,2.491,2.491,2.491,2.491,
1991-10-15,2.491,2.491,2.491,2.491,
1991-10-16,2.491,2.491,2.491,2.491,
1991-10-17,2.491,2.491,2.491,2.491,
1991-10-18,2.491,2.491,2.491,2.491,
1991-10-21,2.491,2.491,2.491,2.491,
1991-10-22,2.491,2.491,2.491,2.491,
1991-10-23,2.491,2.491,2.491,2.491,
1991-10-24,2.768,2.768,2.768,2.768,
1991-10-25,2.768,2.768,2.768,2.768,
1991-10-28,3.045,3.045,3.045,3.045,
1991-10-29,2.768,2.768,2.768,2.768,
1991-10-30,3.045,3.045,3.045,3.045,
1991-10-31,3.045,3.045,3.045,3.045,
1991-11-01,3.045,3.045,3.045,3.045,
1991-11-04,3.045,3.045,3.045,3.045,
1991-11-05,3.045,3.045,3.045,3.045,
1991-11-06,3.045,3.045,3.045,3.045,
1991-11-07,3.045,3.045,3.045,3.045,
1991-11-08,3.045,3.045,3.045,3.045,
1991-11-11,3.045,3.045,3.045,3.045,
1991-11-12,3.045,3.045,3.045,3.045,
1991-11-13,3.045,3.045,3.045,3.045,
1991-11-14,3.045,3.045,3.045,3.045,
1991-11-15,3.045,3.045,3.045,3.045,
1991-11-18,3.045,3.045,3.045,3.045,
1991-11-19,3.045,3.045,3.045,3.045,
1991-11-20,3.045,3.045,3.045,3.045,
1991-11-21,3.045,3.045,3.045,3.045,
1991-11-22,3.045,3.045,3.045,3.045,
1991-11-25,3.045,3.045,3.045,3.045,
1991-11-26,3.045,3.045,3.045,3.045,
1991-11-27,3.045,3.045,3.045,3.045,
1991-11-29,3.045,3.045,3.045,3.045,
1991-12-02,3.045,3.045,3.045,3.045,
1991-12-03,3.045,3.045,3.045,3.045,
1991-12-04,3.045,3.045,3.045,3.045,
1991-12-05,3.045,3.045,3.045,3.045,
1991-12-06,3.045,3.045,3.045,3.045,
1991-12-09,3.045,3.045,3.045,3.045,
1991-12-10,3.045,3.045,3.045,3.045,
1991-12-11,3.045,3.045,3.045,3.045,
1991-12-12,3.045,3.045,3.045,3.045,
1991-12-13,3.045,3.045,3.045,3.045,
1991-12-16,3.045,3.045,3.045,3.045,
1991-12-17,3.045,3.045,3.045,3.045,
1991-12-18,3.045,3.045,3.045,3.045,
1991-12-19,3.045,3.045,3.045,3.045,
1991-12-20,3.045,3.045,3.045,3.045,
1991-12-23,3.045,3.045,3.045,3.045,
1991-12-24,3.045,3.045,3.045,3.045,
1991-12-26,3.045,3.045,3.045,3.045,
1991-12-27,3.045,3.045,3.045,3.045,
1991-12-30,3.045,3.045,3.045,3.045,
1991-12-31,3.045,3.045,3.045,3.045,
1992-01-02,3.045,3.045,3.045,3.045,
1992-01-03,3.045,3.045,3.045,3.045,
1992-01-06,3.045,3.045,3.045,3.045,
1992-01-07,3.045,3.045,3.045,3.045,
1992-01-08,3.045,3.045,3.045,3.045,
1992-01-09,3.045,3.045,3.045,3.045,
1992-01-10,3.045,3.045,3.045,3.045,
1992-01-13,3.045,3.045,3.045,3.045,
1992-01-14,3.045,3.045,3.045,3.045,
1992-01-15,3.045,3.045,3.045,3.045,
1992-01-16,3.045,3.045,3.045,3.045,
1992-01-17,3.322,3.322,3.322,3.322,
1992-01-20,3.322,3.322,3.322,3.322,
1992-01-21,3.322,3.322,3.322,3.322,
1992-01-22,3.322,3.322,3.322,3.322,
1992-01-23,3.322,3.322,3.322,3.322,
1992-01-24,3.322,3.322,3.322,3.322,
1992-01-27,3.322,3.322,3.322,3.322,
1992-01-28,3.322,3.322,3.322,3.322,
1992-01-29,3.322,3.322,3.322,3.322,
1992-01-30,3.322,3.322,3.322,3.322,
1992-01-31,3.322,3.322,3.322,3.322,
1992-02-03,3.322,3.322,3.322,3.322,
1992-02-04,3.322,3.322,3.322,3.322,
1992-02-05,3.322,3.322,3.322,3.322,
1992-02-06,3.322,3.322,3.322,3.322,
1992-02-07,3.322,3.322,3.322,3.322,
1992-02-10,3.322,3.322,3.322,3.322,
1992-02-11,3.322,3.322,3.322,3.322,
1992-02-12,3.322,3.322,3.322,3.322,
1992-02-13,3.322,3.322,3.322,3.322,
1992-02-14,3.322,3.322,3.322,3.322,
1992-02-18,3.322,3.322,3.322,3.322,
1992-02-19,3.322,3.322,3.322,3.322,
1992-02-20,3.322,3.322,3.322,3.322,
1992-02-21,3.322,3.322,3.322,3.322,
1992-02-24,3.322,3.322,3.322,3.322,
1992-02-25,3.322,3.322,3.322,3.322,
1992-02-26,3.322,3.322,3.322,3.322,
1992-02-27,3.322,3.322,3.322,3.322,
1992-02-28,3.322,3.322,3.322,3.322,
1992-03-02,3.322,3.322,3.322,3.322,
1992-03-03,3.322,3.322,3.322,3.322,
1992-03-04,3.322,3.322,3.322,3.322,
1992-03-05,3.322,3.322,3.322,3.322,
1992-03-06,3.322,3.322,3.322,3.322,
1992-03-09,3.322,3.322,3.322,3.322,
1992-03-10,3.322,3.322,3.322,3.322,
1992-03-11,3.322,3.322,3.322,3.322,
1992-03-12,3.322,3.322,3.322,3.322,
1992-03-13,3.322,3.322,3.322,3.322,
1992-03-16,3.322,3.322,3.322,3.322,
1992-03-17,3.322,3.322,3.322,3.322,
1992-03-18,3.322,3.322,3.322,3.322,
1992-03-19,3.322,3.322,3.322,3.322,
1992-03-20,3.322,3.322,3.322,3.322,
1992-03-23,3.322,3.322,3.322,3.322,
1992-03-24,3.045,3.045,3.045,3.045,
1992-03-25,3.045,3.045,3.045,3.045,
1992-03-26,3.045,3.045,3.045,3.045,
1992-03-27,3.045,3.045,3.045,3.045,
1992-03-30,3.045,3.045,3.045,3.045,
1992-03-31,3.045,3.045,3.045,3.045,
1992-04-01,3.045,3.045,3.045,3.045,
1992-04-02,3.045,3.045,3.045,3.045,
1992-04-03,3.045,3.045,3.045,3.045,
1992-04-06,3.045,3.045,3.045,3.045,
1992-04-07,3.045,3.045,3.045,3.045,
1992-04-08,3.045,3.045,3.045,3.045,
1992-04-09,3.045,3.045,3.045,3.045,
1992-04-10,3.045,3.045,3.045,3.045,
1992-04-13,3.045,3.045,3.045,3.045,
1992-04-14,3.045,3.045,3.045,3.045,
1992-04-15,3.045,3.045,3.045,3.045,
1992-04-16,3.045,3.045,3.045,3.045,
1992-04-20,3.045,3.045,3.045,3.045,
1992-04-21,3.045,3.045,3.045,3.045,
1992-04-22,3.045,3.045,3.045,3.045,
1992-04-23,3.045,3.045,3.045,3.045,
1992-04-24,3.045,3.045,3.045,3.045,
1992-04-27,3.045,3.045,3.045,3.045,
1992-04-28,3.045,3.045,3.045,3.045,
1992-04-29,3.045,3.045,3.045,3.045,
1992-04-30,3.045,3.045,3.045,3.045,
1992-05-01,3.045,3.045,3.045,3.045,
1992-05-04,3.045,3.045,3.045,3.045,
1992-05-05,3.045,3.045,3.045,3.045,
1992-05-06,3.045,3.045,3.045,3.045,
1992-05-07,3.045,3.045,3.045,3.045,
1992-05-08,3.045,3.045,3.045,3.045,
1992-05-11,3.045,3.045,3.045,3.045,
1992-05-12,3.045,3.045,3.045,3.045,
1992-05-13,3.045,3.045,3.045,3.045,
1992-05-14,3.045,3.045,3.045,3.045,
1992-05-15,3.045,3.045,3.045,3.045,
1992-05-18,3.045,3.045,3.045,3.045,
1992-05-19,3.045,3.045,3.045,3.045,
1992-05-20,3.045,3.045,3.045,3.045,
1992-05-21,3.045,3.045,3.045,3.045,
1992-05-22,3.045,3.045,3.045,3.045,
1992-05-26,3.045,3.045,3.045,3.045,
1992-05-27,3.045,3.045,3.045,3.045,
1992-05-28,3.322,3.322,3.322,3.322,
1992-05-29,3.322,3.322,3.322,3.322,
1992-06-01,3.322,3.322,3.322,3.322,
1992-06-02,3.322,3.322,3.322,3.322,
1992-06-03,3.322,3.322,3.322,3.322,
1992-06-04,3.322,3.322,3.322,3.322,
1992-06-05,3.322,3.322,3.322,3.322,
1992-06-08,3.322,3.322,3.322,3.322,
1992-06-09,3.322,3.322,3.322,3.322,
1992-06-10,3.322,3.322,3.322,3.322,
1992-06-11,3.045,3.045,3.045,3.045,
1992-06-12,3.045,3.045,3.045,3.045,
1992-06-15,3.045,3.045,3.045,3.045,
1992-06-16,3.045,3.045,3.045,3.045,
1992-06-17,3.045,3.045,3.045,3.045,
1992-06-18,3.322,3.322,3.322,3.322,
1992-06-19,3.045,3.045,3.045,3.045,
1992-06-22,3.045,3.045,3.045,3.045,
1992-06-23,3.045,3.045,3.045,3.045,
1992-06-24,3.045,3.045,3.045,3.045,
1992-06-25,3.322,3.322,3.322,3.322,
1992-06-26,3.045,3.045,3.045,3.045,
1992-06-29,3.322,3.322,3.322,3.322,
1992-06-30,3.045,3.045,3.045,3.045,
1992-07-01,3.322,3.322,3.322,3.322,
1992-07-02,3.045,3.045,3.045,3.045,
1992-07-06,3.045,3.045,3.045,3.045,
1992-07-07,3.322,3.322,3.322,3.322,
1992-07-08,3.322,3.322,3.322,3.322,
1992-07-09,3.045,3.045,3.045,3.045,
1992-07-10,3.045,3.045,3.045,3.045,
1992-07-13,3.045,3.045,3.045,3.045,
1992-07-14,3.322,3.322,3.322,3.322,
1992-07-15,3.322,3.322,3.322,3.322,
1992-07-16,3.322,3.322,3.322,3.322,
1992-07-17,3.322,3.322,3.322,3.322,
1992-07-20,3.322,3.322,3.322,3.322,
1992-07-21,3.045,3.045,3.045,3.045,
1992-07-22,3.045,3.045,3.045,3.045,
1992-07-23,3.322,3.322,3.322,3.322,
1992-07-24,3.322,3.322,3.322,3.322,
1992-07-27,3.322,3.322,3.322,3.322,
1992-07-28,3.322,3.322,3.322,3.322,
1992-07-29,3.045,3.045,3.045,3.045,
1992-07-30,3.045,3.045,3.045,3.045,
1992-07-31,3.322,3.322,3.322,3.322,
1992-08-03,3.322,3.322,3.322,3.322,
1992-08-04,3.045,3.045,3.045,3.045,
1992-08-05,3.045,3.045,3.045,3.045,
1992-08-06,3.045,3.045,3.045,3.045,
1992-08-07,3.045,3.045,3.045,3.045,
1992-08-10,3.045,3.045,3.045,3.045,
1992-08-11,3.045,3.045,3.045,3.045,
1992-08-12,3.045,3.045,3.045,3.045,
1992-08-13,3.045,3.045,3.045,3.045,
1992-08-14,2.491,2.491,2.491,2.491,
1992-08-17,3.045,3.045,3.045,3.045,
1992-08-18,2.491,2.491,2.491,2.491,
1992-08-19,2.768,2.768,2.768,2.768,
1992-08-20,2.768,2.768,2.768,2.768,
1992-08-21,2.215,2.215,2.215,2.215,
1992-08-24,2.215,2.215,2.215,2.215,
1992-08-25,2.215,2.215,2.215,2.215,
1992-08-26,2.215,2.215,2.215,2.215,
1992-08-27,2.215,2.215,2.215,2.215,
1992-08-28,2.215,2.215,2.215,2.215,
1992-08-31,2.215,2.215,2.215,2.215,
1992-09-01,2.215,2.215,2.215,2.215,
1992-09-02,2.768,2.768,2.768,2.768,
1992-09-03,2.215,2.215,2.215,2.215,
1992-09-04,2.491,2.491,2.491,2.491,
1992-09-08,2.768,2.768,2.768,2.768,
1992-09-09,2.215,2.215,2.215,2.215,
1992-09-10,2.768,2.768,2.768,2.768,
1992-09-11,2.215,2.215,2.215,2.215,
1992-09-14,2.215,2.215,2.215,2.215,
1992-09-15,1.938,1.938,1.938,1.938,
1992-09-16,1.938,1.938,1.938,1.938,
1992-09-17,2.215,2.215,2.215,2.215,
1992-09-18,2.215,2.215,2.215,2.215,
1992-09-21,1.938,1.938,1.938,1.938,
1992-09-22,2.491,2.491,2.491,2.491,
1992-09-23,1.938,1.938,1.938,1.938,
1992-09-24,1.938,1.938,1.938,1.938,
1992-09-25,2.215,2.215,2.215,2.215,
1992-09-28,2.491,2.491,2.491,2.491,
1992-09-29,2.491,2.491,2.491,2.491,
1992-09-30,1.938,1.938,1.938,1.938,
1992-10-01,2.491,2.491,2.491,2.491,
1992-10-02,2.215,2.215,2.215,2.215,
1992-10-05,2.491,2.491,2.491,2.491,
1992-10-06,2.491,2.491,2.491,2.491,
1992-10-07,2.215,2.215,2.215,2.215,
1992-10-08,1.938,1.938,1.938,1.938,
1992-10-09,2.491,2.491,2.491,2.491,
1992-10-12,2.215,2.215,2.215,2.215,
1992-10-13,1.938,1.938,1.938,1.938,
1992-10-14,1.938,1.938,1.938,1.938,
1992-10-15,2.215,2.215,2.215,2.215,
1992-10-16,2.215,2.215,2.215,2.215,
1992-10-19,2.215,2.215,2.215,2.215,
1992-10-20,2.215,2.215,2.215,2.215,
1992-10-21,2.491,2.491,2.491,2.491,
1992-10-22,2.491,2.491,2.491,2.491,
1992-10-23,1.938,1.938,1.938,1.938,
1992-10-26,2.215,2.215,2.215,2.215,
1992-10-27,2.491,2.491,2.491,2.491,
1992-10-28,1.938,1.938,1.938,1.938,
1992-10-29,2.215,2.215,2.215,2.215,
1992-10-30,2.491,2.491,2.491,2.491,
1992-11-02,2.491,2.491,2.491,2.491,
1992-11-03,2.491,2.491,2.491,2.491,
1992-11-04,2.215,2.215,2.215,2.215,
1992-11-05,2.215,2.215,2.215,2.215,
1992-11-06,2.215,2.215,2.215,2.215,
1992-11-09,2.491,2.491,2.491,2.491,
1992-11-10,2.215,2.215,2.215,2.215,
1992-11-11,2.215,2.215,2.215,2.215,
1992-11-12,2.215,2.215,2.215,2.215,
1992-11-13,2.215,2.215,2.215,2.215,
1992-11-16,2.491,2.491,2.491,2.491,
1992-11-17,2.215,2.215,2.215,2.215,
1992-11-18,2.215,2.215,2.215,2.215,
1992-11-19,2.491,2.491,2.491,2.491,
1992-11-20,2.491,2.491,2.491,2.491,
1992-11-23,2.657,2.657,2.657,2.657,
1992-11-24,2.215,2.215,2.215,2.215,
1992-11-25,2.51,2.51,2.51,2.51,
1992-11-27,2.51,2.51,2.51,2.51,
1992-11-30,2.215,2.215,2.215,2.215,
1992-12-01,2.215,2.215,2.215,2.215,
1992-12-02,2.215,2.215,2.215,2.215,
1992-12-03,2.215,2.215,2.215,2.215,
1992-12-04,2.51,2.51,2.51,2.51,
1992-12-07,2.215,2.215,2.215,2.215,
1992-12-08,2.51,2.51,2.51,2.51,
1992-12-09,2.215,2.215,2.215,2.215,
1992-12-10,2.215,2.215,2.215,2.215,
1992-12-11,2.215,2.215,2.215,2.215,
1992-12-14,2.215,2.215,2.215,2.215,
1992-12-15,2.215,2.215,2.215,2.215,
1992-12-16,2.436,2.436,2.436,2.436,
1992-12-17,2.436,2.436,2.436,2.436,
1992-12-18,2.215,2.215,2.215,2.215,
1992-12-21,2.215,2.215,2.215,2.215,
1992-12-22,2.215,2.215,2.215,2.215,
1992-12-23,2.362,2.362,2.362,2.362,
1992-12-24,2.51,2.51,2.51,2.51,
1992-12-28,2.51,2.51,2.51,2.51,
1992-12-29,2.51,2.51,2.51,2.51,
1992-12-30,2.362,2.362,2.362,2.362,
1992-12-31,2.51,2.51,2.51,2.51,
1993-01-04,2.288,2.288,2.288,2.288,
1993-01-05,2.288,2.288,2.288,2.288,
1993-01-06,2.288,2.288,2.288,2.288,
1993-01-07,2.288,2.288,2.288,2.288,
1993-01-08,2.288,2.288,2.288,2.288,
1993-01-11,2.288,2.288,2.288,2.288,
1993-01-12,2.362,2.362,2.362,2.362,
1993-01-13,2.288,2.288,2.288,2.288,
1993-01-14,2.362,2.362,2.362,2.362,
1993-01-15,2.362,2.362,2.362,2.362,
1993-01-18,2.399,2.399,2.399,2.399,
1993-01-19,2.51,2.51,2.51,2.51,
1993-01-20,2.436,2.436,2.436,2.436,
1993-01-21,2.436,2.436,2.436,2.436,
1993-01-22,2.473,2.473,2.473,2.473,
1993-01-25,2.51,2.51,2.51,2.51,
1993-01-26,2.584,2.584,2.584,2.584,
1993-01-27,2.51,2.51,2.51,2.51,
1993-01-28,2.51,2.51,2.51,2.51,
1993-01-29,2.51,2.51,2.51,2.51,
1993-02-01,2.436,2.436,2.436,2.436,
1993-02-02,2.362,2.362,2.362,2.362,
1993-02-03,2.362,2.362,2.362,2.362,
1993-02-04,2.436,2.436,2.436,2.436,
1993-02-05,2.51,2.51,2.51,2.51,
1993-02-08,2.436,2.436,2.436,2.436,
1993-02-09,2.436,2.436,2.436,2.436,
1993-02-10,2.362,2.362,2.362,2.362,
1993-02-11,2.362,2.362,2.362,2.362,
1993-02-12,2.362,2.362,2.362,2.362,
1993-02-16,2.362,2.362,2.362,2.362,
1993-02-17,2.288,2.288,2.288,2.288,
1993-02-18,2.436,2.436,2.436,2.436,
1993-02-19,2.436,2.436,2.436,2.436,
1993-02-22,2.51,2.51,2.51,2.51,
1993-02-23,2.362,2.362,2.362,2.362,
1993-02-24,2.51,2.51,2.51,2.51,
1993-02-25,2.51,2.51,2.51,2.51,
1993-02-26,2.362,2.362,2.362,2.362,
1993-03-01,2.436,2.436,2.436,2.436,
1993-03-02,2.51,2.51,2.51,2.51,
1993-03-03,2.731,2.731,2.731,2.731,
1993-03-04,2.805,2.805,2.805,2.805,
1993-03-05,2.805,2.805,2.805,2.805,
1993-03-08,2.953,2.953,2.953,2.953,
1993-03-09,2.953,2.953,2.953,2.953,
1993-03-10,3.1,3.1,3.1,3.1,
1993-03-11,3.174,3.174,3.174,3.174,
1993-03-12,3.1,3.1,3.1,3.1,
1993-03-15,3.174,3.174,3.174,3.174,
1993-03-16,3.137,3.137,3.137,3.137,
1993-03-17,3.174,3.174,3.174,3.174,
1993-03-18,3.248,3.248,3.248,3.248,
1993-03-19,3.174,3.174,3.174,3.174,
1993-03-22,3.322,3.322,3.322,3.322,
1993-03-23,3.211,3.211,3.211,3.211,
1993-03-24,3.1,3.1,3.1,3.1,
1993-03-25,3.137,3.137,3.137,3.137,
1993-03-26,3.322,3.322,3.322,3.322,
1993-03-29,3.543,3.543,3.543,3.543,
1993-03-30,3.691,3.691,3.691,3.691,
1993-03-31,3.765,3.765,3.765,3.765,
1993-04-01,3.728,3.728,3.728,3.728,
1993-04-02,3.543,3.543,3.543,3.543,
1993-04-05,3.396,3.396,3.396,3.396,
1993-04-06,3.543,3.543,3.543,3.543,
1993-04-07,3.543,3.543,3.543,3.543,
1993-04-08,3.728,3.728,3.728,3.728,
1993-04-12,3.617,3.617,3.617,3.617,
1993-04-13,3.765,3.765,3.765,3.765,
1993-04-14,3.912,3.912,3.912,3.912,
1993-04-15,3.912,3.912,3.912,3.912,
1993-04-16,4.134,4.134,4.134,4.134,
1993-04-19,4.134,4.134,4.134,4.134,
1993-04-20,4.134,4.134,4.134,4.134,
1993-04-21,3.912,3.912,3.912,3.912,
1993-04-22,3.802,3.802,3.802,3.802,
1993-04-23,3.765,3.765,3.765,3.765,
1993-04-26,3.912,3.912,3.912,3.912,
1993-04-27,3.802,3.802,3.802,3.802,
1993-04-28,3.838,3.838,3.838,3.838,
1993-04-29,3.912,3.912,3.912,3.912,
1993-04-30,3.949,3.949,3.949,3.949,
1993-05-03,3.838,3.838,3.838,3.838,
1993-05-04,4.06,4.06,4.06,4.06,
1993-05-05,4.208,4.208,4.208,4.208,
1993-05-06,4.134,4.134,4.134,4.134,
1993-05-07,4.134,4.134,4.134,4.134,
1993-05-10,4.06,4.06,4.06,4.06,
1993-05-11,4.06,4.06,4.06,4.06,
1993-05-12,4.06,4.06,4.06,4.06,
1993-05-13,4.06,4.06,4.06,4.06,
1993-05-14,4.06,4.06,4.06,4.06,
1993-05-17,4.06,4.06,4.06,4.06,
1993-05-18,4.06,4.06,4.06,4.06,
1993-05-19,3.912,3.912,3.912,3.912,
1993-05-20,3.986,3.986,3.986,3.986,
1993-05-21,4.134,4.134,4.134,4.134,
1993-05-24,4.208,4.208,4.208,4.208,
1993-05-25,4.06,4.06,4.06,4.06,
1993-05-26,4.06,4.06,4.06,4.06,
1993-05-27,4.06,4.06,4.06,4.06,
1993-05-28,3.986,3.986,3.986,3.986,
1993-06-01,3.986,3.986,3.986,3.986,
1993-06-02,3.912,3.912,3.912,3.912,
1993-06-03,3.765,3.765,3.765,3.765,
1993-06-04,3.838,3.838,3.838,3.838,
1993-06-07,3.838,3.838,3.838,3.838,
1993-06-08,3.986,3.986,3.986,3.986,
1993-06-09,4.06,4.06,4.06,4.06,
1993-06-10,4.281,4.281,4.281,4.281,
1993-06-11,4.429,4.429,4.429,4.429,
1993-06-14,4.65,4.65,4.65,4.65,
1993-06-15,4.281,4.281,4.281,4.281,
1993-06-16,4.281,4.281,4.281,4.281,
1993-06-17,4.429,4.429,4.429,4.429,
1993-06-18,4.281,4.281,4.281,4.281,
1993-06-21,4.281,4.281,4.281,4.281,
1993-06-22,4.355,4.355,4.355,4.355,
1993-06-23,4.429,4.429,4.429,4.429,
1993-06-24,4.355,4.355,4.355,4.355,
1993-06-25,4.54,4.54,4.54,4.54,
1993-06-28,4.171,4.171,4.171,4.171,
1993-06-29,4.281,4.281,4.281,4.281,
1993-06-30,4.318,4.318,4.318,4.318,
1993-07-01,4.503,4.503,4.503,4.503,
1993-07-02,4.503,4.503,4.503,4.503,
1993-07-06,4.355,4.355,4.355,4.355,
1993-07-07,4.281,4.281,4.281,4.281,
1993-07-08,4.281,4.281,4.281,4.281,
1993-07-09,4.355,4.355,4.355,4.355,
1993-07-12,4.355,4.355,4.355,4.355,
1993-07-13,4.06,4.06,4.06,4.06,
1993-07-14,3.765,3.765,3.765,3.765,
1993-07-15,3.912,3.912,3.912,3.912,
1993-07-16,4.208,4.208,4.208,4.208,
1993-07-19,3.912,3.912,3.912,3.912,
1993-07-20,4.06,4.06,4.06,4.06,
1993-07-21,3.986,3.986,3.986,3.986,
1993-07-22,4.06,4.06,4.06,4.06,
1993-07-23,4.281,4.281,4.281,4.281,
1993-07-26,4.429,4.429,4.429,4.429,
1993-07-27,3.986,3.986,3.986,3.986,
1993-07-28,4.06,4.06,4.06,4.06,
1993-07-29,4.281,4.281,4.281,4.281,
1993-07-30,4.65,4.65,4.65,4.65,
1993-08-02,4.65,4.65,4.65,4.65,
1993-08-03,4.724,4.724,4.724,4.724,
1993-08-04,4.724,4.724,4.724,4.724,
1993-08-05,4.65,4.65,4.65,4.65,
1993-08-06,4.577,4.577,4.577,4.577,
1993-08-09,4.577,4.577,4.577,4.577,
1993-08-10,4.65,4.65,4.65,4.65,
1993-08-11,4.577,4.577,4.577,4.577,
1993-08-12,4.65,4.65,4.65,4.65,
1993-08-13,4.65,4.65,4.65,4.65,
1993-08-16,4.503,4.503,4.503,4.503,
1993-08-17,4.503,4.503,4.503,4.503,
1993-08-18,4.65,4.65,4.65,4.65,
1993-08-19,4.798,4.798,4.798,4.798,
1993-08-20,4.798,4.798,4.798,4.798,
1993-08-23,4.946,4.946,4.946,4.946,
1993-08-24,5.093,5.093,5.093,5.093,
1993-08-25,5.167,5.167,5.167,5.167,
1993-08-26,5.241,5.241,5.241,5.241,
1993-08-27,5.241,5.241,5.241,5.241,
1993-08-30,5.241,5.241,5.241,5.241,
1993-08-31,5.315,5.315,5.315,5.315,
1993-09-01,5.241,5.241,5.241,5.241,
1993-09-02,4.872,4.872,4.872,4.872,
1993-09-03,5.167,5.167,5.167,5.167,
1993-09-07,4.946,4.946,4.946,4.946,
1993-09-08,4.946,4.946,4.946,4.946,
1993-09-09,5.093,5.093,5.093,5.093,
1993-09-10,5.093,5.093,5.093,5.093,
1993-09-13,5.167,5.167,5.167,5.167,
1993-09-14,5.093,5.093,5.093,5.093,
1993-09-15,5.389,5.389,5.389,5.389,
1993-09-16,5.389,5.389,5.389,5.389,
1993-09-17,5.61,5.61,5.61,5.61,
1993-09-20,5.536,5.536,5.536,5.536,
1993-09-21,5.315,5.315,5.315,5.315,
1993-09-22,5.315,5.315,5.315,5.315,
1993-09-23,5.315,5.315,5.315,5.315,
1993-09-24,5.241,5.241,5.241,5.241,
1993-09-27,5.167,5.167,5.167,5.167,
1993-09-28,5.167,5.167,5.167,5.167,
1993-09-29,5.167,5.167,5.167,5.167,
1993-09-30,5.093,5.093,5.093,5.093,
1993-10-01,5.315,5.315,5.315,5.315,
1993-10-04,5.167,5.167,5.167,5.167,
1993-10-05,5.315,5.315,5.315,5.315,
1993-10-06,5.241,5.241,5.241,5.241,
1993-10-07,5.02,5.02,5.02,5.02,
1993-10-08,5.02,5.02,5.02,5.02,
1993-10-11,5.02,5.02,5.02,5.02,
1993-10-12,4.872,4.872,4.872,4.872,
1993-10-13,5.02,5.02,5.02,5.02,
1993-10-14,5.241,5.241,5.241,5.241,
1993-10-15,5.241,5.241,5.241,5.241,
1993-10-18,5.167,5.167,5.167,5.167,
1993-10-19,5.02,5.02,5.02,5.02,
1993-10-20,5.167,5.167,5.167,5.167,
1993-10-21,4.946,4.946,4.946,4.946,
1993-10-22,5.02,5.02,5.02,5.02,
1993-10-25,5.02,5.02,5.02,5.02,
1993-10-26,5.315,5.315,5.315,5.315,
1993-10-27,5.241,5.241,5.241,5.241,
1993-10-28,5.167,5.167,5.167,5.167,
1993-10-29,5.315,5.315,5.315,5.315,
1993-11-01,5.315,5.315,5.315,5.315,
1993-11-02,5.315,5.315,5.315,5.315,
1993-11-03,5.167,5.167,5.167,5.167,
1993-11-04,5.093,5.093,5.093,5.093,
1993-11-05,5.167,5.167,5.167,5.167,
1993-11-08,5.241,5.241,5.241,5.241,
1993-11-09,5.241,5.241,5.241,5.241,
1993-11-10,5.241,5.241,5.241,5.241,
1993-11-11,5.167,5.167,5.167,5.167,
1993-11-12,5.02,5.02,5.02,5.02,
1993-11-15,5.093,5.093,5.093,5.093,
1993-11-16,4.946,4.946,4.946,4.946,
1993-11-17,4.724,4.724,4.724,4.724,
1993-11-18,4.65,4.65,4.65,4.65,
1993-11-19,4.65,4.65,4.65,4.65,
1993-11-22,4.946,4.946,4.946,4.946,
1993-11-23,5.167,5.167,5.167,5.167,
1993-11-24,5.093,5.093,5.093,5.093,
1993-11-26,5.241,5.241,5.241,5.241,
1993-11-29,4.946,4.946,4.946,4.946,
1993-11-30,5.093,5.093,5.093,5.093,
1993-12-01,5.02,5.02,5.02,5.02,
1993-12-02,4.724,4.724,4.724,4.724,
1993-12-03,4.65,4.65,4.65,4.65,
1993-12-06,4.724,4.724,4.724,4.724,
1993-12-07,4.724,4.724,4.724,4.724,
1993-12-08,4.724,4.724,4.724,4.724,
1993-12-09,4.355,4.355,4.355,4.355,
1993-12-10,4.281,4.281,4.281,4.281,
1993-12-13,4.281,4.281,4.281,4.281,
1993-12-14,4.355,4.355,4.355,4.355,
1993-12-15,4.281,4.281,4.281,4.281,
1993-12-16,4.281,4.281,4.281,4.281,
1993-12-17,4.429,4.429,4.429,4.429,
1993-12-20,4.355,4.355,4.355,4.355,
1993-12-21,4.281,4.281,4.281,4.281,
1993-12-22,4.134,4.134,4.134,4.134,
1993-12-23,4.134,4.134,4.134,4.134,
1993-12-27,4.429,4.429,4.429,4.429,
1993-12-28,4.281,4.281,4.281,4.281,
1993-12-29,4.355,4.355,4.355,4.355,
1993-12-30,4.281,4.281,4.281,4.281,
1993-12-31,4.281,4.281,4.281,4.281,
1994-01-03,4.355,4.355,4.355,4.355,
1994-01-04,4.208,4.208,4.208,4.208,
1994-01-05,4.355,4.355,4.355,4.355,
1994-01-06,4.281,4.281,4.281,4.281,
1994-01-07,4.208,4.208,4.208,4.208,
1994-01-10,4.208,4.208,4.208,4.208,
1994-01-11,4.208,4.208,4.208,4.208,
1994-01-12,4.208,4.208,4.208,4.208,
1994-01-13,4.208,4.208,4.208,4.208,
1994-01-14,4.355,4.355,4.355,4.355,
1994-01-17,4.355,4.355,4.355,4.355,
1994-01-18,4.208,4.208,4.208,4.208,
1994-01-19,4.208,4.208,4.208,4.208,
1994-01-20,4.208,4.208,4.208,4.208,
1994-01-21,4.208,4.208,4.208,4.208,
1994-01-24,4.208,4.208,4.208,4.208,
1994-01-25,4.503,4.503,4.503,4.503,
1994-01-26,4.281,4.281,4.281,4.281,
1994-01-27,4.281,4.281,4.281,4.281,
1994-01-28,4.429,4.429,4.429,4.429,
1994-01-31,4.355,4.355,4.355,4.355,
1994-02-01,4.429,4.429,4.429,4.429,
1994-02-02,4.429,4.429,4.429,4.429,
1994-02-03,4.577,4.577,4.577,4.577,
1994-02-04,4.577,4.577,4.577,4.577,
1994-02-07,4.65,4.65,4.65,4.65,
1994-02-08,4.724,4.724,4.724,4.724,
1994-02-09,4.798,4.798,4.798,4.798,
1994-02-10,4.798,4.798,4.798,4.798,
1994-02-11,4.724,4.724,4.724,4.724,
1994-02-14,4.65,4.65,4.65,4.65,
1994-02-15,4.577,4.577,4.577,4.577,
1994-02-16,4.65,4.65,4.65,4.65,
1994-02-17,4.65,4.65,4.65,4.65,
1994-02-18,4.724,4.724,4.724,4.724,
1994-02-22,4.798,4.798,4.798,4.798,
1994-02-23,4.835,4.835,4.835,4.835,
1994-02-24,4.798,4.798,4.798,4.798,
1994-02-25,4.65,4.65,4.65,4.65,
1994-02-28,4.724,4.724,4.724,4.724,
1994-03-01,4.724,4.724,4.724,4.724,
1994-03-02,4.632,4.632,4.632,4.632,
1994-03-03,4.577,4.577,4.577,4.577,
1994-03-04,4.577,4.577,4.577,4.577,
1994-03-07,4.724,4.724,4.724,4.724,
1994-03-08,4.724,4.724,4.724,4.724,
1994-03-09,4.872,4.872,4.872,4.872,
1994-03-10,4.946,4.946,4.946,4.946,
1994-03-11,5.02,5.02,5.02,5.02,
1994-03-14,5.093,5.093,5.093,5.093,
1994-03-15,4.946,4.946,4.946,4.946,
1994-03-16,5.02,5.02,5.02,5.02,
1994-03-17,4.946,4.946,4.946,4.946,
1994-03-18,5.167,5.167,5.167,5.167,
1994-03-21,5.02,5.02,5.02,5.02,
1994-03-22,5.02,5.02,5.02,5.02,
1994-03-23,5.02,5.02,5.02,5.02,
1994-03-24,4.798,4.798,4.798,4.798,
1994-03-25,4.724,4.724,4.724,4.724,
1994-03-28,4.503,4.503,4.503,4.503,
1994-03-29,4.577,4.577,4.577,4.577,
1994-03-30,4.281,4.281,4.281,4.281,
1994-03-31,4.244,4.244,4.244,4.244,
1994-04-04,3.986,3.986,3.986,3.986,
1994-04-05,4.281,4.281,4.281,4.281,
1994-04-06,4.134,4.134,4.134,4.134,
1994-04-07,4.355,4.355,4.355,4.355,
1994-04-08,4.503,4.503,4.503,4.503,
1994-04-11,4.65,4.65,4.65,4.65,
1994-04-12,4.65,4.65,4.65,4.65,
1994-04-13,4.65,4.65,4.65,4.65,
1994-04-14,4.65,4.65,4.65,4.65,
1994-04-15,4.577,4.577,4.577,4.577,
1994-04-18,4.65,4.65,4.65,4.65,
1994-04-19,4.65,4.65,4.65,4.65,
1994-04-20,4.54,4.54,4.54,4.54,
1994-04-21,4.724,4.724,4.724,4.724,
1994-04-22,4.503,4.503,4.503,4.503,
1994-04-25,4.65,4.65,4.65,4.65,
1994-04-26,4.65,4.65,4.65,4.65,
1994-04-28,4.429,4.429,4.429,4.429,
1994-04-29,4.577,4.577,4.577,4.577,
1994-05-02,4.429,4.429,4.429,4.429,
1994-05-03,4.429,4.429,4.429,4.429,
1994-05-04,4.429,4.429,4.429,4.429,
1994-05-05,4.355,4.355,4.355,4.355,
1994-05-06,4.429,4.429,4.429,4.429,
1994-05-09,4.724,4.724,4.724,4.724,
1994-05-10,4.724,4.724,4.724,4.724,
1994-05-11,4.577,4.577,4.577,4.577,
1994-05-12,4.724,4.724,4.724,4.724,
1994-05-13,4.724,4.724,4.724,4.724,
1994-05-16,4.65,4.65,4.65,4.65,
1994-05-17,4.724,4.724,4.724,4.724,
1994-05-18,4.724,4.724,4.724,4.724,
1994-05-19,4.724,4.724,4.724,4.724,
1994-05-20,4.577,4.577,4.577,4.577,
1994-05-23,4.429,4.429,4.429,4.429,
1994-05-24,4.65,4.65,4.65,4.65,
1994-05-25,4.577,4.577,4.577,4.577,
1994-05-26,4.724,4.724,4.724,4.724,
1994-05-27,4.724,4.724,4.724,4.724,
1994-05-31,4.577,4.577,4.577,4.577,
1994-06-01,4.577,4.577,4.577,4.577,
1994-06-02,4.724,4.724,4.724,4.724,
1994-06-03,4.65,4.65,4.65,4.65,
1994-06-06,4.65,4.65,4.65,4.65,
1994-06-07,4.65,4.65,4.65,4.65,
1994-06-08,4.577,4.577,4.577,4.577,
1994-06-09,4.687,4.687,4.687,4.687,
1994-06-10,4.65,4.65,4.65,4.65,
1994-06-13,4.577,4.577,4.577,4.577,
1994-06-14,4.577,4.577,4.577,4.577,
1994-06-15,4.65,4.65,4.65,4.65,
1994-06-16,4.872,4.872,4.872,4.872,
1994-06-17,4.724,4.724,4.724,4.724,
1994-06-20,4.65,4.65,4.65,4.65,
1994-06-21,4.65,4.65,4.65,4.65,
1994-06-22,4.798,4.798,4.798,4.798,
1994-06-23,4.798,4.798,4.798,4.798,
1994-06-24,4.65,4.65,4.65,4.65,
1994-06-27,4.724,4.724,4.724,4.724,
1994-06-28,4.65,4.65,4.65,4.65,
1994-06-29,4.798,4.798,4.798,4.798,
1994-06-30,4.65,4.65,4.65,4.65,
1994-07-01,4.798,4.798,4.798,4.798,
1994-07-05,4.724,4.724,4.724,4.724,
1994-07-06,4.872,4.872,4.872,4.872,
1994-07-07,4.724,4.724,4.724,4.724,
1994-07-08,4.872,4.872,4.872,4.872,
1994-07-11,4.872,4.872,4.872,4.872,
1994-07-12,4.872,4.872,4.872,4.872,
1994-07-13,5.02,5.02,5.02,5.02,
1994-07-14,5.241,5.241,5.241,5.241,
1994-07-15,5.241,5.241,5.241,5.241,
1994-07-18,5.167,5.167,5.167,5.167,
1994-07-19,5.093,5.093,5.093,5.093,
1994-07-20,5.093,5.093,5.093,5.093,
1994-07-21,5.167,5.167,5.167,5.167,
1994-07-22,5.241,5.241,5.241,5.241,
1994-07-25,5.462,5.462,5.462,5.462,
1994-07-26,5.315,5.315,5.315,5.315,
1994-07-27,5.167,5.167,5.167,5.167,
1994-07-28,5.204,5.204,5.204,5.204,
1994-07-29,5.093,5.093,5.093,5.093,
1994-08-01,5.02,5.02,5.02,5.02,
1994-08-02,5.204,5.204,5.204,5.204,
1994-08-03,5.167,5.167,5.167,5.167,
1994-08-04,5.241,5.241,5.241,5.241,
1994-08-05,5.02,5.02,5.02,5.02,
1994-08-08,4.872,4.872,4.872,4.872,
1994-08-09,4.946,4.946,4.946,4.946,
1994-08-10,4.946,4.946,4.946,4.946,
1994-08-11,4.872,4.872,4.872,4.872,
1994-08-12,5.093,5.093,5.093,5.093,
1994-08-15,4.798,4.798,4.798,4.798,
1994-08-16,4.724,4.724,4.724,4.724,
1994-08-17,4.798,4.798,4.798,4.798,
1994-08-18,5.093,5.093,5.093,5.093,
1994-08-19,5.02,5.02,5.02,5.02,
1994-08-22,5.093,5.093,5.093,5.093,
1994-08-23,4.798,4.798,4.798,4.798,
1994-08-24,4.724,4.724,4.724,4.724,
1994-08-25,4.724,4.724,4.724,4.724,
1994-08-26,4.872,4.872,4.872,4.872,
1994-08-29,4.798,4.798,4.798,4.798,
1994-08-30,5.02,5.02,5.02,5.02,
1994-08-31,4.946,4.946,4.946,4.946,
1994-09-01,4.946,4.946,4.946,4.946,
1994-09-02,5.02,5.02,5.02,5.02,
1994-09-06,5.02,5.02,5.02,5.02,
1994-09-07,5.02,5.02,5.02,5.02,
1994-09-08,5.02,5.02,5.02,5.02,
1994-09-09,4.872,4.872,4.872,4.872,
1994-09-12,4.909,4.909,4.909,4.909,
1994-09-13,4.872,4.872,4.872,4.872,
1994-09-14,4.872,4.872,4.872,4.872,
1994-09-15,4.724,4.724,4.724,4.724,
1994-09-16,4.724,4.724,4.724,4.724,
1994-09-19,4.798,4.798,4.798,4.798,
1994-09-20,4.724,4.724,4.724,4.724,
1994-09-21,4.872,4.872,4.872,4.872,
1994-09-22,5.02,5.02,5.02,5.02,
1994-09-23,4.872,4.872,4.872,4.872,
1994-09-26,4.946,4.946,4.946,4.946,
1994-09-27,4.946,4.946,4.946,4.946,
1994-09-28,4.798,4.798,4.798,4.798,
1994-09-29,4.872,4.872,4.872,4.872,
1994-09-30,4.798,4.798,4.798,4.798,
1994-10-03,4.724,4.724,4.724,4.724,
1994-10-04,4.65,4.65,4.65,4.65,
1994-10-05,4.577,4.577,4.577,4.577,
1994-10-06,4.577,4.577,4.577,4.577,
1994-10-07,4.724,4.724,4.724,4.724,
1994-10-10,4.872,4.872,4.872,4.872,
1994-10-11,4.724,4.724,4.724,4.724,
1994-10-12,4.798,4.798,4.798,4.798,
1994-10-13,4.65,4.65,4.65,4.65,
1994-10-14,4.724,4.724,4.724,4.724,
1994-10-17,4.503,4.503,4.503,4.503,
1994-10-18,4.503,4.503,4.503,4.503,
1994-10-19,4.429,4.429,4.429,4.429,
1994-10-20,4.429,4.429,4.429,4.429,
1994-10-21,4.429,4.429,4.429,4.429,
1994-10-24,4.503,4.503,4.503,4.503,
1994-10-25,4.503,4.503,4.503,4.503,
1994-10-26,4.355,4.355,4.355,4.355,
1994-10-27,4.429,4.429,4.429,4.429,
1994-10-28,4.503,4.503,4.503,4.503,
1994-10-31,4.577,4.577,4.577,4.577,
1994-11-01,4.429,4.429,4.429,4.429,
1994-11-02,4.429,4.429,4.429,4.429,
1994-11-03,4.429,4.429,4.429,4.429,
1994-11-04,4.429,4.429,4.429,4.429,
1994-11-07,4.06,4.06,4.06,4.06,
1994-11-08,4.208,4.208,4.208,4.208,
1994-11-09,4.281,4.281,4.281,4.281,
1994-11-10,4.208,4.208,4.208,4.208,
1994-11-11,4.208,4.208,4.208,4.208,
1994-11-14,4.06,4.06,4.06,4.06,
1994-11-15,4.208,4.208,4.208,4.208,
1994-11-16,4.06,4.06,4.06,4.06,
1994-11-17,4.208,4.208,4.208,4.208,
1994-11-18,4.06,4.06,4.06,4.06,
1994-11-21,4.134,4.134,4.134,4.134,
1994-11-22,4.06,4.06,4.06,4.06,
1994-11-23,4.06,4.06,4.06,4.06,
1994-11-25,3.912,3.912,3.912,3.912,
1994-11-28,3.912,3.912,3.912,3.912,
1994-11-29,3.912,3.912,3.912,3.912,
1994-11-30,3.949,3.949,3.949,3.949,
1994-12-01,4.097,4.097,4.097,4.097,
1994-12-02,4.355,4.355,4.355,4.355,
1994-12-05,4.281,4.281,4.281,4.281,
1994-12-06,4.097,4.097,4.097,4.097,
1994-12-07,4.06,4.06,4.06,4.06,
1994-12-08,3.986,3.986,3.986,3.986,
1994-12-09,3.912,3.912,3.912,3.912,
1994-12-12,3.912,3.912,3.912,3.912,
1994-12-13,4.134,4.134,4.134,4.134,
1994-12-14,3.986,3.986,3.986,3.986,
1994-12-15,3.986,3.986,3.986,3.986,
1994-12-16,3.912,3.912,3.912,3.912,
1994-12-19,3.912,3.912,3.912,3.912,
1994-12-20,3.912,3.912,3.912,3.912,
1994-12-21,3.986,3.986,3.986,3.986,
1994-12-22,3.986,3.986,3.986,3.986,
1994-12-23,3.986,3.986,3.986,3.986,
1994-12-27,4.06,4.06,4.06,4.06,
1994-12-28,3.986,3.986,3.986,3.986,
1994-12-29,3.912,3.912,3.912,3.912,
1994-12-30,4.06,4.06,4.06,4.06,
1995-01-03,4.06,4.06,4.06,4.06,
1995-01-04,4.06,4.06,4.06,4.06,
1995-01-05,3.986,3.986,3.986,3.986,
1995-01-06,4.06,4.06,4.06,4.06,
1995-01-09,4.06,4.06,4.06,4.06,
1995-01-10,3.912,3.912,3.912,3.912,
1995-01-11,3.875,3.875,3.875,3.875,
1995-01-12,3.838,3.838,3.838,3.838,
1995-01-13,3.986,3.986,3.986,3.986,
1995-01-16,3.912,3.912,3.912,3.912,
1995-01-17,3.838,3.838,3.838,3.838,
1995-01-18,3.838,3.838,3.838,3.838,
1995-01-19,3.765,3.765,3.765,3.765,
1995-01-20,3.875,3.875,3.875,3.875,
1995-01-23,3.838,3.838,3.838,3.838,
1995-01-24,3.728,3.728,3.728,3.728,
1995-01-25,3.617,3.617,3.617,3.617,
1995-01-26,3.765,3.765,3.765,3.765,
1995-01-27,3.691,3.691,3.691,3.691,
1995-01-30,3.765,3.765,3.765,3.765,
1995-01-31,3.543,3.543,3.543,3.543,
1995-02-01,3.359,3.359,3.359,3.359,
1995-02-02,3.543,3.543,3.543,3.543,
1995-02-03,3.469,3.469,3.469,3.469,
1995-02-06,3.396,3.396,3.396,3.396,
1995-02-07,3.432,3.432,3.432,3.432,
1995-02-08,3.543,3.543,3.543,3.543,
1995-02-09,3.691,3.691,3.691,3.691,
1995-02-10,3.691,3.691,3.691,3.691,
1995-02-13,3.912,3.912,3.912,3.912,
1995-02-14,4.134,4.134,4.134,4.134,
1995-02-15,4.023,4.023,4.023,4.023,
1995-02-16,4.134,4.134,4.134,4.134,
1995-02-17,4.281,4.281,4.281,4.281,
1995-02-21,4.134,4.134,4.134,4.134,
1995-02-22,4.208,4.208,4.208,4.208,
1995-02-23,4.208,4.208,4.208,4.208,
1995-02-24,4.134,4.134,4.134,4.134,
1995-02-27,4.06,4.06,4.06,4.06,
1995-02-28,4.06,4.06,4.06,4.06,
1995-03-01,4.134,4.134,4.134,4.134,
1995-03-02,3.986,3.986,3.986,3.986,
1995-03-03,3.838,3.838,3.838,3.838,
1995-03-06,3.838,3.838,3.838,3.838,
1995-03-07,3.765,3.765,3.765,3.765,
1995-03-08,3.912,3.912,3.912,3.912,
1995-03-09,3.765,3.765,3.765,3.765,
1995-03-10,3.838,3.838,3.838,3.838,
1995-03-13,3.912,3.912,3.912,3.912,
1995-03-14,4.06,4.06,4.06,4.06,
1995-03-15,3.986,3.986,3.986,3.986,
1995-03-16,4.281,4.281,4.281,4.281,
1995-03-17,4.134,4.134,4.134,4.134,
1995-03-20,4.134,4.134,4.134,4.134,
1995-03-21,4.208,4.208,4.208,4.208,
1995-03-22,4.208,4.208,4.208,4.208,
1995-03-23,4.281,4.281,4.281,4.281,
1995-03-24,4.281,4.281,4.281,4.281,
1995-03-27,4.208,4.208,4.208,4.208,
1995-03-28,4.134,4.134,4.134,4.134,
1995-03-29,4.134,4.134,4.134,4.134,
1995-03-30,4.134,4.134,4.134,4.134,
1995-03-31,4.134,4.134,4.134,4.134,
1995-04-03,4.281,4.281,4.281,4.281,
1995-04-04,4.355,4.355,4.355,4.355,
1995-04-05,4.392,4.392,4.392,4.392,
1995-04-06,4.503,4.503,4.503,4.503,
1995-04-07,4.577,4.577,4.577,4.577,
1995-04-10,4.577,4.577,4.577,4.577,
1995-04-11,4.577,4.577,4.577,4.577,
1995-04-12,4.724,4.724,4.724,4.724,
1995-04-13,4.65,4.65,4.65,4.65,
1995-04-17,4.724,4.724,4.724,4.724,
1995-04-18,4.687,4.687,4.687,4.687,
1995-04-19,4.577,4.577,4.577,4.577,
1995-04-20,4.577,4.577,4.577,4.577,
1995-04-21,4.724,4.724,4.724,4.724,
1995-04-24,4.687,4.687,4.687,4.687,
1995-04-25,4.614,4.614,4.614,4.614,
1995-04-26,4.65,4.65,4.65,4.65,
1995-04-27,4.724,4.724,4.724,4.724,
1995-04-28,4.724,4.724,4.724,4.724,
1995-05-01,4.724,4.724,4.724,4.724,
1995-05-02,4.724,4.724,4.724,4.724,
1995-05-03,4.798,4.798,4.798,4.798,
1995-05-04,4.724,4.724,4.724,4.724,
1995-05-05,4.724,4.724,4.724,4.724,
1995-05-08,4.724,4.724,4.724,4.724,
1995-05-09,4.724,4.724,4.724,4.724,
1995-05-10,4.872,4.872,4.872,4.872,
1995-05-11,4.798,4.798,4.798,4.798,
1995-05-12,4.872,4.872,4.872,4.872,
1995-05-15,5.093,5.093,5.093,5.093,
1995-05-16,5.02,5.02,5.02,5.02,
1995-05-17,4.872,4.872,4.872,4.872,
1995-05-18,4.798,4.798,4.798,4.798,
1995-05-19,4.798,4.798,4.798,4.798,
1995-05-22,4.724,4.724,4.724,4.724,
1995-05-23,4.724,4.724,4.724,4.724,
1995-05-24,4.798,4.798,4.798,4.798,
1995-05-25,4.724,4.724,4.724,4.724,
1995-05-26,4.724,4.724,4.724,4.724,
1995-05-30,4.724,4.724,4.724,4.724,
1995-05-31,4.724,4.724,4.724,4.724,
1995-06-01,4.798,4.798,4.798,4.798,
1995-06-02,4.798,4.798,4.798,4.798,
1995-06-05,4.798,4.798,4.798,4.798,
1995-06-06,4.798,4.798,4.798,4.798,
1995-06-07,4.724,4.724,4.724,4.724,
1995-06-08,4.835,4.835,4.835,4.835,
1995-06-09,4.724,4.724,4.724,4.724,
1995-06-12,4.872,4.872,4.872,4.872,
1995-06-13,4.761,4.761,4.761,4.761,
1995-06-14,4.835,4.835,4.835,4.835,
1995-06-15,4.835,4.835,4.835,4.835,
1995-06-16,4.761,4.761,4.761,4.761,
1995-06-19,4.835,4.835,4.835,4.835,
1995-06-20,4.798,4.798,4.798,4.798,
1995-06-21,4.724,4.724,4.724,4.724,
1995-06-22,4.687,4.687,4.687,4.687,
1995-06-23,4.65,4.65,4.65,4.65,
1995-06-26,4.577,4.577,4.577,4.577,
1995-06-27,4.577,4.577,4.577,4.577,
1995-06-28,4.577,4.577,4.577,4.577,
1995-06-29,4.54,4.54,4.54,4.54,
1995-06-30,4.503,4.503,4.503,4.503,
1995-07-03,4.503,4.503,4.503,4.503,
1995-07-05,4.577,4.577,4.577,4.577,
1995-07-06,4.65,4.65,4.65,4.65,
1995-07-07,4.946,4.946,4.946,4.946,
1995-07-10,5.02,5.02,5.02,5.02,
1995-07-11,4.946,4.946,4.946,4.946,
1995-07-12,4.872,4.872,4.872,4.872,
1995-07-13,4.835,4.835,4.835,4.835,
1995-07-14,4.724,4.724,4.724,4.724,
1995-07-17,4.724,4.724,4.724,4.724,
1995-07-18,4.65,4.65,4.65,4.65,
1995-07-19,4.577,4.577,4.577,4.577,
1995-07-20,4.724,4.724,4.724,4.724,
1995-07-21,4.724,4.724,4.724,4.724,
1995-07-24,4.65,4.65,4.65,4.65,
1995-07-25,4.65,4.65,4.65,4.65,
1995-07-26,4.724,4.724,4.724,4.724,
1995-07-27,4.577,4.577,4.577,4.577,
1995-07-28,4.724,4.724,4.724,4.724,
1995-07-31,4.577,4.577,4.577,4.577,
1995-08-01,4.724,4.724,4.724,4.724,
1995-08-02,4.577,4.577,4.577,4.577,
1995-08-03,4.65,4.65,4.65,4.65,
1995-08-04,4.798,4.798,4.798,4.798,
1995-08-07,4.872,4.872,4.872,4.872,
1995-08-08,4.724,4.724,4.724,4.724,
1995-08-09,4.798,4.798,4.798,4.798,
1995-08-10,4.798,4.798,4.798,4.798,
1995-08-11,4.724,4.724,4.724,4.724,
1995-08-14,4.577,4.577,4.577,4.577,
1995-08-15,4.577,4.577,4.577,4.577,
1995-08-16,4.355,4.355,4.355,4.355,
1995-08-17,4.429,4.429,4.429,4.429,
1995-08-18,4.503,4.503,4.503,4.503,
1995-08-21,4.355,4.355,4.355,4.355,
1995-08-22,4.65,4.65,4.65,4.65,
1995-08-23,4.577,4.577,4.577,4.577,
1995-08-24,4.724,4.724,4.724,4.724,
1995-08-25,4.872,4.872,4.872,4.872,
1995-08-28,4.946,4.946,4.946,4.946,
1995-08-29,4.946,4.946,4.946,4.946,
1995-08-30,5.02,5.02,5.02,5.02,
1995-08-31,4.946,4.946,4.946,4.946,
1995-09-01,5.167,5.167,5.167,5.167,
1995-09-05,5.167,5.167,5.167,5.167,
1995-09-06,5.204,5.204,5.204,5.204,
1995-09-07,5.389,5.389,5.389,5.389,
1995-09-08,5.315,5.315,5.315,5.315,
1995-09-11,5.315,5.315,5.315,5.315,
1995-09-12,5.241,5.241,5.241,5.241,
1995-09-13,5.093,5.093,5.093,5.093,
1995-09-14,5.195,5.195,5.195,5.195,
1995-09-15,5.167,5.167,5.167,5.167,
1995-09-18,5.167,5.167,5.167,5.167,
1995-09-19,5.315,5.315,5.315,5.315,
1995-09-20,5.241,5.241,5.241,5.241,
1995-09-21,5.167,5.167,5.167,5.167,
1995-09-22,5.315,5.315,5.315,5.315,
1995-09-25,5.167,5.167,5.167,5.167,
1995-09-26,5.02,5.02,5.02,5.02,
1995-09-27,5.02,5.02,5.02,5.02,
1995-09-28,4.946,4.946,4.946,4.946,
1995-09-29,5.02,5.02,5.02,5.02,
1995-10-02,5.02,5.02,5.02,5.02,
1995-10-03,4.872,4.872,4.872,4.872,
1995-10-04,5.02,5.02,5.02,5.02,
1995-10-05,4.872,4.872,4.872,4.872,
1995-10-06,5.02,5.02,5.02,5.02,
1995-10-09,4.872,4.872,4.872,4.872,
1995-10-10,4.872,4.872,4.872,4.872,
1995-10-11,4.798,4.798,4.798,4.798,
1995-10-12,4.872,4.872,4.872,4.872,
1995-10-13,4.872,4.872,4.872,4.872,
1995-10-16,4.872,4.872,4.872,4.872,
1995-10-17,4.946,4.946,4.946,4.946,
1995-10-18,4.761,4.761,4.761,4.761,
1995-10-19,4.724,4.724,4.724,4.724,
1995-10-20,4.724,4.724,4.724,4.724,
1995-10-23,4.724,4.724,4.724,4.724,
1995-10-24,4.761,4.761,4.761,4.761,
1995-10-25,4.761,4.761,4.761,4.761,
1995-10-26,4.65,4.65,4.65,4.65,
1995-10-27,4.724,4.724,4.724,4.724,
1995-10-30,4.614,4.614,4.614,4.614,
1995-10-31,4.577,4.577,4.577,4.577,
1995-11-01,4.503,4.503,4.503,4.503,
1995-11-02,4.429,4.429,4.429,4.429,
1995-11-03,4.429,4.429,4.429,4.429,
1995-11-06,4.466,4.466,4.466,4.466,
1995-11-07,4.429,4.429,4.429,4.429,
1995-11-08,4.577,4.577,4.577,4.577,
1995-11-09,4.503,4.503,4.503,4.503,
1995-11-10,4.503,4.503,4.503,4.503,
1995-11-13,4.798,4.798,4.798,4.798,
1995-11-14,4.65,4.65,4.65,4.65,
1995-11-15,4.724,4.724,4.724,4.724,
1995-11-16,4.946,4.946,4.946,4.946,
1995-11-17,4.909,4.909,4.909,4.909,
1995-11-20,4.946,4.946,4.946,4.946,
1995-11-21,4.983,4.983,4.983,4.983,
1995-11-22,5.02,5.02,5.02,5.02,
1995-11-24,4.946,4.946,4.946,4.946,
1995-11-27,4.946,4.946,4.946,4.946,
1995-11-28,5.241,5.241,5.241,5.241,
1995-11-29,5.167,5.167,5.167,5.167,
1995-11-30,5.167,5.167,5.167,5.167,
1995-12-01,5.093,5.093,5.093,5.093,
1995-12-04,5.093,5.093,5.093,5.093,
1995-12-05,5.093,5.093,5.093,5.093,
1995-12-06,5.02,5.02,5.02,5.02,
1995-12-07,4.946,4.946,4.946,4.946,
1995-12-08,5.093,5.093,5.093,5.093,
1995-12-11,5.093,5.093,5.093,5.093,
1995-12-12,5.167,5.167,5.167,5.167,
1995-12-13,5.245,5.245,5.245,5.245,
1995-12-14,5.208,5.208,5.208,5.208,
1995-12-15,5.171,5.171,5.171,5.171,
1995-12-18,5.245,5.245,5.245,5.245,
1995-12-19,5.245,5.245,5.245,5.245,
1995-12-20,5.467,5.467,5.467,5.467,
1995-12-21,5.762,5.762,5.762,5.762,
1995-12-22,5.762,5.762,5.762,5.762,
1995-12-26,5.762,5.762,5.762,5.762,
1995-12-27,5.615,5.615,5.615,5.615,
1995-12-28,5.578,5.578,5.578,5.578,
1995-12-29,5.762,5.762,5.762,5.762,
1996-01-02,5.688,5.688,5.688,5.688,
1996-01-03,5.762,5.762,5.762,5.762,
1996-01-04,5.984,5.984,5.984,5.984,
1996-01-05,6.427,6.427,6.427,6.427,
1996-01-08,6.353,6.353,6.353,6.353,
1996-01-09,6.279,6.279,6.279,6.279,
1996-01-10,6.279,6.279,6.279,6.279,
1996-01-11,6.132,6.132,6.132,6.132,
1996-01-12,5.688,5.688,5.688,5.688,
1996-01-15,5.762,5.762,5.762,5.762,
1996-01-16,5.615,5.615,5.615,5.615,
1996-01-17,5.688,5.688,5.688,5.688,
1996-01-18,5.836,5.836,5.836,5.836,
1996-01-19,5.762,5.762,5.762,5.762,
1996-01-22,5.615,5.615,5.615,5.615,
1996-01-23,5.615,5.615,5.615,5.615,
1996-01-24,5.762,5.762,5.762,5.762,
1996-01-25,5.688,5.688,5.688,5.688,
1996-01-26,5.836,5.836,5.836,5.836,
1996-01-29,5.836,5.836,5.836,5.836,
1996-01-30,6.058,6.058,6.058,6.058,
1996-01-31,5.91,5.91,5.91,5.91,
1996-02-01,6.095,6.095,6.095,6.095,
1996-02-02,6.206,6.206,6.206,6.206,
1996-02-05,6.353,6.353,6.353,6.353,
1996-02-06,6.501,6.501,6.501,6.501,
1996-02-07,6.501,6.501,6.501,6.501,
1996-02-08,6.501,6.501,6.501,6.501,
1996-02-09,6.501,6.501,6.501,6.501,
1996-02-12,6.575,6.575,6.575,6.575,
1996-02-13,6.095,6.095,6.095,6.095,
1996-02-14,6.206,6.206,6.206,6.206,
1996-02-15,6.501,6.501,6.501,6.501,
1996-02-16,6.353,6.353,6.353,6.353,
1996-02-20,6.464,6.464,6.464,6.464,
1996-02-21,6.834,6.834,6.834,6.834,
1996-02-22,7.018,7.018,7.018,7.018,
1996-02-23,7.092,7.092,7.092,7.092,
1996-02-26,6.797,6.797,6.797,6.797,
1996-02-27,6.353,6.353,6.353,6.353,
1996-02-28,6.501,6.501,6.501,6.501,
1996-02-29,6.501,6.501,6.501,6.501,
1996-03-01,6.427,6.427,6.427,6.427,
1996-03-04,6.353,6.353,6.353,6.353,
1996-03-05,6.353,6.353,6.353,6.353,
1996-03-06,6.353,6.353,6.353,6.353,
1996-03-07,6.501,6.501,6.501,6.501,
1996-03-08,6.279,6.279,6.279,6.279,
1996-03-11,6.206,6.206,6.206,6.206,
1996-03-12,6.206,6.206,6.206,6.206,
1996-03-13,6.285,6.285,6.285,6.285,
1996-03-14,6.285,6.285,6.285,6.285,
1996-03-15,6.433,6.433,6.433,6.433,
1996-03-18,6.581,6.581,6.581,6.581,
1996-03-19,6.729,6.729,6.729,6.729,
1996-03-20,6.803,6.803,6.803,6.803,
1996-03-21,6.951,6.951,6.951,6.951,
1996-03-22,7.025,7.025,7.025,7.025,
1996-03-25,7.025,7.025,7.025,7.025,
1996-03-26,6.951,6.951,6.951,6.951,
1996-03-27,6.951,6.951,6.951,6.951,
1996-03-28,6.988,6.988,6.988,6.988,
1996-03-29,6.951,6.951,6.951,6.951,
1996-04-01,7.025,7.025,7.025,7.025,
1996-04-02,6.877,6.877,6.877,6.877,
1996-04-03,7.025,7.025,7.025,7.025,
1996-04-04,7.025,7.025,7.025,7.025,
1996-04-08,7.099,7.099,7.099,7.099,
1996-04-09,7.173,7.173,7.173,7.173,
1996-04-10,7.099,7.099,7.099,7.099,
1996-04-11,7.321,7.321,7.321,7.321,
1996-04-12,7.173,7.173,7.173,7.173,
1996-04-15,7.025,7.025,7.025,7.025,
1996-04-16,7.099,7.099,7.099,7.099,
1996-04-17,7.321,7.321,7.321,7.321,
1996-04-18,7.395,7.395,7.395,7.395,
1996-04-19,7.247,7.247,7.247,7.247,
1996-04-22,7.543,7.543,7.543,7.543,
1996-04-23,7.616,7.616,7.616,7.616,
1996-04-24,7.986,7.986,7.986,7.986,
1996-04-25,7.912,7.912,7.912,7.912,
1996-04-26,8.282,8.282,8.282,8.282,
1996-04-29,7.986,7.986,7.986,7.986,
1996-04-30,7.912,7.912,7.912,7.912,
1996-05-01,8.06,8.06,8.06,8.06,
1996-05-02,7.912,7.912,7.912,7.912,
1996-05-03,7.764,7.764,7.764,7.764,
1996-05-06,7.764,7.764,7.764,7.764,
1996-05-07,7.764,7.764,7.764,7.764,
1996-05-08,7.875,7.875,7.875,7.875,
1996-05-09,7.912,7.912,7.912,7.912,
1996-05-10,7.949,7.949,7.949,7.949,
1996-05-13,7.912,7.912,7.912,7.912,
1996-05-14,7.838,7.838,7.838,7.838,
1996-05-15,7.838,7.838,7.838,7.838,
1996-05-16,7.69,7.69,7.69,7.69,
1996-05-17,7.616,7.616,7.616,7.616,
1996-05-20,7.395,7.395,7.395,7.395,
1996-05-21,7.469,7.469,7.469,7.469,
1996-05-22,7.616,7.616,7.616,7.616,
1996-05-23,7.764,7.764,7.764,7.764,
1996-05-24,8.06,8.06,8.06,8.06,
1996-05-28,8.06,8.06,8.06,8.06,
1996-05-29,7.912,7.912,7.912,7.912,
1996-05-30,8.208,8.208,8.208,8.208,
1996-05-31,8.134,8.134,8.134,8.134,
1996-06-03,8.504,8.504,8.504,8.504,
1996-06-04,8.578,8.578,8.578,8.578,
1996-06-05,8.578,8.578,8.578,8.578,
1996-06-06,8.578,8.578,8.578,8.578,
1996-06-07,8.282,8.282,8.282,8.282,
1996-06-10,8.282,8.282,8.282,8.282,
1996-06-11,8.282,8.282,8.282,8.282,
1996-06-12,8.208,8.208,8.208,8.208,
1996-06-13,7.801,7.801,7.801,7.801,
1996-06-14,7.764,7.764,7.764,7.764,
1996-06-17,7.511,7.511,7.511,7.511,
1996-06-18,7.474,7.474,7.474,7.474,
1996-06-19,7.918,7.918,7.918,7.918,
1996-06-20,7.918,7.918,7.918,7.918,
1996-06-21,7.844,7.844,7.844,7.844,
1996-06-24,7.77,7.77,7.77,7.77,
1996-06-25,7.992,7.992,7.992,7.992,
1996-06-26,7.992,7.992,7.992,7.992,
1996-06-27,8.066,8.066,8.066,8.066,
1996-06-28,8.436,8.436,8.436,8.436,
1996-07-01,8.806,8.806,8.806,8.806,
1996-07-02,8.658,8.658,8.658,8.658,
1996-07-03,8.584,8.584,8.584,8.584,
1996-07-05,8.436,8.436,8.436,8.436,
1996-07-08,8.584,8.584,8.584,8.584,
1996-07-09,8.732,8.732,8.732,8.732,
1996-07-10,8.214,8.214,8.214,8.214,
1996-07-11,7.992,7.992,7.992,7.992,
1996-07-12,8.14,8.14,8.14,8.14,
1996-07-15,7.918,7.918,7.918,7.918,
1996-07-16,7.77,7.77,7.77,7.77,
1996-07-17,7.992,7.992,7.992,7.992,
1996-07-18,8.288,8.288,8.288,8.288,
1996-07-19,8.288,8.288,8.288,8.288,
1996-07-22,8.066,8.066,8.066,8.066,
1996-07-23,7.548,7.548,7.548,7.548,
1996-07-24,7.548,7.548,7.548,7.548,
1996-07-25,7.696,7.696,7.696,7.696,
1996-07-26,7.844,7.844,7.844,7.844,
1996-07-29,7.696,7.696,7.696,7.696,
1996-07-30,7.326,7.326,7.326,7.326,
1996-07-31,7.252,7.252,7.252,7.252,
1996-08-01,7.4,7.4,7.4,7.4,
1996-08-02,7.622,7.622,7.622,7.622,
1996-08-05,8.14,8.14,8.14,8.14,
1996-08-06,7.918,7.918,7.918,7.918,
1996-08-07,7.77,7.77,7.77,7.77,
1996-08-08,7.622,7.622,7.622,7.622,
1996-08-09,7.622,7.622,7.622,7.622,
1996-08-12,7.77,7.77,7.77,7.77,
1996-08-13,7.622,7.622,7.622,7.622,
1996-08-14,7.696,7.696,7.696,7.696,
1996-08-15,7.696,7.696,7.696,7.696,
1996-08-16,7.622,7.622,7.622,7.622,
1996-08-19,7.622,7.622,7.622,7.622,
1996-08-20,7.918,7.918,7.918,7.918,
1996-08-21,7.844,7.844,7.844,7.844,
1996-08-22,7.844,7.844,7.844,7.844,
1996-08-23,7.77,7.77,7.77,7.77,
1996-08-26,7.733,7.733,7.733,7.733,
1996-08-27,7.622,7.622,7.622,7.622,
1996-08-28,7.474,7.474,7.474,7.474,
1996-08-29,7.474,7.474,7.474,7.474,
1996-08-30,7.474,7.474,7.474,7.474,
1996-09-03,7.548,7.548,7.548,7.548,
1996-09-04,7.622,7.622,7.622,7.622,
1996-09-05,7.585,7.585,7.585,7.585,
1996-09-06,7.696,7.696,7.696,7.696,
1996-09-09,7.918,7.918,7.918,7.918,
1996-09-10,7.696,7.696,7.696,7.696,
1996-09-11,7.696,7.696,7.696,7.696,
1996-09-12,7.782,7.782,7.782,7.782,
1996-09-13,7.782,7.782,7.782,7.782,
1996-09-16,7.782,7.782,7.782,7.782,
1996-09-17,7.856,7.856,7.856,7.856,
1996-09-18,7.727,7.727,7.727,7.727,
1996-09-19,7.56,7.56,7.56,7.56,
1996-09-20,7.634,7.634,7.634,7.634,
1996-09-23,7.671,7.671,7.671,7.671,
1996-09-24,7.671,7.671,7.671,7.671,
1996-09-25,7.708,7.708,7.708,7.708,
1996-09-26,7.782,7.782,7.782,7.782,
1996-09-27,7.634,7.634,7.634,7.634,
1996-09-30,7.782,7.782,7.782,7.782,
1996-10-01,7.782,7.782,7.782,7.782,
1996-10-02,8.005,8.005,8.005,8.005,
1996-10-03,8.301,8.301,8.301,8.301,
1996-10-04,8.523,8.523,8.523,8.523,
1996-10-07,8.375,8.375,8.375,8.375,
1996-10-08,8.375,8.375,8.375,8.375,
1996-10-09,8.301,8.301,8.301,8.301,
1996-10-10,8.227,8.227,8.227,8.227,
1996-10-11,8.227,8.227,8.227,8.227,
1996-10-14,9.116,9.116,9.116,9.116,
1996-10-15,9.042,9.042,9.042,9.042,
1996-10-16,9.116,9.116,9.116,9.116,
1996-10-17,9.265,9.265,9.265,9.265,
1996-10-18,9.635,9.635,9.635,9.635,
1996-10-21,9.487,9.487,9.487,9.487,
1996-10-22,9.561,9.561,9.561,9.561,
1996-10-23,9.413,9.413,9.413,9.413,
1996-10-24,9.339,9.339,9.339,9.339,
1996-10-25,9.116,9.116,9.116,9.116,
1996-10-28,9.487,9.487,9.487,9.487,
1996-10-29,9.487,9.487,9.487,9.487,
1996-10-30,9.561,9.561,9.561,9.561,
1996-10-31,9.709,9.709,9.709,9.709,
1996-11-01,9.561,9.561,9.561,9.561,
1996-11-04,9.487,9.487,9.487,9.487,
1996-11-05,9.487,9.487,9.487,9.487,
1996-11-06,9.413,9.413,9.413,9.413,
1996-11-07,9.858,9.858,9.858,9.858,
1996-11-08,9.561,9.561,9.561,9.561,
1996-11-11,9.339,9.339,9.339,9.339,
1996-11-12,9.339,9.339,9.339,9.339,
1996-11-13,9.487,9.487,9.487,9.487,
1996-11-14,9.635,9.635,9.635,9.635,
1996-11-15,9.561,9.561,9.561,9.561,
1996-11-18,9.858,9.858,9.858,9.858,
1996-11-19,9.783,9.783,9.783,9.783,
1996-11-20,9.858,9.858,9.858,9.858,
1996-11-21,9.709,9.709,9.709,9.709,
1996-11-22,9.783,9.783,9.783,9.783,
1996-11-25,9.561,9.561,9.561,9.561,
1996-11-26,9.783,9.783,9.783,9.783,
1996-11-27,9.858,9.858,9.858,9.858,
1996-11-29,9.709,9.709,9.709,9.709,
1996-12-02,9.709,9.709,9.709,9.709,
1996-12-03,10.302,10.302,10.302,10.302,
1996-12-04,10.154,10.154,10.154,10.154,
1996-12-05,10.228,10.228,10.228,10.228,
1996-12-06,9.783,9.783,9.783,9.783,
1996-12-09,10.08,10.08,10.08,10.08,
1996-12-10,9.858,9.858,9.858,9.858,
1996-12-11,8.968,8.968,8.968,8.968,
1996-12-12,9.128,9.128,9.128,9.128,
1996-12-13,9.054,9.054,9.054,9.054,
1996-12-16,9.128,9.128,9.128,9.128,
1996-12-17,9.203,9.203,9.203,9.203,
1996-12-18,9.128,9.128,9.128,9.128,
1996-12-19,9.203,9.203,9.203,9.203,
1996-12-20,9.574,9.574,9.574,9.574,
1996-12-23,9.796,9.796,9.796,9.796,
1996-12-24,9.871,9.871,9.871,9.871,
1996-12-26,10.093,10.093,10.093,10.093,
1996-12-27,10.093,10.093,10.093,10.093,
1996-12-30,10.167,10.167,10.167,10.167,
1996-12-31,10.167,10.167,10.167,10.167,
1997-01-02,11.281,11.281,11.281,11.281,
1997-01-03,11.355,11.355,11.355,11.355,
1997-01-06,11.8,11.8,11.8,11.8,
1997-01-07,12.839,12.839,12.839,12.839,
1997-01-08,12.32,12.32,12.32,12.32,
1997-01-09,13.062,13.062,13.062,13.062,
1997-01-10,13.433,13.433,13.433,13.433,
1997-01-13,13.73,13.73,13.73,13.73,
1997-01-14,13.359,13.359,13.359,13.359,
1997-01-15,13.284,13.284,13.284,13.284,
1997-01-16,12.839,12.839,12.839,12.839,
1997-01-17,12.691,12.691,12.691,12.691,
1997-01-20,12.913,12.913,12.913,12.913,
1997-01-21,12.32,12.32,12.32,12.32,
1997-01-22,12.171,12.171,12.171,12.171,
1997-01-23,12.542,12.542,12.542,12.542,
1997-01-24,13.136,13.136,13.136,13.136,
1997-01-27,13.433,13.433,13.433,13.433,
1997-01-28,13.136,13.136,13.136,13.136,
1997-01-29,13.21,13.21,13.21,13.21,
1997-01-30,13.136,13.136,13.136,13.136,
1997-01-31,13.21,13.21,13.21,13.21,
1997-02-03,12.765,12.765,12.765,12.765,
1997-02-04,12.988,12.988,12.988,12.988,
1997-02-05,12.617,12.617,12.617,12.617,
1997-02-06,12.691,12.691,12.691,12.691,
1997-02-07,12.097,12.097,12.097,12.097,
1997-02-10,10.835,10.835,10.835,10.835,
1997-02-11,10.687,10.687,10.687,10.687,
1997-02-12,11.132,11.132,11.132,11.132,
1997-02-13,11.281,11.281,11.281,11.281,
1997-02-14,10.91,10.91,10.91,10.91,
1997-02-18,10.39,10.39,10.39,10.39,
1997-02-19,9.722,9.722,9.722,9.722,
1997-02-20,10.613,10.613,10.613,10.613,
1997-02-21,10.761,10.761,10.761,10.761,
1997-02-24,10.761,10.761,10.761,10.761,
1997-02-25,10.687,10.687,10.687,10.687,
1997-02-26,10.242,10.242,10.242,10.242,
1997-02-27,9.945,9.945,9.945,9.945,
1997-02-28,9.5,9.5,9.5,9.5,
1997-03-03,9.945,9.945,9.945,9.945,
1997-03-04,9.796,9.796,9.796,9.796,
1997-03-05,10.242,10.242,10.242,10.242,
1997-03-06,10.316,10.316,10.316,10.316,
1997-03-07,10.316,10.316,10.316,10.316,
1997-03-10,10.167,10.167,10.167,10.167,
1997-03-11,10.093,10.093,10.093,10.093,
1997-03-12,10.316,10.316,10.316,10.316,
1997-03-13,10.539,10.539,10.539,10.539,
1997-03-14,10.984,10.984,10.984,10.984,
1997-03-17,10.835,10.835,10.835,10.835,
1997-03-18,10.835,10.835,10.835,10.835,
1997-03-19,11.206,11.206,11.206,11.206,
1997-03-20,11.503,11.503,11.503,11.503,
1997-03-21,11.355,11.355,11.355,11.355,
1997-03-24,10.984,10.984,10.984,10.984,
1997-03-25,11.219,11.219,11.219,11.219,
1997-03-26,11.59,11.59,11.59,11.59,
1997-03-27,11.516,11.516,11.516,11.516,
1997-03-31,11.293,11.293,11.293,11.293,
1997-04-01,11.293,11.293,11.293,11.293,
1997-04-02,11.144,11.144,11.144,11.144,
1997-04-03,11.144,11.144,11.144,11.144,
1997-04-04,10.996,10.996,10.996,10.996,
1997-04-07,11.219,11.219,11.219,11.219,
1997-04-08,11.441,11.441,11.441,11.441,
1997-04-09,11.367,11.367,11.367,11.367,
1997-04-10,11.219,11.219,11.219,11.219,
1997-04-11,10.773,10.773,10.773,10.773,
1997-04-14,10.921,10.921,10.921,10.921,
1997-04-15,10.921,10.921,10.921,10.921,
1997-04-16,10.55,10.55,10.55,10.55,
1997-04-17,10.401,10.401,10.401,10.401,
1997-04-18,9.956,9.956,9.956,9.956,
1997-04-21,10.03,10.03,10.03,10.03,
1997-04-22,10.253,10.253,10.253,10.253,
1997-04-23,10.253,10.253,10.253,10.253,
1997-04-24,10.03,10.03,10.03,10.03,
1997-04-25,9.881,9.881,9.881,9.881,
1997-04-28,9.733,9.733,9.733,9.733,
1997-04-29,9.881,9.881,9.881,9.881,
1997-04-30,10.03,10.03,10.03,10.03,
1997-05-01,10.178,10.178,10.178,10.178,
1997-05-02,10.921,10.921,10.921,10.921,
1997-05-05,10.996,10.996,10.996,10.996,
1997-05-06,10.476,10.476,10.476,10.476,
1997-05-07,10.847,10.847,10.847,10.847,
1997-05-08,10.476,10.476,10.476,10.476,
1997-05-09,10.699,10.699,10.699,10.699,
1997-05-12,10.847,10.847,10.847,10.847,
1997-05-13,10.773,10.773,10.773,10.773,
1997-05-14,11.07,11.07,11.07,11.07,
1997-05-15,10.996,10.996,10.996,10.996,
1997-05-16,10.773,10.773,10.773,10.773,
1997-05-19,10.773,10.773,10.773,10.773,
1997-05-20,10.699,10.699,10.699,10.699,
1997-05-21,10.773,10.773,10.773,10.773,
1997-05-22,10.773,10.773,10.773,10.773,
1997-05-23,10.624,10.624,10.624,10.624,
1997-05-27,10.773,10.773,10.773,10.773,
1997-05-28,10.699,10.699,10.699,10.699,
1997-05-29,10.624,10.624,10.624,10.624,
1997-05-30,10.55,10.55,10.55,10.55,
1997-06-02,10.921,10.921,10.921,10.921,
1997-06-03,10.996,10.996,10.996,10.996,
1997-06-04,10.996,10.996,10.996,10.996,
1997-06-05,10.773,10.773,10.773,10.773,
1997-06-06,10.773,10.773,10.773,10.773,
1997-06-09,10.699,10.699,10.699,10.699,
1997-06-10,10.624,10.624,10.624,10.624,
1997-06-11,10.55,10.55,10.55,10.55,
1997-06-12,10.636,10.636,10.636,10.636,
1997-06-13,10.636,10.636,10.636,10.636,
1997-06-16,10.636,10.636,10.636,10.636,
1997-06-17,10.487,10.487,10.487,10.487,
1997-06-18,10.711,10.711,10.711,10.711,
1997-06-19,10.711,10.711,10.711,10.711,
1997-06-20,10.636,10.636,10.636,10.636,
1997-06-23,10.413,10.413,10.413,10.413,
1997-06-24,10.19,10.19,10.19,10.19,
1997-06-25,9.967,9.967,9.967,9.967,
1997-06-26,10.041,10.041,10.041,10.041,
1997-06-27,10.376,10.376,10.376,10.376,
1997-06-30,10.562,10.562,10.562,10.562,
1997-07-01,10.599,10.599,10.599,10.599,
1997-07-02,11.38,11.38,11.38,11.38,
1997-07-03,11.454,11.454,11.454,11.454,
1997-07-07,11.082,11.082,11.082,11.082,
1997-07-08,10.711,10.711,10.711,10.711,
1997-07-09,9.818,9.818,9.818,9.818,
1997-07-10,9.892,9.892,9.892,9.892,
1997-07-11,9.781,9.781,9.781,9.781,
1997-07-14,9.669,9.669,9.669,9.669,
1997-07-15,9.409,9.409,9.409,9.409,
1997-07-16,9.521,9.521,9.521,9.521,
1997-07-17,9.781,9.781,9.781,9.781,
1997-07-18,9.892,9.892,9.892,9.892,
1997-07-21,9.632,9.632,9.632,9.632,
1997-07-22,10.19,10.19,10.19,10.19,
1997-07-23,10.264,10.264,10.264,10.264,
1997-07-24,10.302,10.302,10.302,10.302,
1997-07-25,10.153,10.153,10.153,10.153,
1997-07-28,9.967,9.967,9.967,9.967,
1997-07-29,10.078,10.078,10.078,10.078,
1997-07-30,10.264,10.264,10.264,10.264,
1997-07-31,10.264,10.264,10.264,10.264,
1997-08-01,10.413,10.413,10.413,10.413,
1997-08-04,10.562,10.562,10.562,10.562,
1997-08-05,11.082,11.082,11.082,11.082,
1997-08-06,10.487,10.487,10.487,10.487,
1997-08-07,10.116,10.116,10.116,10.116,
1997-08-08,9.93,9.93,9.93,9.93,
1997-08-11,9.595,9.595,9.595,9.595,
1997-08-12,9.446,9.446,9.446,9.446,
1997-08-13,9.409,9.409,9.409,9.409,
1997-08-14,9.111,9.111,9.111,9.111,
1997-08-15,8.925,8.925,8.925,8.925,
1997-08-18,8.925,8.925,8.925,8.925,
1997-08-19,8.925,8.925,8.925,8.925,
1997-08-20,9.26,9.26,9.26,9.26,
1997-08-21,9.26,9.26,9.26,9.26,
1997-08-22,9.223,9.223,9.223,9.223,
1997-08-25,9.483,9.483,9.483,9.483,
1997-08-26,9.521,9.521,9.521,9.521,
1997-08-27,9.744,9.744,9.744,9.744,
1997-08-28,10.376,10.376,10.376,10.376,
1997-08-29,10.487,10.487,10.487,10.487,
1997-09-02,10.599,10.599,10.599,10.599,
1997-09-03,10.748,10.748,10.748,10.748,
1997-09-04,11.12,11.12,11.12,11.12,
1997-09-05,11.343,11.343,11.343,11.343,
1997-09-08,11.454,11.454,11.454,11.454,
1997-09-09,11.268,11.268,11.268,11.268,
1997-09-10,11.082,11.082,11.082,11.082,
1997-09-11,10.711,10.711,10.711,10.711,
1997-09-12,10.803,10.803,10.803,10.803,
1997-09-15,11.026,11.026,11.026,11.026,
1997-09-16,11.325,11.325,11.325,11.325,
1997-09-17,11.362,11.362,11.362,11.362,
1997-09-18,11.399,11.399,11.399,11.399,
1997-09-19,11.287,11.287,11.287,11.287,
1997-09-22,11.474,11.474,11.474,11.474,
1997-09-23,11.436,11.436,11.436,11.436,
1997-09-24,11.585,11.585,11.585,11.585,
1997-09-25,11.697,11.697,11.697,11.697,
1997-09-26,11.66,11.66,11.66,11.66,
1997-09-29,11.548,11.548,11.548,11.548,
1997-09-30,11.511,11.511,11.511,11.511,
1997-10-01,11.585,11.585,11.585,11.585,
1997-10-02,11.511,11.511,11.511,11.511,
1997-10-03,11.846,11.846,11.846,11.846,
1997-10-06,11.809,11.809,11.809,11.809,
1997-10-07,11.697,11.697,11.697,11.697,
1997-10-08,11.809,11.809,11.809,11.809,
1997-10-09,11.623,11.623,11.623,11.623,
1997-10-10,11.734,11.734,11.734,11.734,
1997-10-13,11.623,11.623,11.623,11.623,
1997-10-14,11.25,11.25,11.25,11.25,
1997-10-15,11.026,11.026,11.026,11.026,
1997-10-16,11.12,11.12,11.12,11.12,
1997-10-17,10.728,10.728,10.728,10.728,
1997-10-20,11.25,11.25,11.25,11.25,
1997-10-21,11.138,11.138,11.138,11.138,
1997-10-22,11.25,11.25,11.25,11.25,
1997-10-23,10.728,10.728,10.728,10.728,
1997-10-24,11.175,11.175,11.175,11.175,
1997-10-27,10.207,10.207,10.207,10.207,
1997-10-28,10.803,10.803,10.803,10.803,
1997-10-29,10.952,10.952,10.952,10.952,
1997-10-30,10.915,10.915,10.915,10.915,
1997-10-31,11.064,11.064,11.064,11.064,
1997-11-03,11.026,11.026,11.026,11.026,
1997-11-04,10.877,10.877,10.877,10.877,
1997-11-05,10.952,10.952,10.952,10.952,
1997-11-06,10.84,10.84,10.84,10.84,
1997-11-07,10.691,10.691,10.691,10.691,
1997-11-10,10.877,10.877,10.877,10.877,
1997-11-11,10.728,10.728,10.728,10.728,
1997-11-12,10.579,10.579,10.579,10.579,
1997-11-13,10.803,10.803,10.803,10.803,
1997-11-14,10.803,10.803,10.803,10.803,
1997-11-17,10.989,10.989,10.989,10.989,
1997-11-18,10.877,10.877,10.877,10.877,
1997-11-19,10.617,10.617,10.617,10.617,
1997-11-20,10.766,10.766,10.766,10.766,
1997-11-21,10.803,10.803,10.803,10.803,
1997-11-24,10.244,10.244,10.244,10.244,
1997-11-25,10.356,10.356,10.356,10.356,
1997-11-26,10.505,10.505,10.505,10.505,
1997-11-28,10.356,10.356,10.356,10.356,
1997-12-01,10.356,10.356,10.356,10.356,
1997-12-02,10.468,10.468,10.468,10.468,
1997-12-03,10.505,10.505,10.505,10.505,
1997-12-04,10.803,10.803,10.803,10.803,
1997-12-05,10.877,10.877,10.877,10.877,
1997-12-08,10.766,10.766,10.766,10.766,
1997-12-09,10.393,10.393,10.393,10.393,
1997-12-10,10.207,10.207,10.207,10.207,
1997-12-11,9.983,9.983,9.983,9.983,
1997-12-12,9.777,9.777,9.777,9.777,
1997-12-15,9.964,9.964,9.964,9.964,
1997-12-16,10.039,10.039,10.039,10.039,
1997-12-17,10.076,10.076,10.076,10.076,
1997-12-18,9.591,9.591,9.591,9.591,
1997-12-19,9.554,9.554,9.554,9.554,
1997-12-22,9.479,9.479,9.479,9.479,
1997-12-23,9.442,9.442,9.442,9.442,
1997-12-24,9.367,9.367,9.367,9.367,
1997-12-26,9.404,9.404,9.404,9.404,
1997-12-29,9.852,9.852,9.852,9.852,
1997-12-30,9.777,9.777,9.777,9.777,
1997-12-31,9.703,9.703,9.703,9.703,
1998-01-02,9.591,9.591,9.591,9.591,
1998-01-05,9.255,9.255,9.255,9.255,
1998-01-06,8.695,8.695,8.695,8.695,
1998-01-07,8.658,8.658,8.658,8.658,
1998-01-08,8.658,8.658,8.658,8.658,
1998-01-09,8.135,8.135,8.135,8.135,
1998-01-12,8.322,8.322,8.322,8.322,
1998-01-13,8.434,8.434,8.434,8.434,
1998-01-14,8.733,8.733,8.733,8.733,
1998-01-15,9.442,9.442,9.442,9.442,
1998-01-16,9.665,9.665,9.665,9.665,
1998-01-20,9.777,9.777,9.777,9.777,
1998-01-21,9.628,9.628,9.628,9.628,
1998-01-22,9.143,9.143,9.143,9.143,
1998-01-23,9.068,9.068,9.068,9.068,
1998-01-26,9.068,9.068,9.068,9.068,
1998-01-27,9.106,9.106,9.106,9.106,
1998-01-28,9.33,9.33,9.33,9.33,
1998-01-29,9.665,9.665,9.665,9.665,
1998-01-30,9.516,9.516,9.516,9.516,
1998-02-02,9.33,9.33,9.33,9.33,
1998-02-03,9.479,9.479,9.479,9.479,
1998-02-04,9.367,9.367,9.367,9.367,
1998-02-05,9.554,9.554,9.554,9.554,
1998-02-06,10.151,10.151,10.151,10.151,
1998-02-09,10.188,10.188,10.188,10.188,
1998-02-10,10.151,10.151,10.151,10.151,
1998-02-11,10.375,10.375,10.375,10.375,
1998-02-12,10.337,10.337,10.337,10.337,
1998-02-13,9.927,9.927,9.927,9.927,
1998-02-17,9.479,9.479,9.479,9.479,
1998-02-18,9.703,9.703,9.703,9.703,
1998-02-19,9.554,9.554,9.554,9.554,
1998-02-20,9.367,9.367,9.367,9.367,
1998-02-23,9.292,9.292,9.292,9.292,
1998-02-24,9.292,9.292,9.292,9.292,
1998-02-25,9.33,9.33,9.33,9.33,
1998-02-26,10.039,10.039,10.039,10.039,
1998-02-27,9.889,9.889,9.889,9.889,
1998-03-02,9.852,9.852,9.852,9.852,
1998-03-03,9.927,9.927,9.927,9.927,
1998-03-04,9.927,9.927,9.927,9.927,
1998-03-05,9.815,9.815,9.815,9.815,
1998-03-06,9.852,9.852,9.852,9.852,
1998-03-09,9.777,9.777,9.777,9.777,
1998-03-10,9.74,9.74,9.74,9.74,
1998-03-11,9.516,9.516,9.516,9.516,
1998-03-12,9.591,9.591,9.591,9.591,
1998-03-13,9.591,9.591,9.591,9.591,
1998-03-16,9.404,9.404,9.404,9.404,
1998-03-17,9.367,9.367,9.367,9.367,
1998-03-18,9.18,9.18,9.18,9.18,
1998-03-19,9.33,9.33,9.33,9.33,
1998-03-20,9.554,9.554,9.554,9.554,
1998-03-23,10.001,10.001,10.001,10.001,
1998-03-24,9.982,9.982,9.982,9.982,
1998-03-25,10.019,10.019,10.019,10.019,
1998-03-26,10.057,10.057,10.057,10.057,
1998-03-27,10.094,10.094,10.094,10.094,
1998-03-30,10.019,10.019,10.019,10.019,
1998-03-31,9.795,9.795,9.795,9.795,
1998-04-01,9.683,9.683,9.683,9.683,
1998-04-02,9.832,9.832,9.832,9.832,
1998-04-03,9.87,9.87,9.87,9.87,
1998-04-06,9.72,9.72,9.72,9.72,
1998-04-07,9.384,9.384,9.384,9.384,
1998-04-08,9.421,9.421,9.421,9.421,
1998-04-09,9.459,9.459,9.459,9.459,
1998-04-13,9.272,9.272,9.272,9.272,
1998-04-14,9.272,9.272,9.272,9.272,
1998-04-15,9.384,9.384,9.384,9.384,
1998-04-16,9.421,9.421,9.421,9.421,
1998-04-17,9.272,9.272,9.272,9.272,
1998-04-20,9.159,9.159,9.159,9.159,
1998-04-21,9.047,9.047,9.047,9.047,
1998-04-22,8.973,8.973,8.973,8.973,
1998-04-23,8.935,8.935,8.935,8.935,
1998-04-24,8.898,8.898,8.898,8.898,
1998-04-27,8.486,8.486,8.486,8.486,
1998-04-28,8.449,8.449,8.449,8.449,
1998-04-29,8.374,8.374,8.374,8.374,
1998-04-30,8.262,8.262,8.262,8.262,
1998-05-01,8.524,8.524,8.524,8.524,
1998-05-04,8.636,8.636,8.636,8.636,
1998-05-05,8.636,8.636,8.636,8.636,
1998-05-06,8.038,8.038,8.038,8.038,
1998-05-07,8.113,8.113,8.113,8.113,
1998-05-08,8.337,8.337,8.337,8.337,
1998-05-11,8.374,8.374,8.374,8.374,
1998-05-12,8.337,8.337,8.337,8.337,
1998-05-13,8.374,8.374,8.374,8.374,
1998-05-14,8.449,8.449,8.449,8.449,
1998-05-15,8.262,8.262,8.262,8.262,
1998-05-18,7.963,7.963,7.963,7.963,
1998-05-19,7.851,7.851,7.851,7.851,
1998-05-20,7.888,7.888,7.888,7.888,
1998-05-21,7.627,7.627,7.627,7.627,
1998-05-22,7.365,7.365,7.365,7.365,
1998-05-26,7.215,7.215,7.215,7.215,
1998-05-27,7.141,7.141,7.141,7.141,
1998-05-28,7.29,7.29,7.29,7.29,
1998-05-29,7.253,7.253,7.253,7.253,
1998-06-01,7.178,7.178,7.178,7.178,
1998-06-02,7.028,7.028,7.028,7.028,
1998-06-03,6.729,6.729,6.729,6.729,
1998-06-04,6.767,6.767,6.767,6.767,
1998-06-05,6.916,6.916,6.916,6.916,
1998-06-08,6.804,6.804,6.804,6.804,
1998-06-09,6.58,6.58,6.58,6.58,
1998-06-10,6.43,6.43,6.43,6.43,
1998-06-11,6.036,6.036,6.036,6.036,
1998-06-12,5.998,5.998,5.998,5.998,
1998-06-15,5.848,5.848,5.848,5.848,
1998-06-16,6.111,6.111,6.111,6.111,
1998-06-17,6.186,6.186,6.186,6.186,
1998-06-18,6.111,6.111,6.111,6.111,
1998-06-19,6.186,6.186,6.186,6.186,
1998-06-22,6.111,6.111,6.111,6.111,
1998-06-23,6.411,6.411,6.411,6.411,
1998-06-24,6.486,6.486,6.486,6.486,
1998-06-25,6.486,6.486,6.486,6.486,
1998-06-26,6.298,6.298,6.298,6.298,
1998-06-29,5.998,5.998,5.998,5.998,
1998-06-30,6.261,6.261,6.261,6.261,
1998-07-01,6.186,6.186,6.186,6.186,
1998-07-02,6.111,6.111,6.111,6.111,
1998-07-06,6.261,6.261,6.261,6.261,
1998-07-07,6.298,6.298,6.298,6.298,
1998-07-08,6.223,6.223,6.223,6.223,
1998-07-09,6.148,6.148,6.148,6.148,
1998-07-10,6.186,6.186,6.186,6.186,
1998-07-13,6.073,6.073,6.073,6.073,
1998-07-14,6.073,6.073,6.073,6.073,
1998-07-15,6.036,6.036,6.036,6.036,
1998-07-16,6.111,6.111,6.111,6.111,
1998-07-17,6.111,6.111,6.111,6.111,
1998-07-20,5.848,5.848,5.848,5.848,
1998-07-21,5.736,5.736,5.736,5.736,
1998-07-22,5.286,5.286,5.286,5.286,
1998-07-23,5.099,5.099,5.099,5.099,
1998-07-24,5.061,5.061,5.061,5.061,
1998-07-27,4.949,4.949,4.949,4.949,
1998-07-28,4.724,4.724,4.724,4.724,
1998-07-29,4.611,4.611,4.611,4.611,
1998-07-30,4.761,4.761,4.761,4.761,
1998-07-31,4.649,4.649,4.649,4.649,
1998-08-03,4.574,4.574,4.574,4.574,
1998-08-04,4.199,4.199,4.199,4.199,
1998-08-05,4.274,4.274,4.274,4.274,
1998-08-06,4.386,4.386,4.386,4.386,
1998-08-07,4.799,4.799,4.799,4.799,
1998-08-10,4.686,4.686,4.686,4.686,
1998-08-11,4.574,4.574,4.574,4.574,
1998-08-12,4.424,4.424,4.424,4.424,
1998-08-13,4.611,4.611,4.611,4.611,
1998-08-14,4.836,4.836,4.836,4.836,
1998-08-17,4.911,4.911,4.911,4.911,
1998-08-18,4.911,4.911,4.911,4.911,
1998-08-19,4.836,4.836,4.836,4.836,
1998-08-20,4.799,4.799,4.799,4.799,
1998-08-21,4.724,4.724,4.724,4.724,
1998-08-24,4.649,4.649,4.649,4.649,
1998-08-25,4.649,4.649,4.649,4.649,
1998-08-26,4.611,4.611,4.611,4.611,
1998-08-27,4.236,4.236,4.236,4.236,
1998-08-28,4.236,4.236,4.236,4.236,
1998-08-31,4.086,4.086,4.086,4.086,
1998-09-01,3.824,3.824,3.824,3.824,
1998-09-02,3.674,3.674,3.674,3.674,
1998-09-03,3.637,3.637,3.637,3.637,
1998-09-04,3.786,3.786,3.786,3.786,
1998-09-08,4.124,4.124,4.124,4.124,
1998-09-09,4.124,4.124,4.124,4.124,
1998-09-10,4.049,4.049,4.049,4.049,
1998-09-11,4.11,4.11,4.11,4.11,
1998-09-14,4.643,4.643,4.643,4.643,
1998-09-15,4.643,4.643,4.643,4.643,
1998-09-16,4.833,4.833,4.833,4.833,
1998-09-17,4.605,4.605,4.605,4.605,
1998-09-18,4.643,4.643,4.643,4.643,
1998-09-21,4.643,4.643,4.643,4.643,
1998-09-22,4.605,4.605,4.605,4.605,
1998-09-23,4.643,4.643,4.643,4.643,
1998-09-24,4.605,4.605,4.605,4.605,
1998-09-25,4.528,4.528,4.528,4.528,
1998-09-28,4.3,4.3,4.3,4.3,
1998-09-29,4.186,4.186,4.186,4.186,
1998-09-30,4.338,4.338,4.338,4.338,
1998-10-01,4.148,4.148,4.148,4.148,
1998-10-02,3.805,3.805,3.805,3.805,
1998-10-05,3.539,3.539,3.539,3.539,
1998-10-06,3.691,3.691,3.691,3.691,
1998-10-07,3.577,3.577,3.577,3.577,
1998-10-08,3.12,3.12,3.12,3.12,
1998-10-09,3.006,3.006,3.006,3.006,
1998-10-12,2.93,2.93,2.93,2.93,
1998-10-13,2.664,2.664,2.664,2.664,
1998-10-14,2.664,2.664,2.664,2.664,
1998-10-15,2.55,2.55,2.55,2.55,
1998-10-16,2.207,2.207,2.207,2.207,
1998-10-19,3.387,3.387,3.387,3.387,
1998-10-20,3.501,3.501,3.501,3.501,
1998-10-21,3.273,3.273,3.273,3.273,
1998-10-22,3.653,3.653,3.653,3.653,
1998-10-23,3.843,3.843,3.843,3.843,
1998-10-26,3.881,3.881,3.881,3.881,
1998-10-27,3.92,3.92,3.92,3.92,
1998-10-28,3.881,3.881,3.881,3.881,
1998-10-29,3.653,3.653,3.653,3.653,
1998-10-30,3.463,3.463,3.463,3.463,
1998-11-02,3.805,3.805,3.805,3.805,
1998-11-03,3.843,3.843,3.843,3.843,
1998-11-04,3.881,3.881,3.881,3.881,
1998-11-05,3.92,3.92,3.92,3.92,
1998-11-06,3.92,3.92,3.92,3.92,
1998-11-09,3.881,3.881,3.881,3.881,
1998-11-10,3.691,3.691,3.691,3.691,
1998-11-11,3.387,3.387,3.387,3.387,
1998-11-12,3.463,3.463,3.463,3.463,
1998-11-13,3.615,3.615,3.615,3.615,
1998-11-16,3.615,3.615,3.615,3.615,
1998-11-17,3.539,3.539,3.539,3.539,
1998-11-18,3.501,3.501,3.501,3.501,
1998-11-19,3.044,3.044,3.044,3.044,
1998-11-20,2.854,2.854,2.854,2.854,
1998-11-23,2.816,2.816,2.816,2.816,
1998-11-24,2.702,2.702,2.702,2.702,
1998-11-25,2.816,2.816,2.816,2.816,
1998-11-27,2.854,2.854,2.854,2.854,
1998-11-30,2.55,2.55,2.55,2.55,
1998-12-01,2.397,2.397,2.397,2.397,
1998-12-02,2.283,2.283,2.283,2.283,
1998-12-03,1.979,1.979,1.979,1.979,
1998-12-04,2.093,2.093,2.093,2.093,
1998-12-07,2.359,2.359,2.359,2.359,
1998-12-08,2.626,2.626,2.626,2.626,
1998-12-09,2.588,2.588,2.588,2.588,
1998-12-10,2.55,2.55,2.55,2.55,
1998-12-11,2.397,2.397,2.397,2.397,
1998-12-14,2.321,2.321,2.321,2.321,
1998-12-15,2.245,2.245,2.245,2.245,
1998-12-16,2.245,2.245,2.245,2.245,
1998-12-17,2.033,2.033,2.033,2.033,
1998-12-18,1.995,1.995,1.995,1.995,
1998-12-21,2.033,2.033,2.033,2.033,
1998-12-22,1.957,1.957,1.957,1.957,
1998-12-23,1.842,1.842,1.842,1.842,
1998-12-24,1.957,1.957,1.957,1.957,
1998-12-28,1.803,1.803,1.803,1.803,
1998-12-29,2.072,2.072,2.072,2.072,
1998-12-30,2.148,2.148,2.148,2.148,
1998-12-31,2.11,2.11,2.11,2.11,
1999-01-04,2.225,2.225,2.225,2.225,
1999-01-05,2.225,2.225,2.225,2.225,
1999-01-06,2.187,2.187,2.187,2.187,
1999-01-07,2.187,2.187,2.187,2.187,
1999-01-08,2.302,2.302,2.302,2.302,
1999-01-11,2.302,2.302,2.302,2.302,
1999-01-12,2.148,2.148,2.148,2.148,
1999-01-13,2.072,2.072,2.072,2.072,
1999-01-14,1.957,1.957,1.957,1.957,
1999-01-15,2.148,2.148,2.148,2.148,
1999-01-19,2.072,2.072,2.072,2.072,
1999-01-20,2.072,2.072,2.072,2.072,
1999-01-21,2.033,2.033,2.033,2.033,
1999-01-22,1.918,1.918,1.918,1.918,
1999-01-25,1.88,1.88,1.88,1.88,
1999-01-26,1.611,1.611,1.611,1.611,
1999-01-27,1.65,1.65,1.65,1.65,
1999-01-28,1.842,1.842,1.842,1.842,
1999-01-29,1.88,1.88,1.88,1.88,
1999-02-01,1.765,1.765,1.765,1.765,
1999-02-02,1.726,1.726,1.726,1.726,
1999-02-03,1.496,1.496,1.496,1.496,
1999-02-04,1.573,1.573,1.573,1.573,
1999-02-05,1.381,1.381,1.381,1.381,
1999-02-08,1.458,1.458,1.458,1.458,
1999-02-09,1.381,1.381,1.381,1.381,
1999-02-10,1.343,1.343,1.343,1.343,
1999-02-11,1.304,1.304,1.304,1.304,
1999-02-12,1.304,1.304,1.304,1.304,
1999-02-16,1.304,1.304,1.304,1.304,
1999-02-17,1.228,1.228,1.228,1.228,
1999-02-18,1.228,1.228,1.228,1.228,
1999-02-19,1.343,1.343,1.343,1.343,
1999-02-22,1.381,1.381,1.381,1.381,
1999-02-23,1.42,1.42,1.42,1.42,
1999-02-24,1.343,1.343,1.343,1.343,
1999-02-25,1.381,1.381,1.381,1.381,
1999-02-26,1.189,1.189,1.189,1.189,
1999-03-01,1.151,1.151,1.151,1.151,
1999-03-02,1.228,1.228,1.228,1.228,
1999-03-03,1.304,1.304,1.304,1.304,
1999-03-04,1.381,1.381,1.381,1.381,
1999-03-05,1.381,1.381,1.381,1.381,
1999-03-08,1.573,1.573,1.573,1.573,
1999-03-09,1.573,1.573,1.573,1.573,
1999-03-10,1.726,1.726,1.726,1.726,
1999-03-11,1.611,1.611,1.611,1.611,
1999-03-12,1.726,1.726,1.726,1.726,
1999-03-15,1.765,1.765,1.765,1.765,
1999-03-16,1.611,1.611,1.611,1.611,
1999-03-17,1.496,1.496,1.496,1.496,
1999-03-18,1.496,1.496,1.496,1.496,
1999-03-19,1.765,1.765,1.765,1.765,
1999-03-22,1.842,1.842,1.842,1.842,
1999-03-23,1.688,1.688,1.688,1.688,
1999-03-24,1.726,1.726,1.726,1.726,
1999-03-25,1.771,1.771,1.771,1.771,
1999-03-26,1.964,1.964,1.964,1.964,
1999-03-29,2.156,2.156,2.156,2.156,
1999-03-30,2.041,2.041,2.041,2.041,
1999-03-31,2.156,2.156,2.156,2.156,
1999-04-01,1.925,1.925,1.925,1.925,
1999-04-05,2.002,2.002,2.002,2.002,
1999-04-06,1.887,1.887,1.887,1.887,
1999-04-07,1.579,1.579,1.579,1.579,
1999-04-08,1.463,1.463,1.463,1.463,
1999-04-09,1.656,1.656,1.656,1.656,
1999-04-12,1.617,1.617,1.617,1.617,
1999-04-13,1.617,1.617,1.617,1.617,
1999-04-14,1.694,1.694,1.694,1.694,
1999-04-15,1.656,1.656,1.656,1.656,
1999-04-16,1.848,1.848,1.848,1.848,
1999-04-19,1.964,1.964,1.964,1.964,
1999-04-20,1.925,1.925,1.925,1.925,
1999-04-21,2.118,2.118,2.118,2.118,
1999-04-22,2.387,2.387,2.387,2.387,
1999-04-23,2.31,2.31,2.31,2.31,
1999-04-26,2.272,2.272,2.272,2.272,
1999-04-27,2.31,2.31,2.31,2.31,
1999-04-28,2.426,2.426,2.426,2.426,
1999-04-29,2.426,2.426,2.426,2.426,
1999-04-30,3.08,3.08,3.08,3.08,
1999-05-03,3.157,3.157,3.157,3.157,
1999-05-04,3.08,3.08,3.08,3.08,
1999-05-05,2.926,2.926,2.926,2.926,
1999-05-06,2.811,2.811,2.811,2.811,
1999-05-07,2.695,2.695,2.695,2.695,
1999-05-10,2.734,2.734,2.734,2.734,
1999-05-11,2.734,2.734,2.734,2.734,
1999-05-12,2.58,2.58,2.58,2.58,
1999-05-13,2.734,2.734,2.734,2.734,
1999-05-14,2.772,2.772,2.772,2.772,
1999-05-17,2.541,2.541,2.541,2.541,
1999-05-18,2.503,2.503,2.503,2.503,
1999-05-19,2.503,2.503,2.503,2.503,
1999-05-20,2.58,2.58,2.58,2.58,
1999-05-21,2.657,2.657,2.657,2.657,
1999-05-24,2.811,2.811,2.811,2.811,
1999-05-25,2.734,2.734,2.734,2.734,
1999-05-26,2.926,2.926,2.926,2.926,
1999-05-27,2.965,2.965,2.965,2.965,
1999-05-28,2.965,2.965,2.965,2.965,
1999-06-01,2.888,2.888,2.888,2.888,
1999-06-02,2.772,2.772,2.772,2.772,
1999-06-03,2.849,2.849,2.849,2.849,
1999-06-04,2.926,2.926,2.926,2.926,
1999-06-07,2.888,2.888,2.888,2.888,
1999-06-08,2.965,2.965,2.965,2.965,
1999-06-09,3.08,3.08,3.08,3.08,
1999-06-10,2.926,2.926,2.926,2.926,
1999-06-11,3.048,3.048,3.048,3.048,
1999-06-14,3.087,3.087,3.087,3.087,
1999-06-15,3.125,3.125,3.125,3.125,
1999-06-16,3.125,3.125,3.125,3.125,
1999-06-17,3.164,3.164,3.164,3.164,
1999-06-18,3.665,3.665,3.665,3.665,
1999-06-21,3.627,3.627,3.627,3.627,
1999-06-22,3.665,3.665,3.665,3.665,
1999-06-23,3.897,3.897,3.897,3.897,
1999-06-24,4.013,4.013,4.013,4.013,
1999-06-25,4.013,4.013,4.013,4.013,
1999-06-28,4.09,4.09,4.09,4.09,
1999-06-29,4.321,4.321,4.321,4.321,
1999-06-30,3.781,3.781,3.781,3.781,
1999-07-01,4.013,4.013,4.013,4.013,
1999-07-02,3.974,3.974,3.974,3.974,
1999-07-06,3.897,3.897,3.897,3.897,
1999-07-07,3.743,3.743,3.743,3.743,
1999-07-08,3.858,3.858,3.858,3.858,
1999-07-09,3.974,3.974,3.974,3.974,
1999-07-12,3.704,3.704,3.704,3.704,
1999-07-13,3.55,3.55,3.55,3.55,
1999-07-14,3.588,3.588,3.588,3.588,
1999-07-15,3.665,3.665,3.665,3.665,
1999-07-16,3.627,3.627,3.627,3.627,
1999-07-19,3.588,3.588,3.588,3.588,
1999-07-20,3.55,3.55,3.55,3.55,
1999-07-21,3.434,3.434,3.434,3.434,
1999-07-22,3.395,3.395,3.395,3.395,
1999-07-23,3.395,3.395,3.395,3.395,
1999-07-26,3.395,3.395,3.395,3.395,
1999-07-27,3.395,3.395,3.395,3.395,
1999-07-28,3.434,3.434,3.434,3.434,
1999-07-29,3.434,3.434,3.434,3.434,
1999-07-30,3.936,3.936,3.936,3.936,
1999-08-02,3.665,3.665,3.665,3.665,
1999-08-03,3.511,3.511,3.511,3.511,
1999-08-04,3.473,3.473,3.473,3.473,
1999-08-05,3.473,3.473,3.473,3.473,
1999-08-06,3.434,3.434,3.434,3.434,
1999-08-09,3.473,3.473,3.473,3.473,
1999-08-10,3.395,3.395,3.395,3.395,
1999-08-11,3.434,3.434,3.434,3.434,
1999-08-12,3.473,3.473,3.473,3.473,
1999-08-13,3.434,3.434,3.434,3.434,
1999-08-16,3.395,3.395,3.395,3.395,
1999-08-17,3.395,3.395,3.395,3.395,
1999-08-18,3.318,3.318,3.318,3.318,
1999-08-19,3.357,3.357,3.357,3.357,
1999-08-20,3.28,3.28,3.28,3.28,
1999-08-23,3.048,3.048,3.048,3.048,
1999-08-24,3.048,3.048,3.048,3.048,
1999-08-25,3.01,3.01,3.01,3.01,
1999-08-26,3.01,3.01,3.01,3.01,
1999-08-27,2.971,2.971,2.971,2.971,
1999-08-30,2.932,2.932,2.932,2.932,
1999-08-31,3.395,3.395,3.395,3.395,
1999-09-01,3.318,3.318,3.318,3.318,
1999-09-02,3.164,3.164,3.164,3.164,
1999-09-03,3.202,3.202,3.202,3.202,
1999-09-07,3.125,3.125,3.125,3.125,
1999-09-08,3.202,3.202,3.202,3.202,
1999-09-09,3.434,3.434,3.434,3.434,
1999-09-10,3.473,3.473,3.473,3.473,
1999-09-13,3.401,3.401,3.401,3.401,
1999-09-14,3.363,3.363,3.363,3.363,
1999-09-15,3.247,3.247,3.247,3.247,
1999-09-16,3.131,3.131,3.131,3.131,
1999-09-17,3.17,3.17,3.17,3.17,
1999-09-20,3.054,3.054,3.054,3.054,
1999-09-21,2.938,2.938,2.938,2.938,
1999-09-22,2.86,2.86,2.86,2.86,
1999-09-23,2.628,2.628,2.628,2.628,
1999-09-24,2.551,2.551,2.551,2.551,
1999-09-27,2.822,2.822,2.822,2.822,
1999-09-28,3.092,3.092,3.092,3.092,
1999-09-29,2.86,2.86,2.86,2.86,
1999-09-30,3.054,3.054,3.054,3.054,
1999-10-01,2.86,2.86,2.86,2.86,
1999-10-04,2.86,2.86,2.86,2.86,
1999-10-05,2.59,2.59,2.59,2.59,
1999-10-06,2.628,2.628,2.628,2.628,
1999-10-07,2.474,2.474,2.474,2.474,
1999-10-08,2.396,2.396,2.396,2.396,
1999-10-11,2.474,2.474,2.474,2.474,
1999-10-12,2.396,2.396,2.396,2.396,
1999-10-13,2.435,2.435,2.435,2.435,
1999-10-14,2.474,2.474,2.474,2.474,
1999-10-15,2.435,2.435,2.435,2.435,
1999-10-18,2.358,2.358,2.358,2.358,
1999-10-19,2.474,2.474,2.474,2.474,
1999-10-20,2.551,2.551,2.551,2.551,
1999-10-21,2.783,2.783,2.783,2.783,
1999-10-22,2.822,2.822,2.822,2.822,
1999-10-25,2.706,2.706,2.706,2.706,
1999-10-26,2.512,2.512,2.512,2.512,
1999-10-27,2.59,2.59,2.59,2.59,
1999-10-28,2.358,2.358,2.358,2.358,
1999-10-29,2.319,2.319,2.319,2.319,
1999-11-01,2.396,2.396,2.396,2.396,
1999-11-02,2.551,2.551,2.551,2.551,
1999-11-03,2.396,2.396,2.396,2.396,
1999-11-04,2.358,2.358,2.358,2.358,
1999-11-05,2.281,2.281,2.281,2.281,
1999-11-08,2.203,2.203,2.203,2.203,
1999-11-09,2.049,2.049,2.049,2.049,
1999-11-10,1.971,1.971,1.971,1.971,
1999-11-11,2.049,2.049,2.049,2.049,
1999-11-12,2.126,2.126,2.126,2.126,
1999-11-15,2.087,2.087,2.087,2.087,
1999-11-16,2.396,2.396,2.396,2.396,
1999-11-17,2.551,2.551,2.551,2.551,
1999-11-18,2.512,2.512,2.512,2.512,
1999-11-19,2.512,2.512,2.512,2.512,
1999-11-22,2.396,2.396,2.396,2.396,
1999-11-23,2.474,2.474,2.474,2.474,
1999-11-24,2.203,2.203,2.203,2.203,
1999-11-26,2.165,2.165,2.165,2.165,
1999-11-29,2.126,2.126,2.126,2.126,
1999-11-30,2.049,2.049,2.049,2.049,
1999-12-01,2.049,2.049,2.049,2.049,
1999-12-02,1.894,1.894,1.894,1.894,
1999-12-03,1.894,1.894,1.894,1.894,
1999-12-06,1.778,1.778,1.778,1.778,
1999-12-07,1.778,1.778,1.778,1.778,
1999-12-08,1.701,1.701,1.701,1.701,
1999-12-09,1.585,1.585,1.585,1.585,
1999-12-10,1.817,1.817,1.817,1.817,
1999-12-13,1.701,1.701,1.701,1.701,
1999-12-14,1.778,1.778,1.778,1.778,
1999-12-15,1.778,1.778,1.778,1.778,
1999-12-16,1.701,1.701,1.701,1.701,
1999-12-17,1.739,1.739,1.739,1.739,
1999-12-20,1.739,1.739,1.739,1.739,
1999-12-21,1.701,1.701,1.701,1.701,
1999-12-22,1.739,1.739,1.739,1.739,
1999-12-23,1.662,1.662,1.662,1.662,
1999-12-27,1.662,1.662,1.662,1.662,
1999-12-28,1.662,1.662,1.662,1.662,
1999-12-29,1.585,1.585,1.585,1.585,
1999-12-30,1.585,1.585,1.585,1.585,
1999-12-31,1.971,1.971,1.971,1.971,
2000-01-03,1.739,1.739,1.739,1.739,
2000-01-04,1.701,1.701,1.701,1.701,
2000-01-05,1.662,1.662,1.662,1.662,
2000-01-06,1.701,1.701,1.701,1.701,
2000-01-07,1.701,1.701,1.701,1.701,
2000-01-10,1.662,1.662,1.662,1.662,
2000-01-11,1.623,1.623,1.623,1.623,
2000-01-12,1.585,1.585,1.585,1.585,
2000-01-13,1.701,1.701,1.701,1.701,
2000-01-14,1.817,1.817,1.817,1.817,
2000-01-18,1.971,1.971,1.971,1.971,
2000-01-19,2.01,2.01,2.01,2.01,
2000-01-20,1.933,1.933,1.933,1.933,
2000-01-21,1.817,1.817,1.817,1.817,
2000-01-24,1.739,1.739,1.739,1.739,
2000-01-25,1.817,1.817,1.817,1.817,
2000-01-26,1.778,1.778,1.778,1.778,
2000-01-27,1.701,1.701,1.701,1.701,
2000-01-28,1.662,1.662,1.662,1.662,
2000-01-31,1.662,1.662,1.662,1.662,
2000-02-01,1.739,1.739,1.739,1.739,
2000-02-02,1.701,1.701,1.701,1.701,
2000-02-03,1.701,1.701,1.701,1.701,
2000-02-04,1.701,1.701,1.701,1.701,
2000-02-07,1.701,1.701,1.701,1.701,
2000-02-08,1.662,1.662,1.662,1.662,
2000-02-09,1.623,1.623,1.623,1.623,
2000-02-10,1.585,1.585,1.585,1.585,
2000-02-11,1.585,1.585,1.585,1.585,
2000-02-14,1.43,1.43,1.43,1.43,
2000-02-15,1.43,1.43,1.43,1.43,
2000-02-16,1.507,1.507,1.507,1.507,
2000-02-17,1.43,1.43,1.43,1.43,
2000-02-18,1.276,1.276,1.276,1.276,
2000-02-22,1.314,1.314,1.314,1.314,
2000-02-23,1.237,1.237,1.237,1.237,
2000-02-24,1.237,1.237,1.237,1.237,
2000-02-25,1.198,1.198,1.198,1.198,
2000-02-28,1.198,1.198,1.198,1.198,
2000-02-29,1.237,1.237,1.237,1.237,
2000-03-01,1.353,1.353,1.353,1.353,
2000-03-02,1.546,1.546,1.546,1.546,
2000-03-03,1.469,1.469,1.469,1.469,
2000-03-06,1.546,1.546,1.546,1.546,
2000-03-07,1.701,1.701,1.701,1.701,
2000-03-08,1.662,1.662,1.662,1.662,
2000-03-09,1.392,1.392,1.392,1.392,
2000-03-10,1.314,1.314,1.314,1.314,
2000-03-13,1.237,1.237,1.237,1.237,
2000-03-14,1.237,1.237,1.237,1.237,
2000-03-15,1.198,1.198,1.198,1.198,
2000-03-16,1.198,1.198,1.198,1.198,
2000-03-17,1.198,1.198,1.198,1.198,
2000-03-20,1.198,1.198,1.198,1.198,
2000-03-21,1.237,1.237,1.237,1.237,
2000-03-22,1.237,1.237,1.237,1.237,
2000-03-23,1.237,1.237,1.237,1.237,
2000-03-24,1.237,1.237,1.237,1.237,
2000-03-27,1.276,1.276,1.276,1.276,
2000-03-28,1.469,1.469,1.469,1.469,
2000-03-29,1.43,1.43,1.43,1.43,
2000-03-30,1.392,1.392,1.392,1.392,
2000-03-31,1.314,1.314,1.314,1.314,
2000-04-03,1.276,1.276,1.276,1.276,
2000-04-04,1.198,1.198,1.198,1.198,
2000-04-05,1.237,1.237,1.237,1.237,
2000-04-06,1.198,1.198,1.198,1.198,
2000-04-07,1.198,1.198,1.198,1.198,
2000-04-10,1.198,1.198,1.198,1.198,
2000-04-11,1.198,1.198,1.198,1.198,
2000-04-12,1.16,1.16,1.16,1.16,
2000-04-13,1.237,1.237,1.237,1.237,
2000-04-14,1.121,1.121,1.121,1.121,
2000-04-17,1.082,1.082,1.082,1.082,
2000-04-18,1.121,1.121,1.121,1.121,
2000-04-19,1.082,1.082,1.082,1.082,
2000-04-20,1.121,1.121,1.121,1.121,
2000-04-24,1.121,1.121,1.121,1.121,
2000-04-25,1.082,1.082,1.082,1.082,
2000-04-26,0.928,0.928,0.928,0.928,
2000-04-27,0.928,0.928,0.928,0.928,
2000-04-28,0.889,0.889,0.889,0.889,
2000-05-01,0.928,0.928,0.928,0.928,
2000-05-02,0.928,0.928,0.928,0.928,
2000-05-03,1.005,1.005,1.005,1.005,
2000-05-04,1.082,1.082,1.082,1.082,
2000-05-05,1.082,1.082,1.082,1.082,
2000-05-08,1.082,1.082,1.082,1.082,
2000-05-09,1.044,1.044,1.044,1.044,
2000-05-10,1.044,1.044,1.044,1.044,
2000-05-11,1.121,1.121,1.121,1.121,
2000-05-12,1.237,1.237,1.237,1.237,
2000-05-15,1.353,1.353,1.353,1.353,
2000-05-16,1.353,1.353,1.353,1.353,
2000-05-17,1.469,1.469,1.469,1.469,
2000-05-18,1.701,1.701,1.701,1.701,
2000-05-19,1.701,1.701,1.701,1.701,
2000-05-22,1.778,1.778,1.778,1.778,
2000-05-23,1.662,1.662,1.662,1.662,
2000-05-24,1.623,1.623,1.623,1.623,
2000-05-25,1.585,1.585,1.585,1.585,
2000-05-26,1.623,1.623,1.623,1.623,
2000-05-30,1.623,1.623,1.623,1.623,
2000-05-31,1.739,1.739,1.739,1.739,
2000-06-01,1.894,1.894,1.894,1.894,
2000-06-02,1.817,1.817,1.817,1.817,
2000-06-05,1.778,1.778,1.778,1.778,
2000-06-06,1.817,1.817,1.817,1.817,
2000-06-07,1.817,1.817,1.817,1.817,
2000-06-08,1.817,1.817,1.817,1.817,
2000-06-09,1.739,1.739,1.739,1.739,
2000-06-12,1.778,1.778,1.778,1.778,
2000-06-13,1.778,1.778,1.778,1.778,
2000-06-14,1.778,1.778,1.778,1.778,
2000-06-15,1.585,1.585,1.585,1.585,
2000-06-16,1.623,1.623,1.623,1.623,
2000-06-19,1.778,1.778,1.778,1.778,
2000-06-20,1.855,1.855,1.855,1.855,
2000-06-21,1.971,1.971,1.971,1.971,
2000-06-22,1.894,1.894,1.894,1.894,
2000-06-23,1.933,1.933,1.933,1.933,
2000-06-26,1.933,1.933,1.933,1.933,
2000-06-27,1.894,1.894,1.894,1.894,
2000-06-28,1.933,1.933,1.933,1.933,
2000-06-29,1.855,1.855,1.855,1.855,
2000-06-30,1.933,1.933,1.933,1.933,
2000-07-03,1.933,1.933,1.933,1.933,
2000-07-05,1.817,1.817,1.817,1.817,
2000-07-06,1.855,1.855,1.855,1.855,
2000-07-07,1.855,1.855,1.855,1.855,
2000-07-10,1.855,1.855,1.855,1.855,
2000-07-11,1.855,1.855,1.855,1.855,
2000-07-12,1.933,1.933,1.933,1.933,
2000-07-13,2.01,2.01,2.01,2.01,
2000-07-14,2.203,2.203,2.203,2.203,
2000-07-17,2.126,2.126,2.126,2.126,
2000-07-18,2.281,2.281,2.281,2.281,
2000-07-19,2.203,2.203,2.203,2.203,
2000-07-20,2.165,2.165,2.165,2.165,
2000-07-21,2.126,2.126,2.126,2.126,
2000-07-24,1.971,1.971,1.971,1.971,
2000-07-25,1.933,1.933,1.933,1.933,
2000-07-26,1.817,1.817,1.817,1.817,
2000-07-27,1.855,1.855,1.855,1.855,
2000-07-28,1.855,1.855,1.855,1.855,
2000-07-31,1.855,1.855,1.855,1.855,
2000-08-01,1.855,1.855,1.855,1.855,
2000-08-02,1.894,1.894,1.894,1.894,
2000-08-03,1.971,1.971,1.971,1.971,
2000-08-04,2.049,2.049,2.049,2.049,
2000-08-07,2.049,2.049,2.049,2.049,
2000-08-08,2.242,2.242,2.242,2.242,
2000-08-09,2.281,2.281,2.281,2.281,
2000-08-10,2.319,2.319,2.319,2.319,
2000-08-11,2.319,2.319,2.319,2.319,
2000-08-14,2.319,2.319,2.319,2.319,
2000-08-15,2.435,2.435,2.435,2.435,
2000-08-16,2.512,2.512,2.512,2.512,
2000-08-17,2.551,2.551,2.551,2.551,
2000-08-18,2.474,2.474,2.474,2.474,
2000-08-21,2.628,2.628,2.628,2.628,
2000-08-22,2.783,2.783,2.783,2.783,
2000-08-23,2.938,2.938,2.938,2.938,
2000-08-24,2.86,2.86,2.86,2.86,
2000-08-25,3.015,3.015,3.015,3.015,
2000-08-28,2.938,2.938,2.938,2.938,
2000-08-29,2.976,2.976,2.976,2.976,
2000-08-30,3.015,3.015,3.015,3.015,
2000-08-31,3.092,3.092,3.092,3.092,
2000-09-01,3.208,3.208,3.208,3.208,
2000-09-05,3.015,3.015,3.015,3.015,
2000-09-06,3.054,3.054,3.054,3.054,
2000-09-07,3.131,3.131,3.131,3.131,
2000-09-08,2.976,2.976,2.976,2.976,
2000-09-11,2.938,2.938,2.938,2.938,
2000-09-12,2.899,2.899,2.899,2.899,
2000-09-13,3.054,3.054,3.054,3.054,
2000-09-14,3.054,3.054,3.054,3.054,
2000-09-15,3.208,3.208,3.208,3.208,
2000-09-18,3.247,3.247,3.247,3.247,
2000-09-19,3.131,3.131,3.131,3.131,
2000-09-20,3.054,3.054,3.054,3.054,
2000-09-21,2.899,2.899,2.899,2.899,
2000-09-22,2.899,2.899,2.899,2.899,
2000-09-25,2.822,2.822,2.822,2.822,
2000-09-26,2.976,2.976,2.976,2.976,
2000-09-27,2.899,2.899,2.899,2.899,
2000-09-28,2.744,2.744,2.744,2.744,
2000-09-29,2.976,2.976,2.976,2.976,
2000-10-02,2.938,2.938,2.938,2.938,
2000-10-03,2.899,2.899,2.899,2.899,
2000-10-04,2.744,2.744,2.744,2.744,
2000-10-05,2.706,2.706,2.706,2.706,
2000-10-06,2.667,2.667,2.667,2.667,
2000-10-09,2.744,2.744,2.744,2.744,
2000-10-10,2.822,2.822,2.822,2.822,
2000-10-11,2.822,2.822,2.822,2.822,
2000-10-12,3.092,3.092,3.092,3.092,
2000-10-13,2.938,2.938,2.938,2.938,
2000-10-16,2.822,2.822,2.822,2.822,
2000-10-17,2.822,2.822,2.822,2.822,
2000-10-18,2.744,2.744,2.744,2.744,
2000-10-19,2.628,2.628,2.628,2.628,
2000-10-20,2.744,2.744,2.744,2.744,
2000-10-23,2.976,2.976,2.976,2.976,
2000-10-24,2.86,2.86,2.86,2.86,
2000-10-25,2.667,2.667,2.667,2.667,
2000-10-26,2.59,2.59,2.59,2.59,
2000-10-27,2.551,2.551,2.551,2.551,
2000-10-30,2.628,2.628,2.628,2.628,
2000-10-31,2.706,2.706,2.706,2.706,
2000-11-01,2.744,2.744,2.744,2.744,
2000-11-02,2.783,2.783,2.783,2.783,
2000-11-03,2.706,2.706,2.706,2.706,
2000-11-06,2.744,2.744,2.744,2.744,
2000-11-07,2.744,2.744,2.744,2.744,
2000-11-08,2.706,2.706,2.706,2.706,
2000-11-09,2.783,2.783,2.783,2.783,
2000-11-10,2.706,2.706,2.706,2.706,
2000-11-13,2.744,2.744,2.744,2.744,
2000-11-14,2.706,2.706,2.706,2.706,
2000-11-15,2.938,2.938,2.938,2.938,
2000-11-16,2.783,2.783,2.783,2.783,
2000-11-17,2.783,2.783,2.783,2.783,
2000-11-20,2.706,2.706,2.706,2.706,
2000-11-21,2.783,2.783,2.783,2.783,
2000-11-22,2.783,2.783,2.783,2.783,
2000-11-24,2.783,2.783,2.783,2.783,
2000-11-27,2.783,2.783,2.783,2.783,
2000-11-28,2.706,2.706,2.706,2.706,
2000-11-29,2.628,2.628,2.628,2.628,
2000-11-30,2.551,2.551,2.551,2.551,
2000-12-01,2.744,2.744,2.744,2.744,
2000-12-04,2.822,2.822,2.822,2.822,
2000-12-05,2.822,2.822,2.822,2.822,
2000-12-06,2.976,2.976,2.976,2.976,
2000-12-07,2.822,2.822,2.822,2.822,
2000-12-08,2.899,2.899,2.899,2.899,
2000-12-11,3.131,3.131,3.131,3.131,
2000-12-12,3.131,3.131,3.131,3.131,
2000-12-13,3.401,3.401,3.401,3.401,
2000-12-14,3.324,3.324,3.324,3.324,
2000-12-15,3.324,3.324,3.324,3.324,
2000-12-18,3.633,3.633,3.633,3.633,
2000-12-19,3.556,3.556,3.556,3.556,
2000-12-20,3.633,3.633,3.633,3.633,
2000-12-21,3.749,3.749,3.749,3.749,
2000-12-22,3.827,3.827,3.827,3.827,
2000-12-26,4.059,4.059,4.059,4.059,
2000-12-27,4.097,4.097,4.097,4.097,
2000-12-28,4.252,4.252,4.252,4.252,
2000-12-29,4.252,4.252,4.252,4.252,
2001-01-02,4.136,4.136,4.136,4.136,
2001-01-03,3.827,3.827,3.827,3.827,
2001-01-04,3.711,3.711,3.711,3.711,
2001-01-05,4.097,4.097,4.097,4.097,
2001-01-08,4.059,4.059,4.059,4.059,
2001-01-09,4.097,4.097,4.097,4.097,
2001-01-10,4.252,4.252,4.252,4.252,
2001-01-11,4.213,4.213,4.213,4.213,
2001-01-12,4.02,4.02,4.02,4.02,
2001-01-16,4.213,4.213,4.213,4.213,
2001-01-17,3.981,3.981,3.981,3.981,
2001-01-18,3.943,3.943,3.943,3.943,
2001-01-19,3.827,3.827,3.827,3.827,
2001-01-22,3.943,3.943,3.943,3.943,
2001-01-23,3.827,3.827,3.827,3.827,
2001-01-24,3.865,3.865,3.865,3.865,
2001-01-25,4.059,4.059,4.059,4.059,
2001-01-26,4.02,4.02,4.02,4.02,
2001-01-29,3.958,3.958,3.958,3.958,
2001-01-30,3.773,3.773,3.773,3.773,
2001-01-31,3.661,3.661,3.661,3.661,
2001-02-01,3.711,3.711,3.711,3.711,
2001-02-02,3.828,3.828,3.828,3.828,
2001-02-05,3.723,3.723,3.723,3.723,
2001-02-06,3.723,3.723,3.723,3.723,
2001-02-07,3.859,3.859,3.859,3.859,
2001-02-08,4.02,4.02,4.02,4.02,
2001-02-09,4.181,4.181,4.181,4.181,
2001-02-12,4.125,4.125,4.125,4.125,
2001-02-13,4.175,4.175,4.175,4.175,
2001-02-14,4.144,4.144,4.144,4.144,
2001-02-15,4.175,4.175,4.175,4.175,
2001-02-16,4.218,4.218,4.218,4.218,
2001-02-20,4.144,4.144,4.144,4.144,
2001-02-21,3.927,3.927,3.927,3.927,
2001-02-22,3.803,3.803,3.803,3.803,
2001-02-23,3.711,3.711,3.711,3.711,
2001-02-26,3.711,3.711,3.711,3.711,
2001-02-27,3.742,3.742,3.742,3.742,
2001-02-28,3.711,3.711,3.711,3.711,
2001-03-01,3.655,3.655,3.655,3.655,
2001-03-02,3.624,3.624,3.624,3.624,
2001-03-05,3.834,3.834,3.834,3.834,
2001-03-06,3.766,3.766,3.766,3.766,
2001-03-07,3.915,3.915,3.915,3.915,
2001-03-08,3.995,3.995,3.995,3.995,
2001-03-09,3.946,3.946,3.946,3.946,
2001-03-12,3.742,3.742,3.742,3.742,
2001-03-13,3.68,3.68,3.68,3.68,
2001-03-14,3.562,3.562,3.562,3.562,
2001-03-15,3.494,3.494,3.494,3.494,
2001-03-16,3.469,3.469,3.469,3.469,
2001-03-19,3.513,3.513,3.513,3.513,
2001-03-20,3.606,3.606,3.606,3.606,
2001-03-21,3.531,3.531,3.531,3.531,
2001-03-22,3.253,3.253,3.253,3.253,
2001-03-23,3.482,3.482,3.482,3.482,
2001-03-26,3.544,3.544,3.544,3.544,
2001-03-27,3.494,3.494,3.494,3.494,
2001-03-28,3.476,3.476,3.476,3.476,
2001-03-29,3.327,3.327,3.327,3.327,
2001-03-30,3.401,3.401,3.401,3.401,
2001-04-02,3.185,3.185,3.185,3.185,
2001-04-03,3.185,3.185,3.185,3.185,
2001-04-04,3.247,3.247,3.247,3.247,
2001-04-05,3.389,3.389,3.389,3.389,
2001-04-06,3.414,3.414,3.414,3.414,
2001-04-09,3.556,3.556,3.556,3.556,
2001-04-10,3.766,3.766,3.766,3.766,
2001-04-11,3.717,3.717,3.717,3.717,
2001-04-12,3.748,3.748,3.748,3.748,
2001-04-16,3.599,3.599,3.599,3.599,
2001-04-17,3.711,3.711,3.711,3.711,
2001-04-18,3.68,3.68,3.68,3.68,
2001-04-19,3.618,3.618,3.618,3.618,
2001-04-20,3.556,3.556,3.556,3.556,
2001-04-23,3.531,3.531,3.531,3.531,
2001-04-24,3.494,3.494,3.494,3.494,
2001-04-25,3.556,3.556,3.556,3.556,
2001-04-26,3.711,3.711,3.711,3.711,
2001-04-27,3.606,3.606,3.606,3.606,
2001-04-30,3.68,3.68,3.68,3.68,
2001-05-01,3.618,3.618,3.618,3.618,
2001-05-02,3.463,3.463,3.463,3.463,
2001-05-03,3.414,3.414,3.414,3.414,
2001-05-04,3.538,3.538,3.538,3.538,
2001-05-07,3.525,3.525,3.525,3.525,
2001-05-08,3.587,3.587,3.587,3.587,
2001-05-09,3.612,3.612,3.612,3.612,
2001-05-10,3.711,3.711,3.711,3.711,
2001-05-11,3.711,3.711,3.711,3.711,
2001-05-14,3.939,3.939,3.939,3.939,
2001-05-15,3.946,3.946,3.946,3.946,
2001-05-16,3.841,3.841,3.841,3.841,
2001-05-17,3.859,3.859,3.859,3.859,
2001-05-18,3.909,3.909,3.909,3.909,
2001-05-21,3.958,3.958,3.958,3.958,
2001-05-22,3.896,3.896,3.896,3.896,
2001-05-23,3.834,3.834,3.834,3.834,
2001-05-24,3.717,3.717,3.717,3.717,
2001-05-25,3.661,3.661,3.661,3.661,
2001-05-29,3.618,3.618,3.618,3.618,
2001-05-30,3.618,3.618,3.618,3.618,
2001-05-31,3.711,3.711,3.711,3.711,
2001-06-01,3.711,3.711,3.711,3.711,
2001-06-04,3.89,3.89,3.89,3.89,
2001-06-05,4.026,4.026,4.026,4.026,
2001-06-06,3.865,3.865,3.865,3.865,
2001-06-07,3.649,3.649,3.649,3.649,
2001-06-08,3.742,3.742,3.742,3.742,
2001-06-11,3.896,3.896,3.896,3.896,
2001-06-12,3.803,3.803,3.803,3.803,
2001-06-13,3.748,3.748,3.748,3.748,
2001-06-14,3.63,3.63,3.63,3.63,
2001-06-15,3.68,3.68,3.68,3.68,
2001-06-18,3.587,3.587,3.587,3.587,
2001-06-19,3.606,3.606,3.606,3.606,
2001-06-20,3.587,3.587,3.587,3.587,
2001-06-21,3.513,3.513,3.513,3.513,
2001-06-22,3.525,3.525,3.525,3.525,
2001-06-25,3.525,3.525,3.525,3.525,
2001-06-26,3.463,3.463,3.463,3.463,
2001-06-27,3.482,3.482,3.482,3.482,
2001-06-28,3.401,3.401,3.401,3.401,
2001-06-29,3.711,3.711,3.711,3.711,
2001-07-02,3.476,3.476,3.476,3.476,
2001-07-03,3.457,3.457,3.457,3.457,
2001-07-05,3.451,3.451,3.451,3.451,
2001-07-06,3.445,3.445,3.445,3.445,
2001-07-09,3.333,3.333,3.333,3.333,
2001-07-10,3.284,3.284,3.284,3.284,
2001-07-11,3.129,3.129,3.129,3.129,
2001-07-12,3.061,3.061,3.061,3.061,
2001-07-13,3.129,3.129,3.129,3.129,
2001-07-16,3.067,3.067,3.067,3.067,
2001-07-17,2.987,2.987,2.987,2.987,
2001-07-18,2.802,2.802,2.802,2.802,
2001-07-19,2.709,2.709,2.709,2.709,
2001-07-20,2.962,2.962,2.962,2.962,
2001-07-23,3.061,3.061,3.061,3.061,
2001-07-24,3.074,3.074,3.074,3.074,
2001-07-25,3.259,3.259,3.259,3.259,
2001-07-26,3.253,3.253,3.253,3.253,
2001-07-27,3.185,3.185,3.185,3.185,
2001-07-30,3.123,3.123,3.123,3.123,
2001-07-31,3.711,3.711,3.711,3.711,
2001-08-01,3.401,3.401,3.401,3.401,
2001-08-02,3.234,3.234,3.234,3.234,
2001-08-03,3.216,3.216,3.216,3.216,
2001-08-06,3.234,3.234,3.234,3.234,
2001-08-07,3.253,3.253,3.253,3.253,
2001-08-08,3.123,3.123,3.123,3.123,
2001-08-09,3.092,3.092,3.092,3.092,
2001-08-10,3.117,3.117,3.117,3.117,
2001-08-13,3.179,3.179,3.179,3.179,
2001-08-14,3.154,3.154,3.154,3.154,
2001-08-15,3.395,3.395,3.395,3.395,
2001-08-16,3.216,3.216,3.216,3.216,
2001-08-17,3.191,3.191,3.191,3.191,
2001-08-20,3.142,3.142,3.142,3.142,
2001-08-21,3.185,3.185,3.185,3.185,
2001-08-22,3.166,3.166,3.166,3.166,
2001-08-23,3.16,3.16,3.16,3.16,
2001-08-24,3.154,3.154,3.154,3.154,
2001-08-27,3.012,3.012,3.012,3.012,
2001-08-28,2.919,2.919,2.919,2.919,
2001-08-29,2.783,2.783,2.783,2.783,
2001-08-30,3.142,3.142,3.142,3.142,
2001-08-31,3.649,3.649,3.649,3.649,
2001-09-04,3.247,3.247,3.247,3.247,
2001-09-05,3.253,3.253,3.253,3.253,
2001-09-06,3.247,3.247,3.247,3.247,
2001-09-07,3.204,3.204,3.204,3.204,
2001-09-10,3.204,3.204,3.204,3.204,
2001-09-17,3.154,3.154,3.154,3.154,
2001-09-18,3.154,3.154,3.154,3.154,
2001-09-19,3.111,3.111,3.111,3.111,
2001-09-20,3.098,3.098,3.098,3.098,
2001-09-21,3.092,3.092,3.092,3.092,
2001-09-24,2.938,2.938,2.938,2.938,
2001-09-25,2.783,2.783,2.783,2.783,
2001-09-26,2.721,2.721,2.721,2.721,
2001-09-27,2.721,2.721,2.721,2.721,
2001-09-28,2.938,2.938,2.938,2.938,
2001-10-01,2.659,2.659,2.659,2.659,
2001-10-02,2.672,2.672,2.672,2.672,
2001-10-03,2.69,2.69,2.69,2.69,
2001-10-04,2.721,2.721,2.721,2.721,
2001-10-05,2.536,2.536,2.536,2.536,
2001-10-08,2.529,2.529,2.529,2.529,
2001-10-09,2.529,2.529,2.529,2.529,
2001-10-10,2.647,2.647,2.647,2.647,
2001-10-11,2.579,2.579,2.579,2.579,
2001-10-12,2.585,2.585,2.585,2.585,
2001-10-15,2.628,2.628,2.628,2.628,
2001-10-16,2.69,2.69,2.69,2.69,
2001-10-17,2.653,2.653,2.653,2.653,
2001-10-18,2.548,2.548,2.548,2.548,
2001-10-19,2.647,2.647,2.647,2.647,
2001-10-22,2.684,2.684,2.684,2.684,
2001-10-23,2.641,2.641,2.641,2.641,
2001-10-24,2.628,2.628,2.628,2.628,
2001-10-25,2.709,2.709,2.709,2.709,
2001-10-26,2.876,2.876,2.876,2.876,
2001-10-29,2.795,2.795,2.795,2.795,
2001-10-30,2.721,2.721,2.721,2.721,
2001-10-31,2.771,2.771,2.771,2.771,
2001-11-01,2.783,2.783,2.783,2.783,
2001-11-02,2.789,2.789,2.789,2.789,
2001-11-05,2.783,2.783,2.783,2.783,
2001-11-06,2.795,2.795,2.795,2.795,
2001-11-07,2.758,2.758,2.758,2.758,
2001-11-08,2.783,2.783,2.783,2.783,
2001-11-09,2.826,2.826,2.826,2.826,
2001-11-12,2.752,2.752,2.752,2.752,
2001-11-13,2.814,2.814,2.814,2.814,
2001-11-14,2.672,2.672,2.672,2.672,
2001-11-15,2.499,2.499,2.499,2.499,
2001-11-16,2.579,2.579,2.579,2.579,
2001-11-19,2.604,2.604,2.604,2.604,
2001-11-20,2.61,2.61,2.61,2.61,
2001-11-21,2.579,2.579,2.579,2.579,
2001-11-23,2.585,2.585,2.585,2.585,
2001-11-26,2.461,2.461,2.461,2.461,
2001-11-27,2.468,2.468,2.468,2.468,
2001-11-28,2.492,2.492,2.492,2.492,
2001-11-29,2.591,2.591,2.591,2.591,
2001-11-30,2.591,2.591,2.591,2.591,
2001-12-03,2.486,2.486,2.486,2.486,
2001-12-04,2.585,2.585,2.585,2.585,
2001-12-05,2.567,2.567,2.567,2.567,
2001-12-06,2.721,2.721,2.721,2.721,
2001-12-07,2.721,2.721,2.721,2.721,
2001-12-10,2.727,2.727,2.727,2.727,
2001-12-11,2.721,2.721,2.721,2.721,
2001-12-12,2.734,2.734,2.734,2.734,
2001-12-13,2.709,2.709,2.709,2.709,
2001-12-14,2.659,2.659,2.659,2.659,
2001-12-17,2.715,2.715,2.715,2.715,
2001-12-18,2.678,2.678,2.678,2.678,
2001-12-19,2.703,2.703,2.703,2.703,
2001-12-20,2.665,2.665,2.665,2.665,
2001-12-21,2.746,2.746,2.746,2.746,
2001-12-24,2.771,2.771,2.771,2.771,
2001-12-26,2.925,2.925,2.925,2.925,
2001-12-27,2.888,2.888,2.888,2.888,
2001-12-28,2.907,2.907,2.907,2.907,
2001-12-31,2.814,2.814,2.814,2.814,
2002-01-02,2.721,2.721,2.721,2.721,
2002-01-03,2.87,2.87,2.87,2.87,
2002-01-04,2.894,2.894,2.894,2.894,
2002-01-07,3.03,3.03,3.03,3.03,
2002-01-08,3.061,3.061,3.061,3.061,
2002-01-09,2.969,2.969,2.969,2.969,
2002-01-10,2.894,2.894,2.894,2.894,
2002-01-11,2.845,2.845,2.845,2.845,
2002-01-14,2.536,2.536,2.536,2.536,
2002-01-15,2.653,2.653,2.653,2.653,
2002-01-16,2.616,2.616,2.616,2.616,
2002-01-17,2.628,2.628,2.628,2.628,
2002-01-18,2.659,2.659,2.659,2.659,
2002-01-22,2.597,2.597,2.597,2.597,
2002-01-23,2.69,2.69,2.69,2.69,
2002-01-24,2.69,2.69,2.69,2.69,
2002-01-25,2.635,2.635,2.635,2.635,
2002-01-28,2.653,2.653,2.653,2.653,
2002-01-29,2.622,2.622,2.622,2.622,
2002-01-30,2.628,2.628,2.628,2.628,
2002-01-31,2.616,2.616,2.616,2.616,
2002-02-01,2.628,2.628,2.628,2.628,
2002-02-04,2.505,2.505,2.505,2.505,
2002-02-05,2.523,2.523,2.523,2.523,
2002-02-06,2.567,2.567,2.567,2.567,
2002-02-07,2.597,2.597,2.597,2.597,
2002-02-08,2.783,2.783,2.783,2.783,
2002-02-11,2.826,2.826,2.826,2.826,
2002-02-12,2.771,2.771,2.771,2.771,
2002-02-13,2.863,2.863,2.863,2.863,
2002-02-14,2.752,2.752,2.752,2.752,
2002-02-15,2.808,2.808,2.808,2.808,
2002-02-19,2.74,2.74,2.74,2.74,
2002-02-20,2.808,2.808,2.808,2.808,
2002-02-21,2.814,2.814,2.814,2.814,
2002-02-22,2.907,2.907,2.907,2.907,
2002-02-25,2.901,2.901,2.901,2.901,
2002-02-26,2.888,2.888,2.888,2.888,
2002-02-27,2.882,2.882,2.882,2.882,
2002-02-28,2.876,2.876,2.876,2.876,
2002-03-01,2.956,2.956,2.956,2.956,
2002-03-04,2.975,2.975,2.975,2.975,
2002-03-05,2.839,2.839,2.839,2.839,
2002-03-06,2.87,2.87,2.87,2.87,
2002-03-07,2.919,2.919,2.919,2.919,
2002-03-08,2.999,2.999,2.999,2.999,
2002-03-11,3.037,3.037,3.037,3.037,
2002-03-12,3.08,3.08,3.08,3.08,
2002-03-13,3.123,3.123,3.123,3.123,
2002-03-14,3.129,3.129,3.129,3.129,
2002-03-15,3.123,3.123,3.123,3.123,
2002-03-18,3.327,3.327,3.327,3.327,
2002-03-19,3.222,3.222,3.222,3.222,
2002-03-20,3.111,3.111,3.111,3.111,
2002-03-21,3.247,3.247,3.247,3.247,
2002-03-22,3.123,3.123,3.123,3.123,
2002-03-25,3.08,3.08,3.08,3.08,
2002-03-26,3.08,3.08,3.08,3.08,
2002-03-27,3.21,3.21,3.21,3.21,
2002-03-28,3.21,3.21,3.21,3.21,
2002-04-01,3.204,3.204,3.204,3.204,
2002-04-02,3.228,3.228,3.228,3.228,
2002-04-03,3.191,3.191,3.191,3.191,
2002-04-04,3.173,3.173,3.173,3.173,
2002-04-05,3.129,3.129,3.129,3.129,
2002-04-08,3.185,3.185,3.185,3.185,
2002-04-09,3.129,3.129,3.129,3.129,
2002-04-10,3.173,3.173,3.173,3.173,
2002-04-11,3.123,3.123,3.123,3.123,
2002-04-12,3.179,3.179,3.179,3.179,
2002-04-15,3.247,3.247,3.247,3.247,
2002-04-16,3.321,3.321,3.321,3.321,
2002-04-17,3.333,3.333,3.333,3.333,
2002-04-18,3.463,3.463,3.463,3.463,
2002-04-19,3.445,3.445,3.445,3.445,
2002-04-22,3.321,3.321,3.321,3.321,
2002-04-23,3.488,3.488,3.488,3.488,
2002-04-24,3.513,3.513,3.513,3.513,
2002-04-25,3.575,3.575,3.575,3.575,
2002-04-26,3.457,3.457,3.457,3.457,
2002-04-29,3.476,3.476,3.476,3.476,
2002-04-30,3.575,3.575,3.575,3.575,
2002-05-01,3.556,3.556,3.556,3.556,
2002-05-02,3.587,3.587,3.587,3.587,
2002-05-03,3.636,3.636,3.636,3.636,
2002-05-06,3.581,3.581,3.581,3.581,
2002-05-07,3.309,3.309,3.309,3.309,
2002-05-08,3.371,3.371,3.371,3.371,
2002-05-09,3.216,3.216,3.216,3.216,
2002-05-10,3.216,3.216,3.216,3.216,
2002-05-13,3.34,3.34,3.34,3.34,
2002-05-14,3.408,3.408,3.408,3.408,
2002-05-15,3.309,3.309,3.309,3.309,
2002-05-16,3.321,3.321,3.321,3.321,
2002-05-17,3.377,3.377,3.377,3.377,
2002-05-20,3.408,3.408,3.408,3.408,
2002-05-21,3.389,3.389,3.389,3.389,
2002-05-22,3.395,3.395,3.395,3.395,
2002-05-23,3.414,3.414,3.414,3.414,
2002-05-24,3.216,3.216,3.216,3.216,
2002-05-28,3.309,3.309,3.309,3.309,
2002-05-29,3.327,3.327,3.327,3.327,
2002-05-30,3.284,3.284,3.284,3.284,
2002-05-31,3.272,3.272,3.272,3.272,
2002-06-03,3.16,3.16,3.16,3.16,
2002-06-04,3.34,3.34,3.34,3.34,
2002-06-05,3.358,3.358,3.358,3.358,
2002-06-06,3.216,3.216,3.216,3.216,
2002-06-07,3.278,3.278,3.278,3.278,
2002-06-10,3.247,3.247,3.247,3.247,
2002-06-11,3.234,3.234,3.234,3.234,
2002-06-12,3.34,3.34,3.34,3.34,
2002-06-13,3.327,3.327,3.327,3.327,
2002-06-14,3.228,3.228,3.228,3.228,
2002-06-17,3.216,3.216,3.216,3.216,
2002-06-18,3.197,3.197,3.197,3.197,
2002-06-19,3.154,3.154,3.154,3.154,
2002-06-20,3.204,3.204,3.204,3.204,
2002-06-21,3.29,3.29,3.29,3.29,
2002-06-24,3.259,3.259,3.259,3.259,
2002-06-25,3.296,3.296,3.296,3.296,
2002-06-26,3.216,3.216,3.216,3.216,
2002-06-27,3.426,3.426,3.426,3.426,
2002-06-28,3.463,3.463,3.463,3.463,
2002-07-01,3.463,3.463,3.463,3.463,
2002-07-02,3.371,3.371,3.371,3.371,
2002-07-03,3.389,3.389,3.389,3.389,
2002-07-05,3.457,3.457,3.457,3.457,
2002-07-08,3.401,3.401,3.401,3.401,
2002-07-09,3.445,3.445,3.445,3.445,
2002-07-10,3.327,3.327,3.327,3.327,
2002-07-11,3.228,3.228,3.228,3.228,
2002-07-12,3.166,3.166,3.166,3.166,
2002-07-15,3.03,3.03,3.03,3.03,
2002-07-16,2.999,2.999,2.999,2.999,
2002-07-17,3.185,3.185,3.185,3.185,
2002-07-18,2.919,2.919,2.919,2.919,
2002-07-19,2.795,2.795,2.795,2.795,
2002-07-22,2.715,2.715,2.715,2.715,
2002-07-23,2.591,2.591,2.591,2.591,
2002-07-24,2.659,2.659,2.659,2.659,
2002-07-25,2.653,2.653,2.653,2.653,
2002-07-26,2.771,2.771,2.771,2.771,
2002-07-29,3.123,3.123,3.123,3.123,
2002-07-30,3.067,3.067,3.067,3.067,
2002-07-31,3.142,3.142,3.142,3.142,
2002-08-01,3.024,3.024,3.024,3.024,
2002-08-02,2.721,2.721,2.721,2.721,
2002-08-05,2.758,2.758,2.758,2.758,
2002-08-06,3.185,3.185,3.185,3.185,
2002-08-07,3.018,3.018,3.018,3.018,
2002-08-08,2.845,2.845,2.845,2.845,
2002-08-09,2.969,2.969,2.969,2.969,
2002-08-12,3.061,3.061,3.061,3.061,
2002-08-13,2.999,2.999,2.999,2.999,
2002-08-14,3.098,3.098,3.098,3.098,
2002-08-15,3.092,3.092,3.092,3.092,
2002-08-16,3.154,3.154,3.154,3.154,
2002-08-19,3.123,3.123,3.123,3.123,
2002-08-20,3.179,3.179,3.179,3.179,
2002-08-21,3.185,3.185,3.185,3.185,
2002-08-22,3.216,3.216,3.216,3.216,
2002-08-23,3.185,3.185,3.185,3.185,
2002-08-26,3.21,3.21,3.21,3.21,
2002-08-27,3.185,3.185,3.185,3.185,
2002-08-28,3.142,3.142,3.142,3.142,
2002-08-29,3.092,3.092,3.092,3.092,
2002-08-30,3.302,3.302,3.302,3.302,
2002-09-03,2.962,2.962,2.962,2.962,
2002-09-04,3.123,3.123,3.123,3.123,
2002-09-05,2.95,2.95,2.95,2.95,
2002-09-06,3.08,3.08,3.08,3.08,
2002-09-09,3.018,3.018,3.018,3.018,
2002-09-10,2.894,2.894,2.894,2.894,
2002-09-11,2.894,2.894,2.894,2.894,
2002-09-12,2.876,2.876,2.876,2.876,
2002-09-13,2.938,2.938,2.938,2.938,
2002-09-16,2.931,2.931,2.931,2.931,
2002-09-17,2.931,2.931,2.931,2.931,
2002-09-18,2.845,2.845,2.845,2.845,
2002-09-19,2.783,2.783,2.783,2.783,
2002-09-20,2.826,2.826,2.826,2.826,
2002-09-23,2.795,2.795,2.795,2.795,
2002-09-24,2.783,2.783,2.783,2.783,
2002-09-25,2.814,2.814,2.814,2.814,
2002-09-26,2.814,2.814,2.814,2.814,
2002-09-27,2.783,2.783,2.783,2.783,
2002-09-30,2.894,2.894,2.894,2.894,
2002-10-01,2.987,2.987,2.987,2.987,
2002-10-02,2.901,2.901,2.901,2.901,
2002-10-03,2.969,2.969,2.969,2.969,
2002-10-04,2.826,2.826,2.826,2.826,
2002-10-07,2.69,2.69,2.69,2.69,
2002-10-08,2.721,2.721,2.721,2.721,
2002-10-09,2.554,2.554,2.554,2.554,
2002-10-10,2.573,2.573,2.573,2.573,
2002-10-11,2.684,2.684,2.684,2.684,
2002-10-14,2.863,2.863,2.863,2.863,
2002-10-15,2.956,2.956,2.956,2.956,
2002-10-16,2.913,2.913,2.913,2.913,
2002-10-17,2.938,2.938,2.938,2.938,
2002-10-18,3.006,3.006,3.006,3.006,
2002-10-21,3.061,3.061,3.061,3.061,
2002-10-22,2.987,2.987,2.987,2.987,
2002-10-23,2.876,2.876,2.876,2.876,
2002-10-24,2.789,2.789,2.789,2.789,
2002-10-25,2.876,2.876,2.876,2.876,
2002-10-28,2.764,2.764,2.764,2.764,
2002-10-29,2.907,2.907,2.907,2.907,
2002-10-30,2.913,2.913,2.913,2.913,
2002-10-31,2.95,2.95,2.95,2.95,
2002-11-01,3.024,3.024,3.024,3.024,
2002-11-04,3.03,3.03,3.03,3.03,
2002-11-05,3.049,3.049,3.049,3.049,
2002-11-06,3.03,3.03,3.03,3.03,
2002-11-07,2.938,2.938,2.938,2.938,
2002-11-08,2.944,2.944,2.944,2.944,
2002-11-11,2.907,2.907,2.907,2.907,
2002-11-12,3.024,3.024,3.024,3.024,
2002-11-13,2.938,2.938,2.938,2.938,
2002-11-14,3.024,3.024,3.024,3.024,
2002-11-15,2.999,2.999,2.999,2.999,
2002-11-18,3.006,3.006,3.006,3.006,
2002-11-19,2.999,2.999,2.999,2.999,
2002-11-20,3.086,3.086,3.086,3.086,
2002-11-21,3.111,3.111,3.111,3.111,
2002-11-22,3.037,3.037,3.037,3.037,
2002-11-25,3.067,3.067,3.067,3.067,
2002-11-26,3.136,3.136,3.136,3.136,
2002-11-27,3.228,3.228,3.228,3.228,
2002-11-29,3.284,3.284,3.284,3.284,
2002-12-02,3.401,3.401,3.401,3.401,
2002-12-03,3.284,3.284,3.284,3.284,
2002-12-04,3.278,3.278,3.278,3.278,
2002-12-05,3.253,3.253,3.253,3.253,
2002-12-06,3.315,3.315,3.315,3.315,
2002-12-09,3.247,3.247,3.247,3.247,
2002-12-10,3.383,3.383,3.383,3.383,
2002-12-11,3.432,3.432,3.432,3.432,
2002-12-12,3.581,3.581,3.581,3.581,
2002-12-13,3.494,3.494,3.494,3.494,
2002-12-16,3.556,3.556,3.556,3.556,
2002-12-17,3.513,3.513,3.513,3.513,
2002-12-18,3.476,3.476,3.476,3.476,
2002-12-19,3.556,3.556,3.556,3.556,
2002-12-20,3.618,3.618,3.618,3.618,
2002-12-23,3.618,3.618,3.618,3.618,
2002-12-24,3.568,3.568,3.568,3.568,
2002-12-26,3.581,3.581,3.581,3.581,
2002-12-27,3.383,3.383,3.383,3.383,
2002-12-30,3.333,3.333,3.333,3.333,
2002-12-31,3.34,3.34,3.34,3.34,
2003-01-02,3.494,3.494,3.494,3.494,
2003-01-03,3.507,3.507,3.507,3.507,
2003-01-06,3.445,3.445,3.445,3.445,
2003-01-07,3.302,3.302,3.302,3.302,
2003-01-08,3.259,3.259,3.259,3.259,
2003-01-09,3.457,3.457,3.457,3.457,
2003-01-10,3.463,3.463,3.463,3.463,
2003-01-13,3.432,3.432,3.432,3.432,
2003-01-14,3.476,3.476,3.476,3.476,
2003-01-15,3.661,3.661,3.661,3.661,
2003-01-16,3.68,3.68,3.68,3.68,
2003-01-17,3.618,3.618,3.618,3.618,
2003-01-21,3.519,3.519,3.519,3.519,
2003-01-22,3.556,3.556,3.556,3.556,
2003-01-23,3.575,3.575,3.575,3.575,
2003-01-24,3.612,3.612,3.612,3.612,
2003-01-27,3.469,3.469,3.469,3.469,
2003-01-28,3.494,3.494,3.494,3.494,
2003-01-29,3.544,3.544,3.544,3.544,
2003-01-30,3.618,3.618,3.618,3.618,
2003-01-31,3.618,3.618,3.618,3.618,
2003-02-03,3.636,3.636,3.636,3.636,
2003-02-04,3.779,3.779,3.779,3.779,
2003-02-05,3.773,3.773,3.773,3.773,
2003-02-06,3.729,3.729,3.729,3.729,
2003-02-07,3.735,3.735,3.735,3.735,
2003-02-10,3.729,3.729,3.729,3.729,
2003-02-11,3.674,3.674,3.674,3.674,
2003-02-12,3.606,3.606,3.606,3.606,
2003-02-13,3.63,3.63,3.63,3.63,
2003-02-14,3.636,3.636,3.636,3.636,
2003-02-18,3.649,3.649,3.649,3.649,
2003-02-19,3.618,3.618,3.618,3.618,
2003-02-20,3.606,3.606,3.606,3.606,
2003-02-21,3.661,3.661,3.661,3.661,
2003-02-24,3.723,3.723,3.723,3.723,
2003-02-25,3.766,3.766,3.766,3.766,
2003-02-26,3.68,3.68,3.68,3.68,
2003-02-27,3.692,3.692,3.692,3.692,
2003-02-28,3.667,3.667,3.667,3.667,
2003-03-03,3.618,3.618,3.618,3.618,
2003-03-04,3.525,3.525,3.525,3.525,
2003-03-05,3.389,3.389,3.389,3.389,
2003-03-06,3.401,3.401,3.401,3.401,
2003-03-07,3.253,3.253,3.253,3.253,
2003-03-10,3.123,3.123,3.123,3.123,
2003-03-11,3.204,3.204,3.204,3.204,
2003-03-12,3.302,3.302,3.302,3.302,
2003-03-13,3.247,3.247,3.247,3.247,
2003-03-14,3.296,3.296,3.296,3.296,
2003-03-17,3.401,3.401,3.401,3.401,
2003-03-18,3.327,3.327,3.327,3.327,
2003-03-19,3.34,3.34,3.34,3.34,
2003-03-20,3.352,3.352,3.352,3.352,
2003-03-21,3.364,3.364,3.364,3.364,
2003-03-24,3.401,3.401,3.401,3.401,
2003-03-25,3.544,3.544,3.544,3.544,
2003-03-26,3.371,3.371,3.371,3.371,
2003-03-27,3.513,3.513,3.513,3.513,
2003-03-28,3.593,3.593,3.593,3.593,
2003-03-31,3.531,3.531,3.531,3.531,
2003-04-01,3.507,3.507,3.507,3.507,
2003-04-02,3.476,3.476,3.476,3.476,
2003-04-03,3.383,3.383,3.383,3.383,
2003-04-04,3.426,3.426,3.426,3.426,
2003-04-07,3.544,3.544,3.544,3.544,
2003-04-08,3.42,3.42,3.42,3.42,
2003-04-09,3.55,3.55,3.55,3.55,
2003-04-10,3.544,3.544,3.544,3.544,
2003-04-11,3.469,3.469,3.469,3.469,
2003-04-14,3.525,3.525,3.525,3.525,
2003-04-15,3.445,3.445,3.445,3.445,
2003-04-16,3.624,3.624,3.624,3.624,
2003-04-17,3.711,3.711,3.711,3.711,
2003-04-21,3.698,3.698,3.698,3.698,
2003-04-22,3.711,3.711,3.711,3.711,
2003-04-23,3.698,3.698,3.698,3.698,
2003-04-24,3.643,3.643,3.643,3.643,
2003-04-25,3.612,3.612,3.612,3.612,
2003-04-28,3.661,3.661,3.661,3.661,
2003-04-29,3.649,3.649,3.649,3.649,
2003-04-30,3.655,3.655,3.655,3.655,
2003-05-01,3.76,3.76,3.76,3.76,
2003-05-02,3.853,3.853,3.853,3.853,
2003-05-05,3.785,3.785,3.785,3.785,
2003-05-06,3.723,3.723,3.723,3.723,
2003-05-07,3.729,3.729,3.729,3.729,
2003-05-08,3.661,3.661,3.661,3.661,
2003-05-09,3.643,3.643,3.643,3.643,
2003-05-12,3.587,3.587,3.587,3.587,
2003-05-13,3.643,3.643,3.643,3.643,
2003-05-14,3.636,3.636,3.636,3.636,
2003-05-15,3.655,3.655,3.655,3.655,
2003-05-16,3.575,3.575,3.575,3.575,
2003-05-19,3.556,3.556,3.556,3.556,
2003-05-20,3.476,3.476,3.476,3.476,
2003-05-21,3.667,3.667,3.667,3.667,
2003-05-22,3.649,3.649,3.649,3.649,
2003-05-23,3.655,3.655,3.655,3.655,
2003-05-27,3.704,3.704,3.704,3.704,
2003-05-28,3.661,3.661,3.661,3.661,
2003-05-29,3.636,3.636,3.636,3.636,
2003-05-30,3.711,3.711,3.711,3.711,
2003-06-02,3.909,3.909,3.909,3.909,
2003-06-03,4.008,4.008,4.008,4.008,
2003-06-04,4.02,4.02,4.02,4.02,
2003-06-05,4.045,4.045,4.045,4.045,
2003-06-06,4.119,4.119,4.119,4.119,
2003-06-09,4.144,4.144,4.144,4.144,
2003-06-10,4.175,4.175,4.175,4.175,
2003-06-11,4.484,4.484,4.484,4.484,
2003-06-12,4.515,4.515,4.515,4.515,
2003-06-13,4.403,4.403,4.403,4.403,
2003-06-16,4.372,4.372,4.372,4.372,
2003-06-17,4.28,4.28,4.28,4.28,
2003-06-18,4.175,4.175,4.175,4.175,
2003-06-19,4.156,4.156,4.156,4.156,
2003-06-20,4.181,4.181,4.181,4.181,
2003-06-23,4.094,4.094,4.094,4.094,
2003-06-24,4.069,4.069,4.069,4.069,
2003-06-25,4.106,4.106,4.106,4.106,
2003-06-26,4.051,4.051,4.051,4.051,
2003-06-27,4.026,4.026,4.026,4.026,
2003-06-30,3.878,3.878,3.878,3.878,
2003-07-01,3.989,3.989,3.989,3.989,
2003-07-02,4.051,4.051,4.051,4.051,
2003-07-03,4.082,4.082,4.082,4.082,
2003-07-07,4.026,4.026,4.026,4.026,
2003-07-08,3.896,3.896,3.896,3.896,
2003-07-09,4.032,4.032,4.032,4.032,
2003-07-10,4.02,4.02,4.02,4.02,
2003-07-11,4.014,4.014,4.014,4.014,
2003-07-14,4.02,4.02,4.02,4.02,
2003-07-15,3.915,3.915,3.915,3.915,
2003-07-16,3.921,3.921,3.921,3.921,
2003-07-17,3.847,3.847,3.847,3.847,
2003-07-18,3.884,3.884,3.884,3.884,
2003-07-21,3.859,3.859,3.859,3.859,
2003-07-22,3.884,3.884,3.884,3.884,
2003-07-23,3.896,3.896,3.896,3.896,
2003-07-24,3.834,3.834,3.834,3.834,
2003-07-25,3.878,3.878,3.878,3.878,
2003-07-28,4.082,4.082,4.082,4.082,
2003-07-29,4.014,4.014,4.014,4.014,
2003-07-30,4.038,4.038,4.038,4.038,
2003-07-31,3.995,3.995,3.995,3.995,
2003-08-01,3.927,3.927,3.927,3.927,
2003-08-04,3.896,3.896,3.896,3.896,
2003-08-05,3.822,3.822,3.822,3.822,
2003-08-06,3.865,3.865,3.865,3.865,
2003-08-07,3.995,3.995,3.995,3.995,
2003-08-08,3.939,3.939,3.939,3.939,
2003-08-11,4.063,4.063,4.063,4.063,
2003-08-12,4.205,4.205,4.205,4.205,
2003-08-13,4.144,4.144,4.144,4.144,
2003-08-14,4.205,4.205,4.205,4.205,
2003-08-15,4.156,4.156,4.156,4.156,
2003-08-18,4.193,4.193,4.193,4.193,
2003-08-19,4.243,4.243,4.243,4.243,
2003-08-20,4.199,4.199,4.199,4.199,
2003-08-21,4.23,4.23,4.23,4.23,
2003-08-22,4.144,4.144,4.144,4.144,
2003-08-25,4.001,4.001,4.001,4.001,
2003-08-26,4.051,4.051,4.051,4.051,
2003-08-27,4.119,4.119,4.119,4.119,
2003-08-28,4.175,4.175,4.175,4.175,
2003-08-29,4.144,4.144,4.144,4.144,
2003-09-02,4.261,4.261,4.261,4.261,
2003-09-03,4.193,4.193,4.193,4.193,
2003-09-04,4.137,4.137,4.137,4.137,
2003-09-05,4.094,4.094,4.094,4.094,
2003-09-08,4.23,4.23,4.23,4.23,
2003-09-09,4.298,4.298,4.298,4.298,
2003-09-10,4.224,4.224,4.224,4.224,
2003-09-11,4.175,4.175,4.175,4.175,
2003-09-12,4.286,4.286,4.286,4.286,
2003-09-15,4.267,4.267,4.267,4.267,
2003-09-16,4.286,4.286,4.286,4.286,
2003-09-17,4.267,4.267,4.267,4.267,
2003-09-18,4.286,4.286,4.286,4.286,
2003-09-19,4.311,4.311,4.311,4.311,
2003-09-22,4.329,4.329,4.329,4.329,
2003-09-23,4.379,4.379,4.379,4.379,
2003-09-24,4.422,4.422,4.422,4.422,
2003-09-25,4.286,4.286,4.286,4.286,
2003-09-26,4.212,4.212,4.212,4.212,
2003-09-29,4.205,4.205,4.205,4.205,
2003-09-30,4.23,4.23,4.23,4.23,
2003-10-01,4.329,4.329,4.329,4.329,
2003-10-02,4.385,4.385,4.385,4.385,
2003-10-03,4.465,4.465,4.465,4.465,
2003-10-06,4.607,4.607,4.607,4.607,
2003-10-07,4.83,4.83,4.83,4.83,
2003-10-08,4.861,4.861,4.861,4.861,
2003-10-09,4.842,4.842,4.842,4.842,
2003-10-10,4.855,4.855,4.855,4.855,
2003-10-13,4.805,4.805,4.805,4.805,
2003-10-14,4.818,4.818,4.818,4.818,
2003-10-15,4.706,4.706,4.706,4.706,
2003-10-16,4.731,4.731,4.731,4.731,
2003-10-17,4.719,4.719,4.719,4.719,
2003-10-20,4.805,4.805,4.805,4.805,
2003-10-21,4.929,4.929,4.929,4.929,
2003-10-22,4.793,4.793,4.793,4.793,
2003-10-23,4.781,4.781,4.781,4.781,
2003-10-24,4.799,4.799,4.799,4.799,
2003-10-27,4.91,4.91,4.91,4.91,
2003-10-28,4.824,4.824,4.824,4.824,
2003-10-29,4.929,4.929,4.929,4.929,
2003-10-30,4.638,4.638,4.638,4.638,
2003-10-31,4.731,4.731,4.731,4.731,
2003-11-03,4.756,4.756,4.756,4.756,
2003-11-04,4.688,4.688,4.688,4.688,
2003-11-05,4.657,4.657,4.657,4.657,
2003-11-06,4.756,4.756,4.756,4.756,
2003-11-07,4.75,4.75,4.75,4.75,
2003-11-10,4.713,4.713,4.713,4.713,
2003-11-11,4.682,4.682,4.682,4.682,
2003-11-12,4.793,4.793,4.793,4.793,
2003-11-13,4.917,4.917,4.917,4.917,
2003-11-14,4.929,4.929,4.929,4.929,
2003-11-17,4.886,4.886,4.886,4.886,
2003-11-18,4.886,4.886,4.886,4.886,
2003-11-19,4.824,4.824,4.824,4.824,
2003-11-20,4.83,4.83,4.83,4.83,
2003-11-21,4.892,4.892,4.892,4.892,
2003-11-24,4.917,4.917,4.917,4.917,
2003-11-25,4.861,4.861,4.861,4.861,
2003-11-26,4.886,4.886,4.886,4.886,
2003-11-28,4.886,4.886,4.886,4.886,
2003-12-01,5.065,5.065,5.065,5.065,
2003-12-02,5.133,5.133,5.133,5.133,
2003-12-03,5.016,5.016,5.016,5.016,
2003-12-04,5.226,5.226,5.226,5.226,
2003-12-05,5.232,5.232,5.232,5.232,
2003-12-08,5.449,5.449,5.449,5.449,
2003-12-09,5.449,5.449,5.449,5.449,
2003-12-10,5.38,5.38,5.38,5.38,
2003-12-11,5.362,5.362,5.362,5.362,
2003-12-12,5.467,5.467,5.467,5.467,
2003-12-15,5.479,5.479,5.479,5.479,
2003-12-16,5.826,5.826,5.826,5.826,
2003-12-17,5.906,5.906,5.906,5.906,
2003-12-18,6.03,6.03,6.03,6.03,
2003-12-19,5.937,5.937,5.937,5.937,
2003-12-22,5.956,5.956,5.956,5.956,
2003-12-23,5.937,5.937,5.937,5.937,
2003-12-24,5.937,5.937,5.937,5.937,
2003-12-26,5.98,5.98,5.98,5.98,
2003-12-29,5.888,5.888,5.888,5.888,
2003-12-30,6.048,6.048,6.048,6.048,
2003-12-31,5.844,5.844,5.844,5.844,
2004-01-02,5.869,5.869,5.869,5.869,
2004-01-05,6.37,6.37,6.37,6.37,
2004-01-06,6.166,6.166,6.166,6.166,
2004-01-07,6.178,6.178,6.178,6.178,
2004-01-08,6.215,6.215,6.215,6.215,
2004-01-09,6.246,6.246,6.246,6.246,
2004-01-12,6.574,6.574,6.574,6.574,
2004-01-13,6.45,6.45,6.45,6.45,
2004-01-14,6.487,6.487,6.487,6.487,
2004-01-15,6.153,6.153,6.153,6.153,
2004-01-16,6.258,6.258,6.258,6.258,
2004-01-20,6.562,6.562,6.562,6.562,
2004-01-21,6.723,6.723,6.723,6.723,
2004-01-22,6.685,6.685,6.685,6.685,
2004-01-23,6.983,6.983,6.983,6.983,
2004-01-26,6.877,6.877,6.877,6.877,
2004-01-27,6.778,6.778,6.778,6.778,
2004-01-28,6.512,6.512,6.512,6.512,
2004-01-29,6.388,6.388,6.388,6.388,
2004-01-30,6.376,6.376,6.376,6.376,
2004-02-02,6.32,6.32,6.32,6.32,
2004-02-03,6.246,6.246,6.246,6.246,
2004-02-04,6.073,6.073,6.073,6.073,
2004-02-05,6.054,6.054,6.054,6.054,
2004-02-06,6.19,6.19,6.19,6.19,
2004-02-09,6.283,6.283,6.283,6.283,
2004-02-10,6.487,6.487,6.487,6.487,
2004-02-11,6.617,6.617,6.617,6.617,
2004-02-12,6.413,6.413,6.413,6.413,
2004-02-13,6.531,6.531,6.531,6.531,
2004-02-17,6.648,6.648,6.648,6.648,
2004-02-18,6.71,6.71,6.71,6.71,
2004-02-19,6.667,6.667,6.667,6.667,
2004-02-20,6.685,6.685,6.685,6.685,
2004-02-23,6.611,6.611,6.611,6.611,
2004-02-24,6.562,6.562,6.562,6.562,
2004-02-25,6.655,6.655,6.655,6.655,
2004-02-26,6.871,6.871,6.871,6.871,
2004-02-27,6.871,6.871,6.871,6.871,
2004-03-01,7.131,7.131,7.131,7.131,
2004-03-02,7.119,7.119,7.119,7.119,
2004-03-03,7.032,7.032,7.032,7.032,
2004-03-04,7.026,7.026,7.026,7.026,
2004-03-05,7.144,7.144,7.144,7.144,
2004-03-08,7.131,7.131,7.131,7.131,
2004-03-09,7.28,7.28,7.28,7.28,
2004-03-10,7.15,7.15,7.15,7.15,
2004-03-11,7.181,7.181,7.181,7.181,
2004-03-12,7.224,7.224,7.224,7.224,
2004-03-15,7.305,7.305,7.305,7.305,
2004-03-16,7.243,7.243,7.243,7.243,
2004-03-17,7.298,7.298,7.298,7.298,
2004-03-18,7.422,7.422,7.422,7.422,
2004-03-19,7.397,7.397,7.397,7.397,
2004-03-22,7.28,7.28,7.28,7.28,
2004-03-23,7.28,7.28,7.28,7.28,
2004-03-24,7.28,7.28,7.28,7.28,
2004-03-25,7.292,7.292,7.292,7.292,
2004-03-26,7.28,7.28,7.28,7.28,
2004-03-29,7.305,7.305,7.305,7.305,
2004-03-30,7.509,7.509,7.509,7.509,
2004-03-31,7.509,7.509,7.509,7.509,
2004-04-01,7.459,7.459,7.459,7.459,
2004-04-02,7.67,7.67,7.67,7.67,
2004-04-05,7.565,7.565,7.565,7.565,
2004-04-06,7.602,7.602,7.602,7.602,
2004-04-07,7.732,7.732,7.732,7.732,
2004-04-08,7.633,7.633,7.633,7.633,
2004-04-12,7.806,7.806,7.806,7.806,
2004-04-13,7.732,7.732,7.732,7.732,
2004-04-14,7.645,7.645,7.645,7.645,
2004-04-15,7.831,7.831,7.831,7.831,
2004-04-16,7.874,7.874,7.874,7.874,
2004-04-19,7.973,7.973,7.973,7.973,
2004-04-20,7.893,7.893,7.893,7.893,
2004-04-21,7.893,7.893,7.893,7.893,
2004-04-22,7.979,7.979,7.979,7.979,
2004-04-23,7.955,7.955,7.955,7.955,
2004-04-26,8.016,8.016,8.016,8.016,
2004-04-27,8.14,8.14,8.14,8.14,
2004-04-28,7.985,7.985,7.985,7.985,
2004-04-29,7.732,7.732,7.732,7.732,
2004-04-30,7.744,7.744,7.744,7.744,
2004-05-03,8.085,8.085,8.085,8.085,
2004-05-04,8.078,8.078,8.078,8.078,
2004-05-05,7.701,7.701,7.701,7.701,
2004-05-06,7.67,7.67,7.67,7.67,
2004-05-07,7.428,7.428,7.428,7.428,
2004-05-10,6.853,6.853,6.853,6.853,
2004-05-11,7.051,7.051,7.051,7.051,
2004-05-12,7.1,7.1,7.1,7.1,
2004-05-13,6.883,6.883,6.883,6.883,
2004-05-14,7.014,7.014,7.014,7.014,
2004-05-17,6.939,6.939,6.939,6.939,
2004-05-18,7.001,7.001,7.001,7.001,
2004-05-19,7.063,7.063,7.063,7.063,
2004-05-20,7.032,7.032,7.032,7.032,
2004-05-21,7.057,7.057,7.057,7.057,
2004-05-24,7.317,7.317,7.317,7.317,
2004-05-25,7.435,7.435,7.435,7.435,
2004-05-26,7.447,7.447,7.447,7.447,
2004-05-27,7.354,7.354,7.354,7.354,
2004-05-28,7.354,7.354,7.354,7.354,
2004-06-01,7.54,7.54,7.54,7.54,
2004-06-02,7.608,7.608,7.608,7.608,
2004-06-03,7.577,7.577,7.577,7.577,
2004-06-04,7.484,7.484,7.484,7.484,
2004-06-07,7.484,7.484,7.484,7.484,
2004-06-08,7.652,7.652,7.652,7.652,
2004-06-09,7.59,7.59,7.59,7.59,
2004-06-10,8.116,8.116,8.116,8.116,
2004-06-14,8.054,8.054,8.054,8.054,
2004-06-15,8.209,8.209,8.209,8.209,
2004-06-16,8.191,8.191,8.191,8.191,
2004-06-17,8.624,8.624,8.624,8.624,
2004-06-18,8.643,8.643,8.643,8.643,
2004-06-21,8.655,8.655,8.655,8.655,
2004-06-22,8.705,8.705,8.705,8.705,
2004-06-23,8.823,8.823,8.823,8.823,
2004-06-24,8.829,8.829,8.829,8.829,
2004-06-25,9.033,9.033,9.033,9.033,
2004-06-28,8.711,8.711,8.711,8.711,
2004-06-29,8.779,8.779,8.779,8.779,
2004-06-30,9.046,9.046,9.046,9.046,
2004-07-01,9.535,9.535,9.535,9.535,
2004-07-02,9.362,9.362,9.362,9.362,
2004-07-06,9.479,9.479,9.479,9.479,
2004-07-07,9.51,9.51,9.51,9.51,
2004-07-08,9.294,9.294,9.294,9.294,
2004-07-09,9.356,9.356,9.356,9.356,
2004-07-12,9.541,9.541,9.541,9.541,
2004-07-13,9.634,9.634,9.634,9.634,
2004-07-14,9.851,9.851,9.851,9.851,
2004-07-15,9.876,9.876,9.876,9.876,
2004-07-16,10.025,10.025,10.025,10.025,
2004-07-19,10.062,10.062,10.062,10.062,
2004-07-20,10.087,10.087,10.087,10.087,
2004-07-21,9.82,9.82,9.82,9.82,
2004-07-22,9.634,9.634,9.634,9.634,
2004-07-23,9.498,9.498,9.498,9.498,
2004-07-26,9.207,9.207,9.207,9.207,
2004-07-27,9.777,9.777,9.777,9.777,
2004-07-28,9.684,9.684,9.684,9.684,
2004-07-29,10.446,10.446,10.446,10.446,
2004-07-30,10.378,10.378,10.378,10.378,
2004-08-02,10.396,10.396,10.396,10.396,
2004-08-03,10.235,10.235,10.235,10.235,
2004-08-04,10.13,10.13,10.13,10.13,
2004-08-05,9.709,9.709,9.709,9.709,
2004-08-06,9.201,9.201,9.201,9.201,
2004-08-09,9.448,9.448,9.448,9.448,
2004-08-10,9.56,9.56,9.56,9.56,
2004-08-11,9.405,9.405,9.405,9.405,
2004-08-12,8.916,8.916,8.916,8.916,
2004-08-13,9.046,9.046,9.046,9.046,
2004-08-16,8.934,8.934,8.934,8.934,
2004-08-17,8.705,8.705,8.705,8.705,
2004-08-18,9.256,9.256,9.256,9.256,
2004-08-19,9.207,9.207,9.207,9.207,
2004-08-20,9.424,9.424,9.424,9.424,
2004-08-23,9.25,9.25,9.25,9.25,
2004-08-24,9.207,9.207,9.207,9.207,
2004-08-25,9.194,9.194,9.194,9.194,
2004-08-26,9.077,9.077,9.077,9.077,
2004-08-27,9.139,9.139,9.139,9.139,
2004-08-30,8.947,8.947,8.947,8.947,
2004-08-31,9.294,9.294,9.294,9.294,
2004-09-01,9.672,9.672,9.672,9.672,
2004-09-02,9.913,9.913,9.913,9.913,
2004-09-03,9.87,9.87,9.87,9.87,
2004-09-07,9.963,9.963,9.963,9.963,
2004-09-08,9.82,9.82,9.82,9.82,
2004-09-09,9.944,9.944,9.944,9.944,
2004-09-10,9.926,9.926,9.926,9.926,
2004-09-13,10.031,10.031,10.031,10.031,
2004-09-14,9.901,9.901,9.901,9.901,
2004-09-15,9.746,9.746,9.746,9.746,
2004-09-16,9.795,9.795,9.795,9.795,
2004-09-17,9.733,9.733,9.733,9.733,
2004-09-20,10.006,10.006,10.006,10.006,
2004-09-21,10.198,10.198,10.198,10.198,
2004-09-22,10.18,10.18,10.18,10.18,
2004-09-23,10.378,10.378,10.378,10.378,
2004-09-24,10.663,10.663,10.663,10.663,
2004-09-27,10.694,10.694,10.694,10.694,
2004-09-28,10.899,10.899,10.899,10.899,
2004-09-29,10.781,10.781,10.781,10.781,
2004-09-30,10.843,10.843,10.843,10.843,
2004-10-01,10.936,10.936,10.936,10.936,
2004-10-04,11.004,11.004,11.004,11.004,
2004-10-05,11.097,11.097,11.097,11.097,
2004-10-06,11.141,11.141,11.141,11.141,
2004-10-07,10.787,10.787,10.787,10.787,
2004-10-08,10.787,10.787,10.787,10.787,
2004-10-11,10.632,10.632,10.632,10.632,
2004-10-12,10.57,10.57,10.57,10.57,
2004-10-13,10.112,10.112,10.112,10.112,
2004-10-14,10.298,10.298,10.298,10.298,
2004-10-15,10.18,10.18,10.18,10.18,
2004-10-18,10.186,10.186,10.186,10.186,
2004-10-19,10.062,10.062,10.062,10.062,
2004-10-20,10.105,10.105,10.105,10.105,
2004-10-21,10.099,10.099,10.099,10.099,
2004-10-22,10.099,10.099,10.099,10.099,
2004-10-25,10.043,10.043,10.043,10.043,
2004-10-26,10.13,10.13,10.13,10.13,
2004-10-27,9.988,9.988,9.988,9.988,
2004-10-28,9.578,9.578,9.578,9.578,
2004-10-29,9.733,9.733,9.733,9.733,
2004-11-01,9.882,9.882,9.882,9.882,
2004-11-02,9.888,9.888,9.888,9.888,
2004-11-03,10.167,10.167,10.167,10.167,
2004-11-04,10.57,10.57,10.57,10.57,
2004-11-05,10.564,10.564,10.564,10.564,
2004-11-08,10.366,10.366,10.366,10.366,
2004-11-09,10.229,10.229,10.229,10.229,
2004-11-10,10.403,10.403,10.403,10.403,
2004-11-11,10.36,10.36,10.36,10.36,
2004-11-12,10.477,10.477,10.477,10.477,
2004-11-15,10.341,10.341,10.341,10.341,
2004-11-16,10.26,10.26,10.26,10.26,
2004-11-17,10.434,10.434,10.434,10.434,
2004-11-18,10.477,10.477,10.477,10.477,
2004-11-19,10.539,10.539,10.539,10.539,
2004-11-22,10.905,10.905,10.905,10.905,
2004-11-23,12.343,12.343,12.343,12.343,
2004-11-24,12.542,12.542,12.542,12.542,
2004-11-26,12.722,12.722,12.722,12.722,
2004-11-29,12.66,12.66,12.66,12.66,
2004-11-30,12.858,12.858,12.858,12.858,
2004-12-01,12.455,12.455,12.455,12.455,
2004-12-02,11.748,11.748,11.748,11.748,
2004-12-03,12.077,12.077,12.077,12.077,
2004-12-06,11.903,11.903,11.903,11.903,
2004-12-07,11.307,11.307,11.307,11.307,
2004-12-08,11.63,11.63,11.63,11.63,
2004-12-09,12.368,12.368,12.368,12.368,
2004-12-10,12.077,12.077,12.077,12.077,
2004-12-13,12.499,12.499,12.499,12.499,
2004-12-14,12.555,12.555,12.555,12.555,
2004-12-15,13.014,13.014,13.014,13.014,
2004-12-16,13.095,13.095,13.095,13.095,
2004-12-17,13.349,13.349,13.349,13.349,
2004-12-20,13.256,13.256,13.256,13.256,
2004-12-21,13.2,13.2,13.2,13.2,
2004-12-22,12.908,12.908,12.908,12.908,
2004-12-23,12.89,12.89,12.89,12.89,
2004-12-27,12.449,12.449,12.449,12.449,
2004-12-28,12.697,12.697,12.697,12.697,
2004-12-29,12.697,12.697,12.697,12.697,
2004-12-30,12.542,12.542,12.542,12.542,
2004-12-31,12.697,12.697,12.697,12.697,
2005-01-03,11.853,11.853,11.853,11.853,
2005-01-04,11.934,11.934,11.934,11.934,
2005-01-05,11.729,11.729,11.729,11.729,
2005-01-06,11.915,11.915,11.915,11.915,
2005-01-07,11.698,11.698,11.698,11.698,
2005-01-10,12.102,12.102,12.102,12.102,
2005-01-11,11.984,11.984,11.984,11.984,
2005-01-12,12.431,12.431,12.431,12.431,
2005-01-13,12.691,12.691,12.691,12.691,
2005-01-14,12.859,12.859,12.859,12.859,
2005-01-18,13.219,13.219,13.219,13.219,
2005-01-19,13.43,13.43,13.43,13.43,
2005-01-20,13.107,13.107,13.107,13.107,
2005-01-21,13.02,13.02,13.02,13.02,
2005-01-24,12.977,12.977,12.977,12.977,
2005-01-25,13.026,13.026,13.026,13.026,
2005-01-26,13.411,13.411,13.411,13.411,
2005-01-27,13.653,13.653,13.653,13.653,
2005-01-28,13.448,13.448,13.448,13.448,
2005-01-31,13.771,13.771,13.771,13.771,
2005-02-01,13.883,13.883,13.883,13.883,
2005-02-02,13.92,13.92,13.92,13.92,
2005-02-03,14.094,14.094,14.094,14.094,
2005-02-04,13.951,13.951,13.951,13.951,
2005-02-07,13.901,13.901,13.901,13.901,
2005-02-08,14.342,14.342,14.342,14.342,
2005-02-09,14.373,14.373,14.373,14.373,
2005-02-10,14.553,14.553,14.553,14.553,
2005-02-11,14.82,14.82,14.82,14.82,
2005-02-14,14.721,14.721,14.721,14.721,
2005-02-15,14.447,14.447,14.447,14.447,
2005-02-16,15.043,15.043,15.043,15.043,
2005-02-17,14.795,14.795,14.795,14.795,
2005-02-18,14.888,14.888,14.888,14.888,
2005-02-22,15.118,15.118,15.118,15.118,
2005-02-23,15.056,15.056,15.056,15.056,
2005-02-24,15.372,15.372,15.372,15.372,
2005-02-25,15.838,15.838,15.838,15.838,
2005-02-28,15.664,15.664,15.664,15.664,
2005-03-01,14.894,14.894,14.894,14.894,
2005-03-02,15.186,15.186,15.186,15.186,
2005-03-03,15.335,15.335,15.335,15.335,
2005-03-04,15.484,15.484,15.484,15.484,
2005-03-07,15.298,15.298,15.298,15.298,
2005-03-08,15.0,15.0,15.0,15.0,
2005-03-09,14.708,14.708,14.708,14.708,
2005-03-10,14.255,14.255,14.255,14.255,
2005-03-11,14.671,14.671,14.671,14.671,
2005-03-14,14.777,14.777,14.777,14.777,
2005-03-15,14.634,14.634,14.634,14.634,
2005-03-16,14.764,14.764,14.764,14.764,
2005-03-17,15.168,15.168,15.168,15.168,
2005-03-18,15.715,15.715,15.715,15.715,
2005-03-21,15.51,15.51,15.51,15.51,
2005-03-22,15.404,15.404,15.404,15.404,
2005-03-23,14.646,14.646,14.646,14.646,
2005-03-24,14.851,14.851,14.851,14.851,
2005-03-28,14.715,14.715,14.715,14.715,
2005-03-29,14.193,14.193,14.193,14.193,
2005-03-30,14.193,14.193,14.193,14.193,
2005-03-31,14.51,14.51,14.51,14.51,
2005-04-01,15.069,15.069,15.069,15.069,
2005-04-04,15.224,15.224,15.224,15.224,
2005-04-05,15.33,15.33,15.33,15.33,
2005-04-06,15.969,15.969,15.969,15.969,
2005-04-07,16.15,16.15,16.15,16.15,
2005-04-08,15.845,15.845,15.845,15.845,
2005-04-11,15.535,15.535,15.535,15.535,
2005-04-12,15.181,15.181,15.181,15.181,
2005-04-13,14.559,14.559,14.559,14.559,
2005-04-14,14.746,14.746,14.746,14.746,
2005-04-15,14.131,14.131,14.131,14.131,
2005-04-18,14.472,14.472,14.472,14.472,
2005-04-19,14.969,14.969,14.969,14.969,
2005-04-20,14.609,14.609,14.609,14.609,
2005-04-21,15.156,15.156,15.156,15.156,
2005-04-22,15.193,15.193,15.193,15.193,
2005-04-25,15.236,15.236,15.236,15.236,
2005-04-26,15.056,15.056,15.056,15.056,
2005-04-27,14.566,14.566,14.566,14.566,
2005-04-28,14.342,14.342,14.342,14.342,
2005-04-29,14.069,14.069,14.069,14.069,
2005-05-02,14.243,14.243,14.243,14.243,
2005-05-03,13.802,13.802,13.802,13.802,
2005-05-04,14.025,14.025,14.025,14.025,
2005-05-05,14.417,14.417,14.417,14.417,
2005-05-06,14.317,14.317,14.317,14.317,
2005-05-09,14.485,14.485,14.485,14.485,
2005-05-10,14.156,14.156,14.156,14.156,
2005-05-11,14.336,14.336,14.336,14.336,
2005-05-12,13.485,13.485,13.485,13.485,
2005-05-13,13.044,13.044,13.044,13.044,
2005-05-16,12.777,12.777,12.777,12.777,
2005-05-17,13.485,13.485,13.485,13.485,
2005-05-18,13.504,13.504,13.504,13.504,
2005-05-19,13.715,13.715,13.715,13.715,
2005-05-20,13.441,13.441,13.441,13.441,
2005-05-23,13.777,13.777,13.777,13.777,
2005-05-24,14.255,14.255,14.255,14.255,
2005-05-25,14.069,14.069,14.069,14.069,
2005-05-26,14.094,14.094,14.094,14.094,
2005-05-27,14.193,14.193,14.193,14.193,
2005-05-31,14.348,14.348,14.348,14.348,
2005-06-01,15.243,15.243,15.243,15.243,
2005-06-02,15.28,15.28,15.28,15.28,
2005-06-03,15.535,15.535,15.535,15.535,
2005-06-06,15.404,15.404,15.404,15.404,
2005-06-07,15.224,15.224,15.224,15.224,
2005-06-08,15.398,15.398,15.398,15.398,
2005-06-09,15.504,15.504,15.504,15.504,
2005-06-10,15.852,15.852,15.852,15.852,
2005-06-13,15.945,15.945,15.945,15.945,
2005-06-14,16.001,16.001,16.001,16.001,
2005-06-15,16.262,16.262,16.262,16.262,
2005-06-16,16.312,16.312,16.312,16.312,
2005-06-17,16.536,16.536,16.536,16.536,
2005-06-20,16.474,16.474,16.474,16.474,
2005-06-21,16.101,16.101,16.101,16.101,
2005-06-22,16.48,16.48,16.48,16.48,
2005-06-23,16.312,16.312,16.312,16.312,
2005-06-24,16.741,16.741,16.741,16.741,
2005-06-27,17.269,17.269,17.269,17.269,
2005-06-28,17.07,17.07,17.07,17.07,
2005-06-29,16.884,16.884,16.884,16.884,
2005-06-30,16.722,16.722,16.722,16.722,
2005-07-01,17.729,17.729,17.729,17.729,
2005-07-05,18.071,18.071,18.071,18.071,
2005-07-06,17.916,17.916,17.916,17.916,
2005-07-07,18.177,18.177,18.177,18.177,
2005-07-08,18.289,18.289,18.289,18.289,
2005-07-11,18.494,18.494,18.494,18.494,
2005-07-12,18.854,18.854,18.854,18.854,
2005-07-13,18.96,18.96,18.96,18.96,
2005-07-14,19.091,19.091,19.091,19.091,
2005-07-15,18.761,18.761,18.761,18.761,
2005-07-18,18.301,18.301,18.301,18.301,
2005-07-19,18.83,18.83,18.83,18.83,
2005-07-20,18.861,18.861,18.861,18.861,
2005-07-21,18.562,18.562,18.562,18.562,
2005-07-22,19.209,19.209,19.209,19.209,
2005-07-25,19.097,19.097,19.097,19.097,
2005-07-26,19.078,19.078,19.078,19.078,
2005-07-27,19.116,19.116,19.116,19.116,
2005-07-28,19.022,19.022,19.022,19.022,
2005-07-29,18.985,18.985,18.985,18.985,
2005-08-01,19.053,19.053,19.053,19.053,
2005-08-02,19.426,19.426,19.426,19.426,
2005-08-03,19.184,19.184,19.184,19.184,
2005-08-04,19.569,19.569,19.569,19.569,
2005-08-05,19.296,19.296,19.296,19.296,
2005-08-08,19.793,19.793,19.793,19.793,
2005-08-09,19.619,19.619,19.619,19.619,
2005-08-10,20.825,20.825,20.825,20.825,
2005-08-11,21.366,21.366,21.366,21.366,
2005-08-12,21.304,21.304,21.304,21.304,
2005-08-15,20.67,20.67,20.67,20.67,
2005-08-16,20.098,20.098,20.098,20.098,
2005-08-17,19.203,19.203,19.203,19.203,
2005-08-18,19.072,19.072,19.072,19.072,
2005-08-19,19.613,19.613,19.613,19.613,
2005-08-22,19.787,19.787,19.787,19.787,
2005-08-23,19.868,19.868,19.868,19.868,
2005-08-24,20.415,20.415,20.415,20.415,
2005-08-25,20.433,20.433,20.433,20.433,
2005-08-26,19.924,19.924,19.924,19.924,
2005-08-29,20.452,20.452,20.452,20.452,
2005-08-30,21.266,21.266,21.266,21.266,
2005-08-31,21.652,21.652,21.652,21.652,
2005-09-01,22.367,22.367,22.367,22.367,
2005-09-02,21.67,21.67,21.67,21.67,
2005-09-06,21.515,21.515,21.515,21.515,
2005-09-07,21.726,21.726,21.726,21.726,
2005-09-08,21.751,21.751,21.751,21.751,
2005-09-09,22.28,22.28,22.28,22.28,
2005-09-12,21.745,21.745,21.745,21.745,
2005-09-13,21.552,21.552,21.552,21.552,
2005-09-14,21.571,21.571,21.571,21.571,
2005-09-15,21.677,21.677,21.677,21.677,
2005-09-16,21.521,21.521,21.521,21.521,
2005-09-19,22.809,22.809,22.809,22.809,
2005-09-20,22.479,22.479,22.479,22.479,
2005-09-21,22.653,22.653,22.653,22.653,
2005-09-22,22.429,22.429,22.429,22.429,
2005-09-23,21.882,21.882,21.882,21.882,
2005-09-26,23.076,23.076,23.076,23.076,
2005-09-27,23.804,23.804,23.804,23.804,
2005-09-28,24.333,24.333,24.333,24.333,
2005-09-29,24.264,24.264,24.264,24.264,
2005-09-30,24.015,24.015,24.015,24.015,
2005-10-03,24.799,24.799,24.799,24.799,
2005-10-04,25.054,25.054,25.054,25.054,
2005-10-05,23.182,23.182,23.182,23.182,
2005-10-06,21.77,21.77,21.77,21.77,
2005-10-07,21.876,21.876,21.876,21.876,
2005-10-10,20.887,20.887,20.887,20.887,
2005-10-11,22.031,22.031,22.031,22.031,
2005-10-12,21.77,21.77,21.77,21.77,
2005-10-13,20.688,20.688,20.688,20.688,
2005-10-14,21.148,21.148,21.148,21.148,
2005-10-17,21.894,21.894,21.894,21.894,
2005-10-18,20.619,20.619,20.619,20.619,
2005-10-19,21.092,21.092,21.092,21.092,
2005-10-20,19.655,19.655,19.655,19.655,
2005-10-21,20.078,20.078,20.078,20.078,
2005-10-24,21.117,21.117,21.117,21.117,
2005-10-25,21.726,21.726,21.726,21.726,
2005-10-26,21.758,21.758,21.758,21.758,
2005-10-27,21.272,21.272,21.272,21.272,
2005-10-28,21.447,21.447,21.447,21.447,
2005-10-31,22.199,22.199,22.199,22.199,
2005-11-01,22.149,22.149,22.149,22.149,
2005-11-02,22.579,22.579,22.579,22.579,
2005-11-03,23.132,23.132,23.132,23.132,
2005-11-04,22.087,22.087,22.087,22.087,
2005-11-07,21.77,21.77,21.77,21.77,
2005-11-08,21.925,21.925,21.925,21.925,
2005-11-09,22.069,22.069,22.069,22.069,
2005-11-10,20.669,20.669,20.669,20.669,
2005-11-11,21.03,21.03,21.03,21.03,
2005-11-14,21.453,21.453,21.453,21.453,
2005-11-15,21.527,21.527,21.527,21.527,
2005-11-16,22.622,22.622,22.622,22.622,
2005-11-17,22.492,22.492,22.492,22.492,
2005-11-18,22.641,22.641,22.641,22.641,
2005-11-21,23.225,23.225,23.225,23.225,
2005-11-22,23.804,23.804,23.804,23.804,
2005-11-23,23.667,23.667,23.667,23.667,
2005-11-25,23.903,23.903,23.903,23.903,
2005-11-28,22.373,22.373,22.373,22.373,
2005-11-29,22.821,22.821,22.821,22.821,
2005-11-30,23.163,23.163,23.163,23.163,
2005-12-01,23.91,23.91,23.91,23.91,
2005-12-02,23.648,23.648,23.648,23.648,
2005-12-05,24.351,24.351,24.351,24.351,
2005-12-06,24.631,24.631,24.631,24.631,
2005-12-07,24.538,24.538,24.538,24.538,
2005-12-08,25.499,25.499,25.499,25.499,
2005-12-09,24.939,24.939,24.939,24.939,
2005-12-12,25.023,25.023,25.023,25.023,
2005-12-13,25.844,25.844,25.844,25.844,
2005-12-14,26.152,26.152,26.152,26.152,
2005-12-15,26.152,26.152,26.152,26.152,
2005-12-16,25.499,25.499,25.499,25.499,
2005-12-19,25.555,25.555,25.555,25.555,
2005-12-20,25.667,25.667,25.667,25.667,
2005-12-21,25.769,25.769,25.769,25.769,
2005-12-22,25.396,25.396,25.396,25.396,
2005-12-23,24.985,24.985,24.985,24.985,
2005-12-27,24.191,24.191,24.191,24.191,
2005-12-28,24.686,24.686,24.686,24.686,
2005-12-29,24.201,24.201,24.201,24.201,
2005-12-30,24.593,24.593,24.593,24.593,
2006-01-03,25.732,25.732,25.732,25.732,
2006-01-04,26.619,26.619,26.619,26.619,
2006-01-05,25.629,25.629,25.629,25.629,
2006-01-06,25.863,25.863,25.863,25.863,
2006-01-09,25.797,25.797,25.797,25.797,
2006-01-10,26.451,26.451,26.451,26.451,
2006-01-11,26.843,26.843,26.843,26.843,
2006-01-12,26.852,26.852,26.852,26.852,
2006-01-13,26.806,26.806,26.806,26.806,
2006-01-17,27.422,27.422,27.422,27.422,
2006-01-18,26.722,26.722,26.722,26.722,
2006-01-19,27.805,27.805,27.805,27.805,
2006-01-20,27.543,27.543,27.543,27.543,
2006-01-23,27.105,27.105,27.105,27.105,
2006-01-24,26.983,26.983,26.983,26.983,
2006-01-25,26.376,26.376,26.376,26.376,
2006-01-26,25.9,25.9,25.9,25.9,
2006-01-27,26.488,26.488,26.488,26.488,
2006-01-30,27.329,27.329,27.329,27.329,
2006-01-31,27.889,27.889,27.889,27.889,
2006-02-01,27.245,27.245,27.245,27.245,
2006-02-02,26.386,26.386,26.386,26.386,
2006-02-03,26.049,26.049,26.049,26.049,
2006-02-06,26.32,26.32,26.32,26.32,
2006-02-07,24.388,24.388,24.388,24.388,
2006-02-08,24.285,24.285,24.285,24.285,
2006-02-09,22.912,22.912,22.912,22.912,
2006-02-10,22.436,22.436,22.436,22.436,
2006-02-13,21.764,21.764,21.764,21.764,
2006-02-14,22.66,22.66,22.66,22.66,
2006-02-15,22.642,22.642,22.642,22.642,
2006-02-16,23.323,23.323,23.323,23.323,
2006-02-17,23.435,23.435,23.435,23.435,
2006-02-21,24.229,24.229,24.229,24.229,
2006-02-22,23.23,23.23,23.23,23.23,
2006-02-23,22.903,22.903,22.903,22.903,
2006-02-24,23.183,23.183,23.183,23.183,
2006-02-27,22.707,22.707,22.707,22.707,
2006-02-28,22.343,22.343,22.343,22.343,
2006-03-01,23.248,23.248,23.248,23.248,
2006-03-02,23.51,23.51,23.51,23.51,
2006-03-03,23.799,23.799,23.799,23.799,
2006-03-06,22.38,22.38,22.38,22.38,
2006-03-07,21.568,21.568,21.568,21.568,
2006-03-08,21.783,21.783,21.783,21.783,
2006-03-09,21.652,21.652,21.652,21.652,
2006-03-10,21.876,21.876,21.876,21.876,
2006-03-13,22.717,22.717,22.717,22.717,
2006-03-14,23.651,23.651,23.651,23.651,
2006-03-15,23.708,23.708,23.708,23.708,
2006-03-16,24.39,24.39,24.39,24.39,
2006-03-17,24.109,24.109,24.109,24.109,
2006-03-20,23.437,23.437,23.437,23.437,
2006-03-21,23.278,23.278,23.278,23.278,
2006-03-22,23.876,23.876,23.876,23.876,
2006-03-23,24.464,24.464,24.464,24.464,
2006-03-24,24.848,24.848,24.848,24.848,
2006-03-27,25.147,25.147,25.147,25.147,
2006-03-28,25.782,25.782,25.782,25.782,
2006-03-29,26.016,26.016,26.016,26.016,
2006-03-30,26.268,26.268,26.268,26.268,
2006-03-31,25.52,25.52,25.52,25.52,
2006-04-03,25.726,25.726,25.726,25.726,
2006-04-04,25.717,25.717,25.717,25.717,
2006-04-05,25.876,25.876,25.876,25.876,
2006-04-06,26.025,26.025,26.025,26.025,
2006-04-07,25.305,25.305,25.305,25.305,
2006-04-10,26.053,26.053,26.053,26.053,
2006-04-11,25.558,25.558,25.558,25.558,
2006-04-12,25.221,25.221,25.221,25.221,
2006-04-13,25.343,25.343,25.343,25.343,
2006-04-17,25.969,25.969,25.969,25.969,
2006-04-18,26.885,26.885,26.885,26.885,
2006-04-19,27.931,27.931,27.931,27.931,
2006-04-20,27.511,27.511,27.511,27.511,
2006-04-21,27.838,27.838,27.838,27.838,
2006-04-24,27.483,27.483,27.483,27.483,
2006-04-25,26.838,26.838,26.838,26.838,
2006-04-26,26.352,26.352,26.352,26.352,
2006-04-27,25.436,25.436,25.436,25.436,
2006-04-28,24.792,24.792,24.792,24.792,
2006-05-01,25.595,25.595,25.595,25.595,
2006-05-02,25.932,25.932,25.932,25.932,
2006-05-03,25.492,25.492,25.492,25.492,
2006-05-04,25.614,25.614,25.614,25.614,
2006-05-05,25.791,25.791,25.791,25.791,
2006-05-08,25.651,25.651,25.651,25.651,
2006-05-09,25.464,25.464,25.464,25.464,
2006-05-10,25.511,25.511,25.511,25.511,
2006-05-11,26.371,26.371,26.371,26.371,
2006-05-12,25.464,25.464,25.464,25.464,
2006-05-15,24.539,24.539,24.539,24.539,
2006-05-16,24.334,24.334,24.334,24.334,
2006-05-17,24.1,24.1,24.1,24.1,
2006-05-18,23.231,23.231,23.231,23.231,
2006-05-19,23.53,23.53,23.53,23.53,
2006-05-22,23.081,23.081,23.081,23.081,
2006-05-23,23.24,23.24,23.24,23.24,
2006-05-24,22.736,22.736,22.736,22.736,
2006-05-25,23.399,23.399,23.399,23.399,
2006-05-26,23.698,23.698,23.698,23.698,
2006-05-30,23.437,23.437,23.437,23.437,
2006-05-31,24.203,24.203,24.203,24.203,
2006-06-01,24.792,24.792,24.792,24.792,
2006-06-02,24.829,24.829,24.829,24.829,
2006-06-05,24.128,24.128,24.128,24.128,
2006-06-06,23.642,23.642,23.642,23.642,
2006-06-07,22.427,22.427,22.427,22.427,
2006-06-08,22.614,22.614,22.614,22.614,
2006-06-09,22.063,22.063,22.063,22.063,
2006-06-12,21.306,21.306,21.306,21.306,
2006-06-13,20.567,20.567,20.567,20.567,
2006-06-14,21.39,21.39,21.39,21.39,
2006-06-15,22.653,22.653,22.653,22.653,
2006-06-16,22.335,22.335,22.335,22.335,
2006-06-19,21.297,21.297,21.297,21.297,
2006-06-20,21.231,21.231,21.231,21.231,
2006-06-21,22.082,22.082,22.082,22.082,
2006-06-22,22.026,22.026,22.026,22.026,
2006-06-23,23.569,23.569,23.569,23.569,
2006-06-26,23.747,23.747,23.747,23.747,
2006-06-27,23.85,23.85,23.85,23.85,
2006-06-28,24.252,24.252,24.252,24.252,
2006-06-29,24.832,24.832,24.832,24.832,
2006-06-30,25.431,25.431,25.431,25.431,
2006-07-03,26.001,26.001,26.001,26.001,
2006-07-05,25.159,25.159,25.159,25.159,
2006-07-06,24.869,24.869,24.869,24.869,
2006-07-07,24.636,24.636,24.636,24.636,
2006-07-10,24.224,24.224,24.224,24.224,
2006-07-11,24.074,24.074,24.074,24.074,
2006-07-12,23.803,23.803,23.803,23.803,
2006-07-13,23.392,23.392,23.392,23.392,
2006-07-14,23.541,23.541,23.541,23.541,
2006-07-17,22.447,22.447,22.447,22.447,
2006-07-18,22.69,22.69,22.69,22.69,
2006-07-19,23.523,23.523,23.523,23.523,
2006-07-20,22.989,22.989,22.989,22.989,
2006-07-21,22.802,22.802,22.802,22.802,
2006-07-24,23.41,23.41,23.41,23.41,
2006-07-25,24.243,24.243,24.243,24.243,
2006-07-26,25.197,25.197,25.197,25.197,
2006-07-27,24.608,24.608,24.608,24.608,
2006-07-28,25.019,25.019,25.019,25.019,
2006-07-31,26.291,26.291,26.291,26.291,
2006-08-01,26.487,26.487,26.487,26.487,
2006-08-02,27.123,27.123,27.123,27.123,
2006-08-03,26.749,26.749,26.749,26.749,
2006-08-04,26.385,26.385,26.385,26.385,
2006-08-07,26.656,26.656,26.656,26.656,
2006-08-08,26.478,26.478,26.478,26.478,
2006-08-09,26.656,26.656,26.656,26.656,
2006-08-10,26.572,26.572,26.572,26.572,
2006-08-11,25.954,25.954,25.954,25.954,
2006-08-14,25.028,25.028,25.028,25.028,
2006-08-15,25.15,25.15,25.15,25.15,
2006-08-16,25.262,25.262,25.262,25.262,
2006-08-17,24.972,24.972,24.972,24.972,
2006-08-18,25.197,25.197,25.197,25.197,
2006-08-21,25.365,25.365,25.365,25.365,
2006-08-22,25.318,25.318,25.318,25.318,
2006-08-23,24.972,24.972,24.972,24.972,
2006-08-24,25.973,25.973,25.973,25.973,
2006-08-25,26.478,26.478,26.478,26.478,
2006-08-28,26.45,26.45,26.45,26.45,
2006-08-29,26.637,26.637,26.637,26.637,
2006-08-30,26.198,26.198,26.198,26.198,
2006-08-31,26.169,26.169,26.169,26.169,
2006-09-01,26.796,26.796,26.796,26.796,
2006-09-05,27.011,27.011,27.011,27.011,
2006-09-06,25.898,25.898,25.898,25.898,
2006-09-07,25.767,25.767,25.767,25.767,
2006-09-08,24.738,24.738,24.738,24.738,
2006-09-11,23.532,23.532,23.532,23.532,
2006-09-12,23.513,23.513,23.513,23.513,
2006-09-13,23.822,23.822,23.822,23.822,
2006-09-14,22.924,22.924,22.924,22.924,
2006-09-15,23.101,23.101,23.101,23.101,
2006-09-18,23.747,23.747,23.747,23.747,
2006-09-19,23.775,23.775,23.775,23.775,
2006-09-20,22.886,22.886,22.886,22.886,
2006-09-21,22.914,22.914,22.914,22.914,
2006-09-22,22.512,22.512,22.512,22.512,
2006-09-25,22.381,22.381,22.381,22.381,
2006-09-26,22.895,22.895,22.895,22.895,
2006-09-27,23.635,23.635,23.635,23.635,
2006-09-28,23.775,23.775,23.775,23.775,
2006-09-29,23.626,23.626,23.626,23.626,
2006-10-02,23.045,23.045,23.045,23.045,
2006-10-03,21.856,21.856,21.856,21.856,
2006-10-04,22.465,22.465,22.465,22.465,
2006-10-05,23.017,23.017,23.017,23.017,
2006-10-06,22.849,22.849,22.849,22.849,
2006-10-09,22.98,22.98,22.98,22.98,
2006-10-10,23.747,23.747,23.747,23.747,
2006-10-11,23.092,23.092,23.092,23.092,
2006-10-12,23.373,23.373,23.373,23.373,
2006-10-13,23.953,23.953,23.953,23.953,
2006-10-16,25.058,25.058,25.058,25.058,
2006-10-17,24.786,24.786,24.786,24.786,
2006-10-18,24.515,24.515,24.515,24.515,
2006-10-19,25.301,25.301,25.301,25.301,
2006-10-20,24.449,24.449,24.449,24.449,
2006-10-23,24.103,24.103,24.103,24.103,
2006-10-24,25.002,25.002,25.002,25.002,
2006-10-25,25.872,25.872,25.872,25.872,
2006-10-26,26.041,26.041,26.041,26.041,
2006-10-27,25.572,25.572,25.572,25.572,
2006-10-30,25.254,25.254,25.254,25.254,
2006-10-31,25.413,25.413,25.413,25.413,
2006-11-01,24.758,24.758,24.758,24.758,
2006-11-02,24.618,24.618,24.618,24.618,
2006-11-03,25.273,25.273,25.273,25.273,
2006-11-06,25.498,25.498,25.498,25.498,
2006-11-07,25.226,25.226,25.226,25.226,
2006-11-08,25.76,25.76,25.76,25.76,
2006-11-09,26.555,26.555,26.555,26.555,
2006-11-10,25.853,25.853,25.853,25.853,
2006-11-13,25.741,25.741,25.741,25.741,
2006-11-14,25.685,25.685,25.685,25.685,
2006-11-15,26.668,26.668,26.668,26.668,
2006-11-16,25.554,25.554,25.554,25.554,
2006-11-17,25.881,25.881,25.881,25.881,
2006-11-20,25.591,25.591,25.591,25.591,
2006-11-21,26.246,26.246,26.246,26.246,
2006-11-22,26.209,26.209,26.209,26.209,
2006-11-24,26.181,26.181,26.181,26.181,
2006-11-27,26.49,26.49,26.49,26.49,
2006-11-28,27.154,27.154,27.154,27.154,
2006-11-29,28.278,28.278,28.278,28.278,
2006-11-30,29.101,29.101,29.101,29.101,
2006-12-01,29.232,29.232,29.232,29.232,
2006-12-04,28.596,28.596,28.596,28.596,
2006-12-05,29.148,29.148,29.148,29.148,
2006-12-06,29.045,29.045,29.045,29.045,
2006-12-07,28.83,28.83,28.83,28.83,
2006-12-08,28.287,28.287,28.287,28.287,
2006-12-11,28.128,28.128,28.128,28.128,
2006-12-12,27.987,27.987,27.987,27.987,
2006-12-13,28.334,28.334,28.334,28.334,
2006-12-14,28.578,28.578,28.578,28.578,
2006-12-15,28.128,28.128,28.128,28.128,
2006-12-18,26.732,26.732,26.732,26.732,
2006-12-19,27.547,27.547,27.547,27.547,
2006-12-20,26.563,26.563,26.563,26.563,
2006-12-21,26.048,26.048,26.048,26.048,
2006-12-22,25.898,25.898,25.898,25.898,
2006-12-26,25.43,25.43,25.43,25.43,
2006-12-27,26.02,26.02,26.02,26.02,
2006-12-28,26.114,26.114,26.114,26.114,
2006-12-29,25.729,25.729,25.729,25.729,
2007-01-03,24.202,24.202,24.202,24.202,
2007-01-04,24.071,24.071,24.071,24.071,
2007-01-05,24.614,24.614,24.614,24.614,
2007-01-08,24.661,24.661,24.661,24.661,
2007-01-09,24.961,24.961,24.961,24.961,
2007-01-10,24.652,24.652,24.652,24.652,
2007-01-11,24.783,24.783,24.783,24.783,
2007-01-12,25.551,25.551,25.551,25.551,
2007-01-16,25.514,25.514,25.514,25.514,
2007-01-17,26.01,26.01,26.01,26.01,
2007-01-18,25.954,25.954,25.954,25.954,
2007-01-19,26.938,26.938,26.938,26.938,
2007-01-22,26.891,26.891,26.891,26.891,
2007-01-23,28.306,28.306,28.306,28.306,
2007-01-24,28.887,28.887,28.887,28.887,
2007-01-25,28.306,28.306,28.306,28.306,
2007-01-26,28.887,28.887,28.887,28.887,
2007-01-29,28.587,28.587,28.587,28.587,
2007-01-30,28.803,28.803,28.803,28.803,
2007-01-31,28.756,28.756,28.756,28.756,
2007-02-01,29.046,29.046,29.046,29.046,
2007-02-02,29.009,29.009,29.009,29.009,
2007-02-05,28.531,28.531,28.531,28.531,
2007-02-06,28.522,28.522,28.522,28.522,
2007-02-07,28.034,28.034,28.034,28.034,
2007-02-08,28.306,28.306,28.306,28.306,
2007-02-09,28.671,28.671,28.671,28.671,
2007-02-12,27.978,27.978,27.978,27.978,
2007-02-13,28.418,28.418,28.418,28.418,
2007-02-14,28.625,28.625,28.625,28.625,
2007-02-15,28.456,28.456,28.456,28.456,
2007-02-16,28.84,28.84,28.84,28.84,
2007-02-20,28.887,28.887,28.887,28.887,
2007-02-21,29.44,29.44,29.44,29.44,
2007-02-22,30.077,30.077,30.077,30.077,
2007-02-23,30.199,30.199,30.199,30.199,
2007-02-26,30.686,30.686,30.686,30.686,
2007-02-27,29.918,29.918,29.918,29.918,
2007-02-28,29.918,29.918,29.918,29.918,
2007-03-01,30.039,30.039,30.039,30.039,
2007-03-02,29.337,29.337,29.337,29.337,
2007-03-05,27.884,27.884,27.884,27.884,
2007-03-06,28.344,28.344,28.344,28.344,
2007-03-07,28.606,28.606,28.606,28.606,
2007-03-08,28.522,28.522,28.522,28.522,
2007-03-09,28.447,28.447,28.447,28.447,
2007-03-12,28.128,28.128,28.128,28.128,
2007-03-13,27.725,27.725,27.725,27.725,
2007-03-14,28.306,28.306,28.306,28.306,
2007-03-15,28.156,28.156,28.156,28.156,
2007-03-16,28.4,28.4,28.4,28.4,
2007-03-19,29.244,29.244,29.244,29.244,
2007-03-20,29.788,29.788,29.788,29.788,
2007-03-21,30.295,30.295,30.295,30.295,
2007-03-22,30.829,30.829,30.829,30.829,
2007-03-23,30.557,30.557,30.557,30.557,
2007-03-26,30.848,30.848,30.848,30.848,
2007-03-27,30.81,30.81,30.81,30.81,
2007-03-28,30.97,30.97,30.97,30.97,
2007-03-29,31.167,31.167,31.167,31.167,
2007-03-30,31.326,31.326,31.326,31.326,
2007-04-02,31.898,31.898,31.898,31.898,
2007-04-03,32.02,32.02,32.02,32.02,
2007-04-04,32.217,32.217,32.217,32.217,
2007-04-05,32.367,32.367,32.367,32.367,
2007-04-09,32.752,32.752,32.752,32.752,
2007-04-10,33.455,33.455,33.455,33.455,
2007-04-11,33.474,33.474,33.474,33.474,
2007-04-12,34.375,34.375,34.375,34.375,
2007-04-13,34.074,34.074,34.074,34.074,
2007-04-16,33.84,33.84,33.84,33.84,
2007-04-17,34.027,34.027,34.027,34.027,
2007-04-18,34.159,34.159,34.159,34.159,
2007-04-19,34.037,34.037,34.037,34.037,
2007-04-20,34.224,34.224,34.224,34.224,
2007-04-23,35.078,35.078,35.078,35.078,
2007-04-24,34.862,34.862,34.862,34.862,
2007-04-25,34.468,34.468,34.468,34.468,
2007-04-26,35.097,35.097,35.097,35.097,
2007-04-27,35.416,35.416,35.416,35.416,
2007-04-30,34.281,34.281,34.281,34.281,
2007-05-01,34.346,34.346,34.346,34.346,
2007-05-02,34.759,34.759,34.759,34.759,
2007-05-03,35.209,35.209,35.209,35.209,
2007-05-04,35.753,35.753,35.753,35.753,
2007-05-07,35.894,35.894,35.894,35.894,
2007-05-08,35.5,35.5,35.5,35.5,
2007-05-09,35.012,35.012,35.012,35.012,
2007-05-10,33.981,33.981,33.981,33.981,
2007-05-11,34.834,34.834,34.834,34.834,
2007-05-14,35.031,35.031,35.031,35.031,
2007-05-15,34.262,34.262,34.262,34.262,
2007-05-16,34.234,34.234,34.234,34.234,
2007-05-17,34.806,34.806,34.806,34.806,
2007-05-18,35.706,35.706,35.706,35.706,
2007-05-21,36.335,36.335,36.335,36.335,
2007-05-22,35.856,35.856,35.856,35.856,
2007-05-23,35.659,35.659,35.659,35.659,
2007-05-24,34.703,34.703,34.703,34.703,
2007-05-25,35.425,35.425,35.425,35.425,
2007-05-29,35.425,35.425,35.425,35.425,
2007-05-30,36.522,36.522,36.522,36.522,
2007-05-31,36.335,36.335,36.335,36.335,
2007-06-01,36.569,36.569,36.569,36.569,
2007-06-04,38.464,38.464,38.464,38.464,
2007-06-05,37.985,37.985,37.985,37.985,
2007-06-06,36.776,36.776,36.776,36.776,
2007-06-07,35.65,35.65,35.65,35.65,
2007-06-08,35.631,35.631,35.631,35.631,
2007-06-11,35.697,35.697,35.697,35.697,
2007-06-12,35.922,35.922,35.922,35.922,
2007-06-13,37.058,37.058,37.058,37.058,
2007-06-14,38.532,38.532,38.532,38.532,
2007-06-15,38.747,38.747,38.747,38.747,
2007-06-18,38.241,38.241,38.241,38.241,
2007-06-19,37.828,37.828,37.828,37.828,
2007-06-20,36.495,36.495,36.495,36.495,
2007-06-21,36.889,36.889,36.889,36.889,
2007-06-22,36.241,36.241,36.241,36.241,
2007-06-25,35.35,35.35,35.35,35.35,
2007-06-26,34.148,34.148,34.148,34.148,
2007-06-27,34.758,34.758,34.758,34.758,
2007-06-28,34.561,34.561,34.561,34.561,
2007-06-29,35.115,35.115,35.115,35.115,
2007-07-02,35.227,35.227,35.227,35.227,
2007-07-03,35.988,35.988,35.988,35.988,
2007-07-05,36.391,36.391,36.391,36.391,
2007-07-06,36.119,36.119,36.119,36.119,
2007-07-09,36.335,36.335,36.335,36.335,
2007-07-10,36.194,36.194,36.194,36.194,
2007-07-11,36.11,36.11,36.11,36.11,
2007-07-12,35.753,35.753,35.753,35.753,
2007-07-13,35.8,35.8,35.8,35.8,
2007-07-16,35.03,35.03,35.03,35.03,
2007-07-17,36.495,36.495,36.495,36.495,
2007-07-18,37.734,37.734,37.734,37.734,
2007-07-19,37.978,37.978,37.978,37.978,
2007-07-20,37.011,37.011,37.011,37.011,
2007-07-23,36.044,36.044,36.044,36.044,
2007-07-24,34.157,34.157,34.157,34.157,
2007-07-25,34.279,34.279,34.279,34.279,
2007-07-26,34.27,34.27,34.27,34.27,
2007-07-27,33.988,33.988,33.988,33.988,
2007-07-30,35.293,35.293,35.293,35.293,
2007-07-31,34.861,34.861,34.861,34.861,
2007-08-01,34.852,34.852,34.852,34.852,
2007-08-02,34.702,34.702,34.702,34.702,
2007-08-03,33.51,33.51,33.51,33.51,
2007-08-06,33.763,33.763,33.763,33.763,
2007-08-07,35.781,35.781,35.781,35.781,
2007-08-08,36.42,36.42,36.42,36.42,
2007-08-09,37.105,37.105,37.105,37.105,
2007-08-10,36.495,36.495,36.495,36.495,
2007-08-13,35.697,35.697,35.697,35.697,
2007-08-14,34.599,34.599,34.599,34.599,
2007-08-15,33.679,33.679,33.679,33.679,
2007-08-16,33.069,33.069,33.069,33.069,
2007-08-17,33.51,33.51,33.51,33.51,
2007-08-20,33.36,33.36,33.36,33.36,
2007-08-21,33.125,33.125,33.125,33.125,
2007-08-22,33.228,33.228,33.228,33.228,
2007-08-23,33.125,33.125,33.125,33.125,
2007-08-24,34.317,34.317,34.317,34.317,
2007-08-27,33.904,33.904,33.904,33.904,
2007-08-28,32.778,32.778,32.778,32.778,
2007-08-29,33.782,33.782,33.782,33.782,
2007-08-30,33.744,33.744,33.744,33.744,
2007-08-31,34.082,34.082,34.082,34.082,
2007-09-04,35.556,35.556,35.556,35.556,
2007-09-05,36.617,36.617,36.617,36.617,
2007-09-06,36.879,36.879,36.879,36.879,
2007-09-07,36.138,36.138,36.138,36.138,
2007-09-10,35.809,35.809,35.809,35.809,
2007-09-11,36.795,36.795,36.795,36.795,
2007-09-12,37.846,37.846,37.846,37.846,
2007-09-13,37.386,37.386,37.386,37.386,
2007-09-14,37.687,37.687,37.687,37.687,
2007-09-17,37.809,37.809,37.809,37.809,
2007-09-18,38.344,38.344,38.344,38.344,
2007-09-19,38.447,38.447,38.447,38.447,
2007-09-20,38.551,38.551,38.551,38.551,
2007-09-21,39.143,39.143,39.143,39.143,
2007-09-24,38.391,38.391,38.391,38.391,
2007-09-25,37.696,37.696,37.696,37.696,
2007-09-26,37.95,37.95,37.95,37.95,
2007-09-27,38.278,38.278,38.278,38.278,
2007-09-28,38.194,38.194,38.194,38.194,
2007-10-01,38.983,38.983,38.983,38.983,
2007-10-02,39.95,39.95,39.95,39.95,
2007-10-03,39.64,39.64,39.64,39.64,
2007-10-04,40.326,40.326,40.326,40.326,
2007-10-05,41.453,41.453,41.453,41.453,
2007-10-08,40.655,40.655,40.655,40.655,
2007-10-09,41.237,41.237,41.237,41.237,
2007-10-10,41.594,41.594,41.594,41.594,
2007-10-11,41.801,41.801,41.801,41.801,
2007-10-12,41.472,41.472,41.472,41.472,
2007-10-15,41.444,41.444,41.444,41.444,
2007-10-16,40.918,40.918,40.918,40.918,
2007-10-17,40.815,40.815,40.815,40.815,
2007-10-18,42.712,42.712,42.712,42.712,
2007-10-19,41.228,41.228,41.228,41.228,
2007-10-22,40.627,40.627,40.627,40.627,
2007-10-23,40.523,40.523,40.523,40.523,
2007-10-24,41.134,41.134,41.134,41.134,
2007-10-25,41.585,41.585,41.585,41.585,
2007-10-26,42.43,42.43,42.43,42.43,
2007-10-29,41.895,41.895,41.895,41.895,
2007-10-30,40.448,40.448,40.448,40.448,
2007-10-31,42.205,42.205,42.205,42.205,
2007-11-01,41.491,41.491,41.491,41.491,
2007-11-02,41.237,41.237,41.237,41.237,
2007-11-05,40.956,40.956,40.956,40.956,
2007-11-06,41.472,41.472,41.472,41.472,
2007-11-07,39.903,39.903,39.903,39.903,
2007-11-08,39.424,39.424,39.424,39.424,
2007-11-09,38.645,38.645,38.645,38.645,
2007-11-12,36.616,36.616,36.616,36.616,
2007-11-13,37.508,37.508,37.508,37.508,
2007-11-14,37.64,37.64,37.64,37.64,
2007-11-15,36.794,36.794,36.794,36.794,
2007-11-16,37.245,37.245,37.245,37.245,
2007-11-19,37.574,37.574,37.574,37.574,
2007-11-20,37.151,37.151,37.151,37.151,
2007-11-21,35.986,35.986,35.986,35.986,
2007-11-23,36.4,36.4,36.4,36.4,
2007-11-26,35.986,35.986,35.986,35.986,
2007-11-27,35.601,35.601,35.601,35.601,
2007-11-28,36.588,36.588,36.588,36.588,
2007-11-29,37.959,37.959,37.959,37.959,
2007-11-30,38.213,38.213,38.213,38.213,
2007-12-03,37.752,37.752,37.752,37.752,
2007-12-04,37.668,37.668,37.668,37.668,
2007-12-05,38.711,38.711,38.711,38.711,
2007-12-06,40.101,40.101,40.101,40.101,
2007-12-07,40.608,40.608,40.608,40.608,
2007-12-10,43.05,43.05,43.05,43.05,
2007-12-11,42.524,42.524,42.524,42.524,
2007-12-12,44.281,44.281,44.281,44.281,
2007-12-13,43.961,43.961,43.961,43.961,
2007-12-14,42.974,42.974,42.974,42.974,
2007-12-17,42.071,42.071,42.071,42.071,
2007-12-18,44.365,44.365,44.365,44.365,
2007-12-19,45.785,45.785,45.785,45.785,
2007-12-20,46.913,46.913,46.913,46.913,
2007-12-21,47.449,47.449,47.449,47.449,
2007-12-24,48.201,48.201,48.201,48.201,
2007-12-26,48.417,48.417,48.417,48.417,
2007-12-27,48.117,48.117,48.117,48.117,
2007-12-28,48.54,48.54,48.54,48.54,
2007-12-31,48.286,48.286,48.286,48.286,
2008-01-02,49.555,49.555,49.555,49.555,
2008-01-03,49.79,49.79,49.79,49.79,
2008-01-04,48.22,48.22,48.22,48.22,
2008-01-07,48.521,48.521,48.521,48.521,
2008-01-08,47.007,47.007,47.007,47.007,
2008-01-09,47.176,47.176,47.176,47.176,
2008-01-10,47.308,47.308,47.308,47.308,
2008-01-11,49.724,49.724,49.724,49.724,
2008-01-14,52.752,52.752,52.752,52.752,
2008-01-15,49.047,49.047,49.047,49.047,
2008-01-16,47.28,47.28,47.28,47.28,
2008-01-17,44.798,44.798,44.798,44.798,
2008-01-18,45.682,45.682,45.682,45.682,
2008-01-22,44.112,44.112,44.112,44.112,
2008-01-23,43.491,43.491,43.491,43.491,
2008-01-24,45.691,45.691,45.691,45.691,
2008-01-25,45.08,45.08,45.08,45.08,
2008-01-28,46.058,46.058,46.058,46.058,
2008-01-29,45.7,45.7,45.7,45.7,
2008-01-30,48.982,48.982,48.982,48.982,
2008-01-31,49.094,49.094,49.094,49.094,
2008-02-01,49.894,49.894,49.894,49.894,
2008-02-04,51.36,51.36,51.36,51.36,
2008-02-05,49.762,49.762,49.762,49.762,
2008-02-06,50.288,50.288,50.288,50.288,
2008-02-07,52.291,52.291,52.291,52.291,
2008-02-08,53.466,53.466,53.466,53.466,
2008-02-11,56.042,56.042,56.042,56.042,
2008-02-12,55.093,55.093,55.093,55.093,
2008-02-13,55.995,55.995,55.995,55.995,
2008-02-14,55.675,55.675,55.675,55.675,
2008-02-15,54.152,54.152,54.152,54.152,
2008-02-19,56.916,56.916,56.916,56.916,
2008-02-20,60.273,60.273,60.273,60.273,
2008-02-21,57.772,57.772,57.772,57.772,
2008-02-22,58.966,58.966,58.966,58.966,
2008-02-25,60.837,60.837,60.837,60.837,
2008-02-26,61.26,61.26,61.26,61.26,
2008-02-27,58.167,58.167,58.167,58.167,
2008-02-28,60.169,60.169,60.169,60.169,
2008-02-29,57.518,57.518,57.518,57.518,
2008-03-03,59.051,59.051,59.051,59.051,
2008-03-04,56.54,56.54,56.54,56.54,
2008-03-05,57.49,57.49,57.49,57.49,
2008-03-06,56.39,56.39,56.39,56.39,
2008-03-07,55.045,55.045,55.045,55.045,
2008-03-10,53.805,53.805,53.805,53.805,
2008-03-11,57.621,57.621,57.621,57.621,
2008-03-12,56.681,56.681,56.681,56.681,
2008-03-13,59.56,59.56,59.56,59.56,
2008-03-14,58.826,58.826,58.826,58.826,
2008-03-17,56.258,56.258,56.258,56.258,
2008-03-18,58.883,58.883,58.883,58.883,
2008-03-19,55.167,55.167,55.167,55.167,
2008-03-20,55.665,55.665,55.665,55.665,
2008-03-24,57.641,57.641,57.641,57.641,
2008-03-25,58.563,58.563,58.563,58.563,
2008-03-26,60.501,60.501,60.501,60.501,
2008-03-27,58.732,58.732,58.732,58.732,
2008-03-28,58.873,58.873,58.873,58.873,
2008-03-31,59.692,59.692,59.692,59.692,
2008-04-01,60.501,60.501,60.501,60.501,
2008-04-02,61.611,61.611,61.611,61.611,
2008-04-03,61.856,61.856,61.856,61.856,
2008-04-04,63.022,63.022,63.022,63.022,
2008-04-07,63.502,63.502,63.502,63.502,
2008-04-08,64.631,64.631,64.631,64.631,
2008-04-09,62.373,62.373,62.373,62.373,
2008-04-10,63.333,63.333,63.333,63.333,
2008-04-11,62.345,62.345,62.345,62.345,
2008-04-14,62.89,62.89,62.89,62.89,
2008-04-15,64.979,64.979,64.979,64.979,
2008-04-16,66.164,66.164,66.164,66.164,
2008-04-17,65.252,65.252,65.252,65.252,
2008-04-18,67.359,67.359,67.359,67.359,
2008-04-21,68.046,68.046,68.046,68.046,
2008-04-22,67.735,67.735,67.735,67.735,
2008-04-23,66.371,66.371,66.371,66.371,
2008-04-24,62.317,62.317,62.317,62.317,
2008-04-25,65.28,65.28,65.28,65.28,
2008-04-28,64.367,64.367,64.367,64.367,
2008-04-29,61.564,61.564,61.564,61.564,
2008-04-30,62.448,62.448,62.448,62.448,
2008-05-01,62.044,62.044,62.044,62.044,
2008-05-02,63.587,63.587,63.587,63.587,
2008-05-05,65.478,65.478,65.478,65.478,
2008-05-06,66.87,66.87,66.87,66.87,
2008-05-07,65.383,65.383,65.383,65.383,
2008-05-08,66.541,66.541,66.541,66.541,
2008-05-09,65.543,65.543,65.543,65.543,
2008-05-12,65.412,65.412,65.412,65.412,
2008-05-13,66.644,66.644,66.644,66.644,
2008-05-14,64.273,64.273,64.273,64.273,
2008-05-15,64.377,64.377,64.377,64.377,
2008-05-16,65.478,65.478,65.478,65.478,
2008-05-19,67.801,67.801,67.801,67.801,
2008-05-20,70.558,70.558,70.558,70.558,
2008-05-21,68.667,68.667,68.667,68.667,
2008-05-22,65.957,65.957,65.957,65.957,
2008-05-23,64.65,64.65,64.65,64.65,
2008-05-27,63.54,63.54,63.54,63.54,
2008-05-28,64.697,64.697,64.697,64.697,
2008-05-29,61.235,61.235,61.235,61.235,
2008-05-30,61.865,61.865,61.865,61.865,
2008-06-02,61.526,61.526,61.526,61.526,
2008-06-03,61.366,61.366,61.366,61.366,
2008-06-04,61.112,61.112,61.112,61.112,
2008-06-05,66.221,66.221,66.221,66.221,
2008-06-06,63.935,63.935,63.935,63.935,
2008-06-09,63.944,63.944,63.944,63.944,
2008-06-10,61.893,61.893,61.893,61.893,
2008-06-11,62.166,62.166,62.166,62.166,
2008-06-12,60.283,60.283,60.283,60.283,
2008-06-13,59.587,59.587,59.587,59.587,
2008-06-16,61.14,61.14,61.14,61.14,
2008-06-17,63.07,63.07,63.07,63.07,
2008-06-18,62.599,62.599,62.599,62.599,
2008-06-19,58.372,58.372,58.372,58.372,
2008-06-20,58.928,58.928,58.928,58.928,
2008-06-23,62.175,62.175,62.175,62.175,
2008-06-24,60.396,60.396,60.396,60.396,
2008-06-25,58.815,58.815,58.815,58.815,
2008-06-26,59.822,59.822,59.822,59.822,
2008-06-27,60.98,60.98,60.98,60.98,
2008-06-30,61.695,61.695,61.695,61.695,
2008-07-01,63.183,63.183,63.183,63.183,
2008-07-02,62.533,62.533,62.533,62.533,
2008-07-03,59.907,59.907,59.907,59.907,
2008-07-07,57.563,57.563,57.563,57.563,
2008-07-08,57.45,57.45,57.45,57.45,
2008-07-09,55.539,55.539,55.539,55.539,
2008-07-10,58.9,58.9,58.9,58.9,
2008-07-11,59.464,59.464,59.464,59.464,
2008-07-14,61.752,61.752,61.752,61.752,
2008-07-15,59.775,59.775,59.775,59.775,
2008-07-16,57.977,57.977,57.977,57.977,
2008-07-17,53.807,53.807,53.807,53.807,
2008-07-18,55.746,55.746,55.746,55.746,
2008-07-21,57.356,57.356,57.356,57.356,
2008-07-22,54.805,54.805,54.805,54.805,
2008-07-23,50.945,50.945,50.945,50.945,
2008-07-24,48.582,48.582,48.582,48.582,
2008-07-25,49.053,49.053,49.053,49.053,
2008-07-28,49.411,49.411,49.411,49.411,
2008-07-29,47.283,47.283,47.283,47.283,
2008-07-30,49.336,49.336,49.336,49.336,
2008-07-31,45.711,45.711,45.711,45.711,
2008-08-01,46.135,46.135,46.135,46.135,
2008-08-04,40.101,40.101,40.101,40.101,
2008-08-05,40.383,40.383,40.383,40.383,
2008-08-06,41.137,41.137,41.137,41.137,
2008-08-07,39.856,39.856,39.856,39.856,
2008-08-08,39.348,39.348,39.348,39.348,
2008-08-11,39.725,39.725,39.725,39.725,
2008-08-12,41.005,41.005,41.005,41.005,
2008-08-13,42.558,42.558,42.558,42.558,
2008-08-14,41.588,41.588,41.588,41.588,
2008-08-15,40.722,40.722,40.722,40.722,
2008-08-18,39.517,39.517,39.517,39.517,
2008-08-19,41.249,41.249,41.249,41.249,
2008-08-20,43.198,43.198,43.198,43.198,
2008-08-21,44.168,44.168,44.168,44.168,
2008-08-22,42.803,42.803,42.803,42.803,
2008-08-25,41.739,41.739,41.739,41.739,
2008-08-26,44.29,44.29,44.29,44.29,
2008-08-27,44.751,44.751,44.751,44.751,
2008-08-28,44.102,44.102,44.102,44.102,
2008-08-29,43.697,43.697,43.697,43.697,
2008-09-02,40.261,40.261,40.261,40.261,
2008-09-03,39.442,39.442,39.442,39.442,
2008-09-04,41.626,41.626,41.626,41.626,
2008-09-05,41.711,41.711,41.711,41.711,
2008-09-08,40.148,40.148,40.148,40.148,
2008-09-09,35.724,35.724,35.724,35.724,
2008-09-10,39.037,39.037,39.037,39.037,
2008-09-11,39.913,39.913,39.913,39.913,
2008-09-12,41.467,41.467,41.467,41.467,
2008-09-15,39.178,39.178,39.178,39.178,
2008-09-16,41.015,41.015,41.015,41.015,
2008-09-17,42.853,42.853,42.853,42.853,
2008-09-18,46.631,46.631,46.631,46.631,
2008-09-19,49.081,49.081,49.081,49.081,
2008-09-22,47.253,47.253,47.253,47.253,
2008-09-23,46.961,46.961,46.961,46.961,
2008-09-24,45.142,45.142,45.142,45.142,
2008-09-25,45.434,45.434,45.434,45.434,
2008-09-26,44.878,44.878,44.878,44.878,
2008-09-29,37.501,37.501,37.501,37.501,
2008-09-30,40.393,40.393,40.393,40.393,
2008-10-01,39.366,39.366,39.366,39.366,
2008-10-02,33.157,33.157,33.157,33.157,
2008-10-03,32.177,32.177,32.177,32.177,
2008-10-06,28.003,28.003,28.003,28.003,
2008-10-07,26.42,26.42,26.42,26.42,
2008-10-08,28.87,28.87,28.87,28.87,
2008-10-09,27.419,27.419,27.419,27.419,
2008-10-10,25.308,25.308,25.308,25.308,
2008-10-13,30.349,30.349,30.349,30.349,
2008-10-14,31.697,31.697,31.697,31.697,
2008-10-15,26.919,26.919,26.919,26.919,
2008-10-16,30.575,30.575,30.575,30.575,
2008-10-17,31.282,31.282,31.282,31.282,
2008-10-20,35.579,35.579,35.579,35.579,
2008-10-21,33.355,33.355,33.355,33.355,
2008-10-22,30.707,30.707,30.707,30.707,
2008-10-23,30.745,30.745,30.745,30.745,
2008-10-24,32.535,32.535,32.535,32.535,
2008-10-27,29.982,29.982,29.982,29.982,
2008-10-28,31.64,31.64,31.64,31.64,
2008-10-29,35.352,35.352,35.352,35.352,
2008-10-30,37.812,37.812,37.812,37.812,
2008-10-31,39.781,39.781,39.781,39.781,
2008-11-03,37.209,37.209,37.209,37.209,
2008-11-04,38.857,38.857,38.857,38.857,
2008-11-05,37.991,37.991,37.991,37.991,
2008-11-06,35.296,35.296,35.296,35.296,
2008-11-07,37.868,37.868,37.868,37.868,
2008-11-10,38.057,38.057,38.057,38.057,
2008-11-11,37.369,37.369,37.369,37.369,
2008-11-12,34.438,34.438,34.438,34.438,
2008-11-13,38.226,38.226,38.226,38.226,
2008-11-14,38.273,38.273,38.273,38.273,
2008-11-17,38.481,38.481,38.481,38.481,
2008-11-18,39.357,39.357,39.357,39.357,
2008-11-19,36.304,36.304,36.304,36.304,
2008-11-20,29.878,29.878,29.878,29.878,
2008-11-21,33.543,33.543,33.543,33.543,
2008-11-24,37.067,37.067,37.067,37.067,
2008-11-25,37.246,37.246,37.246,37.246,
2008-11-26,40.082,40.082,40.082,40.082,
2008-11-28,39.074,39.074,39.074,39.074,
2008-12-01,34.683,34.683,34.683,34.683,
2008-12-02,34.9,34.9,34.9,34.9,
2008-12-03,36.21,36.21,36.21,36.21,
2008-12-04,29.822,29.822,29.822,29.822,
2008-12-05,29.398,29.398,29.398,29.398,
2008-12-08,31.847,31.847,31.847,31.847,
2008-12-09,32.441,32.441,32.441,32.441,
2008-12-10,36.596,36.596,36.596,36.596,
2008-12-11,34.87,34.87,34.87,34.87,
2008-12-12,34.097,34.097,34.097,34.097,
2008-12-15,32.408,32.408,32.408,32.408,
2008-12-16,33.04,33.04,33.04,33.04,
2008-12-17,32.946,32.946,32.946,32.946,
2008-12-18,31.192,31.192,31.192,31.192,
2008-12-19,32.389,32.389,32.389,32.389,
2008-12-22,30.135,30.135,30.135,30.135,
2008-12-23,29.975,29.975,29.975,29.975,
2008-12-24,29.475,29.475,29.475,29.475,
2008-12-26,30.192,30.192,30.192,30.192,
2008-12-29,31.003,31.003,31.003,31.003,
2008-12-30,31.946,31.946,31.946,31.946,
2008-12-31,32.437,32.437,32.437,32.437,
2009-01-02,34.974,34.974,34.974,34.974,
2009-01-05,36.841,36.841,36.841,36.841,
2009-01-06,36.521,36.521,36.521,36.521,
2009-01-07,34.747,34.747,34.747,34.747,
2009-01-08,35.691,35.691,35.691,35.691,
2009-01-09,34.747,34.747,34.747,34.747,
2009-01-12,32.814,32.814,32.814,32.814,
2009-01-13,33.795,33.795,33.795,33.795,
2009-01-14,32.107,32.107,32.107,32.107,
2009-01-15,31.371,31.371,31.371,31.371,
2009-01-16,31.324,31.324,31.324,31.324,
2009-01-20,29.645,29.645,29.645,29.645,
2009-01-21,32.955,32.955,32.955,32.955,
2009-01-22,31.578,31.578,31.578,31.578,
2009-01-23,33.248,33.248,33.248,33.248,
2009-01-26,33.502,33.502,33.502,33.502,
2009-01-27,33.738,33.738,33.738,33.738,
2009-01-28,34.936,34.936,34.936,34.936,
2009-01-29,34.361,34.361,34.361,34.361,
2009-01-30,33.804,33.804,33.804,33.804,
2009-02-02,33.399,33.399,33.399,33.399,
2009-02-03,34.398,34.398,34.398,34.398,
2009-02-04,35.21,35.21,35.21,35.21,
2009-02-05,36.822,36.822,36.822,36.822,
2009-02-06,37.332,37.332,37.332,37.332,
2009-02-09,37.851,37.851,37.851,37.851,
2009-02-10,35.53,35.53,35.53,35.53,
2009-02-11,35.219,35.219,35.219,35.219,
2009-02-12,36.04,36.04,36.04,36.04,
2009-02-13,36.426,36.426,36.426,36.426,
2009-02-17,33.531,33.531,33.531,33.531,
2009-02-18,32.191,32.191,32.191,32.191,
2009-02-19,32.786,32.786,32.786,32.786,
2009-02-20,31.286,31.286,31.286,31.286,
2009-02-23,29.409,29.409,29.409,29.409,
2009-02-24,31.154,31.154,31.154,31.154,
2009-02-25,33.587,33.587,33.587,33.587,
2009-02-26,33.634,33.634,33.634,33.634,
2009-02-27,33.55,33.55,33.55,33.55,
2009-03-02,31.012,31.012,31.012,31.012,
2009-03-03,33.238,33.238,33.238,33.238,
2009-03-04,35.219,35.219,35.219,35.219,
2009-03-05,34.446,34.446,34.446,34.446,
2009-03-06,34.88,34.88,34.88,34.88,
2009-03-09,33.861,33.861,33.861,33.861,
2009-03-10,36.134,36.134,36.134,36.134,
2009-03-11,35.049,35.049,35.049,35.049,
2009-03-12,36.285,36.285,36.285,36.285,
2009-03-13,36.644,36.644,36.644,36.644,
2009-03-16,37.692,37.692,37.692,37.692,
2009-03-17,38.73,38.73,38.73,38.73,
2009-03-18,38.872,38.872,38.872,38.872,
2009-03-19,40.109,40.109,40.109,40.109,
2009-03-20,38.74,38.74,38.74,38.74,
2009-03-23,43.291,43.291,43.291,43.291,
2009-03-24,41.903,41.903,41.903,41.903,
2009-03-25,41.497,41.497,41.497,41.497,
2009-03-26,42.384,42.384,42.384,42.384,
2009-03-27,40.307,40.307,40.307,40.307,
2009-03-30,39.316,39.316,39.316,39.316,
2009-03-31,38.862,38.862,38.862,38.862,
2009-04-01,38.796,38.796,38.796,38.796,
2009-04-02,41.591,41.591,41.591,41.591,
2009-04-03,42.592,42.592,42.592,42.592,
2009-04-06,41.402,41.402,41.402,41.402,
2009-04-07,39.372,39.372,39.372,39.372,
2009-04-08,39.712,39.712,39.712,39.712,
2009-04-09,40.335,40.335,40.335,40.335,
2009-04-13,39.948,39.948,39.948,39.948,
2009-04-14,39.448,39.448,39.448,39.448,
2009-04-15,39.023,39.023,39.023,39.023,
2009-04-16,38.626,38.626,38.626,38.626,
2009-04-17,40.203,40.203,40.203,40.203,
2009-04-20,37.711,37.711,37.711,37.711,
2009-04-21,38.003,38.003,38.003,38.003,
2009-04-22,37.295,37.295,37.295,37.295,
2009-04-23,37.805,37.805,37.805,37.805,
2009-04-24,39.533,39.533,39.533,39.533,
2009-04-27,37.55,37.55,37.55,37.55,
2009-04-28,38.834,38.834,38.834,38.834,
2009-04-29,40.232,40.232,40.232,40.232,
2009-04-30,37.739,37.739,37.739,37.739,
2009-05-01,39.165,39.165,39.165,39.165,
2009-05-04,41.686,41.686,41.686,41.686,
2009-05-05,40.43,40.43,40.43,40.43,
2009-05-06,42.11,42.11,42.11,42.11,
2009-05-07,41.544,41.544,41.544,41.544,
2009-05-08,43.328,43.328,43.328,43.328,
2009-05-11,41.846,41.846,41.846,41.846,
2009-05-12,42.073,42.073,42.073,42.073,
2009-05-13,39.08,39.08,39.08,39.08,
2009-05-14,39.278,39.278,39.278,39.278,
2009-05-15,37.701,37.701,37.701,37.701,
2009-05-18,39.146,39.146,39.146,39.146,
2009-05-19,39.637,39.637,39.637,39.637,
2009-05-20,39.278,39.278,39.278,39.278,
2009-05-21,38.702,38.702,38.702,38.702,
2009-05-22,39.599,39.599,39.599,39.599,
2009-05-26,40.845,40.845,40.845,40.845,
2009-05-27,41.336,41.336,41.336,41.336,
2009-05-28,42.781,42.781,42.781,42.781,
2009-05-29,43.253,43.253,43.253,43.253,
2009-06-01,45.217,45.217,45.217,45.217,
2009-06-02,45.141,45.141,45.141,45.141,
2009-06-03,42.29,42.29,42.29,42.29,
2009-06-04,43.649,43.649,43.649,43.649,
2009-06-05,42.705,42.705,42.705,42.705,
2009-06-08,42.781,42.781,42.781,42.781,
2009-06-09,43.121,43.121,43.121,43.121,
2009-06-10,42.96,42.96,42.96,42.96,
2009-06-11,45.172,45.172,45.172,45.172,
2009-06-12,44.236,44.236,44.236,44.236,
2009-06-15,43.801,43.801,43.801,43.801,
2009-06-16,42.894,42.894,42.894,42.894,
2009-06-17,42.696,42.696,42.696,42.696,
2009-06-18,42.715,42.715,42.715,42.715,
2009-06-19,42.062,42.062,42.062,42.062,
2009-06-22,39.171,39.171,39.171,39.171,
2009-06-23,38.632,38.632,38.632,38.632,
2009-06-24,38.916,38.916,38.916,38.916,
2009-06-25,39.587,39.587,39.587,39.587,
2009-06-26,39.634,39.634,39.634,39.634,
2009-06-29,39.539,39.539,39.539,39.539,
2009-06-30,39.133,39.133,39.133,39.133,
2009-07-01,38.859,38.859,38.859,38.859,
2009-07-02,37.252,37.252,37.252,37.252,
2009-07-06,35.079,35.079,35.079,35.079,
2009-07-07,34.417,34.417,34.417,34.417,
2009-07-08,34.417,34.417,34.417,34.417,
2009-07-09,35.674,35.674,35.674,35.674,
2009-07-10,35.636,35.636,35.636,35.636,
2009-07-13,35.892,35.892,35.892,35.892,
2009-07-14,37.404,37.404,37.404,37.404,
2009-07-15,38.679,38.679,38.679,38.679,
2009-07-16,40.239,40.239,40.239,40.239,
2009-07-17,41.146,41.146,41.146,41.146,
2009-07-20,41.977,41.977,41.977,41.977,
2009-07-21,42.393,42.393,42.393,42.393,
2009-07-22,42.318,42.318,42.318,42.318,
2009-07-23,43.556,43.556,43.556,43.556,
2009-07-24,44.085,44.085,44.085,44.085,
2009-07-27,43.943,43.943,43.943,43.943,
2009-07-28,43.367,43.367,43.367,43.367,
2009-07-29,42.516,42.516,42.516,42.516,
2009-07-30,43.556,43.556,43.556,43.556,
2009-07-31,43.858,43.858,43.858,43.858,
2009-08-03,45.247,45.247,45.247,45.247,
2009-08-04,45.436,45.436,45.436,45.436,
2009-08-05,44.416,44.416,44.416,44.416,
2009-08-06,44.056,44.056,44.056,44.056,
2009-08-07,43.811,43.811,43.811,43.811,
2009-08-10,44.293,44.293,44.293,44.293,
2009-08-11,43.319,43.319,43.319,43.319,
2009-08-12,43.707,43.707,43.707,43.707,
2009-08-13,45.701,45.701,45.701,45.701,
2009-08-14,45.739,45.739,45.739,45.739,
2009-08-17,45.19,45.19,45.19,45.19,
2009-08-18,46.183,46.183,46.183,46.183,
2009-08-19,47.071,47.071,47.071,47.071,
2009-08-20,47.194,47.194,47.194,47.194,
2009-08-21,48.8,48.8,48.8,48.8,
2009-08-24,49.415,49.415,49.415,49.415,
2009-08-25,48.441,48.441,48.441,48.441,
2009-08-26,47.468,47.468,47.468,47.468,
2009-08-27,47.09,47.09,47.09,47.09,
2009-08-28,47.61,47.61,47.61,47.61,
2009-08-31,45.71,45.71,45.71,45.71,
2009-09-01,44.926,44.926,44.926,44.926,
2009-09-02,44.425,44.425,44.425,44.425,
2009-09-03,43.792,43.792,43.792,43.792,
2009-09-04,45.068,45.068,45.068,45.068,
2009-09-08,46.126,46.126,46.126,46.126,
2009-09-09,46.334,46.334,46.334,46.334,
2009-09-10,47.638,47.638,47.638,47.638,
2009-09-11,47.629,47.629,47.629,47.629,
2009-09-14,47.629,47.629,47.629,47.629,
2009-09-15,48.026,48.026,48.026,48.026,
2009-09-16,49.047,49.047,49.047,49.047,
2009-09-17,48.782,48.782,48.782,48.782,
2009-09-18,48.48,48.48,48.48,48.48,
2009-09-21,47.78,47.78,47.78,47.78,
2009-09-22,49.53,49.53,49.53,49.53,
2009-09-23,48.886,48.886,48.886,48.886,
2009-09-24,47.714,47.714,47.714,47.714,
2009-09-25,46.796,46.796,46.796,46.796,
2009-09-28,47.449,47.449,47.449,47.449,
2009-09-29,47.108,47.108,47.108,47.108,
2009-09-30,46.683,46.683,46.683,46.683,
2009-10-01,44.451,44.451,44.451,44.451,
2009-10-02,44.545,44.545,44.545,44.545,
2009-10-05,45.378,45.378,45.378,45.378,
2009-10-06,47.733,47.733,47.733,47.733,
2009-10-07,47.619,47.619,47.619,47.619,
2009-10-08,50.277,50.277,50.277,50.277,
2009-10-09,50.163,50.163,50.163,50.163,
2009-10-12,50.466,50.466,50.466,50.466,
2009-10-13,50.891,50.891,50.891,50.891,
2009-10-14,52.253,52.253,52.253,52.253,
2009-10-15,53.871,53.871,53.871,53.871,
2009-10-16,54.003,54.003,54.003,54.003,
2009-10-19,55.223,55.223,55.223,55.223,
2009-10-20,55.554,55.554,55.554,55.554,
2009-10-21,55.27,55.27,55.27,55.27,
2009-10-22,53.71,53.71,53.71,53.71,
2009-10-23,51.998,51.998,51.998,51.998,
2009-10-26,50.92,50.92,50.92,50.92,
2009-10-27,50.381,50.381,50.381,50.381,
2009-10-28,47.856,47.856,47.856,47.856,
2009-10-29,50.125,50.125,50.125,50.125,
2009-10-30,47.335,47.335,47.335,47.335,
2009-11-02,47.477,47.477,47.477,47.477,
2009-11-03,48.546,48.546,48.546,48.546,
2009-11-04,47.95,47.95,47.95,47.95,
2009-11-05,48.811,48.811,48.811,48.811,
2009-11-06,47.685,47.685,47.685,47.685,
2009-11-09,49.88,49.88,49.88,49.88,
2009-11-10,49.217,49.217,49.217,49.217,
2009-11-11,48.423,48.423,48.423,48.423,
2009-11-12,46.323,46.323,46.323,46.323,
2009-11-13,45.472,45.472,45.472,45.472,
2009-11-16,46.305,46.305,46.305,46.305,
2009-11-17,46.078,46.078,46.078,46.078,
2009-11-18,44.829,44.829,44.829,44.829,
2009-11-19,44.11,44.11,44.11,44.11,
2009-11-20,43.968,43.968,43.968,43.968,
2009-11-23,44.441,44.441,44.441,44.441,
2009-11-24,44.508,44.508,44.508,44.508,
2009-11-25,46.229,46.229,46.229,46.229,
2009-11-27,45.33,45.33,45.33,45.33,
2009-11-30,44.574,44.574,44.574,44.574,
2009-12-01,45.189,45.189,45.189,45.189,
2009-12-02,44.858,44.858,44.858,44.858,
2009-12-03,44.337,44.337,44.337,44.337,
2009-12-04,42.73,42.73,42.73,42.73,
2009-12-07,42.455,42.455,42.455,42.455,
2009-12-08,40.989,40.989,40.989,40.989,
2009-12-09,40.308,40.308,40.308,40.308,
2009-12-10,41.651,41.651,41.651,41.651,
2009-12-11,41.064,41.064,41.064,41.064,
2009-12-14,44.766,44.766,44.766,44.766,
2009-12-15,44.813,44.813,44.813,44.813,
2009-12-16,46.754,46.754,46.754,46.754,
2009-12-17,46.801,46.801,46.801,46.801,
2009-12-18,48.391,48.391,48.391,48.391,
2009-12-21,48.893,48.893,48.893,48.893,
2009-12-22,49.168,49.168,49.168,49.168,
2009-12-23,49.65,49.65,49.65,49.65,
2009-12-24,50.171,50.171,50.171,50.171,
2009-12-28,49.65,49.65,49.65,49.65,
2009-12-29,48.353,48.353,48.353,48.353,
2009-12-30,47.994,47.994,47.994,47.994,
2009-12-31,47.189,47.189,47.189,47.189,
2010-01-04,49.792,49.792,49.792,49.792,
2010-01-05,50.464,50.464,50.464,50.464,
2010-01-06,50.171,50.171,50.171,50.171,
2010-01-07,50.076,50.076,50.076,50.076,
2010-01-08,51.051,51.051,51.051,51.051,
2010-01-11,49.253,49.253,49.253,49.253,
2010-01-12,48.022,48.022,48.022,48.022,
2010-01-13,49.234,49.234,49.234,49.234,
2010-01-14,50.436,50.436,50.436,50.436,
2010-01-15,49.934,49.934,49.934,49.934,
2010-01-19,50.247,50.247,50.247,50.247,
2010-01-20,48.931,48.931,48.931,48.931,
2010-01-21,47.804,47.804,47.804,47.804,
2010-01-22,46.214,46.214,46.214,46.214,
2010-01-25,47.218,47.218,47.218,47.218,
2010-01-26,45.428,45.428,45.428,45.428,
2010-01-27,44.823,44.823,44.823,44.823,
2010-01-28,44.529,44.529,44.529,44.529,
2010-01-29,43.545,43.545,43.545,43.545,
2010-02-01,45.031,45.031,45.031,45.031,
2010-02-02,46.157,46.157,46.157,46.157,
2010-02-03,45.854,45.854,45.854,45.854,
2010-02-04,43.781,43.781,43.781,43.781,
2010-02-05,43.942,43.942,43.942,43.942,
2010-02-08,43.961,43.961,43.961,43.961,
2010-02-09,44.993,44.993,44.993,44.993,
2010-02-10,45.182,45.182,45.182,45.182,
2010-02-11,46.186,46.186,46.186,46.186,
2010-02-12,46.962,46.962,46.962,46.962,
2010-02-16,50.105,50.105,50.105,50.105,
2010-02-17,50.445,50.445,50.445,50.445,
2010-02-18,50.493,50.493,50.493,50.493,
2010-02-19,51.023,51.023,51.023,51.023,
2010-02-22,49.83,49.83,49.83,49.83,
2010-02-23,47.927,47.927,47.927,47.927,
2010-02-24,47.738,47.738,47.738,47.738,
2010-02-25,48.306,48.306,48.306,48.306,
2010-02-26,47.909,47.909,47.909,47.909,
2010-03-01,48.495,48.495,48.495,48.495,
2010-03-02,47.814,47.814,47.814,47.814,
2010-03-03,47.729,47.729,47.729,47.729,
2010-03-04,47.0,47.0,47.0,47.0,
2010-03-05,48.713,48.713,48.713,48.713,
2010-03-08,47.776,47.776,47.776,47.776,
2010-03-09,48.571,48.571,48.571,48.571,
2010-03-10,48.618,48.618,48.618,48.618,
2010-03-11,48.581,48.581,48.581,48.581,
2010-03-12,48.628,48.628,48.628,48.628,
2010-03-15,47.88,47.88,47.88,47.88,
2010-03-16,47.946,47.946,47.946,47.946,
2010-03-17,48.202,48.202,48.202,48.202,
2010-03-18,46.714,46.714,46.714,46.714,
2010-03-19,45.246,45.246,45.246,45.246,
2010-03-22,45.151,45.151,45.151,45.151,
2010-03-23,45.028,45.028,45.028,45.028,
2010-03-24,44.914,44.914,44.914,44.914,
2010-03-25,43.323,43.323,43.323,43.323,
2010-03-26,43.266,43.266,43.266,43.266,
2010-03-29,44.479,44.479,44.479,44.479,
2010-03-30,44.317,44.317,44.317,44.317,
2010-03-31,44.403,44.403,44.403,44.403,
2010-04-01,45.037,45.037,45.037,45.037,
2010-04-05,46.307,46.307,46.307,46.307,
2010-04-06,46.326,46.326,46.326,46.326,
2010-04-07,45.407,45.407,45.407,45.407,
2010-04-08,45.786,45.786,45.786,45.786,
2010-04-09,47.633,47.633,47.633,47.633,
2010-04-12,47.529,47.529,47.529,47.529,
2010-04-13,47.557,47.557,47.557,47.557,
2010-04-14,48.154,48.154,48.154,48.154,
2010-04-15,48.353,48.353,48.353,48.353,
2010-04-16,47.131,47.131,47.131,47.131,
2010-04-19,45.966,45.966,45.966,45.966,
2010-04-20,46.373,46.373,46.373,46.373,
2010-04-21,46.496,46.496,46.496,46.496,
2010-04-22,46.733,46.733,46.733,46.733,
2010-04-23,48.107,48.107,48.107,48.107,
2010-04-26,48.467,48.467,48.467,48.467,
2010-04-27,46.354,46.354,46.354,46.354,
2010-04-28,45.066,45.066,45.066,45.066,
2010-04-29,44.185,44.185,44.185,44.185,
2010-04-30,45.246,45.246,45.246,45.246,
2010-05-03,46.913,46.913,46.913,46.913,
2010-05-04,46.913,46.913,46.913,46.913,
2010-05-05,46.155,46.155,46.155,46.155,
2010-05-06,43.796,43.796,43.796,43.796,
2010-05-07,41.542,41.542,41.542,41.542,
2010-05-10,45.748,45.748,45.748,45.748,
2010-05-11,45.161,45.161,45.161,45.161,
2010-05-12,45.521,45.521,45.521,45.521,
2010-05-13,46.193,46.193,46.193,46.193,
2010-05-14,45.445,45.445,45.445,45.445,
2010-05-17,44.119,44.119,44.119,44.119,
2010-05-18,43.778,43.778,43.778,43.778,
2010-05-19,43.114,43.114,43.114,43.114,
2010-05-20,40.689,40.689,40.689,40.689,
2010-05-21,41.182,41.182,41.182,41.182,
2010-05-24,40.234,40.234,40.234,40.234,
2010-05-25,39.979,39.979,39.979,39.979,
2010-05-26,40.291,40.291,40.291,40.291,
2010-05-27,42.584,42.584,42.584,42.584,
2010-05-28,42.584,42.584,42.584,42.584,
2010-06-01,41.4,41.4,41.4,41.4,
2010-06-02,45.379,45.379,45.379,45.379,
2010-06-03,48.325,48.325,48.325,48.325,
2010-06-04,45.757,45.757,45.757,45.757,
2010-06-07,45.189,45.189,45.189,45.189,
2010-06-08,44.479,44.479,44.479,44.479,
2010-06-09,44.346,44.346,44.346,44.346,
2010-06-10,46.762,46.762,46.762,46.762,
2010-06-11,47.075,47.075,47.075,47.075,
2010-06-14,46.923,46.923,46.923,46.923,
2010-06-15,48.193,48.193,48.193,48.193,
2010-06-16,48.089,48.089,48.089,48.089,
2010-06-17,46.961,46.961,46.961,46.961,
2010-06-18,46.354,46.354,46.354,46.354,
2010-06-21,45.614,45.614,45.614,45.614,
2010-06-22,43.159,43.159,43.159,43.159,
2010-06-23,41.831,41.831,41.831,41.831,
2010-06-24,41.196,41.196,41.196,41.196,
2010-06-25,41.519,41.519,41.519,41.519,
2010-06-28,39.67,39.67,39.67,39.67,
2010-06-29,38.418,38.418,38.418,38.418,
2010-06-30,38.067,38.067,38.067,38.067,
2010-07-01,38.115,38.115,38.115,38.115,
2010-07-02,37.593,37.593,37.593,37.593,
2010-07-06,37.356,37.356,37.356,37.356,
2010-07-07,39.234,39.234,39.234,39.234,
2010-07-08,39.727,39.727,39.727,39.727,
2010-07-09,39.622,39.622,39.622,39.622,
2010-07-12,39.471,39.471,39.471,39.471,
2010-07-13,39.584,39.584,39.584,39.584,
2010-07-14,40.457,40.457,40.457,40.457,
2010-07-15,39.736,39.736,39.736,39.736,
2010-07-16,38.039,38.039,38.039,38.039,
2010-07-19,37.688,37.688,37.688,37.688,
2010-07-20,38.409,38.409,38.409,38.409,
2010-07-21,37.271,37.271,37.271,37.271,
2010-07-22,38.285,38.285,38.285,38.285,
2010-07-23,37.944,37.944,37.944,37.944,
2010-07-26,37.963,37.963,37.963,37.963,
2010-07-27,35.308,35.308,35.308,35.308,
2010-07-28,36.218,36.218,36.218,36.218,
2010-07-29,36.323,36.323,36.323,36.323,
2010-07-30,35.195,35.195,35.195,35.195,
2010-08-02,36.247,36.247,36.247,36.247,
2010-08-03,36.721,36.721,36.721,36.721,
2010-08-04,37.413,37.413,37.413,37.413,
2010-08-05,37.271,37.271,37.271,37.271,
2010-08-06,36.588,36.588,36.588,36.588,
2010-08-09,36.797,36.797,36.797,36.797,
2010-08-10,36.418,36.418,36.418,36.418,
2010-08-11,34.569,34.569,34.569,34.569,
2010-08-12,34.446,34.446,34.446,34.446,
2010-08-13,33.81,33.81,33.81,33.81,
2010-08-16,33.232,33.232,33.232,33.232,
2010-08-17,34.047,34.047,34.047,34.047,
2010-08-18,33.279,33.279,33.279,33.279,
2010-08-19,32.777,32.777,32.777,32.777,
2010-08-20,31.734,31.734,31.734,31.734,
2010-08-23,32.227,32.227,32.227,32.227,
2010-08-24,31.658,31.658,31.658,31.658,
2010-08-25,31.099,31.099,31.099,31.099,
2010-08-26,31.222,31.222,31.222,31.222,
2010-08-27,32.104,32.104,32.104,32.104,
2010-08-30,32.265,32.265,32.265,32.265,
2010-08-31,32.056,32.056,32.056,32.056,
2010-09-01,33.355,33.355,33.355,33.355,
2010-09-02,33.374,33.374,33.374,33.374,
2010-09-03,34.171,34.171,34.171,34.171,
2010-09-07,33.564,33.564,33.564,33.564,
2010-09-08,34.351,34.351,34.351,34.351,
2010-09-09,34.578,34.578,34.578,34.578,
2010-09-10,35.119,35.119,35.119,35.119,
2010-09-13,34.207,34.207,34.207,34.207,
2010-09-14,34.188,34.188,34.188,34.188,
2010-09-15,34.046,34.046,34.046,34.046,
2010-09-16,33.42,33.42,33.42,33.42,
2010-09-17,33.287,33.287,33.287,33.287,
2010-09-20,34.378,34.378,34.378,34.378,
2010-09-21,34.217,34.217,34.217,34.217,
2010-09-22,33.524,33.524,33.524,33.524,
2010-09-23,33.41,33.41,33.41,33.41,
2010-09-24,34.226,34.226,34.226,34.226,
2010-09-27,33.581,33.581,33.581,33.581,
2010-09-28,35.062,35.062,35.062,35.062,
2010-09-29,36.78,36.78,36.78,36.78,
2010-09-30,36.191,36.191,36.191,36.191,
2010-10-01,35.906,35.906,35.906,35.906,
2010-10-04,35.233,35.233,35.233,35.233,
2010-10-05,35.84,35.84,35.84,35.84,
2010-10-06,35.868,35.868,35.868,35.868,
2010-10-07,34.986,34.986,34.986,34.986,
2010-10-08,34.815,34.815,34.815,34.815,
2010-10-11,34.075,34.075,34.075,34.075,
2010-10-12,34.027,34.027,34.027,34.027,
2010-10-13,34.843,34.843,34.843,34.843,
2010-10-14,35.413,35.413,35.413,35.413,
2010-10-15,35.679,35.679,35.679,35.679,
2010-10-18,36.277,36.277,36.277,36.277,
2010-10-19,34.625,34.625,34.625,34.625,
2010-10-20,34.986,34.986,34.986,34.986,
2010-10-21,35.109,35.109,35.109,35.109,
2010-10-22,34.881,34.881,34.881,34.881,
2010-10-25,34.568,34.568,34.568,34.568,
2010-10-26,33.913,33.913,33.913,33.913,
2010-10-27,34.796,34.796,34.796,34.796,
2010-10-28,34.9,34.9,34.9,34.9,
2010-10-29,35.489,35.489,35.489,35.489,
2010-11-01,36.077,36.077,36.077,36.077,
2010-11-02,36.96,36.96,36.96,36.96,
2010-11-03,36.609,36.609,36.609,36.609,
2010-11-04,37.159,37.159,37.159,37.159,
2010-11-05,37.397,37.397,37.397,37.397,
2010-11-08,38.659,38.659,38.659,38.659,
2010-11-09,40.424,40.424,40.424,40.424,
2010-11-10,40.576,40.576,40.576,40.576,
2010-11-11,41.193,41.193,41.193,41.193,
2010-11-12,39.931,39.931,39.931,39.931,
2010-11-15,39.475,39.475,39.475,39.475,
2010-11-16,38.725,38.725,38.725,38.725,
2010-11-17,38.934,38.934,38.934,38.934,
2010-11-18,39.807,39.807,39.807,39.807,
2010-11-19,41.184,41.184,41.184,41.184,
2010-11-22,41.222,41.222,41.222,41.222,
2010-11-23,40.073,40.073,40.073,40.073,
2010-11-24,40.804,40.804,40.804,40.804,
2010-11-26,40.358,40.358,40.358,40.358,
2010-11-29,40.396,40.396,40.396,40.396,
2010-11-30,39.855,39.855,39.855,39.855,
2010-12-01,40.652,40.652,40.652,40.652,
2010-12-02,41.753,41.753,41.753,41.753,
2010-12-03,43.319,43.319,43.319,43.319,
2010-12-06,43.177,43.177,43.177,43.177,
2010-12-07,42.816,42.816,42.816,42.816,
2010-12-08,41.63,41.63,41.63,41.63,
2010-12-09,40.282,40.282,40.282,40.282,
2010-12-10,40.206,40.206,40.206,40.206,
2010-12-13,40.168,40.168,40.168,40.168,
2010-12-14,39.779,39.779,39.779,39.779,
2010-12-15,39.893,39.893,39.893,39.893,
2010-12-16,40.149,40.149,40.149,40.149,
2010-12-17,40.577,40.577,40.577,40.577,
2010-12-20,41.356,41.356,41.356,41.356,
2010-12-21,41.992,41.992,41.992,41.992,
2010-12-22,42.467,42.467,42.467,42.467,
2010-12-23,42.334,42.334,42.334,42.334,
2010-12-27,42.534,42.534,42.534,42.534,
2010-12-28,42.8,42.8,42.8,42.8,
2010-12-29,42.572,42.572,42.572,42.572,
2010-12-30,42.724,42.724,42.724,42.724,
2010-12-31,42.733,42.733,42.733,42.733,
2011-01-03,43.341,43.341,43.341,43.341,
2011-01-04,42.562,42.562,42.562,42.562,
2011-01-05,42.534,42.534,42.534,42.534,
2011-01-06,42.505,42.505,42.505,42.505,
2011-01-07,43.579,43.579,43.579,43.579,
2011-01-10,44.139,44.139,44.139,44.139,
2011-01-11,45.289,45.289,45.289,45.289,
2011-01-12,45.45,45.45,45.45,45.45,
2011-01-13,45.754,45.754,45.754,45.754,
2011-01-14,46.001,46.001,46.001,46.001,
2011-01-18,45.593,45.593,45.593,45.593,
2011-01-19,45.26,45.26,45.26,45.26,
2011-01-20,43.56,43.56,43.56,43.56,
2011-01-21,43.341,43.341,43.341,43.341,
2011-01-24,44.386,44.386,44.386,44.386,
2011-01-25,44.215,44.215,44.215,44.215,
2011-01-26,45.507,45.507,45.507,45.507,
2011-01-27,45.526,45.526,45.526,45.526,
2011-01-28,45.279,45.279,45.279,45.279,
2011-01-31,47.379,47.379,47.379,47.379,
2011-02-01,46.723,46.723,46.723,46.723,
2011-02-02,46.666,46.666,46.666,46.666,
2011-02-03,47.189,47.189,47.189,47.189,
2011-02-04,46.609,46.609,46.609,46.609,
2011-02-07,46.581,46.581,46.581,46.581,
2011-02-08,47.151,47.151,47.151,47.151,
2011-02-09,45.45,45.45,45.45,45.45,
2011-02-10,46.438,46.438,46.438,46.438,
2011-02-11,46.343,46.343,46.343,46.343,
2011-02-14,46.714,46.714,46.714,46.714,
2011-02-15,46.296,46.296,46.296,46.296,
2011-02-16,46.723,46.723,46.723,46.723,
2011-02-17,46.258,46.258,46.258,46.258,
2011-02-18,45.897,45.897,45.897,45.897,
2011-02-22,46.229,46.229,46.229,46.229,
2011-02-23,49.64,49.64,49.64,49.64,
2011-02-24,49.488,49.488,49.488,49.488,
2011-02-25,51.569,51.569,51.569,51.569,
2011-02-28,51.588,51.588,51.588,51.588,
2011-03-01,47.826,47.826,47.826,47.826,
2011-03-02,47.37,47.37,47.37,47.37,
2011-03-03,48.054,48.054,48.054,48.054,
2011-03-04,48.054,48.054,48.054,48.054,
2011-03-07,47.655,47.655,47.655,47.655,
2011-03-08,46.571,46.571,46.571,46.571,
2011-03-09,47.075,47.075,47.075,47.075,
2011-03-10,44.785,44.785,44.785,44.785,
2011-03-11,46.117,46.117,46.117,46.117,
2011-03-14,47.467,47.467,47.467,47.467,
2011-03-15,47.676,47.676,47.676,47.676,
2011-03-16,49.492,49.492,49.492,49.492,
2011-03-17,51.166,51.166,51.166,51.166,
2011-03-18,49.758,49.758,49.758,49.758,
2011-03-21,50.186,50.186,50.186,50.186,
2011-03-22,50.975,50.975,50.975,50.975,
2011-03-23,51.033,51.033,51.033,51.033,
2011-03-24,52.297,52.297,52.297,52.297,
2011-03-25,53.933,53.933,53.933,53.933,
2011-03-28,52.373,52.373,52.373,52.373,
2011-03-29,53.2,53.2,53.2,53.2,
2011-03-30,54.722,54.722,54.722,54.722,
2011-03-31,55.587,55.587,55.587,55.587,
2011-04-01,55.197,55.197,55.197,55.197,
2011-04-04,55.654,55.654,55.654,55.654,
2011-04-05,55.958,55.958,55.958,55.958,
2011-04-06,54.541,54.541,54.541,54.541,
2011-04-07,54.922,54.922,54.922,54.922,
2011-04-08,54.513,54.513,54.513,54.513,
2011-04-11,53.59,53.59,53.59,53.59,
2011-04-12,51.375,51.375,51.375,51.375,
2011-04-13,51.185,51.185,51.185,51.185,
2011-04-14,50.196,50.196,50.196,50.196,
2011-04-15,50.633,50.633,50.633,50.633,
2011-04-18,49.987,49.987,49.987,49.987,
2011-04-19,49.987,49.987,49.987,49.987,
2011-04-20,50.348,50.348,50.348,50.348,
2011-04-21,51.546,51.546,51.546,51.546,
2011-04-25,50.5,50.5,50.5,50.5,
2011-04-26,50.595,50.595,50.595,50.595,
2011-04-27,51.251,51.251,51.251,51.251,
2011-04-28,52.221,52.221,52.221,52.221,
2011-04-29,53.676,53.676,53.676,53.676,
2011-05-02,53.581,53.581,53.581,53.581,
2011-05-03,51.717,51.717,51.717,51.717,
2011-05-04,50.833,50.833,50.833,50.833,
2011-05-05,49.521,49.521,49.521,49.521,
2011-05-06,49.454,49.454,49.454,49.454,
2011-05-09,51.166,51.166,51.166,51.166,
2011-05-10,51.698,51.698,51.698,51.698,
2011-05-11,49.283,49.283,49.283,49.283,
2011-05-12,49.568,49.568,49.568,49.568,
2011-05-13,49.502,49.502,49.502,49.502,
2011-05-16,49.064,49.064,49.064,49.064,
2011-05-17,49.245,49.245,49.245,49.245,
2011-05-18,49.777,49.777,49.777,49.777,
2011-05-19,49.872,49.872,49.872,49.872,
2011-05-20,51.575,51.575,51.575,51.575,
2011-05-23,50.728,50.728,50.728,50.728,
2011-05-24,50.909,50.909,50.909,50.909,
2011-05-25,52.307,52.307,52.307,52.307,
2011-05-26,52.858,52.858,52.858,52.858,
2011-05-27,52.782,52.782,52.782,52.782,
2011-05-31,53.172,53.172,53.172,53.172,
2011-06-01,50.804,50.804,50.804,50.804,
2011-06-02,51.318,51.318,51.318,51.318,
2011-06-03,51.755,51.755,51.755,51.755,
2011-06-06,49.901,49.901,49.901,49.901,
2011-06-07,50.357,50.357,50.357,50.357,
2011-06-08,51.204,51.204,51.204,51.204,
2011-06-09,51.384,51.384,51.384,51.384,
2011-06-10,50.186,50.186,50.186,50.186,
2011-06-13,48.779,48.779,48.779,48.779,
2011-06-14,49.587,49.587,49.587,49.587,
2011-06-15,48.988,48.988,48.988,48.988,
2011-06-16,49.597,49.597,49.597,49.597,
2011-06-17,49.492,49.492,49.492,49.492,
2011-06-20,49.654,49.654,49.654,49.654,
2011-06-21,50.881,50.881,50.881,50.881,
2011-06-22,51.024,51.024,51.024,51.024,
2011-06-23,50.206,50.206,50.206,50.206,
2011-06-24,49.749,49.749,49.749,49.749,
2011-06-27,49.54,49.54,49.54,49.54,
2011-06-28,51.214,51.214,51.214,51.214,
2011-06-29,52.261,52.261,52.261,52.261,
2011-06-30,52.813,52.813,52.813,52.813,
2011-07-01,53.67,53.67,53.67,53.67,
2011-07-05,53.812,53.812,53.812,53.812,
2011-07-06,54.022,54.022,54.022,54.022,
2011-07-07,54.317,54.317,54.317,54.317,
2011-07-08,53.432,53.432,53.432,53.432,
2011-07-11,51.272,51.272,51.272,51.272,
2011-07-12,52.223,52.223,52.223,52.223,
2011-07-13,53.289,53.289,53.289,53.289,
2011-07-14,52.432,52.432,52.432,52.432,
2011-07-15,58.789,58.789,58.789,58.789,
2011-07-18,58.047,58.047,58.047,58.047,
2011-07-19,60.445,60.445,60.445,60.445,
2011-07-20,59.902,59.902,59.902,59.902,
2011-07-21,59.998,59.998,59.998,59.998,
2011-07-22,61.311,61.311,61.311,61.311,
2011-07-25,60.702,60.702,60.702,60.702,
2011-07-26,61.463,61.463,61.463,61.463,
2011-07-27,61.187,61.187,61.187,61.187,
2011-07-28,62.139,62.139,62.139,62.139,
2011-07-29,62.005,62.005,62.005,62.005,
2011-08-01,63.119,63.119,63.119,63.119,
2011-08-02,61.453,61.453,61.453,61.453,
2011-08-03,61.282,61.282,61.282,61.282,
2011-08-04,56.6,56.6,56.6,56.6,
2011-08-05,54.364,54.364,54.364,54.364,
2011-08-08,49.387,49.387,49.387,49.387,
2011-08-09,53.765,53.765,53.765,53.765,
2011-08-10,52.604,52.604,52.604,52.604,
2011-08-11,56.991,56.991,56.991,56.991,
2011-08-12,57.133,57.133,57.133,57.133,
2011-08-15,59.493,59.493,59.493,59.493,
2011-08-16,59.36,59.36,59.36,59.36,
2011-08-17,59.684,59.684,59.684,59.684,
2011-08-18,55.24,55.24,55.24,55.24,
2011-08-19,54.669,54.669,54.669,54.669,
2011-08-22,53.765,53.765,53.765,53.765,
2011-08-23,56.334,56.334,56.334,56.334,
2011-08-24,57.457,57.457,57.457,57.457,
2011-08-25,55.487,55.487,55.487,55.487,
2011-08-26,56.867,56.867,56.867,56.867,
2011-08-29,59.741,59.741,59.741,59.741,
2011-08-30,62.139,62.139,62.139,62.139,
2011-08-31,61.625,61.625,61.625,61.625,
2011-09-01,62.005,62.005,62.005,62.005,
2011-09-02,60.54,60.54,60.54,60.54,
2011-09-06,60.797,60.797,60.797,60.797,
2011-09-07,62.805,62.805,62.805,62.805,
2011-09-08,62.224,62.224,62.224,62.224,
2011-09-09,59.76,59.76,59.76,59.76,
2011-09-12,59.76,59.76,59.76,59.76,
2011-09-13,60.341,60.341,60.341,60.341,
2011-09-14,59.274,59.274,59.274,59.274,
2011-09-15,60.245,60.245,60.245,60.245,
2011-09-16,60.407,60.407,60.407,60.407,
2011-09-19,62.683,62.683,62.683,62.683,
2011-09-20,61.788,61.788,61.788,61.788,
2011-09-21,64.711,64.711,64.711,64.711,
2011-09-22,62.94,62.94,62.94,62.94,
2011-09-23,55.732,55.732,55.732,55.732,
2011-09-26,57.132,57.132,57.132,57.132,
2011-09-27,60.379,60.379,60.379,60.379,
2011-09-28,56.475,56.475,56.475,56.475,
2011-09-29,57.017,57.017,57.017,57.017,
2011-09-30,55.665,55.665,55.665,55.665,
2011-10-03,53.056,53.056,53.056,53.056,
2011-10-04,54.008,54.008,54.008,54.008,
2011-10-05,57.303,57.303,57.303,57.303,
2011-10-06,57.808,57.808,57.808,57.808,
2011-10-07,57.113,57.113,57.113,57.113,
2011-10-10,60.274,60.274,60.274,60.274,
2011-10-11,59.922,59.922,59.922,59.922,
2011-10-12,59.912,59.912,59.912,59.912,
2011-10-13,65.168,65.168,65.168,65.168,
2011-10-14,68.996,68.996,68.996,68.996,
2011-10-17,69.453,69.453,69.453,69.453,
2011-10-18,70.843,70.843,70.843,70.843,
2011-10-19,67.872,67.872,67.872,67.872,
2011-10-20,69.158,69.158,69.158,69.158,
2011-10-21,70.443,70.443,70.443,70.443,
2011-10-24,70.462,70.462,70.462,70.462,
2011-10-25,67.006,67.006,67.006,67.006,
2011-10-26,66.673,66.673,66.673,66.673,
2011-10-27,67.749,67.749,67.749,67.749,
2011-10-28,69.748,69.748,69.748,69.748,
2011-10-31,65.549,65.549,65.549,65.549,
2011-11-01,65.435,65.435,65.435,65.435,
2011-11-02,66.796,66.796,66.796,66.796,
2011-11-03,67.844,67.844,67.844,67.844,
2011-11-04,68.539,68.539,68.539,68.539,
2011-11-07,67.568,67.568,67.568,67.568,
2011-11-08,67.72,67.72,67.72,67.72,
2011-11-09,64.435,64.435,64.435,64.435,
2011-11-10,67.787,67.787,67.787,67.787,
2011-11-11,69.434,69.434,69.434,69.434,
2011-11-14,67.415,67.415,67.415,67.415,
2011-11-15,67.844,67.844,67.844,67.844,
2011-11-16,66.968,66.968,66.968,66.968,
2011-11-17,65.225,65.225,65.225,65.225,
2011-11-18,66.425,66.425,66.425,66.425,
2011-11-21,64.435,64.435,64.435,64.435,
2011-11-22,63.768,63.768,63.768,63.768,
2011-11-23,61.464,61.464,61.464,61.464,
2011-11-25,60.845,60.845,60.845,60.845,
2011-11-28,63.683,63.683,63.683,63.683,
2011-11-29,65.301,65.301,65.301,65.301,
2011-11-30,68.282,68.282,68.282,68.282,
2011-12-01,68.015,68.015,68.015,68.015,
2011-12-02,67.158,67.158,67.158,67.158,
2011-12-05,67.253,67.253,67.253,67.253,
2011-12-06,67.358,67.358,67.358,67.358,
2011-12-07,64.787,64.787,64.787,64.787,
2011-12-08,64.702,64.702,64.702,64.702,
2011-12-09,64.873,64.873,64.873,64.873,
2011-12-12,61.816,61.816,61.816,61.816,
2011-12-13,58.988,58.988,58.988,58.988,
2011-12-14,56.94,56.94,56.94,56.94,
2011-12-15,56.892,56.892,56.892,56.892,
2011-12-16,57.359,57.359,57.359,57.359,
2011-12-19,56.644,56.644,56.644,56.644,
2011-12-20,59.56,59.56,59.56,59.56,
2011-12-21,59.503,59.503,59.503,59.503,
2011-12-22,60.494,60.494,60.494,60.494,
2011-12-23,59.665,59.665,59.665,59.665,
2011-12-27,60.132,60.132,60.132,60.132,
2011-12-28,58.893,58.893,58.893,58.893,
2011-12-29,59.541,59.541,59.541,59.541,
2011-12-30,59.017,59.017,59.017,59.017,
2012-01-03,58.293,58.293,58.293,58.293,
2012-01-04,58.302,58.302,58.302,58.302,
2012-01-05,58.493,58.493,58.493,58.493,
2012-01-06,57.874,57.874,57.874,57.874,
2012-01-09,55.882,55.882,55.882,55.882,
2012-01-10,55.282,55.282,55.282,55.282,
2012-01-11,51.795,51.795,51.795,51.795,
2012-01-12,51.795,51.795,51.795,51.795,
2012-01-13,51.604,51.604,51.604,51.604,
2012-01-17,51.957,51.957,51.957,51.957,
2012-01-18,53.71,53.71,53.71,53.71,
2012-01-19,51.509,51.509,51.509,51.509,
2012-01-20,51.471,51.471,51.471,51.471,
2012-01-23,56.216,56.216,56.216,56.216,
2012-01-24,54.501,54.501,54.501,54.501,
2012-01-25,57.035,57.035,57.035,57.035,
2012-01-26,53.281,53.281,53.281,53.281,
2012-01-27,54.72,54.72,54.72,54.72,
2012-01-30,55.034,55.034,55.034,55.034,
2012-01-31,54.806,54.806,54.806,54.806,
2012-02-01,55.768,55.768,55.768,55.768,
2012-02-02,55.625,55.625,55.625,55.625,
2012-02-03,56.406,56.406,56.406,56.406,
2012-02-06,57.94,57.94,57.94,57.94,
2012-02-07,59.293,59.293,59.293,59.293,
2012-02-08,58.769,58.769,58.769,58.769,
2012-02-09,60.36,60.36,60.36,60.36,
2012-02-10,59.855,59.855,59.855,59.855,
2012-02-13,60.303,60.303,60.303,60.303,
2012-02-14,60.265,60.265,60.265,60.265,
2012-02-15,60.132,60.132,60.132,60.132,
2012-02-16,60.379,60.379,60.379,60.379,
2012-02-17,62.619,62.619,62.619,62.619,
2012-02-21,61.237,61.237,61.237,61.237,
2012-02-22,62.981,62.981,62.981,62.981,
2012-02-23,62.952,62.952,62.952,62.952,
2012-02-24,62.828,62.828,62.828,62.828,
2012-02-27,61.075,61.075,61.075,61.075,
2012-02-28,60.713,60.713,60.713,60.713,
2012-02-29,60.675,60.675,60.675,60.675,
2012-03-01,61.551,61.551,61.551,61.551,
2012-03-02,59.789,59.789,59.789,59.789,
2012-03-05,60.484,60.484,60.484,60.484,
2012-03-06,59.608,59.608,59.608,59.608,
2012-03-07,60.36,60.36,60.36,60.36,
2012-03-08,61.256,61.256,61.256,61.256,
2012-03-09,60.513,60.513,60.513,60.513,
2012-03-12,59.122,59.122,59.122,59.122,
2012-03-13,59.131,59.131,59.131,59.131,
2012-03-14,58.006,58.006,58.006,58.006,
2012-03-15,57.768,57.768,57.768,57.768,
2012-03-16,59.408,59.408,59.408,59.408,
2012-03-19,60.504,60.504,60.504,60.504,
2012-03-20,59.551,59.551,59.551,59.551,
2012-03-21,59.541,59.541,59.541,59.541,
2012-03-22,56.157,56.157,56.157,56.157,
2012-03-23,56.281,56.281,56.281,56.281,
2012-03-26,56.509,56.509,56.509,56.509,
2012-03-27,55.842,55.842,55.842,55.842,
2012-03-28,54.86,54.86,54.86,54.86,
2012-03-29,54.307,54.307,54.307,54.307,
2012-03-30,55.432,55.432,55.432,55.432,
2012-04-02,55.995,55.995,55.995,55.995,
2012-04-03,55.451,55.451,55.451,55.451,
2012-04-04,54.927,54.927,54.927,54.927,
2012-04-05,54.965,54.965,54.965,54.965,
2012-04-09,53.859,53.859,53.859,53.859,
2012-04-10,54.145,54.145,54.145,54.145,
2012-04-11,52.457,52.457,52.457,52.457,
2012-04-12,53.678,53.678,53.678,53.678,
2012-04-13,53.258,53.258,53.258,53.258,
2012-04-16,52.677,52.677,52.677,52.677,
2012-04-17,53.945,53.945,53.945,53.945,
2012-04-18,54.05,54.05,54.05,54.05,
2012-04-19,55.852,55.852,55.852,55.852,
2012-04-20,55.003,55.003,55.003,55.003,
2012-04-23,55.365,55.365,55.365,55.365,
2012-04-24,55.813,55.813,55.813,55.813,
2012-04-25,57.358,57.358,57.358,57.358,
2012-04-26,59.722,59.722,59.722,59.722,
2012-04-27,60.933,60.933,60.933,60.933,
2012-04-30,63.555,63.555,63.555,63.555,
2012-05-01,65.157,65.157,65.157,65.157,
2012-05-02,62.087,62.087,62.087,62.087,
2012-05-03,61.658,61.658,61.658,61.658,
2012-05-04,60.714,60.714,60.714,60.714,
2012-05-07,60.6,60.6,60.6,60.6,
2012-05-08,61.877,61.877,61.877,61.877,
2012-05-09,64.671,64.671,64.671,64.671,
2012-05-10,64.089,64.089,64.089,64.089,
2012-05-11,63.918,63.918,63.918,63.918,
2012-05-14,62.983,62.983,62.983,62.983,
2012-05-15,61.134,61.134,61.134,61.134,
2012-05-16,61.286,61.286,61.286,61.286,
2012-05-17,59.646,59.646,59.646,59.646,
2012-05-18,58.597,58.597,58.597,58.597,
2012-05-21,60.18,60.18,60.18,60.18,
2012-05-22,60.857,60.857,60.857,60.857,
2012-05-23,61.353,61.353,61.353,61.353,
2012-05-24,59.274,59.274,59.274,59.274,
2012-05-25,58.168,58.168,58.168,58.168,
2012-05-29,58.016,58.016,58.016,58.016,
2012-05-30,55.947,55.947,55.947,55.947,
2012-05-31,54.765,54.765,54.765,54.765,
2012-06-01,52.028,52.028,52.028,52.028,
2012-06-04,52.086,52.086,52.086,52.086,
2012-06-05,53.144,53.144,53.144,53.144,
2012-06-06,55.861,55.861,55.861,55.861,
2012-06-07,54.011,54.011,54.011,54.011,
2012-06-08,53.964,53.964,53.964,53.964,
2012-06-11,52.839,52.839,52.839,52.839,
2012-06-12,53.563,53.563,53.563,53.563,
2012-06-13,52.714,52.714,52.714,52.714,
2012-06-14,54.603,54.603,54.603,54.603,
2012-06-15,54.393,54.393,54.393,54.393,
2012-06-18,56.054,56.054,56.054,56.054,
2012-06-19,57.485,57.485,57.485,57.485,
2012-06-20,56.607,56.607,56.607,56.607,
2012-06-21,54.308,54.308,54.308,54.308,
2012-06-22,56.512,56.512,56.512,56.512,
2012-06-25,55.424,55.424,55.424,55.424,
2012-06-26,56.95,56.95,56.95,56.95,
2012-06-27,59.755,59.755,59.755,59.755,
2012-06-28,58.553,58.553,58.553,58.553,
2012-06-29,59.03,59.03,59.03,59.03,
2012-07-02,58.095,58.095,58.095,58.095,
2012-07-03,59.813,59.813,59.813,59.813,
2012-07-05,58.801,58.801,58.801,58.801,
2012-07-06,58.009,58.009,58.009,58.009,
2012-07-09,58.763,58.763,58.763,58.763,
2012-07-10,57.008,57.008,57.008,57.008,
2012-07-11,56.063,56.063,56.063,56.063,
2012-07-12,54.861,54.861,54.861,54.861,
2012-07-13,56.244,56.244,56.244,56.244,
2012-07-16,57.303,57.303,57.303,57.303,
2012-07-17,59.631,59.631,59.631,59.631,
2012-07-18,59.908,59.908,59.908,59.908,
2012-07-19,58.773,58.773,58.773,58.773,
2012-07-20,59.116,59.116,59.116,59.116,
2012-07-23,58.677,58.677,58.677,58.677,
2012-07-24,57.847,57.847,57.847,57.847,
2012-07-25,57.752,57.752,57.752,57.752,
2012-07-26,58.362,58.362,58.362,58.362,
2012-07-27,59.813,59.813,59.813,59.813,
2012-07-30,61.339,61.339,61.339,61.339,
2012-07-31,59.727,59.727,59.727,59.727,
2012-08-01,60.643,60.643,60.643,60.643,
2012-08-02,58.353,58.353,58.353,58.353,
2012-08-03,60.28,60.28,60.28,60.28,
2012-08-06,60.252,60.252,60.252,60.252,
2012-08-07,62.217,62.217,62.217,62.217,
2012-08-08,62.131,62.131,62.131,62.131,
2012-08-09,63.104,63.104,63.104,63.104,
2012-08-10,63.095,63.095,63.095,63.095,
2012-08-13,63.543,63.543,63.543,63.543,
2012-08-14,63.181,63.181,63.181,63.181,
2012-08-15,63.572,63.572,63.572,63.572,
2012-08-16,65.747,65.747,65.747,65.747,
2012-08-17,66.463,66.463,66.463,66.463,
2012-08-20,64.831,64.831,64.831,64.831,
2012-08-21,64.049,64.049,64.049,64.049,
2012-08-22,63.925,63.925,63.925,63.925,
2012-08-23,62.646,62.646,62.646,62.646,
2012-08-24,63.228,63.228,63.228,63.228,
2012-08-27,63.228,63.228,63.228,63.228,
2012-08-28,62.885,62.885,62.885,62.885,
2012-08-29,62.417,62.417,62.417,62.417,
2012-08-30,61.587,61.587,61.587,61.587,
2012-08-31,62.198,62.198,62.198,62.198,
2012-09-04,62.408,62.408,62.408,62.408,
2012-09-05,62.284,62.284,62.284,62.284,
2012-09-06,62.818,62.818,62.818,62.818,
2012-09-07,64.316,64.316,64.316,64.316,
2012-09-10,64.64,64.64,64.64,64.64,
2012-09-11,67.331,67.331,67.331,67.331,
2012-09-12,67.503,67.503,67.503,67.503,
2012-09-13,67.493,67.493,67.493,67.493,
2012-09-14,66.92,66.92,66.92,66.92,
2012-09-17,66.29,66.29,66.29,66.29,
2012-09-18,65.842,65.842,65.842,65.842,
2012-09-19,65.842,65.842,65.842,65.842,
2012-09-20,66.08,66.08,66.08,66.08,
2012-09-21,66.405,66.405,66.405,66.405,
2012-09-24,65.03,65.03,65.03,65.03,
2012-09-25,64.037,64.037,64.037,64.037,
2012-09-26,64.677,64.677,64.677,64.677,
2012-09-27,66.901,66.901,66.901,66.901,
2012-09-28,66.701,66.701,66.701,66.701,
2012-10-01,67.207,67.207,67.207,67.207,
2012-10-02,66.835,66.835,66.835,66.835,
2012-10-03,65.842,65.842,65.842,65.842,
2012-10-04,67.369,67.369,67.369,67.369,
2012-10-05,65.899,65.899,65.899,65.899,
2012-10-08,67.045,67.045,67.045,67.045,
2012-10-09,66.682,66.682,66.682,66.682,
2012-10-10,67.073,67.073,67.073,67.073,
2012-10-11,69.956,69.956,69.956,69.956,
2012-10-12,68.477,68.477,68.477,68.477,
2012-10-15,67.474,67.474,67.474,67.474,
2012-10-16,67.971,67.971,67.971,67.971,
2012-10-17,67.369,67.369,67.369,67.369,
2012-10-18,67.302,67.302,67.302,67.302,
2012-10-19,65.708,65.708,65.708,65.708,
2012-10-22,65.66,65.66,65.66,65.66,
2012-10-23,64.725,64.725,64.725,64.725,
2012-10-24,63.675,63.675,63.675,63.675,
2012-10-25,63.436,63.436,63.436,63.436,
2012-10-26,63.102,63.102,63.102,63.102,
2012-10-31,62.395,62.395,62.395,62.395,
2012-11-01,62.5,62.5,62.5,62.5,
2012-11-02,62.147,62.147,62.147,62.147,
2012-11-05,63.522,63.522,63.522,63.522,
2012-11-06,64.028,64.028,64.028,64.028,
2012-11-07,63.245,63.245,63.245,63.245,
2012-11-08,62.768,62.768,62.768,62.768,
2012-11-09,63.293,63.293,63.293,63.293,
2012-11-12,63.589,63.589,63.589,63.589,
2012-11-13,64.925,64.925,64.925,64.925,
2012-11-14,64.543,64.543,64.543,64.543,
2012-11-15,64.276,64.276,64.276,64.276,
2012-11-16,64.047,64.047,64.047,64.047,
2012-11-19,64.629,64.629,64.629,64.629,
2012-11-20,65.059,65.059,65.059,65.059,
2012-11-21,65.67,65.67,65.67,65.67,
2012-11-23,66.567,66.567,66.567,66.567,
2012-11-26,64.477,64.477,64.477,64.477,
2012-11-27,63.789,63.789,63.789,63.789,
2012-11-28,64.372,64.372,64.372,64.372,
2012-11-29,62.691,62.691,62.691,62.691,
2012-11-30,61.116,61.116,61.116,61.116,
2012-12-03,61.126,61.126,61.126,61.126,
2012-12-04,60.343,60.343,60.343,60.343,
2012-12-05,61.679,61.679,61.679,61.679,
2012-12-06,61.651,61.651,61.651,61.651,
2012-12-07,61.746,61.746,61.746,61.746,
2012-12-10,60.849,60.849,60.849,60.849,
2012-12-11,61.775,61.775,61.775,61.775,
2012-12-12,62.893,62.893,62.893,62.893,
2012-12-13,60.715,60.715,60.715,60.715,
2012-12-14,59.339,59.339,59.339,59.339,
2012-12-17,60.676,60.676,60.676,60.676,
2012-12-18,61.584,61.584,61.584,61.584,
2012-12-19,60.485,60.485,60.485,60.485,
2012-12-20,60.543,60.543,60.543,60.543,
2012-12-21,60.867,60.867,60.867,60.867,
2012-12-24,60.504,60.504,60.504,60.504,
2012-12-26,60.036,60.036,60.036,60.036,
2012-12-27,60.151,60.151,60.151,60.151,
2012-12-28,59.244,59.244,59.244,59.244,
2012-12-31,60.017,60.017,60.017,60.017,
2013-01-02,59.272,59.272,59.272,59.272,
2013-01-03,60.562,60.562,60.562,60.562,
2013-01-04,62.224,62.224,62.224,62.224,
2013-01-07,62.291,62.291,62.291,62.291,
2013-01-08,61.297,61.297,61.297,61.297,
2013-01-09,60.715,60.715,60.715,60.715,
2013-01-10,60.973,60.973,60.973,60.973,
2013-01-11,61.507,61.507,61.507,61.507,
2013-01-14,61.861,61.861,61.861,61.861,
2013-01-15,62.979,62.979,62.979,62.979,
2013-01-16,63.896,63.896,63.896,63.896,
2013-01-17,64.44,64.44,64.44,64.44,
2013-01-18,65.214,65.214,65.214,65.214,
2013-01-22,65.491,65.491,65.491,65.491,
2013-01-23,64.946,64.946,64.946,64.946,
2013-01-24,65.443,65.443,65.443,65.443,
2013-01-25,65.624,65.624,65.624,65.624,
2013-01-28,64.335,64.335,64.335,64.335,
2013-01-29,64.984,64.984,64.984,64.984,
2013-01-30,65.424,65.424,65.424,65.424,
2013-01-31,64.163,64.163,64.163,64.163,
2013-02-01,64.736,64.736,64.736,64.736,
2013-02-04,64.335,64.335,64.335,64.335,
2013-02-05,66.398,66.398,66.398,66.398,
2013-02-06,67.583,67.583,67.583,67.583,
2013-02-07,67.822,67.822,67.822,67.822,
2013-02-08,68.92,68.92,68.92,68.92,
2013-02-11,67.516,67.516,67.516,67.516,
2013-02-12,67.85,67.85,67.85,67.85,
2013-02-13,68.118,68.118,68.118,68.118,
2013-02-14,68.519,68.519,68.519,68.519,
2013-02-15,67.21,67.21,67.21,67.21,
2013-02-19,69.245,69.245,69.245,69.245,
2013-02-20,67.105,67.105,67.105,67.105,
2013-02-21,67.01,67.01,67.01,67.01,
2013-02-22,68.5,68.5,68.5,68.5,
2013-02-25,67.315,67.315,67.315,67.315,
2013-02-26,68.165,68.165,68.165,68.165,
2013-02-27,70.888,70.888,70.888,70.888,
2013-02-28,73.362,73.362,73.362,73.362,
2013-03-01,73.925,73.925,73.925,73.925,
2013-03-04,73.792,73.792,73.792,73.792,
2013-03-05,75.014,75.014,75.014,75.014,
2013-03-06,74.155,74.155,74.155,74.155,
2013-03-07,75.311,75.311,75.311,75.311,
2013-03-08,75.311,75.311,75.311,75.311,
2013-03-11,75.769,75.769,75.769,75.769,
2013-03-12,75.75,75.75,75.75,75.75,
2013-03-13,76.218,76.218,76.218,76.218,
2013-03-14,78.436,78.436,78.436,78.436,
2013-03-15,78.369,78.369,78.369,78.369,
2013-03-18,78.56,78.56,78.56,78.56,
2013-03-19,77.04,77.04,77.04,77.04,
2013-03-20,77.279,77.279,77.279,77.279,
2013-03-21,78.12,78.12,78.12,78.12,
2013-03-22,77.184,77.184,77.184,77.184,
2013-03-25,77.566,77.566,77.566,77.566,
2013-03-26,78.808,78.808,78.808,78.808,
2013-03-27,78.445,78.445,78.445,78.445,
2013-03-28,77.451,77.451,77.451,77.451,
2013-04-01,76.782,76.782,76.782,76.782,
2013-04-02,75.597,75.597,75.597,75.597,
2013-04-03,73.103,73.103,73.103,73.103,
2013-04-04,73.122,73.122,73.122,73.122,
2013-04-05,75.616,75.616,75.616,75.616,
2013-04-08,77.069,77.069,77.069,77.069,
2013-04-09,76.543,76.543,76.543,76.543,
2013-04-10,76.323,76.323,76.323,76.323,
2013-04-11,76.734,76.734,76.734,76.734,
2013-04-12,75.415,75.415,75.415,75.415,
2013-04-15,70.713,70.713,70.713,70.713,
2013-04-16,71.602,71.602,71.602,71.602,
2013-04-17,68.601,68.601,68.601,68.601,
2013-04-18,71.249,71.249,71.249,71.249,
2013-04-19,72.204,72.204,72.204,72.204,
2013-04-22,71.984,71.984,71.984,71.984,
2013-04-23,72.472,72.472,72.472,72.472,
2013-04-24,71.86,71.86,71.86,71.86,
2013-04-25,74.03,74.03,74.03,74.03,
2013-04-26,70.723,70.723,70.723,70.723,
2013-04-29,70.885,70.885,70.885,70.885,
2013-04-30,70.264,70.264,70.264,70.264,
2013-05-01,68.668,68.668,68.668,68.668,
2013-05-02,69.28,69.28,69.28,69.28,
2013-05-03,71.134,71.134,71.134,71.134,
2013-05-06,70.876,70.876,70.876,70.876,
2013-05-07,72.061,72.061,72.061,72.061,
2013-05-08,71.029,71.029,71.029,71.029,
2013-05-09,72.596,72.596,72.596,72.596,
2013-05-10,72.806,72.806,72.806,72.806,
2013-05-13,71.956,71.956,71.956,71.956,
2013-05-14,72.596,72.596,72.596,72.596,
2013-05-15,72.376,72.376,72.376,72.376,
2013-05-16,71.545,71.545,71.545,71.545,
2013-05-17,73.112,73.112,73.112,73.112,
2013-05-20,73.953,73.953,73.953,73.953,
2013-05-21,75.129,75.129,75.129,75.129,
2013-05-22,73.839,73.839,73.839,73.839,
2013-05-23,74.574,74.574,74.574,74.574,
2013-05-24,73.657,73.657,73.657,73.657,
2013-05-28,74.183,74.183,74.183,74.183,
2013-05-29,73.399,73.399,73.399,73.399,
2013-05-30,72.845,72.845,72.845,72.845,
2013-05-31,71.851,71.851,71.851,71.851,
2013-06-03,71.315,71.315,71.315,71.315,
2013-06-04,71.096,71.096,71.096,71.096,
2013-06-05,69.92,69.92,69.92,69.92,
2013-06-06,70.933,70.933,70.933,70.933,
2013-06-07,72.787,72.787,72.787,72.787,
2013-06-10,72.911,72.911,72.911,72.911,
2013-06-11,71.401,71.401,71.401,71.401,
2013-06-12,70.273,70.273,70.273,70.273,
2013-06-13,71.516,71.516,71.516,71.516,
2013-06-14,70.158,70.158,70.158,70.158,
2013-06-17,73.983,73.983,73.983,73.983,
2013-06-18,75.982,75.982,75.982,75.982,
2013-06-19,75.771,75.771,75.771,75.771,
2013-06-20,74.127,74.127,74.127,74.127,
2013-06-21,73.916,73.916,73.916,73.916,
2013-06-24,75.226,75.226,75.226,75.226,
2013-06-25,76.192,76.192,76.192,76.192,
2013-06-26,75.857,75.857,75.857,75.857,
2013-06-27,75.485,75.485,75.485,75.485,
2013-06-28,73.935,73.935,73.935,73.935,
2013-07-01,73.716,73.716,73.716,73.716,
2013-07-02,74.834,74.834,74.834,74.834,
2013-07-03,74.079,74.079,74.079,74.079,
2013-07-05,74.222,74.222,74.222,74.222,
2013-07-08,75.465,75.465,75.465,75.465,
2013-07-09,76.479,76.479,76.479,76.479,
2013-07-10,75.628,75.628,75.628,75.628,
2013-07-11,74.328,74.328,74.328,74.328,
2013-07-12,73.916,73.916,73.916,73.916,
2013-07-15,74.232,74.232,74.232,74.232,
2013-07-16,73.649,73.649,73.649,73.649,
2013-07-17,72.386,72.386,72.386,72.386,
2013-07-18,74.108,74.108,74.108,74.108,
2013-07-19,75.112,75.112,75.112,75.112,
2013-07-22,74.567,74.567,74.567,74.567,
2013-07-23,73.333,73.333,73.333,73.333,
2013-07-24,72.721,72.721,72.721,72.721,
2013-07-25,77.827,77.827,77.827,77.827,
2013-07-26,76.938,76.938,76.938,76.938,
2013-07-29,75.915,75.915,75.915,75.915,
2013-07-30,76.364,76.364,76.364,76.364,
2013-07-31,75.638,75.638,75.638,75.638,
2013-08-01,76.986,76.986,76.986,76.986,
2013-08-02,77.799,77.799,77.799,77.799,
2013-08-05,78.2,78.2,78.2,78.2,
2013-08-06,77.952,77.952,77.952,77.952,
2013-08-07,75.762,75.762,75.762,75.762,
2013-08-08,76.431,76.431,76.431,76.431,
2013-08-09,76.02,76.02,76.02,76.02,
2013-08-12,75.351,75.351,75.351,75.351,
2013-08-13,75.571,75.571,75.571,75.571,
2013-08-14,74.892,74.892,74.892,74.892,
2013-08-15,74.662,74.662,74.662,74.662,
2013-08-16,74.261,74.261,74.261,74.261,
2013-08-19,72.358,72.358,72.358,72.358,
2013-08-20,73.266,73.266,73.266,73.266,
2013-08-21,72.625,72.625,72.625,72.625,
2013-08-22,73.897,73.897,73.897,73.897,
2013-08-23,73.687,73.687,73.687,73.687,
2013-08-26,73.859,73.859,73.859,73.859,
2013-08-27,72.817,72.817,72.817,72.817,
2013-08-28,73.362,73.362,73.362,73.362,
2013-08-29,72.262,72.262,72.262,72.262,
2013-08-30,71.698,71.698,71.698,71.698,
2013-09-03,73.19,73.19,73.19,73.19,
2013-09-04,73.008,73.008,73.008,73.008,
2013-09-05,73.113,73.113,73.113,73.113,
2013-09-06,73.151,73.151,73.151,73.151,
2013-09-09,74.959,74.959,74.959,74.959,
2013-09-10,74.949,74.949,74.949,74.949,
2013-09-11,76.202,76.202,76.202,76.202,
2013-09-12,75.57,75.57,75.57,75.57,
2013-09-13,75.235,75.235,75.235,75.235,
2013-09-16,75.216,75.216,75.216,75.216,
2013-09-17,75.704,75.704,75.704,75.704,
2013-09-18,76.24,76.24,76.24,76.24,
2013-09-19,75.417,75.417,75.417,75.417,
2013-09-20,75.274,75.274,75.274,75.274,
2013-09-23,74.805,74.805,74.805,74.805,
2013-09-24,74.126,74.126,74.126,74.126,
2013-09-25,72.48,72.48,72.48,72.48,
2013-09-26,74.709,74.709,74.709,74.709,
2013-09-27,73.963,73.963,73.963,73.963,
2013-09-30,72.604,72.604,72.604,72.604,
2013-10-01,72.662,72.662,72.662,72.662,
2013-10-02,72.432,72.432,72.432,72.432,
2013-10-03,71.964,71.964,71.964,71.964,
2013-10-04,73.246,73.246,73.246,73.246,
2013-10-07,72.289,72.289,72.289,72.289,
2013-10-08,70.634,70.634,70.634,70.634,
2013-10-09,71.753,71.753,71.753,71.753,
2013-10-10,74.604,74.604,74.604,74.604,
2013-10-11,75.484,75.484,75.484,75.484,
2013-10-14,75.896,75.896,75.896,75.896,
2013-10-15,75.503,75.503,75.503,75.503,
2013-10-16,77.599,77.599,77.599,77.599,
2013-10-17,75.14,75.14,75.14,75.14,
2013-10-18,74.47,74.47,74.47,74.47,
2013-10-21,73.542,73.542,73.542,73.542,
2013-10-22,71.849,71.849,71.849,71.849,
2013-10-23,70.949,70.949,70.949,70.949,
2013-10-24,70.031,70.031,70.031,70.031,
2013-10-25,71.495,71.495,71.495,71.495,
2013-10-28,70.423,70.423,70.423,70.423,
2013-10-29,71.409,71.409,71.409,71.409,
2013-10-30,74.049,74.049,74.049,74.049,
2013-10-31,72.432,72.432,72.432,72.432,
2013-11-01,72.117,72.117,72.117,72.117,
2013-11-04,73.274,73.274,73.274,73.274,
2013-11-05,71.686,71.686,71.686,71.686,
2013-11-06,71.102,71.102,71.102,71.102,
2013-11-07,70.729,70.729,70.729,70.729,
2013-11-08,72.499,72.499,72.499,72.499,
2013-11-11,71.61,71.61,71.61,71.61,
2013-11-12,71.389,71.389,71.389,71.389,
2013-11-13,71.581,71.581,71.581,71.581,
2013-11-14,70.882,70.882,70.882,70.882,
2013-11-15,71.418,71.418,71.418,71.418,
2013-11-18,70.605,70.605,70.605,70.605,
2013-11-19,72.279,72.279,72.279,72.279,
2013-11-20,74.193,74.193,74.193,74.193,
2013-11-21,75.676,75.676,75.676,75.676,
2013-11-22,75.408,75.408,75.408,75.408,
2013-11-25,76.01,76.01,76.01,76.01,
2013-11-26,75.082,75.082,75.082,75.082,
2013-11-27,74.815,74.815,74.815,74.815,
2013-11-29,74.288,74.288,74.288,74.288,
2013-12-02,73.466,73.466,73.466,73.466,
2013-12-03,73.131,73.131,73.131,73.131,
2013-12-04,73.284,73.284,73.284,73.284,
2013-12-05,75.963,75.963,75.963,75.963,
2013-12-06,75.637,75.637,75.637,75.637,
2013-12-09,78.527,78.527,78.527,78.527,
2013-12-10,77.952,77.952,77.952,77.952,
2013-12-11,76.556,76.556,76.556,76.556,
2013-12-12,76.843,76.843,76.843,76.843,
2013-12-13,76.278,76.278,76.278,76.278,
2013-12-16,76.738,76.738,76.738,76.738,
2013-12-17,76.345,76.345,76.345,76.345,
2013-12-18,77.647,77.647,77.647,77.647,
2013-12-19,78.279,78.279,78.279,78.279,
2013-12-20,78.92,78.92,78.92,78.92,
2013-12-23,79.523,79.523,79.523,79.523,
2013-12-24,79.858,79.858,79.858,79.858,
2013-12-26,80.002,80.002,80.002,80.002,
2013-12-27,79.982,79.982,79.982,79.982,
2013-12-30,80.049,80.049,80.049,80.049,
2013-12-31,80.7,80.7,80.7,80.7,
2014-01-02,78.24,78.24,78.24,78.24,
2014-01-03,77.082,77.082,77.082,77.082,
2014-01-06,77.58,77.58,77.58,77.58,
2014-01-07,78.901,78.901,78.901,78.901,
2014-01-08,78.987,78.987,78.987,78.987,
2014-01-09,77.752,77.752,77.752,77.752,
2014-01-10,78.212,78.212,78.212,78.212,
2014-01-13,76.259,76.259,76.259,76.259,
2014-01-14,78.652,78.652,78.652,78.652,
2014-01-15,80.136,80.136,80.136,80.136,
2014-01-16,80.375,80.375,80.375,80.375,
2014-01-17,79.102,79.102,79.102,79.102,
2014-01-21,81.294,81.294,81.294,81.294,
2014-01-22,83.677,83.677,83.677,83.677,
2014-01-23,82.969,82.969,82.969,82.969,
2014-01-24,82.462,82.462,82.462,82.462,
2014-01-27,80.652,80.652,80.652,80.652,
2014-01-28,82.816,82.816,82.816,82.816,
2014-01-29,81.61,81.61,81.61,81.61,
2014-01-30,81.801,81.801,81.801,81.801,
2014-01-31,82.5,82.5,82.5,82.5,
2014-02-03,81.351,81.351,81.351,81.351,
2014-02-04,83.897,83.897,83.897,83.897,
2014-02-05,82.442,82.442,82.442,82.442,
2014-02-06,80.394,80.394,80.394,80.394,
2014-02-07,80.432,80.432,80.432,80.432,
2014-02-10,80.777,80.777,80.777,80.777,
2014-02-11,81.255,81.255,81.255,81.255,
2014-02-12,80.911,80.911,80.911,80.911,
2014-02-13,80.605,80.605,80.605,80.605,
2014-02-14,81.83,81.83,81.83,81.83,
2014-02-18,83.084,83.084,83.084,83.084,
2014-02-19,83.83,83.83,83.83,83.83,
2014-02-20,83.773,83.773,83.773,83.773,
2014-02-21,82.002,82.002,82.002,82.002,
2014-02-24,83.782,83.782,83.782,83.782,
2014-02-25,83.179,83.179,83.179,83.179,
2014-02-26,81.303,81.303,81.303,81.303,
2014-02-27,83.045,83.045,83.045,83.045,
2014-02-28,82.366,82.366,82.366,82.366,
2014-03-03,81.275,81.275,81.275,81.275,
2014-03-04,81.801,81.801,81.801,81.801,
2014-03-05,79.839,79.839,79.839,79.839,
2014-03-06,80.624,80.624,80.624,80.624,
2014-03-07,81.437,81.437,81.437,81.437,
2014-03-10,83.045,83.045,83.045,83.045,
2014-03-11,83.218,83.218,83.218,83.218,
2014-03-12,82.48,82.48,82.48,82.48,
2014-03-13,82.921,82.921,82.921,82.921,
2014-03-14,84.003,84.003,84.003,84.003,
2014-03-17,84.482,84.482,84.482,84.482,
2014-03-18,84.903,84.903,84.903,84.903,
2014-03-19,83.543,83.543,83.543,83.543,
2014-03-20,83.84,83.84,83.84,83.84,
2014-03-21,83.467,83.467,83.467,83.467,
2014-03-24,82.672,82.672,82.672,82.672,
2014-03-25,82.49,82.49,82.49,82.49,
2014-03-26,81.044,81.044,81.044,81.044,
2014-03-27,81.638,81.638,81.638,81.638,
2014-03-28,81.618,81.618,81.618,81.618,
2014-03-31,79.454,79.454,79.454,79.454,
2014-04-01,80.479,80.479,80.479,80.479,
2014-04-02,82.222,82.222,82.222,82.222,
2014-04-03,84.099,84.099,84.099,84.099,
2014-04-04,82.863,82.863,82.863,82.863,
2014-04-07,81.8,81.8,81.8,81.8,
2014-04-08,84.884,84.884,84.884,84.884,
2014-04-09,84.568,84.568,84.568,84.568,
2014-04-10,84.396,84.396,84.396,84.396,
2014-04-11,84.195,84.195,84.195,84.195,
2014-04-14,84.195,84.195,84.195,84.195,
2014-04-15,85.554,85.554,85.554,85.554,
2014-04-16,86.885,86.885,86.885,86.885,
2014-04-17,88.973,88.973,88.973,88.973,
2014-04-21,89.519,89.519,89.519,89.519,
2014-04-22,88.734,88.734,88.734,88.734,
2014-04-23,89.088,89.088,89.088,89.088,
2014-04-24,89.596,89.596,89.596,89.596,
2014-04-25,87.843,87.843,87.843,87.843,
2014-04-28,87.604,87.604,87.604,87.604,
2014-04-29,86.598,86.598,86.598,86.598,
2014-04-30,86.617,86.617,86.617,86.617,
2014-05-01,85.449,85.449,85.449,85.449,
2014-05-02,86.158,86.158,86.158,86.158,
2014-05-05,86.771,86.771,86.771,86.771,
2014-05-06,86.474,86.474,86.474,86.474,
2014-05-07,86.454,86.454,86.454,86.454,
2014-05-08,84.319,84.319,84.319,84.319,
2014-05-09,84.635,84.635,84.635,84.635,
2014-05-12,85.143,85.143,85.143,85.143,
2014-05-13,85.449,85.449,85.449,85.449,
2014-05-14,85.305,85.305,85.305,85.305,
2014-05-15,85.698,85.698,85.698,85.698,
2014-05-16,84.75,84.75,84.75,84.75,
2014-05-19,85.478,85.478,85.478,85.478,
2014-05-20,84.827,84.827,84.827,84.827,
2014-05-21,86.838,86.838,86.838,86.838,
2014-05-22,85.143,85.143,85.143,85.143,
2014-05-23,84.922,84.922,84.922,84.922,
2014-05-27,87.067,87.067,87.067,87.067,
2014-05-28,86.493,86.493,86.493,86.493,
2014-05-29,88.035,88.035,88.035,88.035,
2014-05-30,89.011,89.011,89.011,89.011,
2014-06-02,88.772,88.772,88.772,88.772,
2014-06-03,89.337,89.337,89.337,89.337,
2014-06-04,89.088,89.088,89.088,89.088,
2014-06-05,89.73,89.73,89.73,89.73,
2014-06-06,89.404,89.404,89.404,89.404,
2014-06-09,88.331,88.331,88.331,88.331,
2014-06-10,85.708,85.708,85.708,85.708,
2014-06-11,85.612,85.612,85.612,85.612,
2014-06-12,84.05,84.05,84.05,84.05,
2014-06-13,84.491,84.491,84.491,84.491,
2014-06-16,84.615,84.615,84.615,84.615,
2014-06-17,84.117,84.117,84.117,84.117,
2014-06-18,84.165,84.165,84.165,84.165,
2014-06-19,84.596,84.596,84.596,84.596,
2014-06-20,84.271,84.271,84.271,84.271,
2014-06-23,84.328,84.328,84.328,84.328,
2014-06-24,82.077,82.077,82.077,82.077,
2014-06-25,82.412,82.412,82.412,82.412,
2014-06-26,82.996,82.996,82.996,82.996,
2014-06-27,82.345,82.345,82.345,82.345,
2014-06-30,83.303,83.303,83.303,83.303,
2014-07-01,81.789,81.789,81.789,81.789,
2014-07-02,82.029,82.029,82.029,82.029,
2014-07-03,82.192,82.192,82.192,82.192,
2014-07-07,80.505,80.505,80.505,80.505,
2014-07-08,80.544,80.544,80.544,80.544,
2014-07-09,81.119,81.119,81.119,81.119,
2014-07-10,78.656,78.656,78.656,78.656,
2014-07-11,77.842,77.842,77.842,77.842,
2014-07-14,78.541,78.541,78.541,78.541,
2014-07-15,77.152,77.152,77.152,77.152,
2014-07-16,77.468,77.468,77.468,77.468,
2014-07-17,74.144,74.144,74.144,74.144,
2014-07-18,74.68,74.68,74.68,74.68,
2014-07-21,73.483,73.483,73.483,73.483,
2014-07-22,73.358,73.358,73.358,73.358,
2014-07-23,74.038,74.038,74.038,74.038,
2014-07-24,74.153,74.153,74.153,74.153,
2014-07-25,73.492,73.492,73.492,73.492,
2014-07-28,73.071,73.071,73.071,73.071,
2014-07-29,74.872,74.872,74.872,74.872,
2014-07-30,72.87,72.87,72.87,72.87,
2014-07-31,72.419,72.419,72.419,72.419,
2014-08-01,72.142,72.142,72.142,72.142,
2014-08-04,73.512,73.512,73.512,73.512,
2014-08-05,72.4,72.4,72.4,72.4,
2014-08-06,71.921,71.921,71.921,71.921,
2014-08-07,71.164,71.164,71.164,71.164,
2014-08-08,72.649,72.649,72.649,72.649,
2014-08-11,72.046,72.046,72.046,72.046,
2014-08-12,71.452,71.452,71.452,71.452,
2014-08-13,71.634,71.634,71.634,71.634,
2014-08-14,72.515,72.515,72.515,72.515,
2014-08-15,72.745,72.745,72.745,72.745,
2014-08-18,72.074,72.074,72.074,72.074,
2014-08-19,73.828,73.828,73.828,73.828,
2014-08-20,73.722,73.722,73.722,73.722,
2014-08-21,73.952,73.952,73.952,73.952,
2014-08-22,73.54,73.54,73.54,73.54,
2014-08-25,75.543,75.543,75.543,75.543,
2014-08-26,75.466,75.466,75.466,75.466,
2014-08-27,74.747,74.747,74.747,74.747,
2014-08-28,74.968,74.968,74.968,74.968,
2014-08-29,75.294,75.294,75.294,75.294,
2014-09-02,73.071,73.071,73.071,73.071,
2014-09-03,72.956,72.956,72.956,72.956,
2014-09-04,71.088,71.088,71.088,71.088,
2014-09-05,72.046,72.046,72.046,72.046,
2014-09-08,71.48,71.48,71.48,71.48,
2014-09-09,71.883,71.883,71.883,71.883,
2014-09-10,71.519,71.519,71.519,71.519,
2014-09-11,70.589,70.589,70.589,70.589,
2014-09-12,69.477,69.477,69.477,69.477,
2014-09-15,69.784,69.784,69.784,69.784,
2014-09-16,70.292,70.292,70.292,70.292,
2014-09-17,70.177,70.177,70.177,70.177,
2014-09-18,68.892,68.892,68.892,68.892,
2014-09-19,68.586,68.586,68.586,68.586,
2014-09-22,67.339,67.339,67.339,67.339,
2014-09-23,67.081,67.081,67.081,67.081,
2014-09-24,66.084,66.084,66.084,66.084,
2014-09-25,64.521,64.521,64.521,64.521,
2014-09-26,64.895,64.895,64.895,64.895,
2014-09-29,65.825,65.825,65.825,65.825,
2014-09-30,65.001,65.001,65.001,65.001,
2014-10-01,64.655,64.655,64.655,64.655,
2014-10-02,65.144,65.144,65.144,65.144,
2014-10-03,64.004,64.004,64.004,64.004,
2014-10-06,63.151,63.151,63.151,63.151,
2014-10-07,61.761,61.761,61.761,61.761,
2014-10-08,62.853,62.853,62.853,62.853,
2014-10-09,60.802,60.802,60.802,60.802,
2014-10-10,60.783,60.783,60.783,60.783,
2014-10-13,59.307,59.307,59.307,59.307,
2014-10-14,60.351,60.351,60.351,60.351,
2014-10-15,62.988,62.988,62.988,62.988,
2014-10-16,66.275,66.275,66.275,66.275,
2014-10-17,64.531,64.531,64.531,64.531,
2014-10-20,63.544,63.544,63.544,63.544,
2014-10-21,65.739,65.739,65.739,65.739,
2014-10-22,63.927,63.927,63.927,63.927,
2014-10-23,65.767,65.767,65.767,65.767,
2014-10-24,63.86,63.86,63.86,63.86,
2014-10-27,62.451,62.451,62.451,62.451,
2014-10-28,64.598,64.598,64.598,64.598,
2014-10-29,64.128,64.128,64.128,64.128,
2014-10-30,63.323,63.323,63.323,63.323,
2014-10-31,65.566,65.566,65.566,65.566,
2014-11-03,64.004,64.004,64.004,64.004,
2014-11-04,64.492,64.492,64.492,64.492,
2014-11-05,67.176,67.176,67.176,67.176,
2014-11-06,69.784,69.784,69.784,69.784,
2014-11-07,70.062,70.062,70.062,70.062,
2014-11-10,69.381,69.381,69.381,69.381,
2014-11-11,70.924,70.924,70.924,70.924,
2014-11-12,69.305,69.305,69.305,69.305,
2014-11-13,67.78,67.78,67.78,67.78,
2014-11-14,68.94,68.94,68.94,68.94,
2014-11-17,69.381,69.381,69.381,69.381,
2014-11-18,68.499,68.499,68.499,68.499,
2014-11-19,69.975,69.975,69.975,69.975,
2014-11-20,70.071,70.071,70.071,70.071,
2014-11-21,69.209,69.209,69.209,69.209,
2014-11-24,67.656,67.656,67.656,67.656,
2014-11-25,66.055,66.055,66.055,66.055,
2014-11-26,65.911,65.911,65.911,65.911,
2014-11-28,62.93,62.93,62.93,62.93,
2014-12-01,62.642,62.642,62.642,62.642,
2014-12-02,61.425,61.425,61.425,61.425,
2014-12-03,61.809,61.809,61.809,61.809,
2014-12-04,58.041,58.041,58.041,58.041,
2014-12-05,56.488,56.488,56.488,56.488,
2014-12-08,53.009,53.009,53.009,53.009,
2014-12-09,53.239,53.239,53.239,53.239,
2014-12-10,50.114,50.114,50.114,50.114,
2014-12-11,50.824,50.824,50.824,50.824,
2014-12-12,51.975,51.975,51.975,51.975,
2014-12-15,53.145,53.145,53.145,53.145,
2014-12-16,55.851,55.851,55.851,55.851,
2014-12-17,59.39,59.39,59.39,59.39,
2014-12-18,57.644,57.644,57.644,57.644,
2014-12-19,57.433,57.433,57.433,57.433,
2014-12-22,54.747,54.747,54.747,54.747,
2014-12-23,54.68,54.68,54.68,54.68,
2014-12-24,53.462,53.462,53.462,53.462,
2014-12-26,52.349,52.349,52.349,52.349,
2014-12-29,53.721,53.721,53.721,53.721,
2014-12-30,51.467,51.467,51.467,51.467,
2014-12-31,51.275,51.275,51.275,51.275,
2015-01-02,53.145,53.145,53.145,53.145,
2015-01-05,49.845,49.845,49.845,49.845,
2015-01-06,48.531,48.531,48.531,48.531,
2015-01-07,47.121,47.121,47.121,47.121,
2015-01-08,48.013,48.013,48.013,48.013,
2015-01-09,48.243,48.243,48.243,48.243,
2015-01-12,45.682,45.682,45.682,45.682,
2015-01-13,45.106,45.106,45.106,45.106,
2015-01-14,45.999,45.999,45.999,45.999,
2015-01-15,45.039,45.039,45.039,45.039,
2015-01-16,47.562,47.562,47.562,47.562,
2015-01-20,46.363,46.363,46.363,46.363,
2015-01-21,47.735,47.735,47.735,47.735,
2015-01-22,47.035,47.035,47.035,47.035,
2015-01-23,46.66,46.66,46.66,46.66,
2015-01-26,47.505,47.505,47.505,47.505,
2015-01-27,47.265,47.265,47.265,47.265,
2015-01-28,45.068,45.068,45.068,45.068,
2015-01-29,43.639,43.639,43.639,43.639,
2015-01-30,44.387,44.387,44.387,44.387,
2015-02-02,45.864,45.864,45.864,45.864,
2015-02-03,49.299,49.299,49.299,49.299,
2015-02-04,47.908,47.908,47.908,47.908,
2015-02-05,49.606,49.606,49.606,49.606,
2015-02-06,49.558,49.558,49.558,49.558,
2015-02-09,48.771,48.771,48.771,48.771,
2015-02-10,50.315,50.315,50.315,50.315,
2015-02-11,49.203,49.203,49.203,49.203,
2015-02-12,48.704,48.704,48.704,48.704,
2015-02-13,48.771,48.771,48.771,48.771,
2015-02-17,50.306,50.306,50.306,50.306,
2015-02-18,49.778,49.778,49.778,49.778,
2015-02-19,49.903,49.903,49.903,49.903,
2015-02-20,49.73,49.73,49.73,49.73,
2015-02-23,49.26,49.26,49.26,49.26,
2015-02-24,49.155,49.155,49.155,49.155,
2015-02-25,51.716,51.716,51.716,51.716,
2015-02-26,48.752,48.752,48.752,48.752,
2015-02-27,47.524,47.524,47.524,47.524,
2015-03-02,47.418,47.418,47.418,47.418,
2015-03-03,48.224,48.224,48.224,48.224,
2015-03-04,48.071,48.071,48.071,48.071,
2015-03-05,47.735,47.735,47.735,47.735,
2015-03-06,46.766,46.766,46.766,46.766,
2015-03-09,44.713,44.713,44.713,44.713,
2015-03-10,44.109,44.109,44.109,44.109,
2015-03-11,45.174,45.174,45.174,45.174,
2015-03-12,43.589,43.589,43.589,43.589,
2015-03-13,43.484,43.484,43.484,43.484,
2015-03-16,44.233,44.233,44.233,44.233,
2015-03-17,44.809,44.809,44.809,44.809,
2015-03-18,47.065,47.065,47.065,47.065,
2015-03-19,45.75,45.75,45.75,45.75,
2015-03-20,47.382,47.382,47.382,47.382,
2015-03-23,46.431,46.431,46.431,46.431,
2015-03-24,47.651,47.651,47.651,47.651,
2015-03-25,48.87,48.87,48.87,48.87,
2015-03-26,49.081,49.081,49.081,49.081,
2015-03-27,49.552,49.552,49.552,49.552,
2015-03-30,49.648,49.648,49.648,49.648,
2015-03-31,49.965,49.965,49.965,49.965,
2015-04-01,49.571,49.571,49.571,49.571,
2015-04-02,51.626,51.626,51.626,51.626,
2015-04-06,52.49,52.49,52.49,52.49,
2015-04-07,54.026,54.026,54.026,54.026,
2015-04-08,53.037,53.037,53.037,53.037,
2015-04-09,53.642,53.642,53.642,53.642,
2015-04-10,53.047,53.047,53.047,53.047,
2015-04-13,52.893,52.893,52.893,52.893,
2015-04-14,55.428,55.428,55.428,55.428,
2015-04-15,58.951,58.951,58.951,58.951,
2015-04-16,58.529,58.529,58.529,58.529,
2015-04-17,58.308,58.308,58.308,58.308,
2015-04-20,58.001,58.001,58.001,58.001,
2015-04-21,57.405,57.405,57.405,57.405,
2015-04-22,58.298,58.298,58.298,58.298,
2015-04-23,59.47,59.47,59.47,59.47,
2015-04-24,58.913,58.913,58.913,58.913,
2015-04-27,58.836,58.836,58.836,58.836,
2015-04-28,59.815,59.815,59.815,59.815,
2015-04-29,59.585,59.585,59.585,59.585,
2015-04-30,61.025,61.025,61.025,61.025,
2015-05-01,62.168,62.168,62.168,62.168,
2015-05-04,61.544,61.544,61.544,61.544,
2015-05-05,60.267,60.267,60.267,60.267,
2015-05-06,59.585,59.585,59.585,59.585,
2015-05-07,58.375,58.375,58.375,58.375,
2015-05-08,61.726,61.726,61.726,61.726,
2015-05-11,60.411,60.411,60.411,60.411,
2015-05-12,61.265,61.265,61.265,61.265,
2015-05-13,60.199,60.199,60.199,60.199,
2015-05-14,58.606,58.606,58.606,58.606,
2015-05-15,58.721,58.721,58.721,58.721,
2015-05-18,57.396,57.396,57.396,57.396,
2015-05-19,56.023,56.023,56.023,56.023,
2015-05-20,55.936,55.936,55.936,55.936,
2015-05-21,56.388,56.388,56.388,56.388,
2015-05-22,56.301,56.301,56.301,56.301,
2015-05-26,54.756,54.756,54.756,54.756,
2015-05-27,54.996,54.996,54.996,54.996,
2015-05-28,53.267,53.267,53.267,53.267,
2015-05-29,53.2,53.2,53.2,53.2,
2015-06-01,52.778,52.778,52.778,52.778,
2015-06-02,53.363,53.363,53.363,53.363,
2015-06-03,53.363,53.363,53.363,53.363,
2015-06-04,53.296,53.296,53.296,53.296,
2015-06-05,52.518,52.518,52.518,52.518,
2015-06-08,51.99,51.99,51.99,51.99,
2015-06-09,52.202,52.202,52.202,52.202,
2015-06-10,50.819,50.819,50.819,50.819,
2015-06-11,50.598,50.598,50.598,50.598,
2015-06-12,50.771,50.771,50.771,50.771,
2015-06-15,50.454,50.454,50.454,50.454,
2015-06-16,51.79,51.79,51.79,51.79,
2015-06-17,50.675,50.675,50.675,50.675,
2015-06-18,49.195,49.195,49.195,49.195,
2015-06-19,48.34,48.34,48.34,48.34,
2015-06-22,48.609,48.609,48.609,48.609,
2015-06-23,48.34,48.34,48.34,48.34,
2015-06-24,48.898,48.898,48.898,48.898,
2015-06-25,49.042,49.042,49.042,49.042,
2015-06-26,47.677,47.677,47.677,47.677,
2015-06-29,46.707,46.707,46.707,46.707,
2015-06-30,47.447,47.447,47.447,47.447,
2015-07-01,45.948,45.948,45.948,45.948,
2015-07-02,46.092,46.092,46.092,46.092,
2015-07-06,45.323,45.323,45.323,45.323,
2015-07-07,45.006,45.006,45.006,45.006,
2015-07-08,43.526,43.526,43.526,43.526,
2015-07-09,44.478,44.478,44.478,44.478,
2015-07-10,43.498,43.498,43.498,43.498,
2015-07-13,44.305,44.305,44.305,44.305,
2015-07-14,45.842,45.842,45.842,45.842,
2015-07-15,44.554,44.554,44.554,44.554,
2015-07-16,44.401,44.401,44.401,44.401,
2015-07-17,41.432,41.432,41.432,41.432,
2015-07-20,39.155,39.155,39.155,39.155,
2015-07-21,39.577,39.577,39.577,39.577,
2015-07-22,39.779,39.779,39.779,39.779,
2015-07-23,41.268,41.268,41.268,41.268,
2015-07-24,40.663,40.663,40.663,40.663,
2015-07-27,40.586,40.586,40.586,40.586,
2015-07-28,42.229,42.229,42.229,42.229,
2015-07-29,40.971,40.971,40.971,40.971,
2015-07-30,38.29,38.29,38.29,38.29,
2015-07-31,37.8,37.8,37.8,37.8,
2015-08-03,36.724,36.724,36.724,36.724,
2015-08-04,36.407,36.407,36.407,36.407,
2015-08-05,35.052,35.052,35.052,35.052,
2015-08-06,36.464,36.464,36.464,36.464,
2015-08-07,34.321,34.321,34.321,34.321,
2015-08-10,36.128,36.128,36.128,36.128,
2015-08-11,37.041,37.041,37.041,37.041,
2015-08-12,37.146,37.146,37.146,37.146,
2015-08-13,35.494,35.494,35.494,35.494,
2015-08-14,35.071,35.071,35.071,35.071,
2015-08-17,35.119,35.119,35.119,35.119,
2015-08-18,35.571,35.571,35.571,35.571,
2015-08-19,34.571,34.571,34.571,34.571,
2015-08-20,34.091,34.091,34.091,34.091,
2015-08-21,34.245,34.245,34.245,34.245,
2015-08-24,31.9,31.9,31.9,31.9,
2015-08-25,32.477,32.477,32.477,32.477,
2015-08-26,33.447,33.447,33.447,33.447,
2015-08-27,36.522,36.522,36.522,36.522,
2015-08-28,36.829,36.829,36.829,36.829,
2015-08-31,37.108,37.108,37.108,37.108,
2015-09-01,36.474,36.474,36.474,36.474,
2015-09-02,36.589,36.589,36.589,36.589,
2015-09-03,36.868,36.868,36.868,36.868,
2015-09-04,35.071,35.071,35.071,35.071,
2015-09-08,34.744,34.744,34.744,34.744,
2015-09-09,34.533,34.533,34.533,34.533,
2015-09-10,34.639,34.639,34.639,34.639,
2015-09-11,35.091,35.091,35.091,35.091,
2015-09-14,34.677,34.677,34.677,34.677,
2015-09-15,35.216,35.216,35.216,35.216,
2015-09-16,37.39,37.39,37.39,37.39,
2015-09-17,37.495,37.495,37.495,37.495,
2015-09-18,34.677,34.677,34.677,34.677,
2015-09-21,34.542,34.542,34.542,34.542,
2015-09-22,33.754,33.754,33.754,33.754,
2015-09-23,33.33,33.33,33.33,33.33,
2015-09-24,33.532,33.532,33.532,33.532,
2015-09-25,33.657,33.657,33.657,33.657,
2015-09-28,30.637,30.637,30.637,30.637,
2015-09-29,29.887,29.887,29.887,29.887,
2015-09-30,30.897,30.897,30.897,30.897,
2015-10-01,30.348,30.348,30.348,30.348,
2015-10-02,31.512,31.512,31.512,31.512,
2015-10-05,33.013,33.013,33.013,33.013,
2015-10-06,34.831,34.831,34.831,34.831,
2015-10-07,35.235,35.235,35.235,35.235,
2015-10-08,35.985,35.985,35.985,35.985,
2015-10-09,34.677,34.677,34.677,34.677,
2015-10-12,33.167,33.167,33.167,33.167,
2015-10-13,32.138,32.138,32.138,32.138,
2015-10-14,32.917,32.917,32.917,32.917,
2015-10-15,33.494,33.494,33.494,33.494,
2015-10-16,33.657,33.657,33.657,33.657,
2015-10-19,33.176,33.176,33.176,33.176,
2015-10-20,34.514,34.514,34.514,34.514,
2015-10-21,32.032,32.032,32.032,32.032,
2015-10-22,31.079,31.079,31.079,31.079,
2015-10-23,30.127,30.127,30.127,30.127,
2015-10-26,27.915,27.915,27.915,27.915,
2015-10-27,27.674,27.674,27.674,27.674,
2015-10-28,27.732,27.732,27.732,27.732,
2015-10-29,28.511,28.511,28.511,28.511,
2015-10-30,29.281,29.281,29.281,29.281,
2015-11-02,30.166,30.166,30.166,30.166,
2015-11-03,29.81,29.81,29.81,29.81,
2015-11-04,32.782,32.782,32.782,32.782,
2015-11-05,34.033,34.033,34.033,34.033,
2015-11-06,33.099,33.099,33.099,33.099,
2015-11-09,32.022,32.022,32.022,32.022,
2015-11-10,30.916,30.916,30.916,30.916,
2015-11-11,28.886,28.886,28.886,28.886,
2015-11-12,28.53,28.53,28.53,28.53,
2015-11-13,30.512,30.512,30.512,30.512,
2015-11-16,33.301,33.301,33.301,33.301,
2015-11-17,31.743,31.743,31.743,31.743,
2015-11-18,30.82,30.82,30.82,30.82,
2015-11-19,30.493,30.493,30.493,30.493,
2015-11-20,29.252,29.252,29.252,29.252,
2015-11-23,29.646,29.646,29.646,29.646,
2015-11-24,29.608,29.608,29.608,29.608,
2015-11-25,29.127,29.127,29.127,29.127,
2015-11-27,27.415,27.415,27.415,27.415,
2015-11-30,27.492,27.492,27.492,27.492,
2015-12-01,27.463,27.463,27.463,27.463,
2015-12-02,27.761,27.761,27.761,27.761,
2015-12-03,27.088,27.088,27.088,27.088,
2015-12-04,26.684,26.684,26.684,26.684,
2015-12-07,24.769,24.769,24.769,24.769,
2015-12-08,24.769,24.769,24.769,24.769,
2015-12-09,25.144,25.144,25.144,25.144,
2015-12-10,24.442,24.442,24.442,24.442,
2015-12-11,21.918,21.918,21.918,21.918,
2015-12-14,21.061,21.061,21.061,21.061,
2015-12-15,20.887,20.887,20.887,20.887,
2015-12-16,20.839,20.839,20.839,20.839,
2015-12-17,20.396,20.396,20.396,20.396,
2015-12-18,20.55,20.55,20.55,20.55,
2015-12-21,20.627,20.627,20.627,20.627,
2015-12-22,21.041,21.041,21.041,21.041,
2015-12-23,23.296,23.296,23.296,23.296,
2015-12-24,23.508,23.508,23.508,23.508,
2015-12-28,23.411,23.411,23.411,23.411,
2015-12-29,23.662,23.662,23.662,23.662,
2015-12-30,22.101,22.101,22.101,22.101,
2015-12-31,23.71,23.71,23.71,23.71,
2016-01-04,24.808,24.808,24.808,24.808,
2016-01-05,24.731,24.731,24.731,24.731,
2016-01-06,23.151,23.151,23.151,23.151,
2016-01-07,23.219,23.219,23.219,23.219,
2016-01-08,24.808,24.808,24.808,24.808,
2016-01-11,24.057,24.057,24.057,24.057,
2016-01-12,22.4,22.4,22.4,22.4,
2016-01-13,23.036,23.036,23.036,23.036,
2016-01-14,22.294,22.294,22.294,22.294,
2016-01-15,21.051,21.051,21.051,21.051,
2016-01-19,19.702,19.702,19.702,19.702,
2016-01-20,21.186,21.186,21.186,21.186,
2016-01-21,25.078,25.078,25.078,25.078,
2016-01-22,25.531,25.531,25.531,25.531,
2016-01-25,23.989,23.989,23.989,23.989,
2016-01-26,26.379,26.379,26.379,26.379,
2016-01-27,26.244,26.244,26.244,26.244,
2016-01-28,26.832,26.832,26.832,26.832,
2016-01-29,28.479,28.479,28.479,28.479,
2016-02-01,27.227,27.227,27.227,27.227,
2016-02-02,26.003,26.003,26.003,26.003,
2016-02-03,27.67,27.67,27.67,27.67,
2016-02-04,28.73,28.73,28.73,28.73,
2016-02-05,29.442,29.442,29.442,29.442,
2016-02-08,29.539,29.539,29.539,29.539,
2016-02-09,27.015,27.015,27.015,27.015,
2016-02-10,26.013,26.013,26.013,26.013,
2016-02-11,25.926,25.926,25.926,25.926,
2016-02-12,26.427,26.427,26.427,26.427,
2016-02-16,25.088,25.088,25.088,25.088,
2016-02-17,25.858,25.858,25.858,25.858,
2016-02-18,25.088,25.088,25.088,25.088,
2016-02-19,22.872,22.872,22.872,22.872,
2016-02-22,23.98,23.98,23.98,23.98,
2016-02-23,21.783,21.783,21.783,21.783,
2016-02-24,22.506,22.506,22.506,22.506,
2016-02-25,22.496,22.496,22.496,22.496,
2016-02-26,23.016,23.016,23.016,23.016,
2016-02-29,22.862,22.862,22.862,22.862,
2016-03-01,24.799,24.799,24.799,24.799,
2016-03-02,27.419,27.419,27.419,27.419,
2016-03-03,29.606,29.606,29.606,29.606,
2016-03-04,31.138,31.138,31.138,31.138,
2016-03-07,32.516,32.516,32.516,32.516,
2016-03-08,28.807,28.807,28.807,28.807,
2016-03-09,28.469,28.469,28.469,28.469,
2016-03-10,28.932,28.932,28.932,28.932,
2016-03-11,29.992,29.992,29.992,29.992,
2016-03-14,29.558,29.558,29.558,29.558,
2016-03-15,30.686,30.686,30.686,30.686,
2016-03-16,32.239,32.239,32.239,32.239,
2016-03-17,32.412,32.412,32.412,32.412,
2016-03-18,32.73,32.73,32.73,32.73,
2016-03-21,31.747,31.747,31.747,31.747,
2016-03-22,31.602,31.602,31.602,31.602,
2016-03-23,30.06,30.06,30.06,30.06,
2016-03-24,29.616,29.616,29.616,29.616,
2016-03-28,30.696,30.696,30.696,30.696,
2016-03-29,31.959,31.959,31.959,31.959,
2016-03-30,31.197,31.197,31.197,31.197,
2016-03-31,31.217,31.217,31.217,31.217,
2016-04-01,31.284,31.284,31.284,31.284,
2016-04-04,31.853,31.853,31.853,31.853,
2016-04-05,30.503,30.503,30.503,30.503,
2016-04-06,30.638,30.638,30.638,30.638,
2016-04-07,31.651,31.651,31.651,31.651,
2016-04-08,33.665,33.665,33.665,33.665,
2016-04-11,33.55,33.55,33.55,33.55,
2016-04-12,36.644,36.644,36.644,36.644,
2016-04-13,36.394,36.394,36.394,36.394,
2016-04-14,35.651,35.651,35.651,35.651,
2016-04-15,35.864,35.864,35.864,35.864,
2016-04-18,35.748,35.748,35.748,35.748,
2016-04-19,36.905,36.905,36.905,36.905,
2016-04-20,37.04,37.04,37.04,37.04,
2016-04-21,35.835,35.835,35.835,35.835,
2016-04-22,38.322,38.322,38.322,38.322,
2016-04-25,37.599,37.599,37.599,37.599,
2016-04-26,38.303,38.303,38.303,38.303,
2016-04-27,40.375,40.375,40.375,40.375,
2016-04-28,39.286,39.286,39.286,39.286,
2016-04-29,42.525,42.525,42.525,42.525,
2016-05-02,41.976,41.976,41.976,41.976,
2016-05-03,40.655,40.655,40.655,40.655,
2016-05-04,40.269,40.269,40.269,40.269,
2016-05-05,40.896,40.896,40.896,40.896,
2016-05-06,40.404,40.404,40.404,40.404,
2016-05-09,40.202,40.202,40.202,40.202,
2016-05-10,41.571,41.571,41.571,41.571,
2016-05-11,41.6,41.6,41.6,41.6,
2016-05-12,40.742,40.742,40.742,40.742,
2016-05-13,40.501,40.501,40.501,40.501,
2016-05-16,36.336,36.336,36.336,36.336,
2016-05-17,37.869,37.869,37.869,37.869,
2016-05-18,37.339,37.339,37.339,37.339,
2016-05-19,38.515,38.515,38.515,38.515,
2016-05-20,38.929,38.929,38.929,38.929,
2016-05-23,39.768,39.768,39.768,39.768,
2016-05-24,39.836,39.836,39.836,39.836,
2016-05-25,41.455,41.455,41.455,41.455,
2016-05-26,40.115,40.115,40.115,40.115,
2016-05-27,39.874,39.874,39.874,39.874,
2016-05-31,41.06,41.06,41.06,41.06,
2016-06-01,41.552,41.552,41.552,41.552,
2016-06-02,41.706,41.706,41.706,41.706,
2016-06-03,41.687,41.687,41.687,41.687,
2016-06-06,43.422,43.422,43.422,43.422,
2016-06-07,44.559,44.559,44.559,44.559,
2016-06-08,42.872,42.872,42.872,42.872,
2016-06-09,44.55,44.55,44.55,44.55,
2016-06-10,41.658,41.658,41.658,41.658,
2016-06-13,41.995,41.995,41.995,41.995,
2016-06-14,41.658,41.658,41.658,41.658,
2016-06-15,41.532,41.532,41.532,41.532,
2016-06-16,41.32,41.32,41.32,41.32,
2016-06-17,42.728,42.728,42.728,42.728,
2016-06-20,43.625,43.625,43.625,43.625,
2016-06-21,44.802,44.802,44.802,44.802,
2016-06-22,43.837,43.837,43.837,43.837,
2016-06-23,43.828,43.828,43.828,43.828,
2016-06-24,41.783,41.783,41.783,41.783,
2016-06-27,40.982,40.982,40.982,40.982,
2016-06-28,42.94,42.94,42.94,42.94,
2016-06-29,42.429,42.429,42.429,42.429,
2016-06-30,41.609,41.609,41.609,41.609,
2016-07-01,42.902,42.902,42.902,42.902,
2016-07-05,40.751,40.751,40.751,40.751,
2016-07-06,41.494,41.494,41.494,41.494,
2016-07-07,41.04,41.04,41.04,41.04,
2016-07-08,42.564,42.564,42.564,42.564,
2016-07-11,41.899,41.899,41.899,41.899,
2016-07-12,43.162,43.162,43.162,43.162,
2016-07-13,42.526,42.526,42.526,42.526,
2016-07-14,41.494,41.494,41.494,41.494,
2016-07-15,41.571,41.571,41.571,41.571,
2016-07-18,42.014,42.014,42.014,42.014,
2016-07-19,41.851,41.851,41.851,41.851,
2016-07-20,40.491,40.491,40.491,40.491,
2016-07-21,39.256,39.256,39.256,39.256,
2016-07-22,39.671,39.671,39.671,39.671,
2016-07-25,39.565,39.565,39.565,39.565,
2016-07-26,40.384,40.384,40.384,40.384,
2016-07-27,39.044,39.044,39.044,39.044,
2016-07-28,39.304,39.304,39.304,39.304,
2016-07-29,38.88,38.88,38.88,38.88,
2016-08-01,37.732,37.732,37.732,37.732,
2016-08-02,37.549,37.549,37.549,37.549,
2016-08-03,39.198,39.198,39.198,39.198,
2016-08-04,38.687,38.687,38.687,38.687,
2016-08-05,38.59,38.59,38.59,38.59,
2016-08-08,39.246,39.246,39.246,39.246,
2016-08-09,37.462,37.462,37.462,37.462,
2016-08-10,36.806,36.806,36.806,36.806,
2016-08-11,37.144,37.144,37.144,37.144,
2016-08-12,37.375,37.375,37.375,37.375,
2016-08-15,37.751,37.751,37.751,37.751,
2016-08-16,37.8,37.8,37.8,37.8,
2016-08-17,37.462,37.462,37.462,37.462,
2016-08-18,39.343,39.343,39.343,39.343,
2016-08-19,38.967,38.967,38.967,38.967,
2016-08-22,38.031,38.031,38.031,38.031,
2016-08-23,39.796,39.796,39.796,39.796,
2016-08-24,38.986,38.986,38.986,38.986,
2016-08-25,38.697,38.697,38.697,38.697,
2016-08-26,38.243,38.243,38.243,38.243,
2016-08-29,38.369,38.369,38.369,38.369,
2016-08-30,38.311,38.311,38.311,38.311,
2016-08-31,37.202,37.202,37.202,37.202,
2016-09-01,37.684,37.684,37.684,37.684,
2016-09-02,39.034,39.034,39.034,39.034,
2016-09-06,40.105,40.105,40.105,40.105,
2016-09-07,40.327,40.327,40.327,40.327,
2016-09-08,41.542,41.542,41.542,41.542,
2016-09-09,40.741,40.741,40.741,40.741,
2016-09-12,41.397,41.397,41.397,41.397,
2016-09-13,39.95,39.95,39.95,39.95,
2016-09-14,37.914,37.914,37.914,37.914,
2016-09-15,37.991,37.991,37.991,37.991,
2016-09-16,36.071,36.071,36.071,36.071,
2016-09-19,35.849,35.849,35.849,35.849,
2016-09-20,35.299,35.299,35.299,35.299,
2016-09-21,36.92,36.92,36.92,36.92,
2016-09-22,36.988,36.988,36.988,36.988,
2016-09-23,36.824,36.824,36.824,36.824,
2016-09-26,37.181,37.181,37.181,37.181,
2016-09-27,35.676,35.676,35.676,35.676,
2016-09-28,37.268,37.268,37.268,37.268,
2016-09-29,36.245,36.245,36.245,36.245,
2016-09-30,37.393,37.393,37.393,37.393,
2016-10-03,37.741,37.741,37.741,37.741,
2016-10-04,37.683,37.683,37.683,37.683,
2016-10-05,37.634,37.634,37.634,37.634,
2016-10-06,37.104,37.104,37.104,37.104,
2016-10-07,37.885,37.885,37.885,37.885,
2016-10-10,37.866,37.866,37.866,37.866,
2016-10-11,37.422,37.422,37.422,37.422,
2016-10-12,36.708,36.708,36.708,36.708,
2016-10-13,38.03,38.03,38.03,38.03,
2016-10-14,36.65,36.65,36.65,36.65,
2016-10-17,36.428,36.428,36.428,36.428,
2016-10-18,36.737,36.737,36.737,36.737,
2016-10-19,36.882,36.882,36.882,36.882,
2016-10-20,37.239,37.239,37.239,37.239,
2016-10-21,35.897,35.897,35.897,35.897,
2016-10-24,34.884,34.884,34.884,34.884,
2016-10-25,34.633,34.633,34.633,34.633,
2016-10-26,33.726,33.726,33.726,33.726,
2016-10-27,34.402,34.402,34.402,34.402,
2016-10-28,33.302,33.302,33.302,33.302,
2016-10-31,32.607,32.607,32.607,32.607,
2016-11-01,31.439,31.439,31.439,31.439,
2016-11-02,30.802,30.802,30.802,30.802,
2016-11-03,30.841,30.841,30.841,30.841,
2016-11-04,30.899,30.899,30.899,30.899,
2016-11-07,32.443,32.443,32.443,32.443,
2016-11-08,30.725,30.725,30.725,30.725,
2016-11-09,32.192,32.192,32.192,32.192,
2016-11-10,31.314,31.314,31.314,31.314,
2016-11-11,30.87,30.87,30.87,30.87,
2016-11-14,32.433,32.433,32.433,32.433,
2016-11-15,33.475,33.475,33.475,33.475,
2016-11-16,33.186,33.186,33.186,33.186,
2016-11-17,32.838,32.838,32.838,32.838,
2016-11-18,32.829,32.829,32.829,32.829,
2016-11-21,35.125,35.125,35.125,35.125,
2016-11-22,34.392,34.392,34.392,34.392,
2016-11-23,35.492,35.492,35.492,35.492,
2016-11-25,35.01,35.01,35.01,35.01,
2016-11-28,35.232,35.232,35.232,35.232,
2016-11-29,35.097,35.097,35.097,35.097,
2016-11-30,33.948,33.948,33.948,33.948,
2016-12-01,35.309,35.309,35.309,35.309,
2016-12-02,35.087,35.087,35.087,35.087,
2016-12-05,37.075,37.075,37.075,37.075,
2016-12-06,37.046,37.046,37.046,37.046,
2016-12-07,36.882,36.882,36.882,36.882,
2016-12-08,37.017,37.017,37.017,37.017,
2016-12-09,37.422,37.422,37.422,37.422,
2016-12-12,34.711,34.711,34.711,34.711,
2016-12-13,35.019,35.019,35.019,35.019,
2016-12-14,33.648,33.648,33.648,33.648,
2016-12-15,33.465,33.465,33.465,33.465,
2016-12-16,33.108,33.108,33.108,33.108,
2016-12-19,32.799,32.799,32.799,32.799,
2016-12-20,32.094,32.094,32.094,32.094,
2016-12-21,33.03,33.03,33.03,33.03,
2016-12-22,33.04,33.04,33.04,33.04,
2016-12-23,33.503,33.503,33.503,33.503,
2016-12-27,33.571,33.571,33.571,33.571,
2016-12-28,33.137,33.137,33.137,33.137,
2016-12-29,33.079,33.079,33.079,33.079,
2016-12-30,33.175,33.175,33.175,33.175,
2017-01-03,31.476,31.476,31.476,31.476,
2017-01-04,32.393,32.393,32.393,32.393,
2017-01-05,33.021,33.021,33.021,33.021,
2017-01-06,33.05,33.05,33.05,33.05,
2017-01-09,31.63,31.63,31.63,31.63,
2017-01-10,32.21,32.21,32.21,32.21,
2017-01-11,32.374,32.374,32.374,32.374,
2017-01-12,32.818,32.818,32.818,32.818,
2017-01-13,32.48,32.48,32.48,32.48,
2017-01-17,32.596,32.596,32.596,32.596,
2017-01-18,33.166,33.166,33.166,33.166,
2017-01-19,33.281,33.281,33.281,33.281,
2017-01-20,33.349,33.349,33.349,33.349,
2017-01-23,32.963,32.963,32.963,32.963,
2017-01-24,32.886,32.886,32.886,32.886,
2017-01-25,32.663,32.663,32.663,32.663,
2017-01-26,33.252,33.252,33.252,33.252,
2017-01-27,34.479,34.479,34.479,34.479,
2017-01-30,32.19,32.19,32.19,32.19,
2017-01-31,31.225,31.225,31.225,31.225,
2017-02-01,30.713,30.713,30.713,30.713,
2017-02-02,31.65,31.65,31.65,31.65,
2017-02-03,32.316,32.316,32.316,32.316,
2017-02-06,32.741,32.741,32.741,32.741,
2017-02-07,32.007,32.007,32.007,32.007,
2017-02-08,31.756,31.756,31.756,31.756,
2017-02-09,32.644,32.644,32.644,32.644,
2017-02-10,31.997,31.997,31.997,31.997,
2017-02-13,31.408,31.408,31.408,31.408,
2017-02-14,31.679,31.679,31.679,31.679,
2017-02-15,31.862,31.862,31.862,31.862,
2017-02-16,30.163,30.163,30.163,30.163,
2017-02-17,30.192,30.192,30.192,30.192,
2017-02-21,29.371,29.371,29.371,29.371,
2017-02-22,28.898,28.898,28.898,28.898,
2017-02-23,27.942,27.942,27.942,27.942,
2017-02-24,26.687,26.687,26.687,26.687,
2017-02-27,26.764,26.764,26.764,26.764,
2017-02-28,26.668,26.668,26.668,26.668,
2017-03-01,26.967,26.967,26.967,26.967,
2017-03-02,26.523,26.523,26.523,26.523,
2017-03-03,26.397,26.397,26.397,26.397,
2017-03-06,27.488,27.488,27.488,27.488,
2017-03-07,26.948,26.948,26.948,26.948,
2017-03-08,26.59,26.59,26.59,26.59,
2017-03-09,26.841,26.841,26.841,26.841,
2017-03-10,26.581,26.581,26.581,26.581,
2017-03-13,27.131,27.131,27.131,27.131,
2017-03-14,26.523,26.523,26.523,26.523,
2017-03-15,27.151,27.151,27.151,27.151,
2017-03-16,26.755,26.755,26.755,26.755,
2017-03-17,26.581,26.581,26.581,26.581,
2017-03-20,26.784,26.784,26.784,26.784,
2017-03-21,26.494,26.494,26.494,26.494,
2017-03-22,25.895,25.895,25.895,25.895,
2017-03-23,26.31,26.31,26.31,26.31,
2017-03-24,26.745,26.745,26.745,26.745,
2017-03-27,26.88,26.88,26.88,26.88,
2017-03-28,26.851,26.851,26.851,26.851,
2017-03-29,27.972,27.972,27.972,27.972,
2017-03-30,27.644,27.644,27.644,27.644,
2017-03-31,28.117,28.117,28.117,28.117,
2017-04-03,27.605,27.605,27.605,27.605,
2017-04-04,28.755,28.755,28.755,28.755,
2017-04-05,28.407,28.407,28.407,28.407,
2017-04-06,28.89,28.89,28.89,28.89,
2017-04-07,28.474,28.474,28.474,28.474,
2017-04-10,28.871,28.871,28.871,28.871,
2017-04-11,28.407,28.407,28.407,28.407,
2017-04-12,27.576,27.576,27.576,27.576,
2017-04-13,26.832,26.832,26.832,26.832,
2017-04-17,26.929,26.929,26.929,26.929,
2017-04-18,26.494,26.494,26.494,26.494,
2017-04-19,26.416,26.416,26.416,26.416,
2017-04-20,26.677,26.677,26.677,26.677,
2017-04-21,26.542,26.542,26.542,26.542,
2017-04-24,26.31,26.31,26.31,26.31,
2017-04-25,26.629,26.629,26.629,26.629,
2017-04-26,26.677,26.677,26.677,26.677,
2017-04-27,26.426,26.426,26.426,26.426,
2017-04-28,25.595,25.595,25.595,25.595,
2017-05-01,25.634,25.634,25.634,25.634,
2017-05-02,25.634,25.634,25.634,25.634,
2017-05-03,25.141,25.141,25.141,25.141,
2017-05-04,24.61,24.61,24.61,24.61,
2017-05-05,25.334,25.334,25.334,25.334,
2017-05-08,24.948,24.948,24.948,24.948,
2017-05-09,24.281,24.281,24.281,24.281,
2017-05-10,24.629,24.629,24.629,24.629,
2017-05-11,24.581,24.581,24.581,24.581,
2017-05-12,24.745,24.745,24.745,24.745,
2017-05-15,24.465,24.465,24.465,24.465,
2017-05-16,24.31,24.31,24.31,24.31,
2017-05-17,24.165,24.165,24.165,24.165,
2017-05-18,23.904,23.904,23.904,23.904,
2017-05-19,24.687,24.687,24.687,24.687,
2017-05-22,24.455,24.455,24.455,24.455,
2017-05-23,24.242,24.242,24.242,24.242,
2017-05-24,23.325,23.325,23.325,23.325,
2017-05-25,22.986,22.986,22.986,22.986,
2017-05-26,23.383,23.383,23.383,23.383,
2017-05-30,22.61,22.61,22.61,22.61,
2017-05-31,22.281,22.281,22.281,22.281,
2017-06-01,22.358,22.358,22.358,22.358,
2017-06-02,21.489,21.489,21.489,21.489,
2017-06-05,21.199,21.199,21.199,21.199,
2017-06-06,21.769,21.769,21.769,21.769,
2017-06-07,21.537,21.537,21.537,21.537,
2017-06-08,21.44,21.44,21.44,21.44,
2017-06-09,22.387,22.387,22.387,22.387,
2017-06-12,22.397,22.397,22.397,22.397,
2017-06-13,23.151,23.151,23.151,23.151,
2017-06-14,22.416,22.416,22.416,22.416,
2017-06-15,22.339,22.339,22.339,22.339,
2017-06-16,22.61,22.61,22.61,22.61,
2017-06-19,21.459,21.459,21.459,21.459,
2017-06-20,21.372,21.372,21.372,21.372,
2017-06-21,20.521,20.521,20.521,20.521,
2017-06-22,20.724,20.724,20.724,20.724,
2017-06-23,21.527,21.527,21.527,21.527,
2017-06-26,22.155,22.155,22.155,22.155,
2017-06-27,21.904,21.904,21.904,21.904,
2017-06-28,22.097,22.097,22.097,22.097,
2017-06-29,22.813,22.813,22.813,22.813,
2017-06-30,22.407,22.407,22.407,22.407,
2017-07-03,22.716,22.716,22.716,22.716,
2017-07-05,21.44,21.44,21.44,21.44,
2017-07-06,20.975,20.975,20.975,20.975,
2017-07-07,20.627,20.627,20.627,20.627,
2017-07-10,21.053,21.053,21.053,21.053,
2017-07-11,21.411,21.411,21.411,21.411,
2017-07-12,21.062,21.062,21.062,21.062,
2017-07-13,21.498,21.498,21.498,21.498,
2017-07-14,21.575,21.575,21.575,21.575,
2017-07-17,21.749,21.749,21.749,21.749,
2017-07-18,21.411,21.411,21.411,21.411,
2017-07-19,21.836,21.836,21.836,21.836,
2017-07-20,20.927,20.927,20.927,20.927,
2017-07-21,20.318,20.318,20.318,20.318,
2017-07-24,19.747,19.747,19.747,19.747,
2017-07-25,21.101,21.101,21.101,21.101,
2017-07-26,21.14,21.14,21.14,21.14,
2017-07-27,21.488,21.488,21.488,21.488,
2017-07-28,21.149,21.149,21.149,21.149,
2017-07-31,20.415,20.415,20.415,20.415,
2017-08-01,19.631,19.631,19.631,19.631,
2017-08-02,17.31,17.31,17.31,17.31,
2017-08-03,17.194,17.194,17.194,17.194,
2017-08-04,17.291,17.291,17.291,17.291,
2017-08-07,16.778,16.778,16.778,16.778,
2017-08-08,16.411,16.411,16.411,16.411,
2017-08-09,16.276,16.276,16.276,16.276,
2017-08-10,16.363,16.363,16.363,16.363,
2017-08-11,16.256,16.256,16.256,16.256,
2017-08-14,16.363,16.363,16.363,16.363,
2017-08-15,17.03,17.03,17.03,17.03,
2017-08-16,16.952,16.952,16.952,16.952,
2017-08-17,16.885,16.885,16.885,16.885,
2017-08-18,17.349,17.349,17.349,17.349,
2017-08-21,17.02,17.02,17.02,17.02,
2017-08-22,17.368,17.368,17.368,17.368,
2017-08-23,17.774,17.774,17.774,17.774,
2017-08-24,17.987,17.987,17.987,17.987,
2017-08-25,17.571,17.571,17.571,17.571,
2017-08-28,17.01,17.01,17.01,17.01,
2017-08-29,16.827,16.827,16.827,16.827,
2017-08-30,16.788,16.788,16.788,16.788,
2017-08-31,16.788,16.788,16.788,16.788,
2017-09-01,17.262,17.262,17.262,17.262,
2017-09-05,17.359,17.359,17.359,17.359,
2017-09-06,17.716,17.716,17.716,17.716,
2017-09-07,17.32,17.32,17.32,17.32,
2017-09-08,16.034,16.034,16.034,16.034,
2017-09-11,16.411,16.411,16.411,16.411,
2017-09-12,17.33,17.33,17.33,17.33,
2017-09-13,17.649,17.649,17.649,17.649,
2017-09-14,18.181,18.181,18.181,18.181,
2017-09-15,17.949,17.949,17.949,17.949,
2017-09-18,18.53,18.53,18.53,18.53,
2017-09-19,18.433,18.433,18.433,18.433,
2017-09-20,18.646,18.646,18.646,18.646,
2017-09-21,18.201,18.201,18.201,18.201,
2017-09-22,18.317,18.317,18.317,18.317,
2017-09-25,18.617,18.617,18.617,18.617,
2017-09-26,19.149,19.149,19.149,19.149,
2017-09-27,19.759,19.759,19.759,19.759,
2017-09-28,19.091,19.091,19.091,19.091,
2017-09-29,18.946,18.946,18.946,18.946,
2017-10-02,19.769,19.769,19.769,19.769,
2017-10-03,19.362,19.362,19.362,19.362,
2017-10-04,19.566,19.566,19.566,19.566,
2017-10-05,19.924,19.924,19.924,19.924,
2017-10-06,19.353,19.353,19.353,19.353,
2017-10-09,19.101,19.101,19.101,19.101,
2017-10-10,18.985,18.985,18.985,18.985,
2017-10-11,19.295,19.295,19.295,19.295,
2017-10-12,19.169,19.169,19.169,19.169,
2017-10-13,18.82,18.82,18.82,18.82,
2017-10-16,18.888,18.888,18.888,18.888,
2017-10-17,18.83,18.83,18.83,18.83,
2017-10-18,18.394,18.394,18.394,18.394,
2017-10-19,18.394,18.394,18.394,18.394,
2017-10-20,18.259,18.259,18.259,18.259,
2017-10-23,17.862,17.862,17.862,17.862,
2017-10-24,17.997,17.997,17.997,17.997,
2017-10-25,17.504,17.504,17.504,17.504,
2017-10-26,17.155,17.155,17.155,17.155,
2017-10-27,17.484,17.484,17.484,17.484,
2017-10-30,17.378,17.378,17.378,17.378,
2017-10-31,17.533,17.533,17.533,17.533,
2017-11-01,17.842,17.842,17.842,17.842,
2017-11-02,17.3,17.3,17.3,17.3,
2017-11-03,17.552,17.552,17.552,17.552,
2017-11-06,18.568,18.568,18.568,18.568,
2017-11-07,18.365,18.365,18.365,18.365,
2017-11-08,18.026,18.026,18.026,18.026,
2017-11-09,18.297,18.297,18.297,18.297,
2017-11-10,18.617,18.617,18.617,18.617,
2017-11-13,17.988,17.988,17.988,17.988,
2017-11-14,16.797,16.797,16.797,16.797,
2017-11-15,16.535,16.535,16.535,16.535,
2017-11-16,16.652,16.652,16.652,16.652,
2017-11-17,17.455,17.455,17.455,17.455,
2017-11-20,16.748,16.748,16.748,16.748,
2017-11-21,16.632,16.632,16.632,16.632,
2017-11-22,17.126,17.126,17.126,17.126,
2017-11-24,16.816,16.816,16.816,16.816,
2017-11-27,17.087,17.087,17.087,17.087,
2017-11-28,17.407,17.407,17.407,17.407,
2017-11-29,17.426,17.426,17.426,17.426,
2017-11-30,17.445,17.445,17.445,17.445,
2017-12-01,17.91,17.91,17.91,17.91,
2017-12-04,17.3,17.3,17.3,17.3,
2017-12-05,16.729,16.729,16.729,16.729,
2017-12-06,15.974,15.974,15.974,15.974,
2017-12-07,15.441,15.441,15.441,15.441,
2017-12-08,15.567,15.567,15.567,15.567,
2017-12-11,16.168,16.168,16.168,16.168,
2017-12-12,15.829,15.829,15.829,15.829,
2017-12-13,15.722,15.722,15.722,15.722,
2017-12-14,15.499,15.499,15.499,15.499,
2017-12-15,15.15,15.15,15.15,15.15,
2017-12-18,15.422,15.422,15.422,15.422,
2017-12-19,15.218,15.218,15.218,15.218,
2017-12-20,15.325,15.325,15.325,15.325,
2017-12-21,15.994,15.994,15.994,15.994,
2017-12-22,15.955,15.955,15.955,15.955,
2017-12-26,16.469,16.469,16.469,16.469,
2017-12-27,16.439,16.439,16.439,16.439,
2017-12-28,17.07,17.07,17.07,17.07,
2017-12-29,16.536,16.536,16.536,16.536,
2018-01-02,17.37,17.37,17.37,17.37,
2018-01-03,17.263,17.263,17.263,17.263,
2018-01-04,16.866,16.866,16.866,16.866,
2018-01-05,16.246,16.246,16.246,16.246,
2018-01-08,16.333,16.333,16.333,16.333,
2018-01-09,16.536,16.536,16.536,16.536,
2018-01-10,16.265,16.265,16.265,16.265,
2018-01-11,16.74,16.74,16.74,16.74,
2018-01-12,17.04,17.04,17.04,17.04,
2018-01-16,16.265,16.265,16.265,16.265,
2018-01-17,16.265,16.265,16.265,16.265,
2018-01-18,15.965,15.965,15.965,15.965,
2018-01-19,15.586,15.586,15.586,15.586,
2018-01-22,16.042,16.042,16.042,16.042,
2018-01-23,16.798,16.798,16.798,16.798,
2018-01-24,16.478,16.478,16.478,16.478,
2018-01-25,14.85,14.85,14.85,14.85,
2018-01-26,14.83,14.83,14.83,14.83,
2018-01-29,14.627,14.627,14.627,14.627,
2018-01-30,14.181,14.181,14.181,14.181,
2018-01-31,13.813,13.813,13.813,13.813,
2018-02-01,13.502,13.502,13.502,13.502,
2018-02-02,13.134,13.134,13.134,13.134,
2018-02-05,12.698,12.698,12.698,12.698,
2018-02-06,13.367,13.367,13.367,13.367,
2018-02-07,12.717,12.717,12.717,12.717,
2018-02-08,12.427,12.427,12.427,12.427,
2018-02-09,12.32,12.32,12.32,12.32,
2018-02-12,12.649,12.649,12.649,12.649,
2018-02-13,12.339,12.339,12.339,12.339,
2018-02-14,12.737,12.737,12.737,12.737,
2018-02-15,13.212,13.212,13.212,13.212,
2018-02-16,12.872,12.872,12.872,12.872,
2018-02-20,12.679,12.679,12.679,12.679,
2018-02-21,12.523,12.523,12.523,12.523,
2018-02-22,12.601,12.601,12.601,12.601,
2018-02-23,13.037,13.037,13.037,13.037,
2018-02-26,13.134,13.134,13.134,13.134,
2018-02-27,12.756,12.756,12.756,12.756,
2018-02-28,12.882,12.882,12.882,12.882,
2018-03-01,13.347,13.347,13.347,13.347,
2018-03-02,14.2,14.2,14.2,14.2,
2018-03-05,14.646,14.646,14.646,14.646,
2018-03-06,14.753,14.753,14.753,14.753,
2018-03-07,14.792,14.792,14.792,14.792,
2018-03-08,14.598,14.598,14.598,14.598,
2018-03-09,15.257,15.257,15.257,15.257,
2018-03-12,15.121,15.121,15.121,15.121,
2018-03-13,15.112,15.112,15.112,15.112,
2018-03-14,14.578,14.578,14.578,14.578,
2018-03-15,14.307,14.307,14.307,14.307,
2018-03-16,14.666,14.666,14.666,14.666,
2018-03-19,14.229,14.229,14.229,14.229,
2018-03-20,13.889,13.889,13.889,13.889,
2018-03-21,14.947,14.947,14.947,14.947,
2018-03-22,14.685,14.685,14.685,14.685,
2018-03-23,14.219,14.219,14.219,14.219,
2018-03-26,14.675,14.675,14.675,14.675,
2018-03-27,13.88,13.88,13.88,13.88,
2018-03-28,13.918,13.918,13.918,13.918,
2018-03-29,14.113,14.113,14.113,14.113,
2018-04-02,13.336,13.336,13.336,13.336,
2018-04-03,13.54,13.54,13.54,13.54,
2018-04-04,13.375,13.375,13.375,13.375,
2018-04-05,14.093,14.093,14.093,14.093,
2018-04-06,13.559,13.559,13.559,13.559,
2018-04-09,13.52,13.52,13.52,13.52,
2018-04-10,14.345,14.345,14.345,14.345,
2018-04-11,14.549,14.549,14.549,14.549,
2018-04-12,14.239,14.239,14.239,14.239,
2018-04-13,14.21,14.21,14.21,14.21,
2018-04-16,14.074,14.074,14.074,14.074,
2018-04-17,13.744,13.744,13.744,13.744,
2018-04-18,14.103,14.103,14.103,14.103,
2018-04-19,13.821,13.821,13.821,13.821,
2018-04-20,13.288,13.288,13.288,13.288,
2018-04-23,13.288,13.288,13.288,13.288,
2018-04-24,13.035,13.035,13.035,13.035,
2018-04-25,13.142,13.142,13.142,13.142,
2018-04-26,13.734,13.734,13.734,13.734,
2018-04-27,13.491,13.491,13.491,13.491,
2018-04-30,13.443,13.443,13.443,13.443,
2018-05-01,13.491,13.491,13.491,13.491,
2018-05-02,13.365,13.365,13.365,13.365,
2018-05-03,13.025,13.025,13.025,13.025,
2018-05-04,13.22,13.22,13.22,13.22,
2018-05-07,13.705,13.705,13.705,13.705,
2018-05-08,13.938,13.938,13.938,13.938,
2018-05-09,14.355,14.355,14.355,14.355,
2018-05-10,14.326,14.326,14.326,14.326,
2018-05-11,13.87,13.87,13.87,13.87,
2018-05-14,14.326,14.326,14.326,14.326,
2018-05-15,14.355,14.355,14.355,14.355,
2018-05-16,15.005,15.005,15.005,15.005,
2018-05-17,15.209,15.209,15.209,15.209,
2018-05-18,14.724,14.724,14.724,14.724,
2018-05-21,15.607,15.607,15.607,15.607,
2018-05-22,14.996,14.996,14.996,14.996,
2018-05-23,15.015,15.015,15.015,15.015,
2018-05-24,14.675,14.675,14.675,14.675,
2018-05-25,14.753,14.753,14.753,14.753,
2018-05-29,14.656,14.656,14.656,14.656,
2018-05-30,15.229,15.229,15.229,15.229,
2018-05-31,15.374,15.374,15.374,15.374,
2018-06-01,15.898,15.898,15.898,15.898,
2018-06-04,15.161,15.161,15.161,15.161,
2018-06-05,15.365,15.365,15.365,15.365,
2018-06-06,15.316,15.316,15.316,15.316,
2018-06-07,15.772,15.772,15.772,15.772,
2018-06-08,15.588,15.588,15.588,15.588,
2018-06-11,15.714,15.714,15.714,15.714,
2018-06-12,15.908,15.908,15.908,15.908,
2018-06-13,16.131,16.131,16.131,16.131,
2018-06-14,15.694,15.694,15.694,15.694,
2018-06-15,15.529,15.529,15.529,15.529,
2018-06-18,15.908,15.908,15.908,15.908,
2018-06-19,16.151,16.151,16.151,16.151,
2018-06-20,16.559,16.559,16.559,16.559,
2018-06-21,16.365,16.365,16.365,16.365,
2018-06-22,16.403,16.403,16.403,16.403,
2018-06-25,16.131,16.131,16.131,16.131,
2018-06-26,16.51,16.51,16.51,16.51,
2018-06-27,16.18,16.18,16.18,16.18,
2018-06-28,16.51,16.51,16.51,16.51,
2018-06-29,16.258,16.258,16.258,16.258,
2018-07-02,16.258,16.258,16.258,16.258,
2018-07-03,16.365,16.365,16.365,16.365,
2018-07-05,16.17,16.17,16.17,16.17,
2018-07-06,16.588,16.588,16.588,16.588,
2018-07-09,17.045,17.045,17.045,17.045,
2018-07-10,16.52,16.52,16.52,16.52,
2018-07-11,16.131,16.131,16.131,16.131,
2018-07-12,15.82,15.82,15.82,15.82,
2018-07-13,15.937,15.937,15.937,15.937,
2018-07-16,15.684,15.684,15.684,15.684,
2018-07-17,15.84,15.84,15.84,15.84,
2018-07-18,15.694,15.694,15.694,15.694,
2018-07-19,15.986,15.986,15.986,15.986,
2018-07-20,15.859,15.859,15.859,15.859,
2018-07-23,15.616,15.616,15.616,15.616,
2018-07-24,15.529,15.529,15.529,15.529,
2018-07-25,15.451,15.451,15.451,15.451,
2018-07-26,15.441,15.441,15.441,15.441,
2018-07-27,14.061,14.061,14.061,14.061,
2018-07-30,14.159,14.159,14.159,14.159,
2018-07-31,14.994,14.994,14.994,14.994,
2018-08-01,14.946,14.946,14.946,14.946,
2018-08-02,14.829,14.829,14.829,14.829,
2018-08-03,15.13,15.13,15.13,15.13,
2018-08-06,15.383,15.383,15.383,15.383,
2018-08-07,15.597,15.597,15.597,15.597,
2018-08-08,15.471,15.471,15.471,15.471,
2018-08-09,15.655,15.655,15.655,15.655,
2018-08-10,15.257,15.257,15.257,15.257,
2018-08-13,14.819,14.819,14.819,14.819,
2018-08-14,14.956,14.956,14.956,14.956,
2018-08-15,14.266,14.266,14.266,14.266,
2018-08-16,14.217,14.217,14.217,14.217,
2018-08-17,14.44,14.44,14.44,14.44,
2018-08-20,14.538,14.538,14.538,14.538,
2018-08-21,15.315,15.315,15.315,15.315,
2018-08-22,15.937,15.937,15.937,15.937,
2018-08-23,16.063,16.063,16.063,16.063,
2018-08-24,16.19,16.19,16.19,16.19,
2018-08-27,16.015,16.015,16.015,16.015,
2018-08-28,15.684,15.684,15.684,15.684,
2018-08-29,16.102,16.102,16.102,16.102,
2018-08-30,16.005,16.005,16.005,16.005,
2018-08-31,15.956,15.956,15.956,15.956,
2018-09-04,15.412,15.412,15.412,15.412,
2018-09-05,15.189,15.189,15.189,15.189,
2018-09-06,14.528,14.528,14.528,14.528,
2018-09-07,14.236,14.236,14.236,14.236,
2018-09-10,14.149,14.149,14.149,14.149,
2018-09-11,14.557,14.557,14.557,14.557,
2018-09-12,15.004,15.004,15.004,15.004,
2018-09-13,15.189,15.189,15.189,15.189,
2018-09-14,15.296,15.296,15.296,15.296,
2018-09-17,15.617,15.617,15.617,15.617,
2018-09-18,15.919,15.919,15.919,15.919,
2018-09-19,16.726,16.726,16.726,16.726,
2018-09-20,17.339,17.339,17.339,17.339,
2018-09-21,17.018,17.018,17.018,17.018,
2018-09-24,16.96,16.96,16.96,16.96,
2018-09-25,16.892,16.892,16.892,16.892,
2018-09-26,16.084,16.084,16.084,16.084,
2018-09-27,16.551,16.551,16.551,16.551,
2018-09-28,16.532,16.532,16.532,16.532,
2018-10-01,16.58,16.58,16.58,16.58,
2018-10-02,16.824,16.824,16.824,16.824,
2018-10-03,17.018,17.018,17.018,17.018,
2018-10-04,16.931,16.931,16.931,16.931,
2018-10-05,16.95,16.95,16.95,16.95,
2018-10-08,17.427,17.427,17.427,17.427,
2018-10-09,17.982,17.982,17.982,17.982,
2018-10-10,16.843,16.843,16.843,16.843,
2018-10-11,16.152,16.152,16.152,16.152,
2018-10-12,16.308,16.308,16.308,16.308,
2018-10-15,17.174,17.174,17.174,17.174,
2018-10-16,17.067,17.067,17.067,17.067,
2018-10-17,16.785,16.785,16.785,16.785,
2018-10-18,16.697,16.697,16.697,16.697,
2018-10-19,16.921,16.921,16.921,16.921,
2018-10-22,16.25,16.25,16.25,16.25,
2018-10-23,16.026,16.026,16.026,16.026,
2018-10-24,15.296,15.296,15.296,15.296,
2018-10-25,15.539,15.539,15.539,15.539,
2018-10-26,15.413,15.413,15.413,15.413,
2018-10-29,14.868,14.868,14.868,14.868,
2018-10-30,15.14,15.14,15.14,15.14,
2018-10-31,15.423,15.423,15.423,15.423,
2018-11-01,16.074,16.074,16.074,16.074,
2018-11-02,15.948,15.948,15.948,15.948,
2018-11-05,17.096,17.096,17.096,17.096,
2018-11-06,16.921,16.921,16.921,16.921,
2018-11-07,16.989,16.989,16.989,16.989,
2018-11-08,16.6,16.6,16.6,16.6,
2018-11-09,17.223,17.223,17.223,17.223,
2018-11-12,17.125,17.125,17.125,17.125,
2018-11-13,17.339,17.339,17.339,17.339,
2018-11-14,16.97,16.97,16.97,16.97,
2018-11-15,16.59,16.59,16.59,16.59,
2018-11-16,16.464,16.464,16.464,16.464,
2018-11-19,16.425,16.425,16.425,16.425,
2018-11-20,15.296,15.296,15.296,15.296,
2018-11-21,15.656,15.656,15.656,15.656,
2018-11-23,15.179,15.179,15.179,15.179,
2018-11-26,14.936,14.936,14.936,14.936,
2018-11-27,14.44,14.44,14.44,14.44,
2018-11-28,14.586,14.586,14.586,14.586,
2018-11-29,14.43,14.43,14.43,14.43,
2018-11-30,14.158,14.158,14.158,14.158,
2018-12-03,14.43,14.43,14.43,14.43,
2018-12-04,14.167,14.167,14.167,14.167,
2018-12-06,13.515,13.515,13.515,13.515,
2018-12-07,13.467,13.467,13.467,13.467,
2018-12-10,12.854,12.854,12.854,12.854,
2018-12-11,12.883,12.883,12.883,12.883,
2018-12-12,12.698,12.698,12.698,12.698,
2018-12-13,12.493,12.493,12.493,12.493,
2018-12-14,11.441,11.441,11.441,11.441,
2018-12-17,10.963,10.963,10.963,10.963,
2018-12-18,10.837,10.837,10.837,10.837,
2018-12-19,10.535,10.535,10.535,10.535,
2018-12-20,9.999,9.999,9.999,9.999,
2018-12-21,9.726,9.726,9.726,9.726,
2018-12-24,9.18,9.18,9.18,9.18,
2018-12-26,10.155,10.155,10.155,10.155,
2018-12-27,9.93,9.93,9.93,9.93,
2018-12-28,9.394,9.394,9.394,9.394,
2018-12-31,9.326,9.326,9.326,9.326,
2019-01-02,9.706,9.706,9.706,9.706,
2019-01-03,9.697,9.697,9.697,9.697,
2019-01-04,10.418,10.418,10.418,10.418,
2019-01-07,10.846,10.846,10.846,10.846,
2019-01-08,10.72,10.72,10.72,10.72,
2019-01-09,11.304,11.304,11.304,11.304,
2019-01-10,11.149,11.149,11.149,11.149,
2019-01-11,11.207,11.207,11.207,11.207,
2019-01-14,11.568,11.568,11.568,11.568,
2019-01-15,11.441,11.441,11.441,11.441,
2019-01-16,11.412,11.412,11.412,11.412,
2019-01-17,11.227,11.227,11.227,11.227,
2019-01-18,11.256,11.256,11.256,11.256,
2019-01-22,10.603,10.603,10.603,10.603,
2019-01-23,10.32,10.32,10.32,10.32,
2019-01-24,10.535,10.535,10.535,10.535,
2019-01-25,10.983,10.983,10.983,10.983,
2019-01-28,10.983,10.983,10.983,10.983,
2019-01-29,11.041,11.041,11.041,11.041,
2019-01-30,11.46,11.46,11.46,11.46,
2019-01-31,10.749,10.749,10.749,10.749,
2019-02-01,10.671,10.671,10.671,10.671,
2019-02-04,10.613,10.613,10.613,10.613,
2019-02-05,10.447,10.447,10.447,10.447,
2019-02-06,9.882,9.882,9.882,9.882,
2019-02-07,9.414,9.414,9.414,9.414,
2019-02-08,9.199,9.199,9.199,9.199,
2019-02-11,10.086,10.086,10.086,10.086,
2019-02-12,10.145,10.145,10.145,10.145,
2019-02-13,10.125,10.125,10.125,10.125,
2019-02-14,10.116,10.116,10.116,10.116,
2019-02-15,10.593,10.593,10.593,10.593,
2019-02-19,10.613,10.613,10.613,10.613,
2019-02-20,10.798,10.798,10.798,10.798,
2019-02-21,10.554,10.554,10.554,10.554,
2019-02-22,10.34,10.34,10.34,10.34,
2019-02-25,10.729,10.729,10.729,10.729,
2019-02-26,10.33,10.33,10.33,10.33,
2019-02-27,10.096,10.096,10.096,10.096,
2019-02-28,10.427,10.427,10.427,10.427,
2019-03-01,10.661,10.661,10.661,10.661,
2019-03-04,10.846,10.846,10.846,10.846,
2019-03-05,10.671,10.671,10.671,10.671,
2019-03-06,10.33,10.33,10.33,10.33,
2019-03-07,10.057,10.057,10.057,10.057,
2019-03-08,9.541,9.541,9.541,9.541,
2019-03-11,9.599,9.599,9.599,9.599,
2019-03-12,10.125,10.125,10.125,10.125,
2019-03-13,10.535,10.535,10.535,10.535,
2019-03-14,10.632,10.632,10.632,10.632,
2019-03-15,10.271,10.271,10.271,10.271,
2019-03-18,10.622,10.622,10.622,10.622,
2019-03-19,10.505,10.505,10.505,10.505,
2019-03-20,11.042,11.042,11.042,11.042,
2019-03-21,11.198,11.198,11.198,11.198,
2019-03-22,10.613,10.613,10.613,10.613,
2019-03-25,10.71,10.71,10.71,10.71,
2019-03-26,10.798,10.798,10.798,10.798,
2019-03-27,10.515,10.515,10.515,10.515,
2019-03-28,10.945,10.945,10.945,10.945,
2019-03-29,10.974,10.974,10.974,10.974,
2019-04-01,10.876,10.876,10.876,10.876,
2019-04-02,10.622,10.622,10.622,10.622,
2019-04-03,9.998,9.998,9.998,9.998,
2019-04-04,10.3,10.3,10.3,10.3,
2019-04-05,10.564,10.564,10.564,10.564,
2019-04-08,10.652,10.652,10.652,10.652,
2019-04-09,10.339,10.339,10.339,10.339,
2019-04-10,10.3,10.3,10.3,10.3,
2019-04-11,10.095,10.095,10.095,10.095,
2019-04-12,10.076,10.076,10.076,10.076,
2019-04-15,9.92,9.92,9.92,9.92,
2019-04-16,10.115,10.115,10.115,10.115,
2019-04-17,9.91,9.91,9.91,9.91,
2019-04-18,9.519,9.519,9.519,9.519,
2019-04-22,9.597,9.597,9.597,9.597,
2019-04-23,9.451,9.451,9.451,9.451,
2019-04-24,9.529,9.529,9.529,9.529,
2019-04-25,9.187,9.187,9.187,9.187,
2019-04-26,9.021,9.021,9.021,9.021,
2019-04-29,9.168,9.168,9.168,9.168,
2019-04-30,8.826,8.826,8.826,8.826,
2019-05-01,8.816,8.816,8.816,8.816,
2019-05-02,8.533,8.533,8.533,8.533,
2019-05-03,8.914,8.914,8.914,8.914,
2019-05-06,9.041,9.041,9.041,9.041,
2019-05-07,9.187,9.187,9.187,9.187,
2019-05-08,9.343,9.343,9.343,9.343,
2019-05-09,9.353,9.353,9.353,9.353,
2019-05-10,9.363,9.363,9.363,9.363,
2019-05-13,8.875,8.875,8.875,8.875,
2019-05-14,9.138,9.138,9.138,9.138,
2019-05-15,9.275,9.275,9.275,9.275,
2019-05-16,9.09,9.09,9.09,9.09,
2019-05-17,8.553,8.553,8.553,8.553,
2019-05-20,8.113,8.113,8.113,8.113,
2019-05-21,8.396,8.396,8.396,8.396,
2019-05-22,7.879,7.879,7.879,7.879,
2019-05-23,7.586,7.586,7.586,7.586,
2019-05-24,7.772,7.772,7.772,7.772,
2019-05-28,7.645,7.645,7.645,7.645,
2019-05-29,7.967,7.967,7.967,7.967,
2019-05-30,7.625,7.625,7.625,7.625,
2019-05-31,7.635,7.635,7.635,7.635,
2019-06-03,7.918,7.918,7.918,7.918,
2019-06-04,8.113,8.113,8.113,8.113,
2019-06-05,7.557,7.557,7.557,7.557,
2019-06-06,7.313,7.313,7.313,7.313,
2019-06-07,7.117,7.117,7.117,7.117,
2019-06-10,6.922,6.922,6.922,6.922,
2019-06-11,6.688,6.688,6.688,6.688,
2019-06-12,6.424,6.424,6.424,6.424,
2019-06-13,6.601,6.601,6.601,6.601,
2019-06-14,6.395,6.395,6.395,6.395,
2019-06-17,6.552,6.552,6.552,6.552,
2019-06-18,6.689,6.689,6.689,6.689,
2019-06-19,6.659,6.659,6.659,6.659,
2019-06-20,6.718,6.718,6.718,6.718,
2019-06-21,6.885,6.885,6.885,6.885,
2019-06-24,6.943,6.943,6.943,6.943,
2019-06-25,6.62,6.62,6.62,6.62,
2019-06-26,6.767,6.767,6.767,6.767,
2019-06-27,6.747,6.747,6.747,6.747,
2019-06-28,6.836,6.836,6.836,6.836,
2019-07-01,6.61,6.61,6.61,6.61,
2019-07-02,6.052,6.052,6.052,6.052,
2019-07-03,5.974,5.974,5.974,5.974,
2019-07-05,6.16,6.16,6.16,6.16,
2019-07-08,6.003,6.003,6.003,6.003,
2019-07-09,6.091,6.091,6.091,6.091,
2019-07-10,6.287,6.287,6.287,6.287,
2019-07-11,5.984,5.984,5.984,5.984,
2019-07-12,6.15,6.15,6.15,6.15,
2019-07-15,5.886,5.886,5.886,5.886,
2019-07-16,5.474,5.474,5.474,5.474,
2019-07-17,5.122,5.122,5.122,5.122,
2019-07-18,5.034,5.034,5.034,5.034,
2019-07-19,5.181,5.181,5.181,5.181,
2019-07-22,5.347,5.347,5.347,5.347,
2019-07-23,5.367,5.367,5.367,5.367,
2019-07-24,5.445,5.445,5.445,5.445,
2019-07-25,5.024,5.024,5.024,5.024,
2019-07-26,5.063,5.063,5.063,5.063,
2019-07-29,4.681,4.681,4.681,4.681,
2019-07-30,5.455,5.455,5.455,5.455,
2019-07-31,5.572,5.572,5.572,5.572,
2019-08-01,5.043,5.043,5.043,5.043,
2019-08-02,4.897,4.897,4.897,4.897,
2019-08-05,4.544,4.544,4.544,4.544,
2019-08-06,4.221,4.221,4.221,4.221,
2019-08-07,4.329,4.329,4.329,4.329,
2019-08-08,4.358,4.358,4.358,4.358,
2019-08-09,4.25,4.25,4.25,4.25,
2019-08-12,4.348,4.348,4.348,4.348,
2019-08-13,4.25,4.25,4.25,4.25,
2019-08-14,4.064,4.064,4.064,4.064,
2019-08-15,3.947,3.947,3.947,3.947,
2019-08-16,4.015,4.015,4.015,4.015,
2019-08-19,4.436,4.436,4.436,4.436,
2019-08-20,4.191,4.191,4.191,4.191,
2019-08-21,4.025,4.025,4.025,4.025,
2019-08-22,3.858,3.858,3.858,3.858,
2019-08-23,3.682,3.682,3.682,3.682,
2019-08-26,3.545,3.545,3.545,3.545,
2019-08-27,3.32,3.32,3.32,3.32,
2019-08-28,3.447,3.447,3.447,3.447,
2019-08-29,3.692,3.692,3.692,3.692,
2019-08-30,3.486,3.486,3.486,3.486,
2019-09-03,3.614,3.614,3.614,3.614,
2019-09-04,3.878,3.878,3.878,3.878,
2019-09-05,4.084,4.084,4.084,4.084,
2019-09-06,3.849,3.849,3.849,3.849,
2019-09-09,4.485,4.485,4.485,4.485,
2019-09-10,4.417,4.417,4.417,4.417,
2019-09-11,4.622,4.622,4.622,4.622,
2019-09-12,4.308,4.308,4.308,4.308,
2019-09-13,4.553,4.553,4.553,4.553,
2019-09-16,5.085,5.085,5.085,5.085,
2019-09-17,5.094,5.094,5.094,5.094,
2019-09-18,4.917,4.917,4.917,4.917,
2019-09-19,4.583,4.583,4.583,4.583,
2019-09-20,4.662,4.662,4.662,4.662,
2019-09-23,4.573,4.573,4.573,4.573,
2019-09-24,4.327,4.327,4.327,4.327,
2019-09-25,4.367,4.367,4.367,4.367,
2019-09-26,4.032,4.032,4.032,4.032,
2019-09-27,3.954,3.954,3.954,3.954,
2019-09-30,3.757,3.757,3.757,3.757,
2019-10-01,3.462,3.462,3.462,3.462,
2019-10-02,3.363,3.363,3.363,3.363,
2019-10-03,3.56,3.56,3.56,3.56,
2019-10-04,3.6,3.6,3.6,3.6,
2019-10-07,3.57,3.57,3.57,3.57,
2019-10-08,3.285,3.285,3.285,3.285,
2019-10-09,3.275,3.275,3.275,3.275,
2019-10-10,3.363,3.363,3.363,3.363,
2019-10-11,3.531,3.531,3.531,3.531,
2019-10-14,3.413,3.413,3.413,3.413,
2019-10-15,3.442,3.442,3.442,3.442,
2019-10-16,3.531,3.531,3.531,3.531,
2019-10-17,3.737,3.737,3.737,3.737,
2019-10-18,3.619,3.619,3.619,3.619,
2019-10-21,3.747,3.747,3.747,3.747,
2019-10-22,3.688,3.688,3.688,3.688,
2019-10-23,3.777,3.777,3.777,3.777,
2019-10-24,3.747,3.747,3.747,3.747,
2019-10-25,4.15,4.15,4.15,4.15,
2019-10-28,4.111,4.111,4.111,4.111,
2019-10-29,4.406,4.406,4.406,4.406,
2019-10-30,3.973,3.973,3.973,3.973,
2019-10-31,3.963,3.963,3.963,3.963,
2019-11-01,4.18,4.18,4.18,4.18,
2019-11-04,4.603,4.603,4.603,4.603,
2019-11-05,4.465,4.465,4.465,4.465,
2019-11-06,4.465,4.465,4.465,4.465,
2019-11-07,4.435,4.435,4.435,4.435,
2019-11-08,4.593,4.593,4.593,4.593,
2019-11-11,4.219,4.219,4.219,4.219,
2019-11-12,4.249,4.249,4.249,4.249,
2019-11-13,4.14,4.14,4.14,4.14,
2019-11-14,3.973,3.973,3.973,3.973,
2019-11-15,4.16,4.16,4.16,4.16,
2019-11-18,3.718,3.718,3.718,3.718,
2019-11-19,3.57,3.57,3.57,3.57,
2019-11-20,3.452,3.452,3.452,3.452,
2019-11-21,3.383,3.383,3.383,3.383,
2019-11-22,3.777,3.777,3.777,3.777,
2019-11-25,3.816,3.816,3.816,3.816,
2019-11-26,3.531,3.531,3.531,3.531,
2019-11-27,3.58,3.58,3.58,3.58,
2019-11-29,3.432,3.432,3.432,3.432,
2019-12-02,3.304,3.304,3.304,3.304,
2019-12-03,3.344,3.344,3.344,3.344,
2019-12-04,3.531,3.531,3.531,3.531,
2019-12-05,3.55,3.55,3.55,3.55,
2019-12-06,3.786,3.786,3.786,3.786,
2019-12-09,3.993,3.993,3.993,3.993,
2019-12-10,4.072,4.072,4.072,4.072,
2019-12-11,4.013,4.013,4.013,4.013,
2019-12-12,4.556,4.556,4.556,4.556,
2019-12-13,4.161,4.161,4.161,4.161,
2019-12-16,4.477,4.477,4.477,4.477,
2019-12-17,4.685,4.685,4.685,4.685,
2019-12-18,4.863,4.863,4.863,4.863,
2019-12-19,4.942,4.942,4.942,4.942,
2019-12-20,4.714,4.714,4.714,4.714,
2019-12-23,4.783,4.783,4.783,4.783,
2019-12-24,4.744,4.744,4.744,4.744,
2019-12-26,4.754,4.754,4.754,4.754,
2019-12-27,4.507,4.507,4.507,4.507,
2019-12-30,4.576,4.576,4.576,4.576,
2019-12-31,4.793,4.793,4.793,4.793,
2020-01-02,4.358,4.358,4.358,4.358,
2020-01-03,4.438,4.438,4.438,4.438,
2020-01-06,4.408,4.408,4.408,4.408,
2020-01-07,4.665,4.665,4.665,4.665,
2020-01-08,4.507,4.507,4.507,4.507,
2020-01-09,4.517,4.517,4.517,4.517,
2020-01-10,4.774,4.774,4.774,4.774,
2020-01-13,4.497,4.497,4.497,4.497,
2020-01-14,4.546,4.546,4.546,4.546,
2020-01-15,4.418,4.418,4.418,4.418,
2020-01-16,4.309,4.309,4.309,4.309,
2020-01-17,3.914,3.914,3.914,3.914,
2020-01-21,3.588,3.588,3.588,3.588,
2020-01-22,3.469,3.469,3.469,3.469,
2020-01-23,3.38,3.38,3.38,3.38,
2020-01-24,3.222,3.222,3.222,3.222,
2020-01-27,3.014,3.014,3.014,3.014,
2020-01-28,3.123,3.123,3.123,3.123,
2020-01-29,2.975,2.975,2.975,2.975,
2020-01-30,2.975,2.975,2.975,2.975,
2020-01-31,2.965,2.965,2.965,2.965,
2020-02-03,2.975,2.975,2.975,2.975,
2020-02-04,2.985,2.985,2.985,2.985,
2020-02-05,3.301,3.301,3.301,3.301,
2020-02-06,3.222,3.222,3.222,3.222,
2020-02-07,3.163,3.163,3.163,3.163,
2020-02-10,2.965,2.965,2.965,2.965,
2020-02-11,2.876,2.876,2.876,2.876,
2020-02-12,3.004,3.004,3.004,3.004,
2020-02-13,3.064,3.064,3.064,3.064,
2020-02-14,3.054,3.054,3.054,3.054,
2020-02-18,3.103,3.103,3.103,3.103,
2020-02-19,3.182,3.182,3.182,3.182,
2020-02-20,3.232,3.232,3.232,3.232,
2020-02-21,3.103,3.103,3.103,3.103,
2020-02-24,2.925,2.925,2.925,2.925,
2020-02-25,2.827,2.827,2.827,2.827,
2020-02-26,2.767,2.767,2.767,2.767,
2020-02-27,2.718,2.718,2.718,2.718,
2020-02-28,2.738,2.738,2.738,2.738,
2020-03-02,2.599,2.599,2.599,2.599,
2020-03-03,2.57,2.57,2.57,2.57,
2020-03-04,2.639,2.639,2.639,2.639,
2020-03-05,2.5,2.5,2.5,2.5,
2020-03-06,2.589,2.589,2.589,2.589,
2020-03-09,2.323,2.323,2.323,2.323,
2020-03-10,2.234,2.234,2.234,2.234,
2020-03-11,1.917,1.917,1.917,1.917,
2020-03-12,2.046,2.046,2.046,2.046,
2020-03-13,2.787,2.787,2.787,2.787,
2020-03-16,2.708,2.708,2.708,2.708,
2020-03-17,3.054,3.054,3.054,3.054,
2020-03-18,2.827,2.827,2.827,2.827,
2020-03-19,2.995,2.995,2.995,2.995,
2020-03-20,3.014,3.014,3.014,3.014,
2020-03-23,2.678,2.678,2.678,2.678,
2020-03-24,3.014,3.014,3.014,3.014,
2020-03-25,2.491,2.491,2.491,2.491,
2020-03-26,2.283,2.283,2.283,2.283,
2020-03-27,2.145,2.145,2.145,2.145,
2020-03-30,2.303,2.303,2.303,2.303,
2020-03-31,2.253,2.253,2.253,2.253,
2020-04-01,2.243,2.243,2.243,2.243,
2020-04-02,2.372,2.372,2.372,2.372,
2020-04-03,2.609,2.609,2.609,2.609,
2020-04-06,2.876,2.876,2.876,2.876,
2020-04-07,3.014,3.014,3.014,3.014,
2020-04-08,3.686,3.686,3.686,3.686,
2020-04-09,3.706,3.706,3.706,3.706,
2020-04-13,4.013,4.013,4.013,4.013,
2020-04-14,4.329,4.329,4.329,4.329,
2020-04-15,4.536,4.536,4.536,4.536,
2020-04-16,4.378,4.378,4.378,4.378,
2020-04-17,4.596,4.596,4.596,4.596,
2020-04-20,5.08,5.08,5.08,5.08,
2020-04-21,5.208,5.208,5.208,5.208,
2020-04-22,5.06,5.06,5.06,5.06,
2020-04-23,5.08,5.08,5.08,5.08,
2020-04-24,5.189,5.189,5.189,5.189,
2020-04-27,5.426,5.426,5.426,5.426,
2020-04-28,5.554,5.554,5.554,5.554,
2020-04-29,6.078,6.078,6.078,6.078,
2020-04-30,5.762,5.762,5.762,5.762,
2020-05-01,5.989,5.989,5.989,5.989,
2020-05-04,6.128,6.128,6.128,6.128,
2020-05-05,5.841,5.841,5.841,5.841,
2020-05-06,5.772,5.772,5.772,5.772,
2020-05-07,5.653,5.653,5.653,5.653,
2020-05-08,6.108,6.108,6.108,6.108,
2020-05-11,6.177,6.177,6.177,6.177,
2020-05-12,6.256,6.256,6.256,6.256,
2020-05-13,5.317,5.317,5.317,5.317,
2020-05-14,5.011,5.011,5.011,5.011,
2020-05-15,4.853,4.853,4.853,4.853,
2020-05-18,5.624,5.624,5.624,5.624,
2020-05-19,5.821,5.821,5.821,5.821,
2020-05-20,5.772,5.772,5.772,5.772,
2020-05-21,5.703,5.703,5.703,5.703,
2020-05-22,5.94,5.94,5.94,5.94,
2020-05-26,6.404,6.404,6.404,6.404,
2020-05-27,6.207,6.207,6.207,6.207,
2020-05-28,5.9,5.9,5.9,5.9,
2020-05-29,5.92,5.92,5.92,5.92,
2020-06-01,6.157,6.157,6.157,6.157,
2020-06-02,6.335,6.335,6.335,6.335,
2020-06-03,6.128,6.128,6.128,6.128,
2020-06-04,6.394,6.394,6.394,6.394,
2020-06-05,6.513,6.513,6.513,6.513,
2020-06-08,7.936,7.936,7.936,7.936,
2020-06-09,7.462,7.462,7.462,7.462,
2020-06-10,6.819,6.819,6.819,6.819,
2020-06-11,6.187,6.187,6.187,6.187,
2020-06-12,6.394,6.394,6.394,6.394,
2020-06-15,6.671,6.671,6.671,6.671,
2020-06-16,6.8,6.8,6.8,6.8,
2020-06-17,6.632,6.632,6.632,6.632,
2020-06-18,6.622,6.622,6.622,6.622,
2020-06-19,6.187,6.187,6.187,6.187,
2020-06-22,5.969,5.969,5.969,5.969,
2020-06-23,5.772,5.772,5.772,5.772,
2020-06-24,5.525,5.525,5.525,5.525,
2020-06-25,5.574,5.574,5.574,5.574,
2020-06-26,5.09,5.09,5.09,5.09,
2020-06-29,5.465,5.465,5.465,5.465,
2020-06-30,5.564,5.564,5.564,5.564,
2020-07-01,5.554,5.554,5.554,5.554,
2020-07-02,6.049,6.049,6.049,6.049,
2020-07-06,6.345,6.345,6.345,6.345,
2020-07-07,6.622,6.622,6.622,6.622,
2020-07-08,6.553,6.553,6.553,6.553,
2020-07-09,6.444,6.444,6.444,6.444,
2020-07-10,6.641,6.641,6.641,6.641,
2020-07-13,6.177,6.177,6.177,6.177,
2020-07-14,6.503,6.503,6.503,6.503,
2020-07-15,6.77,6.77,6.77,6.77,
2020-07-16,6.661,6.661,6.661,6.661,
2020-07-17,6.434,6.434,6.434,6.434,
2020-07-20,6.385,6.385,6.385,6.385,
2020-07-21,6.246,6.246,6.246,6.246,
2020-07-22,6.137,6.137,6.137,6.137,
2020-07-23,6.483,6.483,6.483,6.483,
2020-07-24,6.651,6.651,6.651,6.651,
2020-07-27,5.91,5.91,5.91,5.91,
2020-07-28,6.128,6.128,6.128,6.128,
2020-07-29,6.483,6.483,6.483,6.483,
2020-07-30,6.444,6.444,6.444,6.444,
2020-07-31,6.385,6.385,6.385,6.385,
2020-08-03,7.126,7.126,7.126,7.126,
2020-08-04,7.59,7.59,7.59,7.59,
2020-08-05,7.699,7.699,7.699,7.699,
2020-08-06,7.679,7.679,7.679,7.679,
2020-08-07,8.164,8.164,8.164,8.164,
2020-08-10,8.322,8.322,8.322,8.322,
2020-08-11,8.015,8.015,8.015,8.015,
2020-08-12,8.173,8.173,8.173,8.173,
2020-08-13,7.976,7.976,7.976,7.976,
2020-08-14,8.677,8.677,8.677,8.677,
2020-08-17,8.776,8.776,8.776,8.776,
2020-08-18,8.608,8.608,8.608,8.608,
2020-08-19,8.737,8.737,8.737,8.737,
2020-08-20,8.124,8.124,8.124,8.124,
2020-08-21,7.877,7.877,7.877,7.877,
2020-08-24,8.134,8.134,8.134,8.134,
2020-08-25,8.193,8.193,8.193,8.193,
2020-08-26,7.511,7.511,7.511,7.511,
2020-08-27,7.798,7.798,7.798,7.798,
2020-08-28,7.699,7.699,7.699,7.699,
2020-08-31,7.373,7.373,7.373,7.373,
2020-09-01,7.383,7.383,7.383,7.383,
2020-09-02,6.869,6.869,6.869,6.869,
2020-09-03,7.007,7.007,7.007,7.007,
2020-09-04,7.057,7.057,7.057,7.057,
2020-09-08,6.721,6.721,6.721,6.721,
2020-09-09,6.978,6.978,6.978,6.978,
2020-09-10,6.73,6.73,6.73,6.73,
2020-09-11,6.8,6.8,6.8,6.8,
2020-09-14,7.215,7.215,7.215,7.215,
2020-09-15,7.294,7.294,7.294,7.294,
2020-09-16,7.739,7.739,7.739,7.739,
2020-09-17,7.59,7.59,7.59,7.59,
2020-09-18,7.689,7.689,7.689,7.689,
2020-09-21,7.61,7.61,7.61,7.61,
2020-09-22,7.294,7.294,7.294,7.294,
2020-09-23,7.403,7.403,7.403,7.403,
2020-09-24,7.225,7.225,7.225,7.225,
2020-09-25,6.987,6.987,6.987,6.987,
2020-09-28,7.215,7.215,7.215,7.215,
2020-09-29,6.77,6.77,6.77,6.77,
2020-09-30,6.543,6.543,6.543,6.543,
2020-10-01,6.414,6.414,6.414,6.414,
2020-10-02,6.424,6.424,6.424,6.424,
2020-10-05,6.978,6.978,6.978,6.978,
2020-10-06,6.948,6.948,6.948,6.948,
2020-10-07,7.788,7.788,7.788,7.788,
2020-10-08,7.995,7.995,7.995,7.995,
2020-10-09,7.966,7.966,7.966,7.966,
2020-10-12,8.332,8.332,8.332,8.332,
2020-10-13,8.045,8.045,8.045,8.045,
2020-10-14,8.134,8.134,8.134,8.134,
2020-10-15,8.539,8.539,8.539,8.539,
2020-10-16,8.173,8.173,8.173,8.173,
2020-10-19,8.252,8.252,8.252,8.252,
2020-10-20,8.588,8.588,8.588,8.588,
2020-10-21,8.559,8.559,8.559,8.559,
2020-10-22,9.28,9.28,9.28,9.28,
2020-10-23,8.984,8.984,8.984,8.984,
2020-10-26,8.638,8.638,8.638,8.638,
2020-10-27,8.519,8.519,8.519,8.519,
2020-10-28,7.827,7.827,7.827,7.827,
2020-10-29,7.669,7.669,7.669,7.669,
2020-10-30,6.503,6.503,6.503,6.503,
2020-11-02,6.513,6.513,6.513,6.513,
2020-11-03,6.286,6.286,6.286,6.286,
2020-11-04,5.969,5.969,5.969,5.969,
2020-11-05,5.969,5.969,5.969,5.969,
2020-11-06,5.989,5.989,5.989,5.989,
2020-11-09,6.355,6.355,6.355,6.355,
2020-11-10,6.889,6.889,6.889,6.889,
2020-11-11,6.829,6.829,6.829,6.829,
2020-11-12,6.671,6.671,6.671,6.671,
2020-11-13,7.096,7.096,7.096,7.096,
2020-11-16,6.987,6.987,6.987,6.987,
2020-11-17,7.225,7.225,7.225,7.225,
2020-11-18,7.047,7.047,7.047,7.047,
2020-11-19,7.136,7.136,7.136,7.136,
2020-11-20,7.076,7.076,7.076,7.076,
2020-11-23,7.551,7.551,7.551,7.551,
2020-11-24,7.897,7.897,7.897,7.897,
2020-11-25,7.837,7.837,7.837,7.837,
2020-11-27,7.689,7.689,7.689,7.689,
2020-11-30,7.215,7.215,7.215,7.215,
2020-12-01,7.185,7.185,7.185,7.185,
2020-12-02,7.027,7.027,7.027,7.027,
2020-12-03,6.829,6.829,6.829,6.829,
2020-12-04,7.333,7.333,7.333,7.333,
2020-12-07,6.701,6.701,6.701,6.701,
2020-12-08,6.77,6.77,6.77,6.77,
2020-12-09,6.997,6.997,6.997,6.997,
2020-12-10,7.63,7.63,7.63,7.63,
2020-12-11,7.165,7.165,7.165,7.165,
2020-12-14,6.987,6.987,6.987,6.987,
2020-12-15,7.126,7.126,7.126,7.126,
2020-12-16,6.8,6.8,6.8,6.8,
2020-12-17,6.928,6.928,6.928,6.928,
2020-12-18,6.77,6.77,6.77,6.77,
2020-12-21,6.869,6.869,6.869,6.869,
2020-12-22,6.78,6.78,6.78,6.78,
2020-12-23,7.274,7.274,7.274,7.274,
2020-12-24,6.948,6.948,6.948,6.948,
2020-12-28,6.424,6.424,6.424,6.424,
2020-12-29,6.167,6.167,6.167,6.167,
2020-12-30,6.622,6.622,6.622,6.622,
2020-12-31,6.622,6.622,6.622,6.622,
2021-01-04,7.047,7.047,7.047,7.047,
2021-01-05,7.343,7.343,7.343,7.343,
2021-01-06,7.62,7.62,7.62,7.62,
2021-01-07,7.65,7.65,7.65,7.65,
2021-01-08,7.432,7.432,7.432,7.432,
2021-01-11,7.877,7.877,7.877,7.877,
2021-01-12,9.053,9.053,9.053,9.053,
2021-01-13,9.162,9.162,9.162,9.162,
2021-01-14,9.844,9.844,9.844,9.844,
2021-01-15,10.081,10.081,10.081,10.081,
2021-01-19,9.419,9.419,9.419,9.419,
2021-01-20,8.747,8.747,8.747,8.747,
2021-01-21,8.519,8.519,8.519,8.519,
2021-01-22,8.598,8.598,8.598,8.598,
2021-01-25,8.865,8.865,8.865,8.865,
2021-01-26,8.608,8.608,8.608,8.608,
2021-01-27,9.34,9.34,9.34,9.34,
2021-01-28,9.231,9.231,9.231,9.231,
2021-01-29,9.102,9.102,9.102,9.102,
2021-02-01,9.508,9.508,9.508,9.508,
2021-02-02,9.172,9.172,9.172,9.172,
2021-02-03,9.349,9.349,9.349,9.349,
2021-02-04,9.201,9.201,9.201,9.201,
2021-02-05,9.152,9.152,9.152,9.152,
2021-02-08,9.774,9.774,9.774,9.774,
2021-02-09,9.656,9.656,9.656,9.656,
2021-02-10,10.071,10.071,10.071,10.071,
2021-02-11,9.458,9.458,9.458,9.458,
2021-02-12,10.041,10.041,10.041,10.041,
2021-02-16,10.812,10.812,10.812,10.812,
2021-02-17,11.336,11.336,11.336,11.336,
2021-02-18,10.229,10.229,10.229,10.229,
2021-02-19,10.051,10.051,10.051,10.051,
2021-02-22,10.18,10.18,10.18,10.18,
2021-02-23,10.308,10.308,10.308,10.308,
2021-02-24,10.565,10.565,10.565,10.565,
2021-02-25,10.13,10.13,10.13,10.13,
2021-02-26,9.527,9.527,9.527,9.527,
2021-03-01,9.913,9.913,9.913,9.913,
2021-03-02,9.695,9.695,9.695,9.695,
2021-03-03,9.735,9.735,9.735,9.735,
2021-03-04,10.219,10.219,10.219,10.219,
2021-03-05,10.437,10.437,10.437,10.437,
2021-03-08,10.061,10.061,10.061,10.061,
2021-03-09,9.715,9.715,9.715,9.715,
2021-03-10,10.595,10.595,10.595,10.595,
2021-03-11,10.951,10.951,10.951,10.951,
2021-03-12,10.447,10.447,10.447,10.447,
2021-03-15,10.407,10.407,10.407,10.407,
2021-03-16,10.209,10.209,10.209,10.209,
2021-03-17,10.288,10.288,10.288,10.288,
2021-03-18,9.517,9.517,9.517,9.517,
2021-03-19,10.367,10.367,10.367,10.367,
2021-03-22,10.279,10.279,10.279,10.279,
2021-03-23,9.468,9.468,9.468,9.468,
2021-03-24,9.508,9.508,9.508,9.508,
2021-03-25,10.061,10.061,10.061,10.061,
2021-03-26,10.743,10.743,10.743,10.743,
2021-03-29,10.387,10.387,10.387,10.387,
2021-03-30,10.19,10.19,10.19,10.19,
2021-03-31,10.209,10.209,10.209,10.209,
2021-04-01,10.931,10.931,10.931,10.931,
2021-04-05,9.992,9.992,9.992,9.992,
2021-04-06,10.13,10.13,10.13,10.13,
2021-04-07,10.022,10.022,10.022,10.022,
2021-04-08,9.587,9.587,9.587,9.587,
2021-04-09,8.895,8.895,8.895,8.895,
2021-04-12,8.747,8.747,8.747,8.747,
2021-04-13,8.974,8.974,8.974,8.974,
2021-04-14,9.409,9.409,9.409,9.409,
2021-04-15,9.359,9.359,9.359,9.359,
2021-04-16,9.241,9.241,9.241,9.241,
2021-04-19,9.181,9.181,9.181,9.181,
2021-04-20,8.658,8.658,8.658,8.658,
2021-04-21,8.737,8.737,8.737,8.737,
2021-04-22,8.964,8.964,8.964,8.964,
2021-04-23,8.727,8.727,8.727,8.727,
2021-04-26,9.241,9.241,9.241,9.241,
2021-04-27,9.626,9.626,9.626,9.626,
2021-04-28,10.219,10.219,10.219,10.219,
2021-04-29,9.636,9.636,9.636,9.636,
2021-04-30,9.705,9.705,9.705,9.705,
2021-05-03,10.713,10.713,10.713,10.713,
2021-05-04,11.01,11.01,11.01,11.01,
2021-05-05,11.168,11.168,11.168,11.168,
2021-05-06,11.04,11.04,11.04,11.04,
2021-05-07,11.267,11.267,11.267,11.267,
2021-05-10,11.158,11.158,11.158,11.158,
2021-05-11,11.593,11.593,11.593,11.593,
2021-05-12,11.85,11.85,11.85,11.85,
2021-05-13,11.385,11.385,11.385,11.385,
2021-05-14,12.888,12.888,12.888,12.888,
2021-05-17,14.143,14.143,14.143,14.143,
2021-05-18,13.708,13.708,13.708,13.708,
2021-05-19,13.866,13.866,13.866,13.866,
2021-05-20,13.846,13.846,13.846,13.846,
2021-05-21,13.916,13.916,13.916,13.916,
2021-05-24,13.836,13.836,13.836,13.836,
2021-05-25,13.323,13.323,13.323,13.323,
2021-05-26,13.55,13.55,13.55,13.55,
2021-05-27,13.342,13.342,13.342,13.342,
2021-05-28,13.402,13.402,13.402,13.402,
2021-06-01,14.588,14.588,14.588,14.588,
2021-06-02,14.805,14.805,14.805,14.805,
2021-06-03,14.242,14.242,14.242,14.242,
2021-06-04,14.064,14.064,14.064,14.064,
2021-06-07,14.37,14.37,14.37,14.37,
2021-06-08,14.993,14.993,14.993,14.993,
2021-06-09,15.082,15.082,15.082,15.082,
2021-06-10,15.21,15.21,15.21,15.21,
2021-06-11,15.833,15.833,15.833,15.833,
2021-06-14,15.22,15.22,15.22,15.22,
2021-06-15,15.368,15.368,15.368,15.368,
2021-06-16,15.082,15.082,15.082,15.082,
2021-06-17,13.965,13.965,13.965,13.965,
2021-06-18,13.975,13.975,13.975,13.975,
2021-06-21,14.489,14.489,14.489,14.489,
2021-06-22,14.617,14.617,14.617,14.617,
2021-06-23,15.586,15.586,15.586,15.586,
2021-06-24,15.882,15.882,15.882,15.882,
2021-06-25,16.455,16.455,16.455,16.455,
2021-06-28,16.05,16.05,16.05,16.05,
2021-06-29,15.942,15.942,15.942,15.942,
2021-06-30,16.564,16.564,16.564,16.564,
2021-07-01,16.624,16.624,16.624,16.624,
2021-07-02,16.11,16.11,16.11,16.11,
2021-07-06,15.428,15.428,15.428,15.428,
2021-07-07,15.655,15.655,15.655,15.655,
2021-07-08,16.258,16.258,16.258,16.258,
2021-07-09,16.742,16.742,16.742,16.742,
2021-07-12,16.465,16.465,16.465,16.465,
2021-07-13,16.535,16.535,16.535,16.535,
2021-07-14,15.675,15.675,15.675,15.675,
2021-07-15,15.309,15.309,15.309,15.309,
2021-07-16,14.696,14.696,14.696,14.696,
2021-07-19,14.242,14.242,14.242,14.242,
2021-07-20,14.607,14.607,14.607,14.607,
2021-07-21,15.378,15.378,15.378,15.378,
2021-07-22,15.111,15.111,15.111,15.111,
2021-07-23,15.121,15.121,15.121,15.121,
2021-07-26,15.803,15.803,15.803,15.803,
2021-07-27,14.726,14.726,14.726,14.726,
2021-07-28,15.003,15.003,15.003,15.003,
2021-07-29,14.973,14.973,14.973,14.973,
2021-07-30,15.052,15.052,15.052,15.052,
2021-08-02,14.538,14.538,14.538,14.538,
2021-08-03,14.765,14.765,14.765,14.765,
2021-08-04,14.41,14.41,14.41,14.41,
2021-08-05,14.588,14.588,14.588,14.588,
2021-08-06,14.627,14.627,14.627,14.627,
2021-08-09,14.331,14.331,14.331,14.331,
2021-08-10,14.617,14.617,14.617,14.617,
2021-08-11,14.489,14.489,14.489,14.489,
2021-08-12,14.35,14.35,14.35,14.35,
2021-08-13,13.609,13.609,13.609,13.609,
2021-08-16,13.589,13.589,13.589,13.589,
2021-08-17,13.352,13.352,13.352,13.352,
2021-08-18,12.977,12.977,12.977,12.977,
2021-08-19,12.581,12.581,12.581,12.581,
2021-08-20,12.571,12.571,12.571,12.571,
2021-08-23,12.581,12.581,12.581,12.581,
2021-08-24,12.977,12.977,12.977,12.977,
2021-08-25,13.777,13.777,13.777,13.777,
2021-08-26,13.639,13.639,13.639,13.639,
2021-08-27,14.963,14.963,14.963,14.963,
2021-08-30,14.528,14.528,14.528,14.528,
2021-08-31,14.449,14.449,14.449,14.449,
2021-09-01,15.329,15.329,15.329,15.329,
2021-09-02,16.416,16.416,16.416,16.416,
2021-09-03,17.039,17.039,17.039,17.039,
2021-09-07,16.535,16.535,16.535,16.535,
2021-09-08,17.058,17.058,17.058,17.058,
2021-09-09,17.088,17.088,17.088,17.088,
2021-09-10,17.118,17.118,17.118,17.118,
2021-09-13,18.254,18.254,18.254,18.254,
2021-09-14,18.175,18.175,18.175,18.175,
2021-09-15,19.944,19.944,19.944,19.944,
2021-09-16,19.351,19.351,19.351,19.351,
2021-09-17,18.729,18.729,18.729,18.729,
2021-09-20,18.57,18.57,18.57,18.57,
2021-09-21,18.086,18.086,18.086,18.086,
2021-09-22,18.6,18.6,18.6,18.6,
2021-09-23,19.588,19.588,19.588,19.588,
2021-09-24,20.142,20.142,20.142,20.142,
2021-09-27,21.951,21.951,21.951,21.951,
2021-09-28,21.298,21.298,21.298,21.298,
2021-09-29,21.822,21.822,21.822,21.822,
2021-09-30,22.366,22.366,22.366,22.366,
2021-10-01,22.781,22.781,22.781,22.781,
2021-10-04,24.016,24.016,24.016,24.016,
2021-10-05,24.154,24.154,24.154,24.154,
2021-10-06,22.178,22.178,22.178,22.178,
2021-10-07,22.889,22.889,22.889,22.889,
2021-10-08,23.107,23.107,23.107,23.107,
2021-10-11,22.87,22.87,22.87,22.87,
2021-10-12,22.751,22.751,22.751,22.751,
2021-10-13,22.791,22.791,22.791,22.791,
2021-10-14,23.7,23.7,23.7,23.7,
2021-10-15,23.176,23.176,23.176,23.176,
2021-10-18,23.393,23.393,23.393,23.393,
2021-10-19,23.789,23.789,23.789,23.789,
2021-10-20,24.174,24.174,24.174,24.174,
2021-10-21,23.265,23.265,23.265,23.265,
2021-10-22,24.362,24.362,24.362,24.362,
2021-10-25,25.904,25.904,25.904,25.904,
2021-10-26,25.785,25.785,25.785,25.785,
2021-10-27,24.214,24.214,24.214,24.214,
2021-10-28,23.69,23.69,23.69,23.69,
2021-10-29,23.048,23.048,23.048,23.048,
2021-11-01,22.909,22.909,22.909,22.909,
2021-11-02,23.255,23.255,23.255,23.255,
2021-11-03,23.166,23.166,23.166,23.166,
2021-11-04,22.623,22.623,22.623,22.623,
2021-11-05,23.739,23.739,23.739,23.739,
2021-11-08,24.075,24.075,24.075,24.075,
2021-11-09,23.996,23.996,23.996,23.996,
2021-11-10,22.336,22.336,22.336,22.336,
2021-11-11,23.186,23.186,23.186,23.186,
2021-11-12,22.741,22.741,22.741,22.741,
2021-11-15,22.85,22.85,22.85,22.85,
2021-11-16,22.484,22.484,22.484,22.484,
2021-11-17,21.812,21.812,21.812,21.812,
2021-11-18,21.743,21.743,21.743,21.743,
2021-11-19,20.369,20.369,20.369,20.369,
2021-11-22,20.715,20.715,20.715,20.715,
2021-11-23,21.14,21.14,21.14,21.14,
2021-11-24,21.061,21.061,21.061,21.061,
2021-11-26,20.883,20.883,20.883,20.883,
2021-11-29,20.29,20.29,20.29,20.29,
2021-11-30,19.331,19.331,19.331,19.331,
2021-12-01,17.879,17.879,17.879,17.879,
2021-12-02,18.254,18.254,18.254,18.254,
2021-12-03,18.264,18.264,18.264,18.264,
2021-12-06,18.096,18.096,18.096,18.096,
2021-12-07,18.472,18.472,18.472,18.472,
2021-12-08,18.63,18.63,18.63,18.63,
2021-12-09,18.768,18.768,18.768,18.768,
2021-12-10,19.065,19.065,19.065,19.065,
2021-12-13,18.244,18.244,18.244,18.244,
2021-12-14,17.8,17.8,17.8,17.8,
2021-12-15,18.195,18.195,18.195,18.195,
2021-12-16,18.086,18.086,18.086,18.086,
2021-12-17,17.997,17.997,17.997,17.997,
2021-12-20,17.691,17.691,17.691,17.691,
2021-12-21,18.442,18.442,18.442,18.442,
2021-12-22,18.442,18.442,18.442,18.442,
2021-12-23,18.106,18.106,18.106,18.106,
2021-12-27,19.025,19.025,19.025,19.025,
2021-12-28,18.827,18.827,18.827,18.827,
2021-12-29,18.788,18.788,18.788,18.788,
2021-12-30,18.057,18.057,18.057,18.057,
2021-12-31,17.622,17.622,17.622,17.622,
2022-01-03,18.146,18.146,18.146,18.146,
2022-01-04,18.432,18.432,18.432,18.432,
2022-01-05,18.076,18.076,18.076,18.076,
2022-01-06,18.501,18.501,18.501,18.501,
2022-01-07,18.491,18.491,18.491,18.491,
2022-01-10,19.45,19.45,19.45,19.45,
2022-01-11,20.409,20.409,20.409,20.409,
2022-01-12,22.158,22.158,22.158,22.158,
2022-01-13,21.081,21.081,21.081,21.081,
2022-01-14,21.535,21.535,21.535,21.535,
2022-01-18,20.251,20.251,20.251,20.251,
2022-01-19,19.717,19.717,19.717,19.717,
2022-01-20,18.254,18.254,18.254,18.254,
2022-01-21,17.414,17.414,17.414,17.414,
2022-01-24,17.898,17.898,17.898,17.898,
2022-01-25,18.017,18.017,18.017,18.017,
2022-01-26,17.958,17.958,17.958,17.958,
2022-01-27,18.155,18.155,18.155,18.155,
2022-01-28,19.203,19.203,19.203,19.203,
2022-01-31,19.025,19.025,19.025,19.025,
2022-02-01,20.142,20.142,20.142,20.142,
2022-02-02,20.893,20.893,20.893,20.893,
2022-02-03,20.211,20.211,20.211,20.211,
2022-02-04,20.142,20.142,20.142,20.142,
2022-02-07,19.727,19.727,19.727,19.727,
2022-02-08,18.837,18.837,18.837,18.837,
2022-02-09,19.015,19.015,19.015,19.015,
2022-02-10,20.102,20.102,20.102,20.102,
2022-02-11,20.745,20.745,20.745,20.745,
2022-02-14,20.241,20.241,20.241,20.241,
2022-02-15,20.013,20.013,20.013,20.013,
2022-02-16,19.944,19.944,19.944,19.944,
2022-02-17,20.181,20.181,20.181,20.181,
2022-02-18,20.191,20.191,20.191,20.191,
2022-02-22,19.747,19.747,19.747,19.747,
2022-02-23,22.385,22.385,22.385,22.385,
2022-02-24,23.591,23.591,23.591,23.591,
2022-02-25,23.137,23.137,23.137,23.137,
2022-02-28,22.682,22.682,22.682,22.682,
2022-03-01,23.492,23.492,23.492,23.492,
2022-03-02,24.896,24.896,24.896,24.896,
2022-03-03,24.599,24.599,24.599,24.599,
2022-03-04,26.171,26.171,26.171,26.171,
2022-03-07,26.418,26.418,26.418,26.418,
2022-03-08,25.835,25.835,25.835,25.835,
2022-03-09,26.368,26.368,26.368,26.368,
2022-03-10,27.801,27.801,27.801,27.801,
2022-03-11,27.208,27.208,27.208,27.208,
2022-03-14,25.261,25.261,25.261,25.261,
2022-03-15,25.192,25.192,25.192,25.192,
2022-03-16,25.202,25.202,25.202,25.202,
2022-03-17,26.606,26.606,26.606,26.606,
2022-03-18,26.24,26.24,26.24,26.24,
2022-03-21,26.566,26.566,26.566,26.566,
2022-03-22,26.447,26.447,26.447,26.447,
2022-03-23,28.068,28.068,28.068,28.068,
2022-03-24,28.76,28.76,28.76,28.76,
2022-03-25,31.142,31.142,31.142,31.142,
2022-03-28,30.836,30.836,30.836,30.836,
2022-03-29,30.549,30.549,30.549,30.549,
2022-03-30,30.331,30.331,30.331,30.331,
2022-03-31,30.025,30.025,30.025,30.025,
2022-04-01,31.181,31.181,31.181,31.181,
2022-04-04,30.766,30.766,30.766,30.766,
2022-04-05,30.737,30.737,30.737,30.737,
2022-04-06,31.152,31.152,31.152,31.152,
2022-04-07,31.004,31.004,31.004,31.004,
2022-04-08,32.219,32.219,32.219,32.219,
2022-04-11,31.557,31.557,31.557,31.557,
2022-04-12,31.379,31.379,31.379,31.379,
2022-04-13,32.298,32.298,32.298,32.298,
2022-04-14,32.012,32.012,32.012,32.012,
2022-04-18,33.563,33.563,33.563,33.563,
2022-04-19,32.259,32.259,32.259,32.259,
2022-04-20,32.585,32.585,32.585,32.585,
2022-04-21,31.29,31.29,31.29,31.29,
2022-04-22,29.995,29.995,29.995,29.995,
2022-04-25,29.916,29.916,29.916,29.916,
2022-04-26,29.155,29.155,29.155,29.155,
2022-04-27,30.47,30.47,30.47,30.47,
2022-04-28,30.628,30.628,30.628,30.628,
2022-04-29,29.59,29.59,29.59,29.59,
2022-05-02,29.501,29.501,29.501,29.501,
2022-05-03,30.658,30.658,30.658,30.658,
2022-05-04,31.666,31.666,31.666,31.666,
2022-05-05,30.341,30.341,30.341,30.341,
2022-05-06,30.183,30.183,30.183,30.183,
2022-05-09,26.388,26.388,26.388,26.388,
2022-05-10,26.358,26.358,26.358,26.358,
2022-05-11,27.199,27.199,27.199,27.199,
2022-05-12,26.754,26.754,26.754,26.754,
2022-05-13,26.764,26.764,26.764,26.764,
2022-05-16,27.287,27.287,27.287,27.287,
2022-05-17,28.73,28.73,28.73,28.73,
2022-05-18,27.455,27.455,27.455,27.455,
2022-05-19,27.791,27.791,27.791,27.791,
2022-05-20,27.851,27.851,27.851,27.851,
2022-05-23,28.898,28.898,28.898,28.898,
2022-05-24,28.651,28.651,28.651,28.651,
2022-05-25,32.348,32.348,32.348,32.348,
2022-05-26,34.305,34.305,34.305,34.305,
2022-05-27,35.747,35.747,35.747,35.747,
2022-05-31,33.553,33.553,33.553,33.553,
2022-06-01,34.828,34.828,34.828,34.828,
2022-06-02,34.591,34.591,34.591,34.591,
2022-06-03,34.453,34.453,34.453,34.453,
2022-06-06,35.293,35.293,35.293,35.293,
2022-06-07,36.588,36.588,36.588,36.588,
2022-06-08,35.579,35.579,35.579,35.579,
2022-06-09,34.927,34.927,34.927,34.927,
2022-06-10,34.038,34.038,34.038,34.038,
2022-06-13,32.021,32.021,32.021,32.021,
2022-06-14,29.62,29.62,29.62,29.62,
2022-06-15,30.331,30.331,30.331,30.331,
2022-06-16,28.839,28.839,28.839,28.839,
2022-06-17,25.983,25.983,25.983,25.983,
2022-06-21,26.606,26.606,26.606,26.606,
2022-06-22,25.904,25.904,25.904,25.904,
2022-06-23,24.056,24.056,24.056,24.056,
2022-06-24,25.983,25.983,25.983,25.983,
2022-06-27,26.793,26.793,26.793,26.793,
2022-06-28,27.327,27.327,27.327,27.327,
2022-06-29,26.378,26.378,26.378,26.378,
2022-06-30,24.461,24.461,24.461,24.461,
2022-07-01,25.084,25.084,25.084,25.084,
2022-07-05,23.898,23.898,23.898,23.898,
2022-07-06,23.749,23.749,23.749,23.749,
2022-07-07,25.904,25.904,25.904,25.904,
2022-07-08,25.321,25.321,25.321,25.321,
2022-07-11,26.022,26.022,26.022,26.022,
2022-07-12,26.072,26.072,26.072,26.072,
2022-07-13,26.803,26.803,26.803,26.803,
2022-07-14,26.24,26.24,26.24,26.24,
2022-07-15,26.694,26.694,26.694,26.694,
2022-07-18,27.505,27.505,27.505,27.505,
2022-07-19,28.058,28.058,28.058,28.058,
2022-07-20,29.966,29.966,29.966,29.966,
2022-07-21,30.065,30.065,30.065,30.065,
2022-07-22,29.373,29.373,29.373,29.373,
2022-07-25,31.458,31.458,31.458,31.458,
2022-07-26,32.713,32.713,32.713,32.713,
2022-07-27,33.296,33.296,33.296,33.296,
2022-07-28,31.903,31.903,31.903,31.903,
2022-07-29,32.684,32.684,32.684,32.684,
2022-08-01,31.844,31.844,31.844,31.844,
2022-08-02,31.31,31.31,31.31,31.31,
2022-08-03,31.399,31.399,31.399,31.399,
2022-08-04,29.65,29.65,29.65,29.65,
2022-08-05,30.381,30.381,30.381,30.381,
2022-08-08,29.748,29.748,29.748,29.748,
2022-08-09,31.794,31.794,31.794,31.794,
2022-08-10,32.318,32.318,32.318,32.318,
2022-08-11,33.593,33.593,33.593,33.593,
2022-08-12,33.712,33.712,33.712,33.712,
2022-08-15,32.397,32.397,32.397,32.397,
2022-08-16,33.079,33.079,33.079,33.079,
2022-08-17,32.99,32.99,32.99,32.99,
2022-08-18,33.909,33.909,33.909,33.909,
2022-08-19,33.0,33.0,33.0,33.0,
2022-08-22,34.65,34.65,34.65,34.65,
2022-08-23,33.583,33.583,33.583,33.583,
2022-08-24,34.344,34.344,34.344,34.344,
2022-08-25,34.048,34.048,34.048,34.048,
2022-08-26,34.087,34.087,34.087,34.087,
2022-08-29,33.761,33.761,33.761,33.761,
2022-08-30,31.32,31.32,31.32,31.32,
2022-08-31,32.476,32.476,32.476,32.476,
2022-09-01,31.587,31.587,31.587,31.587,
2022-09-02,31.794,31.794,31.794,31.794,
2022-09-06,30.499,30.499,30.499,30.499,
2022-09-07,29.818,29.818,29.818,29.818,
2022-09-08,30.163,30.163,30.163,30.163,
2022-09-09,30.747,30.747,30.747,30.747,
2022-09-12,31.626,31.626,31.626,31.626,
2022-09-13,31.102,31.102,31.102,31.102,
2022-09-14,32.658,32.658,32.658,32.658,
2022-09-15,31.122,31.122,31.122,31.122,
2022-09-16,29.418,29.418,29.418,29.418,
2022-09-19,30.042,30.042,30.042,30.042,
2022-09-20,29.596,29.596,29.596,29.596,
2022-09-21,28.784,28.784,28.784,28.784,
2022-09-22,27.179,27.179,27.179,27.179,
2022-09-23,24.771,24.771,24.771,24.771,
2022-09-26,23.522,23.522,23.522,23.522,
2022-09-27,23.473,23.473,23.473,23.473,
2022-09-28,24.612,24.612,24.612,24.612,
2022-09-29,24.345,24.345,24.345,24.345,
2022-09-30,25.029,25.029,25.029,25.029,
2022-10-03,26.099,26.099,26.099,26.099,
2022-10-04,27.902,27.902,27.902,27.902,
2022-10-05,28.744,28.744,28.744,28.744,
2022-10-06,27.496,27.496,27.496,27.496,
2022-10-07,26.842,26.842,26.842,26.842,
2022-10-10,26.703,26.703,26.703,26.703,
2022-10-11,26.842,26.842,26.842,26.842,
2022-10-12,27.535,27.535,27.535,27.535,
2022-10-13,28.516,28.516,28.516,28.516,
2022-10-14,26.663,26.663,26.663,26.663,
2022-10-17,27.109,27.109,27.109,27.109,
2022-10-18,27.813,27.813,27.813,27.813,
2022-10-19,28.011,28.011,28.011,28.011,
2022-10-20,26.802,26.802,26.802,26.802,
2022-10-21,25.613,25.613,25.613,25.613,
2022-10-24,26.277,26.277,26.277,26.277,
2022-10-25,28.338,28.338,28.338,28.338,
2022-10-26,27.743,27.743,27.743,27.743,
2022-10-27,27.337,27.337,27.337,27.337,
2022-10-28,26.881,26.881,26.881,26.881,
2022-10-31,28.219,28.219,28.219,28.219,
2022-11-01,27.981,27.981,27.981,27.981,
2022-11-02,27.288,27.288,27.288,27.288,
2022-11-03,26.881,26.881,26.881,26.881,
2022-11-04,27.763,27.763,27.763,27.763,
2022-11-07,29.557,29.557,29.557,29.557,
2022-11-08,28.833,28.833,28.833,28.833,
2022-11-09,26.327,26.327,26.327,26.327,
2022-11-10,28.477,28.477,28.477,28.477,
2022-11-11,28.754,28.754,28.754,28.754,
2022-11-14,28.239,28.239,28.239,28.239,
2022-11-15,29.091,29.091,29.091,29.091,
2022-11-16,27.852,27.852,27.852,27.852,
2022-11-17,28.169,28.169,28.169,28.169,
2022-11-18,27.942,27.942,27.942,27.942,
2022-11-21,27.951,27.951,27.951,27.951,
2022-11-22,29.943,29.943,29.943,29.943,
2022-11-23,29.497,29.497,29.497,29.497,
2022-11-25,29.349,29.349,29.349,29.349,
2022-11-28,28.07,28.07,28.07,28.07,
2022-11-29,28.338,28.338,28.338,28.338,
2022-11-30,28.605,28.605,28.605,28.605,
2022-12-01,27.734,27.734,27.734,27.734,
2022-12-02,26.594,26.594,26.594,26.594,
2022-12-05,24.989,24.989,24.989,24.989,
2022-12-06,25.276,25.276,25.276,25.276,
2022-12-07,25.038,25.038,25.038,25.038,
2022-12-08,24.484,24.484,24.484,24.484,
2022-12-09,24.989,24.989,24.989,24.989,
2022-12-12,26.287,26.287,26.287,26.287,
2022-12-13,26.663,26.663,26.663,26.663,
2022-12-14,26.286,26.286,26.286,26.286,
2022-12-15,26.673,26.673,26.673,26.673,
2022-12-16,26.385,26.385,26.385,26.385,
2022-12-19,25.64,25.64,25.64,25.64,
2022-12-20,25.65,25.65,25.65,25.65,
2022-12-21,26.574,26.574,26.574,26.574,
2022-12-22,25.232,25.232,25.232,25.232,
2022-12-23,26.226,26.226,26.226,26.226,
2022-12-27,26.375,26.375,26.375,26.375,
2022-12-28,24.497,24.497,24.497,24.497,
