Date,Open,High,Low,Close,Volume
1990-01-02,4.068,4.068,4.068,4.068,
1990-01-03,4.027,4.027,4.027,4.027,
1990-01-04,3.987,3.987,3.987,3.987,
1990-01-05,3.966,3.966,3.966,3.966,
1990-01-08,4.027,4.027,4.027,4.027,
1990-01-09,3.946,3.946,3.946,3.946,
1990-01-10,3.966,3.966,3.966,3.966,
1990-01-11,3.987,3.987,3.987,3.987,
1990-01-12,3.885,3.885,3.885,3.885,
1990-01-15,3.936,3.936,3.936,3.936,
1990-01-16,3.915,3.915,3.915,3.915,
1990-01-17,3.854,3.854,3.854,3.854,
1990-01-18,3.905,3.905,3.905,3.905,
1990-01-19,3.956,3.956,3.956,3.956,
1990-01-22,3.824,3.824,3.824,3.824,
1990-01-23,3.834,3.834,3.834,3.834,
1990-01-24,3.824,3.824,3.824,3.824,
1990-01-25,3.743,3.743,3.743,3.743,
1990-01-26,3.804,3.804,3.804,3.804,
1990-01-29,3.824,3.824,3.824,3.824,
1990-01-30,3.824,3.824,3.824,3.824,
1990-01-31,3.824,3.824,3.824,3.824,
1990-02-01,3.824,3.824,3.824,3.824,
1990-02-02,3.895,3.895,3.895,3.895,
1990-02-05,3.905,3.905,3.905,3.905,
1990-02-06,3.893,3.893,3.893,3.893,
1990-02-07,3.955,3.955,3.955,3.955,
1990-02-08,3.965,3.965,3.965,3.965,
1990-02-09,3.975,3.975,3.975,3.975,
1990-02-12,3.883,3.883,3.883,3.883,
1990-02-13,3.893,3.893,3.893,3.893,
1990-02-14,3.872,3.872,3.872,3.872,
1990-02-15,3.996,3.996,3.996,3.996,
1990-02-16,3.955,3.955,3.955,3.955,
1990-02-20,3.903,3.903,3.903,3.903,
1990-02-21,3.924,3.924,3.924,3.924,
1990-02-22,3.883,3.883,3.883,3.883,
1990-02-23,3.883,3.883,3.883,3.883,
1990-02-26,3.975,3.975,3.975,3.975,
1990-02-27,3.986,3.986,3.986,3.986,
1990-02-28,3.872,3.872,3.872,3.872,
1990-03-01,3.831,3.831,3.831,3.831,
1990-03-02,3.852,3.852,3.852,3.852,
1990-03-05,3.811,3.811,3.811,3.811,
1990-03-06,3.883,3.883,3.883,3.883,
1990-03-07,3.831,3.831,3.831,3.831,
1990-03-08,3.852,3.852,3.852,3.852,
1990-03-09,3.821,3.821,3.821,3.821,
1990-03-12,3.831,3.831,3.831,3.831,
1990-03-13,3.759,3.759,3.759,3.759,
1990-03-14,3.831,3.831,3.831,3.831,
1990-03-15,3.862,3.862,3.862,3.862,
1990-03-16,3.914,3.914,3.914,3.914,
1990-03-19,3.914,3.914,3.914,3.914,
1990-03-20,3.852,3.852,3.852,3.852,
1990-03-21,3.811,3.811,3.811,3.811,
1990-03-22,3.79,3.79,3.79,3.79,
1990-03-23,3.8,3.8,3.8,3.8,
1990-03-26,3.769,3.769,3.769,3.769,
1990-03-27,3.841,3.841,3.841,3.841,
1990-03-28,3.811,3.811,3.811,3.811,
1990-03-29,3.8,3.8,3.8,3.8,
1990-03-30,3.811,3.811,3.811,3.811,
1990-04-02,3.811,3.811,3.811,3.811,
1990-04-03,3.883,3.883,3.883,3.883,
1990-04-04,3.831,3.831,3.831,3.831,
1990-04-05,3.811,3.811,3.811,3.811,
1990-04-06,3.8,3.8,3.8,3.8,
1990-04-09,3.79,3.79,3.79,3.79,
1990-04-10,3.79,3.79,3.79,3.79,
1990-04-11,3.759,3.759,3.759,3.759,
1990-04-12,3.769,3.769,3.769,3.769,
1990-04-16,3.759,3.759,3.759,3.759,
1990-04-17,3.769,3.769,3.769,3.769,
1990-04-18,3.749,3.749,3.749,3.749,
1990-04-19,3.79,3.79,3.79,3.79,
1990-04-20,3.821,3.821,3.821,3.821,
1990-04-23,3.769,3.769,3.769,3.769,
1990-04-24,3.728,3.728,3.728,3.728,
1990-04-25,3.728,3.728,3.728,3.728,
1990-04-26,3.759,3.759,3.759,3.759,
1990-04-27,3.708,3.708,3.708,3.708,
1990-04-30,3.728,3.728,3.728,3.728,
1990-05-01,3.718,3.718,3.718,3.718,
1990-05-02,3.78,3.78,3.78,3.78,
1990-05-03,3.821,3.821,3.821,3.821,
1990-05-04,3.831,3.831,3.831,3.831,
1990-05-07,3.831,3.831,3.831,3.831,
1990-05-08,3.819,3.819,3.819,3.819,
1990-05-09,3.84,3.84,3.84,3.84,
1990-05-10,3.892,3.892,3.892,3.892,
1990-05-11,3.996,3.996,3.996,3.996,
1990-05-14,4.006,4.006,4.006,4.006,
1990-05-15,3.965,3.965,3.965,3.965,
1990-05-16,3.996,3.996,3.996,3.996,
1990-05-17,3.996,3.996,3.996,3.996,
1990-05-18,3.986,3.986,3.986,3.986,
1990-05-21,3.996,3.996,3.996,3.996,
1990-05-22,3.996,3.996,3.996,3.996,
1990-05-23,3.954,3.954,3.954,3.954,
1990-05-24,3.933,3.933,3.933,3.933,
1990-05-25,3.881,3.881,3.881,3.881,
1990-05-29,3.975,3.975,3.975,3.975,
1990-05-30,3.986,3.986,3.986,3.986,
1990-05-31,4.006,4.006,4.006,4.006,
1990-06-01,3.986,3.986,3.986,3.986,
1990-06-04,4.027,4.027,4.027,4.027,
1990-06-05,4.027,4.027,4.027,4.027,
1990-06-06,3.996,3.996,3.996,3.996,
1990-06-07,3.975,3.975,3.975,3.975,
1990-06-08,3.923,3.923,3.923,3.923,
1990-06-11,3.996,3.996,3.996,3.996,
1990-06-12,4.079,4.079,4.079,4.079,
1990-06-13,4.017,4.017,4.017,4.017,
1990-06-14,4.017,4.017,4.017,4.017,
1990-06-15,3.996,3.996,3.996,3.996,
1990-06-18,3.965,3.965,3.965,3.965,
1990-06-19,3.954,3.954,3.954,3.954,
1990-06-20,3.996,3.996,3.996,3.996,
1990-06-21,4.059,4.059,4.059,4.059,
1990-06-22,3.996,3.996,3.996,3.996,
1990-06-25,3.944,3.944,3.944,3.944,
1990-06-26,3.923,3.923,3.923,3.923,
1990-06-27,4.006,4.006,4.006,4.006,
1990-06-28,4.027,4.027,4.027,4.027,
1990-06-29,3.996,3.996,3.996,3.996,
1990-07-02,3.986,3.986,3.986,3.986,
1990-07-03,3.954,3.954,3.954,3.954,
1990-07-05,3.902,3.902,3.902,3.902,
1990-07-06,3.986,3.986,3.986,3.986,
1990-07-09,3.954,3.954,3.954,3.954,
1990-07-10,3.902,3.902,3.902,3.902,
1990-07-11,3.996,3.996,3.996,3.996,
1990-07-12,4.111,4.111,4.111,4.111,
1990-07-13,4.069,4.069,4.069,4.069,
1990-07-16,4.069,4.069,4.069,4.069,
1990-07-17,4.059,4.059,4.059,4.059,
1990-07-18,4.048,4.048,4.048,4.048,
1990-07-19,4.173,4.173,4.173,4.173,
1990-07-20,4.059,4.059,4.059,4.059,
1990-07-23,3.996,3.996,3.996,3.996,
1990-07-24,4.173,4.173,4.173,4.173,
1990-07-25,4.142,4.142,4.142,4.142,
1990-07-26,4.079,4.079,4.079,4.079,
1990-07-27,4.111,4.111,4.111,4.111,
1990-07-30,4.236,4.236,4.236,4.236,
1990-07-31,4.33,4.33,4.33,4.33,
1990-08-01,4.351,4.351,4.351,4.351,
1990-08-02,4.445,4.445,4.445,4.445,
1990-08-03,4.434,4.434,4.434,4.434,
1990-08-06,4.528,4.528,4.528,4.528,
1990-08-07,4.505,4.505,4.505,4.505,
1990-08-08,4.368,4.368,4.368,4.368,
1990-08-09,4.378,4.378,4.378,4.378,
1990-08-10,4.357,4.357,4.357,4.357,
1990-08-13,4.421,4.421,4.421,4.421,
1990-08-14,4.41,4.41,4.41,4.41,
1990-08-15,4.389,4.389,4.389,4.389,
1990-08-16,4.368,4.368,4.368,4.368,
1990-08-17,4.399,4.399,4.399,4.399,
1990-08-20,4.452,4.452,4.452,4.452,
1990-08-21,4.378,4.378,4.378,4.378,
1990-08-22,4.336,4.336,4.336,4.336,
1990-08-23,4.188,4.188,4.188,4.188,
1990-08-24,4.125,4.125,4.125,4.125,
1990-08-27,4.188,4.188,4.188,4.188,
1990-08-28,4.231,4.231,4.231,4.231,
1990-08-29,4.21,4.21,4.21,4.21,
1990-08-30,4.125,4.125,4.125,4.125,
1990-08-31,4.22,4.22,4.22,4.22,
1990-09-04,4.231,4.231,4.231,4.231,
1990-09-05,4.294,4.294,4.294,4.294,
1990-09-06,4.252,4.252,4.252,4.252,
1990-09-07,4.294,4.294,4.294,4.294,
1990-09-10,4.252,4.252,4.252,4.252,
1990-09-11,4.294,4.294,4.294,4.294,
1990-09-12,4.336,4.336,4.336,4.336,
1990-09-13,4.283,4.283,4.283,4.283,
1990-09-14,4.336,4.336,4.336,4.336,
1990-09-17,4.357,4.357,4.357,4.357,
1990-09-18,4.326,4.326,4.326,4.326,
1990-09-19,4.326,4.326,4.326,4.326,
1990-09-20,4.315,4.315,4.315,4.315,
1990-09-21,4.326,4.326,4.326,4.326,
1990-09-24,4.262,4.262,4.262,4.262,
1990-09-25,4.262,4.262,4.262,4.262,
1990-09-26,4.21,4.21,4.21,4.21,
1990-09-27,4.199,4.199,4.199,4.199,
1990-09-28,4.136,4.136,4.136,4.136,
1990-10-01,4.188,4.188,4.188,4.188,
1990-10-02,4.178,4.178,4.178,4.178,
1990-10-03,4.188,4.188,4.188,4.188,
1990-10-04,4.252,4.252,4.252,4.252,
1990-10-05,4.21,4.21,4.21,4.21,
1990-10-08,4.252,4.252,4.252,4.252,
1990-10-09,4.199,4.199,4.199,4.199,
1990-10-10,4.115,4.115,4.115,4.115,
1990-10-11,4.062,4.062,4.062,4.062,
1990-10-12,4.093,4.093,4.093,4.093,
1990-10-15,4.157,4.157,4.157,4.157,
1990-10-16,4.104,4.104,4.104,4.104,
1990-10-17,4.093,4.093,4.093,4.093,
1990-10-18,4.093,4.093,4.093,4.093,
1990-10-19,4.21,4.21,4.21,4.21,
1990-10-22,4.188,4.188,4.188,4.188,
1990-10-23,4.093,4.093,4.093,4.093,
1990-10-24,4.093,4.093,4.093,4.093,
1990-10-25,4.03,4.03,4.03,4.03,
1990-10-26,3.988,3.988,3.988,3.988,
1990-10-29,4.02,4.02,4.02,4.02,
1990-10-30,4.125,4.125,4.125,4.125,
1990-10-31,4.136,4.136,4.136,4.136,
1990-11-01,4.199,4.199,4.199,4.199,
1990-11-02,4.188,4.188,4.188,4.188,
1990-11-05,4.192,4.192,4.192,4.192,
1990-11-06,4.214,4.214,4.214,4.214,
1990-11-07,4.128,4.128,4.128,4.128,
1990-11-08,4.214,4.214,4.214,4.214,
1990-11-09,4.31,4.31,4.31,4.31,
1990-11-12,4.299,4.299,4.299,4.299,
1990-11-13,4.278,4.278,4.278,4.278,
1990-11-14,4.299,4.299,4.299,4.299,
1990-11-15,4.278,4.278,4.278,4.278,
1990-11-16,4.31,4.31,4.31,4.31,
1990-11-19,4.331,4.331,4.331,4.331,
1990-11-20,4.331,4.331,4.331,4.331,
1990-11-21,4.342,4.342,4.342,4.342,
1990-11-23,4.374,4.374,4.374,4.374,
1990-11-26,4.363,4.363,4.363,4.363,
1990-11-27,4.31,4.31,4.31,4.31,
1990-11-28,4.31,4.31,4.31,4.31,
1990-11-29,4.299,4.299,4.299,4.299,
1990-11-30,4.331,4.331,4.331,4.331,
1990-12-03,4.342,4.342,4.342,4.342,
1990-12-04,4.31,4.31,4.31,4.31,
1990-12-05,4.299,4.299,4.299,4.299,
1990-12-06,4.246,4.246,4.246,4.246,
1990-12-07,4.214,4.214,4.214,4.214,
1990-12-10,4.246,4.246,4.246,4.246,
1990-12-11,4.256,4.256,4.256,4.256,
1990-12-12,4.31,4.31,4.31,4.31,
1990-12-13,4.321,4.321,4.321,4.321,
1990-12-14,4.342,4.342,4.342,4.342,
1990-12-17,4.363,4.363,4.363,4.363,
1990-12-18,4.363,4.363,4.363,4.363,
1990-12-19,4.321,4.321,4.321,4.321,
1990-12-20,4.31,4.31,4.31,4.31,
1990-12-21,4.342,4.342,4.342,4.342,
1990-12-24,4.385,4.385,4.385,4.385,
1990-12-26,4.428,4.428,4.428,4.428,
1990-12-27,4.385,4.385,4.385,4.385,
1990-12-28,4.417,4.417,4.417,4.417,
1990-12-31,4.428,4.428,4.428,4.428,
1991-01-02,4.342,4.342,4.342,4.342,
1991-01-03,4.363,4.363,4.363,4.363,
1991-01-04,4.406,4.406,4.406,4.406,
1991-01-07,4.353,4.353,4.353,4.353,
1991-01-08,4.342,4.342,4.342,4.342,
1991-01-09,4.267,4.267,4.267,4.267,
1991-01-10,4.31,4.31,4.31,4.31,
1991-01-11,4.267,4.267,4.267,4.267,
1991-01-14,4.278,4.278,4.278,4.278,
1991-01-15,4.267,4.267,4.267,4.267,
1991-01-16,4.256,4.256,4.256,4.256,
1991-01-17,4.353,4.353,4.353,4.353,
1991-01-18,4.417,4.417,4.417,4.417,
1991-01-21,4.385,4.385,4.385,4.385,
1991-01-22,4.353,4.353,4.353,4.353,
1991-01-23,4.449,4.449,4.449,4.449,
1991-01-24,4.449,4.449,4.449,4.449,
1991-01-25,4.502,4.502,4.502,4.502,
1991-01-28,4.492,4.492,4.492,4.492,
1991-01-29,4.449,4.449,4.449,4.449,
1991-01-30,4.428,4.428,4.428,4.428,
1991-01-31,4.417,4.417,4.417,4.417,
1991-02-01,4.321,4.321,4.321,4.321,
1991-02-04,4.385,4.385,4.385,4.385,
1991-02-05,4.389,4.389,4.389,4.389,
1991-02-06,4.584,4.584,4.584,4.584,
1991-02-07,4.66,4.66,4.66,4.66,
1991-02-08,4.605,4.605,4.605,4.605,
1991-02-11,4.725,4.725,4.725,4.725,
1991-02-12,4.627,4.627,4.627,4.627,
1991-02-13,4.746,4.746,4.746,4.746,
1991-02-14,4.66,4.66,4.66,4.66,
1991-02-15,4.627,4.627,4.627,4.627,
1991-02-19,4.638,4.638,4.638,4.638,
1991-02-20,4.649,4.649,4.649,4.649,
1991-02-21,4.67,4.67,4.67,4.67,
1991-02-22,4.66,4.66,4.66,4.66,
1991-02-25,4.67,4.67,4.67,4.67,
1991-02-26,4.66,4.66,4.66,4.66,
1991-02-27,4.833,4.833,4.833,4.833,
1991-02-28,4.779,4.779,4.779,4.779,
1991-03-01,4.833,4.833,4.833,4.833,
1991-03-04,4.735,4.735,4.735,4.735,
1991-03-05,4.757,4.757,4.757,4.757,
1991-03-06,4.757,4.757,4.757,4.757,
1991-03-07,4.79,4.79,4.79,4.79,
1991-03-08,4.8,4.8,4.8,4.8,
1991-03-11,4.811,4.811,4.811,4.811,
1991-03-12,4.876,4.876,4.876,4.876,
1991-03-13,4.963,4.963,4.963,4.963,
1991-03-14,4.941,4.941,4.941,4.941,
1991-03-15,4.952,4.952,4.952,4.952,
1991-03-18,4.887,4.887,4.887,4.887,
1991-03-19,4.887,4.887,4.887,4.887,
1991-03-20,4.952,4.952,4.952,4.952,
1991-03-21,4.963,4.963,4.963,4.963,
1991-03-22,5.017,5.017,5.017,5.017,
1991-03-25,5.126,5.126,5.126,5.126,
1991-03-26,5.158,5.158,5.158,5.158,
1991-03-27,5.061,5.061,5.061,5.061,
1991-03-28,5.071,5.071,5.071,5.071,
1991-04-01,4.985,4.985,4.985,4.985,
1991-04-02,5.104,5.104,5.104,5.104,
1991-04-03,5.017,5.017,5.017,5.017,
1991-04-04,4.985,4.985,4.985,4.985,
1991-04-05,4.974,4.974,4.974,4.974,
1991-04-08,4.995,4.995,4.995,4.995,
1991-04-09,4.941,4.941,4.941,4.941,
1991-04-10,4.952,4.952,4.952,4.952,
1991-04-11,5.05,5.05,5.05,5.05,
1991-04-12,5.18,5.18,5.18,5.18,
1991-04-15,5.158,5.158,5.158,5.158,
1991-04-16,5.212,5.212,5.212,5.212,
1991-04-17,5.212,5.212,5.212,5.212,
1991-04-18,5.191,5.191,5.191,5.191,
1991-04-19,5.212,5.212,5.212,5.212,
1991-04-22,5.212,5.212,5.212,5.212,
1991-04-23,5.277,5.277,5.277,5.277,
1991-04-24,5.277,5.277,5.277,5.277,
1991-04-25,5.126,5.126,5.126,5.126,
1991-04-26,5.158,5.158,5.158,5.158,
1991-04-29,5.126,5.126,5.126,5.126,
1991-04-30,5.158,5.158,5.158,5.158,
1991-05-01,5.234,5.234,5.234,5.234,
1991-05-02,5.169,5.169,5.169,5.169,
1991-05-03,5.136,5.136,5.136,5.136,
1991-05-06,5.104,5.104,5.104,5.104,
1991-05-07,5.053,5.053,5.053,5.053,
1991-05-08,5.108,5.108,5.108,5.108,
1991-05-09,5.228,5.228,5.228,5.228,
1991-05-10,5.075,5.075,5.075,5.075,
1991-05-13,5.042,5.042,5.042,5.042,
1991-05-14,4.932,4.932,4.932,4.932,
1991-05-15,4.943,4.943,4.943,4.943,
1991-05-16,5.053,5.053,5.053,5.053,
1991-05-17,5.086,5.086,5.086,5.086,
1991-05-20,5.108,5.108,5.108,5.108,
1991-05-21,5.174,5.174,5.174,5.174,
1991-05-22,5.174,5.174,5.174,5.174,
1991-05-23,5.152,5.152,5.152,5.152,
1991-05-24,5.141,5.141,5.141,5.141,
1991-05-28,5.141,5.141,5.141,5.141,
1991-05-29,5.152,5.152,5.152,5.152,
1991-05-30,5.13,5.13,5.13,5.13,
1991-05-31,5.108,5.108,5.108,5.108,
1991-06-03,5.163,5.163,5.163,5.163,
1991-06-04,5.13,5.13,5.13,5.13,
1991-06-05,5.075,5.075,5.075,5.075,
1991-06-06,5.108,5.108,5.108,5.108,
1991-06-07,5.042,5.042,5.042,5.042,
1991-06-10,5.086,5.086,5.086,5.086,
1991-06-11,5.13,5.13,5.13,5.13,
1991-06-12,5.053,5.053,5.053,5.053,
1991-06-13,5.075,5.075,5.075,5.075,
1991-06-14,5.108,5.108,5.108,5.108,
1991-06-17,5.042,5.042,5.042,5.042,
1991-06-18,4.998,4.998,4.998,4.998,
1991-06-19,4.998,4.998,4.998,4.998,
1991-06-20,5.097,5.097,5.097,5.097,
1991-06-21,5.13,5.13,5.13,5.13,
1991-06-24,5.097,5.097,5.097,5.097,
1991-06-25,5.13,5.13,5.13,5.13,
1991-06-26,5.195,5.195,5.195,5.195,
1991-06-27,5.174,5.174,5.174,5.174,
1991-06-28,5.097,5.097,5.097,5.097,
1991-07-01,5.25,5.25,5.25,5.25,
1991-07-02,5.152,5.152,5.152,5.152,
1991-07-03,5.031,5.031,5.031,5.031,
1991-07-05,5.042,5.042,5.042,5.042,
1991-07-08,5.13,5.13,5.13,5.13,
1991-07-09,5.053,5.053,5.053,5.053,
1991-07-10,5.031,5.031,5.031,5.031,
1991-07-11,5.075,5.075,5.075,5.075,
1991-07-12,5.152,5.152,5.152,5.152,
1991-07-15,5.185,5.185,5.185,5.185,
1991-07-16,5.174,5.174,5.174,5.174,
1991-07-17,5.25,5.25,5.25,5.25,
1991-07-18,5.25,5.25,5.25,5.25,
1991-07-19,5.228,5.228,5.228,5.228,
1991-07-22,5.217,5.217,5.217,5.217,
1991-07-23,5.13,5.13,5.13,5.13,
1991-07-24,5.163,5.163,5.163,5.163,
1991-07-25,5.185,5.185,5.185,5.185,
1991-07-26,5.152,5.152,5.152,5.152,
1991-07-29,5.195,5.195,5.195,5.195,
1991-07-30,5.217,5.217,5.217,5.217,
1991-07-31,5.206,5.206,5.206,5.206,
1991-08-01,5.206,5.206,5.206,5.206,
1991-08-02,5.152,5.152,5.152,5.152,
1991-08-05,5.119,5.119,5.119,5.119,
1991-08-06,5.239,5.239,5.239,5.239,
1991-08-07,5.221,5.221,5.221,5.221,
1991-08-08,5.155,5.155,5.155,5.155,
1991-08-09,5.099,5.099,5.099,5.099,
1991-08-12,5.11,5.11,5.11,5.11,
1991-08-13,5.132,5.132,5.132,5.132,
1991-08-14,5.077,5.077,5.077,5.077,
1991-08-15,5.099,5.099,5.099,5.099,
1991-08-16,5.099,5.099,5.099,5.099,
1991-08-19,5.11,5.11,5.11,5.11,
1991-08-20,5.099,5.099,5.099,5.099,
1991-08-21,5.166,5.166,5.166,5.166,
1991-08-22,5.188,5.188,5.188,5.188,
1991-08-23,5.232,5.232,5.232,5.232,
1991-08-26,5.188,5.188,5.188,5.188,
1991-08-27,5.199,5.199,5.199,5.199,
1991-08-28,5.277,5.277,5.277,5.277,
1991-08-29,5.221,5.221,5.221,5.221,
1991-08-30,5.166,5.166,5.166,5.166,
1991-09-03,5.144,5.144,5.144,5.144,
1991-09-04,5.132,5.132,5.132,5.132,
1991-09-05,5.21,5.21,5.21,5.21,
1991-09-06,5.232,5.232,5.232,5.232,
1991-09-09,5.221,5.221,5.221,5.221,
1991-09-10,5.199,5.199,5.199,5.199,
1991-09-11,5.221,5.221,5.221,5.221,
1991-09-12,5.221,5.221,5.221,5.221,
1991-09-13,5.177,5.177,5.177,5.177,
1991-09-16,5.288,5.288,5.288,5.288,
1991-09-17,5.265,5.265,5.265,5.265,
1991-09-18,5.254,5.254,5.254,5.254,
1991-09-19,5.265,5.265,5.265,5.265,
1991-09-20,5.232,5.232,5.232,5.232,
1991-09-23,5.199,5.199,5.199,5.199,
1991-09-24,5.277,5.277,5.277,5.277,
1991-09-25,5.265,5.265,5.265,5.265,
1991-09-26,5.21,5.21,5.21,5.21,
1991-09-27,5.21,5.21,5.21,5.21,
1991-09-30,5.277,5.277,5.277,5.277,
1991-10-01,5.343,5.343,5.343,5.343,
1991-10-02,5.343,5.343,5.343,5.343,
1991-10-03,5.277,5.277,5.277,5.277,
1991-10-04,5.243,5.243,5.243,5.243,
1991-10-07,5.254,5.254,5.254,5.254,
1991-10-08,5.332,5.332,5.332,5.332,
1991-10-09,5.265,5.265,5.265,5.265,
1991-10-10,5.343,5.343,5.343,5.343,
1991-10-11,5.332,5.332,5.332,5.332,
1991-10-14,5.399,5.399,5.399,5.399,
1991-10-15,5.399,5.399,5.399,5.399,
1991-10-16,5.365,5.365,5.365,5.365,
1991-10-17,5.41,5.41,5.41,5.41,
1991-10-18,5.454,5.454,5.454,5.454,
1991-10-21,5.432,5.432,5.432,5.432,
1991-10-22,5.421,5.421,5.421,5.421,
1991-10-23,5.399,5.399,5.399,5.399,
1991-10-24,5.365,5.365,5.365,5.365,
1991-10-25,5.376,5.376,5.376,5.376,
1991-10-28,5.476,5.476,5.476,5.476,
1991-10-29,5.465,5.465,5.465,5.465,
1991-10-30,5.421,5.421,5.421,5.421,
1991-10-31,5.41,5.41,5.41,5.41,
1991-11-01,5.365,5.365,5.365,5.365,
1991-11-04,5.465,5.465,5.465,5.465,
1991-11-05,5.447,5.447,5.447,5.447,
1991-11-06,5.48,5.48,5.48,5.48,
1991-11-07,5.435,5.435,5.435,5.435,
1991-11-08,5.391,5.391,5.391,5.391,
1991-11-11,5.402,5.402,5.402,5.402,
1991-11-12,5.402,5.402,5.402,5.402,
1991-11-13,5.402,5.402,5.402,5.402,
1991-11-14,5.357,5.357,5.357,5.357,
1991-11-15,5.133,5.133,5.133,5.133,
1991-11-18,5.223,5.223,5.223,5.223,
1991-11-19,5.29,5.29,5.29,5.29,
1991-11-20,5.234,5.234,5.234,5.234,
1991-11-21,5.267,5.267,5.267,5.267,
1991-11-22,5.178,5.178,5.178,5.178,
1991-11-25,5.211,5.211,5.211,5.211,
1991-11-26,5.223,5.223,5.223,5.223,
1991-11-27,5.234,5.234,5.234,5.234,
1991-11-29,5.256,5.256,5.256,5.256,
1991-12-02,5.323,5.323,5.323,5.323,
1991-12-03,5.245,5.245,5.245,5.245,
1991-12-04,5.189,5.189,5.189,5.189,
1991-12-05,5.122,5.122,5.122,5.122,
1991-12-06,5.122,5.122,5.122,5.122,
1991-12-09,5.032,5.032,5.032,5.032,
1991-12-10,5.054,5.054,5.054,5.054,
1991-12-11,5.088,5.088,5.088,5.088,
1991-12-12,5.166,5.166,5.166,5.166,
1991-12-13,5.2,5.2,5.2,5.2,
1991-12-16,5.189,5.189,5.189,5.189,
1991-12-17,5.2,5.2,5.2,5.2,
1991-12-18,5.223,5.223,5.223,5.223,
1991-12-19,5.267,5.267,5.267,5.267,
1991-12-20,5.301,5.301,5.301,5.301,
1991-12-23,5.245,5.245,5.245,5.245,
1991-12-24,5.155,5.155,5.155,5.155,
1991-12-26,5.144,5.144,5.144,5.144,
1991-12-27,5.223,5.223,5.223,5.223,
1991-12-30,5.245,5.245,5.245,5.245,
1991-12-31,5.458,5.458,5.458,5.458,
1992-01-02,5.379,5.379,5.379,5.379,
1992-01-03,5.391,5.391,5.391,5.391,
1992-01-06,5.346,5.346,5.346,5.346,
1992-01-07,5.312,5.312,5.312,5.312,
1992-01-08,5.245,5.245,5.245,5.245,
1992-01-09,5.211,5.211,5.211,5.211,
1992-01-10,5.267,5.267,5.267,5.267,
1992-01-13,5.312,5.312,5.312,5.312,
1992-01-14,5.402,5.402,5.402,5.402,
1992-01-15,5.335,5.335,5.335,5.335,
1992-01-16,5.301,5.301,5.301,5.301,
1992-01-17,5.368,5.368,5.368,5.368,
1992-01-20,5.379,5.379,5.379,5.379,
1992-01-21,5.458,5.458,5.458,5.458,
1992-01-22,5.335,5.335,5.335,5.335,
1992-01-23,5.29,5.29,5.29,5.29,
1992-01-24,5.402,5.402,5.402,5.402,
1992-01-27,5.424,5.424,5.424,5.424,
1992-01-28,5.413,5.413,5.413,5.413,
1992-01-29,5.323,5.323,5.323,5.323,
1992-01-30,5.29,5.29,5.29,5.29,
1992-01-31,5.223,5.223,5.223,5.223,
1992-02-03,5.301,5.301,5.301,5.301,
1992-02-04,5.335,5.335,5.335,5.335,
1992-02-05,5.259,5.259,5.259,5.259,
1992-02-06,5.316,5.316,5.316,5.316,
1992-02-07,5.305,5.305,5.305,5.305,
1992-02-10,5.293,5.293,5.293,5.293,
1992-02-11,5.271,5.271,5.271,5.271,
1992-02-12,5.327,5.327,5.327,5.327,
1992-02-13,5.282,5.282,5.282,5.282,
1992-02-14,5.282,5.282,5.282,5.282,
1992-02-18,5.18,5.18,5.18,5.18,
1992-02-19,5.191,5.191,5.191,5.191,
1992-02-20,5.259,5.259,5.259,5.259,
1992-02-21,5.248,5.248,5.248,5.248,
1992-02-24,5.225,5.225,5.225,5.225,
1992-02-25,5.191,5.191,5.191,5.191,
1992-02-26,5.225,5.225,5.225,5.225,
1992-02-27,5.191,5.191,5.191,5.191,
1992-02-28,5.18,5.18,5.18,5.18,
1992-03-02,5.078,5.078,5.078,5.078,
1992-03-03,5.044,5.044,5.044,5.044,
1992-03-04,4.987,4.987,4.987,4.987,
1992-03-05,5.044,5.044,5.044,5.044,
1992-03-06,5.044,5.044,5.044,5.044,
1992-03-09,5.033,5.033,5.033,5.033,
1992-03-10,5.021,5.021,5.021,5.021,
1992-03-11,5.021,5.021,5.021,5.021,
1992-03-12,5.123,5.123,5.123,5.123,
1992-03-13,5.18,5.18,5.18,5.18,
1992-03-16,5.157,5.157,5.157,5.157,
1992-03-17,5.157,5.157,5.157,5.157,
1992-03-18,5.055,5.055,5.055,5.055,
1992-03-19,5.021,5.021,5.021,5.021,
1992-03-20,4.965,4.965,4.965,4.965,
1992-03-23,5.01,5.01,5.01,5.01,
1992-03-24,4.999,4.999,4.999,4.999,
1992-03-25,4.987,4.987,4.987,4.987,
1992-03-26,5.055,5.055,5.055,5.055,
1992-03-27,4.999,4.999,4.999,4.999,
1992-03-30,4.987,4.987,4.987,4.987,
1992-03-31,4.965,4.965,4.965,4.965,
1992-04-01,4.999,4.999,4.999,4.999,
1992-04-02,4.965,4.965,4.965,4.965,
1992-04-03,5.067,5.067,5.067,5.067,
1992-04-06,5.237,5.237,5.237,5.237,
1992-04-07,5.135,5.135,5.135,5.135,
1992-04-08,5.191,5.191,5.191,5.191,
1992-04-09,5.191,5.191,5.191,5.191,
1992-04-10,5.225,5.225,5.225,5.225,
1992-04-13,5.135,5.135,5.135,5.135,
1992-04-14,5.225,5.225,5.225,5.225,
1992-04-15,5.35,5.35,5.35,5.35,
1992-04-16,5.327,5.327,5.327,5.327,
1992-04-20,5.316,5.316,5.316,5.316,
1992-04-21,5.361,5.361,5.361,5.361,
1992-04-22,5.259,5.259,5.259,5.259,
1992-04-23,5.373,5.373,5.373,5.373,
1992-04-24,5.339,5.339,5.339,5.339,
1992-04-27,5.327,5.327,5.327,5.327,
1992-04-28,5.373,5.373,5.373,5.373,
1992-04-29,5.373,5.373,5.373,5.373,
1992-04-30,5.441,5.441,5.441,5.441,
1992-05-01,5.373,5.373,5.373,5.373,
1992-05-04,5.441,5.441,5.441,5.441,
1992-05-05,5.429,5.429,5.429,5.429,
1992-05-06,5.384,5.384,5.384,5.384,
1992-05-07,5.381,5.381,5.381,5.381,
1992-05-08,5.404,5.404,5.404,5.404,
1992-05-11,5.462,5.462,5.462,5.462,
1992-05-12,5.404,5.404,5.404,5.404,
1992-05-13,5.462,5.462,5.462,5.462,
1992-05-14,5.507,5.507,5.507,5.507,
1992-05-15,5.439,5.439,5.439,5.439,
1992-05-18,5.485,5.485,5.485,5.485,
1992-05-19,5.507,5.507,5.507,5.507,
1992-05-20,5.439,5.439,5.439,5.439,
1992-05-21,5.473,5.473,5.473,5.473,
1992-05-22,5.553,5.553,5.553,5.553,
1992-05-26,5.875,5.875,5.875,5.875,
1992-05-27,5.668,5.668,5.668,5.668,
1992-05-28,5.691,5.691,5.691,5.691,
1992-05-29,5.565,5.565,5.565,5.565,
1992-06-01,5.634,5.634,5.634,5.634,
1992-06-02,5.634,5.634,5.634,5.634,
1992-06-03,5.771,5.771,5.771,5.771,
1992-06-04,5.783,5.783,5.783,5.783,
1992-06-05,5.76,5.76,5.76,5.76,
1992-06-08,5.737,5.737,5.737,5.737,
1992-06-09,5.829,5.829,5.829,5.829,
1992-06-10,5.771,5.771,5.771,5.771,
1992-06-11,5.806,5.806,5.806,5.806,
1992-06-12,5.68,5.68,5.68,5.68,
1992-06-15,5.703,5.703,5.703,5.703,
1992-06-16,5.703,5.703,5.703,5.703,
1992-06-17,5.703,5.703,5.703,5.703,
1992-06-18,5.634,5.634,5.634,5.634,
1992-06-19,5.725,5.725,5.725,5.725,
1992-06-22,5.691,5.691,5.691,5.691,
1992-06-23,5.634,5.634,5.634,5.634,
1992-06-24,5.645,5.645,5.645,5.645,
1992-06-25,5.634,5.634,5.634,5.634,
1992-06-26,5.645,5.645,5.645,5.645,
1992-06-29,5.714,5.714,5.714,5.714,
1992-06-30,5.68,5.68,5.68,5.68,
1992-07-01,5.668,5.668,5.668,5.668,
1992-07-02,5.68,5.68,5.68,5.68,
1992-07-06,5.703,5.703,5.703,5.703,
1992-07-07,5.668,5.668,5.668,5.668,
1992-07-08,5.668,5.668,5.668,5.668,
1992-07-09,5.657,5.657,5.657,5.657,
1992-07-10,5.645,5.645,5.645,5.645,
1992-07-13,5.611,5.611,5.611,5.611,
1992-07-14,5.691,5.691,5.691,5.691,
1992-07-15,5.634,5.634,5.634,5.634,
1992-07-16,5.737,5.737,5.737,5.737,
1992-07-17,5.703,5.703,5.703,5.703,
1992-07-20,5.703,5.703,5.703,5.703,
1992-07-21,5.668,5.668,5.668,5.668,
1992-07-22,5.691,5.691,5.691,5.691,
1992-07-23,5.783,5.783,5.783,5.783,
1992-07-24,5.725,5.725,5.725,5.725,
1992-07-27,5.691,5.691,5.691,5.691,
1992-07-28,5.703,5.703,5.703,5.703,
1992-07-29,5.691,5.691,5.691,5.691,
1992-07-30,5.817,5.817,5.817,5.817,
1992-07-31,5.829,5.829,5.829,5.829,
1992-08-03,5.898,5.898,5.898,5.898,
1992-08-04,5.966,5.966,5.966,5.966,
1992-08-05,5.875,5.875,5.875,5.875,
1992-08-06,5.863,5.863,5.863,5.863,
1992-08-07,5.895,5.895,5.895,5.895,
1992-08-10,5.976,5.976,5.976,5.976,
1992-08-11,5.976,5.976,5.976,5.976,
1992-08-12,5.884,5.884,5.884,5.884,
1992-08-13,5.953,5.953,5.953,5.953,
1992-08-14,5.942,5.942,5.942,5.942,
1992-08-17,5.907,5.907,5.907,5.907,
1992-08-18,5.976,5.976,5.976,5.976,
1992-08-19,6.023,6.023,6.023,6.023,
1992-08-20,6.069,6.069,6.069,6.069,
1992-08-21,5.872,5.872,5.872,5.872,
1992-08-24,5.965,5.965,5.965,5.965,
1992-08-25,5.918,5.918,5.918,5.918,
1992-08-26,5.942,5.942,5.942,5.942,
1992-08-27,5.907,5.907,5.907,5.907,
1992-08-28,5.953,5.953,5.953,5.953,
1992-08-31,5.965,5.965,5.965,5.965,
1992-09-01,5.976,5.976,5.976,5.976,
1992-09-02,5.965,5.965,5.965,5.965,
1992-09-03,5.779,5.779,5.779,5.779,
1992-09-04,5.802,5.802,5.802,5.802,
1992-09-08,5.802,5.802,5.802,5.802,
1992-09-09,5.826,5.826,5.826,5.826,
1992-09-10,5.837,5.837,5.837,5.837,
1992-09-11,5.837,5.837,5.837,5.837,
1992-09-14,5.826,5.826,5.826,5.826,
1992-09-15,5.791,5.791,5.791,5.791,
1992-09-16,5.86,5.86,5.86,5.86,
1992-09-17,5.86,5.86,5.86,5.86,
1992-09-18,5.942,5.942,5.942,5.942,
1992-09-21,5.953,5.953,5.953,5.953,
1992-09-22,5.907,5.907,5.907,5.907,
1992-09-23,5.953,5.953,5.953,5.953,
1992-09-24,5.918,5.918,5.918,5.918,
1992-09-25,5.895,5.895,5.895,5.895,
1992-09-28,6.0,6.0,6.0,6.0,
1992-09-29,5.93,5.93,5.93,5.93,
1992-09-30,5.93,5.93,5.93,5.93,
1992-10-01,5.918,5.918,5.918,5.918,
1992-10-02,5.872,5.872,5.872,5.872,
1992-10-05,5.802,5.802,5.802,5.802,
1992-10-06,5.768,5.768,5.768,5.768,
1992-10-07,5.744,5.744,5.744,5.744,
1992-10-08,5.837,5.837,5.837,5.837,
1992-10-09,5.721,5.721,5.721,5.721,
1992-10-12,5.709,5.709,5.709,5.709,
1992-10-13,5.733,5.733,5.733,5.733,
1992-10-14,5.768,5.768,5.768,5.768,
1992-10-15,5.826,5.826,5.826,5.826,
1992-10-16,5.86,5.86,5.86,5.86,
1992-10-19,5.872,5.872,5.872,5.872,
1992-10-20,5.814,5.814,5.814,5.814,
1992-10-21,5.814,5.814,5.814,5.814,
1992-10-22,5.756,5.756,5.756,5.756,
1992-10-23,5.756,5.756,5.756,5.756,
1992-10-26,5.744,5.744,5.744,5.744,
1992-10-27,5.826,5.826,5.826,5.826,
1992-10-28,5.802,5.802,5.802,5.802,
1992-10-29,5.768,5.768,5.768,5.768,
1992-10-30,5.686,5.686,5.686,5.686,
1992-11-02,5.593,5.593,5.593,5.593,
1992-11-03,5.524,5.524,5.524,5.524,
1992-11-04,5.559,5.559,5.559,5.559,
1992-11-05,5.568,5.568,5.568,5.568,
1992-11-06,5.474,5.474,5.474,5.474,
1992-11-09,5.497,5.497,5.497,5.497,
1992-11-10,5.532,5.532,5.532,5.532,
1992-11-11,5.497,5.497,5.497,5.497,
1992-11-12,5.521,5.521,5.521,5.521,
1992-11-13,5.568,5.568,5.568,5.568,
1992-11-16,5.532,5.532,5.532,5.532,
1992-11-17,5.521,5.521,5.521,5.521,
1992-11-18,5.638,5.638,5.638,5.638,
1992-11-19,5.638,5.638,5.638,5.638,
1992-11-20,5.709,5.709,5.709,5.709,
1992-11-23,5.615,5.615,5.615,5.615,
1992-11-24,5.603,5.603,5.603,5.603,
1992-11-25,5.626,5.626,5.626,5.626,
1992-11-27,5.591,5.591,5.591,5.591,
1992-11-30,5.591,5.591,5.591,5.591,
1992-12-01,5.544,5.544,5.544,5.544,
1992-12-02,5.497,5.497,5.497,5.497,
1992-12-03,5.521,5.521,5.521,5.521,
1992-12-04,5.626,5.626,5.626,5.626,
1992-12-07,5.638,5.638,5.638,5.638,
1992-12-08,5.673,5.673,5.673,5.673,
1992-12-09,5.697,5.697,5.697,5.697,
1992-12-10,5.755,5.755,5.755,5.755,
1992-12-11,5.72,5.72,5.72,5.72,
1992-12-14,5.685,5.685,5.685,5.685,
1992-12-15,5.744,5.744,5.744,5.744,
1992-12-16,5.744,5.744,5.744,5.744,
1992-12-17,5.826,5.826,5.826,5.826,
1992-12-18,5.908,5.908,5.908,5.908,
1992-12-21,5.908,5.908,5.908,5.908,
1992-12-22,5.861,5.861,5.861,5.861,
1992-12-23,5.814,5.814,5.814,5.814,
1992-12-24,5.838,5.838,5.838,5.838,
1992-12-28,5.873,5.873,5.873,5.873,
1992-12-29,5.791,5.791,5.791,5.791,
1992-12-30,5.767,5.767,5.767,5.767,
1992-12-31,5.744,5.744,5.744,5.744,
1993-01-04,5.767,5.767,5.767,5.767,
1993-01-05,5.826,5.826,5.826,5.826,
1993-01-06,5.802,5.802,5.802,5.802,
1993-01-07,5.791,5.791,5.791,5.791,
1993-01-08,5.697,5.697,5.697,5.697,
1993-01-11,5.685,5.685,5.685,5.685,
1993-01-12,5.638,5.638,5.638,5.638,
1993-01-13,5.662,5.662,5.662,5.662,
1993-01-14,5.673,5.673,5.673,5.673,
1993-01-15,5.65,5.65,5.65,5.65,
1993-01-18,5.579,5.579,5.579,5.579,
1993-01-19,5.532,5.532,5.532,5.532,
1993-01-20,5.497,5.497,5.497,5.497,
1993-01-21,5.462,5.462,5.462,5.462,
1993-01-22,5.462,5.462,5.462,5.462,
1993-01-25,5.697,5.697,5.697,5.697,
1993-01-26,5.755,5.755,5.755,5.755,
1993-01-27,5.685,5.685,5.685,5.685,
1993-01-28,5.791,5.791,5.791,5.791,
1993-01-29,5.744,5.744,5.744,5.744,
1993-02-01,5.779,5.779,5.779,5.779,
1993-02-02,5.849,5.849,5.849,5.849,
1993-02-03,5.873,5.873,5.873,5.873,
1993-02-04,5.894,5.894,5.894,5.894,
1993-02-05,5.882,5.882,5.882,5.882,
1993-02-08,5.977,5.977,5.977,5.977,
1993-02-09,5.941,5.941,5.941,5.941,
1993-02-10,5.93,5.93,5.93,5.93,
1993-02-11,5.93,5.93,5.93,5.93,
1993-02-12,5.87,5.87,5.87,5.87,
1993-02-16,5.906,5.906,5.906,5.906,
1993-02-17,5.87,5.87,5.87,5.87,
1993-02-18,5.882,5.882,5.882,5.882,
1993-02-19,6.108,6.108,6.108,6.108,
1993-02-22,6.132,6.132,6.132,6.132,
1993-02-23,6.036,6.036,6.036,6.036,
1993-02-24,6.036,6.036,6.036,6.036,
1993-02-25,6.048,6.048,6.048,6.048,
1993-02-26,6.048,6.048,6.048,6.048,
1993-03-01,6.072,6.072,6.072,6.072,
1993-03-02,6.132,6.132,6.132,6.132,
1993-03-03,6.084,6.084,6.084,6.084,
1993-03-04,6.12,6.12,6.12,6.12,
1993-03-05,6.013,6.013,6.013,6.013,
1993-03-08,6.132,6.132,6.132,6.132,
1993-03-09,6.096,6.096,6.096,6.096,
1993-03-10,6.072,6.072,6.072,6.072,
1993-03-11,6.025,6.025,6.025,6.025,
1993-03-12,5.953,5.953,5.953,5.953,
1993-03-15,6.013,6.013,6.013,6.013,
1993-03-16,6.084,6.084,6.084,6.084,
1993-03-17,6.096,6.096,6.096,6.096,
1993-03-18,6.167,6.167,6.167,6.167,
1993-03-19,6.143,6.143,6.143,6.143,
1993-03-22,6.167,6.167,6.167,6.167,
1993-03-23,6.143,6.143,6.143,6.143,
1993-03-24,6.179,6.179,6.179,6.179,
1993-03-25,6.238,6.238,6.238,6.238,
1993-03-26,6.203,6.203,6.203,6.203,
1993-03-29,6.298,6.298,6.298,6.298,
1993-03-30,6.322,6.322,6.322,6.322,
1993-03-31,6.286,6.286,6.286,6.286,
1993-04-01,6.227,6.227,6.227,6.227,
1993-04-02,6.286,6.286,6.286,6.286,
1993-04-05,6.369,6.369,6.369,6.369,
1993-04-06,6.429,6.429,6.429,6.429,
1993-04-07,6.488,6.488,6.488,6.488,
1993-04-08,6.464,6.464,6.464,6.464,
1993-04-12,6.536,6.536,6.536,6.536,
1993-04-13,6.512,6.512,6.512,6.512,
1993-04-14,6.524,6.524,6.524,6.524,
1993-04-15,6.464,6.464,6.464,6.464,
1993-04-16,6.559,6.559,6.559,6.559,
1993-04-19,6.452,6.452,6.452,6.452,
1993-04-20,6.334,6.334,6.334,6.334,
1993-04-21,6.298,6.298,6.298,6.298,
1993-04-22,6.262,6.262,6.262,6.262,
1993-04-23,6.108,6.108,6.108,6.108,
1993-04-26,6.12,6.12,6.12,6.12,
1993-04-27,6.215,6.215,6.215,6.215,
1993-04-28,6.25,6.25,6.25,6.25,
1993-04-29,6.274,6.274,6.274,6.274,
1993-04-30,6.274,6.274,6.274,6.274,
1993-05-03,6.298,6.298,6.298,6.298,
1993-05-04,6.227,6.227,6.227,6.227,
1993-05-05,6.167,6.167,6.167,6.167,
1993-05-06,6.215,6.215,6.215,6.215,
1993-05-07,6.164,6.164,6.164,6.164,
1993-05-10,6.116,6.116,6.116,6.116,
1993-05-11,6.128,6.128,6.128,6.128,
1993-05-12,6.164,6.164,6.164,6.164,
1993-05-13,6.104,6.104,6.104,6.104,
1993-05-14,6.128,6.128,6.128,6.128,
1993-05-17,6.188,6.188,6.188,6.188,
1993-05-18,6.176,6.176,6.176,6.176,
1993-05-19,6.212,6.212,6.212,6.212,
1993-05-20,6.272,6.272,6.272,6.272,
1993-05-21,6.224,6.224,6.224,6.224,
1993-05-24,6.248,6.248,6.248,6.248,
1993-05-25,6.248,6.248,6.248,6.248,
1993-05-26,6.212,6.212,6.212,6.212,
1993-05-27,6.236,6.236,6.236,6.236,
1993-05-28,6.296,6.296,6.296,6.296,
1993-06-01,6.26,6.26,6.26,6.26,
1993-06-02,6.236,6.236,6.236,6.236,
1993-06-03,6.248,6.248,6.248,6.248,
1993-06-04,6.272,6.272,6.272,6.272,
1993-06-07,6.284,6.284,6.284,6.284,
1993-06-08,6.368,6.368,6.368,6.368,
1993-06-09,6.476,6.476,6.476,6.476,
1993-06-10,6.44,6.44,6.44,6.44,
1993-06-11,6.272,6.272,6.272,6.272,
1993-06-14,6.296,6.296,6.296,6.296,
1993-06-15,6.224,6.224,6.224,6.224,
1993-06-16,6.368,6.368,6.368,6.368,
1993-06-17,6.452,6.452,6.452,6.452,
1993-06-18,6.32,6.32,6.32,6.32,
1993-06-21,6.296,6.296,6.296,6.296,
1993-06-22,6.356,6.356,6.356,6.356,
1993-06-23,6.272,6.272,6.272,6.272,
1993-06-24,6.296,6.296,6.296,6.296,
1993-06-25,6.284,6.284,6.284,6.284,
1993-06-28,6.356,6.356,6.356,6.356,
1993-06-29,6.272,6.272,6.272,6.272,
1993-06-30,6.356,6.356,6.356,6.356,
1993-07-01,6.26,6.26,6.26,6.26,
1993-07-02,6.212,6.212,6.212,6.212,
1993-07-06,6.152,6.152,6.152,6.152,
1993-07-07,6.176,6.176,6.176,6.176,
1993-07-08,6.188,6.188,6.188,6.188,
1993-07-09,6.14,6.14,6.14,6.14,
1993-07-12,6.2,6.2,6.2,6.2,
1993-07-13,6.224,6.224,6.224,6.224,
1993-07-14,6.212,6.212,6.212,6.212,
1993-07-15,6.176,6.176,6.176,6.176,
1993-07-16,6.104,6.104,6.104,6.104,
1993-07-19,6.224,6.224,6.224,6.224,
1993-07-20,6.164,6.164,6.164,6.164,
1993-07-21,6.164,6.164,6.164,6.164,
1993-07-22,6.164,6.164,6.164,6.164,
1993-07-23,6.26,6.26,6.26,6.26,
1993-07-26,6.308,6.308,6.308,6.308,
1993-07-27,6.404,6.404,6.404,6.404,
1993-07-28,6.392,6.392,6.392,6.392,
1993-07-29,6.356,6.356,6.356,6.356,
1993-07-30,6.308,6.308,6.308,6.308,
1993-08-02,6.344,6.344,6.344,6.344,
1993-08-03,6.26,6.26,6.26,6.26,
1993-08-04,6.2,6.2,6.2,6.2,
1993-08-05,6.152,6.152,6.152,6.152,
1993-08-06,6.224,6.224,6.224,6.224,
1993-08-09,6.282,6.282,6.282,6.282,
1993-08-10,6.306,6.306,6.306,6.306,
1993-08-11,6.257,6.257,6.257,6.257,
1993-08-12,6.282,6.282,6.282,6.282,
1993-08-13,6.306,6.306,6.306,6.306,
1993-08-16,6.294,6.294,6.294,6.294,
1993-08-17,6.197,6.197,6.197,6.197,
1993-08-18,6.233,6.233,6.233,6.233,
1993-08-19,6.27,6.27,6.27,6.27,
1993-08-20,6.294,6.294,6.294,6.294,
1993-08-23,6.282,6.282,6.282,6.282,
1993-08-24,6.33,6.33,6.33,6.33,
1993-08-25,6.403,6.403,6.403,6.403,
1993-08-26,6.44,6.44,6.44,6.44,
1993-08-27,6.355,6.355,6.355,6.355,
1993-08-30,6.33,6.33,6.33,6.33,
1993-08-31,6.355,6.355,6.355,6.355,
1993-09-01,6.33,6.33,6.33,6.33,
1993-09-02,6.257,6.257,6.257,6.257,
1993-09-03,6.367,6.367,6.367,6.367,
1993-09-07,6.318,6.318,6.318,6.318,
1993-09-08,6.367,6.367,6.367,6.367,
1993-09-09,6.306,6.306,6.306,6.306,
1993-09-10,6.379,6.379,6.379,6.379,
1993-09-13,6.355,6.355,6.355,6.355,
1993-09-14,6.367,6.367,6.367,6.367,
1993-09-15,6.427,6.427,6.427,6.427,
1993-09-16,6.367,6.367,6.367,6.367,
1993-09-17,6.318,6.318,6.318,6.318,
1993-09-20,6.294,6.294,6.294,6.294,
1993-09-21,6.33,6.33,6.33,6.33,
1993-09-22,6.306,6.306,6.306,6.306,
1993-09-23,6.27,6.27,6.27,6.27,
1993-09-24,6.367,6.367,6.367,6.367,
1993-09-27,6.367,6.367,6.367,6.367,
1993-09-28,6.379,6.379,6.379,6.379,
1993-09-29,6.476,6.476,6.476,6.476,
1993-09-30,6.367,6.367,6.367,6.367,
1993-10-01,6.44,6.44,6.44,6.44,
1993-10-04,6.379,6.379,6.379,6.379,
1993-10-05,6.391,6.391,6.391,6.391,
1993-10-06,6.367,6.367,6.367,6.367,
1993-10-07,6.367,6.367,6.367,6.367,
1993-10-08,6.355,6.355,6.355,6.355,
1993-10-11,6.318,6.318,6.318,6.318,
1993-10-12,6.33,6.33,6.33,6.33,
1993-10-13,6.27,6.27,6.27,6.27,
1993-10-14,6.294,6.294,6.294,6.294,
1993-10-15,6.342,6.342,6.342,6.342,
1993-10-18,6.294,6.294,6.294,6.294,
1993-10-19,6.306,6.306,6.306,6.306,
1993-10-20,6.318,6.318,6.318,6.318,
1993-10-21,6.282,6.282,6.282,6.282,
1993-10-22,6.282,6.282,6.282,6.282,
1993-10-25,6.379,6.379,6.379,6.379,
1993-10-26,6.391,6.391,6.391,6.391,
1993-10-27,6.379,6.379,6.379,6.379,
1993-10-28,6.403,6.403,6.403,6.403,
1993-10-29,6.355,6.355,6.355,6.355,
1993-11-01,6.33,6.33,6.33,6.33,
1993-11-02,6.318,6.318,6.318,6.318,
1993-11-03,6.282,6.282,6.282,6.282,
1993-11-04,6.282,6.282,6.282,6.282,
1993-11-05,6.316,6.316,6.316,6.316,
1993-11-08,6.291,6.291,6.291,6.291,
1993-11-09,6.279,6.279,6.279,6.279,
1993-11-10,6.316,6.316,6.316,6.316,
1993-11-11,6.266,6.266,6.266,6.266,
1993-11-12,6.23,6.23,6.23,6.23,
1993-11-15,6.168,6.168,6.168,6.168,
1993-11-16,6.168,6.168,6.168,6.168,
1993-11-17,6.266,6.266,6.266,6.266,
1993-11-18,6.34,6.34,6.34,6.34,
1993-11-19,6.316,6.316,6.316,6.316,
1993-11-22,6.316,6.316,6.316,6.316,
1993-11-23,6.279,6.279,6.279,6.279,
1993-11-24,6.217,6.217,6.217,6.217,
1993-11-26,6.07,6.07,6.07,6.07,
1993-11-29,6.082,6.082,6.082,6.082,
1993-11-30,6.168,6.168,6.168,6.168,
1993-12-01,6.094,6.094,6.094,6.094,
1993-12-02,6.119,6.119,6.119,6.119,
1993-12-03,6.156,6.156,6.156,6.156,
1993-12-06,6.168,6.168,6.168,6.168,
1993-12-07,6.156,6.156,6.156,6.156,
1993-12-08,6.119,6.119,6.119,6.119,
1993-12-09,6.119,6.119,6.119,6.119,
1993-12-10,6.18,6.18,6.18,6.18,
1993-12-13,6.18,6.18,6.18,6.18,
1993-12-14,6.193,6.193,6.193,6.193,
1993-12-15,6.205,6.205,6.205,6.205,
1993-12-16,6.242,6.242,6.242,6.242,
1993-12-17,6.291,6.291,6.291,6.291,
1993-12-20,6.266,6.266,6.266,6.266,
1993-12-21,6.205,6.205,6.205,6.205,
1993-12-22,6.193,6.193,6.193,6.193,
1993-12-23,6.193,6.193,6.193,6.193,
1993-12-27,6.316,6.316,6.316,6.316,
1993-12-28,6.291,6.291,6.291,6.291,
1993-12-29,6.254,6.254,6.254,6.254,
1993-12-30,6.254,6.254,6.254,6.254,
1993-12-31,6.205,6.205,6.205,6.205,
1994-01-03,6.266,6.266,6.266,6.266,
1994-01-04,6.316,6.316,6.316,6.316,
1994-01-05,6.352,6.352,6.352,6.352,
1994-01-06,6.316,6.316,6.316,6.316,
1994-01-07,6.266,6.266,6.266,6.266,
1994-01-10,6.352,6.352,6.352,6.352,
1994-01-11,6.34,6.34,6.34,6.34,
1994-01-12,6.377,6.377,6.377,6.377,
1994-01-13,6.451,6.451,6.451,6.451,
1994-01-14,6.365,6.365,6.365,6.365,
1994-01-17,6.389,6.389,6.389,6.389,
1994-01-18,6.377,6.377,6.377,6.377,
1994-01-19,6.438,6.438,6.438,6.438,
1994-01-20,6.524,6.524,6.524,6.524,
1994-01-21,6.5,6.5,6.5,6.5,
1994-01-24,6.5,6.5,6.5,6.5,
1994-01-25,6.512,6.512,6.512,6.512,
1994-01-26,6.5,6.5,6.5,6.5,
1994-01-27,6.451,6.451,6.451,6.451,
1994-01-28,6.463,6.463,6.463,6.463,
1994-01-31,6.537,6.537,6.537,6.537,
1994-02-01,6.512,6.512,6.512,6.512,
1994-02-02,6.598,6.598,6.598,6.598,
1994-02-03,6.586,6.586,6.586,6.586,
1994-02-04,6.508,6.508,6.508,6.508,
1994-02-07,6.496,6.496,6.496,6.496,
1994-02-08,6.496,6.496,6.496,6.496,
1994-02-09,6.558,6.558,6.558,6.558,
1994-02-10,6.546,6.546,6.546,6.546,
1994-02-11,6.608,6.608,6.608,6.608,
1994-02-14,6.583,6.583,6.583,6.583,
1994-02-15,6.62,6.62,6.62,6.62,
1994-02-16,6.633,6.633,6.633,6.633,
1994-02-17,6.633,6.633,6.633,6.633,
1994-02-18,6.571,6.571,6.571,6.571,
1994-02-22,6.62,6.62,6.62,6.62,
1994-02-23,6.608,6.608,6.608,6.608,
1994-02-24,6.484,6.484,6.484,6.484,
1994-02-25,6.508,6.508,6.508,6.508,
1994-02-28,6.446,6.446,6.446,6.446,
1994-03-01,6.446,6.446,6.446,6.446,
1994-03-02,6.546,6.546,6.546,6.546,
1994-03-03,6.571,6.571,6.571,6.571,
1994-03-04,6.484,6.484,6.484,6.484,
1994-03-07,6.484,6.484,6.484,6.484,
1994-03-08,6.496,6.496,6.496,6.496,
1994-03-09,6.508,6.508,6.508,6.508,
1994-03-10,6.446,6.446,6.446,6.446,
1994-03-11,6.484,6.484,6.484,6.484,
1994-03-14,6.484,6.484,6.484,6.484,
1994-03-15,6.434,6.434,6.434,6.434,
1994-03-16,6.446,6.446,6.446,6.446,
1994-03-17,6.521,6.521,6.521,6.521,
1994-03-18,6.546,6.546,6.546,6.546,
1994-03-21,6.508,6.508,6.508,6.508,
1994-03-22,6.521,6.521,6.521,6.521,
1994-03-23,6.496,6.496,6.496,6.496,
1994-03-24,6.508,6.508,6.508,6.508,
1994-03-25,6.508,6.508,6.508,6.508,
1994-03-28,6.459,6.459,6.459,6.459,
1994-03-29,6.459,6.459,6.459,6.459,
1994-03-30,6.31,6.31,6.31,6.31,
1994-03-31,6.248,6.248,6.248,6.248,
1994-04-04,6.061,6.061,6.061,6.061,
1994-04-05,6.074,6.074,6.074,6.074,
1994-04-06,6.074,6.074,6.074,6.074,
1994-04-07,6.086,6.086,6.086,6.086,
1994-04-08,6.061,6.061,6.061,6.061,
1994-04-11,6.123,6.123,6.123,6.123,
1994-04-12,6.123,6.123,6.123,6.123,
1994-04-13,6.136,6.136,6.136,6.136,
1994-04-14,6.248,6.248,6.248,6.248,
1994-04-15,6.26,6.26,6.26,6.26,
1994-04-18,6.185,6.185,6.185,6.185,
1994-04-19,6.272,6.272,6.272,6.272,
1994-04-20,6.26,6.26,6.26,6.26,
1994-04-21,6.21,6.21,6.21,6.21,
1994-04-22,6.272,6.272,6.272,6.272,
1994-04-25,6.322,6.322,6.322,6.322,
1994-04-26,6.248,6.248,6.248,6.248,
1994-04-28,6.148,6.148,6.148,6.148,
1994-04-29,6.248,6.248,6.248,6.248,
1994-05-02,6.111,6.111,6.111,6.111,
1994-05-03,6.086,6.086,6.086,6.086,
1994-05-04,6.024,6.024,6.024,6.024,
1994-05-05,6.036,6.036,6.036,6.036,
1994-05-06,6.235,6.235,6.235,6.235,
1994-05-09,6.169,6.169,6.169,6.169,
1994-05-10,6.245,6.245,6.245,6.245,
1994-05-11,6.169,6.169,6.169,6.169,
1994-05-12,6.232,6.232,6.232,6.232,
1994-05-13,6.232,6.232,6.232,6.232,
1994-05-16,6.182,6.182,6.182,6.182,
1994-05-17,6.22,6.22,6.22,6.22,
1994-05-18,6.207,6.207,6.207,6.207,
1994-05-19,6.257,6.257,6.257,6.257,
1994-05-20,6.245,6.245,6.245,6.245,
1994-05-23,6.207,6.207,6.207,6.207,
1994-05-24,6.169,6.169,6.169,6.169,
1994-05-25,6.182,6.182,6.182,6.182,
1994-05-26,6.169,6.169,6.169,6.169,
1994-05-27,6.157,6.157,6.157,6.157,
1994-05-31,6.144,6.144,6.144,6.144,
1994-06-01,6.106,6.106,6.106,6.106,
1994-06-02,6.119,6.119,6.119,6.119,
1994-06-03,6.169,6.169,6.169,6.169,
1994-06-06,6.144,6.144,6.144,6.144,
1994-06-07,6.194,6.194,6.194,6.194,
1994-06-08,6.169,6.169,6.169,6.169,
1994-06-09,6.207,6.207,6.207,6.207,
1994-06-10,6.245,6.245,6.245,6.245,
1994-06-13,5.993,5.993,5.993,5.993,
1994-06-14,5.918,5.918,5.918,5.918,
1994-06-15,5.73,5.73,5.73,5.73,
1994-06-16,5.918,5.918,5.918,5.918,
1994-06-17,5.905,5.905,5.905,5.905,
1994-06-20,5.893,5.893,5.893,5.893,
1994-06-21,5.83,5.83,5.83,5.83,
1994-06-22,5.855,5.855,5.855,5.855,
1994-06-23,5.843,5.843,5.843,5.843,
1994-06-24,5.755,5.755,5.755,5.755,
1994-06-27,5.742,5.742,5.742,5.742,
1994-06-28,5.692,5.692,5.692,5.692,
1994-06-29,5.679,5.679,5.679,5.679,
1994-06-30,5.704,5.704,5.704,5.704,
1994-07-01,5.742,5.742,5.742,5.742,
1994-07-05,5.717,5.717,5.717,5.717,
1994-07-06,5.704,5.704,5.704,5.704,
1994-07-07,5.767,5.767,5.767,5.767,
1994-07-08,5.817,5.817,5.817,5.817,
1994-07-11,5.88,5.88,5.88,5.88,
1994-07-12,5.868,5.868,5.868,5.868,
1994-07-13,5.843,5.843,5.843,5.843,
1994-07-14,5.817,5.817,5.817,5.817,
1994-07-15,5.83,5.83,5.83,5.83,
1994-07-18,5.855,5.855,5.855,5.855,
1994-07-19,5.88,5.88,5.88,5.88,
1994-07-20,5.88,5.88,5.88,5.88,
1994-07-21,5.868,5.868,5.868,5.868,
1994-07-22,5.817,5.817,5.817,5.817,
1994-07-25,5.855,5.855,5.855,5.855,
1994-07-26,5.855,5.855,5.855,5.855,
1994-07-27,5.88,5.88,5.88,5.88,
1994-07-28,5.931,5.931,5.931,5.931,
1994-07-29,5.981,5.981,5.981,5.981,
1994-08-01,6.044,6.044,6.044,6.044,
1994-08-02,5.956,5.956,5.956,5.956,
1994-08-03,5.956,5.956,5.956,5.956,
1994-08-04,5.968,5.968,5.968,5.968,
1994-08-05,5.943,5.943,5.943,5.943,
1994-08-08,6.019,6.019,6.019,6.019,
1994-08-09,5.965,5.965,5.965,5.965,
1994-08-10,6.003,6.003,6.003,6.003,
1994-08-11,5.914,5.914,5.914,5.914,
1994-08-12,6.13,6.13,6.13,6.13,
1994-08-15,6.092,6.092,6.092,6.092,
1994-08-16,6.041,6.041,6.041,6.041,
1994-08-17,6.066,6.066,6.066,6.066,
1994-08-18,6.041,6.041,6.041,6.041,
1994-08-19,6.054,6.054,6.054,6.054,
1994-08-22,6.028,6.028,6.028,6.028,
1994-08-23,6.003,6.003,6.003,6.003,
1994-08-24,6.092,6.092,6.092,6.092,
1994-08-25,6.015,6.015,6.015,6.015,
1994-08-26,6.079,6.079,6.079,6.079,
1994-08-29,6.079,6.079,6.079,6.079,
1994-08-30,6.066,6.066,6.066,6.066,
1994-08-31,6.054,6.054,6.054,6.054,
1994-09-01,6.054,6.054,6.054,6.054,
1994-09-02,6.054,6.054,6.054,6.054,
1994-09-06,6.066,6.066,6.066,6.066,
1994-09-07,6.105,6.105,6.105,6.105,
1994-09-08,6.105,6.105,6.105,6.105,
1994-09-09,6.041,6.041,6.041,6.041,
1994-09-12,5.99,5.99,5.99,5.99,
1994-09-13,6.003,6.003,6.003,6.003,
1994-09-14,5.977,5.977,5.977,5.977,
1994-09-15,6.054,6.054,6.054,6.054,
1994-09-16,6.13,6.13,6.13,6.13,
1994-09-19,6.054,6.054,6.054,6.054,
1994-09-20,5.965,5.965,5.965,5.965,
1994-09-21,5.926,5.926,5.926,5.926,
1994-09-22,5.888,5.888,5.888,5.888,
1994-09-23,5.888,5.888,5.888,5.888,
1994-09-26,5.914,5.914,5.914,5.914,
1994-09-27,5.85,5.85,5.85,5.85,
1994-09-28,5.901,5.901,5.901,5.901,
1994-09-29,5.888,5.888,5.888,5.888,
1994-09-30,5.85,5.85,5.85,5.85,
1994-10-03,5.876,5.876,5.876,5.876,
1994-10-04,5.787,5.787,5.787,5.787,
1994-10-05,5.787,5.787,5.787,5.787,
1994-10-06,5.812,5.812,5.812,5.812,
1994-10-07,5.965,5.965,5.965,5.965,
1994-10-10,5.965,5.965,5.965,5.965,
1994-10-11,6.003,6.003,6.003,6.003,
1994-10-12,5.965,5.965,5.965,5.965,
1994-10-13,6.066,6.066,6.066,6.066,
1994-10-14,6.105,6.105,6.105,6.105,
1994-10-17,6.092,6.092,6.092,6.092,
1994-10-18,6.079,6.079,6.079,6.079,
1994-10-19,6.054,6.054,6.054,6.054,
1994-10-20,6.092,6.092,6.092,6.092,
1994-10-21,6.092,6.092,6.092,6.092,
1994-10-24,6.054,6.054,6.054,6.054,
1994-10-25,6.143,6.143,6.143,6.143,
1994-10-26,6.232,6.232,6.232,6.232,
1994-10-27,6.321,6.321,6.321,6.321,
1994-10-28,6.372,6.372,6.372,6.372,
1994-10-31,6.397,6.397,6.397,6.397,
1994-11-01,6.283,6.283,6.283,6.283,
1994-11-02,6.308,6.308,6.308,6.308,
1994-11-03,6.372,6.372,6.372,6.372,
1994-11-04,6.257,6.257,6.257,6.257,
1994-11-07,6.296,6.296,6.296,6.296,
1994-11-08,6.257,6.257,6.257,6.257,
1994-11-09,6.206,6.206,6.206,6.206,
1994-11-10,6.128,6.128,6.128,6.128,
1994-11-11,6.115,6.115,6.115,6.115,
1994-11-14,6.154,6.154,6.154,6.154,
1994-11-15,6.167,6.167,6.167,6.167,
1994-11-16,6.244,6.244,6.244,6.244,
1994-11-17,6.27,6.27,6.27,6.27,
1994-11-18,6.244,6.244,6.244,6.244,
1994-11-21,6.218,6.218,6.218,6.218,
1994-11-22,6.231,6.231,6.231,6.231,
1994-11-23,6.231,6.231,6.231,6.231,
1994-11-25,6.257,6.257,6.257,6.257,
1994-11-28,6.257,6.257,6.257,6.257,
1994-11-29,6.231,6.231,6.231,6.231,
1994-11-30,6.218,6.218,6.218,6.218,
1994-12-01,6.115,6.115,6.115,6.115,
1994-12-02,6.218,6.218,6.218,6.218,
1994-12-05,6.154,6.154,6.154,6.154,
1994-12-06,6.193,6.193,6.193,6.193,
1994-12-07,6.257,6.257,6.257,6.257,
1994-12-08,6.27,6.27,6.27,6.27,
1994-12-09,6.347,6.347,6.347,6.347,
1994-12-12,6.386,6.386,6.386,6.386,
1994-12-13,6.283,6.283,6.283,6.283,
1994-12-14,6.283,6.283,6.283,6.283,
1994-12-15,6.244,6.244,6.244,6.244,
1994-12-16,6.36,6.36,6.36,6.36,
1994-12-19,6.334,6.334,6.334,6.334,
1994-12-20,6.309,6.309,6.309,6.309,
1994-12-21,6.334,6.334,6.334,6.334,
1994-12-22,6.347,6.347,6.347,6.347,
1994-12-23,6.334,6.334,6.334,6.334,
1994-12-27,6.36,6.36,6.36,6.36,
1994-12-28,6.36,6.36,6.36,6.36,
1994-12-29,6.321,6.321,6.321,6.321,
1994-12-30,6.257,6.257,6.257,6.257,
1995-01-03,6.244,6.244,6.244,6.244,
1995-01-04,6.27,6.27,6.27,6.27,
1995-01-05,6.283,6.283,6.283,6.283,
1995-01-06,6.283,6.283,6.283,6.283,
1995-01-09,6.231,6.231,6.231,6.231,
1995-01-10,6.257,6.257,6.257,6.257,
1995-01-11,6.218,6.218,6.218,6.218,
1995-01-12,6.218,6.218,6.218,6.218,
1995-01-13,6.27,6.27,6.27,6.27,
1995-01-16,6.257,6.257,6.257,6.257,
1995-01-17,6.321,6.321,6.321,6.321,
1995-01-18,6.399,6.399,6.399,6.399,
1995-01-19,6.399,6.399,6.399,6.399,
1995-01-20,6.463,6.463,6.463,6.463,
1995-01-23,6.566,6.566,6.566,6.566,
1995-01-24,6.437,6.437,6.437,6.437,
1995-01-25,6.463,6.463,6.463,6.463,
1995-01-26,6.502,6.502,6.502,6.502,
1995-01-27,6.437,6.437,6.437,6.437,
1995-01-30,6.437,6.437,6.437,6.437,
1995-01-31,6.437,6.437,6.437,6.437,
1995-02-01,6.399,6.399,6.399,6.399,
1995-02-02,6.36,6.36,6.36,6.36,
1995-02-03,6.463,6.463,6.463,6.463,
1995-02-06,6.476,6.476,6.476,6.476,
1995-02-07,6.489,6.489,6.489,6.489,
1995-02-08,6.515,6.515,6.515,6.515,
1995-02-09,6.437,6.437,6.437,6.437,
1995-02-10,6.45,6.45,6.45,6.45,
1995-02-13,6.515,6.515,6.515,6.515,
1995-02-14,6.554,6.554,6.554,6.554,
1995-02-15,6.606,6.606,6.606,6.606,
1995-02-16,6.672,6.672,6.672,6.672,
1995-02-17,6.606,6.606,6.606,6.606,
1995-02-21,6.672,6.672,6.672,6.672,
1995-02-22,6.685,6.685,6.685,6.685,
1995-02-23,6.646,6.646,6.646,6.646,
1995-02-24,6.606,6.606,6.606,6.606,
1995-02-27,6.633,6.633,6.633,6.633,
1995-02-28,6.659,6.659,6.659,6.659,
1995-03-01,6.626,6.626,6.626,6.626,
1995-03-02,6.606,6.606,6.606,6.606,
1995-03-03,6.593,6.593,6.593,6.593,
1995-03-06,6.672,6.672,6.672,6.672,
1995-03-07,6.672,6.672,6.672,6.672,
1995-03-08,6.75,6.75,6.75,6.75,
1995-03-09,6.724,6.724,6.724,6.724,
1995-03-10,6.776,6.776,6.776,6.776,
1995-03-13,6.763,6.763,6.763,6.763,
1995-03-14,6.75,6.75,6.75,6.75,
1995-03-15,6.724,6.724,6.724,6.724,
1995-03-16,6.802,6.802,6.802,6.802,
1995-03-17,6.802,6.802,6.802,6.802,
1995-03-20,6.789,6.789,6.789,6.789,
1995-03-21,6.724,6.724,6.724,6.724,
1995-03-22,6.841,6.841,6.841,6.841,
1995-03-23,6.828,6.828,6.828,6.828,
1995-03-24,6.867,6.867,6.867,6.867,
1995-03-27,6.919,6.919,6.919,6.919,
1995-03-28,6.88,6.88,6.88,6.88,
1995-03-29,6.919,6.919,6.919,6.919,
1995-03-30,6.893,6.893,6.893,6.893,
1995-03-31,6.945,6.945,6.945,6.945,
1995-04-03,6.906,6.906,6.906,6.906,
1995-04-04,7.01,7.01,7.01,7.01,
1995-04-05,7.089,7.089,7.089,7.089,
1995-04-06,6.958,6.958,6.958,6.958,
1995-04-07,6.971,6.971,6.971,6.971,
1995-04-10,6.971,6.971,6.971,6.971,
1995-04-11,6.958,6.958,6.958,6.958,
1995-04-12,6.971,6.971,6.971,6.971,
1995-04-13,6.997,6.997,6.997,6.997,
1995-04-17,7.01,7.01,7.01,7.01,
1995-04-18,7.089,7.089,7.089,7.089,
1995-04-19,7.141,7.141,7.141,7.141,
1995-04-20,7.271,7.271,7.271,7.271,
1995-04-21,7.219,7.219,7.219,7.219,
1995-04-24,7.258,7.258,7.258,7.258,
1995-04-25,7.297,7.297,7.297,7.297,
1995-04-26,7.271,7.271,7.271,7.271,
1995-04-27,7.258,7.258,7.258,7.258,
1995-04-28,7.245,7.245,7.245,7.245,
1995-05-01,7.388,7.388,7.388,7.388,
1995-05-02,7.388,7.388,7.388,7.388,
1995-05-03,7.375,7.375,7.375,7.375,
1995-05-04,7.401,7.401,7.401,7.401,
1995-05-05,7.401,7.401,7.401,7.401,
1995-05-08,7.414,7.414,7.414,7.414,
1995-05-09,7.362,7.362,7.362,7.362,
1995-05-10,7.401,7.401,7.401,7.401,
1995-05-11,7.362,7.362,7.362,7.362,
1995-05-12,7.362,7.362,7.362,7.362,
1995-05-15,7.428,7.428,7.428,7.428,
1995-05-16,7.507,7.507,7.507,7.507,
1995-05-17,7.507,7.507,7.507,7.507,
1995-05-18,7.441,7.441,7.441,7.441,
1995-05-19,7.375,7.375,7.375,7.375,
1995-05-22,7.362,7.362,7.362,7.362,
1995-05-23,7.48,7.48,7.48,7.48,
1995-05-24,7.533,7.533,7.533,7.533,
1995-05-25,7.52,7.52,7.52,7.52,
1995-05-26,7.348,7.348,7.348,7.348,
1995-05-30,7.401,7.401,7.401,7.401,
1995-05-31,7.52,7.52,7.52,7.52,
1995-06-01,7.507,7.507,7.507,7.507,
1995-06-02,7.441,7.441,7.441,7.441,
1995-06-05,7.48,7.48,7.48,7.48,
1995-06-06,7.454,7.454,7.454,7.454,
1995-06-07,7.48,7.48,7.48,7.48,
1995-06-08,7.493,7.493,7.493,7.493,
1995-06-09,7.441,7.441,7.441,7.441,
1995-06-12,7.414,7.414,7.414,7.414,
1995-06-13,7.428,7.428,7.428,7.428,
1995-06-14,7.441,7.441,7.441,7.441,
1995-06-15,7.52,7.52,7.52,7.52,
1995-06-16,7.599,7.599,7.599,7.599,
1995-06-19,7.546,7.546,7.546,7.546,
1995-06-20,7.388,7.388,7.388,7.388,
1995-06-21,7.296,7.296,7.296,7.296,
1995-06-22,7.269,7.269,7.269,7.269,
1995-06-23,7.348,7.348,7.348,7.348,
1995-06-26,7.388,7.388,7.388,7.388,
1995-06-27,7.441,7.441,7.441,7.441,
1995-06-28,7.599,7.599,7.599,7.599,
1995-06-29,7.586,7.586,7.586,7.586,
1995-06-30,7.441,7.441,7.441,7.441,
1995-07-03,7.467,7.467,7.467,7.467,
1995-07-05,7.454,7.454,7.454,7.454,
1995-07-06,7.612,7.612,7.612,7.612,
1995-07-07,7.546,7.546,7.546,7.546,
1995-07-10,7.467,7.467,7.467,7.467,
1995-07-11,7.52,7.52,7.52,7.52,
1995-07-12,7.572,7.572,7.572,7.572,
1995-07-13,7.572,7.572,7.572,7.572,
1995-07-14,7.546,7.546,7.546,7.546,
1995-07-17,7.612,7.612,7.612,7.612,
1995-07-18,7.559,7.559,7.559,7.559,
1995-07-19,7.625,7.625,7.625,7.625,
1995-07-20,7.704,7.704,7.704,7.704,
1995-07-21,7.717,7.717,7.717,7.717,
1995-07-24,7.665,7.665,7.665,7.665,
1995-07-25,7.625,7.625,7.625,7.625,
1995-07-26,7.678,7.678,7.678,7.678,
1995-07-27,7.665,7.665,7.665,7.665,
1995-07-28,7.572,7.572,7.572,7.572,
1995-07-31,7.638,7.638,7.638,7.638,
1995-08-01,7.52,7.52,7.52,7.52,
1995-08-02,7.507,7.507,7.507,7.507,
1995-08-03,7.52,7.52,7.52,7.52,
1995-08-04,7.441,7.441,7.441,7.441,
1995-08-07,7.428,7.428,7.428,7.428,
1995-08-08,7.414,7.414,7.414,7.414,
1995-08-09,7.467,7.467,7.467,7.467,
1995-08-10,7.454,7.454,7.454,7.454,
1995-08-11,7.387,7.387,7.387,7.387,
1995-08-14,7.44,7.44,7.44,7.44,
1995-08-15,7.414,7.414,7.414,7.414,
1995-08-16,7.374,7.374,7.374,7.374,
1995-08-17,7.307,7.307,7.307,7.307,
1995-08-18,7.334,7.334,7.334,7.334,
1995-08-21,7.321,7.321,7.321,7.321,
1995-08-22,7.307,7.307,7.307,7.307,
1995-08-23,7.281,7.281,7.281,7.281,
1995-08-24,7.307,7.307,7.307,7.307,
1995-08-25,7.4,7.4,7.4,7.4,
1995-08-28,7.334,7.334,7.334,7.334,
1995-08-29,7.321,7.321,7.321,7.321,
1995-08-30,7.307,7.307,7.307,7.307,
1995-08-31,7.321,7.321,7.321,7.321,
1995-09-01,7.427,7.427,7.427,7.427,
1995-09-05,7.494,7.494,7.494,7.494,
1995-09-06,7.48,7.48,7.48,7.48,
1995-09-07,7.6,7.6,7.6,7.6,
1995-09-08,7.587,7.587,7.587,7.587,
1995-09-11,7.613,7.613,7.613,7.613,
1995-09-12,7.733,7.733,7.733,7.733,
1995-09-13,7.813,7.813,7.813,7.813,
1995-09-14,7.866,7.866,7.866,7.866,
1995-09-15,7.84,7.84,7.84,7.84,
1995-09-18,7.733,7.733,7.733,7.733,
1995-09-19,7.8,7.8,7.8,7.8,
1995-09-20,7.773,7.773,7.773,7.773,
1995-09-21,7.733,7.733,7.733,7.733,
1995-09-22,7.707,7.707,7.707,7.707,
1995-09-25,7.747,7.747,7.747,7.747,
1995-09-26,7.64,7.64,7.64,7.64,
1995-09-27,7.667,7.667,7.667,7.667,
1995-09-28,7.72,7.72,7.72,7.72,
1995-09-29,7.693,7.693,7.693,7.693,
1995-10-02,7.64,7.64,7.64,7.64,
1995-10-03,7.707,7.707,7.707,7.707,
1995-10-04,7.826,7.826,7.826,7.826,
1995-10-05,7.8,7.8,7.8,7.8,
1995-10-06,7.84,7.84,7.84,7.84,
1995-10-09,7.826,7.826,7.826,7.826,
1995-10-10,7.853,7.853,7.853,7.853,
1995-10-11,7.8,7.8,7.8,7.8,
1995-10-12,7.773,7.773,7.773,7.773,
1995-10-13,7.959,7.959,7.959,7.959,
1995-10-16,7.933,7.933,7.933,7.933,
1995-10-17,7.959,7.959,7.959,7.959,
1995-10-18,7.959,7.959,7.959,7.959,
1995-10-19,7.999,7.999,7.999,7.999,
1995-10-20,8.066,8.066,8.066,8.066,
1995-10-23,7.986,7.986,7.986,7.986,
1995-10-24,8.066,8.066,8.066,8.066,
1995-10-25,8.146,8.146,8.146,8.146,
1995-10-26,7.986,7.986,7.986,7.986,
1995-10-27,7.946,7.946,7.946,7.946,
1995-10-30,8.093,8.093,8.093,8.093,
1995-10-31,8.133,8.133,8.133,8.133,
1995-11-01,8.172,8.172,8.172,8.172,
1995-11-02,8.013,8.013,8.013,8.013,
1995-11-03,8.106,8.106,8.106,8.106,
1995-11-06,8.026,8.026,8.026,8.026,
1995-11-07,7.946,7.946,7.946,7.946,
1995-11-08,8.159,8.159,8.159,8.159,
1995-11-09,8.159,8.159,8.159,8.159,
1995-11-10,8.119,8.119,8.119,8.119,
1995-11-13,8.213,8.213,8.213,8.213,
1995-11-14,8.253,8.253,8.253,8.253,
1995-11-15,8.361,8.361,8.361,8.361,
1995-11-16,8.374,8.374,8.374,8.374,
1995-11-17,8.536,8.536,8.536,8.536,
1995-11-20,8.536,8.536,8.536,8.536,
1995-11-21,8.576,8.576,8.576,8.576,
1995-11-22,8.468,8.468,8.468,8.468,
1995-11-24,8.455,8.455,8.455,8.455,
1995-11-27,8.509,8.509,8.509,8.509,
1995-11-28,8.509,8.509,8.509,8.509,
1995-11-29,8.468,8.468,8.468,8.468,
1995-11-30,8.32,8.32,8.32,8.32,
1995-12-01,8.361,8.361,8.361,8.361,
1995-12-04,8.455,8.455,8.455,8.455,
1995-12-05,8.576,8.576,8.576,8.576,
1995-12-06,8.656,8.656,8.656,8.656,
1995-12-07,8.685,8.685,8.685,8.685,
1995-12-08,8.791,8.791,8.791,8.791,
1995-12-11,9.046,9.046,9.046,9.046,
1995-12-12,9.087,9.087,9.087,9.087,
1995-12-13,9.221,9.221,9.221,9.221,
1995-12-14,8.925,8.925,8.925,8.925,
1995-12-15,8.845,8.845,8.845,8.845,
1995-12-18,8.683,8.683,8.683,8.683,
1995-12-19,8.818,8.818,8.818,8.818,
1995-12-20,8.643,8.643,8.643,8.643,
1995-12-21,8.71,8.71,8.71,8.71,
1995-12-22,8.751,8.751,8.751,8.751,
1995-12-26,8.764,8.764,8.764,8.764,
1995-12-27,8.818,8.818,8.818,8.818,
1995-12-28,8.912,8.912,8.912,8.912,
1995-12-29,8.724,8.724,8.724,8.724,
1996-01-02,8.67,8.67,8.67,8.67,
1996-01-03,8.697,8.697,8.697,8.697,
1996-01-04,8.751,8.751,8.751,8.751,
1996-01-05,8.966,8.966,8.966,8.966,
1996-01-08,9.073,9.073,9.073,9.073,
1996-01-09,8.898,8.898,8.898,8.898,
1996-01-10,8.63,8.63,8.63,8.63,
1996-01-11,8.683,8.683,8.683,8.683,
1996-01-12,8.562,8.562,8.562,8.562,
1996-01-15,8.468,8.468,8.468,8.468,
1996-01-16,8.589,8.589,8.589,8.589,
1996-01-17,8.63,8.63,8.63,8.63,
1996-01-18,8.71,8.71,8.71,8.71,
1996-01-19,8.724,8.724,8.724,8.724,
1996-01-22,8.562,8.562,8.562,8.562,
1996-01-23,8.388,8.388,8.388,8.388,
1996-01-24,8.374,8.374,8.374,8.374,
1996-01-25,8.468,8.468,8.468,8.468,
1996-01-26,8.576,8.576,8.576,8.576,
1996-01-29,8.522,8.522,8.522,8.522,
1996-01-30,8.455,8.455,8.455,8.455,
1996-01-31,8.63,8.63,8.63,8.63,
1996-02-01,8.724,8.724,8.724,8.724,
1996-02-02,8.683,8.683,8.683,8.683,
1996-02-05,8.683,8.683,8.683,8.683,
1996-02-06,8.751,8.751,8.751,8.751,
1996-02-07,8.764,8.764,8.764,8.764,
1996-02-08,8.968,8.968,8.968,8.968,
1996-02-09,8.968,8.968,8.968,8.968,
1996-02-12,9.049,9.049,9.049,9.049,
1996-02-13,9.049,9.049,9.049,9.049,
1996-02-14,8.968,8.968,8.968,8.968,
1996-02-15,8.981,8.981,8.981,8.981,
1996-02-16,8.845,8.845,8.845,8.845,
1996-02-20,8.778,8.778,8.778,8.778,
1996-02-21,8.886,8.886,8.886,8.886,
1996-02-22,9.062,9.062,9.062,9.062,
1996-02-23,8.927,8.927,8.927,8.927,
1996-02-26,8.723,8.723,8.723,8.723,
1996-02-27,8.615,8.615,8.615,8.615,
1996-02-28,8.493,8.493,8.493,8.493,
1996-02-29,8.628,8.628,8.628,8.628,
1996-03-01,8.655,8.655,8.655,8.655,
1996-03-04,8.615,8.615,8.615,8.615,
1996-03-05,8.778,8.778,8.778,8.778,
1996-03-06,8.927,8.927,8.927,8.927,
1996-03-07,8.981,8.981,8.981,8.981,
1996-03-08,8.601,8.601,8.601,8.601,
1996-03-11,8.628,8.628,8.628,8.628,
1996-03-12,8.655,8.655,8.655,8.655,
1996-03-13,8.683,8.683,8.683,8.683,
1996-03-14,8.791,8.791,8.791,8.791,
1996-03-15,8.574,8.574,8.574,8.574,
1996-03-18,8.845,8.845,8.845,8.845,
1996-03-19,8.995,8.995,8.995,8.995,
1996-03-20,8.737,8.737,8.737,8.737,
1996-03-21,8.737,8.737,8.737,8.737,
1996-03-22,8.832,8.832,8.832,8.832,
1996-03-25,9.076,9.076,9.076,9.076,
1996-03-26,9.334,9.334,9.334,9.334,
1996-03-27,9.13,9.13,9.13,9.13,
1996-03-28,9.09,9.09,9.09,9.09,
1996-03-29,8.845,8.845,8.845,8.845,
1996-04-01,9.008,9.008,9.008,9.008,
1996-04-02,9.09,9.09,9.09,9.09,
1996-04-03,9.103,9.103,9.103,9.103,
1996-04-04,9.266,9.266,9.266,9.266,
1996-04-08,9.049,9.049,9.049,9.049,
1996-04-09,9.049,9.049,9.049,9.049,
1996-04-10,8.94,8.94,8.94,8.94,
1996-04-11,8.94,8.94,8.94,8.94,
1996-04-12,8.886,8.886,8.886,8.886,
1996-04-15,9.076,9.076,9.076,9.076,
1996-04-16,9.076,9.076,9.076,9.076,
1996-04-17,9.062,9.062,9.062,9.062,
1996-04-18,8.886,8.886,8.886,8.886,
1996-04-19,8.9,8.9,8.9,8.9,
1996-04-22,8.9,8.9,8.9,8.9,
1996-04-23,9.185,9.185,9.185,9.185,
1996-04-24,9.144,9.144,9.144,9.144,
1996-04-25,9.171,9.171,9.171,9.171,
1996-04-26,9.157,9.157,9.157,9.157,
1996-04-29,9.32,9.32,9.32,9.32,
1996-04-30,9.225,9.225,9.225,9.225,
1996-05-01,9.076,9.076,9.076,9.076,
1996-05-02,8.968,8.968,8.968,8.968,
1996-05-03,8.94,8.94,8.94,8.94,
1996-05-06,8.968,8.968,8.968,8.968,
1996-05-07,8.94,8.94,8.94,8.94,
1996-05-08,9.076,9.076,9.076,9.076,
1996-05-09,9.094,9.094,9.094,9.094,
1996-05-10,9.149,9.149,9.149,9.149,
1996-05-13,9.258,9.258,9.258,9.258,
1996-05-14,9.286,9.286,9.286,9.286,
1996-05-15,9.272,9.272,9.272,9.272,
1996-05-16,9.19,9.19,9.19,9.19,
1996-05-17,9.286,9.286,9.286,9.286,
1996-05-20,9.56,9.56,9.56,9.56,
1996-05-21,9.437,9.437,9.437,9.437,
1996-05-22,9.615,9.615,9.615,9.615,
1996-05-23,9.628,9.628,9.628,9.628,
1996-05-24,9.532,9.532,9.532,9.532,
1996-05-28,9.464,9.464,9.464,9.464,
1996-05-29,9.327,9.327,9.327,9.327,
1996-05-30,9.491,9.491,9.491,9.491,
1996-05-31,9.286,9.286,9.286,9.286,
1996-06-03,9.204,9.204,9.204,9.204,
1996-06-04,9.3,9.3,9.3,9.3,
1996-06-05,9.3,9.3,9.3,9.3,
1996-06-06,9.245,9.245,9.245,9.245,
1996-06-07,9.409,9.409,9.409,9.409,
1996-06-10,9.354,9.354,9.354,9.354,
1996-06-11,9.313,9.313,9.313,9.313,
1996-06-12,9.217,9.217,9.217,9.217,
1996-06-13,9.204,9.204,9.204,9.204,
1996-06-14,9.149,9.149,9.149,9.149,
1996-06-17,9.258,9.258,9.258,9.258,
1996-06-18,9.245,9.245,9.245,9.245,
1996-06-19,9.3,9.3,9.3,9.3,
1996-06-20,9.382,9.382,9.382,9.382,
1996-06-21,9.45,9.45,9.45,9.45,
1996-06-24,9.423,9.423,9.423,9.423,
1996-06-25,9.464,9.464,9.464,9.464,
1996-06-26,9.532,9.532,9.532,9.532,
1996-06-27,9.587,9.587,9.587,9.587,
1996-06-28,9.519,9.519,9.519,9.519,
1996-07-01,9.56,9.56,9.56,9.56,
1996-07-02,9.71,9.71,9.71,9.71,
1996-07-03,9.779,9.779,9.779,9.779,
1996-07-05,9.642,9.642,9.642,9.642,
1996-07-08,9.642,9.642,9.642,9.642,
1996-07-09,9.697,9.697,9.697,9.697,
1996-07-10,9.738,9.738,9.738,9.738,
1996-07-11,9.793,9.793,9.793,9.793,
1996-07-12,9.827,9.827,9.827,9.827,
1996-07-15,9.683,9.683,9.683,9.683,
1996-07-16,9.464,9.464,9.464,9.464,
1996-07-17,9.327,9.327,9.327,9.327,
1996-07-18,9.395,9.395,9.395,9.395,
1996-07-19,9.354,9.354,9.354,9.354,
1996-07-22,9.354,9.354,9.354,9.354,
1996-07-23,9.272,9.272,9.272,9.272,
1996-07-24,9.163,9.163,9.163,9.163,
1996-07-25,9.19,9.19,9.19,9.19,
1996-07-26,9.122,9.122,9.122,9.122,
1996-07-29,9.053,9.053,9.053,9.053,
1996-07-30,8.957,8.957,8.957,8.957,
1996-07-31,9.012,9.012,9.012,9.012,
1996-08-01,9.135,9.135,9.135,9.135,
1996-08-02,9.286,9.286,9.286,9.286,
1996-08-05,9.231,9.231,9.231,9.231,
1996-08-06,9.204,9.204,9.204,9.204,
1996-08-07,9.094,9.094,9.094,9.094,
1996-08-08,9.053,9.053,9.053,9.053,
1996-08-09,8.919,8.919,8.919,8.919,
1996-08-12,9.03,9.03,9.03,9.03,
1996-08-13,9.002,9.002,9.002,9.002,
1996-08-14,8.947,8.947,8.947,8.947,
1996-08-15,8.933,8.933,8.933,8.933,
1996-08-16,9.113,9.113,9.113,9.113,
1996-08-19,9.237,9.237,9.237,9.237,
1996-08-20,9.265,9.265,9.265,9.265,
1996-08-21,9.168,9.168,9.168,9.168,
1996-08-22,9.251,9.251,9.251,9.251,
1996-08-23,9.127,9.127,9.127,9.127,
1996-08-26,9.03,9.03,9.03,9.03,
1996-08-27,9.127,9.127,9.127,9.127,
1996-08-28,9.044,9.044,9.044,9.044,
1996-08-29,8.85,8.85,8.85,8.85,
1996-08-30,9.016,9.016,9.016,9.016,
1996-09-03,9.265,9.265,9.265,9.265,
1996-09-04,9.279,9.279,9.279,9.279,
1996-09-05,9.196,9.196,9.196,9.196,
1996-09-06,9.293,9.293,9.293,9.293,
1996-09-09,9.32,9.32,9.32,9.32,
1996-09-10,9.223,9.223,9.223,9.223,
1996-09-11,9.389,9.389,9.389,9.389,
1996-09-12,9.403,9.403,9.403,9.403,
1996-09-13,9.348,9.348,9.348,9.348,
1996-09-16,9.417,9.417,9.417,9.417,
1996-09-17,9.417,9.417,9.417,9.417,
1996-09-18,9.486,9.486,9.486,9.486,
1996-09-19,9.5,9.5,9.5,9.5,
1996-09-20,9.611,9.611,9.611,9.611,
1996-09-23,9.583,9.583,9.583,9.583,
1996-09-24,9.541,9.541,9.541,9.541,
1996-09-25,9.417,9.417,9.417,9.417,
1996-09-26,9.293,9.293,9.293,9.293,
1996-09-27,9.223,9.223,9.223,9.223,
1996-09-30,9.21,9.21,9.21,9.21,
1996-10-01,9.431,9.431,9.431,9.431,
1996-10-02,9.486,9.486,9.486,9.486,
1996-10-03,9.514,9.514,9.514,9.514,
1996-10-04,9.721,9.721,9.721,9.721,
1996-10-07,9.721,9.721,9.721,9.721,
1996-10-08,9.68,9.68,9.68,9.68,
1996-10-09,9.528,9.528,9.528,9.528,
1996-10-10,9.5,9.5,9.5,9.5,
1996-10-11,9.555,9.555,9.555,9.555,
1996-10-14,9.694,9.694,9.694,9.694,
1996-10-15,9.638,9.638,9.638,9.638,
1996-10-16,9.666,9.666,9.666,9.666,
1996-10-17,9.749,9.749,9.749,9.749,
1996-10-18,9.887,9.887,9.887,9.887,
1996-10-21,9.846,9.846,9.846,9.846,
1996-10-22,9.735,9.735,9.735,9.735,
1996-10-23,9.804,9.804,9.804,9.804,
1996-10-24,9.652,9.652,9.652,9.652,
1996-10-25,9.79,9.79,9.79,9.79,
1996-10-28,9.763,9.763,9.763,9.763,
1996-10-29,9.915,9.915,9.915,9.915,
1996-10-30,9.86,9.86,9.86,9.86,
1996-10-31,9.804,9.804,9.804,9.804,
1996-11-01,9.763,9.763,9.763,9.763,
1996-11-04,9.79,9.79,9.79,9.79,
1996-11-05,9.763,9.763,9.763,9.763,
1996-11-06,9.804,9.804,9.804,9.804,
1996-11-07,9.878,9.878,9.878,9.878,
1996-11-08,9.976,9.976,9.976,9.976,
1996-11-11,10.046,10.046,10.046,10.046,
1996-11-12,9.934,9.934,9.934,9.934,
1996-11-13,10.074,10.074,10.074,10.074,
1996-11-14,10.06,10.06,10.06,10.06,
1996-11-15,10.074,10.074,10.074,10.074,
1996-11-18,10.185,10.185,10.185,10.185,
1996-11-19,10.269,10.269,10.269,10.269,
1996-11-20,10.185,10.185,10.185,10.185,
1996-11-21,10.144,10.144,10.144,10.144,
1996-11-22,10.367,10.367,10.367,10.367,
1996-11-25,10.59,10.59,10.59,10.59,
1996-11-26,10.59,10.59,10.59,10.59,
1996-11-27,10.464,10.464,10.464,10.464,
1996-11-29,10.534,10.534,10.534,10.534,
1996-12-02,10.59,10.59,10.59,10.59,
1996-12-03,10.548,10.548,10.548,10.548,
1996-12-04,10.478,10.478,10.478,10.478,
1996-12-05,10.604,10.604,10.604,10.604,
1996-12-06,10.59,10.59,10.59,10.59,
1996-12-09,10.604,10.604,10.604,10.604,
1996-12-10,10.492,10.492,10.492,10.492,
1996-12-11,10.548,10.548,10.548,10.548,
1996-12-12,10.548,10.548,10.548,10.548,
1996-12-13,10.576,10.576,10.576,10.576,
1996-12-16,10.548,10.548,10.548,10.548,
1996-12-17,10.771,10.771,10.771,10.771,
1996-12-18,10.855,10.855,10.855,10.855,
1996-12-19,11.12,11.12,11.12,11.12,
1996-12-20,11.12,11.12,11.12,11.12,
1996-12-23,11.19,11.19,11.19,11.19,
1996-12-24,11.19,11.19,11.19,11.19,
1996-12-26,11.19,11.19,11.19,11.19,
1996-12-27,11.148,11.148,11.148,11.148,
1996-12-30,11.092,11.092,11.092,11.092,
1996-12-31,10.939,10.939,10.939,10.939,
1997-01-02,10.981,10.981,10.981,10.981,
1997-01-03,11.009,11.009,11.009,11.009,
1997-01-06,11.162,11.162,11.162,11.162,
1997-01-07,11.19,11.19,11.19,11.19,
1997-01-08,11.106,11.106,11.106,11.106,
1997-01-09,11.483,11.483,11.483,11.483,
1997-01-10,11.804,11.804,11.804,11.804,
1997-01-13,11.511,11.511,11.511,11.511,
1997-01-14,11.567,11.567,11.567,11.567,
1997-01-15,11.609,11.609,11.609,11.609,
1997-01-16,11.525,11.525,11.525,11.525,
1997-01-17,11.483,11.483,11.483,11.483,
1997-01-20,11.441,11.441,11.441,11.441,
1997-01-21,11.567,11.567,11.567,11.567,
1997-01-22,11.832,11.832,11.832,11.832,
1997-01-23,11.483,11.483,11.483,11.483,
1997-01-24,11.19,11.19,11.19,11.19,
1997-01-27,11.525,11.525,11.525,11.525,
1997-01-28,11.218,11.218,11.218,11.218,
1997-01-29,11.525,11.525,11.525,11.525,
1997-01-30,11.622,11.622,11.622,11.622,
1997-01-31,11.567,11.567,11.567,11.567,
1997-02-03,11.413,11.413,11.413,11.413,
1997-02-04,11.539,11.539,11.539,11.539,
1997-02-05,11.483,11.483,11.483,11.483,
1997-02-06,11.459,11.459,11.459,11.459,
1997-02-07,11.361,11.361,11.361,11.361,
1997-02-10,11.262,11.262,11.262,11.262,
1997-02-11,11.431,11.431,11.431,11.431,
1997-02-12,11.586,11.586,11.586,11.586,
1997-02-13,11.698,11.698,11.698,11.698,
1997-02-14,11.684,11.684,11.684,11.684,
1997-02-18,11.712,11.712,11.712,11.712,
1997-02-19,11.614,11.614,11.614,11.614,
1997-02-20,11.6,11.6,11.6,11.6,
1997-02-21,11.67,11.67,11.67,11.67,
1997-02-24,11.544,11.544,11.544,11.544,
1997-02-25,11.642,11.642,11.642,11.642,
1997-02-26,11.487,11.487,11.487,11.487,
1997-02-27,11.234,11.234,11.234,11.234,
1997-02-28,11.277,11.277,11.277,11.277,
1997-03-03,11.164,11.164,11.164,11.164,
1997-03-04,11.248,11.248,11.248,11.248,
1997-03-05,11.389,11.389,11.389,11.389,
1997-03-06,11.347,11.347,11.347,11.347,
1997-03-07,11.291,11.291,11.291,11.291,
1997-03-10,11.586,11.586,11.586,11.586,
1997-03-11,11.558,11.558,11.558,11.558,
1997-03-12,11.417,11.417,11.417,11.417,
1997-03-13,11.248,11.248,11.248,11.248,
1997-03-14,11.375,11.375,11.375,11.375,
1997-03-17,11.347,11.347,11.347,11.347,
1997-03-18,11.389,11.389,11.389,11.389,
1997-03-19,11.389,11.389,11.389,11.389,
1997-03-20,11.375,11.375,11.375,11.375,
1997-03-21,11.642,11.642,11.642,11.642,
1997-03-24,11.755,11.755,11.755,11.755,
1997-03-25,11.895,11.895,11.895,11.895,
1997-03-26,12.303,12.303,12.303,12.303,
1997-03-27,12.162,12.162,12.162,12.162,
1997-03-31,12.12,12.12,12.12,12.12,
1997-04-01,12.022,12.022,12.022,12.022,
1997-04-02,11.783,11.783,11.783,11.783,
1997-04-03,11.502,11.502,11.502,11.502,
1997-04-04,11.459,11.459,11.459,11.459,
1997-04-07,11.811,11.811,11.811,11.811,
1997-04-08,11.698,11.698,11.698,11.698,
1997-04-09,11.656,11.656,11.656,11.656,
1997-04-10,11.642,11.642,11.642,11.642,
1997-04-11,11.389,11.389,11.389,11.389,
1997-04-14,11.642,11.642,11.642,11.642,
1997-04-15,11.755,11.755,11.755,11.755,
1997-04-16,11.755,11.755,11.755,11.755,
1997-04-17,11.586,11.586,11.586,11.586,
1997-04-18,12.036,12.036,12.036,12.036,
1997-04-21,12.008,12.008,12.008,12.008,
1997-04-22,12.43,12.43,12.43,12.43,
1997-04-23,12.345,12.345,12.345,12.345,
1997-04-24,12.205,12.205,12.205,12.205,
1997-04-25,11.867,11.867,11.867,11.867,
1997-04-28,12.12,12.12,12.12,12.12,
1997-04-29,12.514,12.514,12.514,12.514,
1997-04-30,12.739,12.739,12.739,12.739,
1997-05-01,12.57,12.57,12.57,12.57,
1997-05-02,12.683,12.683,12.683,12.683,
1997-05-05,13.161,13.161,13.161,13.161,
1997-05-06,13.189,13.189,13.189,13.189,
1997-05-07,13.048,13.048,13.048,13.048,
1997-05-08,13.048,13.048,13.048,13.048,
1997-05-09,13.084,13.084,13.084,13.084,
1997-05-12,13.396,13.396,13.396,13.396,
1997-05-13,13.509,13.509,13.509,13.509,
1997-05-14,13.566,13.566,13.566,13.566,
1997-05-15,13.339,13.339,13.339,13.339,
1997-05-16,13.169,13.169,13.169,13.169,
1997-05-19,13.396,13.396,13.396,13.396,
1997-05-20,13.396,13.396,13.396,13.396,
1997-05-21,13.481,13.481,13.481,13.481,
1997-05-22,13.254,13.254,13.254,13.254,
1997-05-23,13.566,13.566,13.566,13.566,
1997-05-27,13.509,13.509,13.509,13.509,
1997-05-28,13.311,13.311,13.311,13.311,
1997-05-29,13.311,13.311,13.311,13.311,
1997-05-30,13.424,13.424,13.424,13.424,
1997-06-02,13.594,13.594,13.594,13.594,
1997-06-03,13.566,13.566,13.566,13.566,
1997-06-04,13.594,13.594,13.594,13.594,
1997-06-05,13.623,13.623,13.623,13.623,
1997-06-06,13.877,13.877,13.877,13.877,
1997-06-09,13.934,13.934,13.934,13.934,
1997-06-10,13.821,13.821,13.821,13.821,
1997-06-11,14.047,14.047,14.047,14.047,
1997-06-12,14.416,14.416,14.416,14.416,
1997-06-13,14.444,14.444,14.444,14.444,
1997-06-16,14.585,14.585,14.585,14.585,
1997-06-17,14.416,14.416,14.416,14.416,
1997-06-18,14.359,14.359,14.359,14.359,
1997-06-19,14.246,14.246,14.246,14.246,
1997-06-20,14.387,14.387,14.387,14.387,
1997-06-23,13.991,13.991,13.991,13.991,
1997-06-24,14.161,14.161,14.161,14.161,
1997-06-25,13.807,13.807,13.807,13.807,
1997-06-26,13.863,13.863,13.863,13.863,
1997-06-27,13.693,13.693,13.693,13.693,
1997-06-30,13.877,13.877,13.877,13.877,
1997-07-01,14.331,14.331,14.331,14.331,
1997-07-02,14.302,14.302,14.302,14.302,
1997-07-03,14.642,14.642,14.642,14.642,
1997-07-07,14.345,14.345,14.345,14.345,
1997-07-08,14.401,14.401,14.401,14.401,
1997-07-09,14.033,14.033,14.033,14.033,
1997-07-10,14.005,14.005,14.005,14.005,
1997-07-11,13.991,13.991,13.991,13.991,
1997-07-14,13.764,13.764,13.764,13.764,
1997-07-15,14.104,14.104,14.104,14.104,
1997-07-16,14.217,14.217,14.217,14.217,
1997-07-17,14.246,14.246,14.246,14.246,
1997-07-18,13.693,13.693,13.693,13.693,
1997-07-21,13.892,13.892,13.892,13.892,
1997-07-22,14.246,14.246,14.246,14.246,
1997-07-23,13.92,13.92,13.92,13.92,
1997-07-24,14.047,14.047,14.047,14.047,
1997-07-25,14.231,14.231,14.231,14.231,
1997-07-28,14.359,14.359,14.359,14.359,
1997-07-29,14.217,14.217,14.217,14.217,
1997-07-30,14.486,14.486,14.486,14.486,
1997-07-31,14.557,14.557,14.557,14.557,
1997-08-01,14.416,14.416,14.416,14.416,
1997-08-04,14.5,14.5,14.5,14.5,
1997-08-05,14.401,14.401,14.401,14.401,
1997-08-06,14.699,14.699,14.699,14.699,
1997-08-07,14.529,14.529,14.529,14.529,
1997-08-08,14.047,14.047,14.047,14.047,
1997-08-11,14.34,14.34,14.34,14.34,
1997-08-12,14.255,14.255,14.255,14.255,
1997-08-13,13.856,13.856,13.856,13.856,
1997-08-14,13.77,13.77,13.77,13.77,
1997-08-15,13.457,13.457,13.457,13.457,
1997-08-18,14.184,14.184,14.184,14.184,
1997-08-19,14.198,14.198,14.198,14.198,
1997-08-20,14.454,14.454,14.454,14.454,
1997-08-21,14.212,14.212,14.212,14.212,
1997-08-22,14.312,14.312,14.312,14.312,
1997-08-25,14.212,14.212,14.212,14.212,
1997-08-26,14.084,14.084,14.084,14.084,
1997-08-27,14.426,14.426,14.426,14.426,
1997-08-28,14.112,14.112,14.112,14.112,
1997-08-29,13.956,13.956,13.956,13.956,
1997-09-02,14.597,14.597,14.597,14.597,
1997-09-03,14.626,14.626,14.626,14.626,
1997-09-04,14.654,14.654,14.654,14.654,
1997-09-05,14.597,14.597,14.597,14.597,
1997-09-08,14.654,14.654,14.654,14.654,
1997-09-09,14.711,14.711,14.711,14.711,
1997-09-10,14.355,14.355,14.355,14.355,
1997-09-11,14.169,14.169,14.169,14.169,
1997-09-12,14.383,14.383,14.383,14.383,
1997-09-15,14.312,14.312,14.312,14.312,
1997-09-16,14.74,14.74,14.74,14.74,
1997-09-17,14.74,14.74,14.74,14.74,
1997-09-18,15.053,15.053,15.053,15.053,
1997-09-19,15.01,15.01,15.01,15.01,
1997-09-22,14.64,14.64,14.64,14.64,
1997-09-23,14.854,14.854,14.854,14.854,
1997-09-24,14.64,14.64,14.64,14.64,
1997-09-25,14.569,14.569,14.569,14.569,
1997-09-26,14.654,14.654,14.654,14.654,
1997-09-29,14.782,14.782,14.782,14.782,
1997-09-30,14.611,14.611,14.611,14.611,
1997-10-01,14.896,14.896,14.896,14.896,
1997-10-02,14.811,14.811,14.811,14.811,
1997-10-03,14.868,14.868,14.868,14.868,
1997-10-06,15.224,15.224,15.224,15.224,
1997-10-07,15.238,15.238,15.238,15.238,
1997-10-08,14.882,14.882,14.882,14.882,
1997-10-09,14.782,14.782,14.782,14.782,
1997-10-10,14.725,14.725,14.725,14.725,
1997-10-13,14.725,14.725,14.725,14.725,
1997-10-14,14.725,14.725,14.725,14.725,
1997-10-15,14.782,14.782,14.782,14.782,
1997-10-16,14.597,14.597,14.597,14.597,
1997-10-17,14.511,14.511,14.511,14.511,
1997-10-20,14.825,14.825,14.825,14.825,
1997-10-21,14.854,14.854,14.854,14.854,
1997-10-22,14.797,14.797,14.797,14.797,
1997-10-23,14.397,14.397,14.397,14.397,
1997-10-24,14.283,14.283,14.283,14.283,
1997-10-27,13.229,13.229,13.229,13.229,
1997-10-28,14.013,14.013,14.013,14.013,
1997-10-29,13.756,13.756,13.756,13.756,
1997-10-30,13.842,13.842,13.842,13.842,
1997-10-31,14.013,14.013,14.013,14.013,
1997-11-03,14.198,14.198,14.198,14.198,
1997-11-04,14.269,14.269,14.269,14.269,
1997-11-05,14.112,14.112,14.112,14.112,
1997-11-06,13.97,13.97,13.97,13.97,
1997-11-07,13.806,13.806,13.806,13.806,
1997-11-10,13.705,13.705,13.705,13.705,
1997-11-11,13.734,13.734,13.734,13.734,
1997-11-12,13.519,13.519,13.519,13.519,
1997-11-13,13.748,13.748,13.748,13.748,
1997-11-14,13.992,13.992,13.992,13.992,
1997-11-17,14.222,14.222,14.222,14.222,
1997-11-18,14.279,14.279,14.279,14.279,
1997-11-19,14.251,14.251,14.251,14.251,
1997-11-20,14.394,14.394,14.394,14.394,
1997-11-21,14.681,14.681,14.681,14.681,
1997-11-24,14.437,14.437,14.437,14.437,
1997-11-25,14.035,14.035,14.035,14.035,
1997-11-26,14.05,14.05,14.05,14.05,
1997-11-28,14.007,14.007,14.007,14.007,
1997-12-01,14.136,14.136,14.136,14.136,
1997-12-02,14.05,14.05,14.05,14.05,
1997-12-03,14.337,14.337,14.337,14.337,
1997-12-04,14.308,14.308,14.308,14.308,
1997-12-05,14.695,14.695,14.695,14.695,
1997-12-08,14.509,14.509,14.509,14.509,
1997-12-09,14.322,14.322,14.322,14.322,
1997-12-10,14.408,14.408,14.408,14.408,
1997-12-11,14.322,14.322,14.322,14.322,
1997-12-12,14.236,14.236,14.236,14.236,
1997-12-15,14.423,14.423,14.423,14.423,
1997-12-16,14.595,14.595,14.595,14.595,
1997-12-17,14.408,14.408,14.408,14.408,
1997-12-18,14.164,14.164,14.164,14.164,
1997-12-19,13.834,13.834,13.834,13.834,
1997-12-22,13.849,13.849,13.849,13.849,
1997-12-23,13.82,13.82,13.82,13.82,
1997-12-24,13.806,13.806,13.806,13.806,
1997-12-26,13.935,13.935,13.935,13.935,
1997-12-29,14.136,14.136,14.136,14.136,
1997-12-30,14.308,14.308,14.308,14.308,
1997-12-31,14.05,14.05,14.05,14.05,
1998-01-02,14.207,14.207,14.207,14.207,
1998-01-05,14.05,14.05,14.05,14.05,
1998-01-06,13.547,13.547,13.547,13.547,
1998-01-07,13.978,13.978,13.978,13.978,
1998-01-08,13.676,13.676,13.676,13.676,
1998-01-09,13.346,13.346,13.346,13.346,
1998-01-12,13.49,13.49,13.49,13.49,
1998-01-13,13.791,13.791,13.791,13.791,
1998-01-14,13.963,13.963,13.963,13.963,
1998-01-15,13.662,13.662,13.662,13.662,
1998-01-16,13.963,13.963,13.963,13.963,
1998-01-20,13.978,13.978,13.978,13.978,
1998-01-21,14.021,14.021,14.021,14.021,
1998-01-22,13.676,13.676,13.676,13.676,
1998-01-23,13.562,13.562,13.562,13.562,
1998-01-26,13.834,13.834,13.834,13.834,
1998-01-27,13.863,13.863,13.863,13.863,
1998-01-28,13.59,13.59,13.59,13.59,
1998-01-29,13.949,13.949,13.949,13.949,
1998-01-30,13.619,13.619,13.619,13.619,
1998-02-02,13.892,13.892,13.892,13.892,
1998-02-03,13.963,13.963,13.963,13.963,
1998-02-04,14.136,14.136,14.136,14.136,
1998-02-05,14.222,14.222,14.222,14.222,
1998-02-06,14.331,14.331,14.331,14.331,
1998-02-09,14.331,14.331,14.331,14.331,
1998-02-10,14.345,14.345,14.345,14.345,
1998-02-11,14.49,14.49,14.49,14.49,
1998-02-12,14.577,14.577,14.577,14.577,
1998-02-13,14.591,14.591,14.591,14.591,
1998-02-17,14.36,14.36,14.36,14.36,
1998-02-18,14.75,14.75,14.75,14.75,
1998-02-19,14.707,14.707,14.707,14.707,
1998-02-20,14.866,14.866,14.866,14.866,
1998-02-23,14.447,14.447,14.447,14.447,
1998-02-24,14.504,14.504,14.504,14.504,
1998-02-25,14.519,14.519,14.519,14.519,
1998-02-26,14.577,14.577,14.577,14.577,
1998-02-27,14.736,14.736,14.736,14.736,
1998-03-02,14.678,14.678,14.678,14.678,
1998-03-03,14.851,14.851,14.851,14.851,
1998-03-04,14.663,14.663,14.663,14.663,
1998-03-05,14.548,14.548,14.548,14.548,
1998-03-06,14.504,14.504,14.504,14.504,
1998-03-09,14.447,14.447,14.447,14.447,
1998-03-10,14.663,14.663,14.663,14.663,
1998-03-11,14.779,14.779,14.779,14.779,
1998-03-12,14.764,14.764,14.764,14.764,
1998-03-13,14.866,14.866,14.866,14.866,
1998-03-16,14.837,14.837,14.837,14.837,
1998-03-17,14.548,14.548,14.548,14.548,
1998-03-18,14.938,14.938,14.938,14.938,
1998-03-19,14.981,14.981,14.981,14.981,
1998-03-20,15.516,15.516,15.516,15.516,
1998-03-23,15.718,15.718,15.718,15.718,
1998-03-24,15.805,15.805,15.805,15.805,
1998-03-25,15.66,15.66,15.66,15.66,
1998-03-26,15.761,15.761,15.761,15.761,
1998-03-27,15.631,15.631,15.631,15.631,
1998-03-30,15.703,15.703,15.703,15.703,
1998-03-31,15.631,15.631,15.631,15.631,
1998-04-01,15.935,15.935,15.935,15.935,
1998-04-02,16.151,16.151,16.151,16.151,
1998-04-03,15.992,15.992,15.992,15.992,
1998-04-06,15.819,15.819,15.819,15.819,
1998-04-07,15.66,15.66,15.66,15.66,
1998-04-08,15.284,15.284,15.284,15.284,
1998-04-09,15.429,15.429,15.429,15.429,
1998-04-13,15.646,15.646,15.646,15.646,
1998-04-14,15.53,15.53,15.53,15.53,
1998-04-15,15.877,15.877,15.877,15.877,
1998-04-16,16.252,16.252,16.252,16.252,
1998-04-17,16.657,16.657,16.657,16.657,
1998-04-20,16.859,16.859,16.859,16.859,
1998-04-21,16.946,16.946,16.946,16.946,
1998-04-22,16.859,16.859,16.859,16.859,
1998-04-23,17.047,17.047,17.047,17.047,
1998-04-24,16.989,16.989,16.989,16.989,
1998-04-27,17.177,17.177,17.177,17.177,
1998-04-28,16.96,16.96,16.96,16.96,
1998-04-29,16.859,16.859,16.859,16.859,
1998-04-30,16.888,16.888,16.888,16.888,
1998-05-01,17.48,17.48,17.48,17.48,
1998-05-04,17.278,17.278,17.278,17.278,
1998-05-05,17.105,17.105,17.105,17.105,
1998-05-06,17.206,17.206,17.206,17.206,
1998-05-07,16.931,16.931,16.931,16.931,
1998-05-08,16.917,16.917,16.917,16.917,
1998-05-11,16.954,16.954,16.954,16.954,
1998-05-12,17.158,17.158,17.158,17.158,
1998-05-13,17.114,17.114,17.114,17.114,
1998-05-14,17.114,17.114,17.114,17.114,
1998-05-15,17.128,17.128,17.128,17.128,
1998-05-18,16.867,16.867,16.867,16.867,
1998-05-19,16.809,16.809,16.809,16.809,
1998-05-20,16.562,16.562,16.562,16.562,
1998-05-21,16.359,16.359,16.359,16.359,
1998-05-22,16.402,16.402,16.402,16.402,
1998-05-26,16.17,16.17,16.17,16.17,
1998-05-27,16.359,16.359,16.359,16.359,
1998-05-28,16.489,16.489,16.489,16.489,
1998-05-29,16.388,16.388,16.388,16.388,
1998-06-01,16.417,16.417,16.417,16.417,
1998-06-02,16.257,16.257,16.257,16.257,
1998-06-03,16.039,16.039,16.039,16.039,
1998-06-04,16.344,16.344,16.344,16.344,
1998-06-05,16.693,16.693,16.693,16.693,
1998-06-08,16.547,16.547,16.547,16.547,
1998-06-09,16.257,16.257,16.257,16.257,
1998-06-10,15.995,15.995,15.995,15.995,
1998-06-11,15.821,15.821,15.821,15.821,
1998-06-12,16.112,16.112,16.112,16.112,
1998-06-15,15.923,15.923,15.923,15.923,
1998-06-16,16.17,16.17,16.17,16.17,
1998-06-17,16.504,16.504,16.504,16.504,
1998-06-18,16.446,16.446,16.446,16.446,
1998-06-19,16.286,16.286,16.286,16.286,
1998-06-22,16.417,16.417,16.417,16.417,
1998-06-23,16.693,16.693,16.693,16.693,
1998-06-24,16.838,16.838,16.838,16.838,
1998-06-25,16.852,16.852,16.852,16.852,
1998-06-26,16.794,16.794,16.794,16.794,
1998-06-29,16.62,16.62,16.62,16.62,
1998-06-30,16.591,16.591,16.591,16.591,
1998-07-01,16.954,16.954,16.954,16.954,
1998-07-02,16.94,16.94,16.94,16.94,
1998-07-06,17.041,17.041,17.041,17.041,
1998-07-07,16.911,16.911,16.911,16.911,
1998-07-08,17.012,17.012,17.012,17.012,
1998-07-09,16.678,16.678,16.678,16.678,
1998-07-10,16.664,16.664,16.664,16.664,
1998-07-13,16.388,16.388,16.388,16.388,
1998-07-14,16.751,16.751,16.751,16.751,
1998-07-15,16.649,16.649,16.649,16.649,
1998-07-16,16.591,16.591,16.591,16.591,
1998-07-17,16.823,16.823,16.823,16.823,
1998-07-20,16.402,16.402,16.402,16.402,
1998-07-21,16.315,16.315,16.315,16.315,
1998-07-22,16.693,16.693,16.693,16.693,
1998-07-23,16.3,16.3,16.3,16.3,
1998-07-24,16.359,16.359,16.359,16.359,
1998-07-27,16.605,16.605,16.605,16.605,
1998-07-28,16.184,16.184,16.184,16.184,
1998-07-29,16.431,16.431,16.431,16.431,
1998-07-30,16.765,16.765,16.765,16.765,
1998-07-31,16.329,16.329,16.329,16.329,
1998-08-03,15.923,15.923,15.923,15.923,
1998-08-04,15.603,15.603,15.603,15.603,
1998-08-05,15.385,15.385,15.385,15.385,
1998-08-06,15.095,15.095,15.095,15.095,
1998-08-07,15.559,15.559,15.559,15.559,
1998-08-10,15.719,15.719,15.719,15.719,
1998-08-11,15.903,15.903,15.903,15.903,
1998-08-12,15.684,15.684,15.684,15.684,
1998-08-13,15.947,15.947,15.947,15.947,
1998-08-14,15.991,15.991,15.991,15.991,
1998-08-17,16.283,16.283,16.283,16.283,
1998-08-18,16.414,16.414,16.414,16.414,
1998-08-19,16.546,16.546,16.546,16.546,
1998-08-20,16.678,16.678,16.678,16.678,
1998-08-21,16.575,16.575,16.575,16.575,
1998-08-24,16.502,16.502,16.502,16.502,
1998-08-25,16.458,16.458,16.458,16.458,
1998-08-26,16.458,16.458,16.458,16.458,
1998-08-27,16.195,16.195,16.195,16.195,
1998-08-28,15.801,15.801,15.801,15.801,
1998-08-31,15.304,15.304,15.304,15.304,
1998-09-01,15.523,15.523,15.523,15.523,
1998-09-02,14.967,14.967,14.967,14.967,
1998-09-03,14.953,14.953,14.953,14.953,
1998-09-04,15.45,15.45,15.45,15.45,
1998-09-08,15.771,15.771,15.771,15.771,
1998-09-09,16.064,16.064,16.064,16.064,
1998-09-10,16.298,16.298,16.298,16.298,
1998-09-11,16.502,16.502,16.502,16.502,
1998-09-14,16.488,16.488,16.488,16.488,
1998-09-15,16.663,16.663,16.663,16.663,
1998-09-16,16.327,16.327,16.327,16.327,
1998-09-17,16.034,16.034,16.034,16.034,
1998-09-18,15.932,15.932,15.932,15.932,
1998-09-21,15.947,15.947,15.947,15.947,
1998-09-22,15.684,15.684,15.684,15.684,
1998-09-23,16.444,16.444,16.444,16.444,
1998-09-24,16.224,16.224,16.224,16.224,
1998-09-25,15.991,15.991,15.991,15.991,
1998-09-28,15.917,15.917,15.917,15.917,
1998-09-29,16.663,16.663,16.663,16.663,
1998-09-30,16.517,16.517,16.517,16.517,
1998-10-01,16.502,16.502,16.502,16.502,
1998-10-02,17.072,17.072,17.072,17.072,
1998-10-05,17.511,17.511,17.511,17.511,
1998-10-06,17.715,17.715,17.715,17.715,
1998-10-07,17.321,17.321,17.321,17.321,
1998-10-08,16.765,16.765,16.765,16.765,
1998-10-09,16.546,16.546,16.546,16.546,
1998-10-12,16.794,16.794,16.794,16.794,
1998-10-13,17.072,17.072,17.072,17.072,
1998-10-14,17.306,17.306,17.306,17.306,
1998-10-15,17.686,17.686,17.686,17.686,
1998-10-16,17.847,17.847,17.847,17.847,
1998-10-19,17.511,17.511,17.511,17.511,
1998-10-20,17.905,17.905,17.905,17.905,
1998-10-21,17.671,17.671,17.671,17.671,
1998-10-22,16.78,16.78,16.78,16.78,
1998-10-23,16.663,16.663,16.663,16.663,
1998-10-26,16.648,16.648,16.648,16.648,
1998-10-27,16.268,16.268,16.268,16.268,
1998-10-28,16.473,16.473,16.473,16.473,
1998-10-29,16.999,16.999,16.999,16.999,
1998-10-30,16.751,16.751,16.751,16.751,
1998-11-02,16.853,16.853,16.853,16.853,
1998-11-03,17.072,17.072,17.072,17.072,
1998-11-04,16.838,16.838,16.838,16.838,
1998-11-05,17.043,17.043,17.043,17.043,
1998-11-06,17.189,17.189,17.189,17.189,
1998-11-09,16.933,16.933,16.933,16.933,
1998-11-10,16.492,16.492,16.492,16.492,
1998-11-11,16.521,16.521,16.521,16.521,
1998-11-12,17.124,17.124,17.124,17.124,
1998-11-13,17.139,17.139,17.139,17.139,
1998-11-16,16.8,16.8,16.8,16.8,
1998-11-17,16.595,16.595,16.595,16.595,
1998-11-18,16.624,16.624,16.624,16.624,
1998-11-19,16.433,16.433,16.433,16.433,
1998-11-20,16.933,16.933,16.933,16.933,
1998-11-23,16.947,16.947,16.947,16.947,
1998-11-24,17.094,17.094,17.094,17.094,
1998-11-25,17.094,17.094,17.094,17.094,
1998-11-27,17.491,17.491,17.491,17.491,
1998-11-30,17.638,17.638,17.638,17.638,
1998-12-01,16.845,16.845,16.845,16.845,
1998-12-02,16.756,16.756,16.756,16.756,
1998-12-03,16.595,16.595,16.595,16.595,
1998-12-04,16.815,16.815,16.815,16.815,
1998-12-07,17.168,17.168,17.168,17.168,
1998-12-08,17.212,17.212,17.212,17.212,
1998-12-09,17.388,17.388,17.388,17.388,
1998-12-10,17.344,17.344,17.344,17.344,
1998-12-11,17.55,17.55,17.55,17.55,
1998-12-14,17.506,17.506,17.506,17.506,
1998-12-15,17.403,17.403,17.403,17.403,
1998-12-16,17.771,17.771,17.771,17.771,
1998-12-17,17.609,17.609,17.609,17.609,
1998-12-18,17.859,17.859,17.859,17.859,
1998-12-21,17.594,17.594,17.594,17.594,
1998-12-22,17.624,17.624,17.624,17.624,
1998-12-23,17.653,17.653,17.653,17.653,
1998-12-24,17.55,17.55,17.55,17.55,
1998-12-28,17.521,17.521,17.521,17.521,
1998-12-29,17.785,17.785,17.785,17.785,
1998-12-30,17.55,17.55,17.55,17.55,
1998-12-31,17.197,17.197,17.197,17.197,
1999-01-04,17.08,17.08,17.08,17.08,
1999-01-05,16.933,16.933,16.933,16.933,
1999-01-06,17.609,17.609,17.609,17.609,
1999-01-07,17.58,17.58,17.58,17.58,
1999-01-08,17.477,17.477,17.477,17.477,
1999-01-11,16.756,16.756,16.756,16.756,
1999-01-12,16.639,16.639,16.639,16.639,
1999-01-13,16.58,16.58,16.58,16.58,
1999-01-14,16.404,16.404,16.404,16.404,
1999-01-15,16.712,16.712,16.712,16.712,
1999-01-19,16.712,16.712,16.712,16.712,
1999-01-20,16.698,16.698,16.698,16.698,
1999-01-21,16.727,16.727,16.727,16.727,
1999-01-22,16.786,16.786,16.786,16.786,
1999-01-25,16.933,16.933,16.933,16.933,
1999-01-26,16.992,16.992,16.992,16.992,
1999-01-27,16.698,16.698,16.698,16.698,
1999-01-28,16.698,16.698,16.698,16.698,
1999-01-29,16.521,16.521,16.521,16.521,
1999-02-01,16.374,16.374,16.374,16.374,
1999-02-02,16.154,16.154,16.154,16.154,
1999-02-03,16.551,16.551,16.551,16.551,
1999-02-04,16.418,16.418,16.418,16.418,
1999-02-05,16.859,16.859,16.859,16.859,
1999-02-08,17.193,17.193,17.193,17.193,
1999-02-09,17.075,17.075,17.075,17.075,
1999-02-10,17.163,17.163,17.163,17.163,
1999-02-11,16.646,16.646,16.646,16.646,
1999-02-12,16.424,16.424,16.424,16.424,
1999-02-16,16.217,16.217,16.217,16.217,
1999-02-17,16.232,16.232,16.232,16.232,
1999-02-18,16.291,16.291,16.291,16.291,
1999-02-19,16.202,16.202,16.202,16.202,
1999-02-22,16.128,16.128,16.128,16.128,
1999-02-23,16.025,16.025,16.025,16.025,
1999-02-24,16.051,16.051,16.051,16.051,
1999-02-25,15.921,15.921,15.921,15.921,
1999-02-26,15.744,15.744,15.744,15.744,
1999-03-01,15.419,15.419,15.419,15.419,
1999-03-02,15.33,15.33,15.33,15.33,
1999-03-03,15.537,15.537,15.537,15.537,
1999-03-04,16.04,16.04,16.04,16.04,
1999-03-05,16.483,16.483,16.483,16.483,
1999-03-08,16.779,16.779,16.779,16.779,
1999-03-09,16.542,16.542,16.542,16.542,
1999-03-10,17.341,17.341,17.341,17.341,
1999-03-11,17.681,17.681,17.681,17.681,
1999-03-12,17.488,17.488,17.488,17.488,
1999-03-15,17.429,17.429,17.429,17.429,
1999-03-16,17.296,17.296,17.296,17.296,
1999-03-17,17.592,17.592,17.592,17.592,
1999-03-18,17.666,17.666,17.666,17.666,
1999-03-19,17.281,17.281,17.281,17.281,
1999-03-22,17.444,17.444,17.444,17.444,
1999-03-23,17.208,17.208,17.208,17.208,
1999-03-24,16.779,16.779,16.779,16.779,
1999-03-25,16.897,16.897,16.897,16.897,
1999-03-26,16.927,16.927,16.927,16.927,
1999-03-29,17.267,17.267,17.267,17.267,
1999-03-30,16.868,16.868,16.868,16.868,
1999-03-31,16.69,16.69,16.69,16.69,
1999-04-01,16.587,16.587,16.587,16.587,
1999-04-05,17.075,17.075,17.075,17.075,
1999-04-06,17.193,17.193,17.193,17.193,
1999-04-07,17.311,17.311,17.311,17.311,
1999-04-08,17.562,17.562,17.562,17.562,
1999-04-09,17.666,17.666,17.666,17.666,
1999-04-12,17.843,17.843,17.843,17.843,
1999-04-13,17.784,17.784,17.784,17.784,
1999-04-14,17.548,17.548,17.548,17.548,
1999-04-15,18.346,18.346,18.346,18.346,
1999-04-16,18.908,18.908,18.908,18.908,
1999-04-19,19.455,19.455,19.455,19.455,
1999-04-20,19.1,19.1,19.1,19.1,
1999-04-21,18.553,18.553,18.553,18.553,
1999-04-22,18.671,18.671,18.671,18.671,
1999-04-23,18.523,18.523,18.523,18.523,
1999-04-26,18.375,18.375,18.375,18.375,
1999-04-27,18.509,18.509,18.509,18.509,
1999-04-28,19.277,19.277,19.277,19.277,
1999-04-29,19.987,19.987,19.987,19.987,
1999-04-30,19.647,19.647,19.647,19.647,
1999-05-03,20.356,20.356,20.356,20.356,
1999-05-04,20.445,20.445,20.445,20.445,
1999-05-05,20.061,20.061,20.061,20.061,
1999-05-06,19.484,19.484,19.484,19.484,
1999-05-07,19.617,19.617,19.617,19.617,
1999-05-10,19.581,19.581,19.581,19.581,
1999-05-11,19.403,19.403,19.403,19.403,
1999-05-12,18.794,18.794,18.794,18.794,
1999-05-13,18.868,18.868,18.868,18.868,
1999-05-14,18.719,18.719,18.719,18.719,
1999-05-17,18.779,18.779,18.779,18.779,
1999-05-18,18.482,18.482,18.482,18.482,
1999-05-19,18.704,18.704,18.704,18.704,
1999-05-20,19.016,19.016,19.016,19.016,
1999-05-21,19.67,19.67,19.67,19.67,
1999-05-24,18.927,18.927,18.927,18.927,
1999-05-25,19.061,19.061,19.061,19.061,
1999-05-26,19.477,19.477,19.477,19.477,
1999-05-27,18.734,18.734,18.734,18.734,
1999-05-28,18.987,18.987,18.987,18.987,
1999-06-01,18.719,18.719,18.719,18.719,
1999-06-02,19.076,19.076,19.076,19.076,
1999-06-03,19.002,19.002,19.002,19.002,
1999-06-04,19.18,19.18,19.18,19.18,
1999-06-07,19.224,19.224,19.224,19.224,
1999-06-08,18.972,18.972,18.972,18.972,
1999-06-09,19.046,19.046,19.046,19.046,
1999-06-10,18.927,18.927,18.927,18.927,
1999-06-11,18.764,18.764,18.764,18.764,
1999-06-14,19.284,19.284,19.284,19.284,
1999-06-15,19.522,19.522,19.522,19.522,
1999-06-16,19.15,19.15,19.15,19.15,
1999-06-17,19.314,19.314,19.314,19.314,
1999-06-18,19.106,19.106,19.106,19.106,
1999-06-21,18.6,18.6,18.6,18.6,
1999-06-22,18.303,18.303,18.303,18.303,
1999-06-23,18.571,18.571,18.571,18.571,
1999-06-24,18.184,18.184,18.184,18.184,
1999-06-25,18.11,18.11,18.11,18.11,
1999-06-28,17.843,17.843,17.843,17.843,
1999-06-29,18.303,18.303,18.303,18.303,
1999-06-30,18.333,18.333,18.333,18.333,
1999-07-01,18.645,18.645,18.645,18.645,
1999-07-02,18.898,18.898,18.898,18.898,
1999-07-06,19.031,19.031,19.031,19.031,
1999-07-07,19.12,19.12,19.12,19.12,
1999-07-08,18.927,18.927,18.927,18.927,
1999-07-09,18.883,18.883,18.883,18.883,
1999-07-12,18.883,18.883,18.883,18.883,
1999-07-13,18.645,18.645,18.645,18.645,
1999-07-14,18.645,18.645,18.645,18.645,
1999-07-15,18.764,18.764,18.764,18.764,
1999-07-16,18.853,18.853,18.853,18.853,
1999-07-19,18.734,18.734,18.734,18.734,
1999-07-20,18.526,18.526,18.526,18.526,
1999-07-21,18.571,18.571,18.571,18.571,
1999-07-22,18.586,18.586,18.586,18.586,
1999-07-23,18.808,18.808,18.808,18.808,
1999-07-26,18.541,18.541,18.541,18.541,
1999-07-27,18.437,18.437,18.437,18.437,
1999-07-28,18.764,18.764,18.764,18.764,
1999-07-29,18.511,18.511,18.511,18.511,
1999-07-30,18.868,18.868,18.868,18.868,
1999-08-02,18.511,18.511,18.511,18.511,
1999-08-03,18.734,18.734,18.734,18.734,
1999-08-04,18.987,18.987,18.987,18.987,
1999-08-05,19.536,19.536,19.536,19.536,
1999-08-06,19.106,19.106,19.106,19.106,
1999-08-09,19.106,19.106,19.106,19.106,
1999-08-10,19.299,19.299,19.299,19.299,
1999-08-11,19.576,19.576,19.576,19.576,
1999-08-12,19.546,19.546,19.546,19.546,
1999-08-13,19.486,19.486,19.486,19.486,
1999-08-16,19.486,19.486,19.486,19.486,
1999-08-17,19.546,19.546,19.546,19.546,
1999-08-18,19.725,19.725,19.725,19.725,
1999-08-19,19.546,19.546,19.546,19.546,
1999-08-20,19.725,19.725,19.725,19.725,
1999-08-23,19.785,19.785,19.785,19.785,
1999-08-24,19.501,19.501,19.501,19.501,
1999-08-25,19.651,19.651,19.651,19.651,
1999-08-26,19.188,19.188,19.188,19.188,
1999-08-27,18.949,18.949,18.949,18.949,
1999-08-30,18.59,18.59,18.59,18.59,
1999-08-31,18.844,18.844,18.844,18.844,
1999-09-01,18.71,18.71,18.71,18.71,
1999-09-02,18.516,18.516,18.516,18.516,
1999-09-03,18.889,18.889,18.889,18.889,
1999-09-07,18.994,18.994,18.994,18.994,
1999-09-08,19.397,19.397,19.397,19.397,
1999-09-09,19.412,19.412,19.412,19.412,
1999-09-10,19.217,19.217,19.217,19.217,
1999-09-13,18.784,18.784,18.784,18.784,
1999-09-14,18.919,18.919,18.919,18.919,
1999-09-15,18.456,18.456,18.456,18.456,
1999-09-16,18.56,18.56,18.56,18.56,
1999-09-17,19.083,19.083,19.083,19.083,
1999-09-20,18.68,18.68,18.68,18.68,
1999-09-21,18.336,18.336,18.336,18.336,
1999-09-22,18.008,18.008,18.008,18.008,
1999-09-23,17.874,17.874,17.874,17.874,
1999-09-24,17.874,17.874,17.874,17.874,
1999-09-27,17.948,17.948,17.948,17.948,
1999-09-28,17.844,17.844,17.844,17.844,
1999-09-29,17.859,17.859,17.859,17.859,
1999-09-30,18.157,18.157,18.157,18.157,
1999-10-01,17.829,17.829,17.829,17.829,
1999-10-04,17.441,17.441,17.441,17.441,
1999-10-05,17.246,17.246,17.246,17.246,
1999-10-06,17.679,17.679,17.679,17.679,
1999-10-07,17.47,17.47,17.47,17.47,
1999-10-08,17.381,17.381,17.381,17.381,
1999-10-11,17.53,17.53,17.53,17.53,
1999-10-12,17.515,17.515,17.515,17.515,
1999-10-13,17.59,17.59,17.59,17.59,
1999-10-14,17.769,17.769,17.769,17.769,
1999-10-15,17.202,17.202,17.202,17.202,
1999-10-18,17.441,17.441,17.441,17.441,
1999-10-19,17.545,17.545,17.545,17.545,
1999-10-20,18.277,18.277,18.277,18.277,
1999-10-21,18.172,18.172,18.172,18.172,
1999-10-22,18.366,18.366,18.366,18.366,
1999-10-25,17.679,17.679,17.679,17.679,
1999-10-26,17.217,17.217,17.217,17.217,
1999-10-27,17.142,17.142,17.142,17.142,
1999-10-28,17.47,17.47,17.47,17.47,
1999-10-29,17.694,17.694,17.694,17.694,
1999-11-01,17.859,17.859,17.859,17.859,
1999-11-02,17.709,17.709,17.709,17.709,
1999-11-03,17.441,17.441,17.441,17.441,
1999-11-04,17.441,17.441,17.441,17.441,
1999-11-05,16.873,16.873,16.873,16.873,
1999-11-08,17.754,17.754,17.754,17.754,
1999-11-09,18.1,18.1,18.1,18.1,
1999-11-10,18.265,18.265,18.265,18.265,
1999-11-11,18.461,18.461,18.461,18.461,
1999-11-12,18.716,18.716,18.716,18.716,
1999-11-15,18.746,18.746,18.746,18.746,
1999-11-16,19.032,19.032,19.032,19.032,
1999-11-17,19.287,19.287,19.287,19.287,
1999-11-18,19.482,19.482,19.482,19.482,
1999-11-19,19.152,19.152,19.152,19.152,
1999-11-22,19.118,19.118,19.118,19.118,
1999-11-23,18.746,18.746,18.746,18.746,
1999-11-24,19.017,19.017,19.017,19.017,
1999-11-26,18.746,18.746,18.746,18.746,
1999-11-29,19.077,19.077,19.077,19.077,
1999-11-30,19.062,19.062,19.062,19.062,
1999-12-01,19.828,19.828,19.828,19.828,
1999-12-02,19.726,19.726,19.726,19.726,
1999-12-03,19.835,19.835,19.835,19.835,
1999-12-06,20.158,20.158,20.158,20.158,
1999-12-07,20.158,20.158,20.158,20.158,
1999-12-08,20.064,20.064,20.064,20.064,
1999-12-09,20.699,20.699,20.699,20.699,
1999-12-10,19.903,19.903,19.903,19.903,
1999-12-13,19.865,19.865,19.865,19.865,
1999-12-14,19.798,19.798,19.798,19.798,
1999-12-15,19.963,19.963,19.963,19.963,
1999-12-16,20.128,20.128,20.128,20.128,
1999-12-17,19.858,19.858,19.858,19.858,
1999-12-20,19.689,19.689,19.689,19.689,
1999-12-21,19.407,19.407,19.407,19.407,
1999-12-22,19.467,19.467,19.467,19.467,
1999-12-23,20.143,20.143,20.143,20.143,
1999-12-27,19.707,19.707,19.707,19.707,
1999-12-28,19.392,19.392,19.392,19.392,
1999-12-29,19.512,19.512,19.512,19.512,
1999-12-30,19.332,19.332,19.332,19.332,
1999-12-31,19.362,19.362,19.362,19.362,
2000-01-03,18.821,18.821,18.821,18.821,
2000-01-04,18.461,18.461,18.461,18.461,
2000-01-05,19.467,19.467,19.467,19.467,
2000-01-06,20.474,20.474,20.474,20.474,
2000-01-07,20.413,20.413,20.413,20.413,
2000-01-10,20.128,20.128,20.128,20.128,
2000-01-11,20.188,20.188,20.188,20.188,
2000-01-12,20.068,20.068,20.068,20.068,
2000-01-13,20.534,20.534,20.534,20.534,
2000-01-14,20.128,20.128,20.128,20.128,
2000-01-18,20.368,20.368,20.368,20.368,
2000-01-19,20.564,20.564,20.564,20.564,
2000-01-20,20.113,20.113,20.113,20.113,
2000-01-21,20.428,20.428,20.428,20.428,
2000-01-24,20.248,20.248,20.248,20.248,
2000-01-25,20.203,20.203,20.203,20.203,
2000-01-26,20.068,20.068,20.068,20.068,
2000-01-27,19.467,19.467,19.467,19.467,
2000-01-28,18.956,18.956,18.956,18.956,
2000-01-31,19.918,19.918,19.918,19.918,
2000-02-01,19.993,19.993,19.993,19.993,
2000-02-02,20.143,20.143,20.143,20.143,
2000-02-03,19.798,19.798,19.798,19.798,
2000-02-04,19.437,19.437,19.437,19.437,
2000-02-07,19.407,19.407,19.407,19.407,
2000-02-08,18.971,18.971,18.971,18.971,
2000-02-09,18.428,18.428,18.428,18.428,
2000-02-10,18.338,18.338,18.338,18.338,
2000-02-11,17.854,17.854,17.854,17.854,
2000-02-14,18.474,18.474,18.474,18.474,
2000-02-15,19.168,19.168,19.168,19.168,
2000-02-16,19.335,19.335,19.335,19.335,
2000-02-17,18.821,18.821,18.821,18.821,
2000-02-18,18.126,18.126,18.126,18.126,
2000-02-22,18.232,18.232,18.232,18.232,
2000-02-23,18.036,18.036,18.036,18.036,
2000-02-24,17.597,17.597,17.597,17.597,
2000-02-25,17.175,17.175,17.175,17.175,
2000-02-28,17.764,17.764,17.764,17.764,
2000-02-29,18.202,18.202,18.202,18.202,
2000-03-01,18.383,18.383,18.383,18.383,
2000-03-02,18.61,18.61,18.61,18.61,
2000-03-03,18.292,18.292,18.292,18.292,
2000-03-06,17.628,17.628,17.628,17.628,
2000-03-07,19.335,19.335,19.335,19.335,
2000-03-08,19.244,19.244,19.244,19.244,
2000-03-09,19.44,19.44,19.44,19.44,
2000-03-10,18.617,18.617,18.617,18.617,
2000-03-13,18.338,18.338,18.338,18.338,
2000-03-14,18.67,18.67,18.67,18.67,
2000-03-15,18.791,18.791,18.791,18.791,
2000-03-16,19.274,19.274,19.274,19.274,
2000-03-17,18.64,18.64,18.64,18.64,
2000-03-20,18.096,18.096,18.096,18.096,
2000-03-21,18.61,18.61,18.61,18.61,
2000-03-22,18.111,18.111,18.111,18.111,
2000-03-23,18.247,18.247,18.247,18.247,
2000-03-24,18.67,18.67,18.67,18.67,
2000-03-27,18.492,18.492,18.492,18.492,
2000-03-28,19.093,19.093,19.093,19.093,
2000-03-29,19.455,19.455,19.455,19.455,
2000-03-30,19.002,19.002,19.002,19.002,
2000-03-31,18.851,18.851,18.851,18.851,
2000-04-03,19.455,19.455,19.455,19.455,
2000-04-04,19.939,19.939,19.939,19.939,
2000-04-05,19.274,19.274,19.274,19.274,
2000-04-06,19.758,19.758,19.758,19.758,
2000-04-07,19.229,19.229,19.229,19.229,
2000-04-10,18.912,18.912,18.912,18.912,
2000-04-11,19.184,19.184,19.184,19.184,
2000-04-12,19.319,19.319,19.319,19.319,
2000-04-13,19.335,19.335,19.335,19.335,
2000-04-14,19.032,19.032,19.032,19.032,
2000-04-17,18.247,18.247,18.247,18.247,
2000-04-18,18.413,18.413,18.413,18.413,
2000-04-19,18.715,18.715,18.715,18.715,
2000-04-20,19.093,19.093,19.093,19.093,
2000-04-24,19.304,19.304,19.304,19.304,
2000-04-25,19.576,19.576,19.576,19.576,
2000-04-26,19.365,19.365,19.365,19.365,
2000-04-27,19.501,19.501,19.501,19.501,
2000-04-28,18.776,18.776,18.776,18.776,
2000-05-01,18.851,18.851,18.851,18.851,
2000-05-02,18.912,18.912,18.912,18.912,
2000-05-03,18.73,18.73,18.73,18.73,
2000-05-04,19.214,19.214,19.214,19.214,
2000-05-05,19.335,19.335,19.335,19.335,
2000-05-08,19.44,19.44,19.44,19.44,
2000-05-09,19.199,19.199,19.199,19.199,
2000-05-10,19.697,19.697,19.697,19.697,
2000-05-11,20.153,20.153,20.153,20.153,
2000-05-12,19.933,19.933,19.933,19.933,
2000-05-15,20.32,20.32,20.32,20.32,
2000-05-16,20.229,20.229,20.229,20.229,
2000-05-17,19.774,19.774,19.774,19.774,
2000-05-18,19.793,19.793,19.793,19.793,
2000-05-19,19.865,19.865,19.865,19.865,
2000-05-22,20.244,20.244,20.244,20.244,
2000-05-23,20.169,20.169,20.169,20.169,
2000-05-24,20.153,20.153,20.153,20.153,
2000-05-25,19.789,19.789,19.789,19.789,
2000-05-26,20.017,20.017,20.017,20.017,
2000-05-30,20.29,20.29,20.29,20.29,
2000-05-31,20.244,20.244,20.244,20.244,
2000-06-01,20.153,20.153,20.153,20.153,
2000-06-02,19.242,19.242,19.242,19.242,
2000-06-05,19.272,19.272,19.272,19.272,
2000-06-06,20.001,20.001,20.001,20.001,
2000-06-07,19.713,19.713,19.713,19.713,
2000-06-08,19.455,19.455,19.455,19.455,
2000-06-09,19.242,19.242,19.242,19.242,
2000-06-12,19.622,19.622,19.622,19.622,
2000-06-13,19.728,19.728,19.728,19.728,
2000-06-14,20.077,20.077,20.077,20.077,
2000-06-15,20.032,20.032,20.032,20.032,
2000-06-16,20.503,20.503,20.503,20.503,
2000-06-19,20.427,20.427,20.427,20.427,
2000-06-20,20.229,20.229,20.229,20.229,
2000-06-21,20.4,20.4,20.4,20.4,
2000-06-22,20.093,20.093,20.093,20.093,
2000-06-23,20.199,20.199,20.199,20.199,
2000-06-26,20.256,20.256,20.256,20.256,
2000-06-27,19.941,19.941,19.941,19.941,
2000-06-28,19.956,19.956,19.956,19.956,
2000-06-29,19.732,19.732,19.732,19.732,
2000-06-30,19.075,19.075,19.075,19.075,
2000-07-03,19.329,19.329,19.329,19.329,
2000-07-05,18.695,18.695,18.695,18.695,
2000-07-06,18.999,18.999,18.999,18.999,
2000-07-07,19.079,19.079,19.079,19.079,
2000-07-10,18.984,18.984,18.984,18.984,
2000-07-11,19.576,19.576,19.576,19.576,
2000-07-12,19.102,19.102,19.102,19.102,
2000-07-13,18.954,18.954,18.954,18.954,
2000-07-14,18.847,18.847,18.847,18.847,
2000-07-17,19.136,19.136,19.136,19.136,
2000-07-18,18.999,18.999,18.999,18.999,
2000-07-19,19.121,19.121,19.121,19.121,
2000-07-20,18.984,18.984,18.984,18.984,
2000-07-21,18.741,18.741,18.741,18.741,
2000-07-24,18.771,18.771,18.771,18.771,
2000-07-25,18.316,18.316,18.316,18.316,
2000-07-26,18.513,18.513,18.513,18.513,
2000-07-27,19.561,19.561,19.561,19.561,
2000-07-28,19.44,19.44,19.44,19.44,
2000-07-31,19.485,19.485,19.485,19.485,
2000-08-01,19.44,19.44,19.44,19.44,
2000-08-02,20.138,20.138,20.138,20.138,
2000-08-03,19.789,19.789,19.789,19.789,
2000-08-04,19.853,19.853,19.853,19.853,
2000-08-07,19.656,19.656,19.656,19.656,
2000-08-08,19.633,19.633,19.633,19.633,
2000-08-09,19.698,19.698,19.698,19.698,
2000-08-10,19.79,19.79,19.79,19.79,
2000-08-11,19.882,19.882,19.882,19.882,
2000-08-14,20.172,20.172,20.172,20.172,
2000-08-15,19.866,19.866,19.866,19.866,
2000-08-16,20.221,20.221,20.221,20.221,
2000-08-17,20.477,20.477,20.477,20.477,
2000-08-18,20.259,20.259,20.259,20.259,
2000-08-21,20.401,20.401,20.401,20.401,
2000-08-22,20.309,20.309,20.309,20.309,
2000-08-23,20.645,20.645,20.645,20.645,
2000-08-24,20.263,20.263,20.263,20.263,
2000-08-25,20.263,20.263,20.263,20.263,
2000-08-28,20.233,20.233,20.233,20.233,
2000-08-29,20.16,20.16,20.16,20.16,
2000-08-30,19.878,19.878,19.878,19.878,
2000-08-31,19.946,19.946,19.946,19.946,
2000-09-01,20.156,20.156,20.156,20.156,
2000-09-05,20.37,20.37,20.37,20.37,
2000-09-06,20.279,20.279,20.279,20.279,
2000-09-07,20.462,20.462,20.462,20.462,
2000-09-08,20.401,20.401,20.401,20.401,
2000-09-11,20.763,20.763,20.763,20.763,
2000-09-12,20.95,20.95,20.95,20.95,
2000-09-13,20.966,20.966,20.966,20.966,
2000-09-14,20.832,20.832,20.832,20.832,
2000-09-15,21.5,21.5,21.5,21.5,
2000-09-18,21.901,21.901,21.901,21.901,
2000-09-19,21.5,21.5,21.5,21.5,
2000-09-20,21.134,21.134,21.134,21.134,
2000-09-21,21.088,21.088,21.088,21.088,
2000-09-22,21.134,21.134,21.134,21.134,
2000-09-25,20.977,20.977,20.977,20.977,
2000-09-26,21.164,21.164,21.164,21.164,
2000-09-27,21.806,21.806,21.806,21.806,
2000-09-28,21.779,21.779,21.779,21.779,
2000-09-29,21.771,21.771,21.771,21.771,
2000-10-02,22.34,22.34,22.34,22.34,
2000-10-03,22.187,22.187,22.187,22.187,
2000-10-04,21.806,21.806,21.806,21.806,
2000-10-05,21.79,21.79,21.79,21.79,
2000-10-06,21.851,21.851,21.851,21.851,
2000-10-09,22.264,22.264,22.264,22.264,
2000-10-10,22.798,22.798,22.798,22.798,
2000-10-11,22.905,22.905,22.905,22.905,
2000-10-12,22.997,22.997,22.997,22.997,
2000-10-13,22.111,22.111,22.111,22.111,
2000-10-16,21.454,21.454,21.454,21.454,
2000-10-17,21.454,21.454,21.454,21.454,
2000-10-18,21.149,21.149,21.149,21.149,
2000-10-19,21.134,21.134,21.134,21.134,
2000-10-20,21.607,21.607,21.607,21.607,
2000-10-23,21.76,21.76,21.76,21.76,
2000-10-24,21.195,21.195,21.195,21.195,
2000-10-25,21.302,21.302,21.302,21.302,
2000-10-26,21.439,21.439,21.439,21.439,
2000-10-27,21.393,21.393,21.393,21.393,
2000-10-30,21.851,21.851,21.851,21.851,
2000-10-31,21.79,21.79,21.79,21.79,
2000-11-01,22.493,22.493,22.493,22.493,
2000-11-02,21.546,21.546,21.546,21.546,
2000-11-03,21.378,21.378,21.378,21.378,
2000-11-06,21.668,21.668,21.668,21.668,
2000-11-07,21.744,21.744,21.744,21.744,
2000-11-08,22.157,22.157,22.157,22.157,
2000-11-09,22.065,22.065,22.065,22.065,
2000-11-10,21.989,21.989,21.989,21.989,
2000-11-13,22.081,22.081,22.081,22.081,
2000-11-14,22.065,22.065,22.065,22.065,
2000-11-15,22.188,22.188,22.188,22.188,
2000-11-16,22.265,22.265,22.265,22.265,
2000-11-17,22.173,22.173,22.173,22.173,
2000-11-20,22.434,22.434,22.434,22.434,
2000-11-21,22.863,22.863,22.863,22.863,
2000-11-22,23.139,23.139,23.139,23.139,
2000-11-24,23.185,23.185,23.185,23.185,
2000-11-27,22.863,22.863,22.863,22.863,
2000-11-28,22.848,22.848,22.848,22.848,
2000-11-29,21.835,21.835,21.835,21.835,
2000-11-30,21.605,21.605,21.605,21.605,
2000-12-01,21.804,21.804,21.804,21.804,
2000-12-04,22.265,22.265,22.265,22.265,
2000-12-05,21.697,21.697,21.697,21.697,
2000-12-06,21.175,21.175,21.175,21.175,
2000-12-07,21.605,21.605,21.605,21.605,
2000-12-08,21.728,21.728,21.728,21.728,
2000-12-11,21.053,21.053,21.053,21.053,
2000-12-12,21.252,21.252,21.252,21.252,
2000-12-13,21.528,21.528,21.528,21.528,
2000-12-14,20.991,20.991,20.991,20.991,
2000-12-15,20.654,20.654,20.654,20.654,
2000-12-18,21.206,21.206,21.206,21.206,
2000-12-19,21.406,21.406,21.406,21.406,
2000-12-20,20.914,20.914,20.914,20.914,
2000-12-21,20.807,20.807,20.807,20.807,
2000-12-22,21.313,21.313,21.313,21.313,
2000-12-26,21.743,21.743,21.743,21.743,
2000-12-27,21.544,21.544,21.544,21.544,
2000-12-28,21.329,21.329,21.329,21.329,
2000-12-29,21.344,21.344,21.344,21.344,
2001-01-02,21.881,21.881,21.881,21.881,
2001-01-03,20.93,20.93,20.93,20.93,
2001-01-04,20.347,20.347,20.347,20.347,
2001-01-05,20.439,20.439,20.439,20.439,
2001-01-08,20.347,20.347,20.347,20.347,
2001-01-09,20.132,20.132,20.132,20.132,
2001-01-10,19.886,19.886,19.886,19.886,
2001-01-11,20.071,20.071,20.071,20.071,
2001-01-12,20.331,20.331,20.331,20.331,
2001-01-16,20.086,20.086,20.086,20.086,
2001-01-17,19.702,19.702,19.702,19.702,
2001-01-18,19.426,19.426,19.426,19.426,
2001-01-19,19.503,19.503,19.503,19.503,
2001-01-22,19.702,19.702,19.702,19.702,
2001-01-23,20.086,20.086,20.086,20.086,
2001-01-24,20.04,20.04,20.04,20.04,
2001-01-25,20.255,20.255,20.255,20.255,
2001-01-26,19.886,19.886,19.886,19.886,
2001-01-29,19.69,19.69,19.69,19.69,
2001-01-30,20.127,20.127,20.127,20.127,
2001-01-31,20.66,20.66,20.66,20.66,
2001-02-01,20.498,20.498,20.498,20.498,
2001-02-02,20.375,20.375,20.375,20.375,
2001-02-05,20.819,20.819,20.819,20.819,
2001-02-06,20.706,20.706,20.706,20.706,
2001-02-07,20.82,20.82,20.82,20.82,
2001-02-08,20.854,20.854,20.854,20.854,
2001-02-09,21.19,21.19,21.19,21.19,
2001-02-12,21.165,21.165,21.165,21.165,
2001-02-13,20.926,20.926,20.926,20.926,
2001-02-14,20.714,20.714,20.714,20.714,
2001-02-15,20.361,20.361,20.361,20.361,
2001-02-16,20.736,20.736,20.736,20.736,
2001-02-20,20.682,20.682,20.682,20.682,
2001-02-21,20.613,20.613,20.613,20.613,
2001-02-22,20.783,20.783,20.783,20.783,
2001-02-23,20.608,20.608,20.608,20.608,
2001-02-26,20.682,20.682,20.682,20.682,
2001-02-27,20.312,20.312,20.312,20.312,
2001-02-28,20.003,20.003,20.003,20.003,
2001-03-01,20.089,20.089,20.089,20.089,
2001-03-02,20.536,20.536,20.536,20.536,
2001-03-05,20.694,20.694,20.694,20.694,
2001-03-06,20.632,20.632,20.632,20.632,
2001-03-07,20.783,20.783,20.783,20.783,
2001-03-08,21.188,21.188,21.188,21.188,
2001-03-09,21.222,21.222,21.222,21.222,
2001-03-12,20.672,20.672,20.672,20.672,
2001-03-13,20.558,20.558,20.558,20.558,
2001-03-14,20.395,20.395,20.395,20.395,
2001-03-15,20.472,20.472,20.472,20.472,
2001-03-16,20.163,20.163,20.163,20.163,
2001-03-19,20.055,20.055,20.055,20.055,
2001-03-20,19.907,19.907,19.907,19.907,
2001-03-21,19.697,19.697,19.697,19.697,
2001-03-22,19.176,19.176,19.176,19.176,
2001-03-23,18.979,18.979,18.979,18.979,
2001-03-26,19.312,19.312,19.312,19.312,
2001-03-27,19.902,19.902,19.902,19.902,
2001-03-28,19.411,19.411,19.411,19.411,
2001-03-29,19.322,19.322,19.322,19.322,
2001-03-30,19.991,19.991,19.991,19.991,
2001-04-02,19.645,19.645,19.645,19.645,
2001-04-03,19.226,19.226,19.226,19.226,
2001-04-04,19.423,19.423,19.423,19.423,
2001-04-05,19.973,19.973,19.973,19.973,
2001-04-06,20.262,20.262,20.262,20.262,
2001-04-09,20.363,20.363,20.363,20.363,
2001-04-10,20.731,20.731,20.731,20.731,
2001-04-11,20.223,20.223,20.223,20.223,
2001-04-12,20.238,20.238,20.238,20.238,
2001-04-16,20.867,20.867,20.867,20.867,
2001-04-17,20.906,20.906,20.906,20.906,
2001-04-18,21.01,21.01,21.01,21.01,
2001-04-19,20.842,20.842,20.842,20.842,
2001-04-20,21.02,21.02,21.02,21.02,
2001-04-23,21.718,21.718,21.718,21.718,
2001-04-24,21.592,21.592,21.592,21.592,
2001-04-25,21.987,21.987,21.987,21.987,
2001-04-26,21.928,21.928,21.928,21.928,
2001-04-27,21.98,21.98,21.98,21.98,
2001-04-30,21.866,21.866,21.866,21.866,
2001-05-01,21.916,21.916,21.916,21.916,
2001-05-02,21.348,21.348,21.348,21.348,
2001-05-03,21.249,21.249,21.249,21.249,
2001-05-04,21.607,21.607,21.607,21.607,
2001-05-07,21.765,21.765,21.765,21.765,
2001-05-08,21.901,21.901,21.901,21.901,
2001-05-09,22.143,22.143,22.143,22.143,
2001-05-10,21.85,21.85,21.85,21.85,
2001-05-11,21.736,21.736,21.736,21.736,
2001-05-14,22.088,22.088,22.088,22.088,
2001-05-15,22.185,22.185,22.185,22.185,
2001-05-16,22.197,22.197,22.197,22.197,
2001-05-17,22.006,22.006,22.006,22.006,
2001-05-18,22.371,22.371,22.371,22.371,
2001-05-21,22.011,22.011,22.011,22.011,
2001-05-22,22.026,22.026,22.026,22.026,
2001-05-23,21.644,21.644,21.644,21.644,
2001-05-24,21.808,21.808,21.808,21.808,
2001-05-25,21.85,21.85,21.85,21.85,
2001-05-29,21.776,21.776,21.776,21.776,
2001-05-30,22.041,22.041,22.041,22.041,
2001-05-31,22.011,22.011,22.011,22.011,
2001-06-01,22.061,22.061,22.061,22.061,
2001-06-04,22.527,22.527,22.527,22.527,
2001-06-05,22.706,22.706,22.706,22.706,
2001-06-06,22.173,22.173,22.173,22.173,
2001-06-07,22.118,22.118,22.118,22.118,
2001-06-08,22.17,22.17,22.17,22.17,
2001-06-11,22.247,22.247,22.247,22.247,
2001-06-12,22.351,22.351,22.351,22.351,
2001-06-13,22.316,22.316,22.316,22.316,
2001-06-14,22.036,22.036,22.036,22.036,
2001-06-15,22.049,22.049,22.049,22.049,
2001-06-18,21.954,21.954,21.954,21.954,
2001-06-19,21.922,21.922,21.922,21.922,
2001-06-20,21.763,21.763,21.763,21.763,
2001-06-21,21.932,21.932,21.932,21.932,
2001-06-22,22.056,22.056,22.056,22.056,
2001-06-25,21.959,21.959,21.959,21.959,
2001-06-26,21.969,21.969,21.969,21.969,
2001-06-27,21.637,21.637,21.637,21.637,
2001-06-28,21.538,21.538,21.538,21.538,
2001-06-29,21.669,21.669,21.669,21.669,
2001-07-02,21.756,21.756,21.756,21.756,
2001-07-03,21.667,21.667,21.667,21.667,
2001-07-05,21.582,21.582,21.582,21.582,
2001-07-06,21.533,21.533,21.533,21.533,
2001-07-09,21.513,21.513,21.513,21.513,
2001-07-10,21.275,21.275,21.275,21.275,
2001-07-11,21.074,21.074,21.074,21.074,
2001-07-12,21.198,21.198,21.198,21.198,
2001-07-13,21.329,21.329,21.329,21.329,
2001-07-16,21.332,21.332,21.332,21.332,
2001-07-17,21.16,21.16,21.16,21.16,
2001-07-18,20.9,20.9,20.9,20.9,
2001-07-19,21.374,21.374,21.374,21.374,
2001-07-20,21.513,21.513,21.513,21.513,
2001-07-23,21.086,21.086,21.086,21.086,
2001-07-24,20.327,20.327,20.327,20.327,
2001-07-25,20.902,20.902,20.902,20.902,
2001-07-26,21.195,21.195,21.195,21.195,
2001-07-27,21.2,21.2,21.2,21.2,
2001-07-30,21.041,21.041,21.041,21.041,
2001-07-31,20.719,20.719,20.719,20.719,
2001-08-01,20.64,20.64,20.64,20.64,
2001-08-02,20.704,20.704,20.704,20.704,
2001-08-03,20.471,20.471,20.471,20.471,
2001-08-06,20.267,20.267,20.267,20.267,
2001-08-07,20.53,20.53,20.53,20.53,
2001-08-08,20.466,20.466,20.466,20.466,
2001-08-09,20.431,20.431,20.431,20.431,
2001-08-10,20.63,20.63,20.63,20.63,
2001-08-13,20.655,20.655,20.655,20.655,
2001-08-14,20.531,20.531,20.531,20.531,
2001-08-15,20.705,20.705,20.705,20.705,
2001-08-16,20.601,20.601,20.601,20.601,
2001-08-17,20.191,20.191,20.191,20.191,
2001-08-20,20.331,20.331,20.331,20.331,
2001-08-21,20.152,20.152,20.152,20.152,
2001-08-22,20.311,20.311,20.311,20.311,
2001-08-23,20.401,20.401,20.401,20.401,
2001-08-24,20.805,20.805,20.805,20.805,
2001-08-27,20.481,20.481,20.481,20.481,
2001-08-28,20.211,20.211,20.211,20.211,
2001-08-29,20.147,20.147,20.147,20.147,
2001-08-30,20.032,20.032,20.032,20.032,
2001-08-31,20.032,20.032,20.032,20.032,
2001-09-04,20.331,20.331,20.331,20.331,
2001-09-05,20.566,20.566,20.566,20.566,
2001-09-06,20.406,20.406,20.406,20.406,
2001-09-07,20.406,20.406,20.406,20.406,
2001-09-10,20.576,20.576,20.576,20.576,
2001-09-17,20.032,20.032,20.032,20.032,
2001-09-18,19.698,19.698,19.698,19.698,
2001-09-19,19.164,19.164,19.164,19.164,
2001-09-20,18.47,18.47,18.47,18.47,
2001-09-21,17.876,17.876,17.876,17.876,
2001-09-24,17.891,17.891,17.891,17.891,
2001-09-25,18.101,18.101,18.101,18.101,
2001-09-26,17.966,17.966,17.966,17.966,
2001-09-27,19.169,19.169,19.169,19.169,
2001-09-28,19.658,19.658,19.658,19.658,
2001-10-01,19.503,19.503,19.503,19.503,
2001-10-02,19.952,19.952,19.952,19.952,
2001-10-03,19.877,19.877,19.877,19.877,
2001-10-04,20.246,20.246,20.246,20.246,
2001-10-05,20.301,20.301,20.301,20.301,
2001-10-08,20.426,20.426,20.426,20.426,
2001-10-09,20.486,20.486,20.486,20.486,
2001-10-10,21.094,21.094,21.094,21.094,
2001-10-11,21.0,21.0,21.0,21.0,
2001-10-12,21.099,21.099,21.099,21.099,
2001-10-15,20.78,20.78,20.78,20.78,
2001-10-16,20.83,20.83,20.83,20.83,
2001-10-17,20.675,20.675,20.675,20.675,
2001-10-18,20.157,20.157,20.157,20.157,
2001-10-19,20.226,20.226,20.226,20.226,
2001-10-22,20.516,20.516,20.516,20.516,
2001-10-23,20.391,20.391,20.391,20.391,
2001-10-24,19.887,19.887,19.887,19.887,
2001-10-25,20.236,20.236,20.236,20.236,
2001-10-26,20.486,20.486,20.486,20.486,
2001-10-29,20.296,20.296,20.296,20.296,
2001-10-30,19.688,19.688,19.688,19.688,
2001-10-31,19.683,19.683,19.683,19.683,
2001-11-01,20.201,20.201,20.201,20.201,
2001-11-02,19.837,19.837,19.837,19.837,
2001-11-05,19.653,19.653,19.653,19.653,
2001-11-06,19.693,19.693,19.693,19.693,
2001-11-07,19.612,19.612,19.612,19.612,
2001-11-08,19.823,19.823,19.823,19.823,
2001-11-09,20.199,20.199,20.199,20.199,
2001-11-12,20.104,20.104,20.104,20.104,
2001-11-13,20.325,20.325,20.325,20.325,
2001-11-14,19.422,19.422,19.422,19.422,
2001-11-15,18.664,18.664,18.664,18.664,
2001-11-16,18.839,18.839,18.839,18.839,
2001-11-19,18.573,18.573,18.573,18.573,
2001-11-20,19.05,19.05,19.05,19.05,
2001-11-21,19.01,19.01,19.01,19.01,
2001-11-23,19.291,19.291,19.291,19.291,
2001-11-26,18.955,18.955,18.955,18.955,
2001-11-27,18.744,18.744,18.744,18.744,
2001-11-28,18.619,18.619,18.619,18.619,
2001-11-29,18.794,18.794,18.794,18.794,
2001-11-30,18.769,18.769,18.769,18.769,
2001-12-03,18.9,18.9,18.9,18.9,
2001-12-04,19.226,19.226,19.226,19.226,
2001-12-05,19.512,19.512,19.512,19.512,
2001-12-06,18.734,18.734,18.734,18.734,
2001-12-07,19.105,19.105,19.105,19.105,
2001-12-10,18.844,18.844,18.844,18.844,
2001-12-11,18.473,18.473,18.473,18.473,
2001-12-12,18.779,18.779,18.779,18.779,
2001-12-13,18.287,18.287,18.287,18.287,
2001-12-14,18.498,18.498,18.498,18.498,
2001-12-17,18.804,18.804,18.804,18.804,
2001-12-18,18.844,18.844,18.844,18.844,
2001-12-19,19.246,19.246,19.246,19.246,
2001-12-20,19.221,19.221,19.221,19.221,
2001-12-21,19.321,19.321,19.321,19.321,
2001-12-24,19.572,19.572,19.572,19.572,
2001-12-26,19.873,19.873,19.873,19.873,
2001-12-27,19.969,19.969,19.969,19.969,
2001-12-28,19.964,19.964,19.964,19.964,
2001-12-31,19.723,19.723,19.723,19.723,
2002-01-02,19.873,19.873,19.873,19.873,
2002-01-03,19.903,19.903,19.903,19.903,
2002-01-04,20.074,20.074,20.074,20.074,
2002-01-07,19.898,19.898,19.898,19.898,
2002-01-08,19.923,19.923,19.923,19.923,
2002-01-09,19.693,19.693,19.693,19.693,
2002-01-10,19.768,19.768,19.768,19.768,
2002-01-11,19.321,19.321,19.321,19.321,
2002-01-14,19.391,19.391,19.391,19.391,
2002-01-15,19.723,19.723,19.723,19.723,
2002-01-16,19.321,19.321,19.321,19.321,
2002-01-17,19.391,19.391,19.391,19.391,
2002-01-18,19.271,19.271,19.271,19.271,
2002-01-22,19.08,19.08,19.08,19.08,
2002-01-23,19.522,19.522,19.522,19.522,
2002-01-24,19.472,19.472,19.472,19.472,
2002-01-25,19.652,19.652,19.652,19.652,
2002-01-28,19.552,19.552,19.552,19.552,
2002-01-29,19.045,19.045,19.045,19.045,
2002-01-30,19.416,19.416,19.416,19.416,
2002-01-31,19.597,19.597,19.597,19.597,
2002-02-01,19.572,19.572,19.572,19.572,
2002-02-04,19.246,19.246,19.246,19.246,
2002-02-05,19.236,19.236,19.236,19.236,
2002-02-06,19.532,19.532,19.532,19.532,
2002-02-07,19.335,19.335,19.335,19.335,
2002-02-08,19.33,19.33,19.33,19.33,
2002-02-11,19.436,19.436,19.436,19.436,
2002-02-12,19.386,19.386,19.386,19.386,
2002-02-13,19.507,19.507,19.507,19.507,
2002-02-14,19.688,19.688,19.688,19.688,
2002-02-15,19.638,19.638,19.638,19.638,
2002-02-19,19.572,19.572,19.572,19.572,
2002-02-20,19.683,19.683,19.683,19.683,
2002-02-21,19.764,19.764,19.764,19.764,
2002-02-22,20.557,20.557,20.557,20.557,
2002-02-25,20.698,20.698,20.698,20.698,
2002-02-26,20.557,20.557,20.557,20.557,
2002-02-27,20.658,20.658,20.658,20.658,
2002-02-28,20.85,20.85,20.85,20.85,
2002-03-01,21.203,21.203,21.203,21.203,
2002-03-04,21.531,21.531,21.531,21.531,
2002-03-05,21.455,21.455,21.455,21.455,
2002-03-06,21.814,21.814,21.814,21.814,
2002-03-07,21.652,21.652,21.652,21.652,
2002-03-08,21.662,21.662,21.662,21.662,
2002-03-11,21.955,21.955,21.955,21.955,
2002-03-12,22.213,22.213,22.213,22.213,
2002-03-13,21.768,21.768,21.768,21.768,
2002-03-14,21.829,21.829,21.829,21.829,
2002-03-15,22.016,22.016,22.016,22.016,
2002-03-18,22.081,22.081,22.081,22.081,
2002-03-19,22.112,22.112,22.112,22.112,
2002-03-20,21.975,21.975,21.975,21.975,
2002-03-21,21.975,21.975,21.975,21.975,
2002-03-22,21.945,21.945,21.945,21.945,
2002-03-25,21.632,21.632,21.632,21.632,
2002-03-26,22.081,22.081,22.081,22.081,
2002-03-27,22.187,22.187,22.187,22.187,
2002-03-28,22.127,22.127,22.127,22.127,
2002-04-01,22.127,22.127,22.127,22.127,
2002-04-02,22.404,22.404,22.404,22.404,
2002-04-03,22.056,22.056,22.056,22.056,
2002-04-04,21.783,21.783,21.783,21.783,
2002-04-05,21.521,21.521,21.521,21.521,
2002-04-08,21.829,21.829,21.829,21.829,
2002-04-09,21.566,21.566,21.566,21.566,
2002-04-10,21.799,21.799,21.799,21.799,
2002-04-11,21.405,21.405,21.405,21.405,
2002-04-12,20.85,20.85,20.85,20.85,
2002-04-15,21.001,21.001,21.001,21.001,
2002-04-16,21.344,21.344,21.344,21.344,
2002-04-17,21.314,21.314,21.314,21.314,
2002-04-18,21.435,21.435,21.435,21.435,
2002-04-19,21.465,21.465,21.465,21.465,
2002-04-22,21.127,21.127,21.127,21.127,
2002-04-23,20.875,20.875,20.875,20.875,
2002-04-24,20.345,20.345,20.345,20.345,
2002-04-25,20.466,20.466,20.466,20.466,
2002-04-26,20.193,20.193,20.193,20.193,
2002-04-29,20.042,20.042,20.042,20.042,
2002-04-30,20.279,20.279,20.279,20.279,
2002-05-01,20.542,20.542,20.542,20.542,
2002-05-02,20.597,20.597,20.597,20.597,
2002-05-03,20.491,20.491,20.491,20.491,
2002-05-06,19.815,19.815,19.815,19.815,
2002-05-07,19.739,19.739,19.739,19.739,
2002-05-08,20.198,20.198,20.198,20.198,
2002-05-09,19.985,19.985,19.985,19.985,
2002-05-10,19.782,19.782,19.782,19.782,
2002-05-13,20.315,20.315,20.315,20.315,
2002-05-14,20.605,20.605,20.605,20.605,
2002-05-15,20.163,20.163,20.163,20.163,
2002-05-16,20.447,20.447,20.447,20.447,
2002-05-17,20.412,20.412,20.412,20.412,
2002-05-20,20.102,20.102,20.102,20.102,
2002-05-21,20.193,20.193,20.193,20.193,
2002-05-22,20.528,20.528,20.528,20.528,
2002-05-23,20.767,20.767,20.767,20.767,
2002-05-24,20.427,20.427,20.427,20.427,
2002-05-28,20.229,20.229,20.229,20.229,
2002-05-29,20.462,20.462,20.462,20.462,
2002-05-30,19.98,19.98,19.98,19.98,
2002-05-31,20.274,20.274,20.274,20.274,
2002-06-03,19.843,19.843,19.843,19.843,
2002-06-04,19.919,19.919,19.919,19.919,
2002-06-05,20.087,20.087,20.087,20.087,
2002-06-06,19.878,19.878,19.878,19.878,
2002-06-07,20.016,20.016,20.016,20.016,
2002-06-10,19.868,19.868,19.868,19.868,
2002-06-11,19.817,19.817,19.817,19.817,
2002-06-12,20.158,20.158,20.158,20.158,
2002-06-13,19.985,19.985,19.985,19.985,
2002-06-14,19.878,19.878,19.878,19.878,
2002-06-17,20.325,20.325,20.325,20.325,
2002-06-18,20.274,20.274,20.274,20.274,
2002-06-19,19.99,19.99,19.99,19.99,
2002-06-20,20.178,20.178,20.178,20.178,
2002-06-21,19.929,19.929,19.929,19.929,
2002-06-24,20.31,20.31,20.31,20.31,
2002-06-25,20.107,20.107,20.107,20.107,
2002-06-26,20.031,20.031,20.031,20.031,
2002-06-27,20.437,20.437,20.437,20.437,
2002-06-28,20.777,20.777,20.777,20.777,
2002-07-01,20.64,20.64,20.64,20.64,
2002-07-02,20.391,20.391,20.391,20.391,
2002-07-03,20.264,20.264,20.264,20.264,
2002-07-05,20.574,20.574,20.574,20.574,
2002-07-08,20.493,20.493,20.493,20.493,
2002-07-09,20.208,20.208,20.208,20.208,
2002-07-10,19.411,19.411,19.411,19.411,
2002-07-11,18.838,18.838,18.838,18.838,
2002-07-12,18.548,18.548,18.548,18.548,
2002-07-15,18.152,18.152,18.152,18.152,
2002-07-16,17.873,17.873,17.873,17.873,
2002-07-17,18.081,18.081,18.081,18.081,
2002-07-18,17.644,17.644,17.644,17.644,
2002-07-19,16.451,16.451,16.451,16.451,
2002-07-22,15.37,15.37,15.37,15.37,
2002-07-23,15.7,15.7,15.7,15.7,
2002-07-24,17.228,17.228,17.228,17.228,
2002-07-25,17.213,17.213,17.213,17.213,
2002-07-26,17.817,17.817,17.817,17.817,
2002-07-29,18.447,18.447,18.447,18.447,
2002-07-30,18.111,18.111,18.111,18.111,
2002-07-31,18.665,18.665,18.665,18.665,
2002-08-01,17.086,17.086,17.086,17.086,
2002-08-02,17.065,17.065,17.065,17.065,
2002-08-05,16.502,16.502,16.502,16.502,
2002-08-06,16.959,16.959,16.959,16.959,
2002-08-07,17.416,17.416,17.416,17.416,
2002-08-08,18.279,18.279,18.279,18.279,
2002-08-09,18.448,18.448,18.448,18.448,
2002-08-12,18.259,18.259,18.259,18.259,
2002-08-13,17.804,17.804,17.804,17.804,
2002-08-14,18.596,18.596,18.596,18.596,
2002-08-15,18.979,18.979,18.979,18.979,
2002-08-16,18.831,18.831,18.831,18.831,
2002-08-19,18.989,18.989,18.989,18.989,
2002-08-20,18.489,18.489,18.489,18.489,
2002-08-21,18.621,18.621,18.621,18.621,
2002-08-22,18.923,18.923,18.923,18.923,
2002-08-23,18.473,18.473,18.473,18.473,
2002-08-26,18.739,18.739,18.739,18.739,
2002-08-27,18.856,18.856,18.856,18.856,
2002-08-28,18.202,18.202,18.202,18.202,
2002-08-29,18.085,18.085,18.085,18.085,
2002-08-30,18.115,18.115,18.115,18.115,
2002-09-03,17.18,17.18,17.18,17.18,
2002-09-04,17.283,17.283,17.283,17.283,
2002-09-05,17.257,17.257,17.257,17.257,
2002-09-06,17.533,17.533,17.533,17.533,
2002-09-09,17.375,17.375,17.375,17.375,
2002-09-10,17.778,17.778,17.778,17.778,
2002-09-11,17.681,17.681,17.681,17.681,
2002-09-12,17.165,17.165,17.165,17.165,
2002-09-13,17.415,17.415,17.415,17.415,
2002-09-16,17.579,17.579,17.579,17.579,
2002-09-17,16.899,16.899,16.899,16.899,
2002-09-18,16.966,16.966,16.966,16.966,
2002-09-19,16.536,16.536,16.536,16.536,
2002-09-20,16.797,16.797,16.797,16.797,
2002-09-23,16.72,16.72,16.72,16.72,
2002-09-24,16.327,16.327,16.327,16.327,
2002-09-25,16.664,16.664,16.664,16.664,
2002-09-26,17.451,17.451,17.451,17.451,
2002-09-27,16.772,16.772,16.772,16.772,
2002-09-30,16.301,16.301,16.301,16.301,
2002-10-01,17.334,17.334,17.334,17.334,
2002-10-02,16.685,16.685,16.685,16.685,
2002-10-03,16.955,16.955,16.955,16.955,
2002-10-04,16.894,16.894,16.894,16.894,
2002-10-07,16.961,16.961,16.961,16.961,
2002-10-08,16.71,16.71,16.71,16.71,
2002-10-09,16.777,16.777,16.777,16.777,
2002-10-10,17.267,17.267,17.267,17.267,
2002-10-11,17.65,17.65,17.65,17.65,
2002-10-14,17.85,17.85,17.85,17.85,
2002-10-15,18.55,18.55,18.55,18.55,
2002-10-16,18.156,18.156,18.156,18.156,
2002-10-17,18.55,18.55,18.55,18.55,
2002-10-18,18.397,18.397,18.397,18.397,
2002-10-21,18.397,18.397,18.397,18.397,
2002-10-22,17.978,17.978,17.978,17.978,
2002-10-23,17.952,17.952,17.952,17.952,
2002-10-24,17.717,17.717,17.717,17.717,
2002-10-25,17.942,17.942,17.942,17.942,
2002-10-28,17.702,17.702,17.702,17.702,
2002-10-29,16.981,16.981,16.981,16.981,
2002-10-30,17.415,17.415,17.415,17.415,
2002-10-31,17.201,17.201,17.201,17.201,
2002-11-01,17.712,17.712,17.712,17.712,
2002-11-04,17.507,17.507,17.507,17.507,
2002-11-05,18.182,18.182,18.182,18.182,
2002-11-06,17.942,17.942,17.942,17.942,
2002-11-07,17.736,17.736,17.736,17.736,
2002-11-08,17.803,17.803,17.803,17.803,
2002-11-11,17.422,17.422,17.422,17.422,
2002-11-12,17.51,17.51,17.51,17.51,
2002-11-13,17.18,17.18,17.18,17.18,
2002-11-14,17.746,17.746,17.746,17.746,
2002-11-15,17.926,17.926,17.926,17.926,
2002-11-18,17.988,17.988,17.988,17.988,
2002-11-19,18.106,18.106,18.106,18.106,
2002-11-20,18.127,18.127,18.127,18.127,
2002-11-21,17.931,17.931,17.931,17.931,
2002-11-22,17.602,17.602,17.602,17.602,
2002-11-25,17.798,17.798,17.798,17.798,
2002-11-26,17.469,17.469,17.469,17.469,
2002-11-27,17.983,17.983,17.983,17.983,
2002-11-29,17.901,17.901,17.901,17.901,
2002-12-02,17.787,17.787,17.787,17.787,
2002-12-03,17.952,17.952,17.952,17.952,
2002-12-04,17.885,17.885,17.885,17.885,
2002-12-05,17.885,17.885,17.885,17.885,
2002-12-06,18.081,18.081,18.081,18.081,
2002-12-09,17.751,17.751,17.751,17.751,
2002-12-10,18.024,18.024,18.024,18.024,
2002-12-11,18.014,18.014,18.014,18.014,
2002-12-12,17.942,17.942,17.942,17.942,
2002-12-13,18.024,18.024,18.024,18.024,
2002-12-16,18.446,18.446,18.446,18.446,
2002-12-17,18.271,18.271,18.271,18.271,
2002-12-18,18.281,18.281,18.281,18.281,
2002-12-19,18.081,18.081,18.081,18.081,
2002-12-20,18.364,18.364,18.364,18.364,
2002-12-23,18.389,18.389,18.389,18.389,
2002-12-24,18.22,18.22,18.22,18.22,
2002-12-26,18.168,18.168,18.168,18.168,
2002-12-27,17.818,17.818,17.818,17.818,
2002-12-30,17.875,17.875,17.875,17.875,
2002-12-31,17.973,17.973,17.973,17.973,
2003-01-02,18.245,18.245,18.245,18.245,
2003-01-03,18.261,18.261,18.261,18.261,
2003-01-06,18.713,18.713,18.713,18.713,
2003-01-07,18.081,18.081,18.081,18.081,
2003-01-08,18.003,18.003,18.003,18.003,
2003-01-09,18.384,18.384,18.384,18.384,
2003-01-10,18.127,18.127,18.127,18.127,
2003-01-13,18.055,18.055,18.055,18.055,
2003-01-14,18.22,18.22,18.22,18.22,
2003-01-15,17.967,17.967,17.967,17.967,
2003-01-16,18.05,18.05,18.05,18.05,
2003-01-17,17.859,17.859,17.859,17.859,
2003-01-21,17.448,17.448,17.448,17.448,
2003-01-22,17.227,17.227,17.227,17.227,
2003-01-23,17.186,17.186,17.186,17.186,
2003-01-24,16.815,16.815,16.815,16.815,
2003-01-27,16.368,16.368,16.368,16.368,
2003-01-28,16.8,16.8,16.8,16.8,
2003-01-29,17.412,17.412,17.412,17.412,
2003-01-30,17.093,17.093,17.093,17.093,
2003-01-31,17.566,17.566,17.566,17.566,
2003-02-03,17.813,17.813,17.813,17.813,
2003-02-04,17.813,17.813,17.813,17.813,
2003-02-05,17.556,17.556,17.556,17.556,
2003-02-06,17.406,17.406,17.406,17.406,
2003-02-07,17.271,17.271,17.271,17.271,
2003-02-10,17.406,17.406,17.406,17.406,
2003-02-11,17.281,17.281,17.281,17.281,
2003-02-12,16.935,16.935,16.935,16.935,
2003-02-13,17.157,17.157,17.157,17.157,
2003-02-14,17.318,17.318,17.318,17.318,
2003-02-18,17.478,17.478,17.478,17.478,
2003-02-19,17.494,17.494,17.494,17.494,
2003-02-20,17.416,17.416,17.416,17.416,
2003-02-21,17.701,17.701,17.701,17.701,
2003-02-24,17.608,17.608,17.608,17.608,
2003-02-25,17.68,17.68,17.68,17.68,
2003-02-26,17.525,17.525,17.525,17.525,
2003-02-27,17.597,17.597,17.597,17.597,
2003-02-28,17.618,17.618,17.618,17.618,
2003-03-03,17.846,17.846,17.846,17.846,
2003-03-04,17.727,17.727,17.727,17.727,
2003-03-05,18.084,18.084,18.084,18.084,
2003-03-06,17.898,17.898,17.898,17.898,
2003-03-07,18.017,18.017,18.017,18.017,
2003-03-10,17.789,17.789,17.789,17.789,
2003-03-11,17.903,17.903,17.903,17.903,
2003-03-12,17.639,17.639,17.639,17.639,
2003-03-13,17.862,17.862,17.862,17.862,
2003-03-14,17.81,17.81,17.81,17.81,
2003-03-17,18.152,18.152,18.152,18.152,
2003-03-18,18.255,18.255,18.255,18.255,
2003-03-19,18.431,18.431,18.431,18.431,
2003-03-20,18.431,18.431,18.431,18.431,
2003-03-21,18.643,18.643,18.643,18.643,
2003-03-24,18.286,18.286,18.286,18.286,
2003-03-25,18.473,18.473,18.473,18.473,
2003-03-26,18.571,18.571,18.571,18.571,
2003-03-27,18.602,18.602,18.602,18.602,
2003-03-28,18.659,18.659,18.659,18.659,
2003-03-31,18.1,18.1,18.1,18.1,
2003-04-01,18.462,18.462,18.462,18.462,
2003-04-02,18.488,18.488,18.488,18.488,
2003-04-03,18.152,18.152,18.152,18.152,
2003-04-04,18.395,18.395,18.395,18.395,
2003-04-07,18.152,18.152,18.152,18.152,
2003-04-08,17.908,17.908,17.908,17.908,
2003-04-09,17.851,17.851,17.851,17.851,
2003-04-10,17.96,17.96,17.96,17.96,
2003-04-11,17.779,17.779,17.779,17.779,
2003-04-14,18.058,18.058,18.058,18.058,
2003-04-15,18.152,18.152,18.152,18.152,
2003-04-16,17.965,17.965,17.965,17.965,
2003-04-17,18.141,18.141,18.141,18.141,
2003-04-21,18.058,18.058,18.058,18.058,
2003-04-22,18.343,18.343,18.343,18.343,
2003-04-23,18.302,18.302,18.302,18.302,
2003-04-24,18.193,18.193,18.193,18.193,
2003-04-25,18.017,18.017,18.017,18.017,
2003-04-28,18.338,18.338,18.338,18.338,
2003-04-29,18.038,18.038,18.038,18.038,
2003-04-30,18.229,18.229,18.229,18.229,
2003-05-01,18.374,18.374,18.374,18.374,
2003-05-02,18.664,18.664,18.664,18.664,
2003-05-05,18.359,18.359,18.359,18.359,
2003-05-06,18.229,18.229,18.229,18.229,
2003-05-07,18.338,18.338,18.338,18.338,
2003-05-08,18.302,18.302,18.302,18.302,
2003-05-09,18.5,18.5,18.5,18.5,
2003-05-12,18.542,18.542,18.542,18.542,
2003-05-13,18.531,18.531,18.531,18.531,
2003-05-14,18.364,18.364,18.364,18.364,
2003-05-15,18.406,18.406,18.406,18.406,
2003-05-16,18.489,18.489,18.489,18.489,
2003-05-19,18.276,18.276,18.276,18.276,
2003-05-20,18.422,18.422,18.422,18.422,
2003-05-21,18.667,18.667,18.667,18.667,
2003-05-22,18.75,18.75,18.75,18.75,
2003-05-23,18.766,18.766,18.766,18.766,
2003-05-27,19.147,19.147,19.147,19.147,
2003-05-28,19.011,19.011,19.011,19.011,
2003-05-29,18.761,18.761,18.761,18.761,
2003-05-30,18.985,18.985,18.985,18.985,
2003-06-02,19.079,19.079,19.079,19.079,
2003-06-03,19.287,19.287,19.287,19.287,
2003-06-04,19.507,19.507,19.507,19.507,
2003-06-05,19.381,19.381,19.381,19.381,
2003-06-06,19.475,19.475,19.475,19.475,
2003-06-09,19.538,19.538,19.538,19.538,
2003-06-10,19.58,19.58,19.58,19.58,
2003-06-11,19.924,19.924,19.924,19.924,
2003-06-12,19.924,19.924,19.924,19.924,
2003-06-13,19.783,19.783,19.783,19.783,
2003-06-16,19.981,19.981,19.981,19.981,
2003-06-17,19.647,19.647,19.647,19.647,
2003-06-18,19.475,19.475,19.475,19.475,
2003-06-19,19.235,19.235,19.235,19.235,
2003-06-20,19.241,19.241,19.241,19.241,
2003-06-23,19.267,19.267,19.267,19.267,
2003-06-24,19.246,19.246,19.246,19.246,
2003-06-25,19.121,19.121,19.121,19.121,
2003-06-26,19.141,19.141,19.141,19.141,
2003-06-27,18.969,18.969,18.969,18.969,
2003-06-30,18.729,18.729,18.729,18.729,
2003-07-01,18.87,18.87,18.87,18.87,
2003-07-02,18.922,18.922,18.922,18.922,
2003-07-03,18.808,18.808,18.808,18.808,
2003-07-07,18.802,18.802,18.802,18.802,
2003-07-08,18.594,18.594,18.594,18.594,
2003-07-09,18.703,18.703,18.703,18.703,
2003-07-10,18.516,18.516,18.516,18.516,
2003-07-11,18.568,18.568,18.568,18.568,
2003-07-14,18.411,18.411,18.411,18.411,
2003-07-15,18.354,18.354,18.354,18.354,
2003-07-16,18.213,18.213,18.213,18.213,
2003-07-17,18.359,18.359,18.359,18.359,
2003-07-18,18.714,18.714,18.714,18.714,
2003-07-21,18.453,18.453,18.453,18.453,
2003-07-22,18.63,18.63,18.63,18.63,
2003-07-23,18.604,18.604,18.604,18.604,
2003-07-24,18.385,18.385,18.385,18.385,
2003-07-25,18.651,18.651,18.651,18.651,
2003-07-28,18.646,18.646,18.646,18.646,
2003-07-29,18.479,18.479,18.479,18.479,
2003-07-30,18.422,18.422,18.422,18.422,
2003-07-31,18.557,18.557,18.557,18.557,
2003-08-01,18.427,18.427,18.427,18.427,
2003-08-04,18.573,18.573,18.573,18.573,
2003-08-05,18.437,18.437,18.437,18.437,
2003-08-06,18.646,18.646,18.646,18.646,
2003-08-07,18.907,18.907,18.907,18.907,
2003-08-08,19.048,19.048,19.048,19.048,
2003-08-11,19.179,19.179,19.179,19.179,
2003-08-12,19.279,19.279,19.279,19.279,
2003-08-13,19.168,19.168,19.168,19.168,
2003-08-14,19.399,19.399,19.399,19.399,
2003-08-15,19.342,19.342,19.342,19.342,
2003-08-18,19.389,19.389,19.389,19.389,
2003-08-19,19.263,19.263,19.263,19.263,
2003-08-20,19.326,19.326,19.326,19.326,
2003-08-21,19.457,19.457,19.457,19.457,
2003-08-22,19.184,19.184,19.184,19.184,
2003-08-25,19.31,19.31,19.31,19.31,
2003-08-26,19.342,19.342,19.342,19.342,
2003-08-27,19.562,19.562,19.562,19.562,
2003-08-28,19.72,19.72,19.72,19.72,
2003-08-29,19.799,19.799,19.799,19.799,
2003-09-02,19.94,19.94,19.94,19.94,
2003-09-03,19.998,19.998,19.998,19.998,
2003-09-04,20.04,20.04,20.04,20.04,
2003-09-05,19.94,19.94,19.94,19.94,
2003-09-08,20.203,20.203,20.203,20.203,
2003-09-09,20.014,20.014,20.014,20.014,
2003-09-10,19.956,19.956,19.956,19.956,
2003-09-11,19.956,19.956,19.956,19.956,
2003-09-12,19.814,19.814,19.814,19.814,
2003-09-15,19.699,19.699,19.699,19.699,
2003-09-16,19.804,19.804,19.804,19.804,
2003-09-17,19.347,19.347,19.347,19.347,
2003-09-18,19.473,19.473,19.473,19.473,
2003-09-19,19.426,19.426,19.426,19.426,
2003-09-22,19.284,19.284,19.284,19.284,
2003-09-23,19.462,19.462,19.462,19.462,
2003-09-24,19.378,19.378,19.378,19.378,
2003-09-25,19.51,19.51,19.51,19.51,
2003-09-26,19.315,19.315,19.315,19.315,
2003-09-29,19.441,19.441,19.441,19.441,
2003-09-30,19.221,19.221,19.221,19.221,
2003-10-01,19.615,19.615,19.615,19.615,
2003-10-02,19.725,19.725,19.725,19.725,
2003-10-03,19.825,19.825,19.825,19.825,
2003-10-06,20.003,20.003,20.003,20.003,
2003-10-07,20.135,20.135,20.135,20.135,
2003-10-08,19.977,19.977,19.977,19.977,
2003-10-09,19.93,19.93,19.93,19.93,
2003-10-10,20.114,20.114,20.114,20.114,
2003-10-13,20.208,20.208,20.208,20.208,
2003-10-14,20.345,20.345,20.345,20.345,
2003-10-15,20.213,20.213,20.213,20.213,
2003-10-16,20.434,20.434,20.434,20.434,
2003-10-17,20.303,20.303,20.303,20.303,
2003-10-20,20.282,20.282,20.282,20.282,
2003-10-21,20.14,20.14,20.14,20.14,
2003-10-22,19.615,19.615,19.615,19.615,
2003-10-23,19.746,19.746,19.746,19.746,
2003-10-24,19.877,19.877,19.877,19.877,
2003-10-27,19.82,19.82,19.82,19.82,
2003-10-28,19.956,19.956,19.956,19.956,
2003-10-29,19.856,19.856,19.856,19.856,
2003-10-30,19.063,19.063,19.063,19.063,
2003-10-31,19.21,19.21,19.21,19.21,
2003-11-03,19.263,19.263,19.263,19.263,
2003-11-04,19.074,19.074,19.074,19.074,
2003-11-05,18.921,18.921,18.921,18.921,
2003-11-06,18.864,18.864,18.864,18.864,
2003-11-07,18.806,18.806,18.806,18.806,
2003-11-10,18.911,18.911,18.911,18.911,
2003-11-11,19.065,19.065,19.065,19.065,
2003-11-12,19.049,19.049,19.049,19.049,
2003-11-13,19.176,19.176,19.176,19.176,
2003-11-14,19.038,19.038,19.038,19.038,
2003-11-17,18.827,18.827,18.827,18.827,
2003-11-18,18.589,18.589,18.589,18.589,
2003-11-19,18.742,18.742,18.742,18.742,
2003-11-20,18.673,18.673,18.673,18.673,
2003-11-21,18.689,18.689,18.689,18.689,
2003-11-24,18.806,18.806,18.806,18.806,
2003-11-25,18.943,18.943,18.943,18.943,
2003-11-26,19.186,19.186,19.186,19.186,
2003-11-28,19.144,19.144,19.144,19.144,
2003-12-01,19.244,19.244,19.244,19.244,
2003-12-02,19.303,19.303,19.303,19.303,
2003-12-03,19.324,19.324,19.324,19.324,
2003-12-04,19.578,19.578,19.578,19.578,
2003-12-05,19.451,19.451,19.451,19.451,
2003-12-08,19.779,19.779,19.779,19.779,
2003-12-09,19.906,19.906,19.906,19.906,
2003-12-10,19.985,19.985,19.985,19.985,
2003-12-11,20.048,20.048,20.048,20.048,
2003-12-12,20.128,20.128,20.128,20.128,
2003-12-15,19.99,19.99,19.99,19.99,
2003-12-16,20.344,20.344,20.344,20.344,
2003-12-17,20.561,20.561,20.561,20.561,
2003-12-18,20.842,20.842,20.842,20.842,
2003-12-19,20.942,20.942,20.942,20.942,
2003-12-22,20.873,20.873,20.873,20.873,
2003-12-23,21.021,21.021,21.021,21.021,
2003-12-24,21.064,21.064,21.064,21.064,
2003-12-26,21.18,21.18,21.18,21.18,
2003-12-29,21.46,21.46,21.46,21.46,
2003-12-30,21.513,21.513,21.513,21.513,
2003-12-31,21.682,21.682,21.682,21.682,
2004-01-02,21.487,21.487,21.487,21.487,
2004-01-05,21.989,21.989,21.989,21.989,
2004-01-06,21.841,21.841,21.841,21.841,
2004-01-07,21.682,21.682,21.682,21.682,
2004-01-08,21.63,21.63,21.63,21.63,
2004-01-09,21.307,21.307,21.307,21.307,
2004-01-12,21.608,21.608,21.608,21.608,
2004-01-13,21.513,21.513,21.513,21.513,
2004-01-14,21.513,21.513,21.513,21.513,
2004-01-15,21.302,21.302,21.302,21.302,
2004-01-16,21.418,21.418,21.418,21.418,
2004-01-20,21.619,21.619,21.619,21.619,
2004-01-21,21.91,21.91,21.91,21.91,
2004-01-22,21.831,21.831,21.831,21.831,
2004-01-23,21.704,21.704,21.704,21.704,
2004-01-26,21.973,21.973,21.973,21.973,
2004-01-27,21.783,21.783,21.783,21.783,
2004-01-28,21.582,21.582,21.582,21.582,
2004-01-29,21.931,21.931,21.931,21.931,
2004-01-30,21.571,21.571,21.571,21.571,
2004-02-02,21.518,21.518,21.518,21.518,
2004-02-03,21.37,21.37,21.37,21.37,
2004-02-04,21.339,21.339,21.339,21.339,
2004-02-05,21.355,21.355,21.355,21.355,
2004-02-06,21.423,21.423,21.423,21.423,
2004-02-09,21.673,21.673,21.673,21.673,
2004-02-10,21.865,21.865,21.865,21.865,
2004-02-11,22.307,22.307,22.307,22.307,
2004-02-12,22.301,22.301,22.301,22.301,
2004-02-13,22.301,22.301,22.301,22.301,
2004-02-17,22.472,22.472,22.472,22.472,
2004-02-18,22.243,22.243,22.243,22.243,
2004-02-19,22.323,22.323,22.323,22.323,
2004-02-20,22.365,22.365,22.365,22.365,
2004-02-23,22.658,22.658,22.658,22.658,
2004-02-24,22.514,22.514,22.514,22.514,
2004-02-25,22.695,22.695,22.695,22.695,
2004-02-26,22.514,22.514,22.514,22.514,
2004-02-27,22.44,22.44,22.44,22.44,
2004-03-01,22.626,22.626,22.626,22.626,
2004-03-02,22.37,22.37,22.37,22.37,
2004-03-03,22.296,22.296,22.296,22.296,
2004-03-04,22.216,22.216,22.216,22.216,
2004-03-05,22.61,22.61,22.61,22.61,
2004-03-08,22.647,22.647,22.647,22.647,
2004-03-09,22.764,22.764,22.764,22.764,
2004-03-10,22.578,22.578,22.578,22.578,
2004-03-11,22.003,22.003,22.003,22.003,
2004-03-12,22.365,22.365,22.365,22.365,
2004-03-15,22.232,22.232,22.232,22.232,
2004-03-16,22.386,22.386,22.386,22.386,
2004-03-17,22.477,22.477,22.477,22.477,
2004-03-18,22.594,22.594,22.594,22.594,
2004-03-19,22.083,22.083,22.083,22.083,
2004-03-22,21.785,21.785,21.785,21.785,
2004-03-23,21.689,21.689,21.689,21.689,
2004-03-24,21.338,21.338,21.338,21.338,
2004-03-25,21.418,21.418,21.418,21.418,
2004-03-26,21.679,21.679,21.679,21.679,
2004-03-29,21.865,21.865,21.865,21.865,
2004-03-30,22.11,22.11,22.11,22.11,
2004-03-31,22.131,22.131,22.131,22.131,
2004-04-01,22.094,22.094,22.094,22.094,
2004-04-02,22.301,22.301,22.301,22.301,
2004-04-05,22.482,22.482,22.482,22.482,
2004-04-06,22.45,22.45,22.45,22.45,
2004-04-07,22.296,22.296,22.296,22.296,
2004-04-08,22.589,22.589,22.589,22.589,
2004-04-12,22.94,22.94,22.94,22.94,
2004-04-13,22.786,22.786,22.786,22.786,
2004-04-14,23.041,23.041,23.041,23.041,
2004-04-15,23.243,23.243,23.243,23.243,
2004-04-16,23.339,23.339,23.339,23.339,
2004-04-19,23.27,23.27,23.27,23.27,
2004-04-20,23.041,23.041,23.041,23.041,
2004-04-21,22.855,22.855,22.855,22.855,
2004-04-22,23.041,23.041,23.041,23.041,
2004-04-23,22.865,22.865,22.865,22.865,
2004-04-26,22.887,22.887,22.887,22.887,
2004-04-27,23.28,23.28,23.28,23.28,
2004-04-28,22.945,22.945,22.945,22.945,
2004-04-29,22.637,22.637,22.637,22.637,
2004-04-30,22.642,22.642,22.642,22.642,
2004-05-03,23.243,23.243,23.243,23.243,
2004-05-04,23.158,23.158,23.158,23.158,
2004-05-05,23.408,23.408,23.408,23.408,
2004-05-06,23.323,23.323,23.323,23.323,
2004-05-07,23.014,23.014,23.014,23.014,
2004-05-10,22.376,22.376,22.376,22.376,
2004-05-11,22.815,22.815,22.815,22.815,
2004-05-12,23.029,23.029,23.029,23.029,
2004-05-13,22.885,22.885,22.885,22.885,
2004-05-14,23.174,23.174,23.174,23.174,
2004-05-17,23.056,23.056,23.056,23.056,
2004-05-18,22.863,22.863,22.863,22.863,
2004-05-19,22.815,22.815,22.815,22.815,
2004-05-20,22.885,22.885,22.885,22.885,
2004-05-21,22.815,22.815,22.815,22.815,
2004-05-24,22.922,22.922,22.922,22.922,
2004-05-25,23.468,23.468,23.468,23.468,
2004-05-26,23.324,23.324,23.324,23.324,
2004-05-27,23.227,23.227,23.227,23.227,
2004-05-28,23.163,23.163,23.163,23.163,
2004-06-01,23.404,23.404,23.404,23.404,
2004-06-02,23.447,23.447,23.447,23.447,
2004-06-03,23.324,23.324,23.324,23.324,
2004-06-04,23.227,23.227,23.227,23.227,
2004-06-07,23.565,23.565,23.565,23.565,
2004-06-08,23.506,23.506,23.506,23.506,
2004-06-09,23.27,23.27,23.27,23.27,
2004-06-10,23.554,23.554,23.554,23.554,
2004-06-14,23.484,23.484,23.484,23.484,
2004-06-15,23.608,23.608,23.608,23.608,
2004-06-16,23.956,23.956,23.956,23.956,
2004-06-17,23.977,23.977,23.977,23.977,
2004-06-18,24.09,24.09,24.09,24.09,
2004-06-21,23.956,23.956,23.956,23.956,
2004-06-22,24.047,24.047,24.047,24.047,
2004-06-23,24.347,24.347,24.347,24.347,
2004-06-24,24.245,24.245,24.245,24.245,
2004-06-25,23.699,23.699,23.699,23.699,
2004-06-28,23.768,23.768,23.768,23.768,
2004-06-29,23.87,23.87,23.87,23.87,
2004-06-30,23.784,23.784,23.784,23.784,
2004-07-01,23.881,23.881,23.881,23.881,
2004-07-02,23.95,23.95,23.95,23.95,
2004-07-06,24.154,24.154,24.154,24.154,
2004-07-07,24.298,24.298,24.298,24.298,
2004-07-08,24.272,24.272,24.272,24.272,
2004-07-09,24.341,24.341,24.341,24.341,
2004-07-12,24.336,24.336,24.336,24.336,
2004-07-13,24.213,24.213,24.213,24.213,
2004-07-14,24.347,24.347,24.347,24.347,
2004-07-15,24.272,24.272,24.272,24.272,
2004-07-16,24.545,24.545,24.545,24.545,
2004-07-19,24.582,24.582,24.582,24.582,
2004-07-20,24.582,24.582,24.582,24.582,
2004-07-21,24.191,24.191,24.191,24.191,
2004-07-22,24.309,24.309,24.309,24.309,
2004-07-23,24.272,24.272,24.272,24.272,
2004-07-26,24.277,24.277,24.277,24.277,
2004-07-27,24.32,24.32,24.32,24.32,
2004-07-28,24.534,24.534,24.534,24.534,
2004-07-29,24.652,24.652,24.652,24.652,
2004-07-30,24.797,24.797,24.797,24.797,
2004-08-02,24.77,24.77,24.77,24.77,
2004-08-03,25.113,25.113,25.113,25.113,
2004-08-04,24.764,24.764,24.764,24.764,
2004-08-05,24.545,24.545,24.545,24.545,
2004-08-06,24.165,24.165,24.165,24.165,
2004-08-09,24.4,24.4,24.4,24.4,
2004-08-10,24.256,24.256,24.256,24.256,
2004-08-11,24.315,24.315,24.315,24.315,
2004-08-12,24.008,24.008,24.008,24.008,
2004-08-13,24.202,24.202,24.202,24.202,
2004-08-16,24.293,24.293,24.293,24.293,
2004-08-17,23.9,23.9,23.9,23.9,
2004-08-18,24.142,24.142,24.142,24.142,
2004-08-19,24.293,24.293,24.293,24.293,
2004-08-20,24.38,24.38,24.38,24.38,
2004-08-23,24.239,24.239,24.239,24.239,
2004-08-24,24.164,24.164,24.164,24.164,
2004-08-25,24.347,24.347,24.347,24.347,
2004-08-26,24.38,24.38,24.38,24.38,
2004-08-27,24.482,24.482,24.482,24.482,
2004-08-30,24.315,24.315,24.315,24.315,
2004-08-31,24.838,24.838,24.838,24.838,
2004-09-01,25.021,25.021,25.021,25.021,
2004-09-02,25.312,25.312,25.312,25.312,
2004-09-03,25.355,25.355,25.355,25.355,
2004-09-07,25.403,25.403,25.403,25.403,
2004-09-08,25.36,25.36,25.36,25.36,
2004-09-09,25.581,25.581,25.581,25.581,
2004-09-10,25.522,25.522,25.522,25.522,
2004-09-13,25.592,25.592,25.592,25.592,
2004-09-14,25.576,25.576,25.576,25.576,
2004-09-15,25.554,25.554,25.554,25.554,
2004-09-16,25.619,25.619,25.619,25.619,
2004-09-17,26.061,26.061,26.061,26.061,
2004-09-20,25.974,25.974,25.974,25.974,
2004-09-21,26.664,26.664,26.664,26.664,
2004-09-22,26.325,26.325,26.325,26.325,
2004-09-23,25.732,25.732,25.732,25.732,
2004-09-24,25.77,25.77,25.77,25.77,
2004-09-27,25.84,25.84,25.84,25.84,
2004-09-28,26.147,26.147,26.147,26.147,
2004-09-29,25.942,25.942,25.942,25.942,
2004-09-30,26.039,26.039,26.039,26.039,
2004-10-01,26.341,26.341,26.341,26.341,
2004-10-04,26.357,26.357,26.357,26.357,
2004-10-05,26.572,26.572,26.572,26.572,
2004-10-06,26.955,26.955,26.955,26.955,
2004-10-07,26.799,26.799,26.799,26.799,
2004-10-08,26.853,26.853,26.853,26.853,
2004-10-11,26.826,26.826,26.826,26.826,
2004-10-12,26.599,26.599,26.599,26.599,
2004-10-13,26.12,26.12,26.12,26.12,
2004-10-14,26.244,26.244,26.244,26.244,
2004-10-15,26.411,26.411,26.411,26.411,
2004-10-18,26.265,26.265,26.265,26.265,
2004-10-19,26.028,26.028,26.028,26.028,
2004-10-20,26.33,26.33,26.33,26.33,
2004-10-21,26.298,26.298,26.298,26.298,
2004-10-22,26.238,26.238,26.238,26.238,
2004-10-25,26.298,26.298,26.298,26.298,
2004-10-26,26.61,26.61,26.61,26.61,
2004-10-27,26.373,26.373,26.373,26.373,
2004-10-28,26.19,26.19,26.19,26.19,
2004-10-29,26.518,26.518,26.518,26.518,
2004-11-01,26.303,26.303,26.303,26.303,
2004-11-02,26.093,26.093,26.093,26.093,
2004-11-03,26.545,26.545,26.545,26.545,
2004-11-04,27.041,27.041,27.041,27.041,
2004-11-05,27.149,27.149,27.149,27.149,
2004-11-08,27.03,27.03,27.03,27.03,
2004-11-09,26.711,26.711,26.711,26.711,
2004-11-10,26.906,26.906,26.906,26.906,
2004-11-11,26.9,26.9,26.9,26.9,
2004-11-12,27.312,27.312,27.312,27.312,
2004-11-15,26.857,26.857,26.857,26.857,
2004-11-16,26.765,26.765,26.765,26.765,
2004-11-17,27.084,27.084,27.084,27.084,
2004-11-18,27.112,27.112,27.112,27.112,
2004-11-19,27.29,27.29,27.29,27.29,
2004-11-22,27.577,27.577,27.577,27.577,
2004-11-23,27.735,27.735,27.735,27.735,
2004-11-24,27.892,27.892,27.892,27.892,
2004-11-26,27.978,27.978,27.978,27.978,
2004-11-29,27.827,27.827,27.827,27.827,
2004-11-30,27.762,27.762,27.762,27.762,
2004-12-01,27.707,27.707,27.707,27.707,
2004-12-02,27.177,27.177,27.177,27.177,
2004-12-03,27.231,27.231,27.231,27.231,
2004-12-06,27.16,27.16,27.16,27.16,
2004-12-07,26.922,26.922,26.922,26.922,
2004-12-08,27.095,27.095,27.095,27.095,
2004-12-09,27.258,27.258,27.258,27.258,
2004-12-10,27.166,27.166,27.166,27.166,
2004-12-13,27.447,27.447,27.447,27.447,
2004-12-14,27.442,27.442,27.442,27.442,
2004-12-15,27.361,27.361,27.361,27.361,
2004-12-16,27.139,27.139,27.139,27.139,
2004-12-17,26.976,26.976,26.976,26.976,
2004-12-20,27.659,27.659,27.659,27.659,
2004-12-21,28.0,28.0,28.0,28.0,
2004-12-22,27.783,27.783,27.783,27.783,
2004-12-23,28.152,28.152,28.152,28.152,
2004-12-27,27.561,27.561,27.561,27.561,
2004-12-28,27.653,27.653,27.653,27.653,
2004-12-29,27.697,27.697,27.697,27.697,
2004-12-30,27.642,27.642,27.642,27.642,
2004-12-31,27.767,27.767,27.767,27.767,
2005-01-03,27.133,27.133,27.133,27.133,
2005-01-04,26.949,26.949,26.949,26.949,
2005-01-05,26.808,26.808,26.808,26.808,
2005-01-06,27.149,27.149,27.149,27.149,
2005-01-07,26.971,26.971,26.971,26.971,
2005-01-10,27.074,27.074,27.074,27.074,
2005-01-11,27.003,27.003,27.003,27.003,
2005-01-12,27.404,27.404,27.404,27.404,
2005-01-13,27.382,27.382,27.382,27.382,
2005-01-14,27.664,27.664,27.664,27.664,
2005-01-18,27.897,27.897,27.897,27.897,
2005-01-19,27.653,27.653,27.653,27.653,
2005-01-20,27.475,27.475,27.475,27.475,
2005-01-21,27.323,27.323,27.323,27.323,
2005-01-24,27.697,27.697,27.697,27.697,
2005-01-25,27.805,27.805,27.805,27.805,
2005-01-26,28.005,28.005,28.005,28.005,
2005-01-27,28.032,28.032,28.032,28.032,
2005-01-28,27.772,27.772,27.772,27.772,
2005-01-31,27.951,27.951,27.951,27.951,
2005-02-01,28.856,28.856,28.856,28.856,
2005-02-02,29.213,29.213,29.213,29.213,
2005-02-03,29.533,29.533,29.533,29.533,
2005-02-04,29.95,29.95,29.95,29.95,
2005-02-07,30.01,30.01,30.01,30.01,
2005-02-08,30.363,30.363,30.363,30.363,
2005-02-09,30.233,30.233,30.233,30.233,
2005-02-10,30.668,30.668,30.668,30.668,
2005-02-11,30.543,30.543,30.543,30.543,
2005-02-14,30.935,30.935,30.935,30.935,
2005-02-15,30.984,30.984,30.984,30.984,
2005-02-16,31.833,31.833,31.833,31.833,
2005-02-17,31.643,31.643,31.643,31.643,
2005-02-18,32.339,32.339,32.339,32.339,
2005-02-22,31.708,31.708,31.708,31.708,
2005-02-23,32.345,32.345,32.345,32.345,
2005-02-24,33.276,33.276,33.276,33.276,
2005-02-25,34.435,34.435,34.435,34.435,
2005-02-28,34.462,34.462,34.462,34.462,
2005-03-01,33.804,33.804,33.804,33.804,
2005-03-02,34.119,34.119,34.119,34.119,
2005-03-03,34.321,34.321,34.321,34.321,
2005-03-04,34.604,34.604,34.604,34.604,
2005-03-07,34.294,34.294,34.294,34.294,
2005-03-08,34.348,34.348,34.348,34.348,
2005-03-09,33.091,33.091,33.091,33.091,
2005-03-10,32.862,32.862,32.862,32.862,
2005-03-11,33.232,33.232,33.232,33.232,
2005-03-14,33.357,33.357,33.357,33.357,
2005-03-15,32.851,32.851,32.851,32.851,
2005-03-16,32.818,32.818,32.818,32.818,
2005-03-17,33.472,33.472,33.472,33.472,
2005-03-18,34.103,34.103,34.103,34.103,
2005-03-21,33.831,33.831,33.831,33.831,
2005-03-22,33.15,33.15,33.15,33.15,
2005-03-23,32.71,32.71,32.71,32.71,
2005-03-24,32.116,32.116,32.116,32.116,
2005-03-28,32.056,32.056,32.056,32.056,
2005-03-29,31.719,31.719,31.719,31.719,
2005-03-30,32.247,32.247,32.247,32.247,
2005-03-31,32.443,32.443,32.443,32.443,
2005-04-01,32.96,32.96,32.96,32.96,
2005-04-04,33.014,33.014,33.014,33.014,
2005-04-05,32.693,32.693,32.693,32.693,
2005-04-06,33.15,33.15,33.15,33.15,
2005-04-07,33.123,33.123,33.123,33.123,
2005-04-08,32.666,32.666,32.666,32.666,
2005-04-11,32.818,32.818,32.818,32.818,
2005-04-12,32.895,32.895,32.895,32.895,
2005-04-13,32.198,32.198,32.198,32.198,
2005-04-14,31.98,31.98,31.98,31.98,
2005-04-15,30.587,30.587,30.587,30.587,
2005-04-18,31.164,31.164,31.164,31.164,
2005-04-19,31.915,31.915,31.915,31.915,
2005-04-20,31.104,31.104,31.104,31.104,
2005-04-21,32.269,32.269,32.269,32.269,
2005-04-22,32.345,32.345,32.345,32.345,
2005-04-25,32.639,32.639,32.639,32.639,
2005-04-26,32.263,32.263,32.263,32.263,
2005-04-27,31.779,31.779,31.779,31.779,
2005-04-28,30.483,30.483,30.483,30.483,
2005-04-29,31.044,31.044,31.044,31.044,
2005-05-02,31.43,31.43,31.43,31.43,
2005-05-03,30.755,30.755,30.755,30.755,
2005-05-04,31.153,31.153,31.153,31.153,
2005-05-05,31.463,31.463,31.463,31.463,
2005-05-06,31.354,31.354,31.354,31.354,
2005-05-09,31.577,31.577,31.577,31.577,
2005-05-10,31.153,31.153,31.153,31.153,
2005-05-11,31.344,31.344,31.344,31.344,
2005-05-12,29.993,29.993,29.993,29.993,
2005-05-13,29.38,29.38,29.38,29.38,
2005-05-16,29.189,29.189,29.189,29.189,
2005-05-17,29.468,29.468,29.468,29.468,
2005-05-18,29.353,29.353,29.353,29.353,
2005-05-19,29.998,29.998,29.998,29.998,
2005-05-20,29.55,29.55,29.55,29.55,
2005-05-23,29.955,29.955,29.955,29.955,
2005-05-24,30.113,30.113,30.113,30.113,
2005-05-25,30.463,30.463,30.463,30.463,
2005-05-26,30.759,30.759,30.759,30.759,
2005-05-27,31.076,31.076,31.076,31.076,
2005-05-31,30.748,30.748,30.748,30.748,
2005-06-01,31.268,31.268,31.268,31.268,
2005-06-02,31.361,31.361,31.361,31.361,
2005-06-03,31.268,31.268,31.268,31.268,
2005-06-06,31.514,31.514,31.514,31.514,
2005-06-07,31.432,31.432,31.432,31.432,
2005-06-08,31.038,31.038,31.038,31.038,
2005-06-09,31.973,31.973,31.973,31.973,
2005-06-10,31.941,31.941,31.941,31.941,
2005-06-13,31.979,31.979,31.979,31.979,
2005-06-14,32.034,32.034,32.034,32.034,
2005-06-15,32.417,32.417,32.417,32.417,
2005-06-16,32.893,32.893,32.893,32.893,
2005-06-17,33.314,33.314,33.314,33.314,
2005-06-20,33.292,33.292,33.292,33.292,
2005-06-21,32.559,32.559,32.559,32.559,
2005-06-22,32.646,32.646,32.646,32.646,
2005-06-23,32.291,32.291,32.291,32.291,
2005-06-24,31.815,31.815,31.815,31.815,
2005-06-27,32.444,32.444,32.444,32.444,
2005-06-28,32.329,32.329,32.329,32.329,
2005-06-29,31.973,31.973,31.973,31.973,
2005-06-30,31.443,31.443,31.443,31.443,
2005-07-01,31.902,31.902,31.902,31.902,
2005-07-05,32.904,32.904,32.904,32.904,
2005-07-06,32.34,32.34,32.34,32.34,
2005-07-07,32.564,32.564,32.564,32.564,
2005-07-08,32.499,32.499,32.499,32.499,
2005-07-11,32.811,32.811,32.811,32.811,
2005-07-12,32.767,32.767,32.767,32.767,
2005-07-13,32.696,32.696,32.696,32.696,
2005-07-14,32.055,32.055,32.055,32.055,
2005-07-15,31.82,31.82,31.82,31.82,
2005-07-18,31.815,31.815,31.815,31.815,
2005-07-19,32.159,32.159,32.159,32.159,
2005-07-20,32.28,32.28,32.28,32.28,
2005-07-21,31.672,31.672,31.672,31.672,
2005-07-22,32.553,32.553,32.553,32.553,
2005-07-25,32.794,32.794,32.794,32.794,
2005-07-26,32.608,32.608,32.608,32.608,
2005-07-27,32.608,32.608,32.608,32.608,
2005-07-28,32.827,32.827,32.827,32.827,
2005-07-29,32.143,32.143,32.143,32.143,
2005-08-01,32.406,32.406,32.406,32.406,
2005-08-02,32.723,32.723,32.723,32.723,
2005-08-03,32.28,32.28,32.28,32.28,
2005-08-04,32.017,32.017,32.017,32.017,
2005-08-05,31.782,31.782,31.782,31.782,
2005-08-08,32.198,32.198,32.198,32.198,
2005-08-09,32.531,32.531,32.531,32.531,
2005-08-10,32.933,32.933,32.933,32.933,
2005-08-11,33.51,33.51,33.51,33.51,
2005-08-12,33.565,33.565,33.565,33.565,
2005-08-15,33.219,33.219,33.219,33.219,
2005-08-16,32.476,32.476,32.476,32.476,
2005-08-17,31.987,31.987,31.987,31.987,
2005-08-18,31.949,31.949,31.949,31.949,
2005-08-19,32.339,32.339,32.339,32.339,
2005-08-22,32.476,32.476,32.476,32.476,
2005-08-23,32.438,32.438,32.438,32.438,
2005-08-24,32.372,32.372,32.372,32.372,
2005-08-25,32.537,32.537,32.537,32.537,
2005-08-26,32.114,32.114,32.114,32.114,
2005-08-29,32.119,32.119,32.119,32.119,
2005-08-30,32.224,32.224,32.224,32.224,
2005-08-31,32.933,32.933,32.933,32.933,
2005-09-01,33.911,33.911,33.911,33.911,
2005-09-02,33.362,33.362,33.362,33.362,
2005-09-06,33.571,33.571,33.571,33.571,
2005-09-07,33.791,33.791,33.791,33.791,
2005-09-08,33.703,33.703,33.703,33.703,
2005-09-09,34.747,34.747,34.747,34.747,
2005-09-12,34.373,34.373,34.373,34.373,
2005-09-13,34.016,34.016,34.016,34.016,
2005-09-14,34.346,34.346,34.346,34.346,
2005-09-15,34.34,34.34,34.34,34.34,
2005-09-16,35.022,35.022,35.022,35.022,
2005-09-19,35.533,35.533,35.533,35.533,
2005-09-20,35.478,35.478,35.478,35.478,
2005-09-21,35.72,35.72,35.72,35.72,
2005-09-22,35.726,35.726,35.726,35.726,
2005-09-23,35.094,35.094,35.094,35.094,
2005-09-26,35.517,35.517,35.517,35.517,
2005-09-27,35.528,35.528,35.528,35.528,
2005-09-28,35.572,35.572,35.572,35.572,
2005-09-29,35.627,35.627,35.627,35.627,
2005-09-30,34.934,34.934,34.934,34.934,
2005-10-03,34.357,34.357,34.357,34.357,
2005-10-04,33.29,33.29,33.29,33.29,
2005-10-05,32.411,32.411,32.411,32.411,
2005-10-06,32.202,32.202,32.202,32.202,
2005-10-07,32.768,32.768,32.768,32.768,
2005-10-10,32.163,32.163,32.163,32.163,
2005-10-11,32.658,32.658,32.658,32.658,
2005-10-12,32.405,32.405,32.405,32.405,
2005-10-13,31.976,31.976,31.976,31.976,
2005-10-14,32.24,32.24,32.24,32.24,
2005-10-17,32.361,32.361,32.361,32.361,
2005-10-18,30.954,30.954,30.954,30.954,
2005-10-19,31.432,31.432,31.432,31.432,
2005-10-20,30.349,30.349,30.349,30.349,
2005-10-21,30.442,30.442,30.442,30.442,
2005-10-24,31.256,31.256,31.256,31.256,
2005-10-25,31.448,31.448,31.448,31.448,
2005-10-26,30.899,30.899,30.899,30.899,
2005-10-27,30.569,30.569,30.569,30.569,
2005-10-28,30.959,30.959,30.959,30.959,
2005-10-31,30.866,30.866,30.866,30.866,
2005-11-01,31.009,31.009,31.009,31.009,
2005-11-02,31.547,31.547,31.547,31.547,
2005-11-03,32.202,32.202,32.202,32.202,
2005-11-04,31.833,31.833,31.833,31.833,
2005-11-07,31.393,31.393,31.393,31.393,
2005-11-08,31.703,31.703,31.703,31.703,
2005-11-09,31.775,31.775,31.775,31.775,
2005-11-10,31.194,31.194,31.194,31.194,
2005-11-11,31.233,31.233,31.233,31.233,
2005-11-14,31.305,31.305,31.305,31.305,
2005-11-15,31.183,31.183,31.183,31.183,
2005-11-16,31.598,31.598,31.598,31.598,
2005-11-17,31.708,31.708,31.708,31.708,
2005-11-18,32.189,32.189,32.189,32.189,
2005-11-21,32.808,32.808,32.808,32.808,
2005-11-22,32.968,32.968,32.968,32.968,
2005-11-23,33.084,33.084,33.084,33.084,
2005-11-25,33.217,33.217,33.217,33.217,
2005-11-28,32.46,32.46,32.46,32.46,
2005-11-29,32.239,32.239,32.239,32.239,
2005-11-30,32.068,32.068,32.068,32.068,
2005-12-01,32.797,32.797,32.797,32.797,
2005-12-02,32.642,32.642,32.642,32.642,
2005-12-05,32.885,32.885,32.885,32.885,
2005-12-06,32.985,32.985,32.985,32.985,
2005-12-07,32.615,32.615,32.615,32.615,
2005-12-08,32.836,32.836,32.836,32.836,
2005-12-09,32.327,32.327,32.327,32.327,
2005-12-12,32.526,32.526,32.526,32.526,
2005-12-13,32.637,32.637,32.637,32.637,
2005-12-14,33.079,33.079,33.079,33.079,
2005-12-15,32.874,32.874,32.874,32.874,
2005-12-16,32.084,32.084,32.084,32.084,
2005-12-19,31.885,31.885,31.885,31.885,
2005-12-20,32.012,32.012,32.012,32.012,
2005-12-21,31.83,31.83,31.83,31.83,
2005-12-22,31.554,31.554,31.554,31.554,
2005-12-23,31.554,31.554,31.554,31.554,
2005-12-27,30.874,30.874,30.874,30.874,
2005-12-28,31.084,31.084,31.084,31.084,
2005-12-29,31.078,31.078,31.078,31.078,
2005-12-30,31.04,31.04,31.04,31.04,
2006-01-03,32.311,32.311,32.311,32.311,
2006-01-04,32.366,32.366,32.366,32.366,
2006-01-05,32.206,32.206,32.206,32.206,
2006-01-06,32.841,32.841,32.841,32.841,
2006-01-09,32.825,32.825,32.825,32.825,
2006-01-10,33.079,33.079,33.079,33.079,
2006-01-11,33.305,33.305,33.305,33.305,
2006-01-12,32.957,32.957,32.957,32.957,
2006-01-13,33.692,33.692,33.692,33.692,
2006-01-17,34.007,34.007,34.007,34.007,
2006-01-18,33.532,33.532,33.532,33.532,
2006-01-19,33.985,33.985,33.985,33.985,
2006-01-20,33.449,33.449,33.449,33.449,
2006-01-23,33.819,33.819,33.819,33.819,
2006-01-24,33.687,33.687,33.687,33.687,
2006-01-25,33.272,33.272,33.272,33.272,
2006-01-26,33.129,33.129,33.129,33.129,
2006-01-27,33.869,33.869,33.869,33.869,
2006-01-30,34.875,34.875,34.875,34.875,
2006-01-31,34.676,34.676,34.676,34.676,
2006-02-01,34.234,34.234,34.234,34.234,
2006-02-02,34.234,34.234,34.234,34.234,
2006-02-03,33.924,33.924,33.924,33.924,
2006-02-06,34.245,34.245,34.245,34.245,
2006-02-07,33.46,33.46,33.46,33.46,
2006-02-08,33.549,33.549,33.549,33.549,
2006-02-09,33.288,33.288,33.288,33.288,
2006-02-10,33.016,33.016,33.016,33.016,
2006-02-13,33.11,33.11,33.11,33.11,
2006-02-14,33.082,33.082,33.082,33.082,
2006-02-15,33.199,33.199,33.199,33.199,
2006-02-16,33.471,33.471,33.471,33.471,
2006-02-17,33.638,33.638,33.638,33.638,
2006-02-21,33.755,33.755,33.755,33.755,
2006-02-22,33.477,33.477,33.477,33.477,
2006-02-23,33.238,33.238,33.238,33.238,
2006-02-24,33.566,33.566,33.566,33.566,
2006-02-27,33.288,33.288,33.288,33.288,
2006-02-28,32.982,32.982,32.982,32.982,
2006-03-01,33.521,33.521,33.521,33.521,
2006-03-02,33.805,33.805,33.805,33.805,
2006-03-03,33.877,33.877,33.877,33.877,
2006-03-06,33.321,33.321,33.321,33.321,
2006-03-07,33.249,33.249,33.249,33.249,
2006-03-08,33.171,33.171,33.171,33.171,
2006-03-09,32.732,32.732,32.732,32.732,
2006-03-10,32.877,32.877,32.877,32.877,
2006-03-13,33.132,33.132,33.132,33.132,
2006-03-14,33.782,33.782,33.782,33.782,
2006-03-15,33.899,33.899,33.899,33.899,
2006-03-16,34.243,34.243,34.243,34.243,
2006-03-17,33.916,33.916,33.916,33.916,
2006-03-20,33.699,33.699,33.699,33.699,
2006-03-21,33.732,33.732,33.732,33.732,
2006-03-22,33.916,33.916,33.916,33.916,
2006-03-23,34.027,34.027,34.027,34.027,
2006-03-24,33.982,33.982,33.982,33.982,
2006-03-27,34.049,34.049,34.049,34.049,
2006-03-28,33.86,33.86,33.86,33.86,
2006-03-29,34.043,34.043,34.043,34.043,
2006-03-30,33.955,33.955,33.955,33.955,
2006-03-31,33.81,33.81,33.81,33.81,
2006-04-03,33.905,33.905,33.905,33.905,
2006-04-04,34.305,34.305,34.305,34.305,
2006-04-05,34.532,34.532,34.532,34.532,
2006-04-06,34.493,34.493,34.493,34.493,
2006-04-07,34.071,34.071,34.071,34.071,
2006-04-10,34.41,34.41,34.41,34.41,
2006-04-11,34.443,34.443,34.443,34.443,
2006-04-12,34.143,34.143,34.143,34.143,
2006-04-13,34.199,34.199,34.199,34.199,
2006-04-17,34.471,34.471,34.471,34.471,
2006-04-18,35.299,35.299,35.299,35.299,
2006-04-19,35.721,35.721,35.721,35.721,
2006-04-20,35.51,35.51,35.51,35.51,
2006-04-21,36.11,36.11,36.11,36.11,
2006-04-24,35.782,35.782,35.782,35.782,
2006-04-25,35.527,35.527,35.527,35.527,
2006-04-26,35.055,35.055,35.055,35.055,
2006-04-27,34.677,34.677,34.677,34.677,
2006-04-28,35.043,35.043,35.043,35.043,
2006-05-01,35.232,35.232,35.232,35.232,
2006-05-02,35.927,35.927,35.927,35.927,
2006-05-03,35.427,35.427,35.427,35.427,
2006-05-04,35.171,35.171,35.171,35.171,
2006-05-05,35.555,35.555,35.555,35.555,
2006-05-08,35.393,35.393,35.393,35.393,
2006-05-09,35.521,35.521,35.521,35.521,
2006-05-10,35.666,35.666,35.666,35.666,
2006-05-11,35.432,35.432,35.432,35.432,
2006-05-12,34.751,34.751,34.751,34.751,
2006-05-15,34.617,34.617,34.617,34.617,
2006-05-16,34.594,34.594,34.594,34.594,
2006-05-17,33.601,33.601,33.601,33.601,
2006-05-18,33.439,33.439,33.439,33.439,
2006-05-19,33.751,33.751,33.751,33.751,
2006-05-22,33.936,33.936,33.936,33.936,
2006-05-23,33.718,33.718,33.718,33.718,
2006-05-24,33.556,33.556,33.556,33.556,
2006-05-25,34.349,34.349,34.349,34.349,
2006-05-26,34.382,34.382,34.382,34.382,
2006-05-30,33.612,33.612,33.612,33.612,
2006-05-31,34.008,34.008,34.008,34.008,
2006-06-01,34.12,34.12,34.12,34.12,
2006-06-02,34.421,34.421,34.421,34.421,
2006-06-05,33.528,33.528,33.528,33.528,
2006-06-06,33.723,33.723,33.723,33.723,
2006-06-07,32.841,32.841,32.841,32.841,
2006-06-08,33.26,33.26,33.26,33.26,
2006-06-09,32.83,32.83,32.83,32.83,
2006-06-12,32.517,32.517,32.517,32.517,
2006-06-13,31.63,31.63,31.63,31.63,
2006-06-14,32.272,32.272,32.272,32.272,
2006-06-15,33.009,33.009,33.009,33.009,
2006-06-16,32.83,32.83,32.83,32.83,
2006-06-19,32.043,32.043,32.043,32.043,
2006-06-20,32.043,32.043,32.043,32.043,
2006-06-21,32.417,32.417,32.417,32.417,
2006-06-22,32.367,32.367,32.367,32.367,
2006-06-23,32.439,32.439,32.439,32.439,
2006-06-26,32.841,32.841,32.841,32.841,
2006-06-27,33.305,33.305,33.305,33.305,
2006-06-28,34.125,34.125,34.125,34.125,
2006-06-29,34.823,34.823,34.823,34.823,
2006-06-30,34.254,34.254,34.254,34.254,
2006-07-03,34.7,34.7,34.7,34.7,
2006-07-05,34.924,34.924,34.924,34.924,
2006-07-06,35.437,35.437,35.437,35.437,
2006-07-07,35.086,35.086,35.086,35.086,
2006-07-10,35.197,35.197,35.197,35.197,
2006-07-11,35.722,35.722,35.722,35.722,
2006-07-12,35.717,35.717,35.717,35.717,
2006-07-13,35.772,35.772,35.772,35.772,
2006-07-14,36.236,36.236,36.236,36.236,
2006-07-17,35.733,35.733,35.733,35.733,
2006-07-18,36.074,36.074,36.074,36.074,
2006-07-19,36.102,36.102,36.102,36.102,
2006-07-20,35.873,35.873,35.873,35.873,
2006-07-21,35.694,35.694,35.694,35.694,
2006-07-24,36.493,36.493,36.493,36.493,
2006-07-25,36.705,36.705,36.705,36.705,
2006-07-26,37.185,37.185,37.185,37.185,
2006-07-27,37.112,37.112,37.112,37.112,
2006-07-28,37.408,37.408,37.408,37.408,
2006-07-31,37.822,37.822,37.822,37.822,
2006-08-01,38.067,38.067,38.067,38.067,
2006-08-02,38.235,38.235,38.235,38.235,
2006-08-03,38.173,38.173,38.173,38.173,
2006-08-04,38.352,38.352,38.352,38.352,
2006-08-07,38.653,38.653,38.653,38.653,
2006-08-08,38.676,38.676,38.676,38.676,
2006-08-09,38.687,38.687,38.687,38.687,
2006-08-10,38.894,38.894,38.894,38.894,
2006-08-11,39.113,39.113,39.113,39.113,
2006-08-14,38.844,38.844,38.844,38.844,
2006-08-15,38.53,38.53,38.53,38.53,
2006-08-16,37.902,37.902,37.902,37.902,
2006-08-17,38.188,38.188,38.188,38.188,
2006-08-18,38.76,38.76,38.76,38.76,
2006-08-21,39.169,39.169,39.169,39.169,
2006-08-22,39.382,39.382,39.382,39.382,
2006-08-23,39.057,39.057,39.057,39.057,
2006-08-24,39.669,39.669,39.669,39.669,
2006-08-25,39.506,39.506,39.506,39.506,
2006-08-28,39.321,39.321,39.321,39.321,
2006-08-29,38.934,38.934,38.934,38.934,
2006-08-30,38.311,38.311,38.311,38.311,
2006-08-31,37.958,37.958,37.958,37.958,
2006-09-01,38.199,38.199,38.199,38.199,
2006-09-05,38.412,38.412,38.412,38.412,
2006-09-06,37.683,37.683,37.683,37.683,
2006-09-07,37.969,37.969,37.969,37.969,
2006-09-08,37.475,37.475,37.475,37.475,
2006-09-11,36.426,36.426,36.426,36.426,
2006-09-12,36.292,36.292,36.292,36.292,
2006-09-13,36.662,36.662,36.662,36.662,
2006-09-14,36.297,36.297,36.297,36.297,
2006-09-15,36.264,36.264,36.264,36.264,
2006-09-18,37.189,37.189,37.189,37.189,
2006-09-19,36.741,36.741,36.741,36.741,
2006-09-20,35.961,35.961,35.961,35.961,
2006-09-21,36.337,36.337,36.337,36.337,
2006-09-22,36.41,36.41,36.41,36.41,
2006-09-25,36.494,36.494,36.494,36.494,
2006-09-26,37.262,37.262,37.262,37.262,
2006-09-27,37.655,37.655,37.655,37.655,
2006-09-28,37.84,37.84,37.84,37.84,
2006-09-29,37.638,37.638,37.638,37.638,
2006-10-02,37.582,37.582,37.582,37.582,
2006-10-03,36.69,36.69,36.69,36.69,
2006-10-04,37.363,37.363,37.363,37.363,
2006-10-05,37.761,37.761,37.761,37.761,
2006-10-06,37.874,37.874,37.874,37.874,
2006-10-09,37.329,37.329,37.329,37.329,
2006-10-10,37.694,37.694,37.694,37.694,
2006-10-11,37.318,37.318,37.318,37.318,
2006-10-12,37.947,37.947,37.947,37.947,
2006-10-13,38.367,38.367,38.367,38.367,
2006-10-16,39.169,39.169,39.169,39.169,
2006-10-17,38.934,38.934,38.934,38.934,
2006-10-18,38.799,38.799,38.799,38.799,
2006-10-19,39.113,39.113,39.113,39.113,
2006-10-20,39.012,39.012,39.012,39.012,
2006-10-23,39.22,39.22,39.22,39.22,
2006-10-24,39.203,39.203,39.203,39.203,
2006-10-25,39.831,39.831,39.831,39.831,
2006-10-26,40.173,40.173,40.173,40.173,
2006-10-27,40.084,40.084,40.084,40.084,
2006-10-30,39.736,39.736,39.736,39.736,
2006-10-31,40.061,40.061,40.061,40.061,
2006-11-01,39.859,39.859,39.859,39.859,
2006-11-02,39.932,39.932,39.932,39.932,
2006-11-03,40.471,40.471,40.471,40.471,
2006-11-06,40.897,40.897,40.897,40.897,
2006-11-07,40.684,40.684,40.684,40.684,
2006-11-08,41.581,41.581,41.581,41.581,
2006-11-09,42.032,42.032,42.032,42.032,
2006-11-10,41.925,41.925,41.925,41.925,
2006-11-13,41.931,41.931,41.931,41.931,
2006-11-14,41.942,41.942,41.942,41.942,
2006-11-15,42.139,42.139,42.139,42.139,
2006-11-16,40.939,40.939,40.939,40.939,
2006-11-17,41.17,41.17,41.17,41.17,
2006-11-20,40.804,40.804,40.804,40.804,
2006-11-21,41.345,41.345,41.345,41.345,
2006-11-22,41.074,41.074,41.074,41.074,
2006-11-24,40.776,40.776,40.776,40.776,
2006-11-27,40.826,40.826,40.826,40.826,
2006-11-28,41.778,41.778,41.778,41.778,
2006-11-29,42.832,42.832,42.832,42.832,
2006-11-30,43.271,43.271,43.271,43.271,
2006-12-01,43.491,43.491,43.491,43.491,
2006-12-04,43.812,43.812,43.812,43.812,
2006-12-05,43.976,43.976,43.976,43.976,
2006-12-06,42.99,42.99,42.99,42.99,
2006-12-07,42.652,42.652,42.652,42.652,
2006-12-08,42.533,42.533,42.533,42.533,
2006-12-11,42.454,42.454,42.454,42.454,
2006-12-12,42.956,42.956,42.956,42.956,
2006-12-13,43.581,43.581,43.581,43.581,
2006-12-14,44.353,44.353,44.353,44.353,
2006-12-15,43.547,43.547,43.547,43.547,
2006-12-18,42.539,42.539,42.539,42.539,
2006-12-19,43.373,43.373,43.373,43.373,
2006-12-20,42.86,42.86,42.86,42.86,
2006-12-21,42.742,42.742,42.742,42.742,
2006-12-22,42.483,42.483,42.483,42.483,
2006-12-26,42.843,42.843,42.843,42.843,
2006-12-27,43.356,43.356,43.356,43.356,
2006-12-28,43.564,43.564,43.564,43.564,
2006-12-29,43.17,43.17,43.17,43.17,
2007-01-03,41.75,41.75,41.75,41.75,
2007-01-04,40.967,40.967,40.967,40.967,
2007-01-05,41.26,41.26,41.26,41.26,
2007-01-08,40.928,40.928,40.928,40.928,
2007-01-09,40.612,40.612,40.612,40.612,
2007-01-10,39.993,39.993,39.993,39.993,
2007-01-11,39.987,39.987,39.987,39.987,
2007-01-12,40.933,40.933,40.933,40.933,
2007-01-16,40.353,40.353,40.353,40.353,
2007-01-17,40.821,40.821,40.821,40.821,
2007-01-18,40.539,40.539,40.539,40.539,
2007-01-19,41.424,41.424,41.424,41.424,
2007-01-22,41.069,41.069,41.069,41.069,
2007-01-23,41.964,41.964,41.964,41.964,
2007-01-24,42.195,42.195,42.195,42.195,
2007-01-25,41.418,41.418,41.418,41.418,
2007-01-26,41.469,41.469,41.469,41.469,
2007-01-29,41.238,41.238,41.238,41.238,
2007-01-30,41.908,41.908,41.908,41.908,
2007-01-31,41.745,41.745,41.745,41.745,
2007-02-01,42.297,42.297,42.297,42.297,
2007-02-02,42.556,42.556,42.556,42.556,
2007-02-05,42.629,42.629,42.629,42.629,
2007-02-06,42.511,42.511,42.511,42.511,
2007-02-07,42.313,42.313,42.313,42.313,
2007-02-08,42.692,42.692,42.692,42.692,
2007-02-09,42.556,42.556,42.556,42.556,
2007-02-12,42.205,42.205,42.205,42.205,
2007-02-13,42.686,42.686,42.686,42.686,
2007-02-14,42.771,42.771,42.771,42.771,
2007-02-15,42.624,42.624,42.624,42.624,
2007-02-16,42.596,42.596,42.596,42.596,
2007-02-20,42.358,42.358,42.358,42.358,
2007-02-21,42.307,42.307,42.307,42.307,
2007-02-22,42.477,42.477,42.477,42.477,
2007-02-23,42.556,42.556,42.556,42.556,
2007-02-26,42.658,42.658,42.658,42.658,
2007-02-27,40.638,40.638,40.638,40.638,
2007-02-28,40.553,40.553,40.553,40.553,
2007-03-01,40.163,40.163,40.163,40.163,
2007-03-02,39.609,39.609,39.609,39.609,
2007-03-05,39.592,39.592,39.592,39.592,
2007-03-06,40.169,40.169,40.169,40.169,
2007-03-07,40.531,40.531,40.531,40.531,
2007-03-08,40.649,40.649,40.649,40.649,
2007-03-09,40.236,40.236,40.236,40.236,
2007-03-12,40.095,40.095,40.095,40.095,
2007-03-13,39.552,39.552,39.552,39.552,
2007-03-14,40.18,40.18,40.18,40.18,
2007-03-15,39.993,39.993,39.993,39.993,
2007-03-16,39.524,39.524,39.524,39.524,
2007-03-19,40.225,40.225,40.225,40.225,
2007-03-20,40.734,40.734,40.734,40.734,
2007-03-21,41.43,41.43,41.43,41.43,
2007-03-22,42.07,42.07,42.07,42.07,
2007-03-23,42.443,42.443,42.443,42.443,
2007-03-26,42.698,42.698,42.698,42.698,
2007-03-27,42.833,42.833,42.833,42.833,
2007-03-28,42.748,42.748,42.748,42.748,
2007-03-29,43.133,43.133,43.133,43.133,
2007-03-30,42.686,42.686,42.686,42.686,
2007-04-02,43.088,43.088,43.088,43.088,
2007-04-03,43.45,43.45,43.45,43.45,
2007-04-04,43.625,43.625,43.625,43.625,
2007-04-05,43.688,43.688,43.688,43.688,
2007-04-09,43.45,43.45,43.45,43.45,
2007-04-10,43.886,43.886,43.886,43.886,
2007-04-11,43.433,43.433,43.433,43.433,
2007-04-12,43.784,43.784,43.784,43.784,
2007-04-13,43.795,43.795,43.795,43.795,
2007-04-16,44.225,44.225,44.225,44.225,
2007-04-17,44.355,44.355,44.355,44.355,
2007-04-18,44.242,44.242,44.242,44.242,
2007-04-19,43.823,43.823,43.823,43.823,
2007-04-20,45.125,45.125,45.125,45.125,
2007-04-23,44.808,44.808,44.808,44.808,
2007-04-24,44.468,44.468,44.468,44.468,
2007-04-25,45.215,45.215,45.215,45.215,
2007-04-26,45.572,45.572,45.572,45.572,
2007-04-27,45.464,45.464,45.464,45.464,
2007-04-30,44.91,44.91,44.91,44.91,
2007-05-01,45.068,45.068,45.068,45.068,
2007-05-02,45.159,45.159,45.159,45.159,
2007-05-03,45.645,45.645,45.645,45.645,
2007-05-04,45.572,45.572,45.572,45.572,
2007-05-07,45.73,45.73,45.73,45.73,
2007-05-08,46.041,46.041,46.041,46.041,
2007-05-09,46.064,46.064,46.064,46.064,
2007-05-10,45.109,45.109,45.109,45.109,
2007-05-11,46.155,46.155,46.155,46.155,
2007-05-14,46.166,46.166,46.166,46.166,
2007-05-15,46.098,46.098,46.098,46.098,
2007-05-16,46.28,46.28,46.28,46.28,
2007-05-17,46.479,46.479,46.479,46.479,
2007-05-18,47.308,47.308,47.308,47.308,
2007-05-21,47.496,47.496,47.496,47.496,
2007-05-22,47.03,47.03,47.03,47.03,
2007-05-23,47.155,47.155,47.155,47.155,
2007-05-24,46.751,46.751,46.751,46.751,
2007-05-25,47.45,47.45,47.45,47.45,
2007-05-29,46.944,46.944,46.944,46.944,
2007-05-30,47.729,47.729,47.729,47.729,
2007-05-31,47.257,47.257,47.257,47.257,
2007-06-01,47.854,47.854,47.854,47.854,
2007-06-04,47.854,47.854,47.854,47.854,
2007-06-05,47.876,47.876,47.876,47.876,
2007-06-06,47.513,47.513,47.513,47.513,
2007-06-07,46.569,46.569,46.569,46.569,
2007-06-08,46.979,46.979,46.979,46.979,
2007-06-11,47.194,47.194,47.194,47.194,
2007-06-12,46.592,46.592,46.592,46.592,
2007-06-13,47.359,47.359,47.359,47.359,
2007-06-14,48.166,48.166,48.166,48.166,
2007-06-15,48.831,48.831,48.831,48.831,
2007-06-18,49.07,49.07,49.07,49.07,
2007-06-19,48.774,48.774,48.774,48.774,
2007-06-20,47.058,47.058,47.058,47.058,
2007-06-21,47.899,47.899,47.899,47.899,
2007-06-22,46.888,46.888,46.888,46.888,
2007-06-25,46.802,46.802,46.802,46.802,
2007-06-26,46.49,46.49,46.49,46.49,
2007-06-27,47.433,47.433,47.433,47.433,
2007-06-28,47.501,47.501,47.501,47.501,
2007-06-29,47.66,47.66,47.66,47.66,
2007-07-02,48.195,48.195,48.195,48.195,
2007-07-03,48.501,48.501,48.501,48.501,
2007-07-05,48.388,48.388,48.388,48.388,
2007-07-06,49.126,49.126,49.126,49.126,
2007-07-09,49.683,49.683,49.683,49.683,
2007-07-10,49.149,49.149,49.149,49.149,
2007-07-11,49.598,49.598,49.598,49.598,
2007-07-12,50.922,50.922,50.922,50.922,
2007-07-13,51.325,51.325,51.325,51.325,
2007-07-16,50.967,50.967,50.967,50.967,
2007-07-17,50.621,50.621,50.621,50.621,
2007-07-18,51.791,51.791,51.791,51.791,
2007-07-19,52.439,52.439,52.439,52.439,
2007-07-20,52.24,52.24,52.24,52.24,
2007-07-23,53.092,53.092,53.092,53.092,
2007-07-24,51.615,51.615,51.615,51.615,
2007-07-25,52.723,52.723,52.723,52.723,
2007-07-26,50.132,50.132,50.132,50.132,
2007-07-27,48.632,48.632,48.632,48.632,
2007-07-30,48.871,48.871,48.871,48.871,
2007-07-31,48.371,48.371,48.371,48.371,
2007-08-01,48.774,48.774,48.774,48.774,
2007-08-02,48.399,48.399,48.399,48.399,
2007-08-03,46.638,46.638,46.638,46.638,
2007-08-06,47.467,47.467,47.467,47.467,
2007-08-07,48.695,48.695,48.695,48.695,
2007-08-08,49.945,49.945,49.945,49.945,
2007-08-09,47.691,47.691,47.691,47.691,
2007-08-10,48.21,48.21,48.21,48.21,
2007-08-13,47.303,47.303,47.303,47.303,
2007-08-14,47.423,47.423,47.423,47.423,
2007-08-15,46.602,46.602,46.602,46.602,
2007-08-16,46.02,46.02,46.02,46.02,
2007-08-17,47.999,47.999,47.999,47.999,
2007-08-20,48.222,48.222,48.222,48.222,
2007-08-21,47.434,47.434,47.434,47.434,
2007-08-22,47.68,47.68,47.68,47.68,
2007-08-23,47.777,47.777,47.777,47.777,
2007-08-24,48.883,48.883,48.883,48.883,
2007-08-27,48.558,48.558,48.558,48.558,
2007-08-28,47.349,47.349,47.349,47.349,
2007-08-29,48.621,48.621,48.621,48.621,
2007-08-30,48.718,48.718,48.718,48.718,
2007-08-31,48.906,48.906,48.906,48.906,
2007-09-04,49.762,49.762,49.762,49.762,
2007-09-05,49.756,49.756,49.756,49.756,
2007-09-06,49.91,49.91,49.91,49.91,
2007-09-07,48.918,48.918,48.918,48.918,
2007-09-10,48.41,48.41,48.41,48.41,
2007-09-11,49.597,49.597,49.597,49.597,
2007-09-12,50.002,50.002,50.002,50.002,
2007-09-13,50.555,50.555,50.555,50.555,
2007-09-14,50.583,50.583,50.583,50.583,
2007-09-17,50.92,50.92,50.92,50.92,
2007-09-18,52.346,52.346,52.346,52.346,
2007-09-19,52.552,52.552,52.552,52.552,
2007-09-20,52.534,52.534,52.534,52.534,
2007-09-21,52.66,52.66,52.66,52.66,
2007-09-24,52.329,52.329,52.329,52.329,
2007-09-25,52.46,52.46,52.46,52.46,
2007-09-26,52.694,52.694,52.694,52.694,
2007-09-27,53.037,53.037,53.037,53.037,
2007-09-28,52.803,52.803,52.803,52.803,
2007-10-01,53.596,53.596,53.596,53.596,
2007-10-02,52.62,52.62,52.62,52.62,
2007-10-03,52.101,52.101,52.101,52.101,
2007-10-04,51.867,51.867,51.867,51.867,
2007-10-05,52.118,52.118,52.118,52.118,
2007-10-08,51.73,51.73,51.73,51.73,
2007-10-09,52.865,52.865,52.865,52.865,
2007-10-10,53.128,53.128,53.128,53.128,
2007-10-11,52.86,52.86,52.86,52.86,
2007-10-12,53.327,53.327,53.327,53.327,
2007-10-15,54.092,54.092,54.092,54.092,
2007-10-16,54.046,54.046,54.046,54.046,
2007-10-17,54.08,54.08,54.08,54.08,
2007-10-18,54.223,54.223,54.223,54.223,
2007-10-19,52.563,52.563,52.563,52.563,
2007-10-22,51.861,51.861,51.861,51.861,
2007-10-23,52.112,52.112,52.112,52.112,
2007-10-24,52.557,52.557,52.557,52.557,
2007-10-25,52.238,52.238,52.238,52.238,
2007-10-26,52.603,52.603,52.603,52.603,
2007-10-29,53.402,53.402,53.402,53.402,
2007-10-30,51.993,51.993,51.993,51.993,
2007-10-31,52.477,52.477,52.477,52.477,
2007-11-01,50.487,50.487,50.487,50.487,
2007-11-02,50.161,50.161,50.161,50.161,
2007-11-05,50.007,50.007,50.007,50.007,
2007-11-06,51.559,51.559,51.559,51.559,
2007-11-07,49.938,49.938,49.938,49.938,
2007-11-08,51.21,51.21,51.21,51.21,
2007-11-09,49.738,49.738,49.738,49.738,
2007-11-12,48.415,48.415,48.415,48.415,
2007-11-13,49.755,49.755,49.755,49.755,
2007-11-14,49.429,49.429,49.429,49.429,
2007-11-15,48.386,48.386,48.386,48.386,
2007-11-16,48.736,48.736,48.736,48.736,
2007-11-19,48.169,48.169,48.169,48.169,
2007-11-20,50.293,50.293,50.293,50.293,
2007-11-21,49.847,49.847,49.847,49.847,
2007-11-23,50.562,50.562,50.562,50.562,
2007-11-26,49.068,49.068,49.068,49.068,
2007-11-27,49.469,49.469,49.469,49.469,
2007-11-28,50.351,50.351,50.351,50.351,
2007-11-29,50.734,50.734,50.734,50.734,
2007-11-30,51.061,51.061,51.061,51.061,
2007-12-03,50.883,50.883,50.883,50.883,
2007-12-04,50.465,50.465,50.465,50.465,
2007-12-05,51.496,51.496,51.496,51.496,
2007-12-06,52.366,52.366,52.366,52.366,
2007-12-07,52.401,52.401,52.401,52.401,
2007-12-10,52.704,52.704,52.704,52.704,
2007-12-11,51.702,51.702,51.702,51.702,
2007-12-12,52.641,52.641,52.641,52.641,
2007-12-13,53.099,53.099,53.099,53.099,
2007-12-14,52.218,52.218,52.218,52.218,
2007-12-17,51.479,51.479,51.479,51.479,
2007-12-18,52.355,52.355,52.355,52.355,
2007-12-19,52.361,52.361,52.361,52.361,
2007-12-20,52.762,52.762,52.762,52.762,
2007-12-21,53.506,53.506,53.506,53.506,
2007-12-24,53.638,53.638,53.638,53.638,
2007-12-26,54.296,54.296,54.296,54.296,
2007-12-27,53.644,53.644,53.644,53.644,
2007-12-28,54.405,54.405,54.405,54.405,
2007-12-31,53.655,53.655,53.655,53.655,
2008-01-02,53.552,53.552,53.552,53.552,
2008-01-03,53.735,53.735,53.735,53.735,
2008-01-04,52.733,52.733,52.733,52.733,
2008-01-07,52.24,52.24,52.24,52.24,
2008-01-08,51.57,51.57,51.57,51.57,
2008-01-09,52.435,52.435,52.435,52.435,
2008-01-10,52.492,52.492,52.492,52.492,
2008-01-11,51.714,51.714,51.714,51.714,
2008-01-14,52.017,52.017,52.017,52.017,
2008-01-15,50.981,50.981,50.981,50.981,
2008-01-16,49.555,49.555,49.555,49.555,
2008-01-17,48.054,48.054,48.054,48.054,
2008-01-18,48.724,48.724,48.724,48.724,
2008-01-22,47.218,47.218,47.218,47.218,
2008-01-23,47.791,47.791,47.791,47.791,
2008-01-24,49.251,49.251,49.251,49.251,
2008-01-25,48.071,48.071,48.071,48.071,
2008-01-28,48.753,48.753,48.753,48.753,
2008-01-29,48.724,48.724,48.724,48.724,
2008-01-30,48.839,48.839,48.839,48.839,
2008-01-31,49.079,49.079,49.079,49.079,
2008-02-01,49.222,49.222,49.222,49.222,
2008-02-04,48.93,48.93,48.93,48.93,
2008-02-05,47.023,47.023,47.023,47.023,
2008-02-06,46.64,46.64,46.64,46.64,
2008-02-07,47.1,47.1,47.1,47.1,
2008-02-08,46.996,46.996,46.996,46.996,
2008-02-11,47.865,47.865,47.865,47.865,
2008-02-12,48.532,48.532,48.532,48.532,
2008-02-13,49.17,49.17,49.17,49.17,
2008-02-14,49.205,49.205,49.205,49.205,
2008-02-15,49.101,49.101,49.101,49.101,
2008-02-19,50.045,50.045,50.045,50.045,
2008-02-20,50.671,50.671,50.671,50.671,
2008-02-21,49.993,49.993,49.993,49.993,
2008-02-22,50.137,50.137,50.137,50.137,
2008-02-25,51.264,51.264,51.264,51.264,
2008-02-26,51.701,51.701,51.701,51.701,
2008-02-27,51.413,51.413,51.413,51.413,
2008-02-28,51.408,51.408,51.408,51.408,
2008-02-29,50.045,50.045,50.045,50.045,
2008-03-03,50.47,50.47,50.47,50.47,
2008-03-04,49.86,49.86,49.86,49.86,
2008-03-05,50.148,50.148,50.148,50.148,
2008-03-06,48.607,48.607,48.607,48.607,
2008-03-07,47.445,47.445,47.445,47.445,
2008-03-10,47.428,47.428,47.428,47.428,
2008-03-11,49.855,49.855,49.855,49.855,
2008-03-12,49.446,49.446,49.446,49.446,
2008-03-13,50.068,50.068,50.068,50.068,
2008-03-14,49.412,49.412,49.412,49.412,
2008-03-17,49.343,49.343,49.343,49.343,
2008-03-18,50.884,50.884,50.884,50.884,
2008-03-19,48.561,48.561,48.561,48.561,
2008-03-20,48.888,48.888,48.888,48.888,
2008-03-24,49.435,49.435,49.435,49.435,
2008-03-25,49.004,49.004,49.004,49.004,
2008-03-26,49.613,49.613,49.613,49.613,
2008-03-27,49.579,49.579,49.579,49.579,
2008-03-28,49.015,49.015,49.015,49.015,
2008-03-31,48.647,48.647,48.647,48.647,
2008-04-01,50.05,50.05,50.05,50.05,
2008-04-02,50.913,50.913,50.913,50.913,
2008-04-03,50.746,50.746,50.746,50.746,
2008-04-04,51.04,51.04,51.04,51.04,
2008-04-07,51.143,51.143,51.143,51.143,
2008-04-08,51.54,51.54,51.54,51.54,
2008-04-09,51.592,51.592,51.592,51.592,
2008-04-10,51.505,51.505,51.505,51.505,
2008-04-11,50.971,50.971,50.971,50.971,
2008-04-14,51.592,51.592,51.592,51.592,
2008-04-15,52.224,52.224,52.224,52.224,
2008-04-16,53.426,53.426,53.426,53.426,
2008-04-17,53.708,53.708,53.708,53.708,
2008-04-18,54.065,54.065,54.065,54.065,
2008-04-21,54.214,54.214,54.214,54.214,
2008-04-22,54.289,54.289,54.289,54.289,
2008-04-23,54.191,54.191,54.191,54.191,
2008-04-24,53.26,53.26,53.26,53.26,
2008-04-25,53.179,53.179,53.179,53.179,
2008-04-28,53.173,53.173,53.173,53.173,
2008-04-29,52.794,52.794,52.794,52.794,
2008-04-30,53.53,53.53,53.53,53.53,
2008-05-01,51.592,51.592,51.592,51.592,
2008-05-02,51.54,51.54,51.54,51.54,
2008-05-05,51.482,51.482,51.482,51.482,
2008-05-06,51.805,51.805,51.805,51.805,
2008-05-07,51.086,51.086,51.086,51.086,
2008-05-08,51.724,51.724,51.724,51.724,
2008-05-09,51.314,51.314,51.314,51.314,
2008-05-12,51.528,51.528,51.528,51.528,
2008-05-13,51.811,51.811,51.811,51.811,
2008-05-14,51.944,51.944,51.944,51.944,
2008-05-15,52.747,52.747,52.747,52.747,
2008-05-16,53.538,53.538,53.538,53.538,
2008-05-19,54.514,54.514,54.514,54.514,
2008-05-20,54.63,54.63,54.63,54.63,
2008-05-21,54.116,54.116,54.116,54.116,
2008-05-22,53.446,53.446,53.446,53.446,
2008-05-23,52.4,52.4,52.4,52.4,
2008-05-27,51.88,51.88,51.88,51.88,
2008-05-28,52.244,52.244,52.244,52.244,
2008-05-29,51.62,51.62,51.62,51.62,
2008-05-30,51.279,51.279,51.279,51.279,
2008-06-02,50.73,50.73,50.73,50.73,
2008-06-03,49.517,49.517,49.517,49.517,
2008-06-04,49.54,49.54,49.54,49.54,
2008-06-05,51.597,51.597,51.597,51.597,
2008-06-06,50.141,50.141,50.141,50.141,
2008-06-09,51.458,51.458,51.458,51.458,
2008-06-10,50.777,50.777,50.777,50.777,
2008-06-11,51.193,51.193,51.193,51.193,
2008-06-12,50.297,50.297,50.297,50.297,
2008-06-13,51.048,51.048,51.048,51.048,
2008-06-16,50.834,50.834,50.834,50.834,
2008-06-17,51.198,51.198,51.198,51.198,
2008-06-18,50.742,50.742,50.742,50.742,
2008-06-19,49.563,49.563,49.563,49.563,
2008-06-20,49.055,49.055,49.055,49.055,
2008-06-23,50.667,50.667,50.667,50.667,
2008-06-24,50.216,50.216,50.216,50.216,
2008-06-25,50.609,50.609,50.609,50.609,
2008-06-26,49.922,49.922,49.922,49.922,
2008-06-27,50.002,50.002,50.002,50.002,
2008-06-30,50.915,50.915,50.915,50.915,
2008-07-01,51.042,51.042,51.042,51.042,
2008-07-02,50.499,50.499,50.499,50.499,
2008-07-03,50.996,50.996,50.996,50.996,
2008-07-07,50.233,50.233,50.233,50.233,
2008-07-08,49.65,49.65,49.65,49.65,
2008-07-09,48.708,48.708,48.708,48.708,
2008-07-10,49.719,49.719,49.719,49.719,
2008-07-11,49.384,49.384,49.384,49.384,
2008-07-14,49.35,49.35,49.35,49.35,
2008-07-15,47.483,47.483,47.483,47.483,
2008-07-16,46.686,46.686,46.686,46.686,
2008-07-17,46.409,46.409,46.409,46.409,
2008-07-18,47.108,47.108,47.108,47.108,
2008-07-21,47.94,47.94,47.94,47.94,
2008-07-22,47.871,47.871,47.871,47.871,
2008-07-23,46.79,46.79,46.79,46.79,
2008-07-24,46.68,46.68,46.68,46.68,
2008-07-25,47.2,47.2,47.2,47.2,
2008-07-28,46.611,46.611,46.611,46.611,
2008-07-29,46.738,46.738,46.738,46.738,
2008-07-30,48.749,48.749,48.749,48.749,
2008-07-31,46.467,46.467,46.467,46.467,
2008-08-01,46.056,46.056,46.056,46.056,
2008-08-04,44.254,44.254,44.254,44.254,
2008-08-05,45.265,45.265,45.265,45.265,
2008-08-06,45.253,45.253,45.253,45.253,
2008-08-07,44.739,44.739,44.739,44.739,
2008-08-08,45.479,45.479,45.479,45.479,
2008-08-11,45.386,45.386,45.386,45.386,
2008-08-12,44.643,44.643,44.643,44.643,
2008-08-13,45.392,45.392,45.392,45.392,
2008-08-14,44.974,44.974,44.974,44.974,
2008-08-15,44.753,44.753,44.753,44.753,
2008-08-18,44.439,44.439,44.439,44.439,
2008-08-19,45.264,45.264,45.264,45.264,
2008-08-20,45.763,45.763,45.763,45.763,
2008-08-21,46.658,46.658,46.658,46.658,
2008-08-22,46.629,46.629,46.629,46.629,
2008-08-25,45.705,45.705,45.705,45.705,
2008-08-26,46.425,46.425,46.425,46.425,
2008-08-27,46.727,46.727,46.727,46.727,
2008-08-28,47.14,47.14,47.14,47.14,
2008-08-29,46.46,46.46,46.46,46.46,
2008-09-02,44.898,44.898,44.898,44.898,
2008-09-03,45.305,45.305,45.305,45.305,
2008-09-04,44.213,44.213,44.213,44.213,
2008-09-05,43.911,43.911,43.911,43.911,
2008-09-08,44.579,44.579,44.579,44.579,
2008-09-09,42.541,42.541,42.541,42.541,
2008-09-10,43.696,43.696,43.696,43.696,
2008-09-11,43.876,43.876,43.876,43.876,
2008-09-12,45.003,45.003,45.003,45.003,
2008-09-15,42.535,42.535,42.535,42.535,
2008-09-16,44.381,44.381,44.381,44.381,
2008-09-17,43.714,43.714,43.714,43.714,
2008-09-18,45.148,45.148,45.148,45.148,
2008-09-19,46.228,46.228,46.228,46.228,
2008-09-22,45.804,45.804,45.804,45.804,
2008-09-23,45.113,45.113,45.113,45.113,
2008-09-24,45.31,45.31,45.31,45.31,
2008-09-25,46.843,46.843,46.843,46.843,
2008-09-26,46.832,46.832,46.832,46.832,
2008-09-29,43.005,43.005,43.005,43.005,
2008-09-30,45.096,45.096,45.096,45.096,
2008-10-01,45.63,45.63,45.63,45.63,
2008-10-02,45.003,45.003,45.003,45.003,
2008-10-03,45.258,45.258,45.258,45.258,
2008-10-06,44.898,44.898,44.898,44.898,
2008-10-07,44.172,44.172,44.172,44.172,
2008-10-08,44.712,44.712,44.712,44.712,
2008-10-09,39.486,39.486,39.486,39.486,
2008-10-10,36.211,36.211,36.211,36.211,
2008-10-13,42.436,42.436,42.436,42.436,
2008-10-14,42.076,42.076,42.076,42.076,
2008-10-15,36.205,36.205,36.205,36.205,
2008-10-16,40.328,40.328,40.328,40.328,
2008-10-17,39.509,39.509,39.509,39.509,
2008-10-20,43.545,43.545,43.545,43.545,
2008-10-21,41.519,41.519,41.519,41.519,
2008-10-22,37.494,37.494,37.494,37.494,
2008-10-23,40.874,40.874,40.874,40.874,
2008-10-24,40.09,40.09,40.09,40.09,
2008-10-27,38.377,38.377,38.377,38.377,
2008-10-28,43.47,43.47,43.47,43.47,
2008-10-29,43.348,43.348,43.348,43.348,
2008-10-30,43.58,43.58,43.58,43.58,
2008-10-31,43.04,43.04,43.04,43.04,
2008-11-03,43.139,43.139,43.139,43.139,
2008-11-04,44.997,44.997,44.997,44.997,
2008-11-05,42.79,42.79,42.79,42.79,
2008-11-06,40.624,40.624,40.624,40.624,
2008-11-07,43.188,43.188,43.188,43.188,
2008-11-10,43.229,43.229,43.229,43.229,
2008-11-11,42.429,42.429,42.429,42.429,
2008-11-12,40.256,40.256,40.256,40.256,
2008-11-13,44.041,44.041,44.041,44.041,
2008-11-14,43.03,43.03,43.03,43.03,
2008-11-17,42.855,42.855,42.855,42.855,
2008-11-18,44.578,44.578,44.578,44.578,
2008-11-19,42.879,42.879,42.879,42.879,
2008-11-20,40.011,40.011,40.011,40.011,
2008-11-21,44.274,44.274,44.274,44.274,
2008-11-24,46.021,46.021,46.021,46.021,
2008-11-25,45.618,45.618,45.618,45.618,
2008-11-26,47.241,47.241,47.241,47.241,
2008-11-28,46.809,46.809,46.809,46.809,
2008-12-01,43.398,43.398,43.398,43.398,
2008-12-02,45.326,45.326,45.326,45.326,
2008-12-03,46.097,46.097,46.097,46.097,
2008-12-04,44.543,44.543,44.543,44.543,
2008-12-05,44.736,44.736,44.736,44.736,
2008-12-08,46.488,46.488,46.488,46.488,
2008-12-09,45.67,45.67,45.67,45.67,
2008-12-10,46.762,46.762,46.762,46.762,
2008-12-11,46.733,46.733,46.733,46.733,
2008-12-12,46.984,46.984,46.984,46.984,
2008-12-15,46.692,46.692,46.692,46.692,
2008-12-16,48.555,48.555,48.555,48.555,
2008-12-17,47.34,47.34,47.34,47.34,
2008-12-18,44.969,44.969,44.969,44.969,
2008-12-19,43.813,43.813,43.813,43.813,
2008-12-22,43.749,43.749,43.749,43.749,
2008-12-23,43.86,43.86,43.86,43.86,
2008-12-24,44.257,44.257,44.257,44.257,
2008-12-26,45.08,45.08,45.08,45.08,
2008-12-29,45.565,45.565,45.565,45.565,
2008-12-30,45.898,45.898,45.898,45.898,
2008-12-31,46.622,46.622,46.622,46.622,
2009-01-02,47.679,47.679,47.679,47.679,
2009-01-05,47.673,47.673,47.673,47.673,
2009-01-06,46.897,46.897,46.897,46.897,
2009-01-07,45.699,45.699,45.699,45.699,
2009-01-08,46.19,46.19,46.19,46.19,
2009-01-09,45.302,45.302,45.302,45.302,
2009-01-12,44.701,44.701,44.701,44.701,
2009-01-13,45.507,45.507,45.507,45.507,
2009-01-14,43.86,43.86,43.86,43.86,
2009-01-15,44.771,44.771,44.771,44.771,
2009-01-16,45.612,45.612,45.612,45.612,
2009-01-20,44.555,44.555,44.555,44.555,
2009-01-21,46.289,46.289,46.289,46.289,
2009-01-22,45.688,45.688,45.688,45.688,
2009-01-23,45.577,45.577,45.577,45.577,
2009-01-26,45.904,45.904,45.904,45.904,
2009-01-27,46.091,46.091,46.091,46.091,
2009-01-28,46.283,46.283,46.283,46.283,
2009-01-29,44.969,44.969,44.969,44.969,
2009-01-30,44.666,44.666,44.666,44.666,
2009-02-02,44.788,44.788,44.788,44.788,
2009-02-03,45.623,45.623,45.623,45.623,
2009-02-04,45.355,45.355,45.355,45.355,
2009-02-05,46.593,46.593,46.593,46.593,
2009-02-06,47.156,47.156,47.156,47.156,
2009-02-09,46.652,46.652,46.652,46.652,
2009-02-10,44.691,44.691,44.691,44.691,
2009-02-11,43.776,43.776,43.776,43.776,
2009-02-12,44.151,44.151,44.151,44.151,
2009-02-13,43.781,43.781,43.781,43.781,
2009-02-17,41.839,41.839,41.839,41.839,
2009-02-18,42.226,42.226,42.226,42.226,
2009-02-19,42.355,42.355,42.355,42.355,
2009-02-20,41.809,41.809,41.809,41.809,
2009-02-23,40.676,40.676,40.676,40.676,
2009-02-24,42.314,42.314,42.314,42.314,
2009-02-25,42.291,42.291,42.291,42.291,
2009-02-26,41.645,41.645,41.645,41.645,
2009-02-27,39.855,39.855,39.855,39.855,
2009-03-02,38.1,38.1,38.1,38.1,
2009-03-03,37.777,37.777,37.777,37.777,
2009-03-04,38.552,38.552,38.552,38.552,
2009-03-05,36.521,36.521,36.521,36.521,
2009-03-06,37.583,37.583,37.583,37.583,
2009-03-09,37.9,37.9,37.9,37.9,
2009-03-10,39.555,39.555,39.555,39.555,
2009-03-11,38.604,38.604,38.604,38.604,
2009-03-12,39.414,39.414,39.414,39.414,
2009-03-13,39.444,39.444,39.444,39.444,
2009-03-16,39.309,39.309,39.309,39.309,
2009-03-17,40.553,40.553,40.553,40.553,
2009-03-18,40.6,40.6,40.6,40.6,
2009-03-19,40.107,40.107,40.107,40.107,
2009-03-20,38.792,38.792,38.792,38.792,
2009-03-23,41.398,41.398,41.398,41.398,
2009-03-24,40.723,40.723,40.723,40.723,
2009-03-25,41.181,41.181,41.181,41.181,
2009-03-26,41.809,41.809,41.809,41.809,
2009-03-27,41.076,41.076,41.076,41.076,
2009-03-30,40.283,40.283,40.283,40.283,
2009-03-31,39.972,39.972,39.972,39.972,
2009-04-01,40.635,40.635,40.635,40.635,
2009-04-02,41.234,41.234,41.234,41.234,
2009-04-03,41.346,41.346,41.346,41.346,
2009-04-06,41.117,41.117,41.117,41.117,
2009-04-07,40.33,40.33,40.33,40.33,
2009-04-08,40.477,40.477,40.477,40.477,
2009-04-09,40.993,40.993,40.993,40.993,
2009-04-13,39.925,39.925,39.925,39.925,
2009-04-14,39.737,39.737,39.737,39.737,
2009-04-15,39.995,39.995,39.995,39.995,
2009-04-16,39.567,39.567,39.567,39.567,
2009-04-17,39.18,39.18,39.18,39.18,
2009-04-20,38.323,38.323,38.323,38.323,
2009-04-21,38.874,38.874,38.874,38.874,
2009-04-22,38.006,38.006,38.006,38.006,
2009-04-23,38.569,38.569,38.569,38.569,
2009-04-24,39.074,39.074,39.074,39.074,
2009-04-27,38.816,38.816,38.816,38.816,
2009-04-28,39.373,39.373,39.373,39.373,
2009-04-29,40.172,40.172,40.172,40.172,
2009-04-30,39.133,39.133,39.133,39.133,
2009-05-01,39.919,39.919,39.919,39.919,
2009-05-04,40.031,40.031,40.031,40.031,
2009-05-05,39.708,39.708,39.708,39.708,
2009-05-06,40.254,40.254,40.254,40.254,
2009-05-07,40.459,40.459,40.459,40.459,
2009-05-08,41.557,41.557,41.557,41.557,
2009-05-11,40.901,40.901,40.901,40.901,
2009-05-12,41.817,41.817,41.817,41.817,
2009-05-13,41.197,41.197,41.197,41.197,
2009-05-14,41.191,41.191,41.191,41.191,
2009-05-15,40.807,40.807,40.807,40.807,
2009-05-18,41.628,41.628,41.628,41.628,
2009-05-19,41.639,41.639,41.639,41.639,
2009-05-20,41.102,41.102,41.102,41.102,
2009-05-21,40.382,40.382,40.382,40.382,
2009-05-22,40.642,40.642,40.642,40.642,
2009-05-26,41.22,41.22,41.22,41.22,
2009-05-27,40.329,40.329,40.329,40.329,
2009-05-28,40.878,40.878,40.878,40.878,
2009-05-29,40.949,40.949,40.949,40.949,
2009-06-01,42.372,42.372,42.372,42.372,
2009-06-02,43.057,43.057,43.057,43.057,
2009-06-03,42.561,42.561,42.561,42.561,
2009-06-04,43.092,43.092,43.092,43.092,
2009-06-05,43.086,43.086,43.086,43.086,
2009-06-08,43.204,43.204,43.204,43.204,
2009-06-09,43.175,43.175,43.175,43.175,
2009-06-10,43.6,43.6,43.6,43.6,
2009-06-11,43.724,43.724,43.724,43.724,
2009-06-12,43.564,43.564,43.564,43.564,
2009-06-15,42.992,42.992,42.992,42.992,
2009-06-16,42.295,42.295,42.295,42.295,
2009-06-17,42.171,42.171,42.171,42.171,
2009-06-18,42.183,42.183,42.183,42.183,
2009-06-19,41.952,41.952,41.952,41.952,
2009-06-22,40.648,40.648,40.648,40.648,
2009-06-23,40.712,40.712,40.712,40.712,
2009-06-24,40.417,40.417,40.417,40.417,
2009-06-25,41.262,41.262,41.262,41.262,
2009-06-26,40.772,40.772,40.772,40.772,
2009-06-29,41.675,41.675,41.675,41.675,
2009-06-30,41.279,41.279,41.279,41.279,
2009-07-01,41.663,41.663,41.663,41.663,
2009-07-02,40.441,40.441,40.441,40.441,
2009-07-06,40.211,40.211,40.211,40.211,
2009-07-07,39.301,39.301,39.301,39.301,
2009-07-08,39.124,39.124,39.124,39.124,
2009-07-09,38.953,38.953,38.953,38.953,
2009-07-10,38.451,38.451,38.451,38.451,
2009-07-13,38.793,38.793,38.793,38.793,
2009-07-14,39.101,39.101,39.101,39.101,
2009-07-15,40.411,40.411,40.411,40.411,
2009-07-16,40.423,40.423,40.423,40.423,
2009-07-17,40.459,40.459,40.459,40.459,
2009-07-20,40.707,40.707,40.707,40.707,
2009-07-21,41.61,41.61,41.61,41.61,
2009-07-22,41.327,41.327,41.327,41.327,
2009-07-23,42.283,42.283,42.283,42.283,
2009-07-24,42.685,42.685,42.685,42.685,
2009-07-27,42.956,42.956,42.956,42.956,
2009-07-28,42.448,42.448,42.448,42.448,
2009-07-29,42.177,42.177,42.177,42.177,
2009-07-30,41.758,41.758,41.758,41.758,
2009-07-31,41.563,41.563,41.563,41.563,
2009-08-03,41.716,41.716,41.716,41.716,
2009-08-04,41.687,41.687,41.687,41.687,
2009-08-05,41.35,41.35,41.35,41.35,
2009-08-06,41.173,41.173,41.173,41.173,
2009-08-07,41.02,41.02,41.02,41.02,
2009-08-10,40.848,40.848,40.848,40.848,
2009-08-11,40.474,40.474,40.474,40.474,
2009-08-12,41.056,41.056,41.056,41.056,
2009-08-13,40.842,40.842,40.842,40.842,
2009-08-14,40.522,40.522,40.522,40.522,
2009-08-17,39.535,39.535,39.535,39.535,
2009-08-18,39.5,39.5,39.5,39.5,
2009-08-19,40.397,40.397,40.397,40.397,
2009-08-20,40.747,40.747,40.747,40.747,
2009-08-21,41.537,41.537,41.537,41.537,
2009-08-24,42.357,42.357,42.357,42.357,
2009-08-25,41.989,41.989,41.989,41.989,
2009-08-26,42.399,42.399,42.399,42.399,
2009-08-27,42.096,42.096,42.096,42.096,
2009-08-28,41.656,41.656,41.656,41.656,
2009-08-31,41.08,41.08,41.08,41.08,
2009-09-01,40.64,40.64,40.64,40.64,
2009-09-02,40.504,40.504,40.504,40.504,
2009-09-03,40.551,40.551,40.551,40.551,
2009-09-04,41.098,41.098,41.098,41.098,
2009-09-08,41.971,41.971,41.971,41.971,
2009-09-09,41.882,41.882,41.882,41.882,
2009-09-10,41.971,41.971,41.971,41.971,
2009-09-11,41.573,41.573,41.573,41.573,
2009-09-14,41.585,41.585,41.585,41.585,
2009-09-15,41.282,41.282,41.282,41.282,
2009-09-16,41.787,41.787,41.787,41.787,
2009-09-17,41.49,41.49,41.49,41.49,
2009-09-18,41.579,41.579,41.579,41.579,
2009-09-21,41.329,41.329,41.329,41.329,
2009-09-22,41.484,41.484,41.484,41.484,
2009-09-23,40.991,40.991,40.991,40.991,
2009-09-24,40.949,40.949,40.949,40.949,
2009-09-25,40.813,40.813,40.813,40.813,
2009-09-28,41.341,41.341,41.341,41.341,
2009-09-29,41.032,41.032,41.032,41.032,
2009-09-30,40.759,40.759,40.759,40.759,
2009-10-01,39.963,39.963,39.963,39.963,
2009-10-02,39.553,39.553,39.553,39.553,
2009-10-05,40.147,40.147,40.147,40.147,
2009-10-06,40.789,40.789,40.789,40.789,
2009-10-07,40.795,40.795,40.795,40.795,
2009-10-08,41.021,41.021,41.021,41.021,
2009-10-09,41.151,41.151,41.151,41.151,
2009-10-12,41.662,41.662,41.662,41.662,
2009-10-13,41.739,41.739,41.739,41.739,
2009-10-14,42.678,42.678,42.678,42.678,
2009-10-15,43.331,43.331,43.331,43.331,
2009-10-16,43.438,43.438,43.438,43.438,
2009-10-19,43.735,43.735,43.735,43.735,
2009-10-20,43.379,43.379,43.379,43.379,
2009-10-21,43.551,43.551,43.551,43.551,
2009-10-22,44.223,44.223,44.223,44.223,
2009-10-23,43.706,43.706,43.706,43.706,
2009-10-26,43.504,43.504,43.504,43.504,
2009-10-27,44.502,44.502,44.502,44.502,
2009-10-28,43.866,43.866,43.866,43.866,
2009-10-29,43.937,43.937,43.937,43.937,
2009-10-30,42.577,42.577,42.577,42.577,
2009-11-02,42.862,42.862,42.862,42.862,
2009-11-03,42.619,42.619,42.619,42.619,
2009-11-04,42.357,42.357,42.357,42.357,
2009-11-05,43.07,43.07,43.07,43.07,
2009-11-06,43.118,43.118,43.118,43.118,
2009-11-09,43.53,43.53,43.53,43.53,
2009-11-10,43.387,43.387,43.387,43.387,
2009-11-11,43.566,43.566,43.566,43.566,
2009-11-12,42.962,42.962,42.962,42.962,
2009-11-13,43.303,43.303,43.303,43.303,
2009-11-16,44.474,44.474,44.474,44.474,
2009-11-17,44.833,44.833,44.833,44.833,
2009-11-18,44.976,44.976,44.976,44.976,
2009-11-19,44.605,44.605,44.605,44.605,
2009-11-20,44.444,44.444,44.444,44.444,
2009-11-23,45.233,45.233,45.233,45.233,
2009-11-24,45.394,45.394,45.394,45.394,
2009-11-25,45.693,45.693,45.693,45.693,
2009-11-27,44.737,44.737,44.737,44.737,
2009-11-30,44.856,44.856,44.856,44.856,
2009-12-01,45.436,45.436,45.436,45.436,
2009-12-02,45.287,45.287,45.287,45.287,
2009-12-03,44.809,44.809,44.809,44.809,
2009-12-04,44.366,44.366,44.366,44.366,
2009-12-07,44.08,44.08,44.08,44.08,
2009-12-08,43.59,43.59,43.59,43.59,
2009-12-09,43.494,43.494,43.494,43.494,
2009-12-10,43.261,43.261,43.261,43.261,
2009-12-11,43.518,43.518,43.518,43.518,
2009-12-14,41.642,41.642,41.642,41.642,
2009-12-15,41.331,41.331,41.331,41.331,
2009-12-16,40.889,40.889,40.889,40.889,
2009-12-17,40.763,40.763,40.763,40.763,
2009-12-18,40.757,40.757,40.757,40.757,
2009-12-21,40.937,40.937,40.937,40.937,
2009-12-22,40.973,40.973,40.973,40.973,
2009-12-23,40.787,40.787,40.787,40.787,
2009-12-24,41.026,41.026,41.026,41.026,
2009-12-28,41.277,41.277,41.277,41.277,
2009-12-29,41.134,41.134,41.134,41.134,
2009-12-30,41.092,41.092,41.092,41.092,
2009-12-31,40.745,40.745,40.745,40.745,
2010-01-04,41.319,41.319,41.319,41.319,
2010-01-05,41.48,41.48,41.48,41.48,
2010-01-06,41.839,41.839,41.839,41.839,
2010-01-07,41.707,41.707,41.707,41.707,
2010-01-08,41.54,41.54,41.54,41.54,
2010-01-11,42.006,42.006,42.006,42.006,
2010-01-12,41.797,41.797,41.797,41.797,
2010-01-13,41.63,41.63,41.63,41.63,
2010-01-14,41.636,41.636,41.636,41.636,
2010-01-15,41.295,41.295,41.295,41.295,
2010-01-19,41.391,41.391,41.391,41.391,
2010-01-20,40.65,40.65,40.65,40.65,
2010-01-21,39.855,39.855,39.855,39.855,
2010-01-22,39.497,39.497,39.497,39.497,
2010-01-25,39.347,39.347,39.347,39.347,
2010-01-26,39.389,39.389,39.389,39.389,
2010-01-27,39.162,39.162,39.162,39.162,
2010-01-28,38.815,38.815,38.815,38.815,
2010-01-29,38.499,38.499,38.499,38.499,
2010-02-01,39.544,39.544,39.544,39.544,
2010-02-02,40.01,40.01,40.01,40.01,
2010-02-03,39.795,39.795,39.795,39.795,
2010-02-04,38.672,38.672,38.672,38.672,
2010-02-05,38.72,38.72,38.72,38.72,
2010-02-08,38.702,38.702,38.702,38.702,
2010-02-09,39.213,39.213,39.213,39.213,
2010-02-10,39.002,39.002,39.002,39.002,
2010-02-11,39.237,39.237,39.237,39.237,
2010-02-12,38.972,38.972,38.972,38.972,
2010-02-16,39.863,39.863,39.863,39.863,
2010-02-17,39.55,39.55,39.55,39.55,
2010-02-18,39.67,39.67,39.67,39.67,
2010-02-19,39.616,39.616,39.616,39.616,
2010-02-22,39.333,39.333,39.333,39.333,
2010-02-23,39.057,39.057,39.057,39.057,
2010-02-24,39.423,39.423,39.423,39.423,
2010-02-25,39.177,39.177,39.177,39.177,
2010-02-26,39.093,39.093,39.093,39.093,
2010-03-01,39.333,39.333,39.333,39.333,
2010-03-02,39.387,39.387,39.387,39.387,
2010-03-03,39.351,39.351,39.351,39.351,
2010-03-04,39.333,39.333,39.333,39.333,
2010-03-05,39.977,39.977,39.977,39.977,
2010-03-08,39.983,39.983,39.983,39.983,
2010-03-09,40.163,40.163,40.163,40.163,
2010-03-10,40.428,40.428,40.428,40.428,
2010-03-11,40.428,40.428,40.428,40.428,
2010-03-12,40.175,40.175,40.175,40.175,
2010-03-15,39.875,39.875,39.875,39.875,
2010-03-16,40.037,40.037,40.037,40.037,
2010-03-17,40.512,40.512,40.512,40.512,
2010-03-18,40.53,40.53,40.53,40.53,
2010-03-19,40.32,40.32,40.32,40.32,
2010-03-22,40.278,40.278,40.278,40.278,
2010-03-23,40.265,40.265,40.265,40.265,
2010-03-24,39.995,39.995,39.995,39.995,
2010-03-25,39.875,39.875,39.875,39.875,
2010-03-26,40.019,40.019,40.019,40.019,
2010-03-29,40.476,40.476,40.476,40.476,
2010-03-30,40.326,40.326,40.326,40.326,
2010-03-31,40.284,40.284,40.284,40.284,
2010-04-01,40.662,40.662,40.662,40.662,
2010-04-05,41.011,41.011,41.011,41.011,
2010-04-06,40.837,40.837,40.837,40.837,
2010-04-07,40.5,40.5,40.5,40.5,
2010-04-08,40.813,40.813,40.813,40.813,
2010-04-09,41.354,41.354,41.354,41.354,
2010-04-12,41.324,41.324,41.324,41.324,
2010-04-13,41.294,41.294,41.294,41.294,
2010-04-14,41.264,41.264,41.264,41.264,
2010-04-15,41.053,41.053,41.053,41.053,
2010-04-16,40.855,40.855,40.855,40.855,
2010-04-19,41.035,41.035,41.035,41.035,
2010-04-20,41.48,41.48,41.48,41.48,
2010-04-21,41.45,41.45,41.45,41.45,
2010-04-22,41.234,41.234,41.234,41.234,
2010-04-23,41.643,41.643,41.643,41.643,
2010-04-26,41.673,41.673,41.673,41.673,
2010-04-27,41.059,41.059,41.059,41.059,
2010-04-28,41.613,41.613,41.613,41.613,
2010-04-29,41.294,41.294,41.294,41.294,
2010-04-30,40.759,40.759,40.759,40.759,
2010-05-03,40.801,40.801,40.801,40.801,
2010-05-04,39.977,39.977,39.977,39.977,
2010-05-05,39.796,39.796,39.796,39.796,
2010-05-06,38.425,38.425,38.425,38.425,
2010-05-07,38.311,38.311,38.311,38.311,
2010-05-10,39.231,39.231,39.231,39.231,
2010-05-11,39.031,39.031,39.031,39.031,
2010-05-12,39.304,39.304,39.304,39.304,
2010-05-13,39.201,39.201,39.201,39.201,
2010-05-14,38.51,38.51,38.51,38.51,
2010-05-17,38.311,38.311,38.311,38.311,
2010-05-18,38.02,38.02,38.02,38.02,
2010-05-19,37.814,37.814,37.814,37.814,
2010-05-20,36.53,36.53,36.53,36.53,
2010-05-21,36.863,36.863,36.863,36.863,
2010-05-24,36.446,36.446,36.446,36.446,
2010-05-25,36.155,36.155,36.155,36.155,
2010-05-26,35.913,35.913,35.913,35.913,
2010-05-27,37.215,37.215,37.215,37.215,
2010-05-28,36.609,36.609,36.609,36.609,
2010-06-01,35.876,35.876,35.876,35.876,
2010-06-02,36.797,36.797,36.797,36.797,
2010-06-03,37.275,37.275,37.275,37.275,
2010-06-04,36.046,36.046,36.046,36.046,
2010-06-07,35.907,35.907,35.907,35.907,
2010-06-08,37.081,37.081,37.081,37.081,
2010-06-09,36.349,36.349,36.349,36.349,
2010-06-10,37.475,37.475,37.475,37.475,
2010-06-11,37.457,37.457,37.457,37.457,
2010-06-14,37.16,37.16,37.16,37.16,
2010-06-15,37.85,37.85,37.85,37.85,
2010-06-16,37.85,37.85,37.85,37.85,
2010-06-17,37.905,37.905,37.905,37.905,
2010-06-18,38.208,38.208,38.208,38.208,
2010-06-21,38.226,38.226,38.226,38.226,
2010-06-22,37.505,37.505,37.505,37.505,
2010-06-23,36.997,36.997,36.997,36.997,
2010-06-24,36.373,36.373,36.373,36.373,
2010-06-25,35.786,35.786,35.786,35.786,
2010-06-28,35.404,35.404,35.404,35.404,
2010-06-29,34.69,34.69,34.69,34.69,
2010-06-30,34.556,34.556,34.556,34.556,
2010-07-01,34.278,34.278,34.278,34.278,
2010-07-02,34.254,34.254,34.254,34.254,
2010-07-06,34.793,34.793,34.793,34.793,
2010-07-07,35.38,35.38,35.38,35.38,
2010-07-08,35.61,35.61,35.61,35.61,
2010-07-09,35.592,35.592,35.592,35.592,
2010-07-12,35.689,35.689,35.689,35.689,
2010-07-13,35.979,35.979,35.979,35.979,
2010-07-14,35.883,35.883,35.883,35.883,
2010-07-15,35.889,35.889,35.889,35.889,
2010-07-16,35.095,35.095,35.095,35.095,
2010-07-19,35.38,35.38,35.38,35.38,
2010-07-20,35.695,35.695,35.695,35.695,
2010-07-21,35.223,35.223,35.223,35.223,
2010-07-22,35.955,35.955,35.955,35.955,
2010-07-23,36.161,36.161,36.161,36.161,
2010-07-26,36.567,36.567,36.567,36.567,
2010-07-27,36.821,36.821,36.821,36.821,
2010-07-28,36.882,36.882,36.882,36.882,
2010-07-29,36.537,36.537,36.537,36.537,
2010-07-30,36.137,36.137,36.137,36.137,
2010-08-02,37.505,37.505,37.505,37.505,
2010-08-03,37.978,37.978,37.978,37.978,
2010-08-04,37.978,37.978,37.978,37.978,
2010-08-05,37.972,37.972,37.972,37.972,
2010-08-06,37.523,37.523,37.523,37.523,
2010-08-09,37.814,37.814,37.814,37.814,
2010-08-10,37.499,37.499,37.499,37.499,
2010-08-11,36.828,36.828,36.828,36.828,
2010-08-12,36.731,36.731,36.731,36.731,
2010-08-13,36.536,36.536,36.536,36.536,
2010-08-16,36.517,36.517,36.517,36.517,
2010-08-17,37.091,37.091,37.091,37.091,
2010-08-18,36.682,36.682,36.682,36.682,
2010-08-19,36.158,36.158,36.158,36.158,
2010-08-20,35.914,35.914,35.914,35.914,
2010-08-23,36.286,36.286,36.286,36.286,
2010-08-24,35.944,35.944,35.944,35.944,
2010-08-25,35.926,35.926,35.926,35.926,
2010-08-26,35.664,35.664,35.664,35.664,
2010-08-27,36.469,36.469,36.469,36.469,
2010-08-30,35.981,35.981,35.981,35.981,
2010-08-31,36.048,36.048,36.048,36.048,
2010-09-01,37.146,37.146,37.146,37.146,
2010-09-02,37.237,37.237,37.237,37.237,
2010-09-03,37.396,37.396,37.396,37.396,
2010-09-07,36.926,36.926,36.926,36.926,
2010-09-08,37.048,37.048,37.048,37.048,
2010-09-09,37.231,37.231,37.231,37.231,
2010-09-10,37.322,37.322,37.322,37.322,
2010-09-13,37.2,37.2,37.2,37.2,
2010-09-14,37.207,37.207,37.207,37.207,
2010-09-15,37.2,37.2,37.2,37.2,
2010-09-16,37.182,37.182,37.182,37.182,
2010-09-17,37.066,37.066,37.066,37.066,
2010-09-20,37.536,37.536,37.536,37.536,
2010-09-21,37.53,37.53,37.53,37.53,
2010-09-22,37.475,37.475,37.475,37.475,
2010-09-23,37.292,37.292,37.292,37.292,
2010-09-24,37.658,37.658,37.658,37.658,
2010-09-27,37.633,37.633,37.633,37.633,
2010-09-28,37.847,37.847,37.847,37.847,
2010-09-29,37.56,37.56,37.56,37.56,
2010-09-30,37.682,37.682,37.682,37.682,
2010-10-01,38.14,38.14,38.14,38.14,
2010-10-04,37.926,37.926,37.926,37.926,
2010-10-05,38.579,38.579,38.579,38.579,
2010-10-06,38.993,38.993,38.993,38.993,
2010-10-07,38.938,38.938,38.938,38.938,
2010-10-08,39.262,39.262,39.262,39.262,
2010-10-11,39.365,39.365,39.365,39.365,
2010-10-12,39.457,39.457,39.457,39.457,
2010-10-13,39.664,39.664,39.664,39.664,
2010-10-14,39.823,39.823,39.823,39.823,
2010-10-15,39.756,39.756,39.756,39.756,
2010-10-18,40.42,40.42,40.42,40.42,
2010-10-19,39.713,39.713,39.713,39.713,
2010-10-20,40.256,40.256,40.256,40.256,
2010-10-21,40.445,40.445,40.445,40.445,
2010-10-22,40.457,40.457,40.457,40.457,
2010-10-25,40.372,40.372,40.372,40.372,
2010-10-26,40.573,40.573,40.573,40.573,
2010-10-27,40.048,40.048,40.048,40.048,
2010-10-28,40.384,40.384,40.384,40.384,
2010-10-29,40.548,40.548,40.548,40.548,
2010-11-01,40.829,40.829,40.829,40.829,
2010-11-02,41.372,41.372,41.372,41.372,
2010-11-03,41.451,41.451,41.451,41.451,
2010-11-04,42.311,42.311,42.311,42.311,
2010-11-05,42.689,42.689,42.689,42.689,
2010-11-08,42.884,42.884,42.884,42.884,
2010-11-09,43.344,43.344,43.344,43.344,
2010-11-10,43.651,43.651,43.651,43.651,
2010-11-11,44.081,44.081,44.081,44.081,
2010-11-12,43.565,43.565,43.565,43.565,
2010-11-15,43.252,43.252,43.252,43.252,
2010-11-16,42.307,42.307,42.307,42.307,
2010-11-17,42.35,42.35,42.35,42.35,
2010-11-18,43.148,43.148,43.148,43.148,
2010-11-19,43.289,43.289,43.289,43.289,
2010-11-22,43.074,43.074,43.074,43.074,
2010-11-23,42.332,42.332,42.332,42.332,
2010-11-24,42.884,42.884,42.884,42.884,
2010-11-26,42.485,42.485,42.485,42.485,
2010-11-29,42.62,42.62,42.62,42.62,
2010-11-30,42.688,42.688,42.688,42.688,
2010-12-01,43.774,43.774,43.774,43.774,
2010-12-02,43.866,43.866,43.866,43.866,
2010-12-03,43.688,43.688,43.688,43.688,
2010-12-06,43.762,43.762,43.762,43.762,
2010-12-07,43.854,43.854,43.854,43.854,
2010-12-08,44.093,44.093,44.093,44.093,
2010-12-09,44.185,44.185,44.185,44.185,
2010-12-10,44.296,44.296,44.296,44.296,
2010-12-13,44.406,44.406,44.406,44.406,
2010-12-14,44.296,44.296,44.296,44.296,
2010-12-15,44.093,44.093,44.093,44.093,
2010-12-16,44.32,44.32,44.32,44.32,
2010-12-17,44.29,44.29,44.29,44.29,
2010-12-20,44.32,44.32,44.32,44.32,
2010-12-21,44.627,44.627,44.627,44.627,
2010-12-22,44.676,44.676,44.676,44.676,
2010-12-23,44.922,44.922,44.922,44.922,
2010-12-27,44.805,44.805,44.805,44.805,
2010-12-28,45.057,45.057,45.057,45.057,
2010-12-29,45.026,45.026,45.026,45.026,
2010-12-30,45.02,45.02,45.02,45.02,
2010-12-31,44.873,44.873,44.873,44.873,
2011-01-03,45.75,45.75,45.75,45.75,
2011-01-04,45.965,45.965,45.965,45.965,
2011-01-05,45.842,45.842,45.842,45.842,
2011-01-06,46.137,46.137,46.137,46.137,
2011-01-07,46.388,46.388,46.388,46.388,
2011-01-10,46.106,46.106,46.106,46.106,
2011-01-11,46.45,46.45,46.45,46.45,
2011-01-12,46.996,46.996,46.996,46.996,
2011-01-13,47.076,47.076,47.076,47.076,
2011-01-14,47.769,47.769,47.769,47.769,
2011-01-18,48.303,48.303,48.303,48.303,
2011-01-19,48.015,48.015,48.015,48.015,
2011-01-20,47.714,47.714,47.714,47.714,
2011-01-21,48.469,48.469,48.469,48.469,
2011-01-24,48.229,48.229,48.229,48.229,
2011-01-25,48.285,48.285,48.285,48.285,
2011-01-26,48.886,48.886,48.886,48.886,
2011-01-27,49.021,49.021,49.021,49.021,
2011-01-28,48.475,48.475,48.475,48.475,
2011-01-31,49.512,49.512,49.512,49.512,
2011-02-01,51.494,51.494,51.494,51.494,
2011-02-02,51.187,51.187,51.187,51.187,
2011-02-03,51.206,51.206,51.206,51.206,
2011-02-04,51.108,51.108,51.108,51.108,
2011-02-07,51.506,51.506,51.506,51.506,
2011-02-08,51.192,51.192,51.192,51.192,
2011-02-09,50.927,50.927,50.927,50.927,
2011-02-10,51.328,51.328,51.328,51.328,
2011-02-11,51.093,51.093,51.093,51.093,
2011-02-14,52.382,52.382,52.382,52.382,
2011-02-15,51.186,51.186,51.186,51.186,
2011-02-16,51.63,51.63,51.63,51.63,
2011-02-17,51.747,51.747,51.747,51.747,
2011-02-18,52.13,52.13,52.13,52.13,
2011-02-22,52.709,52.709,52.709,52.709,
2011-02-23,53.715,53.715,53.715,53.715,
2011-02-24,53.036,53.036,53.036,53.036,
2011-02-25,52.648,52.648,52.648,52.648,
2011-02-28,52.765,52.765,52.765,52.765,
2011-03-01,52.315,52.315,52.315,52.315,
2011-03-02,52.487,52.487,52.487,52.487,
2011-03-03,52.944,52.944,52.944,52.944,
2011-03-04,52.487,52.487,52.487,52.487,
2011-03-07,52.265,52.265,52.265,52.265,
2011-03-08,52.191,52.191,52.191,52.191,
2011-03-09,52.055,52.055,52.055,52.055,
2011-03-10,50.205,50.205,50.205,50.205,
2011-03-11,50.661,50.661,50.661,50.661,
2011-03-14,50.822,50.822,50.822,50.822,
2011-03-15,50.211,50.211,50.211,50.211,
2011-03-16,48.928,48.928,48.928,48.928,
2011-03-17,50.069,50.069,50.069,50.069,
2011-03-18,49.878,49.878,49.878,49.878,
2011-03-21,51.105,51.105,51.105,51.105,
2011-03-22,50.933,50.933,50.933,50.933,
2011-03-23,50.957,50.957,50.957,50.957,
2011-03-24,51.038,51.038,51.038,51.038,
2011-03-25,51.587,51.587,51.587,51.587,
2011-03-28,51.494,51.494,51.494,51.494,
2011-03-29,51.358,51.358,51.358,51.358,
2011-03-30,52.123,52.123,52.123,52.123,
2011-03-31,51.901,51.901,51.901,51.901,
2011-04-01,52.241,52.241,52.241,52.241,
2011-04-04,52.358,52.358,52.358,52.358,
2011-04-05,52.697,52.697,52.697,52.697,
2011-04-06,52.549,52.549,52.549,52.549,
2011-04-07,52.907,52.907,52.907,52.907,
2011-04-08,53.024,53.024,53.024,53.024,
2011-04-11,52.537,52.537,52.537,52.537,
2011-04-12,51.315,51.315,51.315,51.315,
2011-04-13,51.303,51.303,51.303,51.303,
2011-04-14,51.476,51.476,51.476,51.476,
2011-04-15,52.0,52.0,52.0,52.0,
2011-04-18,51.266,51.266,51.266,51.266,
2011-04-19,51.698,51.698,51.698,51.698,
2011-04-20,52.839,52.839,52.839,52.839,
2011-04-21,53.277,53.277,53.277,53.277,
2011-04-25,53.191,53.191,53.191,53.191,
2011-04-26,53.931,53.931,53.931,53.931,
2011-04-27,54.153,54.153,54.153,54.153,
2011-04-28,53.882,53.882,53.882,53.882,
2011-04-29,54.276,54.276,54.276,54.276,
2011-05-02,53.653,53.653,53.653,53.653,
2011-05-03,52.82,52.82,52.82,52.82,
2011-05-04,52.321,52.321,52.321,52.321,
2011-05-05,50.97,50.97,50.97,50.97,
2011-05-06,51.013,51.013,51.013,51.013,
2011-05-09,51.315,51.315,51.315,51.315,
2011-05-10,51.414,51.414,51.414,51.414,
2011-05-11,50.328,50.328,50.328,50.328,
2011-05-12,50.285,50.285,50.285,50.285,
2011-05-13,50.173,50.173,50.173,50.173,
2011-05-16,49.782,49.782,49.782,49.782,
2011-05-17,49.888,49.888,49.888,49.888,
2011-05-18,50.713,50.713,50.713,50.713,
2011-05-19,51.079,51.079,51.079,51.079,
2011-05-20,50.607,50.607,50.607,50.607,
2011-05-23,50.049,50.049,50.049,50.049,
2011-05-24,50.434,50.434,50.434,50.434,
2011-05-25,50.849,50.849,50.849,50.849,
2011-05-26,51.116,51.116,51.116,51.116,
2011-05-27,51.265,51.265,51.265,51.265,
2011-05-31,51.786,51.786,51.786,51.786,
2011-06-01,50.893,50.893,50.893,50.893,
2011-06-02,50.458,50.458,50.458,50.458,
2011-06-03,50.365,50.365,50.365,50.365,
2011-06-06,49.813,49.813,49.813,49.813,
2011-06-07,49.633,49.633,49.633,49.633,
2011-06-08,50.105,50.105,50.105,50.105,
2011-06-09,50.365,50.365,50.365,50.365,
2011-06-10,49.497,49.497,49.497,49.497,
2011-06-13,49.156,49.156,49.156,49.156,
2011-06-14,49.869,49.869,49.869,49.869,
2011-06-15,48.802,48.802,48.802,48.802,
2011-06-16,49.149,49.149,49.149,49.149,
2011-06-17,49.025,49.025,49.025,49.025,
2011-06-20,49.453,49.453,49.453,49.453,
2011-06-21,49.987,49.987,49.987,49.987,
2011-06-22,49.522,49.522,49.522,49.522,
2011-06-23,48.665,48.665,48.665,48.665,
2011-06-24,47.636,47.636,47.636,47.636,
2011-06-27,48.343,48.343,48.343,48.343,
2011-06-28,49.404,49.404,49.404,49.404,
2011-06-29,49.788,49.788,49.788,49.788,
2011-06-30,50.489,50.489,50.489,50.489,
2011-07-01,50.88,50.88,50.88,50.88,
2011-07-05,50.626,50.626,50.626,50.626,
2011-07-06,50.607,50.607,50.607,50.607,
2011-07-07,51.097,51.097,51.097,51.097,
2011-07-08,51.135,51.135,51.135,51.135,
2011-07-11,50.812,50.812,50.812,50.812,
2011-07-12,50.806,50.806,50.806,50.806,
2011-07-13,51.172,51.172,51.172,51.172,
2011-07-14,51.023,51.023,51.023,51.023,
2011-07-15,51.495,51.495,51.495,51.495,
2011-07-18,51.277,51.277,51.277,51.277,
2011-07-19,51.885,51.885,51.885,51.885,
2011-07-20,51.681,51.681,51.681,51.681,
2011-07-21,52.748,52.748,52.748,52.748,
2011-07-22,52.872,52.872,52.872,52.872,
2011-07-25,52.469,52.469,52.469,52.469,
2011-07-26,52.344,52.344,52.344,52.344,
2011-07-27,51.687,51.687,51.687,51.687,
2011-07-28,50.539,50.539,50.539,50.539,
2011-07-29,49.503,49.503,49.503,49.503,
2011-08-01,49.385,49.385,49.385,49.385,
2011-08-02,48.293,48.293,48.293,48.293,
2011-08-03,48.219,48.219,48.219,48.219,
2011-08-04,45.812,45.812,45.812,45.812,
2011-08-05,46.42,46.42,46.42,46.42,
2011-08-08,43.547,43.547,43.547,43.547,
2011-08-09,44.447,44.447,44.447,44.447,
2011-08-10,42.486,42.486,42.486,42.486,
2011-08-11,44.703,44.703,44.703,44.703,
2011-08-12,44.965,44.965,44.965,44.965,
2011-08-15,46.395,46.395,46.395,46.395,
2011-08-16,45.902,45.902,45.902,45.902,
2011-08-17,46.314,46.314,46.314,46.314,
2011-08-18,44.303,44.303,44.303,44.303,
2011-08-19,43.591,43.591,43.591,43.591,
2011-08-22,43.828,43.828,43.828,43.828,
2011-08-23,46.002,46.002,46.002,46.002,
2011-08-24,45.927,45.927,45.927,45.927,
2011-08-25,44.821,44.821,44.821,44.821,
2011-08-26,45.365,45.365,45.365,45.365,
2011-08-29,46.289,46.289,46.289,46.289,
2011-08-30,46.158,46.158,46.158,46.158,
2011-08-31,46.226,46.226,46.226,46.226,
2011-09-01,45.895,45.895,45.895,45.895,
2011-09-02,45.052,45.052,45.052,45.052,
2011-09-06,44.434,44.434,44.434,44.434,
2011-09-07,45.995,45.995,45.995,45.995,
2011-09-08,45.477,45.477,45.477,45.477,
2011-09-09,44.347,44.347,44.347,44.347,
2011-09-12,44.865,44.865,44.865,44.865,
2011-09-13,44.746,44.746,44.746,44.746,
2011-09-14,45.365,45.365,45.365,45.365,
2011-09-15,46.22,46.22,46.22,46.22,
2011-09-16,46.557,46.557,46.557,46.557,
2011-09-19,46.027,46.027,46.027,46.027,
2011-09-20,46.22,46.22,46.22,46.22,
2011-09-21,44.946,44.946,44.946,44.946,
2011-09-22,43.241,43.241,43.241,43.241,
2011-09-23,43.285,43.285,43.285,43.285,
2011-09-26,44.79,44.79,44.79,44.79,
2011-09-27,45.533,45.533,45.533,45.533,
2011-09-28,45.009,45.009,45.009,45.009,
2011-09-29,46.139,46.139,46.139,46.139,
2011-09-30,45.358,45.358,45.358,45.358,
2011-10-03,44.434,44.434,44.434,44.434,
2011-10-04,45.483,45.483,45.483,45.483,
2011-10-05,46.183,46.183,46.183,46.183,
2011-10-06,46.145,46.145,46.145,46.145,
2011-10-07,45.939,45.939,45.939,45.939,
2011-10-10,47.638,47.638,47.638,47.638,
2011-10-11,47.632,47.632,47.632,47.632,
2011-10-12,48.187,48.187,48.187,48.187,
2011-10-13,47.694,47.694,47.694,47.694,
2011-10-14,48.781,48.781,48.781,48.781,
2011-10-17,48.381,48.381,48.381,48.381,
2011-10-18,49.268,49.268,49.268,49.268,
2011-10-19,48.981,48.981,48.981,48.981,
2011-10-20,49.155,49.155,49.155,49.155,
2011-10-21,50.042,50.042,50.042,50.042,
2011-10-24,50.067,50.067,50.067,50.067,
2011-10-25,49.611,49.611,49.611,49.611,
2011-10-26,50.629,50.629,50.629,50.629,
2011-10-27,51.135,51.135,51.135,51.135,
2011-10-28,50.885,50.885,50.885,50.885,
2011-10-31,48.768,48.768,48.768,48.768,
2011-11-01,47.426,47.426,47.426,47.426,
2011-11-02,48.319,48.319,48.319,48.319,
2011-11-03,49.249,49.249,49.249,49.249,
2011-11-04,49.037,49.037,49.037,49.037,
2011-11-07,49.555,49.555,49.555,49.555,
2011-11-08,50.108,50.108,50.108,50.108,
2011-11-09,48.619,48.619,48.619,48.619,
2011-11-10,49.442,49.442,49.442,49.442,
2011-11-11,50.083,50.083,50.083,50.083,
2011-11-14,49.605,49.605,49.605,49.605,
2011-11-15,49.687,49.687,49.687,49.687,
2011-11-16,49.159,49.159,49.159,49.159,
2011-11-17,48.914,48.914,48.914,48.914,
2011-11-18,48.939,48.939,48.939,48.939,
2011-11-21,48.318,48.318,48.318,48.318,
2011-11-22,47.765,47.765,47.765,47.765,
2011-11-23,46.854,46.854,46.854,46.854,
2011-11-25,46.427,46.427,46.427,46.427,
2011-11-28,47.645,47.645,47.645,47.645,
2011-11-29,48.33,48.33,48.33,48.33,
2011-11-30,50.535,50.535,50.535,50.535,
2011-12-01,50.127,50.127,50.127,50.127,
2011-12-02,50.127,50.127,50.127,50.127,
2011-12-05,50.541,50.541,50.541,50.541,
2011-12-06,50.774,50.774,50.774,50.774,
2011-12-07,50.937,50.937,50.937,50.937,
2011-12-08,50.177,50.177,50.177,50.177,
2011-12-09,51.101,51.101,51.101,51.101,
2011-12-12,50.29,50.29,50.29,50.29,
2011-12-13,50.592,50.592,50.592,50.592,
2011-12-14,49.907,49.907,49.907,49.907,
2011-12-15,50.278,50.278,50.278,50.278,
2011-12-16,50.359,50.359,50.359,50.359,
2011-12-19,49.963,49.963,49.963,49.963,
2011-12-20,51.515,51.515,51.515,51.515,
2011-12-21,52.219,52.219,52.219,52.219,
2011-12-22,52.954,52.954,52.954,52.954,
2011-12-23,53.538,53.538,53.538,53.538,
2011-12-27,53.576,53.576,53.576,53.576,
2011-12-28,52.885,52.885,52.885,52.885,
2011-12-29,53.57,53.57,53.57,53.57,
2011-12-30,53.249,53.249,53.249,53.249,
2012-01-03,54.028,54.028,54.028,54.028,
2012-01-04,54.041,54.041,54.041,54.041,
2012-01-05,53.877,53.877,53.877,53.877,
2012-01-06,53.475,53.475,53.475,53.475,
2012-01-09,53.714,53.714,53.714,53.714,
2012-01-10,53.852,53.852,53.852,53.852,
2012-01-11,53.45,53.45,53.45,53.45,
2012-01-12,53.237,53.237,53.237,53.237,
2012-01-13,53.325,53.325,53.325,53.325,
2012-01-17,53.833,53.833,53.833,53.833,
2012-01-18,54.311,54.311,54.311,54.311,
2012-01-19,54.675,54.675,54.675,54.675,
2012-01-20,54.964,54.964,54.964,54.964,
2012-01-23,54.952,54.952,54.952,54.952,
2012-01-24,54.77,54.77,54.77,54.77,
2012-01-25,54.795,54.795,54.795,54.795,
2012-01-26,54.512,54.512,54.512,54.512,
2012-01-27,53.921,53.921,53.921,53.921,
2012-01-30,53.708,53.708,53.708,53.708,
2012-01-31,52.608,52.608,52.608,52.608,
2012-02-01,52.753,52.753,52.753,52.753,
2012-02-02,52.476,52.476,52.476,52.476,
2012-02-03,53.35,53.35,53.35,53.35,
2012-02-06,53.871,53.871,53.871,53.871,
2012-02-07,54.242,54.242,54.242,54.242,
2012-02-08,53.894,53.894,53.894,53.894,
2012-02-09,53.616,53.616,53.616,53.616,
2012-02-10,52.934,52.934,52.934,52.934,
2012-02-13,53.326,53.326,53.326,53.326,
2012-02-14,53.484,53.484,53.484,53.484,
2012-02-15,53.136,53.136,53.136,53.136,
2012-02-16,53.951,53.951,53.951,53.951,
2012-02-17,54.084,54.084,54.084,54.084,
2012-02-21,54.684,54.684,54.684,54.684,
2012-02-22,54.905,54.905,54.905,54.905,
2012-02-23,54.968,54.968,54.968,54.968,
2012-02-24,55.17,55.17,55.17,55.17,
2012-02-27,55.101,55.101,55.101,55.101,
2012-02-28,55.044,55.044,55.044,55.044,
2012-02-29,54.64,54.64,54.64,54.64,
2012-03-01,54.848,54.848,54.848,54.848,
2012-03-02,54.532,54.532,54.532,54.532,
2012-03-05,54.962,54.962,54.962,54.962,
2012-03-06,54.235,54.235,54.235,54.235,
2012-03-07,54.217,54.217,54.217,54.217,
2012-03-08,53.585,53.585,53.585,53.585,
2012-03-09,53.25,53.25,53.25,53.25,
2012-03-12,54.04,54.04,54.04,54.04,
2012-03-13,54.867,54.867,54.867,54.867,
2012-03-14,54.337,54.337,54.337,54.337,
2012-03-15,54.381,54.381,54.381,54.381,
2012-03-16,54.602,54.602,54.602,54.602,
2012-03-19,54.949,54.949,54.949,54.949,
2012-03-20,54.703,54.703,54.703,54.703,
2012-03-21,54.33,54.33,54.33,54.33,
2012-03-22,53.901,53.901,53.901,53.901,
2012-03-23,54.04,54.04,54.04,54.04,
2012-03-26,54.974,54.974,54.974,54.974,
2012-03-27,54.716,54.716,54.716,54.716,
2012-03-28,54.235,54.235,54.235,54.235,
2012-03-29,54.374,54.374,54.374,54.374,
2012-03-30,54.785,54.785,54.785,54.785,
2012-04-02,55.0,55.0,55.0,55.0,
2012-04-03,54.217,54.217,54.217,54.217,
2012-04-04,53.68,53.68,53.68,53.68,
2012-04-05,53.579,53.579,53.579,53.579,
2012-04-09,52.985,52.985,52.985,52.985,
2012-04-10,51.905,51.905,51.905,51.905,
2012-04-11,52.239,52.239,52.239,52.239,
2012-04-12,52.808,52.808,52.808,52.808,
2012-04-13,52.397,52.397,52.397,52.397,
2012-04-16,53.067,53.067,53.067,53.067,
2012-04-17,53.976,53.976,53.976,53.976,
2012-04-18,54.166,54.166,54.166,54.166,
2012-04-19,53.869,53.869,53.869,53.869,
2012-04-20,53.882,53.882,53.882,53.882,
2012-04-23,54.128,54.128,54.128,54.128,
2012-04-24,54.52,54.52,54.52,54.52,
2012-04-25,54.861,54.861,54.861,54.861,
2012-04-26,54.368,54.368,54.368,54.368,
2012-04-27,54.374,54.374,54.374,54.374,
2012-04-30,54.539,54.539,54.539,54.539,
2012-05-01,54.981,54.981,54.981,54.981,
2012-05-02,54.45,54.45,54.45,54.45,
2012-05-03,54.103,54.103,54.103,54.103,
2012-05-04,53.421,53.421,53.421,53.421,
2012-05-07,53.364,53.364,53.364,53.364,
2012-05-08,53.073,53.073,53.073,53.073,
2012-05-09,52.625,52.625,52.625,52.625,
2012-05-10,52.688,52.688,52.688,52.688,
2012-05-11,52.854,52.854,52.854,52.854,
2012-05-14,52.23,52.23,52.23,52.23,
2012-05-15,52.02,52.02,52.02,52.02,
2012-05-16,52.262,52.262,52.262,52.262,
2012-05-17,52.097,52.097,52.097,52.097,
2012-05-18,51.817,51.817,51.817,51.817,
2012-05-21,52.179,52.179,52.179,52.179,
2012-05-22,52.122,52.122,52.122,52.122,
2012-05-23,52.179,52.179,52.179,52.179,
2012-05-24,52.542,52.542,52.542,52.542,
2012-05-25,52.205,52.205,52.205,52.205,
2012-05-29,52.109,52.109,52.109,52.109,
2012-05-30,50.748,50.748,50.748,50.748,
2012-05-31,50.011,50.011,50.011,50.011,
2012-06-01,49.559,49.559,49.559,49.559,
2012-06-04,49.502,49.502,49.502,49.502,
2012-06-05,49.356,49.356,49.356,49.356,
2012-06-06,50.996,50.996,50.996,50.996,
2012-06-07,51.321,51.321,51.321,51.321,
2012-06-08,51.416,51.416,51.416,51.416,
2012-06-11,51.054,51.054,51.054,51.054,
2012-06-12,51.683,51.683,51.683,51.683,
2012-06-13,51.283,51.283,51.283,51.283,
2012-06-14,52.237,52.237,52.237,52.237,
2012-06-15,52.93,52.93,52.93,52.93,
2012-06-18,52.86,52.86,52.86,52.86,
2012-06-19,53.731,53.731,53.731,53.731,
2012-06-20,54.043,54.043,54.043,54.043,
2012-06-21,52.224,52.224,52.224,52.224,
2012-06-22,52.224,52.224,52.224,52.224,
2012-06-25,51.671,51.671,51.671,51.671,
2012-06-26,52.408,52.408,52.408,52.408,
2012-06-27,52.917,52.917,52.917,52.917,
2012-06-28,52.854,52.854,52.854,52.854,
2012-06-29,54.425,54.425,54.425,54.425,
2012-07-02,54.278,54.278,54.278,54.278,
2012-07-03,54.876,54.876,54.876,54.876,
2012-07-05,54.425,54.425,54.425,54.425,
2012-07-06,53.935,53.935,53.935,53.935,
2012-07-09,53.203,53.203,53.203,53.203,
2012-07-10,52.86,52.86,52.86,52.86,
2012-07-11,53.668,53.668,53.668,53.668,
2012-07-12,53.502,53.502,53.502,53.502,
2012-07-13,54.361,54.361,54.361,54.361,
2012-07-16,54.094,54.094,54.094,54.094,
2012-07-17,54.526,54.526,54.526,54.526,
2012-07-18,54.832,54.832,54.832,54.832,
2012-07-19,54.832,54.832,54.832,54.832,
2012-07-20,54.666,54.666,54.666,54.666,
2012-07-23,54.196,54.196,54.196,54.196,
2012-07-24,53.795,53.795,53.795,53.795,
2012-07-25,54.215,54.215,54.215,54.215,
2012-07-26,55.029,55.029,55.029,55.029,
2012-07-27,55.62,55.62,55.62,55.62,
2012-07-30,55.69,55.69,55.69,55.69,
2012-07-31,55.239,55.239,55.239,55.239,
2012-08-01,55.277,55.277,55.277,55.277,
2012-08-02,54.622,54.622,54.622,54.622,
2012-08-03,55.684,55.684,55.684,55.684,
2012-08-06,55.62,55.62,55.62,55.62,
2012-08-07,55.919,55.919,55.919,55.919,
2012-08-08,56.148,56.148,56.148,56.148,
2012-08-09,56.462,56.462,56.462,56.462,
2012-08-10,56.616,56.616,56.616,56.616,
2012-08-13,56.424,56.424,56.424,56.424,
2012-08-14,56.462,56.462,56.462,56.462,
2012-08-15,56.334,56.334,56.334,56.334,
2012-08-16,56.763,56.763,56.763,56.763,
2012-08-17,56.59,56.59,56.59,56.59,
2012-08-20,56.302,56.302,56.302,56.302,
2012-08-21,55.988,55.988,55.988,55.988,
2012-08-22,56.161,56.161,56.161,56.161,
2012-08-23,55.892,55.892,55.892,55.892,
2012-08-24,56.366,56.366,56.366,56.366,
2012-08-27,56.167,56.167,56.167,56.167,
2012-08-28,56.398,56.398,56.398,56.398,
2012-08-29,56.27,56.27,56.27,56.27,
2012-08-30,55.822,55.822,55.822,55.822,
2012-08-31,55.886,55.886,55.886,55.886,
2012-09-04,55.771,55.771,55.771,55.771,
2012-09-05,55.905,55.905,55.905,55.905,
2012-09-06,56.968,56.968,56.968,56.968,
2012-09-07,57.563,57.563,57.563,57.563,
2012-09-10,57.281,57.281,57.281,57.281,
2012-09-11,57.371,57.371,57.371,57.371,
2012-09-12,57.326,57.326,57.326,57.326,
2012-09-13,58.402,58.402,58.402,58.402,
2012-09-14,59.087,59.087,59.087,59.087,
2012-09-17,58.837,58.837,58.837,58.837,
2012-09-18,58.67,58.67,58.67,58.67,
2012-09-19,57.979,57.979,57.979,57.979,
2012-09-20,58.587,58.587,58.587,58.587,
2012-09-21,58.843,58.843,58.843,58.843,
2012-09-24,58.818,58.818,58.818,58.818,
2012-09-25,58.728,58.728,58.728,58.728,
2012-09-26,58.402,58.402,58.402,58.402,
2012-09-27,58.767,58.767,58.767,58.767,
2012-09-28,58.542,58.542,58.542,58.542,
2012-10-01,58.767,58.767,58.767,58.767,
2012-10-02,58.715,58.715,58.715,58.715,
2012-10-03,58.703,58.703,58.703,58.703,
2012-10-04,59.035,59.035,59.035,59.035,
2012-10-05,59.247,59.247,59.247,59.247,
2012-10-08,59.33,59.33,59.33,59.33,
2012-10-09,58.978,58.978,58.978,58.978,
2012-10-10,58.274,58.274,58.274,58.274,
2012-10-11,58.363,58.363,58.363,58.363,
2012-10-12,58.274,58.274,58.274,58.274,
2012-10-15,58.581,58.581,58.581,58.581,
2012-10-16,59.138,59.138,59.138,59.138,
2012-10-17,59.784,59.784,59.784,59.784,
2012-10-18,59.842,59.842,59.842,59.842,
2012-10-19,58.991,58.991,58.991,58.991,
2012-10-22,59.016,59.016,59.016,59.016,
2012-10-23,57.729,57.729,57.729,57.729,
2012-10-24,57.537,57.537,57.537,57.537,
2012-10-25,57.889,57.889,57.889,57.889,
2012-10-26,58.011,58.011,58.011,58.011,
2012-10-31,58.363,58.363,58.363,58.363,
2012-11-01,58.638,58.638,58.638,58.638,
2012-11-02,57.787,57.787,57.787,57.787,
2012-11-05,58.018,58.018,58.018,58.018,
2012-11-06,58.645,58.645,58.645,58.645,
2012-11-07,56.803,56.803,56.803,56.803,
2012-11-08,56.088,56.088,56.088,56.088,
2012-11-09,56.178,56.178,56.178,56.178,
2012-11-12,56.249,56.249,56.249,56.249,
2012-11-13,55.701,55.701,55.701,55.701,
2012-11-14,55.443,55.443,55.443,55.443,
2012-11-15,55.488,55.488,55.488,55.488,
2012-11-16,55.688,55.688,55.688,55.688,
2012-11-19,56.474,56.474,56.474,56.474,
2012-11-20,56.365,56.365,56.365,56.365,
2012-11-21,56.693,56.693,56.693,56.693,
2012-11-23,57.389,57.389,57.389,57.389,
2012-11-26,57.086,57.086,57.086,57.086,
2012-11-27,56.268,56.268,56.268,56.268,
2012-11-28,56.751,56.751,56.751,56.751,
2012-11-29,56.764,56.764,56.764,56.764,
2012-11-30,56.777,56.777,56.777,56.777,
2012-12-03,56.435,56.435,56.435,56.435,
2012-12-04,56.165,56.165,56.165,56.165,
2012-12-05,56.513,56.513,56.513,56.513,
2012-12-06,56.687,56.687,56.687,56.687,
2012-12-07,57.073,57.073,57.073,57.073,
2012-12-10,56.951,56.951,56.951,56.951,
2012-12-11,57.324,57.324,57.324,57.324,
2012-12-12,57.621,57.621,57.621,57.621,
2012-12-13,57.06,57.06,57.06,57.06,
2012-12-14,56.738,56.738,56.738,56.738,
2012-12-17,57.247,57.247,57.247,57.247,
2012-12-18,57.692,57.692,57.692,57.692,
2012-12-19,56.97,56.97,56.97,56.97,
2012-12-20,57.26,57.26,57.26,57.26,
2012-12-21,56.191,56.191,56.191,56.191,
2012-12-24,55.991,55.991,55.991,55.991,
2012-12-26,56.088,56.088,56.088,56.088,
2012-12-27,55.952,55.952,55.952,55.952,
2012-12-28,54.819,54.819,54.819,54.819,
2012-12-31,55.753,55.753,55.753,55.753,
2013-01-02,57.144,57.144,57.144,57.144,
2013-01-03,57.041,57.041,57.041,57.041,
2013-01-04,57.305,57.305,57.305,57.305,
2013-01-07,56.642,56.642,56.642,56.642,
2013-01-08,56.996,56.996,56.996,56.996,
2013-01-09,56.777,56.777,56.777,56.777,
2013-01-10,57.395,57.395,57.395,57.395,
2013-01-11,57.724,57.724,57.724,57.724,
2013-01-14,57.704,57.704,57.704,57.704,
2013-01-15,57.672,57.672,57.672,57.672,
2013-01-16,57.634,57.634,57.634,57.634,
2013-01-17,58.104,58.104,58.104,58.104,
2013-01-18,58.49,58.49,58.49,58.49,
2013-01-22,58.568,58.568,58.568,58.568,
2013-01-23,58.426,58.426,58.426,58.426,
2013-01-24,58.845,58.845,58.845,58.845,
2013-01-25,59.089,59.089,59.089,59.089,
2013-01-28,58.69,58.69,58.69,58.69,
2013-01-29,59.109,59.109,59.109,59.109,
2013-01-30,58.407,58.407,58.407,58.407,
2013-01-31,57.956,57.956,57.956,57.956,
2013-02-01,58.001,58.001,58.001,58.001,
2013-02-04,57.427,57.427,57.427,57.427,
2013-02-05,57.807,57.807,57.807,57.807,
2013-02-06,57.84,57.84,57.84,57.84,
2013-02-07,57.211,57.211,57.211,57.211,
2013-02-08,57.444,57.444,57.444,57.444,
2013-02-11,57.23,57.23,57.23,57.23,
2013-02-12,57.347,57.347,57.347,57.347,
2013-02-13,57.483,57.483,57.483,57.483,
2013-02-14,57.386,57.386,57.386,57.386,
2013-02-15,57.282,57.282,57.282,57.282,
2013-02-19,57.904,57.904,57.904,57.904,
2013-02-20,57.678,57.678,57.678,57.678,
2013-02-21,57.431,57.431,57.431,57.431,
2013-02-22,57.827,57.827,57.827,57.827,
2013-02-25,56.854,56.854,56.854,56.854,
2013-02-26,57.379,57.379,57.379,57.379,
2013-02-27,58.041,58.041,58.041,58.041,
2013-02-28,58.054,58.054,58.054,58.054,
2013-03-01,57.976,57.976,57.976,57.976,
2013-03-04,57.665,57.665,57.665,57.665,
2013-03-05,58.092,58.092,58.092,58.092,
2013-03-06,58.06,58.06,58.06,58.06,
2013-03-07,57.509,57.509,57.509,57.509,
2013-03-08,57.678,57.678,57.678,57.678,
2013-03-11,57.801,57.801,57.801,57.801,
2013-03-12,57.801,57.801,57.801,57.801,
2013-03-13,57.866,57.866,57.866,57.866,
2013-03-14,58.235,58.235,58.235,58.235,
2013-03-15,57.937,57.937,57.937,57.937,
2013-03-18,57.548,57.548,57.548,57.548,
2013-03-19,57.425,57.425,57.425,57.425,
2013-03-20,57.457,57.457,57.457,57.457,
2013-03-21,57.159,57.159,57.159,57.159,
2013-03-22,57.885,57.885,57.885,57.885,
2013-03-25,57.71,57.71,57.71,57.71,
2013-03-26,58.43,58.43,58.43,58.43,
2013-03-27,58.721,58.721,58.721,58.721,
2013-03-28,58.417,58.417,58.417,58.417,
2013-04-01,58.845,58.845,58.845,58.845,
2013-04-02,58.721,58.721,58.721,58.721,
2013-04-03,58.3,58.3,58.3,58.3,
2013-04-04,58.196,58.196,58.196,58.196,
2013-04-05,57.704,57.704,57.704,57.704,
2013-04-08,57.438,57.438,57.438,57.438,
2013-04-09,57.548,57.548,57.548,57.548,
2013-04-10,57.49,57.49,57.49,57.49,
2013-04-11,57.84,57.84,57.84,57.84,
2013-04-12,57.691,57.691,57.691,57.691,
2013-04-15,56.07,56.07,56.07,56.07,
2013-04-16,56.148,56.148,56.148,56.148,
2013-04-17,55.804,55.804,55.804,55.804,
2013-04-18,56.154,56.154,56.154,56.154,
2013-04-19,56.692,56.692,56.692,56.692,
2013-04-22,57.107,57.107,57.107,57.107,
2013-04-23,57.892,57.892,57.892,57.892,
2013-04-24,57.976,57.976,57.976,57.976,
2013-04-25,57.094,57.094,57.094,57.094,
2013-04-26,57.049,57.049,57.049,57.049,
2013-04-29,57.185,57.185,57.185,57.185,
2013-04-30,57.691,57.691,57.691,57.691,
2013-05-01,56.731,56.731,56.731,56.731,
2013-05-02,57.457,57.457,57.457,57.457,
2013-05-03,58.358,58.358,58.358,58.358,
2013-05-06,58.721,58.721,58.721,58.721,
2013-05-07,59.091,59.091,59.091,59.091,
2013-05-08,59.447,59.447,59.447,59.447,
2013-05-09,59.421,59.421,59.421,59.421,
2013-05-10,58.84,58.84,58.84,58.84,
2013-05-13,58.814,58.814,58.814,58.814,
2013-05-14,59.474,59.474,59.474,59.474,
2013-05-15,59.558,59.558,59.558,59.558,
2013-05-16,59.206,59.206,59.206,59.206,
2013-05-17,59.898,59.898,59.898,59.898,
2013-05-20,60.394,60.394,60.394,60.394,
2013-05-21,60.577,60.577,60.577,60.577,
2013-05-22,60.179,60.179,60.179,60.179,
2013-05-23,59.917,59.917,59.917,59.917,
2013-05-24,59.748,59.748,59.748,59.748,
2013-05-28,60.303,60.303,60.303,60.303,
2013-05-29,60.107,60.107,60.107,60.107,
2013-05-30,60.113,60.113,60.113,60.113,
2013-05-31,59.056,59.056,59.056,59.056,
2013-06-03,59.702,59.702,59.702,59.702,
2013-06-04,59.265,59.265,59.265,59.265,
2013-06-05,58.52,58.52,58.52,58.52,
2013-06-06,58.899,58.899,58.899,58.899,
2013-06-07,59.695,59.695,59.695,59.695,
2013-06-10,59.48,59.48,59.48,59.48,
2013-06-11,59.049,59.049,59.049,59.049,
2013-06-12,58.579,58.579,58.579,58.579,
2013-06-13,59.617,59.617,59.617,59.617,
2013-06-14,59.128,59.128,59.128,59.128,
2013-06-17,59.735,59.735,59.735,59.735,
2013-06-18,60.009,60.009,60.009,60.009,
2013-06-19,59.402,59.402,59.402,59.402,
2013-06-20,58.129,58.129,58.129,58.129,
2013-06-21,58.409,58.409,58.409,58.409,
2013-06-24,57.757,57.757,57.757,57.757,
2013-06-25,58.168,58.168,58.168,58.168,
2013-06-26,58.618,58.618,58.618,58.618,
2013-06-27,58.775,58.775,58.775,58.775,
2013-06-28,58.977,58.977,58.977,58.977,
2013-07-01,58.945,58.945,58.945,58.945,
2013-07-02,59.167,59.167,59.167,59.167,
2013-07-03,59.199,59.199,59.199,59.199,
2013-07-05,59.774,59.774,59.774,59.774,
2013-07-08,60.218,60.218,60.218,60.218,
2013-07-09,60.929,60.929,60.929,60.929,
2013-07-10,60.59,60.59,60.59,60.59,
2013-07-11,60.883,60.883,60.883,60.883,
2013-07-12,60.968,60.968,60.968,60.968,
2013-07-15,60.87,60.87,60.87,60.87,
2013-07-16,60.903,60.903,60.903,60.903,
2013-07-17,61.008,61.008,61.008,61.008,
2013-07-18,61.608,61.608,61.608,61.608,
2013-07-19,62.124,62.124,62.124,62.124,
2013-07-22,61.902,61.902,61.902,61.902,
2013-07-23,62.143,62.143,62.143,62.143,
2013-07-24,62.006,62.006,62.006,62.006,
2013-07-25,61.993,61.993,61.993,61.993,
2013-07-26,61.876,61.876,61.876,61.876,
2013-07-29,61.38,61.38,61.38,61.38,
2013-07-30,61.236,61.236,61.236,61.236,
2013-07-31,61.197,61.197,61.197,61.197,
2013-08-01,60.531,60.531,60.531,60.531,
2013-08-02,60.022,60.022,60.022,60.022,
2013-08-05,59.787,59.787,59.787,59.787,
2013-08-06,59.709,59.709,59.709,59.709,
2013-08-07,59.624,59.624,59.624,59.624,
2013-08-08,59.911,59.911,59.911,59.911,
2013-08-09,59.628,59.628,59.628,59.628,
2013-08-12,59.083,59.083,59.083,59.083,
2013-08-13,58.761,58.761,58.761,58.761,
2013-08-14,58.465,58.465,58.465,58.465,
2013-08-15,57.946,57.946,57.946,57.946,
2013-08-16,57.781,57.781,57.781,57.781,
2013-08-19,57.131,57.131,57.131,57.131,
2013-08-20,57.071,57.071,57.071,57.071,
2013-08-21,56.802,56.802,56.802,56.802,
2013-08-22,57.17,57.17,57.17,57.17,
2013-08-23,57.525,57.525,57.525,57.525,
2013-08-26,57.242,57.242,57.242,57.242,
2013-08-27,57.065,57.065,57.065,57.065,
2013-08-28,58.393,58.393,58.393,58.393,
2013-08-29,57.361,57.361,57.361,57.361,
2013-08-30,57.288,57.288,57.288,57.288,
2013-09-03,57.282,57.282,57.282,57.282,
2013-09-04,57.683,57.683,57.683,57.683,
2013-09-05,57.413,57.413,57.413,57.413,
2013-09-06,57.347,57.347,57.347,57.347,
2013-09-09,57.867,57.867,57.867,57.867,
2013-09-10,57.722,57.722,57.722,57.722,
2013-09-11,58.393,58.393,58.393,58.393,
2013-09-12,57.827,57.827,57.827,57.827,
2013-09-13,58.103,58.103,58.103,58.103,
2013-09-16,58.281,58.281,58.281,58.281,
2013-09-17,58.458,58.458,58.458,58.458,
2013-09-18,58.879,58.879,58.879,58.879,
2013-09-19,58.682,58.682,58.682,58.682,
2013-09-20,58.274,58.274,58.274,58.274,
2013-09-23,57.676,57.676,57.676,57.676,
2013-09-24,57.42,57.42,57.42,57.42,
2013-09-25,57.275,57.275,57.275,57.275,
2013-09-26,57.229,57.229,57.229,57.229,
2013-09-27,57.117,57.117,57.117,57.117,
2013-09-30,56.552,56.552,56.552,56.552,
2013-10-01,56.526,56.526,56.526,56.526,
2013-10-02,56.578,56.578,56.578,56.578,
2013-10-03,56.197,56.197,56.197,56.197,
2013-10-04,56.736,56.736,56.736,56.736,
2013-10-07,56.46,56.46,56.46,56.46,
2013-10-08,56.204,56.204,56.204,56.204,
2013-10-09,55.974,55.974,55.974,55.974,
2013-10-10,56.552,56.552,56.552,56.552,
2013-10-11,57.15,57.15,57.15,57.15,
2013-10-14,57.578,57.578,57.578,57.578,
2013-10-15,57.045,57.045,57.045,57.045,
2013-10-16,57.387,57.387,57.387,57.387,
2013-10-17,57.499,57.499,57.499,57.499,
2013-10-18,57.545,57.545,57.545,57.545,
2013-10-21,57.334,57.334,57.334,57.334,
2013-10-22,57.827,57.827,57.827,57.827,
2013-10-23,57.584,57.584,57.584,57.584,
2013-10-24,58.117,58.117,58.117,58.117,
2013-10-25,57.821,57.821,57.821,57.821,
2013-10-28,57.992,57.992,57.992,57.992,
2013-10-29,58.452,58.452,58.452,58.452,
2013-10-30,58.373,58.373,58.373,58.373,
2013-10-31,58.905,58.905,58.905,58.905,
2013-11-01,59.037,59.037,59.037,59.037,
2013-11-04,60.535,60.535,60.535,60.535,
2013-11-05,60.463,60.463,60.463,60.463,
2013-11-06,61.271,61.271,61.271,61.271,
2013-11-07,60.855,60.855,60.855,60.855,
2013-11-08,61.364,61.364,61.364,61.364,
2013-11-11,61.516,61.516,61.516,61.516,
2013-11-12,61.324,61.324,61.324,61.324,
2013-11-13,61.271,61.271,61.271,61.271,
2013-11-14,61.688,61.688,61.688,61.688,
2013-11-15,63.045,63.045,63.045,63.045,
2013-11-18,63.164,63.164,63.164,63.164,
2013-11-19,63.144,63.144,63.144,63.144,
2013-11-20,62.655,62.655,62.655,62.655,
2013-11-21,62.661,62.661,62.661,62.661,
2013-11-22,62.873,62.873,62.873,62.873,
2013-11-25,62.926,62.926,62.926,62.926,
2013-11-26,62.383,62.383,62.383,62.383,
2013-11-27,62.072,62.072,62.072,62.072,
2013-11-29,61.86,61.86,61.86,61.86,
2013-12-02,61.887,61.887,61.887,61.887,
2013-12-03,62.463,62.463,62.463,62.463,
2013-12-04,62.648,62.648,62.648,62.648,
2013-12-05,62.291,62.291,62.291,62.291,
2013-12-06,63.296,63.296,63.296,63.296,
2013-12-09,63.422,63.422,63.422,63.422,
2013-12-10,63.336,63.336,63.336,63.336,
2013-12-11,62.377,62.377,62.377,62.377,
2013-12-12,63.104,63.104,63.104,63.104,
2013-12-13,63.071,63.071,63.071,63.071,
2013-12-16,64.335,64.335,64.335,64.335,
2013-12-17,64.024,64.024,64.024,64.024,
2013-12-18,65.871,65.871,65.871,65.871,
2013-12-19,65.798,65.798,65.798,65.798,
2013-12-20,65.301,65.301,65.301,65.301,
2013-12-23,65.189,65.189,65.189,65.189,
2013-12-24,65.659,65.659,65.659,65.659,
2013-12-26,66.771,66.771,66.771,66.771,
2013-12-27,67.174,67.174,67.174,67.174,
2013-12-30,66.38,66.38,66.38,66.38,
2013-12-31,66.969,66.969,66.969,66.969,
2014-01-02,66.01,66.01,66.01,66.01,
2014-01-03,65.851,65.851,65.851,65.851,
2014-01-06,65.95,65.95,65.95,65.95,
2014-01-07,66.883,66.883,66.883,66.883,
2014-01-08,66.665,66.665,66.665,66.665,
2014-01-09,66.016,66.016,66.016,66.016,
2014-01-10,66.519,66.519,66.519,66.519,
2014-01-13,65.215,65.215,65.215,65.215,
2014-01-14,65.593,65.593,65.593,65.593,
2014-01-15,65.368,65.368,65.368,65.368,
2014-01-16,65.474,65.474,65.474,65.474,
2014-01-17,65.619,65.619,65.619,65.619,
2014-01-21,65.182,65.182,65.182,65.182,
2014-01-22,64.772,64.772,64.772,64.772,
2014-01-23,64.17,64.17,64.17,64.17,
2014-01-24,62.767,62.767,62.767,62.767,
2014-01-27,62.813,62.813,62.813,62.813,
2014-01-28,63.296,63.296,63.296,63.296,
2014-01-29,62.939,62.939,62.939,62.939,
2014-01-30,62.198,62.198,62.198,62.198,
2014-01-31,60.987,60.987,60.987,60.987,
2014-02-03,59.591,59.591,59.591,59.591,
2014-02-04,59.571,59.571,59.571,59.571,
2014-02-05,59.28,59.28,59.28,59.28,
2014-02-06,59.846,59.846,59.846,59.846,
2014-02-07,60.366,60.366,60.366,60.366,
2014-02-10,59.659,59.659,59.659,59.659,
2014-02-11,60.539,60.539,60.539,60.539,
2014-02-12,60.699,60.699,60.699,60.699,
2014-02-13,60.932,60.932,60.932,60.932,
2014-02-14,62.718,62.718,62.718,62.718,
2014-02-18,62.692,62.692,62.692,62.692,
2014-02-19,62.612,62.612,62.612,62.612,
2014-02-20,63.558,63.558,63.558,63.558,
2014-02-21,63.332,63.332,63.332,63.332,
2014-02-24,64.271,64.271,64.271,64.271,
2014-02-25,64.185,64.185,64.185,64.185,
2014-02-26,63.838,63.838,63.838,63.838,
2014-02-27,63.871,63.871,63.871,63.871,
2014-02-28,64.158,64.158,64.158,64.158,
2014-03-03,63.645,63.645,63.645,63.645,
2014-03-04,64.324,64.324,64.324,64.324,
2014-03-05,62.512,62.512,62.512,62.512,
2014-03-06,62.485,62.485,62.485,62.485,
2014-03-07,63.305,63.305,63.305,63.305,
2014-03-10,63.645,63.645,63.645,63.645,
2014-03-11,62.652,62.652,62.652,62.652,
2014-03-12,62.785,62.785,62.785,62.785,
2014-03-13,62.405,62.405,62.405,62.405,
2014-03-14,62.292,62.292,62.292,62.292,
2014-03-17,62.858,62.858,62.858,62.858,
2014-03-18,63.118,63.118,63.118,63.118,
2014-03-19,62.465,62.465,62.465,62.465,
2014-03-20,63.032,63.032,63.032,63.032,
2014-03-21,62.852,62.852,62.852,62.852,
2014-03-24,63.072,63.072,63.072,63.072,
2014-03-25,63.252,63.252,63.252,63.252,
2014-03-26,63.112,63.112,63.112,63.112,
2014-03-27,64.138,64.138,64.138,64.138,
2014-03-28,65.111,65.111,65.111,65.111,
2014-03-31,65.098,65.098,65.098,65.098,
2014-04-01,65.131,65.131,65.131,65.131,
2014-04-02,65.277,65.277,65.277,65.277,
2014-04-03,65.264,65.264,65.264,65.264,
2014-04-04,64.884,64.884,64.884,64.884,
2014-04-07,64.498,64.498,64.498,64.498,
2014-04-08,64.944,64.944,64.944,64.944,
2014-04-09,64.864,64.864,64.864,64.864,
2014-04-10,64.498,64.498,64.498,64.498,
2014-04-11,64.458,64.458,64.458,64.458,
2014-04-14,65.217,65.217,65.217,65.217,
2014-04-15,65.764,65.764,65.764,65.764,
2014-04-16,66.604,66.604,66.604,66.604,
2014-04-17,66.924,66.924,66.924,66.924,
2014-04-21,67.263,67.263,67.263,67.263,
2014-04-22,66.89,66.89,66.89,66.89,
2014-04-23,66.977,66.977,66.977,66.977,
2014-04-24,66.65,66.65,66.65,66.65,
2014-04-25,66.917,66.917,66.917,66.917,
2014-04-28,67.423,67.423,67.423,67.423,
2014-04-29,67.61,67.61,67.61,67.61,
2014-04-30,68.25,68.25,68.25,68.25,
2014-05-01,67.583,67.583,67.583,67.583,
2014-05-02,67.983,67.983,67.983,67.983,
2014-05-05,68.583,68.583,68.583,68.583,
2014-05-06,68.423,68.423,68.423,68.423,
2014-05-07,68.716,68.716,68.716,68.716,
2014-05-08,68.19,68.19,68.19,68.19,
2014-05-09,68.405,68.405,68.405,68.405,
2014-05-12,68.592,68.592,68.592,68.592,
2014-05-13,68.68,68.68,68.68,68.68,
2014-05-14,68.633,68.633,68.633,68.633,
2014-05-15,67.62,67.62,67.62,67.62,
2014-05-16,67.593,67.593,67.593,67.593,
2014-05-19,67.68,67.68,67.68,67.68,
2014-05-20,67.546,67.546,67.546,67.546,
2014-05-21,68.458,68.458,68.458,68.458,
2014-05-22,68.103,68.103,68.103,68.103,
2014-05-23,67.982,67.982,67.982,67.982,
2014-05-27,68.009,68.009,68.009,68.009,
2014-05-28,67.807,67.807,67.807,67.807,
2014-05-29,67.948,67.948,67.948,67.948,
2014-05-30,67.452,67.452,67.452,67.452,
2014-06-02,67.056,67.056,67.056,67.056,
2014-06-03,67.358,67.358,67.358,67.358,
2014-06-04,67.123,67.123,67.123,67.123,
2014-06-05,67.465,67.465,67.465,67.465,
2014-06-06,68.17,68.17,68.17,68.17,
2014-06-09,68.116,68.116,68.116,68.116,
2014-06-10,68.076,68.076,68.076,68.076,
2014-06-11,68.405,68.405,68.405,68.405,
2014-06-12,68.21,68.21,68.21,68.21,
2014-06-13,68.874,68.874,68.874,68.874,
2014-06-16,69.055,69.055,69.055,69.055,
2014-06-17,68.72,68.72,68.72,68.72,
2014-06-18,68.928,68.928,68.928,68.928,
2014-06-19,68.861,68.861,68.861,68.861,
2014-06-20,69.666,69.666,69.666,69.666,
2014-06-23,70.035,70.035,70.035,70.035,
2014-06-24,68.928,68.928,68.928,68.928,
2014-06-25,68.532,68.532,68.532,68.532,
2014-06-26,68.458,68.458,68.458,68.458,
2014-06-27,67.908,67.908,67.908,67.908,
2014-06-30,67.552,67.552,67.552,67.552,
2014-07-01,68.009,68.009,68.009,68.009,
2014-07-02,68.15,68.15,68.15,68.15,
2014-07-03,68.834,68.834,68.834,68.834,
2014-07-07,68.874,68.874,68.874,68.874,
2014-07-08,68.995,68.995,68.995,68.995,
2014-07-09,69.478,69.478,69.478,69.478,
2014-07-10,68.821,68.821,68.821,68.821,
2014-07-11,68.264,68.264,68.264,68.264,
2014-07-14,68.894,68.894,68.894,68.894,
2014-07-15,68.7,68.7,68.7,68.7,
2014-07-16,69.626,69.626,69.626,69.626,
2014-07-17,68.646,68.646,68.646,68.646,
2014-07-18,68.928,68.928,68.928,68.928,
2014-07-21,69.163,69.163,69.163,69.163,
2014-07-22,69.471,69.471,69.471,69.471,
2014-07-23,69.948,69.948,69.948,69.948,
2014-07-24,69.968,69.968,69.968,69.968,
2014-07-25,69.23,69.23,69.23,69.23,
2014-07-28,70.028,70.028,70.028,70.028,
2014-07-29,69.478,69.478,69.478,69.478,
2014-07-30,69.277,69.277,69.277,69.277,
2014-07-31,66.385,66.385,66.385,66.385,
2014-08-01,66.291,66.291,66.291,66.291,
2014-08-04,67.183,67.183,67.183,67.183,
2014-08-05,65.888,65.888,65.888,65.888,
2014-08-06,66.412,66.412,66.412,66.412,
2014-08-07,65.935,65.935,65.935,65.935,
2014-08-08,66.922,66.922,66.922,66.922,
2014-08-11,66.705,66.705,66.705,66.705,
2014-08-12,66.543,66.543,66.543,66.543,
2014-08-13,66.949,66.949,66.949,66.949,
2014-08-14,66.949,66.949,66.949,66.949,
2014-08-15,66.908,66.908,66.908,66.908,
2014-08-18,67.239,67.239,67.239,67.239,
2014-08-19,67.219,67.219,67.219,67.219,
2014-08-20,67.361,67.361,67.361,67.361,
2014-08-21,67.077,67.077,67.077,67.077,
2014-08-22,66.55,66.55,66.55,66.55,
2014-08-25,66.719,66.719,66.719,66.719,
2014-08-26,67.32,67.32,67.32,67.32,
2014-08-27,67.246,67.246,67.246,67.246,
2014-08-28,67.273,67.273,67.273,67.273,
2014-08-29,67.199,67.199,67.199,67.199,
2014-09-02,66.543,66.543,66.543,66.543,
2014-09-03,66.962,66.962,66.962,66.962,
2014-09-04,66.456,66.456,66.456,66.456,
2014-09-05,67.064,67.064,67.064,67.064,
2014-09-08,66.057,66.057,66.057,66.057,
2014-09-09,65.8,65.8,65.8,65.8,
2014-09-10,65.408,65.408,65.408,65.408,
2014-09-11,65.557,65.557,65.557,65.557,
2014-09-12,64.712,64.712,64.712,64.712,
2014-09-15,65.057,65.057,65.057,65.057,
2014-09-16,65.827,65.827,65.827,65.827,
2014-09-17,65.591,65.591,65.591,65.591,
2014-09-18,65.273,65.273,65.273,65.273,
2014-09-19,65.618,65.618,65.618,65.618,
2014-09-22,65.226,65.226,65.226,65.226,
2014-09-23,64.881,64.881,64.881,64.881,
2014-09-24,64.739,64.739,64.739,64.739,
2014-09-25,63.679,63.679,63.679,63.679,
2014-09-26,64.476,64.476,64.476,64.476,
2014-09-29,63.8,63.8,63.8,63.8,
2014-09-30,63.544,63.544,63.544,63.544,
2014-10-01,62.74,62.74,62.74,62.74,
2014-10-02,63.037,63.037,63.037,63.037,
2014-10-03,63.456,63.456,63.456,63.456,
2014-10-06,63.861,63.861,63.861,63.861,
2014-10-07,63.084,63.084,63.084,63.084,
2014-10-08,63.922,63.922,63.922,63.922,
2014-10-09,62.037,62.037,62.037,62.037,
2014-10-10,61.888,61.888,61.888,61.888,
2014-10-13,61.375,61.375,61.375,61.375,
2014-10-14,61.179,61.179,61.179,61.179,
2014-10-15,60.956,60.956,60.956,60.956,
2014-10-16,61.213,61.213,61.213,61.213,
2014-10-17,61.625,61.625,61.625,61.625,
2014-10-20,62.003,62.003,62.003,62.003,
2014-10-21,63.273,63.273,63.273,63.273,
2014-10-22,62.922,62.922,62.922,62.922,
2014-10-23,63.584,63.584,63.584,63.584,
2014-10-24,63.841,63.841,63.841,63.841,
2014-10-27,63.314,63.314,63.314,63.314,
2014-10-28,64.253,64.253,64.253,64.253,
2014-10-29,63.908,63.908,63.908,63.908,
2014-10-30,63.814,63.814,63.814,63.814,
2014-10-31,65.341,65.341,65.341,65.341,
2014-11-03,64.361,64.361,64.361,64.361,
2014-11-04,63.861,63.861,63.861,63.861,
2014-11-05,64.233,64.233,64.233,64.233,
2014-11-06,65.037,65.037,65.037,65.037,
2014-11-07,65.731,65.731,65.731,65.731,
2014-11-10,65.52,65.52,65.52,65.52,
2014-11-11,65.608,65.608,65.608,65.608,
2014-11-12,64.907,64.907,64.907,64.907,
2014-11-13,64.417,64.417,64.417,64.417,
2014-11-14,64.71,64.71,64.71,64.71,
2014-11-17,64.724,64.724,64.724,64.724,
2014-11-18,64.56,64.56,64.56,64.56,
2014-11-19,65.064,65.064,65.064,65.064,
2014-11-20,65.207,65.207,65.207,65.207,
2014-11-21,65.881,65.881,65.881,65.881,
2014-11-24,65.139,65.139,65.139,65.139,
2014-11-25,64.499,64.499,64.499,64.499,
2014-11-26,64.295,64.295,64.295,64.295,
2014-11-28,61.614,61.614,61.614,61.614,
2014-12-01,62.845,62.845,62.845,62.845,
2014-12-02,64.098,64.098,64.098,64.098,
2014-12-03,64.615,64.615,64.615,64.615,
2014-12-04,64.22,64.22,64.22,64.22,
2014-12-05,63.846,63.846,63.846,63.846,
2014-12-08,62.403,62.403,62.403,62.403,
2014-12-09,62.185,62.185,62.185,62.185,
2014-12-10,60.341,60.341,60.341,60.341,
2014-12-11,60.702,60.702,60.702,60.702,
2014-12-12,58.932,58.932,58.932,58.932,
2014-12-15,59.137,59.137,59.137,59.137,
2014-12-16,58.803,58.803,58.803,58.803,
2014-12-17,60.579,60.579,60.579,60.579,
2014-12-18,62.036,62.036,62.036,62.036,
2014-12-19,63.723,63.723,63.723,63.723,
2014-12-22,63.512,63.512,63.512,63.512,
2014-12-23,64.37,64.37,64.37,64.37,
2014-12-24,63.819,63.819,63.819,63.819,
2014-12-26,63.431,63.431,63.431,63.431,
2014-12-29,63.335,63.335,63.335,63.335,
2014-12-30,63.301,63.301,63.301,63.301,
2014-12-31,62.913,62.913,62.913,62.913,
2015-01-02,63.172,63.172,63.172,63.172,
2015-01-05,61.444,61.444,61.444,61.444,
2015-01-06,61.117,61.117,61.117,61.117,
2015-01-07,61.736,61.736,61.736,61.736,
2015-01-08,62.764,62.764,62.764,62.764,
2015-01-09,62.675,62.675,62.675,62.675,
2015-01-12,61.471,61.471,61.471,61.471,
2015-01-13,61.246,61.246,61.246,61.246,
2015-01-14,61.069,61.069,61.069,61.069,
2015-01-15,60.539,60.539,60.539,60.539,
2015-01-16,62.008,62.008,62.008,62.008,
2015-01-20,61.988,61.988,61.988,61.988,
2015-01-21,62.519,62.519,62.519,62.519,
2015-01-22,63.199,63.199,63.199,63.199,
2015-01-23,61.852,61.852,61.852,61.852,
2015-01-26,62.444,62.444,62.444,62.444,
2015-01-27,61.893,61.893,61.893,61.893,
2015-01-28,59.851,59.851,59.851,59.851,
2015-01-29,59.599,59.599,59.599,59.599,
2015-01-30,59.491,59.491,59.491,59.491,
2015-02-02,60.96,60.96,60.96,60.96,
2015-02-03,62.777,62.777,62.777,62.777,
2015-02-04,62.24,62.24,62.24,62.24,
2015-02-05,62.852,62.852,62.852,62.852,
2015-02-06,62.736,62.736,62.736,62.736,
2015-02-09,62.777,62.777,62.777,62.777,
2015-02-10,62.4,62.4,62.4,62.4,
2015-02-11,62.119,62.119,62.119,62.119,
2015-02-12,63.332,63.332,63.332,63.332,
2015-02-13,64.018,64.018,64.018,64.018,
2015-02-17,63.798,63.798,63.798,63.798,
2015-02-18,62.4,62.4,62.4,62.4,
2015-02-19,61.323,61.323,61.323,61.323,
2015-02-20,61.652,61.652,61.652,61.652,
2015-02-23,61.028,61.028,61.028,61.028,
2015-02-24,61.31,61.31,61.31,61.31,
2015-02-25,61.433,61.433,61.433,61.433,
2015-02-26,60.782,60.782,60.782,60.782,
2015-02-27,60.706,60.706,60.706,60.706,
2015-03-02,60.363,60.363,60.363,60.363,
2015-03-03,60.075,60.075,60.075,60.075,
2015-03-04,59.774,59.774,59.774,59.774,
2015-03-05,59.472,59.472,59.472,59.472,
2015-03-06,58.711,58.711,58.711,58.711,
2015-03-09,58.389,58.389,58.389,58.389,
2015-03-10,57.772,57.772,57.772,57.772,
2015-03-11,57.607,57.607,57.607,57.607,
2015-03-12,57.744,57.744,57.744,57.744,
2015-03-13,57.504,57.504,57.504,57.504,
2015-03-16,58.115,58.115,58.115,58.115,
2015-03-17,57.648,57.648,57.648,57.648,
2015-03-18,59.013,59.013,59.013,59.013,
2015-03-19,57.875,57.875,57.875,57.875,
2015-03-20,57.964,57.964,57.964,57.964,
2015-03-23,58.574,58.574,58.574,58.574,
2015-03-24,57.95,57.95,57.95,57.95,
2015-03-25,58.183,58.183,58.183,58.183,
2015-03-26,57.813,57.813,57.813,57.813,
2015-03-27,57.305,57.305,57.305,57.305,
2015-03-30,58.711,58.711,58.711,58.711,
2015-03-31,58.279,58.279,58.279,58.279,
2015-04-01,57.909,57.909,57.909,57.909,
2015-04-02,57.799,57.799,57.799,57.799,
2015-04-06,58.368,58.368,58.368,58.368,
2015-04-07,58.793,58.793,58.793,58.793,
2015-04-08,57.635,57.635,57.635,57.635,
2015-04-09,58.039,58.039,58.039,58.039,
2015-04-10,58.663,58.663,58.663,58.663,
2015-04-13,58.512,58.512,58.512,58.512,
2015-04-14,59.397,59.397,59.397,59.397,
2015-04-15,60.391,60.391,60.391,60.391,
2015-04-16,60.151,60.151,60.151,60.151,
2015-04-17,59.602,59.602,59.602,59.602,
2015-04-20,59.815,59.815,59.815,59.815,
2015-04-21,59.568,59.568,59.568,59.568,
2015-04-22,59.966,59.966,59.966,59.966,
2015-04-23,60.021,60.021,60.021,60.021,
2015-04-24,59.63,59.63,59.63,59.63,
2015-04-27,59.657,59.657,59.657,59.657,
2015-04-28,60.199,60.199,60.199,60.199,
2015-04-29,60.247,60.247,60.247,60.247,
2015-04-30,59.904,59.904,59.904,59.904,
2015-05-01,60.919,60.919,60.919,60.919,
2015-05-04,61.097,61.097,61.097,61.097,
2015-05-05,60.754,60.754,60.754,60.754,
2015-05-06,60.466,60.466,60.466,60.466,
2015-05-07,60.062,60.062,60.062,60.062,
2015-05-08,61.015,61.015,61.015,61.015,
2015-05-11,59.992,59.992,59.992,59.992,
2015-05-12,60.158,60.158,60.158,60.158,
2015-05-13,59.84,59.84,59.84,59.84,
2015-05-14,60.123,60.123,60.123,60.123,
2015-05-15,60.386,60.386,60.386,60.386,
2015-05-18,60.04,60.04,60.04,60.04,
2015-05-19,60.137,60.137,60.137,60.137,
2015-05-20,60.234,60.234,60.234,60.234,
2015-05-21,60.289,60.289,60.289,60.289,
2015-05-22,59.812,59.812,59.812,59.812,
2015-05-26,59.003,59.003,59.003,59.003,
2015-05-27,58.837,58.837,58.837,58.837,
2015-05-28,58.837,58.837,58.837,58.837,
2015-05-29,58.899,58.899,58.899,58.899,
2015-06-01,58.851,58.851,58.851,58.851,
2015-06-02,58.858,58.858,58.858,58.858,
2015-06-03,58.727,58.727,58.727,58.727,
2015-06-04,58.222,58.222,58.222,58.222,
2015-06-05,58.263,58.263,58.263,58.263,
2015-06-08,58.657,58.657,58.657,58.657,
2015-06-09,58.471,58.471,58.471,58.471,
2015-06-10,58.906,58.906,58.906,58.906,
2015-06-11,58.823,58.823,58.823,58.823,
2015-06-12,58.084,58.084,58.084,58.084,
2015-06-15,57.876,57.876,57.876,57.876,
2015-06-16,58.54,58.54,58.54,58.54,
2015-06-17,58.574,58.574,58.574,58.574,
2015-06-18,59.093,59.093,59.093,59.093,
2015-06-19,58.906,58.906,58.906,58.906,
2015-06-22,58.879,58.879,58.879,58.879,
2015-06-23,58.809,58.809,58.809,58.809,
2015-06-24,58.54,58.54,58.54,58.54,
2015-06-25,58.021,58.021,58.021,58.021,
2015-06-26,57.973,57.973,57.973,57.973,
2015-06-29,57.254,57.254,57.254,57.254,
2015-06-30,57.517,57.517,57.517,57.517,
2015-07-01,56.943,56.943,56.943,56.943,
2015-07-02,57.475,57.475,57.475,57.475,
2015-07-06,57.054,57.054,57.054,57.054,
2015-07-07,57.289,57.289,57.289,57.289,
2015-07-08,56.666,56.666,56.666,56.666,
2015-07-09,56.411,56.411,56.411,56.411,
2015-07-10,56.839,56.839,56.839,56.839,
2015-07-13,56.978,56.978,56.978,56.978,
2015-07-14,57.455,57.455,57.455,57.455,
2015-07-15,57.213,57.213,57.213,57.213,
2015-07-16,57.316,57.316,57.316,57.316,
2015-07-17,57.109,57.109,57.109,57.109,
2015-07-20,56.521,56.521,56.521,56.521,
2015-07-21,56.452,56.452,56.452,56.452,
2015-07-22,56.542,56.542,56.542,56.542,
2015-07-23,56.093,56.093,56.093,56.093,
2015-07-24,55.263,55.263,55.263,55.263,
2015-07-27,54.793,54.793,54.793,54.793,
2015-07-28,57.019,57.019,57.019,57.019,
2015-07-29,57.475,57.475,57.475,57.475,
2015-07-30,57.385,57.385,57.385,57.385,
2015-07-31,54.758,54.758,54.758,54.758,
2015-08-03,53.963,53.963,53.963,53.963,
2015-08-04,53.348,53.348,53.348,53.348,
2015-08-05,53.348,53.348,53.348,53.348,
2015-08-06,53.984,53.984,53.984,53.984,
2015-08-07,53.113,53.113,53.113,53.113,
2015-08-10,54.44,54.44,54.44,54.44,
2015-08-11,54.071,54.071,54.071,54.071,
2015-08-12,54.978,54.978,54.978,54.978,
2015-08-13,54.88,54.88,54.88,54.88,
2015-08-14,54.678,54.678,54.678,54.678,
2015-08-17,54.964,54.964,54.964,54.964,
2015-08-18,54.357,54.357,54.357,54.357,
2015-08-19,53.191,53.191,53.191,53.191,
2015-08-20,52.033,52.033,52.033,52.033,
2015-08-21,50.331,50.331,50.331,50.331,
2015-08-24,47.951,47.951,47.951,47.951,
2015-08-25,47.944,47.944,47.944,47.944,
2015-08-26,50.589,50.589,50.589,50.589,
2015-08-27,52.228,52.228,52.228,52.228,
2015-08-28,52.382,52.382,52.382,52.382,
2015-08-31,52.501,52.501,52.501,52.501,
2015-09-01,50.296,50.296,50.296,50.296,
2015-09-02,51.098,51.098,51.098,51.098,
2015-09-03,51.489,51.489,51.489,51.489,
2015-09-04,50.561,50.561,50.561,50.561,
2015-09-08,51.286,51.286,51.286,51.286,
2015-09-09,50.24,50.24,50.24,50.24,
2015-09-10,50.603,50.603,50.603,50.603,
2015-09-11,50.721,50.721,50.721,50.721,
2015-09-14,50.582,50.582,50.582,50.582,
2015-09-15,50.84,50.84,50.84,50.84,
2015-09-16,51.845,51.845,51.845,51.845,
2015-09-17,51.956,51.956,51.956,51.956,
2015-09-18,50.714,50.714,50.714,50.714,
2015-09-21,51.21,51.21,51.21,51.21,
2015-09-22,50.756,50.756,50.756,50.756,
2015-09-23,50.449,50.449,50.449,50.449,
2015-09-24,50.749,50.749,50.749,50.749,
2015-09-25,51.098,51.098,51.098,51.098,
2015-09-28,50.658,50.658,50.658,50.658,
2015-09-29,50.917,50.917,50.917,50.917,
2015-09-30,51.88,51.88,51.88,51.88,
2015-10-01,51.677,51.677,51.677,51.677,
2015-10-02,52.947,52.947,52.947,52.947,
2015-10-05,53.596,53.596,53.596,53.596,
2015-10-06,54.35,54.35,54.35,54.35,
2015-10-07,55.264,55.264,55.264,55.264,
2015-10-08,55.843,55.843,55.843,55.843,
2015-10-09,55.306,55.306,55.306,55.306,
2015-10-12,55.334,55.334,55.334,55.334,
2015-10-13,55.236,55.236,55.236,55.236,
2015-10-14,55.934,55.934,55.934,55.934,
2015-10-15,56.855,56.855,56.855,56.855,
2015-10-16,57.552,57.552,57.552,57.552,
2015-10-19,56.513,56.513,56.513,56.513,
2015-10-20,56.401,56.401,56.401,56.401,
2015-10-21,55.969,55.969,55.969,55.969,
2015-10-22,57.839,57.839,57.839,57.839,
2015-10-23,57.901,57.901,57.901,57.901,
2015-10-26,56.673,56.673,56.673,56.673,
2015-10-27,56.583,56.583,56.583,56.583,
2015-10-28,57.413,57.413,57.413,57.413,
2015-10-29,57.378,57.378,57.378,57.378,
2015-10-30,57.734,57.734,57.734,57.734,
2015-11-02,59.506,59.506,59.506,59.506,
2015-11-03,60.602,60.602,60.602,60.602,
2015-11-04,59.995,59.995,59.995,59.995,
2015-11-05,59.178,59.178,59.178,59.178,
2015-11-06,58.941,58.941,58.941,58.941,
2015-11-09,57.681,57.681,57.681,57.681,
2015-11-10,57.963,57.963,57.963,57.963,
2015-11-11,57.449,57.449,57.449,57.449,
2015-11-12,55.893,55.893,55.893,55.893,
2015-11-13,54.971,54.971,54.971,54.971,
2015-11-16,56.942,56.942,56.942,56.942,
2015-11-17,56.28,56.28,56.28,56.28,
2015-11-18,56.829,56.829,56.829,56.829,
2015-11-19,56.52,56.52,56.52,56.52,
2015-11-20,56.161,56.161,56.161,56.161,
2015-11-23,56.506,56.506,56.506,56.506,
2015-11-24,57.632,57.632,57.632,57.632,
2015-11-25,57.188,57.188,57.188,57.188,
2015-11-27,57.174,57.174,57.174,57.174,
2015-11-30,57.477,57.477,57.477,57.477,
2015-12-01,57.639,57.639,57.639,57.639,
2015-12-02,55.992,55.992,55.992,55.992,
2015-12-03,55.19,55.19,55.19,55.19,
2015-12-04,55.506,55.506,55.506,55.506,
2015-12-07,54.056,54.056,54.056,54.056,
2015-12-08,52.529,52.529,52.529,52.529,
2015-12-09,53.233,53.233,53.233,53.233,
2015-12-10,53.275,53.275,53.275,53.275,
2015-12-11,52.325,52.325,52.325,52.325,
2015-12-14,53.514,53.514,53.514,53.514,
2015-12-15,55.907,55.907,55.907,55.907,
2015-12-16,55.71,55.71,55.71,55.71,
2015-12-17,54.873,54.873,54.873,54.873,
2015-12-18,54.394,54.394,54.394,54.394,
2015-12-21,54.38,54.38,54.38,54.38,
2015-12-22,54.655,54.655,54.655,54.655,
2015-12-23,56.442,56.442,56.442,56.442,
2015-12-24,55.837,55.837,55.837,55.837,
2015-12-28,55.422,55.422,55.422,55.422,
2015-12-29,55.717,55.717,55.717,55.717,
2015-12-30,54.978,54.978,54.978,54.978,
2015-12-31,54.866,54.866,54.866,54.866,
2016-01-04,54.521,54.521,54.521,54.521,
2016-01-05,54.985,54.985,54.985,54.985,
2016-01-06,54.528,54.528,54.528,54.528,
2016-01-07,53.655,53.655,53.655,53.655,
2016-01-08,52.571,52.571,52.571,52.571,
2016-01-11,51.867,51.867,51.867,51.867,
2016-01-12,52.93,52.93,52.93,52.93,
2016-01-13,53.247,53.247,53.247,53.247,
2016-01-14,55.689,55.689,55.689,55.689,
2016-01-15,54.605,54.605,54.605,54.605,
2016-01-19,53.775,53.775,53.775,53.775,
2016-01-20,51.508,51.508,51.508,51.508,
2016-01-21,52.156,52.156,52.156,52.156,
2016-01-22,53.894,53.894,53.894,53.894,
2016-01-25,52.071,52.071,52.071,52.071,
2016-01-26,53.986,53.986,53.986,53.986,
2016-01-27,52.993,52.993,52.993,52.993,
2016-01-28,54.19,54.19,54.19,54.19,
2016-01-29,54.795,54.795,54.795,54.795,
2016-02-01,53.697,53.697,53.697,53.697,
2016-02-02,52.501,52.501,52.501,52.501,
2016-02-03,55.239,55.239,55.239,55.239,
2016-02-04,56.189,56.189,56.189,56.189,
2016-02-05,56.365,56.365,56.365,56.365,
2016-02-08,57.125,57.125,57.125,57.125,
2016-02-09,56.877,56.877,56.877,56.877,
2016-02-10,56.358,56.358,56.358,56.358,
2016-02-11,56.536,56.536,56.536,56.536,
2016-02-12,57.551,57.551,57.551,57.551,
2016-02-16,57.686,57.686,57.686,57.686,
2016-02-17,58.24,58.24,58.24,58.24,
2016-02-18,58.56,58.56,58.56,58.56,
2016-02-19,58.595,58.595,58.595,58.595,
2016-02-22,58.517,58.517,58.517,58.517,
2016-02-23,57.693,57.693,57.693,57.693,
2016-02-24,57.899,57.899,57.899,57.899,
2016-02-25,58.247,58.247,58.247,58.247,
2016-02-26,58.063,58.063,58.063,58.063,
2016-02-29,56.926,56.926,56.926,56.926,
2016-03-01,57.729,57.729,57.729,57.729,
2016-03-02,58.737,58.737,58.737,58.737,
2016-03-03,58.524,58.524,58.524,58.524,
2016-03-04,58.446,58.446,58.446,58.446,
2016-03-07,59.987,59.987,59.987,59.987,
2016-03-08,58.688,58.688,58.688,58.688,
2016-03-09,58.524,58.524,58.524,58.524,
2016-03-10,58.368,58.368,58.368,58.368,
2016-03-11,58.375,58.375,58.375,58.375,
2016-03-14,58.531,58.531,58.531,58.531,
2016-03-15,58.823,58.823,58.823,58.823,
2016-03-16,58.858,58.858,58.858,58.858,
2016-03-17,59.732,59.732,59.732,59.732,
2016-03-18,59.803,59.803,59.803,59.803,
2016-03-21,59.391,59.391,59.391,59.391,
2016-03-22,59.746,59.746,59.746,59.746,
2016-03-23,59.483,59.483,59.483,59.483,
2016-03-24,59.646,59.646,59.646,59.646,
2016-03-28,59.817,59.817,59.817,59.817,
2016-03-29,60.037,60.037,60.037,60.037,
2016-03-30,60.03,60.03,60.03,60.03,
2016-03-31,59.369,59.369,59.369,59.369,
2016-04-01,58.922,58.922,58.922,58.922,
2016-04-04,59.064,59.064,59.064,59.064,
2016-04-05,58.389,58.389,58.389,58.389,
2016-04-06,59.171,59.171,59.171,59.171,
2016-04-07,58.503,58.503,58.503,58.503,
2016-04-08,59.1,59.1,59.1,59.1,
2016-04-11,59.178,59.178,59.178,59.178,
2016-04-12,59.909,59.909,59.909,59.909,
2016-04-13,60.25,60.25,60.25,60.25,
2016-04-14,60.676,60.676,60.676,60.676,
2016-04-15,60.35,60.35,60.35,60.35,
2016-04-18,60.925,60.925,60.925,60.925,
2016-04-19,61.23,61.23,61.23,61.23,
2016-04-20,61.649,61.649,61.649,61.649,
2016-04-21,61.642,61.642,61.642,61.642,
2016-04-22,62.168,62.168,62.168,62.168,
2016-04-25,62.026,62.026,62.026,62.026,
2016-04-26,62.239,62.239,62.239,62.239,
2016-04-27,62.828,62.828,62.828,62.828,
2016-04-28,62.523,62.523,62.523,62.523,
2016-04-29,62.786,62.786,62.786,62.786,
2016-05-02,63.304,63.304,63.304,63.304,
2016-05-03,62.58,62.58,62.58,62.58,
2016-05-04,62.459,62.459,62.459,62.459,
2016-05-05,62.53,62.53,62.53,62.53,
2016-05-06,62.864,62.864,62.864,62.864,
2016-05-09,62.907,62.907,62.907,62.907,
2016-05-10,63.915,63.915,63.915,63.915,
2016-05-11,63.607,63.607,63.607,63.607,
2016-05-12,64.223,64.223,64.223,64.223,
2016-05-13,63.5,63.5,63.5,63.5,
2016-05-16,64.151,64.151,64.151,64.151,
2016-05-17,64.123,64.123,64.123,64.123,
2016-05-18,63.994,63.994,63.994,63.994,
2016-05-19,64.538,64.538,64.538,64.538,
2016-05-20,64.273,64.273,64.273,64.273,
2016-05-23,64.173,64.173,64.173,64.173,
2016-05-24,64.223,64.223,64.223,64.223,
2016-05-25,64.646,64.646,64.646,64.646,
2016-05-26,64.316,64.316,64.316,64.316,
2016-05-27,64.467,64.467,64.467,64.467,
2016-05-31,63.757,63.757,63.757,63.757,
2016-06-01,63.915,63.915,63.915,63.915,
2016-06-02,63.407,63.407,63.407,63.407,
2016-06-03,63.292,63.292,63.292,63.292,
2016-06-06,63.987,63.987,63.987,63.987,
2016-06-07,64.968,64.968,64.968,64.968,
2016-06-08,65.025,65.025,65.025,65.025,
2016-06-09,64.939,64.939,64.939,64.939,
2016-06-10,64.445,64.445,64.445,64.445,
2016-06-13,64.882,64.882,64.882,64.882,
2016-06-14,64.767,64.767,64.767,64.767,
2016-06-15,64.574,64.574,64.574,64.574,
2016-06-16,65.333,65.333,65.333,65.333,
2016-06-17,64.975,64.975,64.975,64.975,
2016-06-20,65.262,65.262,65.262,65.262,
2016-06-21,65.555,65.555,65.555,65.555,
2016-06-22,65.297,65.297,65.297,65.297,
2016-06-23,65.749,65.749,65.749,65.749,
2016-06-24,64.022,64.022,64.022,64.022,
2016-06-27,63.643,63.643,63.643,63.643,
2016-06-28,65.111,65.111,65.111,65.111,
2016-06-29,66.221,66.221,66.221,66.221,
2016-06-30,67.138,67.138,67.138,67.138,
2016-07-01,67.21,67.21,67.21,67.21,
2016-07-05,66.622,66.622,66.622,66.622,
2016-07-06,67.389,67.389,67.389,67.389,
2016-07-07,66.579,66.579,66.579,66.579,
2016-07-08,66.995,66.995,66.995,66.995,
2016-07-11,67.245,67.245,67.245,67.245,
2016-07-12,68.005,68.005,68.005,68.005,
2016-07-13,67.955,67.955,67.955,67.955,
2016-07-14,68.005,68.005,68.005,68.005,
2016-07-15,68.126,68.126,68.126,68.126,
2016-07-18,67.912,67.912,67.912,67.912,
2016-07-19,67.661,67.661,67.661,67.661,
2016-07-20,67.274,67.274,67.274,67.274,
2016-07-21,67.217,67.217,67.217,67.217,
2016-07-22,67.331,67.331,67.331,67.331,
2016-07-25,66.035,66.035,66.035,66.035,
2016-07-26,65.555,65.555,65.555,65.555,
2016-07-27,65.111,65.111,65.111,65.111,
2016-07-28,64.603,64.603,64.603,64.603,
2016-07-29,63.707,63.707,63.707,63.707,
2016-08-01,61.494,61.494,61.494,61.494,
2016-08-02,62.339,62.339,62.339,62.339,
2016-08-03,62.662,62.662,62.662,62.662,
2016-08-04,62.655,62.655,62.655,62.655,
2016-08-05,62.712,62.712,62.712,62.712,
2016-08-08,63.45,63.45,63.45,63.45,
2016-08-09,63.528,63.528,63.528,63.528,
2016-08-10,62.416,62.416,62.416,62.416,
2016-08-11,62.64,62.64,62.64,62.64,
2016-08-12,63.456,63.456,63.456,63.456,
2016-08-15,63.427,63.427,63.427,63.427,
2016-08-16,63.507,63.507,63.507,63.507,
2016-08-17,63.644,63.644,63.644,63.644,
2016-08-18,64.222,64.222,64.222,64.222,
2016-08-19,63.42,63.42,63.42,63.42,
2016-08-22,63.557,63.557,63.557,63.557,
2016-08-23,63.362,63.362,63.362,63.362,
2016-08-24,63.579,63.579,63.579,63.579,
2016-08-25,63.174,63.174,63.174,63.174,
2016-08-26,63.037,63.037,63.037,63.037,
2016-08-29,63.449,63.449,63.449,63.449,
2016-08-30,63.218,63.218,63.218,63.218,
2016-08-31,62.943,62.943,62.943,62.943,
2016-09-01,62.727,62.727,62.727,62.727,
2016-09-02,63.145,63.145,63.145,63.145,
2016-09-06,63.976,63.976,63.976,63.976,
2016-09-07,63.738,63.738,63.738,63.738,
2016-09-08,64.323,64.323,64.323,64.323,
2016-09-09,62.727,62.727,62.727,62.727,
2016-09-12,63.052,63.052,63.052,63.052,
2016-09-13,61.549,61.549,61.549,61.549,
2016-09-14,61.109,61.109,61.109,61.109,
2016-09-15,61.455,61.455,61.455,61.455,
2016-09-16,60.697,60.697,60.697,60.697,
2016-09-19,60.552,60.552,60.552,60.552,
2016-09-20,59.621,59.621,59.621,59.621,
2016-09-21,60.17,60.17,60.17,60.17,
2016-09-22,60.343,60.343,60.343,60.343,
2016-09-23,60.278,60.278,60.278,60.278,
2016-09-26,59.996,59.996,59.996,59.996,
2016-09-27,60.126,60.126,60.126,60.126,
2016-09-28,62.77,62.77,62.77,62.77,
2016-09-29,62.452,62.452,62.452,62.452,
2016-09-30,63.044,63.044,63.044,63.044,
2016-10-03,62.878,62.878,62.878,62.878,
2016-10-04,62.3,62.3,62.3,62.3,
2016-10-05,62.842,62.842,62.842,62.842,
2016-10-06,62.871,62.871,62.871,62.871,
2016-10-07,62.654,62.654,62.654,62.654,
2016-10-10,63.882,63.882,63.882,63.882,
2016-10-11,63.377,63.377,63.377,63.377,
2016-10-12,62.936,62.936,62.936,62.936,
2016-10-13,62.524,62.524,62.524,62.524,
2016-10-14,62.51,62.51,62.51,62.51,
2016-10-17,62.51,62.51,62.51,62.51,
2016-10-18,62.676,62.676,62.676,62.676,
2016-10-19,62.965,62.965,62.965,62.965,
2016-10-20,62.994,62.994,62.994,62.994,
2016-10-21,62.568,62.568,62.568,62.568,
2016-10-24,62.777,62.777,62.777,62.777,
2016-10-25,62.64,62.64,62.64,62.64,
2016-10-26,62.907,62.907,62.907,62.907,
2016-10-27,62.784,62.784,62.784,62.784,
2016-10-28,61.239,61.239,61.239,61.239,
2016-10-31,60.184,60.184,60.184,60.184,
2016-11-01,60.422,60.422,60.422,60.422,
2016-11-02,60.278,60.278,60.278,60.278,
2016-11-03,60.43,60.43,60.43,60.43,
2016-11-04,60.365,60.365,60.365,60.365,
2016-11-07,61.723,61.723,61.723,61.723,
2016-11-08,62.167,62.167,62.167,62.167,
2016-11-09,62.852,62.852,62.852,62.852,
2016-11-10,63.435,63.435,63.435,63.435,
2016-11-11,62.429,62.429,62.429,62.429,
2016-11-14,62.145,62.145,62.145,62.145,
2016-11-15,63.267,63.267,63.267,63.267,
2016-11-16,62.488,62.488,62.488,62.488,
2016-11-17,62.109,62.109,62.109,62.109,
2016-11-18,62.145,62.145,62.145,62.145,
2016-11-21,63.027,63.027,63.027,63.027,
2016-11-22,63.165,63.165,63.165,63.165,
2016-11-23,63.34,63.34,63.34,63.34,
2016-11-25,63.486,63.486,63.486,63.486,
2016-11-28,63.012,63.012,63.012,63.012,
2016-11-29,62.597,62.597,62.597,62.597,
2016-11-30,63.617,63.617,63.617,63.617,
2016-12-01,63.573,63.573,63.573,63.573,
2016-12-02,63.428,63.428,63.428,63.428,
2016-12-05,63.748,63.748,63.748,63.748,
2016-12-06,63.807,63.807,63.807,63.807,
2016-12-07,64.178,64.178,64.178,64.178,
2016-12-08,64.36,64.36,64.36,64.36,
2016-12-09,64.856,64.856,64.856,64.856,
2016-12-12,66.299,66.299,66.299,66.299,
2016-12-13,67.465,67.465,67.465,67.465,
2016-12-14,66.007,66.007,66.007,66.007,
2016-12-15,66.233,66.233,66.233,66.233,
2016-12-16,66.445,66.445,66.445,66.445,
2016-12-19,65.891,65.891,65.891,65.891,
2016-12-20,65.898,65.898,65.898,65.898,
2016-12-21,65.789,65.789,65.789,65.789,
2016-12-22,66.219,66.219,66.219,66.219,
2016-12-23,66.102,66.102,66.102,66.102,
2016-12-27,66.131,66.131,66.131,66.131,
2016-12-28,65.803,65.803,65.803,65.803,
2016-12-29,65.84,65.84,65.84,65.84,
2016-12-30,65.774,65.774,65.774,65.774,
2017-01-03,66.233,66.233,66.233,66.233,
2017-01-04,65.505,65.505,65.505,65.505,
2017-01-05,64.528,64.528,64.528,64.528,
2017-01-06,64.492,64.492,64.492,64.492,
2017-01-09,63.428,63.428,63.428,63.428,
2017-01-10,62.619,62.619,62.619,62.619,
2017-01-11,63.26,63.26,63.26,63.26,
2017-01-12,62.918,62.918,62.918,62.918,
2017-01-13,62.925,62.925,62.925,62.925,
2017-01-17,63.661,63.661,63.661,63.661,
2017-01-18,62.874,62.874,62.874,62.874,
2017-01-19,61.744,61.744,61.744,61.744,
2017-01-20,62.59,62.59,62.59,62.59,
2017-01-23,61.919,61.919,61.919,61.919,
2017-01-24,62.007,62.007,62.007,62.007,
2017-01-25,62.189,62.189,62.189,62.189,
2017-01-26,62.378,62.378,62.378,62.378,
2017-01-27,62.313,62.313,62.313,62.313,
2017-01-30,61.839,61.839,61.839,61.839,
2017-01-31,61.132,61.132,61.132,61.132,
2017-02-01,60.44,60.44,60.44,60.44,
2017-02-02,60.812,60.812,60.812,60.812,
2017-02-03,60.877,60.877,60.877,60.877,
2017-02-06,60.71,60.71,60.71,60.71,
2017-02-07,60.316,60.316,60.316,60.316,
2017-02-08,59.919,59.919,59.919,59.919,
2017-02-09,60.184,60.184,60.184,60.184,
2017-02-10,60.684,60.684,60.684,60.684,
2017-02-13,61.037,61.037,61.037,61.037,
2017-02-14,60.904,60.904,60.904,60.904,
2017-02-15,61.154,61.154,61.154,61.154,
2017-02-16,60.522,60.522,60.522,60.522,
2017-02-17,60.125,60.125,60.125,60.125,
2017-02-21,60.22,60.22,60.22,60.22,
2017-02-22,59.514,59.514,59.514,59.514,
2017-02-23,60.14,60.14,60.14,60.14,
2017-02-24,59.625,59.625,59.625,59.625,
2017-02-27,59.963,59.963,59.963,59.963,
2017-02-28,59.801,59.801,59.801,59.801,
2017-03-01,61.051,61.051,61.051,61.051,
2017-03-02,61.257,61.257,61.257,61.257,
2017-03-03,60.64,60.64,60.64,60.64,
2017-03-06,60.912,60.912,60.912,60.912,
2017-03-07,60.684,60.684,60.684,60.684,
2017-03-08,59.588,59.588,59.588,59.588,
2017-03-09,60.059,60.059,60.059,60.059,
2017-03-10,60.015,60.015,60.015,60.015,
2017-03-13,59.875,59.875,59.875,59.875,
2017-03-14,59.559,59.559,59.559,59.559,
2017-03-15,60.301,60.301,60.301,60.301,
2017-03-16,60.353,60.353,60.353,60.353,
2017-03-17,60.301,60.301,60.301,60.301,
2017-03-20,60.301,60.301,60.301,60.301,
2017-03-21,60.176,60.176,60.176,60.176,
2017-03-22,60.125,60.125,60.125,60.125,
2017-03-23,60.198,60.198,60.198,60.198,
2017-03-24,59.735,59.735,59.735,59.735,
2017-03-27,59.75,59.75,59.75,59.75,
2017-03-28,60.184,60.184,60.184,60.184,
2017-03-29,60.316,60.316,60.316,60.316,
2017-03-30,61.552,61.552,61.552,61.552,
2017-03-31,60.309,60.309,60.309,60.309,
2017-04-03,60.353,60.353,60.353,60.353,
2017-04-04,60.573,60.573,60.573,60.573,
2017-04-05,60.691,60.691,60.691,60.691,
2017-04-06,61.044,61.044,61.044,61.044,
2017-04-07,60.86,60.86,60.86,60.86,
2017-04-10,61.132,61.132,61.132,61.132,
2017-04-11,60.919,60.919,60.919,60.919,
2017-04-12,61.015,61.015,61.015,61.015,
2017-04-13,60.073,60.073,60.073,60.073,
2017-04-17,59.993,59.993,59.993,59.993,
2017-04-18,59.603,59.603,59.603,59.603,
2017-04-19,59.191,59.191,59.191,59.191,
2017-04-20,59.573,59.573,59.573,59.573,
2017-04-21,59.338,59.338,59.338,59.338,
2017-04-24,59.647,59.647,59.647,59.647,
2017-04-25,60.103,60.103,60.103,60.103,
2017-04-26,59.86,59.86,59.86,59.86,
2017-04-27,59.757,59.757,59.757,59.757,
2017-04-28,60.044,60.044,60.044,60.044,
2017-05-01,60.345,60.345,60.345,60.345,
2017-05-02,60.338,60.338,60.338,60.338,
2017-05-03,60.816,60.816,60.816,60.816,
2017-05-04,60.037,60.037,60.037,60.037,
2017-05-05,60.316,60.316,60.316,60.316,
2017-05-08,60.956,60.956,60.956,60.956,
2017-05-09,60.529,60.529,60.529,60.529,
2017-05-10,60.804,60.804,60.804,60.804,
2017-05-11,61.324,61.324,61.324,61.324,
2017-05-12,61.279,61.279,61.279,61.279,
2017-05-15,61.465,61.465,61.465,61.465,
2017-05-16,61.279,61.279,61.279,61.279,
2017-05-17,60.863,60.863,60.863,60.863,
2017-05-18,60.685,60.685,60.685,60.685,
2017-05-19,60.819,60.819,60.819,60.819,
2017-05-22,61.086,61.086,61.086,61.086,
2017-05-23,61.301,61.301,61.301,61.301,
2017-05-24,61.086,61.086,61.086,61.086,
2017-05-25,60.685,60.685,60.685,60.685,
2017-05-26,60.537,60.537,60.537,60.537,
2017-05-30,60.203,60.203,60.203,60.203,
2017-05-31,59.757,59.757,59.757,59.757,
2017-06-01,59.906,59.906,59.906,59.906,
2017-06-02,59.015,59.015,59.015,59.015,
2017-06-05,59.475,59.475,59.475,59.475,
2017-06-06,60.284,60.284,60.284,60.284,
2017-06-07,60.062,60.062,60.062,60.062,
2017-06-08,59.846,59.846,59.846,59.846,
2017-06-09,60.967,60.967,60.967,60.967,
2017-06-12,61.561,61.561,61.561,61.561,
2017-06-13,61.583,61.583,61.583,61.583,
2017-06-14,60.923,60.923,60.923,60.923,
2017-06-15,61.064,61.064,61.064,61.064,
2017-06-16,61.977,61.977,61.977,61.977,
2017-06-19,61.435,61.435,61.435,61.435,
2017-06-20,61.101,61.101,61.101,61.101,
2017-06-21,60.455,60.455,60.455,60.455,
2017-06-22,60.188,60.188,60.188,60.188,
2017-06-23,60.581,60.581,60.581,60.581,
2017-06-26,60.307,60.307,60.307,60.307,
2017-06-27,60.21,60.21,60.21,60.21,
2017-06-28,60.522,60.522,60.522,60.522,
2017-06-29,59.906,59.906,59.906,59.906,
2017-06-30,59.928,59.928,59.928,59.928,
2017-07-03,60.945,60.945,60.945,60.945,
2017-07-05,60.017,60.017,60.017,60.017,
2017-07-06,59.475,59.475,59.475,59.475,
2017-07-07,59.549,59.549,59.549,59.549,
2017-07-10,59.505,59.505,59.505,59.505,
2017-07-11,59.832,59.832,59.832,59.832,
2017-07-12,60.099,60.099,60.099,60.099,
2017-07-13,60.106,60.106,60.106,60.106,
2017-07-14,60.336,60.336,60.336,60.336,
2017-07-17,60.025,60.025,60.025,60.025,
2017-07-18,59.832,59.832,59.832,59.832,
2017-07-19,60.017,60.017,60.017,60.017,
2017-07-20,60.025,60.025,60.025,60.025,
2017-07-21,59.475,59.475,59.475,59.475,
2017-07-24,59.29,59.29,59.29,59.29,
2017-07-25,59.587,59.587,59.587,59.587,
2017-07-26,59.661,59.661,59.661,59.661,
2017-07-27,60.002,60.002,60.002,60.002,
2017-07-28,59.089,59.089,59.089,59.089,
2017-07-31,59.416,59.416,59.416,59.416,
2017-08-01,59.512,59.512,59.512,59.512,
2017-08-02,59.832,59.832,59.832,59.832,
2017-08-03,59.75,59.75,59.75,59.75,
2017-08-04,59.542,59.542,59.542,59.542,
2017-08-07,59.505,59.505,59.505,59.505,
2017-08-08,59.356,59.356,59.356,59.356,
2017-08-09,59.542,59.542,59.542,59.542,
2017-08-10,59.19,59.19,59.19,59.19,
2017-08-11,58.62,58.62,58.62,58.62,
2017-08-14,58.635,58.635,58.635,58.635,
2017-08-15,58.493,58.493,58.493,58.493,
2017-08-16,58.065,58.065,58.065,58.065,
2017-08-17,57.159,57.159,57.159,57.159,
2017-08-18,57.443,57.443,57.443,57.443,
2017-08-21,57.248,57.248,57.248,57.248,
2017-08-22,57.518,57.518,57.518,57.518,
2017-08-23,57.421,57.421,57.421,57.421,
2017-08-24,57.211,57.211,57.211,57.211,
2017-08-25,57.503,57.503,57.503,57.503,
2017-08-28,57.316,57.316,57.316,57.316,
2017-08-29,57.301,57.301,57.301,57.301,
2017-08-30,57.039,57.039,57.039,57.039,
2017-08-31,57.211,57.211,57.211,57.211,
2017-09-01,57.391,57.391,57.391,57.391,
2017-09-05,57.848,57.848,57.848,57.848,
2017-09-06,59.047,59.047,59.047,59.047,
2017-09-07,59.235,59.235,59.235,59.235,
2017-09-08,59.077,59.077,59.077,59.077,
2017-09-11,59.4,59.4,59.4,59.4,
2017-09-12,59.587,59.587,59.587,59.587,
2017-09-13,59.789,59.789,59.789,59.789,
2017-09-14,60.029,60.029,60.029,60.029,
2017-09-15,60.014,60.014,60.014,60.014,
2017-09-18,60.029,60.029,60.029,60.029,
2017-09-19,60.127,60.127,60.127,60.127,
2017-09-20,60.374,60.374,60.374,60.374,
2017-09-21,59.879,59.879,59.879,59.879,
2017-09-22,59.902,59.902,59.902,59.902,
2017-09-25,60.696,60.696,60.696,60.696,
2017-09-26,60.629,60.629,60.629,60.629,
2017-09-27,61.034,61.034,61.034,61.034,
2017-09-28,61.603,61.603,61.603,61.603,
2017-09-29,61.446,61.446,61.446,61.446,
2017-10-02,61.183,61.183,61.183,61.183,
2017-10-03,61.281,61.281,61.281,61.281,
2017-10-04,61.303,61.303,61.303,61.303,
2017-10-05,61.476,61.476,61.476,61.476,
2017-10-06,61.243,61.243,61.243,61.243,
2017-10-09,61.483,61.483,61.483,61.483,
2017-10-10,61.656,61.656,61.656,61.656,
2017-10-11,61.911,61.911,61.911,61.911,
2017-10-12,61.783,61.783,61.783,61.783,
2017-10-13,61.768,61.768,61.768,61.768,
2017-10-16,62.068,62.068,62.068,62.068,
2017-10-17,62.18,62.18,62.18,62.18,
2017-10-18,62.03,62.03,62.03,62.03,
2017-10-19,62.015,62.015,62.015,62.015,
2017-10-20,62.293,62.293,62.293,62.293,
2017-10-23,62.39,62.39,62.39,62.39,
2017-10-24,62.563,62.563,62.563,62.563,
2017-10-25,62.338,62.338,62.338,62.338,
2017-10-26,62.563,62.563,62.563,62.563,
2017-10-27,62.742,62.742,62.742,62.742,
2017-10-30,62.615,62.615,62.615,62.615,
2017-10-31,62.473,62.473,62.473,62.473,
2017-11-01,62.862,62.862,62.862,62.862,
2017-11-02,62.608,62.608,62.608,62.608,
2017-11-03,62.345,62.345,62.345,62.345,
2017-11-06,62.772,62.772,62.772,62.772,
2017-11-07,62.645,62.645,62.645,62.645,
2017-11-08,62.563,62.563,62.563,62.563,
2017-11-09,62.937,62.937,62.937,62.937,
2017-11-10,62.741,62.741,62.741,62.741,
2017-11-13,62.703,62.703,62.703,62.703,
2017-11-14,62.211,62.211,62.211,62.211,
2017-11-15,61.432,61.432,61.432,61.432,
2017-11-16,60.94,60.94,60.94,60.94,
2017-11-17,60.698,60.698,60.698,60.698,
2017-11-20,60.933,60.933,60.933,60.933,
2017-11-21,61.175,61.175,61.175,61.175,
2017-11-22,61.349,61.349,61.349,61.349,
2017-11-24,61.591,61.591,61.591,61.591,
2017-11-27,61.356,61.356,61.356,61.356,
2017-11-28,61.78,61.78,61.78,61.78,
2017-11-29,62.234,62.234,62.234,62.234,
2017-11-30,63.005,63.005,63.005,63.005,
2017-12-01,63.134,63.134,63.134,63.134,
2017-12-04,63.217,63.217,63.217,63.217,
2017-12-05,62.703,62.703,62.703,62.703,
2017-12-06,62.241,62.241,62.241,62.241,
2017-12-07,62.446,62.446,62.446,62.446,
2017-12-08,62.529,62.529,62.529,62.529,
2017-12-11,62.809,62.809,62.809,62.809,
2017-12-12,62.605,62.605,62.605,62.605,
2017-12-13,62.877,62.877,62.877,62.877,
2017-12-14,62.71,62.71,62.71,62.71,
2017-12-15,62.809,62.809,62.809,62.809,
2017-12-18,62.741,62.741,62.741,62.741,
2017-12-19,62.362,62.362,62.362,62.362,
2017-12-20,62.688,62.688,62.688,62.688,
2017-12-21,63.429,63.429,63.429,63.429,
2017-12-22,63.52,63.52,63.52,63.52,
2017-12-26,63.527,63.527,63.527,63.527,
2017-12-27,63.467,63.467,63.467,63.467,
2017-12-28,63.558,63.558,63.558,63.558,
2017-12-29,63.27,63.27,63.27,63.27,
2018-01-02,64.322,64.322,64.322,64.322,
2018-01-03,65.585,65.585,65.585,65.585,
2018-01-04,65.676,65.676,65.676,65.676,
2018-01-05,65.623,65.623,65.623,65.623,
2018-01-08,65.918,65.918,65.918,65.918,
2018-01-09,65.638,65.638,65.638,65.638,
2018-01-10,65.116,65.116,65.116,65.116,
2018-01-11,65.759,65.759,65.759,65.759,
2018-01-12,66.205,66.205,66.205,66.205,
2018-01-16,65.789,65.789,65.789,65.789,
2018-01-17,66.568,66.568,66.568,66.568,
2018-01-18,66.137,66.137,66.137,66.137,
2018-01-19,65.925,65.925,65.925,65.925,
2018-01-22,66.757,66.757,66.757,66.757,
2018-01-23,66.795,66.795,66.795,66.795,
2018-01-24,66.969,66.969,66.969,66.969,
2018-01-25,66.848,66.848,66.848,66.848,
2018-01-26,67.325,67.325,67.325,67.325,
2018-01-29,66.576,66.576,66.576,66.576,
2018-01-30,65.645,65.645,65.645,65.645,
2018-01-31,66.039,66.039,66.039,66.039,
2018-02-01,67.378,67.378,67.378,67.378,
2018-02-02,63.943,63.943,63.943,63.943,
2018-02-05,60.305,60.305,60.305,60.305,
2018-02-06,59.269,59.269,59.269,59.269,
2018-02-07,58.202,58.202,58.202,58.202,
2018-02-08,57.544,57.544,57.544,57.544,
2018-02-09,57.911,57.911,57.911,57.911,
2018-02-12,58.4,58.4,58.4,58.4,
2018-02-13,58.308,58.308,58.308,58.308,
2018-02-14,58.43,58.43,58.43,58.43,
2018-02-15,58.239,58.239,58.239,58.239,
2018-02-16,58.491,58.491,58.491,58.491,
2018-02-20,57.888,57.888,57.888,57.888,
2018-02-21,57.231,57.231,57.231,57.231,
2018-02-22,57.972,57.972,57.972,57.972,
2018-02-23,59.248,59.248,59.248,59.248,
2018-02-26,60.249,60.249,60.249,60.249,
2018-02-27,59.225,59.225,59.225,59.225,
2018-02-28,57.88,57.88,57.88,57.88,
2018-03-01,57.467,57.467,57.467,57.467,
2018-03-02,57.735,57.735,57.735,57.735,
2018-03-05,58.285,58.285,58.285,58.285,
2018-03-06,58.216,58.216,58.216,58.216,
2018-03-07,56.749,56.749,56.749,56.749,
2018-03-08,56.642,56.642,56.642,56.642,
2018-03-09,56.978,56.978,56.978,56.978,
2018-03-12,57.498,57.498,57.498,57.498,
2018-03-13,56.955,56.955,56.955,56.955,
2018-03-14,56.245,56.245,56.245,56.245,
2018-03-15,56.871,56.871,56.871,56.871,
2018-03-16,57.406,57.406,57.406,57.406,
2018-03-19,56.665,56.665,56.665,56.665,
2018-03-20,56.543,56.543,56.543,56.543,
2018-03-21,57.345,57.345,57.345,57.345,
2018-03-22,56.168,56.168,56.168,56.168,
2018-03-23,55.702,55.702,55.702,55.702,
2018-03-26,56.55,56.55,56.55,56.55,
2018-03-27,56.321,56.321,56.321,56.321,
2018-03-28,55.641,55.641,55.641,55.641,
2018-03-29,57.017,57.017,57.017,57.017,
2018-04-02,55.954,55.954,55.954,55.954,
2018-04-03,57.33,57.33,57.33,57.33,
2018-04-04,57.215,57.215,57.215,57.215,
2018-04-05,58.094,58.094,58.094,58.094,
2018-04-06,57.215,57.215,57.215,57.215,
2018-04-09,57.215,57.215,57.215,57.215,
2018-04-10,58.896,58.896,58.896,58.896,
2018-04-11,59.172,59.172,59.172,59.172,
2018-04-12,59.011,59.011,59.011,59.011,
2018-04-13,59.485,59.485,59.485,59.485,
2018-04-16,60.02,60.02,60.02,60.02,
2018-04-17,59.859,59.859,59.859,59.859,
2018-04-18,60.539,60.539,60.539,60.539,
2018-04-19,60.692,60.692,60.692,60.692,
2018-04-20,60.371,60.371,60.371,60.371,
2018-04-23,60.807,60.807,60.807,60.807,
2018-04-24,59.875,59.875,59.875,59.875,
2018-04-25,60.753,60.753,60.753,60.753,
2018-04-26,61.793,61.793,61.793,61.793,
2018-04-27,59.447,59.447,59.447,59.447,
2018-04-30,59.416,59.416,59.416,59.416,
2018-05-01,58.805,58.805,58.805,58.805,
2018-05-02,58.69,58.69,58.69,58.69,
2018-05-03,58.491,58.491,58.491,58.491,
2018-05-04,58.767,58.767,58.767,58.767,
2018-05-07,59.408,59.408,59.408,59.408,
2018-05-08,59.676,59.676,59.676,59.676,
2018-05-09,61.082,61.082,61.082,61.082,
2018-05-10,62.45,62.45,62.45,62.45,
2018-05-11,62.743,62.743,62.743,62.743,
2018-05-14,63.168,63.168,63.168,63.168,
2018-05-15,63.137,63.137,63.137,63.137,
2018-05-16,63.315,63.315,63.315,63.315,
2018-05-17,63.206,63.206,63.206,63.206,
2018-05-18,62.759,62.759,62.759,62.759,
2018-05-21,63.515,63.515,63.515,63.515,
2018-05-22,63.021,63.021,63.021,63.021,
2018-05-23,63.415,63.415,63.415,63.415,
2018-05-24,61.964,61.964,61.964,61.964,
2018-05-25,60.759,60.759,60.759,60.759,
2018-05-29,60.536,60.536,60.536,60.536,
2018-05-30,62.913,62.913,62.913,62.913,
2018-05-31,62.712,62.712,62.712,62.712,
2018-06-01,63.168,63.168,63.168,63.168,
2018-06-04,62.504,62.504,62.504,62.504,
2018-06-05,62.28,62.28,62.28,62.28,
2018-06-06,63.345,63.345,63.345,63.345,
2018-06-07,63.978,63.978,63.978,63.978,
2018-06-08,64.534,64.534,64.534,64.534,
2018-06-11,64.148,64.148,64.148,64.148,
2018-06-12,63.623,63.623,63.623,63.623,
2018-06-13,62.921,62.921,62.921,62.921,
2018-06-14,63.214,63.214,63.214,63.214,
2018-06-15,62.265,62.265,62.265,62.265,
2018-06-18,62.388,62.388,62.388,62.388,
2018-06-19,62.296,62.296,62.296,62.296,
2018-06-20,62.103,62.103,62.103,62.103,
2018-06-21,61.516,61.516,61.516,61.516,
2018-06-22,62.82,62.82,62.82,62.82,
2018-06-25,61.554,61.554,61.554,61.554,
2018-06-26,62.249,62.249,62.249,62.249,
2018-06-27,63.075,63.075,63.075,63.075,
2018-06-28,63.276,63.276,63.276,63.276,
2018-06-29,63.863,63.863,63.863,63.863,
2018-07-02,63.114,63.114,63.114,63.114,
2018-07-03,63.484,63.484,63.484,63.484,
2018-07-05,63.538,63.538,63.538,63.538,
2018-07-06,63.554,63.554,63.554,63.554,
2018-07-09,63.994,63.994,63.994,63.994,
2018-07-10,64.581,64.581,64.581,64.581,
2018-07-11,63.755,63.755,63.755,63.755,
2018-07-12,63.832,63.832,63.832,63.832,
2018-07-13,64.31,64.31,64.31,64.31,
2018-07-16,63.677,63.677,63.677,63.677,
2018-07-17,63.538,63.538,63.538,63.538,
2018-07-18,63.469,63.469,63.469,63.469,
2018-07-19,63.307,63.307,63.307,63.307,
2018-07-20,62.836,62.836,62.836,62.836,
2018-07-23,62.836,62.836,62.836,62.836,
2018-07-24,64.079,64.079,64.079,64.079,
2018-07-25,64.526,64.526,64.526,64.526,
2018-07-26,65.028,65.028,65.028,65.028,
2018-07-27,63.237,63.237,63.237,63.237,
2018-07-30,63.098,63.098,63.098,63.098,
2018-07-31,62.921,62.921,62.921,62.921,
2018-08-01,62.056,62.056,62.056,62.056,
2018-08-02,61.686,61.686,61.686,61.686,
2018-08-03,61.91,61.91,61.91,61.91,
2018-08-06,61.894,61.894,61.894,61.894,
2018-08-07,62.736,62.736,62.736,62.736,
2018-08-08,62.319,62.319,62.319,62.319,
2018-08-09,62.002,62.002,62.002,62.002,
2018-08-10,61.94,61.94,61.94,61.94,
2018-08-13,61.269,61.269,61.269,61.269,
2018-08-14,61.074,61.074,61.074,61.074,
2018-08-15,60.006,60.006,60.006,60.006,
2018-08-16,60.832,60.832,60.832,60.832,
2018-08-17,61.035,61.035,61.035,61.035,
2018-08-20,61.464,61.464,61.464,61.464,
2018-08-21,61.48,61.48,61.48,61.48,
2018-08-22,62.361,62.361,62.361,62.361,
2018-08-23,61.675,61.675,61.675,61.675,
2018-08-24,62.096,62.096,62.096,62.096,
2018-08-27,62.704,62.704,62.704,62.704,
2018-08-28,62.611,62.611,62.611,62.611,
2018-08-29,63.063,63.063,63.063,63.063,
2018-08-30,62.79,62.79,62.79,62.79,
2018-08-31,62.525,62.525,62.525,62.525,
2018-09-04,62.618,62.618,62.618,62.618,
2018-09-05,63.453,63.453,63.453,63.453,
2018-09-06,62.751,62.751,62.751,62.751,
2018-09-07,63.819,63.819,63.819,63.819,
2018-09-10,63.726,63.726,63.726,63.726,
2018-09-11,64.623,64.623,64.623,64.623,
2018-09-12,64.833,64.833,64.833,64.833,
2018-09-13,64.202,64.202,64.202,64.202,
2018-09-14,64.669,64.669,64.669,64.669,
2018-09-17,65.052,65.052,65.052,65.052,
2018-09-18,65.223,65.223,65.223,65.223,
2018-09-19,66.003,66.003,66.003,66.003,
2018-09-20,66.151,66.151,66.151,66.151,
2018-09-21,66.424,66.424,66.424,66.424,
2018-09-24,67.54,67.54,67.54,67.54,
2018-09-25,67.462,67.462,67.462,67.462,
2018-09-26,66.9,66.9,66.9,66.9,
2018-09-27,66.892,66.892,66.892,66.892,
2018-09-28,66.307,66.307,66.307,66.307,
2018-10-01,66.923,66.923,66.923,66.923,
2018-10-02,67.43,67.43,67.43,67.43,
2018-10-03,67.189,67.189,67.189,67.189,
2018-10-04,66.744,66.744,66.744,66.744,
2018-10-05,66.557,66.557,66.557,66.557,
2018-10-08,67.173,67.173,67.173,67.173,
2018-10-09,67.469,67.469,67.469,67.469,
2018-10-10,65.917,65.917,65.917,65.917,
2018-10-11,63.64,63.64,63.64,63.64,
2018-10-12,63.468,63.468,63.468,63.468,
2018-10-15,63.032,63.032,63.032,63.032,
2018-10-16,63.328,63.328,63.328,63.328,
2018-10-17,63.562,63.562,63.562,63.562,
2018-10-18,63.835,63.835,63.835,63.835,
2018-10-19,63.929,63.929,63.929,63.929,
2018-10-22,63.289,63.289,63.289,63.289,
2018-10-23,62.267,62.267,62.267,62.267,
2018-10-24,60.536,60.536,60.536,60.536,
2018-10-25,61.074,61.074,61.074,61.074,
2018-10-26,60.466,60.466,60.466,60.466,
2018-10-29,60.091,60.091,60.091,60.091,
2018-10-30,61.441,61.441,61.441,61.441,
2018-10-31,62.143,62.143,62.143,62.143,
2018-11-01,62.915,62.915,62.915,62.915,
2018-11-02,63.913,63.913,63.913,63.913,
2018-11-05,63.671,63.671,63.671,63.671,
2018-11-06,63.944,63.944,63.944,63.944,
2018-11-07,64.755,64.755,64.755,64.755,
2018-11-08,63.726,63.726,63.726,63.726,
2018-11-09,63.71,63.71,63.71,63.71,
2018-11-12,62.891,62.891,62.891,62.891,
2018-11-13,61.449,61.449,61.449,61.449,
2018-11-14,60.968,60.968,60.968,60.968,
2018-11-15,61.599,61.599,61.599,61.599,
2018-11-16,62.205,62.205,62.205,62.205,
2018-11-19,62.41,62.41,62.41,62.41,
2018-11-20,60.638,60.638,60.638,60.638,
2018-11-21,61.102,61.102,61.102,61.102,
2018-11-23,59.472,59.472,59.472,59.472,
2018-11-26,60.645,60.645,60.645,60.645,
2018-11-27,60.701,60.701,60.701,60.701,
2018-11-28,61.804,61.804,61.804,61.804,
2018-11-29,62.284,62.284,62.284,62.284,
2018-11-30,62.631,62.631,62.631,62.631,
2018-12-03,63.986,63.986,63.986,63.986,
2018-12-04,62.576,62.576,62.576,62.576,
2018-12-06,61.756,61.756,61.756,61.756,
2018-12-07,61.165,61.165,61.165,61.165,
2018-12-10,60.299,60.299,60.299,60.299,
2018-12-11,60.409,60.409,60.409,60.409,
2018-12-12,59.889,59.889,59.889,59.889,
2018-12-13,60.645,60.645,60.645,60.645,
2018-12-14,59.543,59.543,59.543,59.543,
2018-12-17,58.329,58.329,58.329,58.329,
2018-12-18,56.722,56.722,56.722,56.722,
2018-12-19,55.761,55.761,55.761,55.761,
2018-12-20,54.067,54.067,54.067,54.067,
2018-12-21,53.665,53.665,53.665,53.665,
2018-12-24,51.609,51.609,51.609,51.609,
2018-12-26,54.075,54.075,54.075,54.075,
2018-12-27,54.311,54.311,54.311,54.311,
2018-12-28,53.705,53.705,53.705,53.705,
2018-12-31,53.721,53.721,53.721,53.721,
2019-01-02,54.902,54.902,54.902,54.902,
2019-01-03,54.059,54.059,54.059,54.059,
2019-01-04,56.053,56.053,56.053,56.053,
2019-01-07,56.344,56.344,56.344,56.344,
2019-01-08,56.754,56.754,56.754,56.754,
2019-01-09,57.053,57.053,57.053,57.053,
2019-01-10,56.762,56.762,56.762,56.762,
2019-01-11,56.502,56.502,56.502,56.502,
2019-01-14,56.431,56.431,56.431,56.431,
2019-01-15,56.462,56.462,56.462,56.462,
2019-01-16,56.439,56.439,56.439,56.439,
2019-01-17,56.825,56.825,56.825,56.825,
2019-01-18,57.502,57.502,57.502,57.502,
2019-01-22,56.636,56.636,56.636,56.636,
2019-01-23,56.171,56.171,56.171,56.171,
2019-01-24,56.25,56.25,56.25,56.25,
2019-01-25,56.502,56.502,56.502,56.502,
2019-01-28,56.123,56.123,56.123,56.123,
2019-01-29,56.336,56.336,56.336,56.336,
2019-01-30,56.951,56.951,56.951,56.951,
2019-01-31,57.731,57.731,57.731,57.731,
2019-02-01,59.81,59.81,59.81,59.81,
2019-02-04,58.944,58.944,58.944,58.944,
2019-02-05,59.55,59.55,59.55,59.55,
2019-02-06,59.29,59.29,59.29,59.29,
2019-02-07,58.834,58.834,58.834,58.834,
2019-02-08,58.929,58.929,58.929,58.929,
2019-02-11,59.025,59.025,59.025,59.025,
2019-02-12,60.06,60.06,60.06,60.06,
2019-02-13,60.737,60.737,60.737,60.737,
2019-02-14,60.753,60.753,60.753,60.753,
2019-02-15,61.9,61.9,61.9,61.9,
2019-02-19,62.314,62.314,62.314,62.314,
2019-02-20,62.553,62.553,62.553,62.553,
2019-02-21,61.988,61.988,61.988,61.988,
2019-02-22,62.466,62.466,62.466,62.466,
2019-02-25,62.53,62.53,62.53,62.53,
2019-02-26,62.657,62.657,62.657,62.657,
2019-02-27,63.302,63.302,63.302,63.302,
2019-02-28,62.952,62.952,62.952,62.952,
2019-03-01,63.724,63.724,63.724,63.724,
2019-03-04,63.971,63.971,63.971,63.971,
2019-03-05,63.876,63.876,63.876,63.876,
2019-03-06,63.151,63.151,63.151,63.151,
2019-03-07,63.852,63.852,63.852,63.852,
2019-03-08,62.936,62.936,62.936,62.936,
2019-03-11,63.549,63.549,63.549,63.549,
2019-03-12,63.724,63.724,63.724,63.724,
2019-03-13,64.29,64.29,64.29,64.29,
2019-03-14,64.075,64.075,64.075,64.075,
2019-03-15,63.844,63.844,63.844,63.844,
2019-03-18,64.585,64.585,64.585,64.585,
2019-03-19,64.417,64.417,64.417,64.417,
2019-03-20,64.776,64.776,64.776,64.776,
2019-03-21,65.15,65.15,65.15,65.15,
2019-03-22,64.107,64.107,64.107,64.107,
2019-03-25,63.661,63.661,63.661,63.661,
2019-03-26,64.489,64.489,64.489,64.489,
2019-03-27,63.995,63.995,63.995,63.995,
2019-03-28,64.314,64.314,64.314,64.314,
2019-03-29,64.362,64.362,64.362,64.362,
2019-04-01,65.102,65.102,65.102,65.102,
2019-04-02,64.824,64.824,64.824,64.824,
2019-04-03,64.441,64.441,64.441,64.441,
2019-04-04,65.357,65.357,65.357,65.357,
2019-04-05,65.708,65.708,65.708,65.708,
2019-04-08,66.114,66.114,66.114,66.114,
2019-04-09,65.262,65.262,65.262,65.262,
2019-04-10,64.967,64.967,64.967,64.967,
2019-04-11,65.278,65.278,65.278,65.278,
2019-04-12,64.457,64.457,64.457,64.457,
2019-04-15,64.242,64.242,64.242,64.242,
2019-04-16,64.68,64.68,64.68,64.68,
2019-04-17,64.863,64.863,64.863,64.863,
2019-04-18,64.624,64.624,64.624,64.624,
2019-04-22,66.034,66.034,66.034,66.034,
2019-04-23,66.417,66.417,66.417,66.417,
2019-04-24,65.126,65.126,65.126,65.126,
2019-04-25,65.493,65.493,65.493,65.493,
2019-04-26,64.115,64.115,64.115,64.115,
2019-04-29,63.7,63.7,63.7,63.7,
2019-04-30,63.947,63.947,63.947,63.947,
2019-05-01,62.665,62.665,62.665,62.665,
2019-05-02,61.566,61.566,61.566,61.566,
2019-05-03,61.709,61.709,61.709,61.709,
2019-05-06,61.438,61.438,61.438,61.438,
2019-05-07,61.112,61.112,61.112,61.112,
2019-05-08,61.207,61.207,61.207,61.207,
2019-05-09,61.151,61.151,61.151,61.151,
2019-05-10,61.683,61.683,61.683,61.683,
2019-05-13,60.998,60.998,60.998,60.998,
2019-05-14,61.079,61.079,61.079,61.079,
2019-05-15,61.53,61.53,61.53,61.53,
2019-05-16,61.522,61.522,61.522,61.522,
2019-05-17,61.16,61.16,61.16,61.16,
2019-05-20,61.151,61.151,61.151,61.151,
2019-05-21,61.433,61.433,61.433,61.433,
2019-05-22,60.878,60.878,60.878,60.878,
2019-05-23,59.452,59.452,59.452,59.452,
2019-05-24,59.701,59.701,59.701,59.701,
2019-05-28,58.501,58.501,58.501,58.501,
2019-05-29,58.138,58.138,58.138,58.138,
2019-05-30,57.985,57.985,57.985,57.985,
2019-05-31,57.018,57.018,57.018,57.018,
2019-06-03,57.913,57.913,57.913,57.913,
2019-06-04,59.29,59.29,59.29,59.29,
2019-06-05,58.799,58.799,58.799,58.799,
2019-06-06,59.87,59.87,59.87,59.87,
2019-06-07,60.088,60.088,60.088,60.088,
2019-06-10,60.354,60.354,60.354,60.354,
2019-06-11,60.297,60.297,60.297,60.297,
2019-06-12,59.645,59.645,59.645,59.645,
2019-06-13,60.169,60.169,60.169,60.169,
2019-06-14,59.903,59.903,59.903,59.903,
2019-06-17,60.499,60.499,60.499,60.499,
2019-06-18,61.023,61.023,61.023,61.023,
2019-06-19,60.684,60.684,60.684,60.684,
2019-06-20,61.724,61.724,61.724,61.724,
2019-06-21,62.594,62.594,62.594,62.594,
2019-06-24,61.997,61.997,61.997,61.997,
2019-06-25,61.45,61.45,61.45,61.45,
2019-06-26,61.715,61.715,61.715,61.715,
2019-06-27,61.087,61.087,61.087,61.087,
2019-06-28,61.74,61.74,61.74,61.74,
2019-07-01,61.683,61.683,61.683,61.683,
2019-07-02,61.006,61.006,61.006,61.006,
2019-07-03,61.587,61.587,61.587,61.587,
2019-07-05,61.337,61.337,61.337,61.337,
2019-07-08,61.619,61.619,61.619,61.619,
2019-07-09,61.579,61.579,61.579,61.579,
2019-07-10,62.449,62.449,62.449,62.449,
2019-07-11,62.497,62.497,62.497,62.497,
2019-07-12,62.545,62.545,62.545,62.545,
2019-07-15,62.102,62.102,62.102,62.102,
2019-07-16,61.176,61.176,61.176,61.176,
2019-07-17,60.813,60.813,60.813,60.813,
2019-07-18,60.297,60.297,60.297,60.297,
2019-07-19,60.418,60.418,60.418,60.418,
2019-07-22,60.483,60.483,60.483,60.483,
2019-07-23,60.724,60.724,60.724,60.724,
2019-07-24,60.716,60.716,60.716,60.716,
2019-07-25,60.37,60.37,60.37,60.37,
2019-07-26,60.273,60.273,60.273,60.273,
2019-07-29,60.7,60.7,60.7,60.7,
2019-07-30,60.708,60.708,60.708,60.708,
2019-07-31,59.911,59.911,59.911,59.911,
2019-08-01,58.38,58.38,58.38,58.38,
2019-08-02,57.808,57.808,57.808,57.808,
2019-08-05,56.624,56.624,56.624,56.624,
2019-08-06,57.171,57.171,57.171,57.171,
2019-08-07,56.801,56.801,56.801,56.801,
2019-08-08,58.315,58.315,58.315,58.315,
2019-08-09,57.075,57.075,57.075,57.075,
2019-08-12,56.797,56.797,56.797,56.797,
2019-08-13,57.499,57.499,57.499,57.499,
2019-08-14,55.182,55.182,55.182,55.182,
2019-08-15,54.856,54.856,54.856,54.856,
2019-08-16,55.713,55.713,55.713,55.713,
2019-08-19,56.651,56.651,56.651,56.651,
2019-08-20,56.308,56.308,56.308,56.308,
2019-08-21,56.871,56.871,56.871,56.871,
2019-08-22,56.748,56.748,56.748,56.748,
2019-08-23,55.052,55.052,55.052,55.052,
2019-08-26,55.345,55.345,55.345,55.345,
2019-08-27,54.807,54.807,54.807,54.807,
2019-08-28,55.207,55.207,55.207,55.207,
2019-08-29,55.819,55.819,55.819,55.819,
2019-08-30,55.859,55.859,55.859,55.859,
2019-09-03,55.925,55.925,55.925,55.925,
2019-09-04,56.52,56.52,56.52,56.52,
2019-09-05,57.319,57.319,57.319,57.319,
2019-09-06,57.858,57.858,57.858,57.858,
2019-09-09,58.315,58.315,58.315,58.315,
2019-09-10,58.788,58.788,58.788,58.788,
2019-09-11,58.674,58.674,58.674,58.674,
2019-09-12,58.714,58.714,58.714,58.714,
2019-09-13,59.253,59.253,59.253,59.253,
2019-09-16,60.142,60.142,60.142,60.142,
2019-09-17,59.685,59.685,59.685,59.685,
2019-09-18,59.399,59.399,59.399,59.399,
2019-09-19,59.0,59.0,59.0,59.0,
2019-09-20,58.796,58.796,58.796,58.796,
2019-09-23,58.837,58.837,58.837,58.837,
2019-09-24,58.029,58.029,58.029,58.029,
2019-09-25,58.2,58.2,58.2,58.2,
2019-09-26,57.89,57.89,57.89,57.89,
2019-09-27,58.306,58.306,58.306,58.306,
2019-09-30,57.597,57.597,57.597,57.597,
2019-10-01,56.243,56.243,56.243,56.243,
2019-10-02,54.774,54.774,54.774,54.774,
2019-10-03,55.451,55.451,55.451,55.451,
2019-10-04,56.259,56.259,56.259,56.259,
2019-10-07,55.484,55.484,55.484,55.484,
2019-10-08,54.407,54.407,54.407,54.407,
2019-10-09,55.011,55.011,55.011,55.011,
2019-10-10,55.672,55.672,55.672,55.672,
2019-10-11,56.267,56.267,56.267,56.267,
2019-10-14,56.43,56.43,56.43,56.43,
2019-10-15,56.626,56.626,56.626,56.626,
2019-10-16,55.655,55.655,55.655,55.655,
2019-10-17,55.582,55.582,55.582,55.582,
2019-10-18,55.15,55.15,55.15,55.15,
2019-10-21,56.071,56.071,56.071,56.071,
2019-10-22,56.357,56.357,56.357,56.357,
2019-10-23,56.895,56.895,56.895,56.895,
2019-10-24,56.357,56.357,56.357,56.357,
2019-10-25,56.487,56.487,56.487,56.487,
2019-10-28,55.99,55.99,55.99,55.99,
2019-10-29,55.827,55.827,55.827,55.827,
2019-10-30,55.239,55.239,55.239,55.239,
2019-10-31,55.117,55.117,55.117,55.117,
2019-11-01,56.773,56.773,56.773,56.773,
2019-11-04,58.461,58.461,58.461,58.461,
2019-11-05,59.62,59.62,59.62,59.62,
2019-11-06,58.315,58.315,58.315,58.315,
2019-11-07,59.554,59.554,59.554,59.554,
2019-11-08,58.423,58.423,58.423,58.423,
2019-11-11,58.068,58.068,58.068,58.068,
2019-11-12,57.268,57.268,57.268,57.268,
2019-11-13,56.797,56.797,56.797,56.797,
2019-11-14,56.549,56.549,56.549,56.549,
2019-11-15,57.119,57.119,57.119,57.119,
2019-11-18,56.566,56.566,56.566,56.566,
2019-11-19,55.988,55.988,55.988,55.988,
2019-11-20,56.161,56.161,56.161,56.161,
2019-11-21,57.515,57.515,57.515,57.515,
2019-11-22,57.268,57.268,57.268,57.268,
2019-11-25,56.888,56.888,56.888,56.888,
2019-11-26,56.748,56.748,56.748,56.748,
2019-11-27,56.715,56.715,56.715,56.715,
2019-11-29,56.244,56.244,56.244,56.244,
2019-12-02,56.483,56.483,56.483,56.483,
2019-12-03,56.038,56.038,56.038,56.038,
2019-12-04,56.673,56.673,56.673,56.673,
2019-12-05,56.475,56.475,56.475,56.475,
2019-12-06,57.383,57.383,57.383,57.383,
2019-12-09,57.507,57.507,57.507,57.507,
2019-12-10,57.012,57.012,57.012,57.012,
2019-12-11,56.929,56.929,56.929,56.929,
2019-12-12,58.068,58.068,58.068,58.068,
2019-12-13,57.152,57.152,57.152,57.152,
2019-12-16,57.788,57.788,57.788,57.788,
2019-12-17,57.524,57.524,57.524,57.524,
2019-12-18,57.68,57.68,57.68,57.68,
2019-12-19,57.284,57.284,57.284,57.284,
2019-12-20,57.738,57.738,57.738,57.738,
2019-12-23,58.027,58.027,58.027,58.027,
2019-12-24,57.804,57.804,57.804,57.804,
2019-12-26,57.895,57.895,57.895,57.895,
2019-12-27,57.697,57.697,57.697,57.697,
2019-12-30,57.359,57.359,57.359,57.359,
2019-12-31,57.606,57.606,57.606,57.606,
2020-01-02,58.531,58.531,58.531,58.531,
2020-01-03,58.06,58.06,58.06,58.06,
2020-01-06,58.506,58.506,58.506,58.506,
2020-01-07,58.027,58.027,58.027,58.027,
2020-01-08,57.152,57.152,57.152,57.152,
2020-01-09,57.59,57.59,57.59,57.59,
2020-01-10,57.078,57.078,57.078,57.078,
2020-01-13,57.623,57.623,57.623,57.623,
2020-01-14,57.127,57.127,57.127,57.127,
2020-01-15,57.037,57.037,57.037,57.037,
2020-01-16,56.814,56.814,56.814,56.814,
2020-01-17,56.599,56.599,56.599,56.599,
2020-01-21,55.79,55.79,55.79,55.79,
2020-01-22,55.468,55.468,55.468,55.468,
2020-01-23,55.121,55.121,55.121,55.121,
2020-01-24,54.75,54.75,54.75,54.75,
2020-01-27,53.445,53.445,53.445,53.445,
2020-01-28,53.371,53.371,53.371,53.371,
2020-01-29,52.925,52.925,52.925,52.925,
2020-01-30,53.487,53.487,53.487,53.487,
2020-01-31,51.283,51.283,51.283,51.283,
2020-02-03,50.135,50.135,50.135,50.135,
2020-02-04,49.508,49.508,49.508,49.508,
2020-02-05,51.786,51.786,51.786,51.786,
2020-02-06,51.084,51.084,51.084,51.084,
2020-02-07,50.746,50.746,50.746,50.746,
2020-02-10,50.21,50.21,50.21,50.21,
2020-02-11,50.687,50.687,50.687,50.687,
2020-02-12,51.307,51.307,51.307,51.307,
2020-02-13,51.022,51.022,51.022,51.022,
2020-02-14,50.788,50.788,50.788,50.788,
2020-02-18,50.143,50.143,50.143,50.143,
2020-02-19,50.528,50.528,50.528,50.528,
2020-02-20,50.126,50.126,50.126,50.126,
2020-02-21,49.515,49.515,49.515,49.515,
2020-02-24,47.195,47.195,47.195,47.195,
2020-02-25,45.387,45.387,45.387,45.387,
2020-02-26,44.39,44.39,44.39,44.39,
2020-02-27,41.719,41.719,41.719,41.719,
2020-02-28,43.075,43.075,43.075,43.075,
2020-03-02,45.119,45.119,45.119,45.119,
2020-03-03,42.958,42.958,42.958,42.958,
2020-03-04,43.896,43.896,43.896,43.896,
2020-03-05,41.962,41.962,41.962,41.962,
2020-03-06,39.935,39.935,39.935,39.935,
2020-03-09,35.053,35.053,35.053,35.053,
2020-03-10,36.351,36.351,36.351,36.351,
2020-03-11,35.154,35.154,35.154,35.154,
2020-03-12,31.134,31.134,31.134,31.134,
2020-03-13,31.921,31.921,31.921,31.921,
2020-03-16,28.882,28.882,28.882,28.882,
2020-03-17,30.824,30.824,30.824,30.824,
2020-03-18,27.734,27.734,27.734,27.734,
2020-03-19,28.831,28.831,28.831,28.831,
2020-03-20,27.416,27.416,27.416,27.416,
2020-03-23,26.336,26.336,26.336,26.336,
2020-03-24,29.677,29.677,29.677,29.677,
2020-03-25,31.226,31.226,31.226,31.226,
2020-03-26,32.508,32.508,32.508,32.508,
2020-03-27,30.942,30.942,30.942,30.942,
2020-03-30,31.402,31.402,31.402,31.402,
2020-03-31,31.796,31.796,31.796,31.796,
2020-04-01,31.427,31.427,31.427,31.427,
2020-04-02,33.831,33.831,33.831,33.831,
2020-04-03,32.834,32.834,32.834,32.834,
2020-04-06,33.889,33.889,33.889,33.889,
2020-04-07,34.534,34.534,34.534,34.534,
2020-04-08,36.72,36.72,36.72,36.72,
2020-04-09,36.117,36.117,36.117,36.117,
2020-04-13,35.807,35.807,35.807,35.807,
2020-04-14,35.531,35.531,35.531,35.531,
2020-04-15,33.898,33.898,33.898,33.898,
2020-04-16,32.784,32.784,32.784,32.784,
2020-04-17,36.192,36.192,36.192,36.192,
2020-04-20,34.484,34.484,34.484,34.484,
2020-04-21,34.3,34.3,34.3,34.3,
2020-04-22,35.279,35.279,35.279,35.279,
2020-04-23,36.385,36.385,36.385,36.385,
2020-04-24,36.619,36.619,36.619,36.619,
2020-04-27,36.795,36.795,36.795,36.795,
2020-04-28,37.658,37.658,37.658,37.658,
2020-04-29,39.743,39.743,39.743,39.743,
2020-04-30,38.914,38.914,38.914,38.914,
2020-05-01,36.125,36.125,36.125,36.125,
2020-05-04,37.582,37.582,37.582,37.582,
2020-05-05,37.54,37.54,37.54,37.54,
2020-05-06,36.837,36.837,36.837,36.837,
2020-05-07,37.046,37.046,37.046,37.046,
2020-05-08,38.671,38.671,38.671,38.671,
2020-05-11,38.302,38.302,38.302,38.302,
2020-05-12,37.662,37.662,37.662,37.662,
2020-05-13,35.793,35.793,35.793,35.793,
2020-05-14,36.108,36.108,36.108,36.108,
2020-05-15,35.852,35.852,35.852,35.852,
2020-05-18,38.704,38.704,38.704,38.704,
2020-05-19,37.508,37.508,37.508,37.508,
2020-05-20,38.729,38.729,38.729,38.729,
2020-05-21,38.038,38.038,38.038,38.038,
2020-05-22,38.072,38.072,38.072,38.072,
2020-05-26,39.19,39.19,39.19,39.19,
2020-05-27,39.472,39.472,39.472,39.472,
2020-05-28,38.447,38.447,38.447,38.447,
2020-05-29,38.814,38.814,38.814,38.814,
2020-06-01,39.506,39.506,39.506,39.506,
2020-06-02,40.385,40.385,40.385,40.385,
2020-06-03,42.033,42.033,42.033,42.033,
2020-06-04,41.913,41.913,41.913,41.913,
2020-06-05,45.311,45.311,45.311,45.311,
2020-06-08,46.728,46.728,46.728,46.728,
2020-06-09,45.686,45.686,45.686,45.686,
2020-06-10,43.236,43.236,43.236,43.236,
2020-06-11,39.421,39.421,39.421,39.421,
2020-06-12,40.266,40.266,40.266,40.266,
2020-06-15,40.24,40.24,40.24,40.24,
2020-06-16,41.145,41.145,41.145,41.145,
2020-06-17,39.805,39.805,39.805,39.805,
2020-06-18,40.052,40.052,40.052,40.052,
2020-06-19,39.25,39.25,39.25,39.25,
2020-06-22,39.625,39.625,39.625,39.625,
2020-06-23,39.864,39.864,39.864,39.864,
2020-06-24,37.986,37.986,37.986,37.986,
2020-06-25,38.558,38.558,38.558,38.558,
2020-06-26,37.235,37.235,37.235,37.235,
2020-06-29,37.833,37.833,37.833,37.833,
2020-06-30,38.174,38.174,38.174,38.174,
2020-07-01,37.312,37.312,37.312,37.312,
2020-07-02,37.628,37.628,37.628,37.628,
2020-07-06,37.893,37.893,37.893,37.893,
2020-07-07,36.911,36.911,36.911,36.911,
2020-07-08,36.826,36.826,36.826,36.826,
2020-07-09,35.306,35.306,35.306,35.306,
2020-07-10,36.407,36.407,36.407,36.407,
2020-07-13,36.416,36.416,36.416,36.416,
2020-07-14,37.619,37.619,37.619,37.619,
2020-07-15,38.097,38.097,38.097,38.097,
2020-07-16,37.799,37.799,37.799,37.799,
2020-07-17,37.15,37.15,37.15,37.15,
2020-07-20,36.279,36.279,36.279,36.279,
2020-07-21,38.115,38.115,38.115,38.115,
2020-07-22,37.227,37.227,37.227,37.227,
2020-07-23,37.304,37.304,37.304,37.304,
2020-07-24,37.073,37.073,37.073,37.073,
2020-07-27,37.619,37.619,37.619,37.619,
2020-07-28,37.176,37.176,37.176,37.176,
2020-07-29,37.585,37.585,37.585,37.585,
2020-07-30,35.741,35.741,35.741,35.741,
2020-07-31,35.921,35.921,35.921,35.921,
2020-08-03,36.066,36.066,36.066,36.066,
2020-08-04,37.107,37.107,37.107,37.107,
2020-08-05,37.432,37.432,37.432,37.432,
2020-08-06,37.252,37.252,37.252,37.252,
2020-08-07,37.082,37.082,37.082,37.082,
2020-08-10,37.995,37.995,37.995,37.995,
2020-08-11,38.388,38.388,38.388,38.388,
2020-08-12,38.379,38.379,38.379,38.379,
2020-08-13,37.439,37.439,37.439,37.439,
2020-08-14,37.604,37.604,37.604,37.604,
2020-08-17,37.117,37.117,37.117,37.117,
2020-08-18,36.934,36.934,36.934,36.934,
2020-08-19,36.525,36.525,36.525,36.525,
2020-08-20,35.968,35.968,35.968,35.968,
2020-08-21,35.698,35.698,35.698,35.698,
2020-08-24,36.751,36.751,36.751,36.751,
2020-08-25,35.585,35.585,35.585,35.585,
2020-08-26,34.827,34.827,34.827,34.827,
2020-08-27,34.592,34.592,34.592,34.592,
2020-08-28,35.419,35.419,35.419,35.419,
2020-08-31,34.767,34.767,34.767,34.767,
2020-09-01,34.323,34.323,34.323,34.323,
2020-09-02,34.114,34.114,34.114,34.114,
2020-09-03,34.044,34.044,34.044,34.044,
2020-09-04,34.018,34.018,34.018,34.018,
2020-09-08,33.235,33.235,33.235,33.235,
2020-09-09,33.034,33.034,33.034,33.034,
2020-09-10,32.207,32.207,32.207,32.207,
2020-09-11,32.12,32.12,32.12,32.12,
2020-09-14,31.911,31.911,31.911,31.911,
2020-09-15,31.572,31.572,31.572,31.572,
2020-09-16,32.912,32.912,32.912,32.912,
2020-09-17,32.904,32.904,32.904,32.904,
2020-09-18,32.373,32.373,32.373,32.373,
2020-09-21,31.711,31.711,31.711,31.711,
2020-09-22,30.928,30.928,30.928,30.928,
2020-09-23,29.935,29.935,29.935,29.935,
2020-09-24,29.874,29.874,29.874,29.874,
2020-09-25,30.153,30.153,30.153,30.153,
2020-09-28,30.736,30.736,30.736,30.736,
2020-09-29,29.84,29.84,29.84,29.84,
2020-09-30,29.883,29.883,29.883,29.883,
2020-10-01,28.839,28.839,28.839,28.839,
2020-10-02,28.708,28.708,28.708,28.708,
2020-10-05,29.37,29.37,29.37,29.37,
2020-10-06,29.065,29.065,29.065,29.065,
2020-10-07,29.161,29.161,29.161,29.161,
2020-10-08,30.693,30.693,30.693,30.693,
2020-10-09,30.24,30.24,30.24,30.24,
2020-10-12,30.144,30.144,30.144,30.144,
2020-10-13,29.787,29.787,29.787,29.787,
2020-10-14,29.727,29.727,29.727,29.727,
2020-10-15,29.988,29.988,29.988,29.988,
2020-10-16,29.683,29.683,29.683,29.683,
2020-10-19,29.091,29.091,29.091,29.091,
2020-10-20,29.335,29.335,29.335,29.335,
2020-10-21,28.865,28.865,28.865,28.865,
2020-10-22,30.345,30.345,30.345,30.345,
2020-10-23,29.735,29.735,29.735,29.735,
2020-10-26,29.03,29.03,29.03,29.03,
2020-10-27,28.569,28.569,28.569,28.569,
2020-10-28,27.481,27.481,27.481,27.481,
2020-10-29,28.699,28.699,28.699,28.699,
2020-10-30,28.395,28.395,28.395,28.395,
2020-11-02,29.587,29.587,29.587,29.587,
2020-11-03,29.082,29.082,29.082,29.082,
2020-11-04,28.926,28.926,28.926,28.926,
2020-11-05,28.873,28.873,28.873,28.873,
2020-11-06,28.534,28.534,28.534,28.534,
2020-11-09,32.146,32.146,32.146,32.146,
2020-11-10,32.86,32.86,32.86,32.86,
2020-11-11,32.521,32.521,32.521,32.521,
2020-11-12,31.406,31.406,31.406,31.406,
2020-11-13,32.164,32.164,32.164,32.164,
2020-11-16,34.018,34.018,34.018,34.018,
2020-11-17,34.473,34.473,34.473,34.473,
2020-11-18,33.172,33.172,33.172,33.172,
2020-11-19,33.341,33.341,33.341,33.341,
2020-11-20,32.931,32.931,32.931,32.931,
2020-11-23,35.088,35.088,35.088,35.088,
2020-11-24,37.424,37.424,37.424,37.424,
2020-11-25,36.381,36.381,36.381,36.381,
2020-11-27,35.828,35.828,35.828,35.828,
2020-11-30,33.992,33.992,33.992,33.992,
2020-12-01,34.322,34.322,34.322,34.322,
2020-12-02,35.605,35.605,35.605,35.605,
2020-12-03,35.846,35.846,35.846,35.846,
2020-12-04,37.156,37.156,37.156,37.156,
2020-12-07,36.461,36.461,36.461,36.461,
2020-12-08,37.656,37.656,37.656,37.656,
2020-12-09,38.155,38.155,38.155,38.155,
2020-12-10,39.234,39.234,39.234,39.234,
2020-12-11,39.046,39.046,39.046,39.046,
2020-12-14,37.638,37.638,37.638,37.638,
2020-12-15,38.369,38.369,38.369,38.369,
2020-12-16,38.957,38.957,38.957,38.957,
2020-12-17,38.761,38.761,38.761,38.761,
2020-12-18,38.093,38.093,38.093,38.093,
2020-12-21,37.397,37.397,37.397,37.397,
2020-12-22,36.764,36.764,36.764,36.764,
2020-12-23,37.237,37.237,37.237,37.237,
2020-12-24,37.085,37.085,37.085,37.085,
2020-12-28,37.21,37.21,37.21,37.21,
2020-12-29,36.791,36.791,36.791,36.791,
2020-12-30,37.085,37.085,37.085,37.085,
2020-12-31,36.746,36.746,36.746,36.746,
2021-01-04,36.996,36.996,36.996,36.996,
2021-01-05,38.779,38.779,38.779,38.779,
2021-01-06,39.768,39.768,39.768,39.768,
2021-01-07,40.08,40.08,40.08,40.08,
2021-01-08,40.526,40.526,40.526,40.526,
2021-01-11,41.756,41.756,41.756,41.756,
2021-01-12,42.684,42.684,42.684,42.684,
2021-01-13,43.165,43.165,43.165,43.165,
2021-01-14,44.85,44.85,44.85,44.85,
2021-01-15,42.692,42.692,42.692,42.692,
2021-01-19,43.539,43.539,43.539,43.539,
2021-01-20,44.155,44.155,44.155,44.155,
2021-01-21,42.889,42.889,42.889,42.889,
2021-01-22,42.282,42.282,42.282,42.282,
2021-01-25,41.81,41.81,41.81,41.81,
2021-01-26,40.892,40.892,40.892,40.892,
2021-01-27,40.428,40.428,40.428,40.428,
2021-01-28,41.061,41.061,41.061,41.061,
2021-01-29,39.974,39.974,39.974,39.974,
2021-02-01,40.045,40.045,40.045,40.045,
2021-02-02,40.678,40.678,40.678,40.678,
2021-02-03,42.274,42.274,42.274,42.274,
2021-02-04,43.085,43.085,43.085,43.085,
2021-02-05,44.529,44.529,44.529,44.529,
2021-02-08,46.446,46.446,46.446,46.446,
2021-02-09,45.902,45.902,45.902,45.902,
2021-02-10,46.346,46.346,46.346,46.346,
2021-02-11,45.185,45.185,45.185,45.185,
2021-02-12,45.802,45.802,45.802,45.802,
2021-02-16,47.18,47.18,47.18,47.18,
2021-02-17,47.914,47.914,47.914,47.914,
2021-02-18,47.162,47.162,47.162,47.162,
2021-02-19,47.479,47.479,47.479,47.479,
2021-02-22,49.229,49.229,49.229,49.229,
2021-02-23,49.909,49.909,49.909,49.909,
2021-02-24,51.405,51.405,51.405,51.405,
2021-02-25,50.553,50.553,50.553,50.553,
2021-02-26,49.292,49.292,49.292,49.292,
2021-03-01,51.133,51.133,51.133,51.133,
2021-03-02,50.834,50.834,50.834,50.834,
2021-03-03,51.242,51.242,51.242,51.242,
2021-03-04,53.227,53.227,53.227,53.227,
2021-03-05,55.24,55.24,55.24,55.24,
2021-03-08,55.185,55.185,55.185,55.185,
2021-03-09,54.333,54.333,54.333,54.333,
2021-03-10,56.001,56.001,56.001,56.001,
2021-03-11,55.584,55.584,55.584,55.584,
2021-03-12,56.183,56.183,56.183,56.183,
2021-03-15,54.75,54.75,54.75,54.75,
2021-03-16,53.59,53.59,53.59,53.59,
2021-03-17,53.825,53.825,53.825,53.825,
2021-03-18,51.504,51.504,51.504,51.504,
2021-03-19,51.214,51.214,51.214,51.214,
2021-03-22,50.689,50.689,50.689,50.689,
2021-03-23,50.063,50.063,50.063,50.063,
2021-03-24,51.078,51.078,51.078,51.078,
2021-03-25,50.933,50.933,50.933,50.933,
2021-03-26,52.32,52.32,52.32,52.32,
2021-03-29,52.039,52.039,52.039,52.039,
2021-03-30,51.396,51.396,51.396,51.396,
2021-03-31,50.616,50.616,50.616,50.616,
2021-04-01,52.03,52.03,52.03,52.03,
2021-04-05,51.223,51.223,51.223,51.223,
2021-04-06,51.078,51.078,51.078,51.078,
2021-04-07,51.305,51.305,51.305,51.305,
2021-04-08,50.77,50.77,50.77,50.77,
2021-04-09,50.652,50.652,50.652,50.652,
2021-04-12,50.317,50.317,50.317,50.317,
2021-04-13,50.507,50.507,50.507,50.507,
2021-04-14,51.967,51.967,51.967,51.967,
2021-04-15,51.659,51.659,51.659,51.659,
2021-04-16,51.368,51.368,51.368,51.368,
2021-04-19,51.205,51.205,51.205,51.205,
2021-04-20,50.126,50.126,50.126,50.126,
2021-04-21,50.77,50.77,50.77,50.77,
2021-04-22,50.108,50.108,50.108,50.108,
2021-04-23,50.38,50.38,50.38,50.38,
2021-04-26,50.48,50.48,50.48,50.48,
2021-04-27,51.142,51.142,51.142,51.142,
2021-04-28,52.683,52.683,52.683,52.683,
2021-04-29,53.436,53.436,53.436,53.436,
2021-04-30,51.894,51.894,51.894,51.894,
2021-05-03,53.327,53.327,53.327,53.327,
2021-05-04,53.662,53.662,53.662,53.662,
2021-05-05,55.276,55.276,55.276,55.276,
2021-05-06,55.802,55.802,55.802,55.802,
2021-05-07,56.6,56.6,56.6,56.6,
2021-05-10,56.736,56.736,56.736,56.736,
2021-05-11,54.931,54.931,54.931,54.931,
2021-05-12,55.226,55.226,55.226,55.226,
2021-05-13,54.545,54.545,54.545,54.545,
2021-05-14,55.897,55.897,55.897,55.897,
2021-05-17,57.203,57.203,57.203,57.203,
2021-05-18,55.585,55.585,55.585,55.585,
2021-05-19,54.251,54.251,54.251,54.251,
2021-05-20,54.122,54.122,54.122,54.122,
2021-05-21,54.196,54.196,54.196,54.196,
2021-05-24,54.83,54.83,54.83,54.83,
2021-05-25,53.589,53.589,53.589,53.589,
2021-05-26,54.214,54.214,54.214,54.214,
2021-05-27,53.864,53.864,53.864,53.864,
2021-05-28,53.69,53.69,53.69,53.69,
2021-06-01,55.612,55.612,55.612,55.612,
2021-06-02,56.054,56.054,56.054,56.054,
2021-06-03,56.274,56.274,56.274,56.274,
2021-06-04,56.523,56.523,56.523,56.523,
2021-06-07,56.155,56.155,56.155,56.155,
2021-06-08,57.148,57.148,57.148,57.148,
2021-06-09,57.627,57.627,57.627,57.627,
2021-06-10,57.718,57.718,57.718,57.718,
2021-06-11,57.185,57.185,57.185,57.185,
2021-06-14,57.093,57.093,57.093,57.093,
2021-06-15,59.172,59.172,59.172,59.172,
2021-06-16,58.96,58.96,58.96,58.96,
2021-06-17,57.019,57.019,57.019,57.019,
2021-06-18,55.557,55.557,55.557,55.557,
2021-06-21,57.571,57.571,57.571,57.571,
2021-06-22,58.675,58.675,58.675,58.675,
2021-06-23,59.107,59.107,59.107,59.107,
2021-06-24,59.347,59.347,59.347,59.347,
2021-06-25,59.475,59.475,59.475,59.475,
2021-06-28,57.958,57.958,57.958,57.958,
2021-06-29,57.599,57.599,57.599,57.599,
2021-06-30,58.022,58.022,58.022,58.022,
2021-07-01,58.188,58.188,58.188,58.188,
2021-07-02,58.105,58.105,58.105,58.105,
2021-07-06,56.449,56.449,56.449,56.449,
2021-07-07,55.566,55.566,55.566,55.566,
2021-07-08,55.318,55.318,55.318,55.318,
2021-07-09,56.32,56.32,56.32,56.32,
2021-07-12,56.265,56.265,56.265,56.265,
2021-07-13,55.998,55.998,55.998,55.998,
2021-07-14,54.757,54.757,54.757,54.757,
2021-07-15,54.223,54.223,54.223,54.223,
2021-07-16,52.724,52.724,52.724,52.724,
2021-07-19,50.912,50.912,50.912,50.912,
2021-07-20,51.473,51.473,51.473,51.473,
2021-07-21,53.129,53.129,53.129,53.129,
2021-07-22,52.531,52.531,52.531,52.531,
2021-07-23,52.466,52.466,52.466,52.466,
2021-07-26,53.791,53.791,53.791,53.791,
2021-07-27,53.193,53.193,53.193,53.193,
2021-07-28,53.552,53.552,53.552,53.552,
2021-07-29,54.205,54.205,54.205,54.205,
2021-07-30,52.954,52.954,52.954,52.954,
2021-08-02,52.963,52.963,52.963,52.963,
2021-08-03,53.533,53.533,53.533,53.533,
2021-08-04,52.282,52.282,52.282,52.282,
2021-08-05,52.614,52.614,52.614,52.614,
2021-08-06,53.221,53.221,53.221,53.221,
2021-08-09,52.614,52.614,52.614,52.614,
2021-08-10,53.515,53.515,53.515,53.515,
2021-08-11,53.671,53.671,53.671,53.671,
2021-08-12,53.55,53.55,53.55,53.55,
2021-08-13,53.008,53.008,53.008,53.008,
2021-08-16,52.233,52.233,52.233,52.233,
2021-08-17,51.879,51.879,51.879,51.879,
2021-08-18,50.786,50.786,50.786,50.786,
2021-08-19,49.236,49.236,49.236,49.236,
2021-08-20,49.245,49.245,49.245,49.245,
2021-08-23,51.272,51.272,51.272,51.272,
2021-08-24,51.692,51.692,51.692,51.692,
2021-08-25,51.785,51.785,51.785,51.785,
2021-08-26,51.085,51.085,51.085,51.085,
2021-08-27,52.075,52.075,52.075,52.075,
2021-08-30,51.505,51.505,51.505,51.505,
2021-08-31,50.907,50.907,50.907,50.907,
2021-09-01,50.207,50.207,50.207,50.207,
2021-09-02,51.43,51.43,51.43,51.43,
2021-09-03,51.234,51.234,51.234,51.234,
2021-09-07,50.935,50.935,50.935,50.935,
2021-09-08,50.469,50.469,50.469,50.469,
2021-09-09,50.506,50.506,50.506,50.506,
2021-09-10,50.403,50.403,50.403,50.403,
2021-09-13,51.701,51.701,51.701,51.701,
2021-09-14,50.963,50.963,50.963,50.963,
2021-09-15,52.682,52.682,52.682,52.682,
2021-09-16,52.121,52.121,52.121,52.121,
2021-09-17,51.505,51.505,51.505,51.505,
2021-09-20,50.132,50.132,50.132,50.132,
2021-09-21,50.086,50.086,50.086,50.086,
2021-09-22,51.552,51.552,51.552,51.552,
2021-09-23,53.298,53.298,53.298,53.298,
2021-09-24,53.774,53.774,53.774,53.774,
2021-09-27,55.371,55.371,55.371,55.371,
2021-09-28,55.95,55.95,55.95,55.95,
2021-09-29,55.912,55.912,55.912,55.912,
2021-09-30,54.923,54.923,54.923,54.923,
2021-10-01,56.893,56.893,56.893,56.893,
2021-10-04,57.63,57.63,57.63,57.63,
2021-10-05,57.537,57.537,57.537,57.537,
2021-10-06,56.482,56.482,56.482,56.482,
2021-10-07,56.641,56.641,56.641,56.641,
2021-10-08,58.06,58.06,58.06,58.06,
2021-10-11,57.481,57.481,57.481,57.481,
2021-10-12,57.182,57.182,57.182,57.182,
2021-10-13,57.023,57.023,57.023,57.023,
2021-10-14,57.892,57.892,57.892,57.892,
2021-10-15,58.443,58.443,58.443,58.443,
2021-10-18,58.415,58.415,58.415,58.415,
2021-10-19,59.292,59.292,59.292,59.292,
2021-10-20,59.619,59.619,59.619,59.619,
2021-10-21,58.536,58.536,58.536,58.536,
2021-10-22,58.938,58.938,58.938,58.938,
2021-10-25,60.086,60.086,60.086,60.086,
2021-10-26,61.477,61.477,61.477,61.477,
2021-10-27,59.881,59.881,59.881,59.881,
2021-10-28,60.049,60.049,60.049,60.049,
2021-10-29,60.198,60.198,60.198,60.198,
2021-11-01,61.281,61.281,61.281,61.281,
2021-11-02,60.525,60.525,60.525,60.525,
2021-11-03,59.694,59.694,59.694,59.694,
2021-11-04,60.142,60.142,60.142,60.142,
2021-11-05,60.712,60.712,60.712,60.712,
2021-11-08,61.365,61.365,61.365,61.365,
2021-11-09,61.963,61.963,61.963,61.963,
2021-11-10,60.742,60.742,60.742,60.742,
2021-11-11,60.856,60.856,60.856,60.856,
2021-11-12,60.392,60.392,60.392,60.392,
2021-11-15,60.913,60.913,60.913,60.913,
2021-11-16,61.528,61.528,61.528,61.528,
2021-11-17,60.856,60.856,60.856,60.856,
2021-11-18,60.193,60.193,60.193,60.193,
2021-11-19,57.411,57.411,57.411,57.411,
2021-11-22,58.206,58.206,58.206,58.206,
2021-11-23,59.739,59.739,59.739,59.739,
2021-11-24,60.07,60.07,60.07,60.07,
2021-11-26,57.96,57.96,57.96,57.96,
2021-11-29,58.282,58.282,58.282,58.282,
2021-11-30,56.626,56.626,56.626,56.626,
2021-12-01,56.579,56.579,56.579,56.579,
2021-12-02,57.989,57.989,57.989,57.989,
2021-12-03,57.619,57.619,57.619,57.619,
2021-12-06,58.272,58.272,58.272,58.272,
2021-12-07,58.925,58.925,58.925,58.925,
2021-12-08,59.096,59.096,59.096,59.096,
2021-12-09,59.247,59.247,59.247,59.247,
2021-12-10,59.626,59.626,59.626,59.626,
2021-12-13,58.32,58.32,58.32,58.32,
2021-12-14,58.235,58.235,58.235,58.235,
2021-12-15,57.979,57.979,57.979,57.979,
2021-12-16,58.074,58.074,58.074,58.074,
2021-12-17,56.806,56.806,56.806,56.806,
2021-12-20,55.982,55.982,55.982,55.982,
2021-12-21,57.25,57.25,57.25,57.25,
2021-12-22,57.714,57.714,57.714,57.714,
2021-12-23,57.742,57.742,57.742,57.742,
2021-12-27,58.566,58.566,58.566,58.566,
2021-12-28,58.376,58.376,58.376,58.376,
2021-12-29,57.865,57.865,57.865,57.865,
2021-12-30,57.525,57.525,57.525,57.525,
2021-12-31,57.903,57.903,57.903,57.903,
2022-01-03,60.127,60.127,60.127,60.127,
2022-01-04,62.389,62.389,62.389,62.389,
2022-01-05,63.165,63.165,63.165,63.165,
2022-01-06,64.65,64.65,64.65,64.65,
2022-01-07,65.18,65.18,65.18,65.18,
2022-01-10,64.792,64.792,64.792,64.792,
2022-01-11,67.518,67.518,67.518,67.518,
2022-01-12,67.319,67.319,67.319,67.319,
2022-01-13,66.836,66.836,66.836,66.836,
2022-01-14,68.01,68.01,68.01,68.01,
2022-01-18,69.155,69.155,69.155,69.155,
2022-01-19,69.183,69.183,69.183,69.183,
2022-01-20,69.334,69.334,69.334,69.334,
2022-01-21,68.294,68.294,68.294,68.294,
2022-01-24,68.88,68.88,68.88,68.88,
2022-01-25,70.905,70.905,70.905,70.905,
2022-01-26,70.186,70.186,70.186,70.186,
2022-01-27,71.085,71.085,71.085,71.085,
2022-01-28,71.237,71.237,71.237,71.237,
2022-01-31,71.88,71.88,71.88,71.88,
2022-02-01,76.488,76.488,76.488,76.488,
2022-02-02,76.29,76.29,76.29,76.29,
2022-02-03,75.4,75.4,75.4,75.4,
2022-02-04,77.037,77.037,77.037,77.037,
2022-02-07,77.965,77.965,77.965,77.965,
2022-02-08,75.949,75.949,75.949,75.949,
2022-02-09,75.585,75.585,75.585,75.585,
2022-02-10,74.858,74.858,74.858,74.858,
2022-02-11,76.743,76.743,76.743,76.743,
2022-02-14,75.566,75.566,75.566,75.566,
2022-02-15,74.619,74.619,74.619,74.619,
2022-02-16,74.964,74.964,74.964,74.964,
2022-02-17,74.849,74.849,74.849,74.849,
2022-02-18,74.016,74.016,74.016,74.016,
2022-02-22,73.155,73.155,73.155,73.155,
2022-02-23,73.452,73.452,73.452,73.452,
2022-02-24,72.524,72.524,72.524,72.524,
2022-02-25,74.476,74.476,74.476,74.476,
2022-02-28,75.031,75.031,75.031,75.031,
2022-03-01,75.748,75.748,75.748,75.748,
2022-03-02,77.049,77.049,77.049,77.049,
2022-03-03,77.537,77.537,77.537,77.537,
2022-03-04,80.455,80.455,80.455,80.455,
2022-03-07,83.354,83.354,83.354,83.354,
2022-03-08,83.986,83.986,83.986,83.986,
2022-03-09,79.212,79.212,79.212,79.212,
2022-03-10,81.671,81.671,81.671,81.671,
2022-03-11,81.25,81.25,81.25,81.25,
2022-03-14,78.341,78.341,78.341,78.341,
2022-03-15,73.882,73.882,73.882,73.882,
2022-03-16,73.605,73.605,73.605,73.605,
2022-03-17,75.566,75.566,75.566,75.566,
2022-03-18,75.27,75.27,75.27,75.27,
2022-03-21,78.647,78.647,78.647,78.647,
2022-03-22,78.303,78.303,78.303,78.303,
2022-03-23,79.537,79.537,79.537,79.537,
2022-03-24,79.776,79.776,79.776,79.776,
2022-03-25,81.517,81.517,81.517,81.517,
2022-03-28,79.231,79.231,79.231,79.231,
2022-03-29,78.81,78.81,78.81,78.81,
2022-03-30,80.159,80.159,80.159,80.159,
2022-03-31,79.02,79.02,79.02,79.02,
2022-04-01,79.527,79.527,79.527,79.527,
2022-04-04,79.566,79.566,79.566,79.566,
2022-04-05,79.154,79.154,79.154,79.154,
2022-04-06,80.034,80.034,80.034,80.034,
2022-04-07,81.374,81.374,81.374,81.374,
2022-04-08,83.087,83.087,83.087,83.087,
2022-04-11,80.226,80.226,80.226,80.226,
2022-04-12,81.9,81.9,81.9,81.9,
2022-04-13,83.058,83.058,83.058,83.058,
2022-04-14,84.034,84.034,84.034,84.034,
2022-04-18,84.723,84.723,84.723,84.723,
2022-04-19,83.967,83.967,83.967,83.967,
2022-04-20,84.158,84.158,84.158,84.158,
2022-04-21,83.268,83.268,83.268,83.268,
2022-04-22,81.451,81.451,81.451,81.451,
2022-04-25,78.705,78.705,78.705,78.705,
2022-04-26,78.733,78.733,78.733,78.733,
2022-04-27,80.982,80.982,80.982,80.982,
2022-04-28,83.431,83.431,83.431,83.431,
2022-04-29,81.565,81.565,81.565,81.565,
2022-05-02,82.675,82.675,82.675,82.675,
2022-05-03,84.378,84.378,84.378,84.378,
2022-05-04,87.737,87.737,87.737,87.737,
2022-05-05,86.407,86.407,86.407,86.407,
2022-05-06,87.727,87.727,87.727,87.727,
2022-05-09,80.809,80.809,80.809,80.809,
2022-05-10,81.345,81.345,81.345,81.345,
2022-05-11,83.039,83.039,83.039,83.039,
2022-05-12,83.416,83.416,83.416,83.416,
2022-05-13,85.89,85.89,85.89,85.89,
2022-05-16,87.91,87.91,87.91,87.91,
2022-05-17,89.032,89.032,89.032,89.032,
2022-05-18,87.62,87.62,87.62,87.62,
2022-05-19,88.094,88.094,88.094,88.094,
2022-05-20,88.79,88.79,88.79,88.79,
2022-05-23,90.752,90.752,90.752,90.752,
2022-05-24,91.245,91.245,91.245,91.245,
2022-05-25,93.082,93.082,93.082,93.082,
2022-05-26,93.41,93.41,93.41,93.41,
2022-05-27,94.328,94.328,94.328,94.328,
2022-05-31,92.792,92.792,92.792,92.792,
2022-06-01,94.57,94.57,94.57,94.57,
2022-06-02,94.406,94.406,94.406,94.406,
2022-06-03,95.778,95.778,95.778,95.778,
2022-06-06,95.537,95.537,95.537,95.537,
2022-06-07,99.915,99.915,99.915,99.915,
2022-06-08,101.094,101.094,101.094,101.094,
2022-06-09,98.91,98.91,98.91,98.91,
2022-06-10,97.102,97.102,97.102,97.102,
2022-06-13,92.647,92.647,92.647,92.647,
2022-06-14,92.888,92.888,92.888,92.888,
2022-06-15,91.719,91.719,91.719,91.719,
2022-06-16,88.336,88.336,88.336,88.336,
2022-06-17,83.242,83.242,83.242,83.242,
2022-06-21,88.423,88.423,88.423,88.423,
2022-06-22,84.924,84.924,84.924,84.924,
2022-06-23,82.362,82.362,82.362,82.362,
2022-06-24,83.996,83.996,83.996,83.996,
2022-06-27,86.054,86.054,86.054,86.054,
2022-06-28,88.442,88.442,88.442,88.442,
2022-06-29,85.175,85.175,85.175,85.175,
2022-06-30,82.778,82.778,82.778,82.778,
2022-07-01,84.624,84.624,84.624,84.624,
2022-07-05,81.976,81.976,81.976,81.976,
2022-07-06,80.497,80.497,80.497,80.497,
2022-07-07,83.068,83.068,83.068,83.068,
2022-07-08,83.203,83.203,83.203,83.203,
2022-07-11,82.778,82.778,82.778,82.778,
2022-07-12,81.676,81.676,81.676,81.676,
2022-07-13,82.005,82.005,82.005,82.005,
2022-07-14,80.361,80.361,80.361,80.361,
2022-07-15,81.715,81.715,81.715,81.715,
2022-07-18,83.222,83.222,83.222,83.222,
2022-07-19,85.32,85.32,85.32,85.32,
2022-07-20,86.257,86.257,86.257,86.257,
2022-07-21,84.817,84.817,84.817,84.817,
2022-07-22,84.17,84.17,84.17,84.17,
2022-07-25,86.973,86.973,86.973,86.973,
2022-07-26,86.634,86.634,86.634,86.634,
2022-07-27,88.51,88.51,88.51,88.51,
2022-07-28,89.544,89.544,89.544,89.544,
2022-07-29,93.69,93.69,93.69,93.69,
2022-08-01,91.322,91.322,91.322,91.322,
2022-08-02,90.926,90.926,90.926,90.926,
2022-08-03,87.978,87.978,87.978,87.978,
2022-08-04,84.276,84.276,84.276,84.276,
2022-08-05,85.494,85.494,85.494,85.494,
2022-08-08,85.977,85.977,85.977,85.977,
2022-08-09,87.562,87.562,87.562,87.562,
2022-08-10,88.394,88.394,88.394,88.394,
2022-08-11,90.951,90.951,90.951,90.951,
2022-08-12,91.741,91.741,91.741,91.741,
2022-08-15,90.102,90.102,90.102,90.102,
2022-08-16,89.262,89.262,89.262,89.262,
2022-08-17,89.984,89.984,89.984,89.984,
2022-08-18,92.112,92.112,92.112,92.112,
2022-08-19,91.819,91.819,91.819,91.819,
2022-08-22,91.751,91.751,91.751,91.751,
2022-08-23,95.645,95.645,95.645,95.645,
2022-08-24,96.211,96.211,96.211,96.211,
2022-08-25,96.709,96.709,96.709,96.709,
2022-08-26,95.518,95.518,95.518,95.518,
2022-08-29,97.714,97.714,97.714,97.714,
2022-08-30,93.996,93.996,93.996,93.996,
2022-08-31,93.293,93.293,93.293,93.293,
2022-09-01,91.614,91.614,91.614,91.614,
2022-09-02,93.293,93.293,93.293,93.293,
2022-09-06,92.668,92.668,92.668,92.668,
2022-09-07,91.878,91.878,91.878,91.878,
2022-09-08,92.629,92.629,92.629,92.629,
2022-09-09,94.181,94.181,94.181,94.181,
2022-09-12,95.264,95.264,95.264,95.264,
2022-09-13,93.039,93.039,93.039,93.039,
2022-09-14,95.323,95.323,95.323,95.323,
2022-09-15,92.551,92.551,92.551,92.551,
2022-09-16,90.97,90.97,90.97,90.97,
2022-09-19,90.96,90.96,90.96,90.96,
2022-09-20,90.219,90.219,90.219,90.219,
2022-09-21,88.764,88.764,88.764,88.764,
2022-09-22,88.394,88.394,88.394,88.394,
2022-09-23,83.689,83.689,83.689,83.689,
2022-09-26,81.962,81.962,81.962,81.962,
2022-09-27,83.68,83.68,83.68,83.68,
2022-09-28,86.725,86.725,86.725,86.725,
2022-09-29,86.549,86.549,86.549,86.549,
2022-09-30,85.212,85.212,85.212,85.212,
2022-10-03,89.711,89.711,89.711,89.711,
2022-10-04,92.981,92.981,92.981,92.981,
2022-10-05,96.738,96.738,96.738,96.738,
2022-10-06,99.607,99.607,99.607,99.607,
2022-10-07,98.602,98.602,98.602,98.602,
2022-10-10,96.465,96.465,96.465,96.465,
2022-10-11,95.645,95.645,95.645,95.645,
2022-10-12,96.065,96.065,96.065,96.065,
2022-10-13,99.422,99.422,99.422,99.422,
2022-10-14,96.806,96.806,96.806,96.806,
2022-10-17,98.202,98.202,98.202,98.202,
2022-10-18,98.378,98.378,98.378,98.378,
2022-10-19,101.296,101.296,101.296,101.296,
2022-10-20,101.433,101.433,101.433,101.433,
2022-10-21,103.316,103.316,103.316,103.316,
2022-10-24,104.038,104.038,104.038,104.038,
2022-10-25,103.336,103.336,103.336,103.336,
2022-10-26,104.565,104.565,104.565,104.565,
2022-10-27,104.966,104.966,104.966,104.966,
2022-10-28,108.04,108.04,108.04,108.04,
2022-10-31,108.147,108.147,108.147,108.147,
2022-11-01,109.221,109.221,109.221,109.221,
2022-11-02,106.976,106.976,106.976,106.976,
2022-11-03,108.43,108.43,108.43,108.43,
2022-11-04,109.611,109.611,109.611,109.611,
2022-11-07,110.909,110.909,110.909,110.909,
2022-11-08,111.261,111.261,111.261,111.261,
2022-11-09,106.283,106.283,106.283,106.283,
2022-11-10,107.845,107.845,107.845,107.845,
2022-11-11,111.212,111.212,111.212,111.212,
2022-11-14,111.536,111.536,111.536,111.536,
2022-11-15,112.284,112.284,112.284,112.284,
2022-11-16,111.084,111.084,111.084,111.084,
2022-11-17,111.231,111.231,111.231,111.231,
2022-11-18,110.267,110.267,110.267,110.267,
2022-11-21,109.175,109.175,109.175,109.175,
2022-11-22,112.333,112.333,112.333,112.333,
2022-11-23,111.773,111.773,111.773,111.773,
2022-11-25,111.379,111.379,111.379,111.379,
2022-11-28,108.034,108.034,108.034,108.034,
2022-11-29,108.752,108.752,108.752,108.752,
2022-11-30,109.539,109.539,109.539,109.539,
2022-12-01,109.008,109.008,109.008,109.008,
2022-12-02,108.083,108.083,108.083,108.083,
2022-12-05,105.122,105.122,105.122,105.122,
2022-12-06,102.2,102.2,102.2,102.2,
2022-12-07,101.974,101.974,101.974,101.974,
2022-12-08,102.731,102.731,102.731,102.731,
2022-12-09,101.865,101.865,101.865,101.865,
2022-12-12,104.374,104.374,104.374,104.374,
2022-12-13,105.515,105.515,105.515,105.515,
2022-12-14,104.738,104.738,104.738,104.738,
2022-12-15,103.735,103.735,103.735,103.735,
2022-12-16,103.007,103.007,103.007,103.007,
2022-12-19,103.469,103.469,103.469,103.469,
2022-12-20,104.964,104.964,104.964,104.964,
2022-12-21,106.312,106.312,106.312,106.312,
2022-12-22,104.168,104.168,104.168,104.168,
2022-12-23,106.922,106.922,106.922,106.922,
2022-12-27,108.408,108.408,108.408,108.408,
2022-12-28,106.627,106.627,106.627,106.627,
